{
  "type": "FeatureCollection",
  "features": [
    {
      "type": "Feature",
      "id": "CONF_0001",
      "properties": {
        "confluence_id": "CONF_0001",
        "connected_reaches": 2,
        "elevation_m": 100.0
      },
      "geometry": {
        "type": "Point",
        "coordinates": [
          99.0474,
          18.6438
        ]
      }
    },
    {
      "type": "Feature",
      "id": "CONF_0002",
      "properties": {
        "confluence_id": "CONF_0002",
        "connected_reaches": 3,
        "elevation_m": 100.0
      },
      "geometry": {
        "type": "Point",
        "coordinates": [
          98.9793,
          18.7002
        ]
      }
    },
    {
      "type": "Feature",
      "id": "CONF_0003",
      "properties": {
        "confluence_id": "CONF_0003",
        "connected_reaches": 2,
        "elevation_m": 100.0
      },
      "geometry": {
        "type": "Point",
        "coordinates": [
          99.1555,
          18.8848
        ]
      }
    },
    {
      "type": "Feature",
      "id": "CONF_0004",
      "properties": {
        "confluence_id": "CONF_0004",
        "connected_reaches": 2,
        "elevation_m": 100.0
      },
      "geometry": {
        "type": "Point",
        "coordinates": [
          98.7176,
          18.4224
        ]
      }
    },
    {
      "type": "Feature",
      "id": "CONF_0005",
      "properties": {
        "confluence_id": "CONF_0005",
        "connected_reaches": 2,
        "elevation_m": 100.0
      },
      "geometry": {
        "type": "Point",
        "coordinates": [
          99.1824,
          19.315
        ]
      }
    },
    {
      "type": "Feature",
      "id": "CONF_0006",
      "properties": {
        "confluence_id": "CONF_0006",
        "connected_reaches": 2,
        "elevation_m": 100.0
      },
      "geometry": {
        "type": "Point",
        "coordinates": [
          99.0304,
          19.1737
        ]
      }
    },
    {
      "type": "Feature",
      "id": "CONF_0007",
      "properties": {
        "confluence_id": "CONF_0007",
        "connected_reaches": 2,
        "elevation_m": 100.0
      },
      "geometry": {
        "type": "Point",
        "coordinates": [
          99.0589,
          18.7464
        ]
      }
    },
    {
      "type": "Feature",
      "id": "CONF_0008",
      "properties": {
        "confluence_id": "CONF_0008",
        "connected_reaches": 3,
        "elevation_m": 100.0
      },
      "geometry": {
        "type": "Point",
        "coordinates": [
          99.0715,
          18.7327
        ]
      }
    },
    {
      "type": "Feature",
      "id": "CONF_0009",
      "properties": {
        "confluence_id": "CONF_0009",
        "connected_reaches": 2,
        "elevation_m": 100.0
      },
      "geometry": {
        "type": "Point",
        "coordinates": [
          99.2993,
          18.8976
        ]
      }
    },
    {
      "type": "Feature",
      "id": "CONF_0010",
      "properties": {
        "confluence_id": "CONF_0010",
        "connected_reaches": 4,
        "elevation_m": 100.0
      },
      "geometry": {
        "type": "Point",
        "coordinates": [
          98.9721,
          17.2424
        ]
      }
    },
    {
      "type": "Feature",
      "id": "CONF_0011",
      "properties": {
        "confluence_id": "CONF_0011",
        "connected_reaches": 2,
        "elevation_m": 100.0
      },
      "geometry": {
        "type": "Point",
        "coordinates": [
          99.8539,
          17.1697
        ]
      }
    },
    {
      "type": "Feature",
      "id": "CONF_0012",
      "properties": {
        "confluence_id": "CONF_0012",
        "connected_reaches": 2,
        "elevation_m": 100.0
      },
      "geometry": {
        "type": "Point",
        "coordinates": [
          98.973,
          17.2421
        ]
      }
    },
    {
      "type": "Feature",
      "id": "CONF_0013",
      "properties": {
        "confluence_id": "CONF_0013",
        "connected_reaches": 2,
        "elevation_m": 100.0
      },
      "geometry": {
        "type": "Point",
        "coordinates": [
          99.0352,
          19.1618
        ]
      }
    },
    {
      "type": "Feature",
      "id": "CONF_0014",
      "properties": {
        "confluence_id": "CONF_0014",
        "connected_reaches": 2,
        "elevation_m": 100.0
      },
      "geometry": {
        "type": "Point",
        "coordinates": [
          100.2333,
          18.4992
        ]
      }
    },
    {
      "type": "Feature",
      "id": "CONF_0015",
      "properties": {
        "confluence_id": "CONF_0015",
        "connected_reaches": 2,
        "elevation_m": 100.0
      },
      "geometry": {
        "type": "Point",
        "coordinates": [
          98.9795,
          18.7648
        ]
      }
    },
    {
      "type": "Feature",
      "id": "CONF_0016",
      "properties": {
        "confluence_id": "CONF_0016",
        "connected_reaches": 2,
        "elevation_m": 100.0
      },
      "geometry": {
        "type": "Point",
        "coordinates": [
          100.2357,
          17.6365
        ]
      }
    },
    {
      "type": "Feature",
      "id": "CONF_0017",
      "properties": {
        "confluence_id": "CONF_0017",
        "connected_reaches": 2,
        "elevation_m": 100.0
      },
      "geometry": {
        "type": "Point",
        "coordinates": [
          100.1019,
          17.539
        ]
      }
    },
    {
      "type": "Feature",
      "id": "CONF_0018",
      "properties": {
        "confluence_id": "CONF_0018",
        "connected_reaches": 2,
        "elevation_m": 100.0
      },
      "geometry": {
        "type": "Point",
        "coordinates": [
          100.0866,
          17.2597
        ]
      }
    },
    {
      "type": "Feature",
      "id": "CONF_0019",
      "properties": {
        "confluence_id": "CONF_0019",
        "connected_reaches": 2,
        "elevation_m": 100.0
      },
      "geometry": {
        "type": "Point",
        "coordinates": [
          98.7022,
          17.5297
        ]
      }
    },
    {
      "type": "Feature",
      "id": "CONF_0020",
      "properties": {
        "confluence_id": "CONF_0020",
        "connected_reaches": 9,
        "elevation_m": 100.0
      },
      "geometry": {
        "type": "Point",
        "coordinates": [
          98.9715,
          17.2427
        ]
      }
    },
    {
      "type": "Feature",
      "id": "CONF_0021",
      "properties": {
        "confluence_id": "CONF_0021",
        "connected_reaches": 2,
        "elevation_m": 100.0
      },
      "geometry": {
        "type": "Point",
        "coordinates": [
          98.9715,
          18.6734
        ]
      }
    },
    {
      "type": "Feature",
      "id": "CONF_0022",
      "properties": {
        "confluence_id": "CONF_0022",
        "connected_reaches": 2,
        "elevation_m": 100.0
      },
      "geometry": {
        "type": "Point",
        "coordinates": [
          98.8721,
          18.5167
        ]
      }
    },
    {
      "type": "Feature",
      "id": "CONF_0023",
      "properties": {
        "confluence_id": "CONF_0023",
        "connected_reaches": 2,
        "elevation_m": 100.0
      },
      "geometry": {
        "type": "Point",
        "coordinates": [
          98.9673,
          18.9963
        ]
      }
    },
    {
      "type": "Feature",
      "id": "CONF_0024",
      "properties": {
        "confluence_id": "CONF_0024",
        "connected_reaches": 2,
        "elevation_m": 100.0
      },
      "geometry": {
        "type": "Point",
        "coordinates": [
          100.1944,
          19.7869
        ]
      }
    },
    {
      "type": "Feature",
      "id": "CONF_0025",
      "properties": {
        "confluence_id": "CONF_0025",
        "connected_reaches": 2,
        "elevation_m": 100.0
      },
      "geometry": {
        "type": "Point",
        "coordinates": [
          100.1994,
          19.7219
        ]
      }
    },
    {
      "type": "Feature",
      "id": "CONF_0026",
      "properties": {
        "confluence_id": "CONF_0026",
        "connected_reaches": 2,
        "elevation_m": 100.0
      },
      "geometry": {
        "type": "Point",
        "coordinates": [
          100.1859,
          19.6164
        ]
      }
    },
    {
      "type": "Feature",
      "id": "CONF_0027",
      "properties": {
        "confluence_id": "CONF_0027",
        "connected_reaches": 2,
        "elevation_m": 100.0
      },
      "geometry": {
        "type": "Point",
        "coordinates": [
          100.1539,
          19.5461
        ]
      }
    },
    {
      "type": "Feature",
      "id": "CONF_0028",
      "properties": {
        "confluence_id": "CONF_0028",
        "connected_reaches": 2,
        "elevation_m": 100.0
      },
      "geometry": {
        "type": "Point",
        "coordinates": [
          100.1841,
          19.6138
        ]
      }
    },
    {
      "type": "Feature",
      "id": "CONF_0029",
      "properties": {
        "confluence_id": "CONF_0029",
        "connected_reaches": 2,
        "elevation_m": 100.0
      },
      "geometry": {
        "type": "Point",
        "coordinates": [
          100.1199,
          19.469
        ]
      }
    },
    {
      "type": "Feature",
      "id": "CONF_0030",
      "properties": {
        "confluence_id": "CONF_0030",
        "connected_reaches": 2,
        "elevation_m": 100.0
      },
      "geometry": {
        "type": "Point",
        "coordinates": [
          100.0851,
          19.4428
        ]
      }
    },
    {
      "type": "Feature",
      "id": "CONF_0031",
      "properties": {
        "confluence_id": "CONF_0031",
        "connected_reaches": 2,
        "elevation_m": 100.0
      },
      "geometry": {
        "type": "Point",
        "coordinates": [
          100.0092,
          19.4379
        ]
      }
    },
    {
      "type": "Feature",
      "id": "CONF_0032",
      "properties": {
        "confluence_id": "CONF_0032",
        "connected_reaches": 3,
        "elevation_m": 100.0
      },
      "geometry": {
        "type": "Point",
        "coordinates": [
          99.082,
          18.743
        ]
      }
    },
    {
      "type": "Feature",
      "id": "CONF_0033",
      "properties": {
        "confluence_id": "CONF_0033",
        "connected_reaches": 2,
        "elevation_m": 100.0
      },
      "geometry": {
        "type": "Point",
        "coordinates": [
          99.0891,
          18.7568
        ]
      }
    },
    {
      "type": "Feature",
      "id": "CONF_0034",
      "properties": {
        "confluence_id": "CONF_0034",
        "connected_reaches": 3,
        "elevation_m": 100.0
      },
      "geometry": {
        "type": "Point",
        "coordinates": [
          98.8604,
          18.5496
        ]
      }
    },
    {
      "type": "Feature",
      "id": "CONF_0035",
      "properties": {
        "confluence_id": "CONF_0035",
        "connected_reaches": 2,
        "elevation_m": 100.0
      },
      "geometry": {
        "type": "Point",
        "coordinates": [
          99.201,
          18.7101
        ]
      }
    },
    {
      "type": "Feature",
      "id": "CONF_0036",
      "properties": {
        "confluence_id": "CONF_0036",
        "connected_reaches": 2,
        "elevation_m": 100.0
      },
      "geometry": {
        "type": "Point",
        "coordinates": [
          99.0026,
          18.8973
        ]
      }
    },
    {
      "type": "Feature",
      "id": "CONF_0037",
      "properties": {
        "confluence_id": "CONF_0037",
        "connected_reaches": 2,
        "elevation_m": 100.0
      },
      "geometry": {
        "type": "Point",
        "coordinates": [
          99.3248,
          18.7603
        ]
      }
    },
    {
      "type": "Feature",
      "id": "CONF_0038",
      "properties": {
        "confluence_id": "CONF_0038",
        "connected_reaches": 2,
        "elevation_m": 100.0
      },
      "geometry": {
        "type": "Point",
        "coordinates": [
          99.301,
          18.7385
        ]
      }
    },
    {
      "type": "Feature",
      "id": "CONF_0039",
      "properties": {
        "confluence_id": "CONF_0039",
        "connected_reaches": 2,
        "elevation_m": 100.0
      },
      "geometry": {
        "type": "Point",
        "coordinates": [
          99.1036,
          18.7365
        ]
      }
    },
    {
      "type": "Feature",
      "id": "CONF_0040",
      "properties": {
        "confluence_id": "CONF_0040",
        "connected_reaches": 2,
        "elevation_m": 100.0
      },
      "geometry": {
        "type": "Point",
        "coordinates": [
          99.0384,
          18.6536
        ]
      }
    },
    {
      "type": "Feature",
      "id": "CONF_0041",
      "properties": {
        "confluence_id": "CONF_0041",
        "connected_reaches": 2,
        "elevation_m": 100.0
      },
      "geometry": {
        "type": "Point",
        "coordinates": [
          99.0424,
          18.6488
        ]
      }
    },
    {
      "type": "Feature",
      "id": "CONF_0042",
      "properties": {
        "confluence_id": "CONF_0042",
        "connected_reaches": 2,
        "elevation_m": 100.0
      },
      "geometry": {
        "type": "Point",
        "coordinates": [
          99.0531,
          18.6469
        ]
      }
    },
    {
      "type": "Feature",
      "id": "CONF_0043",
      "properties": {
        "confluence_id": "CONF_0043",
        "connected_reaches": 2,
        "elevation_m": 100.0
      },
      "geometry": {
        "type": "Point",
        "coordinates": [
          99.0447,
          18.649
        ]
      }
    },
    {
      "type": "Feature",
      "id": "CONF_0044",
      "properties": {
        "confluence_id": "CONF_0044",
        "connected_reaches": 2,
        "elevation_m": 100.0
      },
      "geometry": {
        "type": "Point",
        "coordinates": [
          99.1186,
          18.7987
        ]
      }
    },
    {
      "type": "Feature",
      "id": "CONF_0045",
      "properties": {
        "confluence_id": "CONF_0045",
        "connected_reaches": 2,
        "elevation_m": 100.0
      },
      "geometry": {
        "type": "Point",
        "coordinates": [
          99.0616,
          18.6849
        ]
      }
    },
    {
      "type": "Feature",
      "id": "CONF_0046",
      "properties": {
        "confluence_id": "CONF_0046",
        "connected_reaches": 2,
        "elevation_m": 100.0
      },
      "geometry": {
        "type": "Point",
        "coordinates": [
          99.0621,
          18.683
        ]
      }
    },
    {
      "type": "Feature",
      "id": "CONF_0047",
      "properties": {
        "confluence_id": "CONF_0047",
        "connected_reaches": 2,
        "elevation_m": 100.0
      },
      "geometry": {
        "type": "Point",
        "coordinates": [
          98.9612,
          18.6883
        ]
      }
    },
    {
      "type": "Feature",
      "id": "CONF_0048",
      "properties": {
        "confluence_id": "CONF_0048",
        "connected_reaches": 2,
        "elevation_m": 100.0
      },
      "geometry": {
        "type": "Point",
        "coordinates": [
          99.1781,
          18.7106
        ]
      }
    },
    {
      "type": "Feature",
      "id": "CONF_0049",
      "properties": {
        "confluence_id": "CONF_0049",
        "connected_reaches": 2,
        "elevation_m": 100.0
      },
      "geometry": {
        "type": "Point",
        "coordinates": [
          99.1827,
          18.7151
        ]
      }
    },
    {
      "type": "Feature",
      "id": "CONF_0050",
      "properties": {
        "confluence_id": "CONF_0050",
        "connected_reaches": 2,
        "elevation_m": 100.0
      },
      "geometry": {
        "type": "Point",
        "coordinates": [
          99.0866,
          18.6454
        ]
      }
    },
    {
      "type": "Feature",
      "id": "CONF_0051",
      "properties": {
        "confluence_id": "CONF_0051",
        "connected_reaches": 2,
        "elevation_m": 100.0
      },
      "geometry": {
        "type": "Point",
        "coordinates": [
          99.0836,
          18.6488
        ]
      }
    },
    {
      "type": "Feature",
      "id": "CONF_0052",
      "properties": {
        "confluence_id": "CONF_0052",
        "connected_reaches": 2,
        "elevation_m": 100.0
      },
      "geometry": {
        "type": "Point",
        "coordinates": [
          99.1057,
          18.638
        ]
      }
    },
    {
      "type": "Feature",
      "id": "CONF_0053",
      "properties": {
        "confluence_id": "CONF_0053",
        "connected_reaches": 2,
        "elevation_m": 100.0
      },
      "geometry": {
        "type": "Point",
        "coordinates": [
          99.1785,
          18.7024
        ]
      }
    },
    {
      "type": "Feature",
      "id": "CONF_0054",
      "properties": {
        "confluence_id": "CONF_0054",
        "connected_reaches": 2,
        "elevation_m": 100.0
      },
      "geometry": {
        "type": "Point",
        "coordinates": [
          99.1606,
          18.6204
        ]
      }
    },
    {
      "type": "Feature",
      "id": "CONF_0055",
      "properties": {
        "confluence_id": "CONF_0055",
        "connected_reaches": 2,
        "elevation_m": 100.0
      },
      "geometry": {
        "type": "Point",
        "coordinates": [
          99.1372,
          18.9049
        ]
      }
    },
    {
      "type": "Feature",
      "id": "CONF_0056",
      "properties": {
        "confluence_id": "CONF_0056",
        "connected_reaches": 2,
        "elevation_m": 100.0
      },
      "geometry": {
        "type": "Point",
        "coordinates": [
          99.1379,
          18.8822
        ]
      }
    },
    {
      "type": "Feature",
      "id": "CONF_0057",
      "properties": {
        "confluence_id": "CONF_0057",
        "connected_reaches": 2,
        "elevation_m": 100.0
      },
      "geometry": {
        "type": "Point",
        "coordinates": [
          99.1381,
          18.8693
        ]
      }
    },
    {
      "type": "Feature",
      "id": "CONF_0058",
      "properties": {
        "confluence_id": "CONF_0058",
        "connected_reaches": 2,
        "elevation_m": 100.0
      },
      "geometry": {
        "type": "Point",
        "coordinates": [
          99.183,
          18.7982
        ]
      }
    },
    {
      "type": "Feature",
      "id": "CONF_0059",
      "properties": {
        "confluence_id": "CONF_0059",
        "connected_reaches": 2,
        "elevation_m": 100.0
      },
      "geometry": {
        "type": "Point",
        "coordinates": [
          99.1374,
          18.8732
        ]
      }
    },
    {
      "type": "Feature",
      "id": "CONF_0060",
      "properties": {
        "confluence_id": "CONF_0060",
        "connected_reaches": 2,
        "elevation_m": 100.0
      },
      "geometry": {
        "type": "Point",
        "coordinates": [
          99.1374,
          18.8726
        ]
      }
    },
    {
      "type": "Feature",
      "id": "CONF_0061",
      "properties": {
        "confluence_id": "CONF_0061",
        "connected_reaches": 2,
        "elevation_m": 100.0
      },
      "geometry": {
        "type": "Point",
        "coordinates": [
          99.1131,
          18.7847
        ]
      }
    },
    {
      "type": "Feature",
      "id": "CONF_0062",
      "properties": {
        "confluence_id": "CONF_0062",
        "connected_reaches": 2,
        "elevation_m": 100.0
      },
      "geometry": {
        "type": "Point",
        "coordinates": [
          99.1328,
          18.6643
        ]
      }
    },
    {
      "type": "Feature",
      "id": "CONF_0063",
      "properties": {
        "confluence_id": "CONF_0063",
        "connected_reaches": 2,
        "elevation_m": 100.0
      },
      "geometry": {
        "type": "Point",
        "coordinates": [
          99.1798,
          18.7514
        ]
      }
    },
    {
      "type": "Feature",
      "id": "CONF_0064",
      "properties": {
        "confluence_id": "CONF_0064",
        "connected_reaches": 2,
        "elevation_m": 100.0
      },
      "geometry": {
        "type": "Point",
        "coordinates": [
          99.1892,
          18.8289
        ]
      }
    },
    {
      "type": "Feature",
      "id": "CONF_0065",
      "properties": {
        "confluence_id": "CONF_0065",
        "connected_reaches": 2,
        "elevation_m": 100.0
      },
      "geometry": {
        "type": "Point",
        "coordinates": [
          99.1807,
          18.7486
        ]
      }
    },
    {
      "type": "Feature",
      "id": "CONF_0066",
      "properties": {
        "confluence_id": "CONF_0066",
        "connected_reaches": 2,
        "elevation_m": 100.0
      },
      "geometry": {
        "type": "Point",
        "coordinates": [
          99.2022,
          18.7398
        ]
      }
    },
    {
      "type": "Feature",
      "id": "CONF_0067",
      "properties": {
        "confluence_id": "CONF_0067",
        "connected_reaches": 2,
        "elevation_m": 100.0
      },
      "geometry": {
        "type": "Point",
        "coordinates": [
          99.2027,
          18.7382
        ]
      }
    },
    {
      "type": "Feature",
      "id": "CONF_0068",
      "properties": {
        "confluence_id": "CONF_0068",
        "connected_reaches": 2,
        "elevation_m": 100.0
      },
      "geometry": {
        "type": "Point",
        "coordinates": [
          99.1873,
          18.72
        ]
      }
    },
    {
      "type": "Feature",
      "id": "CONF_0069",
      "properties": {
        "confluence_id": "CONF_0069",
        "connected_reaches": 2,
        "elevation_m": 100.0
      },
      "geometry": {
        "type": "Point",
        "coordinates": [
          99.1936,
          18.7281
        ]
      }
    },
    {
      "type": "Feature",
      "id": "CONF_0070",
      "properties": {
        "confluence_id": "CONF_0070",
        "connected_reaches": 2,
        "elevation_m": 100.0
      },
      "geometry": {
        "type": "Point",
        "coordinates": [
          99.1156,
          18.798
        ]
      }
    },
    {
      "type": "Feature",
      "id": "CONF_0071",
      "properties": {
        "confluence_id": "CONF_0071",
        "connected_reaches": 2,
        "elevation_m": 100.0
      },
      "geometry": {
        "type": "Point",
        "coordinates": [
          99.0627,
          18.677
        ]
      }
    },
    {
      "type": "Feature",
      "id": "CONF_0072",
      "properties": {
        "confluence_id": "CONF_0072",
        "connected_reaches": 2,
        "elevation_m": 100.0
      },
      "geometry": {
        "type": "Point",
        "coordinates": [
          99.0648,
          18.6632
        ]
      }
    },
    {
      "type": "Feature",
      "id": "CONF_0073",
      "properties": {
        "confluence_id": "CONF_0073",
        "connected_reaches": 2,
        "elevation_m": 100.0
      },
      "geometry": {
        "type": "Point",
        "coordinates": [
          99.0587,
          18.7004
        ]
      }
    },
    {
      "type": "Feature",
      "id": "CONF_0074",
      "properties": {
        "confluence_id": "CONF_0074",
        "connected_reaches": 2,
        "elevation_m": 100.0
      },
      "geometry": {
        "type": "Point",
        "coordinates": [
          99.1892,
          18.8295
        ]
      }
    },
    {
      "type": "Feature",
      "id": "CONF_0075",
      "properties": {
        "confluence_id": "CONF_0075",
        "connected_reaches": 2,
        "elevation_m": 100.0
      },
      "geometry": {
        "type": "Point",
        "coordinates": [
          99.187,
          18.8274
        ]
      }
    },
    {
      "type": "Feature",
      "id": "CONF_0076",
      "properties": {
        "confluence_id": "CONF_0076",
        "connected_reaches": 2,
        "elevation_m": 100.0
      },
      "geometry": {
        "type": "Point",
        "coordinates": [
          99.1566,
          18.8827
        ]
      }
    },
    {
      "type": "Feature",
      "id": "CONF_0077",
      "properties": {
        "confluence_id": "CONF_0077",
        "connected_reaches": 2,
        "elevation_m": 100.0
      },
      "geometry": {
        "type": "Point",
        "coordinates": [
          99.1009,
          18.7601
        ]
      }
    },
    {
      "type": "Feature",
      "id": "CONF_0078",
      "properties": {
        "confluence_id": "CONF_0078",
        "connected_reaches": 2,
        "elevation_m": 100.0
      },
      "geometry": {
        "type": "Point",
        "coordinates": [
          99.1057,
          18.763
        ]
      }
    },
    {
      "type": "Feature",
      "id": "CONF_0079",
      "properties": {
        "confluence_id": "CONF_0079",
        "connected_reaches": 3,
        "elevation_m": 100.0
      },
      "geometry": {
        "type": "Point",
        "coordinates": [
          99.0902,
          18.7392
        ]
      }
    },
    {
      "type": "Feature",
      "id": "CONF_0080",
      "properties": {
        "confluence_id": "CONF_0080",
        "connected_reaches": 2,
        "elevation_m": 100.0
      },
      "geometry": {
        "type": "Point",
        "coordinates": [
          99.2052,
          18.6805
        ]
      }
    },
    {
      "type": "Feature",
      "id": "CONF_0081",
      "properties": {
        "confluence_id": "CONF_0081",
        "connected_reaches": 2,
        "elevation_m": 100.0
      },
      "geometry": {
        "type": "Point",
        "coordinates": [
          98.7467,
          17.6908
        ]
      }
    },
    {
      "type": "Feature",
      "id": "CONF_0082",
      "properties": {
        "confluence_id": "CONF_0082",
        "connected_reaches": 2,
        "elevation_m": 100.0
      },
      "geometry": {
        "type": "Point",
        "coordinates": [
          99.1664,
          18.7506
        ]
      }
    },
    {
      "type": "Feature",
      "id": "CONF_0083",
      "properties": {
        "confluence_id": "CONF_0083",
        "connected_reaches": 2,
        "elevation_m": 100.0
      },
      "geometry": {
        "type": "Point",
        "coordinates": [
          98.6511,
          17.871
        ]
      }
    },
    {
      "type": "Feature",
      "id": "CONF_0084",
      "properties": {
        "confluence_id": "CONF_0084",
        "connected_reaches": 2,
        "elevation_m": 100.0
      },
      "geometry": {
        "type": "Point",
        "coordinates": [
          98.7254,
          18.4452
        ]
      }
    },
    {
      "type": "Feature",
      "id": "CONF_0085",
      "properties": {
        "confluence_id": "CONF_0085",
        "connected_reaches": 2,
        "elevation_m": 100.0
      },
      "geometry": {
        "type": "Point",
        "coordinates": [
          98.6815,
          18.3678
        ]
      }
    },
    {
      "type": "Feature",
      "id": "CONF_0086",
      "properties": {
        "confluence_id": "CONF_0086",
        "connected_reaches": 2,
        "elevation_m": 100.0
      },
      "geometry": {
        "type": "Point",
        "coordinates": [
          99.1026,
          18.786
        ]
      }
    },
    {
      "type": "Feature",
      "id": "CONF_0087",
      "properties": {
        "confluence_id": "CONF_0087",
        "connected_reaches": 2,
        "elevation_m": 100.0
      },
      "geometry": {
        "type": "Point",
        "coordinates": [
          99.1001,
          18.7834
        ]
      }
    },
    {
      "type": "Feature",
      "id": "CONF_0088",
      "properties": {
        "confluence_id": "CONF_0088",
        "connected_reaches": 2,
        "elevation_m": 100.0
      },
      "geometry": {
        "type": "Point",
        "coordinates": [
          99.1128,
          18.7708
        ]
      }
    },
    {
      "type": "Feature",
      "id": "CONF_0089",
      "properties": {
        "confluence_id": "CONF_0089",
        "connected_reaches": 2,
        "elevation_m": 100.0
      },
      "geometry": {
        "type": "Point",
        "coordinates": [
          99.1038,
          18.7854
        ]
      }
    },
    {
      "type": "Feature",
      "id": "CONF_0090",
      "properties": {
        "confluence_id": "CONF_0090",
        "connected_reaches": 2,
        "elevation_m": 100.0
      },
      "geometry": {
        "type": "Point",
        "coordinates": [
          99.1027,
          18.7876
        ]
      }
    },
    {
      "type": "Feature",
      "id": "CONF_0091",
      "properties": {
        "confluence_id": "CONF_0091",
        "connected_reaches": 2,
        "elevation_m": 100.0
      },
      "geometry": {
        "type": "Point",
        "coordinates": [
          99.0855,
          18.7368
        ]
      }
    },
    {
      "type": "Feature",
      "id": "CONF_0092",
      "properties": {
        "confluence_id": "CONF_0092",
        "connected_reaches": 2,
        "elevation_m": 100.0
      },
      "geometry": {
        "type": "Point",
        "coordinates": [
          99.082,
          18.737
        ]
      }
    },
    {
      "type": "Feature",
      "id": "CONF_0093",
      "properties": {
        "confluence_id": "CONF_0093",
        "connected_reaches": 2,
        "elevation_m": 100.0
      },
      "geometry": {
        "type": "Point",
        "coordinates": [
          99.0798,
          18.7359
        ]
      }
    },
    {
      "type": "Feature",
      "id": "CONF_0094",
      "properties": {
        "confluence_id": "CONF_0094",
        "connected_reaches": 2,
        "elevation_m": 100.0
      },
      "geometry": {
        "type": "Point",
        "coordinates": [
          99.195,
          18.7257
        ]
      }
    },
    {
      "type": "Feature",
      "id": "CONF_0095",
      "properties": {
        "confluence_id": "CONF_0095",
        "connected_reaches": 2,
        "elevation_m": 100.0
      },
      "geometry": {
        "type": "Point",
        "coordinates": [
          99.2349,
          18.7153
        ]
      }
    },
    {
      "type": "Feature",
      "id": "CONF_0096",
      "properties": {
        "confluence_id": "CONF_0096",
        "connected_reaches": 2,
        "elevation_m": 100.0
      },
      "geometry": {
        "type": "Point",
        "coordinates": [
          99.2343,
          18.7165
        ]
      }
    },
    {
      "type": "Feature",
      "id": "CONF_0097",
      "properties": {
        "confluence_id": "CONF_0097",
        "connected_reaches": 2,
        "elevation_m": 100.0
      },
      "geometry": {
        "type": "Point",
        "coordinates": [
          98.9977,
          18.7904
        ]
      }
    },
    {
      "type": "Feature",
      "id": "CONF_0098",
      "properties": {
        "confluence_id": "CONF_0098",
        "connected_reaches": 2,
        "elevation_m": 100.0
      },
      "geometry": {
        "type": "Point",
        "coordinates": [
          98.9986,
          18.7811
        ]
      }
    },
    {
      "type": "Feature",
      "id": "CONF_0099",
      "properties": {
        "confluence_id": "CONF_0099",
        "connected_reaches": 2,
        "elevation_m": 100.0
      },
      "geometry": {
        "type": "Point",
        "coordinates": [
          99.1361,
          18.7287
        ]
      }
    },
    {
      "type": "Feature",
      "id": "CONF_0100",
      "properties": {
        "confluence_id": "CONF_0100",
        "connected_reaches": 3,
        "elevation_m": 100.0
      },
      "geometry": {
        "type": "Point",
        "coordinates": [
          99.1217,
          18.7342
        ]
      }
    },
    {
      "type": "Feature",
      "id": "CONF_0101",
      "properties": {
        "confluence_id": "CONF_0101",
        "connected_reaches": 2,
        "elevation_m": 100.0
      },
      "geometry": {
        "type": "Point",
        "coordinates": [
          99.5399,
          17.3274
        ]
      }
    },
    {
      "type": "Feature",
      "id": "CONF_0102",
      "properties": {
        "confluence_id": "CONF_0102",
        "connected_reaches": 2,
        "elevation_m": 100.0
      },
      "geometry": {
        "type": "Point",
        "coordinates": [
          99.0474,
          18.7101
        ]
      }
    },
    {
      "type": "Feature",
      "id": "CONF_0103",
      "properties": {
        "confluence_id": "CONF_0103",
        "connected_reaches": 2,
        "elevation_m": 100.0
      },
      "geometry": {
        "type": "Point",
        "coordinates": [
          99.028,
          18.6715
        ]
      }
    },
    {
      "type": "Feature",
      "id": "CONF_0104",
      "properties": {
        "confluence_id": "CONF_0104",
        "connected_reaches": 2,
        "elevation_m": 100.0
      },
      "geometry": {
        "type": "Point",
        "coordinates": [
          99.0577,
          18.7147
        ]
      }
    },
    {
      "type": "Feature",
      "id": "CONF_0105",
      "properties": {
        "confluence_id": "CONF_0105",
        "connected_reaches": 2,
        "elevation_m": 100.0
      },
      "geometry": {
        "type": "Point",
        "coordinates": [
          99.0114,
          18.9139
        ]
      }
    },
    {
      "type": "Feature",
      "id": "CONF_0106",
      "properties": {
        "confluence_id": "CONF_0106",
        "connected_reaches": 2,
        "elevation_m": 100.0
      },
      "geometry": {
        "type": "Point",
        "coordinates": [
          99.0412,
          18.9018
        ]
      }
    },
    {
      "type": "Feature",
      "id": "CONF_0107",
      "properties": {
        "confluence_id": "CONF_0107",
        "connected_reaches": 2,
        "elevation_m": 100.0
      },
      "geometry": {
        "type": "Point",
        "coordinates": [
          99.1077,
          18.7409
        ]
      }
    },
    {
      "type": "Feature",
      "id": "CONF_0108",
      "properties": {
        "confluence_id": "CONF_0108",
        "connected_reaches": 2,
        "elevation_m": 100.0
      },
      "geometry": {
        "type": "Point",
        "coordinates": [
          99.1207,
          18.7359
        ]
      }
    },
    {
      "type": "Feature",
      "id": "CONF_0109",
      "properties": {
        "confluence_id": "CONF_0109",
        "connected_reaches": 2,
        "elevation_m": 100.0
      },
      "geometry": {
        "type": "Point",
        "coordinates": [
          98.9739,
          18.6086
        ]
      }
    },
    {
      "type": "Feature",
      "id": "CONF_0110",
      "properties": {
        "confluence_id": "CONF_0110",
        "connected_reaches": 2,
        "elevation_m": 100.0
      },
      "geometry": {
        "type": "Point",
        "coordinates": [
          99.0913,
          18.7486
        ]
      }
    },
    {
      "type": "Feature",
      "id": "CONF_0111",
      "properties": {
        "confluence_id": "CONF_0111",
        "connected_reaches": 2,
        "elevation_m": 100.0
      },
      "geometry": {
        "type": "Point",
        "coordinates": [
          99.013,
          18.8527
        ]
      }
    },
    {
      "type": "Feature",
      "id": "CONF_0112",
      "properties": {
        "confluence_id": "CONF_0112",
        "connected_reaches": 2,
        "elevation_m": 100.0
      },
      "geometry": {
        "type": "Point",
        "coordinates": [
          99.0504,
          18.7598
        ]
      }
    },
    {
      "type": "Feature",
      "id": "CONF_0113",
      "properties": {
        "confluence_id": "CONF_0113",
        "connected_reaches": 2,
        "elevation_m": 100.0
      },
      "geometry": {
        "type": "Point",
        "coordinates": [
          99.0637,
          18.9155
        ]
      }
    },
    {
      "type": "Feature",
      "id": "CONF_0114",
      "properties": {
        "confluence_id": "CONF_0114",
        "connected_reaches": 2,
        "elevation_m": 100.0
      },
      "geometry": {
        "type": "Point",
        "coordinates": [
          99.0607,
          18.9147
        ]
      }
    },
    {
      "type": "Feature",
      "id": "CONF_0115",
      "properties": {
        "confluence_id": "CONF_0115",
        "connected_reaches": 2,
        "elevation_m": 100.0
      },
      "geometry": {
        "type": "Point",
        "coordinates": [
          98.9775,
          19.0443
        ]
      }
    },
    {
      "type": "Feature",
      "id": "CONF_0116",
      "properties": {
        "confluence_id": "CONF_0116",
        "connected_reaches": 2,
        "elevation_m": 100.0
      },
      "geometry": {
        "type": "Point",
        "coordinates": [
          99.4274,
          17.3109
        ]
      }
    },
    {
      "type": "Feature",
      "id": "CONF_0117",
      "properties": {
        "confluence_id": "CONF_0117",
        "connected_reaches": 2,
        "elevation_m": 100.0
      },
      "geometry": {
        "type": "Point",
        "coordinates": [
          99.4264,
          17.3125
        ]
      }
    },
    {
      "type": "Feature",
      "id": "CONF_0118",
      "properties": {
        "confluence_id": "CONF_0118",
        "connected_reaches": 2,
        "elevation_m": 100.0
      },
      "geometry": {
        "type": "Point",
        "coordinates": [
          99.5622,
          17.3147
        ]
      }
    },
    {
      "type": "Feature",
      "id": "CONF_0119",
      "properties": {
        "confluence_id": "CONF_0119",
        "connected_reaches": 2,
        "elevation_m": 100.0
      },
      "geometry": {
        "type": "Point",
        "coordinates": [
          99.6998,
          17.2356
        ]
      }
    },
    {
      "type": "Feature",
      "id": "CONF_0120",
      "properties": {
        "confluence_id": "CONF_0120",
        "connected_reaches": 2,
        "elevation_m": 100.0
      },
      "geometry": {
        "type": "Point",
        "coordinates": [
          99.1288,
          18.9188
        ]
      }
    },
    {
      "type": "Feature",
      "id": "CONF_0121",
      "properties": {
        "confluence_id": "CONF_0121",
        "connected_reaches": 3,
        "elevation_m": 100.0
      },
      "geometry": {
        "type": "Point",
        "coordinates": [
          99.1406,
          18.7736
        ]
      }
    },
    {
      "type": "Feature",
      "id": "CONF_0122",
      "properties": {
        "confluence_id": "CONF_0122",
        "connected_reaches": 2,
        "elevation_m": 100.0
      },
      "geometry": {
        "type": "Point",
        "coordinates": [
          99.048,
          18.6454
        ]
      }
    },
    {
      "type": "Feature",
      "id": "CONF_0123",
      "properties": {
        "confluence_id": "CONF_0123",
        "connected_reaches": 2,
        "elevation_m": 100.0
      },
      "geometry": {
        "type": "Point",
        "coordinates": [
          98.9937,
          18.8039
        ]
      }
    },
    {
      "type": "Feature",
      "id": "CONF_0124",
      "properties": {
        "confluence_id": "CONF_0124",
        "connected_reaches": 3,
        "elevation_m": 100.0
      },
      "geometry": {
        "type": "Point",
        "coordinates": [
          98.9908,
          18.5781
        ]
      }
    },
    {
      "type": "Feature",
      "id": "CONF_0125",
      "properties": {
        "confluence_id": "CONF_0125",
        "connected_reaches": 2,
        "elevation_m": 100.0
      },
      "geometry": {
        "type": "Point",
        "coordinates": [
          99.2023,
          18.7132
        ]
      }
    },
    {
      "type": "Feature",
      "id": "CONF_0126",
      "properties": {
        "confluence_id": "CONF_0126",
        "connected_reaches": 2,
        "elevation_m": 100.0
      },
      "geometry": {
        "type": "Point",
        "coordinates": [
          99.202,
          18.7185
        ]
      }
    },
    {
      "type": "Feature",
      "id": "CONF_0127",
      "properties": {
        "confluence_id": "CONF_0127",
        "connected_reaches": 2,
        "elevation_m": 100.0
      },
      "geometry": {
        "type": "Point",
        "coordinates": [
          99.1941,
          18.7283
        ]
      }
    },
    {
      "type": "Feature",
      "id": "CONF_0128",
      "properties": {
        "confluence_id": "CONF_0128",
        "connected_reaches": 2,
        "elevation_m": 100.0
      },
      "geometry": {
        "type": "Point",
        "coordinates": [
          99.1951,
          18.7287
        ]
      }
    },
    {
      "type": "Feature",
      "id": "CONF_0129",
      "properties": {
        "confluence_id": "CONF_0129",
        "connected_reaches": 2,
        "elevation_m": 100.0
      },
      "geometry": {
        "type": "Point",
        "coordinates": [
          99.1956,
          18.729
        ]
      }
    },
    {
      "type": "Feature",
      "id": "CONF_0130",
      "properties": {
        "confluence_id": "CONF_0130",
        "connected_reaches": 2,
        "elevation_m": 100.0
      },
      "geometry": {
        "type": "Point",
        "coordinates": [
          99.1858,
          18.718
        ]
      }
    },
    {
      "type": "Feature",
      "id": "CONF_0131",
      "properties": {
        "confluence_id": "CONF_0131",
        "connected_reaches": 2,
        "elevation_m": 100.0
      },
      "geometry": {
        "type": "Point",
        "coordinates": [
          99.16,
          18.6202
        ]
      }
    },
    {
      "type": "Feature",
      "id": "CONF_0132",
      "properties": {
        "confluence_id": "CONF_0132",
        "connected_reaches": 2,
        "elevation_m": 100.0
      },
      "geometry": {
        "type": "Point",
        "coordinates": [
          99.1304,
          18.5955
        ]
      }
    },
    {
      "type": "Feature",
      "id": "CONF_0133",
      "properties": {
        "confluence_id": "CONF_0133",
        "connected_reaches": 2,
        "elevation_m": 100.0
      },
      "geometry": {
        "type": "Point",
        "coordinates": [
          99.1305,
          18.5961
        ]
      }
    },
    {
      "type": "Feature",
      "id": "CONF_0134",
      "properties": {
        "confluence_id": "CONF_0134",
        "connected_reaches": 2,
        "elevation_m": 100.0
      },
      "geometry": {
        "type": "Point",
        "coordinates": [
          99.1052,
          18.5443
        ]
      }
    },
    {
      "type": "Feature",
      "id": "CONF_0135",
      "properties": {
        "confluence_id": "CONF_0135",
        "connected_reaches": 2,
        "elevation_m": 100.0
      },
      "geometry": {
        "type": "Point",
        "coordinates": [
          98.9473,
          18.8103
        ]
      }
    },
    {
      "type": "Feature",
      "id": "CONF_0136",
      "properties": {
        "confluence_id": "CONF_0136",
        "connected_reaches": 2,
        "elevation_m": 100.0
      },
      "geometry": {
        "type": "Point",
        "coordinates": [
          99.2038,
          18.9474
        ]
      }
    },
    {
      "type": "Feature",
      "id": "CONF_0137",
      "properties": {
        "confluence_id": "CONF_0137",
        "connected_reaches": 2,
        "elevation_m": 100.0
      },
      "geometry": {
        "type": "Point",
        "coordinates": [
          99.1903,
          18.9519
        ]
      }
    },
    {
      "type": "Feature",
      "id": "CONF_0138",
      "properties": {
        "confluence_id": "CONF_0138",
        "connected_reaches": 2,
        "elevation_m": 100.0
      },
      "geometry": {
        "type": "Point",
        "coordinates": [
          99.2636,
          18.8914
        ]
      }
    },
    {
      "type": "Feature",
      "id": "CONF_0139",
      "properties": {
        "confluence_id": "CONF_0139",
        "connected_reaches": 2,
        "elevation_m": 100.0
      },
      "geometry": {
        "type": "Point",
        "coordinates": [
          99.0436,
          18.7171
        ]
      }
    },
    {
      "type": "Feature",
      "id": "CONF_0140",
      "properties": {
        "confluence_id": "CONF_0140",
        "connected_reaches": 3,
        "elevation_m": 100.0
      },
      "geometry": {
        "type": "Point",
        "coordinates": [
          99.0574,
          18.7496
        ]
      }
    },
    {
      "type": "Feature",
      "id": "CONF_0141",
      "properties": {
        "confluence_id": "CONF_0141",
        "connected_reaches": 2,
        "elevation_m": 100.0
      },
      "geometry": {
        "type": "Point",
        "coordinates": [
          99.1205,
          18.7382
        ]
      }
    },
    {
      "type": "Feature",
      "id": "CONF_0142",
      "properties": {
        "confluence_id": "CONF_0142",
        "connected_reaches": 3,
        "elevation_m": 100.0
      },
      "geometry": {
        "type": "Point",
        "coordinates": [
          98.7081,
          19.3019
        ]
      }
    },
    {
      "type": "Feature",
      "id": "CONF_0143",
      "properties": {
        "confluence_id": "CONF_0143",
        "connected_reaches": 2,
        "elevation_m": 100.0
      },
      "geometry": {
        "type": "Point",
        "coordinates": [
          99.1121,
          18.7545
        ]
      }
    },
    {
      "type": "Feature",
      "id": "CONF_0144",
      "properties": {
        "confluence_id": "CONF_0144",
        "connected_reaches": 3,
        "elevation_m": 100.0
      },
      "geometry": {
        "type": "Point",
        "coordinates": [
          99.1859,
          18.7364
        ]
      }
    },
    {
      "type": "Feature",
      "id": "CONF_0145",
      "properties": {
        "confluence_id": "CONF_0145",
        "connected_reaches": 2,
        "elevation_m": 100.0
      },
      "geometry": {
        "type": "Point",
        "coordinates": [
          99.2047,
          18.739
        ]
      }
    },
    {
      "type": "Feature",
      "id": "CONF_0146",
      "properties": {
        "confluence_id": "CONF_0146",
        "connected_reaches": 2,
        "elevation_m": 100.0
      },
      "geometry": {
        "type": "Point",
        "coordinates": [
          98.9736,
          19.2273
        ]
      }
    },
    {
      "type": "Feature",
      "id": "CONF_0147",
      "properties": {
        "confluence_id": "CONF_0147",
        "connected_reaches": 2,
        "elevation_m": 100.0
      },
      "geometry": {
        "type": "Point",
        "coordinates": [
          98.9869,
          19.1989
        ]
      }
    },
    {
      "type": "Feature",
      "id": "CONF_0148",
      "properties": {
        "confluence_id": "CONF_0148",
        "connected_reaches": 2,
        "elevation_m": 100.0
      },
      "geometry": {
        "type": "Point",
        "coordinates": [
          99.0816,
          18.7403
        ]
      }
    },
    {
      "type": "Feature",
      "id": "CONF_0149",
      "properties": {
        "confluence_id": "CONF_0149",
        "connected_reaches": 2,
        "elevation_m": 100.0
      },
      "geometry": {
        "type": "Point",
        "coordinates": [
          99.1686,
          18.7169
        ]
      }
    },
    {
      "type": "Feature",
      "id": "CONF_0150",
      "properties": {
        "confluence_id": "CONF_0150",
        "connected_reaches": 2,
        "elevation_m": 100.0
      },
      "geometry": {
        "type": "Point",
        "coordinates": [
          99.1099,
          18.7804
        ]
      }
    },
    {
      "type": "Feature",
      "id": "CONF_0151",
      "properties": {
        "confluence_id": "CONF_0151",
        "connected_reaches": 2,
        "elevation_m": 100.0
      },
      "geometry": {
        "type": "Point",
        "coordinates": [
          99.0901,
          18.8883
        ]
      }
    },
    {
      "type": "Feature",
      "id": "CONF_0152",
      "properties": {
        "confluence_id": "CONF_0152",
        "connected_reaches": 3,
        "elevation_m": 100.0
      },
      "geometry": {
        "type": "Point",
        "coordinates": [
          99.0819,
          18.8804
        ]
      }
    },
    {
      "type": "Feature",
      "id": "CONF_0153",
      "properties": {
        "confluence_id": "CONF_0153",
        "connected_reaches": 2,
        "elevation_m": 100.0
      },
      "geometry": {
        "type": "Point",
        "coordinates": [
          98.9321,
          18.9336
        ]
      }
    },
    {
      "type": "Feature",
      "id": "CONF_0154",
      "properties": {
        "confluence_id": "CONF_0154",
        "connected_reaches": 2,
        "elevation_m": 100.0
      },
      "geometry": {
        "type": "Point",
        "coordinates": [
          99.1673,
          18.4645
        ]
      }
    },
    {
      "type": "Feature",
      "id": "CONF_0155",
      "properties": {
        "confluence_id": "CONF_0155",
        "connected_reaches": 2,
        "elevation_m": 100.0
      },
      "geometry": {
        "type": "Point",
        "coordinates": [
          99.1471,
          18.4375
        ]
      }
    },
    {
      "type": "Feature",
      "id": "CONF_0156",
      "properties": {
        "confluence_id": "CONF_0156",
        "connected_reaches": 2,
        "elevation_m": 100.0
      },
      "geometry": {
        "type": "Point",
        "coordinates": [
          98.9262,
          18.6726
        ]
      }
    },
    {
      "type": "Feature",
      "id": "CONF_0157",
      "properties": {
        "confluence_id": "CONF_0157",
        "connected_reaches": 2,
        "elevation_m": 100.0
      },
      "geometry": {
        "type": "Point",
        "coordinates": [
          99.1765,
          18.8223
        ]
      }
    },
    {
      "type": "Feature",
      "id": "CONF_0158",
      "properties": {
        "confluence_id": "CONF_0158",
        "connected_reaches": 2,
        "elevation_m": 100.0
      },
      "geometry": {
        "type": "Point",
        "coordinates": [
          98.9908,
          18.7813
        ]
      }
    },
    {
      "type": "Feature",
      "id": "CONF_0159",
      "properties": {
        "confluence_id": "CONF_0159",
        "connected_reaches": 2,
        "elevation_m": 100.0
      },
      "geometry": {
        "type": "Point",
        "coordinates": [
          99.625,
          18.5239
        ]
      }
    },
    {
      "type": "Feature",
      "id": "CONF_0160",
      "properties": {
        "confluence_id": "CONF_0160",
        "connected_reaches": 2,
        "elevation_m": 100.0
      },
      "geometry": {
        "type": "Point",
        "coordinates": [
          99.1255,
          18.768
        ]
      }
    },
    {
      "type": "Feature",
      "id": "CONF_0161",
      "properties": {
        "confluence_id": "CONF_0161",
        "connected_reaches": 2,
        "elevation_m": 100.0
      },
      "geometry": {
        "type": "Point",
        "coordinates": [
          99.053,
          18.7426
        ]
      }
    },
    {
      "type": "Feature",
      "id": "CONF_0162",
      "properties": {
        "confluence_id": "CONF_0162",
        "connected_reaches": 2,
        "elevation_m": 100.0
      },
      "geometry": {
        "type": "Point",
        "coordinates": [
          99.0543,
          18.7404
        ]
      }
    },
    {
      "type": "Feature",
      "id": "CONF_0163",
      "properties": {
        "confluence_id": "CONF_0163",
        "connected_reaches": 2,
        "elevation_m": 100.0
      },
      "geometry": {
        "type": "Point",
        "coordinates": [
          99.0683,
          18.7033
        ]
      }
    },
    {
      "type": "Feature",
      "id": "CONF_0164",
      "properties": {
        "confluence_id": "CONF_0164",
        "connected_reaches": 2,
        "elevation_m": 100.0
      },
      "geometry": {
        "type": "Point",
        "coordinates": [
          99.0436,
          18.6487
        ]
      }
    },
    {
      "type": "Feature",
      "id": "CONF_0165",
      "properties": {
        "confluence_id": "CONF_0165",
        "connected_reaches": 2,
        "elevation_m": 100.0
      },
      "geometry": {
        "type": "Point",
        "coordinates": [
          99.0754,
          18.6869
        ]
      }
    },
    {
      "type": "Feature",
      "id": "CONF_0166",
      "properties": {
        "confluence_id": "CONF_0166",
        "connected_reaches": 2,
        "elevation_m": 100.0
      },
      "geometry": {
        "type": "Point",
        "coordinates": [
          99.1549,
          18.6272
        ]
      }
    },
    {
      "type": "Feature",
      "id": "CONF_0167",
      "properties": {
        "confluence_id": "CONF_0167",
        "connected_reaches": 2,
        "elevation_m": 100.0
      },
      "geometry": {
        "type": "Point",
        "coordinates": [
          99.1217,
          18.6325
        ]
      }
    },
    {
      "type": "Feature",
      "id": "CONF_0168",
      "properties": {
        "confluence_id": "CONF_0168",
        "connected_reaches": 2,
        "elevation_m": 100.0
      },
      "geometry": {
        "type": "Point",
        "coordinates": [
          99.1134,
          18.7352
        ]
      }
    },
    {
      "type": "Feature",
      "id": "CONF_0169",
      "properties": {
        "confluence_id": "CONF_0169",
        "connected_reaches": 2,
        "elevation_m": 100.0
      },
      "geometry": {
        "type": "Point",
        "coordinates": [
          99.1054,
          18.7265
        ]
      }
    },
    {
      "type": "Feature",
      "id": "CONF_0170",
      "properties": {
        "confluence_id": "CONF_0170",
        "connected_reaches": 2,
        "elevation_m": 100.0
      },
      "geometry": {
        "type": "Point",
        "coordinates": [
          98.9821,
          18.8893
        ]
      }
    },
    {
      "type": "Feature",
      "id": "CONF_0171",
      "properties": {
        "confluence_id": "CONF_0171",
        "connected_reaches": 2,
        "elevation_m": 100.0
      },
      "geometry": {
        "type": "Point",
        "coordinates": [
          98.9839,
          18.8665
        ]
      }
    },
    {
      "type": "Feature",
      "id": "CONF_0172",
      "properties": {
        "confluence_id": "CONF_0172",
        "connected_reaches": 3,
        "elevation_m": 100.0
      },
      "geometry": {
        "type": "Point",
        "coordinates": [
          99.5199,
          19.2483
        ]
      }
    },
    {
      "type": "Feature",
      "id": "CONF_0173",
      "properties": {
        "confluence_id": "CONF_0173",
        "connected_reaches": 2,
        "elevation_m": 100.0
      },
      "geometry": {
        "type": "Point",
        "coordinates": [
          99.4816,
          19.4652
        ]
      }
    },
    {
      "type": "Feature",
      "id": "CONF_0174",
      "properties": {
        "confluence_id": "CONF_0174",
        "connected_reaches": 2,
        "elevation_m": 100.0
      },
      "geometry": {
        "type": "Point",
        "coordinates": [
          99.0745,
          18.7173
        ]
      }
    },
    {
      "type": "Feature",
      "id": "CONF_0175",
      "properties": {
        "confluence_id": "CONF_0175",
        "connected_reaches": 2,
        "elevation_m": 100.0
      },
      "geometry": {
        "type": "Point",
        "coordinates": [
          98.9928,
          18.9081
        ]
      }
    },
    {
      "type": "Feature",
      "id": "CONF_0176",
      "properties": {
        "confluence_id": "CONF_0176",
        "connected_reaches": 2,
        "elevation_m": 100.0
      },
      "geometry": {
        "type": "Point",
        "coordinates": [
          99.0197,
          18.7609
        ]
      }
    },
    {
      "type": "Feature",
      "id": "CONF_0177",
      "properties": {
        "confluence_id": "CONF_0177",
        "connected_reaches": 2,
        "elevation_m": 100.0
      },
      "geometry": {
        "type": "Point",
        "coordinates": [
          99.0243,
          18.7501
        ]
      }
    },
    {
      "type": "Feature",
      "id": "CONF_0178",
      "properties": {
        "confluence_id": "CONF_0178",
        "connected_reaches": 2,
        "elevation_m": 100.0
      },
      "geometry": {
        "type": "Point",
        "coordinates": [
          100.1881,
          18.1402
        ]
      }
    },
    {
      "type": "Feature",
      "id": "CONF_0179",
      "properties": {
        "confluence_id": "CONF_0179",
        "connected_reaches": 3,
        "elevation_m": 100.0
      },
      "geometry": {
        "type": "Point",
        "coordinates": [
          99.825,
          19.3018
        ]
      }
    },
    {
      "type": "Feature",
      "id": "CONF_0180",
      "properties": {
        "confluence_id": "CONF_0180",
        "connected_reaches": 2,
        "elevation_m": 100.0
      },
      "geometry": {
        "type": "Point",
        "coordinates": [
          99.8318,
          19.278
        ]
      }
    },
    {
      "type": "Feature",
      "id": "CONF_0181",
      "properties": {
        "confluence_id": "CONF_0181",
        "connected_reaches": 2,
        "elevation_m": 100.0
      },
      "geometry": {
        "type": "Point",
        "coordinates": [
          99.8215,
          19.3337
        ]
      }
    },
    {
      "type": "Feature",
      "id": "CONF_0182",
      "properties": {
        "confluence_id": "CONF_0182",
        "connected_reaches": 2,
        "elevation_m": 100.0
      },
      "geometry": {
        "type": "Point",
        "coordinates": [
          98.76,
          19.0728
        ]
      }
    },
    {
      "type": "Feature",
      "id": "CONF_0183",
      "properties": {
        "confluence_id": "CONF_0183",
        "connected_reaches": 3,
        "elevation_m": 100.0
      },
      "geometry": {
        "type": "Point",
        "coordinates": [
          99.8325,
          19.5278
        ]
      }
    },
    {
      "type": "Feature",
      "id": "CONF_0184",
      "properties": {
        "confluence_id": "CONF_0184",
        "connected_reaches": 3,
        "elevation_m": 100.0
      },
      "geometry": {
        "type": "Point",
        "coordinates": [
          99.8718,
          19.6434
        ]
      }
    },
    {
      "type": "Feature",
      "id": "CONF_0185",
      "properties": {
        "confluence_id": "CONF_0185",
        "connected_reaches": 2,
        "elevation_m": 100.0
      },
      "geometry": {
        "type": "Point",
        "coordinates": [
          99.9272,
          19.6223
        ]
      }
    },
    {
      "type": "Feature",
      "id": "CONF_0186",
      "properties": {
        "confluence_id": "CONF_0186",
        "connected_reaches": 2,
        "elevation_m": 100.0
      },
      "geometry": {
        "type": "Point",
        "coordinates": [
          99.5869,
          19.7052
        ]
      }
    },
    {
      "type": "Feature",
      "id": "CONF_0187",
      "properties": {
        "confluence_id": "CONF_0187",
        "connected_reaches": 2,
        "elevation_m": 100.0
      },
      "geometry": {
        "type": "Point",
        "coordinates": [
          99.4659,
          19.5353
        ]
      }
    },
    {
      "type": "Feature",
      "id": "CONF_0188",
      "properties": {
        "confluence_id": "CONF_0188",
        "connected_reaches": 2,
        "elevation_m": 100.0
      },
      "geometry": {
        "type": "Point",
        "coordinates": [
          99.7056,
          19.8003
        ]
      }
    },
    {
      "type": "Feature",
      "id": "CONF_0189",
      "properties": {
        "confluence_id": "CONF_0189",
        "connected_reaches": 2,
        "elevation_m": 100.0
      },
      "geometry": {
        "type": "Point",
        "coordinates": [
          99.7141,
          19.8101
        ]
      }
    },
    {
      "type": "Feature",
      "id": "CONF_0190",
      "properties": {
        "confluence_id": "CONF_0190",
        "connected_reaches": 2,
        "elevation_m": 100.0
      },
      "geometry": {
        "type": "Point",
        "coordinates": [
          99.7106,
          19.7596
        ]
      }
    },
    {
      "type": "Feature",
      "id": "CONF_0191",
      "properties": {
        "confluence_id": "CONF_0191",
        "connected_reaches": 2,
        "elevation_m": 100.0
      },
      "geometry": {
        "type": "Point",
        "coordinates": [
          99.6885,
          19.7215
        ]
      }
    },
    {
      "type": "Feature",
      "id": "CONF_0192",
      "properties": {
        "confluence_id": "CONF_0192",
        "connected_reaches": 2,
        "elevation_m": 100.0
      },
      "geometry": {
        "type": "Point",
        "coordinates": [
          99.688,
          19.7215
        ]
      }
    },
    {
      "type": "Feature",
      "id": "CONF_0193",
      "properties": {
        "confluence_id": "CONF_0193",
        "connected_reaches": 2,
        "elevation_m": 100.0
      },
      "geometry": {
        "type": "Point",
        "coordinates": [
          99.7583,
          19.4459
        ]
      }
    },
    {
      "type": "Feature",
      "id": "CONF_0194",
      "properties": {
        "confluence_id": "CONF_0194",
        "connected_reaches": 3,
        "elevation_m": 100.0
      },
      "geometry": {
        "type": "Point",
        "coordinates": [
          98.8308,
          19.3423
        ]
      }
    },
    {
      "type": "Feature",
      "id": "CONF_0195",
      "properties": {
        "confluence_id": "CONF_0195",
        "connected_reaches": 2,
        "elevation_m": 100.0
      },
      "geometry": {
        "type": "Point",
        "coordinates": [
          98.7387,
          19.3925
        ]
      }
    },
    {
      "type": "Feature",
      "id": "CONF_0196",
      "properties": {
        "confluence_id": "CONF_0196",
        "connected_reaches": 2,
        "elevation_m": 100.0
      },
      "geometry": {
        "type": "Point",
        "coordinates": [
          99.8682,
          19.3583
        ]
      }
    },
    {
      "type": "Feature",
      "id": "CONF_0197",
      "properties": {
        "confluence_id": "CONF_0197",
        "connected_reaches": 3,
        "elevation_m": 100.0
      },
      "geometry": {
        "type": "Point",
        "coordinates": [
          99.8265,
          19.5245
        ]
      }
    },
    {
      "type": "Feature",
      "id": "CONF_0198",
      "properties": {
        "confluence_id": "CONF_0198",
        "connected_reaches": 3,
        "elevation_m": 100.0
      },
      "geometry": {
        "type": "Point",
        "coordinates": [
          99.8212,
          19.5089
        ]
      }
    },
    {
      "type": "Feature",
      "id": "CONF_0199",
      "properties": {
        "confluence_id": "CONF_0199",
        "connected_reaches": 2,
        "elevation_m": 100.0
      },
      "geometry": {
        "type": "Point",
        "coordinates": [
          99.832,
          19.5138
        ]
      }
    },
    {
      "type": "Feature",
      "id": "CONF_0200",
      "properties": {
        "confluence_id": "CONF_0200",
        "connected_reaches": 2,
        "elevation_m": 100.0
      },
      "geometry": {
        "type": "Point",
        "coordinates": [
          99.8292,
          19.5118
        ]
      }
    },
    {
      "type": "Feature",
      "id": "CONF_0201",
      "properties": {
        "confluence_id": "CONF_0201",
        "connected_reaches": 2,
        "elevation_m": 100.0
      },
      "geometry": {
        "type": "Point",
        "coordinates": [
          99.7417,
          19.5405
        ]
      }
    },
    {
      "type": "Feature",
      "id": "CONF_0202",
      "properties": {
        "confluence_id": "CONF_0202",
        "connected_reaches": 4,
        "elevation_m": 100.0
      },
      "geometry": {
        "type": "Point",
        "coordinates": [
          99.0252,
          18.5872
        ]
      }
    },
    {
      "type": "Feature",
      "id": "CONF_0203",
      "properties": {
        "confluence_id": "CONF_0203",
        "connected_reaches": 2,
        "elevation_m": 100.0
      },
      "geometry": {
        "type": "Point",
        "coordinates": [
          99.3822,
          17.4156
        ]
      }
    },
    {
      "type": "Feature",
      "id": "CONF_0204",
      "properties": {
        "confluence_id": "CONF_0204",
        "connected_reaches": 2,
        "elevation_m": 100.0
      },
      "geometry": {
        "type": "Point",
        "coordinates": [
          100.0464,
          17.8943
        ]
      }
    },
    {
      "type": "Feature",
      "id": "CONF_0205",
      "properties": {
        "confluence_id": "CONF_0205",
        "connected_reaches": 2,
        "elevation_m": 100.0
      },
      "geometry": {
        "type": "Point",
        "coordinates": [
          100.0619,
          17.9055
        ]
      }
    },
    {
      "type": "Feature",
      "id": "CONF_0206",
      "properties": {
        "confluence_id": "CONF_0206",
        "connected_reaches": 2,
        "elevation_m": 100.0
      },
      "geometry": {
        "type": "Point",
        "coordinates": [
          100.0637,
          17.9734
        ]
      }
    },
    {
      "type": "Feature",
      "id": "CONF_0207",
      "properties": {
        "confluence_id": "CONF_0207",
        "connected_reaches": 2,
        "elevation_m": 100.0
      },
      "geometry": {
        "type": "Point",
        "coordinates": [
          99.8786,
          17.2297
        ]
      }
    },
    {
      "type": "Feature",
      "id": "CONF_0208",
      "properties": {
        "confluence_id": "CONF_0208",
        "connected_reaches": 2,
        "elevation_m": 100.0
      },
      "geometry": {
        "type": "Point",
        "coordinates": [
          99.8875,
          17.3107
        ]
      }
    },
    {
      "type": "Feature",
      "id": "CONF_0209",
      "properties": {
        "confluence_id": "CONF_0209",
        "connected_reaches": 2,
        "elevation_m": 100.0
      },
      "geometry": {
        "type": "Point",
        "coordinates": [
          99.8599,
          17.2205
        ]
      }
    },
    {
      "type": "Feature",
      "id": "CONF_0210",
      "properties": {
        "confluence_id": "CONF_0210",
        "connected_reaches": 2,
        "elevation_m": 100.0
      },
      "geometry": {
        "type": "Point",
        "coordinates": [
          99.5877,
          17.3361
        ]
      }
    },
    {
      "type": "Feature",
      "id": "CONF_0211",
      "properties": {
        "confluence_id": "CONF_0211",
        "connected_reaches": 2,
        "elevation_m": 100.0
      },
      "geometry": {
        "type": "Point",
        "coordinates": [
          99.6757,
          17.247
        ]
      }
    },
    {
      "type": "Feature",
      "id": "CONF_0212",
      "properties": {
        "confluence_id": "CONF_0212",
        "connected_reaches": 2,
        "elevation_m": 100.0
      },
      "geometry": {
        "type": "Point",
        "coordinates": [
          99.7082,
          17.1704
        ]
      }
    },
    {
      "type": "Feature",
      "id": "CONF_0213",
      "properties": {
        "confluence_id": "CONF_0213",
        "connected_reaches": 2,
        "elevation_m": 100.0
      },
      "geometry": {
        "type": "Point",
        "coordinates": [
          99.7413,
          17.1955
        ]
      }
    },
    {
      "type": "Feature",
      "id": "CONF_0214",
      "properties": {
        "confluence_id": "CONF_0214",
        "connected_reaches": 2,
        "elevation_m": 100.0
      },
      "geometry": {
        "type": "Point",
        "coordinates": [
          99.6243,
          17.3097
        ]
      }
    },
    {
      "type": "Feature",
      "id": "CONF_0215",
      "properties": {
        "confluence_id": "CONF_0215",
        "connected_reaches": 2,
        "elevation_m": 100.0
      },
      "geometry": {
        "type": "Point",
        "coordinates": [
          99.6496,
          17.3445
        ]
      }
    },
    {
      "type": "Feature",
      "id": "CONF_0216",
      "properties": {
        "confluence_id": "CONF_0216",
        "connected_reaches": 2,
        "elevation_m": 100.0
      },
      "geometry": {
        "type": "Point",
        "coordinates": [
          98.9326,
          18.8244
        ]
      }
    },
    {
      "type": "Feature",
      "id": "CONF_0217",
      "properties": {
        "confluence_id": "CONF_0217",
        "connected_reaches": 2,
        "elevation_m": 100.0
      },
      "geometry": {
        "type": "Point",
        "coordinates": [
          98.9466,
          18.8234
        ]
      }
    },
    {
      "type": "Feature",
      "id": "CONF_0218",
      "properties": {
        "confluence_id": "CONF_0218",
        "connected_reaches": 2,
        "elevation_m": 100.0
      },
      "geometry": {
        "type": "Point",
        "coordinates": [
          98.9572,
          18.816
        ]
      }
    },
    {
      "type": "Feature",
      "id": "CONF_0219",
      "properties": {
        "confluence_id": "CONF_0219",
        "connected_reaches": 2,
        "elevation_m": 100.0
      },
      "geometry": {
        "type": "Point",
        "coordinates": [
          98.9602,
          18.8104
        ]
      }
    },
    {
      "type": "Feature",
      "id": "CONF_0220",
      "properties": {
        "confluence_id": "CONF_0220",
        "connected_reaches": 2,
        "elevation_m": 100.0
      },
      "geometry": {
        "type": "Point",
        "coordinates": [
          99.0146,
          18.6884
        ]
      }
    },
    {
      "type": "Feature",
      "id": "CONF_0221",
      "properties": {
        "confluence_id": "CONF_0221",
        "connected_reaches": 2,
        "elevation_m": 100.0
      },
      "geometry": {
        "type": "Point",
        "coordinates": [
          99.0203,
          18.761
        ]
      }
    },
    {
      "type": "Feature",
      "id": "CONF_0222",
      "properties": {
        "confluence_id": "CONF_0222",
        "connected_reaches": 3,
        "elevation_m": 100.0
      },
      "geometry": {
        "type": "Point",
        "coordinates": [
          99.6156,
          19.3958
        ]
      }
    },
    {
      "type": "Feature",
      "id": "CONF_0223",
      "properties": {
        "confluence_id": "CONF_0223",
        "connected_reaches": 2,
        "elevation_m": 100.0
      },
      "geometry": {
        "type": "Point",
        "coordinates": [
          99.5185,
          18.9928
        ]
      }
    },
    {
      "type": "Feature",
      "id": "CONF_0224",
      "properties": {
        "confluence_id": "CONF_0224",
        "connected_reaches": 2,
        "elevation_m": 100.0
      },
      "geometry": {
        "type": "Point",
        "coordinates": [
          99.5094,
          19.0065
        ]
      }
    },
    {
      "type": "Feature",
      "id": "CONF_0225",
      "properties": {
        "confluence_id": "CONF_0225",
        "connected_reaches": 2,
        "elevation_m": 100.0
      },
      "geometry": {
        "type": "Point",
        "coordinates": [
          99.4552,
          19.1082
        ]
      }
    },
    {
      "type": "Feature",
      "id": "CONF_0226",
      "properties": {
        "confluence_id": "CONF_0226",
        "connected_reaches": 3,
        "elevation_m": 100.0
      },
      "geometry": {
        "type": "Point",
        "coordinates": [
          99.508,
          19.1835
        ]
      }
    },
    {
      "type": "Feature",
      "id": "CONF_0227",
      "properties": {
        "confluence_id": "CONF_0227",
        "connected_reaches": 3,
        "elevation_m": 100.0
      },
      "geometry": {
        "type": "Point",
        "coordinates": [
          99.5157,
          19.1897
        ]
      }
    },
    {
      "type": "Feature",
      "id": "CONF_0228",
      "properties": {
        "confluence_id": "CONF_0228",
        "connected_reaches": 2,
        "elevation_m": 100.0
      },
      "geometry": {
        "type": "Point",
        "coordinates": [
          99.5176,
          19.1958
        ]
      }
    },
    {
      "type": "Feature",
      "id": "CONF_0229",
      "properties": {
        "confluence_id": "CONF_0229",
        "connected_reaches": 3,
        "elevation_m": 100.0
      },
      "geometry": {
        "type": "Point",
        "coordinates": [
          99.4277,
          19.1862
        ]
      }
    },
    {
      "type": "Feature",
      "id": "CONF_0230",
      "properties": {
        "confluence_id": "CONF_0230",
        "connected_reaches": 2,
        "elevation_m": 100.0
      },
      "geometry": {
        "type": "Point",
        "coordinates": [
          99.0203,
          18.7627
        ]
      }
    },
    {
      "type": "Feature",
      "id": "CONF_0231",
      "properties": {
        "confluence_id": "CONF_0231",
        "connected_reaches": 2,
        "elevation_m": 100.0
      },
      "geometry": {
        "type": "Point",
        "coordinates": [
          99.6219,
          19.1537
        ]
      }
    },
    {
      "type": "Feature",
      "id": "CONF_0232",
      "properties": {
        "confluence_id": "CONF_0232",
        "connected_reaches": 2,
        "elevation_m": 100.0
      },
      "geometry": {
        "type": "Point",
        "coordinates": [
          99.1272,
          18.7878
        ]
      }
    },
    {
      "type": "Feature",
      "id": "CONF_0233",
      "properties": {
        "confluence_id": "CONF_0233",
        "connected_reaches": 2,
        "elevation_m": 100.0
      },
      "geometry": {
        "type": "Point",
        "coordinates": [
          99.1288,
          18.7873
        ]
      }
    },
    {
      "type": "Feature",
      "id": "CONF_0234",
      "properties": {
        "confluence_id": "CONF_0234",
        "connected_reaches": 2,
        "elevation_m": 100.0
      },
      "geometry": {
        "type": "Point",
        "coordinates": [
          99.039,
          18.779
        ]
      }
    },
    {
      "type": "Feature",
      "id": "CONF_0235",
      "properties": {
        "confluence_id": "CONF_0235",
        "connected_reaches": 2,
        "elevation_m": 100.0
      },
      "geometry": {
        "type": "Point",
        "coordinates": [
          99.0515,
          18.755
        ]
      }
    },
    {
      "type": "Feature",
      "id": "CONF_0236",
      "properties": {
        "confluence_id": "CONF_0236",
        "connected_reaches": 2,
        "elevation_m": 100.0
      },
      "geometry": {
        "type": "Point",
        "coordinates": [
          99.1033,
          18.7672
        ]
      }
    },
    {
      "type": "Feature",
      "id": "CONF_0237",
      "properties": {
        "confluence_id": "CONF_0237",
        "connected_reaches": 2,
        "elevation_m": 100.0
      },
      "geometry": {
        "type": "Point",
        "coordinates": [
          98.8027,
          19.1058
        ]
      }
    },
    {
      "type": "Feature",
      "id": "CONF_0238",
      "properties": {
        "confluence_id": "CONF_0238",
        "connected_reaches": 2,
        "elevation_m": 100.0
      },
      "geometry": {
        "type": "Point",
        "coordinates": [
          99.0344,
          19.1639
        ]
      }
    },
    {
      "type": "Feature",
      "id": "CONF_0239",
      "properties": {
        "confluence_id": "CONF_0239",
        "connected_reaches": 2,
        "elevation_m": 100.0
      },
      "geometry": {
        "type": "Point",
        "coordinates": [
          99.5848,
          17.2688
        ]
      }
    },
    {
      "type": "Feature",
      "id": "CONF_0240",
      "properties": {
        "confluence_id": "CONF_0240",
        "connected_reaches": 2,
        "elevation_m": 100.0
      },
      "geometry": {
        "type": "Point",
        "coordinates": [
          99.1833,
          18.6161
        ]
      }
    },
    {
      "type": "Feature",
      "id": "CONF_0241",
      "properties": {
        "confluence_id": "CONF_0241",
        "connected_reaches": 2,
        "elevation_m": 100.0
      },
      "geometry": {
        "type": "Point",
        "coordinates": [
          98.9405,
          18.7463
        ]
      }
    },
    {
      "type": "Feature",
      "id": "CONF_0242",
      "properties": {
        "confluence_id": "CONF_0242",
        "connected_reaches": 3,
        "elevation_m": 100.0
      },
      "geometry": {
        "type": "Point",
        "coordinates": [
          99.1305,
          18.7734
        ]
      }
    },
    {
      "type": "Feature",
      "id": "CONF_0243",
      "properties": {
        "confluence_id": "CONF_0243",
        "connected_reaches": 2,
        "elevation_m": 100.0
      },
      "geometry": {
        "type": "Point",
        "coordinates": [
          99.1272,
          18.7742
        ]
      }
    },
    {
      "type": "Feature",
      "id": "CONF_0244",
      "properties": {
        "confluence_id": "CONF_0244",
        "connected_reaches": 2,
        "elevation_m": 100.0
      },
      "geometry": {
        "type": "Point",
        "coordinates": [
          99.1373,
          18.7735
        ]
      }
    },
    {
      "type": "Feature",
      "id": "CONF_0245",
      "properties": {
        "confluence_id": "CONF_0245",
        "connected_reaches": 2,
        "elevation_m": 100.0
      },
      "geometry": {
        "type": "Point",
        "coordinates": [
          99.6316,
          17.4789
        ]
      }
    },
    {
      "type": "Feature",
      "id": "CONF_0246",
      "properties": {
        "confluence_id": "CONF_0246",
        "connected_reaches": 2,
        "elevation_m": 100.0
      },
      "geometry": {
        "type": "Point",
        "coordinates": [
          99.0503,
          18.8389
        ]
      }
    },
    {
      "type": "Feature",
      "id": "CONF_0247",
      "properties": {
        "confluence_id": "CONF_0247",
        "connected_reaches": 2,
        "elevation_m": 100.0
      },
      "geometry": {
        "type": "Point",
        "coordinates": [
          98.9231,
          18.6193
        ]
      }
    },
    {
      "type": "Feature",
      "id": "CONF_0248",
      "properties": {
        "confluence_id": "CONF_0248",
        "connected_reaches": 2,
        "elevation_m": 100.0
      },
      "geometry": {
        "type": "Point",
        "coordinates": [
          98.9493,
          18.7269
        ]
      }
    },
    {
      "type": "Feature",
      "id": "CONF_0249",
      "properties": {
        "confluence_id": "CONF_0249",
        "connected_reaches": 2,
        "elevation_m": 100.0
      },
      "geometry": {
        "type": "Point",
        "coordinates": [
          98.8328,
          18.6399
        ]
      }
    },
    {
      "type": "Feature",
      "id": "CONF_0250",
      "properties": {
        "confluence_id": "CONF_0250",
        "connected_reaches": 2,
        "elevation_m": 100.0
      },
      "geometry": {
        "type": "Point",
        "coordinates": [
          98.8175,
          18.677
        ]
      }
    },
    {
      "type": "Feature",
      "id": "CONF_0251",
      "properties": {
        "confluence_id": "CONF_0251",
        "connected_reaches": 2,
        "elevation_m": 100.0
      },
      "geometry": {
        "type": "Point",
        "coordinates": [
          98.8022,
          18.6917
        ]
      }
    },
    {
      "type": "Feature",
      "id": "CONF_0252",
      "properties": {
        "confluence_id": "CONF_0252",
        "connected_reaches": 2,
        "elevation_m": 100.0
      },
      "geometry": {
        "type": "Point",
        "coordinates": [
          98.8792,
          18.6591
        ]
      }
    },
    {
      "type": "Feature",
      "id": "CONF_0253",
      "properties": {
        "confluence_id": "CONF_0253",
        "connected_reaches": 2,
        "elevation_m": 100.0
      },
      "geometry": {
        "type": "Point",
        "coordinates": [
          98.9997,
          18.8765
        ]
      }
    },
    {
      "type": "Feature",
      "id": "CONF_0254",
      "properties": {
        "confluence_id": "CONF_0254",
        "connected_reaches": 2,
        "elevation_m": 100.0
      },
      "geometry": {
        "type": "Point",
        "coordinates": [
          99.0019,
          18.8668
        ]
      }
    },
    {
      "type": "Feature",
      "id": "CONF_0255",
      "properties": {
        "confluence_id": "CONF_0255",
        "connected_reaches": 2,
        "elevation_m": 100.0
      },
      "geometry": {
        "type": "Point",
        "coordinates": [
          99.0043,
          18.7108
        ]
      }
    },
    {
      "type": "Feature",
      "id": "CONF_0256",
      "properties": {
        "confluence_id": "CONF_0256",
        "connected_reaches": 2,
        "elevation_m": 100.0
      },
      "geometry": {
        "type": "Point",
        "coordinates": [
          99.2564,
          18.7751
        ]
      }
    },
    {
      "type": "Feature",
      "id": "CONF_0257",
      "properties": {
        "confluence_id": "CONF_0257",
        "connected_reaches": 2,
        "elevation_m": 100.0
      },
      "geometry": {
        "type": "Point",
        "coordinates": [
          99.2166,
          18.7395
        ]
      }
    },
    {
      "type": "Feature",
      "id": "CONF_0258",
      "properties": {
        "confluence_id": "CONF_0258",
        "connected_reaches": 2,
        "elevation_m": 100.0
      },
      "geometry": {
        "type": "Point",
        "coordinates": [
          99.5204,
          17.3163
        ]
      }
    },
    {
      "type": "Feature",
      "id": "CONF_0259",
      "properties": {
        "confluence_id": "CONF_0259",
        "connected_reaches": 2,
        "elevation_m": 100.0
      },
      "geometry": {
        "type": "Point",
        "coordinates": [
          99.3873,
          18.8327
        ]
      }
    },
    {
      "type": "Feature",
      "id": "CONF_0260",
      "properties": {
        "confluence_id": "CONF_0260",
        "connected_reaches": 2,
        "elevation_m": 100.0
      },
      "geometry": {
        "type": "Point",
        "coordinates": [
          99.3862,
          18.8299
        ]
      }
    },
    {
      "type": "Feature",
      "id": "CONF_0261",
      "properties": {
        "confluence_id": "CONF_0261",
        "connected_reaches": 2,
        "elevation_m": 100.0
      },
      "geometry": {
        "type": "Point",
        "coordinates": [
          99.4906,
          18.8267
        ]
      }
    },
    {
      "type": "Feature",
      "id": "CONF_0262",
      "properties": {
        "confluence_id": "CONF_0262",
        "connected_reaches": 3,
        "elevation_m": 100.0
      },
      "geometry": {
        "type": "Point",
        "coordinates": [
          99.5156,
          18.7787
        ]
      }
    },
    {
      "type": "Feature",
      "id": "CONF_0263",
      "properties": {
        "confluence_id": "CONF_0263",
        "connected_reaches": 2,
        "elevation_m": 100.0
      },
      "geometry": {
        "type": "Point",
        "coordinates": [
          99.4467,
          18.7947
        ]
      }
    },
    {
      "type": "Feature",
      "id": "CONF_0264",
      "properties": {
        "confluence_id": "CONF_0264",
        "connected_reaches": 3,
        "elevation_m": 100.0
      },
      "geometry": {
        "type": "Point",
        "coordinates": [
          99.5279,
          18.7716
        ]
      }
    },
    {
      "type": "Feature",
      "id": "CONF_0265",
      "properties": {
        "confluence_id": "CONF_0265",
        "connected_reaches": 2,
        "elevation_m": 100.0
      },
      "geometry": {
        "type": "Point",
        "coordinates": [
          99.4352,
          18.5726
        ]
      }
    },
    {
      "type": "Feature",
      "id": "CONF_0266",
      "properties": {
        "confluence_id": "CONF_0266",
        "connected_reaches": 2,
        "elevation_m": 100.0
      },
      "geometry": {
        "type": "Point",
        "coordinates": [
          99.531,
          17.3288
        ]
      }
    },
    {
      "type": "Feature",
      "id": "CONF_0267",
      "properties": {
        "confluence_id": "CONF_0267",
        "connected_reaches": 2,
        "elevation_m": 100.0
      },
      "geometry": {
        "type": "Point",
        "coordinates": [
          99.7408,
          19.5524
        ]
      }
    },
    {
      "type": "Feature",
      "id": "CONF_0268",
      "properties": {
        "confluence_id": "CONF_0268",
        "connected_reaches": 2,
        "elevation_m": 100.0
      },
      "geometry": {
        "type": "Point",
        "coordinates": [
          98.9347,
          18.9339
        ]
      }
    },
    {
      "type": "Feature",
      "id": "CONF_0269",
      "properties": {
        "confluence_id": "CONF_0269",
        "connected_reaches": 2,
        "elevation_m": 100.0
      },
      "geometry": {
        "type": "Point",
        "coordinates": [
          98.9326,
          18.9275
        ]
      }
    },
    {
      "type": "Feature",
      "id": "CONF_0270",
      "properties": {
        "confluence_id": "CONF_0270",
        "connected_reaches": 2,
        "elevation_m": 100.0
      },
      "geometry": {
        "type": "Point",
        "coordinates": [
          98.9392,
          18.9062
        ]
      }
    },
    {
      "type": "Feature",
      "id": "CONF_0271",
      "properties": {
        "confluence_id": "CONF_0271",
        "connected_reaches": 2,
        "elevation_m": 100.0
      },
      "geometry": {
        "type": "Point",
        "coordinates": [
          99.1015,
          18.8684
        ]
      }
    },
    {
      "type": "Feature",
      "id": "CONF_0272",
      "properties": {
        "confluence_id": "CONF_0272",
        "connected_reaches": 2,
        "elevation_m": 100.0
      },
      "geometry": {
        "type": "Point",
        "coordinates": [
          99.1586,
          18.7225
        ]
      }
    },
    {
      "type": "Feature",
      "id": "CONF_0273",
      "properties": {
        "confluence_id": "CONF_0273",
        "connected_reaches": 2,
        "elevation_m": 100.0
      },
      "geometry": {
        "type": "Point",
        "coordinates": [
          98.8278,
          18.2676
        ]
      }
    },
    {
      "type": "Feature",
      "id": "CONF_0274",
      "properties": {
        "confluence_id": "CONF_0274",
        "connected_reaches": 2,
        "elevation_m": 100.0
      },
      "geometry": {
        "type": "Point",
        "coordinates": [
          98.9081,
          17.9462
        ]
      }
    },
    {
      "type": "Feature",
      "id": "CONF_0275",
      "properties": {
        "confluence_id": "CONF_0275",
        "connected_reaches": 2,
        "elevation_m": 100.0
      },
      "geometry": {
        "type": "Point",
        "coordinates": [
          98.8961,
          18.1159
        ]
      }
    },
    {
      "type": "Feature",
      "id": "CONF_0276",
      "properties": {
        "confluence_id": "CONF_0276",
        "connected_reaches": 2,
        "elevation_m": 100.0
      },
      "geometry": {
        "type": "Point",
        "coordinates": [
          98.9614,
          18.771
        ]
      }
    },
    {
      "type": "Feature",
      "id": "CONF_0277",
      "properties": {
        "confluence_id": "CONF_0277",
        "connected_reaches": 2,
        "elevation_m": 100.0
      },
      "geometry": {
        "type": "Point",
        "coordinates": [
          99.2959,
          18.8626
        ]
      }
    },
    {
      "type": "Feature",
      "id": "CONF_0278",
      "properties": {
        "confluence_id": "CONF_0278",
        "connected_reaches": 2,
        "elevation_m": 100.0
      },
      "geometry": {
        "type": "Point",
        "coordinates": [
          98.9464,
          18.6177
        ]
      }
    },
    {
      "type": "Feature",
      "id": "CONF_0279",
      "properties": {
        "confluence_id": "CONF_0279",
        "connected_reaches": 2,
        "elevation_m": 100.0
      },
      "geometry": {
        "type": "Point",
        "coordinates": [
          98.9282,
          18.6159
        ]
      }
    },
    {
      "type": "Feature",
      "id": "CONF_0280",
      "properties": {
        "confluence_id": "CONF_0280",
        "connected_reaches": 2,
        "elevation_m": 100.0
      },
      "geometry": {
        "type": "Point",
        "coordinates": [
          98.95,
          18.6357
        ]
      }
    },
    {
      "type": "Feature",
      "id": "CONF_0281",
      "properties": {
        "confluence_id": "CONF_0281",
        "connected_reaches": 2,
        "elevation_m": 100.0
      },
      "geometry": {
        "type": "Point",
        "coordinates": [
          99.0982,
          18.7982
        ]
      }
    },
    {
      "type": "Feature",
      "id": "CONF_0282",
      "properties": {
        "confluence_id": "CONF_0282",
        "connected_reaches": 2,
        "elevation_m": 100.0
      },
      "geometry": {
        "type": "Point",
        "coordinates": [
          99.0982,
          18.799
        ]
      }
    },
    {
      "type": "Feature",
      "id": "CONF_0283",
      "properties": {
        "confluence_id": "CONF_0283",
        "connected_reaches": 3,
        "elevation_m": 100.0
      },
      "geometry": {
        "type": "Point",
        "coordinates": [
          98.9626,
          18.242
        ]
      }
    },
    {
      "type": "Feature",
      "id": "CONF_0284",
      "properties": {
        "confluence_id": "CONF_0284",
        "connected_reaches": 2,
        "elevation_m": 100.0
      },
      "geometry": {
        "type": "Point",
        "coordinates": [
          98.8897,
          18.1631
        ]
      }
    },
    {
      "type": "Feature",
      "id": "CONF_0285",
      "properties": {
        "confluence_id": "CONF_0285",
        "connected_reaches": 2,
        "elevation_m": 100.0
      },
      "geometry": {
        "type": "Point",
        "coordinates": [
          98.8959,
          18.1158
        ]
      }
    },
    {
      "type": "Feature",
      "id": "CONF_0286",
      "properties": {
        "confluence_id": "CONF_0286",
        "connected_reaches": 2,
        "elevation_m": 100.0
      },
      "geometry": {
        "type": "Point",
        "coordinates": [
          98.851,
          18.2167
        ]
      }
    },
    {
      "type": "Feature",
      "id": "CONF_0287",
      "properties": {
        "confluence_id": "CONF_0287",
        "connected_reaches": 2,
        "elevation_m": 100.0
      },
      "geometry": {
        "type": "Point",
        "coordinates": [
          98.8895,
          18.1631
        ]
      }
    },
    {
      "type": "Feature",
      "id": "CONF_0288",
      "properties": {
        "confluence_id": "CONF_0288",
        "connected_reaches": 2,
        "elevation_m": 100.0
      },
      "geometry": {
        "type": "Point",
        "coordinates": [
          98.8269,
          18.241
        ]
      }
    },
    {
      "type": "Feature",
      "id": "CONF_0289",
      "properties": {
        "confluence_id": "CONF_0289",
        "connected_reaches": 2,
        "elevation_m": 100.0
      },
      "geometry": {
        "type": "Point",
        "coordinates": [
          98.8375,
          18.2351
        ]
      }
    },
    {
      "type": "Feature",
      "id": "CONF_0290",
      "properties": {
        "confluence_id": "CONF_0290",
        "connected_reaches": 2,
        "elevation_m": 100.0
      },
      "geometry": {
        "type": "Point",
        "coordinates": [
          98.8572,
          18.1906
        ]
      }
    },
    {
      "type": "Feature",
      "id": "CONF_0291",
      "properties": {
        "confluence_id": "CONF_0291",
        "connected_reaches": 2,
        "elevation_m": 100.0
      },
      "geometry": {
        "type": "Point",
        "coordinates": [
          98.8508,
          18.2166
        ]
      }
    },
    {
      "type": "Feature",
      "id": "CONF_0292",
      "properties": {
        "confluence_id": "CONF_0292",
        "connected_reaches": 2,
        "elevation_m": 100.0
      },
      "geometry": {
        "type": "Point",
        "coordinates": [
          98.8992,
          18.0915
        ]
      }
    },
    {
      "type": "Feature",
      "id": "CONF_0293",
      "properties": {
        "confluence_id": "CONF_0293",
        "connected_reaches": 2,
        "elevation_m": 100.0
      },
      "geometry": {
        "type": "Point",
        "coordinates": [
          100.23,
          18.2538
        ]
      }
    },
    {
      "type": "Feature",
      "id": "CONF_0294",
      "properties": {
        "confluence_id": "CONF_0294",
        "connected_reaches": 2,
        "elevation_m": 100.0
      },
      "geometry": {
        "type": "Point",
        "coordinates": [
          99.0649,
          18.5792
        ]
      }
    },
    {
      "type": "Feature",
      "id": "CONF_0295",
      "properties": {
        "confluence_id": "CONF_0295",
        "connected_reaches": 2,
        "elevation_m": 100.0
      },
      "geometry": {
        "type": "Point",
        "coordinates": [
          99.0645,
          18.5795
        ]
      }
    },
    {
      "type": "Feature",
      "id": "CONF_0296",
      "properties": {
        "confluence_id": "CONF_0296",
        "connected_reaches": 2,
        "elevation_m": 100.0
      },
      "geometry": {
        "type": "Point",
        "coordinates": [
          98.9879,
          19.4012
        ]
      }
    },
    {
      "type": "Feature",
      "id": "CONF_0297",
      "properties": {
        "confluence_id": "CONF_0297",
        "connected_reaches": 2,
        "elevation_m": 100.0
      },
      "geometry": {
        "type": "Point",
        "coordinates": [
          98.9911,
          19.4474
        ]
      }
    },
    {
      "type": "Feature",
      "id": "CONF_0298",
      "properties": {
        "confluence_id": "CONF_0298",
        "connected_reaches": 3,
        "elevation_m": 100.0
      },
      "geometry": {
        "type": "Point",
        "coordinates": [
          98.9551,
          19.5908
        ]
      }
    },
    {
      "type": "Feature",
      "id": "CONF_0299",
      "properties": {
        "confluence_id": "CONF_0299",
        "connected_reaches": 2,
        "elevation_m": 100.0
      },
      "geometry": {
        "type": "Point",
        "coordinates": [
          98.9518,
          19.5788
        ]
      }
    },
    {
      "type": "Feature",
      "id": "CONF_0300",
      "properties": {
        "confluence_id": "CONF_0300",
        "connected_reaches": 2,
        "elevation_m": 100.0
      },
      "geometry": {
        "type": "Point",
        "coordinates": [
          98.9529,
          19.5581
        ]
      }
    },
    {
      "type": "Feature",
      "id": "CONF_0301",
      "properties": {
        "confluence_id": "CONF_0301",
        "connected_reaches": 2,
        "elevation_m": 100.0
      },
      "geometry": {
        "type": "Point",
        "coordinates": [
          98.8926,
          19.7077
        ]
      }
    },
    {
      "type": "Feature",
      "id": "CONF_0302",
      "properties": {
        "confluence_id": "CONF_0302",
        "connected_reaches": 2,
        "elevation_m": 100.0
      },
      "geometry": {
        "type": "Point",
        "coordinates": [
          98.956,
          18.8131
        ]
      }
    },
    {
      "type": "Feature",
      "id": "CONF_0303",
      "properties": {
        "confluence_id": "CONF_0303",
        "connected_reaches": 3,
        "elevation_m": 100.0
      },
      "geometry": {
        "type": "Point",
        "coordinates": [
          98.8763,
          19.0258
        ]
      }
    },
    {
      "type": "Feature",
      "id": "CONF_0304",
      "properties": {
        "confluence_id": "CONF_0304",
        "connected_reaches": 3,
        "elevation_m": 100.0
      },
      "geometry": {
        "type": "Point",
        "coordinates": [
          99.1201,
          18.7656
        ]
      }
    },
    {
      "type": "Feature",
      "id": "CONF_0305",
      "properties": {
        "confluence_id": "CONF_0305",
        "connected_reaches": 2,
        "elevation_m": 100.0
      },
      "geometry": {
        "type": "Point",
        "coordinates": [
          99.9444,
          18.154
        ]
      }
    },
    {
      "type": "Feature",
      "id": "CONF_0306",
      "properties": {
        "confluence_id": "CONF_0306",
        "connected_reaches": 2,
        "elevation_m": 100.0
      },
      "geometry": {
        "type": "Point",
        "coordinates": [
          98.988,
          19.1179
        ]
      }
    },
    {
      "type": "Feature",
      "id": "CONF_0307",
      "properties": {
        "confluence_id": "CONF_0307",
        "connected_reaches": 2,
        "elevation_m": 100.0
      },
      "geometry": {
        "type": "Point",
        "coordinates": [
          98.97,
          19.0988
        ]
      }
    },
    {
      "type": "Feature",
      "id": "CONF_0308",
      "properties": {
        "confluence_id": "CONF_0308",
        "connected_reaches": 2,
        "elevation_m": 100.0
      },
      "geometry": {
        "type": "Point",
        "coordinates": [
          99.0323,
          19.1578
        ]
      }
    },
    {
      "type": "Feature",
      "id": "CONF_0309",
      "properties": {
        "confluence_id": "CONF_0309",
        "connected_reaches": 2,
        "elevation_m": 100.0
      },
      "geometry": {
        "type": "Point",
        "coordinates": [
          98.9659,
          18.8144
        ]
      }
    },
    {
      "type": "Feature",
      "id": "CONF_0310",
      "properties": {
        "confluence_id": "CONF_0310",
        "connected_reaches": 2,
        "elevation_m": 100.0
      },
      "geometry": {
        "type": "Point",
        "coordinates": [
          98.9739,
          17.7755
        ]
      }
    },
    {
      "type": "Feature",
      "id": "CONF_0311",
      "properties": {
        "confluence_id": "CONF_0311",
        "connected_reaches": 3,
        "elevation_m": 100.0
      },
      "geometry": {
        "type": "Point",
        "coordinates": [
          98.9583,
          19.6174
        ]
      }
    },
    {
      "type": "Feature",
      "id": "CONF_0312",
      "properties": {
        "confluence_id": "CONF_0312",
        "connected_reaches": 3,
        "elevation_m": 100.0
      },
      "geometry": {
        "type": "Point",
        "coordinates": [
          98.9893,
          18.8142
        ]
      }
    },
    {
      "type": "Feature",
      "id": "CONF_0313",
      "properties": {
        "confluence_id": "CONF_0313",
        "connected_reaches": 3,
        "elevation_m": 100.0
      },
      "geometry": {
        "type": "Point",
        "coordinates": [
          98.9779,
          18.8131
        ]
      }
    },
    {
      "type": "Feature",
      "id": "CONF_0314",
      "properties": {
        "confluence_id": "CONF_0314",
        "connected_reaches": 2,
        "elevation_m": 100.0
      },
      "geometry": {
        "type": "Point",
        "coordinates": [
          99.2116,
          18.7302
        ]
      }
    },
    {
      "type": "Feature",
      "id": "CONF_0315",
      "properties": {
        "confluence_id": "CONF_0315",
        "connected_reaches": 2,
        "elevation_m": 100.0
      },
      "geometry": {
        "type": "Point",
        "coordinates": [
          98.9773,
          18.8134
        ]
      }
    },
    {
      "type": "Feature",
      "id": "CONF_0316",
      "properties": {
        "confluence_id": "CONF_0316",
        "connected_reaches": 2,
        "elevation_m": 100.0
      },
      "geometry": {
        "type": "Point",
        "coordinates": [
          98.981,
          18.7392
        ]
      }
    },
    {
      "type": "Feature",
      "id": "CONF_0317",
      "properties": {
        "confluence_id": "CONF_0317",
        "connected_reaches": 2,
        "elevation_m": 100.0
      },
      "geometry": {
        "type": "Point",
        "coordinates": [
          98.8568,
          18.5235
        ]
      }
    },
    {
      "type": "Feature",
      "id": "CONF_0318",
      "properties": {
        "confluence_id": "CONF_0318",
        "connected_reaches": 2,
        "elevation_m": 100.0
      },
      "geometry": {
        "type": "Point",
        "coordinates": [
          98.8566,
          18.523
        ]
      }
    },
    {
      "type": "Feature",
      "id": "CONF_0319",
      "properties": {
        "confluence_id": "CONF_0319",
        "connected_reaches": 2,
        "elevation_m": 100.0
      },
      "geometry": {
        "type": "Point",
        "coordinates": [
          98.9013,
          18.5268
        ]
      }
    },
    {
      "type": "Feature",
      "id": "CONF_0320",
      "properties": {
        "confluence_id": "CONF_0320",
        "connected_reaches": 2,
        "elevation_m": 100.0
      },
      "geometry": {
        "type": "Point",
        "coordinates": [
          98.9867,
          18.8369
        ]
      }
    },
    {
      "type": "Feature",
      "id": "CONF_0321",
      "properties": {
        "confluence_id": "CONF_0321",
        "connected_reaches": 2,
        "elevation_m": 100.0
      },
      "geometry": {
        "type": "Point",
        "coordinates": [
          98.9347,
          19.4627
        ]
      }
    },
    {
      "type": "Feature",
      "id": "CONF_0322",
      "properties": {
        "confluence_id": "CONF_0322",
        "connected_reaches": 2,
        "elevation_m": 100.0
      },
      "geometry": {
        "type": "Point",
        "coordinates": [
          98.9325,
          19.4997
        ]
      }
    },
    {
      "type": "Feature",
      "id": "CONF_0323",
      "properties": {
        "confluence_id": "CONF_0323",
        "connected_reaches": 2,
        "elevation_m": 100.0
      },
      "geometry": {
        "type": "Point",
        "coordinates": [
          100.1852,
          18.4636
        ]
      }
    },
    {
      "type": "Feature",
      "id": "CONF_0324",
      "properties": {
        "confluence_id": "CONF_0324",
        "connected_reaches": 2,
        "elevation_m": 100.0
      },
      "geometry": {
        "type": "Point",
        "coordinates": [
          100.1539,
          18.4546
        ]
      }
    },
    {
      "type": "Feature",
      "id": "CONF_0325",
      "properties": {
        "confluence_id": "CONF_0325",
        "connected_reaches": 2,
        "elevation_m": 100.0
      },
      "geometry": {
        "type": "Point",
        "coordinates": [
          100.1543,
          18.4844
        ]
      }
    },
    {
      "type": "Feature",
      "id": "CONF_0326",
      "properties": {
        "confluence_id": "CONF_0326",
        "connected_reaches": 2,
        "elevation_m": 100.0
      },
      "geometry": {
        "type": "Point",
        "coordinates": [
          98.9169,
          18.9629
        ]
      }
    },
    {
      "type": "Feature",
      "id": "CONF_0327",
      "properties": {
        "confluence_id": "CONF_0327",
        "connected_reaches": 2,
        "elevation_m": 100.0
      },
      "geometry": {
        "type": "Point",
        "coordinates": [
          98.9747,
          18.8089
        ]
      }
    },
    {
      "type": "Feature",
      "id": "CONF_0328",
      "properties": {
        "confluence_id": "CONF_0328",
        "connected_reaches": 2,
        "elevation_m": 100.0
      },
      "geometry": {
        "type": "Point",
        "coordinates": [
          98.9742,
          18.8086
        ]
      }
    },
    {
      "type": "Feature",
      "id": "CONF_0329",
      "properties": {
        "confluence_id": "CONF_0329",
        "connected_reaches": 2,
        "elevation_m": 100.0
      },
      "geometry": {
        "type": "Point",
        "coordinates": [
          99.0109,
          19.2268
        ]
      }
    },
    {
      "type": "Feature",
      "id": "CONF_0330",
      "properties": {
        "confluence_id": "CONF_0330",
        "connected_reaches": 2,
        "elevation_m": 100.0
      },
      "geometry": {
        "type": "Point",
        "coordinates": [
          99.12,
          18.8845
        ]
      }
    },
    {
      "type": "Feature",
      "id": "CONF_0331",
      "properties": {
        "confluence_id": "CONF_0331",
        "connected_reaches": 2,
        "elevation_m": 100.0
      },
      "geometry": {
        "type": "Point",
        "coordinates": [
          98.9811,
          18.9941
        ]
      }
    },
    {
      "type": "Feature",
      "id": "CONF_0332",
      "properties": {
        "confluence_id": "CONF_0332",
        "connected_reaches": 2,
        "elevation_m": 100.0
      },
      "geometry": {
        "type": "Point",
        "coordinates": [
          98.9971,
          18.9343
        ]
      }
    },
    {
      "type": "Feature",
      "id": "CONF_0333",
      "properties": {
        "confluence_id": "CONF_0333",
        "connected_reaches": 2,
        "elevation_m": 100.0
      },
      "geometry": {
        "type": "Point",
        "coordinates": [
          98.9811,
          18.9946
        ]
      }
    },
    {
      "type": "Feature",
      "id": "CONF_0334",
      "properties": {
        "confluence_id": "CONF_0334",
        "connected_reaches": 2,
        "elevation_m": 100.0
      },
      "geometry": {
        "type": "Point",
        "coordinates": [
          98.9848,
          18.9956
        ]
      }
    },
    {
      "type": "Feature",
      "id": "CONF_0335",
      "properties": {
        "confluence_id": "CONF_0335",
        "connected_reaches": 2,
        "elevation_m": 100.0
      },
      "geometry": {
        "type": "Point",
        "coordinates": [
          99.0324,
          19.1219
        ]
      }
    },
    {
      "type": "Feature",
      "id": "CONF_0336",
      "properties": {
        "confluence_id": "CONF_0336",
        "connected_reaches": 2,
        "elevation_m": 100.0
      },
      "geometry": {
        "type": "Point",
        "coordinates": [
          99.2029,
          18.7206
        ]
      }
    },
    {
      "type": "Feature",
      "id": "CONF_0337",
      "properties": {
        "confluence_id": "CONF_0337",
        "connected_reaches": 2,
        "elevation_m": 100.0
      },
      "geometry": {
        "type": "Point",
        "coordinates": [
          99.8541,
          19.1743
        ]
      }
    },
    {
      "type": "Feature",
      "id": "CONF_0338",
      "properties": {
        "confluence_id": "CONF_0338",
        "connected_reaches": 2,
        "elevation_m": 100.0
      },
      "geometry": {
        "type": "Point",
        "coordinates": [
          98.935,
          19.1064
        ]
      }
    },
    {
      "type": "Feature",
      "id": "CONF_0339",
      "properties": {
        "confluence_id": "CONF_0339",
        "connected_reaches": 2,
        "elevation_m": 100.0
      },
      "geometry": {
        "type": "Point",
        "coordinates": [
          99.0821,
          18.9279
        ]
      }
    },
    {
      "type": "Feature",
      "id": "CONF_0340",
      "properties": {
        "confluence_id": "CONF_0340",
        "connected_reaches": 2,
        "elevation_m": 100.0
      },
      "geometry": {
        "type": "Point",
        "coordinates": [
          99.0801,
          18.881
        ]
      }
    },
    {
      "type": "Feature",
      "id": "CONF_0341",
      "properties": {
        "confluence_id": "CONF_0341",
        "connected_reaches": 2,
        "elevation_m": 100.0
      },
      "geometry": {
        "type": "Point",
        "coordinates": [
          99.8412,
          19.2598
        ]
      }
    },
    {
      "type": "Feature",
      "id": "CONF_0342",
      "properties": {
        "confluence_id": "CONF_0342",
        "connected_reaches": 2,
        "elevation_m": 100.0
      },
      "geometry": {
        "type": "Point",
        "coordinates": [
          98.9595,
          18.8673
        ]
      }
    },
    {
      "type": "Feature",
      "id": "CONF_0343",
      "properties": {
        "confluence_id": "CONF_0343",
        "connected_reaches": 2,
        "elevation_m": 100.0
      },
      "geometry": {
        "type": "Point",
        "coordinates": [
          99.1519,
          19.686
        ]
      }
    },
    {
      "type": "Feature",
      "id": "CONF_0344",
      "properties": {
        "confluence_id": "CONF_0344",
        "connected_reaches": 2,
        "elevation_m": 100.0
      },
      "geometry": {
        "type": "Point",
        "coordinates": [
          99.1605,
          19.7677
        ]
      }
    },
    {
      "type": "Feature",
      "id": "CONF_0345",
      "properties": {
        "confluence_id": "CONF_0345",
        "connected_reaches": 2,
        "elevation_m": 100.0
      },
      "geometry": {
        "type": "Point",
        "coordinates": [
          99.2253,
          17.2045
        ]
      }
    },
    {
      "type": "Feature",
      "id": "CONF_0346",
      "properties": {
        "confluence_id": "CONF_0346",
        "connected_reaches": 3,
        "elevation_m": 100.0
      },
      "geometry": {
        "type": "Point",
        "coordinates": [
          99.8893,
          17.4489
        ]
      }
    },
    {
      "type": "Feature",
      "id": "CONF_0347",
      "properties": {
        "confluence_id": "CONF_0347",
        "connected_reaches": 2,
        "elevation_m": 100.0
      },
      "geometry": {
        "type": "Point",
        "coordinates": [
          99.965,
          17.4946
        ]
      }
    },
    {
      "type": "Feature",
      "id": "CONF_0348",
      "properties": {
        "confluence_id": "CONF_0348",
        "connected_reaches": 2,
        "elevation_m": 100.0
      },
      "geometry": {
        "type": "Point",
        "coordinates": [
          99.9376,
          17.5321
        ]
      }
    },
    {
      "type": "Feature",
      "id": "CONF_0349",
      "properties": {
        "confluence_id": "CONF_0349",
        "connected_reaches": 2,
        "elevation_m": 100.0
      },
      "geometry": {
        "type": "Point",
        "coordinates": [
          99.7078,
          17.5515
        ]
      }
    },
    {
      "type": "Feature",
      "id": "CONF_0350",
      "properties": {
        "confluence_id": "CONF_0350",
        "connected_reaches": 2,
        "elevation_m": 100.0
      },
      "geometry": {
        "type": "Point",
        "coordinates": [
          100.043,
          17.3131
        ]
      }
    },
    {
      "type": "Feature",
      "id": "CONF_0351",
      "properties": {
        "confluence_id": "CONF_0351",
        "connected_reaches": 2,
        "elevation_m": 100.0
      },
      "geometry": {
        "type": "Point",
        "coordinates": [
          100.006,
          17.2641
        ]
      }
    },
    {
      "type": "Feature",
      "id": "CONF_0352",
      "properties": {
        "confluence_id": "CONF_0352",
        "connected_reaches": 2,
        "elevation_m": 100.0
      },
      "geometry": {
        "type": "Point",
        "coordinates": [
          99.7098,
          17.252
        ]
      }
    },
    {
      "type": "Feature",
      "id": "CONF_0353",
      "properties": {
        "confluence_id": "CONF_0353",
        "connected_reaches": 2,
        "elevation_m": 100.0
      },
      "geometry": {
        "type": "Point",
        "coordinates": [
          99.716,
          17.2267
        ]
      }
    },
    {
      "type": "Feature",
      "id": "CONF_0354",
      "properties": {
        "confluence_id": "CONF_0354",
        "connected_reaches": 2,
        "elevation_m": 100.0
      },
      "geometry": {
        "type": "Point",
        "coordinates": [
          98.9823,
          19.0215
        ]
      }
    },
    {
      "type": "Feature",
      "id": "CONF_0355",
      "properties": {
        "confluence_id": "CONF_0355",
        "connected_reaches": 2,
        "elevation_m": 100.0
      },
      "geometry": {
        "type": "Point",
        "coordinates": [
          98.9779,
          19.044
        ]
      }
    },
    {
      "type": "Feature",
      "id": "CONF_0356",
      "properties": {
        "confluence_id": "CONF_0356",
        "connected_reaches": 2,
        "elevation_m": 100.0
      },
      "geometry": {
        "type": "Point",
        "coordinates": [
          99.8021,
          18.3075
        ]
      }
    },
    {
      "type": "Feature",
      "id": "CONF_0357",
      "properties": {
        "confluence_id": "CONF_0357",
        "connected_reaches": 2,
        "elevation_m": 100.0
      },
      "geometry": {
        "type": "Point",
        "coordinates": [
          99.8066,
          18.3049
        ]
      }
    },
    {
      "type": "Feature",
      "id": "CONF_0358",
      "properties": {
        "confluence_id": "CONF_0358",
        "connected_reaches": 2,
        "elevation_m": 100.0
      },
      "geometry": {
        "type": "Point",
        "coordinates": [
          100.2228,
          18.0845
        ]
      }
    },
    {
      "type": "Feature",
      "id": "CONF_0359",
      "properties": {
        "confluence_id": "CONF_0359",
        "connected_reaches": 2,
        "elevation_m": 100.0
      },
      "geometry": {
        "type": "Point",
        "coordinates": [
          98.8315,
          18.316
        ]
      }
    },
    {
      "type": "Feature",
      "id": "CONF_0360",
      "properties": {
        "confluence_id": "CONF_0360",
        "connected_reaches": 2,
        "elevation_m": 100.0
      },
      "geometry": {
        "type": "Point",
        "coordinates": [
          98.8141,
          18.3211
        ]
      }
    },
    {
      "type": "Feature",
      "id": "CONF_0361",
      "properties": {
        "confluence_id": "CONF_0361",
        "connected_reaches": 2,
        "elevation_m": 100.0
      },
      "geometry": {
        "type": "Point",
        "coordinates": [
          100.0909,
          17.6106
        ]
      }
    },
    {
      "type": "Feature",
      "id": "CONF_0362",
      "properties": {
        "confluence_id": "CONF_0362",
        "connected_reaches": 2,
        "elevation_m": 100.0
      },
      "geometry": {
        "type": "Point",
        "coordinates": [
          100.1247,
          17.7355
        ]
      }
    },
    {
      "type": "Feature",
      "id": "CONF_0363",
      "properties": {
        "confluence_id": "CONF_0363",
        "connected_reaches": 2,
        "elevation_m": 100.0
      },
      "geometry": {
        "type": "Point",
        "coordinates": [
          98.7411,
          18.3936
        ]
      }
    },
    {
      "type": "Feature",
      "id": "CONF_0364",
      "properties": {
        "confluence_id": "CONF_0364",
        "connected_reaches": 2,
        "elevation_m": 100.0
      },
      "geometry": {
        "type": "Point",
        "coordinates": [
          99.6057,
          17.8917
        ]
      }
    },
    {
      "type": "Feature",
      "id": "CONF_0365",
      "properties": {
        "confluence_id": "CONF_0365",
        "connected_reaches": 2,
        "elevation_m": 100.0
      },
      "geometry": {
        "type": "Point",
        "coordinates": [
          99.5216,
          18.4319
        ]
      }
    },
    {
      "type": "Feature",
      "id": "CONF_0366",
      "properties": {
        "confluence_id": "CONF_0366",
        "connected_reaches": 2,
        "elevation_m": 100.0
      },
      "geometry": {
        "type": "Point",
        "coordinates": [
          98.7791,
          18.605
        ]
      }
    },
    {
      "type": "Feature",
      "id": "CONF_0367",
      "properties": {
        "confluence_id": "CONF_0367",
        "connected_reaches": 2,
        "elevation_m": 100.0
      },
      "geometry": {
        "type": "Point",
        "coordinates": [
          98.7843,
          18.6007
        ]
      }
    },
    {
      "type": "Feature",
      "id": "CONF_0368",
      "properties": {
        "confluence_id": "CONF_0368",
        "connected_reaches": 4,
        "elevation_m": 100.0
      },
      "geometry": {
        "type": "Point",
        "coordinates": [
          98.934,
          19.1025
        ]
      }
    },
    {
      "type": "Feature",
      "id": "CONF_0369",
      "properties": {
        "confluence_id": "CONF_0369",
        "connected_reaches": 2,
        "elevation_m": 100.0
      },
      "geometry": {
        "type": "Point",
        "coordinates": [
          99.1415,
          17.51
        ]
      }
    },
    {
      "type": "Feature",
      "id": "CONF_0370",
      "properties": {
        "confluence_id": "CONF_0370",
        "connected_reaches": 2,
        "elevation_m": 100.0
      },
      "geometry": {
        "type": "Point",
        "coordinates": [
          98.877,
          18.755
        ]
      }
    },
    {
      "type": "Feature",
      "id": "CONF_0371",
      "properties": {
        "confluence_id": "CONF_0371",
        "connected_reaches": 2,
        "elevation_m": 100.0
      },
      "geometry": {
        "type": "Point",
        "coordinates": [
          98.9133,
          18.7073
        ]
      }
    },
    {
      "type": "Feature",
      "id": "CONF_0372",
      "properties": {
        "confluence_id": "CONF_0372",
        "connected_reaches": 2,
        "elevation_m": 100.0
      },
      "geometry": {
        "type": "Point",
        "coordinates": [
          98.7729,
          18.6049
        ]
      }
    },
    {
      "type": "Feature",
      "id": "CONF_0373",
      "properties": {
        "confluence_id": "CONF_0373",
        "connected_reaches": 2,
        "elevation_m": 100.0
      },
      "geometry": {
        "type": "Point",
        "coordinates": [
          98.7828,
          18.5987
        ]
      }
    },
    {
      "type": "Feature",
      "id": "CONF_0374",
      "properties": {
        "confluence_id": "CONF_0374",
        "connected_reaches": 2,
        "elevation_m": 100.0
      },
      "geometry": {
        "type": "Point",
        "coordinates": [
          98.8204,
          18.6381
        ]
      }
    },
    {
      "type": "Feature",
      "id": "CONF_0375",
      "properties": {
        "confluence_id": "CONF_0375",
        "connected_reaches": 2,
        "elevation_m": 100.0
      },
      "geometry": {
        "type": "Point",
        "coordinates": [
          98.7816,
          18.6393
        ]
      }
    },
    {
      "type": "Feature",
      "id": "CONF_0376",
      "properties": {
        "confluence_id": "CONF_0376",
        "connected_reaches": 2,
        "elevation_m": 100.0
      },
      "geometry": {
        "type": "Point",
        "coordinates": [
          98.7139,
          18.8228
        ]
      }
    },
    {
      "type": "Feature",
      "id": "CONF_0377",
      "properties": {
        "confluence_id": "CONF_0377",
        "connected_reaches": 2,
        "elevation_m": 100.0
      },
      "geometry": {
        "type": "Point",
        "coordinates": [
          98.7214,
          18.8114
        ]
      }
    },
    {
      "type": "Feature",
      "id": "CONF_0378",
      "properties": {
        "confluence_id": "CONF_0378",
        "connected_reaches": 2,
        "elevation_m": 100.0
      },
      "geometry": {
        "type": "Point",
        "coordinates": [
          98.8407,
          18.5751
        ]
      }
    },
    {
      "type": "Feature",
      "id": "CONF_0379",
      "properties": {
        "confluence_id": "CONF_0379",
        "connected_reaches": 2,
        "elevation_m": 100.0
      },
      "geometry": {
        "type": "Point",
        "coordinates": [
          98.6927,
          18.8626
        ]
      }
    },
    {
      "type": "Feature",
      "id": "CONF_0380",
      "properties": {
        "confluence_id": "CONF_0380",
        "connected_reaches": 2,
        "elevation_m": 100.0
      },
      "geometry": {
        "type": "Point",
        "coordinates": [
          99.7118,
          19.5068
        ]
      }
    },
    {
      "type": "Feature",
      "id": "CONF_0381",
      "properties": {
        "confluence_id": "CONF_0381",
        "connected_reaches": 2,
        "elevation_m": 100.0
      },
      "geometry": {
        "type": "Point",
        "coordinates": [
          99.7575,
          19.4459
        ]
      }
    },
    {
      "type": "Feature",
      "id": "CONF_0382",
      "properties": {
        "confluence_id": "CONF_0382",
        "connected_reaches": 2,
        "elevation_m": 100.0
      },
      "geometry": {
        "type": "Point",
        "coordinates": [
          99.3284,
          18.4007
        ]
      }
    },
    {
      "type": "Feature",
      "id": "CONF_0383",
      "properties": {
        "confluence_id": "CONF_0383",
        "connected_reaches": 2,
        "elevation_m": 100.0
      },
      "geometry": {
        "type": "Point",
        "coordinates": [
          99.3685,
          18.4436
        ]
      }
    },
    {
      "type": "Feature",
      "id": "CONF_0384",
      "properties": {
        "confluence_id": "CONF_0384",
        "connected_reaches": 2,
        "elevation_m": 100.0
      },
      "geometry": {
        "type": "Point",
        "coordinates": [
          99.3555,
          18.4274
        ]
      }
    },
    {
      "type": "Feature",
      "id": "CONF_0385",
      "properties": {
        "confluence_id": "CONF_0385",
        "connected_reaches": 2,
        "elevation_m": 100.0
      },
      "geometry": {
        "type": "Point",
        "coordinates": [
          99.4162,
          18.5308
        ]
      }
    },
    {
      "type": "Feature",
      "id": "CONF_0386",
      "properties": {
        "confluence_id": "CONF_0386",
        "connected_reaches": 2,
        "elevation_m": 100.0
      },
      "geometry": {
        "type": "Point",
        "coordinates": [
          99.3957,
          18.4947
        ]
      }
    },
    {
      "type": "Feature",
      "id": "CONF_0387",
      "properties": {
        "confluence_id": "CONF_0387",
        "connected_reaches": 2,
        "elevation_m": 100.0
      },
      "geometry": {
        "type": "Point",
        "coordinates": [
          99.3712,
          18.4693
        ]
      }
    },
    {
      "type": "Feature",
      "id": "CONF_0388",
      "properties": {
        "confluence_id": "CONF_0388",
        "connected_reaches": 2,
        "elevation_m": 100.0
      },
      "geometry": {
        "type": "Point",
        "coordinates": [
          99.4051,
          18.5138
        ]
      }
    },
    {
      "type": "Feature",
      "id": "CONF_0389",
      "properties": {
        "confluence_id": "CONF_0389",
        "connected_reaches": 2,
        "elevation_m": 100.0
      },
      "geometry": {
        "type": "Point",
        "coordinates": [
          99.3009,
          18.6719
        ]
      }
    },
    {
      "type": "Feature",
      "id": "CONF_0390",
      "properties": {
        "confluence_id": "CONF_0390",
        "connected_reaches": 2,
        "elevation_m": 100.0
      },
      "geometry": {
        "type": "Point",
        "coordinates": [
          99.4362,
          18.3812
        ]
      }
    },
    {
      "type": "Feature",
      "id": "CONF_0391",
      "properties": {
        "confluence_id": "CONF_0391",
        "connected_reaches": 2,
        "elevation_m": 100.0
      },
      "geometry": {
        "type": "Point",
        "coordinates": [
          99.3999,
          18.3386
        ]
      }
    },
    {
      "type": "Feature",
      "id": "CONF_0392",
      "properties": {
        "confluence_id": "CONF_0392",
        "connected_reaches": 2,
        "elevation_m": 100.0
      },
      "geometry": {
        "type": "Point",
        "coordinates": [
          99.5054,
          18.6124
        ]
      }
    },
    {
      "type": "Feature",
      "id": "CONF_0393",
      "properties": {
        "confluence_id": "CONF_0393",
        "connected_reaches": 2,
        "elevation_m": 100.0
      },
      "geometry": {
        "type": "Point",
        "coordinates": [
          99.4478,
          18.3824
        ]
      }
    },
    {
      "type": "Feature",
      "id": "CONF_0394",
      "properties": {
        "confluence_id": "CONF_0394",
        "connected_reaches": 2,
        "elevation_m": 100.0
      },
      "geometry": {
        "type": "Point",
        "coordinates": [
          99.4484,
          18.3825
        ]
      }
    },
    {
      "type": "Feature",
      "id": "CONF_0395",
      "properties": {
        "confluence_id": "CONF_0395",
        "connected_reaches": 2,
        "elevation_m": 100.0
      },
      "geometry": {
        "type": "Point",
        "coordinates": [
          99.3994,
          18.3384
        ]
      }
    },
    {
      "type": "Feature",
      "id": "CONF_0396",
      "properties": {
        "confluence_id": "CONF_0396",
        "connected_reaches": 2,
        "elevation_m": 100.0
      },
      "geometry": {
        "type": "Point",
        "coordinates": [
          99.389,
          18.3276
        ]
      }
    },
    {
      "type": "Feature",
      "id": "CONF_0397",
      "properties": {
        "confluence_id": "CONF_0397",
        "connected_reaches": 2,
        "elevation_m": 100.0
      },
      "geometry": {
        "type": "Point",
        "coordinates": [
          99.3789,
          18.3649
        ]
      }
    },
    {
      "type": "Feature",
      "id": "CONF_0398",
      "properties": {
        "confluence_id": "CONF_0398",
        "connected_reaches": 2,
        "elevation_m": 100.0
      },
      "geometry": {
        "type": "Point",
        "coordinates": [
          99.3868,
          18.3509
        ]
      }
    },
    {
      "type": "Feature",
      "id": "CONF_0399",
      "properties": {
        "confluence_id": "CONF_0399",
        "connected_reaches": 2,
        "elevation_m": 100.0
      },
      "geometry": {
        "type": "Point",
        "coordinates": [
          99.3918,
          18.3485
        ]
      }
    },
    {
      "type": "Feature",
      "id": "CONF_0400",
      "properties": {
        "confluence_id": "CONF_0400",
        "connected_reaches": 2,
        "elevation_m": 100.0
      },
      "geometry": {
        "type": "Point",
        "coordinates": [
          99.3415,
          18.3315
        ]
      }
    },
    {
      "type": "Feature",
      "id": "CONF_0401",
      "properties": {
        "confluence_id": "CONF_0401",
        "connected_reaches": 2,
        "elevation_m": 100.0
      },
      "geometry": {
        "type": "Point",
        "coordinates": [
          99.3311,
          18.3449
        ]
      }
    },
    {
      "type": "Feature",
      "id": "CONF_0402",
      "properties": {
        "confluence_id": "CONF_0402",
        "connected_reaches": 2,
        "elevation_m": 100.0
      },
      "geometry": {
        "type": "Point",
        "coordinates": [
          99.3565,
          18.3108
        ]
      }
    },
    {
      "type": "Feature",
      "id": "CONF_0403",
      "properties": {
        "confluence_id": "CONF_0403",
        "connected_reaches": 2,
        "elevation_m": 100.0
      },
      "geometry": {
        "type": "Point",
        "coordinates": [
          99.3303,
          18.3419
        ]
      }
    },
    {
      "type": "Feature",
      "id": "CONF_0404",
      "properties": {
        "confluence_id": "CONF_0404",
        "connected_reaches": 2,
        "elevation_m": 100.0
      },
      "geometry": {
        "type": "Point",
        "coordinates": [
          99.3382,
          18.3335
        ]
      }
    },
    {
      "type": "Feature",
      "id": "CONF_0405",
      "properties": {
        "confluence_id": "CONF_0405",
        "connected_reaches": 2,
        "elevation_m": 100.0
      },
      "geometry": {
        "type": "Point",
        "coordinates": [
          99.3449,
          18.3286
        ]
      }
    },
    {
      "type": "Feature",
      "id": "CONF_0406",
      "properties": {
        "confluence_id": "CONF_0406",
        "connected_reaches": 2,
        "elevation_m": 100.0
      },
      "geometry": {
        "type": "Point",
        "coordinates": [
          99.3471,
          18.3219
        ]
      }
    },
    {
      "type": "Feature",
      "id": "CONF_0407",
      "properties": {
        "confluence_id": "CONF_0407",
        "connected_reaches": 2,
        "elevation_m": 100.0
      },
      "geometry": {
        "type": "Point",
        "coordinates": [
          99.4465,
          18.4013
        ]
      }
    },
    {
      "type": "Feature",
      "id": "CONF_0408",
      "properties": {
        "confluence_id": "CONF_0408",
        "connected_reaches": 2,
        "elevation_m": 100.0
      },
      "geometry": {
        "type": "Point",
        "coordinates": [
          98.6719,
          18.419
        ]
      }
    },
    {
      "type": "Feature",
      "id": "CONF_0409",
      "properties": {
        "confluence_id": "CONF_0409",
        "connected_reaches": 2,
        "elevation_m": 100.0
      },
      "geometry": {
        "type": "Point",
        "coordinates": [
          98.6614,
          18.4603
        ]
      }
    },
    {
      "type": "Feature",
      "id": "CONF_0410",
      "properties": {
        "confluence_id": "CONF_0410",
        "connected_reaches": 2,
        "elevation_m": 100.0
      },
      "geometry": {
        "type": "Point",
        "coordinates": [
          98.6687,
          18.4448
        ]
      }
    },
    {
      "type": "Feature",
      "id": "CONF_0411",
      "properties": {
        "confluence_id": "CONF_0411",
        "connected_reaches": 2,
        "elevation_m": 100.0
      },
      "geometry": {
        "type": "Point",
        "coordinates": [
          98.6611,
          18.4764
        ]
      }
    },
    {
      "type": "Feature",
      "id": "CONF_0412",
      "properties": {
        "confluence_id": "CONF_0412",
        "connected_reaches": 2,
        "elevation_m": 100.0
      },
      "geometry": {
        "type": "Point",
        "coordinates": [
          98.6793,
          18.5071
        ]
      }
    },
    {
      "type": "Feature",
      "id": "CONF_0413",
      "properties": {
        "confluence_id": "CONF_0413",
        "connected_reaches": 2,
        "elevation_m": 100.0
      },
      "geometry": {
        "type": "Point",
        "coordinates": [
          98.8124,
          19.0353
        ]
      }
    },
    {
      "type": "Feature",
      "id": "CONF_0414",
      "properties": {
        "confluence_id": "CONF_0414",
        "connected_reaches": 3,
        "elevation_m": 100.0
      },
      "geometry": {
        "type": "Point",
        "coordinates": [
          98.858,
          19.0277
        ]
      }
    },
    {
      "type": "Feature",
      "id": "CONF_0415",
      "properties": {
        "confluence_id": "CONF_0415",
        "connected_reaches": 2,
        "elevation_m": 100.0
      },
      "geometry": {
        "type": "Point",
        "coordinates": [
          98.7282,
          18.9638
        ]
      }
    },
    {
      "type": "Feature",
      "id": "CONF_0416",
      "properties": {
        "confluence_id": "CONF_0416",
        "connected_reaches": 2,
        "elevation_m": 100.0
      },
      "geometry": {
        "type": "Point",
        "coordinates": [
          98.7298,
          18.7976
        ]
      }
    },
    {
      "type": "Feature",
      "id": "CONF_0417",
      "properties": {
        "confluence_id": "CONF_0417",
        "connected_reaches": 2,
        "elevation_m": 100.0
      },
      "geometry": {
        "type": "Point",
        "coordinates": [
          98.7315,
          19.0123
        ]
      }
    },
    {
      "type": "Feature",
      "id": "CONF_0418",
      "properties": {
        "confluence_id": "CONF_0418",
        "connected_reaches": 2,
        "elevation_m": 100.0
      },
      "geometry": {
        "type": "Point",
        "coordinates": [
          98.7725,
          18.9556
        ]
      }
    },
    {
      "type": "Feature",
      "id": "CONF_0419",
      "properties": {
        "confluence_id": "CONF_0419",
        "connected_reaches": 2,
        "elevation_m": 100.0
      },
      "geometry": {
        "type": "Point",
        "coordinates": [
          98.8288,
          18.9558
        ]
      }
    },
    {
      "type": "Feature",
      "id": "CONF_0420",
      "properties": {
        "confluence_id": "CONF_0420",
        "connected_reaches": 2,
        "elevation_m": 100.0
      },
      "geometry": {
        "type": "Point",
        "coordinates": [
          98.7362,
          18.9523
        ]
      }
    },
    {
      "type": "Feature",
      "id": "CONF_0421",
      "properties": {
        "confluence_id": "CONF_0421",
        "connected_reaches": 2,
        "elevation_m": 100.0
      },
      "geometry": {
        "type": "Point",
        "coordinates": [
          99.128,
          18.8643
        ]
      }
    },
    {
      "type": "Feature",
      "id": "CONF_0422",
      "properties": {
        "confluence_id": "CONF_0422",
        "connected_reaches": 3,
        "elevation_m": 100.0
      },
      "geometry": {
        "type": "Point",
        "coordinates": [
          99.123,
          18.7466
        ]
      }
    },
    {
      "type": "Feature",
      "id": "CONF_0423",
      "properties": {
        "confluence_id": "CONF_0423",
        "connected_reaches": 2,
        "elevation_m": 100.0
      },
      "geometry": {
        "type": "Point",
        "coordinates": [
          98.7917,
          18.7937
        ]
      }
    },
    {
      "type": "Feature",
      "id": "CONF_0424",
      "properties": {
        "confluence_id": "CONF_0424",
        "connected_reaches": 2,
        "elevation_m": 100.0
      },
      "geometry": {
        "type": "Point",
        "coordinates": [
          99.6415,
          18.8096
        ]
      }
    },
    {
      "type": "Feature",
      "id": "CONF_0425",
      "properties": {
        "confluence_id": "CONF_0425",
        "connected_reaches": 2,
        "elevation_m": 100.0
      },
      "geometry": {
        "type": "Point",
        "coordinates": [
          99.6299,
          18.8087
        ]
      }
    },
    {
      "type": "Feature",
      "id": "CONF_0426",
      "properties": {
        "confluence_id": "CONF_0426",
        "connected_reaches": 2,
        "elevation_m": 100.0
      },
      "geometry": {
        "type": "Point",
        "coordinates": [
          99.6399,
          18.8095
        ]
      }
    },
    {
      "type": "Feature",
      "id": "CONF_0427",
      "properties": {
        "confluence_id": "CONF_0427",
        "connected_reaches": 2,
        "elevation_m": 100.0
      },
      "geometry": {
        "type": "Point",
        "coordinates": [
          99.6404,
          18.8023
        ]
      }
    },
    {
      "type": "Feature",
      "id": "CONF_0428",
      "properties": {
        "confluence_id": "CONF_0428",
        "connected_reaches": 2,
        "elevation_m": 100.0
      },
      "geometry": {
        "type": "Point",
        "coordinates": [
          99.6427,
          18.8065
        ]
      }
    },
    {
      "type": "Feature",
      "id": "CONF_0429",
      "properties": {
        "confluence_id": "CONF_0429",
        "connected_reaches": 2,
        "elevation_m": 100.0
      },
      "geometry": {
        "type": "Point",
        "coordinates": [
          99.6433,
          18.8079
        ]
      }
    },
    {
      "type": "Feature",
      "id": "CONF_0430",
      "properties": {
        "confluence_id": "CONF_0430",
        "connected_reaches": 2,
        "elevation_m": 100.0
      },
      "geometry": {
        "type": "Point",
        "coordinates": [
          99.3574,
          18.8618
        ]
      }
    },
    {
      "type": "Feature",
      "id": "CONF_0431",
      "properties": {
        "confluence_id": "CONF_0431",
        "connected_reaches": 2,
        "elevation_m": 100.0
      },
      "geometry": {
        "type": "Point",
        "coordinates": [
          99.3018,
          18.7652
        ]
      }
    },
    {
      "type": "Feature",
      "id": "CONF_0432",
      "properties": {
        "confluence_id": "CONF_0432",
        "connected_reaches": 2,
        "elevation_m": 100.0
      },
      "geometry": {
        "type": "Point",
        "coordinates": [
          99.6146,
          18.7041
        ]
      }
    },
    {
      "type": "Feature",
      "id": "CONF_0433",
      "properties": {
        "confluence_id": "CONF_0433",
        "connected_reaches": 2,
        "elevation_m": 100.0
      },
      "geometry": {
        "type": "Point",
        "coordinates": [
          98.828,
          18.7346
        ]
      }
    },
    {
      "type": "Feature",
      "id": "CONF_0434",
      "properties": {
        "confluence_id": "CONF_0434",
        "connected_reaches": 2,
        "elevation_m": 100.0
      },
      "geometry": {
        "type": "Point",
        "coordinates": [
          98.9866,
          18.8521
        ]
      }
    },
    {
      "type": "Feature",
      "id": "CONF_0435",
      "properties": {
        "confluence_id": "CONF_0435",
        "connected_reaches": 3,
        "elevation_m": 100.0
      },
      "geometry": {
        "type": "Point",
        "coordinates": [
          98.9317,
          18.7324
        ]
      }
    },
    {
      "type": "Feature",
      "id": "CONF_0436",
      "properties": {
        "confluence_id": "CONF_0436",
        "connected_reaches": 2,
        "elevation_m": 100.0
      },
      "geometry": {
        "type": "Point",
        "coordinates": [
          98.9356,
          18.7319
        ]
      }
    },
    {
      "type": "Feature",
      "id": "CONF_0437",
      "properties": {
        "confluence_id": "CONF_0437",
        "connected_reaches": 2,
        "elevation_m": 100.0
      },
      "geometry": {
        "type": "Point",
        "coordinates": [
          98.9333,
          18.7296
        ]
      }
    },
    {
      "type": "Feature",
      "id": "CONF_0438",
      "properties": {
        "confluence_id": "CONF_0438",
        "connected_reaches": 2,
        "elevation_m": 100.0
      },
      "geometry": {
        "type": "Point",
        "coordinates": [
          98.9447,
          18.5041
        ]
      }
    },
    {
      "type": "Feature",
      "id": "CONF_0439",
      "properties": {
        "confluence_id": "CONF_0439",
        "connected_reaches": 2,
        "elevation_m": 100.0
      },
      "geometry": {
        "type": "Point",
        "coordinates": [
          98.9452,
          18.5043
        ]
      }
    },
    {
      "type": "Feature",
      "id": "CONF_0440",
      "properties": {
        "confluence_id": "CONF_0440",
        "connected_reaches": 2,
        "elevation_m": 100.0
      },
      "geometry": {
        "type": "Point",
        "coordinates": [
          99.7704,
          19.5835
        ]
      }
    },
    {
      "type": "Feature",
      "id": "CONF_0441",
      "properties": {
        "confluence_id": "CONF_0441",
        "connected_reaches": 2,
        "elevation_m": 100.0
      },
      "geometry": {
        "type": "Point",
        "coordinates": [
          98.6778,
          18.5812
        ]
      }
    },
    {
      "type": "Feature",
      "id": "CONF_0442",
      "properties": {
        "confluence_id": "CONF_0442",
        "connected_reaches": 2,
        "elevation_m": 100.0
      },
      "geometry": {
        "type": "Point",
        "coordinates": [
          98.6885,
          18.5301
        ]
      }
    },
    {
      "type": "Feature",
      "id": "CONF_0443",
      "properties": {
        "confluence_id": "CONF_0443",
        "connected_reaches": 2,
        "elevation_m": 100.0
      },
      "geometry": {
        "type": "Point",
        "coordinates": [
          99.9087,
          19.143
        ]
      }
    },
    {
      "type": "Feature",
      "id": "CONF_0444",
      "properties": {
        "confluence_id": "CONF_0444",
        "connected_reaches": 2,
        "elevation_m": 100.0
      },
      "geometry": {
        "type": "Point",
        "coordinates": [
          99.4615,
          18.1331
        ]
      }
    },
    {
      "type": "Feature",
      "id": "CONF_0445",
      "properties": {
        "confluence_id": "CONF_0445",
        "connected_reaches": 2,
        "elevation_m": 100.0
      },
      "geometry": {
        "type": "Point",
        "coordinates": [
          98.8866,
          19.157
        ]
      }
    },
    {
      "type": "Feature",
      "id": "CONF_0446",
      "properties": {
        "confluence_id": "CONF_0446",
        "connected_reaches": 2,
        "elevation_m": 100.0
      },
      "geometry": {
        "type": "Point",
        "coordinates": [
          98.9393,
          18.8823
        ]
      }
    },
    {
      "type": "Feature",
      "id": "CONF_0447",
      "properties": {
        "confluence_id": "CONF_0447",
        "connected_reaches": 2,
        "elevation_m": 100.0
      },
      "geometry": {
        "type": "Point",
        "coordinates": [
          98.853,
          18.9597
        ]
      }
    },
    {
      "type": "Feature",
      "id": "CONF_0448",
      "properties": {
        "confluence_id": "CONF_0448",
        "connected_reaches": 2,
        "elevation_m": 100.0
      },
      "geometry": {
        "type": "Point",
        "coordinates": [
          98.8579,
          18.9602
        ]
      }
    },
    {
      "type": "Feature",
      "id": "CONF_0449",
      "properties": {
        "confluence_id": "CONF_0449",
        "connected_reaches": 2,
        "elevation_m": 100.0
      },
      "geometry": {
        "type": "Point",
        "coordinates": [
          99.0309,
          18.7348
        ]
      }
    },
    {
      "type": "Feature",
      "id": "CONF_0450",
      "properties": {
        "confluence_id": "CONF_0450",
        "connected_reaches": 2,
        "elevation_m": 100.0
      },
      "geometry": {
        "type": "Point",
        "coordinates": [
          99.0338,
          18.7344
        ]
      }
    },
    {
      "type": "Feature",
      "id": "CONF_0451",
      "properties": {
        "confluence_id": "CONF_0451",
        "connected_reaches": 2,
        "elevation_m": 100.0
      },
      "geometry": {
        "type": "Point",
        "coordinates": [
          98.956,
          18.8414
        ]
      }
    },
    {
      "type": "Feature",
      "id": "CONF_0452",
      "properties": {
        "confluence_id": "CONF_0452",
        "connected_reaches": 2,
        "elevation_m": 100.0
      },
      "geometry": {
        "type": "Point",
        "coordinates": [
          98.7781,
          18.6985
        ]
      }
    },
    {
      "type": "Feature",
      "id": "CONF_0453",
      "properties": {
        "confluence_id": "CONF_0453",
        "connected_reaches": 2,
        "elevation_m": 100.0
      },
      "geometry": {
        "type": "Point",
        "coordinates": [
          99.1137,
          18.9282
        ]
      }
    },
    {
      "type": "Feature",
      "id": "CONF_0454",
      "properties": {
        "confluence_id": "CONF_0454",
        "connected_reaches": 2,
        "elevation_m": 100.0
      },
      "geometry": {
        "type": "Point",
        "coordinates": [
          99.1282,
          18.9271
        ]
      }
    },
    {
      "type": "Feature",
      "id": "CONF_0455",
      "properties": {
        "confluence_id": "CONF_0455",
        "connected_reaches": 2,
        "elevation_m": 100.0
      },
      "geometry": {
        "type": "Point",
        "coordinates": [
          99.1403,
          18.9403
        ]
      }
    },
    {
      "type": "Feature",
      "id": "CONF_0456",
      "properties": {
        "confluence_id": "CONF_0456",
        "connected_reaches": 2,
        "elevation_m": 100.0
      },
      "geometry": {
        "type": "Point",
        "coordinates": [
          99.3263,
          18.0849
        ]
      }
    },
    {
      "type": "Feature",
      "id": "CONF_0457",
      "properties": {
        "confluence_id": "CONF_0457",
        "connected_reaches": 3,
        "elevation_m": 100.0
      },
      "geometry": {
        "type": "Point",
        "coordinates": [
          99.2527,
          18.0677
        ]
      }
    },
    {
      "type": "Feature",
      "id": "CONF_0458",
      "properties": {
        "confluence_id": "CONF_0458",
        "connected_reaches": 2,
        "elevation_m": 100.0
      },
      "geometry": {
        "type": "Point",
        "coordinates": [
          98.6798,
          18.8903
        ]
      }
    },
    {
      "type": "Feature",
      "id": "CONF_0459",
      "properties": {
        "confluence_id": "CONF_0459",
        "connected_reaches": 2,
        "elevation_m": 100.0
      },
      "geometry": {
        "type": "Point",
        "coordinates": [
          98.6822,
          18.8894
        ]
      }
    },
    {
      "type": "Feature",
      "id": "CONF_0460",
      "properties": {
        "confluence_id": "CONF_0460",
        "connected_reaches": 2,
        "elevation_m": 100.0
      },
      "geometry": {
        "type": "Point",
        "coordinates": [
          98.6884,
          18.8846
        ]
      }
    },
    {
      "type": "Feature",
      "id": "CONF_0461",
      "properties": {
        "confluence_id": "CONF_0461",
        "connected_reaches": 2,
        "elevation_m": 100.0
      },
      "geometry": {
        "type": "Point",
        "coordinates": [
          99.9358,
          19.7555
        ]
      }
    },
    {
      "type": "Feature",
      "id": "CONF_0462",
      "properties": {
        "confluence_id": "CONF_0462",
        "connected_reaches": 2,
        "elevation_m": 100.0
      },
      "geometry": {
        "type": "Point",
        "coordinates": [
          99.9389,
          19.7555
        ]
      }
    },
    {
      "type": "Feature",
      "id": "CONF_0463",
      "properties": {
        "confluence_id": "CONF_0463",
        "connected_reaches": 2,
        "elevation_m": 100.0
      },
      "geometry": {
        "type": "Point",
        "coordinates": [
          99.9354,
          19.7548
        ]
      }
    },
    {
      "type": "Feature",
      "id": "CONF_0464",
      "properties": {
        "confluence_id": "CONF_0464",
        "connected_reaches": 2,
        "elevation_m": 100.0
      },
      "geometry": {
        "type": "Point",
        "coordinates": [
          99.0926,
          18.8414
        ]
      }
    },
    {
      "type": "Feature",
      "id": "CONF_0465",
      "properties": {
        "confluence_id": "CONF_0465",
        "connected_reaches": 3,
        "elevation_m": 100.0
      },
      "geometry": {
        "type": "Point",
        "coordinates": [
          99.087,
          18.8391
        ]
      }
    },
    {
      "type": "Feature",
      "id": "CONF_0466",
      "properties": {
        "confluence_id": "CONF_0466",
        "connected_reaches": 2,
        "elevation_m": 100.0
      },
      "geometry": {
        "type": "Point",
        "coordinates": [
          99.0308,
          18.7848
        ]
      }
    },
    {
      "type": "Feature",
      "id": "CONF_0467",
      "properties": {
        "confluence_id": "CONF_0467",
        "connected_reaches": 2,
        "elevation_m": 100.0
      },
      "geometry": {
        "type": "Point",
        "coordinates": [
          99.214,
          19.7136
        ]
      }
    },
    {
      "type": "Feature",
      "id": "CONF_0468",
      "properties": {
        "confluence_id": "CONF_0468",
        "connected_reaches": 2,
        "elevation_m": 100.0
      },
      "geometry": {
        "type": "Point",
        "coordinates": [
          99.8474,
          17.3648
        ]
      }
    },
    {
      "type": "Feature",
      "id": "CONF_0469",
      "properties": {
        "confluence_id": "CONF_0469",
        "connected_reaches": 2,
        "elevation_m": 100.0
      },
      "geometry": {
        "type": "Point",
        "coordinates": [
          99.8307,
          17.3662
        ]
      }
    },
    {
      "type": "Feature",
      "id": "CONF_0470",
      "properties": {
        "confluence_id": "CONF_0470",
        "connected_reaches": 2,
        "elevation_m": 100.0
      },
      "geometry": {
        "type": "Point",
        "coordinates": [
          99.8594,
          17.4524
        ]
      }
    },
    {
      "type": "Feature",
      "id": "CONF_0471",
      "properties": {
        "confluence_id": "CONF_0471",
        "connected_reaches": 2,
        "elevation_m": 100.0
      },
      "geometry": {
        "type": "Point",
        "coordinates": [
          99.7283,
          18.1773
        ]
      }
    },
    {
      "type": "Feature",
      "id": "CONF_0472",
      "properties": {
        "confluence_id": "CONF_0472",
        "connected_reaches": 2,
        "elevation_m": 100.0
      },
      "geometry": {
        "type": "Point",
        "coordinates": [
          98.8232,
          18.2743
        ]
      }
    },
    {
      "type": "Feature",
      "id": "CONF_0473",
      "properties": {
        "confluence_id": "CONF_0473",
        "connected_reaches": 2,
        "elevation_m": 100.0
      },
      "geometry": {
        "type": "Point",
        "coordinates": [
          98.8275,
          18.2676
        ]
      }
    },
    {
      "type": "Feature",
      "id": "CONF_0474",
      "properties": {
        "confluence_id": "CONF_0474",
        "connected_reaches": 2,
        "elevation_m": 100.0
      },
      "geometry": {
        "type": "Point",
        "coordinates": [
          99.5777,
          18.354
        ]
      }
    },
    {
      "type": "Feature",
      "id": "CONF_0475",
      "properties": {
        "confluence_id": "CONF_0475",
        "connected_reaches": 3,
        "elevation_m": 100.0
      },
      "geometry": {
        "type": "Point",
        "coordinates": [
          99.8098,
          19.1449
        ]
      }
    },
    {
      "type": "Feature",
      "id": "CONF_0476",
      "properties": {
        "confluence_id": "CONF_0476",
        "connected_reaches": 2,
        "elevation_m": 100.0
      },
      "geometry": {
        "type": "Point",
        "coordinates": [
          99.8223,
          19.1517
        ]
      }
    },
    {
      "type": "Feature",
      "id": "CONF_0477",
      "properties": {
        "confluence_id": "CONF_0477",
        "connected_reaches": 2,
        "elevation_m": 100.0
      },
      "geometry": {
        "type": "Point",
        "coordinates": [
          98.6736,
          18.426
        ]
      }
    },
    {
      "type": "Feature",
      "id": "CONF_0478",
      "properties": {
        "confluence_id": "CONF_0478",
        "connected_reaches": 2,
        "elevation_m": 100.0
      },
      "geometry": {
        "type": "Point",
        "coordinates": [
          99.8533,
          19.2346
        ]
      }
    },
    {
      "type": "Feature",
      "id": "CONF_0479",
      "properties": {
        "confluence_id": "CONF_0479",
        "connected_reaches": 2,
        "elevation_m": 100.0
      },
      "geometry": {
        "type": "Point",
        "coordinates": [
          99.9652,
          19.2051
        ]
      }
    },
    {
      "type": "Feature",
      "id": "CONF_0480",
      "properties": {
        "confluence_id": "CONF_0480",
        "connected_reaches": 3,
        "elevation_m": 100.0
      },
      "geometry": {
        "type": "Point",
        "coordinates": [
          100.0194,
          19.2806
        ]
      }
    },
    {
      "type": "Feature",
      "id": "CONF_0481",
      "properties": {
        "confluence_id": "CONF_0481",
        "connected_reaches": 2,
        "elevation_m": 100.0
      },
      "geometry": {
        "type": "Point",
        "coordinates": [
          99.8472,
          19.2434
        ]
      }
    },
    {
      "type": "Feature",
      "id": "CONF_0482",
      "properties": {
        "confluence_id": "CONF_0482",
        "connected_reaches": 2,
        "elevation_m": 100.0
      },
      "geometry": {
        "type": "Point",
        "coordinates": [
          99.9648,
          19.2049
        ]
      }
    },
    {
      "type": "Feature",
      "id": "CONF_0483",
      "properties": {
        "confluence_id": "CONF_0483",
        "connected_reaches": 2,
        "elevation_m": 100.0
      },
      "geometry": {
        "type": "Point",
        "coordinates": [
          99.8674,
          17.3692
        ]
      }
    },
    {
      "type": "Feature",
      "id": "CONF_0484",
      "properties": {
        "confluence_id": "CONF_0484",
        "connected_reaches": 2,
        "elevation_m": 100.0
      },
      "geometry": {
        "type": "Point",
        "coordinates": [
          98.9281,
          19.3943
        ]
      }
    },
    {
      "type": "Feature",
      "id": "CONF_0485",
      "properties": {
        "confluence_id": "CONF_0485",
        "connected_reaches": 3,
        "elevation_m": 100.0
      },
      "geometry": {
        "type": "Point",
        "coordinates": [
          98.9293,
          19.39
        ]
      }
    },
    {
      "type": "Feature",
      "id": "CONF_0486",
      "properties": {
        "confluence_id": "CONF_0486",
        "connected_reaches": 2,
        "elevation_m": 100.0
      },
      "geometry": {
        "type": "Point",
        "coordinates": [
          98.9971,
          18.9338
        ]
      }
    },
    {
      "type": "Feature",
      "id": "CONF_0487",
      "properties": {
        "confluence_id": "CONF_0487",
        "connected_reaches": 2,
        "elevation_m": 100.0
      },
      "geometry": {
        "type": "Point",
        "coordinates": [
          98.9695,
          18.8038
        ]
      }
    },
    {
      "type": "Feature",
      "id": "CONF_0488",
      "properties": {
        "confluence_id": "CONF_0488",
        "connected_reaches": 2,
        "elevation_m": 100.0
      },
      "geometry": {
        "type": "Point",
        "coordinates": [
          100.2283,
          18.3055
        ]
      }
    },
    {
      "type": "Feature",
      "id": "CONF_0489",
      "properties": {
        "confluence_id": "CONF_0489",
        "connected_reaches": 2,
        "elevation_m": 100.0
      },
      "geometry": {
        "type": "Point",
        "coordinates": [
          100.1764,
          18.4614
        ]
      }
    },
    {
      "type": "Feature",
      "id": "CONF_0490",
      "properties": {
        "confluence_id": "CONF_0490",
        "connected_reaches": 2,
        "elevation_m": 100.0
      },
      "geometry": {
        "type": "Point",
        "coordinates": [
          100.2294,
          18.2228
        ]
      }
    },
    {
      "type": "Feature",
      "id": "CONF_0491",
      "properties": {
        "confluence_id": "CONF_0491",
        "connected_reaches": 2,
        "elevation_m": 100.0
      },
      "geometry": {
        "type": "Point",
        "coordinates": [
          100.2294,
          18.2237
        ]
      }
    },
    {
      "type": "Feature",
      "id": "CONF_0492",
      "properties": {
        "confluence_id": "CONF_0492",
        "connected_reaches": 2,
        "elevation_m": 100.0
      },
      "geometry": {
        "type": "Point",
        "coordinates": [
          100.1683,
          18.0849
        ]
      }
    },
    {
      "type": "Feature",
      "id": "CONF_0493",
      "properties": {
        "confluence_id": "CONF_0493",
        "connected_reaches": 2,
        "elevation_m": 100.0
      },
      "geometry": {
        "type": "Point",
        "coordinates": [
          100.1689,
          18.0854
        ]
      }
    },
    {
      "type": "Feature",
      "id": "CONF_0494",
      "properties": {
        "confluence_id": "CONF_0494",
        "connected_reaches": 2,
        "elevation_m": 100.0
      },
      "geometry": {
        "type": "Point",
        "coordinates": [
          100.1597,
          18.0775
        ]
      }
    },
    {
      "type": "Feature",
      "id": "CONF_0495",
      "properties": {
        "confluence_id": "CONF_0495",
        "connected_reaches": 2,
        "elevation_m": 100.0
      },
      "geometry": {
        "type": "Point",
        "coordinates": [
          99.3185,
          19.02
        ]
      }
    },
    {
      "type": "Feature",
      "id": "CONF_0496",
      "properties": {
        "confluence_id": "CONF_0496",
        "connected_reaches": 3,
        "elevation_m": 100.0
      },
      "geometry": {
        "type": "Point",
        "coordinates": [
          99.3084,
          19.0208
        ]
      }
    },
    {
      "type": "Feature",
      "id": "CONF_0497",
      "properties": {
        "confluence_id": "CONF_0497",
        "connected_reaches": 2,
        "elevation_m": 100.0
      },
      "geometry": {
        "type": "Point",
        "coordinates": [
          98.9956,
          18.6429
        ]
      }
    },
    {
      "type": "Feature",
      "id": "CONF_0498",
      "properties": {
        "confluence_id": "CONF_0498",
        "connected_reaches": 2,
        "elevation_m": 100.0
      },
      "geometry": {
        "type": "Point",
        "coordinates": [
          98.7563,
          18.5312
        ]
      }
    },
    {
      "type": "Feature",
      "id": "CONF_0499",
      "properties": {
        "confluence_id": "CONF_0499",
        "connected_reaches": 2,
        "elevation_m": 100.0
      },
      "geometry": {
        "type": "Point",
        "coordinates": [
          99.0067,
          19.1923
        ]
      }
    },
    {
      "type": "Feature",
      "id": "CONF_0500",
      "properties": {
        "confluence_id": "CONF_0500",
        "connected_reaches": 2,
        "elevation_m": 100.0
      },
      "geometry": {
        "type": "Point",
        "coordinates": [
          99.0811,
          18.7406
        ]
      }
    },
    {
      "type": "Feature",
      "id": "CONF_0501",
      "properties": {
        "confluence_id": "CONF_0501",
        "connected_reaches": 2,
        "elevation_m": 100.0
      },
      "geometry": {
        "type": "Point",
        "coordinates": [
          99.09,
          18.7477
        ]
      }
    },
    {
      "type": "Feature",
      "id": "CONF_0502",
      "properties": {
        "confluence_id": "CONF_0502",
        "connected_reaches": 2,
        "elevation_m": 100.0
      },
      "geometry": {
        "type": "Point",
        "coordinates": [
          98.9855,
          19.3953
        ]
      }
    },
    {
      "type": "Feature",
      "id": "CONF_0503",
      "properties": {
        "confluence_id": "CONF_0503",
        "connected_reaches": 2,
        "elevation_m": 100.0
      },
      "geometry": {
        "type": "Point",
        "coordinates": [
          98.7407,
          19.3231
        ]
      }
    },
    {
      "type": "Feature",
      "id": "CONF_0504",
      "properties": {
        "confluence_id": "CONF_0504",
        "connected_reaches": 2,
        "elevation_m": 100.0
      },
      "geometry": {
        "type": "Point",
        "coordinates": [
          98.7679,
          19.3175
        ]
      }
    },
    {
      "type": "Feature",
      "id": "CONF_0505",
      "properties": {
        "confluence_id": "CONF_0505",
        "connected_reaches": 3,
        "elevation_m": 100.0
      },
      "geometry": {
        "type": "Point",
        "coordinates": [
          98.7479,
          19.3257
        ]
      }
    },
    {
      "type": "Feature",
      "id": "CONF_0506",
      "properties": {
        "confluence_id": "CONF_0506",
        "connected_reaches": 2,
        "elevation_m": 100.0
      },
      "geometry": {
        "type": "Point",
        "coordinates": [
          99.4347,
          18.4161
        ]
      }
    },
    {
      "type": "Feature",
      "id": "CONF_0507",
      "properties": {
        "confluence_id": "CONF_0507",
        "connected_reaches": 2,
        "elevation_m": 100.0
      },
      "geometry": {
        "type": "Point",
        "coordinates": [
          99.389,
          18.3261
        ]
      }
    },
    {
      "type": "Feature",
      "id": "CONF_0508",
      "properties": {
        "confluence_id": "CONF_0508",
        "connected_reaches": 2,
        "elevation_m": 100.0
      },
      "geometry": {
        "type": "Point",
        "coordinates": [
          99.3883,
          18.3252
        ]
      }
    },
    {
      "type": "Feature",
      "id": "CONF_0509",
      "properties": {
        "confluence_id": "CONF_0509",
        "connected_reaches": 2,
        "elevation_m": 100.0
      },
      "geometry": {
        "type": "Point",
        "coordinates": [
          99.3892,
          18.3268
        ]
      }
    },
    {
      "type": "Feature",
      "id": "CONF_0510",
      "properties": {
        "confluence_id": "CONF_0510",
        "connected_reaches": 2,
        "elevation_m": 100.0
      },
      "geometry": {
        "type": "Point",
        "coordinates": [
          99.3797,
          18.3151
        ]
      }
    },
    {
      "type": "Feature",
      "id": "CONF_0511",
      "properties": {
        "confluence_id": "CONF_0511",
        "connected_reaches": 2,
        "elevation_m": 100.0
      },
      "geometry": {
        "type": "Point",
        "coordinates": [
          99.1593,
          18.4635
        ]
      }
    },
    {
      "type": "Feature",
      "id": "CONF_0512",
      "properties": {
        "confluence_id": "CONF_0512",
        "connected_reaches": 2,
        "elevation_m": 100.0
      },
      "geometry": {
        "type": "Point",
        "coordinates": [
          99.6442,
          18.7786
        ]
      }
    },
    {
      "type": "Feature",
      "id": "CONF_0513",
      "properties": {
        "confluence_id": "CONF_0513",
        "connected_reaches": 2,
        "elevation_m": 100.0
      },
      "geometry": {
        "type": "Point",
        "coordinates": [
          99.5789,
          18.9854
        ]
      }
    },
    {
      "type": "Feature",
      "id": "CONF_0514",
      "properties": {
        "confluence_id": "CONF_0514",
        "connected_reaches": 2,
        "elevation_m": 100.0
      },
      "geometry": {
        "type": "Point",
        "coordinates": [
          100.1886,
          18.1407
        ]
      }
    },
    {
      "type": "Feature",
      "id": "CONF_0515",
      "properties": {
        "confluence_id": "CONF_0515",
        "connected_reaches": 3,
        "elevation_m": 100.0
      },
      "geometry": {
        "type": "Point",
        "coordinates": [
          99.1867,
          19.3597
        ]
      }
    },
    {
      "type": "Feature",
      "id": "CONF_0516",
      "properties": {
        "confluence_id": "CONF_0516",
        "connected_reaches": 2,
        "elevation_m": 100.0
      },
      "geometry": {
        "type": "Point",
        "coordinates": [
          99.2435,
          19.3391
        ]
      }
    },
    {
      "type": "Feature",
      "id": "CONF_0517",
      "properties": {
        "confluence_id": "CONF_0517",
        "connected_reaches": 2,
        "elevation_m": 100.0
      },
      "geometry": {
        "type": "Point",
        "coordinates": [
          98.6805,
          18.5401
        ]
      }
    },
    {
      "type": "Feature",
      "id": "CONF_0518",
      "properties": {
        "confluence_id": "CONF_0518",
        "connected_reaches": 2,
        "elevation_m": 100.0
      },
      "geometry": {
        "type": "Point",
        "coordinates": [
          99.2306,
          19.433
        ]
      }
    },
    {
      "type": "Feature",
      "id": "CONF_0519",
      "properties": {
        "confluence_id": "CONF_0519",
        "connected_reaches": 2,
        "elevation_m": 100.0
      },
      "geometry": {
        "type": "Point",
        "coordinates": [
          99.5264,
          19.4267
        ]
      }
    },
    {
      "type": "Feature",
      "id": "CONF_0520",
      "properties": {
        "confluence_id": "CONF_0520",
        "connected_reaches": 3,
        "elevation_m": 100.0
      },
      "geometry": {
        "type": "Point",
        "coordinates": [
          99.0113,
          17.4161
        ]
      }
    },
    {
      "type": "Feature",
      "id": "CONF_0521",
      "properties": {
        "confluence_id": "CONF_0521",
        "connected_reaches": 2,
        "elevation_m": 100.0
      },
      "geometry": {
        "type": "Point",
        "coordinates": [
          99.0719,
          17.5003
        ]
      }
    },
    {
      "type": "Feature",
      "id": "CONF_0522",
      "properties": {
        "confluence_id": "CONF_0522",
        "connected_reaches": 2,
        "elevation_m": 100.0
      },
      "geometry": {
        "type": "Point",
        "coordinates": [
          99.0862,
          17.4789
        ]
      }
    },
    {
      "type": "Feature",
      "id": "CONF_0523",
      "properties": {
        "confluence_id": "CONF_0523",
        "connected_reaches": 2,
        "elevation_m": 100.0
      },
      "geometry": {
        "type": "Point",
        "coordinates": [
          99.1007,
          18.8206
        ]
      }
    },
    {
      "type": "Feature",
      "id": "CONF_0524",
      "properties": {
        "confluence_id": "CONF_0524",
        "connected_reaches": 2,
        "elevation_m": 100.0
      },
      "geometry": {
        "type": "Point",
        "coordinates": [
          99.0909,
          18.8189
        ]
      }
    },
    {
      "type": "Feature",
      "id": "CONF_0525",
      "properties": {
        "confluence_id": "CONF_0525",
        "connected_reaches": 2,
        "elevation_m": 100.0
      },
      "geometry": {
        "type": "Point",
        "coordinates": [
          99.0653,
          18.8208
        ]
      }
    },
    {
      "type": "Feature",
      "id": "CONF_0526",
      "properties": {
        "confluence_id": "CONF_0526",
        "connected_reaches": 2,
        "elevation_m": 100.0
      },
      "geometry": {
        "type": "Point",
        "coordinates": [
          99.1367,
          17.8585
        ]
      }
    },
    {
      "type": "Feature",
      "id": "CONF_0527",
      "properties": {
        "confluence_id": "CONF_0527",
        "connected_reaches": 2,
        "elevation_m": 100.0
      },
      "geometry": {
        "type": "Point",
        "coordinates": [
          99.0389,
          18.7602
        ]
      }
    },
    {
      "type": "Feature",
      "id": "CONF_0528",
      "properties": {
        "confluence_id": "CONF_0528",
        "connected_reaches": 2,
        "elevation_m": 100.0
      },
      "geometry": {
        "type": "Point",
        "coordinates": [
          99.0155,
          17.2411
        ]
      }
    },
    {
      "type": "Feature",
      "id": "CONF_0529",
      "properties": {
        "confluence_id": "CONF_0529",
        "connected_reaches": 2,
        "elevation_m": 100.0
      },
      "geometry": {
        "type": "Point",
        "coordinates": [
          99.2855,
          18.6242
        ]
      }
    },
    {
      "type": "Feature",
      "id": "CONF_0530",
      "properties": {
        "confluence_id": "CONF_0530",
        "connected_reaches": 2,
        "elevation_m": 100.0
      },
      "geometry": {
        "type": "Point",
        "coordinates": [
          99.2789,
          18.6149
        ]
      }
    },
    {
      "type": "Feature",
      "id": "CONF_0531",
      "properties": {
        "confluence_id": "CONF_0531",
        "connected_reaches": 2,
        "elevation_m": 100.0
      },
      "geometry": {
        "type": "Point",
        "coordinates": [
          99.6004,
          18.1291
        ]
      }
    },
    {
      "type": "Feature",
      "id": "CONF_0532",
      "properties": {
        "confluence_id": "CONF_0532",
        "connected_reaches": 2,
        "elevation_m": 100.0
      },
      "geometry": {
        "type": "Point",
        "coordinates": [
          99.9631,
          18.7732
        ]
      }
    },
    {
      "type": "Feature",
      "id": "CONF_0533",
      "properties": {
        "confluence_id": "CONF_0533",
        "connected_reaches": 2,
        "elevation_m": 100.0
      },
      "geometry": {
        "type": "Point",
        "coordinates": [
          99.9894,
          18.7165
        ]
      }
    },
    {
      "type": "Feature",
      "id": "CONF_0534",
      "properties": {
        "confluence_id": "CONF_0534",
        "connected_reaches": 2,
        "elevation_m": 100.0
      },
      "geometry": {
        "type": "Point",
        "coordinates": [
          99.221,
          18.8501
        ]
      }
    },
    {
      "type": "Feature",
      "id": "CONF_0535",
      "properties": {
        "confluence_id": "CONF_0535",
        "connected_reaches": 2,
        "elevation_m": 100.0
      },
      "geometry": {
        "type": "Point",
        "coordinates": [
          99.2433,
          18.3218
        ]
      }
    },
    {
      "type": "Feature",
      "id": "CONF_0536",
      "properties": {
        "confluence_id": "CONF_0536",
        "connected_reaches": 2,
        "elevation_m": 100.0
      },
      "geometry": {
        "type": "Point",
        "coordinates": [
          98.8708,
          18.7651
        ]
      }
    },
    {
      "type": "Feature",
      "id": "CONF_0537",
      "properties": {
        "confluence_id": "CONF_0537",
        "connected_reaches": 2,
        "elevation_m": 100.0
      },
      "geometry": {
        "type": "Point",
        "coordinates": [
          98.9633,
          18.7493
        ]
      }
    },
    {
      "type": "Feature",
      "id": "CONF_0538",
      "properties": {
        "confluence_id": "CONF_0538",
        "connected_reaches": 3,
        "elevation_m": 100.0
      },
      "geometry": {
        "type": "Point",
        "coordinates": [
          98.9639,
          18.7493
        ]
      }
    },
    {
      "type": "Feature",
      "id": "CONF_0539",
      "properties": {
        "confluence_id": "CONF_0539",
        "connected_reaches": 2,
        "elevation_m": 100.0
      },
      "geometry": {
        "type": "Point",
        "coordinates": [
          99.034,
          18.7339
        ]
      }
    },
    {
      "type": "Feature",
      "id": "CONF_0540",
      "properties": {
        "confluence_id": "CONF_0540",
        "connected_reaches": 2,
        "elevation_m": 100.0
      },
      "geometry": {
        "type": "Point",
        "coordinates": [
          99.4377,
          18.2479
        ]
      }
    },
    {
      "type": "Feature",
      "id": "CONF_0541",
      "properties": {
        "confluence_id": "CONF_0541",
        "connected_reaches": 2,
        "elevation_m": 100.0
      },
      "geometry": {
        "type": "Point",
        "coordinates": [
          98.9288,
          18.8002
        ]
      }
    },
    {
      "type": "Feature",
      "id": "CONF_0542",
      "properties": {
        "confluence_id": "CONF_0542",
        "connected_reaches": 2,
        "elevation_m": 100.0
      },
      "geometry": {
        "type": "Point",
        "coordinates": [
          99.3343,
          18.9828
        ]
      }
    },
    {
      "type": "Feature",
      "id": "CONF_0543",
      "properties": {
        "confluence_id": "CONF_0543",
        "connected_reaches": 3,
        "elevation_m": 100.0
      },
      "geometry": {
        "type": "Point",
        "coordinates": [
          99.3192,
          18.9699
        ]
      }
    },
    {
      "type": "Feature",
      "id": "CONF_0544",
      "properties": {
        "confluence_id": "CONF_0544",
        "connected_reaches": 3,
        "elevation_m": 100.0
      },
      "geometry": {
        "type": "Point",
        "coordinates": [
          98.972,
          18.8069
        ]
      }
    },
    {
      "type": "Feature",
      "id": "CONF_0545",
      "properties": {
        "confluence_id": "CONF_0545",
        "connected_reaches": 3,
        "elevation_m": 100.0
      },
      "geometry": {
        "type": "Point",
        "coordinates": [
          98.9207,
          18.9541
        ]
      }
    },
    {
      "type": "Feature",
      "id": "CONF_0546",
      "properties": {
        "confluence_id": "CONF_0546",
        "connected_reaches": 2,
        "elevation_m": 100.0
      },
      "geometry": {
        "type": "Point",
        "coordinates": [
          98.9385,
          18.906
        ]
      }
    },
    {
      "type": "Feature",
      "id": "CONF_0547",
      "properties": {
        "confluence_id": "CONF_0547",
        "connected_reaches": 2,
        "elevation_m": 100.0
      },
      "geometry": {
        "type": "Point",
        "coordinates": [
          98.7012,
          18.6841
        ]
      }
    },
    {
      "type": "Feature",
      "id": "CONF_0548",
      "properties": {
        "confluence_id": "CONF_0548",
        "connected_reaches": 2,
        "elevation_m": 100.0
      },
      "geometry": {
        "type": "Point",
        "coordinates": [
          98.8349,
          18.6366
        ]
      }
    },
    {
      "type": "Feature",
      "id": "CONF_0549",
      "properties": {
        "confluence_id": "CONF_0549",
        "connected_reaches": 2,
        "elevation_m": 100.0
      },
      "geometry": {
        "type": "Point",
        "coordinates": [
          98.8632,
          18.5304
        ]
      }
    },
    {
      "type": "Feature",
      "id": "CONF_0550",
      "properties": {
        "confluence_id": "CONF_0550",
        "connected_reaches": 2,
        "elevation_m": 100.0
      },
      "geometry": {
        "type": "Point",
        "coordinates": [
          98.8634,
          18.531
        ]
      }
    },
    {
      "type": "Feature",
      "id": "CONF_0551",
      "properties": {
        "confluence_id": "CONF_0551",
        "connected_reaches": 2,
        "elevation_m": 100.0
      },
      "geometry": {
        "type": "Point",
        "coordinates": [
          98.9541,
          19.1038
        ]
      }
    },
    {
      "type": "Feature",
      "id": "CONF_0552",
      "properties": {
        "confluence_id": "CONF_0552",
        "connected_reaches": 2,
        "elevation_m": 100.0
      },
      "geometry": {
        "type": "Point",
        "coordinates": [
          99.1254,
          18.7631
        ]
      }
    },
    {
      "type": "Feature",
      "id": "CONF_0553",
      "properties": {
        "confluence_id": "CONF_0553",
        "connected_reaches": 2,
        "elevation_m": 100.0
      },
      "geometry": {
        "type": "Point",
        "coordinates": [
          98.9027,
          18.5266
        ]
      }
    },
    {
      "type": "Feature",
      "id": "CONF_0554",
      "properties": {
        "confluence_id": "CONF_0554",
        "connected_reaches": 2,
        "elevation_m": 100.0
      },
      "geometry": {
        "type": "Point",
        "coordinates": [
          99.1036,
          18.6789
        ]
      }
    },
    {
      "type": "Feature",
      "id": "CONF_0555",
      "properties": {
        "confluence_id": "CONF_0555",
        "connected_reaches": 2,
        "elevation_m": 100.0
      },
      "geometry": {
        "type": "Point",
        "coordinates": [
          99.5102,
          19.6437
        ]
      }
    },
    {
      "type": "Feature",
      "id": "CONF_0556",
      "properties": {
        "confluence_id": "CONF_0556",
        "connected_reaches": 2,
        "elevation_m": 100.0
      },
      "geometry": {
        "type": "Point",
        "coordinates": [
          99.6514,
          18.1467
        ]
      }
    },
    {
      "type": "Feature",
      "id": "CONF_0557",
      "properties": {
        "confluence_id": "CONF_0557",
        "connected_reaches": 2,
        "elevation_m": 100.0
      },
      "geometry": {
        "type": "Point",
        "coordinates": [
          99.5165,
          18.2911
        ]
      }
    },
    {
      "type": "Feature",
      "id": "CONF_0558",
      "properties": {
        "confluence_id": "CONF_0558",
        "connected_reaches": 2,
        "elevation_m": 100.0
      },
      "geometry": {
        "type": "Point",
        "coordinates": [
          99.1297,
          18.5101
        ]
      }
    },
    {
      "type": "Feature",
      "id": "CONF_0559",
      "properties": {
        "confluence_id": "CONF_0559",
        "connected_reaches": 2,
        "elevation_m": 100.0
      },
      "geometry": {
        "type": "Point",
        "coordinates": [
          100.1508,
          17.5768
        ]
      }
    },
    {
      "type": "Feature",
      "id": "CONF_0560",
      "properties": {
        "confluence_id": "CONF_0560",
        "connected_reaches": 2,
        "elevation_m": 100.0
      },
      "geometry": {
        "type": "Point",
        "coordinates": [
          99.278,
          18.3305
        ]
      }
    },
    {
      "type": "Feature",
      "id": "CONF_0561",
      "properties": {
        "confluence_id": "CONF_0561",
        "connected_reaches": 2,
        "elevation_m": 100.0
      },
      "geometry": {
        "type": "Point",
        "coordinates": [
          99.0676,
          18.8346
        ]
      }
    },
    {
      "type": "Feature",
      "id": "CONF_0562",
      "properties": {
        "confluence_id": "CONF_0562",
        "connected_reaches": 2,
        "elevation_m": 100.0
      },
      "geometry": {
        "type": "Point",
        "coordinates": [
          98.9314,
          17.7807
        ]
      }
    },
    {
      "type": "Feature",
      "id": "CONF_0563",
      "properties": {
        "confluence_id": "CONF_0563",
        "connected_reaches": 2,
        "elevation_m": 100.0
      },
      "geometry": {
        "type": "Point",
        "coordinates": [
          98.8266,
          18.6714
        ]
      }
    },
    {
      "type": "Feature",
      "id": "CONF_0564",
      "properties": {
        "confluence_id": "CONF_0564",
        "connected_reaches": 2,
        "elevation_m": 100.0
      },
      "geometry": {
        "type": "Point",
        "coordinates": [
          99.0856,
          17.8913
        ]
      }
    },
    {
      "type": "Feature",
      "id": "CONF_0565",
      "properties": {
        "confluence_id": "CONF_0565",
        "connected_reaches": 2,
        "elevation_m": 100.0
      },
      "geometry": {
        "type": "Point",
        "coordinates": [
          99.0827,
          17.8746
        ]
      }
    },
    {
      "type": "Feature",
      "id": "CONF_0566",
      "properties": {
        "confluence_id": "CONF_0566",
        "connected_reaches": 2,
        "elevation_m": 100.0
      },
      "geometry": {
        "type": "Point",
        "coordinates": [
          98.9414,
          18.863
        ]
      }
    },
    {
      "type": "Feature",
      "id": "CONF_0567",
      "properties": {
        "confluence_id": "CONF_0567",
        "connected_reaches": 3,
        "elevation_m": 100.0
      },
      "geometry": {
        "type": "Point",
        "coordinates": [
          99.1471,
          18.1875
        ]
      }
    },
    {
      "type": "Feature",
      "id": "CONF_0568",
      "properties": {
        "confluence_id": "CONF_0568",
        "connected_reaches": 2,
        "elevation_m": 100.0
      },
      "geometry": {
        "type": "Point",
        "coordinates": [
          99.4823,
          18.2319
        ]
      }
    },
    {
      "type": "Feature",
      "id": "CONF_0569",
      "properties": {
        "confluence_id": "CONF_0569",
        "connected_reaches": 2,
        "elevation_m": 100.0
      },
      "geometry": {
        "type": "Point",
        "coordinates": [
          98.9959,
          18.8107
        ]
      }
    },
    {
      "type": "Feature",
      "id": "CONF_0570",
      "properties": {
        "confluence_id": "CONF_0570",
        "connected_reaches": 3,
        "elevation_m": 100.0
      },
      "geometry": {
        "type": "Point",
        "coordinates": [
          99.5709,
          18.7745
        ]
      }
    },
    {
      "type": "Feature",
      "id": "CONF_0571",
      "properties": {
        "confluence_id": "CONF_0571",
        "connected_reaches": 2,
        "elevation_m": 100.0
      },
      "geometry": {
        "type": "Point",
        "coordinates": [
          99.5285,
          18.8881
        ]
      }
    },
    {
      "type": "Feature",
      "id": "CONF_0572",
      "properties": {
        "confluence_id": "CONF_0572",
        "connected_reaches": 2,
        "elevation_m": 100.0
      },
      "geometry": {
        "type": "Point",
        "coordinates": [
          99.7453,
          18.4133
        ]
      }
    },
    {
      "type": "Feature",
      "id": "CONF_0573",
      "properties": {
        "confluence_id": "CONF_0573",
        "connected_reaches": 2,
        "elevation_m": 100.0
      },
      "geometry": {
        "type": "Point",
        "coordinates": [
          99.72,
          18.3955
        ]
      }
    },
    {
      "type": "Feature",
      "id": "CONF_0574",
      "properties": {
        "confluence_id": "CONF_0574",
        "connected_reaches": 2,
        "elevation_m": 100.0
      },
      "geometry": {
        "type": "Point",
        "coordinates": [
          99.7321,
          18.3897
        ]
      }
    },
    {
      "type": "Feature",
      "id": "CONF_0575",
      "properties": {
        "confluence_id": "CONF_0575",
        "connected_reaches": 3,
        "elevation_m": 100.0
      },
      "geometry": {
        "type": "Point",
        "coordinates": [
          99.7395,
          18.3671
        ]
      }
    },
    {
      "type": "Feature",
      "id": "CONF_0576",
      "properties": {
        "confluence_id": "CONF_0576",
        "connected_reaches": 2,
        "elevation_m": 100.0
      },
      "geometry": {
        "type": "Point",
        "coordinates": [
          100.0406,
          17.9789
        ]
      }
    },
    {
      "type": "Feature",
      "id": "CONF_0577",
      "properties": {
        "confluence_id": "CONF_0577",
        "connected_reaches": 2,
        "elevation_m": 100.0
      },
      "geometry": {
        "type": "Point",
        "coordinates": [
          100.0409,
          17.9794
        ]
      }
    },
    {
      "type": "Feature",
      "id": "CONF_0578",
      "properties": {
        "confluence_id": "CONF_0578",
        "connected_reaches": 2,
        "elevation_m": 100.0
      },
      "geometry": {
        "type": "Point",
        "coordinates": [
          100.0431,
          17.9814
        ]
      }
    },
    {
      "type": "Feature",
      "id": "CONF_0579",
      "properties": {
        "confluence_id": "CONF_0579",
        "connected_reaches": 2,
        "elevation_m": 100.0
      },
      "geometry": {
        "type": "Point",
        "coordinates": [
          99.71,
          18.2674
        ]
      }
    },
    {
      "type": "Feature",
      "id": "CONF_0580",
      "properties": {
        "confluence_id": "CONF_0580",
        "connected_reaches": 2,
        "elevation_m": 100.0
      },
      "geometry": {
        "type": "Point",
        "coordinates": [
          99.7017,
          18.2586
        ]
      }
    },
    {
      "type": "Feature",
      "id": "CONF_0581",
      "properties": {
        "confluence_id": "CONF_0581",
        "connected_reaches": 2,
        "elevation_m": 100.0
      },
      "geometry": {
        "type": "Point",
        "coordinates": [
          99.6313,
          18.4387
        ]
      }
    },
    {
      "type": "Feature",
      "id": "CONF_0582",
      "properties": {
        "confluence_id": "CONF_0582",
        "connected_reaches": 2,
        "elevation_m": 100.0
      },
      "geometry": {
        "type": "Point",
        "coordinates": [
          99.3311,
          19.5408
        ]
      }
    },
    {
      "type": "Feature",
      "id": "CONF_0583",
      "properties": {
        "confluence_id": "CONF_0583",
        "connected_reaches": 2,
        "elevation_m": 100.0
      },
      "geometry": {
        "type": "Point",
        "coordinates": [
          98.9399,
          19.3365
        ]
      }
    },
    {
      "type": "Feature",
      "id": "CONF_0584",
      "properties": {
        "confluence_id": "CONF_0584",
        "connected_reaches": 2,
        "elevation_m": 100.0
      },
      "geometry": {
        "type": "Point",
        "coordinates": [
          98.9424,
          19.3297
        ]
      }
    },
    {
      "type": "Feature",
      "id": "CONF_0585",
      "properties": {
        "confluence_id": "CONF_0585",
        "connected_reaches": 2,
        "elevation_m": 100.0
      },
      "geometry": {
        "type": "Point",
        "coordinates": [
          99.3287,
          19.0389
        ]
      }
    },
    {
      "type": "Feature",
      "id": "CONF_0586",
      "properties": {
        "confluence_id": "CONF_0586",
        "connected_reaches": 2,
        "elevation_m": 100.0
      },
      "geometry": {
        "type": "Point",
        "coordinates": [
          99.2487,
          18.9548
        ]
      }
    },
    {
      "type": "Feature",
      "id": "CONF_0587",
      "properties": {
        "confluence_id": "CONF_0587",
        "connected_reaches": 2,
        "elevation_m": 100.0
      },
      "geometry": {
        "type": "Point",
        "coordinates": [
          99.2348,
          18.9588
        ]
      }
    },
    {
      "type": "Feature",
      "id": "CONF_0588",
      "properties": {
        "confluence_id": "CONF_0588",
        "connected_reaches": 2,
        "elevation_m": 100.0
      },
      "geometry": {
        "type": "Point",
        "coordinates": [
          99.2801,
          18.9323
        ]
      }
    },
    {
      "type": "Feature",
      "id": "CONF_0589",
      "properties": {
        "confluence_id": "CONF_0589",
        "connected_reaches": 2,
        "elevation_m": 100.0
      },
      "geometry": {
        "type": "Point",
        "coordinates": [
          99.46,
          19.1137
        ]
      }
    },
    {
      "type": "Feature",
      "id": "CONF_0590",
      "properties": {
        "confluence_id": "CONF_0590",
        "connected_reaches": 2,
        "elevation_m": 100.0
      },
      "geometry": {
        "type": "Point",
        "coordinates": [
          99.5482,
          19.6654
        ]
      }
    },
    {
      "type": "Feature",
      "id": "CONF_0591",
      "properties": {
        "confluence_id": "CONF_0591",
        "connected_reaches": 2,
        "elevation_m": 100.0
      },
      "geometry": {
        "type": "Point",
        "coordinates": [
          99.6582,
          19.7853
        ]
      }
    },
    {
      "type": "Feature",
      "id": "CONF_0592",
      "properties": {
        "confluence_id": "CONF_0592",
        "connected_reaches": 3,
        "elevation_m": 100.0
      },
      "geometry": {
        "type": "Point",
        "coordinates": [
          99.6728,
          19.7695
        ]
      }
    },
    {
      "type": "Feature",
      "id": "CONF_0593",
      "properties": {
        "confluence_id": "CONF_0593",
        "connected_reaches": 3,
        "elevation_m": 100.0
      },
      "geometry": {
        "type": "Point",
        "coordinates": [
          99.6442,
          19.7623
        ]
      }
    },
    {
      "type": "Feature",
      "id": "CONF_0594",
      "properties": {
        "confluence_id": "CONF_0594",
        "connected_reaches": 2,
        "elevation_m": 100.0
      },
      "geometry": {
        "type": "Point",
        "coordinates": [
          98.7406,
          18.3937
        ]
      }
    },
    {
      "type": "Feature",
      "id": "CONF_0595",
      "properties": {
        "confluence_id": "CONF_0595",
        "connected_reaches": 2,
        "elevation_m": 100.0
      },
      "geometry": {
        "type": "Point",
        "coordinates": [
          99.5368,
          19.6824
        ]
      }
    },
    {
      "type": "Feature",
      "id": "CONF_0596",
      "properties": {
        "confluence_id": "CONF_0596",
        "connected_reaches": 2,
        "elevation_m": 100.0
      },
      "geometry": {
        "type": "Point",
        "coordinates": [
          99.7043,
          17.4672
        ]
      }
    },
    {
      "type": "Feature",
      "id": "CONF_0597",
      "properties": {
        "confluence_id": "CONF_0597",
        "connected_reaches": 2,
        "elevation_m": 100.0
      },
      "geometry": {
        "type": "Point",
        "coordinates": [
          99.6317,
          17.4794
        ]
      }
    },
    {
      "type": "Feature",
      "id": "CONF_0598",
      "properties": {
        "confluence_id": "CONF_0598",
        "connected_reaches": 2,
        "elevation_m": 100.0
      },
      "geometry": {
        "type": "Point",
        "coordinates": [
          99.6307,
          17.4787
        ]
      }
    },
    {
      "type": "Feature",
      "id": "CONF_0599",
      "properties": {
        "confluence_id": "CONF_0599",
        "connected_reaches": 2,
        "elevation_m": 100.0
      },
      "geometry": {
        "type": "Point",
        "coordinates": [
          99.7351,
          17.2983
        ]
      }
    },
    {
      "type": "Feature",
      "id": "CONF_0600",
      "properties": {
        "confluence_id": "CONF_0600",
        "connected_reaches": 2,
        "elevation_m": 100.0
      },
      "geometry": {
        "type": "Point",
        "coordinates": [
          98.6584,
          18.4451
        ]
      }
    },
    {
      "type": "Feature",
      "id": "CONF_0601",
      "properties": {
        "confluence_id": "CONF_0601",
        "connected_reaches": 2,
        "elevation_m": 100.0
      },
      "geometry": {
        "type": "Point",
        "coordinates": [
          100.201,
          19.6727
        ]
      }
    },
    {
      "type": "Feature",
      "id": "CONF_0602",
      "properties": {
        "confluence_id": "CONF_0602",
        "connected_reaches": 2,
        "elevation_m": 100.0
      },
      "geometry": {
        "type": "Point",
        "coordinates": [
          100.1887,
          19.6851
        ]
      }
    },
    {
      "type": "Feature",
      "id": "CONF_0603",
      "properties": {
        "confluence_id": "CONF_0603",
        "connected_reaches": 2,
        "elevation_m": 100.0
      },
      "geometry": {
        "type": "Point",
        "coordinates": [
          100.0698,
          19.6481
        ]
      }
    },
    {
      "type": "Feature",
      "id": "CONF_0604",
      "properties": {
        "confluence_id": "CONF_0604",
        "connected_reaches": 2,
        "elevation_m": 100.0
      },
      "geometry": {
        "type": "Point",
        "coordinates": [
          98.9733,
          18.8073
        ]
      }
    },
    {
      "type": "Feature",
      "id": "CONF_0605",
      "properties": {
        "confluence_id": "CONF_0605",
        "connected_reaches": 2,
        "elevation_m": 100.0
      },
      "geometry": {
        "type": "Point",
        "coordinates": [
          99.6983,
          18.2356
        ]
      }
    },
    {
      "type": "Feature",
      "id": "CONF_0606",
      "properties": {
        "confluence_id": "CONF_0606",
        "connected_reaches": 2,
        "elevation_m": 100.0
      },
      "geometry": {
        "type": "Point",
        "coordinates": [
          99.7642,
          18.2519
        ]
      }
    },
    {
      "type": "Feature",
      "id": "CONF_0607",
      "properties": {
        "confluence_id": "CONF_0607",
        "connected_reaches": 2,
        "elevation_m": 100.0
      },
      "geometry": {
        "type": "Point",
        "coordinates": [
          99.6594,
          18.1646
        ]
      }
    },
    {
      "type": "Feature",
      "id": "CONF_0608",
      "properties": {
        "confluence_id": "CONF_0608",
        "connected_reaches": 2,
        "elevation_m": 100.0
      },
      "geometry": {
        "type": "Point",
        "coordinates": [
          99.0447,
          18.65
        ]
      }
    },
    {
      "type": "Feature",
      "id": "CONF_0609",
      "properties": {
        "confluence_id": "CONF_0609",
        "connected_reaches": 2,
        "elevation_m": 100.0
      },
      "geometry": {
        "type": "Point",
        "coordinates": [
          99.0447,
          18.6512
        ]
      }
    },
    {
      "type": "Feature",
      "id": "CONF_0610",
      "properties": {
        "confluence_id": "CONF_0610",
        "connected_reaches": 2,
        "elevation_m": 100.0
      },
      "geometry": {
        "type": "Point",
        "coordinates": [
          99.7497,
          18.3733
        ]
      }
    },
    {
      "type": "Feature",
      "id": "CONF_0611",
      "properties": {
        "confluence_id": "CONF_0611",
        "connected_reaches": 2,
        "elevation_m": 100.0
      },
      "geometry": {
        "type": "Point",
        "coordinates": [
          99.0126,
          18.5463
        ]
      }
    },
    {
      "type": "Feature",
      "id": "CONF_0612",
      "properties": {
        "confluence_id": "CONF_0612",
        "connected_reaches": 2,
        "elevation_m": 100.0
      },
      "geometry": {
        "type": "Point",
        "coordinates": [
          99.7266,
          18.2867
        ]
      }
    },
    {
      "type": "Feature",
      "id": "CONF_0613",
      "properties": {
        "confluence_id": "CONF_0613",
        "connected_reaches": 2,
        "elevation_m": 100.0
      },
      "geometry": {
        "type": "Point",
        "coordinates": [
          99.7038,
          18.2986
        ]
      }
    },
    {
      "type": "Feature",
      "id": "CONF_0614",
      "properties": {
        "confluence_id": "CONF_0614",
        "connected_reaches": 2,
        "elevation_m": 100.0
      },
      "geometry": {
        "type": "Point",
        "coordinates": [
          99.6717,
          18.2729
        ]
      }
    },
    {
      "type": "Feature",
      "id": "CONF_0615",
      "properties": {
        "confluence_id": "CONF_0615",
        "connected_reaches": 2,
        "elevation_m": 100.0
      },
      "geometry": {
        "type": "Point",
        "coordinates": [
          98.9406,
          18.8008
        ]
      }
    },
    {
      "type": "Feature",
      "id": "CONF_0616",
      "properties": {
        "confluence_id": "CONF_0616",
        "connected_reaches": 2,
        "elevation_m": 100.0
      },
      "geometry": {
        "type": "Point",
        "coordinates": [
          99.3797,
          18.3142
        ]
      }
    },
    {
      "type": "Feature",
      "id": "CONF_0617",
      "properties": {
        "confluence_id": "CONF_0617",
        "connected_reaches": 2,
        "elevation_m": 100.0
      },
      "geometry": {
        "type": "Point",
        "coordinates": [
          99.3837,
          18.2994
        ]
      }
    },
    {
      "type": "Feature",
      "id": "CONF_0618",
      "properties": {
        "confluence_id": "CONF_0618",
        "connected_reaches": 2,
        "elevation_m": 100.0
      },
      "geometry": {
        "type": "Point",
        "coordinates": [
          99.8262,
          17.3526
        ]
      }
    },
    {
      "type": "Feature",
      "id": "CONF_0619",
      "properties": {
        "confluence_id": "CONF_0619",
        "connected_reaches": 2,
        "elevation_m": 100.0
      },
      "geometry": {
        "type": "Point",
        "coordinates": [
          99.2428,
          18.3581
        ]
      }
    },
    {
      "type": "Feature",
      "id": "CONF_0620",
      "properties": {
        "confluence_id": "CONF_0620",
        "connected_reaches": 2,
        "elevation_m": 100.0
      },
      "geometry": {
        "type": "Point",
        "coordinates": [
          99.1544,
          18.8863
        ]
      }
    },
    {
      "type": "Feature",
      "id": "CONF_0621",
      "properties": {
        "confluence_id": "CONF_0621",
        "connected_reaches": 3,
        "elevation_m": 100.0
      },
      "geometry": {
        "type": "Point",
        "coordinates": [
          100.0255,
          19.3032
        ]
      }
    },
    {
      "type": "Feature",
      "id": "CONF_0622",
      "properties": {
        "confluence_id": "CONF_0622",
        "connected_reaches": 2,
        "elevation_m": 100.0
      },
      "geometry": {
        "type": "Point",
        "coordinates": [
          99.9843,
          19.5148
        ]
      }
    },
    {
      "type": "Feature",
      "id": "CONF_0623",
      "properties": {
        "confluence_id": "CONF_0623",
        "connected_reaches": 3,
        "elevation_m": 100.0
      },
      "geometry": {
        "type": "Point",
        "coordinates": [
          99.425,
          18.9205
        ]
      }
    },
    {
      "type": "Feature",
      "id": "CONF_0624",
      "properties": {
        "confluence_id": "CONF_0624",
        "connected_reaches": 3,
        "elevation_m": 100.0
      },
      "geometry": {
        "type": "Point",
        "coordinates": [
          100.1648,
          18.8766
        ]
      }
    },
    {
      "type": "Feature",
      "id": "CONF_0625",
      "properties": {
        "confluence_id": "CONF_0625",
        "connected_reaches": 2,
        "elevation_m": 100.0
      },
      "geometry": {
        "type": "Point",
        "coordinates": [
          99.0,
          17.5224
        ]
      }
    },
    {
      "type": "Feature",
      "id": "CONF_0626",
      "properties": {
        "confluence_id": "CONF_0626",
        "connected_reaches": 2,
        "elevation_m": 100.0
      },
      "geometry": {
        "type": "Point",
        "coordinates": [
          98.8398,
          18.5863
        ]
      }
    },
    {
      "type": "Feature",
      "id": "CONF_0627",
      "properties": {
        "confluence_id": "CONF_0627",
        "connected_reaches": 2,
        "elevation_m": 100.0
      },
      "geometry": {
        "type": "Point",
        "coordinates": [
          98.8393,
          18.5863
        ]
      }
    },
    {
      "type": "Feature",
      "id": "CONF_0628",
      "properties": {
        "confluence_id": "CONF_0628",
        "connected_reaches": 2,
        "elevation_m": 100.0
      },
      "geometry": {
        "type": "Point",
        "coordinates": [
          99.7466,
          19.5889
        ]
      }
    },
    {
      "type": "Feature",
      "id": "CONF_0629",
      "properties": {
        "confluence_id": "CONF_0629",
        "connected_reaches": 2,
        "elevation_m": 100.0
      },
      "geometry": {
        "type": "Point",
        "coordinates": [
          99.7459,
          19.589
        ]
      }
    },
    {
      "type": "Feature",
      "id": "CONF_0630",
      "properties": {
        "confluence_id": "CONF_0630",
        "connected_reaches": 2,
        "elevation_m": 100.0
      },
      "geometry": {
        "type": "Point",
        "coordinates": [
          98.9071,
          18.9158
        ]
      }
    },
    {
      "type": "Feature",
      "id": "CONF_0631",
      "properties": {
        "confluence_id": "CONF_0631",
        "connected_reaches": 2,
        "elevation_m": 100.0
      },
      "geometry": {
        "type": "Point",
        "coordinates": [
          99.1488,
          18.707
        ]
      }
    },
    {
      "type": "Feature",
      "id": "CONF_0632",
      "properties": {
        "confluence_id": "CONF_0632",
        "connected_reaches": 2,
        "elevation_m": 100.0
      },
      "geometry": {
        "type": "Point",
        "coordinates": [
          99.153,
          18.7079
        ]
      }
    },
    {
      "type": "Feature",
      "id": "CONF_0633",
      "properties": {
        "confluence_id": "CONF_0633",
        "connected_reaches": 2,
        "elevation_m": 100.0
      },
      "geometry": {
        "type": "Point",
        "coordinates": [
          99.0053,
          18.8983
        ]
      }
    },
    {
      "type": "Feature",
      "id": "CONF_0634",
      "properties": {
        "confluence_id": "CONF_0634",
        "connected_reaches": 2,
        "elevation_m": 100.0
      },
      "geometry": {
        "type": "Point",
        "coordinates": [
          99.6861,
          18.3265
        ]
      }
    },
    {
      "type": "Feature",
      "id": "CONF_0635",
      "properties": {
        "confluence_id": "CONF_0635",
        "connected_reaches": 2,
        "elevation_m": 100.0
      },
      "geometry": {
        "type": "Point",
        "coordinates": [
          99.6591,
          19.7162
        ]
      }
    },
    {
      "type": "Feature",
      "id": "CONF_0636",
      "properties": {
        "confluence_id": "CONF_0636",
        "connected_reaches": 2,
        "elevation_m": 100.0
      },
      "geometry": {
        "type": "Point",
        "coordinates": [
          99.9161,
          19.1587
        ]
      }
    },
    {
      "type": "Feature",
      "id": "CONF_0637",
      "properties": {
        "confluence_id": "CONF_0637",
        "connected_reaches": 2,
        "elevation_m": 100.0
      },
      "geometry": {
        "type": "Point",
        "coordinates": [
          99.0344,
          19.1411
        ]
      }
    },
    {
      "type": "Feature",
      "id": "CONF_0638",
      "properties": {
        "confluence_id": "CONF_0638",
        "connected_reaches": 2,
        "elevation_m": 100.0
      },
      "geometry": {
        "type": "Point",
        "coordinates": [
          99.1689,
          19.7907
        ]
      }
    },
    {
      "type": "Feature",
      "id": "CONF_0639",
      "properties": {
        "confluence_id": "CONF_0639",
        "connected_reaches": 2,
        "elevation_m": 100.0
      },
      "geometry": {
        "type": "Point",
        "coordinates": [
          98.8015,
          18.8557
        ]
      }
    },
    {
      "type": "Feature",
      "id": "CONF_0640",
      "properties": {
        "confluence_id": "CONF_0640",
        "connected_reaches": 2,
        "elevation_m": 100.0
      },
      "geometry": {
        "type": "Point",
        "coordinates": [
          98.8882,
          18.6558
        ]
      }
    },
    {
      "type": "Feature",
      "id": "CONF_0641",
      "properties": {
        "confluence_id": "CONF_0641",
        "connected_reaches": 2,
        "elevation_m": 100.0
      },
      "geometry": {
        "type": "Point",
        "coordinates": [
          98.6952,
          18.8777
        ]
      }
    },
    {
      "type": "Feature",
      "id": "CONF_0642",
      "properties": {
        "confluence_id": "CONF_0642",
        "connected_reaches": 2,
        "elevation_m": 100.0
      },
      "geometry": {
        "type": "Point",
        "coordinates": [
          99.0291,
          18.7519
        ]
      }
    },
    {
      "type": "Feature",
      "id": "CONF_0643",
      "properties": {
        "confluence_id": "CONF_0643",
        "connected_reaches": 2,
        "elevation_m": 100.0
      },
      "geometry": {
        "type": "Point",
        "coordinates": [
          98.9998,
          18.1438
        ]
      }
    },
    {
      "type": "Feature",
      "id": "CONF_0644",
      "properties": {
        "confluence_id": "CONF_0644",
        "connected_reaches": 2,
        "elevation_m": 100.0
      },
      "geometry": {
        "type": "Point",
        "coordinates": [
          98.9776,
          18.7811
        ]
      }
    },
    {
      "type": "Feature",
      "id": "CONF_0645",
      "properties": {
        "confluence_id": "CONF_0645",
        "connected_reaches": 2,
        "elevation_m": 100.0
      },
      "geometry": {
        "type": "Point",
        "coordinates": [
          98.9624,
          18.3551
        ]
      }
    },
    {
      "type": "Feature",
      "id": "CONF_0646",
      "properties": {
        "confluence_id": "CONF_0646",
        "connected_reaches": 2,
        "elevation_m": 100.0
      },
      "geometry": {
        "type": "Point",
        "coordinates": [
          99.2078,
          18.8523
        ]
      }
    },
    {
      "type": "Feature",
      "id": "CONF_0647",
      "properties": {
        "confluence_id": "CONF_0647",
        "connected_reaches": 2,
        "elevation_m": 100.0
      },
      "geometry": {
        "type": "Point",
        "coordinates": [
          98.9981,
          19.0872
        ]
      }
    },
    {
      "type": "Feature",
      "id": "CONF_0648",
      "properties": {
        "confluence_id": "CONF_0648",
        "connected_reaches": 2,
        "elevation_m": 100.0
      },
      "geometry": {
        "type": "Point",
        "coordinates": [
          99.0158,
          18.7207
        ]
      }
    },
    {
      "type": "Feature",
      "id": "CONF_0649",
      "properties": {
        "confluence_id": "CONF_0649",
        "connected_reaches": 2,
        "elevation_m": 100.0
      },
      "geometry": {
        "type": "Point",
        "coordinates": [
          99.1786,
          19.0944
        ]
      }
    },
    {
      "type": "Feature",
      "id": "CONF_0650",
      "properties": {
        "confluence_id": "CONF_0650",
        "connected_reaches": 2,
        "elevation_m": 100.0
      },
      "geometry": {
        "type": "Point",
        "coordinates": [
          99.182,
          19.0854
        ]
      }
    },
    {
      "type": "Feature",
      "id": "CONF_0651",
      "properties": {
        "confluence_id": "CONF_0651",
        "connected_reaches": 2,
        "elevation_m": 100.0
      },
      "geometry": {
        "type": "Point",
        "coordinates": [
          99.1811,
          19.0971
        ]
      }
    },
    {
      "type": "Feature",
      "id": "CONF_0652",
      "properties": {
        "confluence_id": "CONF_0652",
        "connected_reaches": 3,
        "elevation_m": 100.0
      },
      "geometry": {
        "type": "Point",
        "coordinates": [
          99.1866,
          19.0582
        ]
      }
    },
    {
      "type": "Feature",
      "id": "CONF_0653",
      "properties": {
        "confluence_id": "CONF_0653",
        "connected_reaches": 3,
        "elevation_m": 100.0
      },
      "geometry": {
        "type": "Point",
        "coordinates": [
          99.181,
          19.0755
        ]
      }
    },
    {
      "type": "Feature",
      "id": "CONF_0654",
      "properties": {
        "confluence_id": "CONF_0654",
        "connected_reaches": 2,
        "elevation_m": 100.0
      },
      "geometry": {
        "type": "Point",
        "coordinates": [
          99.228,
          19.1382
        ]
      }
    },
    {
      "type": "Feature",
      "id": "CONF_0655",
      "properties": {
        "confluence_id": "CONF_0655",
        "connected_reaches": 2,
        "elevation_m": 100.0
      },
      "geometry": {
        "type": "Point",
        "coordinates": [
          99.1883,
          19.1576
        ]
      }
    },
    {
      "type": "Feature",
      "id": "CONF_0656",
      "properties": {
        "confluence_id": "CONF_0656",
        "connected_reaches": 2,
        "elevation_m": 100.0
      },
      "geometry": {
        "type": "Point",
        "coordinates": [
          99.1819,
          19.0757
        ]
      }
    },
    {
      "type": "Feature",
      "id": "CONF_0657",
      "properties": {
        "confluence_id": "CONF_0657",
        "connected_reaches": 2,
        "elevation_m": 100.0
      },
      "geometry": {
        "type": "Point",
        "coordinates": [
          99.1735,
          19.0882
        ]
      }
    },
    {
      "type": "Feature",
      "id": "CONF_0658",
      "properties": {
        "confluence_id": "CONF_0658",
        "connected_reaches": 2,
        "elevation_m": 100.0
      },
      "geometry": {
        "type": "Point",
        "coordinates": [
          99.2157,
          19.1322
        ]
      }
    },
    {
      "type": "Feature",
      "id": "CONF_0659",
      "properties": {
        "confluence_id": "CONF_0659",
        "connected_reaches": 2,
        "elevation_m": 100.0
      },
      "geometry": {
        "type": "Point",
        "coordinates": [
          99.2286,
          19.1296
        ]
      }
    },
    {
      "type": "Feature",
      "id": "CONF_0660",
      "properties": {
        "confluence_id": "CONF_0660",
        "connected_reaches": 2,
        "elevation_m": 100.0
      },
      "geometry": {
        "type": "Point",
        "coordinates": [
          99.2021,
          19.0738
        ]
      }
    },
    {
      "type": "Feature",
      "id": "CONF_0661",
      "properties": {
        "confluence_id": "CONF_0661",
        "connected_reaches": 2,
        "elevation_m": 100.0
      },
      "geometry": {
        "type": "Point",
        "coordinates": [
          99.1816,
          19.0754
        ]
      }
    },
    {
      "type": "Feature",
      "id": "CONF_0662",
      "properties": {
        "confluence_id": "CONF_0662",
        "connected_reaches": 2,
        "elevation_m": 100.0
      },
      "geometry": {
        "type": "Point",
        "coordinates": [
          99.2164,
          19.076
        ]
      }
    },
    {
      "type": "Feature",
      "id": "CONF_0663",
      "properties": {
        "confluence_id": "CONF_0663",
        "connected_reaches": 2,
        "elevation_m": 100.0
      },
      "geometry": {
        "type": "Point",
        "coordinates": [
          99.2486,
          19.0744
        ]
      }
    },
    {
      "type": "Feature",
      "id": "CONF_0664",
      "properties": {
        "confluence_id": "CONF_0664",
        "connected_reaches": 2,
        "elevation_m": 100.0
      },
      "geometry": {
        "type": "Point",
        "coordinates": [
          99.2679,
          19.0773
        ]
      }
    },
    {
      "type": "Feature",
      "id": "CONF_0665",
      "properties": {
        "confluence_id": "CONF_0665",
        "connected_reaches": 3,
        "elevation_m": 100.0
      },
      "geometry": {
        "type": "Point",
        "coordinates": [
          99.2867,
          19.084
        ]
      }
    },
    {
      "type": "Feature",
      "id": "CONF_0666",
      "properties": {
        "confluence_id": "CONF_0666",
        "connected_reaches": 2,
        "elevation_m": 100.0
      },
      "geometry": {
        "type": "Point",
        "coordinates": [
          99.0203,
          17.1725
        ]
      }
    },
    {
      "type": "Feature",
      "id": "CONF_0667",
      "properties": {
        "confluence_id": "CONF_0667",
        "connected_reaches": 3,
        "elevation_m": 100.0
      },
      "geometry": {
        "type": "Point",
        "coordinates": [
          99.1256,
          18.849
        ]
      }
    },
    {
      "type": "Feature",
      "id": "CONF_0668",
      "properties": {
        "confluence_id": "CONF_0668",
        "connected_reaches": 2,
        "elevation_m": 100.0
      },
      "geometry": {
        "type": "Point",
        "coordinates": [
          99.1781,
          17.5536
        ]
      }
    },
    {
      "type": "Feature",
      "id": "CONF_0669",
      "properties": {
        "confluence_id": "CONF_0669",
        "connected_reaches": 2,
        "elevation_m": 100.0
      },
      "geometry": {
        "type": "Point",
        "coordinates": [
          99.8107,
          19.0944
        ]
      }
    },
    {
      "type": "Feature",
      "id": "CONF_0670",
      "properties": {
        "confluence_id": "CONF_0670",
        "connected_reaches": 2,
        "elevation_m": 100.0
      },
      "geometry": {
        "type": "Point",
        "coordinates": [
          99.8091,
          19.097
        ]
      }
    },
    {
      "type": "Feature",
      "id": "CONF_0671",
      "properties": {
        "confluence_id": "CONF_0671",
        "connected_reaches": 2,
        "elevation_m": 100.0
      },
      "geometry": {
        "type": "Point",
        "coordinates": [
          99.1785,
          19.0946
        ]
      }
    },
    {
      "type": "Feature",
      "id": "CONF_0672",
      "properties": {
        "confluence_id": "CONF_0672",
        "connected_reaches": 2,
        "elevation_m": 100.0
      },
      "geometry": {
        "type": "Point",
        "coordinates": [
          99.3768,
          19.5225
        ]
      }
    },
    {
      "type": "Feature",
      "id": "CONF_0673",
      "properties": {
        "confluence_id": "CONF_0673",
        "connected_reaches": 3,
        "elevation_m": 100.0
      },
      "geometry": {
        "type": "Point",
        "coordinates": [
          99.4101,
          19.5052
        ]
      }
    },
    {
      "type": "Feature",
      "id": "CONF_0674",
      "properties": {
        "confluence_id": "CONF_0674",
        "connected_reaches": 2,
        "elevation_m": 100.0
      },
      "geometry": {
        "type": "Point",
        "coordinates": [
          99.4899,
          19.1933
        ]
      }
    },
    {
      "type": "Feature",
      "id": "CONF_0675",
      "properties": {
        "confluence_id": "CONF_0675",
        "connected_reaches": 2,
        "elevation_m": 100.0
      },
      "geometry": {
        "type": "Point",
        "coordinates": [
          99.494,
          19.1837
        ]
      }
    },
    {
      "type": "Feature",
      "id": "CONF_0676",
      "properties": {
        "confluence_id": "CONF_0676",
        "connected_reaches": 3,
        "elevation_m": 100.0
      },
      "geometry": {
        "type": "Point",
        "coordinates": [
          99.0333,
          18.0413
        ]
      }
    },
    {
      "type": "Feature",
      "id": "CONF_0677",
      "properties": {
        "confluence_id": "CONF_0677",
        "connected_reaches": 3,
        "elevation_m": 100.0
      },
      "geometry": {
        "type": "Point",
        "coordinates": [
          99.032,
          18.0826
        ]
      }
    },
    {
      "type": "Feature",
      "id": "CONF_0678",
      "properties": {
        "confluence_id": "CONF_0678",
        "connected_reaches": 3,
        "elevation_m": 100.0
      },
      "geometry": {
        "type": "Point",
        "coordinates": [
          99.0294,
          18.0489
        ]
      }
    },
    {
      "type": "Feature",
      "id": "CONF_0679",
      "properties": {
        "confluence_id": "CONF_0679",
        "connected_reaches": 2,
        "elevation_m": 100.0
      },
      "geometry": {
        "type": "Point",
        "coordinates": [
          99.0245,
          18.8413
        ]
      }
    },
    {
      "type": "Feature",
      "id": "CONF_0680",
      "properties": {
        "confluence_id": "CONF_0680",
        "connected_reaches": 2,
        "elevation_m": 100.0
      },
      "geometry": {
        "type": "Point",
        "coordinates": [
          99.0294,
          18.7514
        ]
      }
    },
    {
      "type": "Feature",
      "id": "CONF_0681",
      "properties": {
        "confluence_id": "CONF_0681",
        "connected_reaches": 2,
        "elevation_m": 100.0
      },
      "geometry": {
        "type": "Point",
        "coordinates": [
          99.1645,
          19.1249
        ]
      }
    },
    {
      "type": "Feature",
      "id": "CONF_0682",
      "properties": {
        "confluence_id": "CONF_0682",
        "connected_reaches": 3,
        "elevation_m": 100.0
      },
      "geometry": {
        "type": "Point",
        "coordinates": [
          99.2306,
          19.3188
        ]
      }
    },
    {
      "type": "Feature",
      "id": "CONF_0683",
      "properties": {
        "confluence_id": "CONF_0683",
        "connected_reaches": 2,
        "elevation_m": 100.0
      },
      "geometry": {
        "type": "Point",
        "coordinates": [
          99.1688,
          19.3877
        ]
      }
    },
    {
      "type": "Feature",
      "id": "CONF_0684",
      "properties": {
        "confluence_id": "CONF_0684",
        "connected_reaches": 2,
        "elevation_m": 100.0
      },
      "geometry": {
        "type": "Point",
        "coordinates": [
          99.1577,
          19.3887
        ]
      }
    },
    {
      "type": "Feature",
      "id": "CONF_0685",
      "properties": {
        "confluence_id": "CONF_0685",
        "connected_reaches": 2,
        "elevation_m": 100.0
      },
      "geometry": {
        "type": "Point",
        "coordinates": [
          99.1403,
          19.3906
        ]
      }
    },
    {
      "type": "Feature",
      "id": "CONF_0686",
      "properties": {
        "confluence_id": "CONF_0686",
        "connected_reaches": 2,
        "elevation_m": 100.0
      },
      "geometry": {
        "type": "Point",
        "coordinates": [
          99.2056,
          19.3646
        ]
      }
    },
    {
      "type": "Feature",
      "id": "CONF_0687",
      "properties": {
        "confluence_id": "CONF_0687",
        "connected_reaches": 3,
        "elevation_m": 100.0
      },
      "geometry": {
        "type": "Point",
        "coordinates": [
          99.0962,
          19.4205
        ]
      }
    },
    {
      "type": "Feature",
      "id": "CONF_0688",
      "properties": {
        "confluence_id": "CONF_0688",
        "connected_reaches": 2,
        "elevation_m": 100.0
      },
      "geometry": {
        "type": "Point",
        "coordinates": [
          99.0483,
          19.4547
        ]
      }
    },
    {
      "type": "Feature",
      "id": "CONF_0689",
      "properties": {
        "confluence_id": "CONF_0689",
        "connected_reaches": 3,
        "elevation_m": 100.0
      },
      "geometry": {
        "type": "Point",
        "coordinates": [
          99.0744,
          19.4332
        ]
      }
    },
    {
      "type": "Feature",
      "id": "CONF_0690",
      "properties": {
        "confluence_id": "CONF_0690",
        "connected_reaches": 2,
        "elevation_m": 100.0
      },
      "geometry": {
        "type": "Point",
        "coordinates": [
          98.9714,
          19.448
        ]
      }
    },
    {
      "type": "Feature",
      "id": "CONF_0691",
      "properties": {
        "confluence_id": "CONF_0691",
        "connected_reaches": 2,
        "elevation_m": 100.0
      },
      "geometry": {
        "type": "Point",
        "coordinates": [
          98.9508,
          19.2677
        ]
      }
    },
    {
      "type": "Feature",
      "id": "CONF_0692",
      "properties": {
        "confluence_id": "CONF_0692",
        "connected_reaches": 2,
        "elevation_m": 100.0
      },
      "geometry": {
        "type": "Point",
        "coordinates": [
          99.1816,
          19.0744
        ]
      }
    },
    {
      "type": "Feature",
      "id": "CONF_0693",
      "properties": {
        "confluence_id": "CONF_0693",
        "connected_reaches": 2,
        "elevation_m": 100.0
      },
      "geometry": {
        "type": "Point",
        "coordinates": [
          98.9677,
          18.9599
        ]
      }
    },
    {
      "type": "Feature",
      "id": "CONF_0694",
      "properties": {
        "confluence_id": "CONF_0694",
        "connected_reaches": 2,
        "elevation_m": 100.0
      },
      "geometry": {
        "type": "Point",
        "coordinates": [
          98.9668,
          18.9638
        ]
      }
    },
    {
      "type": "Feature",
      "id": "CONF_0695",
      "properties": {
        "confluence_id": "CONF_0695",
        "connected_reaches": 2,
        "elevation_m": 100.0
      },
      "geometry": {
        "type": "Point",
        "coordinates": [
          98.9618,
          18.9588
        ]
      }
    },
    {
      "type": "Feature",
      "id": "CONF_0696",
      "properties": {
        "confluence_id": "CONF_0696",
        "connected_reaches": 2,
        "elevation_m": 100.0
      },
      "geometry": {
        "type": "Point",
        "coordinates": [
          98.9542,
          18.9511
        ]
      }
    },
    {
      "type": "Feature",
      "id": "CONF_0697",
      "properties": {
        "confluence_id": "CONF_0697",
        "connected_reaches": 2,
        "elevation_m": 100.0
      },
      "geometry": {
        "type": "Point",
        "coordinates": [
          99.7176,
          17.7316
        ]
      }
    },
    {
      "type": "Feature",
      "id": "CONF_0698",
      "properties": {
        "confluence_id": "CONF_0698",
        "connected_reaches": 3,
        "elevation_m": 100.0
      },
      "geometry": {
        "type": "Point",
        "coordinates": [
          99.7525,
          17.7526
        ]
      }
    },
    {
      "type": "Feature",
      "id": "CONF_0699",
      "properties": {
        "confluence_id": "CONF_0699",
        "connected_reaches": 2,
        "elevation_m": 100.0
      },
      "geometry": {
        "type": "Point",
        "coordinates": [
          99.8117,
          17.8026
        ]
      }
    },
    {
      "type": "Feature",
      "id": "CONF_0700",
      "properties": {
        "confluence_id": "CONF_0700",
        "connected_reaches": 2,
        "elevation_m": 100.0
      },
      "geometry": {
        "type": "Point",
        "coordinates": [
          100.2267,
          19.6712
        ]
      }
    },
    {
      "type": "Feature",
      "id": "CONF_0701",
      "properties": {
        "confluence_id": "CONF_0701",
        "connected_reaches": 2,
        "elevation_m": 100.0
      },
      "geometry": {
        "type": "Point",
        "coordinates": [
          99.4975,
          17.2357
        ]
      }
    },
    {
      "type": "Feature",
      "id": "CONF_0702",
      "properties": {
        "confluence_id": "CONF_0702",
        "connected_reaches": 2,
        "elevation_m": 100.0
      },
      "geometry": {
        "type": "Point",
        "coordinates": [
          99.0354,
          18.7136
        ]
      }
    },
    {
      "type": "Feature",
      "id": "CONF_0703",
      "properties": {
        "confluence_id": "CONF_0703",
        "connected_reaches": 2,
        "elevation_m": 100.0
      },
      "geometry": {
        "type": "Point",
        "coordinates": [
          99.1533,
          18.5855
        ]
      }
    },
    {
      "type": "Feature",
      "id": "CONF_0704",
      "properties": {
        "confluence_id": "CONF_0704",
        "connected_reaches": 2,
        "elevation_m": 100.0
      },
      "geometry": {
        "type": "Point",
        "coordinates": [
          99.1608,
          18.5855
        ]
      }
    },
    {
      "type": "Feature",
      "id": "CONF_0705",
      "properties": {
        "confluence_id": "CONF_0705",
        "connected_reaches": 2,
        "elevation_m": 100.0
      },
      "geometry": {
        "type": "Point",
        "coordinates": [
          99.0219,
          18.5838
        ]
      }
    },
    {
      "type": "Feature",
      "id": "CONF_0706",
      "properties": {
        "confluence_id": "CONF_0706",
        "connected_reaches": 2,
        "elevation_m": 100.0
      },
      "geometry": {
        "type": "Point",
        "coordinates": [
          98.9677,
          18.7615
        ]
      }
    },
    {
      "type": "Feature",
      "id": "CONF_0707",
      "properties": {
        "confluence_id": "CONF_0707",
        "connected_reaches": 2,
        "elevation_m": 100.0
      },
      "geometry": {
        "type": "Point",
        "coordinates": [
          98.941,
          18.5414
        ]
      }
    },
    {
      "type": "Feature",
      "id": "CONF_0708",
      "properties": {
        "confluence_id": "CONF_0708",
        "connected_reaches": 2,
        "elevation_m": 100.0
      },
      "geometry": {
        "type": "Point",
        "coordinates": [
          99.8273,
          19.286
        ]
      }
    },
    {
      "type": "Feature",
      "id": "CONF_0709",
      "properties": {
        "confluence_id": "CONF_0709",
        "connected_reaches": 2,
        "elevation_m": 100.0
      },
      "geometry": {
        "type": "Point",
        "coordinates": [
          99.0354,
          18.7131
        ]
      }
    },
    {
      "type": "Feature",
      "id": "CONF_0710",
      "properties": {
        "confluence_id": "CONF_0710",
        "connected_reaches": 3,
        "elevation_m": 100.0
      },
      "geometry": {
        "type": "Point",
        "coordinates": [
          98.989,
          18.739
        ]
      }
    },
    {
      "type": "Feature",
      "id": "CONF_0711",
      "properties": {
        "confluence_id": "CONF_0711",
        "connected_reaches": 2,
        "elevation_m": 100.0
      },
      "geometry": {
        "type": "Point",
        "coordinates": [
          99.0539,
          18.8067
        ]
      }
    },
    {
      "type": "Feature",
      "id": "CONF_0712",
      "properties": {
        "confluence_id": "CONF_0712",
        "connected_reaches": 2,
        "elevation_m": 100.0
      },
      "geometry": {
        "type": "Point",
        "coordinates": [
          99.1458,
          19.6619
        ]
      }
    },
    {
      "type": "Feature",
      "id": "CONF_0713",
      "properties": {
        "confluence_id": "CONF_0713",
        "connected_reaches": 3,
        "elevation_m": 100.0
      },
      "geometry": {
        "type": "Point",
        "coordinates": [
          99.1803,
          19.5967
        ]
      }
    },
    {
      "type": "Feature",
      "id": "CONF_0714",
      "properties": {
        "confluence_id": "CONF_0714",
        "connected_reaches": 3,
        "elevation_m": 100.0
      },
      "geometry": {
        "type": "Point",
        "coordinates": [
          99.0645,
          18.8017
        ]
      }
    },
    {
      "type": "Feature",
      "id": "CONF_0715",
      "properties": {
        "confluence_id": "CONF_0715",
        "connected_reaches": 2,
        "elevation_m": 100.0
      },
      "geometry": {
        "type": "Point",
        "coordinates": [
          98.9026,
          18.5251
        ]
      }
    },
    {
      "type": "Feature",
      "id": "CONF_0716",
      "properties": {
        "confluence_id": "CONF_0716",
        "connected_reaches": 3,
        "elevation_m": 100.0
      },
      "geometry": {
        "type": "Point",
        "coordinates": [
          98.931,
          19.0536
        ]
      }
    },
    {
      "type": "Feature",
      "id": "CONF_0717",
      "properties": {
        "confluence_id": "CONF_0717",
        "connected_reaches": 2,
        "elevation_m": 100.0
      },
      "geometry": {
        "type": "Point",
        "coordinates": [
          98.9932,
          18.7622
        ]
      }
    },
    {
      "type": "Feature",
      "id": "CONF_0718",
      "properties": {
        "confluence_id": "CONF_0718",
        "connected_reaches": 2,
        "elevation_m": 100.0
      },
      "geometry": {
        "type": "Point",
        "coordinates": [
          99.8679,
          19.3573
        ]
      }
    },
    {
      "type": "Feature",
      "id": "CONF_0719",
      "properties": {
        "confluence_id": "CONF_0719",
        "connected_reaches": 2,
        "elevation_m": 100.0
      },
      "geometry": {
        "type": "Point",
        "coordinates": [
          98.967,
          19.4556
        ]
      }
    },
    {
      "type": "Feature",
      "id": "CONF_0720",
      "properties": {
        "confluence_id": "CONF_0720",
        "connected_reaches": 2,
        "elevation_m": 100.0
      },
      "geometry": {
        "type": "Point",
        "coordinates": [
          98.9688,
          19.456
        ]
      }
    },
    {
      "type": "Feature",
      "id": "CONF_0721",
      "properties": {
        "confluence_id": "CONF_0721",
        "connected_reaches": 3,
        "elevation_m": 100.0
      },
      "geometry": {
        "type": "Point",
        "coordinates": [
          98.7948,
          19.4373
        ]
      }
    },
    {
      "type": "Feature",
      "id": "CONF_0722",
      "properties": {
        "confluence_id": "CONF_0722",
        "connected_reaches": 2,
        "elevation_m": 100.0
      },
      "geometry": {
        "type": "Point",
        "coordinates": [
          98.7931,
          19.6869
        ]
      }
    },
    {
      "type": "Feature",
      "id": "CONF_0723",
      "properties": {
        "confluence_id": "CONF_0723",
        "connected_reaches": 2,
        "elevation_m": 100.0
      },
      "geometry": {
        "type": "Point",
        "coordinates": [
          98.6619,
          19.6509
        ]
      }
    },
    {
      "type": "Feature",
      "id": "CONF_0724",
      "properties": {
        "confluence_id": "CONF_0724",
        "connected_reaches": 2,
        "elevation_m": 100.0
      },
      "geometry": {
        "type": "Point",
        "coordinates": [
          99.4583,
          18.6929
        ]
      }
    },
    {
      "type": "Feature",
      "id": "CONF_0725",
      "properties": {
        "confluence_id": "CONF_0725",
        "connected_reaches": 2,
        "elevation_m": 100.0
      },
      "geometry": {
        "type": "Point",
        "coordinates": [
          99.4766,
          18.6012
        ]
      }
    },
    {
      "type": "Feature",
      "id": "CONF_0726",
      "properties": {
        "confluence_id": "CONF_0726",
        "connected_reaches": 2,
        "elevation_m": 100.0
      },
      "geometry": {
        "type": "Point",
        "coordinates": [
          98.6725,
          19.5979
        ]
      }
    },
    {
      "type": "Feature",
      "id": "CONF_0727",
      "properties": {
        "confluence_id": "CONF_0727",
        "connected_reaches": 2,
        "elevation_m": 100.0
      },
      "geometry": {
        "type": "Point",
        "coordinates": [
          98.9518,
          19.1883
        ]
      }
    },
    {
      "type": "Feature",
      "id": "CONF_0728",
      "properties": {
        "confluence_id": "CONF_0728",
        "connected_reaches": 2,
        "elevation_m": 100.0
      },
      "geometry": {
        "type": "Point",
        "coordinates": [
          98.9672,
          19.2371
        ]
      }
    },
    {
      "type": "Feature",
      "id": "CONF_0729",
      "properties": {
        "confluence_id": "CONF_0729",
        "connected_reaches": 2,
        "elevation_m": 100.0
      },
      "geometry": {
        "type": "Point",
        "coordinates": [
          98.9084,
          19.2819
        ]
      }
    },
    {
      "type": "Feature",
      "id": "CONF_0730",
      "properties": {
        "confluence_id": "CONF_0730",
        "connected_reaches": 2,
        "elevation_m": 100.0
      },
      "geometry": {
        "type": "Point",
        "coordinates": [
          98.9622,
          19.1978
        ]
      }
    },
    {
      "type": "Feature",
      "id": "CONF_0731",
      "properties": {
        "confluence_id": "CONF_0731",
        "connected_reaches": 2,
        "elevation_m": 100.0
      },
      "geometry": {
        "type": "Point",
        "coordinates": [
          98.9761,
          18.9154
        ]
      }
    },
    {
      "type": "Feature",
      "id": "CONF_0732",
      "properties": {
        "confluence_id": "CONF_0732",
        "connected_reaches": 2,
        "elevation_m": 100.0
      },
      "geometry": {
        "type": "Point",
        "coordinates": [
          98.9788,
          18.907
        ]
      }
    },
    {
      "type": "Feature",
      "id": "CONF_0733",
      "properties": {
        "confluence_id": "CONF_0733",
        "connected_reaches": 2,
        "elevation_m": 100.0
      },
      "geometry": {
        "type": "Point",
        "coordinates": [
          98.8127,
          19.1004
        ]
      }
    },
    {
      "type": "Feature",
      "id": "CONF_0734",
      "properties": {
        "confluence_id": "CONF_0734",
        "connected_reaches": 2,
        "elevation_m": 100.0
      },
      "geometry": {
        "type": "Point",
        "coordinates": [
          98.7808,
          19.0559
        ]
      }
    },
    {
      "type": "Feature",
      "id": "CONF_0735",
      "properties": {
        "confluence_id": "CONF_0735",
        "connected_reaches": 2,
        "elevation_m": 100.0
      },
      "geometry": {
        "type": "Point",
        "coordinates": [
          99.0058,
          18.7496
        ]
      }
    },
    {
      "type": "Feature",
      "id": "CONF_0736",
      "properties": {
        "confluence_id": "CONF_0736",
        "connected_reaches": 2,
        "elevation_m": 100.0
      },
      "geometry": {
        "type": "Point",
        "coordinates": [
          98.834,
          19.0618
        ]
      }
    },
    {
      "type": "Feature",
      "id": "CONF_0737",
      "properties": {
        "confluence_id": "CONF_0737",
        "connected_reaches": 2,
        "elevation_m": 100.0
      },
      "geometry": {
        "type": "Point",
        "coordinates": [
          98.8766,
          19.2408
        ]
      }
    },
    {
      "type": "Feature",
      "id": "CONF_0738",
      "properties": {
        "confluence_id": "CONF_0738",
        "connected_reaches": 2,
        "elevation_m": 100.0
      },
      "geometry": {
        "type": "Point",
        "coordinates": [
          98.8784,
          19.2715
        ]
      }
    },
    {
      "type": "Feature",
      "id": "CONF_0739",
      "properties": {
        "confluence_id": "CONF_0739",
        "connected_reaches": 2,
        "elevation_m": 100.0
      },
      "geometry": {
        "type": "Point",
        "coordinates": [
          99.2455,
          19.3783
        ]
      }
    },
    {
      "type": "Feature",
      "id": "CONF_0740",
      "properties": {
        "confluence_id": "CONF_0740",
        "connected_reaches": 2,
        "elevation_m": 100.0
      },
      "geometry": {
        "type": "Point",
        "coordinates": [
          99.061,
          18.9376
        ]
      }
    },
    {
      "type": "Feature",
      "id": "CONF_0741",
      "properties": {
        "confluence_id": "CONF_0741",
        "connected_reaches": 2,
        "elevation_m": 100.0
      },
      "geometry": {
        "type": "Point",
        "coordinates": [
          99.0422,
          19.0072
        ]
      }
    },
    {
      "type": "Feature",
      "id": "CONF_0742",
      "properties": {
        "confluence_id": "CONF_0742",
        "connected_reaches": 2,
        "elevation_m": 100.0
      },
      "geometry": {
        "type": "Point",
        "coordinates": [
          99.0833,
          18.4202
        ]
      }
    },
    {
      "type": "Feature",
      "id": "CONF_0743",
      "properties": {
        "confluence_id": "CONF_0743",
        "connected_reaches": 2,
        "elevation_m": 100.0
      },
      "geometry": {
        "type": "Point",
        "coordinates": [
          99.0933,
          18.4111
        ]
      }
    },
    {
      "type": "Feature",
      "id": "CONF_0744",
      "properties": {
        "confluence_id": "CONF_0744",
        "connected_reaches": 2,
        "elevation_m": 100.0
      },
      "geometry": {
        "type": "Point",
        "coordinates": [
          99.0816,
          18.4135
        ]
      }
    },
    {
      "type": "Feature",
      "id": "CONF_0745",
      "properties": {
        "confluence_id": "CONF_0745",
        "connected_reaches": 2,
        "elevation_m": 100.0
      },
      "geometry": {
        "type": "Point",
        "coordinates": [
          99.4726,
          19.5454
        ]
      }
    },
    {
      "type": "Feature",
      "id": "CONF_0746",
      "properties": {
        "confluence_id": "CONF_0746",
        "connected_reaches": 2,
        "elevation_m": 100.0
      },
      "geometry": {
        "type": "Point",
        "coordinates": [
          99.9755,
          18.758
        ]
      }
    },
    {
      "type": "Feature",
      "id": "CONF_0747",
      "properties": {
        "confluence_id": "CONF_0747",
        "connected_reaches": 2,
        "elevation_m": 100.0
      },
      "geometry": {
        "type": "Point",
        "coordinates": [
          98.8122,
          17.8215
        ]
      }
    },
    {
      "type": "Feature",
      "id": "CONF_0748",
      "properties": {
        "confluence_id": "CONF_0748",
        "connected_reaches": 2,
        "elevation_m": 100.0
      },
      "geometry": {
        "type": "Point",
        "coordinates": [
          99.5942,
          17.8797
        ]
      }
    },
    {
      "type": "Feature",
      "id": "CONF_0749",
      "properties": {
        "confluence_id": "CONF_0749",
        "connected_reaches": 2,
        "elevation_m": 100.0
      },
      "geometry": {
        "type": "Point",
        "coordinates": [
          99.7424,
          19.5406
        ]
      }
    },
    {
      "type": "Feature",
      "id": "CONF_0750",
      "properties": {
        "confluence_id": "CONF_0750",
        "connected_reaches": 2,
        "elevation_m": 100.0
      },
      "geometry": {
        "type": "Point",
        "coordinates": [
          98.9908,
          18.7386
        ]
      }
    },
    {
      "type": "Feature",
      "id": "CONF_0751",
      "properties": {
        "confluence_id": "CONF_0751",
        "connected_reaches": 2,
        "elevation_m": 100.0
      },
      "geometry": {
        "type": "Point",
        "coordinates": [
          98.9873,
          18.7413
        ]
      }
    },
    {
      "type": "Feature",
      "id": "CONF_0752",
      "properties": {
        "confluence_id": "CONF_0752",
        "connected_reaches": 2,
        "elevation_m": 100.0
      },
      "geometry": {
        "type": "Point",
        "coordinates": [
          99.0004,
          18.7588
        ]
      }
    },
    {
      "type": "Feature",
      "id": "CONF_0753",
      "properties": {
        "confluence_id": "CONF_0753",
        "connected_reaches": 2,
        "elevation_m": 100.0
      },
      "geometry": {
        "type": "Point",
        "coordinates": [
          98.9665,
          18.732
        ]
      }
    },
    {
      "type": "Feature",
      "id": "CONF_0754",
      "properties": {
        "confluence_id": "CONF_0754",
        "connected_reaches": 2,
        "elevation_m": 100.0
      },
      "geometry": {
        "type": "Point",
        "coordinates": [
          98.9703,
          18.736
        ]
      }
    },
    {
      "type": "Feature",
      "id": "CONF_0755",
      "properties": {
        "confluence_id": "CONF_0755",
        "connected_reaches": 2,
        "elevation_m": 100.0
      },
      "geometry": {
        "type": "Point",
        "coordinates": [
          99.6628,
          17.4513
        ]
      }
    },
    {
      "type": "Feature",
      "id": "CONF_0756",
      "properties": {
        "confluence_id": "CONF_0756",
        "connected_reaches": 2,
        "elevation_m": 100.0
      },
      "geometry": {
        "type": "Point",
        "coordinates": [
          98.9892,
          18.7202
        ]
      }
    },
    {
      "type": "Feature",
      "id": "CONF_0757",
      "properties": {
        "confluence_id": "CONF_0757",
        "connected_reaches": 2,
        "elevation_m": 100.0
      },
      "geometry": {
        "type": "Point",
        "coordinates": [
          98.9891,
          18.7
        ]
      }
    },
    {
      "type": "Feature",
      "id": "CONF_0758",
      "properties": {
        "confluence_id": "CONF_0758",
        "connected_reaches": 2,
        "elevation_m": 100.0
      },
      "geometry": {
        "type": "Point",
        "coordinates": [
          98.9796,
          18.7211
        ]
      }
    },
    {
      "type": "Feature",
      "id": "CONF_0759",
      "properties": {
        "confluence_id": "CONF_0759",
        "connected_reaches": 2,
        "elevation_m": 100.0
      },
      "geometry": {
        "type": "Point",
        "coordinates": [
          98.9908,
          18.7381
        ]
      }
    },
    {
      "type": "Feature",
      "id": "CONF_0760",
      "properties": {
        "confluence_id": "CONF_0760",
        "connected_reaches": 2,
        "elevation_m": 100.0
      },
      "geometry": {
        "type": "Point",
        "coordinates": [
          99.0079,
          18.7075
        ]
      }
    },
    {
      "type": "Feature",
      "id": "CONF_0761",
      "properties": {
        "confluence_id": "CONF_0761",
        "connected_reaches": 2,
        "elevation_m": 100.0
      },
      "geometry": {
        "type": "Point",
        "coordinates": [
          99.8293,
          17.1881
        ]
      }
    },
    {
      "type": "Feature",
      "id": "CONF_0762",
      "properties": {
        "confluence_id": "CONF_0762",
        "connected_reaches": 2,
        "elevation_m": 100.0
      },
      "geometry": {
        "type": "Point",
        "coordinates": [
          99.9502,
          17.3504
        ]
      }
    },
    {
      "type": "Feature",
      "id": "CONF_0763",
      "properties": {
        "confluence_id": "CONF_0763",
        "connected_reaches": 2,
        "elevation_m": 100.0
      },
      "geometry": {
        "type": "Point",
        "coordinates": [
          99.6925,
          19.524
        ]
      }
    },
    {
      "type": "Feature",
      "id": "CONF_0764",
      "properties": {
        "confluence_id": "CONF_0764",
        "connected_reaches": 2,
        "elevation_m": 100.0
      },
      "geometry": {
        "type": "Point",
        "coordinates": [
          100.13,
          17.4257
        ]
      }
    },
    {
      "type": "Feature",
      "id": "CONF_0765",
      "properties": {
        "confluence_id": "CONF_0765",
        "connected_reaches": 2,
        "elevation_m": 100.0
      },
      "geometry": {
        "type": "Point",
        "coordinates": [
          99.0274,
          18.6911
        ]
      }
    },
    {
      "type": "Feature",
      "id": "CONF_0766",
      "properties": {
        "confluence_id": "CONF_0766",
        "connected_reaches": 2,
        "elevation_m": 100.0
      },
      "geometry": {
        "type": "Point",
        "coordinates": [
          100.1888,
          18.1914
        ]
      }
    },
    {
      "type": "Feature",
      "id": "CONF_0767",
      "properties": {
        "confluence_id": "CONF_0767",
        "connected_reaches": 2,
        "elevation_m": 100.0
      },
      "geometry": {
        "type": "Point",
        "coordinates": [
          100.1883,
          18.1914
        ]
      }
    },
    {
      "type": "Feature",
      "id": "CONF_0768",
      "properties": {
        "confluence_id": "CONF_0768",
        "connected_reaches": 2,
        "elevation_m": 100.0
      },
      "geometry": {
        "type": "Point",
        "coordinates": [
          98.9785,
          17.5695
        ]
      }
    },
    {
      "type": "Feature",
      "id": "CONF_0769",
      "properties": {
        "confluence_id": "CONF_0769",
        "connected_reaches": 2,
        "elevation_m": 100.0
      },
      "geometry": {
        "type": "Point",
        "coordinates": [
          100.2297,
          18.2232
        ]
      }
    },
    {
      "type": "Feature",
      "id": "CONF_0770",
      "properties": {
        "confluence_id": "CONF_0770",
        "connected_reaches": 2,
        "elevation_m": 100.0
      },
      "geometry": {
        "type": "Point",
        "coordinates": [
          99.6412,
          17.7232
        ]
      }
    },
    {
      "type": "Feature",
      "id": "CONF_0771",
      "properties": {
        "confluence_id": "CONF_0771",
        "connected_reaches": 2,
        "elevation_m": 100.0
      },
      "geometry": {
        "type": "Point",
        "coordinates": [
          99.702,
          17.6187
        ]
      }
    },
    {
      "type": "Feature",
      "id": "CONF_0772",
      "properties": {
        "confluence_id": "CONF_0772",
        "connected_reaches": 2,
        "elevation_m": 100.0
      },
      "geometry": {
        "type": "Point",
        "coordinates": [
          99.7182,
          17.5909
        ]
      }
    },
    {
      "type": "Feature",
      "id": "CONF_0773",
      "properties": {
        "confluence_id": "CONF_0773",
        "connected_reaches": 2,
        "elevation_m": 100.0
      },
      "geometry": {
        "type": "Point",
        "coordinates": [
          99.1324,
          18.5135
        ]
      }
    },
    {
      "type": "Feature",
      "id": "CONF_0774",
      "properties": {
        "confluence_id": "CONF_0774",
        "connected_reaches": 2,
        "elevation_m": 100.0
      },
      "geometry": {
        "type": "Point",
        "coordinates": [
          98.9792,
          18.7026
        ]
      }
    },
    {
      "type": "Feature",
      "id": "CONF_0775",
      "properties": {
        "confluence_id": "CONF_0775",
        "connected_reaches": 2,
        "elevation_m": 100.0
      },
      "geometry": {
        "type": "Point",
        "coordinates": [
          98.9449,
          18.7105
        ]
      }
    },
    {
      "type": "Feature",
      "id": "CONF_0776",
      "properties": {
        "confluence_id": "CONF_0776",
        "connected_reaches": 2,
        "elevation_m": 100.0
      },
      "geometry": {
        "type": "Point",
        "coordinates": [
          99.2023,
          18.7231
        ]
      }
    },
    {
      "type": "Feature",
      "id": "CONF_0777",
      "properties": {
        "confluence_id": "CONF_0777",
        "connected_reaches": 2,
        "elevation_m": 100.0
      },
      "geometry": {
        "type": "Point",
        "coordinates": [
          99.205,
          18.7244
        ]
      }
    },
    {
      "type": "Feature",
      "id": "CONF_0778",
      "properties": {
        "confluence_id": "CONF_0778",
        "connected_reaches": 2,
        "elevation_m": 100.0
      },
      "geometry": {
        "type": "Point",
        "coordinates": [
          99.1232,
          18.7896
        ]
      }
    },
    {
      "type": "Feature",
      "id": "CONF_0779",
      "properties": {
        "confluence_id": "CONF_0779",
        "connected_reaches": 2,
        "elevation_m": 100.0
      },
      "geometry": {
        "type": "Point",
        "coordinates": [
          99.1216,
          18.7969
        ]
      }
    },
    {
      "type": "Feature",
      "id": "CONF_0780",
      "properties": {
        "confluence_id": "CONF_0780",
        "connected_reaches": 2,
        "elevation_m": 100.0
      },
      "geometry": {
        "type": "Point",
        "coordinates": [
          99.6289,
          19.7162
        ]
      }
    },
    {
      "type": "Feature",
      "id": "CONF_0781",
      "properties": {
        "confluence_id": "CONF_0781",
        "connected_reaches": 2,
        "elevation_m": 100.0
      },
      "geometry": {
        "type": "Point",
        "coordinates": [
          98.9837,
          18.8659
        ]
      }
    },
    {
      "type": "Feature",
      "id": "CONF_0782",
      "properties": {
        "confluence_id": "CONF_0782",
        "connected_reaches": 2,
        "elevation_m": 100.0
      },
      "geometry": {
        "type": "Point",
        "coordinates": [
          98.9796,
          18.8965
        ]
      }
    },
    {
      "type": "Feature",
      "id": "CONF_0783",
      "properties": {
        "confluence_id": "CONF_0783",
        "connected_reaches": 3,
        "elevation_m": 100.0
      },
      "geometry": {
        "type": "Point",
        "coordinates": [
          98.9793,
          18.9348
        ]
      }
    },
    {
      "type": "Feature",
      "id": "CONF_0784",
      "properties": {
        "confluence_id": "CONF_0784",
        "connected_reaches": 2,
        "elevation_m": 100.0
      },
      "geometry": {
        "type": "Point",
        "coordinates": [
          98.9806,
          18.9348
        ]
      }
    },
    {
      "type": "Feature",
      "id": "CONF_0785",
      "properties": {
        "confluence_id": "CONF_0785",
        "connected_reaches": 2,
        "elevation_m": 100.0
      },
      "geometry": {
        "type": "Point",
        "coordinates": [
          98.7186,
          19.0727
        ]
      }
    },
    {
      "type": "Feature",
      "id": "CONF_0786",
      "properties": {
        "confluence_id": "CONF_0786",
        "connected_reaches": 3,
        "elevation_m": 100.0
      },
      "geometry": {
        "type": "Point",
        "coordinates": [
          98.7248,
          19.0629
        ]
      }
    },
    {
      "type": "Feature",
      "id": "CONF_0787",
      "properties": {
        "confluence_id": "CONF_0787",
        "connected_reaches": 2,
        "elevation_m": 100.0
      },
      "geometry": {
        "type": "Point",
        "coordinates": [
          100.0044,
          17.4878
        ]
      }
    },
    {
      "type": "Feature",
      "id": "CONF_0788",
      "properties": {
        "confluence_id": "CONF_0788",
        "connected_reaches": 2,
        "elevation_m": 100.0
      },
      "geometry": {
        "type": "Point",
        "coordinates": [
          98.8908,
          19.1186
        ]
      }
    },
    {
      "type": "Feature",
      "id": "CONF_0789",
      "properties": {
        "confluence_id": "CONF_0789",
        "connected_reaches": 2,
        "elevation_m": 100.0
      },
      "geometry": {
        "type": "Point",
        "coordinates": [
          98.9176,
          18.5732
        ]
      }
    },
    {
      "type": "Feature",
      "id": "CONF_0790",
      "properties": {
        "confluence_id": "CONF_0790",
        "connected_reaches": 2,
        "elevation_m": 100.0
      },
      "geometry": {
        "type": "Point",
        "coordinates": [
          98.8647,
          19.0355
        ]
      }
    },
    {
      "type": "Feature",
      "id": "CONF_0791",
      "properties": {
        "confluence_id": "CONF_0791",
        "connected_reaches": 2,
        "elevation_m": 100.0
      },
      "geometry": {
        "type": "Point",
        "coordinates": [
          98.8733,
          19.0362
        ]
      }
    },
    {
      "type": "Feature",
      "id": "CONF_0792",
      "properties": {
        "confluence_id": "CONF_0792",
        "connected_reaches": 2,
        "elevation_m": 100.0
      },
      "geometry": {
        "type": "Point",
        "coordinates": [
          98.9306,
          19.5619
        ]
      }
    },
    {
      "type": "Feature",
      "id": "CONF_0793",
      "properties": {
        "confluence_id": "CONF_0793",
        "connected_reaches": 2,
        "elevation_m": 100.0
      },
      "geometry": {
        "type": "Point",
        "coordinates": [
          98.9051,
          19.5412
        ]
      }
    },
    {
      "type": "Feature",
      "id": "CONF_0794",
      "properties": {
        "confluence_id": "CONF_0794",
        "connected_reaches": 2,
        "elevation_m": 100.0
      },
      "geometry": {
        "type": "Point",
        "coordinates": [
          99.0508,
          19.1069
        ]
      }
    },
    {
      "type": "Feature",
      "id": "CONF_0795",
      "properties": {
        "confluence_id": "CONF_0795",
        "connected_reaches": 2,
        "elevation_m": 100.0
      },
      "geometry": {
        "type": "Point",
        "coordinates": [
          98.9889,
          18.7195
        ]
      }
    },
    {
      "type": "Feature",
      "id": "CONF_0796",
      "properties": {
        "confluence_id": "CONF_0796",
        "connected_reaches": 2,
        "elevation_m": 100.0
      },
      "geometry": {
        "type": "Point",
        "coordinates": [
          98.9935,
          19.1662
        ]
      }
    },
    {
      "type": "Feature",
      "id": "CONF_0797",
      "properties": {
        "confluence_id": "CONF_0797",
        "connected_reaches": 3,
        "elevation_m": 100.0
      },
      "geometry": {
        "type": "Point",
        "coordinates": [
          98.9876,
          19.1524
        ]
      }
    },
    {
      "type": "Feature",
      "id": "CONF_0798",
      "properties": {
        "confluence_id": "CONF_0798",
        "connected_reaches": 2,
        "elevation_m": 100.0
      },
      "geometry": {
        "type": "Point",
        "coordinates": [
          98.9877,
          19.1505
        ]
      }
    },
    {
      "type": "Feature",
      "id": "CONF_0799",
      "properties": {
        "confluence_id": "CONF_0799",
        "connected_reaches": 3,
        "elevation_m": 100.0
      },
      "geometry": {
        "type": "Point",
        "coordinates": [
          99.0689,
          19.4978
        ]
      }
    },
    {
      "type": "Feature",
      "id": "CONF_0800",
      "properties": {
        "confluence_id": "CONF_0800",
        "connected_reaches": 2,
        "elevation_m": 100.0
      },
      "geometry": {
        "type": "Point",
        "coordinates": [
          99.0753,
          18.7518
        ]
      }
    },
    {
      "type": "Feature",
      "id": "CONF_0801",
      "properties": {
        "confluence_id": "CONF_0801",
        "connected_reaches": 2,
        "elevation_m": 100.0
      },
      "geometry": {
        "type": "Point",
        "coordinates": [
          99.075,
          18.7487
        ]
      }
    },
    {
      "type": "Feature",
      "id": "CONF_0802",
      "properties": {
        "confluence_id": "CONF_0802",
        "connected_reaches": 2,
        "elevation_m": 100.0
      },
      "geometry": {
        "type": "Point",
        "coordinates": [
          98.9635,
          18.7495
        ]
      }
    },
    {
      "type": "Feature",
      "id": "CONF_0803",
      "properties": {
        "confluence_id": "CONF_0803",
        "connected_reaches": 2,
        "elevation_m": 100.0
      },
      "geometry": {
        "type": "Point",
        "coordinates": [
          99.0566,
          18.9295
        ]
      }
    },
    {
      "type": "Feature",
      "id": "CONF_0804",
      "properties": {
        "confluence_id": "CONF_0804",
        "connected_reaches": 2,
        "elevation_m": 100.0
      },
      "geometry": {
        "type": "Point",
        "coordinates": [
          98.9288,
          18.9404
        ]
      }
    },
    {
      "type": "Feature",
      "id": "CONF_0805",
      "properties": {
        "confluence_id": "CONF_0805",
        "connected_reaches": 3,
        "elevation_m": 100.0
      },
      "geometry": {
        "type": "Point",
        "coordinates": [
          98.9514,
          18.9355
        ]
      }
    },
    {
      "type": "Feature",
      "id": "CONF_0806",
      "properties": {
        "confluence_id": "CONF_0806",
        "connected_reaches": 3,
        "elevation_m": 100.0
      },
      "geometry": {
        "type": "Point",
        "coordinates": [
          98.9489,
          18.9369
        ]
      }
    },
    {
      "type": "Feature",
      "id": "CONF_0807",
      "properties": {
        "confluence_id": "CONF_0807",
        "connected_reaches": 2,
        "elevation_m": 100.0
      },
      "geometry": {
        "type": "Point",
        "coordinates": [
          99.6418,
          19.8144
        ]
      }
    },
    {
      "type": "Feature",
      "id": "CONF_0808",
      "properties": {
        "confluence_id": "CONF_0808",
        "connected_reaches": 2,
        "elevation_m": 100.0
      },
      "geometry": {
        "type": "Point",
        "coordinates": [
          99.0315,
          19.1765
        ]
      }
    },
    {
      "type": "Feature",
      "id": "CONF_0809",
      "properties": {
        "confluence_id": "CONF_0809",
        "connected_reaches": 2,
        "elevation_m": 100.0
      },
      "geometry": {
        "type": "Point",
        "coordinates": [
          99.0619,
          19.1356
        ]
      }
    },
    {
      "type": "Feature",
      "id": "CONF_0810",
      "properties": {
        "confluence_id": "CONF_0810",
        "connected_reaches": 2,
        "elevation_m": 100.0
      },
      "geometry": {
        "type": "Point",
        "coordinates": [
          99.0808,
          19.1137
        ]
      }
    },
    {
      "type": "Feature",
      "id": "CONF_0811",
      "properties": {
        "confluence_id": "CONF_0811",
        "connected_reaches": 2,
        "elevation_m": 100.0
      },
      "geometry": {
        "type": "Point",
        "coordinates": [
          99.16,
          19.395
        ]
      }
    },
    {
      "type": "Feature",
      "id": "CONF_0812",
      "properties": {
        "confluence_id": "CONF_0812",
        "connected_reaches": 2,
        "elevation_m": 100.0
      },
      "geometry": {
        "type": "Point",
        "coordinates": [
          99.1599,
          19.4145
        ]
      }
    },
    {
      "type": "Feature",
      "id": "CONF_0813",
      "properties": {
        "confluence_id": "CONF_0813",
        "connected_reaches": 2,
        "elevation_m": 100.0
      },
      "geometry": {
        "type": "Point",
        "coordinates": [
          99.3422,
          17.883
        ]
      }
    },
    {
      "type": "Feature",
      "id": "CONF_0814",
      "properties": {
        "confluence_id": "CONF_0814",
        "connected_reaches": 2,
        "elevation_m": 100.0
      },
      "geometry": {
        "type": "Point",
        "coordinates": [
          99.3402,
          17.8832
        ]
      }
    },
    {
      "type": "Feature",
      "id": "CONF_0815",
      "properties": {
        "confluence_id": "CONF_0815",
        "connected_reaches": 2,
        "elevation_m": 100.0
      },
      "geometry": {
        "type": "Point",
        "coordinates": [
          99.3342,
          17.8844
        ]
      }
    },
    {
      "type": "Feature",
      "id": "CONF_0816",
      "properties": {
        "confluence_id": "CONF_0816",
        "connected_reaches": 2,
        "elevation_m": 100.0
      },
      "geometry": {
        "type": "Point",
        "coordinates": [
          99.8612,
          18.0887
        ]
      }
    },
    {
      "type": "Feature",
      "id": "CONF_0817",
      "properties": {
        "confluence_id": "CONF_0817",
        "connected_reaches": 3,
        "elevation_m": 100.0
      },
      "geometry": {
        "type": "Point",
        "coordinates": [
          99.8474,
          18.0701
        ]
      }
    },
    {
      "type": "Feature",
      "id": "CONF_0818",
      "properties": {
        "confluence_id": "CONF_0818",
        "connected_reaches": 2,
        "elevation_m": 100.0
      },
      "geometry": {
        "type": "Point",
        "coordinates": [
          100.1359,
          18.0171
        ]
      }
    },
    {
      "type": "Feature",
      "id": "CONF_0819",
      "properties": {
        "confluence_id": "CONF_0819",
        "connected_reaches": 2,
        "elevation_m": 100.0
      },
      "geometry": {
        "type": "Point",
        "coordinates": [
          100.1351,
          18.0186
        ]
      }
    },
    {
      "type": "Feature",
      "id": "CONF_0820",
      "properties": {
        "confluence_id": "CONF_0820",
        "connected_reaches": 2,
        "elevation_m": 100.0
      },
      "geometry": {
        "type": "Point",
        "coordinates": [
          99.2484,
          18.3593
        ]
      }
    },
    {
      "type": "Feature",
      "id": "CONF_0821",
      "properties": {
        "confluence_id": "CONF_0821",
        "connected_reaches": 2,
        "elevation_m": 100.0
      },
      "geometry": {
        "type": "Point",
        "coordinates": [
          98.9776,
          18.6987
        ]
      }
    },
    {
      "type": "Feature",
      "id": "CONF_0822",
      "properties": {
        "confluence_id": "CONF_0822",
        "connected_reaches": 2,
        "elevation_m": 100.0
      },
      "geometry": {
        "type": "Point",
        "coordinates": [
          99.339,
          17.889
        ]
      }
    },
    {
      "type": "Feature",
      "id": "CONF_0823",
      "properties": {
        "confluence_id": "CONF_0823",
        "connected_reaches": 2,
        "elevation_m": 100.0
      },
      "geometry": {
        "type": "Point",
        "coordinates": [
          99.4888,
          18.5415
        ]
      }
    },
    {
      "type": "Feature",
      "id": "CONF_0824",
      "properties": {
        "confluence_id": "CONF_0824",
        "connected_reaches": 2,
        "elevation_m": 100.0
      },
      "geometry": {
        "type": "Point",
        "coordinates": [
          99.4939,
          18.5495
        ]
      }
    },
    {
      "type": "Feature",
      "id": "CONF_0825",
      "properties": {
        "confluence_id": "CONF_0825",
        "connected_reaches": 2,
        "elevation_m": 100.0
      },
      "geometry": {
        "type": "Point",
        "coordinates": [
          99.8325,
          19.1962
        ]
      }
    },
    {
      "type": "Feature",
      "id": "CONF_0826",
      "properties": {
        "confluence_id": "CONF_0826",
        "connected_reaches": 2,
        "elevation_m": 100.0
      },
      "geometry": {
        "type": "Point",
        "coordinates": [
          99.0999,
          18.8362
        ]
      }
    },
    {
      "type": "Feature",
      "id": "CONF_0827",
      "properties": {
        "confluence_id": "CONF_0827",
        "connected_reaches": 2,
        "elevation_m": 100.0
      },
      "geometry": {
        "type": "Point",
        "coordinates": [
          99.0962,
          18.8372
        ]
      }
    },
    {
      "type": "Feature",
      "id": "CONF_0828",
      "properties": {
        "confluence_id": "CONF_0828",
        "connected_reaches": 2,
        "elevation_m": 100.0
      },
      "geometry": {
        "type": "Point",
        "coordinates": [
          98.9097,
          18.3636
        ]
      }
    },
    {
      "type": "Feature",
      "id": "CONF_0829",
      "properties": {
        "confluence_id": "CONF_0829",
        "connected_reaches": 2,
        "elevation_m": 100.0
      },
      "geometry": {
        "type": "Point",
        "coordinates": [
          98.9771,
          18.7183
        ]
      }
    },
    {
      "type": "Feature",
      "id": "CONF_0830",
      "properties": {
        "confluence_id": "CONF_0830",
        "connected_reaches": 2,
        "elevation_m": 100.0
      },
      "geometry": {
        "type": "Point",
        "coordinates": [
          99.6614,
          19.8044
        ]
      }
    },
    {
      "type": "Feature",
      "id": "CONF_0831",
      "properties": {
        "confluence_id": "CONF_0831",
        "connected_reaches": 2,
        "elevation_m": 100.0
      },
      "geometry": {
        "type": "Point",
        "coordinates": [
          100.0912,
          17.611
        ]
      }
    },
    {
      "type": "Feature",
      "id": "CONF_0832",
      "properties": {
        "confluence_id": "CONF_0832",
        "connected_reaches": 2,
        "elevation_m": 100.0
      },
      "geometry": {
        "type": "Point",
        "coordinates": [
          100.0896,
          17.5806
        ]
      }
    },
    {
      "type": "Feature",
      "id": "CONF_0833",
      "properties": {
        "confluence_id": "CONF_0833",
        "connected_reaches": 2,
        "elevation_m": 100.0
      },
      "geometry": {
        "type": "Point",
        "coordinates": [
          98.9424,
          18.8048
        ]
      }
    },
    {
      "type": "Feature",
      "id": "CONF_0834",
      "properties": {
        "confluence_id": "CONF_0834",
        "connected_reaches": 2,
        "elevation_m": 100.0
      },
      "geometry": {
        "type": "Point",
        "coordinates": [
          99.0767,
          17.3263
        ]
      }
    },
    {
      "type": "Feature",
      "id": "CONF_0835",
      "properties": {
        "confluence_id": "CONF_0835",
        "connected_reaches": 2,
        "elevation_m": 100.0
      },
      "geometry": {
        "type": "Point",
        "coordinates": [
          99.0813,
          17.2736
        ]
      }
    },
    {
      "type": "Feature",
      "id": "CONF_0836",
      "properties": {
        "confluence_id": "CONF_0836",
        "connected_reaches": 2,
        "elevation_m": 100.0
      },
      "geometry": {
        "type": "Point",
        "coordinates": [
          100.1595,
          19.7103
        ]
      }
    },
    {
      "type": "Feature",
      "id": "CONF_0837",
      "properties": {
        "confluence_id": "CONF_0837",
        "connected_reaches": 3,
        "elevation_m": 100.0
      },
      "geometry": {
        "type": "Point",
        "coordinates": [
          100.1684,
          19.7895
        ]
      }
    },
    {
      "type": "Feature",
      "id": "CONF_0838",
      "properties": {
        "confluence_id": "CONF_0838",
        "connected_reaches": 3,
        "elevation_m": 100.0
      },
      "geometry": {
        "type": "Point",
        "coordinates": [
          100.1542,
          19.6364
        ]
      }
    },
    {
      "type": "Feature",
      "id": "CONF_0839",
      "properties": {
        "confluence_id": "CONF_0839",
        "connected_reaches": 2,
        "elevation_m": 100.0
      },
      "geometry": {
        "type": "Point",
        "coordinates": [
          99.2089,
          18.2622
        ]
      }
    },
    {
      "type": "Feature",
      "id": "CONF_0840",
      "properties": {
        "confluence_id": "CONF_0840",
        "connected_reaches": 2,
        "elevation_m": 100.0
      },
      "geometry": {
        "type": "Point",
        "coordinates": [
          98.9873,
          18.6915
        ]
      }
    },
    {
      "type": "Feature",
      "id": "CONF_0841",
      "properties": {
        "confluence_id": "CONF_0841",
        "connected_reaches": 2,
        "elevation_m": 100.0
      },
      "geometry": {
        "type": "Point",
        "coordinates": [
          99.721,
          18.1552
        ]
      }
    },
    {
      "type": "Feature",
      "id": "CONF_0842",
      "properties": {
        "confluence_id": "CONF_0842",
        "connected_reaches": 2,
        "elevation_m": 100.0
      },
      "geometry": {
        "type": "Point",
        "coordinates": [
          100.2388,
          17.4383
        ]
      }
    },
    {
      "type": "Feature",
      "id": "CONF_0843",
      "properties": {
        "confluence_id": "CONF_0843",
        "connected_reaches": 2,
        "elevation_m": 100.0
      },
      "geometry": {
        "type": "Point",
        "coordinates": [
          98.9903,
          18.7524
        ]
      }
    },
    {
      "type": "Feature",
      "id": "CONF_0844",
      "properties": {
        "confluence_id": "CONF_0844",
        "connected_reaches": 2,
        "elevation_m": 100.0
      },
      "geometry": {
        "type": "Point",
        "coordinates": [
          99.9883,
          19.3362
        ]
      }
    },
    {
      "type": "Feature",
      "id": "CONF_0845",
      "properties": {
        "confluence_id": "CONF_0845",
        "connected_reaches": 2,
        "elevation_m": 100.0
      },
      "geometry": {
        "type": "Point",
        "coordinates": [
          99.9593,
          19.0088
        ]
      }
    },
    {
      "type": "Feature",
      "id": "CONF_0846",
      "properties": {
        "confluence_id": "CONF_0846",
        "connected_reaches": 2,
        "elevation_m": 100.0
      },
      "geometry": {
        "type": "Point",
        "coordinates": [
          99.957,
          19.0083
        ]
      }
    },
    {
      "type": "Feature",
      "id": "CONF_0847",
      "properties": {
        "confluence_id": "CONF_0847",
        "connected_reaches": 2,
        "elevation_m": 100.0
      },
      "geometry": {
        "type": "Point",
        "coordinates": [
          99.9423,
          19.0056
        ]
      }
    },
    {
      "type": "Feature",
      "id": "CONF_0848",
      "properties": {
        "confluence_id": "CONF_0848",
        "connected_reaches": 2,
        "elevation_m": 100.0
      },
      "geometry": {
        "type": "Point",
        "coordinates": [
          100.1698,
          18.0825
        ]
      }
    },
    {
      "type": "Feature",
      "id": "CONF_0849",
      "properties": {
        "confluence_id": "CONF_0849",
        "connected_reaches": 2,
        "elevation_m": 100.0
      },
      "geometry": {
        "type": "Point",
        "coordinates": [
          99.005,
          18.6193
        ]
      }
    },
    {
      "type": "Feature",
      "id": "CONF_0850",
      "properties": {
        "confluence_id": "CONF_0850",
        "connected_reaches": 2,
        "elevation_m": 100.0
      },
      "geometry": {
        "type": "Point",
        "coordinates": [
          99.1183,
          18.7162
        ]
      }
    },
    {
      "type": "Feature",
      "id": "CONF_0851",
      "properties": {
        "confluence_id": "CONF_0851",
        "connected_reaches": 2,
        "elevation_m": 100.0
      },
      "geometry": {
        "type": "Point",
        "coordinates": [
          99.1203,
          18.7149
        ]
      }
    },
    {
      "type": "Feature",
      "id": "CONF_0852",
      "properties": {
        "confluence_id": "CONF_0852",
        "connected_reaches": 3,
        "elevation_m": 100.0
      },
      "geometry": {
        "type": "Point",
        "coordinates": [
          99.1163,
          18.7175
        ]
      }
    },
    {
      "type": "Feature",
      "id": "CONF_0853",
      "properties": {
        "confluence_id": "CONF_0853",
        "connected_reaches": 2,
        "elevation_m": 100.0
      },
      "geometry": {
        "type": "Point",
        "coordinates": [
          99.1171,
          18.717
        ]
      }
    },
    {
      "type": "Feature",
      "id": "CONF_0854",
      "properties": {
        "confluence_id": "CONF_0854",
        "connected_reaches": 2,
        "elevation_m": 100.0
      },
      "geometry": {
        "type": "Point",
        "coordinates": [
          99.0225,
          18.6805
        ]
      }
    },
    {
      "type": "Feature",
      "id": "CONF_0855",
      "properties": {
        "confluence_id": "CONF_0855",
        "connected_reaches": 2,
        "elevation_m": 100.0
      },
      "geometry": {
        "type": "Point",
        "coordinates": [
          100.1675,
          18.0856
        ]
      }
    },
    {
      "type": "Feature",
      "id": "CONF_0856",
      "properties": {
        "confluence_id": "CONF_0856",
        "connected_reaches": 2,
        "elevation_m": 100.0
      },
      "geometry": {
        "type": "Point",
        "coordinates": [
          100.2242,
          18.0847
        ]
      }
    },
    {
      "type": "Feature",
      "id": "CONF_0857",
      "properties": {
        "confluence_id": "CONF_0857",
        "connected_reaches": 2,
        "elevation_m": 100.0
      },
      "geometry": {
        "type": "Point",
        "coordinates": [
          99.0274,
          18.6515
        ]
      }
    },
    {
      "type": "Feature",
      "id": "CONF_0858",
      "properties": {
        "confluence_id": "CONF_0858",
        "connected_reaches": 2,
        "elevation_m": 100.0
      },
      "geometry": {
        "type": "Point",
        "coordinates": [
          98.9862,
          18.6801
        ]
      }
    },
    {
      "type": "Feature",
      "id": "CONF_0859",
      "properties": {
        "confluence_id": "CONF_0859",
        "connected_reaches": 2,
        "elevation_m": 100.0
      },
      "geometry": {
        "type": "Point",
        "coordinates": [
          98.9901,
          18.6586
        ]
      }
    },
    {
      "type": "Feature",
      "id": "CONF_0860",
      "properties": {
        "confluence_id": "CONF_0860",
        "connected_reaches": 2,
        "elevation_m": 100.0
      },
      "geometry": {
        "type": "Point",
        "coordinates": [
          98.9914,
          19.185
        ]
      }
    },
    {
      "type": "Feature",
      "id": "CONF_0861",
      "properties": {
        "confluence_id": "CONF_0861",
        "connected_reaches": 2,
        "elevation_m": 100.0
      },
      "geometry": {
        "type": "Point",
        "coordinates": [
          98.9983,
          19.1791
        ]
      }
    },
    {
      "type": "Feature",
      "id": "CONF_0862",
      "properties": {
        "confluence_id": "CONF_0862",
        "connected_reaches": 2,
        "elevation_m": 100.0
      },
      "geometry": {
        "type": "Point",
        "coordinates": [
          99.0168,
          18.6125
        ]
      }
    },
    {
      "type": "Feature",
      "id": "CONF_0863",
      "properties": {
        "confluence_id": "CONF_0863",
        "connected_reaches": 3,
        "elevation_m": 100.0
      },
      "geometry": {
        "type": "Point",
        "coordinates": [
          99.0163,
          18.6117
        ]
      }
    },
    {
      "type": "Feature",
      "id": "CONF_0864",
      "properties": {
        "confluence_id": "CONF_0864",
        "connected_reaches": 2,
        "elevation_m": 100.0
      },
      "geometry": {
        "type": "Point",
        "coordinates": [
          99.4555,
          19.0856
        ]
      }
    },
    {
      "type": "Feature",
      "id": "CONF_0865",
      "properties": {
        "confluence_id": "CONF_0865",
        "connected_reaches": 2,
        "elevation_m": 100.0
      },
      "geometry": {
        "type": "Point",
        "coordinates": [
          99.3601,
          19.6258
        ]
      }
    },
    {
      "type": "Feature",
      "id": "CONF_0866",
      "properties": {
        "confluence_id": "CONF_0866",
        "connected_reaches": 2,
        "elevation_m": 100.0
      },
      "geometry": {
        "type": "Point",
        "coordinates": [
          99.4083,
          19.5875
        ]
      }
    },
    {
      "type": "Feature",
      "id": "CONF_0867",
      "properties": {
        "confluence_id": "CONF_0867",
        "connected_reaches": 3,
        "elevation_m": 100.0
      },
      "geometry": {
        "type": "Point",
        "coordinates": [
          99.4935,
          18.6609
        ]
      }
    },
    {
      "type": "Feature",
      "id": "CONF_0868",
      "properties": {
        "confluence_id": "CONF_0868",
        "connected_reaches": 2,
        "elevation_m": 100.0
      },
      "geometry": {
        "type": "Point",
        "coordinates": [
          99.013,
          18.6818
        ]
      }
    },
    {
      "type": "Feature",
      "id": "CONF_0869",
      "properties": {
        "confluence_id": "CONF_0869",
        "connected_reaches": 2,
        "elevation_m": 100.0
      },
      "geometry": {
        "type": "Point",
        "coordinates": [
          99.3294,
          18.3673
        ]
      }
    },
    {
      "type": "Feature",
      "id": "CONF_0870",
      "properties": {
        "confluence_id": "CONF_0870",
        "connected_reaches": 3,
        "elevation_m": 100.0
      },
      "geometry": {
        "type": "Point",
        "coordinates": [
          100.057,
          19.0275
        ]
      }
    },
    {
      "type": "Feature",
      "id": "CONF_0871",
      "properties": {
        "confluence_id": "CONF_0871",
        "connected_reaches": 2,
        "elevation_m": 100.0
      },
      "geometry": {
        "type": "Point",
        "coordinates": [
          99.4387,
          18.4298
        ]
      }
    },
    {
      "type": "Feature",
      "id": "CONF_0872",
      "properties": {
        "confluence_id": "CONF_0872",
        "connected_reaches": 2,
        "elevation_m": 100.0
      },
      "geometry": {
        "type": "Point",
        "coordinates": [
          99.9395,
          18.8908
        ]
      }
    },
    {
      "type": "Feature",
      "id": "CONF_0873",
      "properties": {
        "confluence_id": "CONF_0873",
        "connected_reaches": 2,
        "elevation_m": 100.0
      },
      "geometry": {
        "type": "Point",
        "coordinates": [
          99.938,
          18.8656
        ]
      }
    },
    {
      "type": "Feature",
      "id": "CONF_0874",
      "properties": {
        "confluence_id": "CONF_0874",
        "connected_reaches": 2,
        "elevation_m": 100.0
      },
      "geometry": {
        "type": "Point",
        "coordinates": [
          99.7961,
          18.2483
        ]
      }
    },
    {
      "type": "Feature",
      "id": "CONF_0875",
      "properties": {
        "confluence_id": "CONF_0875",
        "connected_reaches": 3,
        "elevation_m": 100.0
      },
      "geometry": {
        "type": "Point",
        "coordinates": [
          98.9762,
          18.6944
        ]
      }
    },
    {
      "type": "Feature",
      "id": "CONF_0876",
      "properties": {
        "confluence_id": "CONF_0876",
        "connected_reaches": 2,
        "elevation_m": 100.0
      },
      "geometry": {
        "type": "Point",
        "coordinates": [
          98.9556,
          18.6648
        ]
      }
    },
    {
      "type": "Feature",
      "id": "CONF_0877",
      "properties": {
        "confluence_id": "CONF_0877",
        "connected_reaches": 2,
        "elevation_m": 100.0
      },
      "geometry": {
        "type": "Point",
        "coordinates": [
          99.4222,
          19.5782
        ]
      }
    },
    {
      "type": "Feature",
      "id": "CONF_0878",
      "properties": {
        "confluence_id": "CONF_0878",
        "connected_reaches": 2,
        "elevation_m": 100.0
      },
      "geometry": {
        "type": "Point",
        "coordinates": [
          99.516,
          19.1899
        ]
      }
    },
    {
      "type": "Feature",
      "id": "CONF_0879",
      "properties": {
        "confluence_id": "CONF_0879",
        "connected_reaches": 2,
        "elevation_m": 100.0
      },
      "geometry": {
        "type": "Point",
        "coordinates": [
          99.1139,
          18.1193
        ]
      }
    },
    {
      "type": "Feature",
      "id": "CONF_0880",
      "properties": {
        "confluence_id": "CONF_0880",
        "connected_reaches": 2,
        "elevation_m": 100.0
      },
      "geometry": {
        "type": "Point",
        "coordinates": [
          98.9243,
          19.4069
        ]
      }
    },
    {
      "type": "Feature",
      "id": "CONF_0881",
      "properties": {
        "confluence_id": "CONF_0881",
        "connected_reaches": 2,
        "elevation_m": 100.0
      },
      "geometry": {
        "type": "Point",
        "coordinates": [
          98.9515,
          18.641
        ]
      }
    },
    {
      "type": "Feature",
      "id": "CONF_0882",
      "properties": {
        "confluence_id": "CONF_0882",
        "connected_reaches": 2,
        "elevation_m": 100.0
      },
      "geometry": {
        "type": "Point",
        "coordinates": [
          98.807,
          19.1008
        ]
      }
    },
    {
      "type": "Feature",
      "id": "CONF_0883",
      "properties": {
        "confluence_id": "CONF_0883",
        "connected_reaches": 2,
        "elevation_m": 100.0
      },
      "geometry": {
        "type": "Point",
        "coordinates": [
          98.8077,
          19.1009
        ]
      }
    },
    {
      "type": "Feature",
      "id": "CONF_0884",
      "properties": {
        "confluence_id": "CONF_0884",
        "connected_reaches": 2,
        "elevation_m": 100.0
      },
      "geometry": {
        "type": "Point",
        "coordinates": [
          98.8728,
          19.0083
        ]
      }
    },
    {
      "type": "Feature",
      "id": "CONF_0885",
      "properties": {
        "confluence_id": "CONF_0885",
        "connected_reaches": 2,
        "elevation_m": 100.0
      },
      "geometry": {
        "type": "Point",
        "coordinates": [
          99.7107,
          19.759
        ]
      }
    },
    {
      "type": "Feature",
      "id": "CONF_0886",
      "properties": {
        "confluence_id": "CONF_0886",
        "connected_reaches": 2,
        "elevation_m": 100.0
      },
      "geometry": {
        "type": "Point",
        "coordinates": [
          99.2488,
          19.3734
        ]
      }
    },
    {
      "type": "Feature",
      "id": "CONF_0887",
      "properties": {
        "confluence_id": "CONF_0887",
        "connected_reaches": 2,
        "elevation_m": 100.0
      },
      "geometry": {
        "type": "Point",
        "coordinates": [
          99.1028,
          17.4146
        ]
      }
    },
    {
      "type": "Feature",
      "id": "CONF_0888",
      "properties": {
        "confluence_id": "CONF_0888",
        "connected_reaches": 2,
        "elevation_m": 100.0
      },
      "geometry": {
        "type": "Point",
        "coordinates": [
          99.1408,
          17.51
        ]
      }
    },
    {
      "type": "Feature",
      "id": "CONF_0889",
      "properties": {
        "confluence_id": "CONF_0889",
        "connected_reaches": 2,
        "elevation_m": 100.0
      },
      "geometry": {
        "type": "Point",
        "coordinates": [
          99.2045,
          18.695
        ]
      }
    },
    {
      "type": "Feature",
      "id": "CONF_0890",
      "properties": {
        "confluence_id": "CONF_0890",
        "connected_reaches": 2,
        "elevation_m": 100.0
      },
      "geometry": {
        "type": "Point",
        "coordinates": [
          99.2037,
          18.691
        ]
      }
    },
    {
      "type": "Feature",
      "id": "CONF_0891",
      "properties": {
        "confluence_id": "CONF_0891",
        "connected_reaches": 2,
        "elevation_m": 100.0
      },
      "geometry": {
        "type": "Point",
        "coordinates": [
          98.6751,
          18.9583
        ]
      }
    },
    {
      "type": "Feature",
      "id": "CONF_0892",
      "properties": {
        "confluence_id": "CONF_0892",
        "connected_reaches": 2,
        "elevation_m": 100.0
      },
      "geometry": {
        "type": "Point",
        "coordinates": [
          99.0407,
          18.7643
        ]
      }
    },
    {
      "type": "Feature",
      "id": "CONF_0893",
      "properties": {
        "confluence_id": "CONF_0893",
        "connected_reaches": 2,
        "elevation_m": 100.0
      },
      "geometry": {
        "type": "Point",
        "coordinates": [
          100.0931,
          19.4511
        ]
      }
    },
    {
      "type": "Feature",
      "id": "CONF_0894",
      "properties": {
        "confluence_id": "CONF_0894",
        "connected_reaches": 2,
        "elevation_m": 100.0
      },
      "geometry": {
        "type": "Point",
        "coordinates": [
          99.483,
          18.1932
        ]
      }
    },
    {
      "type": "Feature",
      "id": "CONF_0895",
      "properties": {
        "confluence_id": "CONF_0895",
        "connected_reaches": 2,
        "elevation_m": 100.0
      },
      "geometry": {
        "type": "Point",
        "coordinates": [
          98.9415,
          18.7461
        ]
      }
    },
    {
      "type": "Feature",
      "id": "CONF_0896",
      "properties": {
        "confluence_id": "CONF_0896",
        "connected_reaches": 2,
        "elevation_m": 100.0
      },
      "geometry": {
        "type": "Point",
        "coordinates": [
          98.9415,
          18.7456
        ]
      }
    },
    {
      "type": "Feature",
      "id": "CONF_0897",
      "properties": {
        "confluence_id": "CONF_0897",
        "connected_reaches": 2,
        "elevation_m": 100.0
      },
      "geometry": {
        "type": "Point",
        "coordinates": [
          99.9943,
          19.4128
        ]
      }
    },
    {
      "type": "Feature",
      "id": "CONF_0898",
      "properties": {
        "confluence_id": "CONF_0898",
        "connected_reaches": 3,
        "elevation_m": 100.0
      },
      "geometry": {
        "type": "Point",
        "coordinates": [
          99.1296,
          17.4424
        ]
      }
    },
    {
      "type": "Feature",
      "id": "CONF_0899",
      "properties": {
        "confluence_id": "CONF_0899",
        "connected_reaches": 2,
        "elevation_m": 100.0
      },
      "geometry": {
        "type": "Point",
        "coordinates": [
          99.1256,
          17.4428
        ]
      }
    },
    {
      "type": "Feature",
      "id": "CONF_0900",
      "properties": {
        "confluence_id": "CONF_0900",
        "connected_reaches": 2,
        "elevation_m": 100.0
      },
      "geometry": {
        "type": "Point",
        "coordinates": [
          99.0838,
          17.3493
        ]
      }
    },
    {
      "type": "Feature",
      "id": "CONF_0901",
      "properties": {
        "confluence_id": "CONF_0901",
        "connected_reaches": 2,
        "elevation_m": 100.0
      },
      "geometry": {
        "type": "Point",
        "coordinates": [
          100.1012,
          19.4682
        ]
      }
    },
    {
      "type": "Feature",
      "id": "CONF_0902",
      "properties": {
        "confluence_id": "CONF_0902",
        "connected_reaches": 2,
        "elevation_m": 100.0
      },
      "geometry": {
        "type": "Point",
        "coordinates": [
          98.9868,
          18.689
        ]
      }
    },
    {
      "type": "Feature",
      "id": "CONF_0903",
      "properties": {
        "confluence_id": "CONF_0903",
        "connected_reaches": 2,
        "elevation_m": 100.0
      },
      "geometry": {
        "type": "Point",
        "coordinates": [
          98.9338,
          18.7293
        ]
      }
    },
    {
      "type": "Feature",
      "id": "CONF_0904",
      "properties": {
        "confluence_id": "CONF_0904",
        "connected_reaches": 2,
        "elevation_m": 100.0
      },
      "geometry": {
        "type": "Point",
        "coordinates": [
          99.7027,
          17.6851
        ]
      }
    },
    {
      "type": "Feature",
      "id": "CONF_0905",
      "properties": {
        "confluence_id": "CONF_0905",
        "connected_reaches": 2,
        "elevation_m": 100.0
      },
      "geometry": {
        "type": "Point",
        "coordinates": [
          98.9985,
          18.6747
        ]
      }
    },
    {
      "type": "Feature",
      "id": "CONF_0906",
      "properties": {
        "confluence_id": "CONF_0906",
        "connected_reaches": 2,
        "elevation_m": 100.0
      },
      "geometry": {
        "type": "Point",
        "coordinates": [
          98.8416,
          19.0347
        ]
      }
    },
    {
      "type": "Feature",
      "id": "CONF_0907",
      "properties": {
        "confluence_id": "CONF_0907",
        "connected_reaches": 2,
        "elevation_m": 100.0
      },
      "geometry": {
        "type": "Point",
        "coordinates": [
          98.7867,
          19.1131
        ]
      }
    },
    {
      "type": "Feature",
      "id": "CONF_0908",
      "properties": {
        "confluence_id": "CONF_0908",
        "connected_reaches": 2,
        "elevation_m": 100.0
      },
      "geometry": {
        "type": "Point",
        "coordinates": [
          98.9397,
          19.3766
        ]
      }
    },
    {
      "type": "Feature",
      "id": "CONF_0909",
      "properties": {
        "confluence_id": "CONF_0909",
        "connected_reaches": 2,
        "elevation_m": 100.0
      },
      "geometry": {
        "type": "Point",
        "coordinates": [
          98.8075,
          19.409
        ]
      }
    },
    {
      "type": "Feature",
      "id": "CONF_0910",
      "properties": {
        "confluence_id": "CONF_0910",
        "connected_reaches": 2,
        "elevation_m": 100.0
      },
      "geometry": {
        "type": "Point",
        "coordinates": [
          99.0092,
          18.6031
        ]
      }
    },
    {
      "type": "Feature",
      "id": "CONF_0911",
      "properties": {
        "confluence_id": "CONF_0911",
        "connected_reaches": 2,
        "elevation_m": 100.0
      },
      "geometry": {
        "type": "Point",
        "coordinates": [
          99.0241,
          18.6131
        ]
      }
    },
    {
      "type": "Feature",
      "id": "CONF_0912",
      "properties": {
        "confluence_id": "CONF_0912",
        "connected_reaches": 2,
        "elevation_m": 100.0
      },
      "geometry": {
        "type": "Point",
        "coordinates": [
          99.5387,
          18.8802
        ]
      }
    },
    {
      "type": "Feature",
      "id": "CONF_0913",
      "properties": {
        "confluence_id": "CONF_0913",
        "connected_reaches": 2,
        "elevation_m": 100.0
      },
      "geometry": {
        "type": "Point",
        "coordinates": [
          98.6687,
          19.2042
        ]
      }
    },
    {
      "type": "Feature",
      "id": "CONF_0914",
      "properties": {
        "confluence_id": "CONF_0914",
        "connected_reaches": 3,
        "elevation_m": 100.0
      },
      "geometry": {
        "type": "Point",
        "coordinates": [
          98.6713,
          19.2043
        ]
      }
    },
    {
      "type": "Feature",
      "id": "CONF_0915",
      "properties": {
        "confluence_id": "CONF_0915",
        "connected_reaches": 2,
        "elevation_m": 100.0
      },
      "geometry": {
        "type": "Point",
        "coordinates": [
          98.699,
          19.2314
        ]
      }
    },
    {
      "type": "Feature",
      "id": "CONF_0916",
      "properties": {
        "confluence_id": "CONF_0916",
        "connected_reaches": 2,
        "elevation_m": 100.0
      },
      "geometry": {
        "type": "Point",
        "coordinates": [
          98.6647,
          18.3394
        ]
      }
    },
    {
      "type": "Feature",
      "id": "CONF_0917",
      "properties": {
        "confluence_id": "CONF_0917",
        "connected_reaches": 2,
        "elevation_m": 100.0
      },
      "geometry": {
        "type": "Point",
        "coordinates": [
          98.9468,
          18.7837
        ]
      }
    },
    {
      "type": "Feature",
      "id": "CONF_0918",
      "properties": {
        "confluence_id": "CONF_0918",
        "connected_reaches": 2,
        "elevation_m": 100.0
      },
      "geometry": {
        "type": "Point",
        "coordinates": [
          99.0095,
          18.8954
        ]
      }
    },
    {
      "type": "Feature",
      "id": "CONF_0919",
      "properties": {
        "confluence_id": "CONF_0919",
        "connected_reaches": 2,
        "elevation_m": 100.0
      },
      "geometry": {
        "type": "Point",
        "coordinates": [
          98.9048,
          18.4207
        ]
      }
    },
    {
      "type": "Feature",
      "id": "CONF_0920",
      "properties": {
        "confluence_id": "CONF_0920",
        "connected_reaches": 2,
        "elevation_m": 100.0
      },
      "geometry": {
        "type": "Point",
        "coordinates": [
          99.0147,
          18.9008
        ]
      }
    },
    {
      "type": "Feature",
      "id": "CONF_0921",
      "properties": {
        "confluence_id": "CONF_0921",
        "connected_reaches": 2,
        "elevation_m": 100.0
      },
      "geometry": {
        "type": "Point",
        "coordinates": [
          98.8293,
          19.1152
        ]
      }
    },
    {
      "type": "Feature",
      "id": "CONF_0922",
      "properties": {
        "confluence_id": "CONF_0922",
        "connected_reaches": 2,
        "elevation_m": 100.0
      },
      "geometry": {
        "type": "Point",
        "coordinates": [
          98.8968,
          19.1099
        ]
      }
    },
    {
      "type": "Feature",
      "id": "CONF_0923",
      "properties": {
        "confluence_id": "CONF_0923",
        "connected_reaches": 2,
        "elevation_m": 100.0
      },
      "geometry": {
        "type": "Point",
        "coordinates": [
          98.8177,
          19.2391
        ]
      }
    },
    {
      "type": "Feature",
      "id": "CONF_0924",
      "properties": {
        "confluence_id": "CONF_0924",
        "connected_reaches": 2,
        "elevation_m": 100.0
      },
      "geometry": {
        "type": "Point",
        "coordinates": [
          99.0446,
          19.1411
        ]
      }
    },
    {
      "type": "Feature",
      "id": "CONF_0925",
      "properties": {
        "confluence_id": "CONF_0925",
        "connected_reaches": 2,
        "elevation_m": 100.0
      },
      "geometry": {
        "type": "Point",
        "coordinates": [
          98.9545,
          18.8046
        ]
      }
    },
    {
      "type": "Feature",
      "id": "CONF_0926",
      "properties": {
        "confluence_id": "CONF_0926",
        "connected_reaches": 2,
        "elevation_m": 100.0
      },
      "geometry": {
        "type": "Point",
        "coordinates": [
          98.9879,
          18.6765
        ]
      }
    },
    {
      "type": "Feature",
      "id": "CONF_0927",
      "properties": {
        "confluence_id": "CONF_0927",
        "connected_reaches": 2,
        "elevation_m": 100.0
      },
      "geometry": {
        "type": "Point",
        "coordinates": [
          98.9466,
          18.8043
        ]
      }
    },
    {
      "type": "Feature",
      "id": "CONF_0928",
      "properties": {
        "confluence_id": "CONF_0928",
        "connected_reaches": 2,
        "elevation_m": 100.0
      },
      "geometry": {
        "type": "Point",
        "coordinates": [
          98.9552,
          18.8044
        ]
      }
    },
    {
      "type": "Feature",
      "id": "CONF_0929",
      "properties": {
        "confluence_id": "CONF_0929",
        "connected_reaches": 2,
        "elevation_m": 100.0
      },
      "geometry": {
        "type": "Point",
        "coordinates": [
          98.7991,
          18.8659
        ]
      }
    },
    {
      "type": "Feature",
      "id": "CONF_0930",
      "properties": {
        "confluence_id": "CONF_0930",
        "connected_reaches": 3,
        "elevation_m": 100.0
      },
      "geometry": {
        "type": "Point",
        "coordinates": [
          99.1221,
          18.5991
        ]
      }
    },
    {
      "type": "Feature",
      "id": "CONF_0931",
      "properties": {
        "confluence_id": "CONF_0931",
        "connected_reaches": 2,
        "elevation_m": 100.0
      },
      "geometry": {
        "type": "Point",
        "coordinates": [
          98.9526,
          19.3048
        ]
      }
    },
    {
      "type": "Feature",
      "id": "CONF_0932",
      "properties": {
        "confluence_id": "CONF_0932",
        "connected_reaches": 2,
        "elevation_m": 100.0
      },
      "geometry": {
        "type": "Point",
        "coordinates": [
          98.7573,
          18.518
        ]
      }
    },
    {
      "type": "Feature",
      "id": "CONF_0933",
      "properties": {
        "confluence_id": "CONF_0933",
        "connected_reaches": 2,
        "elevation_m": 100.0
      },
      "geometry": {
        "type": "Point",
        "coordinates": [
          99.6903,
          17.5023
        ]
      }
    },
    {
      "type": "Feature",
      "id": "CONF_0934",
      "properties": {
        "confluence_id": "CONF_0934",
        "connected_reaches": 2,
        "elevation_m": 100.0
      },
      "geometry": {
        "type": "Point",
        "coordinates": [
          98.9603,
          19.3969
        ]
      }
    },
    {
      "type": "Feature",
      "id": "CONF_0935",
      "properties": {
        "confluence_id": "CONF_0935",
        "connected_reaches": 2,
        "elevation_m": 100.0
      },
      "geometry": {
        "type": "Point",
        "coordinates": [
          98.9604,
          19.3974
        ]
      }
    },
    {
      "type": "Feature",
      "id": "CONF_0936",
      "properties": {
        "confluence_id": "CONF_0936",
        "connected_reaches": 2,
        "elevation_m": 100.0
      },
      "geometry": {
        "type": "Point",
        "coordinates": [
          98.9586,
          19.403
        ]
      }
    },
    {
      "type": "Feature",
      "id": "CONF_0937",
      "properties": {
        "confluence_id": "CONF_0937",
        "connected_reaches": 2,
        "elevation_m": 100.0
      },
      "geometry": {
        "type": "Point",
        "coordinates": [
          99.268,
          18.4577
        ]
      }
    },
    {
      "type": "Feature",
      "id": "CONF_0938",
      "properties": {
        "confluence_id": "CONF_0938",
        "connected_reaches": 2,
        "elevation_m": 100.0
      },
      "geometry": {
        "type": "Point",
        "coordinates": [
          99.262,
          18.4065
        ]
      }
    },
    {
      "type": "Feature",
      "id": "CONF_0939",
      "properties": {
        "confluence_id": "CONF_0939",
        "connected_reaches": 2,
        "elevation_m": 100.0
      },
      "geometry": {
        "type": "Point",
        "coordinates": [
          99.4641,
          18.3192
        ]
      }
    },
    {
      "type": "Feature",
      "id": "CONF_0940",
      "properties": {
        "confluence_id": "CONF_0940",
        "connected_reaches": 2,
        "elevation_m": 100.0
      },
      "geometry": {
        "type": "Point",
        "coordinates": [
          99.0165,
          18.6727
        ]
      }
    },
    {
      "type": "Feature",
      "id": "CONF_0941",
      "properties": {
        "confluence_id": "CONF_0941",
        "connected_reaches": 2,
        "elevation_m": 100.0
      },
      "geometry": {
        "type": "Point",
        "coordinates": [
          99.0341,
          18.6545
        ]
      }
    },
    {
      "type": "Feature",
      "id": "CONF_0942",
      "properties": {
        "confluence_id": "CONF_0942",
        "connected_reaches": 2,
        "elevation_m": 100.0
      },
      "geometry": {
        "type": "Point",
        "coordinates": [
          99.0383,
          18.6498
        ]
      }
    },
    {
      "type": "Feature",
      "id": "CONF_0943",
      "properties": {
        "confluence_id": "CONF_0943",
        "connected_reaches": 2,
        "elevation_m": 100.0
      },
      "geometry": {
        "type": "Point",
        "coordinates": [
          98.9578,
          18.6419
        ]
      }
    },
    {
      "type": "Feature",
      "id": "CONF_0944",
      "properties": {
        "confluence_id": "CONF_0944",
        "connected_reaches": 2,
        "elevation_m": 100.0
      },
      "geometry": {
        "type": "Point",
        "coordinates": [
          99.6005,
          19.0224
        ]
      }
    },
    {
      "type": "Feature",
      "id": "CONF_0945",
      "properties": {
        "confluence_id": "CONF_0945",
        "connected_reaches": 2,
        "elevation_m": 100.0
      },
      "geometry": {
        "type": "Point",
        "coordinates": [
          99.0102,
          18.6661
        ]
      }
    },
    {
      "type": "Feature",
      "id": "CONF_0946",
      "properties": {
        "confluence_id": "CONF_0946",
        "connected_reaches": 2,
        "elevation_m": 100.0
      },
      "geometry": {
        "type": "Point",
        "coordinates": [
          99.5897,
          18.7021
        ]
      }
    },
    {
      "type": "Feature",
      "id": "CONF_0947",
      "properties": {
        "confluence_id": "CONF_0947",
        "connected_reaches": 2,
        "elevation_m": 100.0
      },
      "geometry": {
        "type": "Point",
        "coordinates": [
          99.5902,
          18.7023
        ]
      }
    },
    {
      "type": "Feature",
      "id": "CONF_0948",
      "properties": {
        "confluence_id": "CONF_0948",
        "connected_reaches": 2,
        "elevation_m": 100.0
      },
      "geometry": {
        "type": "Point",
        "coordinates": [
          99.0988,
          18.7762
        ]
      }
    },
    {
      "type": "Feature",
      "id": "CONF_0949",
      "properties": {
        "confluence_id": "CONF_0949",
        "connected_reaches": 2,
        "elevation_m": 100.0
      },
      "geometry": {
        "type": "Point",
        "coordinates": [
          99.0999,
          18.7777
        ]
      }
    },
    {
      "type": "Feature",
      "id": "CONF_0950",
      "properties": {
        "confluence_id": "CONF_0950",
        "connected_reaches": 2,
        "elevation_m": 100.0
      },
      "geometry": {
        "type": "Point",
        "coordinates": [
          98.8669,
          19.7798
        ]
      }
    },
    {
      "type": "Feature",
      "id": "CONF_0951",
      "properties": {
        "confluence_id": "CONF_0951",
        "connected_reaches": 2,
        "elevation_m": 100.0
      },
      "geometry": {
        "type": "Point",
        "coordinates": [
          98.9534,
          18.7939
        ]
      }
    },
    {
      "type": "Feature",
      "id": "CONF_0952",
      "properties": {
        "confluence_id": "CONF_0952",
        "connected_reaches": 2,
        "elevation_m": 100.0
      },
      "geometry": {
        "type": "Point",
        "coordinates": [
          98.9589,
          18.7944
        ]
      }
    },
    {
      "type": "Feature",
      "id": "CONF_0953",
      "properties": {
        "confluence_id": "CONF_0953",
        "connected_reaches": 2,
        "elevation_m": 100.0
      },
      "geometry": {
        "type": "Point",
        "coordinates": [
          98.9553,
          18.7942
        ]
      }
    },
    {
      "type": "Feature",
      "id": "CONF_0954",
      "properties": {
        "confluence_id": "CONF_0954",
        "connected_reaches": 2,
        "elevation_m": 100.0
      },
      "geometry": {
        "type": "Point",
        "coordinates": [
          98.9532,
          18.795
        ]
      }
    },
    {
      "type": "Feature",
      "id": "CONF_0955",
      "properties": {
        "confluence_id": "CONF_0955",
        "connected_reaches": 2,
        "elevation_m": 100.0
      },
      "geometry": {
        "type": "Point",
        "coordinates": [
          99.127,
          18.7906
        ]
      }
    },
    {
      "type": "Feature",
      "id": "CONF_0956",
      "properties": {
        "confluence_id": "CONF_0956",
        "connected_reaches": 2,
        "elevation_m": 100.0
      },
      "geometry": {
        "type": "Point",
        "coordinates": [
          99.1579,
          18.7864
        ]
      }
    },
    {
      "type": "Feature",
      "id": "CONF_0957",
      "properties": {
        "confluence_id": "CONF_0957",
        "connected_reaches": 2,
        "elevation_m": 100.0
      },
      "geometry": {
        "type": "Point",
        "coordinates": [
          99.1603,
          18.7871
        ]
      }
    },
    {
      "type": "Feature",
      "id": "CONF_0958",
      "properties": {
        "confluence_id": "CONF_0958",
        "connected_reaches": 2,
        "elevation_m": 100.0
      },
      "geometry": {
        "type": "Point",
        "coordinates": [
          100.2336,
          18.2145
        ]
      }
    },
    {
      "type": "Feature",
      "id": "CONF_0959",
      "properties": {
        "confluence_id": "CONF_0959",
        "connected_reaches": 2,
        "elevation_m": 100.0
      },
      "geometry": {
        "type": "Point",
        "coordinates": [
          100.2323,
          18.2116
        ]
      }
    },
    {
      "type": "Feature",
      "id": "CONF_0960",
      "properties": {
        "confluence_id": "CONF_0960",
        "connected_reaches": 2,
        "elevation_m": 100.0
      },
      "geometry": {
        "type": "Point",
        "coordinates": [
          100.2241,
          18.1961
        ]
      }
    },
    {
      "type": "Feature",
      "id": "CONF_0961",
      "properties": {
        "confluence_id": "CONF_0961",
        "connected_reaches": 2,
        "elevation_m": 100.0
      },
      "geometry": {
        "type": "Point",
        "coordinates": [
          100.2402,
          18.2023
        ]
      }
    },
    {
      "type": "Feature",
      "id": "CONF_0962",
      "properties": {
        "confluence_id": "CONF_0962",
        "connected_reaches": 4,
        "elevation_m": 100.0
      },
      "geometry": {
        "type": "Point",
        "coordinates": [
          100.2339,
          18.2112
        ]
      }
    },
    {
      "type": "Feature",
      "id": "CONF_0963",
      "properties": {
        "confluence_id": "CONF_0963",
        "connected_reaches": 2,
        "elevation_m": 100.0
      },
      "geometry": {
        "type": "Point",
        "coordinates": [
          100.2288,
          18.2143
        ]
      }
    },
    {
      "type": "Feature",
      "id": "CONF_0964",
      "properties": {
        "confluence_id": "CONF_0964",
        "connected_reaches": 3,
        "elevation_m": 100.0
      },
      "geometry": {
        "type": "Point",
        "coordinates": [
          99.1599,
          18.8059
        ]
      }
    },
    {
      "type": "Feature",
      "id": "CONF_0965",
      "properties": {
        "confluence_id": "CONF_0965",
        "connected_reaches": 2,
        "elevation_m": 100.0
      },
      "geometry": {
        "type": "Point",
        "coordinates": [
          99.2546,
          18.7812
        ]
      }
    },
    {
      "type": "Feature",
      "id": "CONF_0966",
      "properties": {
        "confluence_id": "CONF_0966",
        "connected_reaches": 2,
        "elevation_m": 100.0
      },
      "geometry": {
        "type": "Point",
        "coordinates": [
          98.9724,
          18.7717
        ]
      }
    },
    {
      "type": "Feature",
      "id": "CONF_0967",
      "properties": {
        "confluence_id": "CONF_0967",
        "connected_reaches": 2,
        "elevation_m": 100.0
      },
      "geometry": {
        "type": "Point",
        "coordinates": [
          100.08,
          19.6861
        ]
      }
    },
    {
      "type": "Feature",
      "id": "CONF_0968",
      "properties": {
        "confluence_id": "CONF_0968",
        "connected_reaches": 2,
        "elevation_m": 100.0
      },
      "geometry": {
        "type": "Point",
        "coordinates": [
          99.9908,
          19.7147
        ]
      }
    },
    {
      "type": "Feature",
      "id": "CONF_0969",
      "properties": {
        "confluence_id": "CONF_0969",
        "connected_reaches": 2,
        "elevation_m": 100.0
      },
      "geometry": {
        "type": "Point",
        "coordinates": [
          98.993,
          18.7616
        ]
      }
    },
    {
      "type": "Feature",
      "id": "CONF_0970",
      "properties": {
        "confluence_id": "CONF_0970",
        "connected_reaches": 2,
        "elevation_m": 100.0
      },
      "geometry": {
        "type": "Point",
        "coordinates": [
          98.9161,
          18.6803
        ]
      }
    },
    {
      "type": "Feature",
      "id": "CONF_0971",
      "properties": {
        "confluence_id": "CONF_0971",
        "connected_reaches": 2,
        "elevation_m": 100.0
      },
      "geometry": {
        "type": "Point",
        "coordinates": [
          98.9155,
          18.6803
        ]
      }
    },
    {
      "type": "Feature",
      "id": "CONF_0972",
      "properties": {
        "confluence_id": "CONF_0972",
        "connected_reaches": 2,
        "elevation_m": 100.0
      },
      "geometry": {
        "type": "Point",
        "coordinates": [
          98.9164,
          18.6817
        ]
      }
    },
    {
      "type": "Feature",
      "id": "CONF_0973",
      "properties": {
        "confluence_id": "CONF_0973",
        "connected_reaches": 2,
        "elevation_m": 100.0
      },
      "geometry": {
        "type": "Point",
        "coordinates": [
          98.9163,
          18.6833
        ]
      }
    },
    {
      "type": "Feature",
      "id": "CONF_0974",
      "properties": {
        "confluence_id": "CONF_0974",
        "connected_reaches": 2,
        "elevation_m": 100.0
      },
      "geometry": {
        "type": "Point",
        "coordinates": [
          98.845,
          18.6418
        ]
      }
    },
    {
      "type": "Feature",
      "id": "CONF_0975",
      "properties": {
        "confluence_id": "CONF_0975",
        "connected_reaches": 3,
        "elevation_m": 100.0
      },
      "geometry": {
        "type": "Point",
        "coordinates": [
          99.8984,
          18.3066
        ]
      }
    },
    {
      "type": "Feature",
      "id": "CONF_0976",
      "properties": {
        "confluence_id": "CONF_0976",
        "connected_reaches": 2,
        "elevation_m": 100.0
      },
      "geometry": {
        "type": "Point",
        "coordinates": [
          98.9532,
          18.7976
        ]
      }
    },
    {
      "type": "Feature",
      "id": "CONF_0977",
      "properties": {
        "confluence_id": "CONF_0977",
        "connected_reaches": 2,
        "elevation_m": 100.0
      },
      "geometry": {
        "type": "Point",
        "coordinates": [
          99.5545,
          18.4429
        ]
      }
    },
    {
      "type": "Feature",
      "id": "CONF_0978",
      "properties": {
        "confluence_id": "CONF_0978",
        "connected_reaches": 3,
        "elevation_m": 100.0
      },
      "geometry": {
        "type": "Point",
        "coordinates": [
          98.9767,
          18.8517
        ]
      }
    },
    {
      "type": "Feature",
      "id": "CONF_0979",
      "properties": {
        "confluence_id": "CONF_0979",
        "connected_reaches": 2,
        "elevation_m": 100.0
      },
      "geometry": {
        "type": "Point",
        "coordinates": [
          98.9882,
          18.8371
        ]
      }
    },
    {
      "type": "Feature",
      "id": "CONF_0980",
      "properties": {
        "confluence_id": "CONF_0980",
        "connected_reaches": 2,
        "elevation_m": 100.0
      },
      "geometry": {
        "type": "Point",
        "coordinates": [
          98.9767,
          18.8512
        ]
      }
    },
    {
      "type": "Feature",
      "id": "CONF_0981",
      "properties": {
        "confluence_id": "CONF_0981",
        "connected_reaches": 3,
        "elevation_m": 100.0
      },
      "geometry": {
        "type": "Point",
        "coordinates": [
          98.9817,
          18.8433
        ]
      }
    },
    {
      "type": "Feature",
      "id": "CONF_0982",
      "properties": {
        "confluence_id": "CONF_0982",
        "connected_reaches": 2,
        "elevation_m": 100.0
      },
      "geometry": {
        "type": "Point",
        "coordinates": [
          98.9704,
          18.8493
        ]
      }
    },
    {
      "type": "Feature",
      "id": "CONF_0983",
      "properties": {
        "confluence_id": "CONF_0983",
        "connected_reaches": 3,
        "elevation_m": 100.0
      },
      "geometry": {
        "type": "Point",
        "coordinates": [
          98.9751,
          18.8532
        ]
      }
    },
    {
      "type": "Feature",
      "id": "CONF_0984",
      "properties": {
        "confluence_id": "CONF_0984",
        "connected_reaches": 2,
        "elevation_m": 100.0
      },
      "geometry": {
        "type": "Point",
        "coordinates": [
          98.9983,
          18.8014
        ]
      }
    },
    {
      "type": "Feature",
      "id": "CONF_0985",
      "properties": {
        "confluence_id": "CONF_0985",
        "connected_reaches": 2,
        "elevation_m": 100.0
      },
      "geometry": {
        "type": "Point",
        "coordinates": [
          98.9997,
          18.8019
        ]
      }
    },
    {
      "type": "Feature",
      "id": "CONF_0986",
      "properties": {
        "confluence_id": "CONF_0986",
        "connected_reaches": 2,
        "elevation_m": 100.0
      },
      "geometry": {
        "type": "Point",
        "coordinates": [
          99.0968,
          18.7312
        ]
      }
    },
    {
      "type": "Feature",
      "id": "CONF_0987",
      "properties": {
        "confluence_id": "CONF_0987",
        "connected_reaches": 2,
        "elevation_m": 100.0
      },
      "geometry": {
        "type": "Point",
        "coordinates": [
          99.1462,
          18.1884
        ]
      }
    },
    {
      "type": "Feature",
      "id": "CONF_0988",
      "properties": {
        "confluence_id": "CONF_0988",
        "connected_reaches": 2,
        "elevation_m": 100.0
      },
      "geometry": {
        "type": "Point",
        "coordinates": [
          98.7027,
          18.4052
        ]
      }
    },
    {
      "type": "Feature",
      "id": "CONF_0989",
      "properties": {
        "confluence_id": "CONF_0989",
        "connected_reaches": 2,
        "elevation_m": 100.0
      },
      "geometry": {
        "type": "Point",
        "coordinates": [
          99.6241,
          17.929
        ]
      }
    },
    {
      "type": "Feature",
      "id": "CONF_0990",
      "properties": {
        "confluence_id": "CONF_0990",
        "connected_reaches": 2,
        "elevation_m": 100.0
      },
      "geometry": {
        "type": "Point",
        "coordinates": [
          98.9351,
          19.4595
        ]
      }
    },
    {
      "type": "Feature",
      "id": "CONF_0991",
      "properties": {
        "confluence_id": "CONF_0991",
        "connected_reaches": 2,
        "elevation_m": 100.0
      },
      "geometry": {
        "type": "Point",
        "coordinates": [
          98.93,
          18.8723
        ]
      }
    },
    {
      "type": "Feature",
      "id": "CONF_0992",
      "properties": {
        "confluence_id": "CONF_0992",
        "connected_reaches": 2,
        "elevation_m": 100.0
      },
      "geometry": {
        "type": "Point",
        "coordinates": [
          98.895,
          18.8344
        ]
      }
    },
    {
      "type": "Feature",
      "id": "CONF_0993",
      "properties": {
        "confluence_id": "CONF_0993",
        "connected_reaches": 2,
        "elevation_m": 100.0
      },
      "geometry": {
        "type": "Point",
        "coordinates": [
          98.6971,
          19.2344
        ]
      }
    },
    {
      "type": "Feature",
      "id": "CONF_0994",
      "properties": {
        "confluence_id": "CONF_0994",
        "connected_reaches": 2,
        "elevation_m": 100.0
      },
      "geometry": {
        "type": "Point",
        "coordinates": [
          98.7095,
          19.2504
        ]
      }
    },
    {
      "type": "Feature",
      "id": "CONF_0995",
      "properties": {
        "confluence_id": "CONF_0995",
        "connected_reaches": 3,
        "elevation_m": 100.0
      },
      "geometry": {
        "type": "Point",
        "coordinates": [
          99.186,
          19.0367
        ]
      }
    },
    {
      "type": "Feature",
      "id": "CONF_0996",
      "properties": {
        "confluence_id": "CONF_0996",
        "connected_reaches": 3,
        "elevation_m": 100.0
      },
      "geometry": {
        "type": "Point",
        "coordinates": [
          99.1946,
          19.0445
        ]
      }
    },
    {
      "type": "Feature",
      "id": "CONF_0997",
      "properties": {
        "confluence_id": "CONF_0997",
        "connected_reaches": 2,
        "elevation_m": 100.0
      },
      "geometry": {
        "type": "Point",
        "coordinates": [
          98.7086,
          19.3622
        ]
      }
    },
    {
      "type": "Feature",
      "id": "CONF_0998",
      "properties": {
        "confluence_id": "CONF_0998",
        "connected_reaches": 2,
        "elevation_m": 100.0
      },
      "geometry": {
        "type": "Point",
        "coordinates": [
          98.7059,
          19.3512
        ]
      }
    },
    {
      "type": "Feature",
      "id": "CONF_0999",
      "properties": {
        "confluence_id": "CONF_0999",
        "connected_reaches": 2,
        "elevation_m": 100.0
      },
      "geometry": {
        "type": "Point",
        "coordinates": [
          98.7181,
          19.4261
        ]
      }
    },
    {
      "type": "Feature",
      "id": "CONF_1000",
      "properties": {
        "confluence_id": "CONF_1000",
        "connected_reaches": 2,
        "elevation_m": 100.0
      },
      "geometry": {
        "type": "Point",
        "coordinates": [
          99.0449,
          18.7106
        ]
      }
    },
    {
      "type": "Feature",
      "id": "CONF_1001",
      "properties": {
        "confluence_id": "CONF_1001",
        "connected_reaches": 2,
        "elevation_m": 100.0
      },
      "geometry": {
        "type": "Point",
        "coordinates": [
          99.0333,
          18.9421
        ]
      }
    },
    {
      "type": "Feature",
      "id": "CONF_1002",
      "properties": {
        "confluence_id": "CONF_1002",
        "connected_reaches": 2,
        "elevation_m": 100.0
      },
      "geometry": {
        "type": "Point",
        "coordinates": [
          99.0657,
          18.9477
        ]
      }
    },
    {
      "type": "Feature",
      "id": "CONF_1003",
      "properties": {
        "confluence_id": "CONF_1003",
        "connected_reaches": 2,
        "elevation_m": 100.0
      },
      "geometry": {
        "type": "Point",
        "coordinates": [
          100.0435,
          17.982
        ]
      }
    },
    {
      "type": "Feature",
      "id": "CONF_1004",
      "properties": {
        "confluence_id": "CONF_1004",
        "connected_reaches": 2,
        "elevation_m": 100.0
      },
      "geometry": {
        "type": "Point",
        "coordinates": [
          99.0691,
          19.4972
        ]
      }
    },
    {
      "type": "Feature",
      "id": "CONF_1005",
      "properties": {
        "confluence_id": "CONF_1005",
        "connected_reaches": 2,
        "elevation_m": 100.0
      },
      "geometry": {
        "type": "Point",
        "coordinates": [
          99.9324,
          18.1116
        ]
      }
    },
    {
      "type": "Feature",
      "id": "CONF_1006",
      "properties": {
        "confluence_id": "CONF_1006",
        "connected_reaches": 2,
        "elevation_m": 100.0
      },
      "geometry": {
        "type": "Point",
        "coordinates": [
          98.9946,
          19.2295
        ]
      }
    },
    {
      "type": "Feature",
      "id": "CONF_1007",
      "properties": {
        "confluence_id": "CONF_1007",
        "connected_reaches": 2,
        "elevation_m": 100.0
      },
      "geometry": {
        "type": "Point",
        "coordinates": [
          98.7416,
          19.4275
        ]
      }
    },
    {
      "type": "Feature",
      "id": "CONF_1008",
      "properties": {
        "confluence_id": "CONF_1008",
        "connected_reaches": 2,
        "elevation_m": 100.0
      },
      "geometry": {
        "type": "Point",
        "coordinates": [
          99.4216,
          17.3274
        ]
      }
    },
    {
      "type": "Feature",
      "id": "CONF_1009",
      "properties": {
        "confluence_id": "CONF_1009",
        "connected_reaches": 2,
        "elevation_m": 100.0
      },
      "geometry": {
        "type": "Point",
        "coordinates": [
          99.0095,
          18.8992
        ]
      }
    },
    {
      "type": "Feature",
      "id": "CONF_1010",
      "properties": {
        "confluence_id": "CONF_1010",
        "connected_reaches": 3,
        "elevation_m": 100.0
      },
      "geometry": {
        "type": "Point",
        "coordinates": [
          98.9411,
          19.3083
        ]
      }
    },
    {
      "type": "Feature",
      "id": "CONF_1011",
      "properties": {
        "confluence_id": "CONF_1011",
        "connected_reaches": 3,
        "elevation_m": 100.0
      },
      "geometry": {
        "type": "Point",
        "coordinates": [
          98.8644,
          19.3178
        ]
      }
    },
    {
      "type": "Feature",
      "id": "CONF_1012",
      "properties": {
        "confluence_id": "CONF_1012",
        "connected_reaches": 2,
        "elevation_m": 100.0
      },
      "geometry": {
        "type": "Point",
        "coordinates": [
          98.8878,
          19.2352
        ]
      }
    },
    {
      "type": "Feature",
      "id": "CONF_1013",
      "properties": {
        "confluence_id": "CONF_1013",
        "connected_reaches": 3,
        "elevation_m": 100.0
      },
      "geometry": {
        "type": "Point",
        "coordinates": [
          98.7624,
          19.3038
        ]
      }
    },
    {
      "type": "Feature",
      "id": "CONF_1014",
      "properties": {
        "confluence_id": "CONF_1014",
        "connected_reaches": 2,
        "elevation_m": 100.0
      },
      "geometry": {
        "type": "Point",
        "coordinates": [
          99.8228,
          17.6692
        ]
      }
    },
    {
      "type": "Feature",
      "id": "CONF_1015",
      "properties": {
        "confluence_id": "CONF_1015",
        "connected_reaches": 2,
        "elevation_m": 100.0
      },
      "geometry": {
        "type": "Point",
        "coordinates": [
          99.8542,
          17.6587
        ]
      }
    },
    {
      "type": "Feature",
      "id": "CONF_1016",
      "properties": {
        "confluence_id": "CONF_1016",
        "connected_reaches": 2,
        "elevation_m": 100.0
      },
      "geometry": {
        "type": "Point",
        "coordinates": [
          99.8887,
          18.1369
        ]
      }
    },
    {
      "type": "Feature",
      "id": "CONF_1017",
      "properties": {
        "confluence_id": "CONF_1017",
        "connected_reaches": 3,
        "elevation_m": 100.0
      },
      "geometry": {
        "type": "Point",
        "coordinates": [
          98.7163,
          19.019
        ]
      }
    },
    {
      "type": "Feature",
      "id": "CONF_1018",
      "properties": {
        "confluence_id": "CONF_1018",
        "connected_reaches": 2,
        "elevation_m": 100.0
      },
      "geometry": {
        "type": "Point",
        "coordinates": [
          98.7312,
          19.0191
        ]
      }
    },
    {
      "type": "Feature",
      "id": "CONF_1019",
      "properties": {
        "confluence_id": "CONF_1019",
        "connected_reaches": 2,
        "elevation_m": 100.0
      },
      "geometry": {
        "type": "Point",
        "coordinates": [
          99.8286,
          18.1123
        ]
      }
    },
    {
      "type": "Feature",
      "id": "CONF_1020",
      "properties": {
        "confluence_id": "CONF_1020",
        "connected_reaches": 2,
        "elevation_m": 100.0
      },
      "geometry": {
        "type": "Point",
        "coordinates": [
          99.9515,
          19.1344
        ]
      }
    },
    {
      "type": "Feature",
      "id": "CONF_1021",
      "properties": {
        "confluence_id": "CONF_1021",
        "connected_reaches": 2,
        "elevation_m": 100.0
      },
      "geometry": {
        "type": "Point",
        "coordinates": [
          99.9505,
          19.1352
        ]
      }
    },
    {
      "type": "Feature",
      "id": "CONF_1022",
      "properties": {
        "confluence_id": "CONF_1022",
        "connected_reaches": 2,
        "elevation_m": 100.0
      },
      "geometry": {
        "type": "Point",
        "coordinates": [
          99.0587,
          19.4777
        ]
      }
    },
    {
      "type": "Feature",
      "id": "CONF_1023",
      "properties": {
        "confluence_id": "CONF_1023",
        "connected_reaches": 2,
        "elevation_m": 100.0
      },
      "geometry": {
        "type": "Point",
        "coordinates": [
          100.0879,
          17.5893
        ]
      }
    },
    {
      "type": "Feature",
      "id": "CONF_1024",
      "properties": {
        "confluence_id": "CONF_1024",
        "connected_reaches": 2,
        "elevation_m": 100.0
      },
      "geometry": {
        "type": "Point",
        "coordinates": [
          99.2722,
          18.4274
        ]
      }
    },
    {
      "type": "Feature",
      "id": "CONF_1025",
      "properties": {
        "confluence_id": "CONF_1025",
        "connected_reaches": 3,
        "elevation_m": 100.0
      },
      "geometry": {
        "type": "Point",
        "coordinates": [
          99.7905,
          17.3033
        ]
      }
    },
    {
      "type": "Feature",
      "id": "CONF_1026",
      "properties": {
        "confluence_id": "CONF_1026",
        "connected_reaches": 2,
        "elevation_m": 100.0
      },
      "geometry": {
        "type": "Point",
        "coordinates": [
          98.7922,
          18.6895
        ]
      }
    },
    {
      "type": "Feature",
      "id": "CONF_1027",
      "properties": {
        "confluence_id": "CONF_1027",
        "connected_reaches": 2,
        "elevation_m": 100.0
      },
      "geometry": {
        "type": "Point",
        "coordinates": [
          99.1071,
          18.7265
        ]
      }
    },
    {
      "type": "Feature",
      "id": "CONF_1028",
      "properties": {
        "confluence_id": "CONF_1028",
        "connected_reaches": 2,
        "elevation_m": 100.0
      },
      "geometry": {
        "type": "Point",
        "coordinates": [
          100.198,
          19.5241
        ]
      }
    },
    {
      "type": "Feature",
      "id": "CONF_1029",
      "properties": {
        "confluence_id": "CONF_1029",
        "connected_reaches": 2,
        "elevation_m": 100.0
      },
      "geometry": {
        "type": "Point",
        "coordinates": [
          100.201,
          19.5066
        ]
      }
    },
    {
      "type": "Feature",
      "id": "CONF_1030",
      "properties": {
        "confluence_id": "CONF_1030",
        "connected_reaches": 2,
        "elevation_m": 100.0
      },
      "geometry": {
        "type": "Point",
        "coordinates": [
          100.205,
          19.4497
        ]
      }
    },
    {
      "type": "Feature",
      "id": "CONF_1031",
      "properties": {
        "confluence_id": "CONF_1031",
        "connected_reaches": 2,
        "elevation_m": 100.0
      },
      "geometry": {
        "type": "Point",
        "coordinates": [
          99.9634,
          17.9646
        ]
      }
    },
    {
      "type": "Feature",
      "id": "CONF_1032",
      "properties": {
        "confluence_id": "CONF_1032",
        "connected_reaches": 2,
        "elevation_m": 100.0
      },
      "geometry": {
        "type": "Point",
        "coordinates": [
          99.0901,
          18.9227
        ]
      }
    },
    {
      "type": "Feature",
      "id": "CONF_1033",
      "properties": {
        "confluence_id": "CONF_1033",
        "connected_reaches": 2,
        "elevation_m": 100.0
      },
      "geometry": {
        "type": "Point",
        "coordinates": [
          99.3227,
          17.4328
        ]
      }
    },
    {
      "type": "Feature",
      "id": "CONF_1034",
      "properties": {
        "confluence_id": "CONF_1034",
        "connected_reaches": 2,
        "elevation_m": 100.0
      },
      "geometry": {
        "type": "Point",
        "coordinates": [
          98.7662,
          18.9564
        ]
      }
    },
    {
      "type": "Feature",
      "id": "CONF_1035",
      "properties": {
        "confluence_id": "CONF_1035",
        "connected_reaches": 2,
        "elevation_m": 100.0
      },
      "geometry": {
        "type": "Point",
        "coordinates": [
          98.7167,
          19.0351
        ]
      }
    },
    {
      "type": "Feature",
      "id": "CONF_1036",
      "properties": {
        "confluence_id": "CONF_1036",
        "connected_reaches": 2,
        "elevation_m": 100.0
      },
      "geometry": {
        "type": "Point",
        "coordinates": [
          98.7256,
          19.0608
        ]
      }
    },
    {
      "type": "Feature",
      "id": "CONF_1037",
      "properties": {
        "confluence_id": "CONF_1037",
        "connected_reaches": 3,
        "elevation_m": 100.0
      },
      "geometry": {
        "type": "Point",
        "coordinates": [
          99.0122,
          19.0346
        ]
      }
    },
    {
      "type": "Feature",
      "id": "CONF_1038",
      "properties": {
        "confluence_id": "CONF_1038",
        "connected_reaches": 2,
        "elevation_m": 100.0
      },
      "geometry": {
        "type": "Point",
        "coordinates": [
          99.0143,
          19.0447
        ]
      }
    },
    {
      "type": "Feature",
      "id": "CONF_1039",
      "properties": {
        "confluence_id": "CONF_1039",
        "connected_reaches": 3,
        "elevation_m": 100.0
      },
      "geometry": {
        "type": "Point",
        "coordinates": [
          99.014,
          19.0741
        ]
      }
    },
    {
      "type": "Feature",
      "id": "CONF_1040",
      "properties": {
        "confluence_id": "CONF_1040",
        "connected_reaches": 2,
        "elevation_m": 100.0
      },
      "geometry": {
        "type": "Point",
        "coordinates": [
          98.7134,
          19.1073
        ]
      }
    },
    {
      "type": "Feature",
      "id": "CONF_1041",
      "properties": {
        "confluence_id": "CONF_1041",
        "connected_reaches": 2,
        "elevation_m": 100.0
      },
      "geometry": {
        "type": "Point",
        "coordinates": [
          98.7161,
          19.1009
        ]
      }
    },
    {
      "type": "Feature",
      "id": "CONF_1042",
      "properties": {
        "confluence_id": "CONF_1042",
        "connected_reaches": 2,
        "elevation_m": 100.0
      },
      "geometry": {
        "type": "Point",
        "coordinates": [
          98.8038,
          18.8529
        ]
      }
    },
    {
      "type": "Feature",
      "id": "CONF_1043",
      "properties": {
        "confluence_id": "CONF_1043",
        "connected_reaches": 2,
        "elevation_m": 100.0
      },
      "geometry": {
        "type": "Point",
        "coordinates": [
          100.0104,
          18.7695
        ]
      }
    },
    {
      "type": "Feature",
      "id": "CONF_1044",
      "properties": {
        "confluence_id": "CONF_1044",
        "connected_reaches": 2,
        "elevation_m": 100.0
      },
      "geometry": {
        "type": "Point",
        "coordinates": [
          99.246,
          19.3137
        ]
      }
    },
    {
      "type": "Feature",
      "id": "CONF_1045",
      "properties": {
        "confluence_id": "CONF_1045",
        "connected_reaches": 2,
        "elevation_m": 100.0
      },
      "geometry": {
        "type": "Point",
        "coordinates": [
          99.333,
          18.8434
        ]
      }
    },
    {
      "type": "Feature",
      "id": "CONF_1046",
      "properties": {
        "confluence_id": "CONF_1046",
        "connected_reaches": 2,
        "elevation_m": 100.0
      },
      "geometry": {
        "type": "Point",
        "coordinates": [
          99.2955,
          18.9294
        ]
      }
    },
    {
      "type": "Feature",
      "id": "CONF_1047",
      "properties": {
        "confluence_id": "CONF_1047",
        "connected_reaches": 2,
        "elevation_m": 100.0
      },
      "geometry": {
        "type": "Point",
        "coordinates": [
          99.7184,
          17.732
        ]
      }
    },
    {
      "type": "Feature",
      "id": "CONF_1048",
      "properties": {
        "confluence_id": "CONF_1048",
        "connected_reaches": 2,
        "elevation_m": 100.0
      },
      "geometry": {
        "type": "Point",
        "coordinates": [
          99.8111,
          17.804
        ]
      }
    },
    {
      "type": "Feature",
      "id": "CONF_1049",
      "properties": {
        "confluence_id": "CONF_1049",
        "connected_reaches": 2,
        "elevation_m": 100.0
      },
      "geometry": {
        "type": "Point",
        "coordinates": [
          99.0564,
          18.9443
        ]
      }
    },
    {
      "type": "Feature",
      "id": "CONF_1050",
      "properties": {
        "confluence_id": "CONF_1050",
        "connected_reaches": 2,
        "elevation_m": 100.0
      },
      "geometry": {
        "type": "Point",
        "coordinates": [
          99.3299,
          18.7787
        ]
      }
    },
    {
      "type": "Feature",
      "id": "CONF_1051",
      "properties": {
        "confluence_id": "CONF_1051",
        "connected_reaches": 2,
        "elevation_m": 100.0
      },
      "geometry": {
        "type": "Point",
        "coordinates": [
          98.7716,
          18.6065
        ]
      }
    },
    {
      "type": "Feature",
      "id": "CONF_1052",
      "properties": {
        "confluence_id": "CONF_1052",
        "connected_reaches": 2,
        "elevation_m": 100.0
      },
      "geometry": {
        "type": "Point",
        "coordinates": [
          98.7336,
          18.5373
        ]
      }
    },
    {
      "type": "Feature",
      "id": "CONF_1053",
      "properties": {
        "confluence_id": "CONF_1053",
        "connected_reaches": 2,
        "elevation_m": 100.0
      },
      "geometry": {
        "type": "Point",
        "coordinates": [
          98.6724,
          18.5775
        ]
      }
    },
    {
      "type": "Feature",
      "id": "CONF_1054",
      "properties": {
        "confluence_id": "CONF_1054",
        "connected_reaches": 2,
        "elevation_m": 100.0
      },
      "geometry": {
        "type": "Point",
        "coordinates": [
          98.6737,
          18.5775
        ]
      }
    },
    {
      "type": "Feature",
      "id": "CONF_1055",
      "properties": {
        "confluence_id": "CONF_1055",
        "connected_reaches": 2,
        "elevation_m": 100.0
      },
      "geometry": {
        "type": "Point",
        "coordinates": [
          98.8081,
          18.9599
        ]
      }
    },
    {
      "type": "Feature",
      "id": "CONF_1056",
      "properties": {
        "confluence_id": "CONF_1056",
        "connected_reaches": 3,
        "elevation_m": 100.0
      },
      "geometry": {
        "type": "Point",
        "coordinates": [
          99.3694,
          18.8488
        ]
      }
    },
    {
      "type": "Feature",
      "id": "CONF_1057",
      "properties": {
        "confluence_id": "CONF_1057",
        "connected_reaches": 2,
        "elevation_m": 100.0
      },
      "geometry": {
        "type": "Point",
        "coordinates": [
          98.6807,
          18.381
        ]
      }
    },
    {
      "type": "Feature",
      "id": "CONF_1058",
      "properties": {
        "confluence_id": "CONF_1058",
        "connected_reaches": 2,
        "elevation_m": 100.0
      },
      "geometry": {
        "type": "Point",
        "coordinates": [
          99.0669,
          18.9417
        ]
      }
    },
    {
      "type": "Feature",
      "id": "CONF_1059",
      "properties": {
        "confluence_id": "CONF_1059",
        "connected_reaches": 2,
        "elevation_m": 100.0
      },
      "geometry": {
        "type": "Point",
        "coordinates": [
          100.2027,
          17.6387
        ]
      }
    },
    {
      "type": "Feature",
      "id": "CONF_1060",
      "properties": {
        "confluence_id": "CONF_1060",
        "connected_reaches": 2,
        "elevation_m": 100.0
      },
      "geometry": {
        "type": "Point",
        "coordinates": [
          100.2009,
          17.6401
        ]
      }
    },
    {
      "type": "Feature",
      "id": "CONF_1061",
      "properties": {
        "confluence_id": "CONF_1061",
        "connected_reaches": 2,
        "elevation_m": 100.0
      },
      "geometry": {
        "type": "Point",
        "coordinates": [
          99.2973,
          18.9299
        ]
      }
    },
    {
      "type": "Feature",
      "id": "CONF_1062",
      "properties": {
        "confluence_id": "CONF_1062",
        "connected_reaches": 2,
        "elevation_m": 100.0
      },
      "geometry": {
        "type": "Point",
        "coordinates": [
          99.643,
          18.801
        ]
      }
    },
    {
      "type": "Feature",
      "id": "CONF_1063",
      "properties": {
        "confluence_id": "CONF_1063",
        "connected_reaches": 2,
        "elevation_m": 100.0
      },
      "geometry": {
        "type": "Point",
        "coordinates": [
          99.6405,
          18.733
        ]
      }
    },
    {
      "type": "Feature",
      "id": "CONF_1064",
      "properties": {
        "confluence_id": "CONF_1064",
        "connected_reaches": 2,
        "elevation_m": 100.0
      },
      "geometry": {
        "type": "Point",
        "coordinates": [
          99.5316,
          19.6713
        ]
      }
    },
    {
      "type": "Feature",
      "id": "CONF_1065",
      "properties": {
        "confluence_id": "CONF_1065",
        "connected_reaches": 2,
        "elevation_m": 100.0
      },
      "geometry": {
        "type": "Point",
        "coordinates": [
          99.6413,
          19.6955
        ]
      }
    },
    {
      "type": "Feature",
      "id": "CONF_1066",
      "properties": {
        "confluence_id": "CONF_1066",
        "connected_reaches": 2,
        "elevation_m": 100.0
      },
      "geometry": {
        "type": "Point",
        "coordinates": [
          99.6644,
          19.669
        ]
      }
    },
    {
      "type": "Feature",
      "id": "CONF_1067",
      "properties": {
        "confluence_id": "CONF_1067",
        "connected_reaches": 2,
        "elevation_m": 100.0
      },
      "geometry": {
        "type": "Point",
        "coordinates": [
          99.9572,
          19.0083
        ]
      }
    },
    {
      "type": "Feature",
      "id": "CONF_1068",
      "properties": {
        "confluence_id": "CONF_1068",
        "connected_reaches": 2,
        "elevation_m": 100.0
      },
      "geometry": {
        "type": "Point",
        "coordinates": [
          99.0089,
          19.1621
        ]
      }
    },
    {
      "type": "Feature",
      "id": "CONF_1069",
      "properties": {
        "confluence_id": "CONF_1069",
        "connected_reaches": 2,
        "elevation_m": 100.0
      },
      "geometry": {
        "type": "Point",
        "coordinates": [
          99.0121,
          19.1614
        ]
      }
    },
    {
      "type": "Feature",
      "id": "CONF_1070",
      "properties": {
        "confluence_id": "CONF_1070",
        "connected_reaches": 3,
        "elevation_m": 100.0
      },
      "geometry": {
        "type": "Point",
        "coordinates": [
          99.0115,
          19.1532
        ]
      }
    },
    {
      "type": "Feature",
      "id": "CONF_1071",
      "properties": {
        "confluence_id": "CONF_1071",
        "connected_reaches": 2,
        "elevation_m": 100.0
      },
      "geometry": {
        "type": "Point",
        "coordinates": [
          98.9986,
          19.1742
        ]
      }
    },
    {
      "type": "Feature",
      "id": "CONF_1072",
      "properties": {
        "confluence_id": "CONF_1072",
        "connected_reaches": 2,
        "elevation_m": 100.0
      },
      "geometry": {
        "type": "Point",
        "coordinates": [
          99.0075,
          19.1448
        ]
      }
    },
    {
      "type": "Feature",
      "id": "CONF_1073",
      "properties": {
        "confluence_id": "CONF_1073",
        "connected_reaches": 2,
        "elevation_m": 100.0
      },
      "geometry": {
        "type": "Point",
        "coordinates": [
          99.8396,
          17.2732
        ]
      }
    },
    {
      "type": "Feature",
      "id": "CONF_1074",
      "properties": {
        "confluence_id": "CONF_1074",
        "connected_reaches": 3,
        "elevation_m": 100.0
      },
      "geometry": {
        "type": "Point",
        "coordinates": [
          99.028,
          18.9686
        ]
      }
    },
    {
      "type": "Feature",
      "id": "CONF_1075",
      "properties": {
        "confluence_id": "CONF_1075",
        "connected_reaches": 2,
        "elevation_m": 100.0
      },
      "geometry": {
        "type": "Point",
        "coordinates": [
          98.7235,
          19.4091
        ]
      }
    },
    {
      "type": "Feature",
      "id": "CONF_1076",
      "properties": {
        "confluence_id": "CONF_1076",
        "connected_reaches": 2,
        "elevation_m": 100.0
      },
      "geometry": {
        "type": "Point",
        "coordinates": [
          100.1671,
          17.7724
        ]
      }
    },
    {
      "type": "Feature",
      "id": "CONF_1077",
      "properties": {
        "confluence_id": "CONF_1077",
        "connected_reaches": 2,
        "elevation_m": 100.0
      },
      "geometry": {
        "type": "Point",
        "coordinates": [
          100.164,
          17.7721
        ]
      }
    },
    {
      "type": "Feature",
      "id": "CONF_1078",
      "properties": {
        "confluence_id": "CONF_1078",
        "connected_reaches": 2,
        "elevation_m": 100.0
      },
      "geometry": {
        "type": "Point",
        "coordinates": [
          100.2012,
          18.2202
        ]
      }
    },
    {
      "type": "Feature",
      "id": "CONF_1079",
      "properties": {
        "confluence_id": "CONF_1079",
        "connected_reaches": 2,
        "elevation_m": 100.0
      },
      "geometry": {
        "type": "Point",
        "coordinates": [
          100.2163,
          18.2204
        ]
      }
    },
    {
      "type": "Feature",
      "id": "CONF_1080",
      "properties": {
        "confluence_id": "CONF_1080",
        "connected_reaches": 2,
        "elevation_m": 100.0
      },
      "geometry": {
        "type": "Point",
        "coordinates": [
          98.7014,
          18.4946
        ]
      }
    },
    {
      "type": "Feature",
      "id": "CONF_1081",
      "properties": {
        "confluence_id": "CONF_1081",
        "connected_reaches": 2,
        "elevation_m": 100.0
      },
      "geometry": {
        "type": "Point",
        "coordinates": [
          98.803,
          18.9594
        ]
      }
    },
    {
      "type": "Feature",
      "id": "CONF_1082",
      "properties": {
        "confluence_id": "CONF_1082",
        "connected_reaches": 2,
        "elevation_m": 100.0
      },
      "geometry": {
        "type": "Point",
        "coordinates": [
          99.2862,
          18.5368
        ]
      }
    },
    {
      "type": "Feature",
      "id": "CONF_1083",
      "properties": {
        "confluence_id": "CONF_1083",
        "connected_reaches": 3,
        "elevation_m": 100.0
      },
      "geometry": {
        "type": "Point",
        "coordinates": [
          99.0848,
          18.9325
        ]
      }
    },
    {
      "type": "Feature",
      "id": "CONF_1084",
      "properties": {
        "confluence_id": "CONF_1084",
        "connected_reaches": 2,
        "elevation_m": 100.0
      },
      "geometry": {
        "type": "Point",
        "coordinates": [
          100.1518,
          18.0469
        ]
      }
    },
    {
      "type": "Feature",
      "id": "CONF_1085",
      "properties": {
        "confluence_id": "CONF_1085",
        "connected_reaches": 2,
        "elevation_m": 100.0
      },
      "geometry": {
        "type": "Point",
        "coordinates": [
          100.1393,
          18.1092
        ]
      }
    },
    {
      "type": "Feature",
      "id": "CONF_1086",
      "properties": {
        "confluence_id": "CONF_1086",
        "connected_reaches": 2,
        "elevation_m": 100.0
      },
      "geometry": {
        "type": "Point",
        "coordinates": [
          100.1396,
          18.1121
        ]
      }
    },
    {
      "type": "Feature",
      "id": "CONF_1087",
      "properties": {
        "confluence_id": "CONF_1087",
        "connected_reaches": 2,
        "elevation_m": 100.0
      },
      "geometry": {
        "type": "Point",
        "coordinates": [
          100.1427,
          18.0932
        ]
      }
    },
    {
      "type": "Feature",
      "id": "CONF_1088",
      "properties": {
        "confluence_id": "CONF_1088",
        "connected_reaches": 2,
        "elevation_m": 100.0
      },
      "geometry": {
        "type": "Point",
        "coordinates": [
          100.1067,
          18.0667
        ]
      }
    },
    {
      "type": "Feature",
      "id": "CONF_1089",
      "properties": {
        "confluence_id": "CONF_1089",
        "connected_reaches": 2,
        "elevation_m": 100.0
      },
      "geometry": {
        "type": "Point",
        "coordinates": [
          100.1393,
          18.1131
        ]
      }
    },
    {
      "type": "Feature",
      "id": "CONF_1090",
      "properties": {
        "confluence_id": "CONF_1090",
        "connected_reaches": 2,
        "elevation_m": 100.0
      },
      "geometry": {
        "type": "Point",
        "coordinates": [
          100.163,
          18.151
        ]
      }
    },
    {
      "type": "Feature",
      "id": "CONF_1091",
      "properties": {
        "confluence_id": "CONF_1091",
        "connected_reaches": 2,
        "elevation_m": 100.0
      },
      "geometry": {
        "type": "Point",
        "coordinates": [
          100.132,
          18.0968
        ]
      }
    },
    {
      "type": "Feature",
      "id": "CONF_1092",
      "properties": {
        "confluence_id": "CONF_1092",
        "connected_reaches": 2,
        "elevation_m": 100.0
      },
      "geometry": {
        "type": "Point",
        "coordinates": [
          100.1325,
          18.0967
        ]
      }
    },
    {
      "type": "Feature",
      "id": "CONF_1093",
      "properties": {
        "confluence_id": "CONF_1093",
        "connected_reaches": 2,
        "elevation_m": 100.0
      },
      "geometry": {
        "type": "Point",
        "coordinates": [
          100.1081,
          18.1561
        ]
      }
    },
    {
      "type": "Feature",
      "id": "CONF_1094",
      "properties": {
        "confluence_id": "CONF_1094",
        "connected_reaches": 2,
        "elevation_m": 100.0
      },
      "geometry": {
        "type": "Point",
        "coordinates": [
          100.1035,
          18.1631
        ]
      }
    },
    {
      "type": "Feature",
      "id": "CONF_1095",
      "properties": {
        "confluence_id": "CONF_1095",
        "connected_reaches": 2,
        "elevation_m": 100.0
      },
      "geometry": {
        "type": "Point",
        "coordinates": [
          100.2344,
          18.1758
        ]
      }
    },
    {
      "type": "Feature",
      "id": "CONF_1096",
      "properties": {
        "confluence_id": "CONF_1096",
        "connected_reaches": 2,
        "elevation_m": 100.0
      },
      "geometry": {
        "type": "Point",
        "coordinates": [
          100.1035,
          18.1626
        ]
      }
    },
    {
      "type": "Feature",
      "id": "CONF_1097",
      "properties": {
        "confluence_id": "CONF_1097",
        "connected_reaches": 2,
        "elevation_m": 100.0
      },
      "geometry": {
        "type": "Point",
        "coordinates": [
          100.1868,
          18.1565
        ]
      }
    },
    {
      "type": "Feature",
      "id": "CONF_1098",
      "properties": {
        "confluence_id": "CONF_1098",
        "connected_reaches": 2,
        "elevation_m": 100.0
      },
      "geometry": {
        "type": "Point",
        "coordinates": [
          100.1766,
          18.1598
        ]
      }
    },
    {
      "type": "Feature",
      "id": "CONF_1099",
      "properties": {
        "confluence_id": "CONF_1099",
        "connected_reaches": 2,
        "elevation_m": 100.0
      },
      "geometry": {
        "type": "Point",
        "coordinates": [
          100.1761,
          18.1598
        ]
      }
    },
    {
      "type": "Feature",
      "id": "CONF_1100",
      "properties": {
        "confluence_id": "CONF_1100",
        "connected_reaches": 2,
        "elevation_m": 100.0
      },
      "geometry": {
        "type": "Point",
        "coordinates": [
          100.1631,
          18.1645
        ]
      }
    },
    {
      "type": "Feature",
      "id": "CONF_1101",
      "properties": {
        "confluence_id": "CONF_1101",
        "connected_reaches": 2,
        "elevation_m": 100.0
      },
      "geometry": {
        "type": "Point",
        "coordinates": [
          100.1413,
          18.0937
        ]
      }
    },
    {
      "type": "Feature",
      "id": "CONF_1102",
      "properties": {
        "confluence_id": "CONF_1102",
        "connected_reaches": 2,
        "elevation_m": 100.0
      },
      "geometry": {
        "type": "Point",
        "coordinates": [
          100.2391,
          18.2525
        ]
      }
    },
    {
      "type": "Feature",
      "id": "CONF_1103",
      "properties": {
        "confluence_id": "CONF_1103",
        "connected_reaches": 2,
        "elevation_m": 100.0
      },
      "geometry": {
        "type": "Point",
        "coordinates": [
          100.2295,
          18.2537
        ]
      }
    },
    {
      "type": "Feature",
      "id": "CONF_1104",
      "properties": {
        "confluence_id": "CONF_1104",
        "connected_reaches": 2,
        "elevation_m": 100.0
      },
      "geometry": {
        "type": "Point",
        "coordinates": [
          98.7743,
          19.1416
        ]
      }
    },
    {
      "type": "Feature",
      "id": "CONF_1105",
      "properties": {
        "confluence_id": "CONF_1105",
        "connected_reaches": 2,
        "elevation_m": 100.0
      },
      "geometry": {
        "type": "Point",
        "coordinates": [
          98.7702,
          19.1388
        ]
      }
    },
    {
      "type": "Feature",
      "id": "CONF_1106",
      "properties": {
        "confluence_id": "CONF_1106",
        "connected_reaches": 2,
        "elevation_m": 100.0
      },
      "geometry": {
        "type": "Point",
        "coordinates": [
          100.1618,
          18.0866
        ]
      }
    },
    {
      "type": "Feature",
      "id": "CONF_1107",
      "properties": {
        "confluence_id": "CONF_1107",
        "connected_reaches": 2,
        "elevation_m": 100.0
      },
      "geometry": {
        "type": "Point",
        "coordinates": [
          100.1575,
          18.0878
        ]
      }
    },
    {
      "type": "Feature",
      "id": "CONF_1108",
      "properties": {
        "confluence_id": "CONF_1108",
        "connected_reaches": 2,
        "elevation_m": 100.0
      },
      "geometry": {
        "type": "Point",
        "coordinates": [
          100.2278,
          18.0632
        ]
      }
    },
    {
      "type": "Feature",
      "id": "CONF_1109",
      "properties": {
        "confluence_id": "CONF_1109",
        "connected_reaches": 2,
        "elevation_m": 100.0
      },
      "geometry": {
        "type": "Point",
        "coordinates": [
          100.229,
          18.0614
        ]
      }
    },
    {
      "type": "Feature",
      "id": "CONF_1110",
      "properties": {
        "confluence_id": "CONF_1110",
        "connected_reaches": 2,
        "elevation_m": 100.0
      },
      "geometry": {
        "type": "Point",
        "coordinates": [
          100.2077,
          18.4985
        ]
      }
    },
    {
      "type": "Feature",
      "id": "CONF_1111",
      "properties": {
        "confluence_id": "CONF_1111",
        "connected_reaches": 2,
        "elevation_m": 100.0
      },
      "geometry": {
        "type": "Point",
        "coordinates": [
          100.1504,
          18.465
        ]
      }
    },
    {
      "type": "Feature",
      "id": "CONF_1112",
      "properties": {
        "confluence_id": "CONF_1112",
        "connected_reaches": 2,
        "elevation_m": 100.0
      },
      "geometry": {
        "type": "Point",
        "coordinates": [
          100.1502,
          18.4833
        ]
      }
    },
    {
      "type": "Feature",
      "id": "CONF_1113",
      "properties": {
        "confluence_id": "CONF_1113",
        "connected_reaches": 2,
        "elevation_m": 100.0
      },
      "geometry": {
        "type": "Point",
        "coordinates": [
          100.1504,
          18.4837
        ]
      }
    },
    {
      "type": "Feature",
      "id": "CONF_1114",
      "properties": {
        "confluence_id": "CONF_1114",
        "connected_reaches": 2,
        "elevation_m": 100.0
      },
      "geometry": {
        "type": "Point",
        "coordinates": [
          100.2289,
          18.3052
        ]
      }
    },
    {
      "type": "Feature",
      "id": "CONF_1115",
      "properties": {
        "confluence_id": "CONF_1115",
        "connected_reaches": 2,
        "elevation_m": 100.0
      },
      "geometry": {
        "type": "Point",
        "coordinates": [
          100.2039,
          18.2779
        ]
      }
    },
    {
      "type": "Feature",
      "id": "CONF_1116",
      "properties": {
        "confluence_id": "CONF_1116",
        "connected_reaches": 2,
        "elevation_m": 100.0
      },
      "geometry": {
        "type": "Point",
        "coordinates": [
          100.2147,
          18.2796
        ]
      }
    },
    {
      "type": "Feature",
      "id": "CONF_1117",
      "properties": {
        "confluence_id": "CONF_1117",
        "connected_reaches": 2,
        "elevation_m": 100.0
      },
      "geometry": {
        "type": "Point",
        "coordinates": [
          100.2369,
          18.2852
        ]
      }
    },
    {
      "type": "Feature",
      "id": "CONF_1118",
      "properties": {
        "confluence_id": "CONF_1118",
        "connected_reaches": 2,
        "elevation_m": 100.0
      },
      "geometry": {
        "type": "Point",
        "coordinates": [
          98.7942,
          18.963
        ]
      }
    },
    {
      "type": "Feature",
      "id": "CONF_1119",
      "properties": {
        "confluence_id": "CONF_1119",
        "connected_reaches": 2,
        "elevation_m": 100.0
      },
      "geometry": {
        "type": "Point",
        "coordinates": [
          100.1768,
          18.4622
        ]
      }
    },
    {
      "type": "Feature",
      "id": "CONF_1120",
      "properties": {
        "confluence_id": "CONF_1120",
        "connected_reaches": 2,
        "elevation_m": 100.0
      },
      "geometry": {
        "type": "Point",
        "coordinates": [
          100.2146,
          18.3534
        ]
      }
    },
    {
      "type": "Feature",
      "id": "CONF_1121",
      "properties": {
        "confluence_id": "CONF_1121",
        "connected_reaches": 2,
        "elevation_m": 100.0
      },
      "geometry": {
        "type": "Point",
        "coordinates": [
          100.2164,
          18.354
        ]
      }
    },
    {
      "type": "Feature",
      "id": "CONF_1122",
      "properties": {
        "confluence_id": "CONF_1122",
        "connected_reaches": 2,
        "elevation_m": 100.0
      },
      "geometry": {
        "type": "Point",
        "coordinates": [
          100.1836,
          18.3972
        ]
      }
    },
    {
      "type": "Feature",
      "id": "CONF_1123",
      "properties": {
        "confluence_id": "CONF_1123",
        "connected_reaches": 2,
        "elevation_m": 100.0
      },
      "geometry": {
        "type": "Point",
        "coordinates": [
          99.1548,
          18.8868
        ]
      }
    },
    {
      "type": "Feature",
      "id": "CONF_1124",
      "properties": {
        "confluence_id": "CONF_1124",
        "connected_reaches": 2,
        "elevation_m": 100.0
      },
      "geometry": {
        "type": "Point",
        "coordinates": [
          100.2028,
          18.2566
        ]
      }
    },
    {
      "type": "Feature",
      "id": "CONF_1125",
      "properties": {
        "confluence_id": "CONF_1125",
        "connected_reaches": 2,
        "elevation_m": 100.0
      },
      "geometry": {
        "type": "Point",
        "coordinates": [
          98.7287,
          19.0035
        ]
      }
    },
    {
      "type": "Feature",
      "id": "CONF_1126",
      "properties": {
        "confluence_id": "CONF_1126",
        "connected_reaches": 3,
        "elevation_m": 100.0
      },
      "geometry": {
        "type": "Point",
        "coordinates": [
          98.755,
          19.2178
        ]
      }
    },
    {
      "type": "Feature",
      "id": "CONF_1127",
      "properties": {
        "confluence_id": "CONF_1127",
        "connected_reaches": 2,
        "elevation_m": 100.0
      },
      "geometry": {
        "type": "Point",
        "coordinates": [
          98.772,
          19.1973
        ]
      }
    },
    {
      "type": "Feature",
      "id": "CONF_1128",
      "properties": {
        "confluence_id": "CONF_1128",
        "connected_reaches": 2,
        "elevation_m": 100.0
      },
      "geometry": {
        "type": "Point",
        "coordinates": [
          99.0436,
          18.9673
        ]
      }
    },
    {
      "type": "Feature",
      "id": "CONF_1129",
      "properties": {
        "confluence_id": "CONF_1129",
        "connected_reaches": 2,
        "elevation_m": 100.0
      },
      "geometry": {
        "type": "Point",
        "coordinates": [
          99.0623,
          18.95
        ]
      }
    },
    {
      "type": "Feature",
      "id": "CONF_1130",
      "properties": {
        "confluence_id": "CONF_1130",
        "connected_reaches": 3,
        "elevation_m": 100.0
      },
      "geometry": {
        "type": "Point",
        "coordinates": [
          99.0069,
          18.9949
        ]
      }
    },
    {
      "type": "Feature",
      "id": "CONF_1131",
      "properties": {
        "confluence_id": "CONF_1131",
        "connected_reaches": 2,
        "elevation_m": 100.0
      },
      "geometry": {
        "type": "Point",
        "coordinates": [
          98.9964,
          18.9864
        ]
      }
    },
    {
      "type": "Feature",
      "id": "CONF_1132",
      "properties": {
        "confluence_id": "CONF_1132",
        "connected_reaches": 2,
        "elevation_m": 100.0
      },
      "geometry": {
        "type": "Point",
        "coordinates": [
          99.0634,
          18.9456
        ]
      }
    },
    {
      "type": "Feature",
      "id": "CONF_1133",
      "properties": {
        "confluence_id": "CONF_1133",
        "connected_reaches": 2,
        "elevation_m": 100.0
      },
      "geometry": {
        "type": "Point",
        "coordinates": [
          100.147,
          18.3978
        ]
      }
    },
    {
      "type": "Feature",
      "id": "CONF_1134",
      "properties": {
        "confluence_id": "CONF_1134",
        "connected_reaches": 2,
        "elevation_m": 100.0
      },
      "geometry": {
        "type": "Point",
        "coordinates": [
          100.1466,
          18.3969
        ]
      }
    },
    {
      "type": "Feature",
      "id": "CONF_1135",
      "properties": {
        "confluence_id": "CONF_1135",
        "connected_reaches": 2,
        "elevation_m": 100.0
      },
      "geometry": {
        "type": "Point",
        "coordinates": [
          100.1464,
          18.3973
        ]
      }
    },
    {
      "type": "Feature",
      "id": "CONF_1136",
      "properties": {
        "confluence_id": "CONF_1136",
        "connected_reaches": 2,
        "elevation_m": 100.0
      },
      "geometry": {
        "type": "Point",
        "coordinates": [
          100.1637,
          18.4123
        ]
      }
    },
    {
      "type": "Feature",
      "id": "CONF_1137",
      "properties": {
        "confluence_id": "CONF_1137",
        "connected_reaches": 2,
        "elevation_m": 100.0
      },
      "geometry": {
        "type": "Point",
        "coordinates": [
          98.8177,
          19.1246
        ]
      }
    },
    {
      "type": "Feature",
      "id": "CONF_1138",
      "properties": {
        "confluence_id": "CONF_1138",
        "connected_reaches": 2,
        "elevation_m": 100.0
      },
      "geometry": {
        "type": "Point",
        "coordinates": [
          98.8068,
          19.1142
        ]
      }
    },
    {
      "type": "Feature",
      "id": "CONF_1139",
      "properties": {
        "confluence_id": "CONF_1139",
        "connected_reaches": 3,
        "elevation_m": 100.0
      },
      "geometry": {
        "type": "Point",
        "coordinates": [
          98.7796,
          19.1541
        ]
      }
    },
    {
      "type": "Feature",
      "id": "CONF_1140",
      "properties": {
        "confluence_id": "CONF_1140",
        "connected_reaches": 3,
        "elevation_m": 100.0
      },
      "geometry": {
        "type": "Point",
        "coordinates": [
          98.7644,
          19.1547
        ]
      }
    },
    {
      "type": "Feature",
      "id": "CONF_1141",
      "properties": {
        "confluence_id": "CONF_1141",
        "connected_reaches": 3,
        "elevation_m": 100.0
      },
      "geometry": {
        "type": "Point",
        "coordinates": [
          98.8176,
          19.3643
        ]
      }
    },
    {
      "type": "Feature",
      "id": "CONF_1142",
      "properties": {
        "confluence_id": "CONF_1142",
        "connected_reaches": 3,
        "elevation_m": 100.0
      },
      "geometry": {
        "type": "Point",
        "coordinates": [
          98.8181,
          19.3548
        ]
      }
    },
    {
      "type": "Feature",
      "id": "CONF_1143",
      "properties": {
        "confluence_id": "CONF_1143",
        "connected_reaches": 2,
        "elevation_m": 100.0
      },
      "geometry": {
        "type": "Point",
        "coordinates": [
          99.4886,
          17.7972
        ]
      }
    },
    {
      "type": "Feature",
      "id": "CONF_1144",
      "properties": {
        "confluence_id": "CONF_1144",
        "connected_reaches": 2,
        "elevation_m": 100.0
      },
      "geometry": {
        "type": "Point",
        "coordinates": [
          99.4867,
          17.7907
        ]
      }
    },
    {
      "type": "Feature",
      "id": "CONF_1145",
      "properties": {
        "confluence_id": "CONF_1145",
        "connected_reaches": 2,
        "elevation_m": 100.0
      },
      "geometry": {
        "type": "Point",
        "coordinates": [
          100.1694,
          18.2537
        ]
      }
    },
    {
      "type": "Feature",
      "id": "CONF_1146",
      "properties": {
        "confluence_id": "CONF_1146",
        "connected_reaches": 2,
        "elevation_m": 100.0
      },
      "geometry": {
        "type": "Point",
        "coordinates": [
          100.1902,
          18.2435
        ]
      }
    },
    {
      "type": "Feature",
      "id": "CONF_1147",
      "properties": {
        "confluence_id": "CONF_1147",
        "connected_reaches": 2,
        "elevation_m": 100.0
      },
      "geometry": {
        "type": "Point",
        "coordinates": [
          100.2339,
          18.2599
        ]
      }
    },
    {
      "type": "Feature",
      "id": "CONF_1148",
      "properties": {
        "confluence_id": "CONF_1148",
        "connected_reaches": 2,
        "elevation_m": 100.0
      },
      "geometry": {
        "type": "Point",
        "coordinates": [
          100.2345,
          18.2598
        ]
      }
    },
    {
      "type": "Feature",
      "id": "CONF_1149",
      "properties": {
        "confluence_id": "CONF_1149",
        "connected_reaches": 2,
        "elevation_m": 100.0
      },
      "geometry": {
        "type": "Point",
        "coordinates": [
          100.1818,
          18.1659
        ]
      }
    },
    {
      "type": "Feature",
      "id": "CONF_1150",
      "properties": {
        "confluence_id": "CONF_1150",
        "connected_reaches": 2,
        "elevation_m": 100.0
      },
      "geometry": {
        "type": "Point",
        "coordinates": [
          100.059,
          17.9819
        ]
      }
    },
    {
      "type": "Feature",
      "id": "CONF_1151",
      "properties": {
        "confluence_id": "CONF_1151",
        "connected_reaches": 2,
        "elevation_m": 100.0
      },
      "geometry": {
        "type": "Point",
        "coordinates": [
          100.1739,
          18.3315
        ]
      }
    },
    {
      "type": "Feature",
      "id": "CONF_1152",
      "properties": {
        "confluence_id": "CONF_1152",
        "connected_reaches": 2,
        "elevation_m": 100.0
      },
      "geometry": {
        "type": "Point",
        "coordinates": [
          100.1765,
          18.3358
        ]
      }
    },
    {
      "type": "Feature",
      "id": "CONF_1153",
      "properties": {
        "confluence_id": "CONF_1153",
        "connected_reaches": 2,
        "elevation_m": 100.0
      },
      "geometry": {
        "type": "Point",
        "coordinates": [
          100.1093,
          18.0196
        ]
      }
    },
    {
      "type": "Feature",
      "id": "CONF_1154",
      "properties": {
        "confluence_id": "CONF_1154",
        "connected_reaches": 2,
        "elevation_m": 100.0
      },
      "geometry": {
        "type": "Point",
        "coordinates": [
          100.1087,
          18.0199
        ]
      }
    },
    {
      "type": "Feature",
      "id": "CONF_1155",
      "properties": {
        "confluence_id": "CONF_1155",
        "connected_reaches": 2,
        "elevation_m": 100.0
      },
      "geometry": {
        "type": "Point",
        "coordinates": [
          100.0884,
          18.037
        ]
      }
    },
    {
      "type": "Feature",
      "id": "CONF_1156",
      "properties": {
        "confluence_id": "CONF_1156",
        "connected_reaches": 2,
        "elevation_m": 100.0
      },
      "geometry": {
        "type": "Point",
        "coordinates": [
          100.0894,
          18.0398
        ]
      }
    },
    {
      "type": "Feature",
      "id": "CONF_1157",
      "properties": {
        "confluence_id": "CONF_1157",
        "connected_reaches": 2,
        "elevation_m": 100.0
      },
      "geometry": {
        "type": "Point",
        "coordinates": [
          100.0933,
          18.0462
        ]
      }
    },
    {
      "type": "Feature",
      "id": "CONF_1158",
      "properties": {
        "confluence_id": "CONF_1158",
        "connected_reaches": 2,
        "elevation_m": 100.0
      },
      "geometry": {
        "type": "Point",
        "coordinates": [
          99.5812,
          17.8355
        ]
      }
    },
    {
      "type": "Feature",
      "id": "CONF_1159",
      "properties": {
        "confluence_id": "CONF_1159",
        "connected_reaches": 2,
        "elevation_m": 100.0
      },
      "geometry": {
        "type": "Point",
        "coordinates": [
          99.5885,
          17.8368
        ]
      }
    },
    {
      "type": "Feature",
      "id": "CONF_1160",
      "properties": {
        "confluence_id": "CONF_1160",
        "connected_reaches": 2,
        "elevation_m": 100.0
      },
      "geometry": {
        "type": "Point",
        "coordinates": [
          99.5608,
          17.8277
        ]
      }
    },
    {
      "type": "Feature",
      "id": "CONF_1161",
      "properties": {
        "confluence_id": "CONF_1161",
        "connected_reaches": 2,
        "elevation_m": 100.0
      },
      "geometry": {
        "type": "Point",
        "coordinates": [
          99.5556,
          17.826
        ]
      }
    },
    {
      "type": "Feature",
      "id": "CONF_1162",
      "properties": {
        "confluence_id": "CONF_1162",
        "connected_reaches": 2,
        "elevation_m": 100.0
      },
      "geometry": {
        "type": "Point",
        "coordinates": [
          99.5527,
          17.8223
        ]
      }
    },
    {
      "type": "Feature",
      "id": "CONF_1163",
      "properties": {
        "confluence_id": "CONF_1163",
        "connected_reaches": 2,
        "elevation_m": 100.0
      },
      "geometry": {
        "type": "Point",
        "coordinates": [
          99.5473,
          17.8205
        ]
      }
    },
    {
      "type": "Feature",
      "id": "CONF_1164",
      "properties": {
        "confluence_id": "CONF_1164",
        "connected_reaches": 2,
        "elevation_m": 100.0
      },
      "geometry": {
        "type": "Point",
        "coordinates": [
          99.5252,
          17.8149
        ]
      }
    },
    {
      "type": "Feature",
      "id": "CONF_1165",
      "properties": {
        "confluence_id": "CONF_1165",
        "connected_reaches": 2,
        "elevation_m": 100.0
      },
      "geometry": {
        "type": "Point",
        "coordinates": [
          99.7426,
          19.7598
        ]
      }
    },
    {
      "type": "Feature",
      "id": "CONF_1166",
      "properties": {
        "confluence_id": "CONF_1166",
        "connected_reaches": 2,
        "elevation_m": 100.0
      },
      "geometry": {
        "type": "Point",
        "coordinates": [
          98.9678,
          18.8923
        ]
      }
    },
    {
      "type": "Feature",
      "id": "CONF_1167",
      "properties": {
        "confluence_id": "CONF_1167",
        "connected_reaches": 2,
        "elevation_m": 100.0
      },
      "geometry": {
        "type": "Point",
        "coordinates": [
          99.2055,
          18.7813
        ]
      }
    },
    {
      "type": "Feature",
      "id": "CONF_1168",
      "properties": {
        "confluence_id": "CONF_1168",
        "connected_reaches": 2,
        "elevation_m": 100.0
      },
      "geometry": {
        "type": "Point",
        "coordinates": [
          99.2005,
          18.7853
        ]
      }
    },
    {
      "type": "Feature",
      "id": "CONF_1169",
      "properties": {
        "confluence_id": "CONF_1169",
        "connected_reaches": 2,
        "elevation_m": 100.0
      },
      "geometry": {
        "type": "Point",
        "coordinates": [
          99.2008,
          18.7848
        ]
      }
    },
    {
      "type": "Feature",
      "id": "CONF_1170",
      "properties": {
        "confluence_id": "CONF_1170",
        "connected_reaches": 2,
        "elevation_m": 100.0
      },
      "geometry": {
        "type": "Point",
        "coordinates": [
          100.1151,
          18.1258
        ]
      }
    },
    {
      "type": "Feature",
      "id": "CONF_1171",
      "properties": {
        "confluence_id": "CONF_1171",
        "connected_reaches": 2,
        "elevation_m": 100.0
      },
      "geometry": {
        "type": "Point",
        "coordinates": [
          98.95,
          18.4844
        ]
      }
    },
    {
      "type": "Feature",
      "id": "CONF_1172",
      "properties": {
        "confluence_id": "CONF_1172",
        "connected_reaches": 2,
        "elevation_m": 100.0
      },
      "geometry": {
        "type": "Point",
        "coordinates": [
          98.9563,
          18.4787
        ]
      }
    },
    {
      "type": "Feature",
      "id": "CONF_1173",
      "properties": {
        "confluence_id": "CONF_1173",
        "connected_reaches": 2,
        "elevation_m": 100.0
      },
      "geometry": {
        "type": "Point",
        "coordinates": [
          98.961,
          18.8096
        ]
      }
    },
    {
      "type": "Feature",
      "id": "CONF_1174",
      "properties": {
        "confluence_id": "CONF_1174",
        "connected_reaches": 3,
        "elevation_m": 100.0
      },
      "geometry": {
        "type": "Point",
        "coordinates": [
          99.822,
          19.8084
        ]
      }
    },
    {
      "type": "Feature",
      "id": "CONF_1175",
      "properties": {
        "confluence_id": "CONF_1175",
        "connected_reaches": 2,
        "elevation_m": 100.0
      },
      "geometry": {
        "type": "Point",
        "coordinates": [
          99.8235,
          19.7945
        ]
      }
    },
    {
      "type": "Feature",
      "id": "CONF_1176",
      "properties": {
        "confluence_id": "CONF_1176",
        "connected_reaches": 2,
        "elevation_m": 100.0
      },
      "geometry": {
        "type": "Point",
        "coordinates": [
          99.8235,
          19.7951
        ]
      }
    },
    {
      "type": "Feature",
      "id": "CONF_1177",
      "properties": {
        "confluence_id": "CONF_1177",
        "connected_reaches": 2,
        "elevation_m": 100.0
      },
      "geometry": {
        "type": "Point",
        "coordinates": [
          98.9925,
          18.624
        ]
      }
    },
    {
      "type": "Feature",
      "id": "CONF_1178",
      "properties": {
        "confluence_id": "CONF_1178",
        "connected_reaches": 2,
        "elevation_m": 100.0
      },
      "geometry": {
        "type": "Point",
        "coordinates": [
          99.009,
          18.6706
        ]
      }
    },
    {
      "type": "Feature",
      "id": "CONF_1179",
      "properties": {
        "confluence_id": "CONF_1179",
        "connected_reaches": 2,
        "elevation_m": 100.0
      },
      "geometry": {
        "type": "Point",
        "coordinates": [
          98.9409,
          18.564
        ]
      }
    },
    {
      "type": "Feature",
      "id": "CONF_1180",
      "properties": {
        "confluence_id": "CONF_1180",
        "connected_reaches": 2,
        "elevation_m": 100.0
      },
      "geometry": {
        "type": "Point",
        "coordinates": [
          98.9661,
          18.598
        ]
      }
    },
    {
      "type": "Feature",
      "id": "CONF_1181",
      "properties": {
        "confluence_id": "CONF_1181",
        "connected_reaches": 2,
        "elevation_m": 100.0
      },
      "geometry": {
        "type": "Point",
        "coordinates": [
          99.3609,
          19.1384
        ]
      }
    },
    {
      "type": "Feature",
      "id": "CONF_1182",
      "properties": {
        "confluence_id": "CONF_1182",
        "connected_reaches": 3,
        "elevation_m": 100.0
      },
      "geometry": {
        "type": "Point",
        "coordinates": [
          99.3869,
          19.1648
        ]
      }
    },
    {
      "type": "Feature",
      "id": "CONF_1183",
      "properties": {
        "confluence_id": "CONF_1183",
        "connected_reaches": 2,
        "elevation_m": 100.0
      },
      "geometry": {
        "type": "Point",
        "coordinates": [
          99.0782,
          18.7919
        ]
      }
    },
    {
      "type": "Feature",
      "id": "CONF_1184",
      "properties": {
        "confluence_id": "CONF_1184",
        "connected_reaches": 2,
        "elevation_m": 100.0
      },
      "geometry": {
        "type": "Point",
        "coordinates": [
          99.0345,
          18.7341
        ]
      }
    },
    {
      "type": "Feature",
      "id": "CONF_1185",
      "properties": {
        "confluence_id": "CONF_1185",
        "connected_reaches": 2,
        "elevation_m": 100.0
      },
      "geometry": {
        "type": "Point",
        "coordinates": [
          99.0341,
          18.7346
        ]
      }
    },
    {
      "type": "Feature",
      "id": "CONF_1186",
      "properties": {
        "confluence_id": "CONF_1186",
        "connected_reaches": 3,
        "elevation_m": 100.0
      },
      "geometry": {
        "type": "Point",
        "coordinates": [
          99.0299,
          18.7714
        ]
      }
    },
    {
      "type": "Feature",
      "id": "CONF_1187",
      "properties": {
        "confluence_id": "CONF_1187",
        "connected_reaches": 2,
        "elevation_m": 100.0
      },
      "geometry": {
        "type": "Point",
        "coordinates": [
          98.9552,
          18.7012
        ]
      }
    },
    {
      "type": "Feature",
      "id": "CONF_1188",
      "properties": {
        "confluence_id": "CONF_1188",
        "connected_reaches": 2,
        "elevation_m": 100.0
      },
      "geometry": {
        "type": "Point",
        "coordinates": [
          99.063,
          18.3488
        ]
      }
    },
    {
      "type": "Feature",
      "id": "CONF_1189",
      "properties": {
        "confluence_id": "CONF_1189",
        "connected_reaches": 3,
        "elevation_m": 100.0
      },
      "geometry": {
        "type": "Point",
        "coordinates": [
          99.0975,
          18.3419
        ]
      }
    },
    {
      "type": "Feature",
      "id": "CONF_1190",
      "properties": {
        "confluence_id": "CONF_1190",
        "connected_reaches": 3,
        "elevation_m": 100.0
      },
      "geometry": {
        "type": "Point",
        "coordinates": [
          99.123,
          18.3537
        ]
      }
    },
    {
      "type": "Feature",
      "id": "CONF_1191",
      "properties": {
        "confluence_id": "CONF_1191",
        "connected_reaches": 2,
        "elevation_m": 100.0
      },
      "geometry": {
        "type": "Point",
        "coordinates": [
          99.1233,
          18.3542
        ]
      }
    },
    {
      "type": "Feature",
      "id": "CONF_1192",
      "properties": {
        "confluence_id": "CONF_1192",
        "connected_reaches": 2,
        "elevation_m": 100.0
      },
      "geometry": {
        "type": "Point",
        "coordinates": [
          99.1178,
          18.3658
        ]
      }
    },
    {
      "type": "Feature",
      "id": "CONF_1193",
      "properties": {
        "confluence_id": "CONF_1193",
        "connected_reaches": 2,
        "elevation_m": 100.0
      },
      "geometry": {
        "type": "Point",
        "coordinates": [
          99.0962,
          18.4047
        ]
      }
    },
    {
      "type": "Feature",
      "id": "CONF_1194",
      "properties": {
        "confluence_id": "CONF_1194",
        "connected_reaches": 2,
        "elevation_m": 100.0
      },
      "geometry": {
        "type": "Point",
        "coordinates": [
          99.0974,
          18.4018
        ]
      }
    },
    {
      "type": "Feature",
      "id": "CONF_1195",
      "properties": {
        "confluence_id": "CONF_1195",
        "connected_reaches": 2,
        "elevation_m": 100.0
      },
      "geometry": {
        "type": "Point",
        "coordinates": [
          99.1223,
          18.3901
        ]
      }
    },
    {
      "type": "Feature",
      "id": "CONF_1196",
      "properties": {
        "confluence_id": "CONF_1196",
        "connected_reaches": 2,
        "elevation_m": 100.0
      },
      "geometry": {
        "type": "Point",
        "coordinates": [
          99.1215,
          18.3777
        ]
      }
    },
    {
      "type": "Feature",
      "id": "CONF_1197",
      "properties": {
        "confluence_id": "CONF_1197",
        "connected_reaches": 2,
        "elevation_m": 100.0
      },
      "geometry": {
        "type": "Point",
        "coordinates": [
          99.1203,
          18.375
        ]
      }
    },
    {
      "type": "Feature",
      "id": "CONF_1198",
      "properties": {
        "confluence_id": "CONF_1198",
        "connected_reaches": 2,
        "elevation_m": 100.0
      },
      "geometry": {
        "type": "Point",
        "coordinates": [
          99.1153,
          18.3732
        ]
      }
    },
    {
      "type": "Feature",
      "id": "CONF_1199",
      "properties": {
        "confluence_id": "CONF_1199",
        "connected_reaches": 2,
        "elevation_m": 100.0
      },
      "geometry": {
        "type": "Point",
        "coordinates": [
          99.0797,
          18.3473
        ]
      }
    },
    {
      "type": "Feature",
      "id": "CONF_1200",
      "properties": {
        "confluence_id": "CONF_1200",
        "connected_reaches": 3,
        "elevation_m": 100.0
      },
      "geometry": {
        "type": "Point",
        "coordinates": [
          98.9285,
          18.6964
        ]
      }
    },
    {
      "type": "Feature",
      "id": "CONF_1201",
      "properties": {
        "confluence_id": "CONF_1201",
        "connected_reaches": 2,
        "elevation_m": 100.0
      },
      "geometry": {
        "type": "Point",
        "coordinates": [
          99.1843,
          18.7897
        ]
      }
    },
    {
      "type": "Feature",
      "id": "CONF_1202",
      "properties": {
        "confluence_id": "CONF_1202",
        "connected_reaches": 2,
        "elevation_m": 100.0
      },
      "geometry": {
        "type": "Point",
        "coordinates": [
          99.068,
          18.3471
        ]
      }
    },
    {
      "type": "Feature",
      "id": "CONF_1203",
      "properties": {
        "confluence_id": "CONF_1203",
        "connected_reaches": 2,
        "elevation_m": 100.0
      },
      "geometry": {
        "type": "Point",
        "coordinates": [
          99.0673,
          18.3469
        ]
      }
    },
    {
      "type": "Feature",
      "id": "CONF_1204",
      "properties": {
        "confluence_id": "CONF_1204",
        "connected_reaches": 2,
        "elevation_m": 100.0
      },
      "geometry": {
        "type": "Point",
        "coordinates": [
          99.0636,
          18.348
        ]
      }
    },
    {
      "type": "Feature",
      "id": "CONF_1205",
      "properties": {
        "confluence_id": "CONF_1205",
        "connected_reaches": 2,
        "elevation_m": 100.0
      },
      "geometry": {
        "type": "Point",
        "coordinates": [
          98.9412,
          18.6458
        ]
      }
    },
    {
      "type": "Feature",
      "id": "CONF_1206",
      "properties": {
        "confluence_id": "CONF_1206",
        "connected_reaches": 2,
        "elevation_m": 100.0
      },
      "geometry": {
        "type": "Point",
        "coordinates": [
          100.1937,
          19.5839
        ]
      }
    },
    {
      "type": "Feature",
      "id": "CONF_1207",
      "properties": {
        "confluence_id": "CONF_1207",
        "connected_reaches": 2,
        "elevation_m": 100.0
      },
      "geometry": {
        "type": "Point",
        "coordinates": [
          100.2034,
          19.539
        ]
      }
    },
    {
      "type": "Feature",
      "id": "CONF_1208",
      "properties": {
        "confluence_id": "CONF_1208",
        "connected_reaches": 2,
        "elevation_m": 100.0
      },
      "geometry": {
        "type": "Point",
        "coordinates": [
          100.2035,
          19.5385
        ]
      }
    },
    {
      "type": "Feature",
      "id": "CONF_1209",
      "properties": {
        "confluence_id": "CONF_1209",
        "connected_reaches": 2,
        "elevation_m": 100.0
      },
      "geometry": {
        "type": "Point",
        "coordinates": [
          100.186,
          19.4894
        ]
      }
    },
    {
      "type": "Feature",
      "id": "CONF_1210",
      "properties": {
        "confluence_id": "CONF_1210",
        "connected_reaches": 2,
        "elevation_m": 100.0
      },
      "geometry": {
        "type": "Point",
        "coordinates": [
          100.0928,
          17.5432
        ]
      }
    },
    {
      "type": "Feature",
      "id": "CONF_1211",
      "properties": {
        "confluence_id": "CONF_1211",
        "connected_reaches": 2,
        "elevation_m": 100.0
      },
      "geometry": {
        "type": "Point",
        "coordinates": [
          98.9284,
          19.155
        ]
      }
    },
    {
      "type": "Feature",
      "id": "CONF_1212",
      "properties": {
        "confluence_id": "CONF_1212",
        "connected_reaches": 2,
        "elevation_m": 100.0
      },
      "geometry": {
        "type": "Point",
        "coordinates": [
          98.9688,
          18.804
        ]
      }
    },
    {
      "type": "Feature",
      "id": "CONF_1213",
      "properties": {
        "confluence_id": "CONF_1213",
        "connected_reaches": 2,
        "elevation_m": 100.0
      },
      "geometry": {
        "type": "Point",
        "coordinates": [
          99.2541,
          18.3747
        ]
      }
    },
    {
      "type": "Feature",
      "id": "CONF_1214",
      "properties": {
        "confluence_id": "CONF_1214",
        "connected_reaches": 3,
        "elevation_m": 100.0
      },
      "geometry": {
        "type": "Point",
        "coordinates": [
          99.2351,
          18.5037
        ]
      }
    },
    {
      "type": "Feature",
      "id": "CONF_1215",
      "properties": {
        "confluence_id": "CONF_1215",
        "connected_reaches": 2,
        "elevation_m": 100.0
      },
      "geometry": {
        "type": "Point",
        "coordinates": [
          99.02,
          18.7615
        ]
      }
    },
    {
      "type": "Feature",
      "id": "CONF_1216",
      "properties": {
        "confluence_id": "CONF_1216",
        "connected_reaches": 2,
        "elevation_m": 100.0
      },
      "geometry": {
        "type": "Point",
        "coordinates": [
          98.9552,
          18.7991
        ]
      }
    },
    {
      "type": "Feature",
      "id": "CONF_1217",
      "properties": {
        "confluence_id": "CONF_1217",
        "connected_reaches": 2,
        "elevation_m": 100.0
      },
      "geometry": {
        "type": "Point",
        "coordinates": [
          98.9563,
          18.8016
        ]
      }
    },
    {
      "type": "Feature",
      "id": "CONF_1218",
      "properties": {
        "confluence_id": "CONF_1218",
        "connected_reaches": 2,
        "elevation_m": 100.0
      },
      "geometry": {
        "type": "Point",
        "coordinates": [
          98.9559,
          18.8012
        ]
      }
    },
    {
      "type": "Feature",
      "id": "CONF_1219",
      "properties": {
        "confluence_id": "CONF_1219",
        "connected_reaches": 2,
        "elevation_m": 100.0
      },
      "geometry": {
        "type": "Point",
        "coordinates": [
          98.956,
          18.7983
        ]
      }
    },
    {
      "type": "Feature",
      "id": "CONF_1220",
      "properties": {
        "confluence_id": "CONF_1220",
        "connected_reaches": 2,
        "elevation_m": 100.0
      },
      "geometry": {
        "type": "Point",
        "coordinates": [
          98.948,
          18.8008
        ]
      }
    },
    {
      "type": "Feature",
      "id": "CONF_1221",
      "properties": {
        "confluence_id": "CONF_1221",
        "connected_reaches": 2,
        "elevation_m": 100.0
      },
      "geometry": {
        "type": "Point",
        "coordinates": [
          98.9485,
          18.8008
        ]
      }
    },
    {
      "type": "Feature",
      "id": "CONF_1222",
      "properties": {
        "confluence_id": "CONF_1222",
        "connected_reaches": 2,
        "elevation_m": 100.0
      },
      "geometry": {
        "type": "Point",
        "coordinates": [
          98.9502,
          18.801
        ]
      }
    },
    {
      "type": "Feature",
      "id": "CONF_1223",
      "properties": {
        "confluence_id": "CONF_1223",
        "connected_reaches": 2,
        "elevation_m": 100.0
      },
      "geometry": {
        "type": "Point",
        "coordinates": [
          98.9496,
          18.8014
        ]
      }
    },
    {
      "type": "Feature",
      "id": "CONF_1224",
      "properties": {
        "confluence_id": "CONF_1224",
        "connected_reaches": 2,
        "elevation_m": 100.0
      },
      "geometry": {
        "type": "Point",
        "coordinates": [
          99.8646,
          17.1668
        ]
      }
    },
    {
      "type": "Feature",
      "id": "CONF_1225",
      "properties": {
        "confluence_id": "CONF_1225",
        "connected_reaches": 2,
        "elevation_m": 100.0
      },
      "geometry": {
        "type": "Point",
        "coordinates": [
          98.913,
          18.7073
        ]
      }
    },
    {
      "type": "Feature",
      "id": "CONF_1226",
      "properties": {
        "confluence_id": "CONF_1226",
        "connected_reaches": 2,
        "elevation_m": 100.0
      },
      "geometry": {
        "type": "Point",
        "coordinates": [
          98.9136,
          18.7074
        ]
      }
    },
    {
      "type": "Feature",
      "id": "CONF_1227",
      "properties": {
        "confluence_id": "CONF_1227",
        "connected_reaches": 2,
        "elevation_m": 100.0
      },
      "geometry": {
        "type": "Point",
        "coordinates": [
          99.9791,
          17.3071
        ]
      }
    },
    {
      "type": "Feature",
      "id": "CONF_1228",
      "properties": {
        "confluence_id": "CONF_1228",
        "connected_reaches": 2,
        "elevation_m": 100.0
      },
      "geometry": {
        "type": "Point",
        "coordinates": [
          99.1074,
          18.5471
        ]
      }
    },
    {
      "type": "Feature",
      "id": "CONF_1229",
      "properties": {
        "confluence_id": "CONF_1229",
        "connected_reaches": 2,
        "elevation_m": 100.0
      },
      "geometry": {
        "type": "Point",
        "coordinates": [
          98.9473,
          18.8237
        ]
      }
    },
    {
      "type": "Feature",
      "id": "CONF_1230",
      "properties": {
        "confluence_id": "CONF_1230",
        "connected_reaches": 2,
        "elevation_m": 100.0
      },
      "geometry": {
        "type": "Point",
        "coordinates": [
          98.9479,
          18.8237
        ]
      }
    },
    {
      "type": "Feature",
      "id": "CONF_1231",
      "properties": {
        "confluence_id": "CONF_1231",
        "connected_reaches": 2,
        "elevation_m": 100.0
      },
      "geometry": {
        "type": "Point",
        "coordinates": [
          99.8471,
          17.3648
        ]
      }
    },
    {
      "type": "Feature",
      "id": "CONF_1232",
      "properties": {
        "confluence_id": "CONF_1232",
        "connected_reaches": 2,
        "elevation_m": 100.0
      },
      "geometry": {
        "type": "Point",
        "coordinates": [
          99.8471,
          17.3663
        ]
      }
    },
    {
      "type": "Feature",
      "id": "CONF_1233",
      "properties": {
        "confluence_id": "CONF_1233",
        "connected_reaches": 2,
        "elevation_m": 100.0
      },
      "geometry": {
        "type": "Point",
        "coordinates": [
          99.9188,
          17.1944
        ]
      }
    },
    {
      "type": "Feature",
      "id": "CONF_1234",
      "properties": {
        "confluence_id": "CONF_1234",
        "connected_reaches": 2,
        "elevation_m": 100.0
      },
      "geometry": {
        "type": "Point",
        "coordinates": [
          99.7412,
          19.5513
        ]
      }
    },
    {
      "type": "Feature",
      "id": "CONF_1235",
      "properties": {
        "confluence_id": "CONF_1235",
        "connected_reaches": 2,
        "elevation_m": 100.0
      },
      "geometry": {
        "type": "Point",
        "coordinates": [
          98.9721,
          17.2425
        ]
      }
    },
    {
      "type": "Feature",
      "id": "CONF_1236",
      "properties": {
        "confluence_id": "CONF_1236",
        "connected_reaches": 2,
        "elevation_m": 100.0
      },
      "geometry": {
        "type": "Point",
        "coordinates": [
          98.973,
          17.2425
        ]
      }
    },
    {
      "type": "Feature",
      "id": "CONF_1237",
      "properties": {
        "confluence_id": "CONF_1237",
        "connected_reaches": 2,
        "elevation_m": 100.0
      },
      "geometry": {
        "type": "Point",
        "coordinates": [
          98.9721,
          17.2422
        ]
      }
    },
    {
      "type": "Feature",
      "id": "CONF_1238",
      "properties": {
        "confluence_id": "CONF_1238",
        "connected_reaches": 2,
        "elevation_m": 100.0
      },
      "geometry": {
        "type": "Point",
        "coordinates": [
          98.9721,
          17.2427
        ]
      }
    },
    {
      "type": "Feature",
      "id": "CONF_1239",
      "properties": {
        "confluence_id": "CONF_1239",
        "connected_reaches": 2,
        "elevation_m": 100.0
      },
      "geometry": {
        "type": "Point",
        "coordinates": [
          98.9721,
          17.2429
        ]
      }
    },
    {
      "type": "Feature",
      "id": "CONF_1240",
      "properties": {
        "confluence_id": "CONF_1240",
        "connected_reaches": 2,
        "elevation_m": 100.0
      },
      "geometry": {
        "type": "Point",
        "coordinates": [
          98.9722,
          17.243
        ]
      }
    },
    {
      "type": "Feature",
      "id": "CONF_1241",
      "properties": {
        "confluence_id": "CONF_1241",
        "connected_reaches": 2,
        "elevation_m": 100.0
      },
      "geometry": {
        "type": "Point",
        "coordinates": [
          98.9723,
          17.2432
        ]
      }
    },
    {
      "type": "Feature",
      "id": "CONF_1242",
      "properties": {
        "confluence_id": "CONF_1242",
        "connected_reaches": 2,
        "elevation_m": 100.0
      },
      "geometry": {
        "type": "Point",
        "coordinates": [
          98.9721,
          17.242
        ]
      }
    },
    {
      "type": "Feature",
      "id": "CONF_1243",
      "properties": {
        "confluence_id": "CONF_1243",
        "connected_reaches": 2,
        "elevation_m": 100.0
      },
      "geometry": {
        "type": "Point",
        "coordinates": [
          99.527,
          19.4277
        ]
      }
    },
    {
      "type": "Feature",
      "id": "CONF_1244",
      "properties": {
        "confluence_id": "CONF_1244",
        "connected_reaches": 2,
        "elevation_m": 100.0
      },
      "geometry": {
        "type": "Point",
        "coordinates": [
          99.3509,
          17.9479
        ]
      }
    },
    {
      "type": "Feature",
      "id": "CONF_1245",
      "properties": {
        "confluence_id": "CONF_1245",
        "connected_reaches": 2,
        "elevation_m": 100.0
      },
      "geometry": {
        "type": "Point",
        "coordinates": [
          99.3281,
          17.8609
        ]
      }
    },
    {
      "type": "Feature",
      "id": "CONF_1246",
      "properties": {
        "confluence_id": "CONF_1246",
        "connected_reaches": 2,
        "elevation_m": 100.0
      },
      "geometry": {
        "type": "Point",
        "coordinates": [
          99.3517,
          17.9481
        ]
      }
    },
    {
      "type": "Feature",
      "id": "CONF_1247",
      "properties": {
        "confluence_id": "CONF_1247",
        "connected_reaches": 2,
        "elevation_m": 100.0
      },
      "geometry": {
        "type": "Point",
        "coordinates": [
          98.9063,
          18.7698
        ]
      }
    },
    {
      "type": "Feature",
      "id": "CONF_1248",
      "properties": {
        "confluence_id": "CONF_1248",
        "connected_reaches": 2,
        "elevation_m": 100.0
      },
      "geometry": {
        "type": "Point",
        "coordinates": [
          98.9046,
          18.7723
        ]
      }
    },
    {
      "type": "Feature",
      "id": "CONF_1249",
      "properties": {
        "confluence_id": "CONF_1249",
        "connected_reaches": 2,
        "elevation_m": 100.0
      },
      "geometry": {
        "type": "Point",
        "coordinates": [
          98.9072,
          17.7158
        ]
      }
    },
    {
      "type": "Feature",
      "id": "CONF_1250",
      "properties": {
        "confluence_id": "CONF_1250",
        "connected_reaches": 2,
        "elevation_m": 100.0
      },
      "geometry": {
        "type": "Point",
        "coordinates": [
          100.2232,
          18.5249
        ]
      }
    },
    {
      "type": "Feature",
      "id": "CONF_1251",
      "properties": {
        "confluence_id": "CONF_1251",
        "connected_reaches": 3,
        "elevation_m": 100.0
      },
      "geometry": {
        "type": "Point",
        "coordinates": [
          99.9831,
          17.2076
        ]
      }
    },
    {
      "type": "Feature",
      "id": "CONF_1252",
      "properties": {
        "confluence_id": "CONF_1252",
        "connected_reaches": 2,
        "elevation_m": 100.0
      },
      "geometry": {
        "type": "Point",
        "coordinates": [
          99.9718,
          17.2093
        ]
      }
    },
    {
      "type": "Feature",
      "id": "CONF_1253",
      "properties": {
        "confluence_id": "CONF_1253",
        "connected_reaches": 3,
        "elevation_m": 100.0
      },
      "geometry": {
        "type": "Point",
        "coordinates": [
          99.9981,
          17.1864
        ]
      }
    },
    {
      "type": "Feature",
      "id": "CONF_1254",
      "properties": {
        "confluence_id": "CONF_1254",
        "connected_reaches": 2,
        "elevation_m": 100.0
      },
      "geometry": {
        "type": "Point",
        "coordinates": [
          99.9852,
          17.1741
        ]
      }
    },
    {
      "type": "Feature",
      "id": "CONF_1255",
      "properties": {
        "confluence_id": "CONF_1255",
        "connected_reaches": 2,
        "elevation_m": 100.0
      },
      "geometry": {
        "type": "Point",
        "coordinates": [
          99.9578,
          17.206
        ]
      }
    },
    {
      "type": "Feature",
      "id": "CONF_1256",
      "properties": {
        "confluence_id": "CONF_1256",
        "connected_reaches": 2,
        "elevation_m": 100.0
      },
      "geometry": {
        "type": "Point",
        "coordinates": [
          99.9475,
          17.1824
        ]
      }
    },
    {
      "type": "Feature",
      "id": "CONF_1257",
      "properties": {
        "confluence_id": "CONF_1257",
        "connected_reaches": 3,
        "elevation_m": 100.0
      },
      "geometry": {
        "type": "Point",
        "coordinates": [
          99.9729,
          17.1652
        ]
      }
    },
    {
      "type": "Feature",
      "id": "CONF_1258",
      "properties": {
        "confluence_id": "CONF_1258",
        "connected_reaches": 2,
        "elevation_m": 100.0
      },
      "geometry": {
        "type": "Point",
        "coordinates": [
          100.0413,
          17.1983
        ]
      }
    },
    {
      "type": "Feature",
      "id": "CONF_1259",
      "properties": {
        "confluence_id": "CONF_1259",
        "connected_reaches": 2,
        "elevation_m": 100.0
      },
      "geometry": {
        "type": "Point",
        "coordinates": [
          99.8922,
          18.7813
        ]
      }
    },
    {
      "type": "Feature",
      "id": "CONF_1260",
      "properties": {
        "confluence_id": "CONF_1260",
        "connected_reaches": 2,
        "elevation_m": 100.0
      },
      "geometry": {
        "type": "Point",
        "coordinates": [
          99.6029,
          19.0408
        ]
      }
    },
    {
      "type": "Feature",
      "id": "CONF_1261",
      "properties": {
        "confluence_id": "CONF_1261",
        "connected_reaches": 2,
        "elevation_m": 100.0
      },
      "geometry": {
        "type": "Point",
        "coordinates": [
          99.6838,
          18.941
        ]
      }
    },
    {
      "type": "Feature",
      "id": "CONF_1262",
      "properties": {
        "confluence_id": "CONF_1262",
        "connected_reaches": 2,
        "elevation_m": 100.0
      },
      "geometry": {
        "type": "Point",
        "coordinates": [
          99.7021,
          18.958
        ]
      }
    },
    {
      "type": "Feature",
      "id": "CONF_1263",
      "properties": {
        "confluence_id": "CONF_1263",
        "connected_reaches": 2,
        "elevation_m": 100.0
      },
      "geometry": {
        "type": "Point",
        "coordinates": [
          99.602,
          18.9163
        ]
      }
    },
    {
      "type": "Feature",
      "id": "CONF_1264",
      "properties": {
        "confluence_id": "CONF_1264",
        "connected_reaches": 2,
        "elevation_m": 100.0
      },
      "geometry": {
        "type": "Point",
        "coordinates": [
          99.7412,
          17.1954
        ]
      }
    },
    {
      "type": "Feature",
      "id": "CONF_1265",
      "properties": {
        "confluence_id": "CONF_1265",
        "connected_reaches": 2,
        "elevation_m": 100.0
      },
      "geometry": {
        "type": "Point",
        "coordinates": [
          99.6604,
          17.2616
        ]
      }
    },
    {
      "type": "Feature",
      "id": "CONF_1266",
      "properties": {
        "confluence_id": "CONF_1266",
        "connected_reaches": 2,
        "elevation_m": 100.0
      },
      "geometry": {
        "type": "Point",
        "coordinates": [
          99.6808,
          17.2044
        ]
      }
    },
    {
      "type": "Feature",
      "id": "CONF_1267",
      "properties": {
        "confluence_id": "CONF_1267",
        "connected_reaches": 2,
        "elevation_m": 100.0
      },
      "geometry": {
        "type": "Point",
        "coordinates": [
          99.6595,
          17.2933
        ]
      }
    },
    {
      "type": "Feature",
      "id": "CONF_1268",
      "properties": {
        "confluence_id": "CONF_1268",
        "connected_reaches": 2,
        "elevation_m": 100.0
      },
      "geometry": {
        "type": "Point",
        "coordinates": [
          99.3358,
          17.3959
        ]
      }
    },
    {
      "type": "Feature",
      "id": "CONF_1269",
      "properties": {
        "confluence_id": "CONF_1269",
        "connected_reaches": 2,
        "elevation_m": 100.0
      },
      "geometry": {
        "type": "Point",
        "coordinates": [
          99.6418,
          19.8143
        ]
      }
    },
    {
      "type": "Feature",
      "id": "CONF_1270",
      "properties": {
        "confluence_id": "CONF_1270",
        "connected_reaches": 2,
        "elevation_m": 100.0
      },
      "geometry": {
        "type": "Point",
        "coordinates": [
          99.8356,
          17.2736
        ]
      }
    },
    {
      "type": "Feature",
      "id": "CONF_1271",
      "properties": {
        "confluence_id": "CONF_1271",
        "connected_reaches": 2,
        "elevation_m": 100.0
      },
      "geometry": {
        "type": "Point",
        "coordinates": [
          99.0105,
          18.5984
        ]
      }
    },
    {
      "type": "Feature",
      "id": "CONF_1272",
      "properties": {
        "confluence_id": "CONF_1272",
        "connected_reaches": 2,
        "elevation_m": 100.0
      },
      "geometry": {
        "type": "Point",
        "coordinates": [
          99.5159,
          18.2913
        ]
      }
    },
    {
      "type": "Feature",
      "id": "CONF_1273",
      "properties": {
        "confluence_id": "CONF_1273",
        "connected_reaches": 2,
        "elevation_m": 100.0
      },
      "geometry": {
        "type": "Point",
        "coordinates": [
          99.113,
          18.7297
        ]
      }
    },
    {
      "type": "Feature",
      "id": "CONF_1274",
      "properties": {
        "confluence_id": "CONF_1274",
        "connected_reaches": 2,
        "elevation_m": 100.0
      },
      "geometry": {
        "type": "Point",
        "coordinates": [
          99.4866,
          17.9724
        ]
      }
    },
    {
      "type": "Feature",
      "id": "CONF_1275",
      "properties": {
        "confluence_id": "CONF_1275",
        "connected_reaches": 3,
        "elevation_m": 100.0
      },
      "geometry": {
        "type": "Point",
        "coordinates": [
          99.3329,
          17.8694
        ]
      }
    },
    {
      "type": "Feature",
      "id": "CONF_1276",
      "properties": {
        "confluence_id": "CONF_1276",
        "connected_reaches": 2,
        "elevation_m": 100.0
      },
      "geometry": {
        "type": "Point",
        "coordinates": [
          99.7432,
          17.2246
        ]
      }
    },
    {
      "type": "Feature",
      "id": "CONF_1277",
      "properties": {
        "confluence_id": "CONF_1277",
        "connected_reaches": 2,
        "elevation_m": 100.0
      },
      "geometry": {
        "type": "Point",
        "coordinates": [
          99.5216,
          17.8819
        ]
      }
    },
    {
      "type": "Feature",
      "id": "CONF_1278",
      "properties": {
        "confluence_id": "CONF_1278",
        "connected_reaches": 2,
        "elevation_m": 100.0
      },
      "geometry": {
        "type": "Point",
        "coordinates": [
          99.7973,
          17.5883
        ]
      }
    },
    {
      "type": "Feature",
      "id": "CONF_1279",
      "properties": {
        "confluence_id": "CONF_1279",
        "connected_reaches": 2,
        "elevation_m": 100.0
      },
      "geometry": {
        "type": "Point",
        "coordinates": [
          99.7979,
          17.5883
        ]
      }
    },
    {
      "type": "Feature",
      "id": "CONF_1280",
      "properties": {
        "confluence_id": "CONF_1280",
        "connected_reaches": 2,
        "elevation_m": 100.0
      },
      "geometry": {
        "type": "Point",
        "coordinates": [
          99.4973,
          18.4333
        ]
      }
    },
    {
      "type": "Feature",
      "id": "CONF_1281",
      "properties": {
        "confluence_id": "CONF_1281",
        "connected_reaches": 2,
        "elevation_m": 100.0
      },
      "geometry": {
        "type": "Point",
        "coordinates": [
          99.0687,
          17.5016
        ]
      }
    },
    {
      "type": "Feature",
      "id": "CONF_1282",
      "properties": {
        "confluence_id": "CONF_1282",
        "connected_reaches": 2,
        "elevation_m": 100.0
      },
      "geometry": {
        "type": "Point",
        "coordinates": [
          98.9844,
          18.8418
        ]
      }
    },
    {
      "type": "Feature",
      "id": "CONF_1283",
      "properties": {
        "confluence_id": "CONF_1283",
        "connected_reaches": 2,
        "elevation_m": 100.0
      },
      "geometry": {
        "type": "Point",
        "coordinates": [
          98.9876,
          18.8386
        ]
      }
    },
    {
      "type": "Feature",
      "id": "CONF_1284",
      "properties": {
        "confluence_id": "CONF_1284",
        "connected_reaches": 3,
        "elevation_m": 100.0
      },
      "geometry": {
        "type": "Point",
        "coordinates": [
          99.9942,
          19.6157
        ]
      }
    },
    {
      "type": "Feature",
      "id": "CONF_1285",
      "properties": {
        "confluence_id": "CONF_1285",
        "connected_reaches": 2,
        "elevation_m": 100.0
      },
      "geometry": {
        "type": "Point",
        "coordinates": [
          99.9787,
          19.6103
        ]
      }
    },
    {
      "type": "Feature",
      "id": "CONF_1286",
      "properties": {
        "confluence_id": "CONF_1286",
        "connected_reaches": 3,
        "elevation_m": 100.0
      },
      "geometry": {
        "type": "Point",
        "coordinates": [
          99.9684,
          19.597
        ]
      }
    },
    {
      "type": "Feature",
      "id": "CONF_1287",
      "properties": {
        "confluence_id": "CONF_1287",
        "connected_reaches": 2,
        "elevation_m": 100.0
      },
      "geometry": {
        "type": "Point",
        "coordinates": [
          99.9596,
          19.5972
        ]
      }
    },
    {
      "type": "Feature",
      "id": "CONF_1288",
      "properties": {
        "confluence_id": "CONF_1288",
        "connected_reaches": 2,
        "elevation_m": 100.0
      },
      "geometry": {
        "type": "Point",
        "coordinates": [
          99.3565,
          17.8974
        ]
      }
    },
    {
      "type": "Feature",
      "id": "CONF_1289",
      "properties": {
        "confluence_id": "CONF_1289",
        "connected_reaches": 3,
        "elevation_m": 100.0
      },
      "geometry": {
        "type": "Point",
        "coordinates": [
          99.9872,
          19.6104
        ]
      }
    },
    {
      "type": "Feature",
      "id": "CONF_1290",
      "properties": {
        "confluence_id": "CONF_1290",
        "connected_reaches": 2,
        "elevation_m": 100.0
      },
      "geometry": {
        "type": "Point",
        "coordinates": [
          99.9866,
          19.6088
        ]
      }
    },
    {
      "type": "Feature",
      "id": "CONF_1291",
      "properties": {
        "confluence_id": "CONF_1291",
        "connected_reaches": 2,
        "elevation_m": 100.0
      },
      "geometry": {
        "type": "Point",
        "coordinates": [
          99.9873,
          19.6234
        ]
      }
    },
    {
      "type": "Feature",
      "id": "CONF_1292",
      "properties": {
        "confluence_id": "CONF_1292",
        "connected_reaches": 2,
        "elevation_m": 100.0
      },
      "geometry": {
        "type": "Point",
        "coordinates": [
          99.9807,
          19.6167
        ]
      }
    },
    {
      "type": "Feature",
      "id": "CONF_1293",
      "properties": {
        "confluence_id": "CONF_1293",
        "connected_reaches": 2,
        "elevation_m": 100.0
      },
      "geometry": {
        "type": "Point",
        "coordinates": [
          99.979,
          19.6121
        ]
      }
    },
    {
      "type": "Feature",
      "id": "CONF_1294",
      "properties": {
        "confluence_id": "CONF_1294",
        "connected_reaches": 2,
        "elevation_m": 100.0
      },
      "geometry": {
        "type": "Point",
        "coordinates": [
          98.901,
          18.7751
        ]
      }
    },
    {
      "type": "Feature",
      "id": "CONF_1295",
      "properties": {
        "confluence_id": "CONF_1295",
        "connected_reaches": 2,
        "elevation_m": 100.0
      },
      "geometry": {
        "type": "Point",
        "coordinates": [
          99.3408,
          17.8885
        ]
      }
    },
    {
      "type": "Feature",
      "id": "CONF_1296",
      "properties": {
        "confluence_id": "CONF_1296",
        "connected_reaches": 2,
        "elevation_m": 100.0
      },
      "geometry": {
        "type": "Point",
        "coordinates": [
          99.3321,
          17.8801
        ]
      }
    },
    {
      "type": "Feature",
      "id": "CONF_1297",
      "properties": {
        "confluence_id": "CONF_1297",
        "connected_reaches": 2,
        "elevation_m": 100.0
      },
      "geometry": {
        "type": "Point",
        "coordinates": [
          99.3332,
          17.8836
        ]
      }
    },
    {
      "type": "Feature",
      "id": "CONF_1298",
      "properties": {
        "confluence_id": "CONF_1298",
        "connected_reaches": 2,
        "elevation_m": 100.0
      },
      "geometry": {
        "type": "Point",
        "coordinates": [
          99.9691,
          19.5916
        ]
      }
    },
    {
      "type": "Feature",
      "id": "CONF_1299",
      "properties": {
        "confluence_id": "CONF_1299",
        "connected_reaches": 2,
        "elevation_m": 100.0
      },
      "geometry": {
        "type": "Point",
        "coordinates": [
          99.9678,
          19.586
        ]
      }
    },
    {
      "type": "Feature",
      "id": "CONF_1300",
      "properties": {
        "confluence_id": "CONF_1300",
        "connected_reaches": 2,
        "elevation_m": 100.0
      },
      "geometry": {
        "type": "Point",
        "coordinates": [
          99.9671,
          19.5846
        ]
      }
    },
    {
      "type": "Feature",
      "id": "CONF_1301",
      "properties": {
        "confluence_id": "CONF_1301",
        "connected_reaches": 2,
        "elevation_m": 100.0
      },
      "geometry": {
        "type": "Point",
        "coordinates": [
          99.9662,
          19.5833
        ]
      }
    },
    {
      "type": "Feature",
      "id": "CONF_1302",
      "properties": {
        "confluence_id": "CONF_1302",
        "connected_reaches": 3,
        "elevation_m": 100.0
      },
      "geometry": {
        "type": "Point",
        "coordinates": [
          99.9657,
          19.5817
        ]
      }
    },
    {
      "type": "Feature",
      "id": "CONF_1303",
      "properties": {
        "confluence_id": "CONF_1303",
        "connected_reaches": 2,
        "elevation_m": 100.0
      },
      "geometry": {
        "type": "Point",
        "coordinates": [
          99.9734,
          19.5991
        ]
      }
    },
    {
      "type": "Feature",
      "id": "CONF_1304",
      "properties": {
        "confluence_id": "CONF_1304",
        "connected_reaches": 2,
        "elevation_m": 100.0
      },
      "geometry": {
        "type": "Point",
        "coordinates": [
          99.9742,
          19.5915
        ]
      }
    },
    {
      "type": "Feature",
      "id": "CONF_1305",
      "properties": {
        "confluence_id": "CONF_1305",
        "connected_reaches": 2,
        "elevation_m": 100.0
      },
      "geometry": {
        "type": "Point",
        "coordinates": [
          99.9728,
          19.5791
        ]
      }
    },
    {
      "type": "Feature",
      "id": "CONF_1306",
      "properties": {
        "confluence_id": "CONF_1306",
        "connected_reaches": 2,
        "elevation_m": 100.0
      },
      "geometry": {
        "type": "Point",
        "coordinates": [
          99.9726,
          19.5782
        ]
      }
    },
    {
      "type": "Feature",
      "id": "CONF_1307",
      "properties": {
        "confluence_id": "CONF_1307",
        "connected_reaches": 2,
        "elevation_m": 100.0
      },
      "geometry": {
        "type": "Point",
        "coordinates": [
          99.9725,
          19.5763
        ]
      }
    },
    {
      "type": "Feature",
      "id": "CONF_1308",
      "properties": {
        "confluence_id": "CONF_1308",
        "connected_reaches": 2,
        "elevation_m": 100.0
      },
      "geometry": {
        "type": "Point",
        "coordinates": [
          99.9641,
          19.5751
        ]
      }
    },
    {
      "type": "Feature",
      "id": "CONF_1309",
      "properties": {
        "confluence_id": "CONF_1309",
        "connected_reaches": 2,
        "elevation_m": 100.0
      },
      "geometry": {
        "type": "Point",
        "coordinates": [
          100.0897,
          18.0393
        ]
      }
    },
    {
      "type": "Feature",
      "id": "CONF_1310",
      "properties": {
        "confluence_id": "CONF_1310",
        "connected_reaches": 2,
        "elevation_m": 100.0
      },
      "geometry": {
        "type": "Point",
        "coordinates": [
          100.093,
          18.0467
        ]
      }
    },
    {
      "type": "Feature",
      "id": "CONF_1311",
      "properties": {
        "confluence_id": "CONF_1311",
        "connected_reaches": 2,
        "elevation_m": 100.0
      },
      "geometry": {
        "type": "Point",
        "coordinates": [
          100.1044,
          18.0638
        ]
      }
    },
    {
      "type": "Feature",
      "id": "CONF_1312",
      "properties": {
        "confluence_id": "CONF_1312",
        "connected_reaches": 2,
        "elevation_m": 100.0
      },
      "geometry": {
        "type": "Point",
        "coordinates": [
          100.1053,
          18.0658
        ]
      }
    },
    {
      "type": "Feature",
      "id": "CONF_1313",
      "properties": {
        "confluence_id": "CONF_1313",
        "connected_reaches": 3,
        "elevation_m": 100.0
      },
      "geometry": {
        "type": "Point",
        "coordinates": [
          99.3152,
          18.277
        ]
      }
    },
    {
      "type": "Feature",
      "id": "CONF_1314",
      "properties": {
        "confluence_id": "CONF_1314",
        "connected_reaches": 3,
        "elevation_m": 100.0
      },
      "geometry": {
        "type": "Point",
        "coordinates": [
          99.3236,
          18.2768
        ]
      }
    }
  ]
}