{
  "type": "FeatureCollection",
  "features": [
    {
      "type": "Feature",
      "id": "catchment_2477",
      "properties": {
        "station_id": "2477",
        "station_name": "บ้านโปร่งศรี",
        "catchment_area_km2": 41.22,
        "contributing_cells": 35451
      },
      "geometry": {
        "type": "Polygon",
        "coordinates": [
          [
            [
              100.481084,
              18.729271
            ],
            [
              100.472358,
              18.729957
            ],
            [
              100.463633,
              18.730641
            ],
            [
              100.394195,
              18.741955
            ],
            [
              100.390986,
              18.745061
            ],
            [
              100.394576,
              18.749039
            ],
            [
              100.405017,
              18.760054
            ],
            [
              100.451795,
              18.783422
            ],
            [
              100.498532,
              18.764258
            ],
            [
              100.49844,
              18.753782
            ],
            [
              100.488891,
              18.734447
            ],
            [
              100.481084,
              18.729271
            ]
          ]
        ]
      }
    },
    {
      "type": "Feature",
      "id": "catchment_268791",
      "properties": {
        "station_id": "268791",
        "station_name": "อ่างเก็บน้ำห้วยช้าง",
        "catchment_area_km2": 30.74,
        "contributing_cells": 26432
      },
      "geometry": {
        "type": "Polygon",
        "coordinates": [
          [
            [
              100.50712,
              18.820573
            ],
            [
              100.494227,
              18.826223
            ],
            [
              100.463751,
              18.856659
            ],
            [
              100.466418,
              18.865574
            ],
            [
              100.490772,
              18.874624
            ],
            [
              100.524428,
              18.874043
            ],
            [
              100.528936,
              18.871541
            ],
            [
              100.531762,
              18.861966
            ],
            [
              100.528655,
              18.840424
            ],
            [
              100.527012,
              18.837665
            ],
            [
              100.513961,
              18.825755
            ],
            [
              100.50712,
              18.820573
            ]
          ]
        ]
      }
    },
    {
      "type": "Feature",
      "id": "catchment_268790",
      "properties": {
        "station_id": "268790",
        "station_name": "อ่างเก็บน้ำห้วยสีพัน",
        "catchment_area_km2": 15.5,
        "contributing_cells": 13333
      },
      "geometry": {
        "type": "Polygon",
        "coordinates": [
          [
            [
              100.5222,
              18.842326
            ],
            [
              100.495438,
              18.853327
            ],
            [
              100.481254,
              18.859602
            ],
            [
              100.471262,
              18.864303
            ],
            [
              100.473896,
              18.86952
            ],
            [
              100.484944,
              18.874362
            ],
            [
              100.489801,
              18.874631
            ],
            [
              100.501449,
              18.87423
            ],
            [
              100.524743,
              18.873116
            ],
            [
              100.528945,
              18.872465
            ],
            [
              100.530225,
              18.870914
            ],
            [
              100.531341,
              18.851186
            ],
            [
              100.531263,
              18.84256
            ],
            [
              100.5222,
              18.842326
            ]
          ]
        ]
      }
    },
    {
      "type": "Feature",
      "id": "catchment_2545",
      "properties": {
        "station_id": "2545",
        "station_name": "บ้านขุนกำลัง",
        "catchment_area_km2": 3.27,
        "contributing_cells": 2814
      },
      "geometry": {
        "type": "Polygon",
        "coordinates": [
          [
            [
              100.431309,
              19.075056
            ],
            [
              100.425484,
              19.076026
            ],
            [
              100.391346,
              19.101552
            ],
            [
              100.38687,
              19.10898
            ],
            [
              100.387529,
              19.110208
            ],
            [
              100.388822,
              19.10989
            ],
            [
              100.420438,
              19.092395
            ],
            [
              100.426877,
              19.087415
            ],
            [
              100.431309,
              19.075056
            ]
          ]
        ]
      }
    },
    {
      "type": "Feature",
      "id": "catchment_8943",
      "properties": {
        "station_id": "8943",
        "station_name": "บ้านค่าไพบูลย์*",
        "catchment_area_km2": 14.26,
        "contributing_cells": 12259
      },
      "geometry": {
        "type": "Polygon",
        "coordinates": [
          [
            [
              100.328804,
              19.103246
            ],
            [
              100.301912,
              19.104671
            ],
            [
              100.28997,
              19.111226
            ],
            [
              100.28256,
              19.117132
            ],
            [
              100.286788,
              19.118951
            ],
            [
              100.311165,
              19.127098
            ],
            [
              100.315713,
              19.128298
            ],
            [
              100.324787,
              19.127925
            ],
            [
              100.329315,
              19.12666
            ],
            [
              100.342488,
              19.112082
            ],
            [
              100.33466,
              19.105977
            ],
            [
              100.328804,
              19.103246
            ]
          ]
        ]
      }
    },
    {
      "type": "Feature",
      "id": "catchment_8940",
      "properties": {
        "station_id": "8940",
        "station_name": "บ้านตุ่น*",
        "catchment_area_km2": 76.69,
        "contributing_cells": 65947
      },
      "geometry": {
        "type": "Polygon",
        "coordinates": [
          [
            [
              100.346872,
              19.292298
            ],
            [
              100.342485,
              19.311433
            ],
            [
              100.341131,
              19.344411
            ],
            [
              100.356997,
              19.378802
            ],
            [
              100.397075,
              19.395752
            ],
            [
              100.474691,
              19.397296
            ],
            [
              100.469419,
              19.388712
            ],
            [
              100.362498,
              19.298344
            ],
            [
              100.346872,
              19.292298
            ]
          ]
        ]
      }
    },
    {
      "type": "Feature",
      "id": "catchment_4295",
      "properties": {
        "station_id": "4295",
        "station_name": "บ้านป่าคา",
        "catchment_area_km2": 846.79,
        "contributing_cells": 728204
      },
      "geometry": {
        "type": "Polygon",
        "coordinates": [
          [
            [
              100.497076,
              19.000897
            ],
            [
              100.376331,
              19.049593
            ],
            [
              100.326798,
              19.13623
            ],
            [
              100.33543,
              19.161433
            ],
            [
              100.379577,
              19.206399
            ],
            [
              100.531735,
              19.317029
            ],
            [
              100.609009,
              19.287711
            ],
            [
              100.645988,
              19.123791
            ],
            [
              100.653301,
              19.076896
            ],
            [
              100.583517,
              19.030679
            ],
            [
              100.497076,
              19.000897
            ]
          ]
        ]
      }
    },
    {
      "type": "Feature",
      "id": "catchment_2547",
      "properties": {
        "station_id": "2547",
        "station_name": "บ้านสบขาม*",
        "catchment_area_km2": 780.43,
        "contributing_cells": 671135
      },
      "geometry": {
        "type": "Polygon",
        "coordinates": [
          [
            [
              100.469213,
              19.000196
            ],
            [
              100.353013,
              19.050998
            ],
            [
              100.340998,
              19.08806
            ],
            [
              100.465193,
              19.279063
            ],
            [
              100.531735,
              19.317029
            ],
            [
              100.597983,
              19.321698
            ],
            [
              100.654939,
              19.07873
            ],
            [
              100.590746,
              19.0414
            ],
            [
              100.578059,
              19.035963
            ],
            [
              100.469213,
              19.000196
            ]
          ]
        ]
      }
    },
    {
      "type": "Feature",
      "id": "catchment_8942",
      "properties": {
        "station_id": "8942",
        "station_name": "บ้านหนองท่าควาย*",
        "catchment_area_km2": 494.5,
        "contributing_cells": 425245
      },
      "geometry": {
        "type": "Polygon",
        "coordinates": [
          [
            [
              100.323286,
              19.183705
            ],
            [
              100.308831,
              19.201064
            ],
            [
              100.287013,
              19.231414
            ],
            [
              100.263058,
              19.280264
            ],
            [
              100.242354,
              19.331554
            ],
            [
              100.247631,
              19.34261
            ],
            [
              100.355087,
              19.383438
            ],
            [
              100.537524,
              19.41526
            ],
            [
              100.56832,
              19.341981
            ],
            [
              100.401208,
              19.23304
            ],
            [
              100.323286,
              19.183705
            ]
          ]
        ]
      }
    },
    {
      "type": "Feature",
      "id": "catchment_8941",
      "properties": {
        "station_id": "8941",
        "station_name": "บ้านหนองบัว*",
        "catchment_area_km2": 164.63,
        "contributing_cells": 141577
      },
      "geometry": {
        "type": "Polygon",
        "coordinates": [
          [
            [
              100.386689,
              19.280908
            ],
            [
              100.371787,
              19.283793
            ],
            [
              100.373829,
              19.295178
            ],
            [
              100.399487,
              19.335961
            ],
            [
              100.414238,
              19.352793
            ],
            [
              100.502632,
              19.399224
            ],
            [
              100.536797,
              19.406948
            ],
            [
              100.54451,
              19.398564
            ],
            [
              100.553136,
              19.383703
            ],
            [
              100.557593,
              19.374422
            ],
            [
              100.563251,
              19.354964
            ],
            [
              100.548137,
              19.335683
            ],
            [
              100.485176,
              19.30016
            ],
            [
              100.386689,
              19.280908
            ]
          ]
        ]
      }
    },
    {
      "type": "Feature",
      "id": "catchment_5681",
      "properties": {
        "station_id": "5681",
        "station_name": "บ้านห้วยคอกหมู",
        "catchment_area_km2": 21.05,
        "contributing_cells": 18102
      },
      "geometry": {
        "type": "Polygon",
        "coordinates": [
          [
            [
              100.254469,
              19.217466
            ],
            [
              100.219603,
              19.239886
            ],
            [
              100.227553,
              19.262018
            ],
            [
              100.23016,
              19.263541
            ],
            [
              100.235029,
              19.263817
            ],
            [
              100.256416,
              19.260282
            ],
            [
              100.266125,
              19.257133
            ],
            [
              100.275026,
              19.233346
            ],
            [
              100.274346,
              19.229346
            ],
            [
              100.269114,
              19.223836
            ],
            [
              100.258036,
              19.217442
            ],
            [
              100.254469,
              19.217466
            ]
          ]
        ]
      }
    },
    {
      "type": "Feature",
      "id": "catchment_5544",
      "properties": {
        "station_id": "5544",
        "station_name": "บ้านแสะ",
        "catchment_area_km2": 851.24,
        "contributing_cells": 732029
      },
      "geometry": {
        "type": "Polygon",
        "coordinates": [
          [
            [
              100.526152,
              19.02808
            ],
            [
              100.433904,
              19.037755
            ],
            [
              100.351363,
              19.047313
            ],
            [
              100.336214,
              19.097647
            ],
            [
              100.327501,
              19.143003
            ],
            [
              100.531735,
              19.317029
            ],
            [
              100.598909,
              19.31676
            ],
            [
              100.604978,
              19.306848
            ],
            [
              100.609027,
              19.28956
            ],
            [
              100.648975,
              19.098193
            ],
            [
              100.608501,
              19.034776
            ],
            [
              100.526152,
              19.02808
            ]
          ]
        ]
      }
    },
    {
      "type": "Feature",
      "id": "catchment_268526",
      "properties": {
        "station_id": "268526",
        "station_name": "บ้านใหม่ปางค่า*",
        "catchment_area_km2": 37.33,
        "contributing_cells": 32104
      },
      "geometry": {
        "type": "Polygon",
        "coordinates": [
          [
            [
              100.434161,
              19.32953
            ],
            [
              100.428981,
              19.331111
            ],
            [
              100.429679,
              19.336651
            ],
            [
              100.433773,
              19.359419
            ],
            [
              100.46585,
              19.389049
            ],
            [
              100.487039,
              19.398427
            ],
            [
              100.513061,
              19.40345
            ],
            [
              100.51663,
              19.403112
            ],
            [
              100.519201,
              19.400318
            ],
            [
              100.518127,
              19.389544
            ],
            [
              100.511202,
              19.377894
            ],
            [
              100.464813,
              19.345615
            ],
            [
              100.45861,
              19.34166
            ],
            [
              100.434161,
              19.32953
            ]
          ]
        ]
      }
    },
    {
      "type": "Feature",
      "id": "catchment_8607",
      "properties": {
        "station_id": "8607",
        "station_name": "สะพานน้ำงิม",
        "catchment_area_km2": 81.39,
        "contributing_cells": 69990
      },
      "geometry": {
        "type": "Polygon",
        "coordinates": [
          [
            [
              100.495906,
              19.302537
            ],
            [
              100.458326,
              19.30962
            ],
            [
              100.453895,
              19.322287
            ],
            [
              100.469057,
              19.348354
            ],
            [
              100.537463,
              19.408791
            ],
            [
              100.540064,
              19.409077
            ],
            [
              100.553154,
              19.385551
            ],
            [
              100.560804,
              19.370697
            ],
            [
              100.556064,
              19.350096
            ],
            [
              100.543246,
              19.33326
            ],
            [
              100.526216,
              19.316767
            ],
            [
              100.495906,
              19.302537
            ]
          ]
        ]
      }
    },
    {
      "type": "Feature",
      "id": "catchment_8608",
      "properties": {
        "station_id": "8608",
        "station_name": "สะพานน้ำเงิน",
        "catchment_area_km2": 449.0,
        "contributing_cells": 386121
      },
      "geometry": {
        "type": "Polygon",
        "coordinates": [
          [
            [
              100.36702,
              19.217585
            ],
            [
              100.337524,
              19.21996
            ],
            [
              100.326221,
              19.226204
            ],
            [
              100.263058,
              19.280264
            ],
            [
              100.240703,
              19.327868
            ],
            [
              100.236602,
              19.34361
            ],
            [
              100.396072,
              19.392371
            ],
            [
              100.533231,
              19.407594
            ],
            [
              100.547084,
              19.396078
            ],
            [
              100.546822,
              19.333846
            ],
            [
              100.440449,
              19.23212
            ],
            [
              100.36702,
              19.217585
            ]
          ]
        ]
      }
    },
    {
      "type": "Feature",
      "id": "catchment_268655",
      "properties": {
        "station_id": "268655",
        "station_name": "สะพานน้ำแม่คะ",
        "catchment_area_km2": 37.33,
        "contributing_cells": 32104
      },
      "geometry": {
        "type": "Polygon",
        "coordinates": [
          [
            [
              100.434161,
              19.32953
            ],
            [
              100.428981,
              19.331111
            ],
            [
              100.429679,
              19.336651
            ],
            [
              100.433773,
              19.359419
            ],
            [
              100.46585,
              19.389049
            ],
            [
              100.487039,
              19.398427
            ],
            [
              100.513061,
              19.40345
            ],
            [
              100.51663,
              19.403112
            ],
            [
              100.519201,
              19.400318
            ],
            [
              100.518127,
              19.389544
            ],
            [
              100.511202,
              19.377894
            ],
            [
              100.464813,
              19.345615
            ],
            [
              100.45861,
              19.34166
            ],
            [
              100.434161,
              19.32953
            ]
          ]
        ]
      }
    },
    {
      "type": "Feature",
      "id": "catchment_10151",
      "properties": {
        "station_id": "10151",
        "station_name": "สะพานบ้านขุนควร บ้านสบขาม",
        "catchment_area_km2": 780.43,
        "contributing_cells": 671135
      },
      "geometry": {
        "type": "Polygon",
        "coordinates": [
          [
            [
              100.469213,
              19.000196
            ],
            [
              100.353013,
              19.050998
            ],
            [
              100.340998,
              19.08806
            ],
            [
              100.465193,
              19.279063
            ],
            [
              100.531735,
              19.317029
            ],
            [
              100.597983,
              19.321698
            ],
            [
              100.654939,
              19.07873
            ],
            [
              100.590746,
              19.0414
            ],
            [
              100.578059,
              19.035963
            ],
            [
              100.469213,
              19.000196
            ]
          ]
        ]
      }
    },
    {
      "type": "Feature",
      "id": "catchment_2544",
      "properties": {
        "station_id": "2544",
        "station_name": "บ้านกลาง*",
        "catchment_area_km2": 595.74,
        "contributing_cells": 512311
      },
      "geometry": {
        "type": "Polygon",
        "coordinates": [
          [
            [
              100.400642,
              18.739442
            ],
            [
              100.362656,
              18.7616
            ],
            [
              100.338938,
              18.789195
            ],
            [
              100.316908,
              18.951119
            ],
            [
              100.322169,
              18.961249
            ],
            [
              100.344766,
              18.992515
            ],
            [
              100.354239,
              19.002306
            ],
            [
              100.388729,
              19.020845
            ],
            [
              100.420823,
              19.023375
            ],
            [
              100.519507,
              18.974217
            ],
            [
              100.523904,
              18.851863
            ],
            [
              100.502498,
              18.773777
            ],
            [
              100.400642,
              18.739442
            ]
          ]
        ]
      }
    },
    {
      "type": "Feature",
      "id": "catchment_4284",
      "properties": {
        "station_id": "4284",
        "station_name": "บ้านทุ่งหนอง",
        "catchment_area_km2": 2051.74,
        "contributing_cells": 1764407
      },
      "geometry": {
        "type": "Polygon",
        "coordinates": [
          [
            [
              100.203413,
              18.930013
            ],
            [
              100.140202,
              18.967697
            ],
            [
              100.116331,
              19.030703
            ],
            [
              100.115841,
              19.102811
            ],
            [
              100.125843,
              19.143733
            ],
            [
              100.136183,
              19.185884
            ],
            [
              100.437229,
              19.383423
            ],
            [
              100.501646,
              19.397999
            ],
            [
              100.555721,
              19.382448
            ],
            [
              100.598495,
              19.307521
            ],
            [
              100.650011,
              19.104653
            ],
            [
              100.600126,
              19.039778
            ],
            [
              100.593938,
              19.036443
            ],
            [
              100.518832,
              19.006882
            ],
            [
              100.230631,
              18.932607
            ],
            [
              100.203413,
              18.930013
            ]
          ]
        ]
      }
    },
    {
      "type": "Feature",
      "id": "catchment_5750",
      "properties": {
        "station_id": "5750",
        "station_name": "บ้านท่าฟ้าเหนือ*",
        "catchment_area_km2": 1941.84,
        "contributing_cells": 1669902
      },
      "geometry": {
        "type": "Polygon",
        "coordinates": [
          [
            [
              100.136763,
              18.985898
            ],
            [
              100.12251,
              19.034055
            ],
            [
              100.136183,
              19.185884
            ],
            [
              100.239806,
              19.338042
            ],
            [
              100.396371,
              19.389287
            ],
            [
              100.545189,
              19.401639
            ],
            [
              100.609854,
              19.307729
            ],
            [
              100.627172,
              19.055871
            ],
            [
              100.49015,
              19.023445
            ],
            [
              100.451881,
              19.018511
            ],
            [
              100.136763,
              18.985898
            ]
          ]
        ]
      }
    },
    {
      "type": "Feature",
      "id": "catchment_4274",
      "properties": {
        "station_id": "4274",
        "station_name": "บ้านมาง",
        "catchment_area_km2": 621.23,
        "contributing_cells": 534233
      },
      "geometry": {
        "type": "Polygon",
        "coordinates": [
          [
            [
              100.491499,
              18.736892
            ],
            [
              100.432377,
              18.744132
            ],
            [
              100.375378,
              18.774756
            ],
            [
              100.28411,
              18.89681
            ],
            [
              100.323192,
              18.967713
            ],
            [
              100.371996,
              18.995088
            ],
            [
              100.397051,
              19.008766
            ],
            [
              100.427578,
              19.017776
            ],
            [
              100.522134,
              18.978201
            ],
            [
              100.524453,
              18.948296
            ],
            [
              100.519276,
              18.841117
            ],
            [
              100.491499,
              18.736892
            ]
          ]
        ]
      }
    },
    {
      "type": "Feature",
      "id": "catchment_268669",
      "properties": {
        "station_id": "268669",
        "station_name": "สะพานน้ำปี้ เชียงม่วน",
        "catchment_area_km2": 621.83,
        "contributing_cells": 534744
      },
      "geometry": {
        "type": "Polygon",
        "coordinates": [
          [
            [
              100.460486,
              18.740834
            ],
            [
              100.387759,
              18.746009
            ],
            [
              100.34703,
              18.789753
            ],
            [
              100.285937,
              18.881699
            ],
            [
              100.323192,
              18.967713
            ],
            [
              100.368346,
              19.024079
            ],
            [
              100.435466,
              19.030964
            ],
            [
              100.531315,
              18.955018
            ],
            [
              100.516129,
              18.851002
            ],
            [
              100.500489,
              18.766091
            ],
            [
              100.460486,
              18.740834
            ]
          ]
        ]
      }
    },
    {
      "type": "Feature",
      "id": "catchment_268662",
      "properties": {
        "station_id": "268662",
        "station_name": "สะพานน้ำแม่จั๊ว",
        "catchment_area_km2": 1889.56,
        "contributing_cells": 1624946
      },
      "geometry": {
        "type": "Polygon",
        "coordinates": [
          [
            [
              100.143801,
              18.972913
            ],
            [
              100.138639,
              18.976026
            ],
            [
              100.125424,
              18.98566
            ],
            [
              100.123062,
              19.019878
            ],
            [
              100.125843,
              19.143733
            ],
            [
              100.137187,
              19.190499
            ],
            [
              100.235487,
              19.324822
            ],
            [
              100.437229,
              19.383423
            ],
            [
              100.495752,
              19.392502
            ],
            [
              100.534626,
              19.383244
            ],
            [
              100.61003,
              19.226086
            ],
            [
              100.647337,
              19.096359
            ],
            [
              100.619025,
              19.051013
            ],
            [
              100.515861,
              19.000744
            ],
            [
              100.143801,
              18.972913
            ]
          ]
        ]
      }
    },
    {
      "type": "Feature",
      "id": "catchment_5608",
      "properties": {
        "station_id": "5608",
        "station_name": "บ้านแม่กานาไร่เดียว",
        "catchment_area_km2": 0.95,
        "contributing_cells": 817
      },
      "geometry": {
        "type": "Polygon",
        "coordinates": [
          [
            [
              99.894073,
              18.973363
            ],
            [
              99.892152,
              18.977686
            ],
            [
              99.892167,
              18.980459
            ],
            [
              99.892504,
              18.982923
            ],
            [
              99.89283,
              18.98323
            ],
            [
              99.894778,
              18.984145
            ],
            [
              99.89575,
              18.98414
            ],
            [
              99.89834,
              18.983819
            ],
            [
              99.900602,
              18.982884
            ],
            [
              99.901893,
              18.981953
            ],
            [
              99.902214,
              18.981335
            ],
            [
              99.898619,
              18.975498
            ],
            [
              99.898294,
              18.975191
            ],
            [
              99.896018,
              18.973661
            ],
            [
              99.894721,
              18.973359
            ],
            [
              99.894073,
              18.973363
            ]
          ]
        ]
      }
    },
    {
      "type": "Feature",
      "id": "catchment_3948",
      "properties": {
        "station_id": "3948",
        "station_name": "สามง่าม",
        "catchment_area_km2": 0.28,
        "contributing_cells": 242
      },
      "geometry": {
        "type": "Polygon",
        "coordinates": [
          [
            [
              100.20874,
              16.503726
            ],
            [
              100.20492,
              16.505905
            ],
            [
              100.203978,
              16.508684
            ],
            [
              100.204302,
              16.509299
            ],
            [
              100.205585,
              16.510216
            ],
            [
              100.206224,
              16.510213
            ],
            [
              100.207181,
              16.509899
            ],
            [
              100.207818,
              16.509587
            ],
            [
              100.208767,
              16.50804
            ],
            [
              100.209713,
              16.506186
            ],
            [
              100.209712,
              16.505877
            ],
            [
              100.20874,
              16.503726
            ]
          ]
        ]
      }
    },
    {
      "type": "Feature",
      "id": "catchment_3893",
      "properties": {
        "station_id": "3893",
        "station_name": "หน้าอำเภอโพทะเล",
        "catchment_area_km2": 1.63,
        "contributing_cells": 1405
      },
      "geometry": {
        "type": "Polygon",
        "coordinates": [
          [
            [
              100.272732,
              16.073702
            ],
            [
              100.268291,
              16.077119
            ],
            [
              100.265123,
              16.08022
            ],
            [
              100.260695,
              16.085794
            ],
            [
              100.261045,
              16.090723
            ],
            [
              100.261367,
              16.091338
            ],
            [
              100.262654,
              16.09318
            ],
            [
              100.263609,
              16.092866
            ],
            [
              100.27786,
              16.077987
            ],
            [
              100.272732,
              16.073702
            ]
          ]
        ]
      }
    },
    {
      "type": "Feature",
      "id": "catchment_10106",
      "properties": {
        "station_id": "10106",
        "station_name": "บ้านวังจิก",
        "catchment_area_km2": 0.83,
        "contributing_cells": 717
      },
      "geometry": {
        "type": "Polygon",
        "coordinates": [
          [
            [
              100.264916,
              16.347749
            ],
            [
              100.262065,
              16.351157
            ],
            [
              100.261434,
              16.352393
            ],
            [
              100.261779,
              16.356398
            ],
            [
              100.263086,
              16.361013
            ],
            [
              100.263409,
              16.361628
            ],
            [
              100.265313,
              16.359767
            ],
            [
              100.268481,
              16.356049
            ],
            [
              100.268134,
              16.351737
            ],
            [
              100.266514,
              16.348048
            ],
            [
              100.265874,
              16.347743
            ],
            [
              100.264916,
              16.347749
            ]
          ]
        ]
      }
    },
    {
      "type": "Feature",
      "id": "catchment_1758",
      "properties": {
        "station_id": "1758",
        "station_name": "โพธิ์ประทับช้าง",
        "catchment_area_km2": 3.18,
        "contributing_cells": 2731
      },
      "geometry": {
        "type": "Polygon",
        "coordinates": [
          [
            [
              100.290052,
              16.286572
            ],
            [
              100.287501,
              16.286896
            ],
            [
              100.275445,
              16.297756
            ],
            [
              100.266288,
              16.312913
            ],
            [
              100.26852,
              16.312592
            ],
            [
              100.27298,
              16.311332
            ],
            [
              100.299369,
              16.296069
            ],
            [
              100.301904,
              16.29328
            ],
            [
              100.2958,
              16.287153
            ],
            [
              100.290052,
              16.286572
            ]
          ]
        ]
      }
    },
    {
      "type": "Feature",
      "id": "catchment_1743",
      "properties": {
        "station_id": "1743",
        "station_name": "ชุมแสงสงคราม",
        "catchment_area_km2": 28327.59,
        "contributing_cells": 24360531
      },
      "geometry": {
        "type": "Polygon",
        "coordinates": [
          [
            [
              99.618742,
              16.541137
            ],
            [
              99.409654,
              16.953479
            ],
            [
              99.315133,
              17.49831
            ],
            [
              99.841618,
              18.912592
            ],
            [
              100.325667,
              19.318643
            ],
            [
              100.469857,
              19.256226
            ],
            [
              100.538553,
              19.143206
            ],
            [
              100.940125,
              18.02515
            ],
            [
              100.96944,
              17.909942
            ],
            [
              100.042661,
              16.808833
            ],
            [
              99.618742,
              16.541137
            ]
          ]
        ]
      }
    },
    {
      "type": "Feature",
      "id": "catchment_3983",
      "properties": {
        "station_id": "3983",
        "station_name": "บางระกำ",
        "catchment_area_km2": 0.51,
        "contributing_cells": 437
      },
      "geometry": {
        "type": "Polygon",
        "coordinates": [
          [
            [
              100.114319,
              16.750514
            ],
            [
              100.113363,
              16.751135
            ],
            [
              100.113045,
              16.751445
            ],
            [
              100.112743,
              16.754529
            ],
            [
              100.112759,
              16.757303
            ],
            [
              100.115342,
              16.761296
            ],
            [
              100.116303,
              16.761599
            ],
            [
              100.11789,
              16.759433
            ],
            [
              100.118523,
              16.758196
            ],
            [
              100.119152,
              16.756344
            ],
            [
              100.118507,
              16.755422
            ],
            [
              100.114641,
              16.75082
            ],
            [
              100.114319,
              16.750514
            ]
          ]
        ]
      }
    },
    {
      "type": "Feature",
      "id": "catchment_5791",
      "properties": {
        "station_id": "5791",
        "station_name": "บางระกำ",
        "catchment_area_km2": 2.87,
        "contributing_cells": 2471
      },
      "geometry": {
        "type": "Polygon",
        "coordinates": [
          [
            [
              100.120027,
              16.741853
            ],
            [
              100.118444,
              16.744635
            ],
            [
              100.117498,
              16.747106
            ],
            [
              100.116869,
              16.748959
            ],
            [
              100.115931,
              16.752662
            ],
            [
              100.115935,
              16.753279
            ],
            [
              100.123052,
              16.766802
            ],
            [
              100.125911,
              16.763396
            ],
            [
              100.133825,
              16.749175
            ],
            [
              100.130922,
              16.745184
            ],
            [
              100.123226,
              16.741836
            ],
            [
              100.120027,
              16.741853
            ]
          ]
        ]
      }
    },
    {
      "type": "Feature",
      "id": "catchment_1742",
      "properties": {
        "station_id": "1742",
        "station_name": "บางระกำ",
        "catchment_area_km2": 0.97,
        "contributing_cells": 837
      },
      "geometry": {
        "type": "Polygon",
        "coordinates": [
          [
            [
              100.171926,
              16.702423
            ],
            [
              100.170656,
              16.703971
            ],
            [
              100.170357,
              16.707363
            ],
            [
              100.17037,
              16.70952
            ],
            [
              100.171333,
              16.710131
            ],
            [
              100.175184,
              16.712267
            ],
            [
              100.176142,
              16.711953
            ],
            [
              100.176779,
              16.711641
            ],
            [
              100.180276,
              16.708231
            ],
            [
              100.182496,
              16.705136
            ],
            [
              100.182174,
              16.70483
            ],
            [
              100.181533,
              16.704525
            ],
            [
              100.179289,
              16.703614
            ],
            [
              100.171926,
              16.702423
            ]
          ]
        ]
      }
    },
    {
      "type": "Feature",
      "id": "catchment_10104",
      "properties": {
        "station_id": "10104",
        "station_name": "บ้านท่านางงาม",
        "catchment_area_km2": 0.74,
        "contributing_cells": 639
      },
      "geometry": {
        "type": "Polygon",
        "coordinates": [
          [
            [
              100.100006,
              16.764768
            ],
            [
              100.098415,
              16.766318
            ],
            [
              100.086392,
              16.789806
            ],
            [
              100.093719,
              16.784219
            ],
            [
              100.09721,
              16.779269
            ],
            [
              100.10069,
              16.77247
            ],
            [
              100.100989,
              16.76877
            ],
            [
              100.100982,
              16.767537
            ],
            [
              100.100653,
              16.765998
            ],
            [
              100.100006,
              16.764768
            ]
          ]
        ]
      }
    },
    {
      "type": "Feature",
      "id": "catchment_10105",
      "properties": {
        "station_id": "10105",
        "station_name": "บ้านท่าแห",
        "catchment_area_km2": 11.1,
        "contributing_cells": 9545
      },
      "geometry": {
        "type": "Polygon",
        "coordinates": [
          [
            [
              100.212502,
              16.645479
            ],
            [
              100.209307,
              16.645806
            ],
            [
              100.206114,
              16.646441
            ],
            [
              100.193054,
              16.654222
            ],
            [
              100.183209,
              16.665065
            ],
            [
              100.183542,
              16.667221
            ],
            [
              100.191045,
              16.691218
            ],
            [
              100.199355,
              16.690554
            ],
            [
              100.202541,
              16.688686
            ],
            [
              100.206968,
              16.680647
            ],
            [
              100.210739,
              16.670146
            ],
            [
              100.216395,
              16.654394
            ],
            [
              100.215736,
              16.651316
            ],
            [
              100.214759,
              16.648548
            ],
            [
              100.212502,
              16.645479
            ]
          ]
        ]
      }
    },
    {
      "type": "Feature",
      "id": "catchment_1749",
      "properties": {
        "station_id": "1749",
        "station_name": "คลองผันน้ำยม-น่าน2",
        "catchment_area_km2": 9.85,
        "contributing_cells": 8474
      },
      "geometry": {
        "type": "Polygon",
        "coordinates": [
          [
            [
              100.173913,
              16.869766
            ],
            [
              100.170401,
              16.871327
            ],
            [
              100.159295,
              16.887109
            ],
            [
              100.130803,
              16.940588
            ],
            [
              100.129255,
              16.949534
            ],
            [
              100.143611,
              16.940516
            ],
            [
              100.151541,
              16.928144
            ],
            [
              100.162001,
              16.910825
            ],
            [
              100.170218,
              16.893519
            ],
            [
              100.173913,
              16.869766
            ]
          ]
        ]
      }
    },
    {
      "type": "Feature",
      "id": "catchment_1736",
      "properties": {
        "station_id": "1736",
        "station_name": "คลองผันน้ำยม-น่าน4",
        "catchment_area_km2": 2.21,
        "contributing_cells": 1904
      },
      "geometry": {
        "type": "Polygon",
        "coordinates": [
          [
            [
              100.237861,
              16.661356
            ],
            [
              100.237228,
              16.662284
            ],
            [
              100.236918,
              16.663827
            ],
            [
              100.237241,
              16.664442
            ],
            [
              100.237887,
              16.665362
            ],
            [
              100.240145,
              16.668431
            ],
            [
              100.248826,
              16.675775
            ],
            [
              100.254919,
              16.678512
            ],
            [
              100.26067,
              16.677861
            ],
            [
              100.260666,
              16.677245
            ],
            [
              100.25807,
              16.671405
            ],
            [
              100.257746,
              16.67079
            ],
            [
              100.250976,
              16.662202
            ],
            [
              100.23914,
              16.661348
            ],
            [
              100.237861,
              16.661356
            ]
          ]
        ]
      }
    },
    {
      "type": "Feature",
      "id": "catchment_1226054",
      "properties": {
        "station_id": "1226054",
        "station_name": "น้ำแม่งาว",
        "catchment_area_km2": 1679.97,
        "contributing_cells": 1444701
      },
      "geometry": {
        "type": "Polygon",
        "coordinates": [
          [
            [
              99.947479,
              18.3845
            ],
            [
              99.827369,
              18.513264
            ],
            [
              99.759439,
              18.92743
            ],
            [
              99.777004,
              19.01426
            ],
            [
              99.78745,
              19.030857
            ],
            [
              99.812835,
              19.053551
            ],
            [
              99.960863,
              18.928037
            ],
            [
              100.039066,
              18.849345
            ],
            [
              100.108489,
              18.675764
            ],
            [
              100.086845,
              18.576972
            ],
            [
              100.00219,
              18.411955
            ],
            [
              99.947479,
              18.3845
            ]
          ]
        ]
      }
    },
    {
      "type": "Feature",
      "id": "catchment_5656",
      "properties": {
        "station_id": "5656",
        "station_name": "บ้านขุนแหง",
        "catchment_area_km2": 8.42,
        "contributing_cells": 7243
      },
      "geometry": {
        "type": "Polygon",
        "coordinates": [
          [
            [
              99.998245,
              18.842789
            ],
            [
              99.998766,
              18.876067
            ],
            [
              99.999429,
              18.878837
            ],
            [
              100.007613,
              18.893892
            ],
            [
              100.007938,
              18.894199
            ],
            [
              100.013127,
              18.895711
            ],
            [
              100.014409,
              18.893547
            ],
            [
              100.019535,
              18.884583
            ],
            [
              100.019846,
              18.882424
            ],
            [
              100.017427,
              18.857169
            ],
            [
              99.998245,
              18.842789
            ]
          ]
        ]
      }
    },
    {
      "type": "Feature",
      "id": "catchment_8857",
      "properties": {
        "station_id": "8857",
        "station_name": "บ้านข่อย*",
        "catchment_area_km2": 267.6,
        "contributing_cells": 230124
      },
      "geometry": {
        "type": "Polygon",
        "coordinates": [
          [
            [
              99.807778,
              18.878227
            ],
            [
              99.766989,
              18.949895
            ],
            [
              99.760406,
              18.997997
            ],
            [
              99.762157,
              19.026649
            ],
            [
              99.770089,
              19.060514
            ],
            [
              99.814439,
              19.050154
            ],
            [
              99.924544,
              18.977527
            ],
            [
              99.940303,
              18.957418
            ],
            [
              99.955588,
              18.911424
            ],
            [
              99.92699,
              18.892463
            ],
            [
              99.807778,
              18.878227
            ]
          ]
        ]
      }
    },
    {
      "type": "Feature",
      "id": "catchment_5654",
      "properties": {
        "station_id": "5654",
        "station_name": "บ้านงิ้วงาม*",
        "catchment_area_km2": 256.69,
        "contributing_cells": 220746
      },
      "geometry": {
        "type": "Polygon",
        "coordinates": [
          [
            [
              99.939716,
              18.381457
            ],
            [
              99.918843,
              18.401899
            ],
            [
              99.896029,
              18.484907
            ],
            [
              99.929109,
              18.569803
            ],
            [
              99.945727,
              18.594682
            ],
            [
              99.959663,
              18.6017
            ],
            [
              100.04614,
              18.52574
            ],
            [
              100.041722,
              18.489709
            ],
            [
              100.003167,
              18.413491
            ],
            [
              99.963946,
              18.385342
            ],
            [
              99.939716,
              18.381457
            ]
          ]
        ]
      }
    },
    {
      "type": "Feature",
      "id": "catchment_2397",
      "properties": {
        "station_id": "2397",
        "station_name": "บ้านบ่อสี่เหลี่ยม",
        "catchment_area_km2": 1.04,
        "contributing_cells": 893
      },
      "geometry": {
        "type": "Polygon",
        "coordinates": [
          [
            [
              99.806792,
              18.87515
            ],
            [
              99.801621,
              18.877021
            ],
            [
              99.800979,
              18.878257
            ],
            [
              99.800992,
              18.88103
            ],
            [
              99.802293,
              18.882257
            ],
            [
              99.804239,
              18.882865
            ],
            [
              99.805535,
              18.883168
            ],
            [
              99.812014,
              18.884064
            ],
            [
              99.815898,
              18.883739
            ],
            [
              99.812635,
              18.878514
            ],
            [
              99.811336,
              18.877595
            ],
            [
              99.806792,
              18.87515
            ]
          ]
        ]
      }
    },
    {
      "type": "Feature",
      "id": "catchment_4258",
      "properties": {
        "station_id": "4258",
        "station_name": "บ้านหลวงเหนือ",
        "catchment_area_km2": 388.06,
        "contributing_cells": 333713
      },
      "geometry": {
        "type": "Polygon",
        "coordinates": [
          [
            [
              99.961228,
              18.764711
            ],
            [
              99.945379,
              18.7651
            ],
            [
              99.790695,
              18.894325
            ],
            [
              99.775901,
              18.91596
            ],
            [
              99.757717,
              18.976436
            ],
            [
              99.76314,
              19.02911
            ],
            [
              99.778128,
              19.046921
            ],
            [
              99.800485,
              19.046209
            ],
            [
              99.827637,
              19.032222
            ],
            [
              99.9757,
              18.917791
            ],
            [
              99.993077,
              18.899517
            ],
            [
              99.976212,
              18.782507
            ],
            [
              99.961228,
              18.764711
            ]
          ]
        ]
      }
    },
    {
      "type": "Feature",
      "id": "catchment_5676",
      "properties": {
        "station_id": "5676",
        "station_name": "บ้านแม่งาวใต้",
        "catchment_area_km2": 82.7,
        "contributing_cells": 71118
      },
      "geometry": {
        "type": "Polygon",
        "coordinates": [
          [
            [
              99.767013,
              18.955134
            ],
            [
              99.757642,
              18.959795
            ],
            [
              99.756056,
              18.967198
            ],
            [
              99.756096,
              19.047937
            ],
            [
              99.770081,
              19.058665
            ],
            [
              99.817048,
              19.053533
            ],
            [
              99.828325,
              19.040231
            ],
            [
              99.831787,
              19.019569
            ],
            [
              99.834125,
              18.968712
            ],
            [
              99.819501,
              18.958916
            ],
            [
              99.767013,
              18.955134
            ]
          ]
        ]
      }
    },
    {
      "type": "Feature",
      "id": "catchment_4254",
      "properties": {
        "station_id": "4254",
        "station_name": "บ้านโป่ง",
        "catchment_area_km2": 327.28,
        "contributing_cells": 281449
      },
      "geometry": {
        "type": "Polygon",
        "coordinates": [
          [
            [
              99.839134,
              18.672847
            ],
            [
              99.805607,
              18.694258
            ],
            [
              99.788373,
              18.743639
            ],
            [
              99.808715,
              18.871135
            ],
            [
              99.815884,
              18.880965
            ],
            [
              99.861589,
              18.892161
            ],
            [
              99.871298,
              18.8915
            ],
            [
              99.887766,
              18.883101
            ],
            [
              99.893851,
              18.870746
            ],
            [
              99.94969,
              18.726249
            ],
            [
              99.931489,
              18.710008
            ],
            [
              99.839134,
              18.672847
            ]
          ]
        ]
      }
    },
    {
      "type": "Feature",
      "id": "catchment_2396",
      "properties": {
        "station_id": "2396",
        "station_name": "บ้านใหม่พัฒนา",
        "catchment_area_km2": 12.38,
        "contributing_cells": 10646
      },
      "geometry": {
        "type": "Polygon",
        "coordinates": [
          [
            [
              99.77837,
              19.029355
            ],
            [
              99.75668,
              19.033759
            ],
            [
              99.753165,
              19.044559
            ],
            [
              99.773667,
              19.063273
            ],
            [
              99.774317,
              19.063578
            ],
            [
              99.790796,
              19.053031
            ],
            [
              99.798201,
              19.042829
            ],
            [
              99.799808,
              19.040049
            ],
            [
              99.792975,
              19.034223
            ],
            [
              99.784203,
              19.02933
            ],
            [
              99.77837,
              19.029355
            ]
          ]
        ]
      }
    },
    {
      "type": "Feature",
      "id": "catchment_268658",
      "properties": {
        "station_id": "268658",
        "station_name": "สะพานน้ำงาว",
        "catchment_area_km2": 267.6,
        "contributing_cells": 230124
      },
      "geometry": {
        "type": "Polygon",
        "coordinates": [
          [
            [
              99.807778,
              18.878227
            ],
            [
              99.766989,
              18.949895
            ],
            [
              99.760406,
              18.997997
            ],
            [
              99.762157,
              19.026649
            ],
            [
              99.770089,
              19.060514
            ],
            [
              99.814439,
              19.050154
            ],
            [
              99.924544,
              18.977527
            ],
            [
              99.940303,
              18.957418
            ],
            [
              99.955588,
              18.911424
            ],
            [
              99.92699,
              18.892463
            ],
            [
              99.807778,
              18.878227
            ]
          ]
        ]
      }
    },
    {
      "type": "Feature",
      "id": "catchment_5575",
      "properties": {
        "station_id": "5575",
        "station_name": "บ้านกุ่มเนิ้งใต้",
        "catchment_area_km2": 156.23,
        "contributing_cells": 134352
      },
      "geometry": {
        "type": "Polygon",
        "coordinates": [
          [
            [
              99.363161,
              17.582067
            ],
            [
              99.349022,
              17.582709
            ],
            [
              99.317898,
              17.610194
            ],
            [
              99.312771,
              17.619757
            ],
            [
              99.381048,
              17.682823
            ],
            [
              99.471535,
              17.733484
            ],
            [
              99.473308,
              17.673685
            ],
            [
              99.442309,
              17.619509
            ],
            [
              99.414912,
              17.586588
            ],
            [
              99.363161,
              17.582067
            ]
          ]
        ]
      }
    },
    {
      "type": "Feature",
      "id": "catchment_8860",
      "properties": {
        "station_id": "8860",
        "station_name": "บ้านปางอ้า*",
        "catchment_area_km2": 590.55,
        "contributing_cells": 507850
      },
      "geometry": {
        "type": "Polygon",
        "coordinates": [
          [
            [
              99.302633,
              17.320477
            ],
            [
              99.277326,
              17.350413
            ],
            [
              99.24824,
              17.440765
            ],
            [
              99.249905,
              17.483916
            ],
            [
              99.262848,
              17.549861
            ],
            [
              99.299881,
              17.60005
            ],
            [
              99.422518,
              17.678732
            ],
            [
              99.459799,
              17.671867
            ],
            [
              99.410186,
              17.485807
            ],
            [
              99.331843,
              17.324438
            ],
            [
              99.302633,
              17.320477
            ]
          ]
        ]
      }
    },
    {
      "type": "Feature",
      "id": "catchment_2405",
      "properties": {
        "station_id": "2405",
        "station_name": "บ้านหัวน้ำพัฒนา",
        "catchment_area_km2": 86.04,
        "contributing_cells": 73993
      },
      "geometry": {
        "type": "Polygon",
        "coordinates": [
          [
            [
              99.443248,
              17.609336
            ],
            [
              99.427504,
              17.611528
            ],
            [
              99.382895,
              17.643983
            ],
            [
              99.376834,
              17.666496
            ],
            [
              99.37685,
              17.674201
            ],
            [
              99.377506,
              17.680364
            ],
            [
              99.420012,
              17.707402
            ],
            [
              99.464123,
              17.727954
            ],
            [
              99.469879,
              17.715303
            ],
            [
              99.471793,
              17.709442
            ],
            [
              99.469147,
              17.681092
            ],
            [
              99.446483,
              17.61765
            ],
            [
              99.443248,
              17.609336
            ]
          ]
        ]
      }
    },
    {
      "type": "Feature",
      "id": "catchment_8859",
      "properties": {
        "station_id": "8859",
        "station_name": "บ้านแม่มอกใต้*",
        "catchment_area_km2": 116.34,
        "contributing_cells": 100046
      },
      "geometry": {
        "type": "Polygon",
        "coordinates": [
          [
            [
              99.400783,
              17.591857
            ],
            [
              99.385379,
              17.602368
            ],
            [
              99.383775,
              17.603912
            ],
            [
              99.369027,
              17.622126
            ],
            [
              99.361366,
              17.648647
            ],
            [
              99.358818,
              17.660673
            ],
            [
              99.376862,
              17.680058
            ],
            [
              99.468328,
              17.73719
            ],
            [
              99.472781,
              17.71807
            ],
            [
              99.468467,
              17.666915
            ],
            [
              99.444236,
              17.618888
            ],
            [
              99.438109,
              17.610888
            ],
            [
              99.406893,
              17.593694
            ],
            [
              99.400783,
              17.591857
            ]
          ]
        ]
      }
    },
    {
      "type": "Feature",
      "id": "catchment_4090",
      "properties": {
        "station_id": "4090",
        "station_name": "ห้วยแม่มอก",
        "catchment_area_km2": 785.08,
        "contributing_cells": 675134
      },
      "geometry": {
        "type": "Polygon",
        "coordinates": [
          [
            [
              99.431765,
              17.237016
            ],
            [
              99.310966,
              17.313683
            ],
            [
              99.293028,
              17.33467
            ],
            [
              99.253073,
              17.452163
            ],
            [
              99.249912,
              17.489156
            ],
            [
              99.249957,
              17.522137
            ],
            [
              99.321476,
              17.63423
            ],
            [
              99.380402,
              17.681284
            ],
            [
              99.465726,
              17.726101
            ],
            [
              99.4728,
              17.725467
            ],
            [
              99.469515,
              17.323854
            ],
            [
              99.431765,
              17.237016
            ]
          ]
        ]
      }
    },
    {
      "type": "Feature",
      "id": "catchment_8865",
      "properties": {
        "station_id": "8865",
        "station_name": "บ้านวังตม*",
        "catchment_area_km2": 106.83,
        "contributing_cells": 91868
      },
      "geometry": {
        "type": "Polygon",
        "coordinates": [
          [
            [
              99.957807,
              18.38414
            ],
            [
              99.93361,
              18.386418
            ],
            [
              99.915546,
              18.388971
            ],
            [
              99.913666,
              18.399766
            ],
            [
              99.919998,
              18.437025
            ],
            [
              99.926229,
              18.454869
            ],
            [
              99.932096,
              18.46501
            ],
            [
              99.9687,
              18.484858
            ],
            [
              99.980039,
              18.490963
            ],
            [
              100.006794,
              18.481885
            ],
            [
              100.010982,
              18.480014
            ],
            [
              100.023858,
              18.472857
            ],
            [
              100.023416,
              18.452829
            ],
            [
              99.995371,
              18.405211
            ],
            [
              99.957807,
              18.38414
            ]
          ]
        ]
      }
    },
    {
      "type": "Feature",
      "id": "catchment_1723",
      "properties": {
        "station_id": "1723",
        "station_name": "กงไกรลาศ",
        "catchment_area_km2": 6034.22,
        "contributing_cells": 5189173
      },
      "geometry": {
        "type": "Polygon",
        "coordinates": [
          [
            [
              99.59664,
              16.524556
            ],
            [
              99.360677,
              16.967134
            ],
            [
              99.34637,
              17.024802
            ],
            [
              99.286493,
              17.465681
            ],
            [
              99.429588,
              17.677175
            ],
            [
              99.770665,
              17.434189
            ],
            [
              99.820166,
              17.302075
            ],
            [
              99.898681,
              17.083214
            ],
            [
              99.918012,
              16.972785
            ],
            [
              99.893493,
              16.799055
            ],
            [
              99.869891,
              16.745833
            ],
            [
              99.59664,
              16.524556
            ]
          ]
        ]
      }
    },
    {
      "type": "Feature",
      "id": "catchment_4013",
      "properties": {
        "station_id": "4013",
        "station_name": "บ้านกง",
        "catchment_area_km2": 6034.22,
        "contributing_cells": 5189173
      },
      "geometry": {
        "type": "Polygon",
        "coordinates": [
          [
            [
              99.59664,
              16.524556
            ],
            [
              99.360677,
              16.967134
            ],
            [
              99.34637,
              17.024802
            ],
            [
              99.286493,
              17.465681
            ],
            [
              99.429588,
              17.677175
            ],
            [
              99.770665,
              17.434189
            ],
            [
              99.820166,
              17.302075
            ],
            [
              99.898681,
              17.083214
            ],
            [
              99.918012,
              16.972785
            ],
            [
              99.893493,
              16.799055
            ],
            [
              99.869891,
              16.745833
            ],
            [
              99.59664,
              16.524556
            ]
          ]
        ]
      }
    },
    {
      "type": "Feature",
      "id": "catchment_8039",
      "properties": {
        "station_id": "8039",
        "station_name": "สะพานข้ามแม่น้ำยมสายเก่า-ตำบลไกรใน",
        "catchment_area_km2": 2.88,
        "contributing_cells": 2475
      },
      "geometry": {
        "type": "Polygon",
        "coordinates": [
          [
            [
              100.019955,
              17.049354
            ],
            [
              100.016758,
              17.050602
            ],
            [
              100.004939,
              17.057442
            ],
            [
              100.003668,
              17.059297
            ],
            [
              100.002719,
              17.061768
            ],
            [
              100.000827,
              17.067325
            ],
            [
              100.001476,
              17.068863
            ],
            [
              100.003411,
              17.071319
            ],
            [
              100.007257,
              17.0713
            ],
            [
              100.008537,
              17.070985
            ],
            [
              100.008856,
              17.070676
            ],
            [
              100.02192,
              17.057049
            ],
            [
              100.021255,
              17.052737
            ],
            [
              100.020276,
              17.049352
            ],
            [
              100.019955,
              17.049354
            ]
          ]
        ]
      }
    },
    {
      "type": "Feature",
      "id": "catchment_5752",
      "properties": {
        "station_id": "5752",
        "station_name": "บ้านสามพวง 1*",
        "catchment_area_km2": 81.1,
        "contributing_cells": 69745
      },
      "geometry": {
        "type": "Polygon",
        "coordinates": [
          [
            [
              99.713428,
              16.652419
            ],
            [
              99.708355,
              16.66415
            ],
            [
              99.703327,
              16.688518
            ],
            [
              99.700855,
              16.712261
            ],
            [
              99.778311,
              16.803222
            ],
            [
              99.788731,
              16.769277
            ],
            [
              99.775653,
              16.699973
            ],
            [
              99.770481,
              16.68643
            ],
            [
              99.725596,
              16.657001
            ],
            [
              99.713428,
              16.652419
            ]
          ]
        ]
      }
    },
    {
      "type": "Feature",
      "id": "catchment_5494",
      "properties": {
        "station_id": "5494",
        "station_name": "บ้านใหม่เจริญผล",
        "catchment_area_km2": 888.14,
        "contributing_cells": 763759
      },
      "geometry": {
        "type": "Polygon",
        "coordinates": [
          [
            [
              99.581852,
              16.495314
            ],
            [
              99.539062,
              16.503751
            ],
            [
              99.523775,
              16.522594
            ],
            [
              99.500714,
              16.625607
            ],
            [
              99.492245,
              16.689744
            ],
            [
              99.492765,
              16.767731
            ],
            [
              99.529266,
              16.892172
            ],
            [
              99.563594,
              16.915507
            ],
            [
              99.601675,
              16.908
            ],
            [
              99.659697,
              16.835077
            ],
            [
              99.685683,
              16.762864
            ],
            [
              99.699705,
              16.659864
            ],
            [
              99.677314,
              16.56654
            ],
            [
              99.581852,
              16.495314
            ]
          ]
        ]
      }
    },
    {
      "type": "Feature",
      "id": "catchment_22605811",
      "properties": {
        "station_id": "22605811",
        "station_name": "สะพานบ้านคันแม่น้ำบน",
        "catchment_area_km2": 101.86,
        "contributing_cells": 87593
      },
      "geometry": {
        "type": "Polygon",
        "coordinates": [
          [
            [
              99.715053,
              16.659503
            ],
            [
              99.701656,
              16.668796
            ],
            [
              99.702378,
              16.691296
            ],
            [
              99.706959,
              16.71933
            ],
            [
              99.708585,
              16.726722
            ],
            [
              99.713772,
              16.745199
            ],
            [
              99.761039,
              16.805444
            ],
            [
              99.787036,
              16.82384
            ],
            [
              99.795685,
              16.825657
            ],
            [
              99.800745,
              16.81115
            ],
            [
              99.776292,
              16.699971
            ],
            [
              99.76695,
              16.683052
            ],
            [
              99.752193,
              16.671393
            ],
            [
              99.715053,
              16.659503
            ]
          ]
        ]
      }
    },
    {
      "type": "Feature",
      "id": "catchment_8891",
      "properties": {
        "station_id": "8891",
        "station_name": "บ้านแม่ทุเลา*",
        "catchment_area_km2": 1057.58,
        "contributing_cells": 909478
      },
      "geometry": {
        "type": "Polygon",
        "coordinates": [
          [
            [
              99.422175,
              17.251216
            ],
            [
              99.29301,
              17.323265
            ],
            [
              99.247602,
              17.44354
            ],
            [
              99.252509,
              17.508879
            ],
            [
              99.260248,
              17.529213
            ],
            [
              99.292143,
              17.584959
            ],
            [
              99.359465,
              17.663138
            ],
            [
              99.446538,
              17.640151
            ],
            [
              99.567789,
              17.348566
            ],
            [
              99.567618,
              17.292777
            ],
            [
              99.514266,
              17.260248
            ],
            [
              99.422175,
              17.251216
            ]
          ]
        ]
      }
    },
    {
      "type": "Feature",
      "id": "catchment_2791",
      "properties": {
        "station_id": "2791",
        "station_name": "บ้านนาต้นจั่น*",
        "catchment_area_km2": 229.64,
        "contributing_cells": 197480
      },
      "geometry": {
        "type": "Polygon",
        "coordinates": [
          [
            [
              99.944574,
              17.597712
            ],
            [
              99.882272,
              17.60663
            ],
            [
              99.835743,
              17.622242
            ],
            [
              99.827399,
              17.625051
            ],
            [
              99.796343,
              17.652918
            ],
            [
              99.796488,
              17.685895
            ],
            [
              99.826518,
              17.713818
            ],
            [
              99.832965,
              17.717181
            ],
            [
              99.925981,
              17.732483
            ],
            [
              99.961175,
              17.698104
            ],
            [
              99.96782,
              17.61794
            ],
            [
              99.944574,
              17.597712
            ]
          ]
        ]
      }
    },
    {
      "type": "Feature",
      "id": "catchment_10103",
      "properties": {
        "station_id": "10103",
        "station_name": "บ้านป่ากล้วย",
        "catchment_area_km2": 12570.73,
        "contributing_cells": 10810302
      },
      "geometry": {
        "type": "Polygon",
        "coordinates": [
          [
            [
              99.797366,
              17.519767
            ],
            [
              99.694094,
              17.563614
            ],
            [
              99.484931,
              17.691842
            ],
            [
              99.760021,
              18.984439
            ],
            [
              100.28692,
              19.30259
            ],
            [
              100.47387,
              19.342153
            ],
            [
              100.607276,
              19.309601
            ],
            [
              100.516298,
              18.833747
            ],
            [
              100.44128,
              18.4572
            ],
            [
              100.378767,
              18.270009
            ],
            [
              99.972328,
              17.619459
            ],
            [
              99.797366,
              17.519767
            ]
          ]
        ]
      }
    },
    {
      "type": "Feature",
      "id": "catchment_201269",
      "properties": {
        "station_id": "201269",
        "station_name": "บ้านป่างิ้ว",
        "catchment_area_km2": 12245.15,
        "contributing_cells": 10530310
      },
      "geometry": {
        "type": "Polygon",
        "coordinates": [
          [
            [
              99.696227,
              17.533401
            ],
            [
              99.585222,
              17.581534
            ],
            [
              99.488648,
              17.639126
            ],
            [
              99.393135,
              17.769719
            ],
            [
              99.817375,
              18.987892
            ],
            [
              100.301905,
              19.309878
            ],
            [
              100.51263,
              19.321501
            ],
            [
              100.54292,
              19.298449
            ],
            [
              100.608249,
              19.142918
            ],
            [
              100.523835,
              18.409104
            ],
            [
              100.333105,
              17.990533
            ],
            [
              99.696227,
              17.533401
            ]
          ]
        ]
      }
    },
    {
      "type": "Feature",
      "id": "catchment_2788",
      "properties": {
        "station_id": "2788",
        "station_name": "บ้านฟากท่า*",
        "catchment_area_km2": 12235.84,
        "contributing_cells": 10522305
      },
      "geometry": {
        "type": "Polygon",
        "coordinates": [
          [
            [
              99.722912,
              17.538237
            ],
            [
              99.461899,
              17.612683
            ],
            [
              99.513789,
              17.888103
            ],
            [
              99.767985,
              19.0257
            ],
            [
              100.423701,
              19.395854
            ],
            [
              100.497536,
              19.374618
            ],
            [
              100.566994,
              19.305022
            ],
            [
              100.615334,
              19.071379
            ],
            [
              100.53413,
              18.441682
            ],
            [
              100.530432,
              18.425074
            ],
            [
              100.380204,
              18.124864
            ],
            [
              99.722912,
              17.538237
            ]
          ]
        ]
      }
    },
    {
      "type": "Feature",
      "id": "catchment_5762",
      "properties": {
        "station_id": "5762",
        "station_name": "บ้านห้วยโป้*",
        "catchment_area_km2": 517.14,
        "contributing_cells": 444718
      },
      "geometry": {
        "type": "Polygon",
        "coordinates": [
          [
            [
              99.737798,
              17.722801
            ],
            [
              99.715959,
              17.730279
            ],
            [
              99.70643,
              17.760826
            ],
            [
              99.753477,
              17.85712
            ],
            [
              99.810689,
              17.911442
            ],
            [
              99.926564,
              17.969481
            ],
            [
              99.961028,
              17.911065
            ],
            [
              99.974757,
              17.831176
            ],
            [
              99.977235,
              17.813597
            ],
            [
              99.944222,
              17.776468
            ],
            [
              99.89282,
              17.72524
            ],
            [
              99.841035,
              17.723619
            ],
            [
              99.737798,
              17.722801
            ]
          ]
        ]
      }
    },
    {
      "type": "Feature",
      "id": "catchment_5770",
      "properties": {
        "station_id": "5770",
        "station_name": "บ้านแม่รากกลาง*",
        "catchment_area_km2": 259.84,
        "contributing_cells": 223450
      },
      "geometry": {
        "type": "Polygon",
        "coordinates": [
          [
            [
              99.790879,
              17.579278
            ],
            [
              99.782242,
              17.588558
            ],
            [
              99.804822,
              17.680006
            ],
            [
              99.825864,
              17.711355
            ],
            [
              99.831673,
              17.715954
            ],
            [
              99.837789,
              17.717161
            ],
            [
              99.897336,
              17.727993
            ],
            [
              99.918247,
              17.729437
            ],
            [
              99.944261,
              17.722533
            ],
            [
              99.971341,
              17.675248
            ],
            [
              99.971318,
              17.670933
            ],
            [
              99.967869,
              17.627186
            ],
            [
              99.942046,
              17.606045
            ],
            [
              99.911785,
              17.595708
            ],
            [
              99.790879,
              17.579278
            ]
          ]
        ]
      }
    },
    {
      "type": "Feature",
      "id": "catchment_8892",
      "properties": {
        "station_id": "8892",
        "station_name": "บ้านโป่งวัว*",
        "catchment_area_km2": 11851.67,
        "contributing_cells": 10191935
      },
      "geometry": {
        "type": "Polygon",
        "coordinates": [
          [
            [
              99.617382,
              17.68284
            ],
            [
              99.385009,
              17.730591
            ],
            [
              99.810524,
              19.044625
            ],
            [
              100.275109,
              19.327938
            ],
            [
              100.475396,
              19.367405
            ],
            [
              100.596749,
              19.261324
            ],
            [
              100.615334,
              19.071379
            ],
            [
              100.437947,
              18.366944
            ],
            [
              100.365147,
              18.177972
            ],
            [
              100.252824,
              18.022809
            ],
            [
              99.682093,
              17.704818
            ],
            [
              99.635085,
              17.688332
            ],
            [
              99.617382,
              17.68284
            ]
          ]
        ]
      }
    },
    {
      "type": "Feature",
      "id": "catchment_1725",
      "properties": {
        "station_id": "1725",
        "station_name": "ศรีสัชนาลัย",
        "catchment_area_km2": 12555.56,
        "contributing_cells": 10797256
      },
      "geometry": {
        "type": "Polygon",
        "coordinates": [
          [
            [
              99.693025,
              17.536186
            ],
            [
              99.623955,
              17.53734
            ],
            [
              99.585222,
              17.581534
            ],
            [
              99.458513,
              17.79855
            ],
            [
              99.82037,
              18.871392
            ],
            [
              99.841618,
              18.912592
            ],
            [
              100.478811,
              19.386171
            ],
            [
              100.517791,
              19.388314
            ],
            [
              100.566994,
              19.305022
            ],
            [
              100.576873,
              19.286143
            ],
            [
              100.489313,
              18.78251
            ],
            [
              100.329771,
              18.01829
            ],
            [
              99.966525,
              17.616097
            ],
            [
              99.693025,
              17.536186
            ]
          ]
        ]
      }
    },
    {
      "type": "Feature",
      "id": "catchment_268659",
      "properties": {
        "station_id": "268659",
        "station_name": "สะพานบ้านตึก",
        "catchment_area_km2": 259.81,
        "contributing_cells": 223425
      },
      "geometry": {
        "type": "Polygon",
        "coordinates": [
          [
            [
              99.782528,
              17.580236
            ],
            [
              99.8181,
              17.701217
            ],
            [
              99.825538,
              17.710432
            ],
            [
              99.912142,
              17.73039
            ],
            [
              99.924999,
              17.729097
            ],
            [
              99.937168,
              17.719177
            ],
            [
              99.963698,
              17.688846
            ],
            [
              99.965431,
              17.652162
            ],
            [
              99.965949,
              17.628736
            ],
            [
              99.959152,
              17.619832
            ],
            [
              99.93332,
              17.596532
            ],
            [
              99.928158,
              17.59255
            ],
            [
              99.792489,
              17.580196
            ],
            [
              99.782528,
              17.580236
            ]
          ]
        ]
      }
    },
    {
      "type": "Feature",
      "id": "catchment_22605808",
      "properties": {
        "station_id": "22605808",
        "station_name": "ห้วยแม่ท่าแพ",
        "catchment_area_km2": 0.67,
        "contributing_cells": 578
      },
      "geometry": {
        "type": "Polygon",
        "coordinates": [
          [
            [
              99.691013,
              17.428625
            ],
            [
              99.688446,
              17.42925
            ],
            [
              99.687487,
              17.430178
            ],
            [
              99.687171,
              17.43172
            ],
            [
              99.686862,
              17.434804
            ],
            [
              99.686864,
              17.43542
            ],
            [
              99.68719,
              17.436652
            ],
            [
              99.690732,
              17.439413
            ],
            [
              99.692335,
              17.438791
            ],
            [
              99.693937,
              17.437861
            ],
            [
              99.694576,
              17.436934
            ],
            [
              99.693925,
              17.434471
            ],
            [
              99.691334,
              17.428624
            ],
            [
              99.691013,
              17.428625
            ]
          ]
        ]
      }
    },
    {
      "type": "Feature",
      "id": "catchment_4154",
      "properties": {
        "station_id": "4154",
        "station_name": "ห้วยแม่สิน",
        "catchment_area_km2": 310.73,
        "contributing_cells": 267216
      },
      "geometry": {
        "type": "Polygon",
        "coordinates": [
          [
            [
              99.934826,
              17.763569
            ],
            [
              99.793084,
              17.789158
            ],
            [
              99.792631,
              17.904736
            ],
            [
              99.826198,
              17.923704
            ],
            [
              99.906877,
              17.960944
            ],
            [
              99.924935,
              17.96579
            ],
            [
              99.93362,
              17.963899
            ],
            [
              99.973269,
              17.912546
            ],
            [
              99.98407,
              17.827739
            ],
            [
              99.98081,
              17.820051
            ],
            [
              99.947408,
              17.770597
            ],
            [
              99.934826,
              17.763569
            ]
          ]
        ]
      }
    },
    {
      "type": "Feature",
      "id": "catchment_4058",
      "properties": {
        "station_id": "4058",
        "station_name": "บ้านคลองตาล",
        "catchment_area_km2": 0.49,
        "contributing_cells": 424
      },
      "geometry": {
        "type": "Polygon",
        "coordinates": [
          [
            [
              99.85868,
              17.165682
            ],
            [
              99.856121,
              17.166926
            ],
            [
              99.855801,
              17.167235
            ],
            [
              99.860326,
              17.174922
            ],
            [
              99.860648,
              17.175228
            ],
            [
              99.860968,
              17.175227
            ],
            [
              99.861929,
              17.174915
            ],
            [
              99.862569,
              17.174604
            ],
            [
              99.864776,
              17.166581
            ],
            [
              99.859642,
              17.165678
            ],
            [
              99.85868,
              17.165682
            ]
          ]
        ]
      }
    },
    {
      "type": "Feature",
      "id": "catchment_22605809",
      "properties": {
        "station_id": "22605809",
        "station_name": "คลองแม่มอก",
        "catchment_area_km2": 0.65,
        "contributing_cells": 557
      },
      "geometry": {
        "type": "Polygon",
        "coordinates": [
          [
            [
              99.711401,
              17.220194
            ],
            [
              99.704027,
              17.220837
            ],
            [
              99.703077,
              17.223922
            ],
            [
              99.704054,
              17.227926
            ],
            [
              99.704378,
              17.228849
            ],
            [
              99.705987,
              17.230077
            ],
            [
              99.706307,
              17.230075
            ],
            [
              99.709503,
              17.226982
            ],
            [
              99.71174,
              17.224817
            ],
            [
              99.712696,
              17.223272
            ],
            [
              99.712693,
              17.222347
            ],
            [
              99.712043,
              17.220192
            ],
            [
              99.711401,
              17.220194
            ]
          ]
        ]
      }
    },
    {
      "type": "Feature",
      "id": "catchment_4082",
      "properties": {
        "station_id": "4082",
        "station_name": "บ้านวังขอนไม้",
        "catchment_area_km2": 2.71,
        "contributing_cells": 2329
      },
      "geometry": {
        "type": "Polygon",
        "coordinates": [
          [
            [
              99.830415,
              17.298026
            ],
            [
              99.829454,
              17.298338
            ],
            [
              99.829135,
              17.298648
            ],
            [
              99.826909,
              17.30328
            ],
            [
              99.825324,
              17.307602
            ],
            [
              99.825012,
              17.309452
            ],
            [
              99.825027,
              17.312843
            ],
            [
              99.833143,
              17.333768
            ],
            [
              99.834114,
              17.335613
            ],
            [
              99.835084,
              17.33715
            ],
            [
              99.837966,
              17.335905
            ],
            [
              99.839219,
              17.329119
            ],
            [
              99.83921,
              17.326962
            ],
            [
              99.831701,
              17.298637
            ],
            [
              99.830415,
              17.298026
            ]
          ]
        ]
      }
    },
    {
      "type": "Feature",
      "id": "catchment_1731",
      "properties": {
        "station_id": "1731",
        "station_name": "สวรรคโลก",
        "catchment_area_km2": 1.52,
        "contributing_cells": 1305
      },
      "geometry": {
        "type": "Polygon",
        "coordinates": [
          [
            [
              99.861396,
              17.198342
            ],
            [
              99.860762,
              17.199885
            ],
            [
              99.857612,
              17.212227
            ],
            [
              99.858588,
              17.215306
            ],
            [
              99.860516,
              17.216222
            ],
            [
              99.871726,
              17.213092
            ],
            [
              99.873955,
              17.209692
            ],
            [
              99.873952,
              17.209075
            ],
            [
              99.867185,
              17.202015
            ],
            [
              99.866541,
              17.201402
            ],
            [
              99.861396,
              17.198342
            ]
          ]
        ]
      }
    },
    {
      "type": "Feature",
      "id": "catchment_8040",
      "properties": {
        "station_id": "8040",
        "station_name": "สะพานข้ามแม่น้ำยมสายเก่า-วัดปากน้ำ",
        "catchment_area_km2": 9.62,
        "contributing_cells": 8271
      },
      "geometry": {
        "type": "Polygon",
        "coordinates": [
          [
            [
              99.87169,
              17.205386
            ],
            [
              99.864035,
              17.214358
            ],
            [
              99.852892,
              17.231973
            ],
            [
              99.857412,
              17.238427
            ],
            [
              99.862881,
              17.242102
            ],
            [
              99.869611,
              17.24084
            ],
            [
              99.880467,
              17.230314
            ],
            [
              99.890997,
              17.219172
            ],
            [
              99.887423,
              17.209324
            ],
            [
              99.87169,
              17.205386
            ]
          ]
        ]
      }
    },
    {
      "type": "Feature",
      "id": "catchment_8041",
      "properties": {
        "station_id": "8041",
        "station_name": "สะพานคลองแม่น้ำเก่า",
        "catchment_area_km2": 0.7,
        "contributing_cells": 604
      },
      "geometry": {
        "type": "Polygon",
        "coordinates": [
          [
            [
              99.858154,
              17.329347
            ],
            [
              99.857516,
              17.330274
            ],
            [
              99.856248,
              17.33367
            ],
            [
              99.854681,
              17.341691
            ],
            [
              99.855334,
              17.344153
            ],
            [
              99.856623,
              17.345381
            ],
            [
              99.857267,
              17.345686
            ],
            [
              99.858225,
              17.344757
            ],
            [
              99.860436,
              17.337043
            ],
            [
              99.86106,
              17.333341
            ],
            [
              99.861052,
              17.331492
            ],
            [
              99.860082,
              17.329955
            ],
            [
              99.858154,
              17.329347
            ]
          ]
        ]
      }
    },
    {
      "type": "Feature",
      "id": "catchment_22605810",
      "properties": {
        "station_id": "22605810",
        "station_name": "คลองแม่รำพัน",
        "catchment_area_km2": 3.43,
        "contributing_cells": 2952
      },
      "geometry": {
        "type": "Polygon",
        "coordinates": [
          [
            [
              99.703243,
              17.012168
            ],
            [
              99.697158,
              17.012805
            ],
            [
              99.696201,
              17.013733
            ],
            [
              99.697197,
              17.023285
            ],
            [
              99.700104,
              17.02944
            ],
            [
              99.704617,
              17.036822
            ],
            [
              99.708142,
              17.037118
            ],
            [
              99.714542,
              17.034938
            ],
            [
              99.715499,
              17.033701
            ],
            [
              99.715494,
              17.032469
            ],
            [
              99.7129,
              17.024464
            ],
            [
              99.707091,
              17.013079
            ],
            [
              99.704524,
              17.012164
            ],
            [
              99.703243,
              17.012168
            ]
          ]
        ]
      }
    },
    {
      "type": "Feature",
      "id": "catchment_6128",
      "properties": {
        "station_id": "6128",
        "station_name": "คลองแม่รำพัน 1",
        "catchment_area_km2": 21.06,
        "contributing_cells": 18111
      },
      "geometry": {
        "type": "Polygon",
        "coordinates": [
          [
            [
              99.623743,
              16.997324
            ],
            [
              99.62311,
              16.999791
            ],
            [
              99.620585,
              17.011204
            ],
            [
              99.620933,
              17.019525
            ],
            [
              99.624535,
              17.04294
            ],
            [
              99.628414,
              17.0531
            ],
            [
              99.633545,
              17.054317
            ],
            [
              99.639956,
              17.054913
            ],
            [
              99.649247,
              17.054576
            ],
            [
              99.659809,
              17.050843
            ],
            [
              99.663644,
              17.048056
            ],
            [
              99.646208,
              17.009275
            ],
            [
              99.632727,
              17.001611
            ],
            [
              99.623743,
              16.997324
            ]
          ]
        ]
      }
    },
    {
      "type": "Feature",
      "id": "catchment_4027",
      "properties": {
        "station_id": "4027",
        "station_name": "ต.ธานี",
        "catchment_area_km2": 0.41,
        "contributing_cells": 352
      },
      "geometry": {
        "type": "Polygon",
        "coordinates": [
          [
            [
              99.823332,
              17.001546
            ],
            [
              99.822373,
              17.001858
            ],
            [
              99.815028,
              17.007128
            ],
            [
              99.81503,
              17.007744
            ],
            [
              99.815352,
              17.008051
            ],
            [
              99.815995,
              17.008665
            ],
            [
              99.81888,
              17.008962
            ],
            [
              99.820158,
              17.00834
            ],
            [
              99.8259,
              17.002769
            ],
            [
              99.825257,
              17.002155
            ],
            [
              99.823653,
              17.001545
            ],
            [
              99.823332,
              17.001546
            ]
          ]
        ]
      }
    },
    {
      "type": "Feature",
      "id": "catchment_5720",
      "properties": {
        "station_id": "5720",
        "station_name": "บ้านมนต์คีรี",
        "catchment_area_km2": 6.21,
        "contributing_cells": 5340
      },
      "geometry": {
        "type": "Polygon",
        "coordinates": [
          [
            [
              99.695309,
              16.945617
            ],
            [
              99.684429,
              16.948119
            ],
            [
              99.681553,
              16.94967
            ],
            [
              99.678357,
              16.95153
            ],
            [
              99.667811,
              16.958038
            ],
            [
              99.668468,
              16.962659
            ],
            [
              99.669432,
              16.963581
            ],
            [
              99.670075,
              16.964195
            ],
            [
              99.695717,
              16.969349
            ],
            [
              99.698595,
              16.968107
            ],
            [
              99.703373,
              16.961001
            ],
            [
              99.703363,
              16.958535
            ],
            [
              99.695309,
              16.945617
            ]
          ]
        ]
      }
    },
    {
      "type": "Feature",
      "id": "catchment_1718",
      "properties": {
        "station_id": "1718",
        "station_name": "เมืองสุโขทัย",
        "catchment_area_km2": 0.38,
        "contributing_cells": 325
      },
      "geometry": {
        "type": "Polygon",
        "coordinates": [
          [
            [
              99.821456,
              17.012033
            ],
            [
              99.820817,
              17.012344
            ],
            [
              99.820504,
              17.014195
            ],
            [
              99.820506,
              17.014503
            ],
            [
              99.821504,
              17.023129
            ],
            [
              99.822145,
              17.023127
            ],
            [
              99.82342,
              17.02158
            ],
            [
              99.825322,
              17.016949
            ],
            [
              99.824344,
              17.013255
            ],
            [
              99.822097,
              17.012031
            ],
            [
              99.821456,
              17.012033
            ]
          ]
        ]
      }
    },
    {
      "type": "Feature",
      "id": "catchment_5430",
      "properties": {
        "station_id": "5430",
        "station_name": "บ้านครกหนานทา",
        "catchment_area_km2": 1.61,
        "contributing_cells": 1384
      },
      "geometry": {
        "type": "Polygon",
        "coordinates": [
          [
            [
              100.408829,
              18.476857
            ],
            [
              100.404326,
              18.479047
            ],
            [
              100.402724,
              18.480599
            ],
            [
              100.402408,
              18.481526
            ],
            [
              100.403395,
              18.483676
            ],
            [
              100.409245,
              18.488254
            ],
            [
              100.411836,
              18.489159
            ],
            [
              100.413125,
              18.488842
            ],
            [
              100.41731,
              18.48727
            ],
            [
              100.418261,
              18.485106
            ],
            [
              100.417928,
              18.483876
            ],
            [
              100.412391,
              18.478063
            ],
            [
              100.410443,
              18.476845
            ],
            [
              100.408829,
              18.476857
            ]
          ]
        ]
      }
    },
    {
      "type": "Feature",
      "id": "catchment_5726",
      "properties": {
        "station_id": "5726",
        "station_name": "บ้านจำวาย",
        "catchment_area_km2": 5.9,
        "contributing_cells": 5071
      },
      "geometry": {
        "type": "Polygon",
        "coordinates": [
          [
            [
              100.458756,
              18.308549
            ],
            [
              100.455858,
              18.309187
            ],
            [
              100.430124,
              18.318317
            ],
            [
              100.416937,
              18.323346
            ],
            [
              100.416297,
              18.323967
            ],
            [
              100.423785,
              18.332231
            ],
            [
              100.427347,
              18.333745
            ],
            [
              100.433165,
              18.334934
            ],
            [
              100.444068,
              18.32684
            ],
            [
              100.445671,
              18.325595
            ],
            [
              100.450474,
              18.321245
            ],
            [
              100.455589,
              18.31566
            ],
            [
              100.459419,
              18.310701
            ],
            [
              100.459404,
              18.308852
            ],
            [
              100.458756,
              18.308549
            ]
          ]
        ]
      }
    },
    {
      "type": "Feature",
      "id": "catchment_2445",
      "properties": {
        "station_id": "2445",
        "station_name": "บ้านบุญแจ่ม",
        "catchment_area_km2": 71.39,
        "contributing_cells": 61389
      },
      "geometry": {
        "type": "Polygon",
        "coordinates": [
          [
            [
              100.349475,
              18.236014
            ],
            [
              100.341767,
              18.240074
            ],
            [
              100.33382,
              18.255229
            ],
            [
              100.331605,
              18.260791
            ],
            [
              100.33068,
              18.266344
            ],
            [
              100.330729,
              18.272815
            ],
            [
              100.357619,
              18.288033
            ],
            [
              100.36539,
              18.291675
            ],
            [
              100.456395,
              18.296241
            ],
            [
              100.468329,
              18.29615
            ],
            [
              100.479616,
              18.295755
            ],
            [
              100.48721,
              18.278441
            ],
            [
              100.482965,
              18.272311
            ],
            [
              100.374664,
              18.240457
            ],
            [
              100.349475,
              18.236014
            ]
          ]
        ]
      }
    },
    {
      "type": "Feature",
      "id": "catchment_5456",
      "properties": {
        "station_id": "5456",
        "station_name": "บ้านป่ากล้วย",
        "catchment_area_km2": 280.16,
        "contributing_cells": 240926
      },
      "geometry": {
        "type": "Polygon",
        "coordinates": [
          [
            [
              100.4084,
              18.144689
            ],
            [
              100.38102,
              18.146736
            ],
            [
              100.330935,
              18.172666
            ],
            [
              100.311025,
              18.182971
            ],
            [
              100.293774,
              18.204351
            ],
            [
              100.282023,
              18.228774
            ],
            [
              100.282061,
              18.234012
            ],
            [
              100.302867,
              18.256367
            ],
            [
              100.3314,
              18.2762
            ],
            [
              100.350518,
              18.287467
            ],
            [
              100.370551,
              18.291638
            ],
            [
              100.423503,
              18.297722
            ],
            [
              100.47799,
              18.294227
            ],
            [
              100.453278,
              18.19304
            ],
            [
              100.423635,
              18.155362
            ],
            [
              100.4084,
              18.144689
            ]
          ]
        ]
      }
    },
    {
      "type": "Feature",
      "id": "catchment_5460",
      "properties": {
        "station_id": "5460",
        "station_name": "บ้านผาราง",
        "catchment_area_km2": 43.29,
        "contributing_cells": 37224
      },
      "geometry": {
        "type": "Polygon",
        "coordinates": [
          [
            [
              100.386078,
              18.297073
            ],
            [
              100.355171,
              18.304998
            ],
            [
              100.339413,
              18.31158
            ],
            [
              100.330105,
              18.317808
            ],
            [
              100.336002,
              18.329476
            ],
            [
              100.34477,
              18.33681
            ],
            [
              100.369937,
              18.336631
            ],
            [
              100.397024,
              18.334586
            ],
            [
              100.414084,
              18.32953
            ],
            [
              100.452317,
              18.310138
            ],
            [
              100.46,
              18.302993
            ],
            [
              100.457386,
              18.299007
            ],
            [
              100.386078,
              18.297073
            ]
          ]
        ]
      }
    },
    {
      "type": "Feature",
      "id": "catchment_8982",
      "properties": {
        "station_id": "8982",
        "station_name": "บ้านวังโป่ง*",
        "catchment_area_km2": 1.05,
        "contributing_cells": 903
      },
      "geometry": {
        "type": "Polygon",
        "coordinates": [
          [
            [
              100.335354,
              18.329173
            ],
            [
              100.326655,
              18.330774
            ],
            [
              100.323438,
              18.332029
            ],
            [
              100.323117,
              18.33234
            ],
            [
              100.322481,
              18.333577
            ],
            [
              100.322806,
              18.333882
            ],
            [
              100.325729,
              18.336327
            ],
            [
              100.32897,
              18.338154
            ],
            [
              100.330903,
              18.337832
            ],
            [
              100.331869,
              18.337517
            ],
            [
              100.33669,
              18.335018
            ],
            [
              100.336993,
              18.332551
            ],
            [
              100.335354,
              18.329173
            ]
          ]
        ]
      }
    },
    {
      "type": "Feature",
      "id": "catchment_5749",
      "properties": {
        "station_id": "5749",
        "station_name": "บ้านห้วยเอียด",
        "catchment_area_km2": 28.29,
        "contributing_cells": 24332
      },
      "geometry": {
        "type": "Polygon",
        "coordinates": [
          [
            [
              100.434507,
              18.26282
            ],
            [
              100.428392,
              18.264407
            ],
            [
              100.420727,
              18.273708
            ],
            [
              100.415627,
              18.281141
            ],
            [
              100.413084,
              18.285782
            ],
            [
              100.414141,
              18.296867
            ],
            [
              100.418402,
              18.305155
            ],
            [
              100.483185,
              18.298192
            ],
            [
              100.483828,
              18.297879
            ],
            [
              100.488199,
              18.280898
            ],
            [
              100.488167,
              18.277201
            ],
            [
              100.480351,
              18.268326
            ],
            [
              100.434507,
              18.26282
            ]
          ]
        ]
      }
    },
    {
      "type": "Feature",
      "id": "catchment_5487",
      "properties": {
        "station_id": "5487",
        "station_name": "บ้านห้วยโรงนอก",
        "catchment_area_km2": 8.83,
        "contributing_cells": 7590
      },
      "geometry": {
        "type": "Polygon",
        "coordinates": [
          [
            [
              100.514631,
              18.390074
            ],
            [
              100.499508,
              18.395432
            ],
            [
              100.497257,
              18.396374
            ],
            [
              100.479008,
              18.413772
            ],
            [
              100.477756,
              18.418404
            ],
            [
              100.50781,
              18.422173
            ],
            [
              100.510395,
              18.422461
            ],
            [
              100.513935,
              18.4212
            ],
            [
              100.514849,
              18.415031
            ],
            [
              100.51661,
              18.394989
            ],
            [
              100.515618,
              18.392223
            ],
            [
              100.514631,
              18.390074
            ]
          ]
        ]
      }
    },
    {
      "type": "Feature",
      "id": "catchment_10143",
      "properties": {
        "station_id": "10143",
        "station_name": "สะพานน้ำแม่ถาง",
        "catchment_area_km2": 88.25,
        "contributing_cells": 75888
      },
      "geometry": {
        "type": "Polygon",
        "coordinates": [
          [
            [
              100.444948,
              18.160133
            ],
            [
              100.410475,
              18.162238
            ],
            [
              100.387238,
              18.199384
            ],
            [
              100.385801,
              18.22158
            ],
            [
              100.393805,
              18.254801
            ],
            [
              100.403581,
              18.267364
            ],
            [
              100.410361,
              18.268238
            ],
            [
              100.45969,
              18.266019
            ],
            [
              100.471612,
              18.264696
            ],
            [
              100.472499,
              18.255137
            ],
            [
              100.458163,
              18.198858
            ],
            [
              100.444948,
              18.160133
            ]
          ]
        ]
      }
    },
    {
      "type": "Feature",
      "id": "catchment_268798",
      "properties": {
        "station_id": "268798",
        "station_name": "อ่างเก็บน้ำห้วยขึมโยธินอุทกพัฒนา",
        "catchment_area_km2": 2.51,
        "contributing_cells": 2155
      },
      "geometry": {
        "type": "Polygon",
        "coordinates": [
          [
            [
              100.325914,
              18.233405
            ],
            [
              100.311424,
              18.236278
            ],
            [
              100.311104,
              18.236589
            ],
            [
              100.310786,
              18.237207
            ],
            [
              100.3108,
              18.239056
            ],
            [
              100.312113,
              18.242129
            ],
            [
              100.319233,
              18.245469
            ],
            [
              100.319881,
              18.245773
            ],
            [
              100.32376,
              18.246979
            ],
            [
              100.325688,
              18.246041
            ],
            [
              100.329532,
              18.242625
            ],
            [
              100.332413,
              18.239831
            ],
            [
              100.332726,
              18.238597
            ],
            [
              100.332724,
              18.238289
            ],
            [
              100.325914,
              18.233405
            ]
          ]
        ]
      }
    },
    {
      "type": "Feature",
      "id": "catchment_268799",
      "properties": {
        "station_id": "268799",
        "station_name": "อ่างเก็บน้ำแม่เติ๊ก",
        "catchment_area_km2": 52.94,
        "contributing_cells": 45529
      },
      "geometry": {
        "type": "Polygon",
        "coordinates": [
          [
            [
              100.390342,
              18.143588
            ],
            [
              100.377485,
              18.147994
            ],
            [
              100.308401,
              18.176826
            ],
            [
              100.302299,
              18.179949
            ],
            [
              100.289476,
              18.189897
            ],
            [
              100.290471,
              18.193588
            ],
            [
              100.298917,
              18.202159
            ],
            [
              100.354344,
              18.198386
            ],
            [
              100.388105,
              18.186744
            ],
            [
              100.404437,
              18.173067
            ],
            [
              100.406342,
              18.169355
            ],
            [
              100.411088,
              18.158227
            ],
            [
              100.407748,
              18.143769
            ],
            [
              100.390342,
              18.143588
            ]
          ]
        ]
      }
    },
    {
      "type": "Feature",
      "id": "catchment_8983",
      "properties": {
        "station_id": "8983",
        "station_name": "บ้านปากกาง*",
        "catchment_area_km2": 9754.0,
        "contributing_cells": 8388029
      },
      "geometry": {
        "type": "Polygon",
        "coordinates": [
          [
            [
              99.975081,
              17.949519
            ],
            [
              99.828448,
              18.060842
            ],
            [
              99.791354,
              18.896788
            ],
            [
              100.151218,
              19.202737
            ],
            [
              100.394635,
              19.376052
            ],
            [
              100.418094,
              19.38573
            ],
            [
              100.516243,
              19.149554
            ],
            [
              100.543266,
              18.452392
            ],
            [
              100.388909,
              18.043451
            ],
            [
              100.307509,
              18.013203
            ],
            [
              100.07563,
              17.964089
            ],
            [
              99.975081,
              17.949519
            ]
          ]
        ]
      }
    },
    {
      "type": "Feature",
      "id": "catchment_5755",
      "properties": {
        "station_id": "5755",
        "station_name": "บ้านศรีดอนไชย*",
        "catchment_area_km2": 9939.63,
        "contributing_cells": 8547664
      },
      "geometry": {
        "type": "Polygon",
        "coordinates": [
          [
            [
              100.054367,
              17.853568
            ],
            [
              99.774052,
              18.000044
            ],
            [
              99.758745,
              18.111056
            ],
            [
              99.788292,
              19.003119
            ],
            [
              100.394441,
              19.353254
            ],
            [
              100.561195,
              19.343582
            ],
            [
              100.618578,
              19.204752
            ],
            [
              100.615638,
              19.06922
            ],
            [
              100.472807,
              18.329702
            ],
            [
              100.334449,
              18.040753
            ],
            [
              100.054367,
              17.853568
            ]
          ]
        ]
      }
    },
    {
      "type": "Feature",
      "id": "catchment_2452",
      "properties": {
        "station_id": "2452",
        "station_name": "บ้านสันติสุข",
        "catchment_area_km2": 206.43,
        "contributing_cells": 177520
      },
      "geometry": {
        "type": "Polygon",
        "coordinates": [
          [
            [
              100.035371,
              18.237353
            ],
            [
              100.002183,
              18.242768
            ],
            [
              99.997028,
              18.24372
            ],
            [
              99.959784,
              18.27442
            ],
            [
              99.954004,
              18.27938
            ],
            [
              99.941347,
              18.325053
            ],
            [
              99.957761,
              18.37582
            ],
            [
              99.981408,
              18.3908
            ],
            [
              99.994341,
              18.394431
            ],
            [
              99.996925,
              18.394725
            ],
            [
              100.026229,
              18.382551
            ],
            [
              100.072796,
              18.34439
            ],
            [
              100.086645,
              18.288225
            ],
            [
              100.069104,
              18.268601
            ],
            [
              100.035371,
              18.237353
            ]
          ]
        ]
      }
    },
    {
      "type": "Feature",
      "id": "catchment_2450",
      "properties": {
        "station_id": "2450",
        "station_name": "บ้านเกี๋ยงพา",
        "catchment_area_km2": 367.86,
        "contributing_cells": 316347
      },
      "geometry": {
        "type": "Polygon",
        "coordinates": [
          [
            [
              99.977855,
              18.159994
            ],
            [
              99.930849,
              18.17163
            ],
            [
              99.906066,
              18.179761
            ],
            [
              99.900119,
              18.214614
            ],
            [
              99.907103,
              18.25557
            ],
            [
              99.925783,
              18.310953
            ],
            [
              99.964577,
              18.382565
            ],
            [
              99.983638,
              18.385549
            ],
            [
              100.035569,
              18.379111
            ],
            [
              100.069472,
              18.328692
            ],
            [
              100.080263,
              18.299663
            ],
            [
              100.083634,
              18.270985
            ],
            [
              99.977855,
              18.159994
            ]
          ]
        ]
      }
    },
    {
      "type": "Feature",
      "id": "catchment_5435",
      "properties": {
        "station_id": "5435",
        "station_name": "บ้านเค็ม",
        "catchment_area_km2": 10.98,
        "contributing_cells": 9441
      },
      "geometry": {
        "type": "Polygon",
        "coordinates": [
          [
            [
              99.7874,
              18.104469
            ],
            [
              99.765835,
              18.111028
            ],
            [
              99.760689,
              18.113514
            ],
            [
              99.761046,
              18.121526
            ],
            [
              99.770117,
              18.131968
            ],
            [
              99.774649,
              18.136265
            ],
            [
              99.778514,
              18.135633
            ],
            [
              99.786556,
              18.131902
            ],
            [
              99.801673,
              18.124751
            ],
            [
              99.805207,
              18.122271
            ],
            [
              99.801607,
              18.110266
            ],
            [
              99.7874,
              18.104469
            ]
          ]
        ]
      }
    },
    {
      "type": "Feature",
      "id": "catchment_2453",
      "properties": {
        "station_id": "2453",
        "station_name": "บ้านแม่จอก",
        "catchment_area_km2": 11.42,
        "contributing_cells": 9820
      },
      "geometry": {
        "type": "Polygon",
        "coordinates": [
          [
            [
              99.773097,
              18.076481
            ],
            [
              99.74899,
              18.090753
            ],
            [
              99.737748,
              18.099734
            ],
            [
              99.738721,
              18.101271
            ],
            [
              99.742609,
              18.106188
            ],
            [
              99.75006,
              18.115097
            ],
            [
              99.754914,
              18.1197
            ],
            [
              99.756848,
              18.119693
            ],
            [
              99.7796,
              18.089707
            ],
            [
              99.777295,
              18.078622
            ],
            [
              99.776325,
              18.077701
            ],
            [
              99.773097,
              18.076481
            ]
          ]
        ]
      }
    },
    {
      "type": "Feature",
      "id": "catchment_5464",
      "properties": {
        "station_id": "5464",
        "station_name": "บ้านแม่เกี่ยม",
        "catchment_area_km2": 24.91,
        "contributing_cells": 21420
      },
      "geometry": {
        "type": "Polygon",
        "coordinates": [
          [
            [
              99.829834,
              18.149903
            ],
            [
              99.827256,
              18.150223
            ],
            [
              99.813408,
              18.153055
            ],
            [
              99.805365,
              18.156787
            ],
            [
              99.788011,
              18.168879
            ],
            [
              99.783202,
              18.175062
            ],
            [
              99.782885,
              18.176296
            ],
            [
              99.782892,
              18.177837
            ],
            [
              99.798779,
              18.197188
            ],
            [
              99.812343,
              18.201754
            ],
            [
              99.818788,
              18.200802
            ],
            [
              99.830681,
              18.192738
            ],
            [
              99.842536,
              18.176969
            ],
            [
              99.842849,
              18.175118
            ],
            [
              99.829834,
              18.149903
            ]
          ]
        ]
      }
    },
    {
      "type": "Feature",
      "id": "catchment_2451",
      "properties": {
        "station_id": "2451",
        "station_name": "บ้านแสนทอง*",
        "catchment_area_km2": 86.18,
        "contributing_cells": 74109
      },
      "geometry": {
        "type": "Polygon",
        "coordinates": [
          [
            [
              100.035429,
              18.301452
            ],
            [
              99.959464,
              18.333591
            ],
            [
              99.953365,
              18.339477
            ],
            [
              99.963251,
              18.376409
            ],
            [
              99.973656,
              18.389915
            ],
            [
              100.009821,
              18.391884
            ],
            [
              100.017561,
              18.39061
            ],
            [
              100.054126,
              18.352198
            ],
            [
              100.058198,
              18.331836
            ],
            [
              100.054576,
              18.319838
            ],
            [
              100.035429,
              18.301452
            ]
          ]
        ]
      }
    },
    {
      "type": "Feature",
      "id": "catchment_10130",
      "properties": {
        "station_id": "10130",
        "station_name": "แม่ต้า",
        "catchment_area_km2": 226.66,
        "contributing_cells": 194922
      },
      "geometry": {
        "type": "Polygon",
        "coordinates": [
          [
            [
              100.011148,
              18.231319
            ],
            [
              99.96924,
              18.234617
            ],
            [
              99.925401,
              18.29986
            ],
            [
              99.925428,
              18.304791
            ],
            [
              99.95577,
              18.365968
            ],
            [
              99.998871,
              18.396256
            ],
            [
              100.035866,
              18.374795
            ],
            [
              100.065984,
              18.338573
            ],
            [
              100.07554,
              18.318488
            ],
            [
              100.07875,
              18.263616
            ],
            [
              100.011148,
              18.231319
            ]
          ]
        ]
      }
    },
    {
      "type": "Feature",
      "id": "catchment_7042",
      "properties": {
        "station_id": "7042",
        "station_name": "คลองสรอย วัดแม่ขมวก",
        "catchment_area_km2": 85.73,
        "contributing_cells": 73725
      },
      "geometry": {
        "type": "Polygon",
        "coordinates": [
          [
            [
              99.38878,
              17.689589
            ],
            [
              99.374372,
              17.719515
            ],
            [
              99.377701,
              17.773448
            ],
            [
              99.381247,
              17.776832
            ],
            [
              99.384465,
              17.777442
            ],
            [
              99.391546,
              17.778661
            ],
            [
              99.417613,
              17.781997
            ],
            [
              99.436593,
              17.781339
            ],
            [
              99.476125,
              17.766453
            ],
            [
              99.481576,
              17.759967
            ],
            [
              99.480571,
              17.744866
            ],
            [
              99.448317,
              17.709189
            ],
            [
              99.38878,
              17.689589
            ]
          ]
        ]
      }
    },
    {
      "type": "Feature",
      "id": "catchment_2466",
      "properties": {
        "station_id": "2466",
        "station_name": "บ้านขุนห้วย",
        "catchment_area_km2": 14.46,
        "contributing_cells": 12431
      },
      "geometry": {
        "type": "Polygon",
        "coordinates": [
          [
            [
              99.53442,
              17.897602
            ],
            [
              99.519965,
              17.908429
            ],
            [
              99.5068,
              17.920792
            ],
            [
              99.504875,
              17.922955
            ],
            [
              99.500062,
              17.929131
            ],
            [
              99.499427,
              17.932215
            ],
            [
              99.499756,
              17.93468
            ],
            [
              99.50783,
              17.943289
            ],
            [
              99.513297,
              17.940809
            ],
            [
              99.542552,
              17.925319
            ],
            [
              99.543831,
              17.922233
            ],
            [
              99.547332,
              17.90897
            ],
            [
              99.546667,
              17.902191
            ],
            [
              99.53442,
              17.897602
            ]
          ]
        ]
      }
    },
    {
      "type": "Feature",
      "id": "catchment_5317",
      "properties": {
        "station_id": "5317",
        "station_name": "บ้านนาเวียง",
        "catchment_area_km2": 10309.22,
        "contributing_cells": 8865494
      },
      "geometry": {
        "type": "Polygon",
        "coordinates": [
          [
            [
              100.132364,
              17.923087
            ],
            [
              99.726818,
              17.949374
            ],
            [
              99.664442,
              17.974562
            ],
            [
              99.818195,
              18.8902
            ],
            [
              99.841618,
              18.912592
            ],
            [
              100.347314,
              19.346214
            ],
            [
              100.514582,
              19.392346
            ],
            [
              100.591481,
              19.320522
            ],
            [
              100.531947,
              18.450327
            ],
            [
              100.523946,
              18.421736
            ],
            [
              100.411309,
              18.0248
            ],
            [
              100.132364,
              17.923087
            ]
          ]
        ]
      }
    },
    {
      "type": "Feature",
      "id": "catchment_5715",
      "properties": {
        "station_id": "5715",
        "station_name": "บ้านป่าคา",
        "catchment_area_km2": 218.82,
        "contributing_cells": 188180
      },
      "geometry": {
        "type": "Polygon",
        "coordinates": [
          [
            [
              99.400055,
              17.699122
            ],
            [
              99.375022,
              17.722904
            ],
            [
              99.371916,
              17.776233
            ],
            [
              99.409016,
              17.821468
            ],
            [
              99.436429,
              17.846374
            ],
            [
              99.472882,
              17.878652
            ],
            [
              99.541983,
              17.843644
            ],
            [
              99.557673,
              17.818326
            ],
            [
              99.468341,
              17.74243
            ],
            [
              99.400055,
              17.699122
            ]
          ]
        ]
      }
    },
    {
      "type": "Feature",
      "id": "catchment_4168",
      "properties": {
        "station_id": "4168",
        "station_name": "บ้านวังชิ้น",
        "catchment_area_km2": 10309.2,
        "contributing_cells": 8865474
      },
      "geometry": {
        "type": "Polygon",
        "coordinates": [
          [
            [
              99.927379,
              17.87856
            ],
            [
              99.603508,
              17.955652
            ],
            [
              99.823016,
              19.014986
            ],
            [
              100.320026,
              19.343641
            ],
            [
              100.37418,
              19.3759
            ],
            [
              100.51779,
              19.353192
            ],
            [
              100.548995,
              19.323353
            ],
            [
              100.601199,
              19.117716
            ],
            [
              100.425991,
              18.286302
            ],
            [
              100.389618,
              18.133424
            ],
            [
              100.365896,
              18.066726
            ],
            [
              100.349932,
              18.043419
            ],
            [
              100.321988,
              18.011256
            ],
            [
              100.26502,
              17.971575
            ],
            [
              99.927379,
              17.87856
            ]
          ]
        ]
      }
    },
    {
      "type": "Feature",
      "id": "catchment_5316",
      "properties": {
        "station_id": "5316",
        "station_name": "บ้านหาดรั่ว",
        "catchment_area_km2": 10841.44,
        "contributing_cells": 9323185
      },
      "geometry": {
        "type": "Polygon",
        "coordinates": [
          [
            [
              99.467721,
              17.75137
            ],
            [
              99.424061,
              17.78784
            ],
            [
              99.838394,
              18.91538
            ],
            [
              100.155447,
              19.204559
            ],
            [
              100.397663,
              19.350456
            ],
            [
              100.491419,
              19.308736
            ],
            [
              100.535971,
              19.214398
            ],
            [
              100.539872,
              19.110537
            ],
            [
              100.456119,
              18.263273
            ],
            [
              100.364412,
              18.041468
            ],
            [
              99.467721,
              17.75137
            ]
          ]
        ]
      }
    },
    {
      "type": "Feature",
      "id": "catchment_5714",
      "properties": {
        "station_id": "5714",
        "station_name": "บ้านแม่กระต๋อม",
        "catchment_area_km2": 112.79,
        "contributing_cells": 96996
      },
      "geometry": {
        "type": "Polygon",
        "coordinates": [
          [
            [
              99.398448,
              17.699125
            ],
            [
              99.385591,
              17.701925
            ],
            [
              99.382061,
              17.70563
            ],
            [
              99.375338,
              17.72013
            ],
            [
              99.37673,
              17.770676
            ],
            [
              99.378364,
              17.782693
            ],
            [
              99.395166,
              17.81564
            ],
            [
              99.407718,
              17.816539
            ],
            [
              99.473609,
              17.788342
            ],
            [
              99.48317,
              17.754723
            ],
            [
              99.451886,
              17.721818
            ],
            [
              99.436416,
              17.708291
            ],
            [
              99.406166,
              17.699417
            ],
            [
              99.398448,
              17.699125
            ]
          ]
        ]
      }
    },
    {
      "type": "Feature",
      "id": "catchment_5713",
      "properties": {
        "station_id": "5713",
        "station_name": "บ้านแม่สิน",
        "catchment_area_km2": 113.81,
        "contributing_cells": 97871
      },
      "geometry": {
        "type": "Polygon",
        "coordinates": [
          [
            [
              99.921845,
              17.741132
            ],
            [
              99.914796,
              17.746404
            ],
            [
              99.858741,
              17.794737
            ],
            [
              99.879712,
              17.872309
            ],
            [
              99.892906,
              17.871941
            ],
            [
              99.9183,
              17.865659
            ],
            [
              99.985992,
              17.826189
            ],
            [
              99.98598,
              17.824031
            ],
            [
              99.983313,
              17.807094
            ],
            [
              99.952861,
              17.767796
            ],
            [
              99.921845,
              17.741132
            ]
          ]
        ]
      }
    },
    {
      "type": "Feature",
      "id": "catchment_5712",
      "properties": {
        "station_id": "5712",
        "station_name": "บ้านแม่แปง",
        "catchment_area_km2": 69.06,
        "contributing_cells": 59390
      },
      "geometry": {
        "type": "Polygon",
        "coordinates": [
          [
            [
              99.72224,
              17.852615
            ],
            [
              99.711303,
              17.853888
            ],
            [
              99.705191,
              17.854834
            ],
            [
              99.685293,
              17.869391
            ],
            [
              99.701856,
              17.906933
            ],
            [
              99.707669,
              17.911535
            ],
            [
              99.749242,
              17.921859
            ],
            [
              99.794316,
              17.92168
            ],
            [
              99.796243,
              17.920747
            ],
            [
              99.777689,
              17.874284
            ],
            [
              99.767362,
              17.867853
            ],
            [
              99.737062,
              17.856874
            ],
            [
              99.730938,
              17.85474
            ],
            [
              99.72224,
              17.852615
            ]
          ]
        ]
      }
    },
    {
      "type": "Feature",
      "id": "catchment_268665",
      "properties": {
        "station_id": "268665",
        "station_name": "สะพานน้ำแม่สิน",
        "catchment_area_km2": 125.72,
        "contributing_cells": 108115
      },
      "geometry": {
        "type": "Polygon",
        "coordinates": [
          [
            [
              99.92186,
              17.744214
            ],
            [
              99.852966,
              17.798152
            ],
            [
              99.846565,
              17.805269
            ],
            [
              99.847884,
              17.812043
            ],
            [
              99.85117,
              17.826514
            ],
            [
              99.858004,
              17.842511
            ],
            [
              99.869328,
              17.855097
            ],
            [
              99.904849,
              17.878666
            ],
            [
              99.980872,
              17.831454
            ],
            [
              99.979883,
              17.827144
            ],
            [
              99.968479,
              17.800696
            ],
            [
              99.926708,
              17.748814
            ],
            [
              99.92186,
              17.744214
            ]
          ]
        ]
      }
    },
    {
      "type": "Feature",
      "id": "catchment_10153",
      "properties": {
        "station_id": "10153",
        "station_name": "อ่างเก็บน้ำห้วยแม่ปะยาง",
        "catchment_area_km2": 11.04,
        "contributing_cells": 9492
      },
      "geometry": {
        "type": "Polygon",
        "coordinates": [
          [
            [
              99.408244,
              17.765065
            ],
            [
              99.384127,
              17.769429
            ],
            [
              99.371585,
              17.771919
            ],
            [
              99.369342,
              17.776238
            ],
            [
              99.385454,
              17.788228
            ],
            [
              99.390928,
              17.790374
            ],
            [
              99.413765,
              17.787553
            ],
            [
              99.420188,
              17.782916
            ],
            [
              99.419843,
              17.772746
            ],
            [
              99.417585,
              17.770285
            ],
            [
              99.408244,
              17.765065
            ]
          ]
        ]
      }
    },
    {
      "type": "Feature",
      "id": "catchment_268805",
      "properties": {
        "station_id": "268805",
        "station_name": "อ่างเก็บน้ำแม่ป้าก",
        "catchment_area_km2": 50.15,
        "contributing_cells": 43130
      },
      "geometry": {
        "type": "Polygon",
        "coordinates": [
          [
            [
              99.636464,
              17.986059
            ],
            [
              99.597536,
              17.999128
            ],
            [
              99.594968,
              18.00191
            ],
            [
              99.594334,
              18.004994
            ],
            [
              99.594732,
              18.027492
            ],
            [
              99.607034,
              18.045021
            ],
            [
              99.630289,
              18.060973
            ],
            [
              99.636723,
              18.058179
            ],
            [
              99.667579,
              18.038041
            ],
            [
              99.666855,
              18.016778
            ],
            [
              99.657417,
              17.990921
            ],
            [
              99.636464,
              17.986059
            ]
          ]
        ]
      }
    },
    {
      "type": "Feature",
      "id": "catchment_268807",
      "properties": {
        "station_id": "268807",
        "station_name": "อ่างเก็บน้ำแม่อาง",
        "catchment_area_km2": 4.75,
        "contributing_cells": 4087
      },
      "geometry": {
        "type": "Polygon",
        "coordinates": [
          [
            [
              99.404962,
              17.736099
            ],
            [
              99.389531,
              17.73952
            ],
            [
              99.38439,
              17.742304
            ],
            [
              99.380536,
              17.744778
            ],
            [
              99.380542,
              17.747552
            ],
            [
              99.380869,
              17.750325
            ],
            [
              99.381195,
              17.752174
            ],
            [
              99.38603,
              17.756788
            ],
            [
              99.388608,
              17.75894
            ],
            [
              99.391503,
              17.759243
            ],
            [
              99.397607,
              17.755223
            ],
            [
              99.401131,
              17.748744
            ],
            [
              99.404333,
              17.742573
            ],
            [
              99.404973,
              17.74103
            ],
            [
              99.404962,
              17.736099
            ]
          ]
        ]
      }
    },
    {
      "type": "Feature",
      "id": "catchment_2460",
      "properties": {
        "station_id": "2460",
        "station_name": "บ้านข่วงชมภู",
        "catchment_area_km2": 20.14,
        "contributing_cells": 17323
      },
      "geometry": {
        "type": "Polygon",
        "coordinates": [
          [
            [
              100.231553,
              18.568996
            ],
            [
              100.207984,
              18.571613
            ],
            [
              100.200255,
              18.57536
            ],
            [
              100.192866,
              18.58157
            ],
            [
              100.186187,
              18.59702
            ],
            [
              100.189763,
              18.600079
            ],
            [
              100.222233,
              18.621441
            ],
            [
              100.223854,
              18.622047
            ],
            [
              100.236376,
              18.610564
            ],
            [
              100.239559,
              18.603763
            ],
            [
              100.236521,
              18.585911
            ],
            [
              100.235855,
              18.583142
            ],
            [
              100.233538,
              18.575454
            ],
            [
              100.231553,
              18.568996
            ]
          ]
        ]
      }
    },
    {
      "type": "Feature",
      "id": "catchment_5445",
      "properties": {
        "station_id": "5445",
        "station_name": "บ้านท่อสมาน",
        "catchment_area_km2": 319.55,
        "contributing_cells": 274799
      },
      "geometry": {
        "type": "Polygon",
        "coordinates": [
          [
            [
              100.399525,
              18.444572
            ],
            [
              100.366299,
              18.448203
            ],
            [
              100.284084,
              18.464185
            ],
            [
              100.209126,
              18.504429
            ],
            [
              100.210774,
              18.509041
            ],
            [
              100.240606,
              18.569861
            ],
            [
              100.251087,
              18.589204
            ],
            [
              100.286872,
              18.62101
            ],
            [
              100.306983,
              18.630424
            ],
            [
              100.359775,
              18.643915
            ],
            [
              100.376199,
              18.596036
            ],
            [
              100.385248,
              18.55622
            ],
            [
              100.399525,
              18.444572
            ]
          ]
        ]
      }
    },
    {
      "type": "Feature",
      "id": "catchment_2463",
      "properties": {
        "station_id": "2463",
        "station_name": "บ้านท่าวะ",
        "catchment_area_km2": 15.29,
        "contributing_cells": 13148
      },
      "geometry": {
        "type": "Polygon",
        "coordinates": [
          [
            [
              100.332853,
              18.673381
            ],
            [
              100.320944,
              18.680244
            ],
            [
              100.318065,
              18.68427
            ],
            [
              100.31807,
              18.684886
            ],
            [
              100.318776,
              18.692585
            ],
            [
              100.319827,
              18.703054
            ],
            [
              100.322139,
              18.7092
            ],
            [
              100.323111,
              18.709501
            ],
            [
              100.359958,
              18.707389
            ],
            [
              100.362851,
              18.705211
            ],
            [
              100.358532,
              18.69076
            ],
            [
              100.343886,
              18.67854
            ],
            [
              100.33577,
              18.674285
            ],
            [
              100.332853,
              18.673381
            ]
          ]
        ]
      }
    },
    {
      "type": "Feature",
      "id": "catchment_2461",
      "properties": {
        "station_id": "2461",
        "station_name": "บ้านนาหลวง",
        "catchment_area_km2": 36.82,
        "contributing_cells": 31660
      },
      "geometry": {
        "type": "Polygon",
        "coordinates": [
          [
            [
              100.350579,
              18.707149
            ],
            [
              100.347348,
              18.70748
            ],
            [
              100.331552,
              18.713755
            ],
            [
              100.31254,
              18.722517
            ],
            [
              100.310949,
              18.725918
            ],
            [
              100.309163,
              18.745959
            ],
            [
              100.314372,
              18.750236
            ],
            [
              100.330273,
              18.756903
            ],
            [
              100.389002,
              18.739837
            ],
            [
              100.386653,
              18.729378
            ],
            [
              100.38469,
              18.72662
            ],
            [
              100.364522,
              18.711978
            ],
            [
              100.356732,
              18.708337
            ],
            [
              100.354138,
              18.707431
            ],
            [
              100.350579,
              18.707149
            ]
          ]
        ]
      }
    },
    {
      "type": "Feature",
      "id": "catchment_2462",
      "properties": {
        "station_id": "2462",
        "station_name": "บ้านป่าเลา",
        "catchment_area_km2": 22.95,
        "contributing_cells": 19738
      },
      "geometry": {
        "type": "Polygon",
        "coordinates": [
          [
            [
              100.27697,
              18.593345
            ],
            [
              100.251136,
              18.595983
            ],
            [
              100.227343,
              18.61278
            ],
            [
              100.227028,
              18.614014
            ],
            [
              100.223298,
              18.634684
            ],
            [
              100.223643,
              18.637763
            ],
            [
              100.24079,
              18.639808
            ],
            [
              100.25663,
              18.640011
            ],
            [
              100.261795,
              18.639052
            ],
            [
              100.268847,
              18.630993
            ],
            [
              100.273621,
              18.6211
            ],
            [
              100.278689,
              18.6072
            ],
            [
              100.27796,
              18.596111
            ],
            [
              100.27697,
              18.593345
            ]
          ]
        ]
      }
    },
    {
      "type": "Feature",
      "id": "catchment_5474",
      "properties": {
        "station_id": "5474",
        "station_name": "บ้านวังดิน",
        "catchment_area_km2": 45.72,
        "contributing_cells": 39313
      },
      "geometry": {
        "type": "Polygon",
        "coordinates": [
          [
            [
              100.086619,
              18.490073
            ],
            [
              100.057886,
              18.492084
            ],
            [
              100.052756,
              18.498276
            ],
            [
              100.053496,
              18.51368
            ],
            [
              100.055599,
              18.540479
            ],
            [
              100.056602,
              18.54602
            ],
            [
              100.078999,
              18.562534
            ],
            [
              100.136816,
              18.510733
            ],
            [
              100.12574,
              18.496315
            ],
            [
              100.086619,
              18.490073
            ]
          ]
        ]
      }
    },
    {
      "type": "Feature",
      "id": "catchment_4246",
      "properties": {
        "station_id": "4246",
        "station_name": "บ้านห้วยสัก",
        "catchment_area_km2": 5398.13,
        "contributing_cells": 4642165
      },
      "geometry": {
        "type": "Polygon",
        "coordinates": [
          [
            [
              99.985868,
              18.437003
            ],
            [
              99.833794,
              18.572406
            ],
            [
              99.756696,
              18.965654
            ],
            [
              99.77083,
              19.01028
            ],
            [
              100.291395,
              19.335219
            ],
            [
              100.514246,
              19.391117
            ],
            [
              100.548677,
              19.358477
            ],
            [
              100.588853,
              19.283575
            ],
            [
              100.604324,
              19.239691
            ],
            [
              100.532449,
              18.972878
            ],
            [
              100.442249,
              18.764084
            ],
            [
              99.985868,
              18.437003
            ]
          ]
        ]
      }
    },
    {
      "type": "Feature",
      "id": "catchment_5443",
      "properties": {
        "station_id": "5443",
        "station_name": "บ้านแดนชุมพล",
        "catchment_area_km2": 6.96,
        "contributing_cells": 5988
      },
      "geometry": {
        "type": "Polygon",
        "coordinates": [
          [
            [
              100.213934,
              18.361108
            ],
            [
              100.209448,
              18.365759
            ],
            [
              100.207527,
              18.367928
            ],
            [
              100.235257,
              18.409659
            ],
            [
              100.236884,
              18.411497
            ],
            [
              100.239791,
              18.411786
            ],
            [
              100.24204,
              18.410231
            ],
            [
              100.243302,
              18.406217
            ],
            [
              100.242966,
              18.40437
            ],
            [
              100.23868,
              18.391764
            ],
            [
              100.231116,
              18.372091
            ],
            [
              100.229485,
              18.369636
            ],
            [
              100.213934,
              18.361108
            ]
          ]
        ]
      }
    },
    {
      "type": "Feature",
      "id": "catchment_10098",
      "properties": {
        "station_id": "10098",
        "station_name": "ศาลเจ้าพ่อพญาอ้น",
        "catchment_area_km2": 5393.2,
        "contributing_cells": 4637926
      },
      "geometry": {
        "type": "Polygon",
        "coordinates": [
          [
            [
              99.96946,
              18.447565
            ],
            [
              99.939127,
              18.451416
            ],
            [
              99.845795,
              18.581289
            ],
            [
              99.783137,
              18.73041
            ],
            [
              99.774365,
              19.004102
            ],
            [
              99.820846,
              19.035026
            ],
            [
              100.365688,
              19.369801
            ],
            [
              100.451181,
              19.382388
            ],
            [
              100.518502,
              19.324841
            ],
            [
              100.599182,
              19.244666
            ],
            [
              100.606935,
              19.040335
            ],
            [
              100.484652,
              18.804423
            ],
            [
              100.333087,
              18.661978
            ],
            [
              99.96946,
              18.447565
            ]
          ]
        ]
      }
    },
    {
      "type": "Feature",
      "id": "catchment_10148",
      "properties": {
        "station_id": "10148",
        "station_name": "สะพานผาอิง",
        "catchment_area_km2": 3308.36,
        "contributing_cells": 2845047
      },
      "geometry": {
        "type": "Polygon",
        "coordinates": [
          [
            [
              100.152545,
              18.688133
            ],
            [
              100.094369,
              18.792637
            ],
            [
              100.081819,
              18.854032
            ],
            [
              100.108862,
              19.07697
            ],
            [
              100.1538,
              19.200872
            ],
            [
              100.241385,
              19.332177
            ],
            [
              100.415523,
              19.388831
            ],
            [
              100.532953,
              19.412526
            ],
            [
              100.589156,
              19.281415
            ],
            [
              100.603768,
              19.148811
            ],
            [
              100.593932,
              19.035827
            ],
            [
              100.475114,
              18.749346
            ],
            [
              100.152545,
              18.688133
            ]
          ]
        ]
      }
    },
    {
      "type": "Feature",
      "id": "catchment_10129",
      "properties": {
        "station_id": "10129",
        "station_name": "สะพานหนองจันทร์",
        "catchment_area_km2": 5639.58,
        "contributing_cells": 4849802
      },
      "geometry": {
        "type": "Polygon",
        "coordinates": [
          [
            [
              99.98065,
              18.484796
            ],
            [
              99.857972,
              18.49587
            ],
            [
              99.826104,
              18.518817
            ],
            [
              99.763172,
              19.036198
            ],
            [
              100.302411,
              19.291696
            ],
            [
              100.425561,
              19.348391
            ],
            [
              100.521691,
              19.353776
            ],
            [
              100.586849,
              19.142488
            ],
            [
              100.491583,
              18.746443
            ],
            [
              100.156726,
              18.493355
            ],
            [
              99.98065,
              18.484796
            ]
          ]
        ]
      }
    },
    {
      "type": "Feature",
      "id": "catchment_5422",
      "properties": {
        "station_id": "5422",
        "station_name": "บ้านน้ำฮอก",
        "catchment_area_km2": 9.97,
        "contributing_cells": 8574
      },
      "geometry": {
        "type": "Polygon",
        "coordinates": [
          [
            [
              100.20438,
              18.004011
            ],
            [
              100.186071,
              18.011211
            ],
            [
              100.164609,
              18.029215
            ],
            [
              100.161094,
              18.033551
            ],
            [
              100.152175,
              18.049013
            ],
            [
              100.165695,
              18.047391
            ],
            [
              100.207047,
              18.017245
            ],
            [
              100.209569,
              18.009217
            ],
            [
              100.20891,
              18.007064
            ],
            [
              100.205351,
              18.004621
            ],
            [
              100.20438,
              18.004011
            ]
          ]
        ]
      }
    },
    {
      "type": "Feature",
      "id": "catchment_268802",
      "properties": {
        "station_id": "268802",
        "station_name": "อ่างเก็บน้ำน้ำเกิ๋น",
        "catchment_area_km2": 11.74,
        "contributing_cells": 10098
      },
      "geometry": {
        "type": "Polygon",
        "coordinates": [
          [
            [
              100.222236,
              18.024546
            ],
            [
              100.216135,
              18.027358
            ],
            [
              100.20555,
              18.033895
            ],
            [
              100.187599,
              18.046949
            ],
            [
              100.185366,
              18.050353
            ],
            [
              100.186682,
              18.054351
            ],
            [
              100.192823,
              18.057395
            ],
            [
              100.195725,
              18.057685
            ],
            [
              100.210197,
              18.053897
            ],
            [
              100.217585,
              18.050769
            ],
            [
              100.228155,
              18.042074
            ],
            [
              100.238371,
              18.028757
            ],
            [
              100.231909,
              18.026025
            ],
            [
              100.229004,
              18.025119
            ],
            [
              100.223846,
              18.024536
            ],
            [
              100.222236,
              18.024546
            ]
          ]
        ]
      }
    },
    {
      "type": "Feature",
      "id": "catchment_4204",
      "properties": {
        "station_id": "4204",
        "station_name": "บ้านแม่คำมีตำหนักธรรม",
        "catchment_area_km2": 7.61,
        "contributing_cells": 6542
      },
      "geometry": {
        "type": "Polygon",
        "coordinates": [
          [
            [
              100.273772,
              18.24701
            ],
            [
              100.265073,
              18.2483
            ],
            [
              100.236146,
              18.262356
            ],
            [
              100.234226,
              18.264525
            ],
            [
              100.23522,
              18.268217
            ],
            [
              100.247828,
              18.272141
            ],
            [
              100.283877,
              18.261733
            ],
            [
              100.28703,
              18.251851
            ],
            [
              100.273772,
              18.24701
            ]
          ]
        ]
      }
    },
    {
      "type": "Feature",
      "id": "catchment_1579",
      "properties": {
        "station_id": "1579",
        "station_name": "หนองม่วงไข่",
        "catchment_area_km2": 6427.29,
        "contributing_cells": 5527195
      },
      "geometry": {
        "type": "Polygon",
        "coordinates": [
          [
            [
              100.2443,
              18.320236
            ],
            [
              100.139481,
              18.326746
            ],
            [
              100.092784,
              18.341194
            ],
            [
              99.973368,
              18.39608
            ],
            [
              99.827315,
              18.501861
            ],
            [
              99.800851,
              18.71431
            ],
            [
              99.768142,
              18.989336
            ],
            [
              100.406821,
              19.396293
            ],
            [
              100.527074,
              19.374064
            ],
            [
              100.576873,
              19.286143
            ],
            [
              100.614011,
              19.168747
            ],
            [
              100.59271,
              19.043539
            ],
            [
              100.358101,
              18.514203
            ],
            [
              100.2443,
              18.320236
            ]
          ]
        ]
      }
    },
    {
      "type": "Feature",
      "id": "catchment_268796",
      "properties": {
        "station_id": "268796",
        "station_name": "อ่างเก็บน้ำห้วยยอย",
        "catchment_area_km2": 5.69,
        "contributing_cells": 4890
      },
      "geometry": {
        "type": "Polygon",
        "coordinates": [
          [
            [
              100.124473,
              18.301257
            ],
            [
              100.121576,
              18.302199
            ],
            [
              100.106178,
              18.316156
            ],
            [
              100.104907,
              18.319245
            ],
            [
              100.107821,
              18.320769
            ],
            [
              100.112676,
              18.323206
            ],
            [
              100.113969,
              18.323507
            ],
            [
              100.120426,
              18.324085
            ],
            [
              100.122684,
              18.324072
            ],
            [
              100.127837,
              18.322501
            ],
            [
              100.140019,
              18.31041
            ],
            [
              100.140331,
              18.308867
            ],
            [
              100.140319,
              18.307018
            ],
            [
              100.136416,
              18.302111
            ],
            [
              100.133833,
              18.301818
            ],
            [
              100.124473,
              18.301257
            ]
          ]
        ]
      }
    },
    {
      "type": "Feature",
      "id": "catchment_1575",
      "properties": {
        "station_id": "1575",
        "station_name": "ชุมชนห้วยไร่",
        "catchment_area_km2": 112.78,
        "contributing_cells": 96982
      },
      "geometry": {
        "type": "Polygon",
        "coordinates": [
          [
            [
              99.961586,
              17.835248
            ],
            [
              99.924622,
              17.843439
            ],
            [
              99.918017,
              17.873057
            ],
            [
              99.921268,
              17.879514
            ],
            [
              100.003658,
              17.935197
            ],
            [
              100.021652,
              17.928939
            ],
            [
              100.052547,
              17.872377
            ],
            [
              100.059149,
              17.845838
            ],
            [
              100.021461,
              17.839259
            ],
            [
              99.961586,
              17.835248
            ]
          ]
        ]
      }
    },
    {
      "type": "Feature",
      "id": "catchment_5727",
      "properties": {
        "station_id": "5727",
        "station_name": "บ้านดงสุระ",
        "catchment_area_km2": 2.22,
        "contributing_cells": 1909
      },
      "geometry": {
        "type": "Polygon",
        "coordinates": [
          [
            [
              100.109206,
              17.978076
            ],
            [
              100.108242,
              17.97839
            ],
            [
              100.104077,
              17.981803
            ],
            [
              100.093851,
              17.994805
            ],
            [
              100.1003,
              17.996001
            ],
            [
              100.101264,
              17.995687
            ],
            [
              100.109293,
              17.991943
            ],
            [
              100.109935,
              17.991631
            ],
            [
              100.112775,
              17.98237
            ],
            [
              100.113088,
              17.980827
            ],
            [
              100.112756,
              17.979288
            ],
            [
              100.11211,
              17.978984
            ],
            [
              100.109206,
              17.978076
            ]
          ]
        ]
      }
    },
    {
      "type": "Feature",
      "id": "catchment_2457",
      "properties": {
        "station_id": "2457",
        "station_name": "บ้านบ่อแก้ว",
        "catchment_area_km2": 15.68,
        "contributing_cells": 13488
      },
      "geometry": {
        "type": "Polygon",
        "coordinates": [
          [
            [
              99.906455,
              17.878042
            ],
            [
              99.888484,
              17.888912
            ],
            [
              99.88754,
              17.893231
            ],
            [
              99.890206,
              17.911402
            ],
            [
              99.89568,
              17.911685
            ],
            [
              99.903086,
              17.911959
            ],
            [
              99.905658,
              17.911331
            ],
            [
              99.944238,
              17.901594
            ],
            [
              99.940003,
              17.89206
            ],
            [
              99.937418,
              17.890224
            ],
            [
              99.920956,
              17.881365
            ],
            [
              99.906455,
              17.878042
            ]
          ]
        ]
      }
    },
    {
      "type": "Feature",
      "id": "catchment_2459",
      "properties": {
        "station_id": "2459",
        "station_name": "บ้านแม่พวก*",
        "catchment_area_km2": 213.0,
        "contributing_cells": 183169
      },
      "geometry": {
        "type": "Polygon",
        "coordinates": [
          [
            [
              99.98669,
              17.836047
            ],
            [
              99.924611,
              17.841282
            ],
            [
              99.931562,
              17.878232
            ],
            [
              99.934185,
              17.887465
            ],
            [
              100.006251,
              17.938265
            ],
            [
              100.013021,
              17.939771
            ],
            [
              100.062571,
              17.934267
            ],
            [
              100.130659,
              17.907996
            ],
            [
              100.134822,
              17.904582
            ],
            [
              100.14795,
              17.893719
            ],
            [
              100.14791,
              17.887556
            ],
            [
              100.145924,
              17.878939
            ],
            [
              100.130023,
              17.858384
            ],
            [
              100.059431,
              17.839056
            ],
            [
              99.98669,
              17.836047
            ]
          ]
        ]
      }
    },
    {
      "type": "Feature",
      "id": "catchment_268804",
      "properties": {
        "station_id": "268804",
        "station_name": "อ่างเก็บน้ำห้วยกูด",
        "catchment_area_km2": 3.84,
        "contributing_cells": 3300
      },
      "geometry": {
        "type": "Polygon",
        "coordinates": [
          [
            [
              100.011794,
              17.950564
            ],
            [
              100.009544,
              17.951192
            ],
            [
              100.010865,
              17.957041
            ],
            [
              100.011842,
              17.958885
            ],
            [
              100.015088,
              17.96349
            ],
            [
              100.024776,
              17.96837
            ],
            [
              100.031558,
              17.971724
            ],
            [
              100.03478,
              17.972015
            ],
            [
              100.036712,
              17.972005
            ],
            [
              100.039576,
              17.966134
            ],
            [
              100.037959,
              17.96491
            ],
            [
              100.017268,
              17.950535
            ],
            [
              100.011794,
              17.950564
            ]
          ]
        ]
      }
    },
    {
      "type": "Feature",
      "id": "catchment_268803",
      "properties": {
        "station_id": "268803",
        "station_name": "อ่างเก็บน้ำแม่จั๊วะ",
        "catchment_area_km2": 43.81,
        "contributing_cells": 37677
      },
      "geometry": {
        "type": "Polygon",
        "coordinates": [
          [
            [
              100.165644,
              17.892381
            ],
            [
              100.136751,
              17.904263
            ],
            [
              100.098894,
              17.92482
            ],
            [
              100.092533,
              17.937491
            ],
            [
              100.09011,
              17.962467
            ],
            [
              100.095613,
              17.967059
            ],
            [
              100.115234,
              17.963557
            ],
            [
              100.133216,
              17.955749
            ],
            [
              100.183182,
              17.916005
            ],
            [
              100.185042,
              17.905208
            ],
            [
              100.183412,
              17.902136
            ],
            [
              100.175326,
              17.896329
            ],
            [
              100.165644,
              17.892381
            ]
          ]
        ]
      }
    },
    {
      "type": "Feature",
      "id": "catchment_1573",
      "properties": {
        "station_id": "1573",
        "station_name": "เด่นชัย",
        "catchment_area_km2": 69.69,
        "contributing_cells": 59934
      },
      "geometry": {
        "type": "Polygon",
        "coordinates": [
          [
            [
              100.161778,
              17.891788
            ],
            [
              100.143485,
              17.900217
            ],
            [
              100.105616,
              17.918618
            ],
            [
              100.099544,
              17.925741
            ],
            [
              100.096989,
              17.929145
            ],
            [
              100.066088,
              17.983865
            ],
            [
              100.05304,
              18.010131
            ],
            [
              100.060159,
              18.01564
            ],
            [
              100.093217,
              17.996349
            ],
            [
              100.111154,
              17.98053
            ],
            [
              100.183168,
              17.913848
            ],
            [
              100.169505,
              17.89205
            ],
            [
              100.161778,
              17.891788
            ]
          ]
        ]
      }
    },
    {
      "type": "Feature",
      "id": "catchment_4187",
      "properties": {
        "station_id": "4187",
        "station_name": "บ้านน้ำโค้ง",
        "catchment_area_km2": 7743.85,
        "contributing_cells": 6659383
      },
      "geometry": {
        "type": "Polygon",
        "coordinates": [
          [
            [
              100.29215,
              18.114997
            ],
            [
              100.137238,
              18.130766
            ],
            [
              100.119614,
              18.146894
            ],
            [
              100.104268,
              18.167014
            ],
            [
              99.939003,
              18.428611
            ],
            [
              99.800851,
              18.71431
            ],
            [
              99.767985,
              19.0257
            ],
            [
              100.483457,
              19.397224
            ],
            [
              100.607066,
              19.288037
            ],
            [
              100.64755,
              19.117923
            ],
            [
              100.500412,
              18.38803
            ],
            [
              100.468527,
              18.281358
            ],
            [
              100.428495,
              18.158407
            ],
            [
              100.29215,
              18.114997
            ]
          ]
        ]
      }
    },
    {
      "type": "Feature",
      "id": "catchment_8981",
      "properties": {
        "station_id": "8981",
        "station_name": "บ้านวังหงส์*",
        "catchment_area_km2": 7432.87,
        "contributing_cells": 6391957
      },
      "geometry": {
        "type": "Polygon",
        "coordinates": [
          [
            [
              100.377539,
              18.196064
            ],
            [
              100.173865,
              18.257818
            ],
            [
              99.92324,
              18.439475
            ],
            [
              99.824596,
              18.675377
            ],
            [
              99.813282,
              18.743841
            ],
            [
              99.818209,
              18.959538
            ],
            [
              100.312179,
              19.336611
            ],
            [
              100.517065,
              19.274634
            ],
            [
              100.548363,
              19.256194
            ],
            [
              100.612673,
              19.131172
            ],
            [
              100.60903,
              19.089612
            ],
            [
              100.449675,
              18.341588
            ],
            [
              100.377539,
              18.196064
            ]
          ]
        ]
      }
    },
    {
      "type": "Feature",
      "id": "catchment_4198",
      "properties": {
        "station_id": "4198",
        "station_name": "บ้านแม่หล่าย",
        "catchment_area_km2": 338.49,
        "contributing_cells": 291086
      },
      "geometry": {
        "type": "Polygon",
        "coordinates": [
          [
            [
              100.400036,
              18.146599
            ],
            [
              100.30763,
              18.159883
            ],
            [
              100.256447,
              18.169777
            ],
            [
              100.216802,
              18.217181
            ],
            [
              100.379301,
              18.296814
            ],
            [
              100.41842,
              18.307312
            ],
            [
              100.482189,
              18.294811
            ],
            [
              100.453043,
              18.203519
            ],
            [
              100.400036,
              18.146599
            ]
          ]
        ]
      }
    },
    {
      "type": "Feature",
      "id": "catchment_5465",
      "properties": {
        "station_id": "5465",
        "station_name": "บ้านแม่แคม",
        "catchment_area_km2": 63.19,
        "contributing_cells": 54340
      },
      "geometry": {
        "type": "Polygon",
        "coordinates": [
          [
            [
              100.308648,
              18.080065
            ],
            [
              100.280996,
              18.087954
            ],
            [
              100.254556,
              18.130654
            ],
            [
              100.252653,
              18.13498
            ],
            [
              100.335032,
              18.160311
            ],
            [
              100.361083,
              18.152733
            ],
            [
              100.365223,
              18.146233
            ],
            [
              100.332854,
              18.085446
            ],
            [
              100.327685,
              18.083633
            ],
            [
              100.308648,
              18.080065
            ]
          ]
        ]
      }
    },
    {
      "type": "Feature",
      "id": "catchment_268800",
      "properties": {
        "station_id": "268800",
        "station_name": "อ่างเก็บน้ำน้ำปึง",
        "catchment_area_km2": 11.81,
        "contributing_cells": 10159
      },
      "geometry": {
        "type": "Polygon",
        "coordinates": [
          [
            [
              100.312048,
              18.147219
            ],
            [
              100.271188,
              18.157662
            ],
            [
              100.265122,
              18.165714
            ],
            [
              100.267067,
              18.167242
            ],
            [
              100.288378,
              18.172031
            ],
            [
              100.298709,
              18.174119
            ],
            [
              100.308055,
              18.173747
            ],
            [
              100.317056,
              18.170296
            ],
            [
              100.327011,
              18.165297
            ],
            [
              100.32988,
              18.160963
            ],
            [
              100.315593,
              18.147195
            ],
            [
              100.312048,
              18.147219
            ]
          ]
        ]
      }
    },
    {
      "type": "Feature",
      "id": "catchment_268801",
      "properties": {
        "station_id": "268801",
        "station_name": "อ่างเก็บน้ำหนองแขม",
        "catchment_area_km2": 2.07,
        "contributing_cells": 1777
      },
      "geometry": {
        "type": "Polygon",
        "coordinates": [
          [
            [
              100.2218,
              18.101281
            ],
            [
              100.221158,
              18.101593
            ],
            [
              100.214768,
              18.109646
            ],
            [
              100.21477,
              18.109954
            ],
            [
              100.215741,
              18.110564
            ],
            [
              100.226719,
              18.113576
            ],
            [
              100.229293,
              18.112943
            ],
            [
              100.231865,
              18.112003
            ],
            [
              100.23473,
              18.107054
            ],
            [
              100.235364,
              18.105509
            ],
            [
              100.23568,
              18.104582
            ],
            [
              100.235991,
              18.103039
            ],
            [
              100.2218,
              18.101281
            ]
          ]
        ]
      }
    },
    {
      "type": "Feature",
      "id": "catchment_268797",
      "properties": {
        "station_id": "268797",
        "station_name": "อ่างเก็บน้ำห้วยผาคำ",
        "catchment_area_km2": 26.76,
        "contributing_cells": 23010
      },
      "geometry": {
        "type": "Polygon",
        "coordinates": [
          [
            [
              100.092958,
              18.162764
            ],
            [
              100.077532,
              18.170556
            ],
            [
              100.045421,
              18.191997
            ],
            [
              100.043831,
              18.195704
            ],
            [
              100.041328,
              18.208661
            ],
            [
              100.054483,
              18.251116
            ],
            [
              100.064882,
              18.264002
            ],
            [
              100.075189,
              18.261479
            ],
            [
              100.095597,
              18.172302
            ],
            [
              100.094578,
              18.163988
            ],
            [
              100.092958,
              18.162764
            ]
          ]
        ]
      }
    },
    {
      "type": "Feature",
      "id": "catchment_1569",
      "properties": {
        "station_id": "1569",
        "station_name": "เมืองแพร่",
        "catchment_area_km2": 7743.86,
        "contributing_cells": 6659389
      },
      "geometry": {
        "type": "Polygon",
        "coordinates": [
          [
            [
              100.137238,
              18.130766
            ],
            [
              100.119614,
              18.146894
            ],
            [
              99.827693,
              18.580445
            ],
            [
              99.802533,
              18.86469
            ],
            [
              99.841618,
              18.912592
            ],
            [
              100.252674,
              19.322856
            ],
            [
              100.511466,
              19.406544
            ],
            [
              100.639265,
              19.066547
            ],
            [
              100.508114,
              18.420014
            ],
            [
              100.468223,
              18.283518
            ],
            [
              100.436652,
              18.209805
            ],
            [
              100.374079,
              18.165891
            ],
            [
              100.137238,
              18.130766
            ]
          ]
        ]
      }
    }
  ]
}