{
  "type": "FeatureCollection",
  "features": [
    {
      "type": "Feature",
      "id": "catchment_268523",
      "properties": {
        "station_id": "268523",
        "station_name": "บ้านค้างหงส์ใหม่*",
        "catchment_area_km2": 67.26,
        "contributing_cells": 70843
      },
      "geometry": {
        "type": "Polygon",
        "coordinates": [
          [
            [
              100.123328,
              19.156694
            ],
            [
              100.116106,
              19.158639
            ],
            [
              100.101106,
              19.268361
            ],
            [
              100.117494,
              19.280305
            ],
            [
              100.162494,
              19.305583
            ],
            [
              100.16305,
              19.225583
            ],
            [
              100.158883,
              19.216139
            ],
            [
              100.123328,
              19.156694
            ]
          ]
        ]
      }
    },
    {
      "type": "Feature",
      "id": "catchment_268527",
      "properties": {
        "station_id": "268527",
        "station_name": "บ้านธาตุขิงแกงใหม่*",
        "catchment_area_km2": 60.73,
        "contributing_cells": 63963
      },
      "geometry": {
        "type": "Polygon",
        "coordinates": [
          [
            [
              100.169717,
              19.217805
            ],
            [
              100.166106,
              19.220028
            ],
            [
              100.154439,
              19.255028
            ],
            [
              100.153606,
              19.26975
            ],
            [
              100.154717,
              19.270861
            ],
            [
              100.186661,
              19.293639
            ],
            [
              100.239161,
              19.301417
            ],
            [
              100.256106,
              19.288639
            ],
            [
              100.256383,
              19.271972
            ],
            [
              100.21055,
              19.228639
            ],
            [
              100.169717,
              19.217805
            ]
          ]
        ]
      }
    },
    {
      "type": "Feature",
      "id": "catchment_5562",
      "properties": {
        "station_id": "5562",
        "station_name": "บ้านสักพัฒนา",
        "catchment_area_km2": 10.93,
        "contributing_cells": 11514
      },
      "geometry": {
        "type": "Polygon",
        "coordinates": [
          [
            [
              100.061383,
              19.511972
            ],
            [
              100.056661,
              19.516972
            ],
            [
              100.060828,
              19.52725
            ],
            [
              100.065272,
              19.535583
            ],
            [
              100.070828,
              19.543917
            ],
            [
              100.078328,
              19.548361
            ],
            [
              100.094161,
              19.552805
            ],
            [
              100.097494,
              19.553083
            ],
            [
              100.099439,
              19.545861
            ],
            [
              100.100272,
              19.540305
            ],
            [
              100.09805,
              19.525583
            ],
            [
              100.096661,
              19.522805
            ],
            [
              100.064994,
              19.511972
            ],
            [
              100.061383,
              19.511972
            ]
          ]
        ]
      }
    },
    {
      "type": "Feature",
      "id": "catchment_5563",
      "properties": {
        "station_id": "5563",
        "station_name": "บ้านสันทราย",
        "catchment_area_km2": 3612.75,
        "contributing_cells": 3804961
      },
      "geometry": {
        "type": "Polygon",
        "coordinates": [
          [
            [
              100.01805,
              18.941417
            ],
            [
              99.953883,
              18.95475
            ],
            [
              99.823328,
              19.070028
            ],
            [
              99.688328,
              19.39975
            ],
            [
              99.634717,
              19.612805
            ],
            [
              99.684994,
              19.703083
            ],
            [
              99.841383,
              19.771417
            ],
            [
              99.961106,
              19.702528
            ],
            [
              99.995272,
              19.655861
            ],
            [
              100.101661,
              19.474472
            ],
            [
              100.114161,
              18.970861
            ],
            [
              100.113606,
              18.950305
            ],
            [
              100.01805,
              18.941417
            ]
          ]
        ]
      }
    },
    {
      "type": "Feature",
      "id": "catchment_5550",
      "properties": {
        "station_id": "5550",
        "station_name": "บ้านแม่ทะลาย",
        "catchment_area_km2": 1.67,
        "contributing_cells": 1759
      },
      "geometry": {
        "type": "Polygon",
        "coordinates": [
          [
            [
              100.18305,
              19.245861
            ],
            [
              100.180828,
              19.246139
            ],
            [
              100.178606,
              19.248917
            ],
            [
              100.181383,
              19.255028
            ],
            [
              100.186939,
              19.261139
            ],
            [
              100.188606,
              19.261694
            ],
            [
              100.190828,
              19.259472
            ],
            [
              100.191939,
              19.255028
            ],
            [
              100.188606,
              19.247528
            ],
            [
              100.187772,
              19.246694
            ],
            [
              100.18305,
              19.245861
            ]
          ]
        ]
      }
    },
    {
      "type": "Feature",
      "id": "catchment_5551",
      "properties": {
        "station_id": "5551",
        "station_name": "บ้านแม่วังช้าง",
        "catchment_area_km2": 15.2,
        "contributing_cells": 16007
      },
      "geometry": {
        "type": "Polygon",
        "coordinates": [
          [
            [
              100.249994,
              19.261417
            ],
            [
              100.229994,
              19.267528
            ],
            [
              100.225828,
              19.26975
            ],
            [
              100.220272,
              19.279194
            ],
            [
              100.231661,
              19.304194
            ],
            [
              100.249439,
              19.294472
            ],
            [
              100.253883,
              19.291694
            ],
            [
              100.254717,
              19.290583
            ],
            [
              100.257217,
              19.286139
            ],
            [
              100.260828,
              19.274472
            ],
            [
              100.264439,
              19.261972
            ],
            [
              100.25305,
              19.261417
            ],
            [
              100.249994,
              19.261417
            ]
          ]
        ]
      }
    },
    {
      "type": "Feature",
      "id": "catchment_5592",
      "properties": {
        "station_id": "5592",
        "station_name": "บ้านดง",
        "catchment_area_km2": 0.9,
        "contributing_cells": 953
      },
      "geometry": {
        "type": "Polygon",
        "coordinates": [
          [
            [
              100.046106,
              19.233361
            ],
            [
              100.046106,
              19.235583
            ],
            [
              100.04805,
              19.238361
            ],
            [
              100.059439,
              19.253361
            ],
            [
              100.061939,
              19.252528
            ],
            [
              100.06305,
              19.251972
            ],
            [
              100.064717,
              19.250583
            ],
            [
              100.064439,
              19.248917
            ],
            [
              100.061939,
              19.245861
            ],
            [
              100.061383,
              19.245305
            ],
            [
              100.053606,
              19.238083
            ],
            [
              100.046106,
              19.233361
            ]
          ]
        ]
      }
    },
    {
      "type": "Feature",
      "id": "catchment_8939",
      "properties": {
        "station_id": "8939",
        "station_name": "บ้านทุ่งหลวง*",
        "catchment_area_km2": 0.18,
        "contributing_cells": 193
      },
      "geometry": {
        "type": "Polygon",
        "coordinates": [
          [
            [
              100.016106,
              19.136417
            ],
            [
              100.013606,
              19.140861
            ],
            [
              100.013606,
              19.14225
            ],
            [
              100.014161,
              19.142805
            ],
            [
              100.014439,
              19.143083
            ],
            [
              100.014994,
              19.142805
            ],
            [
              100.018328,
              19.140028
            ],
            [
              100.018328,
              19.139194
            ],
            [
              100.016939,
              19.136417
            ],
            [
              100.016106,
              19.136417
            ]
          ]
        ]
      }
    },
    {
      "type": "Feature",
      "id": "catchment_4337",
      "properties": {
        "station_id": "4337",
        "station_name": "บ้านเจดีย์งาม",
        "catchment_area_km2": 12.4,
        "contributing_cells": 13059
      },
      "geometry": {
        "type": "Polygon",
        "coordinates": [
          [
            [
              99.916383,
              19.171972
            ],
            [
              99.911939,
              19.17225
            ],
            [
              99.909717,
              19.174194
            ],
            [
              99.893606,
              19.195028
            ],
            [
              99.89555,
              19.200583
            ],
            [
              99.901661,
              19.213361
            ],
            [
              99.911383,
              19.211139
            ],
            [
              99.937494,
              19.178917
            ],
            [
              99.934161,
              19.173917
            ],
            [
              99.920828,
              19.171972
            ],
            [
              99.916383,
              19.171972
            ]
          ]
        ]
      }
    },
    {
      "type": "Feature",
      "id": "catchment_5601",
      "properties": {
        "station_id": "5601",
        "station_name": "บ้านใหม่ราษฎร์บำรุง",
        "catchment_area_km2": 7.07,
        "contributing_cells": 7444
      },
      "geometry": {
        "type": "Polygon",
        "coordinates": [
          [
            [
              100.112217,
              19.147528
            ],
            [
              100.108883,
              19.147805
            ],
            [
              100.099717,
              19.150305
            ],
            [
              100.071383,
              19.167805
            ],
            [
              100.066939,
              19.170861
            ],
            [
              100.081939,
              19.172805
            ],
            [
              100.092494,
              19.171972
            ],
            [
              100.114161,
              19.160305
            ],
            [
              100.11305,
              19.150305
            ],
            [
              100.112217,
              19.147528
            ]
          ]
        ]
      }
    },
    {
      "type": "Feature",
      "id": "catchment_8305",
      "properties": {
        "station_id": "8305",
        "station_name": "สะพานบ้านเจดีย์งาม",
        "catchment_area_km2": 17.02,
        "contributing_cells": 17923
      },
      "geometry": {
        "type": "Polygon",
        "coordinates": [
          [
            [
              99.917494,
              19.158917
            ],
            [
              99.894161,
              19.196139
            ],
            [
              99.897217,
              19.203639
            ],
            [
              99.902494,
              19.21475
            ],
            [
              99.906939,
              19.212528
            ],
            [
              99.945272,
              19.187528
            ],
            [
              99.93305,
              19.166139
            ],
            [
              99.929439,
              19.163917
            ],
            [
              99.917494,
              19.158917
            ]
          ]
        ]
      }
    },
    {
      "type": "Feature",
      "id": "catchment_2553",
      "properties": {
        "station_id": "2553",
        "station_name": "บ้านนาหนุน",
        "catchment_area_km2": 11.71,
        "contributing_cells": 12336
      },
      "geometry": {
        "type": "Polygon",
        "coordinates": [
          [
            [
              100.355828,
              19.68475
            ],
            [
              100.344161,
              19.686972
            ],
            [
              100.337772,
              19.693917
            ],
            [
              100.335828,
              19.703083
            ],
            [
              100.337772,
              19.709194
            ],
            [
              100.354161,
              19.719194
            ],
            [
              100.360828,
              19.716139
            ],
            [
              100.371383,
              19.707805
            ],
            [
              100.372772,
              19.706417
            ],
            [
              100.370272,
              19.687805
            ],
            [
              100.364994,
              19.685028
            ],
            [
              100.358328,
              19.68475
            ],
            [
              100.355828,
              19.68475
            ]
          ]
        ]
      }
    },
    {
      "type": "Feature",
      "id": "catchment_2551",
      "properties": {
        "station_id": "2551",
        "station_name": "บ้านหนองเลา",
        "catchment_area_km2": 51.58,
        "contributing_cells": 54319
      },
      "geometry": {
        "type": "Polygon",
        "coordinates": [
          [
            [
              100.359994,
              19.638083
            ],
            [
              100.368606,
              19.681972
            ],
            [
              100.372772,
              19.701139
            ],
            [
              100.40055,
              19.727528
            ],
            [
              100.409717,
              19.735028
            ],
            [
              100.437772,
              19.718361
            ],
            [
              100.44305,
              19.708917
            ],
            [
              100.429161,
              19.676417
            ],
            [
              100.420828,
              19.670583
            ],
            [
              100.375272,
              19.645305
            ],
            [
              100.371661,
              19.643361
            ],
            [
              100.359994,
              19.638083
            ]
          ]
        ]
      }
    },
    {
      "type": "Feature",
      "id": "catchment_268524",
      "properties": {
        "station_id": "268524",
        "station_name": "บ้านกอก*",
        "catchment_area_km2": 100.99,
        "contributing_cells": 106367
      },
      "geometry": {
        "type": "Polygon",
        "coordinates": [
          [
            [
              100.479994,
              19.397805
            ],
            [
              100.433328,
              19.401417
            ],
            [
              100.406661,
              19.410861
            ],
            [
              100.394994,
              19.425305
            ],
            [
              100.44305,
              19.463361
            ],
            [
              100.449994,
              19.466694
            ],
            [
              100.543606,
              19.458083
            ],
            [
              100.56055,
              19.453083
            ],
            [
              100.561939,
              19.446139
            ],
            [
              100.554994,
              19.428917
            ],
            [
              100.52055,
              19.408361
            ],
            [
              100.479994,
              19.397805
            ]
          ]
        ]
      }
    },
    {
      "type": "Feature",
      "id": "catchment_5679",
      "properties": {
        "station_id": "5679",
        "station_name": "บ้านคะแนง",
        "catchment_area_km2": 45.2,
        "contributing_cells": 47610
      },
      "geometry": {
        "type": "Polygon",
        "coordinates": [
          [
            [
              100.514994,
              19.407805
            ],
            [
              100.465828,
              19.429194
            ],
            [
              100.461106,
              19.436972
            ],
            [
              100.469717,
              19.446417
            ],
            [
              100.477217,
              19.450861
            ],
            [
              100.493606,
              19.456972
            ],
            [
              100.554717,
              19.453361
            ],
            [
              100.564994,
              19.45225
            ],
            [
              100.56055,
              19.438917
            ],
            [
              100.541383,
              19.417805
            ],
            [
              100.514994,
              19.407805
            ]
          ]
        ]
      }
    },
    {
      "type": "Feature",
      "id": "catchment_2541",
      "properties": {
        "station_id": "2541",
        "station_name": "บ้านต้นผึ้ง",
        "catchment_area_km2": 1.93,
        "contributing_cells": 2033
      },
      "geometry": {
        "type": "Polygon",
        "coordinates": [
          [
            [
              100.476106,
              19.456139
            ],
            [
              100.47555,
              19.456694
            ],
            [
              100.47555,
              19.457528
            ],
            [
              100.481106,
              19.468917
            ],
            [
              100.482772,
              19.470861
            ],
            [
              100.486939,
              19.467528
            ],
            [
              100.494439,
              19.460583
            ],
            [
              100.49555,
              19.458361
            ],
            [
              100.483606,
              19.456139
            ],
            [
              100.476106,
              19.456139
            ]
          ]
        ]
      }
    },
    {
      "type": "Feature",
      "id": "catchment_2543",
      "properties": {
        "station_id": "2543",
        "station_name": "บ้านน้ำลาว",
        "catchment_area_km2": 68.83,
        "contributing_cells": 72488
      },
      "geometry": {
        "type": "Polygon",
        "coordinates": [
          [
            [
              100.447772,
              19.397528
            ],
            [
              100.433883,
              19.409472
            ],
            [
              100.434161,
              19.41975
            ],
            [
              100.471383,
              19.45225
            ],
            [
              100.492494,
              19.456417
            ],
            [
              100.541383,
              19.456972
            ],
            [
              100.564717,
              19.453639
            ],
            [
              100.558883,
              19.431972
            ],
            [
              100.546106,
              19.42225
            ],
            [
              100.532217,
              19.413639
            ],
            [
              100.481383,
              19.398917
            ],
            [
              100.447772,
              19.397528
            ]
          ]
        ]
      }
    },
    {
      "type": "Feature",
      "id": "catchment_8713",
      "properties": {
        "station_id": "8713",
        "station_name": "บ้านปางถ้ำ*",
        "catchment_area_km2": 107.05,
        "contributing_cells": 112747
      },
      "geometry": {
        "type": "Polygon",
        "coordinates": [
          [
            [
              100.485828,
              19.458083
            ],
            [
              100.467217,
              19.464472
            ],
            [
              100.452494,
              19.47225
            ],
            [
              100.459717,
              19.49725
            ],
            [
              100.479994,
              19.536417
            ],
            [
              100.59305,
              19.506139
            ],
            [
              100.593883,
              19.499472
            ],
            [
              100.591106,
              19.47975
            ],
            [
              100.58805,
              19.476139
            ],
            [
              100.554717,
              19.461417
            ],
            [
              100.533328,
              19.458361
            ],
            [
              100.485828,
              19.458083
            ]
          ]
        ]
      }
    },
    {
      "type": "Feature",
      "id": "catchment_1606",
      "properties": {
        "station_id": "1606",
        "station_name": "ท้ายกว๊านพะเยา",
        "catchment_area_km2": 0.02,
        "contributing_cells": 26
      },
      "geometry": {
        "type": "Polygon",
        "coordinates": [
          [
            [
              99.914717,
              19.158361
            ],
            [
              99.914161,
              19.158639
            ],
            [
              99.913883,
              19.158917
            ],
            [
              99.914439,
              19.160028
            ],
            [
              99.914717,
              19.160028
            ],
            [
              99.915272,
              19.159472
            ],
            [
              99.91555,
              19.159194
            ],
            [
              99.915272,
              19.158917
            ],
            [
              99.914717,
              19.158361
            ]
          ]
        ]
      }
    },
    {
      "type": "Feature",
      "id": "catchment_5573",
      "properties": {
        "station_id": "5573",
        "station_name": "บ้านสันป่าสัก",
        "catchment_area_km2": 29.1,
        "contributing_cells": 30650
      },
      "geometry": {
        "type": "Polygon",
        "coordinates": [
          [
            [
              99.795272,
              19.054472
            ],
            [
              99.783328,
              19.059194
            ],
            [
              99.779994,
              19.061417
            ],
            [
              99.773883,
              19.070861
            ],
            [
              99.766106,
              19.086417
            ],
            [
              99.763606,
              19.105583
            ],
            [
              99.771383,
              19.108361
            ],
            [
              99.796939,
              19.107528
            ],
            [
              99.829717,
              19.101417
            ],
            [
              99.813328,
              19.068639
            ],
            [
              99.795272,
              19.054472
            ]
          ]
        ]
      }
    },
    {
      "type": "Feature",
      "id": "catchment_5637",
      "properties": {
        "station_id": "5637",
        "station_name": "บ้านห้วยทรายคำ",
        "catchment_area_km2": 38.08,
        "contributing_cells": 40105
      },
      "geometry": {
        "type": "Polygon",
        "coordinates": [
          [
            [
              99.752217,
              19.137528
            ],
            [
              99.743606,
              19.149472
            ],
            [
              99.729994,
              19.171139
            ],
            [
              99.728883,
              19.178361
            ],
            [
              99.751661,
              19.182528
            ],
            [
              99.820272,
              19.191417
            ],
            [
              99.819439,
              19.186972
            ],
            [
              99.812217,
              19.170583
            ],
            [
              99.806383,
              19.166139
            ],
            [
              99.793328,
              19.156972
            ],
            [
              99.786383,
              19.152805
            ],
            [
              99.752217,
              19.137528
            ]
          ]
        ]
      }
    },
    {
      "type": "Feature",
      "id": "catchment_5680",
      "properties": {
        "station_id": "5680",
        "station_name": "บ้านแม่กาห้วยเคียน",
        "catchment_area_km2": 2.6,
        "contributing_cells": 2741
      },
      "geometry": {
        "type": "Polygon",
        "coordinates": [
          [
            [
              99.906939,
              19.029194
            ],
            [
              99.902217,
              19.031972
            ],
            [
              99.901106,
              19.032805
            ],
            [
              99.901661,
              19.033639
            ],
            [
              99.907772,
              19.037805
            ],
            [
              99.916106,
              19.043083
            ],
            [
              99.918883,
              19.044194
            ],
            [
              99.923328,
              19.044194
            ],
            [
              99.927494,
              19.043083
            ],
            [
              99.932217,
              19.040028
            ],
            [
              99.906939,
              19.029194
            ]
          ]
        ]
      }
    },
    {
      "type": "Feature",
      "id": "catchment_2537",
      "properties": {
        "station_id": "2537",
        "station_name": "บ้านแม่ต๋อมใน",
        "catchment_area_km2": 30.69,
        "contributing_cells": 32327
      },
      "geometry": {
        "type": "Polygon",
        "coordinates": [
          [
            [
              99.756106,
              19.137805
            ],
            [
              99.744994,
              19.144472
            ],
            [
              99.732772,
              19.167805
            ],
            [
              99.731939,
              19.173639
            ],
            [
              99.732772,
              19.178361
            ],
            [
              99.757494,
              19.18225
            ],
            [
              99.76805,
              19.183361
            ],
            [
              99.793606,
              19.175861
            ],
            [
              99.804439,
              19.168639
            ],
            [
              99.796939,
              19.160305
            ],
            [
              99.788328,
              19.150861
            ],
            [
              99.783328,
              19.146972
            ],
            [
              99.759994,
              19.138361
            ],
            [
              99.756106,
              19.137805
            ]
          ]
        ]
      }
    },
    {
      "type": "Feature",
      "id": "catchment_1683690",
      "properties": {
        "station_id": "1683690",
        "station_name": "สะพานข้ามน้ำอิง (I.17)",
        "catchment_area_km2": 12.4,
        "contributing_cells": 13059
      },
      "geometry": {
        "type": "Polygon",
        "coordinates": [
          [
            [
              99.916383,
              19.171972
            ],
            [
              99.911939,
              19.17225
            ],
            [
              99.909717,
              19.174194
            ],
            [
              99.893606,
              19.195028
            ],
            [
              99.89555,
              19.200583
            ],
            [
              99.901661,
              19.213361
            ],
            [
              99.911383,
              19.211139
            ],
            [
              99.937494,
              19.178917
            ],
            [
              99.934161,
              19.173917
            ],
            [
              99.920828,
              19.171972
            ],
            [
              99.916383,
              19.171972
            ]
          ]
        ]
      }
    },
    {
      "type": "Feature",
      "id": "catchment_1683692",
      "properties": {
        "station_id": "1683692",
        "station_name": "สะพานคลองแม่กาหลง (ม.พะเยา)",
        "catchment_area_km2": 33.39,
        "contributing_cells": 35169
      },
      "geometry": {
        "type": "Polygon",
        "coordinates": [
          [
            [
              99.906939,
              18.987528
            ],
            [
              99.889994,
              18.98975
            ],
            [
              99.839439,
              19.004472
            ],
            [
              99.830828,
              19.010305
            ],
            [
              99.834161,
              19.023917
            ],
            [
              99.844994,
              19.025861
            ],
            [
              99.930272,
              19.036972
            ],
            [
              99.932494,
              19.028639
            ],
            [
              99.906939,
              18.987528
            ]
          ]
        ]
      }
    },
    {
      "type": "Feature",
      "id": "catchment_1683691",
      "properties": {
        "station_id": "1683691",
        "station_name": "สะพานคลองแม่ต๋ำ",
        "catchment_area_km2": 230.46,
        "contributing_cells": 242725
      },
      "geometry": {
        "type": "Polygon",
        "coordinates": [
          [
            [
              100.03805,
              18.901694
            ],
            [
              100.021383,
              18.901972
            ],
            [
              99.991383,
              18.910861
            ],
            [
              99.849994,
              19.003361
            ],
            [
              99.891383,
              19.080861
            ],
            [
              99.913606,
              19.101694
            ],
            [
              100.116661,
              18.946417
            ],
            [
              100.03805,
              18.901694
            ]
          ]
        ]
      }
    },
    {
      "type": "Feature",
      "id": "catchment_8304",
      "properties": {
        "station_id": "8304",
        "station_name": "สะพานบ้านต๋ำ",
        "catchment_area_km2": 0.47,
        "contributing_cells": 500
      },
      "geometry": {
        "type": "Polygon",
        "coordinates": [
          [
            [
              99.872494,
              19.209472
            ],
            [
              99.869439,
              19.210305
            ],
            [
              99.868328,
              19.211139
            ],
            [
              99.866939,
              19.212528
            ],
            [
              99.862772,
              19.216694
            ],
            [
              99.861383,
              19.218083
            ],
            [
              99.872772,
              19.218639
            ],
            [
              99.87555,
              19.216972
            ],
            [
              99.876106,
              19.21475
            ],
            [
              99.874439,
              19.209472
            ],
            [
              99.872494,
              19.209472
            ]
          ]
        ]
      }
    },
    {
      "type": "Feature",
      "id": "catchment_268762",
      "properties": {
        "station_id": "268762",
        "station_name": "อ่างเก็บน้ำวิทยาลัยเกษตรและเทคโนโลยีพะเยา",
        "catchment_area_km2": 28.88,
        "contributing_cells": 30418
      },
      "geometry": {
        "type": "Polygon",
        "coordinates": [
          [
            [
              99.794717,
              19.053083
            ],
            [
              99.781106,
              19.060305
            ],
            [
              99.775272,
              19.066972
            ],
            [
              99.768328,
              19.081139
            ],
            [
              99.767772,
              19.082805
            ],
            [
              99.765272,
              19.099472
            ],
            [
              99.778883,
              19.105861
            ],
            [
              99.792217,
              19.106694
            ],
            [
              99.796661,
              19.106694
            ],
            [
              99.826106,
              19.100583
            ],
            [
              99.813883,
              19.065028
            ],
            [
              99.794717,
              19.053083
            ]
          ]
        ]
      }
    },
    {
      "type": "Feature",
      "id": "catchment_268767",
      "properties": {
        "station_id": "268767",
        "station_name": "อ่างเก็บน้ำห้วยตุบขอบ",
        "catchment_area_km2": 4.19,
        "contributing_cells": 4412
      },
      "geometry": {
        "type": "Polygon",
        "coordinates": [
          [
            [
              99.871106,
              18.997528
            ],
            [
              99.867494,
              18.998361
            ],
            [
              99.861106,
              19.000028
            ],
            [
              99.85805,
              19.000861
            ],
            [
              99.857217,
              19.001139
            ],
            [
              99.856106,
              19.00225
            ],
            [
              99.857217,
              19.005861
            ],
            [
              99.86805,
              19.013083
            ],
            [
              99.873883,
              19.014194
            ],
            [
              99.878883,
              19.012528
            ],
            [
              99.881383,
              19.008083
            ],
            [
              99.881661,
              19.007528
            ],
            [
              99.882217,
              19.003917
            ],
            [
              99.877217,
              19.000861
            ],
            [
              99.874717,
              18.999472
            ],
            [
              99.871106,
              18.997528
            ]
          ]
        ]
      }
    },
    {
      "type": "Feature",
      "id": "catchment_268763",
      "properties": {
        "station_id": "268763",
        "station_name": "อ่างเก็บน้ำห้วยถ้ำ",
        "catchment_area_km2": 6.6,
        "contributing_cells": 6956
      },
      "geometry": {
        "type": "Polygon",
        "coordinates": [
          [
            [
              99.83055,
              19.040583
            ],
            [
              99.828606,
              19.041417
            ],
            [
              99.82555,
              19.043361
            ],
            [
              99.820828,
              19.047805
            ],
            [
              99.82055,
              19.058083
            ],
            [
              99.84305,
              19.064194
            ],
            [
              99.846661,
              19.063361
            ],
            [
              99.85305,
              19.060861
            ],
            [
              99.850828,
              19.05475
            ],
            [
              99.842217,
              19.04475
            ],
            [
              99.838883,
              19.041972
            ],
            [
              99.83055,
              19.040583
            ]
          ]
        ]
      }
    },
    {
      "type": "Feature",
      "id": "catchment_268766",
      "properties": {
        "station_id": "268766",
        "station_name": "อ่างเก็บน้ำห้วยนาปอย",
        "catchment_area_km2": 9.19,
        "contributing_cells": 9676
      },
      "geometry": {
        "type": "Polygon",
        "coordinates": [
          [
            [
              99.854994,
              19.002528
            ],
            [
              99.841661,
              19.003361
            ],
            [
              99.836661,
              19.005861
            ],
            [
              99.830828,
              19.009194
            ],
            [
              99.834439,
              19.02475
            ],
            [
              99.836106,
              19.026972
            ],
            [
              99.85555,
              19.028083
            ],
            [
              99.871661,
              19.018917
            ],
            [
              99.854994,
              19.002528
            ]
          ]
        ]
      }
    },
    {
      "type": "Feature",
      "id": "catchment_268699",
      "properties": {
        "station_id": "268699",
        "station_name": "อ่างเก็บน้ำห้วยม่วง (ห้วยแฮ้)",
        "catchment_area_km2": 14.49,
        "contributing_cells": 15265
      },
      "geometry": {
        "type": "Polygon",
        "coordinates": [
          [
            [
              99.764717,
              19.109194
            ],
            [
              99.762494,
              19.10975
            ],
            [
              99.758606,
              19.120583
            ],
            [
              99.759717,
              19.133639
            ],
            [
              99.760828,
              19.13725
            ],
            [
              99.764439,
              19.143917
            ],
            [
              99.80055,
              19.156139
            ],
            [
              99.804439,
              19.15475
            ],
            [
              99.80805,
              19.151417
            ],
            [
              99.808883,
              19.145028
            ],
            [
              99.777217,
              19.115583
            ],
            [
              99.764717,
              19.109194
            ]
          ]
        ]
      }
    },
    {
      "type": "Feature",
      "id": "catchment_268764",
      "properties": {
        "station_id": "268764",
        "station_name": "อ่างเก็บน้ำห้วยโซ้",
        "catchment_area_km2": 5.29,
        "contributing_cells": 5574
      },
      "geometry": {
        "type": "Polygon",
        "coordinates": [
          [
            [
              99.835828,
              19.02725
            ],
            [
              99.834161,
              19.028361
            ],
            [
              99.83305,
              19.029472
            ],
            [
              99.830272,
              19.032528
            ],
            [
              99.833606,
              19.038361
            ],
            [
              99.858883,
              19.053083
            ],
            [
              99.863883,
              19.05225
            ],
            [
              99.861939,
              19.043361
            ],
            [
              99.859439,
              19.040861
            ],
            [
              99.856939,
              19.038639
            ],
            [
              99.842772,
              19.028083
            ],
            [
              99.837772,
              19.02725
            ],
            [
              99.835828,
              19.02725
            ]
          ]
        ]
      }
    },
    {
      "type": "Feature",
      "id": "catchment_268525",
      "properties": {
        "station_id": "268525",
        "station_name": "บ้านท่าต้นหาด*",
        "catchment_area_km2": 40.03,
        "contributing_cells": 42164
      },
      "geometry": {
        "type": "Polygon",
        "coordinates": [
          [
            [
              99.742494,
              19.346139
            ],
            [
              99.716383,
              19.346417
            ],
            [
              99.698328,
              19.355583
            ],
            [
              99.688328,
              19.396972
            ],
            [
              99.712772,
              19.397805
            ],
            [
              99.721939,
              19.395305
            ],
            [
              99.737772,
              19.389194
            ],
            [
              99.74055,
              19.387528
            ],
            [
              99.754717,
              19.378361
            ],
            [
              99.773328,
              19.360028
            ],
            [
              99.760828,
              19.350583
            ],
            [
              99.754439,
              19.346694
            ],
            [
              99.742494,
              19.346139
            ]
          ]
        ]
      }
    },
    {
      "type": "Feature",
      "id": "catchment_5574",
      "properties": {
        "station_id": "5574",
        "station_name": "บ้านแม่จว้าเหนือ",
        "catchment_area_km2": 16.7,
        "contributing_cells": 17587
      },
      "geometry": {
        "type": "Polygon",
        "coordinates": [
          [
            [
              99.797494,
              19.314472
            ],
            [
              99.712217,
              19.32975
            ],
            [
              99.708328,
              19.330861
            ],
            [
              99.70805,
              19.34475
            ],
            [
              99.708883,
              19.345305
            ],
            [
              99.709717,
              19.345861
            ],
            [
              99.726661,
              19.346694
            ],
            [
              99.76305,
              19.346694
            ],
            [
              99.765828,
              19.345583
            ],
            [
              99.797494,
              19.314472
            ]
          ]
        ]
      }
    },
    {
      "type": "Feature",
      "id": "catchment_4342",
      "properties": {
        "station_id": "4342",
        "station_name": "บ้านน้ำอิง",
        "catchment_area_km2": 6632.26,
        "contributing_cells": 6985125
      },
      "geometry": {
        "type": "Polygon",
        "coordinates": [
          [
            [
              100.032494,
              18.905305
            ],
            [
              99.907772,
              19.011694
            ],
            [
              99.728883,
              19.188361
            ],
            [
              99.687772,
              19.396972
            ],
            [
              99.648328,
              19.607805
            ],
            [
              99.690828,
              19.698917
            ],
            [
              100.035272,
              19.918639
            ],
            [
              100.104717,
              19.937528
            ],
            [
              100.418328,
              19.815861
            ],
            [
              100.457772,
              19.589472
            ],
            [
              100.461939,
              19.51225
            ],
            [
              100.449717,
              19.398639
            ],
            [
              100.114439,
              18.961972
            ],
            [
              100.095272,
              18.938917
            ],
            [
              100.032494,
              18.905305
            ]
          ]
        ]
      }
    },
    {
      "type": "Feature",
      "id": "catchment_5612",
      "properties": {
        "station_id": "5612",
        "station_name": "บ้านป่าแดงใหม่",
        "catchment_area_km2": 19.6,
        "contributing_cells": 20638
      },
      "geometry": {
        "type": "Polygon",
        "coordinates": [
          [
            [
              100.36305,
              19.915305
            ],
            [
              100.361106,
              19.915861
            ],
            [
              100.344994,
              19.921139
            ],
            [
              100.323328,
              19.928361
            ],
            [
              100.311661,
              19.937528
            ],
            [
              100.356383,
              19.954194
            ],
            [
              100.364994,
              19.956694
            ],
            [
              100.367494,
              19.955583
            ],
            [
              100.371383,
              19.951972
            ],
            [
              100.37055,
              19.943639
            ],
            [
              100.368328,
              19.928361
            ],
            [
              100.367217,
              19.924194
            ],
            [
              100.365272,
              19.920028
            ],
            [
              100.36305,
              19.915305
            ]
          ]
        ]
      }
    },
    {
      "type": "Feature",
      "id": "catchment_5617",
      "properties": {
        "station_id": "5617",
        "station_name": "บ้านเจดีย์",
        "catchment_area_km2": 11.0,
        "contributing_cells": 11581
      },
      "geometry": {
        "type": "Polygon",
        "coordinates": [
          [
            [
              100.309994,
              19.817528
            ],
            [
              100.306383,
              19.818639
            ],
            [
              100.301383,
              19.821972
            ],
            [
              100.280272,
              19.841417
            ],
            [
              100.279439,
              19.842528
            ],
            [
              100.275272,
              19.849194
            ],
            [
              100.271661,
              19.856972
            ],
            [
              100.293883,
              19.851694
            ],
            [
              100.314439,
              19.841417
            ],
            [
              100.321106,
              19.836417
            ],
            [
              100.319161,
              19.831972
            ],
            [
              100.315272,
              19.823639
            ],
            [
              100.313328,
              19.820861
            ],
            [
              100.309994,
              19.817528
            ]
          ]
        ]
      }
    },
    {
      "type": "Feature",
      "id": "catchment_5397",
      "properties": {
        "station_id": "5397",
        "station_name": "บ้านดอย",
        "catchment_area_km2": 138.37,
        "contributing_cells": 145730
      },
      "geometry": {
        "type": "Polygon",
        "coordinates": [
          [
            [
              100.198883,
              20.068639
            ],
            [
              100.16805,
              20.072528
            ],
            [
              100.124439,
              20.095583
            ],
            [
              100.106383,
              20.127805
            ],
            [
              100.184994,
              20.184472
            ],
            [
              100.199439,
              20.189194
            ],
            [
              100.235272,
              20.175028
            ],
            [
              100.246939,
              20.168361
            ],
            [
              100.268328,
              20.150305
            ],
            [
              100.264717,
              20.143361
            ],
            [
              100.225272,
              20.084472
            ],
            [
              100.198883,
              20.068639
            ]
          ]
        ]
      }
    },
    {
      "type": "Feature",
      "id": "catchment_2660",
      "properties": {
        "station_id": "2660",
        "station_name": "บ้านป่าลัน",
        "catchment_area_km2": 11.02,
        "contributing_cells": 11604
      },
      "geometry": {
        "type": "Polygon",
        "coordinates": [
          [
            [
              100.045828,
              20.058639
            ],
            [
              100.041661,
              20.059472
            ],
            [
              100.040272,
              20.061139
            ],
            [
              100.033883,
              20.074194
            ],
            [
              100.036383,
              20.086139
            ],
            [
              100.039717,
              20.095861
            ],
            [
              100.046106,
              20.097528
            ],
            [
              100.057494,
              20.086972
            ],
            [
              100.069161,
              20.07475
            ],
            [
              100.054994,
              20.063361
            ],
            [
              100.045828,
              20.058639
            ]
          ]
        ]
      }
    },
    {
      "type": "Feature",
      "id": "catchment_5396",
      "properties": {
        "station_id": "5396",
        "station_name": "บ้านศรีบุญเรือง",
        "catchment_area_km2": 235.27,
        "contributing_cells": 247791
      },
      "geometry": {
        "type": "Polygon",
        "coordinates": [
          [
            [
              100.042494,
              20.060861
            ],
            [
              100.034161,
              20.081972
            ],
            [
              100.10305,
              20.158917
            ],
            [
              100.133883,
              20.188917
            ],
            [
              100.18055,
              20.184194
            ],
            [
              100.208606,
              20.180861
            ],
            [
              100.258606,
              20.156694
            ],
            [
              100.257494,
              20.136139
            ],
            [
              100.222772,
              20.081694
            ],
            [
              100.199439,
              20.071972
            ],
            [
              100.042494,
              20.060861
            ]
          ]
        ]
      }
    },
    {
      "type": "Feature",
      "id": "catchment_5213",
      "properties": {
        "station_id": "5213",
        "station_name": "คลองแม่พุง",
        "catchment_area_km2": 1.35,
        "contributing_cells": 1423
      },
      "geometry": {
        "type": "Polygon",
        "coordinates": [
          [
            [
              99.967772,
              19.557528
            ],
            [
              99.966939,
              19.558083
            ],
            [
              99.956661,
              19.567528
            ],
            [
              99.957772,
              19.568083
            ],
            [
              99.962772,
              19.570305
            ],
            [
              99.978883,
              19.565583
            ],
            [
              99.980272,
              19.564472
            ],
            [
              99.980272,
              19.563917
            ],
            [
              99.979161,
              19.561417
            ],
            [
              99.978328,
              19.560028
            ],
            [
              99.969161,
              19.557805
            ],
            [
              99.967772,
              19.557528
            ]
          ]
        ]
      }
    },
    {
      "type": "Feature",
      "id": "catchment_2582",
      "properties": {
        "station_id": "2582",
        "station_name": "บ้านศรีดอนชัย",
        "catchment_area_km2": 0.4,
        "contributing_cells": 418
      },
      "geometry": {
        "type": "Polygon",
        "coordinates": [
          [
            [
              99.94555,
              19.54725
            ],
            [
              99.945828,
              19.553639
            ],
            [
              99.946939,
              19.554472
            ],
            [
              99.94805,
              19.554472
            ],
            [
              99.949994,
              19.553917
            ],
            [
              99.950828,
              19.553639
            ],
            [
              99.951939,
              19.552805
            ],
            [
              99.954439,
              19.550861
            ],
            [
              99.956661,
              19.548639
            ],
            [
              99.946106,
              19.54725
            ],
            [
              99.94555,
              19.54725
            ]
          ]
        ]
      }
    },
    {
      "type": "Feature",
      "id": "catchment_2630",
      "properties": {
        "station_id": "2630",
        "station_name": "บ้านนาเจริญ*",
        "catchment_area_km2": 45.69,
        "contributing_cells": 48118
      },
      "geometry": {
        "type": "Polygon",
        "coordinates": [
          [
            [
              100.106661,
              19.901417
            ],
            [
              100.097772,
              19.908639
            ],
            [
              100.090828,
              19.918083
            ],
            [
              100.089161,
              19.930583
            ],
            [
              100.088883,
              19.936694
            ],
            [
              100.101939,
              19.962528
            ],
            [
              100.116106,
              19.97725
            ],
            [
              100.144994,
              19.980583
            ],
            [
              100.151939,
              19.970305
            ],
            [
              100.164161,
              19.937528
            ],
            [
              100.15555,
              19.929472
            ],
            [
              100.151383,
              19.926139
            ],
            [
              100.106661,
              19.901417
            ]
          ]
        ]
      }
    },
    {
      "type": "Feature",
      "id": "catchment_5409",
      "properties": {
        "station_id": "5409",
        "station_name": "บ้านดงขนุน",
        "catchment_area_km2": 2803.63,
        "contributing_cells": 2952798
      },
      "geometry": {
        "type": "Polygon",
        "coordinates": [
          [
            [
              99.450272,
              19.030583
            ],
            [
              99.371106,
              19.077528
            ],
            [
              99.334161,
              19.10225
            ],
            [
              99.327494,
              19.129194
            ],
            [
              99.279161,
              19.61225
            ],
            [
              99.397772,
              19.885583
            ],
            [
              99.451383,
              19.951694
            ],
            [
              99.50305,
              19.93725
            ],
            [
              99.566106,
              19.887805
            ],
            [
              99.661106,
              19.700583
            ],
            [
              99.551383,
              19.151972
            ],
            [
              99.450272,
              19.030583
            ]
          ]
        ]
      }
    },
    {
      "type": "Feature",
      "id": "catchment_8931",
      "properties": {
        "station_id": "8931",
        "station_name": "บ้านป่าหุ่ง*",
        "catchment_area_km2": 1.01,
        "contributing_cells": 1064
      },
      "geometry": {
        "type": "Polygon",
        "coordinates": [
          [
            [
              99.707217,
              19.564194
            ],
            [
              99.701383,
              19.566694
            ],
            [
              99.695828,
              19.56975
            ],
            [
              99.694994,
              19.570305
            ],
            [
              99.695272,
              19.571417
            ],
            [
              99.696939,
              19.572805
            ],
            [
              99.701383,
              19.573639
            ],
            [
              99.708328,
              19.573083
            ],
            [
              99.708883,
              19.57225
            ],
            [
              99.70805,
              19.566694
            ],
            [
              99.707217,
              19.564194
            ]
          ]
        ]
      }
    },
    {
      "type": "Feature",
      "id": "catchment_5652",
      "properties": {
        "station_id": "5652",
        "station_name": "บ้านต้นปล้อง",
        "catchment_area_km2": 0.82,
        "contributing_cells": 867
      },
      "geometry": {
        "type": "Polygon",
        "coordinates": [
          [
            [
              100.344994,
              19.984472
            ],
            [
              100.342217,
              19.985583
            ],
            [
              100.333883,
              19.990583
            ],
            [
              100.333606,
              19.990861
            ],
            [
              100.33305,
              19.991417
            ],
            [
              100.33055,
              19.994194
            ],
            [
              100.332494,
              19.995028
            ],
            [
              100.342494,
              19.992528
            ],
            [
              100.346106,
              19.98725
            ],
            [
              100.346661,
              19.986139
            ],
            [
              100.346383,
              19.985028
            ],
            [
              100.344994,
              19.984472
            ]
          ]
        ]
      }
    },
    {
      "type": "Feature",
      "id": "catchment_2570",
      "properties": {
        "station_id": "2570",
        "station_name": "บ้านทุ่งทราย",
        "catchment_area_km2": 35.22,
        "contributing_cells": 37093
      },
      "geometry": {
        "type": "Polygon",
        "coordinates": [
          [
            [
              100.318606,
              20.238639
            ],
            [
              100.31305,
              20.23975
            ],
            [
              100.289439,
              20.246417
            ],
            [
              100.302217,
              20.283361
            ],
            [
              100.31305,
              20.290028
            ],
            [
              100.351106,
              20.280305
            ],
            [
              100.371383,
              20.258361
            ],
            [
              100.369717,
              20.250583
            ],
            [
              100.366661,
              20.248361
            ],
            [
              100.360828,
              20.246417
            ],
            [
              100.32555,
              20.239472
            ],
            [
              100.318606,
              20.238639
            ]
          ]
        ]
      }
    },
    {
      "type": "Feature",
      "id": "catchment_5606",
      "properties": {
        "station_id": "5606",
        "station_name": "บ้านม่วงชุม",
        "catchment_area_km2": 7444.63,
        "contributing_cells": 7840713
      },
      "geometry": {
        "type": "Polygon",
        "coordinates": [
          [
            [
              100.031661,
              18.94725
            ],
            [
              99.858606,
              19.014472
            ],
            [
              99.776661,
              19.066417
            ],
            [
              99.687494,
              19.39975
            ],
            [
              99.636106,
              19.621694
            ],
            [
              99.639439,
              19.662528
            ],
            [
              100.143883,
              20.018639
            ],
            [
              100.264717,
              20.085861
            ],
            [
              100.316661,
              20.098639
            ],
            [
              100.396939,
              20.105305
            ],
            [
              100.584994,
              19.488083
            ],
            [
              100.536939,
              19.428639
            ],
            [
              100.031661,
              18.94725
            ]
          ]
        ]
      }
    },
    {
      "type": "Feature",
      "id": "catchment_5334",
      "properties": {
        "station_id": "5334",
        "station_name": "บ้านเนินสมบูรณ์",
        "catchment_area_km2": 13.79,
        "contributing_cells": 14528
      },
      "geometry": {
        "type": "Polygon",
        "coordinates": [
          [
            [
              100.23805,
              20.068639
            ],
            [
              100.229994,
              20.075861
            ],
            [
              100.224439,
              20.081139
            ],
            [
              100.226661,
              20.101417
            ],
            [
              100.229161,
              20.103917
            ],
            [
              100.233606,
              20.105305
            ],
            [
              100.242494,
              20.106139
            ],
            [
              100.247494,
              20.103917
            ],
            [
              100.25805,
              20.097528
            ],
            [
              100.261106,
              20.086417
            ],
            [
              100.264439,
              20.071139
            ],
            [
              100.23805,
              20.068639
            ]
          ]
        ]
      }
    },
    {
      "type": "Feature",
      "id": "catchment_5214",
      "properties": {
        "station_id": "5214",
        "station_name": "สะพานอิงอุดม",
        "catchment_area_km2": 7687.14,
        "contributing_cells": 8096127
      },
      "geometry": {
        "type": "Polygon",
        "coordinates": [
          [
            [
              100.012494,
              18.927528
            ],
            [
              99.782494,
              19.168639
            ],
            [
              99.752772,
              19.209472
            ],
            [
              99.687772,
              19.39725
            ],
            [
              99.661106,
              19.553083
            ],
            [
              99.684994,
              19.690861
            ],
            [
              100.341939,
              20.198083
            ],
            [
              100.44055,
              20.197805
            ],
            [
              100.589439,
              19.47725
            ],
            [
              100.012494,
              18.927528
            ]
          ]
        ]
      }
    },
    {
      "type": "Feature",
      "id": "catchment_268783",
      "properties": {
        "station_id": "268783",
        "station_name": "อ่างเก็บน้ำม่วงชุม",
        "catchment_area_km2": 7444.63,
        "contributing_cells": 7840713
      },
      "geometry": {
        "type": "Polygon",
        "coordinates": [
          [
            [
              100.031661,
              18.94725
            ],
            [
              99.858606,
              19.014472
            ],
            [
              99.776661,
              19.066417
            ],
            [
              99.687494,
              19.39975
            ],
            [
              99.636106,
              19.621694
            ],
            [
              99.639439,
              19.662528
            ],
            [
              100.143883,
              20.018639
            ],
            [
              100.264717,
              20.085861
            ],
            [
              100.316661,
              20.098639
            ],
            [
              100.396939,
              20.105305
            ],
            [
              100.584994,
              19.488083
            ],
            [
              100.536939,
              19.428639
            ],
            [
              100.031661,
              18.94725
            ]
          ]
        ]
      }
    },
    {
      "type": "Feature",
      "id": "catchment_2596",
      "properties": {
        "station_id": "2596",
        "station_name": "บ้านดอยสะโงะ",
        "catchment_area_km2": 0.24,
        "contributing_cells": 249
      },
      "geometry": {
        "type": "Polygon",
        "coordinates": [
          [
            [
              100.019161,
              20.341417
            ],
            [
              100.018606,
              20.341972
            ],
            [
              100.01805,
              20.342528
            ],
            [
              100.015272,
              20.345861
            ],
            [
              100.014994,
              20.346417
            ],
            [
              100.015828,
              20.347528
            ],
            [
              100.016383,
              20.348083
            ],
            [
              100.017494,
              20.348083
            ],
            [
              100.018328,
              20.347528
            ],
            [
              100.019439,
              20.346694
            ],
            [
              100.019717,
              20.346417
            ],
            [
              100.019994,
              20.345861
            ],
            [
              100.019994,
              20.344472
            ],
            [
              100.019717,
              20.343083
            ],
            [
              100.019161,
              20.341417
            ]
          ]
        ]
      }
    },
    {
      "type": "Feature",
      "id": "catchment_2597",
      "properties": {
        "station_id": "2597",
        "station_name": "บ้านธารทอง",
        "catchment_area_km2": 3.04,
        "contributing_cells": 3202
      },
      "geometry": {
        "type": "Polygon",
        "coordinates": [
          [
            [
              100.291383,
              20.253639
            ],
            [
              100.288883,
              20.25475
            ],
            [
              100.286661,
              20.256694
            ],
            [
              100.289161,
              20.265861
            ],
            [
              100.290272,
              20.26975
            ],
            [
              100.298328,
              20.276139
            ],
            [
              100.301383,
              20.278361
            ],
            [
              100.304439,
              20.273917
            ],
            [
              100.304994,
              20.271417
            ],
            [
              100.304717,
              20.270305
            ],
            [
              100.298328,
              20.258639
            ],
            [
              100.296939,
              20.257528
            ],
            [
              100.294439,
              20.255583
            ],
            [
              100.291383,
              20.253639
            ]
          ]
        ]
      }
    },
    {
      "type": "Feature",
      "id": "catchment_5391",
      "properties": {
        "station_id": "5391",
        "station_name": "บ้านห้วยข่อยหล่อย",
        "catchment_area_km2": 43.97,
        "contributing_cells": 46314
      },
      "geometry": {
        "type": "Polygon",
        "coordinates": [
          [
            [
              100.273606,
              20.132528
            ],
            [
              100.237217,
              20.194472
            ],
            [
              100.239161,
              20.199472
            ],
            [
              100.277217,
              20.223083
            ],
            [
              100.286383,
              20.218917
            ],
            [
              100.306661,
              20.204472
            ],
            [
              100.306939,
              20.203917
            ],
            [
              100.303606,
              20.176139
            ],
            [
              100.296383,
              20.163083
            ],
            [
              100.286661,
              20.150028
            ],
            [
              100.273606,
              20.132528
            ]
          ]
        ]
      }
    },
    {
      "type": "Feature",
      "id": "catchment_1627",
      "properties": {
        "station_id": "1627",
        "station_name": "เชียงแสน",
        "catchment_area_km2": 9560.27,
        "contributing_cells": 10068913
      },
      "geometry": {
        "type": "Polygon",
        "coordinates": [
          [
            [
              99.40555,
              19.083917
            ],
            [
              99.33805,
              19.101694
            ],
            [
              99.044717,
              19.74725
            ],
            [
              99.055272,
              19.982528
            ],
            [
              99.127217,
              20.489194
            ],
            [
              99.251383,
              20.590861
            ],
            [
              99.369439,
              20.543917
            ],
            [
              100.120828,
              20.221139
            ],
            [
              99.984161,
              19.779194
            ],
            [
              99.507772,
              19.13225
            ],
            [
              99.40555,
              19.083917
            ]
          ]
        ]
      }
    },
    {
      "type": "Feature",
      "id": "catchment_5636",
      "properties": {
        "station_id": "5636",
        "station_name": "บ้านปี้*",
        "catchment_area_km2": 1420.68,
        "contributing_cells": 1496262
      },
      "geometry": {
        "type": "Polygon",
        "coordinates": [
          [
            [
              100.260272,
              19.359194
            ],
            [
              100.219439,
              19.391694
            ],
            [
              100.21305,
              19.429472
            ],
            [
              100.224717,
              19.673917
            ],
            [
              100.26055,
              19.758361
            ],
            [
              100.332217,
              19.843917
            ],
            [
              100.377772,
              19.837805
            ],
            [
              100.426106,
              19.813083
            ],
            [
              100.588883,
              19.485028
            ],
            [
              100.564994,
              19.453639
            ],
            [
              100.535828,
              19.441694
            ],
            [
              100.462217,
              19.41475
            ],
            [
              100.401106,
              19.395861
            ],
            [
              100.287494,
              19.361139
            ],
            [
              100.260272,
              19.359194
            ]
          ]
        ]
      }
    },
    {
      "type": "Feature",
      "id": "catchment_5763",
      "properties": {
        "station_id": "5763",
        "station_name": "บ้านริมอิง*",
        "catchment_area_km2": 4207.94,
        "contributing_cells": 4431822
      },
      "geometry": {
        "type": "Polygon",
        "coordinates": [
          [
            [
              100.00055,
              18.92475
            ],
            [
              99.854161,
              19.01975
            ],
            [
              99.82555,
              19.049194
            ],
            [
              99.774994,
              19.130028
            ],
            [
              99.709439,
              19.294194
            ],
            [
              99.628606,
              19.563361
            ],
            [
              99.62805,
              19.620583
            ],
            [
              99.69055,
              19.698083
            ],
            [
              100.012494,
              19.726139
            ],
            [
              100.184994,
              19.615305
            ],
            [
              100.243328,
              19.52975
            ],
            [
              100.224439,
              19.28975
            ],
            [
              100.102494,
              18.977528
            ],
            [
              100.00055,
              18.92475
            ]
          ]
        ]
      }
    },
    {
      "type": "Feature",
      "id": "catchment_268515",
      "properties": {
        "station_id": "268515",
        "station_name": "บ้านสันทรายงาม*",
        "catchment_area_km2": 5933.62,
        "contributing_cells": 6249314
      },
      "geometry": {
        "type": "Polygon",
        "coordinates": [
          [
            [
              99.96555,
              18.929472
            ],
            [
              99.769439,
              19.083917
            ],
            [
              99.717772,
              19.233361
            ],
            [
              99.648883,
              19.50725
            ],
            [
              99.696661,
              19.633639
            ],
            [
              99.813883,
              19.727805
            ],
            [
              100.368606,
              19.774472
            ],
            [
              100.515272,
              19.515861
            ],
            [
              100.494161,
              19.42725
            ],
            [
              100.473606,
              19.406139
            ],
            [
              99.96555,
              18.929472
            ]
          ]
        ]
      }
    },
    {
      "type": "Feature",
      "id": "catchment_5684",
      "properties": {
        "station_id": "5684",
        "station_name": "บ้านหัวดง",
        "catchment_area_km2": 265.78,
        "contributing_cells": 279919
      },
      "geometry": {
        "type": "Polygon",
        "coordinates": [
          [
            [
              100.265828,
              19.67975
            ],
            [
              100.259994,
              19.692805
            ],
            [
              100.256106,
              19.750028
            ],
            [
              100.258883,
              19.766972
            ],
            [
              100.342772,
              19.868361
            ],
            [
              100.353328,
              19.865861
            ],
            [
              100.447772,
              19.827805
            ],
            [
              100.439439,
              19.80975
            ],
            [
              100.399717,
              19.741694
            ],
            [
              100.388328,
              19.722805
            ],
            [
              100.295828,
              19.680861
            ],
            [
              100.265828,
              19.67975
            ]
          ]
        ]
      }
    },
    {
      "type": "Feature",
      "id": "catchment_5611",
      "properties": {
        "station_id": "5611",
        "station_name": "บ้านห้วยไคร้ลานทอง",
        "catchment_area_km2": 5.74,
        "contributing_cells": 6046
      },
      "geometry": {
        "type": "Polygon",
        "coordinates": [
          [
            [
              100.252494,
              19.734472
            ],
            [
              100.241383,
              19.740861
            ],
            [
              100.228606,
              19.750028
            ],
            [
              100.246661,
              19.76475
            ],
            [
              100.251106,
              19.765028
            ],
            [
              100.25555,
              19.761972
            ],
            [
              100.254994,
              19.748083
            ],
            [
              100.253606,
              19.738639
            ],
            [
              100.252494,
              19.734472
            ]
          ]
        ]
      }
    },
    {
      "type": "Feature",
      "id": "catchment_5682",
      "properties": {
        "station_id": "5682",
        "station_name": "บ้านไคร้",
        "catchment_area_km2": 212.04,
        "contributing_cells": 223323
      },
      "geometry": {
        "type": "Polygon",
        "coordinates": [
          [
            [
              100.32305,
              19.703917
            ],
            [
              100.319439,
              19.705861
            ],
            [
              100.296106,
              19.72475
            ],
            [
              100.285272,
              19.767805
            ],
            [
              100.283606,
              19.780861
            ],
            [
              100.337494,
              19.857805
            ],
            [
              100.371383,
              19.856972
            ],
            [
              100.395828,
              19.847805
            ],
            [
              100.448328,
              19.826139
            ],
            [
              100.441939,
              19.812805
            ],
            [
              100.388328,
              19.716972
            ],
            [
              100.378606,
              19.712528
            ],
            [
              100.32305,
              19.703917
            ]
          ]
        ]
      }
    },
    {
      "type": "Feature",
      "id": "catchment_1622",
      "properties": {
        "station_id": "1622",
        "station_name": "เทิง",
        "catchment_area_km2": 5908.88,
        "contributing_cells": 6223254
      },
      "geometry": {
        "type": "Polygon",
        "coordinates": [
          [
            [
              100.019717,
              18.930583
            ],
            [
              99.831383,
              19.043639
            ],
            [
              99.760828,
              19.21725
            ],
            [
              99.688328,
              19.400861
            ],
            [
              99.647494,
              19.606694
            ],
            [
              99.720272,
              19.687528
            ],
            [
              100.33055,
              19.841694
            ],
            [
              100.41555,
              19.786417
            ],
            [
              100.562217,
              19.492528
            ],
            [
              100.566383,
              19.46975
            ],
            [
              100.537217,
              19.419472
            ],
            [
              100.123606,
              18.970583
            ],
            [
              100.083328,
              18.95225
            ],
            [
              100.019717,
              18.930583
            ]
          ]
        ]
      }
    },
    {
      "type": "Feature",
      "id": "catchment_268517",
      "properties": {
        "station_id": "268517",
        "station_name": "ชุมชนบ้านใหม่*",
        "catchment_area_km2": 4849.88,
        "contributing_cells": 5107908
      },
      "geometry": {
        "type": "Polygon",
        "coordinates": [
          [
            [
              99.216661,
              19.565028
            ],
            [
              99.137494,
              19.60975
            ],
            [
              99.081939,
              19.645583
            ],
            [
              99.055828,
              19.72725
            ],
            [
              99.05305,
              20.450028
            ],
            [
              99.219439,
              20.538361
            ],
            [
              99.414994,
              20.47975
            ],
            [
              99.827217,
              19.919194
            ],
            [
              99.764439,
              19.881972
            ],
            [
              99.216661,
              19.565028
            ]
          ]
        ]
      }
    },
    {
      "type": "Feature",
      "id": "catchment_268752",
      "properties": {
        "station_id": "268752",
        "station_name": "บ้านกกโท้ง",
        "catchment_area_km2": 0.02,
        "contributing_cells": 18
      },
      "geometry": {
        "type": "Polygon",
        "coordinates": [
          [
            [
              99.852494,
              19.920861
            ],
            [
              99.852494,
              19.921972
            ],
            [
              99.852772,
              19.92225
            ],
            [
              99.85305,
              19.92225
            ],
            [
              99.853606,
              19.920861
            ],
            [
              99.852494,
              19.920861
            ]
          ]
        ]
      }
    },
    {
      "type": "Feature",
      "id": "catchment_5401",
      "properties": {
        "station_id": "5401",
        "station_name": "บ้านดงเจริญ",
        "catchment_area_km2": 4.76,
        "contributing_cells": 5008
      },
      "geometry": {
        "type": "Polygon",
        "coordinates": [
          [
            [
              99.820828,
              19.753917
            ],
            [
              99.819717,
              19.754472
            ],
            [
              99.815272,
              19.758083
            ],
            [
              99.813606,
              19.760305
            ],
            [
              99.81055,
              19.764472
            ],
            [
              99.807494,
              19.775861
            ],
            [
              99.809439,
              19.776694
            ],
            [
              99.811383,
              19.77725
            ],
            [
              99.814161,
              19.776972
            ],
            [
              99.819439,
              19.776417
            ],
            [
              99.825272,
              19.773639
            ],
            [
              99.827772,
              19.771972
            ],
            [
              99.833328,
              19.767528
            ],
            [
              99.825272,
              19.756139
            ],
            [
              99.820828,
              19.753917
            ]
          ]
        ]
      }
    },
    {
      "type": "Feature",
      "id": "catchment_268516",
      "properties": {
        "station_id": "268516",
        "station_name": "บ้านท่าสาย*",
        "catchment_area_km2": 3316.44,
        "contributing_cells": 3492883
      },
      "geometry": {
        "type": "Polygon",
        "coordinates": [
          [
            [
              99.401939,
              19.02725
            ],
            [
              99.334439,
              19.102528
            ],
            [
              99.267772,
              19.650305
            ],
            [
              99.461661,
              19.958917
            ],
            [
              99.495272,
              19.965583
            ],
            [
              99.846106,
              19.857528
            ],
            [
              99.502772,
              19.105305
            ],
            [
              99.438883,
              19.03475
            ],
            [
              99.401939,
              19.02725
            ]
          ]
        ]
      }
    },
    {
      "type": "Feature",
      "id": "catchment_8932",
      "properties": {
        "station_id": "8932",
        "station_name": "บ้านผาเสริฐ*",
        "catchment_area_km2": 4612.01,
        "contributing_cells": 4857390
      },
      "geometry": {
        "type": "Polygon",
        "coordinates": [
          [
            [
              99.227494,
              19.561694
            ],
            [
              99.082772,
              19.646972
            ],
            [
              99.032494,
              19.733917
            ],
            [
              99.06305,
              20.460028
            ],
            [
              99.227494,
              20.589194
            ],
            [
              99.306661,
              20.585583
            ],
            [
              99.356106,
              20.55225
            ],
            [
              99.639161,
              20.072805
            ],
            [
              99.693883,
              19.960028
            ],
            [
              99.658328,
              19.928361
            ],
            [
              99.227494,
              19.561694
            ]
          ]
        ]
      }
    },
    {
      "type": "Feature",
      "id": "catchment_2560",
      "properties": {
        "station_id": "2560",
        "station_name": "บ้านพนาสวรรค์",
        "catchment_area_km2": 63.57,
        "contributing_cells": 66949
      },
      "geometry": {
        "type": "Polygon",
        "coordinates": [
          [
            [
              99.600828,
              20.033917
            ],
            [
              99.590828,
              20.034194
            ],
            [
              99.579439,
              20.03725
            ],
            [
              99.556106,
              20.058083
            ],
            [
              99.564161,
              20.086139
            ],
            [
              99.574994,
              20.113361
            ],
            [
              99.579161,
              20.11725
            ],
            [
              99.586661,
              20.117528
            ],
            [
              99.639439,
              20.091139
            ],
            [
              99.635272,
              20.052528
            ],
            [
              99.600828,
              20.033917
            ]
          ]
        ]
      }
    },
    {
      "type": "Feature",
      "id": "catchment_8933",
      "properties": {
        "station_id": "8933",
        "station_name": "บ้านสวนดอก*",
        "catchment_area_km2": 9.96,
        "contributing_cells": 10489
      },
      "geometry": {
        "type": "Polygon",
        "coordinates": [
          [
            [
              99.73055,
              19.84725
            ],
            [
              99.726939,
              19.847805
            ],
            [
              99.725828,
              19.848917
            ],
            [
              99.708883,
              19.865861
            ],
            [
              99.699439,
              19.876417
            ],
            [
              99.697772,
              19.878917
            ],
            [
              99.699994,
              19.88725
            ],
            [
              99.711383,
              19.90475
            ],
            [
              99.713328,
              19.903917
            ],
            [
              99.716383,
              19.900305
            ],
            [
              99.723328,
              19.880305
            ],
            [
              99.729717,
              19.853639
            ],
            [
              99.73055,
              19.84725
            ]
          ]
        ]
      }
    },
    {
      "type": "Feature",
      "id": "catchment_5587",
      "properties": {
        "station_id": "5587",
        "station_name": "บ้านหัวดอย",
        "catchment_area_km2": 0.57,
        "contributing_cells": 598
      },
      "geometry": {
        "type": "Polygon",
        "coordinates": [
          [
            [
              99.876939,
              19.82975
            ],
            [
              99.87555,
              19.830861
            ],
            [
              99.874439,
              19.831972
            ],
            [
              99.874439,
              19.833639
            ],
            [
              99.874994,
              19.834472
            ],
            [
              99.876106,
              19.835583
            ],
            [
              99.878883,
              19.836972
            ],
            [
              99.880828,
              19.83725
            ],
            [
              99.882494,
              19.83725
            ],
            [
              99.884439,
              19.835305
            ],
            [
              99.879717,
              19.830861
            ],
            [
              99.879161,
              19.830583
            ],
            [
              99.876939,
              19.82975
            ]
          ]
        ]
      }
    },
    {
      "type": "Feature",
      "id": "catchment_2558",
      "properties": {
        "station_id": "2558",
        "station_name": "บ้านห้วยขมนอก",
        "catchment_area_km2": 35.46,
        "contributing_cells": 37349
      },
      "geometry": {
        "type": "Polygon",
        "coordinates": [
          [
            [
              99.76055,
              19.986139
            ],
            [
              99.73805,
              20.033083
            ],
            [
              99.737494,
              20.03475
            ],
            [
              99.736661,
              20.039194
            ],
            [
              99.73555,
              20.048361
            ],
            [
              99.739161,
              20.052805
            ],
            [
              99.766939,
              20.060861
            ],
            [
              99.783883,
              20.05975
            ],
            [
              99.79055,
              20.055583
            ],
            [
              99.790828,
              20.041694
            ],
            [
              99.787217,
              20.01225
            ],
            [
              99.784161,
              20.00725
            ],
            [
              99.76055,
              19.986139
            ]
          ]
        ]
      }
    },
    {
      "type": "Feature",
      "id": "catchment_8692",
      "properties": {
        "station_id": "8692",
        "station_name": "บ้านแม่สลัก*",
        "catchment_area_km2": 4142.68,
        "contributing_cells": 4363087
      },
      "geometry": {
        "type": "Polygon",
        "coordinates": [
          [
            [
              99.243883,
              19.65225
            ],
            [
              99.094161,
              19.654472
            ],
            [
              99.089161,
              19.658361
            ],
            [
              99.044994,
              19.695028
            ],
            [
              99.06305,
              20.459194
            ],
            [
              99.167217,
              20.586139
            ],
            [
              99.294717,
              20.535583
            ],
            [
              99.318328,
              20.521139
            ],
            [
              99.37555,
              20.458083
            ],
            [
              99.467217,
              20.34975
            ],
            [
              99.500272,
              20.27475
            ],
            [
              99.52305,
              20.188083
            ],
            [
              99.477772,
              20.038639
            ],
            [
              99.350272,
              19.75725
            ],
            [
              99.243883,
              19.65225
            ]
          ]
        ]
      }
    },
    {
      "type": "Feature",
      "id": "catchment_2566",
      "properties": {
        "station_id": "2566",
        "station_name": "บ้านโป่งน้ำร้อน",
        "catchment_area_km2": 7.92,
        "contributing_cells": 8338
      },
      "geometry": {
        "type": "Polygon",
        "coordinates": [
          [
            [
              99.693883,
              19.905861
            ],
            [
              99.688606,
              19.906139
            ],
            [
              99.684439,
              19.906972
            ],
            [
              99.675828,
              19.911694
            ],
            [
              99.674717,
              19.916972
            ],
            [
              99.673883,
              19.928639
            ],
            [
              99.686106,
              19.937528
            ],
            [
              99.688883,
              19.936139
            ],
            [
              99.691383,
              19.933917
            ],
            [
              99.698883,
              19.924194
            ],
            [
              99.697494,
              19.913639
            ],
            [
              99.696661,
              19.910028
            ],
            [
              99.693883,
              19.905861
            ]
          ]
        ]
      }
    },
    {
      "type": "Feature",
      "id": "catchment_8934",
      "properties": {
        "station_id": "8934",
        "station_name": "บ้านใหม่บัวแดง*",
        "catchment_area_km2": 9145.85,
        "contributing_cells": 9632442
      },
      "geometry": {
        "type": "Polygon",
        "coordinates": [
          [
            [
              99.334994,
              19.101972
            ],
            [
              99.055272,
              19.760305
            ],
            [
              99.091661,
              20.461417
            ],
            [
              99.177217,
              20.525583
            ],
            [
              99.317217,
              20.529472
            ],
            [
              99.337217,
              20.523639
            ],
            [
              100.053328,
              20.052528
            ],
            [
              100.089161,
              20.021417
            ],
            [
              99.956661,
              19.805861
            ],
            [
              99.470828,
              19.132805
            ],
            [
              99.334994,
              19.101972
            ]
          ]
        ]
      }
    },
    {
      "type": "Feature",
      "id": "catchment_5212",
      "properties": {
        "station_id": "5212",
        "station_name": "สะพานแม่ฟ้าหลวง",
        "catchment_area_km2": 4849.88,
        "contributing_cells": 5107908
      },
      "geometry": {
        "type": "Polygon",
        "coordinates": [
          [
            [
              99.216661,
              19.565028
            ],
            [
              99.137494,
              19.60975
            ],
            [
              99.081939,
              19.645583
            ],
            [
              99.055828,
              19.72725
            ],
            [
              99.05305,
              20.450028
            ],
            [
              99.219439,
              20.538361
            ],
            [
              99.414994,
              20.47975
            ],
            [
              99.827217,
              19.919194
            ],
            [
              99.764439,
              19.881972
            ],
            [
              99.216661,
              19.565028
            ]
          ]
        ]
      }
    },
    {
      "type": "Feature",
      "id": "catchment_1617",
      "properties": {
        "station_id": "1617",
        "station_name": "เมืองเชียงราย",
        "catchment_area_km2": 3155.89,
        "contributing_cells": 3323792
      },
      "geometry": {
        "type": "Polygon",
        "coordinates": [
          [
            [
              99.36805,
              19.088083
            ],
            [
              99.336661,
              19.102528
            ],
            [
              99.324161,
              19.202805
            ],
            [
              99.273606,
              19.634472
            ],
            [
              99.420272,
              19.875305
            ],
            [
              99.51805,
              19.95475
            ],
            [
              99.779161,
              19.827805
            ],
            [
              99.78305,
              19.794472
            ],
            [
              99.773606,
              19.707805
            ],
            [
              99.54055,
              19.118917
            ],
            [
              99.445828,
              19.097528
            ],
            [
              99.36805,
              19.088083
            ]
          ]
        ]
      }
    },
    {
      "type": "Feature",
      "id": "catchment_2629",
      "properties": {
        "station_id": "2629",
        "station_name": "บ้านขุนลาว",
        "catchment_area_km2": 9.66,
        "contributing_cells": 10178
      },
      "geometry": {
        "type": "Polygon",
        "coordinates": [
          [
            [
              99.365272,
              19.081972
            ],
            [
              99.345828,
              19.086417
            ],
            [
              99.344717,
              19.08975
            ],
            [
              99.344161,
              19.096694
            ],
            [
              99.347494,
              19.104194
            ],
            [
              99.350272,
              19.10975
            ],
            [
              99.350828,
              19.110861
            ],
            [
              99.359717,
              19.108917
            ],
            [
              99.371383,
              19.104472
            ],
            [
              99.379717,
              19.091694
            ],
            [
              99.376383,
              19.085028
            ],
            [
              99.365272,
              19.081972
            ]
          ]
        ]
      }
    },
    {
      "type": "Feature",
      "id": "catchment_2622",
      "properties": {
        "station_id": "2622",
        "station_name": "บ้านดอยงาม",
        "catchment_area_km2": 1.35,
        "contributing_cells": 1420
      },
      "geometry": {
        "type": "Polygon",
        "coordinates": [
          [
            [
              99.336383,
              19.511139
            ],
            [
              99.33555,
              19.511972
            ],
            [
              99.331106,
              19.518917
            ],
            [
              99.328883,
              19.522528
            ],
            [
              99.328606,
              19.523917
            ],
            [
              99.331106,
              19.526139
            ],
            [
              99.333883,
              19.525583
            ],
            [
              99.33555,
              19.52475
            ],
            [
              99.339994,
              19.520583
            ],
            [
              99.341106,
              19.518639
            ],
            [
              99.339439,
              19.51475
            ],
            [
              99.336383,
              19.511139
            ]
          ]
        ]
      }
    },
    {
      "type": "Feature",
      "id": "catchment_5546",
      "properties": {
        "station_id": "5546",
        "station_name": "บ้านปางมะกาด",
        "catchment_area_km2": 6.84,
        "contributing_cells": 7207
      },
      "geometry": {
        "type": "Polygon",
        "coordinates": [
          [
            [
              99.32305,
              19.147805
            ],
            [
              99.321383,
              19.150583
            ],
            [
              99.320272,
              19.153917
            ],
            [
              99.319161,
              19.158083
            ],
            [
              99.319994,
              19.163361
            ],
            [
              99.321106,
              19.164194
            ],
            [
              99.334994,
              19.171139
            ],
            [
              99.338606,
              19.172805
            ],
            [
              99.346383,
              19.163639
            ],
            [
              99.349994,
              19.15475
            ],
            [
              99.344994,
              19.151417
            ],
            [
              99.337772,
              19.147805
            ],
            [
              99.32305,
              19.147805
            ]
          ]
        ]
      }
    },
    {
      "type": "Feature",
      "id": "catchment_8938",
      "properties": {
        "station_id": "8938",
        "station_name": "บ้านปางอ่าย*",
        "catchment_area_km2": 222.35,
        "contributing_cells": 234175
      },
      "geometry": {
        "type": "Polygon",
        "coordinates": [
          [
            [
              99.403606,
              19.004194
            ],
            [
              99.343606,
              19.095305
            ],
            [
              99.433606,
              19.159194
            ],
            [
              99.447217,
              19.167805
            ],
            [
              99.502494,
              19.149194
            ],
            [
              99.511939,
              19.141972
            ],
            [
              99.513328,
              19.13975
            ],
            [
              99.528606,
              19.086972
            ],
            [
              99.527494,
              19.08225
            ],
            [
              99.434717,
              19.00975
            ],
            [
              99.403606,
              19.004194
            ]
          ]
        ]
      }
    },
    {
      "type": "Feature",
      "id": "catchment_8937",
      "properties": {
        "station_id": "8937",
        "station_name": "บ้านป่าบง*",
        "catchment_area_km2": 538.36,
        "contributing_cells": 567001
      },
      "geometry": {
        "type": "Polygon",
        "coordinates": [
          [
            [
              99.440828,
              19.02475
            ],
            [
              99.41055,
              19.034194
            ],
            [
              99.338606,
              19.100583
            ],
            [
              99.310828,
              19.175305
            ],
            [
              99.308328,
              19.184194
            ],
            [
              99.331106,
              19.247805
            ],
            [
              99.511383,
              19.326694
            ],
            [
              99.533606,
              19.241972
            ],
            [
              99.539439,
              19.218361
            ],
            [
              99.54055,
              19.202528
            ],
            [
              99.542217,
              19.156139
            ],
            [
              99.541383,
              19.116694
            ],
            [
              99.456383,
              19.030583
            ],
            [
              99.440828,
              19.02475
            ]
          ]
        ]
      }
    },
    {
      "type": "Feature",
      "id": "catchment_8699",
      "properties": {
        "station_id": "8699",
        "station_name": "บ้านสาเจริญ*",
        "catchment_area_km2": 450.64,
        "contributing_cells": 474618
      },
      "geometry": {
        "type": "Polygon",
        "coordinates": [
          [
            [
              99.436383,
              19.016139
            ],
            [
              99.403328,
              19.028083
            ],
            [
              99.394994,
              19.032805
            ],
            [
              99.382772,
              19.04475
            ],
            [
              99.337772,
              19.100861
            ],
            [
              99.324439,
              19.133917
            ],
            [
              99.312217,
              19.178083
            ],
            [
              99.329994,
              19.24475
            ],
            [
              99.51805,
              19.203083
            ],
            [
              99.557217,
              19.140305
            ],
            [
              99.523606,
              19.077805
            ],
            [
              99.436383,
              19.016139
            ]
          ]
        ]
      }
    },
    {
      "type": "Feature",
      "id": "catchment_2628",
      "properties": {
        "station_id": "2628",
        "station_name": "บ้านห้วยโป่ง",
        "catchment_area_km2": 12.2,
        "contributing_cells": 12853
      },
      "geometry": {
        "type": "Polygon",
        "coordinates": [
          [
            [
              99.406106,
              19.116139
            ],
            [
              99.396383,
              19.120305
            ],
            [
              99.39555,
              19.121972
            ],
            [
              99.398883,
              19.140028
            ],
            [
              99.403883,
              19.148917
            ],
            [
              99.40805,
              19.149194
            ],
            [
              99.437217,
              19.135583
            ],
            [
              99.438328,
              19.135028
            ],
            [
              99.442494,
              19.131972
            ],
            [
              99.441383,
              19.126139
            ],
            [
              99.429439,
              19.121417
            ],
            [
              99.425828,
              19.120583
            ],
            [
              99.406106,
              19.116139
            ]
          ]
        ]
      }
    },
    {
      "type": "Feature",
      "id": "catchment_8296",
      "properties": {
        "station_id": "8296",
        "station_name": "สะพานข้ามแม่น้ำลาว-บ้านป่าสัก",
        "catchment_area_km2": 530.53,
        "contributing_cells": 558758
      },
      "geometry": {
        "type": "Polygon",
        "coordinates": [
          [
            [
              99.400272,
              19.011417
            ],
            [
              99.333883,
              19.101694
            ],
            [
              99.322217,
              19.131972
            ],
            [
              99.311661,
              19.195861
            ],
            [
              99.317772,
              19.228361
            ],
            [
              99.35055,
              19.240861
            ],
            [
              99.517217,
              19.303083
            ],
            [
              99.537217,
              19.238361
            ],
            [
              99.539994,
              19.210028
            ],
            [
              99.541661,
              19.123361
            ],
            [
              99.518606,
              19.082805
            ],
            [
              99.436939,
              19.029472
            ],
            [
              99.400272,
              19.011417
            ]
          ]
        ]
      }
    },
    {
      "type": "Feature",
      "id": "catchment_8297",
      "properties": {
        "station_id": "8297",
        "station_name": "สะพานช้ามแม่น้ำลาว - บ้านโฮ่ง",
        "catchment_area_km2": 240.1,
        "contributing_cells": 252871
      },
      "geometry": {
        "type": "Polygon",
        "coordinates": [
          [
            [
              99.403328,
              19.003083
            ],
            [
              99.350272,
              19.08725
            ],
            [
              99.379717,
              19.11725
            ],
            [
              99.399439,
              19.136694
            ],
            [
              99.401661,
              19.138361
            ],
            [
              99.423883,
              19.151694
            ],
            [
              99.446939,
              19.16225
            ],
            [
              99.461383,
              19.16725
            ],
            [
              99.506939,
              19.173917
            ],
            [
              99.516661,
              19.162805
            ],
            [
              99.539717,
              19.113639
            ],
            [
              99.536106,
              19.104194
            ],
            [
              99.523328,
              19.085305
            ],
            [
              99.403328,
              19.003083
            ]
          ]
        ]
      }
    },
    {
      "type": "Feature",
      "id": "catchment_7976",
      "properties": {
        "station_id": "7976",
        "station_name": "สะพานแม่น้ำลาว",
        "catchment_area_km2": 126.16,
        "contributing_cells": 132877
      },
      "geometry": {
        "type": "Polygon",
        "coordinates": [
          [
            [
              99.403606,
              19.00475
            ],
            [
              99.345828,
              19.085861
            ],
            [
              99.351661,
              19.097528
            ],
            [
              99.358606,
              19.110028
            ],
            [
              99.386661,
              19.115583
            ],
            [
              99.434994,
              19.116139
            ],
            [
              99.456661,
              19.108917
            ],
            [
              99.478328,
              19.066972
            ],
            [
              99.475828,
              19.060305
            ],
            [
              99.464161,
              19.041139
            ],
            [
              99.434439,
              19.01475
            ],
            [
              99.403606,
              19.00475
            ]
          ]
        ]
      }
    },
    {
      "type": "Feature",
      "id": "catchment_8936",
      "properties": {
        "station_id": "8936",
        "station_name": "บ้านป่าซางบุนนาก*",
        "catchment_area_km2": 17.14,
        "contributing_cells": 18057
      },
      "geometry": {
        "type": "Polygon",
        "coordinates": [
          [
            [
              100.162772,
              20.048639
            ],
            [
              100.149439,
              20.051139
            ],
            [
              100.139161,
              20.056972
            ],
            [
              100.126383,
              20.067805
            ],
            [
              100.12055,
              20.081417
            ],
            [
              100.118606,
              20.086972
            ],
            [
              100.124717,
              20.089472
            ],
            [
              100.131383,
              20.088917
            ],
            [
              100.144717,
              20.08725
            ],
            [
              100.155272,
              20.083083
            ],
            [
              100.174717,
              20.061972
            ],
            [
              100.170828,
              20.05725
            ],
            [
              100.167217,
              20.053083
            ],
            [
              100.162772,
              20.048639
            ]
          ]
        ]
      }
    },
    {
      "type": "Feature",
      "id": "catchment_5599",
      "properties": {
        "station_id": "5599",
        "station_name": "บ้านขวากใต้",
        "catchment_area_km2": 349.51,
        "contributing_cells": 368104
      },
      "geometry": {
        "type": "Polygon",
        "coordinates": [
          [
            [
              100.415272,
              19.835861
            ],
            [
              100.374439,
              19.860028
            ],
            [
              100.36805,
              19.88475
            ],
            [
              100.368606,
              19.88975
            ],
            [
              100.374994,
              19.929194
            ],
            [
              100.411106,
              20.007528
            ],
            [
              100.436106,
              20.060305
            ],
            [
              100.442217,
              20.064472
            ],
            [
              100.545828,
              20.035305
            ],
            [
              100.503883,
              19.885861
            ],
            [
              100.491106,
              19.86725
            ],
            [
              100.452772,
              19.850305
            ],
            [
              100.415272,
              19.835861
            ]
          ]
        ]
      }
    },
    {
      "type": "Feature",
      "id": "catchment_2636",
      "properties": {
        "station_id": "2636",
        "station_name": "บ้านผาตั้ง",
        "catchment_area_km2": 0.61,
        "contributing_cells": 644
      },
      "geometry": {
        "type": "Polygon",
        "coordinates": [
          [
            [
              100.51555,
              19.938917
            ],
            [
              100.505272,
              19.946417
            ],
            [
              100.504161,
              19.947528
            ],
            [
              100.506106,
              19.949194
            ],
            [
              100.507494,
              19.948917
            ],
            [
              100.510828,
              19.94725
            ],
            [
              100.511939,
              19.946417
            ],
            [
              100.516661,
              19.942805
            ],
            [
              100.516939,
              19.941972
            ],
            [
              100.516106,
              19.939472
            ],
            [
              100.51555,
              19.938917
            ]
          ]
        ]
      }
    },
    {
      "type": "Feature",
      "id": "catchment_2637",
      "properties": {
        "station_id": "2637",
        "station_name": "บ้านผาแล*",
        "catchment_area_km2": 160.51,
        "contributing_cells": 169045
      },
      "geometry": {
        "type": "Polygon",
        "coordinates": [
          [
            [
              100.427494,
              19.83475
            ],
            [
              100.37305,
              19.870861
            ],
            [
              100.365272,
              19.879472
            ],
            [
              100.359994,
              19.890028
            ],
            [
              100.360828,
              19.901139
            ],
            [
              100.37305,
              19.939194
            ],
            [
              100.387217,
              19.964472
            ],
            [
              100.397494,
              19.960861
            ],
            [
              100.517494,
              19.904194
            ],
            [
              100.500828,
              19.870028
            ],
            [
              100.44055,
              19.838917
            ],
            [
              100.427494,
              19.83475
            ]
          ]
        ]
      }
    },
    {
      "type": "Feature",
      "id": "catchment_2633",
      "properties": {
        "station_id": "2633",
        "station_name": "บ้านหลู้",
        "catchment_area_km2": 0.58,
        "contributing_cells": 612
      },
      "geometry": {
        "type": "Polygon",
        "coordinates": [
          [
            [
              100.53805,
              20.087805
            ],
            [
              100.534439,
              20.088361
            ],
            [
              100.529994,
              20.090861
            ],
            [
              100.528883,
              20.091972
            ],
            [
              100.533883,
              20.094194
            ],
            [
              100.534994,
              20.094472
            ],
            [
              100.536939,
              20.094194
            ],
            [
              100.53805,
              20.093917
            ],
            [
              100.538606,
              20.093361
            ],
            [
              100.538883,
              20.092805
            ],
            [
              100.539439,
              20.091139
            ],
            [
              100.539717,
              20.088917
            ],
            [
              100.539161,
              20.088083
            ],
            [
              100.53805,
              20.087805
            ]
          ]
        ]
      }
    },
    {
      "type": "Feature",
      "id": "catchment_9022",
      "properties": {
        "station_id": "9022",
        "station_name": "บ้านห้วยหาน*",
        "catchment_area_km2": 24.92,
        "contributing_cells": 26251
      },
      "geometry": {
        "type": "Polygon",
        "coordinates": [
          [
            [
              100.452772,
              19.852528
            ],
            [
              100.436939,
              19.881972
            ],
            [
              100.436939,
              19.89225
            ],
            [
              100.459439,
              19.893639
            ],
            [
              100.480828,
              19.891139
            ],
            [
              100.492494,
              19.884194
            ],
            [
              100.50055,
              19.873083
            ],
            [
              100.496661,
              19.866417
            ],
            [
              100.481106,
              19.860861
            ],
            [
              100.452772,
              19.852528
            ]
          ]
        ]
      }
    },
    {
      "type": "Feature",
      "id": "catchment_2640",
      "properties": {
        "station_id": "2640",
        "station_name": "บ้านห้วยเอียน",
        "catchment_area_km2": 23113.32,
        "contributing_cells": 24343029
      },
      "geometry": {
        "type": "Polygon",
        "coordinates": [
          [
            [
              99.970272,
              19.03975
            ],
            [
              99.336661,
              19.100861
            ],
            [
              99.03305,
              19.718917
            ],
            [
              99.059161,
              20.055583
            ],
            [
              99.172772,
              20.580861
            ],
            [
              100.243606,
              20.551417
            ],
            [
              100.594994,
              20.499194
            ],
            [
              100.624439,
              20.372528
            ],
            [
              100.34805,
              19.385028
            ],
            [
              100.074439,
              19.03975
            ],
            [
              99.970272,
              19.03975
            ]
          ]
        ]
      }
    },
    {
      "type": "Feature",
      "id": "catchment_8568",
      "properties": {
        "station_id": "8568",
        "station_name": "สะพานแม่น้ำงาว",
        "catchment_area_km2": 330.53,
        "contributing_cells": 348111
      },
      "geometry": {
        "type": "Polygon",
        "coordinates": [
          [
            [
              100.41805,
              19.837528
            ],
            [
              100.374717,
              19.853361
            ],
            [
              100.352494,
              19.900583
            ],
            [
              100.373883,
              19.946139
            ],
            [
              100.439161,
              20.05475
            ],
            [
              100.44805,
              20.063917
            ],
            [
              100.534439,
              20.017805
            ],
            [
              100.534994,
              20.005583
            ],
            [
              100.531383,
              19.98475
            ],
            [
              100.511939,
              19.900305
            ],
            [
              100.485828,
              19.866972
            ],
            [
              100.475828,
              19.860305
            ],
            [
              100.452217,
              19.850305
            ],
            [
              100.41805,
              19.837528
            ]
          ]
        ]
      }
    },
    {
      "type": "Feature",
      "id": "catchment_4344",
      "properties": {
        "station_id": "4344",
        "station_name": "บ้านหัวสะพาน",
        "catchment_area_km2": 269.03,
        "contributing_cells": 283343
      },
      "geometry": {
        "type": "Polygon",
        "coordinates": [
          [
            [
              99.684717,
              20.033639
            ],
            [
              99.527217,
              20.13975
            ],
            [
              99.512772,
              20.15225
            ],
            [
              99.568606,
              20.175028
            ],
            [
              99.578328,
              20.175305
            ],
            [
              99.861106,
              20.158917
            ],
            [
              99.85555,
              20.119194
            ],
            [
              99.796383,
              20.072805
            ],
            [
              99.72305,
              20.039472
            ],
            [
              99.684717,
              20.033639
            ]
          ]
        ]
      }
    },
    {
      "type": "Feature",
      "id": "catchment_2583",
      "properties": {
        "station_id": "2583",
        "station_name": "บ้านห้วยต่าง",
        "catchment_area_km2": 41.95,
        "contributing_cells": 44181
      },
      "geometry": {
        "type": "Polygon",
        "coordinates": [
          [
            [
              99.685272,
              20.033639
            ],
            [
              99.679439,
              20.074472
            ],
            [
              99.694994,
              20.081694
            ],
            [
              99.74805,
              20.093083
            ],
            [
              99.753328,
              20.085861
            ],
            [
              99.760272,
              20.06725
            ],
            [
              99.731106,
              20.036694
            ],
            [
              99.719161,
              20.03475
            ],
            [
              99.685272,
              20.033639
            ]
          ]
        ]
      }
    },
    {
      "type": "Feature",
      "id": "catchment_2589",
      "properties": {
        "station_id": "2589",
        "station_name": "บ้านห้วยยาโน*",
        "catchment_area_km2": 218.11,
        "contributing_cells": 229710
      },
      "geometry": {
        "type": "Polygon",
        "coordinates": [
          [
            [
              99.683606,
              20.032528
            ],
            [
              99.512217,
              20.151972
            ],
            [
              99.565828,
              20.18225
            ],
            [
              99.752772,
              20.128917
            ],
            [
              99.781661,
              20.113639
            ],
            [
              99.774717,
              20.103083
            ],
            [
              99.733883,
              20.047528
            ],
            [
              99.683606,
              20.032528
            ]
          ]
        ]
      }
    },
    {
      "type": "Feature",
      "id": "catchment_2587",
      "properties": {
        "station_id": "2587",
        "station_name": "บ้านเล่าชีก๋วย*",
        "catchment_area_km2": 268.1,
        "contributing_cells": 282363
      },
      "geometry": {
        "type": "Polygon",
        "coordinates": [
          [
            [
              99.717217,
              20.038361
            ],
            [
              99.527217,
              20.13975
            ],
            [
              99.51305,
              20.15225
            ],
            [
              99.57055,
              20.176417
            ],
            [
              99.582494,
              20.181139
            ],
            [
              99.851939,
              20.145861
            ],
            [
              99.854994,
              20.116694
            ],
            [
              99.785828,
              20.066694
            ],
            [
              99.717217,
              20.038361
            ]
          ]
        ]
      }
    },
    {
      "type": "Feature",
      "id": "catchment_1625",
      "properties": {
        "station_id": "1625",
        "station_name": "แม่จัน",
        "catchment_area_km2": 269.03,
        "contributing_cells": 283343
      },
      "geometry": {
        "type": "Polygon",
        "coordinates": [
          [
            [
              99.684717,
              20.033639
            ],
            [
              99.527217,
              20.13975
            ],
            [
              99.512772,
              20.15225
            ],
            [
              99.568606,
              20.175028
            ],
            [
              99.578328,
              20.175305
            ],
            [
              99.861106,
              20.158917
            ],
            [
              99.85555,
              20.119194
            ],
            [
              99.796383,
              20.072805
            ],
            [
              99.72305,
              20.039472
            ],
            [
              99.684717,
              20.033639
            ]
          ]
        ]
      }
    },
    {
      "type": "Feature",
      "id": "catchment_8726",
      "properties": {
        "station_id": "8726",
        "station_name": "บ้านนาโต่*",
        "catchment_area_km2": 102.48,
        "contributing_cells": 107933
      },
      "geometry": {
        "type": "Polygon",
        "coordinates": [
          [
            [
              99.52305,
              20.268083
            ],
            [
              99.47305,
              20.353639
            ],
            [
              99.461106,
              20.380861
            ],
            [
              99.459717,
              20.391972
            ],
            [
              99.479439,
              20.385861
            ],
            [
              99.573606,
              20.347528
            ],
            [
              99.576383,
              20.34225
            ],
            [
              99.584161,
              20.311139
            ],
            [
              99.571383,
              20.284194
            ],
            [
              99.563606,
              20.281139
            ],
            [
              99.52305,
              20.268083
            ]
          ]
        ]
      }
    },
    {
      "type": "Feature",
      "id": "catchment_5403",
      "properties": {
        "station_id": "5403",
        "station_name": "บ้านปูนะ",
        "catchment_area_km2": 1.32,
        "contributing_cells": 1385
      },
      "geometry": {
        "type": "Polygon",
        "coordinates": [
          [
            [
              99.67555,
              20.298361
            ],
            [
              99.673328,
              20.300305
            ],
            [
              99.672772,
              20.301139
            ],
            [
              99.67305,
              20.302528
            ],
            [
              99.682217,
              20.316139
            ],
            [
              99.682772,
              20.316694
            ],
            [
              99.684161,
              20.316972
            ],
            [
              99.68555,
              20.315583
            ],
            [
              99.686383,
              20.31225
            ],
            [
              99.686939,
              20.310028
            ],
            [
              99.67805,
              20.298361
            ],
            [
              99.67555,
              20.298361
            ]
          ]
        ]
      }
    },
    {
      "type": "Feature",
      "id": "catchment_2643",
      "properties": {
        "station_id": "2643",
        "station_name": "บ้านพญาไพรเล่ามา",
        "catchment_area_km2": 7.76,
        "contributing_cells": 8177
      },
      "geometry": {
        "type": "Polygon",
        "coordinates": [
          [
            [
              99.597772,
              20.312805
            ],
            [
              99.595272,
              20.313917
            ],
            [
              99.594161,
              20.31475
            ],
            [
              99.586939,
              20.325028
            ],
            [
              99.587217,
              20.333917
            ],
            [
              99.58805,
              20.340861
            ],
            [
              99.59055,
              20.341694
            ],
            [
              99.592217,
              20.34225
            ],
            [
              99.603606,
              20.336417
            ],
            [
              99.612494,
              20.330583
            ],
            [
              99.616106,
              20.325583
            ],
            [
              99.615272,
              20.323083
            ],
            [
              99.609994,
              20.315305
            ],
            [
              99.607494,
              20.314472
            ],
            [
              99.597772,
              20.312805
            ]
          ]
        ]
      }
    },
    {
      "type": "Feature",
      "id": "catchment_5384",
      "properties": {
        "station_id": "5384",
        "station_name": "บ้านมอล่อง",
        "catchment_area_km2": 6.43,
        "contributing_cells": 6773
      },
      "geometry": {
        "type": "Polygon",
        "coordinates": [
          [
            [
              99.630828,
              20.192528
            ],
            [
              99.622494,
              20.192805
            ],
            [
              99.612494,
              20.200028
            ],
            [
              99.608883,
              20.202805
            ],
            [
              99.611383,
              20.205305
            ],
            [
              99.626106,
              20.216694
            ],
            [
              99.628328,
              20.217805
            ],
            [
              99.637217,
              20.217528
            ],
            [
              99.641939,
              20.216417
            ],
            [
              99.643328,
              20.215028
            ],
            [
              99.630828,
              20.192528
            ]
          ]
        ]
      }
    },
    {
      "type": "Feature",
      "id": "catchment_2591",
      "properties": {
        "station_id": "2591",
        "station_name": "บ้านสามัคคีใหม่*",
        "catchment_area_km2": 473.35,
        "contributing_cells": 498533
      },
      "geometry": {
        "type": "Polygon",
        "coordinates": [
          [
            [
              99.684439,
              20.165861
            ],
            [
              99.571383,
              20.205861
            ],
            [
              99.526106,
              20.258083
            ],
            [
              99.466661,
              20.373639
            ],
            [
              99.459717,
              20.391972
            ],
            [
              99.718883,
              20.320305
            ],
            [
              99.748883,
              20.311694
            ],
            [
              99.75305,
              20.303361
            ],
            [
              99.767772,
              20.242805
            ],
            [
              99.728883,
              20.180583
            ],
            [
              99.718883,
              20.165861
            ],
            [
              99.684439,
              20.165861
            ]
          ]
        ]
      }
    },
    {
      "type": "Feature",
      "id": "catchment_2642",
      "properties": {
        "station_id": "2642",
        "station_name": "บ้านอากู่",
        "catchment_area_km2": 4.21,
        "contributing_cells": 4430
      },
      "geometry": {
        "type": "Polygon",
        "coordinates": [
          [
            [
              99.674994,
              20.250305
            ],
            [
              99.669994,
              20.25475
            ],
            [
              99.666106,
              20.266694
            ],
            [
              99.665828,
              20.270861
            ],
            [
              99.665828,
              20.27475
            ],
            [
              99.666383,
              20.280028
            ],
            [
              99.666661,
              20.280861
            ],
            [
              99.678606,
              20.271972
            ],
            [
              99.681106,
              20.269472
            ],
            [
              99.681939,
              20.267528
            ],
            [
              99.682217,
              20.265861
            ],
            [
              99.67805,
              20.252805
            ],
            [
              99.674994,
              20.250305
            ]
          ]
        ]
      }
    },
    {
      "type": "Feature",
      "id": "catchment_2647",
      "properties": {
        "station_id": "2647",
        "station_name": "บ้านแม่แสลป",
        "catchment_area_km2": 5.5,
        "contributing_cells": 5796
      },
      "geometry": {
        "type": "Polygon",
        "coordinates": [
          [
            [
              99.697494,
              20.163083
            ],
            [
              99.688883,
              20.163361
            ],
            [
              99.681661,
              20.166139
            ],
            [
              99.677217,
              20.168917
            ],
            [
              99.676383,
              20.171139
            ],
            [
              99.675828,
              20.172805
            ],
            [
              99.693606,
              20.179194
            ],
            [
              99.695272,
              20.17975
            ],
            [
              99.698883,
              20.180861
            ],
            [
              99.703606,
              20.180028
            ],
            [
              99.709994,
              20.168917
            ],
            [
              99.711106,
              20.166417
            ],
            [
              99.706661,
              20.164194
            ],
            [
              99.704994,
              20.163639
            ],
            [
              99.699717,
              20.163083
            ],
            [
              99.697494,
              20.163083
            ]
          ]
        ]
      }
    },
    {
      "type": "Feature",
      "id": "catchment_14756734",
      "properties": {
        "station_id": "14756734",
        "station_name": "บ้านต้นยาง",
        "catchment_area_km2": 3133.76,
        "contributing_cells": 3300490
      },
      "geometry": {
        "type": "Polygon",
        "coordinates": [
          [
            [
              99.404717,
              19.075305
            ],
            [
              99.336661,
              19.101972
            ],
            [
              99.320828,
              19.213639
            ],
            [
              99.269161,
              19.623917
            ],
            [
              99.406383,
              19.868083
            ],
            [
              99.496939,
              19.90225
            ],
            [
              99.817772,
              19.786417
            ],
            [
              99.786383,
              19.714472
            ],
            [
              99.476939,
              19.090028
            ],
            [
              99.404717,
              19.075305
            ]
          ]
        ]
      }
    },
    {
      "type": "Feature",
      "id": "catchment_5768",
      "properties": {
        "station_id": "5768",
        "station_name": "บ้านศรีวังมูล*",
        "catchment_area_km2": 3137.33,
        "contributing_cells": 3304243
      },
      "geometry": {
        "type": "Polygon",
        "coordinates": [
          [
            [
              99.356383,
              19.089472
            ],
            [
              99.334994,
              19.10225
            ],
            [
              99.288883,
              19.581972
            ],
            [
              99.409439,
              19.877805
            ],
            [
              99.464439,
              19.963917
            ],
            [
              99.494717,
              19.960861
            ],
            [
              99.759439,
              19.810028
            ],
            [
              99.74555,
              19.722805
            ],
            [
              99.541383,
              19.116139
            ],
            [
              99.444994,
              19.09725
            ],
            [
              99.356383,
              19.089472
            ]
          ]
        ]
      }
    },
    {
      "type": "Feature",
      "id": "catchment_4340",
      "properties": {
        "station_id": "4340",
        "station_name": "บ้านกระเหรี่ยงทุ่งพร้าว",
        "catchment_area_km2": 410.84,
        "contributing_cells": 432693
      },
      "geometry": {
        "type": "Polygon",
        "coordinates": [
          [
            [
              99.529994,
              19.744472
            ],
            [
              99.499439,
              19.746417
            ],
            [
              99.48055,
              19.748361
            ],
            [
              99.452217,
              19.763639
            ],
            [
              99.433883,
              19.781694
            ],
            [
              99.426661,
              19.791972
            ],
            [
              99.388883,
              19.86725
            ],
            [
              99.401939,
              19.906972
            ],
            [
              99.417772,
              19.938083
            ],
            [
              99.451106,
              19.979472
            ],
            [
              99.505272,
              19.968917
            ],
            [
              99.528606,
              19.963083
            ],
            [
              99.573883,
              19.873361
            ],
            [
              99.571939,
              19.825305
            ],
            [
              99.559994,
              19.770305
            ],
            [
              99.529994,
              19.744472
            ]
          ]
        ]
      }
    },
    {
      "type": "Feature",
      "id": "catchment_4339",
      "properties": {
        "station_id": "4339",
        "station_name": "บ้านดอนสลี",
        "catchment_area_km2": 1842.66,
        "contributing_cells": 1940698
      },
      "geometry": {
        "type": "Polygon",
        "coordinates": [
          [
            [
              99.392772,
              19.034472
            ],
            [
              99.334161,
              19.10225
            ],
            [
              99.31805,
              19.209194
            ],
            [
              99.268328,
              19.639194
            ],
            [
              99.301383,
              19.680028
            ],
            [
              99.478328,
              19.622805
            ],
            [
              99.551939,
              19.577805
            ],
            [
              99.611939,
              19.520305
            ],
            [
              99.529161,
              19.114194
            ],
            [
              99.481939,
              19.073361
            ],
            [
              99.392772,
              19.034472
            ]
          ]
        ]
      }
    },
    {
      "type": "Feature",
      "id": "catchment_8935",
      "properties": {
        "station_id": "8935",
        "station_name": "บ้านดอนสลี*",
        "catchment_area_km2": 1842.66,
        "contributing_cells": 1940698
      },
      "geometry": {
        "type": "Polygon",
        "coordinates": [
          [
            [
              99.392772,
              19.034472
            ],
            [
              99.334161,
              19.10225
            ],
            [
              99.31805,
              19.209194
            ],
            [
              99.268328,
              19.639194
            ],
            [
              99.301383,
              19.680028
            ],
            [
              99.478328,
              19.622805
            ],
            [
              99.551939,
              19.577805
            ],
            [
              99.611939,
              19.520305
            ],
            [
              99.529161,
              19.114194
            ],
            [
              99.481939,
              19.073361
            ],
            [
              99.392772,
              19.034472
            ]
          ]
        ]
      }
    },
    {
      "type": "Feature",
      "id": "catchment_2615",
      "properties": {
        "station_id": "2615",
        "station_name": "บ้านดอยล้าน",
        "catchment_area_km2": 0.42,
        "contributing_cells": 443
      },
      "geometry": {
        "type": "Polygon",
        "coordinates": [
          [
            [
              99.558883,
              19.75975
            ],
            [
              99.556939,
              19.763083
            ],
            [
              99.556661,
              19.764472
            ],
            [
              99.556939,
              19.765028
            ],
            [
              99.558328,
              19.766972
            ],
            [
              99.559161,
              19.767805
            ],
            [
              99.56055,
              19.769194
            ],
            [
              99.561661,
              19.769194
            ],
            [
              99.562772,
              19.767528
            ],
            [
              99.562772,
              19.766972
            ],
            [
              99.560272,
              19.761139
            ],
            [
              99.559717,
              19.760583
            ],
            [
              99.558883,
              19.75975
            ]
          ]
        ]
      }
    },
    {
      "type": "Feature",
      "id": "catchment_2607",
      "properties": {
        "station_id": "2607",
        "station_name": "บ้านปางกลาง",
        "catchment_area_km2": 14.84,
        "contributing_cells": 15633
      },
      "geometry": {
        "type": "Polygon",
        "coordinates": [
          [
            [
              99.619161,
              19.570583
            ],
            [
              99.614161,
              19.571972
            ],
            [
              99.611383,
              19.573361
            ],
            [
              99.610272,
              19.577528
            ],
            [
              99.609994,
              19.600861
            ],
            [
              99.615828,
              19.610305
            ],
            [
              99.618328,
              19.612528
            ],
            [
              99.630828,
              19.610583
            ],
            [
              99.641661,
              19.608083
            ],
            [
              99.645272,
              19.606972
            ],
            [
              99.644994,
              19.602805
            ],
            [
              99.64055,
              19.588083
            ],
            [
              99.636939,
              19.580028
            ],
            [
              99.624717,
              19.571972
            ],
            [
              99.619161,
              19.570583
            ]
          ]
        ]
      }
    },
    {
      "type": "Feature",
      "id": "catchment_2619",
      "properties": {
        "station_id": "2619",
        "station_name": "บ้านปางกลาง",
        "catchment_area_km2": 2.15,
        "contributing_cells": 2267
      },
      "geometry": {
        "type": "Polygon",
        "coordinates": [
          [
            [
              99.480828,
              19.907528
            ],
            [
              99.471939,
              19.908083
            ],
            [
              99.47055,
              19.908639
            ],
            [
              99.469994,
              19.909194
            ],
            [
              99.466939,
              19.914472
            ],
            [
              99.46555,
              19.918083
            ],
            [
              99.465272,
              19.919194
            ],
            [
              99.464994,
              19.92225
            ],
            [
              99.467217,
              19.92475
            ],
            [
              99.469717,
              19.923917
            ],
            [
              99.47055,
              19.923639
            ],
            [
              99.476106,
              19.918083
            ],
            [
              99.481939,
              19.910583
            ],
            [
              99.482772,
              19.909194
            ],
            [
              99.481661,
              19.908083
            ],
            [
              99.480828,
              19.907528
            ]
          ]
        ]
      }
    },
    {
      "type": "Feature",
      "id": "catchment_268518",
      "properties": {
        "station_id": "268518",
        "station_name": "บ้านพญากองดี*",
        "catchment_area_km2": 5.68,
        "contributing_cells": 5977
      },
      "geometry": {
        "type": "Polygon",
        "coordinates": [
          [
            [
              99.336106,
              19.598361
            ],
            [
              99.334161,
              19.599194
            ],
            [
              99.330272,
              19.601139
            ],
            [
              99.330828,
              19.60725
            ],
            [
              99.331106,
              19.608083
            ],
            [
              99.336383,
              19.616139
            ],
            [
              99.341106,
              19.623083
            ],
            [
              99.34555,
              19.625861
            ],
            [
              99.352772,
              19.629194
            ],
            [
              99.357494,
              19.628361
            ],
            [
              99.352217,
              19.607805
            ],
            [
              99.349994,
              19.605583
            ],
            [
              99.344161,
              19.59975
            ],
            [
              99.336106,
              19.598361
            ]
          ]
        ]
      }
    },
    {
      "type": "Feature",
      "id": "catchment_2565",
      "properties": {
        "station_id": "2565",
        "station_name": "บ้านห้วยชมภู",
        "catchment_area_km2": 0.41,
        "contributing_cells": 427
      },
      "geometry": {
        "type": "Polygon",
        "coordinates": [
          [
            [
              99.514439,
              19.961972
            ],
            [
              99.513883,
              19.96225
            ],
            [
              99.509161,
              19.96725
            ],
            [
              99.509717,
              19.967805
            ],
            [
              99.511383,
              19.969472
            ],
            [
              99.512217,
              19.970028
            ],
            [
              99.513883,
              19.968361
            ],
            [
              99.515272,
              19.966972
            ],
            [
              99.517217,
              19.96475
            ],
            [
              99.516939,
              19.963639
            ],
            [
              99.514994,
              19.96225
            ],
            [
              99.514439,
              19.961972
            ]
          ]
        ]
      }
    },
    {
      "type": "Feature",
      "id": "catchment_2604",
      "properties": {
        "station_id": "2604",
        "station_name": "บ้านแม่สรวย*",
        "catchment_area_km2": 2179.61,
        "contributing_cells": 2295577
      },
      "geometry": {
        "type": "Polygon",
        "coordinates": [
          [
            [
              99.436106,
              19.011417
            ],
            [
              99.333328,
              19.101972
            ],
            [
              99.276106,
              19.590861
            ],
            [
              99.283883,
              19.656139
            ],
            [
              99.404994,
              19.798639
            ],
            [
              99.58055,
              19.608639
            ],
            [
              99.616939,
              19.565583
            ],
            [
              99.539161,
              19.136694
            ],
            [
              99.452772,
              19.029472
            ],
            [
              99.436106,
              19.011417
            ]
          ]
        ]
      }
    },
    {
      "type": "Feature",
      "id": "catchment_5687",
      "properties": {
        "station_id": "5687",
        "station_name": "บ้านแม่โมงเย้า",
        "catchment_area_km2": 6.91,
        "contributing_cells": 7273
      },
      "geometry": {
        "type": "Polygon",
        "coordinates": [
          [
            [
              99.457772,
              19.944472
            ],
            [
              99.453606,
              19.948917
            ],
            [
              99.451939,
              19.951139
            ],
            [
              99.449994,
              19.964472
            ],
            [
              99.449994,
              19.977528
            ],
            [
              99.452772,
              19.980861
            ],
            [
              99.464717,
              19.974472
            ],
            [
              99.468328,
              19.970305
            ],
            [
              99.47055,
              19.967528
            ],
            [
              99.470272,
              19.96225
            ],
            [
              99.469994,
              19.957805
            ],
            [
              99.467217,
              19.949194
            ],
            [
              99.464717,
              19.94725
            ],
            [
              99.459717,
              19.94475
            ],
            [
              99.457772,
              19.944472
            ]
          ]
        ]
      }
    },
    {
      "type": "Feature",
      "id": "catchment_3622",
      "properties": {
        "station_id": "3622",
        "station_name": "บ้านโป่งปูเฟือง",
        "catchment_area_km2": 2179.61,
        "contributing_cells": 2295577
      },
      "geometry": {
        "type": "Polygon",
        "coordinates": [
          [
            [
              99.436106,
              19.011417
            ],
            [
              99.333328,
              19.101972
            ],
            [
              99.276106,
              19.590861
            ],
            [
              99.283883,
              19.656139
            ],
            [
              99.404994,
              19.798639
            ],
            [
              99.58055,
              19.608639
            ],
            [
              99.616939,
              19.565583
            ],
            [
              99.539161,
              19.136694
            ],
            [
              99.452772,
              19.029472
            ],
            [
              99.436106,
              19.011417
            ]
          ]
        ]
      }
    },
    {
      "type": "Feature",
      "id": "catchment_268711",
      "properties": {
        "station_id": "268711",
        "station_name": "สะพานน้ำแม่สรวย",
        "catchment_area_km2": 418.54,
        "contributing_cells": 440813
      },
      "geometry": {
        "type": "Polygon",
        "coordinates": [
          [
            [
              99.508328,
              19.72475
            ],
            [
              99.462494,
              19.75225
            ],
            [
              99.43305,
              19.787805
            ],
            [
              99.403328,
              19.859472
            ],
            [
              99.397772,
              19.906139
            ],
            [
              99.453606,
              19.980305
            ],
            [
              99.496661,
              19.971972
            ],
            [
              99.555828,
              19.901139
            ],
            [
              99.569994,
              19.872805
            ],
            [
              99.570828,
              19.865305
            ],
            [
              99.559439,
              19.781972
            ],
            [
              99.528606,
              19.738083
            ],
            [
              99.508328,
              19.72475
            ]
          ]
        ]
      }
    },
    {
      "type": "Feature",
      "id": "catchment_1630",
      "properties": {
        "station_id": "1630",
        "station_name": "แม่สรวย",
        "catchment_area_km2": 2179.61,
        "contributing_cells": 2295570
      },
      "geometry": {
        "type": "Polygon",
        "coordinates": [
          [
            [
              99.436106,
              19.009472
            ],
            [
              99.336939,
              19.101417
            ],
            [
              99.276661,
              19.594194
            ],
            [
              99.280828,
              19.656972
            ],
            [
              99.407217,
              19.798361
            ],
            [
              99.579994,
              19.60725
            ],
            [
              99.617217,
              19.563639
            ],
            [
              99.531939,
              19.096139
            ],
            [
              99.436106,
              19.009472
            ]
          ]
        ]
      }
    },
    {
      "type": "Feature",
      "id": "catchment_2601",
      "properties": {
        "station_id": "2601",
        "station_name": "บ้านแม่สาย (บ้านถ้ำผาจม)*",
        "catchment_area_km2": 1021.16,
        "contributing_cells": 1075493
      },
      "geometry": {
        "type": "Polygon",
        "coordinates": [
          [
            [
              99.683328,
              20.340583
            ],
            [
              99.604161,
              20.351972
            ],
            [
              99.571939,
              20.357805
            ],
            [
              99.517494,
              20.371972
            ],
            [
              99.504439,
              20.384194
            ],
            [
              99.457494,
              20.433917
            ],
            [
              99.419161,
              20.485583
            ],
            [
              99.396939,
              20.590305
            ],
            [
              99.521939,
              20.579472
            ],
            [
              99.721661,
              20.550861
            ],
            [
              99.758606,
              20.532805
            ],
            [
              99.874717,
              20.444194
            ],
            [
              99.804994,
              20.34725
            ],
            [
              99.683328,
              20.340583
            ]
          ]
        ]
      }
    },
    {
      "type": "Feature",
      "id": "catchment_10136",
      "properties": {
        "station_id": "10136",
        "station_name": "สะพานมิตรภาพแม่น้ำสายแห่งที่ 1",
        "catchment_area_km2": 1022.57,
        "contributing_cells": 1076970
      },
      "geometry": {
        "type": "Polygon",
        "coordinates": [
          [
            [
              99.712494,
              20.33475
            ],
            [
              99.679717,
              20.336139
            ],
            [
              99.539439,
              20.362528
            ],
            [
              99.527494,
              20.366417
            ],
            [
              99.491106,
              20.38475
            ],
            [
              99.414994,
              20.46975
            ],
            [
              99.396939,
              20.591139
            ],
            [
              99.713328,
              20.53475
            ],
            [
              99.746661,
              20.523917
            ],
            [
              99.766106,
              20.515583
            ],
            [
              99.881106,
              20.44475
            ],
            [
              99.812217,
              20.348361
            ],
            [
              99.712494,
              20.33475
            ]
          ]
        ]
      }
    },
    {
      "type": "Feature",
      "id": "catchment_18193322",
      "properties": {
        "station_id": "18193322",
        "station_name": "โรงสูบน้ำแรงต่ำแม่ข่าย (แม่สาย)",
        "catchment_area_km2": 1021.16,
        "contributing_cells": 1075493
      },
      "geometry": {
        "type": "Polygon",
        "coordinates": [
          [
            [
              99.683328,
              20.340583
            ],
            [
              99.604161,
              20.351972
            ],
            [
              99.571939,
              20.357805
            ],
            [
              99.517494,
              20.371972
            ],
            [
              99.504439,
              20.384194
            ],
            [
              99.457494,
              20.433917
            ],
            [
              99.419161,
              20.485583
            ],
            [
              99.396939,
              20.590305
            ],
            [
              99.521939,
              20.579472
            ],
            [
              99.721661,
              20.550861
            ],
            [
              99.758606,
              20.532805
            ],
            [
              99.874717,
              20.444194
            ],
            [
              99.804994,
              20.34725
            ],
            [
              99.683328,
              20.340583
            ]
          ]
        ]
      }
    },
    {
      "type": "Feature",
      "id": "catchment_2308",
      "properties": {
        "station_id": "2308",
        "station_name": "บ้านยาง*",
        "catchment_area_km2": 19.94,
        "contributing_cells": 20996
      },
      "geometry": {
        "type": "Polygon",
        "coordinates": [
          [
            [
              99.068606,
              19.799194
            ],
            [
              99.056939,
              19.801972
            ],
            [
              99.04805,
              19.806417
            ],
            [
              99.050272,
              19.842805
            ],
            [
              99.058328,
              19.84225
            ],
            [
              99.081106,
              19.831139
            ],
            [
              99.086661,
              19.826972
            ],
            [
              99.097494,
              19.80225
            ],
            [
              99.091106,
              19.799472
            ],
            [
              99.068606,
              19.799194
            ]
          ]
        ]
      }
    },
    {
      "type": "Feature",
      "id": "catchment_8837",
      "properties": {
        "station_id": "8837",
        "station_name": "บ้านหนองอ้อม*",
        "catchment_area_km2": 583.52,
        "contributing_cells": 614565
      },
      "geometry": {
        "type": "Polygon",
        "coordinates": [
          [
            [
              99.212217,
              19.546139
            ],
            [
              99.194717,
              19.546417
            ],
            [
              99.182217,
              19.553361
            ],
            [
              99.135272,
              19.586139
            ],
            [
              99.05555,
              19.677528
            ],
            [
              99.04555,
              19.69475
            ],
            [
              99.036939,
              19.71725
            ],
            [
              99.046939,
              19.756139
            ],
            [
              99.067217,
              19.768361
            ],
            [
              99.17055,
              19.795583
            ],
            [
              99.296106,
              19.746417
            ],
            [
              99.316939,
              19.735028
            ],
            [
              99.334717,
              19.719194
            ],
            [
              99.272772,
              19.589472
            ],
            [
              99.212217,
              19.546139
            ]
          ]
        ]
      }
    },
    {
      "type": "Feature",
      "id": "catchment_2314",
      "properties": {
        "station_id": "2314",
        "station_name": "บ้านเปียงกอก*",
        "catchment_area_km2": 64.52,
        "contributing_cells": 67949
      },
      "geometry": {
        "type": "Polygon",
        "coordinates": [
          [
            [
              99.161661,
              19.950861
            ],
            [
              99.136383,
              19.979472
            ],
            [
              99.129161,
              19.991139
            ],
            [
              99.106661,
              20.031972
            ],
            [
              99.099439,
              20.060028
            ],
            [
              99.096106,
              20.100861
            ],
            [
              99.12805,
              20.10225
            ],
            [
              99.137217,
              20.09475
            ],
            [
              99.161939,
              19.988639
            ],
            [
              99.16555,
              19.968639
            ],
            [
              99.161661,
              19.950861
            ]
          ]
        ]
      }
    },
    {
      "type": "Feature",
      "id": "catchment_8663",
      "properties": {
        "station_id": "8663",
        "station_name": "บ้านแม่ใจเหนือ*",
        "catchment_area_km2": 15.16,
        "contributing_cells": 15970
      },
      "geometry": {
        "type": "Polygon",
        "coordinates": [
          [
            [
              99.195828,
              19.919194
            ],
            [
              99.194717,
              19.919472
            ],
            [
              99.191383,
              19.922528
            ],
            [
              99.156939,
              20.000861
            ],
            [
              99.155828,
              20.006972
            ],
            [
              99.157217,
              20.010305
            ],
            [
              99.160828,
              20.008361
            ],
            [
              99.174994,
              19.999472
            ],
            [
              99.209161,
              19.930028
            ],
            [
              99.206939,
              19.92725
            ],
            [
              99.201661,
              19.920861
            ],
            [
              99.195828,
              19.919194
            ]
          ]
        ]
      }
    },
    {
      "type": "Feature",
      "id": "catchment_2306",
      "properties": {
        "station_id": "2306",
        "station_name": "บ้านโป่งถืบใน",
        "catchment_area_km2": 6.82,
        "contributing_cells": 7181
      },
      "geometry": {
        "type": "Polygon",
        "coordinates": [
          [
            [
              99.318606,
              19.81475
            ],
            [
              99.301661,
              19.817528
            ],
            [
              99.294994,
              19.818639
            ],
            [
              99.292772,
              19.820583
            ],
            [
              99.288883,
              19.833361
            ],
            [
              99.296106,
              19.842805
            ],
            [
              99.30055,
              19.842528
            ],
            [
              99.309439,
              19.835305
            ],
            [
              99.311939,
              19.83225
            ],
            [
              99.313606,
              19.830028
            ],
            [
              99.318606,
              19.81475
            ]
          ]
        ]
      }
    },
    {
      "type": "Feature",
      "id": "catchment_3052174",
      "properties": {
        "station_id": "3052174",
        "station_name": "บ้านใหม่ริมฝาง",
        "catchment_area_km2": 1285.88,
        "contributing_cells": 1354298
      },
      "geometry": {
        "type": "Polygon",
        "coordinates": [
          [
            [
              99.210272,
              19.535305
            ],
            [
              99.105828,
              19.606694
            ],
            [
              99.046939,
              19.68225
            ],
            [
              99.040828,
              19.770305
            ],
            [
              99.04055,
              19.800028
            ],
            [
              99.05305,
              19.961139
            ],
            [
              99.061939,
              20.039194
            ],
            [
              99.081106,
              20.098083
            ],
            [
              99.104994,
              20.085305
            ],
            [
              99.146939,
              20.033361
            ],
            [
              99.35055,
              19.773917
            ],
            [
              99.278883,
              19.600305
            ],
            [
              99.210272,
              19.535305
            ]
          ]
        ]
      }
    },
    {
      "type": "Feature",
      "id": "catchment_1502",
      "properties": {
        "station_id": "1502",
        "station_name": "ฝาง",
        "catchment_area_km2": 892.75,
        "contributing_cells": 940244
      },
      "geometry": {
        "type": "Polygon",
        "coordinates": [
          [
            [
              99.208606,
              19.535028
            ],
            [
              99.11305,
              19.594472
            ],
            [
              99.038606,
              19.728917
            ],
            [
              99.05305,
              19.898639
            ],
            [
              99.194161,
              19.857528
            ],
            [
              99.329439,
              19.785305
            ],
            [
              99.352494,
              19.767528
            ],
            [
              99.354994,
              19.745583
            ],
            [
              99.279439,
              19.601139
            ],
            [
              99.245828,
              19.555583
            ],
            [
              99.208606,
              19.535028
            ]
          ]
        ]
      }
    },
    {
      "type": "Feature",
      "id": "catchment_2319",
      "properties": {
        "station_id": "2319",
        "station_name": "บ้านท่าปู",
        "catchment_area_km2": 12.13,
        "contributing_cells": 12775
      },
      "geometry": {
        "type": "Polygon",
        "coordinates": [
          [
            [
              99.416106,
              19.960861
            ],
            [
              99.407494,
              19.963361
            ],
            [
              99.406939,
              19.964194
            ],
            [
              99.398883,
              19.98225
            ],
            [
              99.410828,
              19.98725
            ],
            [
              99.422772,
              19.991139
            ],
            [
              99.44055,
              19.98475
            ],
            [
              99.446383,
              19.981417
            ],
            [
              99.44805,
              19.979194
            ],
            [
              99.435272,
              19.968361
            ],
            [
              99.431661,
              19.965583
            ],
            [
              99.416106,
              19.960861
            ]
          ]
        ]
      }
    },
    {
      "type": "Feature",
      "id": "catchment_8843",
      "properties": {
        "station_id": "8843",
        "station_name": "บ้านป่าแดด*",
        "catchment_area_km2": 3.66,
        "contributing_cells": 3854
      },
      "geometry": {
        "type": "Polygon",
        "coordinates": [
          [
            [
              99.297772,
              19.921972
            ],
            [
              99.290828,
              19.92225
            ],
            [
              99.28555,
              19.923361
            ],
            [
              99.283606,
              19.923917
            ],
            [
              99.28055,
              19.926139
            ],
            [
              99.276106,
              19.930583
            ],
            [
              99.274439,
              19.932528
            ],
            [
              99.273606,
              19.936417
            ],
            [
              99.274994,
              19.938917
            ],
            [
              99.304161,
              19.930861
            ],
            [
              99.309439,
              19.926972
            ],
            [
              99.30555,
              19.923361
            ],
            [
              99.297772,
              19.921972
            ]
          ]
        ]
      }
    },
    {
      "type": "Feature",
      "id": "catchment_268508",
      "properties": {
        "station_id": "268508",
        "station_name": "บ้านเมืองหนอง (หมอกเปา)*",
        "catchment_area_km2": 49.81,
        "contributing_cells": 52462
      },
      "geometry": {
        "type": "Polygon",
        "coordinates": [
          [
            [
              99.227494,
              20.028083
            ],
            [
              99.182217,
              20.028361
            ],
            [
              99.178883,
              20.030028
            ],
            [
              99.153883,
              20.042805
            ],
            [
              99.149994,
              20.049194
            ],
            [
              99.14305,
              20.068361
            ],
            [
              99.138328,
              20.086139
            ],
            [
              99.136383,
              20.100028
            ],
            [
              99.178606,
              20.085305
            ],
            [
              99.19055,
              20.078917
            ],
            [
              99.218606,
              20.051694
            ],
            [
              99.238883,
              20.02975
            ],
            [
              99.230828,
              20.028361
            ],
            [
              99.227494,
              20.028083
            ]
          ]
        ]
      }
    },
    {
      "type": "Feature",
      "id": "catchment_8847",
      "properties": {
        "station_id": "8847",
        "station_name": "บ้านโห้งเหนือ*",
        "catchment_area_km2": 29.1,
        "contributing_cells": 30648
      },
      "geometry": {
        "type": "Polygon",
        "coordinates": [
          [
            [
              99.297772,
              20.034194
            ],
            [
              99.28305,
              20.046694
            ],
            [
              99.238883,
              20.095861
            ],
            [
              99.232217,
              20.106417
            ],
            [
              99.230828,
              20.108639
            ],
            [
              99.230272,
              20.11475
            ],
            [
              99.23055,
              20.12225
            ],
            [
              99.23555,
              20.120583
            ],
            [
              99.254161,
              20.114194
            ],
            [
              99.305272,
              20.078361
            ],
            [
              99.297772,
              20.034194
            ]
          ]
        ]
      }
    },
    {
      "type": "Feature",
      "id": "catchment_6134",
      "properties": {
        "station_id": "6134",
        "station_name": "สะพานห้วยแม่สาว",
        "catchment_area_km2": 0.22,
        "contributing_cells": 231
      },
      "geometry": {
        "type": "Polygon",
        "coordinates": [
          [
            [
              99.257494,
              20.011417
            ],
            [
              99.254717,
              20.01225
            ],
            [
              99.254717,
              20.01725
            ],
            [
              99.255272,
              20.018083
            ],
            [
              99.255828,
              20.018917
            ],
            [
              99.256661,
              20.018917
            ],
            [
              99.256939,
              20.018083
            ],
            [
              99.257772,
              20.013083
            ],
            [
              99.257772,
              20.011972
            ],
            [
              99.257494,
              20.011417
            ]
          ]
        ]
      }
    },
    {
      "type": "Feature",
      "id": "catchment_1504",
      "properties": {
        "station_id": "1504",
        "station_name": "แม่อาย",
        "catchment_area_km2": 1967.35,
        "contributing_cells": 2072017
      },
      "geometry": {
        "type": "Polygon",
        "coordinates": [
          [
            [
              99.363606,
              20.060305
            ],
            [
              99.178328,
              20.136139
            ],
            [
              99.052494,
              20.449472
            ],
            [
              99.173606,
              20.565305
            ],
            [
              99.292772,
              20.588639
            ],
            [
              99.319161,
              20.578361
            ],
            [
              99.341106,
              20.556972
            ],
            [
              99.40055,
              20.483917
            ],
            [
              99.485828,
              20.342805
            ],
            [
              99.551383,
              20.198917
            ],
            [
              99.538328,
              20.161694
            ],
            [
              99.443606,
              20.098639
            ],
            [
              99.363606,
              20.060305
            ]
          ]
        ]
      }
    },
    {
      "type": "Feature",
      "id": "catchment_8835",
      "properties": {
        "station_id": "8835",
        "station_name": "บ้านป่ารวก*",
        "catchment_area_km2": 510.59,
        "contributing_cells": 537756
      },
      "geometry": {
        "type": "Polygon",
        "coordinates": [
          [
            [
              99.224161,
              19.532805
            ],
            [
              99.132494,
              19.580861
            ],
            [
              99.109994,
              19.603083
            ],
            [
              99.077494,
              19.643639
            ],
            [
              99.032217,
              19.725861
            ],
            [
              99.034439,
              19.752805
            ],
            [
              99.052772,
              19.782528
            ],
            [
              99.314994,
              19.74225
            ],
            [
              99.316939,
              19.732805
            ],
            [
              99.270272,
              19.589472
            ],
            [
              99.262217,
              19.571972
            ],
            [
              99.224161,
              19.532805
            ]
          ]
        ]
      }
    },
    {
      "type": "Feature",
      "id": "catchment_5402",
      "properties": {
        "station_id": "5402",
        "station_name": "บ้านร้องธาร",
        "catchment_area_km2": 177.42,
        "contributing_cells": 186861
      },
      "geometry": {
        "type": "Polygon",
        "coordinates": [
          [
            [
              99.204439,
              19.535028
            ],
            [
              99.194994,
              19.540305
            ],
            [
              99.129161,
              19.581417
            ],
            [
              99.111939,
              19.59725
            ],
            [
              99.11305,
              19.614194
            ],
            [
              99.118883,
              19.641139
            ],
            [
              99.147494,
              19.663083
            ],
            [
              99.244161,
              19.643917
            ],
            [
              99.256106,
              19.633361
            ],
            [
              99.273606,
              19.598639
            ],
            [
              99.271661,
              19.589472
            ],
            [
              99.229161,
              19.535861
            ],
            [
              99.204439,
              19.535028
            ]
          ]
        ]
      }
    },
    {
      "type": "Feature",
      "id": "catchment_8836",
      "properties": {
        "station_id": "8836",
        "station_name": "บ้านอ่าย*",
        "catchment_area_km2": 216.5,
        "contributing_cells": 228019
      },
      "geometry": {
        "type": "Polygon",
        "coordinates": [
          [
            [
              99.213883,
              19.536972
            ],
            [
              99.118883,
              19.593083
            ],
            [
              99.110828,
              19.615861
            ],
            [
              99.131383,
              19.675305
            ],
            [
              99.152217,
              19.68725
            ],
            [
              99.184717,
              19.685305
            ],
            [
              99.212217,
              19.672805
            ],
            [
              99.255272,
              19.643639
            ],
            [
              99.272217,
              19.588917
            ],
            [
              99.268328,
              19.583917
            ],
            [
              99.248883,
              19.562805
            ],
            [
              99.236383,
              19.551139
            ],
            [
              99.213883,
              19.536972
            ]
          ]
        ]
      }
    }
  ]
}