{
  "type": "FeatureCollection",
  "_meta": {
    "fingerprint": "8b3285e73270f8b7",
    "source": "basin_polygon",
    "fetched_at": "2026-10-04T07:53:51",
    "n_features": 427,
    "crop_polygon": "928331acf6292fed",
    "crop_buffer_m": 2000.0,
    "crop_stats": {
      "n_in": 427,
      "n_out": 426,
      "dropped_outside": 1,
      "clipped": 0
    }
  },
  "features": [
    {
      "type": "Feature",
      "id": "osm_water_poly_57906593",
      "properties": {
        "osm_id": 57906593,
        "name": "",
        "name_th": "",
        "water": "river",
        "natural": "water",
        "landuse": ""
      },
      "geometry": {
        "type": "Polygon",
        "coordinates": [
          [
            [
              100.078613,
              15.30647
            ],
            [
              100.078911,
              15.305993
            ],
            [
              100.079138,
              15.305227
            ],
            [
              100.079083,
              15.304888
            ],
            [
              100.079955,
              15.305291
            ],
            [
              100.079533,
              15.307156
            ],
            [
              100.079295,
              15.307714
            ],
            [
              100.079065,
              15.307968
            ],
            [
              100.077293,
              15.311264
            ],
            [
              100.07691,
              15.311715
            ],
            [
              100.07645,
              15.312047
            ],
            [
              100.075683,
              15.31227
            ],
            [
              100.075237,
              15.312326
            ],
            [
              100.07486,
              15.312265
            ],
            [
              100.073329,
              15.311995
            ],
            [
              100.072525,
              15.312791
            ],
            [
              100.072017,
              15.314462
            ],
            [
              100.07191,
              15.316297
            ],
            [
              100.071527,
              15.316332
            ],
            [
              100.071404,
              15.316734
            ],
            [
              100.071247,
              15.317976
            ],
            [
              100.071371,
              15.319548
            ],
            [
              100.072585,
              15.323013
            ],
            [
              100.073114,
              15.325193
            ],
            [
              100.074249,
              15.326603
            ],
            [
              100.075329,
              15.327232
            ],
            [
              100.077268,
              15.32941
            ],
            [
              100.077527,
              15.329965
            ],
            [
              100.078162,
              15.330885
            ],
            [
              100.078539,
              15.331885
            ],
            [
              100.078884,
              15.333063
            ],
            [
              100.079003,
              15.333809
            ],
            [
              100.078988,
              15.334705
            ],
            [
              100.07849,
              15.337103
            ],
            [
              100.076421,
              15.339256
            ],
            [
              100.074699,
              15.34036
            ],
            [
              100.073173,
              15.340891
            ],
            [
              100.069656,
              15.342236
            ],
            [
              100.066023,
              15.34434
            ],
            [
              100.062701,
              15.347617
            ],
            [
              100.061017,
              15.350203
            ],
            [
              100.06008,
              15.350493
            ],
            [
              100.058751,
              15.354351
            ],
            [
              100.057848,
              15.356725
            ],
            [
              100.057524,
              15.357633
            ],
            [
              100.056977,
              15.358934
            ],
            [
              100.056341,
              15.359958
            ],
            [
              100.055384,
              15.362908
            ],
            [
              100.055014,
              15.36368
            ],
            [
              100.054587,
              15.364127
            ],
            [
              100.054284,
              15.364467
            ],
            [
              100.053957,
              15.364791
            ],
            [
              100.053694,
              15.365212
            ],
            [
              100.049708,
              15.368702
            ],
            [
              100.047167,
              15.36961
            ],
            [
              100.046906,
              15.368784
            ],
            [
              100.04836,
              15.368359
            ],
            [
              100.049496,
              15.367676
            ],
            [
              100.050584,
              15.366955
            ],
            [
              100.051154,
              15.366485
            ],
            [
              100.051622,
              15.36597
            ],
            [
              100.052287,
              15.365572
            ],
            [
              100.053305,
              15.364775
            ],
            [
              100.053662,
              15.364428
            ],
            [
              100.054622,
              15.362959
            ],
            [
              100.054935,
              15.36227
            ],
            [
              100.055073,
              15.361904
            ],
            [
              100.05513,
              15.361604
            ],
            [
              100.055172,
              15.36124
            ],
            [
              100.055219,
              15.360426
            ],
            [
              100.055388,
              15.360173
            ],
            [
              100.055491,
              15.359853
            ],
            [
              100.055629,
              15.359423
            ],
            [
              100.055928,
              15.358462
            ],
            [
              100.056337,
              15.357499
            ],
            [
              100.056698,
              15.356705
            ],
            [
              100.056891,
              15.356187
            ],
            [
              100.057117,
              15.355531
            ],
            [
              100.05778,
              15.35431
            ],
            [
              100.058032,
              15.353903
            ],
            [
              100.058386,
              15.353083
            ],
            [
              100.05864,
              15.352332
            ],
            [
              100.058731,
              15.351899
            ],
            [
              100.058683,
              15.351549
            ],
            [
              100.058836,
              15.351092
            ],
            [
              100.059839,
              15.349645
            ],
            [
              100.060338,
              15.349119
            ],
            [
              100.061056,
              15.347955
            ],
            [
              100.06202,
              15.346963
            ],
            [
              100.062334,
              15.34655
            ],
            [
              100.062823,
              15.345753
            ],
            [
              100.063408,
              15.345132
            ],
            [
              100.064288,
              15.344336
            ],
            [
              100.065038,
              15.34387
            ],
            [
              100.065858,
              15.343053
            ],
            [
              100.067018,
              15.342252
            ],
            [
              100.067813,
              15.341758
            ],
            [
              100.068754,
              15.341428
            ],
            [
              100.069706,
              15.34086
            ],
            [
              100.070728,
              15.340416
            ],
            [
              100.071923,
              15.340075
            ],
            [
              100.073228,
              15.339621
            ],
            [
              100.074365,
              15.339165
            ],
            [
              100.075027,
              15.338811
            ],
            [
              100.076135,
              15.338084
            ],
            [
              100.076928,
              15.337302
            ],
            [
              100.077363,
              15.336656
            ],
            [
              100.077795,
              15.335624
            ],
            [
              100.078001,
              15.334989
            ],
            [
              100.078029,
              15.334592
            ],
            [
              100.077921,
              15.33385
            ],
            [
              100.077728,
              15.333092
            ],
            [
              100.077288,
              15.331795
            ],
            [
              100.076806,
              15.330857
            ],
            [
              100.076409,
              15.330179
            ],
            [
              100.075894,
              15.329581
            ],
            [
              100.075144,
              15.328814
            ],
            [
              100.07215,
              15.326254
            ],
            [
              100.071837,
              15.325361
            ],
            [
              100.071404,
              15.324284
            ],
            [
              100.071286,
              15.324061
            ],
            [
              100.071267,
              15.323804
            ],
            [
              100.071264,
              15.323471
            ],
            [
              100.071078,
              15.322984
            ],
            [
              100.07104,
              15.322444
            ],
            [
              100.07087,
              15.321574
            ],
            [
              100.070426,
              15.320534
            ],
            [
              100.070033,
              15.319503
            ],
            [
              100.069914,
              15.318894
            ],
            [
              100.069908,
              15.318424
            ],
            [
              100.070019,
              15.316891
            ],
            [
              100.069942,
              15.316663
            ],
            [
              100.069935,
              15.316298
            ],
            [
              100.070217,
              15.316043
            ],
            [
              100.070818,
              15.314597
            ],
            [
              100.071051,
              15.313531
            ],
            [
              100.071201,
              15.312969
            ],
            [
              100.071453,
              15.31245
            ],
            [
              100.071939,
              15.31192
            ],
            [
              100.072411,
              15.311444
            ],
            [
              100.072784,
              15.311212
            ],
            [
              100.072938,
              15.311098
            ],
            [
              100.073114,
              15.311023
            ],
            [
              100.073765,
              15.311012
            ],
            [
              100.074856,
              15.311132
            ],
            [
              100.075405,
              15.311106
            ],
            [
              100.076096,
              15.310829
            ],
            [
              100.076418,
              15.310538
            ],
            [
              100.078236,
              15.306976
            ],
            [
              100.078613,
              15.30647
            ]
          ]
        ]
      }
    },
    {
      "type": "Feature",
      "id": "osm_water_poly_122224578",
      "properties": {
        "osm_id": 122224578,
        "name": "",
        "name_th": "",
        "water": "river",
        "natural": "water",
        "landuse": ""
      },
      "geometry": {
        "type": "Polygon",
        "coordinates": [
          [
            [
              100.047167,
              15.36961
            ],
            [
              100.046906,
              15.368784
            ],
            [
              100.045366,
              15.36954
            ],
            [
              100.044228,
              15.370316
            ],
            [
              100.042877,
              15.371319
            ],
            [
              100.041054,
              15.372756
            ],
            [
              100.040013,
              15.373574
            ],
            [
              100.039101,
              15.374163
            ],
            [
              100.039037,
              15.374401
            ],
            [
              100.038596,
              15.374702
            ],
            [
              100.038102,
              15.374899
            ],
            [
              100.03732,
              15.375581
            ],
            [
              100.035587,
              15.377738
            ],
            [
              100.035286,
              15.378279
            ],
            [
              100.034388,
              15.379387
            ],
            [
              100.034065,
              15.379482
            ],
            [
              100.033875,
              15.379909
            ],
            [
              100.033467,
              15.380476
            ],
            [
              100.033054,
              15.380892
            ],
            [
              100.032555,
              15.381166
            ],
            [
              100.032279,
              15.381453
            ],
            [
              100.031856,
              15.381771
            ],
            [
              100.031245,
              15.382077
            ],
            [
              100.031133,
              15.382271
            ],
            [
              100.03065,
              15.382397
            ],
            [
              100.030411,
              15.382566
            ],
            [
              100.029927,
              15.382593
            ],
            [
              100.029915,
              15.382614
            ],
            [
              100.029818,
              15.382793
            ],
            [
              100.029711,
              15.382836
            ],
            [
              100.029632,
              15.382868
            ],
            [
              100.029564,
              15.382912
            ],
            [
              100.029529,
              15.382951
            ],
            [
              100.029491,
              15.38302
            ],
            [
              100.029476,
              15.383112
            ],
            [
              100.029458,
              15.383175
            ],
            [
              100.029412,
              15.383241
            ],
            [
              100.029408,
              15.383247
            ],
            [
              100.029302,
              15.383329
            ],
            [
              100.029327,
              15.383382
            ],
            [
              100.029335,
              15.383452
            ],
            [
              100.029315,
              15.383527
            ],
            [
              100.029272,
              15.383579
            ],
            [
              100.029212,
              15.383621
            ],
            [
              100.029223,
              15.383731
            ],
            [
              100.029216,
              15.383798
            ],
            [
              100.029181,
              15.383885
            ],
            [
              100.029128,
              15.38395
            ],
            [
              100.029089,
              15.384007
            ],
            [
              100.029058,
              15.384118
            ],
            [
              100.029058,
              15.384121
            ],
            [
              100.029049,
              15.384221
            ],
            [
              100.029016,
              15.38431
            ],
            [
              100.028955,
              15.384473
            ],
            [
              100.028937,
              15.384747
            ],
            [
              100.028913,
              15.385126
            ],
            [
              100.02902,
              15.385259
            ],
            [
              100.029123,
              15.385428
            ],
            [
              100.029198,
              15.385629
            ],
            [
              100.029681,
              15.386587
            ],
            [
              100.030184,
              15.387229
            ],
            [
              100.030486,
              15.38757
            ],
            [
              100.030582,
              15.388015
            ],
            [
              100.030785,
              15.388398
            ],
            [
              100.031301,
              15.388677
            ],
            [
              100.031955,
              15.388615
            ],
            [
              100.03247,
              15.388398
            ],
            [
              100.032717,
              15.388387
            ],
            [
              100.032889,
              15.388811
            ],
            [
              100.032803,
              15.389091
            ],
            [
              100.032481,
              15.389494
            ],
            [
              100.032417,
              15.389991
            ],
            [
              100.032117,
              15.390332
            ],
            [
              100.031848,
              15.390466
            ],
            [
              100.03174,
              15.390839
            ],
            [
              100.03216,
              15.391118
            ],
            [
              100.032309,
              15.391429
            ],
            [
              100.032663,
              15.391481
            ],
            [
              100.033222,
              15.391025
            ],
            [
              100.033072,
              15.390735
            ],
            [
              100.033308,
              15.390353
            ],
            [
              100.032975,
              15.390094
            ],
            [
              100.0329,
              15.389722
            ],
            [
              100.033061,
              15.389422
            ],
            [
              100.033404,
              15.389277
            ],
            [
              100.033951,
              15.389287
            ],
            [
              100.033994,
              15.388936
            ],
            [
              100.034304,
              15.388905
            ],
            [
              100.035078,
              15.388925
            ],
            [
              100.035345,
              15.389226
            ],
            [
              100.036376,
              15.389608
            ],
            [
              100.036491,
              15.389641
            ],
            [
              100.03732,
              15.389877
            ],
            [
              100.037802,
              15.390312
            ],
            [
              100.038327,
              15.390363
            ],
            [
              100.039433,
              15.390932
            ],
            [
              100.040463,
              15.391274
            ],
            [
              100.042759,
              15.391904
            ],
            [
              100.044132,
              15.39207
            ],
            [
              100.045795,
              15.392152
            ],
            [
              100.047061,
              15.392194
            ],
            [
              100.048606,
              15.392152
            ],
            [
              100.051191,
              15.391998
            ],
            [
              100.052458,
              15.39207
            ],
            [
              100.053273,
              15.392328
            ],
            [
              100.053311,
              15.392206
            ],
            [
              100.053359,
              15.392049
            ],
            [
              100.052501,
              15.391677
            ],
            [
              100.051535,
              15.391646
            ],
            [
              100.050118,
              15.391812
            ],
            [
              100.049143,
              15.391749
            ],
            [
              100.04793,
              15.391884
            ],
            [
              100.046847,
              15.391811
            ],
            [
              100.045785,
              15.391832
            ],
            [
              100.045774,
              15.391656
            ],
            [
              100.045302,
              15.391822
            ],
            [
              100.045001,
              15.391853
            ],
            [
              100.043907,
              15.391708
            ],
            [
              100.043017,
              15.391583
            ],
            [
              100.041879,
              15.391263
            ],
            [
              100.041021,
              15.390921
            ],
            [
              100.040442,
              15.390653
            ],
            [
              100.040141,
              15.390467
            ],
            [
              100.039755,
              15.390487
            ],
            [
              100.039348,
              15.390146
            ],
            [
              100.03909,
              15.389877
            ],
            [
              100.038661,
              15.389877
            ],
            [
              100.038479,
              15.389629
            ],
            [
              100.038093,
              15.389577
            ],
            [
              100.037385,
              15.389297
            ],
            [
              100.036945,
              15.388987
            ],
            [
              100.03629,
              15.38876
            ],
            [
              100.03555,
              15.388418
            ],
            [
              100.034649,
              15.38816
            ],
            [
              100.034037,
              15.387942
            ],
            [
              100.033522,
              15.387746
            ],
            [
              100.032996,
              15.387508
            ],
            [
              100.03231,
              15.387156
            ],
            [
              100.03143,
              15.386763
            ],
            [
              100.030807,
              15.386371
            ],
            [
              100.030346,
              15.385625
            ],
            [
              100.03011,
              15.384994
            ],
            [
              100.03002,
              15.384709
            ],
            [
              100.029995,
              15.384418
            ],
            [
              100.030018,
              15.384224
            ],
            [
              100.030137,
              15.383961
            ],
            [
              100.030317,
              15.383746
            ],
            [
              100.030555,
              15.383481
            ],
            [
              100.030662,
              15.383406
            ],
            [
              100.03086,
              15.383213
            ],
            [
              100.031,
              15.383312
            ],
            [
              100.031093,
              15.383235
            ],
            [
              100.03092,
              15.382925
            ],
            [
              100.031452,
              15.382691
            ],
            [
              100.031589,
              15.382733
            ],
            [
              100.031721,
              15.382788
            ],
            [
              100.031836,
              15.3828
            ],
            [
              100.032008,
              15.382767
            ],
            [
              100.032759,
              15.38245
            ],
            [
              100.033264,
              15.382047
            ],
            [
              100.033747,
              15.381457
            ],
            [
              100.034423,
              15.380784
            ],
            [
              100.035464,
              15.379481
            ],
            [
              100.036194,
              15.37856
            ],
            [
              100.036708,
              15.377733
            ],
            [
              100.037116,
              15.377091
            ],
            [
              100.037619,
              15.376812
            ],
            [
              100.037866,
              15.37645
            ],
            [
              100.038081,
              15.376171
            ],
            [
              100.038414,
              15.376098
            ],
            [
              100.038704,
              15.375746
            ],
            [
              100.039198,
              15.375219
            ],
            [
              100.039776,
              15.374992
            ],
            [
              100.040195,
              15.374701
            ],
            [
              100.040656,
              15.374567
            ],
            [
              100.040721,
              15.374236
            ],
            [
              100.041428,
              15.373905
            ],
            [
              100.041494,
              15.373594
            ],
            [
              100.042384,
              15.372963
            ],
            [
              100.043027,
              15.372592
            ],
            [
              100.043241,
              15.372633
            ],
            [
              100.043907,
              15.372095
            ],
            [
              100.044347,
              15.371722
            ],
            [
              100.044626,
              15.371132
            ],
            [
              100.045097,
              15.371061
            ],
            [
              100.045666,
              15.370729
            ],
            [
              100.046245,
              15.370212
            ],
            [
              100.04674,
              15.369881
            ],
            [
              100.047167,
              15.36961
            ]
          ]
        ]
      }
    },
    {
      "type": "Feature",
      "id": "osm_water_poly_122226291",
      "properties": {
        "osm_id": 122226291,
        "name": "",
        "name_th": "",
        "water": "",
        "natural": "water",
        "landuse": ""
      },
      "geometry": {
        "type": "Polygon",
        "coordinates": [
          [
            [
              100.062811,
              15.377169
            ],
            [
              100.062463,
              15.3769
            ],
            [
              100.062355,
              15.376698
            ],
            [
              100.062237,
              15.376621
            ],
            [
              100.062092,
              15.376564
            ],
            [
              100.06199,
              15.376372
            ],
            [
              100.061744,
              15.376248
            ],
            [
              100.061599,
              15.376103
            ],
            [
              100.061566,
              15.375974
            ],
            [
              100.061459,
              15.375902
            ],
            [
              100.061454,
              15.37569
            ],
            [
              100.061518,
              15.375571
            ],
            [
              100.061556,
              15.375353
            ],
            [
              100.061604,
              15.375245
            ],
            [
              100.061706,
              15.375214
            ],
            [
              100.061781,
              15.375084
            ],
            [
              100.061744,
              15.374996
            ],
            [
              100.061867,
              15.374883
            ],
            [
              100.062038,
              15.374919
            ],
            [
              100.062082,
              15.374774
            ],
            [
              100.06221,
              15.374738
            ],
            [
              100.062349,
              15.37464
            ],
            [
              100.062505,
              15.374764
            ],
            [
              100.062666,
              15.3748
            ],
            [
              100.062731,
              15.375012
            ],
            [
              100.0628,
              15.375142
            ],
            [
              100.062962,
              15.375126
            ],
            [
              100.063106,
              15.375333
            ],
            [
              100.063127,
              15.37554
            ],
            [
              100.063304,
              15.375566
            ],
            [
              100.063438,
              15.375705
            ],
            [
              100.063471,
              15.375907
            ],
            [
              100.063621,
              15.375928
            ],
            [
              100.063745,
              15.376165
            ],
            [
              100.063745,
              15.376434
            ],
            [
              100.063535,
              15.376549
            ],
            [
              100.063578,
              15.376667
            ],
            [
              100.063396,
              15.376915
            ],
            [
              100.063144,
              15.377019
            ],
            [
              100.063149,
              15.37719
            ],
            [
              100.063074,
              15.377262
            ],
            [
              100.062967,
              15.377262
            ],
            [
              100.062811,
              15.377169
            ]
          ]
        ]
      }
    },
    {
      "type": "Feature",
      "id": "osm_water_poly_140813287",
      "properties": {
        "osm_id": 140813287,
        "name": "",
        "name_th": "",
        "water": "",
        "natural": "water",
        "landuse": ""
      },
      "geometry": {
        "type": "Polygon",
        "coordinates": [
          [
            [
              99.831744,
              15.390788
            ],
            [
              99.832043,
              15.390738
            ],
            [
              99.833005,
              15.39102
            ],
            [
              99.833123,
              15.390979
            ],
            [
              99.833089,
              15.389672
            ],
            [
              99.832715,
              15.38967
            ],
            [
              99.832613,
              15.389934
            ],
            [
              99.832259,
              15.390198
            ],
            [
              99.832029,
              15.390405
            ],
            [
              99.831653,
              15.390601
            ],
            [
              99.831744,
              15.390788
            ]
          ]
        ]
      }
    },
    {
      "type": "Feature",
      "id": "osm_water_poly_140813292",
      "properties": {
        "osm_id": 140813292,
        "name": "",
        "name_th": "",
        "water": "",
        "natural": "water",
        "landuse": ""
      },
      "geometry": {
        "type": "Polygon",
        "coordinates": [
          [
            [
              99.834464,
              15.388543
            ],
            [
              99.834657,
              15.388739
            ],
            [
              99.83492,
              15.389029
            ],
            [
              99.835085,
              15.388912
            ],
            [
              99.83521,
              15.3889
            ],
            [
              99.835203,
              15.388607
            ],
            [
              99.83507,
              15.38861
            ],
            [
              99.835001,
              15.388646
            ],
            [
              99.834909,
              15.388615
            ],
            [
              99.834802,
              15.38862
            ],
            [
              99.834731,
              15.388565
            ],
            [
              99.834677,
              15.3884
            ],
            [
              99.834539,
              15.388445
            ],
            [
              99.834464,
              15.388543
            ]
          ]
        ]
      }
    },
    {
      "type": "Feature",
      "id": "osm_water_poly_140822110",
      "properties": {
        "osm_id": 140822110,
        "name": "",
        "name_th": "",
        "water": "",
        "natural": "water",
        "landuse": ""
      },
      "geometry": {
        "type": "Polygon",
        "coordinates": [
          [
            [
              99.774517,
              15.435469
            ],
            [
              99.774592,
              15.435505
            ],
            [
              99.775295,
              15.435407
            ],
            [
              99.775316,
              15.435329
            ],
            [
              99.775257,
              15.43476
            ],
            [
              99.774426,
              15.434735
            ],
            [
              99.774517,
              15.435469
            ]
          ]
        ]
      }
    },
    {
      "type": "Feature",
      "id": "osm_water_poly_159950612",
      "properties": {
        "osm_id": 159950612,
        "name": "",
        "name_th": "",
        "water": "",
        "natural": "water",
        "landuse": ""
      },
      "geometry": {
        "type": "Polygon",
        "coordinates": [
          [
            [
              99.752877,
              15.630145
            ],
            [
              99.752963,
              15.630217
            ],
            [
              99.753939,
              15.630186
            ],
            [
              99.754025,
              15.630104
            ],
            [
              99.754658,
              15.629308
            ],
            [
              99.754787,
              15.629039
            ],
            [
              99.755023,
              15.627851
            ],
            [
              99.755206,
              15.627714
            ],
            [
              99.755613,
              15.6275
            ],
            [
              99.75557,
              15.627407
            ],
            [
              99.755291,
              15.627045
            ],
            [
              99.754798,
              15.626663
            ],
            [
              99.754701,
              15.626498
            ],
            [
              99.754669,
              15.62627
            ],
            [
              99.754722,
              15.625661
            ],
            [
              99.754615,
              15.625165
            ],
            [
              99.754454,
              15.624845
            ],
            [
              99.754079,
              15.624493
            ],
            [
              99.753875,
              15.624256
            ],
            [
              99.753832,
              15.62409
            ],
            [
              99.753939,
              15.622985
            ],
            [
              99.753896,
              15.622923
            ],
            [
              99.75203,
              15.622954
            ],
            [
              99.75202,
              15.623333
            ],
            [
              99.752877,
              15.630145
            ]
          ]
        ]
      }
    },
    {
      "type": "Feature",
      "id": "osm_water_poly_159953190",
      "properties": {
        "osm_id": 159953190,
        "name": "",
        "name_th": "",
        "water": "",
        "natural": "water",
        "landuse": "reservoir"
      },
      "geometry": {
        "type": "Polygon",
        "coordinates": [
          [
            [
              99.915826,
              15.507477
            ],
            [
              99.917403,
              15.506588
            ],
            [
              99.918283,
              15.506391
            ],
            [
              99.918531,
              15.506285
            ],
            [
              99.918819,
              15.50606
            ],
            [
              99.919206,
              15.505895
            ],
            [
              99.91956,
              15.505554
            ],
            [
              99.91956,
              15.504954
            ],
            [
              99.917094,
              15.503494
            ],
            [
              99.916708,
              15.504062
            ],
            [
              99.915998,
              15.50451
            ],
            [
              99.915731,
              15.504641
            ],
            [
              99.915622,
              15.504634
            ],
            [
              99.914979,
              15.503941
            ],
            [
              99.914111,
              15.50337
            ],
            [
              99.913916,
              15.503372
            ],
            [
              99.913339,
              15.503876
            ],
            [
              99.913328,
              15.50398
            ],
            [
              99.914057,
              15.504858
            ],
            [
              99.915826,
              15.507477
            ]
          ]
        ]
      }
    },
    {
      "type": "Feature",
      "id": "osm_water_poly_159955083",
      "properties": {
        "osm_id": 159955083,
        "name": "",
        "name_th": "",
        "water": "",
        "natural": "water",
        "landuse": ""
      },
      "geometry": {
        "type": "Polygon",
        "coordinates": [
          [
            [
              99.820163,
              15.460236
            ],
            [
              99.820796,
              15.460298
            ],
            [
              99.820872,
              15.459882
            ],
            [
              99.820195,
              15.459797
            ],
            [
              99.820163,
              15.460236
            ]
          ]
        ]
      }
    },
    {
      "type": "Feature",
      "id": "osm_water_poly_159959905",
      "properties": {
        "osm_id": 159959905,
        "name": "",
        "name_th": "",
        "water": "",
        "natural": "",
        "landuse": "reservoir"
      },
      "geometry": {
        "type": "Polygon",
        "coordinates": [
          [
            [
              99.920942,
              15.498889
            ],
            [
              99.92218,
              15.498727
            ],
            [
              99.922354,
              15.498578
            ],
            [
              99.922388,
              15.498361
            ],
            [
              99.92189,
              15.496452
            ],
            [
              99.921694,
              15.496207
            ],
            [
              99.91878,
              15.494453
            ],
            [
              99.918396,
              15.494261
            ],
            [
              99.915961,
              15.493506
            ],
            [
              99.9154,
              15.493483
            ],
            [
              99.914235,
              15.493019
            ],
            [
              99.914218,
              15.492985
            ],
            [
              99.914378,
              15.492323
            ],
            [
              99.914421,
              15.492282
            ],
            [
              99.915208,
              15.49198
            ],
            [
              99.918408,
              15.491694
            ],
            [
              99.918683,
              15.491732
            ],
            [
              99.919848,
              15.49201
            ],
            [
              99.919991,
              15.49214
            ],
            [
              99.921055,
              15.493526
            ],
            [
              99.921211,
              15.493669
            ],
            [
              99.921501,
              15.493614
            ],
            [
              99.92292,
              15.49319
            ],
            [
              99.923952,
              15.492544
            ],
            [
              99.924237,
              15.492494
            ],
            [
              99.924304,
              15.492516
            ],
            [
              99.924341,
              15.49265
            ],
            [
              99.924374,
              15.496071
            ],
            [
              99.924319,
              15.496158
            ],
            [
              99.923804,
              15.496675
            ],
            [
              99.923804,
              15.496964
            ],
            [
              99.924379,
              15.497493
            ],
            [
              99.924395,
              15.497722
            ],
            [
              99.924395,
              15.502021
            ],
            [
              99.924382,
              15.502029
            ],
            [
              99.923794,
              15.501961
            ],
            [
              99.923785,
              15.50195
            ],
            [
              99.923724,
              15.501382
            ],
            [
              99.923646,
              15.501239
            ],
            [
              99.922882,
              15.500433
            ],
            [
              99.92252,
              15.500288
            ],
            [
              99.921426,
              15.500277
            ],
            [
              99.920592,
              15.500639
            ],
            [
              99.920531,
              15.500619
            ],
            [
              99.920193,
              15.500217
            ],
            [
              99.920168,
              15.500144
            ],
            [
              99.920942,
              15.498889
            ]
          ]
        ]
      }
    },
    {
      "type": "Feature",
      "id": "osm_water_poly_159959909",
      "properties": {
        "osm_id": 159959909,
        "name": "",
        "name_th": "",
        "water": "",
        "natural": "",
        "landuse": "reservoir"
      },
      "geometry": {
        "type": "Polygon",
        "coordinates": [
          [
            [
              99.926083,
              15.505202
            ],
            [
              99.926673,
              15.504861
            ],
            [
              99.927081,
              15.504458
            ],
            [
              99.927231,
              15.503848
            ],
            [
              99.92736,
              15.5033
            ],
            [
              99.927531,
              15.503145
            ],
            [
              99.928561,
              15.503817
            ],
            [
              99.928938,
              15.504404
            ],
            [
              99.932136,
              15.510545
            ],
            [
              99.932692,
              15.511333
            ],
            [
              99.932788,
              15.511643
            ],
            [
              99.932638,
              15.511777
            ],
            [
              99.932071,
              15.511682
            ],
            [
              99.930653,
              15.51123
            ],
            [
              99.929409,
              15.510671
            ],
            [
              99.928958,
              15.510568
            ],
            [
              99.927157,
              15.510627
            ],
            [
              99.925988,
              15.510689
            ],
            [
              99.925439,
              15.510785
            ],
            [
              99.924946,
              15.511136
            ],
            [
              99.924658,
              15.511247
            ],
            [
              99.924516,
              15.511085
            ],
            [
              99.922392,
              15.506019
            ],
            [
              99.921706,
              15.504375
            ],
            [
              99.921611,
              15.504052
            ],
            [
              99.92162,
              15.503703
            ],
            [
              99.921716,
              15.5033
            ],
            [
              99.921727,
              15.503145
            ],
            [
              99.92162,
              15.502804
            ],
            [
              99.921266,
              15.502183
            ],
            [
              99.921266,
              15.50207
            ],
            [
              99.921654,
              15.501716
            ],
            [
              99.922038,
              15.50177
            ],
            [
              99.92222,
              15.502824
            ],
            [
              99.922693,
              15.503972
            ],
            [
              99.923186,
              15.504654
            ],
            [
              99.923551,
              15.505006
            ],
            [
              99.924615,
              15.5055
            ],
            [
              99.924742,
              15.505502
            ],
            [
              99.926083,
              15.505202
            ]
          ]
        ]
      }
    },
    {
      "type": "Feature",
      "id": "osm_water_poly_160010827",
      "properties": {
        "osm_id": 160010827,
        "name": "",
        "name_th": "",
        "water": "river",
        "natural": "water",
        "landuse": ""
      },
      "geometry": {
        "type": "Polygon",
        "coordinates": [
          [
            [
              100.035966,
              15.319743
            ],
            [
              100.03631,
              15.322516
            ],
            [
              100.036653,
              15.325289
            ],
            [
              100.037397,
              15.328602
            ],
            [
              100.038299,
              15.331375
            ],
            [
              100.039372,
              15.334024
            ],
            [
              100.040358,
              15.336383
            ],
            [
              100.040573,
              15.337749
            ],
            [
              100.040858,
              15.340354
            ],
            [
              100.041689,
              15.342384
            ],
            [
              100.043648,
              15.344161
            ],
            [
              100.045508,
              15.345488
            ],
            [
              100.04744,
              15.346316
            ],
            [
              100.049356,
              15.346479
            ],
            [
              100.051201,
              15.345776
            ],
            [
              100.052933,
              15.344619
            ],
            [
              100.054248,
              15.34292
            ],
            [
              100.055636,
              15.340811
            ],
            [
              100.056351,
              15.339195
            ],
            [
              100.056967,
              15.33808
            ],
            [
              100.057468,
              15.337974
            ],
            [
              100.057489,
              15.338616
            ],
            [
              100.058476,
              15.33725
            ],
            [
              100.058941,
              15.336714
            ],
            [
              100.059206,
              15.336132
            ],
            [
              100.059528,
              15.33575
            ],
            [
              100.059882,
              15.335191
            ],
            [
              100.060078,
              15.33482
            ],
            [
              100.06011,
              15.33452
            ],
            [
              100.059957,
              15.334239
            ],
            [
              100.059957,
              15.333898
            ],
            [
              100.060228,
              15.33332
            ],
            [
              100.060593,
              15.332637
            ],
            [
              100.060936,
              15.332296
            ],
            [
              100.061194,
              15.331892
            ],
            [
              100.061387,
              15.331644
            ],
            [
              100.061709,
              15.331468
            ],
            [
              100.061964,
              15.331259
            ],
            [
              100.062071,
              15.330887
            ],
            [
              100.062071,
              15.330524
            ],
            [
              100.062181,
              15.330154
            ],
            [
              100.062406,
              15.330009
            ],
            [
              100.062983,
              15.329469
            ],
            [
              100.063584,
              15.328786
            ],
            [
              100.063801,
              15.328685
            ],
            [
              100.064539,
              15.328683
            ],
            [
              100.064893,
              15.328662
            ],
            [
              100.06511,
              15.328592
            ],
            [
              100.065239,
              15.328354
            ],
            [
              100.065429,
              15.32771
            ],
            [
              100.065665,
              15.327431
            ],
            [
              100.066269,
              15.327008
            ],
            [
              100.066644,
              15.326729
            ],
            [
              100.067105,
              15.326574
            ],
            [
              100.067857,
              15.326346
            ],
            [
              100.068422,
              15.326199
            ],
            [
              100.068895,
              15.325941
            ],
            [
              100.069509,
              15.325715
            ],
            [
              100.069903,
              15.325558
            ],
            [
              100.070234,
              15.325562
            ],
            [
              100.070536,
              15.325527
            ],
            [
              100.070901,
              15.325423
            ],
            [
              100.071384,
              15.325579
            ],
            [
              100.071719,
              15.325684
            ],
            [
              100.071815,
              15.32557
            ],
            [
              100.071837,
              15.325361
            ],
            [
              100.07215,
              15.326254
            ],
            [
              100.071534,
              15.326085
            ],
            [
              100.071158,
              15.326013
            ],
            [
              100.070697,
              15.325961
            ],
            [
              100.070217,
              15.325922
            ],
            [
              100.069273,
              15.326201
            ],
            [
              100.068798,
              15.326458
            ],
            [
              100.068178,
              15.326626
            ],
            [
              100.067553,
              15.326779
            ],
            [
              100.067009,
              15.326915
            ],
            [
              100.06647,
              15.327172
            ],
            [
              100.066019,
              15.327607
            ],
            [
              100.065719,
              15.327989
            ],
            [
              100.06559,
              15.32829
            ],
            [
              100.065612,
              15.328631
            ],
            [
              100.065743,
              15.328871
            ],
            [
              100.065687,
              15.329014
            ],
            [
              100.065408,
              15.329076
            ],
            [
              100.064928,
              15.329047
            ],
            [
              100.064455,
              15.329037
            ],
            [
              100.063941,
              15.329078
            ],
            [
              100.06368,
              15.32919
            ],
            [
              100.062972,
              15.329821
            ],
            [
              100.062564,
              15.330235
            ],
            [
              100.062406,
              15.330558
            ],
            [
              100.062543,
              15.330918
            ],
            [
              100.062522,
              15.331218
            ],
            [
              100.062286,
              15.331518
            ],
            [
              100.061698,
              15.331799
            ],
            [
              100.061419,
              15.332016
            ],
            [
              100.06117,
              15.332594
            ],
            [
              100.060827,
              15.332946
            ],
            [
              100.060601,
              15.333246
            ],
            [
              100.060451,
              15.333753
            ],
            [
              100.060472,
              15.33426
            ],
            [
              100.06044,
              15.334736
            ],
            [
              100.060282,
              15.335131
            ],
            [
              100.059915,
              15.335615
            ],
            [
              100.059603,
              15.336008
            ],
            [
              100.059378,
              15.336629
            ],
            [
              100.059099,
              15.337053
            ],
            [
              100.058777,
              15.337416
            ],
            [
              100.058455,
              15.33784
            ],
            [
              100.058391,
              15.338243
            ],
            [
              100.058219,
              15.338719
            ],
            [
              100.057997,
              15.338804
            ],
            [
              100.057801,
              15.339071
            ],
            [
              100.057629,
              15.339226
            ],
            [
              100.05764,
              15.339485
            ],
            [
              100.057651,
              15.339826
            ],
            [
              100.057608,
              15.340054
            ],
            [
              100.057321,
              15.34049
            ],
            [
              100.057136,
              15.340902
            ],
            [
              100.056664,
              15.34144
            ],
            [
              100.05643,
              15.341908
            ],
            [
              100.055956,
              15.342558
            ],
            [
              100.055516,
              15.343158
            ],
            [
              100.054918,
              15.343936
            ],
            [
              100.054271,
              15.3447
            ],
            [
              100.053941,
              15.344919
            ],
            [
              100.053692,
              15.345258
            ],
            [
              100.053091,
              15.345693
            ],
            [
              100.052353,
              15.346274
            ],
            [
              100.0519,
              15.346583
            ],
            [
              100.051248,
              15.346812
            ],
            [
              100.050827,
              15.34711
            ],
            [
              100.050015,
              15.347402
            ],
            [
              100.049285,
              15.347474
            ],
            [
              100.048703,
              15.347555
            ],
            [
              100.048413,
              15.347379
            ],
            [
              100.04822,
              15.347193
            ],
            [
              100.04744,
              15.347174
            ],
            [
              100.046742,
              15.347102
            ],
            [
              100.046042,
              15.346882
            ],
            [
              100.045551,
              15.346471
            ],
            [
              100.045087,
              15.346334
            ],
            [
              100.044486,
              15.346148
            ],
            [
              100.044358,
              15.345951
            ],
            [
              100.043596,
              15.345507
            ],
            [
              100.042858,
              15.34526
            ],
            [
              100.042397,
              15.345043
            ],
            [
              100.042064,
              15.344836
            ],
            [
              100.041925,
              15.344298
            ],
            [
              100.041708,
              15.344017
            ],
            [
              100.041354,
              15.343727
            ],
            [
              100.041139,
              15.343272
            ],
            [
              100.040774,
              15.342941
            ],
            [
              100.040659,
              15.342487
            ],
            [
              100.040498,
              15.342177
            ],
            [
              100.039905,
              15.342082
            ],
            [
              100.039693,
              15.341877
            ],
            [
              100.039862,
              15.341461
            ],
            [
              100.039819,
              15.341182
            ],
            [
              100.039575,
              15.34077
            ],
            [
              100.039497,
              15.340457
            ],
            [
              100.039036,
              15.340044
            ],
            [
              100.038907,
              15.339795
            ],
            [
              100.038886,
              15.339423
            ],
            [
              100.03909,
              15.33905
            ],
            [
              100.038932,
              15.338556
            ],
            [
              100.039028,
              15.3381
            ],
            [
              100.039133,
              15.337581
            ],
            [
              100.039025,
              15.337022
            ],
            [
              100.038867,
              15.336548
            ],
            [
              100.038714,
              15.336246
            ],
            [
              100.038671,
              15.335843
            ],
            [
              100.038449,
              15.335638
            ],
            [
              100.038156,
              15.335491
            ],
            [
              100.038363,
              15.335152
            ],
            [
              100.038384,
              15.334945
            ],
            [
              100.03821,
              15.334653
            ],
            [
              100.03776,
              15.334601
            ],
            [
              100.037869,
              15.334521
            ],
            [
              100.038052,
              15.334386
            ],
            [
              100.037826,
              15.33392
            ],
            [
              100.037631,
              15.333153
            ],
            [
              100.037212,
              15.332056
            ],
            [
              100.036837,
              15.331238
            ],
            [
              100.036547,
              15.330587
            ],
            [
              100.0364,
              15.329844
            ],
            [
              100.036292,
              15.32884
            ],
            [
              100.036164,
              15.327795
            ],
            [
              100.035989,
              15.327027
            ],
            [
              100.035734,
              15.326533
            ],
            [
              100.035496,
              15.325744
            ],
            [
              100.035549,
              15.325475
            ],
            [
              100.035356,
              15.325123
            ],
            [
              100.035466,
              15.324587
            ],
            [
              100.035249,
              15.324306
            ],
            [
              100.035281,
              15.323561
            ],
            [
              100.035238,
              15.323085
            ],
            [
              100.034948,
              15.322588
            ],
            [
              100.034948,
              15.322133
            ],
            [
              100.035037,
              15.321845
            ],
            [
              100.034809,
              15.321315
            ],
            [
              100.034876,
              15.320852
            ],
            [
              100.034672,
              15.320076
            ],
            [
              100.034672,
              15.319652
            ],
            [
              100.034712,
              15.319505
            ],
            [
              100.035894,
              15.3193
            ],
            [
              100.035966,
              15.319743
            ]
          ]
        ]
      }
    },
    {
      "type": "Feature",
      "id": "osm_water_poly_160017630",
      "properties": {
        "osm_id": 160017630,
        "name": "",
        "name_th": "",
        "water": "",
        "natural": "water",
        "landuse": ""
      },
      "geometry": {
        "type": "Polygon",
        "coordinates": [
          [
            [
              99.998487,
              15.411588
            ],
            [
              99.999219,
              15.41128
            ],
            [
              99.999061,
              15.410807
            ],
            [
              99.998975,
              15.410761
            ],
            [
              99.998267,
              15.41103
            ],
            [
              99.998379,
              15.411444
            ],
            [
              99.998487,
              15.411588
            ]
          ]
        ]
      }
    },
    {
      "type": "Feature",
      "id": "osm_water_poly_180350473",
      "properties": {
        "osm_id": 180350473,
        "name": "",
        "name_th": "",
        "water": "",
        "natural": "water",
        "landuse": ""
      },
      "geometry": {
        "type": "Polygon",
        "coordinates": [
          [
            [
              99.977158,
              15.511127
            ],
            [
              99.977313,
              15.51111
            ],
            [
              99.978408,
              15.511643
            ],
            [
              99.978606,
              15.511291
            ],
            [
              99.977533,
              15.510729
            ],
            [
              99.977313,
              15.510743
            ],
            [
              99.977158,
              15.511127
            ]
          ]
        ]
      }
    },
    {
      "type": "Feature",
      "id": "osm_water_poly_180351707",
      "properties": {
        "osm_id": 180351707,
        "name": "",
        "name_th": "",
        "water": "",
        "natural": "water",
        "landuse": ""
      },
      "geometry": {
        "type": "Polygon",
        "coordinates": [
          [
            [
              99.967426,
              15.517262
            ],
            [
              99.967555,
              15.517086
            ],
            [
              99.967416,
              15.5169
            ],
            [
              99.967148,
              15.516677
            ],
            [
              99.966734,
              15.51612
            ],
            [
              99.966353,
              15.515675
            ],
            [
              99.966209,
              15.515613
            ],
            [
              99.965994,
              15.515768
            ],
            [
              99.965849,
              15.516068
            ],
            [
              99.965989,
              15.516207
            ],
            [
              99.967056,
              15.517009
            ],
            [
              99.967169,
              15.517044
            ],
            [
              99.967244,
              15.517174
            ],
            [
              99.967426,
              15.517262
            ]
          ]
        ]
      }
    },
    {
      "type": "Feature",
      "id": "osm_water_poly_180351713",
      "properties": {
        "osm_id": 180351713,
        "name": "",
        "name_th": "",
        "water": "river",
        "natural": "water",
        "landuse": ""
      },
      "geometry": {
        "type": "Polygon",
        "coordinates": [
          [
            [
              99.96991,
              15.518699
            ],
            [
              99.969529,
              15.518239
            ],
            [
              99.969207,
              15.517903
            ],
            [
              99.968692,
              15.517572
            ],
            [
              99.96777,
              15.517221
            ],
            [
              99.967684,
              15.517304
            ],
            [
              99.96769,
              15.517396
            ],
            [
              99.968236,
              15.517629
            ],
            [
              99.968693,
              15.517778
            ],
            [
              99.968987,
              15.517981
            ],
            [
              99.969277,
              15.518135
            ],
            [
              99.96991,
              15.518699
            ]
          ]
        ]
      }
    },
    {
      "type": "Feature",
      "id": "osm_water_poly_180352961",
      "properties": {
        "osm_id": 180352961,
        "name": "",
        "name_th": "",
        "water": "",
        "natural": "water",
        "landuse": ""
      },
      "geometry": {
        "type": "Polygon",
        "coordinates": [
          [
            [
              99.932467,
              15.504738
            ],
            [
              99.933062,
              15.504277
            ],
            [
              99.9334,
              15.504174
            ],
            [
              99.934199,
              15.503983
            ],
            [
              99.934247,
              15.503854
            ],
            [
              99.934832,
              15.503719
            ],
            [
              99.935691,
              15.503264
            ],
            [
              99.935803,
              15.503233
            ],
            [
              99.935787,
              15.503151
            ],
            [
              99.935707,
              15.503135
            ],
            [
              99.935792,
              15.502794
            ],
            [
              99.936168,
              15.50222
            ],
            [
              99.936667,
              15.501894
            ],
            [
              99.936919,
              15.501879
            ],
            [
              99.937815,
              15.502168
            ],
            [
              99.938164,
              15.502199
            ],
            [
              99.93878,
              15.501977
            ],
            [
              99.939725,
              15.501667
            ],
            [
              99.940798,
              15.501227
            ],
            [
              99.940883,
              15.500974
            ],
            [
              99.940905,
              15.500313
            ],
            [
              99.941114,
              15.499805
            ],
            [
              99.941066,
              15.499589
            ],
            [
              99.940953,
              15.499439
            ],
            [
              99.940315,
              15.498979
            ],
            [
              99.9401,
              15.498984
            ],
            [
              99.939853,
              15.499113
            ],
            [
              99.939006,
              15.499382
            ],
            [
              99.938984,
              15.49961
            ],
            [
              99.93877,
              15.499692
            ],
            [
              99.938684,
              15.499491
            ],
            [
              99.938196,
              15.499656
            ],
            [
              99.937885,
              15.499899
            ],
            [
              99.937316,
              15.500499
            ],
            [
              99.936533,
              15.501171
            ],
            [
              99.935841,
              15.501548
            ],
            [
              99.93524,
              15.501708
            ],
            [
              99.934006,
              15.501988
            ],
            [
              99.933228,
              15.502081
            ],
            [
              99.932654,
              15.502349
            ],
            [
              99.931372,
              15.503027
            ],
            [
              99.931356,
              15.503125
            ],
            [
              99.931882,
              15.504066
            ],
            [
              99.93237,
              15.504701
            ],
            [
              99.932467,
              15.504738
            ]
          ]
        ]
      }
    },
    {
      "type": "Feature",
      "id": "osm_water_poly_180534848",
      "properties": {
        "osm_id": 180534848,
        "name": "Incendiary Factory",
        "name_th": "Incendiary Factory",
        "water": "basin",
        "natural": "water",
        "landuse": ""
      },
      "geometry": {
        "type": "Polygon",
        "coordinates": [
          [
            [
              100.128998,
              15.509483
            ],
            [
              100.129963,
              15.50938
            ],
            [
              100.129865,
              15.508522
            ],
            [
              100.1289,
              15.508625
            ],
            [
              100.128998,
              15.509483
            ]
          ]
        ]
      }
    },
    {
      "type": "Feature",
      "id": "osm_water_poly_180537454",
      "properties": {
        "osm_id": 180537454,
        "name": "",
        "name_th": "",
        "water": "",
        "natural": "water",
        "landuse": ""
      },
      "geometry": {
        "type": "Polygon",
        "coordinates": [
          [
            [
              100.035195,
              15.519232
            ],
            [
              100.035405,
              15.519303
            ],
            [
              100.035828,
              15.519164
            ],
            [
              100.035775,
              15.518487
            ],
            [
              100.035179,
              15.51861
            ],
            [
              100.035195,
              15.519232
            ]
          ]
        ]
      }
    },
    {
      "type": "Feature",
      "id": "osm_water_poly_197730695",
      "properties": {
        "osm_id": 197730695,
        "name": "",
        "name_th": "",
        "water": "",
        "natural": "water",
        "landuse": ""
      },
      "geometry": {
        "type": "Polygon",
        "coordinates": [
          [
            [
              99.709932,
              15.631056
            ],
            [
              99.709716,
              15.631085
            ],
            [
              99.70944,
              15.631186
            ],
            [
              99.709225,
              15.631389
            ],
            [
              99.708799,
              15.632007
            ],
            [
              99.708625,
              15.632431
            ],
            [
              99.708513,
              15.632805
            ],
            [
              99.708443,
              15.633103
            ],
            [
              99.708433,
              15.633436
            ],
            [
              99.708476,
              15.633531
            ],
            [
              99.708546,
              15.633576
            ],
            [
              99.708639,
              15.633594
            ],
            [
              99.708719,
              15.633572
            ],
            [
              99.708766,
              15.633508
            ],
            [
              99.708752,
              15.633161
            ],
            [
              99.708827,
              15.632847
            ],
            [
              99.70899,
              15.632512
            ],
            [
              99.70914,
              15.632061
            ],
            [
              99.70936,
              15.631737
            ],
            [
              99.709585,
              15.631466
            ],
            [
              99.709857,
              15.631313
            ],
            [
              99.709955,
              15.631249
            ],
            [
              99.709932,
              15.631056
            ]
          ]
        ]
      }
    },
    {
      "type": "Feature",
      "id": "osm_water_poly_197730696",
      "properties": {
        "osm_id": 197730696,
        "name": "",
        "name_th": "",
        "water": "",
        "natural": "water",
        "landuse": ""
      },
      "geometry": {
        "type": "Polygon",
        "coordinates": [
          [
            [
              99.711397,
              15.635889
            ],
            [
              99.711889,
              15.635763
            ],
            [
              99.712287,
              15.635537
            ],
            [
              99.712591,
              15.635271
            ],
            [
              99.71282,
              15.63496
            ],
            [
              99.712989,
              15.634622
            ],
            [
              99.713143,
              15.634252
            ],
            [
              99.713204,
              15.633819
            ],
            [
              99.713232,
              15.633454
            ],
            [
              99.713153,
              15.633319
            ],
            [
              99.713083,
              15.633459
            ],
            [
              99.712923,
              15.634126
            ],
            [
              99.71282,
              15.634464
            ],
            [
              99.712699,
              15.634699
            ],
            [
              99.712446,
              15.63506
            ],
            [
              99.712146,
              15.635294
            ],
            [
              99.711898,
              15.635429
            ],
            [
              99.711561,
              15.635519
            ],
            [
              99.711332,
              15.635578
            ],
            [
              99.711305,
              15.635641
            ],
            [
              99.711345,
              15.635811
            ],
            [
              99.711397,
              15.635889
            ]
          ]
        ]
      }
    },
    {
      "type": "Feature",
      "id": "osm_water_poly_197730697",
      "properties": {
        "osm_id": 197730697,
        "name": "",
        "name_th": "",
        "water": "",
        "natural": "water",
        "landuse": ""
      },
      "geometry": {
        "type": "Polygon",
        "coordinates": [
          [
            [
              99.708527,
              15.633819
            ],
            [
              99.708518,
              15.633937
            ],
            [
              99.708841,
              15.634631
            ],
            [
              99.709075,
              15.634992
            ],
            [
              99.709309,
              15.635249
            ],
            [
              99.709534,
              15.635438
            ],
            [
              99.709824,
              15.635601
            ],
            [
              99.710166,
              15.635713
            ],
            [
              99.710601,
              15.635808
            ],
            [
              99.710948,
              15.635839
            ],
            [
              99.711088,
              15.635839
            ],
            [
              99.711123,
              15.635771
            ],
            [
              99.711074,
              15.635587
            ],
            [
              99.710681,
              15.635533
            ],
            [
              99.709857,
              15.635285
            ],
            [
              99.709632,
              15.635141
            ],
            [
              99.709351,
              15.634839
            ],
            [
              99.709079,
              15.634433
            ],
            [
              99.70892,
              15.634131
            ],
            [
              99.708831,
              15.633923
            ],
            [
              99.70877,
              15.633774
            ],
            [
              99.708527,
              15.633819
            ]
          ]
        ]
      }
    },
    {
      "type": "Feature",
      "id": "osm_water_poly_197730698",
      "properties": {
        "osm_id": 197730698,
        "name": "",
        "name_th": "",
        "water": "",
        "natural": "water",
        "landuse": ""
      },
      "geometry": {
        "type": "Polygon",
        "coordinates": [
          [
            [
              99.713204,
              15.632683
            ],
            [
              99.713115,
              15.632377
            ],
            [
              99.712998,
              15.632187
            ],
            [
              99.712849,
              15.632012
            ],
            [
              99.712699,
              15.631691
            ],
            [
              99.712488,
              15.631547
            ],
            [
              99.712193,
              15.631286
            ],
            [
              99.711875,
              15.631119
            ],
            [
              99.71136,
              15.630979
            ],
            [
              99.71077,
              15.630941
            ],
            [
              99.710636,
              15.630898
            ],
            [
              99.710575,
              15.63099
            ],
            [
              99.710671,
              15.631213
            ],
            [
              99.7112,
              15.631209
            ],
            [
              99.711753,
              15.631335
            ],
            [
              99.712043,
              15.631443
            ],
            [
              99.712376,
              15.63166
            ],
            [
              99.712572,
              15.631858
            ],
            [
              99.712717,
              15.632084
            ],
            [
              99.712839,
              15.632327
            ],
            [
              99.712919,
              15.632805
            ],
            [
              99.712961,
              15.632886
            ],
            [
              99.713012,
              15.632931
            ],
            [
              99.713083,
              15.632927
            ],
            [
              99.713153,
              15.632882
            ],
            [
              99.713186,
              15.632823
            ],
            [
              99.713204,
              15.632683
            ]
          ]
        ]
      }
    },
    {
      "type": "Feature",
      "id": "osm_water_poly_197731470",
      "properties": {
        "osm_id": 197731470,
        "name": "",
        "name_th": "",
        "water": "",
        "natural": "water",
        "landuse": ""
      },
      "geometry": {
        "type": "Polygon",
        "coordinates": [
          [
            [
              99.711126,
              15.636212
            ],
            [
              99.711155,
              15.636254
            ],
            [
              99.711375,
              15.63624
            ],
            [
              99.711445,
              15.63621
            ],
            [
              99.711452,
              15.636154
            ],
            [
              99.711394,
              15.63614
            ],
            [
              99.711189,
              15.636147
            ],
            [
              99.711126,
              15.636212
            ]
          ]
        ]
      }
    },
    {
      "type": "Feature",
      "id": "osm_water_poly_198336210",
      "properties": {
        "osm_id": 198336210,
        "name": "",
        "name_th": "",
        "water": "",
        "natural": "water",
        "landuse": ""
      },
      "geometry": {
        "type": "Polygon",
        "coordinates": [
          [
            [
              99.558384,
              15.751744
            ],
            [
              99.558529,
              15.751669
            ],
            [
              99.558548,
              15.751651
            ],
            [
              99.558551,
              15.751628
            ],
            [
              99.558532,
              15.751597
            ],
            [
              99.558438,
              15.751483
            ],
            [
              99.558411,
              15.751468
            ],
            [
              99.558374,
              15.751465
            ],
            [
              99.558333,
              15.751494
            ],
            [
              99.558285,
              15.75154
            ],
            [
              99.558266,
              15.751581
            ],
            [
              99.558269,
              15.75162
            ],
            [
              99.558301,
              15.751682
            ],
            [
              99.558336,
              15.75173
            ],
            [
              99.55836,
              15.751749
            ],
            [
              99.558384,
              15.751744
            ]
          ]
        ]
      }
    },
    {
      "type": "Feature",
      "id": "osm_water_poly_198340172",
      "properties": {
        "osm_id": 198340172,
        "name": "",
        "name_th": "",
        "water": "",
        "natural": "",
        "landuse": "reservoir"
      },
      "geometry": {
        "type": "Polygon",
        "coordinates": [
          [
            [
              99.560074,
              15.747946
            ],
            [
              99.560374,
              15.747735
            ],
            [
              99.56046,
              15.747699
            ],
            [
              99.560552,
              15.747678
            ],
            [
              99.560659,
              15.747675
            ],
            [
              99.560844,
              15.747683
            ],
            [
              99.560937,
              15.747706
            ],
            [
              99.561032,
              15.747753
            ],
            [
              99.561104,
              15.747817
            ],
            [
              99.561163,
              15.747897
            ],
            [
              99.561251,
              15.748041
            ],
            [
              99.561303,
              15.748094
            ],
            [
              99.561364,
              15.748104
            ],
            [
              99.561407,
              15.748091
            ],
            [
              99.561455,
              15.748047
            ],
            [
              99.56148,
              15.748008
            ],
            [
              99.561482,
              15.747954
            ],
            [
              99.561461,
              15.747892
            ],
            [
              99.561235,
              15.747603
            ],
            [
              99.561101,
              15.7475
            ],
            [
              99.561016,
              15.747461
            ],
            [
              99.560919,
              15.74744
            ],
            [
              99.560825,
              15.747435
            ],
            [
              99.560511,
              15.747451
            ],
            [
              99.560417,
              15.747469
            ],
            [
              99.560332,
              15.747502
            ],
            [
              99.560214,
              15.747588
            ],
            [
              99.559843,
              15.74789
            ],
            [
              99.559733,
              15.748016
            ],
            [
              99.559655,
              15.748178
            ],
            [
              99.559621,
              15.748274
            ],
            [
              99.559621,
              15.748326
            ],
            [
              99.55965,
              15.748364
            ],
            [
              99.559693,
              15.748374
            ],
            [
              99.559739,
              15.748367
            ],
            [
              99.559787,
              15.748311
            ],
            [
              99.559886,
              15.748125
            ],
            [
              99.559945,
              15.748057
            ],
            [
              99.560007,
              15.747996
            ],
            [
              99.560074,
              15.747946
            ]
          ]
        ]
      }
    },
    {
      "type": "Feature",
      "id": "osm_water_poly_198340173",
      "properties": {
        "osm_id": 198340173,
        "name": "",
        "name_th": "",
        "water": "",
        "natural": "",
        "landuse": "reservoir"
      },
      "geometry": {
        "type": "Polygon",
        "coordinates": [
          [
            [
              99.558787,
              15.749723
            ],
            [
              99.559092,
              15.749612
            ],
            [
              99.559267,
              15.74956
            ],
            [
              99.559355,
              15.74951
            ],
            [
              99.559409,
              15.749449
            ],
            [
              99.559438,
              15.749384
            ],
            [
              99.55946,
              15.749245
            ],
            [
              99.559473,
              15.748623
            ],
            [
              99.559492,
              15.748576
            ],
            [
              99.559538,
              15.748553
            ],
            [
              99.559602,
              15.748551
            ],
            [
              99.559664,
              15.748556
            ],
            [
              99.559706,
              15.748573
            ],
            [
              99.559736,
              15.748612
            ],
            [
              99.55975,
              15.748682
            ],
            [
              99.559752,
              15.748842
            ],
            [
              99.559728,
              15.749268
            ],
            [
              99.559696,
              15.749387
            ],
            [
              99.55965,
              15.749493
            ],
            [
              99.559559,
              15.749619
            ],
            [
              99.559511,
              15.749663
            ],
            [
              99.559417,
              15.74971
            ],
            [
              99.559302,
              15.749769
            ],
            [
              99.558854,
              15.749924
            ],
            [
              99.558736,
              15.749965
            ],
            [
              99.558658,
              15.750012
            ],
            [
              99.558559,
              15.750084
            ],
            [
              99.558492,
              15.750159
            ],
            [
              99.558435,
              15.750254
            ],
            [
              99.558325,
              15.75044
            ],
            [
              99.558272,
              15.750489
            ],
            [
              99.558215,
              15.750505
            ],
            [
              99.558186,
              15.750502
            ],
            [
              99.558162,
              15.7505
            ],
            [
              99.55813,
              15.750469
            ],
            [
              99.558119,
              15.750417
            ],
            [
              99.558119,
              15.750347
            ],
            [
              99.558146,
              15.750236
            ],
            [
              99.558205,
              15.750128
            ],
            [
              99.558261,
              15.750051
            ],
            [
              99.558347,
              15.749973
            ],
            [
              99.558451,
              15.749898
            ],
            [
              99.558537,
              15.749847
            ],
            [
              99.558787,
              15.749723
            ]
          ]
        ]
      }
    },
    {
      "type": "Feature",
      "id": "osm_water_poly_198340174",
      "properties": {
        "osm_id": 198340174,
        "name": "",
        "name_th": "",
        "water": "",
        "natural": "",
        "landuse": "reservoir"
      },
      "geometry": {
        "type": "Polygon",
        "coordinates": [
          [
            [
              99.558323,
              15.750874
            ],
            [
              99.558274,
              15.751204
            ],
            [
              99.558234,
              15.751369
            ],
            [
              99.558197,
              15.751463
            ],
            [
              99.558159,
              15.751512
            ],
            [
              99.558119,
              15.751519
            ],
            [
              99.558084,
              15.751504
            ],
            [
              99.558065,
              15.75146
            ],
            [
              99.557945,
              15.750962
            ],
            [
              99.557931,
              15.750877
            ],
            [
              99.557936,
              15.750817
            ],
            [
              99.557958,
              15.750716
            ],
            [
              99.557982,
              15.750657
            ],
            [
              99.558006,
              15.750631
            ],
            [
              99.558054,
              15.750626
            ],
            [
              99.558153,
              15.750631
            ],
            [
              99.558175,
              15.750636
            ],
            [
              99.558231,
              15.750649
            ],
            [
              99.558282,
              15.750685
            ],
            [
              99.558312,
              15.750737
            ],
            [
              99.55832,
              15.75078
            ],
            [
              99.558323,
              15.750874
            ]
          ]
        ]
      }
    },
    {
      "type": "Feature",
      "id": "osm_water_poly_198341456",
      "properties": {
        "osm_id": 198341456,
        "name": "",
        "name_th": "",
        "water": "",
        "natural": "",
        "landuse": "reservoir"
      },
      "geometry": {
        "type": "Polygon",
        "coordinates": [
          [
            [
              99.561855,
              15.74822
            ],
            [
              99.561716,
              15.748135
            ],
            [
              99.561678,
              15.74813
            ],
            [
              99.561622,
              15.748161
            ],
            [
              99.561592,
              15.748228
            ],
            [
              99.561616,
              15.748292
            ],
            [
              99.561673,
              15.748339
            ],
            [
              99.561828,
              15.748411
            ],
            [
              99.561992,
              15.748442
            ],
            [
              99.562077,
              15.748431
            ],
            [
              99.562161,
              15.748401
            ],
            [
              99.562225,
              15.748352
            ],
            [
              99.562298,
              15.748261
            ],
            [
              99.562469,
              15.747965
            ],
            [
              99.56259,
              15.747828
            ],
            [
              99.562775,
              15.747642
            ],
            [
              99.563008,
              15.747464
            ],
            [
              99.563698,
              15.747084
            ],
            [
              99.563792,
              15.747022
            ],
            [
              99.563829,
              15.746973
            ],
            [
              99.563829,
              15.746916
            ],
            [
              99.563809,
              15.746881
            ],
            [
              99.563792,
              15.746849
            ],
            [
              99.563743,
              15.7468
            ],
            [
              99.563703,
              15.746795
            ],
            [
              99.563658,
              15.746811
            ],
            [
              99.563025,
              15.747175
            ],
            [
              99.562802,
              15.747342
            ],
            [
              99.56267,
              15.747433
            ],
            [
              99.562555,
              15.747539
            ],
            [
              99.56241,
              15.747725
            ],
            [
              99.562123,
              15.748169
            ],
            [
              99.562067,
              15.748215
            ],
            [
              99.562011,
              15.748241
            ],
            [
              99.561952,
              15.748243
            ],
            [
              99.561855,
              15.74822
            ]
          ]
        ]
      }
    },
    {
      "type": "Feature",
      "id": "osm_water_poly_198341457",
      "properties": {
        "osm_id": 198341457,
        "name": "",
        "name_th": "",
        "water": "",
        "natural": "",
        "landuse": "reservoir"
      },
      "geometry": {
        "type": "Polygon",
        "coordinates": [
          [
            [
              99.558572,
              15.749253
            ],
            [
              99.55861,
              15.749465
            ],
            [
              99.558625,
              15.749505
            ],
            [
              99.558655,
              15.749523
            ],
            [
              99.55872,
              15.749529
            ],
            [
              99.558811,
              15.749503
            ],
            [
              99.55917,
              15.749377
            ],
            [
              99.559224,
              15.749351
            ],
            [
              99.559251,
              15.749315
            ],
            [
              99.559261,
              15.749268
            ],
            [
              99.55928,
              15.749031
            ],
            [
              99.559269,
              15.748992
            ],
            [
              99.559243,
              15.748984
            ],
            [
              99.559082,
              15.749015
            ],
            [
              99.558813,
              15.749103
            ],
            [
              99.558685,
              15.749155
            ],
            [
              99.558607,
              15.749193
            ],
            [
              99.558572,
              15.749227
            ],
            [
              99.558572,
              15.749253
            ]
          ]
        ]
      }
    },
    {
      "type": "Feature",
      "id": "osm_water_poly_198341458",
      "properties": {
        "osm_id": 198341458,
        "name": "",
        "name_th": "",
        "water": "",
        "natural": "",
        "landuse": "reservoir"
      },
      "geometry": {
        "type": "Polygon",
        "coordinates": [
          [
            [
              99.564165,
              15.746602
            ],
            [
              99.564014,
              15.746682
            ],
            [
              99.563958,
              15.746738
            ],
            [
              99.563966,
              15.74679
            ],
            [
              99.564003,
              15.74682
            ],
            [
              99.564079,
              15.746823
            ],
            [
              99.564162,
              15.746782
            ],
            [
              99.56435,
              15.746682
            ],
            [
              99.564441,
              15.746614
            ],
            [
              99.564503,
              15.746552
            ],
            [
              99.56458,
              15.74648
            ],
            [
              99.564698,
              15.746434
            ],
            [
              99.564897,
              15.74639
            ],
            [
              99.56506,
              15.746389
            ],
            [
              99.565313,
              15.746403
            ],
            [
              99.565436,
              15.7464
            ],
            [
              99.565543,
              15.746379
            ],
            [
              99.565624,
              15.746356
            ],
            [
              99.565653,
              15.746325
            ],
            [
              99.565658,
              15.746287
            ],
            [
              99.56565,
              15.746245
            ],
            [
              99.565621,
              15.746207
            ],
            [
              99.565586,
              15.746196
            ],
            [
              99.565524,
              15.746196
            ],
            [
              99.565345,
              15.74623
            ],
            [
              99.565283,
              15.74623
            ],
            [
              99.565103,
              15.74623
            ],
            [
              99.564846,
              15.74622
            ],
            [
              99.564757,
              15.746222
            ],
            [
              99.564647,
              15.74625
            ],
            [
              99.564513,
              15.746302
            ],
            [
              99.564422,
              15.746351
            ],
            [
              99.564366,
              15.746421
            ],
            [
              99.564328,
              15.746496
            ],
            [
              99.564293,
              15.746545
            ],
            [
              99.564242,
              15.746571
            ],
            [
              99.564165,
              15.746602
            ]
          ]
        ]
      }
    },
    {
      "type": "Feature",
      "id": "osm_water_poly_198341459",
      "properties": {
        "osm_id": 198341459,
        "name": "",
        "name_th": "",
        "water": "",
        "natural": "",
        "landuse": "reservoir"
      },
      "geometry": {
        "type": "Polygon",
        "coordinates": [
          [
            [
              99.567002,
              15.745187
            ],
            [
              99.566589,
              15.745799
            ],
            [
              99.566506,
              15.745954
            ],
            [
              99.566434,
              15.746065
            ],
            [
              99.566377,
              15.746127
            ],
            [
              99.566297,
              15.746163
            ],
            [
              99.566155,
              15.746209
            ],
            [
              99.565978,
              15.746225
            ],
            [
              99.565908,
              15.746235
            ],
            [
              99.565887,
              15.746274
            ],
            [
              99.565888,
              15.746297
            ],
            [
              99.565889,
              15.74632
            ],
            [
              99.565919,
              15.746372
            ],
            [
              99.565988,
              15.746407
            ],
            [
              99.566055,
              15.74641
            ],
            [
              99.566229,
              15.746407
            ],
            [
              99.566361,
              15.746385
            ],
            [
              99.566482,
              15.746338
            ],
            [
              99.566541,
              15.746299
            ],
            [
              99.566616,
              15.746235
            ],
            [
              99.566632,
              15.746191
            ],
            [
              99.566648,
              15.746101
            ],
            [
              99.566667,
              15.746031
            ],
            [
              99.566702,
              15.745954
            ],
            [
              99.567096,
              15.745386
            ],
            [
              99.567249,
              15.745189
            ],
            [
              99.567421,
              15.744955
            ],
            [
              99.567469,
              15.744864
            ],
            [
              99.567482,
              15.744797
            ],
            [
              99.567464,
              15.744727
            ],
            [
              99.567442,
              15.744678
            ],
            [
              99.567402,
              15.744653
            ],
            [
              99.567367,
              15.744655
            ],
            [
              99.567316,
              15.744673
            ],
            [
              99.567244,
              15.744714
            ],
            [
              99.567182,
              15.744787
            ],
            [
              99.567139,
              15.744893
            ],
            [
              99.567066,
              15.74508
            ],
            [
              99.567002,
              15.745187
            ]
          ]
        ]
      }
    },
    {
      "type": "Feature",
      "id": "osm_water_poly_198341729",
      "properties": {
        "osm_id": 198341729,
        "name": "",
        "name_th": "",
        "water": "",
        "natural": "",
        "landuse": "reservoir"
      },
      "geometry": {
        "type": "Polygon",
        "coordinates": [
          [
            [
              99.555804,
              15.752165
            ],
            [
              99.555901,
              15.751604
            ],
            [
              99.555919,
              15.751548
            ],
            [
              99.555941,
              15.751519
            ],
            [
              99.555984,
              15.751506
            ],
            [
              99.556067,
              15.751506
            ],
            [
              99.556093,
              15.751516
            ],
            [
              99.556123,
              15.751552
            ],
            [
              99.556131,
              15.751604
            ],
            [
              99.55608,
              15.752019
            ],
            [
              99.555973,
              15.752704
            ],
            [
              99.555943,
              15.752766
            ],
            [
              99.555858,
              15.752815
            ],
            [
              99.555592,
              15.752918
            ],
            [
              99.555541,
              15.752921
            ],
            [
              99.555525,
              15.752893
            ],
            [
              99.555517,
              15.752854
            ],
            [
              99.555533,
              15.752823
            ],
            [
              99.555587,
              15.752792
            ],
            [
              99.555659,
              15.752756
            ],
            [
              99.555699,
              15.75272
            ],
            [
              99.555726,
              15.752681
            ],
            [
              99.555745,
              15.752601
            ],
            [
              99.555804,
              15.752165
            ]
          ]
        ]
      }
    },
    {
      "type": "Feature",
      "id": "osm_water_poly_198480351",
      "properties": {
        "osm_id": 198480351,
        "name": "",
        "name_th": "",
        "water": "",
        "natural": "",
        "landuse": "reservoir"
      },
      "geometry": {
        "type": "Polygon",
        "coordinates": [
          [
            [
              99.593741,
              15.765265
            ],
            [
              99.594205,
              15.765849
            ],
            [
              99.594334,
              15.766037
            ],
            [
              99.594366,
              15.766107
            ],
            [
              99.594388,
              15.766194
            ],
            [
              99.594393,
              15.766277
            ],
            [
              99.59438,
              15.766367
            ],
            [
              99.594345,
              15.766442
            ],
            [
              99.594283,
              15.766553
            ],
            [
              99.594146,
              15.766832
            ],
            [
              99.594093,
              15.766941
            ],
            [
              99.59406,
              15.766982
            ],
            [
              99.59402,
              15.766984
            ],
            [
              99.5939,
              15.766941
            ],
            [
              99.593872,
              15.766926
            ],
            [
              99.593798,
              15.766886
            ],
            [
              99.59376,
              15.76685
            ],
            [
              99.593757,
              15.766807
            ],
            [
              99.593787,
              15.766727
            ],
            [
              99.593945,
              15.766432
            ],
            [
              99.593998,
              15.766329
            ],
            [
              99.594007,
              15.766275
            ],
            [
              99.593993,
              15.766194
            ],
            [
              99.593929,
              15.766109
            ],
            [
              99.593424,
              15.76549
            ],
            [
              99.593328,
              15.765332
            ],
            [
              99.59332,
              15.765289
            ],
            [
              99.593333,
              15.76525
            ],
            [
              99.593436,
              15.765157
            ],
            [
              99.593545,
              15.765082
            ],
            [
              99.593577,
              15.765077
            ],
            [
              99.593631,
              15.7651
            ],
            [
              99.593688,
              15.765172
            ],
            [
              99.593741,
              15.765265
            ]
          ]
        ]
      }
    },
    {
      "type": "Feature",
      "id": "osm_water_poly_198480356",
      "properties": {
        "osm_id": 198480356,
        "name": "",
        "name_th": "",
        "water": "",
        "natural": "",
        "landuse": "reservoir"
      },
      "geometry": {
        "type": "Polygon",
        "coordinates": [
          [
            [
              99.592607,
              15.763647
            ],
            [
              99.592709,
              15.763894
            ],
            [
              99.592877,
              15.764166
            ],
            [
              99.59302,
              15.764359
            ],
            [
              99.593186,
              15.76455
            ],
            [
              99.593406,
              15.764837
            ],
            [
              99.593433,
              15.764886
            ],
            [
              99.59343,
              15.76493
            ],
            [
              99.593403,
              15.764986
            ],
            [
              99.593355,
              15.765026
            ],
            [
              99.593331,
              15.765046
            ],
            [
              99.593242,
              15.765072
            ],
            [
              99.593191,
              15.765054
            ],
            [
              99.593111,
              15.765004
            ],
            [
              99.593052,
              15.764932
            ],
            [
              99.592714,
              15.764514
            ],
            [
              99.592462,
              15.764117
            ],
            [
              99.592381,
              15.763951
            ],
            [
              99.592253,
              15.763667
            ],
            [
              99.592108,
              15.76342
            ],
            [
              99.591971,
              15.763257
            ],
            [
              99.591893,
              15.763182
            ],
            [
              99.591869,
              15.763141
            ],
            [
              99.591877,
              15.763094
            ],
            [
              99.591925,
              15.763038
            ],
            [
              99.591963,
              15.763007
            ],
            [
              99.592043,
              15.76294
            ],
            [
              99.592094,
              15.762919
            ],
            [
              99.592148,
              15.762932
            ],
            [
              99.592218,
              15.762991
            ],
            [
              99.592389,
              15.76318
            ],
            [
              99.592473,
              15.763314
            ],
            [
              99.592534,
              15.76346
            ],
            [
              99.592607,
              15.763647
            ]
          ]
        ]
      }
    },
    {
      "type": "Feature",
      "id": "osm_water_poly_198480358",
      "properties": {
        "osm_id": 198480358,
        "name": "",
        "name_th": "",
        "water": "",
        "natural": "",
        "landuse": "reservoir"
      },
      "geometry": {
        "type": "Polygon",
        "coordinates": [
          [
            [
              99.593621,
              15.767026
            ],
            [
              99.593818,
              15.767099
            ],
            [
              99.594009,
              15.76717
            ],
            [
              99.594025,
              15.767191
            ],
            [
              99.594028,
              15.767255
            ],
            [
              99.593993,
              15.767359
            ],
            [
              99.593516,
              15.768507
            ],
            [
              99.59332,
              15.768967
            ],
            [
              99.593293,
              15.769081
            ],
            [
              99.593266,
              15.76922
            ],
            [
              99.593277,
              15.769362
            ],
            [
              99.593301,
              15.769545
            ],
            [
              99.593352,
              15.769731
            ],
            [
              99.593157,
              15.769749
            ],
            [
              99.593022,
              15.769762
            ],
            [
              99.592955,
              15.769584
            ],
            [
              99.592923,
              15.769447
            ],
            [
              99.592912,
              15.769274
            ],
            [
              99.592912,
              15.769114
            ],
            [
              99.592942,
              15.768998
            ],
            [
              99.593218,
              15.76811
            ],
            [
              99.593414,
              15.767467
            ],
            [
              99.593486,
              15.767292
            ],
            [
              99.593553,
              15.767171
            ],
            [
              99.593621,
              15.767026
            ]
          ]
        ]
      }
    },
    {
      "type": "Feature",
      "id": "osm_water_poly_198480448",
      "properties": {
        "osm_id": 198480448,
        "name": "",
        "name_th": "",
        "water": "",
        "natural": "",
        "landuse": "reservoir"
      },
      "geometry": {
        "type": "Polygon",
        "coordinates": [
          [
            [
              99.591644,
              15.762717
            ],
            [
              99.5917,
              15.762689
            ],
            [
              99.59173,
              15.762689
            ],
            [
              99.59181,
              15.762756
            ],
            [
              99.591866,
              15.762826
            ],
            [
              99.591874,
              15.762878
            ],
            [
              99.591854,
              15.762903
            ],
            [
              99.591837,
              15.762924
            ],
            [
              99.591789,
              15.762942
            ],
            [
              99.59174,
              15.762927
            ],
            [
              99.591673,
              15.76287
            ],
            [
              99.591633,
              15.762803
            ],
            [
              99.591619,
              15.762762
            ],
            [
              99.591644,
              15.762717
            ]
          ]
        ]
      }
    },
    {
      "type": "Feature",
      "id": "osm_water_poly_198480759",
      "properties": {
        "osm_id": 198480759,
        "name": "",
        "name_th": "",
        "water": "",
        "natural": "",
        "landuse": "reservoir"
      },
      "geometry": {
        "type": "Polygon",
        "coordinates": [
          [
            [
              99.593004,
              15.770144
            ],
            [
              99.592996,
              15.770531
            ],
            [
              99.592979,
              15.77066
            ],
            [
              99.592939,
              15.770985
            ],
            [
              99.59295,
              15.771205
            ],
            [
              99.592977,
              15.7713
            ],
            [
              99.593028,
              15.771422
            ],
            [
              99.593068,
              15.771486
            ],
            [
              99.593172,
              15.77161
            ],
            [
              99.593221,
              15.771626
            ],
            [
              99.593277,
              15.771623
            ],
            [
              99.593344,
              15.771587
            ],
            [
              99.593462,
              15.77151
            ],
            [
              99.593491,
              15.771476
            ],
            [
              99.593505,
              15.771443
            ],
            [
              99.593481,
              15.771396
            ],
            [
              99.593414,
              15.771336
            ],
            [
              99.593366,
              15.771269
            ],
            [
              99.593333,
              15.771207
            ],
            [
              99.593317,
              15.771117
            ],
            [
              99.593323,
              15.770978
            ],
            [
              99.593371,
              15.770624
            ],
            [
              99.593409,
              15.77035
            ],
            [
              99.593403,
              15.770167
            ],
            [
              99.593393,
              15.769986
            ],
            [
              99.593384,
              15.769937
            ],
            [
              99.59335,
              15.769913
            ],
            [
              99.593167,
              15.769922
            ],
            [
              99.593119,
              15.769924
            ],
            [
              99.593055,
              15.76993
            ],
            [
              99.593014,
              15.769963
            ],
            [
              99.592997,
              15.770026
            ],
            [
              99.593004,
              15.770144
            ]
          ]
        ]
      }
    },
    {
      "type": "Feature",
      "id": "osm_water_poly_198481886",
      "properties": {
        "osm_id": 198481886,
        "name": "",
        "name_th": "",
        "water": "",
        "natural": "",
        "landuse": "reservoir"
      },
      "geometry": {
        "type": "Polygon",
        "coordinates": [
          [
            [
              99.567956,
              15.74449
            ],
            [
              99.568093,
              15.744452
            ],
            [
              99.568196,
              15.744412
            ],
            [
              99.568285,
              15.744379
            ],
            [
              99.568343,
              15.744335
            ],
            [
              99.5684,
              15.74426
            ],
            [
              99.568483,
              15.744147
            ],
            [
              99.56867,
              15.743827
            ],
            [
              99.568805,
              15.743648
            ],
            [
              99.568845,
              15.74362
            ],
            [
              99.56889,
              15.74361
            ],
            [
              99.568936,
              15.74363
            ],
            [
              99.56896,
              15.743669
            ],
            [
              99.568971,
              15.743723
            ],
            [
              99.568947,
              15.743793
            ],
            [
              99.568856,
              15.743891
            ],
            [
              99.568451,
              15.744472
            ],
            [
              99.568376,
              15.744559
            ],
            [
              99.568262,
              15.744607
            ],
            [
              99.568114,
              15.744646
            ],
            [
              99.567961,
              15.744682
            ],
            [
              99.567831,
              15.744716
            ],
            [
              99.56774,
              15.744739
            ],
            [
              99.5677,
              15.74473
            ],
            [
              99.567665,
              15.744673
            ],
            [
              99.567656,
              15.744611
            ],
            [
              99.567681,
              15.744565
            ],
            [
              99.567747,
              15.744542
            ],
            [
              99.56783,
              15.744517
            ],
            [
              99.567956,
              15.74449
            ]
          ]
        ]
      }
    },
    {
      "type": "Feature",
      "id": "osm_water_poly_198481889",
      "properties": {
        "osm_id": 198481889,
        "name": "",
        "name_th": "",
        "water": "",
        "natural": "",
        "landuse": "reservoir"
      },
      "geometry": {
        "type": "Polygon",
        "coordinates": [
          [
            [
              99.570728,
              15.743034
            ],
            [
              99.571436,
              15.742667
            ],
            [
              99.57168,
              15.742572
            ],
            [
              99.571964,
              15.742469
            ],
            [
              99.572034,
              15.74245
            ],
            [
              99.572066,
              15.742456
            ],
            [
              99.572088,
              15.742502
            ],
            [
              99.572104,
              15.742577
            ],
            [
              99.572101,
              15.742631
            ],
            [
              99.572058,
              15.742657
            ],
            [
              99.571433,
              15.742879
            ],
            [
              99.5712,
              15.742985
            ],
            [
              99.570884,
              15.743173
            ],
            [
              99.570803,
              15.743204
            ],
            [
              99.57076,
              15.743194
            ],
            [
              99.570709,
              15.743142
            ],
            [
              99.57069,
              15.743096
            ],
            [
              99.57069,
              15.74306
            ],
            [
              99.570728,
              15.743034
            ]
          ]
        ]
      }
    },
    {
      "type": "Feature",
      "id": "osm_water_poly_198481891",
      "properties": {
        "osm_id": 198481891,
        "name": "",
        "name_th": "",
        "water": "",
        "natural": "",
        "landuse": "reservoir"
      },
      "geometry": {
        "type": "Polygon",
        "coordinates": [
          [
            [
              99.569014,
              15.743455
            ],
            [
              99.569079,
              15.743424
            ],
            [
              99.569153,
              15.743414
            ],
            [
              99.56929,
              15.743405
            ],
            [
              99.569397,
              15.743424
            ],
            [
              99.569513,
              15.743444
            ],
            [
              99.569601,
              15.743452
            ],
            [
              99.569679,
              15.743434
            ],
            [
              99.569768,
              15.7434
            ],
            [
              99.570108,
              15.743248
            ],
            [
              99.570326,
              15.743163
            ],
            [
              99.570433,
              15.743132
            ],
            [
              99.5705,
              15.743135
            ],
            [
              99.57054,
              15.743168
            ],
            [
              99.570546,
              15.743192
            ],
            [
              99.570556,
              15.743235
            ],
            [
              99.570546,
              15.743276
            ],
            [
              99.5705,
              15.743297
            ],
            [
              99.569816,
              15.743591
            ],
            [
              99.569746,
              15.743604
            ],
            [
              99.569642,
              15.743615
            ],
            [
              99.569534,
              15.743597
            ],
            [
              99.569373,
              15.743548
            ],
            [
              99.56921,
              15.743532
            ],
            [
              99.569119,
              15.743555
            ],
            [
              99.569065,
              15.743576
            ],
            [
              99.569019,
              15.743576
            ],
            [
              99.568971,
              15.743553
            ],
            [
              99.568952,
              15.743517
            ],
            [
              99.568957,
              15.743483
            ],
            [
              99.568977,
              15.74346
            ],
            [
              99.569014,
              15.743455
            ]
          ]
        ]
      }
    },
    {
      "type": "Feature",
      "id": "osm_water_poly_237216435",
      "properties": {
        "osm_id": 237216435,
        "name": "",
        "name_th": "",
        "water": "",
        "natural": "water",
        "landuse": ""
      },
      "geometry": {
        "type": "Polygon",
        "coordinates": [
          [
            [
              99.52825,
              15.471521
            ],
            [
              99.528434,
              15.471929
            ],
            [
              99.527986,
              15.472116
            ],
            [
              99.527802,
              15.471708
            ],
            [
              99.52825,
              15.471521
            ]
          ]
        ]
      }
    },
    {
      "type": "Feature",
      "id": "osm_water_poly_237216765",
      "properties": {
        "osm_id": 237216765,
        "name": "",
        "name_th": "",
        "water": "",
        "natural": "water",
        "landuse": ""
      },
      "geometry": {
        "type": "Polygon",
        "coordinates": [
          [
            [
              99.530366,
              15.480094
            ],
            [
              99.531004,
              15.480068
            ],
            [
              99.531074,
              15.480125
            ],
            [
              99.531117,
              15.480823
            ],
            [
              99.531069,
              15.480906
            ],
            [
              99.530446,
              15.48118
            ],
            [
              99.53006,
              15.481304
            ],
            [
              99.529642,
              15.481444
            ],
            [
              99.529593,
              15.481418
            ],
            [
              99.529572,
              15.481387
            ],
            [
              99.529596,
              15.481341
            ],
            [
              99.530409,
              15.48103
            ],
            [
              99.53043,
              15.480999
            ],
            [
              99.53028,
              15.480213
            ],
            [
              99.530286,
              15.480162
            ],
            [
              99.53031,
              15.480121
            ],
            [
              99.530366,
              15.480094
            ]
          ]
        ]
      }
    },
    {
      "type": "Feature",
      "id": "osm_water_poly_252710763",
      "properties": {
        "osm_id": 252710763,
        "name": "",
        "name_th": "",
        "water": "",
        "natural": "water",
        "landuse": ""
      },
      "geometry": {
        "type": "Polygon",
        "coordinates": [
          [
            [
              99.710439,
              15.540823
            ],
            [
              99.711205,
              15.540607
            ],
            [
              99.711324,
              15.541154
            ],
            [
              99.710444,
              15.541368
            ],
            [
              99.710439,
              15.540823
            ]
          ]
        ]
      }
    },
    {
      "type": "Feature",
      "id": "osm_water_poly_252710902",
      "properties": {
        "osm_id": 252710902,
        "name": "",
        "name_th": "",
        "water": "",
        "natural": "water",
        "landuse": ""
      },
      "geometry": {
        "type": "Polygon",
        "coordinates": [
          [
            [
              99.711399,
              15.490703
            ],
            [
              99.711641,
              15.491936
            ],
            [
              99.712643,
              15.491807
            ],
            [
              99.712689,
              15.491943
            ],
            [
              99.712231,
              15.492047
            ],
            [
              99.712284,
              15.4923
            ],
            [
              99.712268,
              15.492349
            ],
            [
              99.712225,
              15.492393
            ],
            [
              99.711842,
              15.49269
            ],
            [
              99.711536,
              15.492652
            ],
            [
              99.711359,
              15.49275
            ],
            [
              99.711348,
              15.492781
            ],
            [
              99.711367,
              15.492827
            ],
            [
              99.711547,
              15.493305
            ],
            [
              99.71159,
              15.49333
            ],
            [
              99.711634,
              15.493322
            ],
            [
              99.712504,
              15.492703
            ],
            [
              99.712538,
              15.492637
            ],
            [
              99.712611,
              15.492198
            ],
            [
              99.712762,
              15.49215
            ],
            [
              99.712982,
              15.492796
            ],
            [
              99.711544,
              15.494495
            ],
            [
              99.710745,
              15.494192
            ],
            [
              99.710812,
              15.49169
            ],
            [
              99.710482,
              15.490793
            ],
            [
              99.710329,
              15.490685
            ],
            [
              99.71042,
              15.490178
            ],
            [
              99.710956,
              15.490145
            ],
            [
              99.711016,
              15.490142
            ],
            [
              99.71108,
              15.490646
            ],
            [
              99.711399,
              15.490703
            ]
          ]
        ]
      }
    },
    {
      "type": "Feature",
      "id": "osm_water_poly_252711217",
      "properties": {
        "osm_id": 252711217,
        "name": "",
        "name_th": "",
        "water": "",
        "natural": "water",
        "landuse": ""
      },
      "geometry": {
        "type": "Polygon",
        "coordinates": [
          [
            [
              99.700745,
              15.493254
            ],
            [
              99.700838,
              15.493524
            ],
            [
              99.700898,
              15.49351
            ],
            [
              99.700944,
              15.493654
            ],
            [
              99.700775,
              15.493704
            ],
            [
              99.700643,
              15.4933
            ],
            [
              99.700745,
              15.493254
            ]
          ]
        ]
      }
    },
    {
      "type": "Feature",
      "id": "osm_water_poly_253134661",
      "properties": {
        "osm_id": 253134661,
        "name": "",
        "name_th": "",
        "water": "",
        "natural": "",
        "landuse": "reservoir"
      },
      "geometry": {
        "type": "Polygon",
        "coordinates": [
          [
            [
              99.925514,
              15.619224
            ],
            [
              99.926491,
              15.619493
            ],
            [
              99.926855,
              15.619627
            ],
            [
              99.927145,
              15.619927
            ],
            [
              99.9274,
              15.620395
            ],
            [
              99.927606,
              15.620743
            ],
            [
              99.927754,
              15.620973
            ],
            [
              99.927885,
              15.62097
            ],
            [
              99.927775,
              15.620519
            ],
            [
              99.927915,
              15.62024
            ],
            [
              99.92814,
              15.619827
            ],
            [
              99.928057,
              15.619297
            ],
            [
              99.927971,
              15.618842
            ],
            [
              99.927078,
              15.617657
            ],
            [
              99.926576,
              15.617664
            ],
            [
              99.92634,
              15.61786
            ],
            [
              99.926147,
              15.618046
            ],
            [
              99.925954,
              15.618036
            ],
            [
              99.925632,
              15.617984
            ],
            [
              99.925568,
              15.61877
            ],
            [
              99.925514,
              15.619224
            ]
          ]
        ]
      }
    },
    {
      "type": "Feature",
      "id": "osm_water_poly_253134853",
      "properties": {
        "osm_id": 253134853,
        "name": "",
        "name_th": "",
        "water": "",
        "natural": "water",
        "landuse": ""
      },
      "geometry": {
        "type": "Polygon",
        "coordinates": [
          [
            [
              99.920203,
              15.58933
            ],
            [
              99.91941,
              15.590094
            ],
            [
              99.9193,
              15.590335
            ],
            [
              99.919149,
              15.59078
            ],
            [
              99.917951,
              15.595354
            ],
            [
              99.917972,
              15.59554
            ],
            [
              99.918345,
              15.596877
            ],
            [
              99.918347,
              15.597059
            ],
            [
              99.918326,
              15.597256
            ],
            [
              99.918101,
              15.598031
            ],
            [
              99.918187,
              15.598093
            ],
            [
              99.918559,
              15.597951
            ],
            [
              99.919002,
              15.5977
            ],
            [
              99.919034,
              15.597338
            ],
            [
              99.919268,
              15.597331
            ],
            [
              99.919313,
              15.597452
            ],
            [
              99.919493,
              15.597435
            ],
            [
              99.919624,
              15.597338
            ],
            [
              99.919624,
              15.59709
            ],
            [
              99.919506,
              15.596832
            ],
            [
              99.91927,
              15.596729
            ],
            [
              99.919152,
              15.596615
            ],
            [
              99.919128,
              15.596484
            ],
            [
              99.919249,
              15.596264
            ],
            [
              99.919396,
              15.59605
            ],
            [
              99.919613,
              15.595385
            ],
            [
              99.919925,
              15.595179
            ],
            [
              99.920265,
              15.594779
            ],
            [
              99.920504,
              15.594207
            ],
            [
              99.920676,
              15.593525
            ],
            [
              99.920791,
              15.592867
            ],
            [
              99.920941,
              15.592526
            ],
            [
              99.921169,
              15.592099
            ],
            [
              99.921478,
              15.59173
            ],
            [
              99.921866,
              15.591334
            ],
            [
              99.921974,
              15.591066
            ],
            [
              99.921738,
              15.590787
            ],
            [
              99.921373,
              15.590291
            ],
            [
              99.92104,
              15.590332
            ],
            [
              99.920877,
              15.590242
            ],
            [
              99.920898,
              15.58987
            ],
            [
              99.920922,
              15.589629
            ],
            [
              99.920611,
              15.589423
            ],
            [
              99.92045,
              15.589361
            ],
            [
              99.920203,
              15.58933
            ]
          ]
        ]
      }
    },
    {
      "type": "Feature",
      "id": "osm_water_poly_253134984",
      "properties": {
        "osm_id": 253134984,
        "name": "",
        "name_th": "",
        "water": "",
        "natural": "water",
        "landuse": ""
      },
      "geometry": {
        "type": "Polygon",
        "coordinates": [
          [
            [
              99.932107,
              15.551581
            ],
            [
              99.932738,
              15.553367
            ],
            [
              99.933014,
              15.553291
            ],
            [
              99.933379,
              15.553276
            ],
            [
              99.933942,
              15.553265
            ],
            [
              99.934146,
              15.55326
            ],
            [
              99.934317,
              15.553178
            ],
            [
              99.934457,
              15.553048
            ],
            [
              99.93458,
              15.552873
            ],
            [
              99.934623,
              15.552718
            ],
            [
              99.934596,
              15.552475
            ],
            [
              99.934553,
              15.552268
            ],
            [
              99.934757,
              15.551901
            ],
            [
              99.934677,
              15.55187
            ],
            [
              99.934607,
              15.551803
            ],
            [
              99.934473,
              15.551519
            ],
            [
              99.934398,
              15.551452
            ],
            [
              99.934269,
              15.551415
            ],
            [
              99.93421,
              15.551327
            ],
            [
              99.934119,
              15.551229
            ],
            [
              99.933995,
              15.551152
            ],
            [
              99.933781,
              15.551126
            ],
            [
              99.933647,
              15.551079
            ],
            [
              99.933566,
              15.551002
            ],
            [
              99.933539,
              15.550816
            ],
            [
              99.933577,
              15.550578
            ],
            [
              99.933513,
              15.550516
            ],
            [
              99.933357,
              15.550521
            ],
            [
              99.933236,
              15.550607
            ],
            [
              99.933097,
              15.550829
            ],
            [
              99.933006,
              15.551108
            ],
            [
              99.93292,
              15.551232
            ],
            [
              99.932778,
              15.551333
            ],
            [
              99.932515,
              15.551426
            ],
            [
              99.932357,
              15.551444
            ],
            [
              99.932225,
              15.551307
            ],
            [
              99.93215,
              15.551431
            ],
            [
              99.932107,
              15.551581
            ]
          ]
        ]
      }
    },
    {
      "type": "Feature",
      "id": "osm_water_poly_253135293",
      "properties": {
        "osm_id": 253135293,
        "name": "",
        "name_th": "",
        "water": "",
        "natural": "water",
        "landuse": ""
      },
      "geometry": {
        "type": "Polygon",
        "coordinates": [
          [
            [
              99.924956,
              15.555989
            ],
            [
              99.925118,
              15.556043
            ],
            [
              99.925276,
              15.556054
            ],
            [
              99.925412,
              15.556263
            ],
            [
              99.925252,
              15.556309
            ],
            [
              99.925071,
              15.556299
            ],
            [
              99.924919,
              15.556252
            ],
            [
              99.924785,
              15.556165
            ],
            [
              99.924956,
              15.555989
            ]
          ]
        ]
      }
    },
    {
      "type": "Feature",
      "id": "osm_water_poly_253135294",
      "properties": {
        "osm_id": 253135294,
        "name": "",
        "name_th": "",
        "water": "",
        "natural": "water",
        "landuse": ""
      },
      "geometry": {
        "type": "Polygon",
        "coordinates": [
          [
            [
              99.924667,
              15.555131
            ],
            [
              99.92482,
              15.555279
            ],
            [
              99.924758,
              15.555364
            ],
            [
              99.924726,
              15.555498
            ],
            [
              99.924726,
              15.555658
            ],
            [
              99.924785,
              15.555808
            ],
            [
              99.924586,
              15.555948
            ],
            [
              99.924493,
              15.555753
            ],
            [
              99.924484,
              15.555488
            ],
            [
              99.924525,
              15.55528
            ],
            [
              99.924667,
              15.555131
            ]
          ]
        ]
      }
    },
    {
      "type": "Feature",
      "id": "osm_water_poly_253135325",
      "properties": {
        "osm_id": 253135325,
        "name": "",
        "name_th": "",
        "water": "",
        "natural": "water",
        "landuse": ""
      },
      "geometry": {
        "type": "Polygon",
        "coordinates": [
          [
            [
              99.927523,
              15.555171
            ],
            [
              99.927851,
              15.555424
            ],
            [
              99.927344,
              15.556082
            ],
            [
              99.927279,
              15.556082
            ],
            [
              99.926872,
              15.555746
            ],
            [
              99.926861,
              15.555705
            ],
            [
              99.927523,
              15.555171
            ]
          ]
        ]
      }
    },
    {
      "type": "Feature",
      "id": "osm_water_poly_253135326",
      "properties": {
        "osm_id": 253135326,
        "name": "",
        "name_th": "",
        "water": "",
        "natural": "water",
        "landuse": ""
      },
      "geometry": {
        "type": "Polygon",
        "coordinates": [
          [
            [
              99.92937,
              15.553783
            ],
            [
              99.929511,
              15.554046
            ],
            [
              99.929055,
              15.554216
            ],
            [
              99.92898,
              15.554309
            ],
            [
              99.928872,
              15.554382
            ],
            [
              99.928763,
              15.554416
            ],
            [
              99.928663,
              15.554397
            ],
            [
              99.928551,
              15.554289
            ],
            [
              99.92854,
              15.554165
            ],
            [
              99.928545,
              15.554056
            ],
            [
              99.928594,
              15.553994
            ],
            [
              99.928695,
              15.553942
            ],
            [
              99.928824,
              15.553937
            ],
            [
              99.92937,
              15.553783
            ]
          ]
        ]
      }
    },
    {
      "type": "Feature",
      "id": "osm_water_poly_253135505",
      "properties": {
        "osm_id": 253135505,
        "name": "",
        "name_th": "",
        "water": "",
        "natural": "water",
        "landuse": ""
      },
      "geometry": {
        "type": "Polygon",
        "coordinates": [
          [
            [
              99.924806,
              15.554599
            ],
            [
              99.924946,
              15.554728
            ],
            [
              99.925018,
              15.554615
            ],
            [
              99.925064,
              15.554443
            ],
            [
              99.925061,
              15.554287
            ],
            [
              99.925008,
              15.554142
            ],
            [
              99.924932,
              15.554008
            ],
            [
              99.924783,
              15.553911
            ],
            [
              99.924629,
              15.553872
            ],
            [
              99.92442,
              15.55388
            ],
            [
              99.924506,
              15.554046
            ],
            [
              99.924727,
              15.554075
            ],
            [
              99.924868,
              15.554232
            ],
            [
              99.92491,
              15.554417
            ],
            [
              99.924806,
              15.554599
            ]
          ]
        ]
      }
    },
    {
      "type": "Feature",
      "id": "osm_water_poly_253136109",
      "properties": {
        "osm_id": 253136109,
        "name": "",
        "name_th": "",
        "water": "",
        "natural": "water",
        "landuse": ""
      },
      "geometry": {
        "type": "Polygon",
        "coordinates": [
          [
            [
              99.885029,
              15.700474
            ],
            [
              99.885638,
              15.701758
            ],
            [
              99.885115,
              15.701843
            ],
            [
              99.884541,
              15.700676
            ],
            [
              99.885029,
              15.700474
            ]
          ]
        ]
      }
    },
    {
      "type": "Feature",
      "id": "osm_water_poly_255633243",
      "properties": {
        "osm_id": 255633243,
        "name": "",
        "name_th": "",
        "water": "",
        "natural": "water",
        "landuse": ""
      },
      "geometry": {
        "type": "Polygon",
        "coordinates": [
          [
            [
              99.603284,
              15.585868
            ],
            [
              99.604636,
              15.585744
            ],
            [
              99.6047,
              15.583894
            ],
            [
              99.603091,
              15.584762
            ],
            [
              99.603284,
              15.585868
            ]
          ]
        ]
      }
    },
    {
      "type": "Feature",
      "id": "osm_water_poly_374294706",
      "properties": {
        "osm_id": 374294706,
        "name": "",
        "name_th": "",
        "water": "pond",
        "natural": "water",
        "landuse": ""
      },
      "geometry": {
        "type": "Polygon",
        "coordinates": [
          [
            [
              99.446704,
              15.672624
            ],
            [
              99.446839,
              15.672223
            ],
            [
              99.446996,
              15.671952
            ],
            [
              99.44707,
              15.671794
            ],
            [
              99.447048,
              15.671685
            ],
            [
              99.446982,
              15.671643
            ],
            [
              99.446587,
              15.671632
            ],
            [
              99.445681,
              15.671428
            ],
            [
              99.445608,
              15.671474
            ],
            [
              99.44548,
              15.672019
            ],
            [
              99.44548,
              15.672251
            ],
            [
              99.445571,
              15.672378
            ],
            [
              99.446704,
              15.672624
            ]
          ]
        ]
      }
    },
    {
      "type": "Feature",
      "id": "osm_water_poly_374294707",
      "properties": {
        "osm_id": 374294707,
        "name": "",
        "name_th": "",
        "water": "pond",
        "natural": "water",
        "landuse": ""
      },
      "geometry": {
        "type": "Polygon",
        "coordinates": [
          [
            [
              99.447616,
              15.672823
            ],
            [
              99.448329,
              15.672285
            ],
            [
              99.448784,
              15.671798
            ],
            [
              99.44926,
              15.671763
            ],
            [
              99.449658,
              15.67034
            ],
            [
              99.448397,
              15.670185
            ],
            [
              99.448087,
              15.670867
            ],
            [
              99.447745,
              15.671763
            ],
            [
              99.447296,
              15.671743
            ],
            [
              99.446986,
              15.67224
            ],
            [
              99.446918,
              15.672489
            ],
            [
              99.446903,
              15.672738
            ],
            [
              99.447616,
              15.672823
            ]
          ]
        ]
      }
    },
    {
      "type": "Feature",
      "id": "osm_water_poly_374294708",
      "properties": {
        "osm_id": 374294708,
        "name": "",
        "name_th": "",
        "water": "pond",
        "natural": "water",
        "landuse": ""
      },
      "geometry": {
        "type": "Polygon",
        "coordinates": [
          [
            [
              99.444065,
              15.67229
            ],
            [
              99.44419,
              15.672065
            ],
            [
              99.44435,
              15.671002
            ],
            [
              99.444029,
              15.670904
            ],
            [
              99.442486,
              15.670904
            ],
            [
              99.442399,
              15.670735
            ],
            [
              99.442417,
              15.670312
            ],
            [
              99.442114,
              15.670175
            ],
            [
              99.442052,
              15.670133
            ],
            [
              99.441989,
              15.6702
            ],
            [
              99.442154,
              15.670464
            ],
            [
              99.442274,
              15.671305
            ],
            [
              99.442998,
              15.671724
            ],
            [
              99.44317,
              15.671664
            ],
            [
              99.443422,
              15.671706
            ],
            [
              99.443513,
              15.671833
            ],
            [
              99.443579,
              15.67197
            ],
            [
              99.443652,
              15.672121
            ],
            [
              99.444065,
              15.67229
            ]
          ]
        ]
      }
    },
    {
      "type": "Feature",
      "id": "osm_water_poly_374294709",
      "properties": {
        "osm_id": 374294709,
        "name": "",
        "name_th": "",
        "water": "pond",
        "natural": "water",
        "landuse": ""
      },
      "geometry": {
        "type": "Polygon",
        "coordinates": [
          [
            [
              99.445169,
              15.672617
            ],
            [
              99.445429,
              15.671305
            ],
            [
              99.444478,
              15.671133
            ],
            [
              99.444391,
              15.67185
            ],
            [
              99.444464,
              15.672441
            ],
            [
              99.445169,
              15.672617
            ]
          ]
        ]
      }
    },
    {
      "type": "Feature",
      "id": "osm_water_poly_374294712",
      "properties": {
        "osm_id": 374294712,
        "name": "",
        "name_th": "",
        "water": "pond",
        "natural": "water",
        "landuse": ""
      },
      "geometry": {
        "type": "Polygon",
        "coordinates": [
          [
            [
              99.450051,
              15.671827
            ],
            [
              99.450511,
              15.670434
            ],
            [
              99.450412,
              15.67031
            ],
            [
              99.449927,
              15.67021
            ],
            [
              99.449648,
              15.670892
            ],
            [
              99.449529,
              15.671499
            ],
            [
              99.449617,
              15.671703
            ],
            [
              99.449756,
              15.671798
            ],
            [
              99.44989,
              15.671832
            ],
            [
              99.450051,
              15.671827
            ]
          ]
        ]
      }
    },
    {
      "type": "Feature",
      "id": "osm_water_poly_374294730",
      "properties": {
        "osm_id": 374294730,
        "name": "",
        "name_th": "",
        "water": "",
        "natural": "water",
        "landuse": "reservoir"
      },
      "geometry": {
        "type": "Polygon",
        "coordinates": [
          [
            [
              99.494131,
              15.682659
            ],
            [
              99.493325,
              15.681758
            ],
            [
              99.478725,
              15.665332
            ],
            [
              99.478541,
              15.66522
            ],
            [
              99.477981,
              15.665369
            ],
            [
              99.477588,
              15.665833
            ],
            [
              99.476826,
              15.665952
            ],
            [
              99.476422,
              15.665927
            ],
            [
              99.476148,
              15.665736
            ],
            [
              99.475848,
              15.665546
            ],
            [
              99.475523,
              15.66533
            ],
            [
              99.47529,
              15.665333
            ],
            [
              99.475045,
              15.665744
            ],
            [
              99.47453,
              15.666073
            ],
            [
              99.47444,
              15.666359
            ],
            [
              99.474338,
              15.667216
            ],
            [
              99.474005,
              15.667694
            ],
            [
              99.473199,
              15.667852
            ],
            [
              99.472665,
              15.667845
            ],
            [
              99.471998,
              15.667744
            ],
            [
              99.47174,
              15.667408
            ],
            [
              99.471428,
              15.666928
            ],
            [
              99.471058,
              15.665404
            ],
            [
              99.47095,
              15.664711
            ],
            [
              99.470433,
              15.664968
            ],
            [
              99.470066,
              15.665252
            ],
            [
              99.469812,
              15.665494
            ],
            [
              99.469618,
              15.665826
            ],
            [
              99.469301,
              15.666059
            ],
            [
              99.468935,
              15.66614
            ],
            [
              99.468469,
              15.665997
            ],
            [
              99.466935,
              15.66533
            ],
            [
              99.466632,
              15.665479
            ],
            [
              99.466832,
              15.665866
            ],
            [
              99.466886,
              15.666217
            ],
            [
              99.466734,
              15.666436
            ],
            [
              99.466706,
              15.666783
            ],
            [
              99.466573,
              15.667133
            ],
            [
              99.466349,
              15.667314
            ],
            [
              99.466241,
              15.667412
            ],
            [
              99.466169,
              15.667497
            ],
            [
              99.465928,
              15.667619
            ],
            [
              99.464489,
              15.667114
            ],
            [
              99.463554,
              15.666544
            ],
            [
              99.463274,
              15.666472
            ],
            [
              99.462806,
              15.666246
            ],
            [
              99.462587,
              15.665663
            ],
            [
              99.463322,
              15.664954
            ],
            [
              99.46338,
              15.664419
            ],
            [
              99.463833,
              15.663856
            ],
            [
              99.464428,
              15.662938
            ],
            [
              99.464514,
              15.662217
            ],
            [
              99.463891,
              15.662235
            ],
            [
              99.463313,
              15.662595
            ],
            [
              99.462462,
              15.663268
            ],
            [
              99.461695,
              15.663667
            ],
            [
              99.461004,
              15.664244
            ],
            [
              99.460525,
              15.664484
            ],
            [
              99.460081,
              15.664524
            ],
            [
              99.459604,
              15.664474
            ],
            [
              99.45903,
              15.664208
            ],
            [
              99.458611,
              15.663952
            ],
            [
              99.458262,
              15.663693
            ],
            [
              99.458051,
              15.66343
            ],
            [
              99.457926,
              15.663227
            ],
            [
              99.457676,
              15.662628
            ],
            [
              99.457749,
              15.662409
            ],
            [
              99.457943,
              15.662032
            ],
            [
              99.457963,
              15.661876
            ],
            [
              99.457823,
              15.661305
            ],
            [
              99.456876,
              15.661142
            ],
            [
              99.456697,
              15.661065
            ],
            [
              99.456207,
              15.660777
            ],
            [
              99.456116,
              15.660661
            ],
            [
              99.455868,
              15.660187
            ],
            [
              99.455255,
              15.660179
            ],
            [
              99.454842,
              15.660376
            ],
            [
              99.454665,
              15.660491
            ],
            [
              99.454515,
              15.660708
            ],
            [
              99.454175,
              15.661707
            ],
            [
              99.455131,
              15.662728
            ],
            [
              99.455257,
              15.663353
            ],
            [
              99.455092,
              15.663619
            ],
            [
              99.454787,
              15.66361
            ],
            [
              99.453871,
              15.66515
            ],
            [
              99.454436,
              15.665294
            ],
            [
              99.454456,
              15.665363
            ],
            [
              99.454186,
              15.666426
            ],
            [
              99.45509,
              15.666415
            ],
            [
              99.456016,
              15.666823
            ],
            [
              99.456432,
              15.667392
            ],
            [
              99.456878,
              15.668068
            ],
            [
              99.457017,
              15.668219
            ],
            [
              99.457181,
              15.668312
            ],
            [
              99.457342,
              15.668366
            ],
            [
              99.457498,
              15.66841
            ],
            [
              99.45761,
              15.668497
            ],
            [
              99.45774,
              15.668692
            ],
            [
              99.457778,
              15.669097
            ],
            [
              99.457919,
              15.669241
            ],
            [
              99.457995,
              15.669376
            ],
            [
              99.458194,
              15.669401
            ],
            [
              99.458406,
              15.66927
            ],
            [
              99.458639,
              15.668987
            ],
            [
              99.459199,
              15.669247
            ],
            [
              99.459353,
              15.669509
            ],
            [
              99.459645,
              15.669734
            ],
            [
              99.459646,
              15.669936
            ],
            [
              99.459833,
              15.669976
            ],
            [
              99.460096,
              15.67025
            ],
            [
              99.460585,
              15.670758
            ],
            [
              99.460852,
              15.671315
            ],
            [
              99.460916,
              15.67153
            ],
            [
              99.461119,
              15.672519
            ],
            [
              99.461362,
              15.672696
            ],
            [
              99.461173,
              15.672887
            ],
            [
              99.460924,
              15.673441
            ],
            [
              99.46054,
              15.673643
            ],
            [
              99.460264,
              15.673752
            ],
            [
              99.460025,
              15.673646
            ],
            [
              99.458905,
              15.673016
            ],
            [
              99.458812,
              15.672508
            ],
            [
              99.458226,
              15.672396
            ],
            [
              99.457864,
              15.672918
            ],
            [
              99.45726,
              15.673492
            ],
            [
              99.45701,
              15.673607
            ],
            [
              99.455356,
              15.672686
            ],
            [
              99.455194,
              15.67296
            ],
            [
              99.455306,
              15.673258
            ],
            [
              99.455051,
              15.673357
            ],
            [
              99.45421,
              15.672671
            ],
            [
              99.454189,
              15.672353
            ],
            [
              99.453738,
              15.67234
            ],
            [
              99.453652,
              15.67265
            ],
            [
              99.45329,
              15.672432
            ],
            [
              99.453175,
              15.671989
            ],
            [
              99.452756,
              15.671862
            ],
            [
              99.452369,
              15.673187
            ],
            [
              99.452427,
              15.673426
            ],
            [
              99.453375,
              15.673762
            ],
            [
              99.454519,
              15.674568
            ],
            [
              99.454686,
              15.674864
            ],
            [
              99.454646,
              15.675194
            ],
            [
              99.454674,
              15.675742
            ],
            [
              99.454606,
              15.676147
            ],
            [
              99.454406,
              15.676474
            ],
            [
              99.453707,
              15.676585
            ],
            [
              99.453094,
              15.677052
            ],
            [
              99.45251,
              15.67763
            ],
            [
              99.453697,
              15.679017
            ],
            [
              99.455074,
              15.678697
            ],
            [
              99.455495,
              15.679735
            ],
            [
              99.456061,
              15.679242
            ],
            [
              99.456266,
              15.679654
            ],
            [
              99.456438,
              15.679816
            ],
            [
              99.45711,
              15.679362
            ],
            [
              99.457435,
              15.679351
            ],
            [
              99.458444,
              15.679689
            ],
            [
              99.458634,
              15.679534
            ],
            [
              99.458737,
              15.679341
            ],
            [
              99.459054,
              15.679225
            ],
            [
              99.459025,
              15.67908
            ],
            [
              99.45878,
              15.678806
            ],
            [
              99.458704,
              15.678377
            ],
            [
              99.45904,
              15.677993
            ],
            [
              99.459318,
              15.677905
            ],
            [
              99.459537,
              15.677902
            ],
            [
              99.460005,
              15.678018
            ],
            [
              99.460787,
              15.677983
            ],
            [
              99.461068,
              15.678088
            ],
            [
              99.461503,
              15.67818
            ],
            [
              99.461945,
              15.678514
            ],
            [
              99.462,
              15.678468
            ],
            [
              99.46215,
              15.678493
            ],
            [
              99.46222,
              15.678697
            ],
            [
              99.462856,
              15.679007
            ],
            [
              99.463159,
              15.679341
            ],
            [
              99.463521,
              15.680189
            ],
            [
              99.463557,
              15.6804
            ],
            [
              99.463543,
              15.680794
            ],
            [
              99.463309,
              15.681537
            ],
            [
              99.462983,
              15.681952
            ],
            [
              99.462428,
              15.682092
            ],
            [
              99.462315,
              15.682216
            ],
            [
              99.461759,
              15.68218
            ],
            [
              99.461693,
              15.682219
            ],
            [
              99.461628,
              15.68236
            ],
            [
              99.461642,
              15.682649
            ],
            [
              99.461704,
              15.682796
            ],
            [
              99.461898,
              15.682916
            ],
            [
              99.462044,
              15.683338
            ],
            [
              99.462209,
              15.683588
            ],
            [
              99.462391,
              15.683718
            ],
            [
              99.462731,
              15.683848
            ],
            [
              99.462965,
              15.684418
            ],
            [
              99.46329,
              15.68483
            ],
            [
              99.463411,
              15.684922
            ],
            [
              99.463561,
              15.68495
            ],
            [
              99.46393,
              15.684879
            ],
            [
              99.465092,
              15.68762
            ],
            [
              99.46499,
              15.688539
            ],
            [
              99.465692,
              15.688905
            ],
            [
              99.465717,
              15.688708
            ],
            [
              99.465986,
              15.689677
            ],
            [
              99.466549,
              15.6894
            ],
            [
              99.467078,
              15.689288
            ],
            [
              99.467575,
              15.689345
            ],
            [
              99.467949,
              15.689483
            ],
            [
              99.468254,
              15.689723
            ],
            [
              99.468357,
              15.690354
            ],
            [
              99.46812,
              15.690863
            ],
            [
              99.467978,
              15.691084
            ],
            [
              99.467984,
              15.691372
            ],
            [
              99.46806,
              15.691746
            ],
            [
              99.467903,
              15.692638
            ],
            [
              99.468615,
              15.69262
            ],
            [
              99.46859,
              15.693155
            ],
            [
              99.468637,
              15.693215
            ],
            [
              99.46878,
              15.693226
            ],
            [
              99.468912,
              15.692969
            ],
            [
              99.469054,
              15.692941
            ],
            [
              99.4692,
              15.692761
            ],
            [
              99.469328,
              15.692694
            ],
            [
              99.469482,
              15.692532
            ],
            [
              99.46961,
              15.692026
            ],
            [
              99.469803,
              15.691786
            ],
            [
              99.47011,
              15.691206
            ],
            [
              99.470169,
              15.690977
            ],
            [
              99.470341,
              15.690632
            ],
            [
              99.47068,
              15.689985
            ],
            [
              99.470827,
              15.689813
            ],
            [
              99.470936,
              15.689524
            ],
            [
              99.470995,
              15.689482
            ],
            [
              99.471013,
              15.689626
            ],
            [
              99.470922,
              15.689925
            ],
            [
              99.470739,
              15.690041
            ],
            [
              99.470728,
              15.690112
            ],
            [
              99.470849,
              15.690193
            ],
            [
              99.470786,
              15.690333
            ],
            [
              99.470765,
              15.690562
            ],
            [
              99.470903,
              15.690625
            ],
            [
              99.471134,
              15.690629
            ],
            [
              99.471192,
              15.690583
            ],
            [
              99.471229,
              15.690509
            ],
            [
              99.471254,
              15.690442
            ],
            [
              99.471276,
              15.690372
            ],
            [
              99.471291,
              15.690291
            ],
            [
              99.471302,
              15.690221
            ],
            [
              99.471316,
              15.690143
            ],
            [
              99.471327,
              15.690073
            ],
            [
              99.471349,
              15.689992
            ],
            [
              99.471367,
              15.689918
            ],
            [
              99.471382,
              15.689851
            ],
            [
              99.4714,
              15.689774
            ],
            [
              99.471415,
              15.6897
            ],
            [
              99.471437,
              15.689623
            ],
            [
              99.471466,
              15.689542
            ],
            [
              99.471492,
              15.689468
            ],
            [
              99.471528,
              15.689404
            ],
            [
              99.471569,
              15.689341
            ],
            [
              99.471605,
              15.689281
            ],
            [
              99.471631,
              15.689214
            ],
            [
              99.471631,
              15.689144
            ],
            [
              99.471616,
              15.689074
            ],
            [
              99.471649,
              15.68901
            ],
            [
              99.47185,
              15.689014
            ],
            [
              99.47196,
              15.688912
            ],
            [
              99.472069,
              15.688708
            ],
            [
              99.472289,
              15.688662
            ],
            [
              99.472544,
              15.6885
            ],
            [
              99.472559,
              15.688138
            ],
            [
              99.472636,
              15.688011
            ],
            [
              99.472998,
              15.687937
            ],
            [
              99.473173,
              15.687705
            ],
            [
              99.473246,
              15.687691
            ],
            [
              99.473407,
              15.687842
            ],
            [
              99.473568,
              15.687874
            ],
            [
              99.473696,
              15.687807
            ],
            [
              99.473882,
              15.687332
            ],
            [
              99.474017,
              15.687177
            ],
            [
              99.474039,
              15.686973
            ],
            [
              99.474087,
              15.68692
            ],
            [
              99.47416,
              15.686941
            ],
            [
              99.47435,
              15.687174
            ],
            [
              99.474562,
              15.687191
            ],
            [
              99.474693,
              15.687251
            ],
            [
              99.47496,
              15.687624
            ],
            [
              99.475183,
              15.687659
            ],
            [
              99.475212,
              15.687592
            ],
            [
              99.475117,
              15.687392
            ],
            [
              99.475128,
              15.687318
            ],
            [
              99.47519,
              15.687272
            ],
            [
              99.475267,
              15.687269
            ],
            [
              99.475395,
              15.687371
            ],
            [
              99.475534,
              15.687335
            ],
            [
              99.475468,
              15.687036
            ],
            [
              99.475479,
              15.686597
            ],
            [
              99.475718,
              15.686416
            ],
            [
              99.476058,
              15.68586
            ],
            [
              99.475998,
              15.685361
            ],
            [
              99.476137,
              15.685101
            ],
            [
              99.476437,
              15.685069
            ],
            [
              99.476495,
              15.685108
            ],
            [
              99.47651,
              15.685266
            ],
            [
              99.47663,
              15.685368
            ],
            [
              99.476938,
              15.685645
            ],
            [
              99.477377,
              15.685718
            ],
            [
              99.477971,
              15.685337
            ],
            [
              99.478184,
              15.68595
            ],
            [
              99.478257,
              15.686483
            ],
            [
              99.478126,
              15.686755
            ],
            [
              99.477625,
              15.687057
            ],
            [
              99.477321,
              15.686984
            ],
            [
              99.477124,
              15.68685
            ],
            [
              99.476846,
              15.686962
            ],
            [
              99.476817,
              15.687033
            ],
            [
              99.47689,
              15.687184
            ],
            [
              99.476868,
              15.687335
            ],
            [
              99.476941,
              15.687325
            ],
            [
              99.477051,
              15.687226
            ],
            [
              99.47712,
              15.687233
            ],
            [
              99.477149,
              15.687455
            ],
            [
              99.477447,
              15.68767
            ],
            [
              99.477224,
              15.688382
            ],
            [
              99.477327,
              15.688659
            ],
            [
              99.477388,
              15.688879
            ],
            [
              99.477558,
              15.689136
            ],
            [
              99.477563,
              15.689308
            ],
            [
              99.47749,
              15.689717
            ],
            [
              99.477301,
              15.689984
            ],
            [
              99.477353,
              15.690233
            ],
            [
              99.477489,
              15.69056
            ],
            [
              99.477624,
              15.69066
            ],
            [
              99.477696,
              15.690936
            ],
            [
              99.477699,
              15.691247
            ],
            [
              99.477644,
              15.691434
            ],
            [
              99.477717,
              15.691617
            ],
            [
              99.477648,
              15.691814
            ],
            [
              99.477718,
              15.692073
            ],
            [
              99.477665,
              15.692431
            ],
            [
              99.477321,
              15.692445
            ],
            [
              99.477179,
              15.692508
            ],
            [
              99.476934,
              15.692842
            ],
            [
              99.476897,
              15.693236
            ],
            [
              99.476985,
              15.69368
            ],
            [
              99.477288,
              15.693708
            ],
            [
              99.477533,
              15.693328
            ],
            [
              99.47765,
              15.693233
            ],
            [
              99.477866,
              15.693212
            ],
            [
              99.477986,
              15.693577
            ],
            [
              99.478067,
              15.693697
            ],
            [
              99.478308,
              15.693611
            ],
            [
              99.478351,
              15.694173
            ],
            [
              99.47862,
              15.69445
            ],
            [
              99.478982,
              15.694402
            ],
            [
              99.479519,
              15.694309
            ],
            [
              99.479598,
              15.694406
            ],
            [
              99.479533,
              15.696025
            ],
            [
              99.478853,
              15.696099
            ],
            [
              99.47808,
              15.696765
            ],
            [
              99.477693,
              15.697123
            ],
            [
              99.477698,
              15.698148
            ],
            [
              99.477958,
              15.698194
            ],
            [
              99.478206,
              15.698486
            ],
            [
              99.478191,
              15.698626
            ],
            [
              99.477829,
              15.698743
            ],
            [
              99.477728,
              15.698886
            ],
            [
              99.477878,
              15.699361
            ],
            [
              99.477595,
              15.699516
            ],
            [
              99.477379,
              15.699524
            ],
            [
              99.477295,
              15.700073
            ],
            [
              99.477025,
              15.700335
            ],
            [
              99.476497,
              15.700453
            ],
            [
              99.476245,
              15.700721
            ],
            [
              99.475981,
              15.701035
            ],
            [
              99.476023,
              15.701284
            ],
            [
              99.475972,
              15.701417
            ],
            [
              99.476019,
              15.701606
            ],
            [
              99.476041,
              15.701904
            ],
            [
              99.475791,
              15.702144
            ],
            [
              99.475493,
              15.702311
            ],
            [
              99.475425,
              15.702729
            ],
            [
              99.475374,
              15.70325
            ],
            [
              99.475299,
              15.703842
            ],
            [
              99.475076,
              15.704864
            ],
            [
              99.474815,
              15.705498
            ],
            [
              99.474556,
              15.705849
            ],
            [
              99.474631,
              15.706058
            ],
            [
              99.474,
              15.709194
            ],
            [
              99.472536,
              15.713091
            ],
            [
              99.47224,
              15.716204
            ],
            [
              99.473927,
              15.717064
            ],
            [
              99.475607,
              15.715521
            ],
            [
              99.478198,
              15.716827
            ],
            [
              99.479138,
              15.715158
            ],
            [
              99.479737,
              15.714863
            ],
            [
              99.480351,
              15.714793
            ],
            [
              99.480614,
              15.714286
            ],
            [
              99.48076,
              15.713723
            ],
            [
              99.48114,
              15.713779
            ],
            [
              99.481813,
              15.713976
            ],
            [
              99.48212,
              15.713976
            ],
            [
              99.482441,
              15.713836
            ],
            [
              99.482558,
              15.713568
            ],
            [
              99.48326,
              15.71043
            ],
            [
              99.483538,
              15.709895
            ],
            [
              99.484971,
              15.707784
            ],
            [
              99.485278,
              15.706954
            ],
            [
              99.485921,
              15.705568
            ],
            [
              99.486666,
              15.702788
            ],
            [
              99.486615,
              15.701529
            ],
            [
              99.486712,
              15.700926
            ],
            [
              99.487016,
              15.700038
            ],
            [
              99.48737,
              15.699368
            ],
            [
              99.487871,
              15.699146
            ],
            [
              99.488918,
              15.699192
            ],
            [
              99.491118,
              15.699713
            ],
            [
              99.494802,
              15.700417
            ],
            [
              99.494765,
              15.700276
            ],
            [
              99.49459,
              15.700023
            ],
            [
              99.494561,
              15.699854
            ],
            [
              99.494831,
              15.699713
            ],
            [
              99.494824,
              15.699572
            ],
            [
              99.494619,
              15.699178
            ],
            [
              99.494736,
              15.698953
            ],
            [
              99.494765,
              15.697897
            ],
            [
              99.494407,
              15.69775
            ],
            [
              99.494349,
              15.697609
            ],
            [
              99.494378,
              15.697447
            ],
            [
              99.49432,
              15.697306
            ],
            [
              99.494342,
              15.697173
            ],
            [
              99.494086,
              15.696807
            ],
            [
              99.493048,
              15.696272
            ],
            [
              99.492521,
              15.695962
            ],
            [
              99.49228,
              15.695765
            ],
            [
              99.492244,
              15.695618
            ],
            [
              99.492375,
              15.695533
            ],
            [
              99.492653,
              15.695449
            ],
            [
              99.492733,
              15.695329
            ],
            [
              99.492711,
              15.695195
            ],
            [
              99.492821,
              15.695097
            ],
            [
              99.49277,
              15.694963
            ],
            [
              99.49258,
              15.694738
            ],
            [
              99.492331,
              15.694555
            ],
            [
              99.492185,
              15.694548
            ],
            [
              99.491915,
              15.694689
            ],
            [
              99.491761,
              15.694689
            ],
            [
              99.491681,
              15.694569
            ],
            [
              99.491688,
              15.694421
            ],
            [
              99.49182,
              15.694154
            ],
            [
              99.491966,
              15.694126
            ],
            [
              99.492039,
              15.69402
            ],
            [
              99.492061,
              15.693879
            ],
            [
              99.491893,
              15.693162
            ],
            [
              99.491893,
              15.692859
            ],
            [
              99.491966,
              15.692592
            ],
            [
              99.492178,
              15.692373
            ],
            [
              99.492222,
              15.692233
            ],
            [
              99.492185,
              15.692078
            ],
            [
              99.49152,
              15.690762
            ],
            [
              99.490972,
              15.689333
            ],
            [
              99.490972,
              15.689052
            ],
            [
              99.491016,
              15.688918
            ],
            [
              99.491242,
              15.688728
            ],
            [
              99.491337,
              15.688447
            ],
            [
              99.491118,
              15.687757
            ],
            [
              99.491147,
              15.687342
            ],
            [
              99.491447,
              15.687004
            ],
            [
              99.49171,
              15.686863
            ],
            [
              99.491937,
              15.686462
            ],
            [
              99.491922,
              15.686547
            ],
            [
              99.491973,
              15.686265
            ],
            [
              99.492156,
              15.68604
            ],
            [
              99.492514,
              15.685751
            ],
            [
              99.492821,
              15.6849
            ],
            [
              99.493004,
              15.684675
            ],
            [
              99.493201,
              15.68428
            ],
            [
              99.493399,
              15.684055
            ],
            [
              99.493274,
              15.683781
            ],
            [
              99.494109,
              15.683039
            ],
            [
              99.494126,
              15.682903
            ],
            [
              99.494144,
              15.682767
            ],
            [
              99.494131,
              15.682659
            ]
          ]
        ]
      }
    },
    {
      "type": "Feature",
      "id": "osm_water_poly_374294735",
      "properties": {
        "osm_id": 374294735,
        "name": "",
        "name_th": "",
        "water": "canal",
        "natural": "water",
        "landuse": ""
      },
      "geometry": {
        "type": "Polygon",
        "coordinates": [
          [
            [
              99.491174,
              15.672819
            ],
            [
              99.490982,
              15.672936
            ],
            [
              99.490889,
              15.673052
            ],
            [
              99.494716,
              15.677732
            ],
            [
              99.494865,
              15.678009
            ],
            [
              99.49502,
              15.678685
            ],
            [
              99.494656,
              15.680406
            ],
            [
              99.494626,
              15.680659
            ],
            [
              99.494674,
              15.68077
            ],
            [
              99.494656,
              15.681023
            ],
            [
              99.494729,
              15.681062
            ],
            [
              99.494798,
              15.681055
            ],
            [
              99.494902,
              15.680807
            ],
            [
              99.495041,
              15.680546
            ],
            [
              99.495384,
              15.678688
            ],
            [
              99.49526,
              15.677921
            ],
            [
              99.495012,
              15.677534
            ],
            [
              99.491174,
              15.672819
            ]
          ]
        ]
      }
    },
    {
      "type": "Feature",
      "id": "osm_water_poly_375408451",
      "properties": {
        "osm_id": 375408451,
        "name": "",
        "name_th": "",
        "water": "pond",
        "natural": "water",
        "landuse": ""
      },
      "geometry": {
        "type": "Polygon",
        "coordinates": [
          [
            [
              99.828253,
              15.682651
            ],
            [
              99.826938,
              15.682671
            ],
            [
              99.827525,
              15.681122
            ],
            [
              99.82817,
              15.681062
            ],
            [
              99.828253,
              15.682651
            ]
          ]
        ]
      }
    },
    {
      "type": "Feature",
      "id": "osm_water_poly_376243740",
      "properties": {
        "osm_id": 376243740,
        "name": "",
        "name_th": "",
        "water": "river",
        "natural": "water",
        "landuse": ""
      },
      "geometry": {
        "type": "Polygon",
        "coordinates": [
          [
            [
              99.863621,
              15.560699
            ],
            [
              99.863314,
              15.5605
            ],
            [
              99.863261,
              15.560324
            ],
            [
              99.863324,
              15.5599
            ],
            [
              99.863457,
              15.559456
            ],
            [
              99.863591,
              15.55918
            ],
            [
              99.863758,
              15.559019
            ],
            [
              99.86396,
              15.558912
            ],
            [
              99.864384,
              15.558805
            ],
            [
              99.864724,
              15.558708
            ],
            [
              99.865031,
              15.558595
            ],
            [
              99.865132,
              15.558475
            ],
            [
              99.865351,
              15.558242
            ],
            [
              99.865472,
              15.558148
            ],
            [
              99.865671,
              15.558088
            ],
            [
              99.865723,
              15.558088
            ],
            [
              99.865726,
              15.558205
            ],
            [
              99.86571,
              15.55828
            ],
            [
              99.865491,
              15.558321
            ],
            [
              99.865171,
              15.558642
            ],
            [
              99.864982,
              15.558805
            ],
            [
              99.864757,
              15.558881
            ],
            [
              99.864296,
              15.558966
            ],
            [
              99.863856,
              15.559101
            ],
            [
              99.86366,
              15.559444
            ],
            [
              99.863461,
              15.559875
            ],
            [
              99.863389,
              15.560205
            ],
            [
              99.863421,
              15.560381
            ],
            [
              99.863536,
              15.560516
            ],
            [
              99.863865,
              15.560677
            ],
            [
              99.863677,
              15.56066
            ],
            [
              99.863621,
              15.560699
            ]
          ]
        ]
      }
    },
    {
      "type": "Feature",
      "id": "osm_water_poly_377136021",
      "properties": {
        "osm_id": 377136021,
        "name": "",
        "name_th": "",
        "water": "pond",
        "natural": "water",
        "landuse": ""
      },
      "geometry": {
        "type": "Polygon",
        "coordinates": [
          [
            [
              99.787022,
              15.751514
            ],
            [
              99.788351,
              15.751563
            ],
            [
              99.788331,
              15.750711
            ],
            [
              99.786887,
              15.750722
            ],
            [
              99.787022,
              15.751514
            ]
          ]
        ]
      }
    },
    {
      "type": "Feature",
      "id": "osm_water_poly_379756762",
      "properties": {
        "osm_id": 379756762,
        "name": "",
        "name_th": "",
        "water": "",
        "natural": "water",
        "landuse": ""
      },
      "geometry": {
        "type": "Polygon",
        "coordinates": [
          [
            [
              99.793454,
              15.540148
            ],
            [
              99.793885,
              15.539756
            ],
            [
              99.79421,
              15.540087
            ],
            [
              99.793779,
              15.540479
            ],
            [
              99.793454,
              15.540148
            ]
          ]
        ]
      }
    },
    {
      "type": "Feature",
      "id": "osm_water_poly_380091964",
      "properties": {
        "osm_id": 380091964,
        "name": "",
        "name_th": "",
        "water": "river",
        "natural": "water",
        "landuse": ""
      },
      "geometry": {
        "type": "Polygon",
        "coordinates": [
          [
            [
              99.504531,
              15.491362
            ],
            [
              99.504373,
              15.491747
            ],
            [
              99.504198,
              15.492137
            ],
            [
              99.503981,
              15.492398
            ],
            [
              99.503834,
              15.492509
            ],
            [
              99.503737,
              15.492517
            ],
            [
              99.503662,
              15.492494
            ],
            [
              99.503635,
              15.492427
            ],
            [
              99.503654,
              15.492246
            ],
            [
              99.503678,
              15.492137
            ],
            [
              99.503654,
              15.49199
            ],
            [
              99.503531,
              15.491628
            ],
            [
              99.503496,
              15.491302
            ],
            [
              99.503477,
              15.490948
            ],
            [
              99.503362,
              15.490713
            ],
            [
              99.503179,
              15.490486
            ],
            [
              99.50301,
              15.49033
            ],
            [
              99.502699,
              15.490204
            ],
            [
              99.502291,
              15.490155
            ],
            [
              99.50197,
              15.490206
            ],
            [
              99.501766,
              15.490343
            ],
            [
              99.501559,
              15.490555
            ],
            [
              99.501522,
              15.490726
            ],
            [
              99.501522,
              15.490904
            ],
            [
              99.5015,
              15.491083
            ],
            [
              99.501436,
              15.491191
            ],
            [
              99.501181,
              15.491708
            ],
            [
              99.501023,
              15.491925
            ],
            [
              99.500883,
              15.492031
            ],
            [
              99.500655,
              15.492109
            ],
            [
              99.500419,
              15.492184
            ],
            [
              99.500242,
              15.49229
            ],
            [
              99.500083,
              15.492387
            ],
            [
              99.499907,
              15.492589
            ],
            [
              99.499631,
              15.492851
            ],
            [
              99.499456,
              15.492957
            ],
            [
              99.499164,
              15.493119
            ],
            [
              99.498864,
              15.493223
            ],
            [
              99.498574,
              15.493334
            ],
            [
              99.498306,
              15.493437
            ],
            [
              99.498062,
              15.49359
            ],
            [
              99.497874,
              15.493745
            ],
            [
              99.497742,
              15.493934
            ],
            [
              99.497969,
              15.494065
            ],
            [
              99.49808,
              15.493926
            ],
            [
              99.498241,
              15.493794
            ],
            [
              99.498389,
              15.493711
            ],
            [
              99.498673,
              15.493572
            ],
            [
              99.499027,
              15.493479
            ],
            [
              99.499349,
              15.493388
            ],
            [
              99.499588,
              15.493254
            ],
            [
              99.499869,
              15.493032
            ],
            [
              99.500342,
              15.49262
            ],
            [
              99.500535,
              15.492458
            ],
            [
              99.500685,
              15.492396
            ],
            [
              99.500899,
              15.492331
            ],
            [
              99.501097,
              15.49224
            ],
            [
              99.501312,
              15.49207
            ],
            [
              99.501465,
              15.491902
            ],
            [
              99.50165,
              15.491625
            ],
            [
              99.501777,
              15.491305
            ],
            [
              99.501892,
              15.490925
            ],
            [
              99.501929,
              15.490739
            ],
            [
              99.502004,
              15.490607
            ],
            [
              99.502122,
              15.490491
            ],
            [
              99.50228,
              15.490441
            ],
            [
              99.502451,
              15.490428
            ],
            [
              99.502616,
              15.490465
            ],
            [
              99.502831,
              15.490563
            ],
            [
              99.50297,
              15.490692
            ],
            [
              99.503101,
              15.490896
            ],
            [
              99.503166,
              15.491225
            ],
            [
              99.503171,
              15.491594
            ],
            [
              99.503241,
              15.491948
            ],
            [
              99.503284,
              15.492323
            ],
            [
              99.503308,
              15.492608
            ],
            [
              99.503378,
              15.492768
            ],
            [
              99.503528,
              15.4929
            ],
            [
              99.503728,
              15.492943
            ],
            [
              99.503863,
              15.49291
            ],
            [
              99.504037,
              15.492819
            ],
            [
              99.504118,
              15.492716
            ],
            [
              99.504334,
              15.49292
            ],
            [
              99.504449,
              15.492824
            ],
            [
              99.504241,
              15.492613
            ],
            [
              99.504408,
              15.492429
            ],
            [
              99.504534,
              15.492191
            ],
            [
              99.504668,
              15.491907
            ],
            [
              99.504748,
              15.491599
            ],
            [
              99.504796,
              15.491442
            ],
            [
              99.504531,
              15.491362
            ]
          ]
        ]
      }
    },
    {
      "type": "Feature",
      "id": "osm_water_poly_410322918",
      "properties": {
        "osm_id": 410322918,
        "name": "",
        "name_th": "",
        "water": "",
        "natural": "water",
        "landuse": ""
      },
      "geometry": {
        "type": "Polygon",
        "coordinates": [
          [
            [
              99.441011,
              15.895384
            ],
            [
              99.441077,
              15.895885
            ],
            [
              99.440743,
              15.895925
            ],
            [
              99.440658,
              15.895405
            ],
            [
              99.441011,
              15.895384
            ]
          ]
        ]
      }
    },
    {
      "type": "Feature",
      "id": "osm_water_poly_414887441",
      "properties": {
        "osm_id": 414887441,
        "name": "",
        "name_th": "",
        "water": "",
        "natural": "water",
        "landuse": ""
      },
      "geometry": {
        "type": "Polygon",
        "coordinates": [
          [
            [
              99.846102,
              15.484337
            ],
            [
              99.846833,
              15.484595
            ],
            [
              99.846644,
              15.485496
            ],
            [
              99.845658,
              15.484801
            ],
            [
              99.846102,
              15.484337
            ]
          ]
        ]
      }
    },
    {
      "type": "Feature",
      "id": "osm_water_poly_414896611",
      "properties": {
        "osm_id": 414896611,
        "name": "",
        "name_th": "",
        "water": "",
        "natural": "water",
        "landuse": ""
      },
      "geometry": {
        "type": "Polygon",
        "coordinates": [
          [
            [
              99.910621,
              15.519083
            ],
            [
              99.912243,
              15.520232
            ],
            [
              99.913685,
              15.517611
            ],
            [
              99.91441,
              15.516223
            ],
            [
              99.91462,
              15.515833
            ],
            [
              99.914663,
              15.515634
            ],
            [
              99.914719,
              15.514842
            ],
            [
              99.914088,
              15.514939
            ],
            [
              99.913496,
              15.514981
            ],
            [
              99.913015,
              15.514881
            ],
            [
              99.912787,
              15.514883
            ],
            [
              99.912466,
              15.514964
            ],
            [
              99.912204,
              15.515024
            ],
            [
              99.911633,
              15.515047
            ],
            [
              99.911572,
              15.5169
            ],
            [
              99.911515,
              15.517158
            ],
            [
              99.91089,
              15.518522
            ],
            [
              99.910621,
              15.519083
            ]
          ]
        ]
      }
    },
    {
      "type": "Feature",
      "id": "osm_water_poly_426515976",
      "properties": {
        "osm_id": 426515976,
        "name": "",
        "name_th": "",
        "water": "",
        "natural": "water",
        "landuse": ""
      },
      "geometry": {
        "type": "Polygon",
        "coordinates": [
          [
            [
              100.063917,
              15.548361
            ],
            [
              100.063884,
              15.548227
            ],
            [
              100.063933,
              15.548092
            ],
            [
              100.064056,
              15.548004
            ],
            [
              100.06434,
              15.547906
            ],
            [
              100.065261,
              15.547664
            ],
            [
              100.065676,
              15.547565
            ],
            [
              100.065751,
              15.547617
            ],
            [
              100.065816,
              15.547885
            ],
            [
              100.065762,
              15.547953
            ],
            [
              100.06559,
              15.54802
            ],
            [
              100.064061,
              15.548438
            ],
            [
              100.063981,
              15.548423
            ],
            [
              100.063917,
              15.548361
            ]
          ]
        ]
      }
    },
    {
      "type": "Feature",
      "id": "osm_water_poly_426547384",
      "properties": {
        "osm_id": 426547384,
        "name": "",
        "name_th": "",
        "water": "",
        "natural": "water",
        "landuse": ""
      },
      "geometry": {
        "type": "Polygon",
        "coordinates": [
          [
            [
              99.805019,
              15.680106
            ],
            [
              99.806542,
              15.679858
            ],
            [
              99.807036,
              15.681056
            ],
            [
              99.807186,
              15.681366
            ],
            [
              99.807315,
              15.682048
            ],
            [
              99.80566,
              15.682323
            ],
            [
              99.805019,
              15.680106
            ]
          ]
        ]
      }
    },
    {
      "type": "Feature",
      "id": "osm_water_poly_426547385",
      "properties": {
        "osm_id": 426547385,
        "name": "",
        "name_th": "",
        "water": "",
        "natural": "water",
        "landuse": ""
      },
      "geometry": {
        "type": "Polygon",
        "coordinates": [
          [
            [
              99.870947,
              15.661656
            ],
            [
              99.870904,
              15.661573
            ],
            [
              99.871205,
              15.660737
            ],
            [
              99.871291,
              15.660592
            ],
            [
              99.871677,
              15.660247
            ],
            [
              99.872964,
              15.660706
            ],
            [
              99.873072,
              15.661759
            ],
            [
              99.872642,
              15.662327
            ],
            [
              99.870947,
              15.661656
            ]
          ]
        ]
      }
    },
    {
      "type": "Feature",
      "id": "osm_water_poly_426569050",
      "properties": {
        "osm_id": 426569050,
        "name": "",
        "name_th": "",
        "water": "",
        "natural": "water",
        "landuse": ""
      },
      "geometry": {
        "type": "Polygon",
        "coordinates": [
          [
            [
              99.833416,
              15.731116
            ],
            [
              99.833793,
              15.730812
            ],
            [
              99.834086,
              15.731148
            ],
            [
              99.833708,
              15.731452
            ],
            [
              99.833416,
              15.731116
            ]
          ]
        ]
      }
    },
    {
      "type": "Feature",
      "id": "osm_water_poly_480815071",
      "properties": {
        "osm_id": 480815071,
        "name": "",
        "name_th": "",
        "water": "",
        "natural": "water",
        "landuse": ""
      },
      "geometry": {
        "type": "Polygon",
        "coordinates": [
          [
            [
              99.525039,
              15.634247
            ],
            [
              99.527527,
              15.634977
            ],
            [
              99.527571,
              15.634133
            ],
            [
              99.525071,
              15.633586
            ],
            [
              99.525039,
              15.634247
            ]
          ]
        ]
      }
    },
    {
      "type": "Feature",
      "id": "osm_water_poly_480817674",
      "properties": {
        "osm_id": 480817674,
        "name": "",
        "name_th": "",
        "water": "",
        "natural": "water",
        "landuse": ""
      },
      "geometry": {
        "type": "Polygon",
        "coordinates": [
          [
            [
              99.569075,
              15.700793
            ],
            [
              99.569758,
              15.700686
            ],
            [
              99.569525,
              15.6993
            ],
            [
              99.568842,
              15.699406
            ],
            [
              99.569075,
              15.700793
            ]
          ]
        ]
      }
    },
    {
      "type": "Feature",
      "id": "osm_water_poly_480817679",
      "properties": {
        "osm_id": 480817679,
        "name": "",
        "name_th": "",
        "water": "",
        "natural": "water",
        "landuse": ""
      },
      "geometry": {
        "type": "Polygon",
        "coordinates": [
          [
            [
              99.485708,
              15.856898
            ],
            [
              99.486562,
              15.857333
            ],
            [
              99.486707,
              15.857068
            ],
            [
              99.485854,
              15.856633
            ],
            [
              99.485708,
              15.856898
            ]
          ]
        ]
      }
    },
    {
      "type": "Feature",
      "id": "osm_water_poly_521620119",
      "properties": {
        "osm_id": 521620119,
        "name": "",
        "name_th": "",
        "water": "",
        "natural": "water",
        "landuse": ""
      },
      "geometry": {
        "type": "Polygon",
        "coordinates": [
          [
            [
              99.938922,
              15.497673
            ],
            [
              99.937697,
              15.495642
            ],
            [
              99.935959,
              15.492768
            ],
            [
              99.934478,
              15.490308
            ],
            [
              99.933057,
              15.487972
            ],
            [
              99.932057,
              15.486276
            ],
            [
              99.931945,
              15.485992
            ],
            [
              99.932041,
              15.485749
            ],
            [
              99.932321,
              15.485345
            ],
            [
              99.932696,
              15.484603
            ],
            [
              99.932671,
              15.484314
            ],
            [
              99.932667,
              15.483658
            ],
            [
              99.932642,
              15.482752
            ],
            [
              99.932659,
              15.481806
            ],
            [
              99.932789,
              15.481629
            ],
            [
              99.933151,
              15.481445
            ],
            [
              99.933798,
              15.48114
            ],
            [
              99.9343,
              15.480878
            ],
            [
              99.934888,
              15.480595
            ],
            [
              99.935052,
              15.479073
            ],
            [
              99.935149,
              15.47824
            ],
            [
              99.935125,
              15.478115
            ],
            [
              99.935029,
              15.47807
            ],
            [
              99.934868,
              15.478091
            ],
            [
              99.934645,
              15.478148
            ],
            [
              99.934332,
              15.478216
            ],
            [
              99.933624,
              15.478381
            ],
            [
              99.933462,
              15.478346
            ],
            [
              99.933404,
              15.478148
            ],
            [
              99.933487,
              15.477577
            ],
            [
              99.933641,
              15.476864
            ],
            [
              99.933754,
              15.476706
            ],
            [
              99.933947,
              15.476586
            ],
            [
              99.934236,
              15.4766
            ],
            [
              99.934464,
              15.476602
            ],
            [
              99.934719,
              15.47656
            ],
            [
              99.934937,
              15.47647
            ],
            [
              99.935167,
              15.476538
            ],
            [
              99.93598,
              15.476746
            ],
            [
              99.936354,
              15.476831
            ],
            [
              99.936536,
              15.476779
            ],
            [
              99.936734,
              15.476602
            ],
            [
              99.936869,
              15.476114
            ],
            [
              99.93701,
              15.475554
            ],
            [
              99.93705,
              15.47537
            ],
            [
              99.93727,
              15.475177
            ],
            [
              99.937517,
              15.475061
            ],
            [
              99.937669,
              15.475082
            ],
            [
              99.938205,
              15.475377
            ],
            [
              99.938671,
              15.475679
            ],
            [
              99.938752,
              15.475757
            ],
            [
              99.938771,
              15.475866
            ],
            [
              99.938737,
              15.475996
            ],
            [
              99.938617,
              15.47605
            ],
            [
              99.938032,
              15.476234
            ],
            [
              99.937931,
              15.476305
            ],
            [
              99.937838,
              15.476569
            ],
            [
              99.937762,
              15.477348
            ],
            [
              99.937755,
              15.477579
            ],
            [
              99.93788,
              15.478146
            ],
            [
              99.938076,
              15.478393
            ],
            [
              99.938372,
              15.478641
            ],
            [
              99.938568,
              15.478901
            ],
            [
              99.9387,
              15.479257
            ],
            [
              99.93881,
              15.47962
            ],
            [
              99.938845,
              15.479831
            ],
            [
              99.938832,
              15.480343
            ],
            [
              99.938889,
              15.481124
            ],
            [
              99.938969,
              15.48223
            ],
            [
              99.938994,
              15.483019
            ],
            [
              99.938994,
              15.483573
            ],
            [
              99.938935,
              15.484026
            ],
            [
              99.938818,
              15.484453
            ],
            [
              99.938754,
              15.48484
            ],
            [
              99.938769,
              15.485185
            ],
            [
              99.938938,
              15.485716
            ],
            [
              99.939239,
              15.486601
            ],
            [
              99.939349,
              15.486929
            ],
            [
              99.939352,
              15.487084
            ],
            [
              99.93928,
              15.487361
            ],
            [
              99.93907,
              15.487792
            ],
            [
              99.938793,
              15.488548
            ],
            [
              99.938401,
              15.48931
            ],
            [
              99.938306,
              15.489468
            ],
            [
              99.938367,
              15.489798
            ],
            [
              99.938492,
              15.489997
            ],
            [
              99.938703,
              15.490362
            ],
            [
              99.938835,
              15.490433
            ],
            [
              99.939256,
              15.490617
            ],
            [
              99.939741,
              15.490872
            ],
            [
              99.939991,
              15.490922
            ],
            [
              99.940654,
              15.490872
            ],
            [
              99.941002,
              15.491176
            ],
            [
              99.941286,
              15.491528
            ],
            [
              99.941695,
              15.492597
            ],
            [
              99.94207,
              15.493458
            ],
            [
              99.942559,
              15.494584
            ],
            [
              99.942694,
              15.494798
            ],
            [
              99.942914,
              15.494834
            ],
            [
              99.943323,
              15.494806
            ],
            [
              99.944271,
              15.494714
            ],
            [
              99.9448,
              15.494761
            ],
            [
              99.945444,
              15.494961
            ],
            [
              99.946151,
              15.495117
            ],
            [
              99.946705,
              15.495202
            ],
            [
              99.946896,
              15.496108
            ],
            [
              99.947097,
              15.496528
            ],
            [
              99.947356,
              15.496736
            ],
            [
              99.94752,
              15.496934
            ],
            [
              99.947523,
              15.497073
            ],
            [
              99.94744,
              15.497243
            ],
            [
              99.947356,
              15.497288
            ],
            [
              99.947023,
              15.49717
            ],
            [
              99.946328,
              15.496764
            ],
            [
              99.945642,
              15.496313
            ],
            [
              99.945069,
              15.495823
            ],
            [
              99.945013,
              15.495627
            ],
            [
              99.944753,
              15.495511
            ],
            [
              99.94444,
              15.495504
            ],
            [
              99.943752,
              15.495584
            ],
            [
              99.943544,
              15.495655
            ],
            [
              99.943377,
              15.495792
            ],
            [
              99.943174,
              15.49599
            ],
            [
              99.942231,
              15.496328
            ],
            [
              99.941367,
              15.496623
            ],
            [
              99.941254,
              15.496564
            ],
            [
              99.941051,
              15.496599
            ],
            [
              99.940336,
              15.496915
            ],
            [
              99.94028,
              15.497057
            ],
            [
              99.939528,
              15.497472
            ],
            [
              99.939217,
              15.497668
            ],
            [
              99.939048,
              15.497732
            ],
            [
              99.938922,
              15.497673
            ]
          ]
        ]
      }
    },
    {
      "type": "Feature",
      "id": "osm_water_poly_542681151",
      "properties": {
        "osm_id": 542681151,
        "name": "",
        "name_th": "",
        "water": "",
        "natural": "water",
        "landuse": ""
      },
      "geometry": {
        "type": "Polygon",
        "coordinates": [
          [
            [
              100.03001,
              15.521118
            ],
            [
              100.030736,
              15.521072
            ],
            [
              100.03066,
              15.520141
            ],
            [
              100.030265,
              15.520233
            ],
            [
              100.029899,
              15.520394
            ],
            [
              100.03001,
              15.521118
            ]
          ]
        ]
      }
    },
    {
      "type": "Feature",
      "id": "osm_water_poly_547460279",
      "properties": {
        "osm_id": 547460279,
        "name": "สระหลวง",
        "name_th": "สระหลวง",
        "water": "pond",
        "natural": "water",
        "landuse": ""
      },
      "geometry": {
        "type": "Polygon",
        "coordinates": [
          [
            [
              99.616823,
              15.925522
            ],
            [
              99.61739,
              15.926536
            ],
            [
              99.617583,
              15.926452
            ],
            [
              99.617606,
              15.926383
            ],
            [
              99.617674,
              15.926318
            ],
            [
              99.617368,
              15.925952
            ],
            [
              99.61701,
              15.925418
            ],
            [
              99.616823,
              15.925522
            ]
          ]
        ]
      }
    },
    {
      "type": "Feature",
      "id": "osm_water_poly_549059885",
      "properties": {
        "osm_id": 549059885,
        "name": "",
        "name_th": "",
        "water": "",
        "natural": "water",
        "landuse": ""
      },
      "geometry": {
        "type": "Polygon",
        "coordinates": [
          [
            [
              100.087848,
              15.47358
            ],
            [
              100.088398,
              15.473898
            ],
            [
              100.088921,
              15.474132
            ],
            [
              100.089419,
              15.474319
            ],
            [
              100.089944,
              15.474386
            ],
            [
              100.090468,
              15.474411
            ],
            [
              100.091035,
              15.474378
            ],
            [
              100.091677,
              15.474248
            ],
            [
              100.092173,
              15.474099
            ],
            [
              100.092691,
              15.473898
            ],
            [
              100.093249,
              15.473531
            ],
            [
              100.093829,
              15.473097
            ],
            [
              100.094432,
              15.47253
            ],
            [
              100.09504,
              15.471894
            ],
            [
              100.095797,
              15.470777
            ],
            [
              100.096189,
              15.470233
            ],
            [
              100.097221,
              15.468636
            ],
            [
              100.098066,
              15.467211
            ],
            [
              100.098615,
              15.466412
            ],
            [
              100.099292,
              15.465508
            ],
            [
              100.100272,
              15.464336
            ],
            [
              100.100689,
              15.463694
            ],
            [
              100.100923,
              15.463463
            ],
            [
              100.101371,
              15.463057
            ],
            [
              100.099286,
              15.461975
            ],
            [
              100.098142,
              15.463195
            ],
            [
              100.09739,
              15.464156
            ],
            [
              100.096655,
              15.465061
            ],
            [
              100.095944,
              15.465932
            ],
            [
              100.095049,
              15.467187
            ],
            [
              100.094116,
              15.468652
            ],
            [
              100.093407,
              15.469954
            ],
            [
              100.092815,
              15.470793
            ],
            [
              100.092494,
              15.4712
            ],
            [
              100.092072,
              15.471632
            ],
            [
              100.091719,
              15.471853
            ],
            [
              100.091043,
              15.472195
            ],
            [
              100.090622,
              15.472318
            ],
            [
              100.090188,
              15.472421
            ],
            [
              100.089657,
              15.472481
            ],
            [
              100.089014,
              15.472462
            ],
            [
              100.088591,
              15.472373
            ],
            [
              100.088304,
              15.47225
            ],
            [
              100.088161,
              15.472105
            ],
            [
              100.087984,
              15.471926
            ],
            [
              100.087916,
              15.471739
            ],
            [
              100.087907,
              15.471486
            ],
            [
              100.08784,
              15.471291
            ],
            [
              100.087696,
              15.471055
            ],
            [
              100.087654,
              15.470859
            ],
            [
              100.087696,
              15.470631
            ],
            [
              100.088042,
              15.469873
            ],
            [
              100.088492,
              15.469092
            ],
            [
              100.088737,
              15.468856
            ],
            [
              100.088931,
              15.468717
            ],
            [
              100.089091,
              15.468514
            ],
            [
              100.090443,
              15.466461
            ],
            [
              100.091271,
              15.465239
            ],
            [
              100.091838,
              15.464303
            ],
            [
              100.092378,
              15.463407
            ],
            [
              100.092801,
              15.46256
            ],
            [
              100.093858,
              15.460442
            ],
            [
              100.094542,
              15.458975
            ],
            [
              100.094885,
              15.458425
            ],
            [
              100.095248,
              15.457945
            ],
            [
              100.095713,
              15.45744
            ],
            [
              100.096232,
              15.457021
            ],
            [
              100.096954,
              15.456569
            ],
            [
              100.097863,
              15.456084
            ],
            [
              100.098683,
              15.455758
            ],
            [
              100.099503,
              15.455514
            ],
            [
              100.1003,
              15.455298
            ],
            [
              100.102283,
              15.454805
            ],
            [
              100.102334,
              15.454732
            ],
            [
              100.102317,
              15.453779
            ],
            [
              100.102233,
              15.453607
            ],
            [
              100.102066,
              15.453548
            ],
            [
              100.101716,
              15.453526
            ],
            [
              100.101573,
              15.453509
            ],
            [
              100.101455,
              15.453453
            ],
            [
              100.101371,
              15.453339
            ],
            [
              100.101246,
              15.453287
            ],
            [
              100.100433,
              15.453266
            ],
            [
              100.099968,
              15.453347
            ],
            [
              100.099604,
              15.453404
            ],
            [
              100.099368,
              15.453387
            ],
            [
              100.099202,
              15.45332
            ],
            [
              100.099025,
              15.453263
            ],
            [
              100.098838,
              15.453295
            ],
            [
              100.098362,
              15.453437
            ],
            [
              100.097078,
              15.453975
            ],
            [
              100.096215,
              15.454586
            ],
            [
              100.095243,
              15.455392
            ],
            [
              100.094733,
              15.455974
            ],
            [
              100.094061,
              15.456769
            ],
            [
              100.093491,
              15.45735
            ],
            [
              100.092612,
              15.458507
            ],
            [
              100.091903,
              15.459467
            ],
            [
              100.091353,
              15.460452
            ],
            [
              100.090948,
              15.461414
            ],
            [
              100.090342,
              15.463114
            ],
            [
              100.089962,
              15.46396
            ],
            [
              100.089506,
              15.464588
            ],
            [
              100.089041,
              15.465337
            ],
            [
              100.088424,
              15.466453
            ],
            [
              100.087908,
              15.467618
            ],
            [
              100.087612,
              15.468172
            ],
            [
              100.087266,
              15.468619
            ],
            [
              100.086826,
              15.46923
            ],
            [
              100.086471,
              15.469914
            ],
            [
              100.086302,
              15.470363
            ],
            [
              100.086284,
              15.470878
            ],
            [
              100.086395,
              15.47151
            ],
            [
              100.086623,
              15.472081
            ],
            [
              100.086994,
              15.472796
            ],
            [
              100.087391,
              15.473268
            ],
            [
              100.087848,
              15.47358
            ]
          ]
        ]
      }
    },
    {
      "type": "Feature",
      "id": "osm_water_poly_549572408",
      "properties": {
        "osm_id": 549572408,
        "name": "",
        "name_th": "",
        "water": "",
        "natural": "water",
        "landuse": ""
      },
      "geometry": {
        "type": "Polygon",
        "coordinates": [
          [
            [
              100.123689,
              15.467431
            ],
            [
              100.122751,
              15.466664
            ],
            [
              100.122304,
              15.466241
            ],
            [
              100.121949,
              15.465817
            ],
            [
              100.121899,
              15.465655
            ],
            [
              100.121915,
              15.465492
            ],
            [
              100.122036,
              15.465433
            ],
            [
              100.122203,
              15.465435
            ],
            [
              100.122627,
              15.465579
            ],
            [
              100.12287,
              15.465622
            ],
            [
              100.123073,
              15.465597
            ],
            [
              100.123461,
              15.465443
            ],
            [
              100.123826,
              15.465277
            ],
            [
              100.123918,
              15.465141
            ],
            [
              100.124139,
              15.464627
            ],
            [
              100.124241,
              15.464553
            ],
            [
              100.124501,
              15.464548
            ],
            [
              100.125202,
              15.464694
            ],
            [
              100.125398,
              15.464716
            ],
            [
              100.12555,
              15.464708
            ],
            [
              100.125777,
              15.464637
            ],
            [
              100.126047,
              15.464507
            ],
            [
              100.126243,
              15.464496
            ],
            [
              100.12669,
              15.464553
            ],
            [
              100.127146,
              15.464604
            ],
            [
              100.127493,
              15.464702
            ],
            [
              100.127738,
              15.464848
            ],
            [
              100.128405,
              15.46527
            ],
            [
              100.129284,
              15.466111
            ],
            [
              100.129411,
              15.466135
            ],
            [
              100.129554,
              15.466084
            ],
            [
              100.130061,
              15.465549
            ],
            [
              100.13056,
              15.46527
            ],
            [
              100.130788,
              15.465459
            ],
            [
              100.130535,
              15.465834
            ],
            [
              100.130315,
              15.466404
            ],
            [
              100.130095,
              15.466722
            ],
            [
              100.129749,
              15.467048
            ],
            [
              100.129233,
              15.46739
            ],
            [
              100.128785,
              15.467667
            ],
            [
              100.128363,
              15.467838
            ],
            [
              100.127898,
              15.468001
            ],
            [
              100.127382,
              15.468091
            ],
            [
              100.12685,
              15.468155
            ],
            [
              100.126317,
              15.468196
            ],
            [
              100.125819,
              15.468188
            ],
            [
              100.125328,
              15.468131
            ],
            [
              100.12483,
              15.468033
            ],
            [
              100.124315,
              15.46783
            ],
            [
              100.123689,
              15.467431
            ]
          ]
        ]
      }
    },
    {
      "type": "Feature",
      "id": "osm_water_poly_549922055",
      "properties": {
        "osm_id": 549922055,
        "name": "",
        "name_th": "",
        "water": "",
        "natural": "water",
        "landuse": ""
      },
      "geometry": {
        "type": "Polygon",
        "coordinates": [
          [
            [
              99.700784,
              15.777189
            ],
            [
              99.70113,
              15.776912
            ],
            [
              99.701195,
              15.776891
            ],
            [
              99.701263,
              15.776882
            ],
            [
              99.70131,
              15.776878
            ],
            [
              99.701397,
              15.776851
            ],
            [
              99.701487,
              15.776819
            ],
            [
              99.701533,
              15.776822
            ],
            [
              99.701562,
              15.776846
            ],
            [
              99.701721,
              15.777021
            ],
            [
              99.701717,
              15.777045
            ],
            [
              99.701475,
              15.777201
            ],
            [
              99.701435,
              15.777199
            ],
            [
              99.701222,
              15.777003
            ],
            [
              99.701189,
              15.776997
            ],
            [
              99.701147,
              15.777012
            ],
            [
              99.7008,
              15.777291
            ],
            [
              99.70075,
              15.777296
            ],
            [
              99.700712,
              15.777282
            ],
            [
              99.700435,
              15.776978
            ],
            [
              99.700396,
              15.776903
            ],
            [
              99.700383,
              15.776817
            ],
            [
              99.700406,
              15.77666
            ],
            [
              99.700503,
              15.776408
            ],
            [
              99.700601,
              15.776255
            ],
            [
              99.700821,
              15.775983
            ],
            [
              99.700959,
              15.775855
            ],
            [
              99.701099,
              15.775725
            ],
            [
              99.701474,
              15.775383
            ],
            [
              99.701574,
              15.775292
            ],
            [
              99.70165,
              15.775204
            ],
            [
              99.701754,
              15.775062
            ],
            [
              99.701855,
              15.774893
            ],
            [
              99.701889,
              15.774859
            ],
            [
              99.701952,
              15.774822
            ],
            [
              99.702159,
              15.774696
            ],
            [
              99.702216,
              15.774647
            ],
            [
              99.702252,
              15.774578
            ],
            [
              99.702352,
              15.774411
            ],
            [
              99.702506,
              15.774472
            ],
            [
              99.702537,
              15.774515
            ],
            [
              99.702534,
              15.774552
            ],
            [
              99.702506,
              15.774586
            ],
            [
              99.702466,
              15.774588
            ],
            [
              99.702394,
              15.77457
            ],
            [
              99.702267,
              15.774761
            ],
            [
              99.702208,
              15.774812
            ],
            [
              99.702073,
              15.774899
            ],
            [
              99.701986,
              15.774975
            ],
            [
              99.701933,
              15.775031
            ],
            [
              99.701845,
              15.77516
            ],
            [
              99.701843,
              15.775214
            ],
            [
              99.70187,
              15.775233
            ],
            [
              99.701918,
              15.775227
            ],
            [
              99.702037,
              15.775188
            ],
            [
              99.7021,
              15.775184
            ],
            [
              99.702149,
              15.775206
            ],
            [
              99.702206,
              15.775265
            ],
            [
              99.702514,
              15.775761
            ],
            [
              99.702584,
              15.775784
            ],
            [
              99.702608,
              15.77568
            ],
            [
              99.702618,
              15.775456
            ],
            [
              99.702599,
              15.77518
            ],
            [
              99.702603,
              15.775044
            ],
            [
              99.702641,
              15.774645
            ],
            [
              99.702658,
              15.774603
            ],
            [
              99.702681,
              15.77458
            ],
            [
              99.702713,
              15.774582
            ],
            [
              99.702745,
              15.774603
            ],
            [
              99.702754,
              15.774635
            ],
            [
              99.702764,
              15.774692
            ],
            [
              99.702737,
              15.775058
            ],
            [
              99.702736,
              15.775156
            ],
            [
              99.702751,
              15.775501
            ],
            [
              99.702734,
              15.775778
            ],
            [
              99.702675,
              15.775983
            ],
            [
              99.702628,
              15.776048
            ],
            [
              99.702555,
              15.776117
            ],
            [
              99.702411,
              15.776221
            ],
            [
              99.701706,
              15.776647
            ],
            [
              99.701664,
              15.776653
            ],
            [
              99.701627,
              15.77664
            ],
            [
              99.701521,
              15.776508
            ],
            [
              99.701513,
              15.776479
            ],
            [
              99.701519,
              15.776451
            ],
            [
              99.701566,
              15.776412
            ],
            [
              99.70226,
              15.775965
            ],
            [
              99.702098,
              15.775542
            ],
            [
              99.702041,
              15.775444
            ],
            [
              99.701975,
              15.775365
            ],
            [
              99.701971,
              15.775316
            ],
            [
              99.701809,
              15.775334
            ],
            [
              99.701811,
              15.775393
            ],
            [
              99.701796,
              15.775432
            ],
            [
              99.701759,
              15.775476
            ],
            [
              99.701242,
              15.775902
            ],
            [
              99.700885,
              15.776144
            ],
            [
              99.700781,
              15.776251
            ],
            [
              99.700671,
              15.776381
            ],
            [
              99.700583,
              15.776508
            ],
            [
              99.700544,
              15.776594
            ],
            [
              99.700517,
              15.776761
            ],
            [
              99.700515,
              15.776877
            ],
            [
              99.70053,
              15.776922
            ],
            [
              99.700579,
              15.776999
            ],
            [
              99.700745,
              15.777184
            ],
            [
              99.700784,
              15.777189
            ]
          ]
        ]
      }
    },
    {
      "type": "Feature",
      "id": "osm_water_poly_549922289",
      "properties": {
        "osm_id": 549922289,
        "name": "",
        "name_th": "",
        "water": "",
        "natural": "water",
        "landuse": ""
      },
      "geometry": {
        "type": "Polygon",
        "coordinates": [
          [
            [
              99.696384,
              15.776848
            ],
            [
              99.69671,
              15.777055
            ],
            [
              99.697407,
              15.777408
            ],
            [
              99.697716,
              15.77753
            ],
            [
              99.697762,
              15.77753
            ],
            [
              99.697813,
              15.777506
            ],
            [
              99.697896,
              15.777383
            ],
            [
              99.697973,
              15.777108
            ],
            [
              99.697986,
              15.776929
            ],
            [
              99.697965,
              15.776856
            ],
            [
              99.6979,
              15.776802
            ],
            [
              99.696844,
              15.776241
            ],
            [
              99.696685,
              15.776397
            ],
            [
              99.696468,
              15.776712
            ],
            [
              99.696384,
              15.776848
            ]
          ]
        ]
      }
    },
    {
      "type": "Feature",
      "id": "osm_water_poly_550007603",
      "properties": {
        "osm_id": 550007603,
        "name": "",
        "name_th": "",
        "water": "",
        "natural": "water",
        "landuse": ""
      },
      "geometry": {
        "type": "Polygon",
        "coordinates": [
          [
            [
              99.647923,
              15.781865
            ],
            [
              99.648134,
              15.781784
            ],
            [
              99.6468,
              15.778965
            ],
            [
              99.646576,
              15.779067
            ],
            [
              99.647923,
              15.781865
            ]
          ]
        ]
      }
    },
    {
      "type": "Feature",
      "id": "osm_water_poly_550194238",
      "properties": {
        "osm_id": 550194238,
        "name": "",
        "name_th": "",
        "water": "",
        "natural": "water",
        "landuse": ""
      },
      "geometry": {
        "type": "Polygon",
        "coordinates": [
          [
            [
              99.875893,
              15.72493
            ],
            [
              99.875191,
              15.723535
            ],
            [
              99.874917,
              15.722998
            ],
            [
              99.875099,
              15.723096
            ],
            [
              99.875517,
              15.723445
            ],
            [
              99.876197,
              15.724035
            ],
            [
              99.876364,
              15.724116
            ],
            [
              99.876548,
              15.724153
            ],
            [
              99.876823,
              15.724157
            ],
            [
              99.877038,
              15.72412
            ],
            [
              99.87707,
              15.724165
            ],
            [
              99.876631,
              15.724514
            ],
            [
              99.875965,
              15.724954
            ],
            [
              99.875893,
              15.72493
            ]
          ]
        ]
      }
    },
    {
      "type": "Feature",
      "id": "osm_water_poly_550194317",
      "properties": {
        "osm_id": 550194317,
        "name": "",
        "name_th": "",
        "water": "",
        "natural": "water",
        "landuse": ""
      },
      "geometry": {
        "type": "Polygon",
        "coordinates": [
          [
            [
              99.897788,
              15.726173
            ],
            [
              99.898337,
              15.726173
            ],
            [
              99.898338,
              15.726425
            ],
            [
              99.898347,
              15.726524
            ],
            [
              99.898377,
              15.726614
            ],
            [
              99.898439,
              15.72671
            ],
            [
              99.898592,
              15.72685
            ],
            [
              99.898612,
              15.726917
            ],
            [
              99.898625,
              15.727007
            ],
            [
              99.898595,
              15.727092
            ],
            [
              99.898451,
              15.727255
            ],
            [
              99.898414,
              15.727336
            ],
            [
              99.898405,
              15.727442
            ],
            [
              99.898401,
              15.727572
            ],
            [
              99.898128,
              15.727558
            ],
            [
              99.897988,
              15.727378
            ],
            [
              99.897904,
              15.727167
            ],
            [
              99.897857,
              15.726964
            ],
            [
              99.897805,
              15.726612
            ],
            [
              99.897788,
              15.726173
            ]
          ]
        ]
      }
    },
    {
      "type": "Feature",
      "id": "osm_water_poly_550223622",
      "properties": {
        "osm_id": 550223622,
        "name": "",
        "name_th": "",
        "water": "",
        "natural": "water",
        "landuse": ""
      },
      "geometry": {
        "type": "Polygon",
        "coordinates": [
          [
            [
              99.85321,
              15.666237
            ],
            [
              99.853265,
              15.666262
            ],
            [
              99.856092,
              15.665697
            ],
            [
              99.856122,
              15.665668
            ],
            [
              99.856046,
              15.665196
            ],
            [
              99.856001,
              15.665181
            ],
            [
              99.853135,
              15.665728
            ],
            [
              99.853112,
              15.665756
            ],
            [
              99.85321,
              15.666237
            ]
          ]
        ]
      }
    },
    {
      "type": "Feature",
      "id": "osm_water_poly_550339029",
      "properties": {
        "osm_id": 550339029,
        "name": "",
        "name_th": "",
        "water": "",
        "natural": "water",
        "landuse": ""
      },
      "geometry": {
        "type": "Polygon",
        "coordinates": [
          [
            [
              99.807305,
              15.680377
            ],
            [
              99.808352,
              15.68023
            ],
            [
              99.808643,
              15.682151
            ],
            [
              99.807596,
              15.682298
            ],
            [
              99.807305,
              15.680377
            ]
          ]
        ]
      }
    },
    {
      "type": "Feature",
      "id": "osm_water_poly_550343158",
      "properties": {
        "osm_id": 550343158,
        "name": "",
        "name_th": "",
        "water": "",
        "natural": "water",
        "landuse": ""
      },
      "geometry": {
        "type": "Polygon",
        "coordinates": [
          [
            [
              99.7149,
              15.721769
            ],
            [
              99.715672,
              15.721647
            ],
            [
              99.715694,
              15.721216
            ],
            [
              99.715719,
              15.720972
            ],
            [
              99.715791,
              15.720683
            ],
            [
              99.715875,
              15.720378
            ],
            [
              99.715913,
              15.720171
            ],
            [
              99.71567,
              15.720101
            ],
            [
              99.715321,
              15.720057
            ],
            [
              99.715035,
              15.720041
            ],
            [
              99.714898,
              15.721321
            ],
            [
              99.714887,
              15.721622
            ],
            [
              99.7149,
              15.721769
            ]
          ]
        ]
      }
    },
    {
      "type": "Feature",
      "id": "osm_water_poly_551020574",
      "properties": {
        "osm_id": 551020574,
        "name": "",
        "name_th": "",
        "water": "",
        "natural": "water",
        "landuse": ""
      },
      "geometry": {
        "type": "Polygon",
        "coordinates": [
          [
            [
              99.585013,
              15.826101
            ],
            [
              99.586078,
              15.826129
            ],
            [
              99.586114,
              15.824767
            ],
            [
              99.585047,
              15.82471
            ],
            [
              99.585013,
              15.826101
            ]
          ]
        ]
      }
    },
    {
      "type": "Feature",
      "id": "osm_water_poly_551040034",
      "properties": {
        "osm_id": 551040034,
        "name": "",
        "name_th": "",
        "water": "",
        "natural": "water",
        "landuse": ""
      },
      "geometry": {
        "type": "Polygon",
        "coordinates": [
          [
            [
              99.550915,
              15.840901
            ],
            [
              99.551641,
              15.841126
            ],
            [
              99.552075,
              15.839816
            ],
            [
              99.551298,
              15.839577
            ],
            [
              99.550915,
              15.840901
            ]
          ]
        ]
      }
    },
    {
      "type": "Feature",
      "id": "osm_water_poly_551182933",
      "properties": {
        "osm_id": 551182933,
        "name": "",
        "name_th": "",
        "water": "",
        "natural": "water",
        "landuse": ""
      },
      "geometry": {
        "type": "Polygon",
        "coordinates": [
          [
            [
              99.495198,
              15.638443
            ],
            [
              99.495293,
              15.638449
            ],
            [
              99.495331,
              15.638433
            ],
            [
              99.495352,
              15.638396
            ],
            [
              99.495464,
              15.637788
            ],
            [
              99.495449,
              15.637752
            ],
            [
              99.495409,
              15.637739
            ],
            [
              99.494575,
              15.637636
            ],
            [
              99.494545,
              15.637654
            ],
            [
              99.494469,
              15.638352
            ],
            [
              99.494482,
              15.638377
            ],
            [
              99.495198,
              15.638443
            ]
          ]
        ]
      }
    },
    {
      "type": "Feature",
      "id": "osm_water_poly_551182935",
      "properties": {
        "osm_id": 551182935,
        "name": "",
        "name_th": "",
        "water": "",
        "natural": "water",
        "landuse": ""
      },
      "geometry": {
        "type": "Polygon",
        "coordinates": [
          [
            [
              99.493692,
              15.637064
            ],
            [
              99.494354,
              15.63726
            ],
            [
              99.494318,
              15.637964
            ],
            [
              99.493707,
              15.637801
            ],
            [
              99.493578,
              15.637715
            ],
            [
              99.493692,
              15.637064
            ]
          ]
        ]
      }
    },
    {
      "type": "Feature",
      "id": "osm_water_poly_551183179",
      "properties": {
        "osm_id": 551183179,
        "name": "",
        "name_th": "",
        "water": "",
        "natural": "water",
        "landuse": ""
      },
      "geometry": {
        "type": "Polygon",
        "coordinates": [
          [
            [
              99.362274,
              15.733138
            ],
            [
              99.362732,
              15.733207
            ],
            [
              99.36292,
              15.73204
            ],
            [
              99.362462,
              15.731971
            ],
            [
              99.362274,
              15.733138
            ]
          ]
        ]
      }
    },
    {
      "type": "Feature",
      "id": "osm_water_poly_551239884",
      "properties": {
        "osm_id": 551239884,
        "name": "",
        "name_th": "",
        "water": "",
        "natural": "water",
        "landuse": ""
      },
      "geometry": {
        "type": "Polygon",
        "coordinates": [
          [
            [
              99.483626,
              15.661707
            ],
            [
              99.482654,
              15.662901
            ],
            [
              99.483665,
              15.663503
            ],
            [
              99.484864,
              15.662218
            ],
            [
              99.483626,
              15.661707
            ]
          ]
        ]
      }
    },
    {
      "type": "Feature",
      "id": "osm_water_poly_551527575",
      "properties": {
        "osm_id": 551527575,
        "name": "",
        "name_th": "",
        "water": "",
        "natural": "water",
        "landuse": ""
      },
      "geometry": {
        "type": "Polygon",
        "coordinates": [
          [
            [
              99.965563,
              15.41347
            ],
            [
              99.965918,
              15.412484
            ],
            [
              99.967017,
              15.413478
            ],
            [
              99.966725,
              15.413959
            ],
            [
              99.965563,
              15.41347
            ]
          ]
        ]
      }
    },
    {
      "type": "Feature",
      "id": "osm_water_poly_551527576",
      "properties": {
        "osm_id": 551527576,
        "name": "",
        "name_th": "",
        "water": "",
        "natural": "water",
        "landuse": ""
      },
      "geometry": {
        "type": "Polygon",
        "coordinates": [
          [
            [
              99.973198,
              15.411711
            ],
            [
              99.973148,
              15.411733
            ],
            [
              99.973075,
              15.411731
            ],
            [
              99.972744,
              15.41168
            ],
            [
              99.972668,
              15.41165
            ],
            [
              99.972628,
              15.411602
            ],
            [
              99.972641,
              15.411482
            ],
            [
              99.972672,
              15.411376
            ],
            [
              99.972735,
              15.411352
            ],
            [
              99.973185,
              15.411429
            ],
            [
              99.97321,
              15.411465
            ],
            [
              99.973234,
              15.41157
            ],
            [
              99.973235,
              15.411666
            ],
            [
              99.973198,
              15.411711
            ]
          ]
        ]
      }
    },
    {
      "type": "Feature",
      "id": "osm_water_poly_551917988",
      "properties": {
        "osm_id": 551917988,
        "name": "",
        "name_th": "",
        "water": "",
        "natural": "water",
        "landuse": ""
      },
      "geometry": {
        "type": "Polygon",
        "coordinates": [
          [
            [
              100.019877,
              15.389745
            ],
            [
              100.019801,
              15.388298
            ],
            [
              100.020578,
              15.388274
            ],
            [
              100.021369,
              15.389285
            ],
            [
              100.020874,
              15.389684
            ],
            [
              100.019877,
              15.389745
            ]
          ]
        ]
      }
    },
    {
      "type": "Feature",
      "id": "osm_water_poly_552088465",
      "properties": {
        "osm_id": 552088465,
        "name": "",
        "name_th": "",
        "water": "",
        "natural": "water",
        "landuse": ""
      },
      "geometry": {
        "type": "Polygon",
        "coordinates": [
          [
            [
              99.978301,
              15.382053
            ],
            [
              99.97841,
              15.38169
            ],
            [
              99.978694,
              15.38177
            ],
            [
              99.978585,
              15.382133
            ],
            [
              99.978301,
              15.382053
            ]
          ]
        ]
      }
    },
    {
      "type": "Feature",
      "id": "osm_water_poly_552125281",
      "properties": {
        "osm_id": 552125281,
        "name": "",
        "name_th": "",
        "water": "reservoir",
        "natural": "water",
        "landuse": ""
      },
      "geometry": {
        "type": "Polygon",
        "coordinates": [
          [
            [
              99.639176,
              15.852938
            ],
            [
              99.639062,
              15.852231
            ],
            [
              99.639049,
              15.851933
            ],
            [
              99.639074,
              15.851796
            ],
            [
              99.639459,
              15.850853
            ],
            [
              99.639746,
              15.850918
            ],
            [
              99.639848,
              15.851698
            ],
            [
              99.639803,
              15.851895
            ],
            [
              99.6395,
              15.852451
            ],
            [
              99.639402,
              15.852741
            ],
            [
              99.63941,
              15.852936
            ],
            [
              99.639176,
              15.852938
            ]
          ]
        ]
      }
    },
    {
      "type": "Feature",
      "id": "osm_water_poly_552143002",
      "properties": {
        "osm_id": 552143002,
        "name": "",
        "name_th": "",
        "water": "",
        "natural": "water",
        "landuse": ""
      },
      "geometry": {
        "type": "Polygon",
        "coordinates": [
          [
            [
              99.970549,
              15.4058
            ],
            [
              99.970376,
              15.405034
            ],
            [
              99.970604,
              15.404945
            ],
            [
              99.97079,
              15.404912
            ],
            [
              99.97095,
              15.4049
            ],
            [
              99.971013,
              15.404912
            ],
            [
              99.971187,
              15.405095
            ],
            [
              99.971216,
              15.405169
            ],
            [
              99.971218,
              15.40526
            ],
            [
              99.971023,
              15.405793
            ],
            [
              99.970549,
              15.4058
            ]
          ]
        ]
      }
    },
    {
      "type": "Feature",
      "id": "osm_water_poly_552143005",
      "properties": {
        "osm_id": 552143005,
        "name": "",
        "name_th": "",
        "water": "",
        "natural": "water",
        "landuse": ""
      },
      "geometry": {
        "type": "Polygon",
        "coordinates": [
          [
            [
              99.971381,
              15.40589
            ],
            [
              99.971601,
              15.405295
            ],
            [
              99.97166,
              15.405242
            ],
            [
              99.971787,
              15.405173
            ],
            [
              99.972467,
              15.404937
            ],
            [
              99.972569,
              15.40569
            ],
            [
              99.972247,
              15.405885
            ],
            [
              99.972007,
              15.405596
            ],
            [
              99.971943,
              15.405551
            ],
            [
              99.971893,
              15.405543
            ],
            [
              99.971812,
              15.405568
            ],
            [
              99.971757,
              15.405637
            ],
            [
              99.97161,
              15.405959
            ],
            [
              99.971381,
              15.40589
            ]
          ]
        ]
      }
    },
    {
      "type": "Feature",
      "id": "osm_water_poly_552241898",
      "properties": {
        "osm_id": 552241898,
        "name": "",
        "name_th": "",
        "water": "",
        "natural": "water",
        "landuse": ""
      },
      "geometry": {
        "type": "Polygon",
        "coordinates": [
          [
            [
              99.850653,
              15.373835
            ],
            [
              99.851234,
              15.373595
            ],
            [
              99.851443,
              15.3741
            ],
            [
              99.850866,
              15.37432
            ],
            [
              99.850735,
              15.374037
            ],
            [
              99.850583,
              15.374098
            ],
            [
              99.850771,
              15.374497
            ],
            [
              99.851646,
              15.374157
            ],
            [
              99.851415,
              15.373642
            ],
            [
              99.851231,
              15.373432
            ],
            [
              99.850498,
              15.373723
            ],
            [
              99.850471,
              15.373947
            ],
            [
              99.850482,
              15.373998
            ],
            [
              99.850507,
              15.374033
            ],
            [
              99.850545,
              15.374049
            ],
            [
              99.850589,
              15.374041
            ],
            [
              99.850718,
              15.37399
            ],
            [
              99.850653,
              15.373835
            ]
          ]
        ]
      }
    },
    {
      "type": "Feature",
      "id": "osm_water_poly_552242974",
      "properties": {
        "osm_id": 552242974,
        "name": "",
        "name_th": "",
        "water": "",
        "natural": "water",
        "landuse": ""
      },
      "geometry": {
        "type": "Polygon",
        "coordinates": [
          [
            [
              99.868959,
              15.389326
            ],
            [
              99.869466,
              15.389371
            ],
            [
              99.869109,
              15.390661
            ],
            [
              99.868752,
              15.390601
            ],
            [
              99.868583,
              15.390181
            ],
            [
              99.868959,
              15.389326
            ]
          ]
        ]
      }
    },
    {
      "type": "Feature",
      "id": "osm_water_poly_552493620",
      "properties": {
        "osm_id": 552493620,
        "name": "",
        "name_th": "",
        "water": "",
        "natural": "water",
        "landuse": ""
      },
      "geometry": {
        "type": "Polygon",
        "coordinates": [
          [
            [
              99.789587,
              15.329478
            ],
            [
              99.788303,
              15.328292
            ],
            [
              99.789434,
              15.328149
            ],
            [
              99.789587,
              15.329478
            ]
          ]
        ]
      }
    },
    {
      "type": "Feature",
      "id": "osm_water_poly_552493623",
      "properties": {
        "osm_id": 552493623,
        "name": "",
        "name_th": "",
        "water": "",
        "natural": "water",
        "landuse": ""
      },
      "geometry": {
        "type": "Polygon",
        "coordinates": [
          [
            [
              99.788404,
              15.329584
            ],
            [
              99.788975,
              15.329405
            ],
            [
              99.78981,
              15.330365
            ],
            [
              99.788636,
              15.330697
            ],
            [
              99.788404,
              15.329584
            ]
          ]
        ]
      }
    },
    {
      "type": "Feature",
      "id": "osm_water_poly_552508501",
      "properties": {
        "osm_id": 552508501,
        "name": "",
        "name_th": "",
        "water": "",
        "natural": "water",
        "landuse": ""
      },
      "geometry": {
        "type": "Polygon",
        "coordinates": [
          [
            [
              99.840056,
              15.329771
            ],
            [
              99.84102,
              15.329653
            ],
            [
              99.841404,
              15.33088
            ],
            [
              99.840114,
              15.330487
            ],
            [
              99.840056,
              15.329771
            ]
          ]
        ]
      }
    },
    {
      "type": "Feature",
      "id": "osm_water_poly_552508948",
      "properties": {
        "osm_id": 552508948,
        "name": "",
        "name_th": "",
        "water": "",
        "natural": "water",
        "landuse": ""
      },
      "geometry": {
        "type": "Polygon",
        "coordinates": [
          [
            [
              99.86039,
              15.333765
            ],
            [
              99.860516,
              15.333823
            ],
            [
              99.860618,
              15.333842
            ],
            [
              99.860766,
              15.333842
            ],
            [
              99.862236,
              15.333773
            ],
            [
              99.862135,
              15.332933
            ],
            [
              99.861361,
              15.33266
            ],
            [
              99.861273,
              15.332823
            ],
            [
              99.86123,
              15.332889
            ],
            [
              99.861188,
              15.332933
            ],
            [
              99.861108,
              15.332991
            ],
            [
              99.860559,
              15.333321
            ],
            [
              99.860647,
              15.333545
            ],
            [
              99.86039,
              15.333765
            ]
          ]
        ]
      }
    },
    {
      "type": "Feature",
      "id": "osm_water_poly_552580666",
      "properties": {
        "osm_id": 552580666,
        "name": "",
        "name_th": "",
        "water": "",
        "natural": "water",
        "landuse": ""
      },
      "geometry": {
        "type": "Polygon",
        "coordinates": [
          [
            [
              99.824752,
              15.464426
            ],
            [
              99.824756,
              15.464037
            ],
            [
              99.825422,
              15.464013
            ],
            [
              99.825422,
              15.464402
            ],
            [
              99.824752,
              15.464426
            ]
          ]
        ]
      }
    },
    {
      "type": "Feature",
      "id": "osm_water_poly_552704518",
      "properties": {
        "osm_id": 552704518,
        "name": "",
        "name_th": "",
        "water": "",
        "natural": "water",
        "landuse": ""
      },
      "geometry": {
        "type": "Polygon",
        "coordinates": [
          [
            [
              99.779125,
              15.456357
            ],
            [
              99.778998,
              15.455526
            ],
            [
              99.780236,
              15.455367
            ],
            [
              99.780312,
              15.456226
            ],
            [
              99.779125,
              15.456357
            ]
          ]
        ]
      }
    },
    {
      "type": "Feature",
      "id": "osm_water_poly_552715370",
      "properties": {
        "osm_id": 552715370,
        "name": "",
        "name_th": "",
        "water": "",
        "natural": "water",
        "landuse": ""
      },
      "geometry": {
        "type": "Polygon",
        "coordinates": [
          [
            [
              99.741315,
              15.534586
            ],
            [
              99.741065,
              15.533776
            ],
            [
              99.740921,
              15.533249
            ],
            [
              99.742206,
              15.533226
            ],
            [
              99.742384,
              15.53317
            ],
            [
              99.742396,
              15.533222
            ],
            [
              99.742251,
              15.533286
            ],
            [
              99.742319,
              15.533676
            ],
            [
              99.742314,
              15.533746
            ],
            [
              99.742285,
              15.533811
            ],
            [
              99.742209,
              15.533892
            ],
            [
              99.741532,
              15.534447
            ],
            [
              99.741315,
              15.534586
            ]
          ]
        ]
      }
    },
    {
      "type": "Feature",
      "id": "osm_water_poly_552715371",
      "properties": {
        "osm_id": 552715371,
        "name": "",
        "name_th": "",
        "water": "",
        "natural": "water",
        "landuse": ""
      },
      "geometry": {
        "type": "Polygon",
        "coordinates": [
          [
            [
              99.826378,
              15.502984
            ],
            [
              99.827005,
              15.50289
            ],
            [
              99.827144,
              15.503753
            ],
            [
              99.826517,
              15.503847
            ],
            [
              99.826378,
              15.502984
            ]
          ]
        ]
      }
    },
    {
      "type": "Feature",
      "id": "osm_water_poly_552715373",
      "properties": {
        "osm_id": 552715373,
        "name": "",
        "name_th": "",
        "water": "",
        "natural": "water",
        "landuse": ""
      },
      "geometry": {
        "type": "Polygon",
        "coordinates": [
          [
            [
              99.735209,
              15.530653
            ],
            [
              99.735036,
              15.529982
            ],
            [
              99.735902,
              15.529798
            ],
            [
              99.736147,
              15.530348
            ],
            [
              99.735747,
              15.530511
            ],
            [
              99.735467,
              15.530588
            ],
            [
              99.735209,
              15.530653
            ]
          ]
        ]
      }
    },
    {
      "type": "Feature",
      "id": "osm_water_poly_552831679",
      "properties": {
        "osm_id": 552831679,
        "name": "",
        "name_th": "",
        "water": "",
        "natural": "water",
        "landuse": ""
      },
      "geometry": {
        "type": "Polygon",
        "coordinates": [
          [
            [
              99.850181,
              15.336224
            ],
            [
              99.850135,
              15.335555
            ],
            [
              99.852689,
              15.335242
            ],
            [
              99.852727,
              15.335982
            ],
            [
              99.850181,
              15.336224
            ]
          ]
        ]
      }
    },
    {
      "type": "Feature",
      "id": "osm_water_poly_552831680",
      "properties": {
        "osm_id": 552831680,
        "name": "",
        "name_th": "",
        "water": "",
        "natural": "water",
        "landuse": ""
      },
      "geometry": {
        "type": "Polygon",
        "coordinates": [
          [
            [
              99.851229,
              15.336723
            ],
            [
              99.852163,
              15.336507
            ],
            [
              99.852289,
              15.336874
            ],
            [
              99.851484,
              15.337153
            ],
            [
              99.851229,
              15.336723
            ]
          ]
        ]
      }
    },
    {
      "type": "Feature",
      "id": "osm_water_poly_552831681",
      "properties": {
        "osm_id": 552831681,
        "name": "",
        "name_th": "",
        "water": "",
        "natural": "water",
        "landuse": ""
      },
      "geometry": {
        "type": "Polygon",
        "coordinates": [
          [
            [
              99.856709,
              15.333745
            ],
            [
              99.855602,
              15.333838
            ],
            [
              99.855526,
              15.333104
            ],
            [
              99.856642,
              15.333003
            ],
            [
              99.856709,
              15.333745
            ]
          ]
        ]
      }
    },
    {
      "type": "Feature",
      "id": "osm_water_poly_553348494",
      "properties": {
        "osm_id": 553348494,
        "name": "",
        "name_th": "",
        "water": "river",
        "natural": "water",
        "landuse": ""
      },
      "geometry": {
        "type": "Polygon",
        "coordinates": [
          [
            [
              99.844364,
              15.309066
            ],
            [
              99.844395,
              15.309128
            ],
            [
              99.84439,
              15.309471
            ],
            [
              99.844434,
              15.309555
            ],
            [
              99.844705,
              15.309788
            ],
            [
              99.84491,
              15.309877
            ],
            [
              99.845208,
              15.309891
            ],
            [
              99.84585,
              15.309862
            ],
            [
              99.846171,
              15.309898
            ],
            [
              99.84645,
              15.309834
            ],
            [
              99.846558,
              15.30985
            ],
            [
              99.847215,
              15.310153
            ],
            [
              99.847736,
              15.310717
            ],
            [
              99.847961,
              15.310766
            ],
            [
              99.848168,
              15.310947
            ],
            [
              99.848599,
              15.311133
            ],
            [
              99.849093,
              15.311084
            ],
            [
              99.84916,
              15.310784
            ],
            [
              99.848862,
              15.310758
            ],
            [
              99.848543,
              15.310626
            ],
            [
              99.848339,
              15.310476
            ],
            [
              99.848189,
              15.310272
            ],
            [
              99.847789,
              15.309866
            ],
            [
              99.847439,
              15.309714
            ],
            [
              99.846793,
              15.309417
            ],
            [
              99.846806,
              15.309383
            ],
            [
              99.846371,
              15.309171
            ],
            [
              99.84529,
              15.308928
            ],
            [
              99.845228,
              15.308926
            ],
            [
              99.844838,
              15.308814
            ],
            [
              99.844784,
              15.308778
            ],
            [
              99.844235,
              15.308739
            ],
            [
              99.844089,
              15.308775
            ],
            [
              99.843699,
              15.308838
            ],
            [
              99.84347,
              15.308785
            ],
            [
              99.843352,
              15.308902
            ],
            [
              99.843352,
              15.309124
            ],
            [
              99.843436,
              15.309208
            ],
            [
              99.844203,
              15.309082
            ],
            [
              99.844364,
              15.309066
            ]
          ]
        ]
      }
    },
    {
      "type": "Feature",
      "id": "osm_water_poly_553543299",
      "properties": {
        "osm_id": 553543299,
        "name": "",
        "name_th": "",
        "water": "",
        "natural": "water",
        "landuse": ""
      },
      "geometry": {
        "type": "Polygon",
        "coordinates": [
          [
            [
              99.718442,
              15.656132
            ],
            [
              99.718256,
              15.655095
            ],
            [
              99.719282,
              15.654924
            ],
            [
              99.719468,
              15.655961
            ],
            [
              99.718442,
              15.656132
            ]
          ]
        ]
      }
    },
    {
      "type": "Feature",
      "id": "osm_water_poly_553543300",
      "properties": {
        "osm_id": 553543300,
        "name": "",
        "name_th": "",
        "water": "",
        "natural": "water",
        "landuse": ""
      },
      "geometry": {
        "type": "Polygon",
        "coordinates": [
          [
            [
              99.70834,
              15.670801
            ],
            [
              99.708168,
              15.669743
            ],
            [
              99.708789,
              15.669649
            ],
            [
              99.708962,
              15.670706
            ],
            [
              99.70834,
              15.670801
            ]
          ]
        ]
      }
    },
    {
      "type": "Feature",
      "id": "osm_water_poly_553651856",
      "properties": {
        "osm_id": 553651856,
        "name": "",
        "name_th": "",
        "water": "",
        "natural": "water",
        "landuse": ""
      },
      "geometry": {
        "type": "Polygon",
        "coordinates": [
          [
            [
              99.79175,
              15.636483
            ],
            [
              99.792984,
              15.636622
            ],
            [
              99.79293,
              15.638087
            ],
            [
              99.791686,
              15.637943
            ],
            [
              99.79175,
              15.636483
            ]
          ]
        ]
      }
    },
    {
      "type": "Feature",
      "id": "osm_water_poly_553664995",
      "properties": {
        "osm_id": 553664995,
        "name": "",
        "name_th": "",
        "water": "",
        "natural": "water",
        "landuse": ""
      },
      "geometry": {
        "type": "Polygon",
        "coordinates": [
          [
            [
              99.69207,
              15.566573
            ],
            [
              99.691917,
              15.565527
            ],
            [
              99.693202,
              15.565353
            ],
            [
              99.693355,
              15.566399
            ],
            [
              99.69207,
              15.566573
            ]
          ]
        ]
      }
    },
    {
      "type": "Feature",
      "id": "osm_water_poly_553874971",
      "properties": {
        "osm_id": 553874971,
        "name": "",
        "name_th": "",
        "water": "",
        "natural": "water",
        "landuse": ""
      },
      "geometry": {
        "type": "Polygon",
        "coordinates": [
          [
            [
              99.846088,
              15.566418
            ],
            [
              99.845266,
              15.566296
            ],
            [
              99.845152,
              15.566258
            ],
            [
              99.845095,
              15.566217
            ],
            [
              99.845074,
              15.566162
            ],
            [
              99.84507,
              15.566089
            ],
            [
              99.845091,
              15.565901
            ],
            [
              99.845055,
              15.565783
            ],
            [
              99.844938,
              15.565714
            ],
            [
              99.84454,
              15.565705
            ],
            [
              99.84442,
              15.56574
            ],
            [
              99.844347,
              15.565831
            ],
            [
              99.844333,
              15.565932
            ],
            [
              99.844386,
              15.566136
            ],
            [
              99.844393,
              15.566232
            ],
            [
              99.844379,
              15.566306
            ],
            [
              99.844348,
              15.566359
            ],
            [
              99.844289,
              15.566419
            ],
            [
              99.843961,
              15.566594
            ],
            [
              99.843813,
              15.566629
            ],
            [
              99.843727,
              15.566624
            ],
            [
              99.843681,
              15.566595
            ],
            [
              99.843565,
              15.566453
            ],
            [
              99.843496,
              15.566347
            ],
            [
              99.843408,
              15.566285
            ],
            [
              99.843087,
              15.566173
            ],
            [
              99.842969,
              15.566107
            ],
            [
              99.842923,
              15.56605
            ],
            [
              99.842911,
              15.565971
            ],
            [
              99.842886,
              15.565604
            ],
            [
              99.842897,
              15.565555
            ],
            [
              99.842915,
              15.565529
            ],
            [
              99.842966,
              15.565484
            ],
            [
              99.843095,
              15.565372
            ],
            [
              99.843147,
              15.565301
            ],
            [
              99.843176,
              15.565207
            ],
            [
              99.843177,
              15.565141
            ],
            [
              99.843173,
              15.56504
            ],
            [
              99.843146,
              15.564864
            ],
            [
              99.843126,
              15.564391
            ],
            [
              99.843084,
              15.564255
            ],
            [
              99.843008,
              15.564156
            ],
            [
              99.842885,
              15.564113
            ],
            [
              99.842709,
              15.564124
            ],
            [
              99.842569,
              15.564155
            ],
            [
              99.842451,
              15.5642
            ],
            [
              99.842389,
              15.564263
            ],
            [
              99.842309,
              15.56459
            ],
            [
              99.842258,
              15.564657
            ],
            [
              99.842181,
              15.564718
            ],
            [
              99.842075,
              15.564759
            ],
            [
              99.842001,
              15.564767
            ],
            [
              99.84193,
              15.564756
            ],
            [
              99.841885,
              15.564736
            ],
            [
              99.841701,
              15.56455
            ],
            [
              99.841589,
              15.564447
            ],
            [
              99.841483,
              15.564376
            ],
            [
              99.841368,
              15.564324
            ],
            [
              99.841112,
              15.564236
            ],
            [
              99.84102,
              15.564179
            ],
            [
              99.840942,
              15.564119
            ],
            [
              99.840961,
              15.564039
            ],
            [
              99.841362,
              15.563383
            ],
            [
              99.841417,
              15.563322
            ],
            [
              99.841506,
              15.563269
            ],
            [
              99.841671,
              15.56322
            ],
            [
              99.841962,
              15.563184
            ],
            [
              99.842321,
              15.563155
            ],
            [
              99.842693,
              15.563078
            ],
            [
              99.843048,
              15.56298
            ],
            [
              99.843196,
              15.562924
            ],
            [
              99.843758,
              15.562647
            ],
            [
              99.843851,
              15.562594
            ],
            [
              99.843919,
              15.56259
            ],
            [
              99.843965,
              15.562614
            ],
            [
              99.84431,
              15.563244
            ],
            [
              99.844354,
              15.563348
            ],
            [
              99.8444,
              15.563564
            ],
            [
              99.844428,
              15.563718
            ],
            [
              99.844495,
              15.563891
            ],
            [
              99.844558,
              15.564027
            ],
            [
              99.844587,
              15.56411
            ],
            [
              99.844598,
              15.56415
            ],
            [
              99.844598,
              15.564189
            ],
            [
              99.844551,
              15.565335
            ],
            [
              99.844566,
              15.56541
            ],
            [
              99.844625,
              15.565472
            ],
            [
              99.844699,
              15.565493
            ],
            [
              99.84505,
              15.56554
            ],
            [
              99.845194,
              15.565616
            ],
            [
              99.84528,
              15.56572
            ],
            [
              99.845328,
              15.565829
            ],
            [
              99.845287,
              15.565978
            ],
            [
              99.845262,
              15.566084
            ],
            [
              99.845279,
              15.566128
            ],
            [
              99.845328,
              15.566151
            ],
            [
              99.846123,
              15.566263
            ],
            [
              99.846088,
              15.566418
            ]
          ]
        ]
      }
    },
    {
      "type": "Feature",
      "id": "osm_water_poly_553923407",
      "properties": {
        "osm_id": 553923407,
        "name": "",
        "name_th": "",
        "water": "",
        "natural": "water",
        "landuse": ""
      },
      "geometry": {
        "type": "Polygon",
        "coordinates": [
          [
            [
              99.891887,
              15.639729
            ],
            [
              99.891329,
              15.639701
            ],
            [
              99.891312,
              15.639164
            ],
            [
              99.891785,
              15.639164
            ],
            [
              99.891789,
              15.639095
            ],
            [
              99.891877,
              15.639099
            ],
            [
              99.891887,
              15.639729
            ]
          ]
        ]
      }
    },
    {
      "type": "Feature",
      "id": "osm_water_poly_553923409",
      "properties": {
        "osm_id": 553923409,
        "name": "",
        "name_th": "",
        "water": "",
        "natural": "water",
        "landuse": ""
      },
      "geometry": {
        "type": "Polygon",
        "coordinates": [
          [
            [
              99.887394,
              15.640877
            ],
            [
              99.887196,
              15.640136
            ],
            [
              99.887965,
              15.640381
            ],
            [
              99.888059,
              15.640449
            ],
            [
              99.888274,
              15.640706
            ],
            [
              99.888375,
              15.640771
            ],
            [
              99.889153,
              15.641153
            ],
            [
              99.888493,
              15.641646
            ],
            [
              99.887394,
              15.640877
            ]
          ]
        ]
      }
    },
    {
      "type": "Feature",
      "id": "osm_water_poly_553989272",
      "properties": {
        "osm_id": 553989272,
        "name": "",
        "name_th": "",
        "water": "",
        "natural": "water",
        "landuse": ""
      },
      "geometry": {
        "type": "Polygon",
        "coordinates": [
          [
            [
              99.901263,
              15.591883
            ],
            [
              99.901514,
              15.591862
            ],
            [
              99.901436,
              15.590979
            ],
            [
              99.901185,
              15.590999
            ],
            [
              99.901263,
              15.591883
            ]
          ]
        ]
      }
    },
    {
      "type": "Feature",
      "id": "osm_water_poly_553989274",
      "properties": {
        "osm_id": 553989274,
        "name": "",
        "name_th": "",
        "water": "",
        "natural": "water",
        "landuse": ""
      },
      "geometry": {
        "type": "Polygon",
        "coordinates": [
          [
            [
              99.899158,
              15.581634
            ],
            [
              99.899057,
              15.581298
            ],
            [
              99.899512,
              15.581171
            ],
            [
              99.899614,
              15.581506
            ],
            [
              99.899158,
              15.581634
            ]
          ]
        ]
      }
    },
    {
      "type": "Feature",
      "id": "osm_water_poly_553989275",
      "properties": {
        "osm_id": 553989275,
        "name": "",
        "name_th": "",
        "water": "",
        "natural": "water",
        "landuse": ""
      },
      "geometry": {
        "type": "Polygon",
        "coordinates": [
          [
            [
              99.907369,
              15.585681
            ],
            [
              99.906802,
              15.584981
            ],
            [
              99.908117,
              15.584598
            ],
            [
              99.908239,
              15.58575
            ],
            [
              99.907369,
              15.585681
            ]
          ]
        ]
      }
    },
    {
      "type": "Feature",
      "id": "osm_water_poly_554174358",
      "properties": {
        "osm_id": 554174358,
        "name": "",
        "name_th": "",
        "water": "",
        "natural": "water",
        "landuse": ""
      },
      "geometry": {
        "type": "Polygon",
        "coordinates": [
          [
            [
              99.628825,
              15.508882
            ],
            [
              99.629591,
              15.508693
            ],
            [
              99.629845,
              15.509651
            ],
            [
              99.629079,
              15.50984
            ],
            [
              99.628825,
              15.508882
            ]
          ]
        ]
      }
    },
    {
      "type": "Feature",
      "id": "osm_water_poly_554179634",
      "properties": {
        "osm_id": 554179634,
        "name": "",
        "name_th": "",
        "water": "",
        "natural": "water",
        "landuse": ""
      },
      "geometry": {
        "type": "Polygon",
        "coordinates": [
          [
            [
              99.821625,
              15.556044
            ],
            [
              99.82056,
              15.556243
            ],
            [
              99.820469,
              15.556241
            ],
            [
              99.82041,
              15.556196
            ],
            [
              99.820372,
              15.556139
            ],
            [
              99.820288,
              15.555667
            ],
            [
              99.820178,
              15.555191
            ],
            [
              99.820158,
              15.555034
            ],
            [
              99.82019,
              15.554882
            ],
            [
              99.82025,
              15.554698
            ],
            [
              99.820336,
              15.55453
            ],
            [
              99.820459,
              15.554391
            ],
            [
              99.820763,
              15.554143
            ],
            [
              99.82083,
              15.554073
            ],
            [
              99.820864,
              15.55398
            ],
            [
              99.820868,
              15.553882
            ],
            [
              99.820851,
              15.553805
            ],
            [
              99.820782,
              15.553685
            ],
            [
              99.820769,
              15.553612
            ],
            [
              99.820809,
              15.553536
            ],
            [
              99.820921,
              15.553575
            ],
            [
              99.821012,
              15.553561
            ],
            [
              99.821067,
              15.553524
            ],
            [
              99.821099,
              15.553453
            ],
            [
              99.821116,
              15.553306
            ],
            [
              99.821175,
              15.553164
            ],
            [
              99.82124,
              15.553097
            ],
            [
              99.821316,
              15.553076
            ],
            [
              99.821377,
              15.553091
            ],
            [
              99.821878,
              15.553524
            ],
            [
              99.821849,
              15.553585
            ],
            [
              99.821845,
              15.553699
            ],
            [
              99.821861,
              15.553829
            ],
            [
              99.821956,
              15.554059
            ],
            [
              99.822014,
              15.554306
            ],
            [
              99.822015,
              15.554405
            ],
            [
              99.821969,
              15.554487
            ],
            [
              99.821887,
              15.554538
            ],
            [
              99.821735,
              15.554578
            ],
            [
              99.821506,
              15.554595
            ],
            [
              99.821282,
              15.554578
            ],
            [
              99.821141,
              15.554625
            ],
            [
              99.82101,
              15.554706
            ],
            [
              99.820927,
              15.554806
            ],
            [
              99.820881,
              15.55494
            ],
            [
              99.82086,
              15.555087
            ],
            [
              99.820875,
              15.555227
            ],
            [
              99.820921,
              15.555345
            ],
            [
              99.821018,
              15.555488
            ],
            [
              99.821126,
              15.555563
            ],
            [
              99.82128,
              15.555622
            ],
            [
              99.821418,
              15.555629
            ],
            [
              99.821629,
              15.555592
            ],
            [
              99.821933,
              15.555514
            ],
            [
              99.822204,
              15.555462
            ],
            [
              99.822851,
              15.555378
            ],
            [
              99.823095,
              15.555327
            ],
            [
              99.823721,
              15.555148
            ],
            [
              99.823852,
              15.555079
            ],
            [
              99.823928,
              15.554989
            ],
            [
              99.823979,
              15.554873
            ],
            [
              99.824042,
              15.554615
            ],
            [
              99.824178,
              15.554601
            ],
            [
              99.824198,
              15.55488
            ],
            [
              99.824249,
              15.555144
            ],
            [
              99.824313,
              15.55541
            ],
            [
              99.824389,
              15.555585
            ],
            [
              99.824566,
              15.555898
            ],
            [
              99.824528,
              15.555952
            ],
            [
              99.824278,
              15.555848
            ],
            [
              99.823678,
              15.55573
            ],
            [
              99.823442,
              15.55571
            ],
            [
              99.823307,
              15.555726
            ],
            [
              99.823202,
              15.555772
            ],
            [
              99.823112,
              15.555857
            ],
            [
              99.823019,
              15.556068
            ],
            [
              99.822976,
              15.556248
            ],
            [
              99.822875,
              15.556264
            ],
            [
              99.822846,
              15.556032
            ],
            [
              99.822808,
              15.55591
            ],
            [
              99.822749,
              15.555857
            ],
            [
              99.822664,
              15.55584
            ],
            [
              99.822546,
              15.555857
            ],
            [
              99.821625,
              15.556044
            ]
          ]
        ]
      }
    },
    {
      "type": "Feature",
      "id": "osm_water_poly_554179635",
      "properties": {
        "osm_id": 554179635,
        "name": "",
        "name_th": "",
        "water": "",
        "natural": "water",
        "landuse": ""
      },
      "geometry": {
        "type": "Polygon",
        "coordinates": [
          [
            [
              99.821874,
              15.553298
            ],
            [
              99.82161,
              15.553017
            ],
            [
              99.821602,
              15.552985
            ],
            [
              99.821612,
              15.552952
            ],
            [
              99.821646,
              15.552925
            ],
            [
              99.821743,
              15.552911
            ],
            [
              99.822039,
              15.552901
            ],
            [
              99.82217,
              15.552885
            ],
            [
              99.822279,
              15.552861
            ],
            [
              99.822328,
              15.552854
            ],
            [
              99.822375,
              15.552862
            ],
            [
              99.822484,
              15.552896
            ],
            [
              99.822551,
              15.552905
            ],
            [
              99.822688,
              15.552903
            ],
            [
              99.822848,
              15.552893
            ],
            [
              99.82292,
              15.552879
            ],
            [
              99.822992,
              15.55285
            ],
            [
              99.823059,
              15.552795
            ],
            [
              99.823112,
              15.55272
            ],
            [
              99.82314,
              15.552645
            ],
            [
              99.82314,
              15.552573
            ],
            [
              99.823105,
              15.552457
            ],
            [
              99.823061,
              15.552388
            ],
            [
              99.822999,
              15.552346
            ],
            [
              99.822905,
              15.552279
            ],
            [
              99.822858,
              15.552218
            ],
            [
              99.822832,
              15.552147
            ],
            [
              99.822849,
              15.552094
            ],
            [
              99.822899,
              15.552054
            ],
            [
              99.822975,
              15.552039
            ],
            [
              99.823059,
              15.552043
            ],
            [
              99.823116,
              15.552074
            ],
            [
              99.823175,
              15.552143
            ],
            [
              99.823358,
              15.552547
            ],
            [
              99.823431,
              15.552658
            ],
            [
              99.82351,
              15.552768
            ],
            [
              99.823804,
              15.553063
            ],
            [
              99.823897,
              15.553181
            ],
            [
              99.823973,
              15.553308
            ],
            [
              99.824047,
              15.553511
            ],
            [
              99.824081,
              15.553738
            ],
            [
              99.824099,
              15.553992
            ],
            [
              99.824129,
              15.554157
            ],
            [
              99.824161,
              15.554297
            ],
            [
              99.824095,
              15.554314
            ],
            [
              99.824038,
              15.554201
            ],
            [
              99.823969,
              15.554104
            ],
            [
              99.823909,
              15.554059
            ],
            [
              99.82385,
              15.554033
            ],
            [
              99.823765,
              15.554016
            ],
            [
              99.823694,
              15.554018
            ],
            [
              99.823624,
              15.554043
            ],
            [
              99.823164,
              15.554244
            ],
            [
              99.823115,
              15.554246
            ],
            [
              99.823064,
              15.554232
            ],
            [
              99.823029,
              15.554206
            ],
            [
              99.82301,
              15.554167
            ],
            [
              99.822948,
              15.553909
            ],
            [
              99.822937,
              15.553795
            ],
            [
              99.822931,
              15.553691
            ],
            [
              99.822908,
              15.553548
            ],
            [
              99.822872,
              15.553416
            ],
            [
              99.822834,
              15.553339
            ],
            [
              99.822771,
              15.553265
            ],
            [
              99.822672,
              15.553178
            ],
            [
              99.822592,
              15.553128
            ],
            [
              99.822449,
              15.553094
            ],
            [
              99.822354,
              15.553082
            ],
            [
              99.822259,
              15.553088
            ],
            [
              99.822138,
              15.55313
            ],
            [
              99.822,
              15.553211
            ],
            [
              99.821914,
              15.553291
            ],
            [
              99.821874,
              15.553298
            ]
          ]
        ]
      }
    },
    {
      "type": "Feature",
      "id": "osm_water_poly_554179687",
      "properties": {
        "osm_id": 554179687,
        "name": "",
        "name_th": "",
        "water": "",
        "natural": "water",
        "landuse": ""
      },
      "geometry": {
        "type": "Polygon",
        "coordinates": [
          [
            [
              99.823159,
              15.556811
            ],
            [
              99.823033,
              15.556757
            ],
            [
              99.822961,
              15.5567
            ],
            [
              99.822922,
              15.556624
            ],
            [
              99.822905,
              15.556534
            ],
            [
              99.82289,
              15.556432
            ],
            [
              99.82299,
              15.556412
            ],
            [
              99.823019,
              15.556506
            ],
            [
              99.823054,
              15.55657
            ],
            [
              99.823088,
              15.556615
            ],
            [
              99.823138,
              15.556648
            ],
            [
              99.823261,
              15.556689
            ],
            [
              99.823489,
              15.556721
            ],
            [
              99.824139,
              15.556859
            ],
            [
              99.824537,
              15.556965
            ],
            [
              99.824621,
              15.557018
            ],
            [
              99.824702,
              15.557088
            ],
            [
              99.824731,
              15.557157
            ],
            [
              99.82474,
              15.557271
            ],
            [
              99.824676,
              15.557511
            ],
            [
              99.824567,
              15.557877
            ],
            [
              99.82441,
              15.558231
            ],
            [
              99.824359,
              15.558285
            ],
            [
              99.824262,
              15.558326
            ],
            [
              99.823975,
              15.558391
            ],
            [
              99.823865,
              15.558448
            ],
            [
              99.82381,
              15.558509
            ],
            [
              99.823763,
              15.558598
            ],
            [
              99.823751,
              15.558773
            ],
            [
              99.823683,
              15.558777
            ],
            [
              99.823645,
              15.55845
            ],
            [
              99.823615,
              15.558386
            ],
            [
              99.823536,
              15.558279
            ],
            [
              99.82351,
              15.558199
            ],
            [
              99.823506,
              15.558047
            ],
            [
              99.823556,
              15.55723
            ],
            [
              99.823561,
              15.557108
            ],
            [
              99.823535,
              15.557035
            ],
            [
              99.823476,
              15.556982
            ],
            [
              99.823159,
              15.556811
            ]
          ]
        ]
      }
    },
    {
      "type": "Feature",
      "id": "osm_water_poly_554179688",
      "properties": {
        "osm_id": 554179688,
        "name": "",
        "name_th": "",
        "water": "",
        "natural": "water",
        "landuse": ""
      },
      "geometry": {
        "type": "Polygon",
        "coordinates": [
          [
            [
              99.823491,
              15.560693
            ],
            [
              99.823527,
              15.560715
            ],
            [
              99.823611,
              15.560723
            ],
            [
              99.823747,
              15.560705
            ],
            [
              99.82381,
              15.56065
            ],
            [
              99.823826,
              15.56058
            ],
            [
              99.823865,
              15.559799
            ],
            [
              99.823857,
              15.559402
            ],
            [
              99.823826,
              15.559188
            ],
            [
              99.823789,
              15.559119
            ],
            [
              99.823734,
              15.559087
            ],
            [
              99.82367,
              15.559095
            ],
            [
              99.823611,
              15.559143
            ],
            [
              99.823522,
              15.559257
            ],
            [
              99.823502,
              15.559366
            ],
            [
              99.823493,
              15.559612
            ],
            [
              99.823527,
              15.559842
            ],
            [
              99.823531,
              15.559937
            ],
            [
              99.823501,
              15.560096
            ],
            [
              99.823451,
              15.560336
            ],
            [
              99.823447,
              15.560485
            ],
            [
              99.82347,
              15.56066
            ],
            [
              99.823491,
              15.560693
            ]
          ]
        ]
      }
    },
    {
      "type": "Feature",
      "id": "osm_water_poly_554180581",
      "properties": {
        "osm_id": 554180581,
        "name": "",
        "name_th": "",
        "water": "",
        "natural": "water",
        "landuse": ""
      },
      "geometry": {
        "type": "Polygon",
        "coordinates": [
          [
            [
              99.855179,
              15.592552
            ],
            [
              99.855444,
              15.592041
            ],
            [
              99.856151,
              15.592381
            ],
            [
              99.855886,
              15.592892
            ],
            [
              99.855179,
              15.592552
            ]
          ]
        ]
      }
    },
    {
      "type": "Feature",
      "id": "osm_water_poly_554180582",
      "properties": {
        "osm_id": 554180582,
        "name": "",
        "name_th": "",
        "water": "",
        "natural": "water",
        "landuse": ""
      },
      "geometry": {
        "type": "Polygon",
        "coordinates": [
          [
            [
              99.848821,
              15.594077
            ],
            [
              99.849315,
              15.594228
            ],
            [
              99.849095,
              15.594894
            ],
            [
              99.848601,
              15.594742
            ],
            [
              99.848821,
              15.594077
            ]
          ]
        ]
      }
    },
    {
      "type": "Feature",
      "id": "osm_water_poly_554367598",
      "properties": {
        "osm_id": 554367598,
        "name": "",
        "name_th": "",
        "water": "",
        "natural": "water",
        "landuse": ""
      },
      "geometry": {
        "type": "Polygon",
        "coordinates": [
          [
            [
              99.516867,
              15.460969
            ],
            [
              99.519509,
              15.460144
            ],
            [
              99.519683,
              15.459757
            ],
            [
              99.519793,
              15.459606
            ],
            [
              99.519871,
              15.459552
            ],
            [
              99.51997,
              15.459505
            ],
            [
              99.519898,
              15.459138
            ],
            [
              99.519822,
              15.45911
            ],
            [
              99.519696,
              15.459093
            ],
            [
              99.519623,
              15.459053
            ],
            [
              99.519554,
              15.458994
            ],
            [
              99.519514,
              15.45891
            ],
            [
              99.519484,
              15.458751
            ],
            [
              99.519387,
              15.458564
            ],
            [
              99.519262,
              15.458387
            ],
            [
              99.519121,
              15.458217
            ],
            [
              99.518899,
              15.458041
            ],
            [
              99.518669,
              15.457896
            ],
            [
              99.518532,
              15.457829
            ],
            [
              99.518369,
              15.457802
            ],
            [
              99.518182,
              15.457794
            ],
            [
              99.518064,
              15.45777
            ],
            [
              99.517949,
              15.457707
            ],
            [
              99.51787,
              15.457643
            ],
            [
              99.517807,
              15.457562
            ],
            [
              99.517754,
              15.457463
            ],
            [
              99.517726,
              15.457391
            ],
            [
              99.517676,
              15.457362
            ],
            [
              99.517231,
              15.457459
            ],
            [
              99.517104,
              15.457447
            ],
            [
              99.516847,
              15.457387
            ],
            [
              99.51683,
              15.457696
            ],
            [
              99.51692,
              15.45777
            ],
            [
              99.517008,
              15.45788
            ],
            [
              99.517017,
              15.457969
            ],
            [
              99.517008,
              15.458132
            ],
            [
              99.517003,
              15.458281
            ],
            [
              99.517012,
              15.458389
            ],
            [
              99.517033,
              15.45849
            ],
            [
              99.517075,
              15.458591
            ],
            [
              99.517244,
              15.458896
            ],
            [
              99.517262,
              15.458967
            ],
            [
              99.517245,
              15.459065
            ],
            [
              99.517197,
              15.459161
            ],
            [
              99.517181,
              15.459236
            ],
            [
              99.517201,
              15.459303
            ],
            [
              99.517277,
              15.459417
            ],
            [
              99.517302,
              15.459482
            ],
            [
              99.517302,
              15.459576
            ],
            [
              99.517273,
              15.459645
            ],
            [
              99.517197,
              15.459727
            ],
            [
              99.516973,
              15.459893
            ],
            [
              99.516877,
              15.45996
            ],
            [
              99.516847,
              15.460038
            ],
            [
              99.516847,
              15.460144
            ],
            [
              99.516877,
              15.460241
            ],
            [
              99.516952,
              15.460354
            ],
            [
              99.51702,
              15.460451
            ],
            [
              99.517032,
              15.460521
            ],
            [
              99.517004,
              15.460572
            ],
            [
              99.516923,
              15.46061
            ],
            [
              99.516653,
              15.460596
            ],
            [
              99.51659,
              15.460617
            ],
            [
              99.516568,
              15.460686
            ],
            [
              99.516585,
              15.460787
            ],
            [
              99.516627,
              15.460875
            ],
            [
              99.516682,
              15.460928
            ],
            [
              99.516867,
              15.460969
            ]
          ]
        ]
      }
    },
    {
      "type": "Feature",
      "id": "osm_water_poly_554369706",
      "properties": {
        "osm_id": 554369706,
        "name": "",
        "name_th": "",
        "water": "",
        "natural": "water",
        "landuse": ""
      },
      "geometry": {
        "type": "Polygon",
        "coordinates": [
          [
            [
              99.514667,
              15.559252
            ],
            [
              99.515092,
              15.55877
            ],
            [
              99.51574,
              15.559349
            ],
            [
              99.516179,
              15.559992
            ],
            [
              99.515631,
              15.560086
            ],
            [
              99.51555,
              15.560078
            ],
            [
              99.515132,
              15.55976
            ],
            [
              99.514667,
              15.559252
            ]
          ]
        ]
      }
    },
    {
      "type": "Feature",
      "id": "osm_water_poly_554369707",
      "properties": {
        "osm_id": 554369707,
        "name": "",
        "name_th": "",
        "water": "",
        "natural": "water",
        "landuse": ""
      },
      "geometry": {
        "type": "Polygon",
        "coordinates": [
          [
            [
              99.511684,
              15.562224
            ],
            [
              99.512942,
              15.56246
            ],
            [
              99.512951,
              15.56136
            ],
            [
              99.511726,
              15.561124
            ],
            [
              99.511684,
              15.562224
            ]
          ]
        ]
      }
    },
    {
      "type": "Feature",
      "id": "osm_water_poly_554369708",
      "properties": {
        "osm_id": 554369708,
        "name": "",
        "name_th": "",
        "water": "",
        "natural": "water",
        "landuse": ""
      },
      "geometry": {
        "type": "Polygon",
        "coordinates": [
          [
            [
              99.513553,
              15.558315
            ],
            [
              99.513995,
              15.557823
            ],
            [
              99.514946,
              15.55862
            ],
            [
              99.514498,
              15.559162
            ],
            [
              99.513553,
              15.558315
            ]
          ]
        ]
      }
    },
    {
      "type": "Feature",
      "id": "osm_water_poly_554388160",
      "properties": {
        "osm_id": 554388160,
        "name": "",
        "name_th": "",
        "water": "",
        "natural": "water",
        "landuse": ""
      },
      "geometry": {
        "type": "Polygon",
        "coordinates": [
          [
            [
              99.531284,
              15.502709
            ],
            [
              99.531254,
              15.502421
            ],
            [
              99.532068,
              15.502198
            ],
            [
              99.532115,
              15.502491
            ],
            [
              99.531284,
              15.502709
            ]
          ]
        ]
      }
    },
    {
      "type": "Feature",
      "id": "osm_water_poly_554388165",
      "properties": {
        "osm_id": 554388165,
        "name": "",
        "name_th": "",
        "water": "",
        "natural": "water",
        "landuse": ""
      },
      "geometry": {
        "type": "Polygon",
        "coordinates": [
          [
            [
              99.531305,
              15.502831
            ],
            [
              99.531344,
              15.502792
            ],
            [
              99.532087,
              15.502589
            ],
            [
              99.532131,
              15.502621
            ],
            [
              99.532038,
              15.503517
            ],
            [
              99.531991,
              15.50355
            ],
            [
              99.531294,
              15.503737
            ],
            [
              99.531263,
              15.503703
            ],
            [
              99.531305,
              15.502831
            ]
          ]
        ]
      }
    },
    {
      "type": "Feature",
      "id": "osm_water_poly_554393028",
      "properties": {
        "osm_id": 554393028,
        "name": "",
        "name_th": "",
        "water": "",
        "natural": "water",
        "landuse": ""
      },
      "geometry": {
        "type": "Polygon",
        "coordinates": [
          [
            [
              99.457052,
              15.558409
            ],
            [
              99.457069,
              15.557949
            ],
            [
              99.458227,
              15.557994
            ],
            [
              99.458244,
              15.55757
            ],
            [
              99.459089,
              15.557277
            ],
            [
              99.45922,
              15.557684
            ],
            [
              99.459279,
              15.557737
            ],
            [
              99.460608,
              15.557898
            ],
            [
              99.459894,
              15.55876
            ],
            [
              99.458695,
              15.558496
            ],
            [
              99.458458,
              15.55848
            ],
            [
              99.458213,
              15.55848
            ],
            [
              99.457052,
              15.558409
            ]
          ]
        ]
      }
    },
    {
      "type": "Feature",
      "id": "osm_water_poly_554602257",
      "properties": {
        "osm_id": 554602257,
        "name": "",
        "name_th": "",
        "water": "",
        "natural": "water",
        "landuse": ""
      },
      "geometry": {
        "type": "Polygon",
        "coordinates": [
          [
            [
              99.964988,
              15.466442
            ],
            [
              99.964858,
              15.466345
            ],
            [
              99.96477,
              15.466211
            ],
            [
              99.964735,
              15.466056
            ],
            [
              99.964757,
              15.465899
            ],
            [
              99.964827,
              15.465766
            ],
            [
              99.964947,
              15.465657
            ],
            [
              99.965097,
              15.465594
            ],
            [
              99.965299,
              15.465589
            ],
            [
              99.965452,
              15.465646
            ],
            [
              99.965577,
              15.46575
            ],
            [
              99.965664,
              15.465913
            ],
            [
              99.965681,
              15.466071
            ],
            [
              99.965641,
              15.466224
            ],
            [
              99.965492,
              15.466403
            ],
            [
              99.965346,
              15.466475
            ],
            [
              99.965182,
              15.466494
            ],
            [
              99.964988,
              15.466442
            ]
          ]
        ]
      }
    },
    {
      "type": "Feature",
      "id": "osm_water_poly_554787483",
      "properties": {
        "osm_id": 554787483,
        "name": "",
        "name_th": "",
        "water": "river",
        "natural": "water",
        "landuse": ""
      },
      "geometry": {
        "type": "Polygon",
        "coordinates": [
          [
            [
              99.745589,
              15.677759
            ],
            [
              99.745684,
              15.677462
            ],
            [
              99.745762,
              15.677304
            ],
            [
              99.745866,
              15.677149
            ],
            [
              99.745959,
              15.677031
            ],
            [
              99.746066,
              15.676951
            ],
            [
              99.746201,
              15.67688
            ],
            [
              99.746396,
              15.676813
            ],
            [
              99.746447,
              15.676978
            ],
            [
              99.746261,
              15.677055
            ],
            [
              99.746134,
              15.67714
            ],
            [
              99.746019,
              15.677252
            ],
            [
              99.745941,
              15.677352
            ],
            [
              99.745901,
              15.677438
            ],
            [
              99.745849,
              15.677584
            ],
            [
              99.745682,
              15.678296
            ],
            [
              99.745653,
              15.678457
            ],
            [
              99.74565,
              15.678503
            ],
            [
              99.745659,
              15.678552
            ],
            [
              99.745716,
              15.67864
            ],
            [
              99.745862,
              15.678768
            ],
            [
              99.745922,
              15.678798
            ],
            [
              99.745992,
              15.678813
            ],
            [
              99.746066,
              15.678815
            ],
            [
              99.746189,
              15.678797
            ],
            [
              99.746428,
              15.678744
            ],
            [
              99.746543,
              15.678706
            ],
            [
              99.746645,
              15.678648
            ],
            [
              99.746713,
              15.678626
            ],
            [
              99.746833,
              15.678603
            ],
            [
              99.746948,
              15.678593
            ],
            [
              99.74698,
              15.678649
            ],
            [
              99.746902,
              15.678667
            ],
            [
              99.746792,
              15.67868
            ],
            [
              99.746716,
              15.678694
            ],
            [
              99.746656,
              15.678715
            ],
            [
              99.746574,
              15.678762
            ],
            [
              99.746469,
              15.678798
            ],
            [
              99.746155,
              15.678866
            ],
            [
              99.746035,
              15.678884
            ],
            [
              99.745944,
              15.678882
            ],
            [
              99.745876,
              15.678868
            ],
            [
              99.745792,
              15.678835
            ],
            [
              99.745688,
              15.678752
            ],
            [
              99.745401,
              15.678486
            ],
            [
              99.745287,
              15.678384
            ],
            [
              99.745272,
              15.678347
            ],
            [
              99.745276,
              15.678306
            ],
            [
              99.745295,
              15.678258
            ],
            [
              99.745384,
              15.678178
            ],
            [
              99.745445,
              15.678113
            ],
            [
              99.745473,
              15.67803
            ],
            [
              99.745589,
              15.677759
            ]
          ]
        ]
      }
    },
    {
      "type": "Feature",
      "id": "osm_water_poly_645586639",
      "properties": {
        "osm_id": 645586639,
        "name": "",
        "name_th": "",
        "water": "",
        "natural": "water",
        "landuse": ""
      },
      "geometry": {
        "type": "Polygon",
        "coordinates": [
          [
            [
              99.47927,
              15.969612
            ],
            [
              99.479989,
              15.96953
            ],
            [
              99.47971,
              15.967704
            ],
            [
              99.478988,
              15.967853
            ],
            [
              99.47927,
              15.969612
            ]
          ]
        ]
      }
    },
    {
      "type": "Feature",
      "id": "osm_water_poly_645589679",
      "properties": {
        "osm_id": 645589679,
        "name": "",
        "name_th": "",
        "water": "",
        "natural": "water",
        "landuse": ""
      },
      "geometry": {
        "type": "Polygon",
        "coordinates": [
          [
            [
              99.508635,
              15.90921
            ],
            [
              99.509533,
              15.908925
            ],
            [
              99.509215,
              15.908086
            ],
            [
              99.508507,
              15.908746
            ],
            [
              99.508635,
              15.90921
            ]
          ]
        ]
      }
    },
    {
      "type": "Feature",
      "id": "osm_water_poly_757113984",
      "properties": {
        "osm_id": 757113984,
        "name": "",
        "name_th": "",
        "water": "pond",
        "natural": "water",
        "landuse": ""
      },
      "geometry": {
        "type": "Polygon",
        "coordinates": [
          [
            [
              99.441829,
              15.986228
            ],
            [
              99.442655,
              15.986022
            ],
            [
              99.442409,
              15.985413
            ],
            [
              99.441958,
              15.984681
            ],
            [
              99.441851,
              15.984753
            ],
            [
              99.441797,
              15.984568
            ],
            [
              99.44169,
              15.984661
            ],
            [
              99.441872,
              15.985444
            ],
            [
              99.441829,
              15.986228
            ]
          ]
        ]
      }
    },
    {
      "type": "Feature",
      "id": "osm_water_poly_757114764",
      "properties": {
        "osm_id": 757114764,
        "name": "",
        "name_th": "",
        "water": "pond",
        "natural": "water",
        "landuse": ""
      },
      "geometry": {
        "type": "Polygon",
        "coordinates": [
          [
            [
              99.508275,
              15.639868
            ],
            [
              99.509078,
              15.639904
            ],
            [
              99.509273,
              15.6393
            ],
            [
              99.508442,
              15.63932
            ],
            [
              99.508275,
              15.639868
            ]
          ]
        ]
      }
    },
    {
      "type": "Feature",
      "id": "osm_water_poly_757119714",
      "properties": {
        "osm_id": 757119714,
        "name": "",
        "name_th": "",
        "water": "pond",
        "natural": "water",
        "landuse": ""
      },
      "geometry": {
        "type": "Polygon",
        "coordinates": [
          [
            [
              99.60941,
              15.506351
            ],
            [
              99.611192,
              15.506661
            ],
            [
              99.61157,
              15.504934
            ],
            [
              99.610969,
              15.503362
            ],
            [
              99.610097,
              15.504387
            ],
            [
              99.609496,
              15.505772
            ],
            [
              99.60941,
              15.506351
            ]
          ]
        ]
      }
    },
    {
      "type": "Feature",
      "id": "osm_water_poly_765059001",
      "properties": {
        "osm_id": 765059001,
        "name": "",
        "name_th": "",
        "water": "pond",
        "natural": "water",
        "landuse": ""
      },
      "geometry": {
        "type": "Polygon",
        "coordinates": [
          [
            [
              99.793615,
              15.445128
            ],
            [
              99.794655,
              15.445666
            ],
            [
              99.794952,
              15.445482
            ],
            [
              99.794527,
              15.444683
            ],
            [
              99.793615,
              15.445128
            ]
          ]
        ]
      }
    },
    {
      "type": "Feature",
      "id": "osm_water_poly_765059003",
      "properties": {
        "osm_id": 765059003,
        "name": "",
        "name_th": "",
        "water": "pond",
        "natural": "water",
        "landuse": ""
      },
      "geometry": {
        "type": "Polygon",
        "coordinates": [
          [
            [
              99.805406,
              15.45277
            ],
            [
              99.807569,
              15.452886
            ],
            [
              99.807558,
              15.452431
            ],
            [
              99.806639,
              15.452098
            ],
            [
              99.806532,
              15.45215
            ],
            [
              99.805921,
              15.452087
            ],
            [
              99.805756,
              15.452173
            ],
            [
              99.805406,
              15.45277
            ]
          ]
        ]
      }
    },
    {
      "type": "Feature",
      "id": "osm_water_poly_777892135",
      "properties": {
        "osm_id": 777892135,
        "name": "",
        "name_th": "",
        "water": "pond",
        "natural": "water",
        "landuse": ""
      },
      "geometry": {
        "type": "Polygon",
        "coordinates": [
          [
            [
              99.726333,
              15.481185
            ],
            [
              99.727299,
              15.480089
            ],
            [
              99.730547,
              15.47559
            ],
            [
              99.730517,
              15.475291
            ],
            [
              99.72938,
              15.474195
            ],
            [
              99.729208,
              15.473492
            ],
            [
              99.729251,
              15.472272
            ],
            [
              99.728402,
              15.472385
            ],
            [
              99.727835,
              15.473368
            ],
            [
              99.727878,
              15.475167
            ],
            [
              99.727543,
              15.476045
            ],
            [
              99.727127,
              15.476449
            ],
            [
              99.726547,
              15.476553
            ],
            [
              99.725998,
              15.4765
            ],
            [
              99.724882,
              15.476314
            ],
            [
              99.724432,
              15.476562
            ],
            [
              99.724595,
              15.476925
            ],
            [
              99.724389,
              15.47741
            ],
            [
              99.724938,
              15.477566
            ],
            [
              99.725904,
              15.477483
            ],
            [
              99.726612,
              15.478
            ],
            [
              99.727063,
              15.478972
            ],
            [
              99.726805,
              15.479841
            ],
            [
              99.726569,
              15.480275
            ],
            [
              99.726333,
              15.481185
            ]
          ]
        ]
      }
    },
    {
      "type": "Feature",
      "id": "osm_water_poly_777900913",
      "properties": {
        "osm_id": 777900913,
        "name": "",
        "name_th": "",
        "water": "basin",
        "natural": "water",
        "landuse": ""
      },
      "geometry": {
        "type": "Polygon",
        "coordinates": [
          [
            [
              99.448683,
              15.531501
            ],
            [
              99.449133,
              15.531853
            ],
            [
              99.449505,
              15.531966
            ],
            [
              99.449863,
              15.531894
            ],
            [
              99.449981,
              15.531688
            ],
            [
              99.449591,
              15.531345
            ],
            [
              99.449033,
              15.531015
            ],
            [
              99.448875,
              15.531244
            ],
            [
              99.448683,
              15.531501
            ]
          ]
        ]
      }
    },
    {
      "type": "Feature",
      "id": "osm_water_poly_777900921",
      "properties": {
        "osm_id": 777900921,
        "name": "",
        "name_th": "",
        "water": "pond",
        "natural": "water",
        "landuse": ""
      },
      "geometry": {
        "type": "Polygon",
        "coordinates": [
          [
            [
              99.819996,
              15.566748
            ],
            [
              99.820581,
              15.567358
            ],
            [
              99.821343,
              15.567198
            ],
            [
              99.821026,
              15.565549
            ],
            [
              99.820189,
              15.56572
            ],
            [
              99.819954,
              15.566565
            ],
            [
              99.819996,
              15.566748
            ]
          ]
        ]
      }
    },
    {
      "type": "Feature",
      "id": "osm_water_poly_777901358",
      "properties": {
        "osm_id": 777901358,
        "name": "",
        "name_th": "",
        "water": "reservoir",
        "natural": "water",
        "landuse": ""
      },
      "geometry": {
        "type": "Polygon",
        "coordinates": [
          [
            [
              99.834866,
              15.615783
            ],
            [
              99.836653,
              15.614951
            ],
            [
              99.836583,
              15.614796
            ],
            [
              99.836637,
              15.614714
            ],
            [
              99.83691,
              15.614812
            ],
            [
              99.837189,
              15.61474
            ],
            [
              99.837275,
              15.614652
            ],
            [
              99.837312,
              15.614466
            ],
            [
              99.837149,
              15.614051
            ],
            [
              99.837146,
              15.613866
            ],
            [
              99.837194,
              15.613711
            ],
            [
              99.837111,
              15.613555
            ],
            [
              99.837119,
              15.613407
            ],
            [
              99.837109,
              15.613257
            ],
            [
              99.836969,
              15.613004
            ],
            [
              99.836779,
              15.61294
            ],
            [
              99.836594,
              15.612947
            ],
            [
              99.83628,
              15.613147
            ],
            [
              99.835988,
              15.613355
            ],
            [
              99.835821,
              15.61337
            ],
            [
              99.835668,
              15.613328
            ],
            [
              99.835483,
              15.613386
            ],
            [
              99.835223,
              15.613529
            ],
            [
              99.834826,
              15.613943
            ],
            [
              99.834445,
              15.614103
            ],
            [
              99.834228,
              15.61428
            ],
            [
              99.834215,
              15.614387
            ],
            [
              99.83433,
              15.614466
            ],
            [
              99.834469,
              15.61444
            ],
            [
              99.834748,
              15.614383
            ],
            [
              99.834818,
              15.614486
            ],
            [
              99.834874,
              15.614738
            ],
            [
              99.834705,
              15.614889
            ],
            [
              99.834596,
              15.614888
            ],
            [
              99.834561,
              15.614796
            ],
            [
              99.834429,
              15.614831
            ],
            [
              99.834343,
              15.614795
            ],
            [
              99.834335,
              15.614646
            ],
            [
              99.834024,
              15.614688
            ],
            [
              99.834088,
              15.615158
            ],
            [
              99.83444,
              15.615291
            ],
            [
              99.834587,
              15.615432
            ],
            [
              99.834866,
              15.615783
            ]
          ]
        ]
      }
    },
    {
      "type": "Feature",
      "id": "osm_water_poly_777901359",
      "properties": {
        "osm_id": 777901359,
        "name": "",
        "name_th": "",
        "water": "pond",
        "natural": "water",
        "landuse": ""
      },
      "geometry": {
        "type": "Polygon",
        "coordinates": [
          [
            [
              99.841234,
              15.615277
            ],
            [
              99.842841,
              15.61604
            ],
            [
              99.843294,
              15.615313
            ],
            [
              99.842811,
              15.615065
            ],
            [
              99.841277,
              15.615194
            ],
            [
              99.841234,
              15.615277
            ]
          ]
        ]
      }
    },
    {
      "type": "Feature",
      "id": "osm_water_poly_777901414",
      "properties": {
        "osm_id": 777901414,
        "name": "",
        "name_th": "",
        "water": "pond",
        "natural": "water",
        "landuse": ""
      },
      "geometry": {
        "type": "Polygon",
        "coordinates": [
          [
            [
              99.838965,
              15.613939
            ],
            [
              99.839383,
              15.613794
            ],
            [
              99.839619,
              15.613794
            ],
            [
              99.83985,
              15.613846
            ],
            [
              99.84,
              15.613753
            ],
            [
              99.840075,
              15.613634
            ],
            [
              99.840054,
              15.613515
            ],
            [
              99.839845,
              15.613179
            ],
            [
              99.839815,
              15.613028
            ],
            [
              99.839834,
              15.612797
            ],
            [
              99.839767,
              15.612661
            ],
            [
              99.839608,
              15.612601
            ],
            [
              99.839426,
              15.612637
            ],
            [
              99.839134,
              15.612858
            ],
            [
              99.838697,
              15.612993
            ],
            [
              99.838672,
              15.61308
            ],
            [
              99.838745,
              15.613184
            ],
            [
              99.838831,
              15.6135
            ],
            [
              99.83874,
              15.613799
            ],
            [
              99.838788,
              15.613918
            ],
            [
              99.838965,
              15.613939
            ]
          ]
        ]
      }
    },
    {
      "type": "Feature",
      "id": "osm_water_poly_779001219",
      "properties": {
        "osm_id": 779001219,
        "name": "",
        "name_th": "",
        "water": "pond",
        "natural": "water",
        "landuse": ""
      },
      "geometry": {
        "type": "Polygon",
        "coordinates": [
          [
            [
              99.560597,
              15.892574
            ],
            [
              99.561464,
              15.892418
            ],
            [
              99.56131,
              15.891627
            ],
            [
              99.560443,
              15.891783
            ],
            [
              99.560597,
              15.892574
            ]
          ]
        ]
      }
    },
    {
      "type": "Feature",
      "id": "osm_water_poly_810043636",
      "properties": {
        "osm_id": 810043636,
        "name": "",
        "name_th": "",
        "water": "",
        "natural": "water",
        "landuse": ""
      },
      "geometry": {
        "type": "Polygon",
        "coordinates": [
          [
            [
              100.019826,
              15.447103
            ],
            [
              100.020229,
              15.447103
            ],
            [
              100.021115,
              15.44611
            ],
            [
              100.021071,
              15.44533
            ],
            [
              100.020582,
              15.445374
            ],
            [
              100.020096,
              15.44551
            ],
            [
              100.019826,
              15.447103
            ]
          ]
        ]
      }
    },
    {
      "type": "Feature",
      "id": "osm_water_poly_814325595",
      "properties": {
        "osm_id": 814325595,
        "name": "",
        "name_th": "",
        "water": "",
        "natural": "water",
        "landuse": ""
      },
      "geometry": {
        "type": "Polygon",
        "coordinates": [
          [
            [
              99.727578,
              15.504934
            ],
            [
              99.728093,
              15.504986
            ],
            [
              99.728276,
              15.505482
            ],
            [
              99.728833,
              15.505337
            ],
            [
              99.729134,
              15.504893
            ],
            [
              99.729327,
              15.504738
            ],
            [
              99.730057,
              15.504583
            ],
            [
              99.72999,
              15.503951
            ],
            [
              99.728061,
              15.504448
            ],
            [
              99.727761,
              15.504758
            ],
            [
              99.727535,
              15.504779
            ],
            [
              99.727578,
              15.504934
            ]
          ]
        ]
      }
    },
    {
      "type": "Feature",
      "id": "osm_water_poly_814325599",
      "properties": {
        "osm_id": 814325599,
        "name": "",
        "name_th": "",
        "water": "",
        "natural": "water",
        "landuse": ""
      },
      "geometry": {
        "type": "Polygon",
        "coordinates": [
          [
            [
              99.743242,
              15.542304
            ],
            [
              99.74409,
              15.542418
            ],
            [
              99.744487,
              15.541664
            ],
            [
              99.743546,
              15.541048
            ],
            [
              99.743328,
              15.541405
            ],
            [
              99.743242,
              15.542304
            ]
          ]
        ]
      }
    },
    {
      "type": "Feature",
      "id": "osm_water_poly_814325606",
      "properties": {
        "osm_id": 814325606,
        "name": "",
        "name_th": "",
        "water": "",
        "natural": "water",
        "landuse": ""
      },
      "geometry": {
        "type": "Polygon",
        "coordinates": [
          [
            [
              99.723566,
              15.506299
            ],
            [
              99.723885,
              15.506266
            ],
            [
              99.724531,
              15.505989
            ],
            [
              99.724979,
              15.505977
            ],
            [
              99.72602,
              15.506256
            ],
            [
              99.726055,
              15.506495
            ],
            [
              99.726022,
              15.507612
            ],
            [
              99.726127,
              15.507848
            ],
            [
              99.726216,
              15.50785
            ],
            [
              99.726385,
              15.508096
            ],
            [
              99.726645,
              15.50785
            ],
            [
              99.726731,
              15.507446
            ],
            [
              99.726741,
              15.506144
            ],
            [
              99.726924,
              15.505968
            ],
            [
              99.726977,
              15.504345
            ],
            [
              99.726613,
              15.504045
            ],
            [
              99.726334,
              15.5036
            ],
            [
              99.725465,
              15.502184
            ],
            [
              99.725368,
              15.502401
            ],
            [
              99.726022,
              15.504914
            ],
            [
              99.725977,
              15.505305
            ],
            [
              99.725626,
              15.505555
            ],
            [
              99.725196,
              15.505648
            ],
            [
              99.724596,
              15.505586
            ],
            [
              99.724016,
              15.505782
            ],
            [
              99.723651,
              15.506123
            ],
            [
              99.723566,
              15.506299
            ]
          ]
        ]
      }
    },
    {
      "type": "Feature",
      "id": "osm_water_poly_818322014",
      "properties": {
        "osm_id": 818322014,
        "name": "",
        "name_th": "",
        "water": "",
        "natural": "water",
        "landuse": ""
      },
      "geometry": {
        "type": "Polygon",
        "coordinates": [
          [
            [
              99.872149,
              15.762168
            ],
            [
              99.873082,
              15.762968
            ],
            [
              99.873356,
              15.762524
            ],
            [
              99.873378,
              15.762255
            ],
            [
              99.872358,
              15.761982
            ],
            [
              99.872149,
              15.762168
            ]
          ]
        ]
      }
    },
    {
      "type": "Feature",
      "id": "osm_water_poly_819004618",
      "properties": {
        "osm_id": 819004618,
        "name": "",
        "name_th": "",
        "water": "",
        "natural": "water",
        "landuse": ""
      },
      "geometry": {
        "type": "Polygon",
        "coordinates": [
          [
            [
              99.869924,
              15.328646
            ],
            [
              99.871042,
              15.328721
            ],
            [
              99.871115,
              15.327709
            ],
            [
              99.869997,
              15.327634
            ],
            [
              99.869924,
              15.328646
            ]
          ]
        ]
      }
    },
    {
      "type": "Feature",
      "id": "osm_water_poly_1007833851",
      "properties": {
        "osm_id": 1007833851,
        "name": "",
        "name_th": "",
        "water": "lake",
        "natural": "water",
        "landuse": ""
      },
      "geometry": {
        "type": "Polygon",
        "coordinates": [
          [
            [
              99.293619,
              15.646079
            ],
            [
              99.293729,
              15.644355
            ],
            [
              99.293279,
              15.643817
            ],
            [
              99.292666,
              15.643741
            ],
            [
              99.291592,
              15.64318
            ],
            [
              99.291283,
              15.643484
            ],
            [
              99.291246,
              15.643893
            ],
            [
              99.292472,
              15.644583
            ],
            [
              99.293194,
              15.645617
            ],
            [
              99.293619,
              15.646079
            ]
          ]
        ]
      }
    },
    {
      "type": "Feature",
      "id": "osm_water_poly_1153422337",
      "properties": {
        "osm_id": 1153422337,
        "name": "",
        "name_th": "",
        "water": "",
        "natural": "water",
        "landuse": ""
      },
      "geometry": {
        "type": "Polygon",
        "coordinates": [
          [
            [
              99.529368,
              15.467175
            ],
            [
              99.530001,
              15.467015
            ],
            [
              99.529803,
              15.466555
            ],
            [
              99.529199,
              15.466701
            ],
            [
              99.529368,
              15.467175
            ]
          ]
        ]
      }
    },
    {
      "type": "Feature",
      "id": "osm_water_poly_1164491633",
      "properties": {
        "osm_id": 1164491633,
        "name": "",
        "name_th": "",
        "water": "",
        "natural": "water",
        "landuse": ""
      },
      "geometry": {
        "type": "Polygon",
        "coordinates": [
          [
            [
              99.769716,
              15.728039
            ],
            [
              99.770218,
              15.728375
            ],
            [
              99.770553,
              15.728427
            ],
            [
              99.77081,
              15.728602
            ],
            [
              99.770964,
              15.728809
            ],
            [
              99.771175,
              15.728922
            ],
            [
              99.771377,
              15.728923
            ],
            [
              99.771996,
              15.72884
            ],
            [
              99.772064,
              15.729067
            ],
            [
              99.772074,
              15.729547
            ],
            [
              99.772269,
              15.729542
            ],
            [
              99.772307,
              15.729444
            ],
            [
              99.772419,
              15.729356
            ],
            [
              99.773437,
              15.729289
            ],
            [
              99.774102,
              15.729522
            ],
            [
              99.774238,
              15.72947
            ],
            [
              99.774281,
              15.729356
            ],
            [
              99.774356,
              15.729206
            ],
            [
              99.774436,
              15.729129
            ],
            [
              99.774817,
              15.72899
            ],
            [
              99.774955,
              15.728794
            ],
            [
              99.775037,
              15.728494
            ],
            [
              99.775128,
              15.728432
            ],
            [
              99.775381,
              15.728411
            ],
            [
              99.775459,
              15.728468
            ],
            [
              99.775545,
              15.72868
            ],
            [
              99.77588,
              15.728742
            ],
            [
              99.776008,
              15.727952
            ],
            [
              99.771679,
              15.728385
            ],
            [
              99.771497,
              15.728354
            ],
            [
              99.769918,
              15.727802
            ],
            [
              99.769716,
              15.728039
            ]
          ]
        ]
      }
    },
    {
      "type": "Feature",
      "id": "osm_water_poly_1164491641",
      "properties": {
        "osm_id": 1164491641,
        "name": "",
        "name_th": "",
        "water": "",
        "natural": "water",
        "landuse": ""
      },
      "geometry": {
        "type": "Polygon",
        "coordinates": [
          [
            [
              99.765596,
              15.72696
            ],
            [
              99.766116,
              15.726743
            ],
            [
              99.766545,
              15.72648
            ],
            [
              99.766806,
              15.726444
            ],
            [
              99.766994,
              15.726527
            ],
            [
              99.767767,
              15.727188
            ],
            [
              99.768632,
              15.727714
            ],
            [
              99.768727,
              15.727699
            ],
            [
              99.768888,
              15.727374
            ],
            [
              99.768716,
              15.727265
            ],
            [
              99.768632,
              15.727094
            ],
            [
              99.7686,
              15.726945
            ],
            [
              99.768503,
              15.726826
            ],
            [
              99.767516,
              15.725793
            ],
            [
              99.767425,
              15.725767
            ],
            [
              99.765591,
              15.726325
            ],
            [
              99.765478,
              15.726537
            ],
            [
              99.765596,
              15.72696
            ]
          ]
        ]
      }
    },
    {
      "type": "Feature",
      "id": "osm_water_poly_1208662444",
      "properties": {
        "osm_id": 1208662444,
        "name": "",
        "name_th": "",
        "water": "",
        "natural": "water",
        "landuse": ""
      },
      "geometry": {
        "type": "Polygon",
        "coordinates": [
          [
            [
              99.457052,
              15.558409
            ],
            [
              99.457069,
              15.557949
            ],
            [
              99.458227,
              15.557994
            ],
            [
              99.458244,
              15.55757
            ],
            [
              99.459089,
              15.557277
            ],
            [
              99.459279,
              15.557737
            ],
            [
              99.460608,
              15.557898
            ],
            [
              99.459894,
              15.55876
            ],
            [
              99.458695,
              15.558496
            ],
            [
              99.458458,
              15.55848
            ],
            [
              99.458213,
              15.55848
            ],
            [
              99.457052,
              15.558409
            ]
          ]
        ]
      }
    },
    {
      "type": "Feature",
      "id": "osm_water_poly_1219542625",
      "properties": {
        "osm_id": 1219542625,
        "name": "",
        "name_th": "",
        "water": "",
        "natural": "water",
        "landuse": ""
      },
      "geometry": {
        "type": "Polygon",
        "coordinates": [
          [
            [
              99.407211,
              15.948776
            ],
            [
              99.40729,
              15.948795
            ],
            [
              99.409084,
              15.949223
            ],
            [
              99.409299,
              15.949429
            ],
            [
              99.409299,
              15.949677
            ],
            [
              99.409153,
              15.949917
            ],
            [
              99.409136,
              15.950437
            ],
            [
              99.409342,
              15.950842
            ],
            [
              99.409668,
              15.950925
            ],
            [
              99.409755,
              15.951065
            ],
            [
              99.409488,
              15.951346
            ],
            [
              99.409256,
              15.951255
            ],
            [
              99.409032,
              15.95128
            ],
            [
              99.408594,
              15.951883
            ],
            [
              99.407975,
              15.953297
            ],
            [
              99.407726,
              15.953858
            ],
            [
              99.407608,
              15.953862
            ],
            [
              99.407425,
              15.953867
            ],
            [
              99.407167,
              15.953189
            ],
            [
              99.407145,
              15.953148
            ],
            [
              99.407064,
              15.952999
            ],
            [
              99.406884,
              15.952974
            ],
            [
              99.40685,
              15.952834
            ],
            [
              99.407236,
              15.952668
            ],
            [
              99.407589,
              15.952355
            ],
            [
              99.407743,
              15.95195
            ],
            [
              99.407666,
              15.951272
            ],
            [
              99.407606,
              15.950718
            ],
            [
              99.407546,
              15.950404
            ],
            [
              99.4074,
              15.950198
            ],
            [
              99.40715,
              15.950074
            ],
            [
              99.406918,
              15.950156
            ],
            [
              99.406841,
              15.949859
            ],
            [
              99.407082,
              15.949727
            ],
            [
              99.407262,
              15.94952
            ],
            [
              99.407211,
              15.948776
            ]
          ]
        ]
      }
    },
    {
      "type": "Feature",
      "id": "osm_water_poly_1221352260",
      "properties": {
        "osm_id": 1221352260,
        "name": "",
        "name_th": "",
        "water": "",
        "natural": "water",
        "landuse": ""
      },
      "geometry": {
        "type": "Polygon",
        "coordinates": [
          [
            [
              99.465671,
              15.919593
            ],
            [
              99.46577,
              15.919348
            ],
            [
              99.465217,
              15.919187
            ],
            [
              99.465016,
              15.919345
            ],
            [
              99.465033,
              15.919422
            ],
            [
              99.465671,
              15.919593
            ]
          ]
        ]
      }
    },
    {
      "type": "Feature",
      "id": "osm_water_poly_1221352261",
      "properties": {
        "osm_id": 1221352261,
        "name": "",
        "name_th": "",
        "water": "",
        "natural": "water",
        "landuse": ""
      },
      "geometry": {
        "type": "Polygon",
        "coordinates": [
          [
            [
              99.465926,
              15.920482
            ],
            [
              99.465971,
              15.92033
            ],
            [
              99.465427,
              15.920152
            ],
            [
              99.465385,
              15.920343
            ],
            [
              99.465475,
              15.920409
            ],
            [
              99.465926,
              15.920482
            ]
          ]
        ]
      }
    },
    {
      "type": "Feature",
      "id": "osm_water_poly_1221751701",
      "properties": {
        "osm_id": 1221751701,
        "name": "",
        "name_th": "",
        "water": "",
        "natural": "water",
        "landuse": ""
      },
      "geometry": {
        "type": "Polygon",
        "coordinates": [
          [
            [
              99.455603,
              15.969672
            ],
            [
              99.455912,
              15.969732
            ],
            [
              99.455997,
              15.969293
            ],
            [
              99.455812,
              15.969261
            ],
            [
              99.455611,
              15.969299
            ],
            [
              99.455603,
              15.969672
            ]
          ]
        ]
      }
    },
    {
      "type": "Feature",
      "id": "osm_water_poly_1221751702",
      "properties": {
        "osm_id": 1221751702,
        "name": "",
        "name_th": "",
        "water": "",
        "natural": "water",
        "landuse": ""
      },
      "geometry": {
        "type": "Polygon",
        "coordinates": [
          [
            [
              99.453946,
              15.971393
            ],
            [
              99.453941,
              15.971056
            ],
            [
              99.453353,
              15.971043
            ],
            [
              99.453339,
              15.97137
            ],
            [
              99.453946,
              15.971393
            ]
          ]
        ]
      }
    },
    {
      "type": "Feature",
      "id": "osm_water_poly_1221755831",
      "properties": {
        "osm_id": 1221755831,
        "name": "",
        "name_th": "",
        "water": "",
        "natural": "water",
        "landuse": ""
      },
      "geometry": {
        "type": "Polygon",
        "coordinates": [
          [
            [
              99.468715,
              15.926011
            ],
            [
              99.469349,
              15.925454
            ],
            [
              99.468213,
              15.924314
            ],
            [
              99.467601,
              15.924828
            ],
            [
              99.468715,
              15.926011
            ]
          ]
        ]
      }
    },
    {
      "type": "Feature",
      "id": "osm_water_poly_1221761539",
      "properties": {
        "osm_id": 1221761539,
        "name": "",
        "name_th": "",
        "water": "",
        "natural": "water",
        "landuse": ""
      },
      "geometry": {
        "type": "Polygon",
        "coordinates": [
          [
            [
              99.422466,
              15.927797
            ],
            [
              99.42284,
              15.927765
            ],
            [
              99.422775,
              15.927243
            ],
            [
              99.422391,
              15.92732
            ],
            [
              99.422466,
              15.927797
            ]
          ]
        ]
      }
    },
    {
      "type": "Feature",
      "id": "osm_water_poly_1221761540",
      "properties": {
        "osm_id": 1221761540,
        "name": "",
        "name_th": "",
        "water": "",
        "natural": "water",
        "landuse": ""
      },
      "geometry": {
        "type": "Polygon",
        "coordinates": [
          [
            [
              99.422427,
              15.928398
            ],
            [
              99.422634,
              15.928441
            ],
            [
              99.422706,
              15.928049
            ],
            [
              99.422821,
              15.928024
            ],
            [
              99.422833,
              15.927971
            ],
            [
              99.422696,
              15.927966
            ],
            [
              99.42266,
              15.927913
            ],
            [
              99.422502,
              15.92791
            ],
            [
              99.422427,
              15.928398
            ]
          ]
        ]
      }
    },
    {
      "type": "Feature",
      "id": "osm_water_poly_1221763627",
      "properties": {
        "osm_id": 1221763627,
        "name": "",
        "name_th": "",
        "water": "",
        "natural": "water",
        "landuse": ""
      },
      "geometry": {
        "type": "Polygon",
        "coordinates": [
          [
            [
              99.423882,
              15.932405
            ],
            [
              99.424088,
              15.932443
            ],
            [
              99.42421,
              15.931944
            ],
            [
              99.424013,
              15.931876
            ],
            [
              99.423882,
              15.932405
            ]
          ]
        ]
      }
    },
    {
      "type": "Feature",
      "id": "osm_water_poly_1221763628",
      "properties": {
        "osm_id": 1221763628,
        "name": "",
        "name_th": "",
        "water": "",
        "natural": "water",
        "landuse": ""
      },
      "geometry": {
        "type": "Polygon",
        "coordinates": [
          [
            [
              99.421701,
              15.935985
            ],
            [
              99.42239,
              15.93634
            ],
            [
              99.42287,
              15.935439
            ],
            [
              99.422181,
              15.935083
            ],
            [
              99.421701,
              15.935985
            ]
          ]
        ]
      }
    },
    {
      "type": "Feature",
      "id": "osm_water_poly_1221776451",
      "properties": {
        "osm_id": 1221776451,
        "name": "",
        "name_th": "",
        "water": "",
        "natural": "water",
        "landuse": ""
      },
      "geometry": {
        "type": "Polygon",
        "coordinates": [
          [
            [
              99.38637,
              15.942061
            ],
            [
              99.386898,
              15.942842
            ],
            [
              99.387196,
              15.942937
            ],
            [
              99.387467,
              15.943194
            ],
            [
              99.387418,
              15.943554
            ],
            [
              99.387142,
              15.943243
            ],
            [
              99.386715,
              15.943328
            ],
            [
              99.386843,
              15.943601
            ],
            [
              99.387097,
              15.943684
            ],
            [
              99.387022,
              15.943982
            ],
            [
              99.386571,
              15.943633
            ],
            [
              99.386682,
              15.944335
            ],
            [
              99.386261,
              15.943569
            ],
            [
              99.385974,
              15.943725
            ],
            [
              99.385752,
              15.94423
            ],
            [
              99.385761,
              15.943741
            ],
            [
              99.385589,
              15.943532
            ],
            [
              99.385417,
              15.943317
            ],
            [
              99.385393,
              15.943112
            ],
            [
              99.385409,
              15.942949
            ],
            [
              99.38548,
              15.942832
            ],
            [
              99.385313,
              15.942725
            ],
            [
              99.38637,
              15.942061
            ]
          ]
        ]
      }
    },
    {
      "type": "Feature",
      "id": "osm_water_poly_1221779909",
      "properties": {
        "osm_id": 1221779909,
        "name": "",
        "name_th": "",
        "water": "",
        "natural": "water",
        "landuse": ""
      },
      "geometry": {
        "type": "Polygon",
        "coordinates": [
          [
            [
              99.427888,
              15.950185
            ],
            [
              99.427656,
              15.949566
            ],
            [
              99.428584,
              15.949582
            ],
            [
              99.428842,
              15.950243
            ],
            [
              99.427888,
              15.950185
            ]
          ]
        ]
      }
    },
    {
      "type": "Feature",
      "id": "osm_water_poly_1221930684",
      "properties": {
        "osm_id": 1221930684,
        "name": "",
        "name_th": "",
        "water": "",
        "natural": "water",
        "landuse": ""
      },
      "geometry": {
        "type": "Polygon",
        "coordinates": [
          [
            [
              99.419226,
              15.972558
            ],
            [
              99.419425,
              15.972553
            ],
            [
              99.419468,
              15.971795
            ],
            [
              99.41921,
              15.971785
            ],
            [
              99.419285,
              15.972151
            ],
            [
              99.419226,
              15.972558
            ]
          ]
        ]
      }
    },
    {
      "type": "Feature",
      "id": "osm_water_poly_1221930685",
      "properties": {
        "osm_id": 1221930685,
        "name": "",
        "name_th": "",
        "water": "",
        "natural": "water",
        "landuse": ""
      },
      "geometry": {
        "type": "Polygon",
        "coordinates": [
          [
            [
              99.424887,
              15.968883
            ],
            [
              99.425059,
              15.968473
            ],
            [
              99.425613,
              15.968732
            ],
            [
              99.425763,
              15.968869
            ],
            [
              99.426002,
              15.968869
            ],
            [
              99.426249,
              15.96879
            ],
            [
              99.42663,
              15.968898
            ],
            [
              99.426586,
              15.969027
            ],
            [
              99.426376,
              15.969157
            ],
            [
              99.426226,
              15.969149
            ],
            [
              99.426114,
              15.969336
            ],
            [
              99.426024,
              15.969437
            ],
            [
              99.425927,
              15.969423
            ],
            [
              99.425837,
              15.969236
            ],
            [
              99.425441,
              15.969084
            ],
            [
              99.425306,
              15.969142
            ],
            [
              99.424887,
              15.968883
            ]
          ]
        ]
      }
    },
    {
      "type": "Feature",
      "id": "osm_water_poly_1221930687",
      "properties": {
        "osm_id": 1221930687,
        "name": "",
        "name_th": "",
        "water": "",
        "natural": "water",
        "landuse": ""
      },
      "geometry": {
        "type": "Polygon",
        "coordinates": [
          [
            [
              99.423244,
              15.968091
            ],
            [
              99.423325,
              15.967943
            ],
            [
              99.423125,
              15.967847
            ],
            [
              99.422779,
              15.967854
            ],
            [
              99.422602,
              15.967813
            ],
            [
              99.422406,
              15.967662
            ],
            [
              99.422302,
              15.967399
            ],
            [
              99.422052,
              15.967255
            ],
            [
              99.421679,
              15.966915
            ],
            [
              99.421593,
              15.967006
            ],
            [
              99.421452,
              15.967155
            ],
            [
              99.421848,
              15.967392
            ],
            [
              99.422002,
              15.96764
            ],
            [
              99.422179,
              15.967895
            ],
            [
              99.422398,
              15.968043
            ],
            [
              99.422779,
              15.96798
            ],
            [
              99.423244,
              15.968091
            ]
          ]
        ]
      }
    },
    {
      "type": "Feature",
      "id": "osm_water_poly_1221933818",
      "properties": {
        "osm_id": 1221933818,
        "name": "",
        "name_th": "",
        "water": "",
        "natural": "water",
        "landuse": ""
      },
      "geometry": {
        "type": "Polygon",
        "coordinates": [
          [
            [
              99.417445,
              15.966743
            ],
            [
              99.41752,
              15.966446
            ],
            [
              99.417569,
              15.966359
            ],
            [
              99.417322,
              15.966234
            ],
            [
              99.41724,
              15.96672
            ],
            [
              99.417445,
              15.966743
            ]
          ]
        ]
      }
    },
    {
      "type": "Feature",
      "id": "osm_water_poly_1221933819",
      "properties": {
        "osm_id": 1221933819,
        "name": "",
        "name_th": "",
        "water": "",
        "natural": "water",
        "landuse": ""
      },
      "geometry": {
        "type": "Polygon",
        "coordinates": [
          [
            [
              99.417585,
              15.966238
            ],
            [
              99.417724,
              15.966233
            ],
            [
              99.417723,
              15.965977
            ],
            [
              99.417553,
              15.96596
            ],
            [
              99.417585,
              15.966238
            ]
          ]
        ]
      }
    },
    {
      "type": "Feature",
      "id": "osm_water_poly_1221933820",
      "properties": {
        "osm_id": 1221933820,
        "name": "",
        "name_th": "",
        "water": "",
        "natural": "water",
        "landuse": ""
      },
      "geometry": {
        "type": "Polygon",
        "coordinates": [
          [
            [
              99.417533,
              15.966747
            ],
            [
              99.417762,
              15.966751
            ],
            [
              99.417771,
              15.966393
            ],
            [
              99.417609,
              15.966375
            ],
            [
              99.417546,
              15.96656
            ],
            [
              99.417533,
              15.966747
            ]
          ]
        ]
      }
    },
    {
      "type": "Feature",
      "id": "osm_water_poly_1221934026",
      "properties": {
        "osm_id": 1221934026,
        "name": "",
        "name_th": "",
        "water": "",
        "natural": "water",
        "landuse": ""
      },
      "geometry": {
        "type": "Polygon",
        "coordinates": [
          [
            [
              99.397747,
              15.951149
            ],
            [
              99.398822,
              15.95143
            ],
            [
              99.399052,
              15.950548
            ],
            [
              99.398081,
              15.950277
            ],
            [
              99.398405,
              15.950758
            ],
            [
              99.398415,
              15.950889
            ],
            [
              99.39781,
              15.950859
            ],
            [
              99.397747,
              15.951149
            ]
          ]
        ]
      }
    },
    {
      "type": "Feature",
      "id": "osm_water_poly_1221934307",
      "properties": {
        "osm_id": 1221934307,
        "name": "",
        "name_th": "",
        "water": "",
        "natural": "water",
        "landuse": ""
      },
      "geometry": {
        "type": "Polygon",
        "coordinates": [
          [
            [
              99.405269,
              15.959612
            ],
            [
              99.405273,
              15.959457
            ],
            [
              99.405635,
              15.959494
            ],
            [
              99.405654,
              15.959431
            ],
            [
              99.405596,
              15.959338
            ],
            [
              99.405662,
              15.959316
            ],
            [
              99.405827,
              15.959412
            ],
            [
              99.406,
              15.959335
            ],
            [
              99.406092,
              15.959335
            ],
            [
              99.406108,
              15.959734
            ],
            [
              99.405939,
              15.959775
            ],
            [
              99.405777,
              15.959734
            ],
            [
              99.405704,
              15.959645
            ],
            [
              99.405269,
              15.959612
            ]
          ]
        ]
      }
    },
    {
      "type": "Feature",
      "id": "osm_water_poly_1221934357",
      "properties": {
        "osm_id": 1221934357,
        "name": "",
        "name_th": "",
        "water": "",
        "natural": "water",
        "landuse": ""
      },
      "geometry": {
        "type": "Polygon",
        "coordinates": [
          [
            [
              99.382664,
              15.951845
            ],
            [
              99.382696,
              15.951233
            ],
            [
              99.382247,
              15.951012
            ],
            [
              99.381767,
              15.951404
            ],
            [
              99.382226,
              15.951835
            ],
            [
              99.382664,
              15.951845
            ]
          ]
        ]
      }
    },
    {
      "type": "Feature",
      "id": "osm_water_poly_1221935787",
      "properties": {
        "osm_id": 1221935787,
        "name": "",
        "name_th": "",
        "water": "",
        "natural": "water",
        "landuse": ""
      },
      "geometry": {
        "type": "Polygon",
        "coordinates": [
          [
            [
              99.376301,
              15.95768
            ],
            [
              99.376241,
              15.956862
            ],
            [
              99.377528,
              15.956722
            ],
            [
              99.377589,
              15.95761
            ],
            [
              99.376301,
              15.95768
            ]
          ]
        ]
      }
    },
    {
      "type": "Feature",
      "id": "osm_water_poly_1222166139",
      "properties": {
        "osm_id": 1222166139,
        "name": "",
        "name_th": "",
        "water": "",
        "natural": "water",
        "landuse": ""
      },
      "geometry": {
        "type": "Polygon",
        "coordinates": [
          [
            [
              99.357239,
              15.951724
            ],
            [
              99.357241,
              15.951441
            ],
            [
              99.357247,
              15.950705
            ],
            [
              99.358423,
              15.950943
            ],
            [
              99.358437,
              15.951514
            ],
            [
              99.35844,
              15.951648
            ],
            [
              99.357239,
              15.951724
            ]
          ]
        ]
      }
    },
    {
      "type": "Feature",
      "id": "osm_water_poly_1223185685",
      "properties": {
        "osm_id": 1223185685,
        "name": "",
        "name_th": "",
        "water": "",
        "natural": "water",
        "landuse": ""
      },
      "geometry": {
        "type": "Polygon",
        "coordinates": [
          [
            [
              99.447072,
              15.98943
            ],
            [
              99.447072,
              15.989296
            ],
            [
              99.44648,
              15.98932
            ],
            [
              99.44648,
              15.989461
            ],
            [
              99.447072,
              15.98943
            ]
          ]
        ]
      }
    },
    {
      "type": "Feature",
      "id": "osm_water_poly_1223197501",
      "properties": {
        "osm_id": 1223197501,
        "name": "",
        "name_th": "",
        "water": "",
        "natural": "water",
        "landuse": ""
      },
      "geometry": {
        "type": "Polygon",
        "coordinates": [
          [
            [
              99.537637,
              15.929332
            ],
            [
              99.537451,
              15.928716
            ],
            [
              99.53792,
              15.928576
            ],
            [
              99.538154,
              15.929196
            ],
            [
              99.537637,
              15.929332
            ]
          ]
        ]
      }
    },
    {
      "type": "Feature",
      "id": "osm_water_poly_1227464434",
      "properties": {
        "osm_id": 1227464434,
        "name": "",
        "name_th": "",
        "water": "reservoir",
        "natural": "water",
        "landuse": ""
      },
      "geometry": {
        "type": "Polygon",
        "coordinates": [
          [
            [
              100.128865,
              15.512214
            ],
            [
              100.12891,
              15.511776
            ],
            [
              100.129907,
              15.511873
            ],
            [
              100.129861,
              15.512311
            ],
            [
              100.128865,
              15.512214
            ]
          ]
        ]
      }
    },
    {
      "type": "Feature",
      "id": "osm_water_poly_1227464462",
      "properties": {
        "osm_id": 1227464462,
        "name": "",
        "name_th": "",
        "water": "reservoir",
        "natural": "water",
        "landuse": ""
      },
      "geometry": {
        "type": "Polygon",
        "coordinates": [
          [
            [
              100.12855,
              15.511571
            ],
            [
              100.12848,
              15.511033
            ],
            [
              100.129067,
              15.510961
            ],
            [
              100.129137,
              15.5115
            ],
            [
              100.12855,
              15.511571
            ]
          ]
        ]
      }
    },
    {
      "type": "Feature",
      "id": "osm_water_poly_1227464463",
      "properties": {
        "osm_id": 1227464463,
        "name": "",
        "name_th": "",
        "water": "reservoir",
        "natural": "water",
        "landuse": ""
      },
      "geometry": {
        "type": "Polygon",
        "coordinates": [
          [
            [
              100.12944,
              15.511517
            ],
            [
              100.129369,
              15.510979
            ],
            [
              100.129957,
              15.510907
            ],
            [
              100.130027,
              15.511446
            ],
            [
              100.12944,
              15.511517
            ]
          ]
        ]
      }
    },
    {
      "type": "Feature",
      "id": "osm_water_poly_1227464465",
      "properties": {
        "osm_id": 1227464465,
        "name": "",
        "name_th": "",
        "water": "basin",
        "natural": "water",
        "landuse": ""
      },
      "geometry": {
        "type": "Polygon",
        "coordinates": [
          [
            [
              100.129563,
              15.510601
            ],
            [
              100.12948,
              15.509892
            ],
            [
              100.129862,
              15.50985
            ],
            [
              100.129946,
              15.510559
            ],
            [
              100.129563,
              15.510601
            ]
          ]
        ]
      }
    },
    {
      "type": "Feature",
      "id": "osm_water_poly_1227464466",
      "properties": {
        "osm_id": 1227464466,
        "name": "",
        "name_th": "",
        "water": "basin",
        "natural": "water",
        "landuse": ""
      },
      "geometry": {
        "type": "Polygon",
        "coordinates": [
          [
            [
              100.128917,
              15.510678
            ],
            [
              100.128834,
              15.50997
            ],
            [
              100.129217,
              15.509928
            ],
            [
              100.1293,
              15.510637
            ],
            [
              100.128917,
              15.510678
            ]
          ]
        ]
      }
    },
    {
      "type": "Feature",
      "id": "osm_water_poly_1227464469",
      "properties": {
        "osm_id": 1227464469,
        "name": "",
        "name_th": "",
        "water": "pond",
        "natural": "water",
        "landuse": ""
      },
      "geometry": {
        "type": "Polygon",
        "coordinates": [
          [
            [
              100.12736,
              15.506203
            ],
            [
              100.127186,
              15.506272
            ],
            [
              100.126693,
              15.506284
            ],
            [
              100.126579,
              15.506162
            ],
            [
              100.126639,
              15.505751
            ],
            [
              100.126891,
              15.505653
            ],
            [
              100.126957,
              15.505473
            ],
            [
              100.127144,
              15.505514
            ],
            [
              100.127144,
              15.505751
            ],
            [
              100.127288,
              15.505965
            ],
            [
              100.12736,
              15.506203
            ]
          ]
        ]
      }
    },
    {
      "type": "Feature",
      "id": "osm_water_poly_1227464483",
      "properties": {
        "osm_id": 1227464483,
        "name": "",
        "name_th": "",
        "water": "pond",
        "natural": "water",
        "landuse": ""
      },
      "geometry": {
        "type": "Polygon",
        "coordinates": [
          [
            [
              100.130319,
              15.498015
            ],
            [
              100.130491,
              15.497609
            ],
            [
              100.131053,
              15.497749
            ],
            [
              100.130876,
              15.498159
            ],
            [
              100.130319,
              15.498015
            ]
          ]
        ]
      }
    },
    {
      "type": "Feature",
      "id": "osm_water_poly_1227464486",
      "properties": {
        "osm_id": 1227464486,
        "name": "",
        "name_th": "",
        "water": "",
        "natural": "water",
        "landuse": ""
      },
      "geometry": {
        "type": "Polygon",
        "coordinates": [
          [
            [
              100.122569,
              15.501329
            ],
            [
              100.123455,
              15.501096
            ],
            [
              100.123531,
              15.502917
            ],
            [
              100.123386,
              15.504638
            ],
            [
              100.122424,
              15.504705
            ],
            [
              100.122327,
              15.504298
            ],
            [
              100.122763,
              15.503544
            ],
            [
              100.122569,
              15.501329
            ]
          ]
        ]
      }
    },
    {
      "type": "Feature",
      "id": "osm_water_poly_1227464491",
      "properties": {
        "osm_id": 1227464491,
        "name": "",
        "name_th": "",
        "water": "pond",
        "natural": "water",
        "landuse": ""
      },
      "geometry": {
        "type": "Polygon",
        "coordinates": [
          [
            [
              100.122749,
              15.50794
            ],
            [
              100.12306,
              15.508485
            ],
            [
              100.123187,
              15.509761
            ],
            [
              100.124495,
              15.509546
            ],
            [
              100.124216,
              15.507701
            ],
            [
              100.122749,
              15.50794
            ]
          ]
        ]
      }
    },
    {
      "type": "Feature",
      "id": "osm_water_poly_1227464494",
      "properties": {
        "osm_id": 1227464494,
        "name": "",
        "name_th": "",
        "water": "pond",
        "natural": "water",
        "landuse": ""
      },
      "geometry": {
        "type": "Polygon",
        "coordinates": [
          [
            [
              100.128686,
              15.518858
            ],
            [
              100.128542,
              15.5188
            ],
            [
              100.128524,
              15.518708
            ],
            [
              100.12868,
              15.518679
            ],
            [
              100.128692,
              15.518557
            ],
            [
              100.129125,
              15.518557
            ],
            [
              100.129215,
              15.518673
            ],
            [
              100.129209,
              15.518829
            ],
            [
              100.128686,
              15.518858
            ]
          ]
        ]
      }
    },
    {
      "type": "Feature",
      "id": "osm_water_poly_1227791567",
      "properties": {
        "osm_id": 1227791567,
        "name": "",
        "name_th": "",
        "water": "",
        "natural": "water",
        "landuse": ""
      },
      "geometry": {
        "type": "Polygon",
        "coordinates": [
          [
            [
              99.349149,
              15.956434
            ],
            [
              99.349105,
              15.956192
            ],
            [
              99.349278,
              15.956124
            ],
            [
              99.349392,
              15.956315
            ],
            [
              99.349149,
              15.956434
            ]
          ]
        ]
      }
    },
    {
      "type": "Feature",
      "id": "osm_water_poly_1227791568",
      "properties": {
        "osm_id": 1227791568,
        "name": "",
        "name_th": "",
        "water": "",
        "natural": "water",
        "landuse": ""
      },
      "geometry": {
        "type": "Polygon",
        "coordinates": [
          [
            [
              99.349456,
              15.956225
            ],
            [
              99.349403,
              15.956085
            ],
            [
              99.349558,
              15.955966
            ],
            [
              99.349669,
              15.956094
            ],
            [
              99.349456,
              15.956225
            ]
          ]
        ]
      }
    },
    {
      "type": "Feature",
      "id": "osm_water_poly_1231868867",
      "properties": {
        "osm_id": 1231868867,
        "name": "",
        "name_th": "",
        "water": "pond",
        "natural": "water",
        "landuse": ""
      },
      "geometry": {
        "type": "Polygon",
        "coordinates": [
          [
            [
              99.827764,
              15.646116
            ],
            [
              99.828305,
              15.646005
            ],
            [
              99.828215,
              15.645406
            ],
            [
              99.827377,
              15.645484
            ],
            [
              99.827496,
              15.645751
            ],
            [
              99.827764,
              15.646116
            ]
          ]
        ]
      }
    },
    {
      "type": "Feature",
      "id": "osm_water_poly_1232416692",
      "properties": {
        "osm_id": 1232416692,
        "name": "",
        "name_th": "",
        "water": "",
        "natural": "water",
        "landuse": ""
      },
      "geometry": {
        "type": "Polygon",
        "coordinates": [
          [
            [
              99.386901,
              15.587692
            ],
            [
              99.386926,
              15.587698
            ],
            [
              99.386972,
              15.587659
            ],
            [
              99.387051,
              15.587588
            ],
            [
              99.387094,
              15.587545
            ],
            [
              99.38713,
              15.587528
            ],
            [
              99.387173,
              15.587495
            ],
            [
              99.387196,
              15.587474
            ],
            [
              99.387204,
              15.587435
            ],
            [
              99.387207,
              15.587364
            ],
            [
              99.387201,
              15.587302
            ],
            [
              99.387201,
              15.587272
            ],
            [
              99.387203,
              15.587236
            ],
            [
              99.387175,
              15.587266
            ],
            [
              99.387144,
              15.587293
            ],
            [
              99.387153,
              15.587321
            ],
            [
              99.387145,
              15.587364
            ],
            [
              99.387159,
              15.5874
            ],
            [
              99.387164,
              15.587438
            ],
            [
              99.387145,
              15.587463
            ],
            [
              99.387119,
              15.587466
            ],
            [
              99.387085,
              15.587495
            ],
            [
              99.387028,
              15.587542
            ],
            [
              99.387017,
              15.587572
            ],
            [
              99.386977,
              15.587605
            ],
            [
              99.386915,
              15.587659
            ],
            [
              99.386901,
              15.587692
            ]
          ]
        ]
      }
    },
    {
      "type": "Feature",
      "id": "osm_water_poly_1232421825",
      "properties": {
        "osm_id": 1232421825,
        "name": "",
        "name_th": "",
        "water": "",
        "natural": "water",
        "landuse": ""
      },
      "geometry": {
        "type": "Polygon",
        "coordinates": [
          [
            [
              99.38916,
              15.595728
            ],
            [
              99.389178,
              15.595754
            ],
            [
              99.389213,
              15.595842
            ],
            [
              99.389225,
              15.59589
            ],
            [
              99.389219,
              15.595921
            ],
            [
              99.389166,
              15.595988
            ],
            [
              99.389133,
              15.596002
            ],
            [
              99.3891,
              15.595988
            ],
            [
              99.389079,
              15.595956
            ],
            [
              99.389061,
              15.595884
            ],
            [
              99.389055,
              15.595852
            ],
            [
              99.389052,
              15.595797
            ],
            [
              99.389061,
              15.595771
            ],
            [
              99.389082,
              15.595748
            ],
            [
              99.389109,
              15.595725
            ],
            [
              99.389139,
              15.595714
            ],
            [
              99.38916,
              15.595728
            ]
          ]
        ]
      }
    },
    {
      "type": "Feature",
      "id": "osm_water_poly_1232421827",
      "properties": {
        "osm_id": 1232421827,
        "name": "",
        "name_th": "",
        "water": "",
        "natural": "water",
        "landuse": ""
      },
      "geometry": {
        "type": "Polygon",
        "coordinates": [
          [
            [
              99.388567,
              15.593517
            ],
            [
              99.388725,
              15.593333
            ],
            [
              99.388739,
              15.593323
            ],
            [
              99.388766,
              15.593326
            ],
            [
              99.388789,
              15.593339
            ],
            [
              99.388823,
              15.593385
            ],
            [
              99.38883,
              15.593406
            ],
            [
              99.38883,
              15.593423
            ],
            [
              99.38882,
              15.593439
            ],
            [
              99.388761,
              15.593505
            ],
            [
              99.388693,
              15.593593
            ],
            [
              99.388675,
              15.593607
            ],
            [
              99.388662,
              15.593609
            ],
            [
              99.388646,
              15.593604
            ],
            [
              99.388626,
              15.59359
            ],
            [
              99.388571,
              15.593545
            ],
            [
              99.388563,
              15.593529
            ],
            [
              99.388567,
              15.593517
            ]
          ]
        ]
      }
    },
    {
      "type": "Feature",
      "id": "osm_water_poly_1232421831",
      "properties": {
        "osm_id": 1232421831,
        "name": "",
        "name_th": "",
        "water": "",
        "natural": "water",
        "landuse": ""
      },
      "geometry": {
        "type": "Polygon",
        "coordinates": [
          [
            [
              99.387268,
              15.592593
            ],
            [
              99.387335,
              15.592505
            ],
            [
              99.38735,
              15.592496
            ],
            [
              99.387366,
              15.592486
            ],
            [
              99.387385,
              15.592486
            ],
            [
              99.387411,
              15.592502
            ],
            [
              99.387431,
              15.592523
            ],
            [
              99.387444,
              15.592542
            ],
            [
              99.387446,
              15.592561
            ],
            [
              99.387437,
              15.592579
            ],
            [
              99.387411,
              15.592609
            ],
            [
              99.387358,
              15.592648
            ],
            [
              99.38733,
              15.592656
            ],
            [
              99.387314,
              15.592653
            ],
            [
              99.387297,
              15.592643
            ],
            [
              99.387279,
              15.592628
            ],
            [
              99.387266,
              15.592613
            ],
            [
              99.387268,
              15.592593
            ]
          ]
        ]
      }
    },
    {
      "type": "Feature",
      "id": "osm_water_poly_1232421832",
      "properties": {
        "osm_id": 1232421832,
        "name": "",
        "name_th": "",
        "water": "",
        "natural": "water",
        "landuse": ""
      },
      "geometry": {
        "type": "Polygon",
        "coordinates": [
          [
            [
              99.386864,
              15.590665
            ],
            [
              99.38701,
              15.590771
            ],
            [
              99.387017,
              15.590782
            ],
            [
              99.387012,
              15.590798
            ],
            [
              99.386943,
              15.590871
            ],
            [
              99.386933,
              15.590882
            ],
            [
              99.386916,
              15.590882
            ],
            [
              99.386898,
              15.590873
            ],
            [
              99.386752,
              15.590746
            ],
            [
              99.386743,
              15.590732
            ],
            [
              99.38675,
              15.590706
            ],
            [
              99.386773,
              15.590683
            ],
            [
              99.386806,
              15.59066
            ],
            [
              99.386824,
              15.590651
            ],
            [
              99.386846,
              15.590656
            ],
            [
              99.386864,
              15.590665
            ]
          ]
        ]
      }
    },
    {
      "type": "Feature",
      "id": "osm_water_poly_1232421833",
      "properties": {
        "osm_id": 1232421833,
        "name": "",
        "name_th": "",
        "water": "",
        "natural": "water",
        "landuse": ""
      },
      "geometry": {
        "type": "Polygon",
        "coordinates": [
          [
            [
              99.387088,
              15.59083
            ],
            [
              99.387201,
              15.590925
            ],
            [
              99.387211,
              15.590943
            ],
            [
              99.387208,
              15.590965
            ],
            [
              99.387186,
              15.590993
            ],
            [
              99.38714,
              15.591039
            ],
            [
              99.38712,
              15.591055
            ],
            [
              99.387099,
              15.591055
            ],
            [
              99.387081,
              15.591041
            ],
            [
              99.386976,
              15.590936
            ],
            [
              99.386969,
              15.590924
            ],
            [
              99.386969,
              15.590903
            ],
            [
              99.386992,
              15.590878
            ],
            [
              99.387035,
              15.590833
            ],
            [
              99.387051,
              15.590827
            ],
            [
              99.387073,
              15.590824
            ],
            [
              99.387088,
              15.59083
            ]
          ]
        ]
      }
    },
    {
      "type": "Feature",
      "id": "osm_water_poly_1232421834",
      "properties": {
        "osm_id": 1232421834,
        "name": "",
        "name_th": "",
        "water": "",
        "natural": "water",
        "landuse": ""
      },
      "geometry": {
        "type": "Polygon",
        "coordinates": [
          [
            [
              99.387143,
              15.591071
            ],
            [
              99.387159,
              15.591048
            ],
            [
              99.387199,
              15.591005
            ],
            [
              99.387216,
              15.590993
            ],
            [
              99.387237,
              15.590978
            ],
            [
              99.387252,
              15.590974
            ],
            [
              99.387269,
              15.590979
            ],
            [
              99.38733,
              15.59103
            ],
            [
              99.387344,
              15.591044
            ],
            [
              99.387348,
              15.591059
            ],
            [
              99.38733,
              15.591092
            ],
            [
              99.38729,
              15.591131
            ],
            [
              99.387259,
              15.59115
            ],
            [
              99.387237,
              15.591157
            ],
            [
              99.387218,
              15.591154
            ],
            [
              99.387186,
              15.591136
            ],
            [
              99.387165,
              15.591119
            ],
            [
              99.387147,
              15.5911
            ],
            [
              99.38714,
              15.591084
            ],
            [
              99.387143,
              15.591071
            ]
          ]
        ]
      }
    },
    {
      "type": "Feature",
      "id": "osm_water_poly_1232421835",
      "properties": {
        "osm_id": 1232421835,
        "name": "",
        "name_th": "",
        "water": "",
        "natural": "water",
        "landuse": ""
      },
      "geometry": {
        "type": "Polygon",
        "coordinates": [
          [
            [
              99.387476,
              15.591709
            ],
            [
              99.38765,
              15.591863
            ],
            [
              99.387665,
              15.591883
            ],
            [
              99.387665,
              15.591903
            ],
            [
              99.38762,
              15.59195
            ],
            [
              99.387565,
              15.591991
            ],
            [
              99.387535,
              15.592002
            ],
            [
              99.387523,
              15.591996
            ],
            [
              99.387459,
              15.591918
            ],
            [
              99.387401,
              15.591852
            ],
            [
              99.387375,
              15.591826
            ],
            [
              99.387362,
              15.591807
            ],
            [
              99.38736,
              15.591776
            ],
            [
              99.387374,
              15.591755
            ],
            [
              99.387425,
              15.591717
            ],
            [
              99.387441,
              15.591706
            ],
            [
              99.387461,
              15.5917
            ],
            [
              99.387476,
              15.591709
            ]
          ]
        ]
      }
    },
    {
      "type": "Feature",
      "id": "osm_water_poly_1232421836",
      "properties": {
        "osm_id": 1232421836,
        "name": "",
        "name_th": "",
        "water": "",
        "natural": "water",
        "landuse": ""
      },
      "geometry": {
        "type": "Polygon",
        "coordinates": [
          [
            [
              99.391524,
              15.589773
            ],
            [
              99.39154,
              15.589758
            ],
            [
              99.391588,
              15.589718
            ],
            [
              99.391626,
              15.589684
            ],
            [
              99.391658,
              15.589664
            ],
            [
              99.391681,
              15.589659
            ],
            [
              99.391712,
              15.58967
            ],
            [
              99.391753,
              15.589705
            ],
            [
              99.391794,
              15.589756
            ],
            [
              99.391801,
              15.589786
            ],
            [
              99.391793,
              15.589803
            ],
            [
              99.391659,
              15.589903
            ],
            [
              99.391641,
              15.589913
            ],
            [
              99.391626,
              15.589914
            ],
            [
              99.391608,
              15.589903
            ],
            [
              99.391562,
              15.589844
            ],
            [
              99.391529,
              15.589805
            ],
            [
              99.391522,
              15.589792
            ],
            [
              99.391524,
              15.589773
            ]
          ]
        ]
      }
    },
    {
      "type": "Feature",
      "id": "osm_water_poly_1232421837",
      "properties": {
        "osm_id": 1232421837,
        "name": "",
        "name_th": "",
        "water": "",
        "natural": "water",
        "landuse": ""
      },
      "geometry": {
        "type": "Polygon",
        "coordinates": [
          [
            [
              99.392161,
              15.590574
            ],
            [
              99.392177,
              15.590593
            ],
            [
              99.392245,
              15.590739
            ],
            [
              99.39225,
              15.590758
            ],
            [
              99.392234,
              15.590777
            ],
            [
              99.392161,
              15.590822
            ],
            [
              99.392145,
              15.59082
            ],
            [
              99.392132,
              15.590812
            ],
            [
              99.392119,
              15.590796
            ],
            [
              99.3921,
              15.590769
            ],
            [
              99.392039,
              15.590665
            ],
            [
              99.392033,
              15.59065
            ],
            [
              99.392033,
              15.590631
            ],
            [
              99.392046,
              15.590618
            ],
            [
              99.392059,
              15.590609
            ],
            [
              99.392123,
              15.590576
            ],
            [
              99.392147,
              15.590568
            ],
            [
              99.392161,
              15.590574
            ]
          ]
        ]
      }
    },
    {
      "type": "Feature",
      "id": "osm_water_poly_1232430835",
      "properties": {
        "osm_id": 1232430835,
        "name": "",
        "name_th": "",
        "water": "",
        "natural": "water",
        "landuse": ""
      },
      "geometry": {
        "type": "Polygon",
        "coordinates": [
          [
            [
              99.389785,
              15.58649
            ],
            [
              99.389962,
              15.586191
            ],
            [
              99.390086,
              15.585994
            ],
            [
              99.390155,
              15.58587
            ],
            [
              99.390198,
              15.585839
            ],
            [
              99.390241,
              15.585839
            ],
            [
              99.390284,
              15.58587
            ],
            [
              99.390348,
              15.585917
            ],
            [
              99.390375,
              15.585989
            ],
            [
              99.390365,
              15.586046
            ],
            [
              99.390268,
              15.586222
            ],
            [
              99.390059,
              15.586573
            ],
            [
              99.389973,
              15.586692
            ],
            [
              99.38993,
              15.586697
            ],
            [
              99.389876,
              15.586682
            ],
            [
              99.389833,
              15.586645
            ],
            [
              99.389785,
              15.586589
            ],
            [
              99.389769,
              15.586547
            ],
            [
              99.389785,
              15.58649
            ]
          ]
        ]
      }
    },
    {
      "type": "Feature",
      "id": "osm_water_poly_1232450980",
      "properties": {
        "osm_id": 1232450980,
        "name": "",
        "name_th": "",
        "water": "",
        "natural": "water",
        "landuse": ""
      },
      "geometry": {
        "type": "Polygon",
        "coordinates": [
          [
            [
              99.342161,
              15.597336
            ],
            [
              99.342157,
              15.59754
            ],
            [
              99.342155,
              15.59756
            ],
            [
              99.342174,
              15.597569
            ],
            [
              99.342347,
              15.59756
            ],
            [
              99.342369,
              15.597552
            ],
            [
              99.342382,
              15.597529
            ],
            [
              99.342404,
              15.597411
            ],
            [
              99.342415,
              15.597354
            ],
            [
              99.342419,
              15.597321
            ],
            [
              99.342404,
              15.59731
            ],
            [
              99.342364,
              15.597312
            ],
            [
              99.342183,
              15.597319
            ],
            [
              99.342165,
              15.597325
            ],
            [
              99.342161,
              15.597336
            ]
          ]
        ]
      }
    },
    {
      "type": "Feature",
      "id": "osm_water_poly_1232450987",
      "properties": {
        "osm_id": 1232450987,
        "name": "",
        "name_th": "",
        "water": "",
        "natural": "water",
        "landuse": ""
      },
      "geometry": {
        "type": "Polygon",
        "coordinates": [
          [
            [
              99.333212,
              15.597503
            ],
            [
              99.333168,
              15.597532
            ],
            [
              99.333149,
              15.597546
            ],
            [
              99.333134,
              15.597562
            ],
            [
              99.33313,
              15.597584
            ],
            [
              99.333134,
              15.597608
            ],
            [
              99.333159,
              15.597629
            ],
            [
              99.333218,
              15.597657
            ],
            [
              99.333237,
              15.597657
            ],
            [
              99.33326,
              15.597645
            ],
            [
              99.333279,
              15.59761
            ],
            [
              99.33329,
              15.597562
            ],
            [
              99.33329,
              15.597527
            ],
            [
              99.333281,
              15.597499
            ],
            [
              99.333266,
              15.597485
            ],
            [
              99.333248,
              15.597485
            ],
            [
              99.333233,
              15.597489
            ],
            [
              99.333212,
              15.597503
            ]
          ]
        ]
      }
    },
    {
      "type": "Feature",
      "id": "osm_water_poly_1232450988",
      "properties": {
        "osm_id": 1232450988,
        "name": "",
        "name_th": "",
        "water": "",
        "natural": "water",
        "landuse": ""
      },
      "geometry": {
        "type": "Polygon",
        "coordinates": [
          [
            [
              99.332181,
              15.605847
            ],
            [
              99.332169,
              15.605894
            ],
            [
              99.332108,
              15.60604
            ],
            [
              99.332088,
              15.606049
            ],
            [
              99.332042,
              15.606042
            ],
            [
              99.331912,
              15.605988
            ],
            [
              99.331898,
              15.605972
            ],
            [
              99.331893,
              15.605944
            ],
            [
              99.331893,
              15.605873
            ],
            [
              99.331898,
              15.605814
            ],
            [
              99.331912,
              15.605781
            ],
            [
              99.331932,
              15.605772
            ],
            [
              99.331968,
              15.60577
            ],
            [
              99.332025,
              15.605779
            ],
            [
              99.332137,
              15.605805
            ],
            [
              99.332161,
              15.605817
            ],
            [
              99.332176,
              15.605828
            ],
            [
              99.332181,
              15.605847
            ]
          ]
        ]
      }
    },
    {
      "type": "Feature",
      "id": "osm_water_poly_1232461607",
      "properties": {
        "osm_id": 1232461607,
        "name": "",
        "name_th": "",
        "water": "",
        "natural": "water",
        "landuse": ""
      },
      "geometry": {
        "type": "Polygon",
        "coordinates": [
          [
            [
              99.361882,
              15.602344
            ],
            [
              99.361915,
              15.602405
            ],
            [
              99.361945,
              15.602421
            ],
            [
              99.361999,
              15.602409
            ],
            [
              99.362052,
              15.602362
            ],
            [
              99.362096,
              15.602243
            ],
            [
              99.362113,
              15.602186
            ],
            [
              99.362092,
              15.602146
            ],
            [
              99.361814,
              15.601984
            ],
            [
              99.361764,
              15.601959
            ],
            [
              99.361726,
              15.601955
            ],
            [
              99.361701,
              15.601984
            ],
            [
              99.361692,
              15.602032
            ],
            [
              99.361701,
              15.602097
            ],
            [
              99.361734,
              15.602125
            ],
            [
              99.361806,
              15.602178
            ],
            [
              99.361856,
              15.60221
            ],
            [
              99.361877,
              15.602239
            ],
            [
              99.361882,
              15.602344
            ]
          ]
        ]
      }
    },
    {
      "type": "Feature",
      "id": "osm_water_poly_1233240590",
      "properties": {
        "osm_id": 1233240590,
        "name": "",
        "name_th": "",
        "water": "",
        "natural": "water",
        "landuse": ""
      },
      "geometry": {
        "type": "Polygon",
        "coordinates": [
          [
            [
              99.566519,
              15.925392
            ],
            [
              99.565416,
              15.925209
            ],
            [
              99.565193,
              15.925301
            ],
            [
              99.564896,
              15.925137
            ],
            [
              99.566986,
              15.92323
            ],
            [
              99.567145,
              15.922597
            ],
            [
              99.567082,
              15.921363
            ],
            [
              99.567199,
              15.921005
            ],
            [
              99.567237,
              15.92089
            ],
            [
              99.567262,
              15.920812
            ],
            [
              99.567644,
              15.920985
            ],
            [
              99.567941,
              15.920924
            ],
            [
              99.568035,
              15.921178
            ],
            [
              99.568122,
              15.921413
            ],
            [
              99.56723,
              15.921648
            ],
            [
              99.567347,
              15.922801
            ],
            [
              99.566519,
              15.925392
            ]
          ]
        ]
      }
    },
    {
      "type": "Feature",
      "id": "osm_water_poly_1235476362",
      "properties": {
        "osm_id": 1235476362,
        "name": "",
        "name_th": "",
        "water": "",
        "natural": "water",
        "landuse": ""
      },
      "geometry": {
        "type": "Polygon",
        "coordinates": [
          [
            [
              99.395746,
              15.573786
            ],
            [
              99.39575,
              15.573582
            ],
            [
              99.395753,
              15.573544
            ],
            [
              99.39576,
              15.573516
            ],
            [
              99.39578,
              15.573499
            ],
            [
              99.395806,
              15.573492
            ],
            [
              99.395844,
              15.57349
            ],
            [
              99.395976,
              15.573502
            ],
            [
              99.396017,
              15.573507
            ],
            [
              99.396046,
              15.573519
            ],
            [
              99.396068,
              15.573535
            ],
            [
              99.396086,
              15.573567
            ],
            [
              99.396093,
              15.573615
            ],
            [
              99.396104,
              15.573713
            ],
            [
              99.396106,
              15.57375
            ],
            [
              99.396104,
              15.573767
            ],
            [
              99.39609,
              15.573779
            ],
            [
              99.396061,
              15.573793
            ],
            [
              99.39603,
              15.5738
            ],
            [
              99.395791,
              15.573825
            ],
            [
              99.395764,
              15.573825
            ],
            [
              99.39575,
              15.573811
            ],
            [
              99.395746,
              15.573786
            ]
          ]
        ]
      }
    },
    {
      "type": "Feature",
      "id": "osm_water_poly_1235484670",
      "properties": {
        "osm_id": 1235484670,
        "name": "",
        "name_th": "",
        "water": "",
        "natural": "water",
        "landuse": ""
      },
      "geometry": {
        "type": "Polygon",
        "coordinates": [
          [
            [
              99.398972,
              15.576482
            ],
            [
              99.399278,
              15.575892
            ],
            [
              99.399299,
              15.575852
            ],
            [
              99.399322,
              15.575818
            ],
            [
              99.399346,
              15.575804
            ],
            [
              99.39939,
              15.575804
            ],
            [
              99.399461,
              15.575818
            ],
            [
              99.39955,
              15.575847
            ],
            [
              99.399709,
              15.575917
            ],
            [
              99.400157,
              15.57613
            ],
            [
              99.400378,
              15.57625
            ],
            [
              99.400525,
              15.576315
            ],
            [
              99.400678,
              15.576397
            ],
            [
              99.400725,
              15.576429
            ],
            [
              99.400746,
              15.576448
            ],
            [
              99.400746,
              15.576477
            ],
            [
              99.400696,
              15.57659
            ],
            [
              99.40056,
              15.576889
            ],
            [
              99.400446,
              15.577107
            ],
            [
              99.400428,
              15.577138
            ],
            [
              99.400395,
              15.577161
            ],
            [
              99.400363,
              15.577161
            ],
            [
              99.400319,
              15.57715
            ],
            [
              99.400224,
              15.577107
            ],
            [
              99.399747,
              15.576869
            ],
            [
              99.399222,
              15.576661
            ],
            [
              99.399171,
              15.576636
            ],
            [
              99.399116,
              15.576605
            ],
            [
              99.399013,
              15.576542
            ],
            [
              99.398989,
              15.576522
            ],
            [
              99.398972,
              15.576502
            ],
            [
              99.398972,
              15.576482
            ]
          ]
        ]
      }
    },
    {
      "type": "Feature",
      "id": "osm_water_poly_1235493756",
      "properties": {
        "osm_id": 1235493756,
        "name": "",
        "name_th": "",
        "water": "",
        "natural": "water",
        "landuse": ""
      },
      "geometry": {
        "type": "Polygon",
        "coordinates": [
          [
            [
              99.419098,
              15.546175
            ],
            [
              99.419192,
              15.546221
            ],
            [
              99.419251,
              15.546227
            ],
            [
              99.419294,
              15.546219
            ],
            [
              99.419357,
              15.546198
            ],
            [
              99.41944,
              15.546153
            ],
            [
              99.419481,
              15.54615
            ],
            [
              99.419524,
              15.54617
            ],
            [
              99.419587,
              15.546209
            ],
            [
              99.419631,
              15.546238
            ],
            [
              99.419726,
              15.546288
            ],
            [
              99.419888,
              15.546374
            ],
            [
              99.420035,
              15.546471
            ],
            [
              99.420123,
              15.546471
            ],
            [
              99.420247,
              15.546448
            ],
            [
              99.420471,
              15.546391
            ],
            [
              99.420554,
              15.546334
            ],
            [
              99.420672,
              15.546249
            ],
            [
              99.420795,
              15.546181
            ],
            [
              99.420937,
              15.546102
            ],
            [
              99.421008,
              15.546056
            ],
            [
              99.421084,
              15.546016
            ],
            [
              99.421161,
              15.546005
            ],
            [
              99.421285,
              15.545994
            ],
            [
              99.421385,
              15.545971
            ],
            [
              99.421426,
              15.545925
            ],
            [
              99.421426,
              15.545863
            ],
            [
              99.421438,
              15.545795
            ],
            [
              99.421497,
              15.545727
            ],
            [
              99.421573,
              15.545675
            ],
            [
              99.421644,
              15.545647
            ],
            [
              99.421745,
              15.545653
            ],
            [
              99.421809,
              15.54563
            ],
            [
              99.421839,
              15.545579
            ],
            [
              99.421815,
              15.545522
            ],
            [
              99.421803,
              15.54546
            ],
            [
              99.421815,
              15.545397
            ],
            [
              99.421904,
              15.545318
            ],
            [
              99.421992,
              15.545221
            ],
            [
              99.422045,
              15.545142
            ],
            [
              99.422069,
              15.545074
            ],
            [
              99.422094,
              15.545001
            ],
            [
              99.420975,
              15.544411
            ],
            [
              99.42086,
              15.544721
            ],
            [
              99.42086,
              15.544767
            ],
            [
              99.420882,
              15.54479
            ],
            [
              99.420937,
              15.544796
            ],
            [
              99.420966,
              15.544779
            ],
            [
              99.421007,
              15.544741
            ],
            [
              99.421081,
              15.544676
            ],
            [
              99.421114,
              15.54466
            ],
            [
              99.421158,
              15.544652
            ],
            [
              99.421223,
              15.544668
            ],
            [
              99.421289,
              15.544716
            ],
            [
              99.421326,
              15.544754
            ],
            [
              99.421355,
              15.544806
            ],
            [
              99.42137,
              15.544867
            ],
            [
              99.421378,
              15.544967
            ],
            [
              99.421364,
              15.545067
            ],
            [
              99.42135,
              15.545128
            ],
            [
              99.421302,
              15.545221
            ],
            [
              99.421238,
              15.545306
            ],
            [
              99.421137,
              15.545386
            ],
            [
              99.421031,
              15.545403
            ],
            [
              99.420925,
              15.545403
            ],
            [
              99.420843,
              15.545409
            ],
            [
              99.420784,
              15.545426
            ],
            [
              99.420707,
              15.545516
            ],
            [
              99.420625,
              15.545624
            ],
            [
              99.420571,
              15.545664
            ],
            [
              99.420462,
              15.54572
            ],
            [
              99.420401,
              15.545744
            ],
            [
              99.420357,
              15.545761
            ],
            [
              99.420335,
              15.54578
            ],
            [
              99.42031,
              15.545826
            ],
            [
              99.420284,
              15.545895
            ],
            [
              99.420271,
              15.545948
            ],
            [
              99.420247,
              15.546016
            ],
            [
              99.420218,
              15.546073
            ],
            [
              99.420135,
              15.54613
            ],
            [
              99.420076,
              15.546147
            ],
            [
              99.420011,
              15.54613
            ],
            [
              99.419935,
              15.546079
            ],
            [
              99.419882,
              15.546049
            ],
            [
              99.419796,
              15.546011
            ],
            [
              99.419659,
              15.545953
            ],
            [
              99.419626,
              15.545932
            ],
            [
              99.419594,
              15.545899
            ],
            [
              99.419569,
              15.545895
            ],
            [
              99.419527,
              15.545899
            ],
            [
              99.419448,
              15.545922
            ],
            [
              99.419397,
              15.545946
            ],
            [
              99.419374,
              15.545965
            ],
            [
              99.419326,
              15.546037
            ],
            [
              99.419285,
              15.546055
            ],
            [
              99.419239,
              15.546062
            ],
            [
              99.41918,
              15.546062
            ],
            [
              99.419156,
              15.546053
            ],
            [
              99.419137,
              15.546061
            ],
            [
              99.419112,
              15.546099
            ],
            [
              99.419095,
              15.546137
            ],
            [
              99.419087,
              15.546157
            ],
            [
              99.419098,
              15.546175
            ]
          ]
        ]
      }
    },
    {
      "type": "Feature",
      "id": "osm_water_poly_1235493757",
      "properties": {
        "osm_id": 1235493757,
        "name": "",
        "name_th": "",
        "water": "",
        "natural": "water",
        "landuse": ""
      },
      "geometry": {
        "type": "Polygon",
        "coordinates": [
          [
            [
              99.420465,
              15.542191
            ],
            [
              99.420505,
              15.542252
            ],
            [
              99.420542,
              15.542328
            ],
            [
              99.420563,
              15.542359
            ],
            [
              99.420588,
              15.542391
            ],
            [
              99.420666,
              15.542461
            ],
            [
              99.420699,
              15.542503
            ],
            [
              99.420726,
              15.542543
            ],
            [
              99.420749,
              15.542566
            ],
            [
              99.420863,
              15.542682
            ],
            [
              99.420939,
              15.54277
            ],
            [
              99.42098,
              15.542829
            ],
            [
              99.421001,
              15.542847
            ],
            [
              99.42103,
              15.542859
            ],
            [
              99.421063,
              15.542861
            ],
            [
              99.421152,
              15.542853
            ],
            [
              99.421198,
              15.542849
            ],
            [
              99.421243,
              15.542849
            ],
            [
              99.421305,
              15.542857
            ],
            [
              99.421375,
              15.542877
            ],
            [
              99.420465,
              15.542191
            ]
          ]
        ]
      }
    },
    {
      "type": "Feature",
      "id": "osm_water_poly_1235493758",
      "properties": {
        "osm_id": 1235493758,
        "name": "",
        "name_th": "",
        "water": "",
        "natural": "water",
        "landuse": ""
      },
      "geometry": {
        "type": "Polygon",
        "coordinates": [
          [
            [
              99.420212,
              15.541901
            ],
            [
              99.420152,
              15.541842
            ],
            [
              99.420061,
              15.54174
            ],
            [
              99.419997,
              15.541673
            ],
            [
              99.419961,
              15.541635
            ],
            [
              99.419918,
              15.541615
            ],
            [
              99.419831,
              15.541589
            ],
            [
              99.419747,
              15.541565
            ],
            [
              99.419707,
              15.541549
            ],
            [
              99.419631,
              15.541539
            ],
            [
              99.419585,
              15.541523
            ],
            [
              99.419563,
              15.541515
            ],
            [
              99.419548,
              15.541499
            ],
            [
              99.419542,
              15.541467
            ],
            [
              99.419542,
              15.541438
            ],
            [
              99.419556,
              15.54142
            ],
            [
              99.419571,
              15.541404
            ],
            [
              99.419608,
              15.541392
            ],
            [
              99.419635,
              15.541376
            ],
            [
              99.419645,
              15.541354
            ],
            [
              99.419639,
              15.541304
            ],
            [
              99.419623,
              15.541268
            ],
            [
              99.419581,
              15.541238
            ],
            [
              99.419525,
              15.541213
            ],
            [
              99.419505,
              15.541197
            ],
            [
              99.419501,
              15.541167
            ],
            [
              99.419513,
              15.541127
            ],
            [
              99.419519,
              15.541083
            ],
            [
              99.419519,
              15.541003
            ],
            [
              99.419519,
              15.540958
            ],
            [
              99.419529,
              15.540934
            ],
            [
              99.419552,
              15.54094
            ],
            [
              99.419567,
              15.540958
            ],
            [
              99.419627,
              15.541033
            ],
            [
              99.419652,
              15.541053
            ],
            [
              99.419676,
              15.541067
            ],
            [
              99.419701,
              15.541091
            ],
            [
              99.419738,
              15.541143
            ],
            [
              99.4198,
              15.541232
            ],
            [
              99.419821,
              15.54125
            ],
            [
              99.419858,
              15.541274
            ],
            [
              99.419899,
              15.541284
            ],
            [
              99.419945,
              15.541288
            ],
            [
              99.419978,
              15.541276
            ],
            [
              99.420001,
              15.541246
            ],
            [
              99.420013,
              15.541203
            ],
            [
              99.420026,
              15.541179
            ],
            [
              99.420063,
              15.541157
            ],
            [
              99.420085,
              15.541145
            ],
            [
              99.420104,
              15.541155
            ],
            [
              99.420112,
              15.541185
            ],
            [
              99.420117,
              15.541226
            ],
            [
              99.420129,
              15.541266
            ],
            [
              99.420139,
              15.541288
            ],
            [
              99.42015,
              15.541324
            ],
            [
              99.420164,
              15.541364
            ],
            [
              99.420174,
              15.54139
            ],
            [
              99.420197,
              15.541402
            ],
            [
              99.420247,
              15.541429
            ],
            [
              99.420327,
              15.541495
            ],
            [
              99.420394,
              15.541543
            ],
            [
              99.420424,
              15.541575
            ],
            [
              99.42047,
              15.541619
            ],
            [
              99.420501,
              15.541639
            ],
            [
              99.420534,
              15.541649
            ],
            [
              99.420743,
              15.541698
            ],
            [
              99.420805,
              15.54171
            ],
            [
              99.420848,
              15.541714
            ],
            [
              99.420873,
              15.541716
            ],
            [
              99.420906,
              15.541706
            ],
            [
              99.420929,
              15.541682
            ],
            [
              99.420931,
              15.541649
            ],
            [
              99.420945,
              15.541631
            ],
            [
              99.420989,
              15.541601
            ],
            [
              99.42102,
              15.541573
            ],
            [
              99.421047,
              15.541549
            ],
            [
              99.421071,
              15.541537
            ],
            [
              99.421084,
              15.541553
            ],
            [
              99.421082,
              15.541581
            ],
            [
              99.421063,
              15.541599
            ],
            [
              99.421042,
              15.541625
            ],
            [
              99.421009,
              15.541673
            ],
            [
              99.420978,
              15.541724
            ],
            [
              99.42096,
              15.541764
            ],
            [
              99.420954,
              15.541784
            ],
            [
              99.420956,
              15.541822
            ],
            [
              99.420976,
              15.541864
            ],
            [
              99.42099,
              15.541919
            ],
            [
              99.420212,
              15.541901
            ]
          ]
        ]
      }
    },
    {
      "type": "Feature",
      "id": "osm_water_poly_1235493759",
      "properties": {
        "osm_id": 1235493759,
        "name": "",
        "name_th": "",
        "water": "",
        "natural": "water",
        "landuse": ""
      },
      "geometry": {
        "type": "Polygon",
        "coordinates": [
          [
            [
              99.421977,
              15.542181
            ],
            [
              99.42207,
              15.542164
            ],
            [
              99.422161,
              15.542129
            ],
            [
              99.422197,
              15.542106
            ],
            [
              99.422243,
              15.542072
            ],
            [
              99.422269,
              15.542039
            ],
            [
              99.422286,
              15.542021
            ],
            [
              99.422329,
              15.541993
            ],
            [
              99.422389,
              15.541981
            ],
            [
              99.422418,
              15.541991
            ],
            [
              99.422447,
              15.542023
            ],
            [
              99.422483,
              15.542079
            ],
            [
              99.422521,
              15.542146
            ],
            [
              99.422565,
              15.542192
            ],
            [
              99.422591,
              15.542213
            ],
            [
              99.422615,
              15.542224
            ],
            [
              99.422653,
              15.542231
            ],
            [
              99.42292,
              15.542247
            ],
            [
              99.42304,
              15.542264
            ],
            [
              99.42309,
              15.542278
            ],
            [
              99.423117,
              15.542294
            ],
            [
              99.423164,
              15.542314
            ],
            [
              99.421977,
              15.542181
            ]
          ]
        ]
      }
    },
    {
      "type": "Feature",
      "id": "osm_water_poly_1235493760",
      "properties": {
        "osm_id": 1235493760,
        "name": "",
        "name_th": "",
        "water": "",
        "natural": "water",
        "landuse": ""
      },
      "geometry": {
        "type": "Polygon",
        "coordinates": [
          [
            [
              99.4211,
              15.541949
            ],
            [
              99.421143,
              15.541942
            ],
            [
              99.421175,
              15.541919
            ],
            [
              99.421191,
              15.541907
            ],
            [
              99.421242,
              15.541894
            ],
            [
              99.42129,
              15.541903
            ],
            [
              99.421314,
              15.541924
            ],
            [
              99.421347,
              15.541958
            ],
            [
              99.421375,
              15.541976
            ],
            [
              99.4214,
              15.541981
            ],
            [
              99.42152,
              15.541972
            ],
            [
              99.421616,
              15.541972
            ],
            [
              99.421674,
              15.541979
            ],
            [
              99.421703,
              15.541988
            ],
            [
              99.421727,
              15.542023
            ],
            [
              99.42178,
              15.542097
            ],
            [
              99.421801,
              15.542116
            ],
            [
              99.421847,
              15.542154
            ],
            [
              99.4211,
              15.541949
            ]
          ]
        ]
      }
    },
    {
      "type": "Feature",
      "id": "osm_water_poly_1235493761",
      "properties": {
        "osm_id": 1235493761,
        "name": "",
        "name_th": "",
        "water": "",
        "natural": "water",
        "landuse": ""
      },
      "geometry": {
        "type": "Polygon",
        "coordinates": [
          [
            [
              99.42333,
              15.542333
            ],
            [
              99.423409,
              15.542309
            ],
            [
              99.423436,
              15.542288
            ],
            [
              99.423458,
              15.542256
            ],
            [
              99.423477,
              15.542212
            ],
            [
              99.423485,
              15.542178
            ],
            [
              99.423491,
              15.542154
            ],
            [
              99.42351,
              15.54214
            ],
            [
              99.423549,
              15.542132
            ],
            [
              99.423607,
              15.54213
            ],
            [
              99.423642,
              15.542138
            ],
            [
              99.423659,
              15.542162
            ],
            [
              99.423671,
              15.542202
            ],
            [
              99.423696,
              15.542236
            ],
            [
              99.423723,
              15.54225
            ],
            [
              99.423754,
              15.542262
            ],
            [
              99.423792,
              15.542275
            ],
            [
              99.42333,
              15.542333
            ]
          ]
        ]
      }
    },
    {
      "type": "Feature",
      "id": "osm_water_poly_1235784798",
      "properties": {
        "osm_id": 1235784798,
        "name": "",
        "name_th": "",
        "water": "",
        "natural": "water",
        "landuse": ""
      },
      "geometry": {
        "type": "Polygon",
        "coordinates": [
          [
            [
              99.427819,
              15.565936
            ],
            [
              99.42779,
              15.566093
            ],
            [
              99.427748,
              15.566182
            ],
            [
              99.427684,
              15.566278
            ],
            [
              99.427627,
              15.566319
            ],
            [
              99.427584,
              15.566367
            ],
            [
              99.427527,
              15.566504
            ],
            [
              99.427484,
              15.566662
            ],
            [
              99.427442,
              15.566806
            ],
            [
              99.427413,
              15.566936
            ],
            [
              99.427399,
              15.567067
            ],
            [
              99.427484,
              15.567094
            ],
            [
              99.427563,
              15.56706
            ],
            [
              99.427755,
              15.56695
            ],
            [
              99.427897,
              15.566813
            ],
            [
              99.427968,
              15.566779
            ],
            [
              99.428061,
              15.566758
            ],
            [
              99.428296,
              15.566703
            ],
            [
              99.428431,
              15.566662
            ],
            [
              99.428523,
              15.566643
            ],
            [
              99.427819,
              15.565936
            ]
          ]
        ]
      }
    },
    {
      "type": "Feature",
      "id": "osm_water_poly_1235784799",
      "properties": {
        "osm_id": 1235784799,
        "name": "",
        "name_th": "",
        "water": "",
        "natural": "water",
        "landuse": ""
      },
      "geometry": {
        "type": "Polygon",
        "coordinates": [
          [
            [
              99.440995,
              15.550654
            ],
            [
              99.441071,
              15.55066
            ],
            [
              99.441134,
              15.550691
            ],
            [
              99.441187,
              15.550752
            ],
            [
              99.44124,
              15.550762
            ],
            [
              99.441298,
              15.550777
            ],
            [
              99.441335,
              15.550742
            ],
            [
              99.441377,
              15.550681
            ],
            [
              99.44144,
              15.550671
            ],
            [
              99.441504,
              15.550706
            ],
            [
              99.441546,
              15.550737
            ],
            [
              99.441567,
              15.550772
            ],
            [
              99.441588,
              15.550803
            ],
            [
              99.44163,
              15.550818
            ],
            [
              99.441657,
              15.550782
            ],
            [
              99.441672,
              15.550701
            ],
            [
              99.441709,
              15.550671
            ],
            [
              99.441778,
              15.550635
            ],
            [
              99.44182,
              15.550605
            ],
            [
              99.441884,
              15.550584
            ],
            [
              99.441968,
              15.550599
            ],
            [
              99.442021,
              15.550599
            ],
            [
              99.442084,
              15.550589
            ],
            [
              99.442116,
              15.550559
            ],
            [
              99.442142,
              15.550498
            ],
            [
              99.442147,
              15.550432
            ],
            [
              99.442158,
              15.550254
            ],
            [
              99.442174,
              15.550188
            ],
            [
              99.4422,
              15.550086
            ],
            [
              99.4422,
              15.550035
            ],
            [
              99.442158,
              15.54999
            ],
            [
              99.442133,
              15.549939
            ],
            [
              99.440995,
              15.550654
            ]
          ]
        ]
      }
    },
    {
      "type": "Feature",
      "id": "osm_water_poly_1235784800",
      "properties": {
        "osm_id": 1235784800,
        "name": "",
        "name_th": "",
        "water": "",
        "natural": "water",
        "landuse": ""
      },
      "geometry": {
        "type": "Polygon",
        "coordinates": [
          [
            [
              99.442548,
              15.549534
            ],
            [
              99.44255,
              15.54958
            ],
            [
              99.44255,
              15.549619
            ],
            [
              99.442537,
              15.549645
            ],
            [
              99.442463,
              15.54969
            ],
            [
              99.442389,
              15.549729
            ],
            [
              99.442348,
              15.549762
            ],
            [
              99.442335,
              15.549788
            ],
            [
              99.442351,
              15.54984
            ],
            [
              99.442335,
              15.549866
            ],
            [
              99.442277,
              15.549905
            ],
            [
              99.442254,
              15.549917
            ],
            [
              99.442193,
              15.549917
            ],
            [
              99.442146,
              15.54992
            ],
            [
              99.442548,
              15.549534
            ]
          ]
        ]
      }
    },
    {
      "type": "Feature",
      "id": "osm_water_poly_1235784801",
      "properties": {
        "osm_id": 1235784801,
        "name": "",
        "name_th": "",
        "water": "",
        "natural": "water",
        "landuse": ""
      },
      "geometry": {
        "type": "Polygon",
        "coordinates": [
          [
            [
              99.438506,
              15.550981
            ],
            [
              99.438592,
              15.551034
            ],
            [
              99.438624,
              15.551051
            ],
            [
              99.438688,
              15.55106
            ],
            [
              99.438801,
              15.551086
            ],
            [
              99.438956,
              15.551108
            ],
            [
              99.438992,
              15.551104
            ],
            [
              99.439065,
              15.551104
            ],
            [
              99.439105,
              15.551121
            ],
            [
              99.439192,
              15.551156
            ],
            [
              99.439296,
              15.551217
            ],
            [
              99.439351,
              15.551255
            ],
            [
              99.439061,
              15.550603
            ],
            [
              99.438956,
              15.550653
            ],
            [
              99.438865,
              15.550675
            ],
            [
              99.438719,
              15.550675
            ],
            [
              99.438606,
              15.550675
            ],
            [
              99.438479,
              15.550684
            ],
            [
              99.438447,
              15.550714
            ],
            [
              99.438424,
              15.550784
            ],
            [
              99.438419,
              15.550854
            ],
            [
              99.438429,
              15.550894
            ],
            [
              99.438442,
              15.550924
            ],
            [
              99.438465,
              15.550959
            ],
            [
              99.438506,
              15.550981
            ]
          ]
        ]
      }
    },
    {
      "type": "Feature",
      "id": "osm_water_poly_1235784802",
      "properties": {
        "osm_id": 1235784802,
        "name": "",
        "name_th": "",
        "water": "",
        "natural": "water",
        "landuse": ""
      },
      "geometry": {
        "type": "Polygon",
        "coordinates": [
          [
            [
              99.438996,
              15.551811
            ],
            [
              99.438946,
              15.55176
            ],
            [
              99.438906,
              15.551738
            ],
            [
              99.438856,
              15.551738
            ],
            [
              99.438846,
              15.551786
            ],
            [
              99.438837,
              15.55183
            ],
            [
              99.438801,
              15.551835
            ],
            [
              99.438769,
              15.551799
            ],
            [
              99.438769,
              15.551747
            ],
            [
              99.438765,
              15.551681
            ],
            [
              99.438728,
              15.551642
            ],
            [
              99.438692,
              15.551625
            ],
            [
              99.438665,
              15.551594
            ],
            [
              99.438688,
              15.551541
            ],
            [
              99.438747,
              15.551541
            ],
            [
              99.438892,
              15.551546
            ],
            [
              99.438983,
              15.551541
            ],
            [
              99.439092,
              15.551528
            ],
            [
              99.439172,
              15.55155
            ],
            [
              99.438996,
              15.551811
            ]
          ]
        ]
      }
    },
    {
      "type": "Feature",
      "id": "osm_water_poly_1235784803",
      "properties": {
        "osm_id": 1235784803,
        "name": "",
        "name_th": "",
        "water": "",
        "natural": "water",
        "landuse": ""
      },
      "geometry": {
        "type": "Polygon",
        "coordinates": [
          [
            [
              99.439015,
              15.55188
            ],
            [
              99.438996,
              15.551979
            ],
            [
              99.438942,
              15.552032
            ],
            [
              99.438906,
              15.552067
            ],
            [
              99.438869,
              15.552136
            ],
            [
              99.43886,
              15.552215
            ],
            [
              99.438824,
              15.552342
            ],
            [
              99.438792,
              15.552447
            ],
            [
              99.438787,
              15.552495
            ],
            [
              99.438787,
              15.552539
            ],
            [
              99.438801,
              15.552583
            ],
            [
              99.438837,
              15.552583
            ],
            [
              99.43886,
              15.552539
            ],
            [
              99.438933,
              15.55243
            ],
            [
              99.438987,
              15.552368
            ],
            [
              99.439051,
              15.552325
            ],
            [
              99.439078,
              15.552294
            ],
            [
              99.43911,
              15.552233
            ],
            [
              99.439133,
              15.552189
            ],
            [
              99.439169,
              15.552158
            ],
            [
              99.439205,
              15.552154
            ],
            [
              99.439244,
              15.552168
            ],
            [
              99.439015,
              15.55188
            ]
          ]
        ]
      }
    },
    {
      "type": "Feature",
      "id": "osm_water_poly_1235784804",
      "properties": {
        "osm_id": 1235784804,
        "name": "",
        "name_th": "",
        "water": "",
        "natural": "water",
        "landuse": ""
      },
      "geometry": {
        "type": "Polygon",
        "coordinates": [
          [
            [
              99.439176,
              15.552955
            ],
            [
              99.439169,
              15.553029
            ],
            [
              99.439146,
              15.553069
            ],
            [
              99.439124,
              15.553134
            ],
            [
              99.439124,
              15.553187
            ],
            [
              99.439146,
              15.553257
            ],
            [
              99.439183,
              15.553327
            ],
            [
              99.439219,
              15.553366
            ],
            [
              99.43926,
              15.553397
            ],
            [
              99.439342,
              15.553388
            ],
            [
              99.439369,
              15.553414
            ],
            [
              99.439355,
              15.553449
            ],
            [
              99.439355,
              15.553502
            ],
            [
              99.439373,
              15.553532
            ],
            [
              99.439405,
              15.55351
            ],
            [
              99.439442,
              15.553484
            ],
            [
              99.439487,
              15.553475
            ],
            [
              99.439644,
              15.553513
            ],
            [
              99.439176,
              15.552955
            ]
          ]
        ]
      }
    },
    {
      "type": "Feature",
      "id": "osm_water_poly_1235784805",
      "properties": {
        "osm_id": 1235784805,
        "name": "",
        "name_th": "",
        "water": "",
        "natural": "water",
        "landuse": ""
      },
      "geometry": {
        "type": "Polygon",
        "coordinates": [
          [
            [
              99.440572,
              15.552708
            ],
            [
              99.440627,
              15.552618
            ],
            [
              99.440663,
              15.552583
            ],
            [
              99.440677,
              15.552535
            ],
            [
              99.440682,
              15.552473
            ],
            [
              99.440713,
              15.552412
            ],
            [
              99.440713,
              15.55236
            ],
            [
              99.440709,
              15.552303
            ],
            [
              99.440736,
              15.552272
            ],
            [
              99.440813,
              15.55225
            ],
            [
              99.440836,
              15.552215
            ],
            [
              99.440822,
              15.552154
            ],
            [
              99.440791,
              15.552115
            ],
            [
              99.440786,
              15.552075
            ],
            [
              99.440813,
              15.552049
            ],
            [
              99.440881,
              15.552053
            ],
            [
              99.440918,
              15.552053
            ],
            [
              99.44094,
              15.552023
            ],
            [
              99.440954,
              15.551975
            ],
            [
              99.440968,
              15.551922
            ],
            [
              99.441004,
              15.551891
            ],
            [
              99.441054,
              15.551861
            ],
            [
              99.441118,
              15.551835
            ],
            [
              99.441149,
              15.551799
            ],
            [
              99.441127,
              15.551747
            ],
            [
              99.441054,
              15.551655
            ],
            [
              99.440963,
              15.551585
            ],
            [
              99.4409,
              15.551568
            ],
            [
              99.440854,
              15.551576
            ],
            [
              99.440841,
              15.551616
            ],
            [
              99.4408,
              15.551673
            ],
            [
              99.440763,
              15.551668
            ],
            [
              99.440763,
              15.55162
            ],
            [
              99.440791,
              15.551568
            ],
            [
              99.440791,
              15.551519
            ],
            [
              99.440772,
              15.551436
            ],
            [
              99.440731,
              15.551393
            ],
            [
              99.440718,
              15.551344
            ],
            [
              99.440727,
              15.551248
            ],
            [
              99.440759,
              15.551217
            ],
            [
              99.440786,
              15.551169
            ],
            [
              99.440804,
              15.551117
            ],
            [
              99.440781,
              15.551073
            ],
            [
              99.440763,
              15.551016
            ],
            [
              99.440759,
              15.550959
            ],
            [
              99.440746,
              15.550859
            ],
            [
              99.440719,
              15.550922
            ],
            [
              99.440572,
              15.552708
            ]
          ]
        ]
      }
    },
    {
      "type": "Feature",
      "id": "osm_water_poly_1235784806",
      "properties": {
        "osm_id": 1235784806,
        "name": "",
        "name_th": "",
        "water": "",
        "natural": "water",
        "landuse": ""
      },
      "geometry": {
        "type": "Polygon",
        "coordinates": [
          [
            [
              99.429999,
              15.558329
            ],
            [
              99.43003,
              15.558335
            ],
            [
              99.430036,
              15.558391
            ],
            [
              99.430045,
              15.558461
            ],
            [
              99.430076,
              15.558542
            ],
            [
              99.430094,
              15.558598
            ],
            [
              99.430114,
              15.558693
            ],
            [
              99.430137,
              15.55876
            ],
            [
              99.430187,
              15.558832
            ],
            [
              99.430216,
              15.558866
            ],
            [
              99.430256,
              15.558891
            ],
            [
              99.430303,
              15.558894
            ],
            [
              99.430343,
              15.55888
            ],
            [
              99.430401,
              15.558849
            ],
            [
              99.430462,
              15.558835
            ],
            [
              99.430503,
              15.558807
            ],
            [
              99.430581,
              15.558768
            ],
            [
              99.430682,
              15.55874
            ],
            [
              99.43074,
              15.55871
            ],
            [
              99.430845,
              15.558682
            ],
            [
              99.430923,
              15.558682
            ],
            [
              99.431013,
              15.55869
            ],
            [
              99.431074,
              15.558696
            ],
            [
              99.431097,
              15.558693
            ],
            [
              99.431239,
              15.558623
            ],
            [
              99.431317,
              15.558581
            ],
            [
              99.431384,
              15.558545
            ],
            [
              99.43141,
              15.558525
            ],
            [
              99.431422,
              15.558475
            ],
            [
              99.431439,
              15.558414
            ],
            [
              99.431456,
              15.558352
            ],
            [
              99.431459,
              15.55831
            ],
            [
              99.431407,
              15.558078
            ],
            [
              99.431364,
              15.557936
            ],
            [
              99.431337,
              15.557844
            ],
            [
              99.431309,
              15.557796
            ],
            [
              99.43128,
              15.557766
            ],
            [
              99.431233,
              15.557743
            ],
            [
              99.431169,
              15.557735
            ],
            [
              99.431108,
              15.557729
            ],
            [
              99.431074,
              15.55771
            ],
            [
              99.431021,
              15.557665
            ],
            [
              99.431016,
              15.557629
            ],
            [
              99.43103,
              15.55757
            ],
            [
              99.431077,
              15.557506
            ],
            [
              99.431103,
              15.557445
            ],
            [
              99.431132,
              15.557369
            ],
            [
              99.431176,
              15.55726
            ],
            [
              99.429999,
              15.558329
            ]
          ]
        ]
      }
    },
    {
      "type": "Feature",
      "id": "osm_water_poly_1235784807",
      "properties": {
        "osm_id": 1235784807,
        "name": "",
        "name_th": "",
        "water": "",
        "natural": "water",
        "landuse": ""
      },
      "geometry": {
        "type": "Polygon",
        "coordinates": [
          [
            [
              99.430299,
              15.561791
            ],
            [
              99.430314,
              15.56169
            ],
            [
              99.430334,
              15.561651
            ],
            [
              99.430378,
              15.561531
            ],
            [
              99.430398,
              15.561498
            ],
            [
              99.430439,
              15.561466
            ],
            [
              99.430523,
              15.56145
            ],
            [
              99.430654,
              15.561459
            ],
            [
              99.430731,
              15.561469
            ],
            [
              99.430789,
              15.561502
            ],
            [
              99.430843,
              15.561537
            ],
            [
              99.430903,
              15.561563
            ],
            [
              99.430964,
              15.56157
            ],
            [
              99.431102,
              15.56157
            ],
            [
              99.43123,
              15.561566
            ],
            [
              99.431297,
              15.561553
            ],
            [
              99.431358,
              15.561528
            ],
            [
              99.431405,
              15.561476
            ],
            [
              99.431438,
              15.561427
            ],
            [
              99.431459,
              15.561385
            ],
            [
              99.431486,
              15.561349
            ],
            [
              99.431519,
              15.561343
            ],
            [
              99.43156,
              15.561323
            ],
            [
              99.431567,
              15.561291
            ],
            [
              99.431543,
              15.561232
            ],
            [
              99.431516,
              15.561216
            ],
            [
              99.431482,
              15.56119
            ],
            [
              99.431469,
              15.561164
            ],
            [
              99.431469,
              15.561109
            ],
            [
              99.431462,
              15.56107
            ],
            [
              99.431425,
              15.561047
            ],
            [
              99.431381,
              15.561002
            ],
            [
              99.431354,
              15.560976
            ],
            [
              99.431354,
              15.560927
            ],
            [
              99.431344,
              15.560882
            ],
            [
              99.431314,
              15.560846
            ],
            [
              99.43126,
              15.560833
            ],
            [
              99.4312,
              15.560833
            ],
            [
              99.431166,
              15.560814
            ],
            [
              99.431129,
              15.560778
            ],
            [
              99.431095,
              15.560769
            ],
            [
              99.431048,
              15.560769
            ],
            [
              99.431018,
              15.560781
            ],
            [
              99.431001,
              15.560817
            ],
            [
              99.430971,
              15.560833
            ],
            [
              99.43091,
              15.560833
            ],
            [
              99.43087,
              15.560833
            ],
            [
              99.430812,
              15.560827
            ],
            [
              99.430765,
              15.560807
            ],
            [
              99.430748,
              15.560778
            ],
            [
              99.430725,
              15.56072
            ],
            [
              99.430698,
              15.560668
            ],
            [
              99.430671,
              15.560636
            ],
            [
              99.430634,
              15.56061
            ],
            [
              99.43059,
              15.560584
            ],
            [
              99.430563,
              15.560551
            ],
            [
              99.430503,
              15.560483
            ],
            [
              99.430476,
              15.560464
            ],
            [
              99.430344,
              15.560382
            ],
            [
              99.430284,
              15.560366
            ],
            [
              99.430233,
              15.560366
            ],
            [
              99.4302,
              15.560357
            ],
            [
              99.430176,
              15.560327
            ],
            [
              99.430162,
              15.560282
            ],
            [
              99.430173,
              15.560243
            ],
            [
              99.430203,
              15.560194
            ],
            [
              99.430247,
              15.560146
            ],
            [
              99.430277,
              15.560081
            ],
            [
              99.430301,
              15.560055
            ],
            [
              99.430368,
              15.560029
            ],
            [
              99.430432,
              15.560013
            ],
            [
              99.430459,
              15.55999
            ],
            [
              99.430469,
              15.559964
            ],
            [
              99.430469,
              15.559886
            ],
            [
              99.430476,
              15.559834
            ],
            [
              99.430499,
              15.559795
            ],
            [
              99.43056,
              15.55976
            ],
            [
              99.43061,
              15.559747
            ],
            [
              99.430637,
              15.559734
            ],
            [
              99.430657,
              15.559718
            ],
            [
              99.430678,
              15.559669
            ],
            [
              99.430678,
              15.559627
            ],
            [
              99.430647,
              15.55962
            ],
            [
              99.43053,
              15.55963
            ],
            [
              99.430445,
              15.55963
            ],
            [
              99.430368,
              15.559643
            ],
            [
              99.430311,
              15.559669
            ],
            [
              99.430149,
              15.559773
            ],
            [
              99.430014,
              15.559844
            ],
            [
              99.42987,
              15.559902
            ],
            [
              99.429728,
              15.559958
            ],
            [
              99.429694,
              15.559984
            ],
            [
              99.429664,
              15.560035
            ],
            [
              99.429617,
              15.560071
            ],
            [
              99.42958,
              15.560074
            ],
            [
              99.429526,
              15.560074
            ],
            [
              99.429479,
              15.560071
            ],
            [
              99.429452,
              15.560058
            ],
            [
              99.429415,
              15.560026
            ],
            [
              99.430299,
              15.561791
            ]
          ]
        ]
      }
    },
    {
      "type": "Feature",
      "id": "osm_water_poly_1235785332",
      "properties": {
        "osm_id": 1235785332,
        "name": "",
        "name_th": "",
        "water": "",
        "natural": "water",
        "landuse": ""
      },
      "geometry": {
        "type": "Polygon",
        "coordinates": [
          [
            [
              99.431783,
              15.556259
            ],
            [
              99.431793,
              15.556319
            ],
            [
              99.431772,
              15.556441
            ],
            [
              99.431772,
              15.556497
            ],
            [
              99.431782,
              15.556558
            ],
            [
              99.431851,
              15.55671
            ],
            [
              99.431898,
              15.556781
            ],
            [
              99.431951,
              15.556827
            ],
            [
              99.431983,
              15.556888
            ],
            [
              99.432025,
              15.556903
            ],
            [
              99.432078,
              15.556924
            ],
            [
              99.432183,
              15.556974
            ],
            [
              99.432236,
              15.557015
            ],
            [
              99.432273,
              15.557051
            ],
            [
              99.432278,
              15.557112
            ],
            [
              99.432283,
              15.557203
            ],
            [
              99.432305,
              15.557295
            ],
            [
              99.432336,
              15.557406
            ],
            [
              99.432368,
              15.557472
            ],
            [
              99.432426,
              15.557523
            ],
            [
              99.432468,
              15.557554
            ],
            [
              99.4325,
              15.557595
            ],
            [
              99.43251,
              15.557696
            ],
            [
              99.432526,
              15.557798
            ],
            [
              99.432558,
              15.557849
            ],
            [
              99.432616,
              15.557925
            ],
            [
              99.432684,
              15.558001
            ],
            [
              99.432727,
              15.558057
            ],
            [
              99.432811,
              15.558123
            ],
            [
              99.43289,
              15.55824
            ],
            [
              99.432927,
              15.558311
            ],
            [
              99.432927,
              15.558382
            ],
            [
              99.43289,
              15.558413
            ],
            [
              99.432843,
              15.558423
            ],
            [
              99.432795,
              15.558418
            ],
            [
              99.432774,
              15.558464
            ],
            [
              99.43279,
              15.558514
            ],
            [
              99.432811,
              15.558626
            ],
            [
              99.432822,
              15.558723
            ],
            [
              99.432822,
              15.558789
            ],
            [
              99.4328,
              15.558875
            ],
            [
              99.4328,
              15.558941
            ],
            [
              99.432832,
              15.559007
            ],
            [
              99.432874,
              15.559114
            ],
            [
              99.432938,
              15.55917
            ],
            [
              99.432985,
              15.559221
            ],
            [
              99.43298,
              15.559277
            ],
            [
              99.432943,
              15.559323
            ],
            [
              99.432932,
              15.559373
            ],
            [
              99.432932,
              15.559429
            ],
            [
              99.432964,
              15.559455
            ],
            [
              99.433012,
              15.55945
            ],
            [
              99.433106,
              15.559419
            ],
            [
              99.433154,
              15.559419
            ],
            [
              99.433196,
              15.559439
            ],
            [
              99.433222,
              15.55949
            ],
            [
              99.433249,
              15.559582
            ],
            [
              99.433249,
              15.559683
            ],
            [
              99.433254,
              15.55978
            ],
            [
              99.433302,
              15.559841
            ],
            [
              99.433439,
              15.559948
            ],
            [
              99.433476,
              15.559988
            ],
            [
              99.43356,
              15.560029
            ],
            [
              99.433571,
              15.56007
            ],
            [
              99.43355,
              15.56011
            ],
            [
              99.433523,
              15.560141
            ],
            [
              99.433518,
              15.560187
            ],
            [
              99.433581,
              15.560334
            ],
            [
              99.433613,
              15.560375
            ],
            [
              99.433655,
              15.560375
            ],
            [
              99.433682,
              15.560314
            ],
            [
              99.433718,
              15.560222
            ],
            [
              99.433766,
              15.56009
            ],
            [
              99.433771,
              15.560019
            ],
            [
              99.43375,
              15.559978
            ],
            [
              99.433697,
              15.559948
            ],
            [
              99.433623,
              15.559887
            ],
            [
              99.433555,
              15.559785
            ],
            [
              99.433523,
              15.559724
            ],
            [
              99.433507,
              15.559663
            ],
            [
              99.43346,
              15.559506
            ],
            [
              99.433455,
              15.559455
            ],
            [
              99.433486,
              15.559378
            ],
            [
              99.433492,
              15.559318
            ],
            [
              99.433497,
              15.559251
            ],
            [
              99.433465,
              15.559216
            ],
            [
              99.433407,
              15.559201
            ],
            [
              99.43337,
              15.55915
            ],
            [
              99.433344,
              15.559079
            ],
            [
              99.433328,
              15.559033
            ],
            [
              99.433275,
              15.558967
            ],
            [
              99.433233,
              15.558911
            ],
            [
              99.433207,
              15.558819
            ],
            [
              99.433217,
              15.558769
            ],
            [
              99.43327,
              15.558703
            ],
            [
              99.433323,
              15.558657
            ],
            [
              99.43337,
              15.558642
            ],
            [
              99.433423,
              15.558606
            ],
            [
              99.433434,
              15.55853
            ],
            [
              99.433391,
              15.558494
            ],
            [
              99.433323,
              15.558469
            ],
            [
              99.433291,
              15.558433
            ],
            [
              99.433265,
              15.558377
            ],
            [
              99.433281,
              15.558265
            ],
            [
              99.433371,
              15.558177
            ],
            [
              99.433453,
              15.558113
            ],
            [
              99.433467,
              15.558055
            ],
            [
              99.433438,
              15.557925
            ],
            [
              99.433439,
              15.557778
            ],
            [
              99.433181,
              15.557151
            ],
            [
              99.433046,
              15.556807
            ],
            [
              99.433032,
              15.556736
            ],
            [
              99.433046,
              15.556691
            ],
            [
              99.433213,
              15.556433
            ],
            [
              99.431783,
              15.556259
            ]
          ]
        ]
      }
    },
    {
      "type": "Feature",
      "id": "osm_water_poly_1235785333",
      "properties": {
        "osm_id": 1235785333,
        "name": "",
        "name_th": "",
        "water": "",
        "natural": "water",
        "landuse": ""
      },
      "geometry": {
        "type": "Polygon",
        "coordinates": [
          [
            [
              99.433439,
              15.557778
            ],
            [
              99.433454,
              15.557745
            ],
            [
              99.433483,
              15.557726
            ],
            [
              99.43355,
              15.557698
            ],
            [
              99.433593,
              15.557678
            ],
            [
              99.433689,
              15.557614
            ],
            [
              99.433718,
              15.557586
            ],
            [
              99.433782,
              15.557553
            ],
            [
              99.433866,
              15.557541
            ],
            [
              99.433918,
              15.557544
            ],
            [
              99.433944,
              15.557539
            ],
            [
              99.433967,
              15.5575
            ],
            [
              99.433988,
              15.55748
            ],
            [
              99.434022,
              15.557455
            ],
            [
              99.434034,
              15.557433
            ],
            [
              99.434017,
              15.557393
            ],
            [
              99.433996,
              15.557385
            ],
            [
              99.433956,
              15.557399
            ],
            [
              99.433912,
              15.557396
            ],
            [
              99.433851,
              15.557377
            ],
            [
              99.43377,
              15.557335
            ],
            [
              99.433721,
              15.55731
            ],
            [
              99.433672,
              15.557296
            ],
            [
              99.433634,
              15.557296
            ],
            [
              99.433564,
              15.557287
            ],
            [
              99.433527,
              15.557273
            ],
            [
              99.433457,
              15.557231
            ],
            [
              99.433408,
              15.557226
            ],
            [
              99.433318,
              15.557223
            ],
            [
              99.433269,
              15.557215
            ],
            [
              99.433237,
              15.557203
            ],
            [
              99.433217,
              15.557181
            ],
            [
              99.433181,
              15.557151
            ],
            [
              99.433439,
              15.557778
            ]
          ]
        ]
      }
    },
    {
      "type": "Feature",
      "id": "osm_water_poly_1235785334",
      "properties": {
        "osm_id": 1235785334,
        "name": "",
        "name_th": "",
        "water": "",
        "natural": "water",
        "landuse": ""
      },
      "geometry": {
        "type": "Polygon",
        "coordinates": [
          [
            [
              99.434417,
              15.554422
            ],
            [
              99.434529,
              15.554254
            ],
            [
              99.434569,
              15.554211
            ],
            [
              99.434605,
              15.554196
            ],
            [
              99.434714,
              15.554226
            ],
            [
              99.434823,
              15.554245
            ],
            [
              99.434882,
              15.554245
            ],
            [
              99.43498,
              15.55423
            ],
            [
              99.435078,
              15.554203
            ],
            [
              99.435144,
              15.554181
            ],
            [
              99.435175,
              15.554158
            ],
            [
              99.435187,
              15.554117
            ],
            [
              99.435179,
              15.554011
            ],
            [
              99.435156,
              15.553955
            ],
            [
              99.435125,
              15.553925
            ],
            [
              99.43509,
              15.553909
            ],
            [
              99.435042,
              15.553879
            ],
            [
              99.435019,
              15.553853
            ],
            [
              99.435027,
              15.553823
            ],
            [
              99.435074,
              15.553804
            ],
            [
              99.435152,
              15.553781
            ],
            [
              99.435183,
              15.553766
            ],
            [
              99.435238,
              15.55371
            ],
            [
              99.435379,
              15.553499
            ],
            [
              99.435496,
              15.553352
            ],
            [
              99.435578,
              15.553265
            ],
            [
              99.435606,
              15.553224
            ],
            [
              99.435606,
              15.55319
            ],
            [
              99.435559,
              15.5531
            ],
            [
              99.435543,
              15.553054
            ],
            [
              99.435528,
              15.553005
            ],
            [
              99.435504,
              15.552945
            ],
            [
              99.435473,
              15.55287
            ],
            [
              99.435438,
              15.552847
            ],
            [
              99.435387,
              15.552847
            ],
            [
              99.435258,
              15.552881
            ],
            [
              99.435183,
              15.5529
            ],
            [
              99.435039,
              15.552919
            ],
            [
              99.434964,
              15.552919
            ],
            [
              99.434929,
              15.552926
            ],
            [
              99.434902,
              15.552915
            ],
            [
              99.434851,
              15.552855
            ],
            [
              99.4348,
              15.552794
            ],
            [
              99.434777,
              15.552742
            ],
            [
              99.434757,
              15.552678
            ],
            [
              99.434756,
              15.552529
            ],
            [
              99.434417,
              15.554422
            ]
          ]
        ]
      }
    },
    {
      "type": "Feature",
      "id": "osm_water_poly_1235785335",
      "properties": {
        "osm_id": 1235785335,
        "name": "",
        "name_th": "",
        "water": "",
        "natural": "water",
        "landuse": ""
      },
      "geometry": {
        "type": "Polygon",
        "coordinates": [
          [
            [
              99.434417,
              15.554422
            ],
            [
              99.434413,
              15.554663
            ],
            [
              99.434425,
              15.554738
            ],
            [
              99.434432,
              15.554821
            ],
            [
              99.434468,
              15.554882
            ],
            [
              99.434491,
              15.554942
            ],
            [
              99.434511,
              15.554991
            ],
            [
              99.434542,
              15.555017
            ],
            [
              99.434597,
              15.55504
            ],
            [
              99.434605,
              15.555074
            ],
            [
              99.434605,
              15.555108
            ],
            [
              99.434632,
              15.555164
            ],
            [
              99.434636,
              15.555213
            ],
            [
              99.434636,
              15.555258
            ],
            [
              99.434612,
              15.555277
            ],
            [
              99.434542,
              15.555285
            ],
            [
              99.434444,
              15.555311
            ],
            [
              99.434378,
              15.555341
            ],
            [
              99.434302,
              15.55539
            ],
            [
              99.434417,
              15.554422
            ]
          ]
        ]
      }
    },
    {
      "type": "Feature",
      "id": "osm_water_poly_1235785336",
      "properties": {
        "osm_id": 1235785336,
        "name": "",
        "name_th": "",
        "water": "",
        "natural": "water",
        "landuse": ""
      },
      "geometry": {
        "type": "Polygon",
        "coordinates": [
          [
            [
              99.435532,
              15.551177
            ],
            [
              99.435752,
              15.551173
            ],
            [
              99.435843,
              15.551186
            ],
            [
              99.43598,
              15.55123
            ],
            [
              99.436066,
              15.551274
            ],
            [
              99.436166,
              15.551353
            ],
            [
              99.436202,
              15.551383
            ],
            [
              99.436234,
              15.551422
            ],
            [
              99.436279,
              15.55144
            ],
            [
              99.436311,
              15.551418
            ],
            [
              99.43637,
              15.551348
            ],
            [
              99.436416,
              15.551317
            ],
            [
              99.436456,
              15.551282
            ],
            [
              99.436497,
              15.551221
            ],
            [
              99.436515,
              15.551182
            ],
            [
              99.436515,
              15.551077
            ],
            [
              99.436515,
              15.550963
            ],
            [
              99.436511,
              15.550911
            ],
            [
              99.436484,
              15.550827
            ],
            [
              99.436484,
              15.550788
            ],
            [
              99.436502,
              15.550731
            ],
            [
              99.436575,
              15.550648
            ],
            [
              99.436725,
              15.550538
            ],
            [
              99.435532,
              15.551177
            ]
          ]
        ]
      }
    },
    {
      "type": "Feature",
      "id": "osm_water_poly_1235785337",
      "properties": {
        "osm_id": 1235785337,
        "name": "",
        "name_th": "",
        "water": "",
        "natural": "water",
        "landuse": ""
      },
      "geometry": {
        "type": "Polygon",
        "coordinates": [
          [
            [
              99.436725,
              15.550538
            ],
            [
              99.436902,
              15.550543
            ],
            [
              99.436992,
              15.55056
            ],
            [
              99.437024,
              15.550574
            ],
            [
              99.437079,
              15.550595
            ],
            [
              99.437124,
              15.550635
            ],
            [
              99.437165,
              15.550679
            ],
            [
              99.437188,
              15.550718
            ],
            [
              99.437219,
              15.550744
            ],
            [
              99.437265,
              15.550749
            ],
            [
              99.437315,
              15.550731
            ],
            [
              99.437356,
              15.550674
            ],
            [
              99.437356,
              15.550635
            ],
            [
              99.437356,
              15.550582
            ],
            [
              99.437369,
              15.550543
            ],
            [
              99.437415,
              15.550517
            ],
            [
              99.437483,
              15.550517
            ],
            [
              99.437565,
              15.550521
            ],
            [
              99.437615,
              15.550525
            ],
            [
              99.437656,
              15.550508
            ],
            [
              99.437733,
              15.550447
            ],
            [
              99.437865,
              15.550346
            ],
            [
              99.437966,
              15.55029
            ],
            [
              99.436725,
              15.550538
            ]
          ]
        ]
      }
    },
    {
      "type": "Feature",
      "id": "osm_water_poly_1235794189",
      "properties": {
        "osm_id": 1235794189,
        "name": "",
        "name_th": "",
        "water": "",
        "natural": "water",
        "landuse": ""
      },
      "geometry": {
        "type": "Polygon",
        "coordinates": [
          [
            [
              99.429916,
              15.528325
            ],
            [
              99.429879,
              15.528042
            ],
            [
              99.429847,
              15.527866
            ],
            [
              99.429804,
              15.527763
            ],
            [
              99.429718,
              15.527659
            ],
            [
              99.429502,
              15.527416
            ],
            [
              99.429916,
              15.528325
            ]
          ]
        ]
      }
    },
    {
      "type": "Feature",
      "id": "osm_water_poly_1235794190",
      "properties": {
        "osm_id": 1235794190,
        "name": "",
        "name_th": "",
        "water": "",
        "natural": "water",
        "landuse": ""
      },
      "geometry": {
        "type": "Polygon",
        "coordinates": [
          [
            [
              99.428989,
              15.52644
            ],
            [
              99.429267,
              15.526698
            ],
            [
              99.4293,
              15.526801
            ],
            [
              99.429318,
              15.527011
            ],
            [
              99.428989,
              15.52644
            ]
          ]
        ]
      }
    },
    {
      "type": "Feature",
      "id": "osm_water_poly_1235794191",
      "properties": {
        "osm_id": 1235794191,
        "name": "",
        "name_th": "",
        "water": "",
        "natural": "water",
        "landuse": ""
      },
      "geometry": {
        "type": "Polygon",
        "coordinates": [
          [
            [
              99.434348,
              15.529354
            ],
            [
              99.434343,
              15.529295
            ],
            [
              99.434333,
              15.529269
            ],
            [
              99.43428,
              15.52917
            ],
            [
              99.434241,
              15.529111
            ],
            [
              99.434222,
              15.52906
            ],
            [
              99.434213,
              15.528951
            ],
            [
              99.434246,
              15.528807
            ],
            [
              99.434342,
              15.528517
            ],
            [
              99.434374,
              15.528393
            ],
            [
              99.434364,
              15.528197
            ],
            [
              99.434342,
              15.527959
            ],
            [
              99.434299,
              15.527731
            ],
            [
              99.434331,
              15.527608
            ],
            [
              99.434428,
              15.527535
            ],
            [
              99.434557,
              15.527515
            ],
            [
              99.434675,
              15.527494
            ],
            [
              99.434793,
              15.527434
            ],
            [
              99.434348,
              15.529354
            ]
          ]
        ]
      }
    },
    {
      "type": "Feature",
      "id": "osm_water_poly_1235794192",
      "properties": {
        "osm_id": 1235794192,
        "name": "",
        "name_th": "",
        "water": "",
        "natural": "water",
        "landuse": ""
      },
      "geometry": {
        "type": "Polygon",
        "coordinates": [
          [
            [
              99.434717,
              15.527329
            ],
            [
              99.434492,
              15.527225
            ],
            [
              99.434235,
              15.527091
            ],
            [
              99.434138,
              15.526998
            ],
            [
              99.434031,
              15.526843
            ],
            [
              99.433902,
              15.526749
            ],
            [
              99.43357,
              15.526584
            ],
            [
              99.43343,
              15.52647
            ],
            [
              99.433226,
              15.526295
            ],
            [
              99.433065,
              15.526036
            ],
            [
              99.432926,
              15.52584
            ],
            [
              99.43284,
              15.525674
            ],
            [
              99.432701,
              15.525499
            ],
            [
              99.432454,
              15.525137
            ],
            [
              99.432368,
              15.525033
            ],
            [
              99.432229,
              15.524878
            ],
            [
              99.432196,
              15.524796
            ],
            [
              99.432196,
              15.524661
            ],
            [
              99.432239,
              15.524589
            ],
            [
              99.432357,
              15.524558
            ],
            [
              99.432475,
              15.524599
            ],
            [
              99.43254,
              15.524672
            ],
            [
              99.432626,
              15.524775
            ],
            [
              99.432647,
              15.524868
            ],
            [
              99.432658,
              15.524992
            ],
            [
              99.432722,
              15.525064
            ],
            [
              99.43284,
              15.525064
            ],
            [
              99.432883,
              15.524992
            ],
            [
              99.432954,
              15.524865
            ],
            [
              99.434717,
              15.527329
            ]
          ]
        ]
      }
    },
    {
      "type": "Feature",
      "id": "osm_water_poly_1235794193",
      "properties": {
        "osm_id": 1235794193,
        "name": "",
        "name_th": "",
        "water": "",
        "natural": "water",
        "landuse": ""
      },
      "geometry": {
        "type": "Polygon",
        "coordinates": [
          [
            [
              99.433473,
              15.522386
            ],
            [
              99.43313,
              15.52249
            ],
            [
              99.43299,
              15.522521
            ],
            [
              99.432915,
              15.522604
            ],
            [
              99.432862,
              15.522697
            ],
            [
              99.432851,
              15.52279
            ],
            [
              99.432787,
              15.522914
            ],
            [
              99.432733,
              15.522987
            ],
            [
              99.432701,
              15.523059
            ],
            [
              99.432722,
              15.523131
            ],
            [
              99.432776,
              15.523204
            ],
            [
              99.432862,
              15.523286
            ],
            [
              99.432883,
              15.523369
            ],
            [
              99.432808,
              15.523411
            ],
            [
              99.43269,
              15.52338
            ],
            [
              99.432617,
              15.523312
            ],
            [
              99.432523,
              15.523227
            ],
            [
              99.432469,
              15.523171
            ],
            [
              99.432357,
              15.52304
            ],
            [
              99.43231,
              15.523006
            ],
            [
              99.432245,
              15.522989
            ],
            [
              99.432222,
              15.523029
            ],
            [
              99.432269,
              15.523091
            ],
            [
              99.432304,
              15.523171
            ],
            [
              99.43231,
              15.523256
            ],
            [
              99.432293,
              15.523312
            ],
            [
              99.43224,
              15.523375
            ],
            [
              99.432187,
              15.523398
            ],
            [
              99.432128,
              15.523398
            ],
            [
              99.432075,
              15.523341
            ],
            [
              99.432022,
              15.523284
            ],
            [
              99.431974,
              15.523244
            ],
            [
              99.431898,
              15.523227
            ],
            [
              99.431845,
              15.52321
            ],
            [
              99.431792,
              15.523205
            ],
            [
              99.431733,
              15.523233
            ],
            [
              99.431615,
              15.523295
            ],
            [
              99.431556,
              15.523278
            ],
            [
              99.431532,
              15.523227
            ],
            [
              99.431461,
              15.523085
            ],
            [
              99.431444,
              15.522989
            ],
            [
              99.431444,
              15.522864
            ],
            [
              99.43142,
              15.522796
            ],
            [
              99.431385,
              15.52275
            ],
            [
              99.431338,
              15.52275
            ],
            [
              99.43132,
              15.522813
            ],
            [
              99.431308,
              15.522881
            ],
            [
              99.431308,
              15.522955
            ],
            [
              99.431338,
              15.523029
            ],
            [
              99.431332,
              15.523108
            ],
            [
              99.431332,
              15.523176
            ],
            [
              99.431344,
              15.523227
            ],
            [
              99.431344,
              15.523295
            ],
            [
              99.43132,
              15.523352
            ],
            [
              99.431326,
              15.523398
            ],
            [
              99.431367,
              15.523454
            ],
            [
              99.431432,
              15.523517
            ],
            [
              99.431456,
              15.523562
            ],
            [
              99.431456,
              15.523631
            ],
            [
              99.431456,
              15.523693
            ],
            [
              99.431473,
              15.523739
            ],
            [
              99.431515,
              15.523801
            ],
            [
              99.431562,
              15.523807
            ],
            [
              99.431621,
              15.523784
            ],
            [
              99.43168,
              15.523807
            ],
            [
              99.431762,
              15.523858
            ],
            [
              99.431892,
              15.523926
            ],
            [
              99.432033,
              15.52396
            ],
            [
              99.432175,
              15.523977
            ],
            [
              99.432257,
              15.523983
            ],
            [
              99.432375,
              15.523966
            ],
            [
              99.43244,
              15.523977
            ],
            [
              99.432564,
              15.524034
            ],
            [
              99.432623,
              15.52404
            ],
            [
              99.432741,
              15.524062
            ],
            [
              99.432835,
              15.524108
            ],
            [
              99.432876,
              15.524147
            ],
            [
              99.432935,
              15.52421
            ],
            [
              99.432959,
              15.524267
            ],
            [
              99.432983,
              15.524401
            ],
            [
              99.433473,
              15.522386
            ]
          ]
        ]
      }
    },
    {
      "type": "Feature",
      "id": "osm_water_poly_1235794194",
      "properties": {
        "osm_id": 1235794194,
        "name": "",
        "name_th": "",
        "water": "",
        "natural": "water",
        "landuse": ""
      },
      "geometry": {
        "type": "Polygon",
        "coordinates": [
          [
            [
              99.434399,
              15.522029
            ],
            [
              99.434462,
              15.522069
            ],
            [
              99.434515,
              15.522069
            ],
            [
              99.434651,
              15.522057
            ],
            [
              99.434704,
              15.522069
            ],
            [
              99.434727,
              15.522108
            ],
            [
              99.43468,
              15.522154
            ],
            [
              99.43455,
              15.522324
            ],
            [
              99.434515,
              15.522392
            ],
            [
              99.434509,
              15.522478
            ],
            [
              99.434427,
              15.522739
            ],
            [
              99.434399,
              15.522029
            ]
          ]
        ]
      }
    },
    {
      "type": "Feature",
      "id": "osm_water_poly_1235794195",
      "properties": {
        "osm_id": 1235794195,
        "name": "",
        "name_th": "",
        "water": "",
        "natural": "water",
        "landuse": ""
      },
      "geometry": {
        "type": "Polygon",
        "coordinates": [
          [
            [
              99.433669,
              15.521061
            ],
            [
              99.433696,
              15.52099
            ],
            [
              99.433731,
              15.520904
            ],
            [
              99.433766,
              15.520853
            ],
            [
              99.43376,
              15.520808
            ],
            [
              99.433637,
              15.520808
            ],
            [
              99.433557,
              15.520793
            ],
            [
              99.433669,
              15.521061
            ]
          ]
        ]
      }
    },
    {
      "type": "Feature",
      "id": "osm_water_poly_1235794196",
      "properties": {
        "osm_id": 1235794196,
        "name": "",
        "name_th": "",
        "water": "",
        "natural": "water",
        "landuse": ""
      },
      "geometry": {
        "type": "Polygon",
        "coordinates": [
          [
            [
              99.433302,
              15.518964
            ],
            [
              99.433189,
              15.518735
            ],
            [
              99.433124,
              15.518632
            ],
            [
              99.433112,
              15.518576
            ],
            [
              99.433136,
              15.518519
            ],
            [
              99.433212,
              15.518519
            ],
            [
              99.433248,
              15.518479
            ],
            [
              99.433265,
              15.518405
            ],
            [
              99.433295,
              15.518354
            ],
            [
              99.433307,
              15.518286
            ],
            [
              99.433312,
              15.518223
            ],
            [
              99.433342,
              15.518167
            ],
            [
              99.433395,
              15.518121
            ],
            [
              99.433401,
              15.518059
            ],
            [
              99.433371,
              15.518025
            ],
            [
              99.433307,
              15.518002
            ],
            [
              99.433206,
              15.517996
            ],
            [
              99.433142,
              15.518002
            ],
            [
              99.433047,
              15.518047
            ],
            [
              99.433024,
              15.518093
            ],
            [
              99.433024,
              15.51815
            ],
            [
              99.433047,
              15.518206
            ],
            [
              99.433082,
              15.518252
            ],
            [
              99.433094,
              15.518314
            ],
            [
              99.433071,
              15.51836
            ],
            [
              99.433024,
              15.518422
            ],
            [
              99.432988,
              15.518485
            ],
            [
              99.432971,
              15.51857
            ],
            [
              99.432971,
              15.518644
            ],
            [
              99.433,
              15.518701
            ],
            [
              99.432976,
              15.518743
            ],
            [
              99.433302,
              15.518964
            ]
          ]
        ]
      }
    },
    {
      "type": "Feature",
      "id": "osm_water_poly_1235794197",
      "properties": {
        "osm_id": 1235794197,
        "name": "",
        "name_th": "",
        "water": "",
        "natural": "water",
        "landuse": ""
      },
      "geometry": {
        "type": "Polygon",
        "coordinates": [
          [
            [
              99.436594,
              15.524319
            ],
            [
              99.436672,
              15.524263
            ],
            [
              99.436802,
              15.524117
            ],
            [
              99.43685,
              15.524032
            ],
            [
              99.436864,
              15.523939
            ],
            [
              99.436877,
              15.523768
            ],
            [
              99.436884,
              15.52357
            ],
            [
              99.436905,
              15.523438
            ],
            [
              99.436905,
              15.523326
            ],
            [
              99.436925,
              15.523273
            ],
            [
              99.436994,
              15.523273
            ],
            [
              99.437096,
              15.523299
            ],
            [
              99.437233,
              15.523359
            ],
            [
              99.43737,
              15.523398
            ],
            [
              99.437617,
              15.523431
            ],
            [
              99.437939,
              15.523418
            ],
            [
              99.438075,
              15.523445
            ],
            [
              99.438137,
              15.523431
            ],
            [
              99.438219,
              15.523372
            ],
            [
              99.438288,
              15.523293
            ],
            [
              99.438336,
              15.52322
            ],
            [
              99.43837,
              15.523161
            ],
            [
              99.43839,
              15.52326
            ],
            [
              99.438425,
              15.523345
            ],
            [
              99.438479,
              15.523352
            ],
            [
              99.438534,
              15.523319
            ],
            [
              99.438644,
              15.52324
            ],
            [
              99.438726,
              15.523167
            ],
            [
              99.438644,
              15.523517
            ],
            [
              99.438623,
              15.52359
            ],
            [
              99.438664,
              15.523675
            ],
            [
              99.438685,
              15.523735
            ],
            [
              99.438692,
              15.523952
            ],
            [
              99.438671,
              15.524084
            ],
            [
              99.438644,
              15.524276
            ],
            [
              99.438644,
              15.524421
            ],
            [
              99.438644,
              15.524566
            ],
            [
              99.438671,
              15.524665
            ],
            [
              99.438712,
              15.524724
            ],
            [
              99.43875,
              15.524797
            ],
            [
              99.436594,
              15.524319
            ]
          ]
        ]
      }
    },
    {
      "type": "Feature",
      "id": "osm_water_poly_1235794198",
      "properties": {
        "osm_id": 1235794198,
        "name": "",
        "name_th": "",
        "water": "",
        "natural": "water",
        "landuse": ""
      },
      "geometry": {
        "type": "Polygon",
        "coordinates": [
          [
            [
              99.435044,
              15.523577
            ],
            [
              99.435166,
              15.523563
            ],
            [
              99.435309,
              15.52359
            ],
            [
              99.435446,
              15.523669
            ],
            [
              99.435693,
              15.523807
            ],
            [
              99.435755,
              15.523886
            ],
            [
              99.435795,
              15.523979
            ],
            [
              99.435916,
              15.524127
            ],
            [
              99.434986,
              15.523617
            ],
            [
              99.434532,
              15.523275
            ],
            [
              99.434621,
              15.523285
            ],
            [
              99.434743,
              15.523306
            ],
            [
              99.434843,
              15.523381
            ],
            [
              99.434941,
              15.523449
            ],
            [
              99.434968,
              15.523491
            ],
            [
              99.434996,
              15.52355
            ],
            [
              99.435014,
              15.523568
            ],
            [
              99.435044,
              15.523577
            ]
          ]
        ]
      }
    },
    {
      "type": "Feature",
      "id": "osm_water_poly_1235794199",
      "properties": {
        "osm_id": 1235794199,
        "name": "",
        "name_th": "",
        "water": "",
        "natural": "water",
        "landuse": ""
      },
      "geometry": {
        "type": "Polygon",
        "coordinates": [
          [
            [
              99.440221,
              15.523559
            ],
            [
              99.440326,
              15.523513
            ],
            [
              99.440366,
              15.523508
            ],
            [
              99.440414,
              15.5235
            ],
            [
              99.440492,
              15.523466
            ],
            [
              99.440514,
              15.523433
            ],
            [
              99.440514,
              15.52339
            ],
            [
              99.440488,
              15.523348
            ],
            [
              99.440462,
              15.523294
            ],
            [
              99.440436,
              15.523197
            ],
            [
              99.440387,
              15.5231
            ],
            [
              99.440335,
              15.522982
            ],
            [
              99.4403,
              15.522894
            ],
            [
              99.440265,
              15.522835
            ],
            [
              99.440213,
              15.522763
            ],
            [
              99.4402,
              15.522721
            ],
            [
              99.4402,
              15.522671
            ],
            [
              99.44023,
              15.522607
            ],
            [
              99.440248,
              15.522553
            ],
            [
              99.440252,
              15.522515
            ],
            [
              99.440287,
              15.522469
            ],
            [
              99.440313,
              15.522418
            ],
            [
              99.440318,
              15.522376
            ],
            [
              99.440339,
              15.522342
            ],
            [
              99.440484,
              15.522275
            ],
            [
              99.440527,
              15.522266
            ],
            [
              99.440575,
              15.522271
            ],
            [
              99.440602,
              15.522292
            ],
            [
              99.440615,
              15.522321
            ],
            [
              99.440632,
              15.522376
            ],
            [
              99.440632,
              15.52246
            ],
            [
              99.440623,
              15.522494
            ],
            [
              99.440593,
              15.522532
            ],
            [
              99.440562,
              15.522557
            ],
            [
              99.440545,
              15.522591
            ],
            [
              99.440545,
              15.522628
            ],
            [
              99.44058,
              15.522641
            ],
            [
              99.44061,
              15.522603
            ],
            [
              99.440658,
              15.522574
            ],
            [
              99.44072,
              15.522561
            ],
            [
              99.440781,
              15.522553
            ],
            [
              99.440846,
              15.522574
            ],
            [
              99.440868,
              15.522603
            ],
            [
              99.440864,
              15.522654
            ],
            [
              99.440833,
              15.522847
            ],
            [
              99.440829,
              15.522911
            ],
            [
              99.440829,
              15.523012
            ],
            [
              99.440868,
              15.523079
            ],
            [
              99.440934,
              15.523231
            ],
            [
              99.441043,
              15.523513
            ],
            [
              99.441047,
              15.52358
            ],
            [
              99.44106,
              15.523635
            ],
            [
              99.441098,
              15.523676
            ],
            [
              99.440221,
              15.523559
            ]
          ]
        ]
      }
    },
    {
      "type": "Feature",
      "id": "osm_water_poly_1237778247",
      "properties": {
        "osm_id": 1237778247,
        "name": "",
        "name_th": "",
        "water": "",
        "natural": "water",
        "landuse": ""
      },
      "geometry": {
        "type": "Polygon",
        "coordinates": [
          [
            [
              99.451619,
              15.958946
            ],
            [
              99.451083,
              15.958481
            ],
            [
              99.453114,
              15.95608
            ],
            [
              99.453771,
              15.956578
            ],
            [
              99.45276,
              15.957725
            ],
            [
              99.452812,
              15.957858
            ],
            [
              99.453071,
              15.957933
            ],
            [
              99.453063,
              15.958248
            ],
            [
              99.452812,
              15.958215
            ],
            [
              99.452812,
              15.957937
            ],
            [
              99.452719,
              15.957847
            ],
            [
              99.452572,
              15.957856
            ],
            [
              99.452221,
              15.958326
            ],
            [
              99.452483,
              15.958398
            ],
            [
              99.452359,
              15.958539
            ],
            [
              99.452305,
              15.958693
            ],
            [
              99.452154,
              15.958761
            ],
            [
              99.452088,
              15.958432
            ],
            [
              99.451619,
              15.958946
            ]
          ]
        ]
      }
    },
    {
      "type": "Feature",
      "id": "osm_water_poly_1237778249",
      "properties": {
        "osm_id": 1237778249,
        "name": "",
        "name_th": "",
        "water": "",
        "natural": "water",
        "landuse": ""
      },
      "geometry": {
        "type": "Polygon",
        "coordinates": [
          [
            [
              99.446015,
              15.951155
            ],
            [
              99.44606,
              15.950911
            ],
            [
              99.446284,
              15.950545
            ],
            [
              99.446482,
              15.950789
            ],
            [
              99.446487,
              15.951116
            ],
            [
              99.446015,
              15.951155
            ]
          ]
        ]
      }
    },
    {
      "type": "Feature",
      "id": "osm_water_poly_1237781003",
      "properties": {
        "osm_id": 1237781003,
        "name": "",
        "name_th": "",
        "water": "",
        "natural": "water",
        "landuse": ""
      },
      "geometry": {
        "type": "Polygon",
        "coordinates": [
          [
            [
              99.469554,
              15.935856
            ],
            [
              99.46875,
              15.934507
            ],
            [
              99.468249,
              15.934582
            ],
            [
              99.468171,
              15.935179
            ],
            [
              99.468207,
              15.935334
            ],
            [
              99.468395,
              15.935324
            ],
            [
              99.468541,
              15.935947
            ],
            [
              99.468635,
              15.936032
            ],
            [
              99.469554,
              15.935856
            ]
          ]
        ]
      }
    },
    {
      "type": "Feature",
      "id": "osm_water_poly_1237781004",
      "properties": {
        "osm_id": 1237781004,
        "name": "",
        "name_th": "",
        "water": "",
        "natural": "water",
        "landuse": ""
      },
      "geometry": {
        "type": "Polygon",
        "coordinates": [
          [
            [
              99.465438,
              15.931519
            ],
            [
              99.465424,
              15.9311
            ],
            [
              99.466616,
              15.931073
            ],
            [
              99.466629,
              15.931499
            ],
            [
              99.465438,
              15.931519
            ]
          ]
        ]
      }
    },
    {
      "type": "Feature",
      "id": "osm_water_poly_1238237077",
      "properties": {
        "osm_id": 1238237077,
        "name": "",
        "name_th": "",
        "water": "",
        "natural": "water",
        "landuse": ""
      },
      "geometry": {
        "type": "Polygon",
        "coordinates": [
          [
            [
              99.480854,
              15.929228
            ],
            [
              99.481429,
              15.929305
            ],
            [
              99.481489,
              15.928727
            ],
            [
              99.480938,
              15.92865
            ],
            [
              99.480854,
              15.929228
            ]
          ]
        ]
      }
    },
    {
      "type": "Feature",
      "id": "osm_water_poly_1238237078",
      "properties": {
        "osm_id": 1238237078,
        "name": "",
        "name_th": "",
        "water": "",
        "natural": "water",
        "landuse": ""
      },
      "geometry": {
        "type": "Polygon",
        "coordinates": [
          [
            [
              99.479367,
              15.928551
            ],
            [
              99.479416,
              15.928211
            ],
            [
              99.480717,
              15.928375
            ],
            [
              99.480683,
              15.928738
            ],
            [
              99.479367,
              15.928551
            ]
          ]
        ]
      }
    },
    {
      "type": "Feature",
      "id": "osm_water_poly_1238314141",
      "properties": {
        "osm_id": 1238314141,
        "name": "",
        "name_th": "",
        "water": "",
        "natural": "water",
        "landuse": ""
      },
      "geometry": {
        "type": "Polygon",
        "coordinates": [
          [
            [
              99.492956,
              15.940264
            ],
            [
              99.492214,
              15.940075
            ],
            [
              99.491806,
              15.939435
            ],
            [
              99.492124,
              15.93894
            ],
            [
              99.493168,
              15.938751
            ],
            [
              99.493274,
              15.938402
            ],
            [
              99.494181,
              15.93833
            ],
            [
              99.494529,
              15.939115
            ],
            [
              99.494832,
              15.939523
            ],
            [
              99.494651,
              15.940061
            ],
            [
              99.494197,
              15.940381
            ],
            [
              99.492956,
              15.940264
            ]
          ]
        ]
      }
    },
    {
      "type": "Feature",
      "id": "osm_water_poly_1238314142",
      "properties": {
        "osm_id": 1238314142,
        "name": "",
        "name_th": "",
        "water": "",
        "natural": "water",
        "landuse": ""
      },
      "geometry": {
        "type": "Polygon",
        "coordinates": [
          [
            [
              99.491412,
              15.939072
            ],
            [
              99.490459,
              15.937398
            ],
            [
              99.490943,
              15.937049
            ],
            [
              99.492063,
              15.937122
            ],
            [
              99.492472,
              15.935187
            ],
            [
              99.493319,
              15.935216
            ],
            [
              99.492774,
              15.937122
            ],
            [
              99.49288,
              15.9383
            ],
            [
              99.491412,
              15.939072
            ]
          ]
        ]
      }
    },
    {
      "type": "Feature",
      "id": "osm_water_poly_1238314144",
      "properties": {
        "osm_id": 1238314144,
        "name": "",
        "name_th": "",
        "water": "",
        "natural": "water",
        "landuse": ""
      },
      "geometry": {
        "type": "Polygon",
        "coordinates": [
          [
            [
              99.51601,
              15.934444
            ],
            [
              99.515998,
              15.934144
            ],
            [
              99.515706,
              15.934109
            ],
            [
              99.515718,
              15.934394
            ],
            [
              99.51601,
              15.934444
            ]
          ]
        ]
      }
    },
    {
      "type": "Feature",
      "id": "osm_water_poly_1238323536",
      "properties": {
        "osm_id": 1238323536,
        "name": "",
        "name_th": "",
        "water": "",
        "natural": "water",
        "landuse": ""
      },
      "geometry": {
        "type": "Polygon",
        "coordinates": [
          [
            [
              99.555783,
              15.925416
            ],
            [
              99.555762,
              15.925015
            ],
            [
              99.556169,
              15.924985
            ],
            [
              99.556221,
              15.925406
            ],
            [
              99.555783,
              15.925416
            ]
          ]
        ]
      }
    },
    {
      "type": "Feature",
      "id": "osm_water_poly_1238323537",
      "properties": {
        "osm_id": 1238323537,
        "name": "",
        "name_th": "",
        "water": "",
        "natural": "water",
        "landuse": ""
      },
      "geometry": {
        "type": "Polygon",
        "coordinates": [
          [
            [
              99.556654,
              15.924077
            ],
            [
              99.557693,
              15.923921
            ],
            [
              99.557641,
              15.923394
            ],
            [
              99.556545,
              15.923565
            ],
            [
              99.556654,
              15.924077
            ]
          ]
        ]
      }
    },
    {
      "type": "Feature",
      "id": "osm_water_poly_1238326085",
      "properties": {
        "osm_id": 1238326085,
        "name": "",
        "name_th": "",
        "water": "",
        "natural": "water",
        "landuse": ""
      },
      "geometry": {
        "type": "Polygon",
        "coordinates": [
          [
            [
              99.56088,
              15.926023
            ],
            [
              99.560852,
              15.925343
            ],
            [
              99.561083,
              15.925333
            ],
            [
              99.561104,
              15.926
            ],
            [
              99.56088,
              15.926023
            ]
          ]
        ]
      }
    },
    {
      "type": "Feature",
      "id": "osm_water_poly_1238326086",
      "properties": {
        "osm_id": 1238326086,
        "name": "",
        "name_th": "",
        "water": "",
        "natural": "water",
        "landuse": ""
      },
      "geometry": {
        "type": "Polygon",
        "coordinates": [
          [
            [
              99.560922,
              15.925189
            ],
            [
              99.560925,
              15.92502
            ],
            [
              99.561212,
              15.92503
            ],
            [
              99.561195,
              15.925192
            ],
            [
              99.560922,
              15.925189
            ]
          ]
        ]
      }
    },
    {
      "type": "Feature",
      "id": "osm_water_poly_1238330876",
      "properties": {
        "osm_id": 1238330876,
        "name": "",
        "name_th": "",
        "water": "",
        "natural": "water",
        "landuse": ""
      },
      "geometry": {
        "type": "Polygon",
        "coordinates": [
          [
            [
              99.578468,
              15.928963
            ],
            [
              99.579427,
              15.928783
            ],
            [
              99.57901,
              15.927587
            ],
            [
              99.578281,
              15.927647
            ],
            [
              99.578468,
              15.928963
            ]
          ]
        ]
      }
    },
    {
      "type": "Feature",
      "id": "osm_water_poly_1238330878",
      "properties": {
        "osm_id": 1238330878,
        "name": "",
        "name_th": "",
        "water": "",
        "natural": "water",
        "landuse": ""
      },
      "geometry": {
        "type": "Polygon",
        "coordinates": [
          [
            [
              99.58094,
              15.924643
            ],
            [
              99.580989,
              15.924855
            ],
            [
              99.581266,
              15.924848
            ],
            [
              99.581238,
              15.924084
            ],
            [
              99.580475,
              15.92402
            ],
            [
              99.580485,
              15.924693
            ],
            [
              99.58094,
              15.924643
            ]
          ]
        ]
      }
    },
    {
      "type": "Feature",
      "id": "osm_water_poly_1238330879",
      "properties": {
        "osm_id": 1238330879,
        "name": "",
        "name_th": "",
        "water": "",
        "natural": "water",
        "landuse": ""
      },
      "geometry": {
        "type": "Polygon",
        "coordinates": [
          [
            [
              99.580594,
              15.924878
            ],
            [
              99.579981,
              15.924942
            ],
            [
              99.57996,
              15.924801
            ],
            [
              99.580583,
              15.924734
            ],
            [
              99.580594,
              15.924878
            ]
          ]
        ]
      }
    },
    {
      "type": "Feature",
      "id": "osm_water_poly_1238330881",
      "properties": {
        "osm_id": 1238330881,
        "name": "",
        "name_th": "",
        "water": "",
        "natural": "water",
        "landuse": ""
      },
      "geometry": {
        "type": "Polygon",
        "coordinates": [
          [
            [
              99.579593,
              15.928698
            ],
            [
              99.579386,
              15.92818
            ],
            [
              99.579778,
              15.928045
            ],
            [
              99.57996,
              15.928416
            ],
            [
              99.579768,
              15.928682
            ],
            [
              99.579593,
              15.928698
            ]
          ]
        ]
      }
    },
    {
      "type": "Feature",
      "id": "osm_water_poly_1238330882",
      "properties": {
        "osm_id": 1238330882,
        "name": "",
        "name_th": "",
        "water": "",
        "natural": "water",
        "landuse": ""
      },
      "geometry": {
        "type": "Polygon",
        "coordinates": [
          [
            [
              99.58129,
              15.934098
            ],
            [
              99.58038,
              15.933522
            ],
            [
              99.580356,
              15.933829
            ],
            [
              99.581111,
              15.93436
            ],
            [
              99.58129,
              15.934098
            ]
          ]
        ]
      }
    },
    {
      "type": "Feature",
      "id": "osm_water_poly_1238330883",
      "properties": {
        "osm_id": 1238330883,
        "name": "",
        "name_th": "",
        "water": "",
        "natural": "water",
        "landuse": ""
      },
      "geometry": {
        "type": "Polygon",
        "coordinates": [
          [
            [
              99.589667,
              15.925018
            ],
            [
              99.589395,
              15.924419
            ],
            [
              99.589838,
              15.924247
            ],
            [
              99.590149,
              15.924861
            ],
            [
              99.589667,
              15.925018
            ]
          ]
        ]
      }
    },
    {
      "type": "Feature",
      "id": "osm_water_poly_1238332906",
      "properties": {
        "osm_id": 1238332906,
        "name": "",
        "name_th": "",
        "water": "",
        "natural": "water",
        "landuse": ""
      },
      "geometry": {
        "type": "Polygon",
        "coordinates": [
          [
            [
              99.588323,
              15.928002
            ],
            [
              99.588588,
              15.927823
            ],
            [
              99.587585,
              15.927142
            ],
            [
              99.587219,
              15.927412
            ],
            [
              99.587305,
              15.927524
            ],
            [
              99.588323,
              15.928002
            ]
          ]
        ]
      }
    },
    {
      "type": "Feature",
      "id": "osm_water_poly_1238609590",
      "properties": {
        "osm_id": 1238609590,
        "name": "",
        "name_th": "",
        "water": "",
        "natural": "water",
        "landuse": ""
      },
      "geometry": {
        "type": "Polygon",
        "coordinates": [
          [
            [
              99.637899,
              15.936871
            ],
            [
              99.639172,
              15.936129
            ],
            [
              99.639036,
              15.935788
            ],
            [
              99.637888,
              15.935768
            ],
            [
              99.636959,
              15.934875
            ],
            [
              99.637074,
              15.934523
            ],
            [
              99.63685,
              15.93443
            ],
            [
              99.636469,
              15.934273
            ],
            [
              99.636573,
              15.935035
            ],
            [
              99.637899,
              15.936871
            ]
          ]
        ]
      }
    },
    {
      "type": "Feature",
      "id": "osm_water_poly_1238613656",
      "properties": {
        "osm_id": 1238613656,
        "name": "",
        "name_th": "",
        "water": "",
        "natural": "water",
        "landuse": ""
      },
      "geometry": {
        "type": "Polygon",
        "coordinates": [
          [
            [
              99.64544,
              15.934782
            ],
            [
              99.645611,
              15.934805
            ],
            [
              99.645664,
              15.934389
            ],
            [
              99.64549,
              15.934378
            ],
            [
              99.64544,
              15.934782
            ]
          ]
        ]
      }
    },
    {
      "type": "Feature",
      "id": "osm_water_poly_1238958236",
      "properties": {
        "osm_id": 1238958236,
        "name": "",
        "name_th": "",
        "water": "",
        "natural": "water",
        "landuse": ""
      },
      "geometry": {
        "type": "Polygon",
        "coordinates": [
          [
            [
              99.390544,
              15.582812
            ],
            [
              99.390556,
              15.582837
            ],
            [
              99.390574,
              15.582834
            ],
            [
              99.390603,
              15.582809
            ],
            [
              99.390677,
              15.582721
            ],
            [
              99.390715,
              15.582678
            ],
            [
              99.390751,
              15.582653
            ],
            [
              99.390771,
              15.582644
            ],
            [
              99.390793,
              15.582665
            ],
            [
              99.390799,
              15.582602
            ],
            [
              99.390808,
              15.582548
            ],
            [
              99.390835,
              15.582498
            ],
            [
              99.39073,
              15.582584
            ],
            [
              99.390688,
              15.58262
            ],
            [
              99.390635,
              15.582674
            ],
            [
              99.390597,
              15.582716
            ],
            [
              99.39056,
              15.58278
            ],
            [
              99.390544,
              15.582812
            ]
          ]
        ]
      }
    },
    {
      "type": "Feature",
      "id": "osm_water_poly_1238958238",
      "properties": {
        "osm_id": 1238958238,
        "name": "",
        "name_th": "",
        "water": "",
        "natural": "water",
        "landuse": ""
      },
      "geometry": {
        "type": "Polygon",
        "coordinates": [
          [
            [
              99.391144,
              15.580789
            ],
            [
              99.391236,
              15.58079
            ],
            [
              99.391274,
              15.58079
            ],
            [
              99.391318,
              15.580778
            ],
            [
              99.391354,
              15.580733
            ],
            [
              99.391386,
              15.580696
            ],
            [
              99.391436,
              15.580665
            ],
            [
              99.39151,
              15.580645
            ],
            [
              99.391578,
              15.580634
            ],
            [
              99.391647,
              15.580648
            ],
            [
              99.391681,
              15.580675
            ],
            [
              99.3919,
              15.580839
            ],
            [
              99.391931,
              15.580895
            ],
            [
              99.391929,
              15.580926
            ],
            [
              99.391881,
              15.581
            ],
            [
              99.391861,
              15.58102
            ],
            [
              99.391805,
              15.581034
            ],
            [
              99.391713,
              15.581031
            ],
            [
              99.391593,
              15.581019
            ],
            [
              99.391438,
              15.580962
            ],
            [
              99.391327,
              15.580927
            ],
            [
              99.391232,
              15.580908
            ],
            [
              99.391148,
              15.580901
            ],
            [
              99.391104,
              15.580885
            ],
            [
              99.391088,
              15.580855
            ],
            [
              99.391096,
              15.580824
            ],
            [
              99.391144,
              15.580789
            ]
          ]
        ]
      }
    },
    {
      "type": "Feature",
      "id": "osm_water_poly_1238958240",
      "properties": {
        "osm_id": 1238958240,
        "name": "",
        "name_th": "",
        "water": "",
        "natural": "water",
        "landuse": ""
      },
      "geometry": {
        "type": "Polygon",
        "coordinates": [
          [
            [
              99.392144,
              15.581199
            ],
            [
              99.392174,
              15.581178
            ],
            [
              99.392203,
              15.581159
            ],
            [
              99.392241,
              15.581133
            ],
            [
              99.392276,
              15.581102
            ],
            [
              99.392332,
              15.581065
            ],
            [
              99.392406,
              15.581043
            ],
            [
              99.392436,
              15.581026
            ],
            [
              99.392521,
              15.580989
            ],
            [
              99.392539,
              15.580974
            ],
            [
              99.392577,
              15.580937
            ],
            [
              99.392634,
              15.58089
            ],
            [
              99.392754,
              15.580849
            ],
            [
              99.392754,
              15.58095
            ],
            [
              99.392727,
              15.580923
            ],
            [
              99.392689,
              15.580929
            ],
            [
              99.392639,
              15.580952
            ],
            [
              99.392618,
              15.580974
            ],
            [
              99.392606,
              15.581
            ],
            [
              99.392583,
              15.581023
            ],
            [
              99.392494,
              15.581054
            ],
            [
              99.392362,
              15.581108
            ],
            [
              99.392318,
              15.581133
            ],
            [
              99.392256,
              15.581182
            ],
            [
              99.39222,
              15.581202
            ],
            [
              99.392164,
              15.58123
            ],
            [
              99.392143,
              15.581228
            ],
            [
              99.392137,
              15.581212
            ],
            [
              99.392144,
              15.581199
            ]
          ]
        ]
      }
    },
    {
      "type": "Feature",
      "id": "osm_water_poly_1238958254",
      "properties": {
        "osm_id": 1238958254,
        "name": "",
        "name_th": "",
        "water": "reservoir",
        "natural": "water",
        "landuse": ""
      },
      "geometry": {
        "type": "Polygon",
        "coordinates": [
          [
            [
              99.396175,
              15.577082
            ],
            [
              99.396989,
              15.577497
            ],
            [
              99.397029,
              15.577514
            ],
            [
              99.397044,
              15.577546
            ],
            [
              99.397033,
              15.577584
            ],
            [
              99.396945,
              15.577791
            ],
            [
              99.396921,
              15.577849
            ],
            [
              99.396845,
              15.57803
            ],
            [
              99.396819,
              15.578079
            ],
            [
              99.396787,
              15.578093
            ],
            [
              99.396758,
              15.578093
            ],
            [
              99.396714,
              15.578072
            ],
            [
              99.396208,
              15.577807
            ],
            [
              99.395629,
              15.577459
            ],
            [
              99.395528,
              15.577406
            ],
            [
              99.395491,
              15.577378
            ],
            [
              99.395426,
              15.57734
            ],
            [
              99.395397,
              15.577343
            ],
            [
              99.395263,
              15.577368
            ],
            [
              99.395147,
              15.577396
            ],
            [
              99.395061,
              15.577396
            ],
            [
              99.394967,
              15.577396
            ],
            [
              99.394912,
              15.577385
            ],
            [
              99.394869,
              15.577368
            ],
            [
              99.394844,
              15.57733
            ],
            [
              99.394768,
              15.577215
            ],
            [
              99.394724,
              15.577155
            ],
            [
              99.394721,
              15.577127
            ],
            [
              99.394739,
              15.577106
            ],
            [
              99.394782,
              15.577106
            ],
            [
              99.394811,
              15.577127
            ],
            [
              99.394869,
              15.577183
            ],
            [
              99.39492,
              15.577215
            ],
            [
              99.394963,
              15.577229
            ],
            [
              99.395014,
              15.577232
            ],
            [
              99.395072,
              15.577229
            ],
            [
              99.395357,
              15.577183
            ],
            [
              99.395625,
              15.57711
            ],
            [
              99.395911,
              15.577061
            ],
            [
              99.396009,
              15.577047
            ],
            [
              99.396056,
              15.577047
            ],
            [
              99.396099,
              15.577058
            ],
            [
              99.396175,
              15.577082
            ]
          ]
        ]
      }
    },
    {
      "type": "Feature",
      "id": "osm_water_poly_1240864369",
      "properties": {
        "osm_id": 1240864369,
        "name": "",
        "name_th": "",
        "water": "",
        "natural": "water",
        "landuse": ""
      },
      "geometry": {
        "type": "Polygon",
        "coordinates": [
          [
            [
              99.411618,
              15.578081
            ],
            [
              99.411625,
              15.57811
            ],
            [
              99.411619,
              15.578129
            ],
            [
              99.411602,
              15.578143
            ],
            [
              99.411436,
              15.578192
            ],
            [
              99.411317,
              15.578226
            ],
            [
              99.411271,
              15.578237
            ],
            [
              99.411246,
              15.578237
            ],
            [
              99.411224,
              15.57823
            ],
            [
              99.41121,
              15.578216
            ],
            [
              99.411196,
              15.578187
            ],
            [
              99.411162,
              15.578088
            ],
            [
              99.411162,
              15.578074
            ],
            [
              99.411171,
              15.578055
            ],
            [
              99.411189,
              15.578038
            ],
            [
              99.411231,
              15.578022
            ],
            [
              99.411516,
              15.577939
            ],
            [
              99.411546,
              15.577937
            ],
            [
              99.411564,
              15.577944
            ],
            [
              99.41158,
              15.577964
            ],
            [
              99.411589,
              15.57799
            ],
            [
              99.411618,
              15.578081
            ]
          ]
        ]
      }
    },
    {
      "type": "Feature",
      "id": "osm_water_poly_1240864398",
      "properties": {
        "osm_id": 1240864398,
        "name": "",
        "name_th": "",
        "water": "",
        "natural": "water",
        "landuse": ""
      },
      "geometry": {
        "type": "Polygon",
        "coordinates": [
          [
            [
              99.417564,
              15.571449
            ],
            [
              99.417564,
              15.571548
            ],
            [
              99.417577,
              15.571577
            ],
            [
              99.417586,
              15.571608
            ],
            [
              99.41758,
              15.571645
            ],
            [
              99.41756,
              15.571708
            ],
            [
              99.417541,
              15.571751
            ],
            [
              99.417544,
              15.571789
            ],
            [
              99.417547,
              15.571832
            ],
            [
              99.41757,
              15.571863
            ],
            [
              99.417593,
              15.571889
            ],
            [
              99.417629,
              15.571889
            ],
            [
              99.417661,
              15.57186
            ],
            [
              99.417735,
              15.571761
            ],
            [
              99.417852,
              15.57157
            ],
            [
              99.417871,
              15.571548
            ],
            [
              99.417901,
              15.571539
            ],
            [
              99.417956,
              15.57153
            ],
            [
              99.417981,
              15.57152
            ],
            [
              99.417994,
              15.571492
            ],
            [
              99.418017,
              15.571445
            ],
            [
              99.418056,
              15.571402
            ],
            [
              99.418117,
              15.571346
            ],
            [
              99.418143,
              15.57133
            ],
            [
              99.418195,
              15.571314
            ],
            [
              99.418211,
              15.571309
            ],
            [
              99.418218,
              15.571297
            ],
            [
              99.41821,
              15.571281
            ],
            [
              99.418198,
              15.571262
            ],
            [
              99.418204,
              15.571252
            ],
            [
              99.418256,
              15.571175
            ],
            [
              99.418277,
              15.57116
            ],
            [
              99.418293,
              15.571151
            ],
            [
              99.418308,
              15.571144
            ],
            [
              99.418333,
              15.571128
            ],
            [
              99.418354,
              15.571105
            ],
            [
              99.41836,
              15.571089
            ],
            [
              99.41836,
              15.571072
            ],
            [
              99.418366,
              15.571055
            ],
            [
              99.418415,
              15.570992
            ],
            [
              99.418437,
              15.570979
            ],
            [
              99.418483,
              15.570949
            ],
            [
              99.418492,
              15.570937
            ],
            [
              99.418506,
              15.570918
            ],
            [
              99.418521,
              15.570902
            ],
            [
              99.418538,
              15.570892
            ],
            [
              99.418542,
              15.570881
            ],
            [
              99.418532,
              15.570877
            ],
            [
              99.418513,
              15.570887
            ],
            [
              99.418493,
              15.570908
            ],
            [
              99.418475,
              15.57092
            ],
            [
              99.418452,
              15.570922
            ],
            [
              99.41842,
              15.570914
            ],
            [
              99.418354,
              15.57088
            ],
            [
              99.418327,
              15.570858
            ],
            [
              99.417902,
              15.571139
            ],
            [
              99.41788,
              15.57117
            ],
            [
              99.417845,
              15.57119
            ],
            [
              99.417749,
              15.571228
            ],
            [
              99.417729,
              15.571247
            ],
            [
              99.417638,
              15.57133
            ],
            [
              99.417612,
              15.571345
            ],
            [
              99.417591,
              15.571347
            ],
            [
              99.417582,
              15.571359
            ],
            [
              99.417567,
              15.571411
            ],
            [
              99.417564,
              15.571449
            ]
          ]
        ]
      }
    },
    {
      "type": "Feature",
      "id": "osm_water_poly_1240864399",
      "properties": {
        "osm_id": 1240864399,
        "name": "",
        "name_th": "",
        "water": "",
        "natural": "water",
        "landuse": ""
      },
      "geometry": {
        "type": "Polygon",
        "coordinates": [
          [
            [
              99.419668,
              15.570948
            ],
            [
              99.41961,
              15.571038
            ],
            [
              99.419523,
              15.571172
            ],
            [
              99.419514,
              15.571193
            ],
            [
              99.419507,
              15.571228
            ],
            [
              99.419514,
              15.571248
            ],
            [
              99.419545,
              15.571262
            ],
            [
              99.419567,
              15.571278
            ],
            [
              99.419567,
              15.571299
            ],
            [
              99.41955,
              15.571315
            ],
            [
              99.419526,
              15.571325
            ],
            [
              99.419511,
              15.571338
            ],
            [
              99.419511,
              15.571371
            ],
            [
              99.419533,
              15.571385
            ],
            [
              99.41954,
              15.571403
            ],
            [
              99.419526,
              15.571431
            ],
            [
              99.41949,
              15.571461
            ],
            [
              99.419459,
              15.571477
            ],
            [
              99.419442,
              15.571505
            ],
            [
              99.419432,
              15.571547
            ],
            [
              99.419415,
              15.57157
            ],
            [
              99.419394,
              15.571579
            ],
            [
              99.419377,
              15.57157
            ],
            [
              99.41937,
              15.571551
            ],
            [
              99.41937,
              15.571523
            ],
            [
              99.419384,
              15.57148
            ],
            [
              99.419377,
              15.571456
            ],
            [
              99.419358,
              15.571438
            ],
            [
              99.419339,
              15.571449
            ],
            [
              99.419327,
              15.571493
            ],
            [
              99.419317,
              15.571547
            ],
            [
              99.419317,
              15.571579
            ],
            [
              99.4193,
              15.571625
            ],
            [
              99.419295,
              15.571655
            ],
            [
              99.419279,
              15.571641
            ],
            [
              99.419279,
              15.571593
            ],
            [
              99.419279,
              15.571521
            ],
            [
              99.419279,
              15.571482
            ],
            [
              99.419269,
              15.571454
            ],
            [
              99.41925,
              15.571422
            ],
            [
              99.419231,
              15.571412
            ],
            [
              99.419211,
              15.571389
            ],
            [
              99.419204,
              15.571362
            ],
            [
              99.41919,
              15.571343
            ],
            [
              99.419156,
              15.571338
            ],
            [
              99.419089,
              15.571338
            ],
            [
              99.419063,
              15.571338
            ],
            [
              99.419031,
              15.571325
            ],
            [
              99.419005,
              15.571315
            ],
            [
              99.418962,
              15.571306
            ],
            [
              99.41887,
              15.571297
            ],
            [
              99.418835,
              15.571297
            ],
            [
              99.418767,
              15.571306
            ],
            [
              99.418731,
              15.571297
            ],
            [
              99.418698,
              15.571283
            ],
            [
              99.418643,
              15.571253
            ],
            [
              99.418626,
              15.571232
            ],
            [
              99.418606,
              15.571197
            ],
            [
              99.418587,
              15.571151
            ],
            [
              99.418578,
              15.571123
            ],
            [
              99.418582,
              15.571098
            ],
            [
              99.418606,
              15.571086
            ],
            [
              99.418635,
              15.571077
            ],
            [
              99.418676,
              15.571056
            ],
            [
              99.418712,
              15.571031
            ],
            [
              99.418722,
              15.571006
            ],
            [
              99.418746,
              15.570945
            ],
            [
              99.418777,
              15.57089
            ],
            [
              99.418835,
              15.570834
            ],
            [
              99.418858,
              15.570809
            ],
            [
              99.418861,
              15.57079
            ],
            [
              99.418827,
              15.570763
            ],
            [
              99.419668,
              15.570948
            ]
          ]
        ]
      }
    },
    {
      "type": "Feature",
      "id": "osm_water_poly_1240864400",
      "properties": {
        "osm_id": 1240864400,
        "name": "",
        "name_th": "",
        "water": "",
        "natural": "water",
        "landuse": ""
      },
      "geometry": {
        "type": "Polygon",
        "coordinates": [
          [
            [
              99.419295,
              15.571655
            ],
            [
              99.419295,
              15.571697
            ],
            [
              99.419307,
              15.571725
            ],
            [
              99.419307,
              15.571757
            ],
            [
              99.419279,
              15.571903
            ],
            [
              99.419257,
              15.571956
            ],
            [
              99.41924,
              15.572016
            ],
            [
              99.419187,
              15.572335
            ],
            [
              99.419163,
              15.572432
            ],
            [
              99.419161,
              15.572458
            ],
            [
              99.419144,
              15.572474
            ],
            [
              99.419125,
              15.572465
            ],
            [
              99.419115,
              15.572437
            ],
            [
              99.419115,
              15.572411
            ],
            [
              99.419125,
              15.572358
            ],
            [
              99.419151,
              15.572224
            ],
            [
              99.419163,
              15.572132
            ],
            [
              99.419195,
              15.571931
            ],
            [
              99.419207,
              15.571808
            ],
            [
              99.419211,
              15.571734
            ],
            [
              99.419211,
              15.571706
            ],
            [
              99.419221,
              15.571683
            ],
            [
              99.419252,
              15.571681
            ],
            [
              99.419269,
              15.571678
            ],
            [
              99.419279,
              15.571641
            ],
            [
              99.419295,
              15.571655
            ]
          ]
        ]
      }
    },
    {
      "type": "Feature",
      "id": "osm_water_poly_1240864402",
      "properties": {
        "osm_id": 1240864402,
        "name": "",
        "name_th": "",
        "water": "",
        "natural": "water",
        "landuse": ""
      },
      "geometry": {
        "type": "Polygon",
        "coordinates": [
          [
            [
              99.421813,
              15.568499
            ],
            [
              99.421734,
              15.568671
            ],
            [
              99.421707,
              15.568713
            ],
            [
              99.421659,
              15.568785
            ],
            [
              99.421642,
              15.568844
            ],
            [
              99.421629,
              15.568907
            ],
            [
              99.42162,
              15.568995
            ],
            [
              99.42162,
              15.56908
            ],
            [
              99.421642,
              15.569122
            ],
            [
              99.421664,
              15.569168
            ],
            [
              99.421655,
              15.569202
            ],
            [
              99.42162,
              15.569248
            ],
            [
              99.421585,
              15.569282
            ],
            [
              99.421493,
              15.569294
            ],
            [
              99.421406,
              15.569286
            ],
            [
              99.421362,
              15.569286
            ],
            [
              99.421314,
              15.569315
            ],
            [
              99.421284,
              15.569378
            ],
            [
              99.421266,
              15.56942
            ],
            [
              99.421266,
              15.569458
            ],
            [
              99.421305,
              15.5695
            ],
            [
              99.421358,
              15.569534
            ],
            [
              99.421375,
              15.569568
            ],
            [
              99.421367,
              15.569639
            ],
            [
              99.421349,
              15.569673
            ],
            [
              99.421305,
              15.569698
            ],
            [
              99.421231,
              15.569724
            ],
            [
              99.421139,
              15.569736
            ],
            [
              99.421091,
              15.56977
            ],
            [
              99.42096,
              15.569896
            ],
            [
              99.420925,
              15.569955
            ],
            [
              99.420899,
              15.570039
            ],
            [
              99.420868,
              15.570187
            ],
            [
              99.420855,
              15.570229
            ],
            [
              99.420801,
              15.570305
            ],
            [
              99.420785,
              15.570317
            ],
            [
              99.420758,
              15.570341
            ],
            [
              99.420749,
              15.570363
            ],
            [
              99.420749,
              15.570403
            ],
            [
              99.420737,
              15.57042
            ],
            [
              99.420706,
              15.57044
            ],
            [
              99.420683,
              15.570436
            ],
            [
              99.420669,
              15.570412
            ],
            [
              99.420652,
              15.570407
            ],
            [
              99.420628,
              15.57041
            ],
            [
              99.420611,
              15.570432
            ],
            [
              99.420611,
              15.570462
            ],
            [
              99.420595,
              15.570498
            ],
            [
              99.420572,
              15.570514
            ],
            [
              99.420528,
              15.570522
            ],
            [
              99.420503,
              15.57052
            ],
            [
              99.420462,
              15.570496
            ],
            [
              99.420396,
              15.570464
            ],
            [
              99.420363,
              15.570444
            ],
            [
              99.420332,
              15.57043
            ],
            [
              99.420301,
              15.570424
            ],
            [
              99.420276,
              15.570424
            ],
            [
              99.420243,
              15.570438
            ],
            [
              99.420214,
              15.570462
            ],
            [
              99.420185,
              15.570498
            ],
            [
              99.420163,
              15.570534
            ],
            [
              99.420146,
              15.570542
            ],
            [
              99.420127,
              15.570542
            ],
            [
              99.420107,
              15.570536
            ],
            [
              99.420065,
              15.570532
            ],
            [
              99.420032,
              15.570538
            ],
            [
              99.419977,
              15.57055
            ],
            [
              99.421813,
              15.568499
            ]
          ]
        ]
      }
    },
    {
      "type": "Feature",
      "id": "osm_water_poly_1240864403",
      "properties": {
        "osm_id": 1240864403,
        "name": "",
        "name_th": "",
        "water": "",
        "natural": "water",
        "landuse": ""
      },
      "geometry": {
        "type": "Polygon",
        "coordinates": [
          [
            [
              99.416357,
              15.570981
            ],
            [
              99.416462,
              15.570988
            ],
            [
              99.416543,
              15.571
            ],
            [
              99.416607,
              15.571016
            ],
            [
              99.416655,
              15.571035
            ],
            [
              99.416674,
              15.571062
            ],
            [
              99.416686,
              15.571107
            ],
            [
              99.416697,
              15.571174
            ],
            [
              99.416691,
              15.571244
            ],
            [
              99.416669,
              15.571298
            ],
            [
              99.416655,
              15.571349
            ],
            [
              99.416652,
              15.571389
            ],
            [
              99.416638,
              15.571411
            ],
            [
              99.416605,
              15.57143
            ],
            [
              99.416568,
              15.571443
            ],
            [
              99.41651,
              15.571483
            ],
            [
              99.416465,
              15.571499
            ],
            [
              99.41644,
              15.571499
            ],
            [
              99.41641,
              15.571491
            ],
            [
              99.416362,
              15.571473
            ],
            [
              99.416329,
              15.571462
            ],
            [
              99.416295,
              15.571454
            ],
            [
              99.416281,
              15.571432
            ],
            [
              99.416295,
              15.571405
            ],
            [
              99.416292,
              15.571378
            ],
            [
              99.416264,
              15.57137
            ],
            [
              99.416234,
              15.571378
            ],
            [
              99.416178,
              15.571378
            ],
            [
              99.416128,
              15.571362
            ],
            [
              99.416094,
              15.571352
            ],
            [
              99.416064,
              15.571354
            ],
            [
              99.416033,
              15.57137
            ],
            [
              99.415986,
              15.571365
            ],
            [
              99.415958,
              15.571335
            ],
            [
              99.415922,
              15.57129
            ],
            [
              99.415902,
              15.571252
            ],
            [
              99.415894,
              15.57122
            ],
            [
              99.415905,
              15.571169
            ],
            [
              99.415933,
              15.571096
            ],
            [
              99.415969,
              15.571051
            ],
            [
              99.416042,
              15.570994
            ],
            [
              99.416067,
              15.570986
            ],
            [
              99.416131,
              15.570973
            ],
            [
              99.416186,
              15.570978
            ],
            [
              99.416256,
              15.570978
            ],
            [
              99.416306,
              15.570978
            ],
            [
              99.416357,
              15.570981
            ]
          ]
        ]
      }
    },
    {
      "type": "Feature",
      "id": "osm_water_poly_1240864404",
      "properties": {
        "osm_id": 1240864404,
        "name": "",
        "name_th": "",
        "water": "",
        "natural": "water",
        "landuse": ""
      },
      "geometry": {
        "type": "Polygon",
        "coordinates": [
          [
            [
              99.413614,
              15.568172
            ],
            [
              99.41366,
              15.568148
            ],
            [
              99.4137,
              15.568133
            ],
            [
              99.413742,
              15.56812
            ],
            [
              99.413845,
              15.568098
            ],
            [
              99.413882,
              15.568095
            ],
            [
              99.413957,
              15.568087
            ],
            [
              99.414013,
              15.568085
            ],
            [
              99.414063,
              15.568071
            ],
            [
              99.414091,
              15.568058
            ],
            [
              99.414113,
              15.568023
            ],
            [
              99.414132,
              15.56798
            ],
            [
              99.414155,
              15.56794
            ],
            [
              99.414188,
              15.567921
            ],
            [
              99.414241,
              15.567905
            ],
            [
              99.414308,
              15.567886
            ],
            [
              99.414328,
              15.567873
            ],
            [
              99.414344,
              15.567854
            ],
            [
              99.414352,
              15.567804
            ],
            [
              99.414487,
              15.568296
            ],
            [
              99.414445,
              15.568262
            ],
            [
              99.4144,
              15.568238
            ],
            [
              99.414331,
              15.568211
            ],
            [
              99.414277,
              15.568195
            ],
            [
              99.414255,
              15.568192
            ],
            [
              99.414205,
              15.568192
            ],
            [
              99.413962,
              15.568203
            ],
            [
              99.413804,
              15.568216
            ],
            [
              99.413732,
              15.568224
            ],
            [
              99.413675,
              15.568232
            ],
            [
              99.413658,
              15.56823
            ],
            [
              99.413634,
              15.568219
            ],
            [
              99.413622,
              15.568217
            ],
            [
              99.413586,
              15.568222
            ],
            [
              99.413561,
              15.568219
            ],
            [
              99.413547,
              15.56821
            ],
            [
              99.413547,
              15.568198
            ],
            [
              99.413562,
              15.568188
            ],
            [
              99.413585,
              15.568184
            ],
            [
              99.413614,
              15.568172
            ]
          ]
        ]
      }
    },
    {
      "type": "Feature",
      "id": "osm_water_poly_1240864405",
      "properties": {
        "osm_id": 1240864405,
        "name": "",
        "name_th": "",
        "water": "",
        "natural": "water",
        "landuse": ""
      },
      "geometry": {
        "type": "Polygon",
        "coordinates": [
          [
            [
              99.414083,
              15.568706
            ],
            [
              99.414141,
              15.568711
            ],
            [
              99.414263,
              15.568729
            ],
            [
              99.414323,
              15.568732
            ],
            [
              99.414407,
              15.568737
            ],
            [
              99.414457,
              15.568739
            ],
            [
              99.4145,
              15.568741
            ],
            [
              99.414557,
              15.568751
            ],
            [
              99.414576,
              15.568764
            ],
            [
              99.414519,
              15.568516
            ],
            [
              99.414466,
              15.568542
            ],
            [
              99.414386,
              15.568575
            ],
            [
              99.414334,
              15.56859
            ],
            [
              99.414302,
              15.568592
            ],
            [
              99.414243,
              15.568592
            ],
            [
              99.414194,
              15.568585
            ],
            [
              99.414089,
              15.568578
            ],
            [
              99.413975,
              15.568576
            ],
            [
              99.413952,
              15.568578
            ],
            [
              99.413937,
              15.568581
            ],
            [
              99.413912,
              15.568595
            ],
            [
              99.413902,
              15.568611
            ],
            [
              99.4139,
              15.568628
            ],
            [
              99.413907,
              15.568641
            ],
            [
              99.413914,
              15.56866
            ],
            [
              99.413928,
              15.56867
            ],
            [
              99.413961,
              15.568688
            ],
            [
              99.414008,
              15.568698
            ],
            [
              99.414053,
              15.568705
            ],
            [
              99.414083,
              15.568706
            ]
          ]
        ]
      }
    },
    {
      "type": "Feature",
      "id": "osm_water_poly_1240864406",
      "properties": {
        "osm_id": 1240864406,
        "name": "",
        "name_th": "",
        "water": "",
        "natural": "water",
        "landuse": ""
      },
      "geometry": {
        "type": "Polygon",
        "coordinates": [
          [
            [
              99.417906,
              15.568058
            ],
            [
              99.41809,
              15.568017
            ],
            [
              99.418165,
              15.567996
            ],
            [
              99.418217,
              15.567967
            ],
            [
              99.418362,
              15.567818
            ],
            [
              99.41844,
              15.567765
            ],
            [
              99.418492,
              15.567737
            ],
            [
              99.418612,
              15.56768
            ],
            [
              99.418683,
              15.567643
            ],
            [
              99.418735,
              15.567612
            ],
            [
              99.418751,
              15.56759
            ],
            [
              99.418748,
              15.567556
            ],
            [
              99.418709,
              15.567506
            ],
            [
              99.41868,
              15.567496
            ],
            [
              99.418583,
              15.567481
            ],
            [
              99.41845,
              15.567471
            ],
            [
              99.418385,
              15.567468
            ],
            [
              99.418294,
              15.567443
            ],
            [
              99.41817,
              15.567396
            ],
            [
              99.418733,
              15.567466
            ],
            [
              99.419425,
              15.56823
            ],
            [
              99.419133,
              15.568248
            ],
            [
              99.419033,
              15.568251
            ],
            [
              99.418926,
              15.568242
            ],
            [
              99.418777,
              15.56822
            ],
            [
              99.418576,
              15.568189
            ],
            [
              99.418482,
              15.568192
            ],
            [
              99.418408,
              15.568189
            ],
            [
              99.418311,
              15.56818
            ],
            [
              99.418184,
              15.568195
            ],
            [
              99.418045,
              15.568261
            ],
            [
              99.417967,
              15.56827
            ],
            [
              99.417919,
              15.568258
            ],
            [
              99.41789,
              15.568226
            ],
            [
              99.417877,
              15.568198
            ],
            [
              99.417851,
              15.568183
            ],
            [
              99.417804,
              15.56817
            ],
            [
              99.417774,
              15.568152
            ],
            [
              99.417785,
              15.568136
            ],
            [
              99.417858,
              15.568084
            ],
            [
              99.417906,
              15.568058
            ]
          ]
        ]
      }
    },
    {
      "type": "Feature",
      "id": "osm_water_poly_1240864407",
      "properties": {
        "osm_id": 1240864407,
        "name": "",
        "name_th": "",
        "water": "",
        "natural": "water",
        "landuse": ""
      },
      "geometry": {
        "type": "Polygon",
        "coordinates": [
          [
            [
              99.418116,
              15.5669
            ],
            [
              99.418204,
              15.566854
            ],
            [
              99.418256,
              15.566797
            ],
            [
              99.418366,
              15.566667
            ],
            [
              99.418411,
              15.566629
            ],
            [
              99.418463,
              15.566604
            ],
            [
              99.418502,
              15.566617
            ],
            [
              99.418654,
              15.566651
            ],
            [
              99.418706,
              15.566651
            ],
            [
              99.418804,
              15.566624
            ],
            [
              99.418657,
              15.56677
            ],
            [
              99.418116,
              15.5669
            ]
          ]
        ]
      }
    },
    {
      "type": "Feature",
      "id": "osm_water_poly_1240864408",
      "properties": {
        "osm_id": 1240864408,
        "name": "",
        "name_th": "",
        "water": "",
        "natural": "water",
        "landuse": ""
      },
      "geometry": {
        "type": "Polygon",
        "coordinates": [
          [
            [
              99.417222,
              15.567179
            ],
            [
              99.417079,
              15.567403
            ],
            [
              99.41706,
              15.567443
            ],
            [
              99.41706,
              15.567476
            ],
            [
              99.417098,
              15.567501
            ],
            [
              99.417192,
              15.567534
            ],
            [
              99.417346,
              15.567563
            ],
            [
              99.417463,
              15.567574
            ],
            [
              99.417542,
              15.567581
            ],
            [
              99.417591,
              15.567592
            ],
            [
              99.417681,
              15.567628
            ],
            [
              99.417722,
              15.567635
            ],
            [
              99.417771,
              15.567625
            ],
            [
              99.41782,
              15.567588
            ],
            [
              99.417862,
              15.567505
            ],
            [
              99.417896,
              15.567443
            ],
            [
              99.417922,
              15.5674
            ],
            [
              99.417965,
              15.567371
            ],
            [
              99.418116,
              15.5669
            ],
            [
              99.418035,
              15.56686
            ],
            [
              99.417952,
              15.566849
            ],
            [
              99.417764,
              15.566805
            ],
            [
              99.417689,
              15.566791
            ],
            [
              99.417572,
              15.566748
            ],
            [
              99.417508,
              15.566726
            ],
            [
              99.417448,
              15.566722
            ],
            [
              99.417403,
              15.56674
            ],
            [
              99.417312,
              15.566805
            ],
            [
              99.417215,
              15.566845
            ],
            [
              99.417185,
              15.566867
            ],
            [
              99.417147,
              15.566911
            ],
            [
              99.417143,
              15.56694
            ],
            [
              99.417158,
              15.566976
            ],
            [
              99.417181,
              15.567016
            ],
            [
              99.41726,
              15.567063
            ],
            [
              99.417267,
              15.567095
            ],
            [
              99.417256,
              15.567135
            ],
            [
              99.417222,
              15.567179
            ]
          ]
        ]
      }
    },
    {
      "type": "Feature",
      "id": "osm_water_poly_1240875561",
      "properties": {
        "osm_id": 1240875561,
        "name": "",
        "name_th": "",
        "water": "",
        "natural": "water",
        "landuse": ""
      },
      "geometry": {
        "type": "Polygon",
        "coordinates": [
          [
            [
              99.422308,
              15.568089
            ],
            [
              99.42245,
              15.568059
            ],
            [
              99.422577,
              15.568025
            ],
            [
              99.422684,
              15.567981
            ],
            [
              99.422826,
              15.567888
            ],
            [
              99.422882,
              15.567854
            ],
            [
              99.422948,
              15.567834
            ],
            [
              99.423095,
              15.567815
            ],
            [
              99.423156,
              15.567805
            ],
            [
              99.423283,
              15.567712
            ],
            [
              99.4234,
              15.567663
            ],
            [
              99.423663,
              15.567595
            ],
            [
              99.423704,
              15.567595
            ],
            [
              99.42378,
              15.567624
            ],
            [
              99.423846,
              15.567629
            ],
            [
              99.424014,
              15.567624
            ],
            [
              99.424125,
              15.567595
            ],
            [
              99.424262,
              15.567555
            ],
            [
              99.424313,
              15.567526
            ],
            [
              99.424354,
              15.567472
            ],
            [
              99.424354,
              15.567433
            ],
            [
              99.424364,
              15.567316
            ],
            [
              99.424333,
              15.567203
            ],
            [
              99.424333,
              15.567145
            ],
            [
              99.424313,
              15.567052
            ],
            [
              99.424303,
              15.566988
            ],
            [
              99.424303,
              15.566925
            ],
            [
              99.424323,
              15.566822
            ],
            [
              99.424384,
              15.566734
            ],
            [
              99.424596,
              15.566465
            ],
            [
              99.422308,
              15.568089
            ]
          ]
        ]
      }
    },
    {
      "type": "Feature",
      "id": "osm_water_poly_1240875562",
      "properties": {
        "osm_id": 1240875562,
        "name": "",
        "name_th": "",
        "water": "",
        "natural": "water",
        "landuse": ""
      },
      "geometry": {
        "type": "Polygon",
        "coordinates": [
          [
            [
              99.429919,
              15.5635
            ],
            [
              99.42997,
              15.563426
            ],
            [
              99.430031,
              15.56335
            ],
            [
              99.430093,
              15.563308
            ],
            [
              99.430154,
              15.563291
            ],
            [
              99.430224,
              15.563303
            ],
            [
              99.430302,
              15.563329
            ],
            [
              99.430376,
              15.563346
            ],
            [
              99.430446,
              15.563346
            ],
            [
              99.430665,
              15.563114
            ],
            [
              99.4307,
              15.563038
            ],
            [
              99.430726,
              15.562971
            ],
            [
              99.430709,
              15.562908
            ],
            [
              99.430687,
              15.56287
            ],
            [
              99.430687,
              15.562836
            ],
            [
              99.430722,
              15.562824
            ],
            [
              99.430779,
              15.562836
            ],
            [
              99.430818,
              15.562828
            ],
            [
              99.430818,
              15.56279
            ],
            [
              99.430796,
              15.562739
            ],
            [
              99.430805,
              15.562689
            ],
            [
              99.430844,
              15.562655
            ],
            [
              99.430875,
              15.562634
            ],
            [
              99.430879,
              15.562592
            ],
            [
              99.43087,
              15.562558
            ],
            [
              99.430831,
              15.562521
            ],
            [
              99.430757,
              15.562449
            ],
            [
              99.430551,
              15.562213
            ],
            [
              99.430473,
              15.562133
            ],
            [
              99.430398,
              15.562066
            ],
            [
              99.430372,
              15.562028
            ],
            [
              99.430346,
              15.561973
            ],
            [
              99.430311,
              15.561902
            ],
            [
              99.430299,
              15.561791
            ],
            [
              99.429919,
              15.5635
            ]
          ]
        ]
      }
    },
    {
      "type": "Feature",
      "id": "osm_water_poly_1240875563",
      "properties": {
        "osm_id": 1240875563,
        "name": "",
        "name_th": "",
        "water": "",
        "natural": "water",
        "landuse": ""
      },
      "geometry": {
        "type": "Polygon",
        "coordinates": [
          [
            [
              99.429919,
              15.5635
            ],
            [
              99.429975,
              15.563628
            ],
            [
              99.430014,
              15.56364
            ],
            [
              99.430084,
              15.563644
            ],
            [
              99.430132,
              15.563657
            ],
            [
              99.430189,
              15.563695
            ],
            [
              99.430224,
              15.563699
            ],
            [
              99.43028,
              15.563686
            ],
            [
              99.430315,
              15.563686
            ],
            [
              99.430355,
              15.563712
            ],
            [
              99.430394,
              15.563745
            ],
            [
              99.430416,
              15.563783
            ],
            [
              99.430416,
              15.563825
            ],
            [
              99.430346,
              15.563914
            ],
            [
              99.430311,
              15.563985
            ],
            [
              99.430307,
              15.564044
            ],
            [
              99.430315,
              15.564108
            ],
            [
              99.430341,
              15.564154
            ],
            [
              99.430398,
              15.564238
            ],
            [
              99.430429,
              15.564284
            ],
            [
              99.430481,
              15.564322
            ],
            [
              99.430582,
              15.564368
            ],
            [
              99.430656,
              15.56439
            ],
            [
              99.430744,
              15.564402
            ],
            [
              99.430792,
              15.564423
            ],
            [
              99.430844,
              15.564486
            ],
            [
              99.430914,
              15.564507
            ],
            [
              99.43098,
              15.564537
            ],
            [
              99.431014,
              15.564562
            ],
            [
              99.431014,
              15.564596
            ],
            [
              99.430993,
              15.564638
            ],
            [
              99.430901,
              15.564773
            ],
            [
              99.43087,
              15.564789
            ],
            [
              99.430826,
              15.564794
            ],
            [
              99.430687,
              15.564794
            ],
            [
              99.430512,
              15.564777
            ],
            [
              99.430446,
              15.564777
            ],
            [
              99.430381,
              15.564785
            ],
            [
              99.43025,
              15.564827
            ],
            [
              99.430184,
              15.564861
            ],
            [
              99.430166,
              15.564884
            ],
            [
              99.430154,
              15.564902
            ],
            [
              99.429919,
              15.5635
            ]
          ]
        ]
      }
    },
    {
      "type": "Feature",
      "id": "osm_water_poly_1240875564",
      "properties": {
        "osm_id": 1240875564,
        "name": "",
        "name_th": "",
        "water": "",
        "natural": "water",
        "landuse": ""
      },
      "geometry": {
        "type": "Polygon",
        "coordinates": [
          [
            [
              99.440711,
              15.553733
            ],
            [
              99.44067,
              15.553806
            ],
            [
              99.440621,
              15.553842
            ],
            [
              99.440583,
              15.553878
            ],
            [
              99.440557,
              15.553929
            ],
            [
              99.440545,
              15.554042
            ],
            [
              99.440568,
              15.554085
            ],
            [
              99.440602,
              15.554147
            ],
            [
              99.440636,
              15.554226
            ],
            [
              99.440658,
              15.554346
            ],
            [
              99.440636,
              15.554415
            ],
            [
              99.440621,
              15.554505
            ],
            [
              99.440621,
              15.554567
            ],
            [
              99.440583,
              15.554618
            ],
            [
              99.44053,
              15.554618
            ],
            [
              99.440489,
              15.554596
            ],
            [
              99.440459,
              15.554556
            ],
            [
              99.440421,
              15.554495
            ],
            [
              99.440384,
              15.554433
            ],
            [
              99.440369,
              15.55436
            ],
            [
              99.440335,
              15.554194
            ],
            [
              99.440312,
              15.554132
            ],
            [
              99.440271,
              15.554049
            ],
            [
              99.440196,
              15.553944
            ],
            [
              99.440124,
              15.55382
            ],
            [
              99.440117,
              15.553784
            ],
            [
              99.440135,
              15.553741
            ],
            [
              99.440154,
              15.553694
            ],
            [
              99.440156,
              15.553653
            ],
            [
              99.440705,
              15.553707
            ],
            [
              99.440711,
              15.553733
            ]
          ]
        ]
      }
    },
    {
      "type": "Feature",
      "id": "osm_water_poly_1240875565",
      "properties": {
        "osm_id": 1240875565,
        "name": "",
        "name_th": "",
        "water": "",
        "natural": "water",
        "landuse": ""
      },
      "geometry": {
        "type": "Polygon",
        "coordinates": [
          [
            [
              99.445539,
              15.548499
            ],
            [
              99.445874,
              15.548304
            ],
            [
              99.445944,
              15.548283
            ],
            [
              99.445996,
              15.548287
            ],
            [
              99.446066,
              15.548359
            ],
            [
              99.446127,
              15.548426
            ],
            [
              99.446149,
              15.548493
            ],
            [
              99.446167,
              15.548544
            ],
            [
              99.446206,
              15.548561
            ],
            [
              99.446337,
              15.548569
            ],
            [
              99.446411,
              15.548544
            ],
            [
              99.446499,
              15.548519
            ],
            [
              99.446534,
              15.548485
            ],
            [
              99.446573,
              15.548426
            ],
            [
              99.446577,
              15.548375
            ],
            [
              99.44656,
              15.548346
            ],
            [
              99.446577,
              15.548304
            ],
            [
              99.446643,
              15.548308
            ],
            [
              99.446726,
              15.5483
            ],
            [
              99.446778,
              15.548274
            ],
            [
              99.4468,
              15.548241
            ],
            [
              99.446804,
              15.548194
            ],
            [
              99.446804,
              15.548123
            ],
            [
              99.4468,
              15.548081
            ],
            [
              99.446761,
              15.548043
            ],
            [
              99.446695,
              15.548026
            ],
            [
              99.44666,
              15.547988
            ],
            [
              99.446625,
              15.547908
            ],
            [
              99.44645,
              15.547643
            ],
            [
              99.446367,
              15.547517
            ],
            [
              99.446324,
              15.547491
            ],
            [
              99.446276,
              15.547466
            ],
            [
              99.446236,
              15.547437
            ],
            [
              99.446219,
              15.547403
            ],
            [
              99.446232,
              15.547361
            ],
            [
              99.446284,
              15.54731
            ],
            [
              99.446385,
              15.54723
            ],
            [
              99.446433,
              15.54718
            ],
            [
              99.446468,
              15.547129
            ],
            [
              99.446485,
              15.547062
            ],
            [
              99.446542,
              15.546999
            ],
            [
              99.446599,
              15.546927
            ],
            [
              99.446625,
              15.546868
            ],
            [
              99.446643,
              15.54681
            ],
            [
              99.446673,
              15.546729
            ],
            [
              99.446756,
              15.546603
            ],
            [
              99.446778,
              15.546527
            ],
            [
              99.446782,
              15.546477
            ],
            [
              99.446761,
              15.546405
            ],
            [
              99.446743,
              15.546321
            ],
            [
              99.446761,
              15.546271
            ],
            [
              99.4468,
              15.546174
            ],
            [
              99.4468,
              15.546111
            ],
            [
              99.446796,
              15.546069
            ],
            [
              99.446775,
              15.545995
            ],
            [
              99.445539,
              15.548499
            ]
          ]
        ]
      }
    },
    {
      "type": "Feature",
      "id": "osm_water_poly_1241154663",
      "properties": {
        "osm_id": 1241154663,
        "name": "",
        "name_th": "",
        "water": "reservoir",
        "natural": "water",
        "landuse": ""
      },
      "geometry": {
        "type": "Polygon",
        "coordinates": [
          [
            [
              99.400352,
              15.581805
            ],
            [
              99.400447,
              15.581937
            ],
            [
              99.400781,
              15.582402
            ],
            [
              99.400996,
              15.582701
            ],
            [
              99.401127,
              15.582858
            ],
            [
              99.401195,
              15.582931
            ],
            [
              99.401207,
              15.582966
            ],
            [
              99.401191,
              15.582996
            ],
            [
              99.401131,
              15.583065
            ],
            [
              99.401044,
              15.583119
            ],
            [
              99.400467,
              15.58349
            ],
            [
              99.400292,
              15.583609
            ],
            [
              99.399966,
              15.583812
            ],
            [
              99.39993,
              15.583816
            ],
            [
              99.399895,
              15.583808
            ],
            [
              99.399863,
              15.583793
            ],
            [
              99.399764,
              15.583678
            ],
            [
              99.399743,
              15.583649
            ],
            [
              99.399581,
              15.583417
            ],
            [
              99.399087,
              15.582743
            ],
            [
              99.399024,
              15.582651
            ],
            [
              99.399016,
              15.582617
            ],
            [
              99.399028,
              15.582582
            ],
            [
              99.399076,
              15.582552
            ],
            [
              99.399394,
              15.582349
            ],
            [
              99.399553,
              15.582248
            ],
            [
              99.400062,
              15.581928
            ],
            [
              99.400296,
              15.58179
            ],
            [
              99.400328,
              15.58179
            ],
            [
              99.400352,
              15.581805
            ]
          ]
        ]
      }
    },
    {
      "type": "Feature",
      "id": "osm_water_poly_1241154678",
      "properties": {
        "osm_id": 1241154678,
        "name": "",
        "name_th": "",
        "water": "",
        "natural": "water",
        "landuse": ""
      },
      "geometry": {
        "type": "Polygon",
        "coordinates": [
          [
            [
              99.403673,
              15.583103
            ],
            [
              99.403666,
              15.583011
            ],
            [
              99.403666,
              15.582991
            ],
            [
              99.403675,
              15.58298
            ],
            [
              99.403698,
              15.582962
            ],
            [
              99.403728,
              15.582946
            ],
            [
              99.403844,
              15.582893
            ],
            [
              99.403929,
              15.582862
            ],
            [
              99.403968,
              15.582857
            ],
            [
              99.403995,
              15.582859
            ],
            [
              99.404006,
              15.582868
            ],
            [
              99.404006,
              15.582893
            ],
            [
              99.404002,
              15.582938
            ],
            [
              99.403993,
              15.582953
            ],
            [
              99.403965,
              15.582967
            ],
            [
              99.403827,
              15.583034
            ],
            [
              99.403807,
              15.583051
            ],
            [
              99.403792,
              15.583071
            ],
            [
              99.403786,
              15.583092
            ],
            [
              99.403777,
              15.583105
            ],
            [
              99.403752,
              15.583116
            ],
            [
              99.403703,
              15.583127
            ],
            [
              99.403684,
              15.58312
            ],
            [
              99.403673,
              15.583103
            ]
          ]
        ]
      }
    },
    {
      "type": "Feature",
      "id": "osm_water_poly_1241154690",
      "properties": {
        "osm_id": 1241154690,
        "name": "",
        "name_th": "",
        "water": "",
        "natural": "water",
        "landuse": ""
      },
      "geometry": {
        "type": "Polygon",
        "coordinates": [
          [
            [
              99.406095,
              15.582162
            ],
            [
              99.406121,
              15.582174
            ],
            [
              99.406141,
              15.582188
            ],
            [
              99.406157,
              15.582208
            ],
            [
              99.406181,
              15.582233
            ],
            [
              99.406206,
              15.582252
            ],
            [
              99.406227,
              15.582259
            ],
            [
              99.406246,
              15.582263
            ],
            [
              99.406269,
              15.582256
            ],
            [
              99.40629,
              15.582235
            ],
            [
              99.406303,
              15.582191
            ],
            [
              99.406306,
              15.582142
            ],
            [
              99.406305,
              15.5821
            ],
            [
              99.406298,
              15.582074
            ],
            [
              99.406279,
              15.582049
            ],
            [
              99.406256,
              15.582032
            ],
            [
              99.406216,
              15.582015
            ],
            [
              99.406162,
              15.582004
            ],
            [
              99.406126,
              15.581999
            ],
            [
              99.406065,
              15.581997
            ],
            [
              99.405985,
              15.582015
            ],
            [
              99.405921,
              15.582043
            ],
            [
              99.405872,
              15.58208
            ],
            [
              99.405824,
              15.582125
            ],
            [
              99.405765,
              15.582161
            ],
            [
              99.40572,
              15.582182
            ],
            [
              99.405671,
              15.582186
            ],
            [
              99.405631,
              15.582177
            ],
            [
              99.405508,
              15.582119
            ],
            [
              99.405456,
              15.58209
            ],
            [
              99.405432,
              15.582079
            ],
            [
              99.405412,
              15.582076
            ],
            [
              99.405393,
              15.58208
            ],
            [
              99.405373,
              15.582085
            ],
            [
              99.405357,
              15.582077
            ],
            [
              99.405336,
              15.582043
            ],
            [
              99.405283,
              15.581954
            ],
            [
              99.40525,
              15.58191
            ],
            [
              99.405213,
              15.581884
            ],
            [
              99.405163,
              15.581849
            ],
            [
              99.405108,
              15.58182
            ],
            [
              99.405077,
              15.581807
            ],
            [
              99.405041,
              15.581799
            ],
            [
              99.405017,
              15.581803
            ],
            [
              99.404998,
              15.581813
            ],
            [
              99.404975,
              15.581829
            ],
            [
              99.404961,
              15.581849
            ],
            [
              99.404949,
              15.581877
            ],
            [
              99.404933,
              15.581926
            ],
            [
              99.40492,
              15.581979
            ],
            [
              99.404914,
              15.582032
            ],
            [
              99.404918,
              15.582046
            ],
            [
              99.404933,
              15.582058
            ],
            [
              99.404965,
              15.582069
            ],
            [
              99.405003,
              15.582069
            ],
            [
              99.405033,
              15.582064
            ],
            [
              99.405062,
              15.582066
            ],
            [
              99.405085,
              15.582077
            ],
            [
              99.405121,
              15.582107
            ],
            [
              99.405161,
              15.58215
            ],
            [
              99.405171,
              15.582171
            ],
            [
              99.405169,
              15.582239
            ],
            [
              99.405177,
              15.582256
            ],
            [
              99.405216,
              15.582294
            ],
            [
              99.405244,
              15.582328
            ],
            [
              99.405254,
              15.582353
            ],
            [
              99.405252,
              15.58237
            ],
            [
              99.405236,
              15.582387
            ],
            [
              99.405223,
              15.582401
            ],
            [
              99.405216,
              15.582422
            ],
            [
              99.405218,
              15.582447
            ],
            [
              99.40521,
              15.582504
            ],
            [
              99.405213,
              15.58254
            ],
            [
              99.405221,
              15.582556
            ],
            [
              99.405241,
              15.582578
            ],
            [
              99.405266,
              15.582589
            ],
            [
              99.405286,
              15.582589
            ],
            [
              99.405307,
              15.582579
            ],
            [
              99.405318,
              15.582565
            ],
            [
              99.405352,
              15.582515
            ],
            [
              99.405372,
              15.582475
            ],
            [
              99.405382,
              15.582414
            ],
            [
              99.405394,
              15.582353
            ],
            [
              99.405411,
              15.582297
            ],
            [
              99.40542,
              15.582281
            ],
            [
              99.405435,
              15.582274
            ],
            [
              99.405506,
              15.58227
            ],
            [
              99.405518,
              15.582278
            ],
            [
              99.405535,
              15.582299
            ],
            [
              99.40554,
              15.582311
            ],
            [
              99.40553,
              15.582337
            ],
            [
              99.405524,
              15.582386
            ],
            [
              99.405524,
              15.5824
            ],
            [
              99.405534,
              15.582412
            ],
            [
              99.40555,
              15.582412
            ],
            [
              99.405564,
              15.582405
            ],
            [
              99.405579,
              15.582372
            ],
            [
              99.40559,
              15.58235
            ],
            [
              99.405605,
              15.582336
            ],
            [
              99.405636,
              15.582317
            ],
            [
              99.405752,
              15.582256
            ],
            [
              99.405841,
              15.582213
            ],
            [
              99.405918,
              15.582186
            ],
            [
              99.406016,
              15.58216
            ],
            [
              99.406042,
              15.582155
            ],
            [
              99.406073,
              15.582155
            ],
            [
              99.406095,
              15.582162
            ]
          ]
        ]
      }
    },
    {
      "type": "Feature",
      "id": "osm_water_poly_1241154693",
      "properties": {
        "osm_id": 1241154693,
        "name": "",
        "name_th": "",
        "water": "",
        "natural": "water",
        "landuse": ""
      },
      "geometry": {
        "type": "Polygon",
        "coordinates": [
          [
            [
              99.405328,
              15.582976
            ],
            [
              99.405362,
              15.582987
            ],
            [
              99.405393,
              15.582998
            ],
            [
              99.405416,
              15.583003
            ],
            [
              99.405453,
              15.583006
            ],
            [
              99.405492,
              15.583003
            ],
            [
              99.405613,
              15.582981
            ],
            [
              99.405684,
              15.582969
            ],
            [
              99.405718,
              15.582967
            ],
            [
              99.40577,
              15.582969
            ],
            [
              99.40583,
              15.582969
            ],
            [
              99.405872,
              15.58297
            ],
            [
              99.405905,
              15.582976
            ],
            [
              99.40595,
              15.582991
            ],
            [
              99.405992,
              15.583008
            ],
            [
              99.406018,
              15.583025
            ],
            [
              99.406034,
              15.583028
            ],
            [
              99.406049,
              15.583025
            ],
            [
              99.406057,
              15.583011
            ],
            [
              99.406057,
              15.582994
            ],
            [
              99.406041,
              15.582975
            ],
            [
              99.406002,
              15.582958
            ],
            [
              99.405871,
              15.582894
            ],
            [
              99.405841,
              15.582875
            ],
            [
              99.405782,
              15.582836
            ],
            [
              99.405743,
              15.582813
            ],
            [
              99.405688,
              15.582785
            ],
            [
              99.405663,
              15.582777
            ],
            [
              99.405618,
              15.582775
            ],
            [
              99.405558,
              15.582788
            ],
            [
              99.40538,
              15.582856
            ],
            [
              99.405328,
              15.582874
            ],
            [
              99.405266,
              15.582899
            ],
            [
              99.405241,
              15.582908
            ],
            [
              99.405226,
              15.582917
            ],
            [
              99.405226,
              15.582938
            ],
            [
              99.405246,
              15.58295
            ],
            [
              99.405275,
              15.582959
            ],
            [
              99.405328,
              15.582976
            ]
          ]
        ]
      }
    },
    {
      "type": "Feature",
      "id": "osm_water_poly_1241154694",
      "properties": {
        "osm_id": 1241154694,
        "name": "",
        "name_th": "",
        "water": "",
        "natural": "water",
        "landuse": ""
      },
      "geometry": {
        "type": "Polygon",
        "coordinates": [
          [
            [
              99.403336,
              15.580019
            ],
            [
              99.403326,
              15.580156
            ],
            [
              99.403323,
              15.580188
            ],
            [
              99.403317,
              15.580224
            ],
            [
              99.403313,
              15.580244
            ],
            [
              99.403317,
              15.580263
            ],
            [
              99.403326,
              15.580272
            ],
            [
              99.403344,
              15.580275
            ],
            [
              99.403388,
              15.580275
            ],
            [
              99.403433,
              15.580269
            ],
            [
              99.40353,
              15.580246
            ],
            [
              99.403726,
              15.580206
            ],
            [
              99.403763,
              15.580199
            ],
            [
              99.40378,
              15.580191
            ],
            [
              99.403835,
              15.580169
            ],
            [
              99.403859,
              15.58016
            ],
            [
              99.40387,
              15.580144
            ],
            [
              99.403885,
              15.580116
            ],
            [
              99.403899,
              15.580041
            ],
            [
              99.403904,
              15.580013
            ],
            [
              99.403899,
              15.579991
            ],
            [
              99.403882,
              15.579985
            ],
            [
              99.403856,
              15.579985
            ],
            [
              99.403806,
              15.579993
            ],
            [
              99.403775,
              15.57999
            ],
            [
              99.403725,
              15.579977
            ],
            [
              99.403712,
              15.579963
            ],
            [
              99.403683,
              15.579924
            ],
            [
              99.403673,
              15.579913
            ],
            [
              99.403653,
              15.57991
            ],
            [
              99.4036,
              15.579913
            ],
            [
              99.40354,
              15.579926
            ],
            [
              99.403503,
              15.579937
            ],
            [
              99.403441,
              15.579947
            ],
            [
              99.403414,
              15.579952
            ],
            [
              99.403389,
              15.579957
            ],
            [
              99.403372,
              15.579968
            ],
            [
              99.403349,
              15.579982
            ],
            [
              99.403341,
              15.579997
            ],
            [
              99.403336,
              15.580019
            ]
          ]
        ]
      }
    },
    {
      "type": "Feature",
      "id": "osm_water_poly_1241154695",
      "properties": {
        "osm_id": 1241154695,
        "name": "",
        "name_th": "",
        "water": "",
        "natural": "water",
        "landuse": ""
      },
      "geometry": {
        "type": "Polygon",
        "coordinates": [
          [
            [
              99.403788,
              15.581441
            ],
            [
              99.40379,
              15.581577
            ],
            [
              99.403795,
              15.581599
            ],
            [
              99.40381,
              15.581636
            ],
            [
              99.40381,
              15.581661
            ],
            [
              99.40381,
              15.581705
            ],
            [
              99.403798,
              15.581753
            ],
            [
              99.403788,
              15.581795
            ],
            [
              99.403782,
              15.581832
            ],
            [
              99.403782,
              15.581868
            ],
            [
              99.403798,
              15.581915
            ],
            [
              99.40382,
              15.581964
            ],
            [
              99.403848,
              15.582044
            ],
            [
              99.403869,
              15.582066
            ],
            [
              99.403889,
              15.582071
            ],
            [
              99.403914,
              15.582057
            ],
            [
              99.403958,
              15.582008
            ],
            [
              99.40398,
              15.581976
            ],
            [
              99.404001,
              15.581927
            ],
            [
              99.404011,
              15.581881
            ],
            [
              99.404011,
              15.581839
            ],
            [
              99.404011,
              15.581773
            ],
            [
              99.404021,
              15.581741
            ],
            [
              99.404041,
              15.581714
            ],
            [
              99.404097,
              15.58168
            ],
            [
              99.404143,
              15.58167
            ],
            [
              99.404183,
              15.581673
            ],
            [
              99.404224,
              15.581683
            ],
            [
              99.40427,
              15.581714
            ],
            [
              99.404308,
              15.581744
            ],
            [
              99.404331,
              15.581756
            ],
            [
              99.404366,
              15.581761
            ],
            [
              99.404422,
              15.581761
            ],
            [
              99.40445,
              15.581771
            ],
            [
              99.404528,
              15.581822
            ],
            [
              99.404561,
              15.581839
            ],
            [
              99.404582,
              15.581837
            ],
            [
              99.40462,
              15.581778
            ],
            [
              99.404627,
              15.581751
            ],
            [
              99.404625,
              15.58171
            ],
            [
              99.4046,
              15.581673
            ],
            [
              99.404539,
              15.581607
            ],
            [
              99.40449,
              15.581565
            ],
            [
              99.404473,
              15.581529
            ],
            [
              99.40444,
              15.58145
            ],
            [
              99.404424,
              15.581402
            ],
            [
              99.404404,
              15.581338
            ],
            [
              99.404389,
              15.581301
            ],
            [
              99.404389,
              15.581257
            ],
            [
              99.404412,
              15.581218
            ],
            [
              99.40447,
              15.581136
            ],
            [
              99.404533,
              15.581015
            ],
            [
              99.404621,
              15.580801
            ],
            [
              99.404635,
              15.580744
            ],
            [
              99.40462,
              15.580697
            ],
            [
              99.404589,
              15.580678
            ],
            [
              99.404544,
              15.580683
            ],
            [
              99.404461,
              15.580743
            ],
            [
              99.404369,
              15.580817
            ],
            [
              99.404237,
              15.580942
            ],
            [
              99.40413,
              15.58102
            ],
            [
              99.403889,
              15.581145
            ],
            [
              99.403833,
              15.581174
            ],
            [
              99.403798,
              15.581226
            ],
            [
              99.403795,
              15.581265
            ],
            [
              99.403795,
              15.58135
            ],
            [
              99.403788,
              15.581441
            ]
          ]
        ]
      }
    },
    {
      "type": "Feature",
      "id": "osm_water_poly_1241182345",
      "properties": {
        "osm_id": 1241182345,
        "name": "",
        "name_th": "",
        "water": "",
        "natural": "water",
        "landuse": ""
      },
      "geometry": {
        "type": "Polygon",
        "coordinates": [
          [
            [
              99.404544,
              15.607859
            ],
            [
              99.404544,
              15.607882
            ],
            [
              99.404535,
              15.607899
            ],
            [
              99.404523,
              15.60791
            ],
            [
              99.40451,
              15.607918
            ],
            [
              99.404493,
              15.607921
            ],
            [
              99.404476,
              15.607918
            ],
            [
              99.404464,
              15.607909
            ],
            [
              99.404459,
              15.607893
            ],
            [
              99.40446,
              15.607881
            ],
            [
              99.404474,
              15.607866
            ],
            [
              99.404496,
              15.607853
            ],
            [
              99.40452,
              15.607847
            ],
            [
              99.404532,
              15.607848
            ],
            [
              99.404539,
              15.60785
            ],
            [
              99.404544,
              15.607859
            ]
          ]
        ]
      }
    },
    {
      "type": "Feature",
      "id": "osm_water_poly_1241182346",
      "properties": {
        "osm_id": 1241182346,
        "name": "",
        "name_th": "",
        "water": "",
        "natural": "water",
        "landuse": ""
      },
      "geometry": {
        "type": "Polygon",
        "coordinates": [
          [
            [
              99.404708,
              15.607685
            ],
            [
              99.404713,
              15.607671
            ],
            [
              99.404728,
              15.607647
            ],
            [
              99.404766,
              15.607602
            ],
            [
              99.404793,
              15.607571
            ],
            [
              99.404814,
              15.607556
            ],
            [
              99.404848,
              15.607543
            ],
            [
              99.404863,
              15.607543
            ],
            [
              99.404891,
              15.60756
            ],
            [
              99.404905,
              15.60757
            ],
            [
              99.404908,
              15.607582
            ],
            [
              99.404906,
              15.607596
            ],
            [
              99.404893,
              15.607608
            ],
            [
              99.404831,
              15.607654
            ],
            [
              99.404797,
              15.607678
            ],
            [
              99.404762,
              15.607694
            ],
            [
              99.404737,
              15.607703
            ],
            [
              99.404719,
              15.607705
            ],
            [
              99.404712,
              15.607698
            ],
            [
              99.404708,
              15.607685
            ]
          ]
        ]
      }
    },
    {
      "type": "Feature",
      "id": "osm_water_poly_1241354439",
      "properties": {
        "osm_id": 1241354439,
        "name": "",
        "name_th": "",
        "water": "",
        "natural": "water",
        "landuse": ""
      },
      "geometry": {
        "type": "Polygon",
        "coordinates": [
          [
            [
              99.367341,
              15.626087
            ],
            [
              99.36736,
              15.626136
            ],
            [
              99.367378,
              15.626204
            ],
            [
              99.367384,
              15.626245
            ],
            [
              99.367389,
              15.626266
            ],
            [
              99.367396,
              15.626308
            ],
            [
              99.367389,
              15.626329
            ],
            [
              99.367379,
              15.626339
            ],
            [
              99.367347,
              15.626356
            ],
            [
              99.367304,
              15.626361
            ],
            [
              99.36729,
              15.626361
            ],
            [
              99.36727,
              15.626346
            ],
            [
              99.367251,
              15.626313
            ],
            [
              99.367208,
              15.626158
            ],
            [
              99.367208,
              15.626135
            ],
            [
              99.367222,
              15.626113
            ],
            [
              99.367267,
              15.62608
            ],
            [
              99.367295,
              15.62607
            ],
            [
              99.367317,
              15.62607
            ],
            [
              99.367331,
              15.626077
            ],
            [
              99.367341,
              15.626087
            ]
          ]
        ]
      }
    },
    {
      "type": "Feature",
      "id": "osm_water_poly_1241467481",
      "properties": {
        "osm_id": 1241467481,
        "name": "",
        "name_th": "",
        "water": "",
        "natural": "water",
        "landuse": ""
      },
      "geometry": {
        "type": "Polygon",
        "coordinates": [
          [
            [
              99.402685,
              15.567678
            ],
            [
              99.402761,
              15.5678
            ],
            [
              99.402817,
              15.567883
            ],
            [
              99.402822,
              15.567952
            ],
            [
              99.402822,
              15.56802
            ],
            [
              99.402853,
              15.568069
            ],
            [
              99.402944,
              15.568152
            ],
            [
              99.402995,
              15.568176
            ],
            [
              99.403127,
              15.568157
            ],
            [
              99.403183,
              15.568088
            ],
            [
              99.403188,
              15.567996
            ],
            [
              99.403162,
              15.567932
            ],
            [
              99.403137,
              15.56782
            ],
            [
              99.403162,
              15.567756
            ],
            [
              99.403264,
              15.567697
            ],
            [
              99.403355,
              15.567668
            ],
            [
              99.403431,
              15.567658
            ],
            [
              99.403492,
              15.567658
            ],
            [
              99.403594,
              15.567697
            ],
            [
              99.403644,
              15.567751
            ],
            [
              99.403665,
              15.567815
            ],
            [
              99.403736,
              15.567976
            ],
            [
              99.403802,
              15.568108
            ],
            [
              99.403873,
              15.568186
            ],
            [
              99.40402,
              15.568333
            ],
            [
              99.404076,
              15.568362
            ],
            [
              99.404152,
              15.568411
            ],
            [
              99.404264,
              15.568568
            ],
            [
              99.40433,
              15.5687
            ],
            [
              99.40435,
              15.568773
            ],
            [
              99.40437,
              15.568866
            ],
            [
              99.40437,
              15.568949
            ],
            [
              99.404365,
              15.569042
            ],
            [
              99.40433,
              15.569086
            ],
            [
              99.404284,
              15.569105
            ],
            [
              99.404096,
              15.569076
            ],
            [
              99.403979,
              15.569086
            ],
            [
              99.403944,
              15.56912
            ],
            [
              99.403878,
              15.569164
            ],
            [
              99.403812,
              15.569174
            ],
            [
              99.403751,
              15.56914
            ],
            [
              99.403695,
              15.569096
            ],
            [
              99.403634,
              15.569027
            ],
            [
              99.403599,
              15.568988
            ],
            [
              99.403558,
              15.568964
            ],
            [
              99.403507,
              15.568949
            ],
            [
              99.403472,
              15.568983
            ],
            [
              99.403457,
              15.569071
            ],
            [
              99.403421,
              15.569154
            ],
            [
              99.403396,
              15.569198
            ],
            [
              99.403302,
              15.569211
            ],
            [
              99.403222,
              15.5692
            ],
            [
              99.403152,
              15.569216
            ],
            [
              99.403077,
              15.569263
            ],
            [
              99.40298,
              15.569304
            ],
            [
              99.402911,
              15.569304
            ],
            [
              99.402814,
              15.569257
            ],
            [
              99.402653,
              15.569144
            ],
            [
              99.402551,
              15.569071
            ],
            [
              99.402223,
              15.568797
            ],
            [
              99.402142,
              15.568719
            ],
            [
              99.401975,
              15.568528
            ],
            [
              99.401863,
              15.568387
            ],
            [
              99.401817,
              15.568309
            ],
            [
              99.40168,
              15.568142
            ],
            [
              99.401638,
              15.56809
            ],
            [
              99.401616,
              15.568039
            ],
            [
              99.40163,
              15.568003
            ],
            [
              99.40168,
              15.567974
            ],
            [
              99.401744,
              15.567956
            ],
            [
              99.401816,
              15.567944
            ],
            [
              99.401934,
              15.567927
            ],
            [
              99.402051,
              15.567917
            ],
            [
              99.402168,
              15.567859
            ],
            [
              99.402259,
              15.567785
            ],
            [
              99.40233,
              15.567722
            ],
            [
              99.402419,
              15.567653
            ],
            [
              99.402518,
              15.567575
            ],
            [
              99.402599,
              15.567556
            ],
            [
              99.402637,
              15.567578
            ],
            [
              99.402685,
              15.567678
            ]
          ]
        ]
      }
    },
    {
      "type": "Feature",
      "id": "osm_water_poly_1241467484",
      "properties": {
        "osm_id": 1241467484,
        "name": "",
        "name_th": "",
        "water": "",
        "natural": "water",
        "landuse": ""
      },
      "geometry": {
        "type": "Polygon",
        "coordinates": [
          [
            [
              99.404425,
              15.567207
            ],
            [
              99.404488,
              15.567161
            ],
            [
              99.404569,
              15.567115
            ],
            [
              99.404608,
              15.567102
            ],
            [
              99.40463,
              15.567094
            ],
            [
              99.404658,
              15.567067
            ],
            [
              99.404693,
              15.567056
            ],
            [
              99.404719,
              15.567064
            ],
            [
              99.404747,
              15.567075
            ],
            [
              99.404786,
              15.567083
            ],
            [
              99.404825,
              15.567069
            ],
            [
              99.404853,
              15.567042
            ],
            [
              99.40487,
              15.567002
            ],
            [
              99.404875,
              15.566967
            ],
            [
              99.404873,
              15.566836
            ],
            [
              99.404864,
              15.566782
            ],
            [
              99.404848,
              15.566752
            ],
            [
              99.40482,
              15.566736
            ],
            [
              99.404764,
              15.566736
            ],
            [
              99.404686,
              15.566752
            ],
            [
              99.404616,
              15.566771
            ],
            [
              99.404552,
              15.566785
            ],
            [
              99.4045,
              15.566803
            ],
            [
              99.404398,
              15.566842
            ],
            [
              99.404335,
              15.566874
            ],
            [
              99.404283,
              15.566913
            ],
            [
              99.404237,
              15.566954
            ],
            [
              99.404207,
              15.566986
            ],
            [
              99.404181,
              15.567029
            ],
            [
              99.40415,
              15.56711
            ],
            [
              99.404148,
              15.567161
            ],
            [
              99.40415,
              15.567231
            ],
            [
              99.404175,
              15.567287
            ],
            [
              99.404175,
              15.567314
            ],
            [
              99.404167,
              15.567351
            ],
            [
              99.404149,
              15.567384
            ],
            [
              99.404141,
              15.567421
            ],
            [
              99.404148,
              15.567464
            ],
            [
              99.404155,
              15.567473
            ],
            [
              99.404167,
              15.567473
            ],
            [
              99.40421,
              15.567464
            ],
            [
              99.404223,
              15.567449
            ],
            [
              99.40424,
              15.56743
            ],
            [
              99.40425,
              15.56742
            ],
            [
              99.404253,
              15.567405
            ],
            [
              99.40424,
              15.567385
            ],
            [
              99.404222,
              15.56736
            ],
            [
              99.404219,
              15.567339
            ],
            [
              99.404231,
              15.567314
            ],
            [
              99.404245,
              15.567299
            ],
            [
              99.404258,
              15.567291
            ],
            [
              99.404312,
              15.567274
            ],
            [
              99.404334,
              15.567263
            ],
            [
              99.404373,
              15.567243
            ],
            [
              99.404425,
              15.567207
            ]
          ]
        ]
      }
    },
    {
      "type": "Feature",
      "id": "osm_water_poly_1241467488",
      "properties": {
        "osm_id": 1241467488,
        "name": "",
        "name_th": "",
        "water": "",
        "natural": "water",
        "landuse": ""
      },
      "geometry": {
        "type": "Polygon",
        "coordinates": [
          [
            [
              99.405661,
              15.567546
            ],
            [
              99.405633,
              15.56764
            ],
            [
              99.405613,
              15.567692
            ],
            [
              99.405602,
              15.567726
            ],
            [
              99.40559,
              15.567774
            ],
            [
              99.405581,
              15.567835
            ],
            [
              99.405576,
              15.56789
            ],
            [
              99.405576,
              15.567935
            ],
            [
              99.405576,
              15.567954
            ],
            [
              99.405585,
              15.567966
            ],
            [
              99.405602,
              15.567981
            ],
            [
              99.405618,
              15.567991
            ],
            [
              99.405666,
              15.568009
            ],
            [
              99.405739,
              15.568027
            ],
            [
              99.405866,
              15.568048
            ],
            [
              99.405914,
              15.568048
            ],
            [
              99.405955,
              15.568046
            ],
            [
              99.405967,
              15.568036
            ],
            [
              99.405992,
              15.568003
            ],
            [
              99.406021,
              15.567909
            ],
            [
              99.40603,
              15.567871
            ],
            [
              99.40603,
              15.567849
            ],
            [
              99.406026,
              15.567822
            ],
            [
              99.406015,
              15.567799
            ],
            [
              99.40599,
              15.567794
            ],
            [
              99.405949,
              15.567796
            ],
            [
              99.40593,
              15.567796
            ],
            [
              99.405914,
              15.567789
            ],
            [
              99.4059,
              15.567763
            ],
            [
              99.4059,
              15.567738
            ],
            [
              99.405906,
              15.567695
            ],
            [
              99.405916,
              15.567669
            ],
            [
              99.40593,
              15.567649
            ],
            [
              99.405949,
              15.567647
            ],
            [
              99.406001,
              15.567662
            ],
            [
              99.40603,
              15.567668
            ],
            [
              99.406046,
              15.567668
            ],
            [
              99.40606,
              15.567659
            ],
            [
              99.406056,
              15.567644
            ],
            [
              99.406026,
              15.567609
            ],
            [
              99.405882,
              15.567494
            ],
            [
              99.405841,
              15.567465
            ],
            [
              99.40582,
              15.567458
            ],
            [
              99.405782,
              15.567445
            ],
            [
              99.405762,
              15.567445
            ],
            [
              99.405738,
              15.56745
            ],
            [
              99.4057,
              15.56747
            ],
            [
              99.405679,
              15.567503
            ],
            [
              99.405661,
              15.567546
            ]
          ]
        ]
      }
    },
    {
      "type": "Feature",
      "id": "osm_water_poly_1241471524",
      "properties": {
        "osm_id": 1241471524,
        "name": "",
        "name_th": "",
        "water": "",
        "natural": "water",
        "landuse": ""
      },
      "geometry": {
        "type": "Polygon",
        "coordinates": [
          [
            [
              99.408508,
              15.567279
            ],
            [
              99.408508,
              15.567272
            ],
            [
              99.408509,
              15.567263
            ],
            [
              99.408516,
              15.567262
            ],
            [
              99.408527,
              15.567262
            ],
            [
              99.408561,
              15.567268
            ],
            [
              99.408608,
              15.567279
            ],
            [
              99.408655,
              15.567292
            ],
            [
              99.40871,
              15.567296
            ],
            [
              99.408746,
              15.567295
            ],
            [
              99.408802,
              15.567285
            ],
            [
              99.408833,
              15.567285
            ],
            [
              99.408846,
              15.567298
            ],
            [
              99.408846,
              15.567312
            ],
            [
              99.408851,
              15.567325
            ],
            [
              99.408844,
              15.567334
            ],
            [
              99.408823,
              15.567342
            ],
            [
              99.408808,
              15.567344
            ],
            [
              99.408751,
              15.567349
            ],
            [
              99.408707,
              15.567357
            ],
            [
              99.408689,
              15.567356
            ],
            [
              99.408667,
              15.567347
            ],
            [
              99.408629,
              15.567322
            ],
            [
              99.408603,
              15.56731
            ],
            [
              99.408568,
              15.567297
            ],
            [
              99.408531,
              15.567288
            ],
            [
              99.408515,
              15.567283
            ],
            [
              99.408508,
              15.567279
            ]
          ]
        ]
      }
    },
    {
      "type": "Feature",
      "id": "osm_water_poly_1241471525",
      "properties": {
        "osm_id": 1241471525,
        "name": "",
        "name_th": "",
        "water": "",
        "natural": "water",
        "landuse": ""
      },
      "geometry": {
        "type": "Polygon",
        "coordinates": [
          [
            [
              99.412595,
              15.567524
            ],
            [
              99.412611,
              15.567518
            ],
            [
              99.412651,
              15.567505
            ],
            [
              99.412674,
              15.567496
            ],
            [
              99.412683,
              15.567496
            ],
            [
              99.412698,
              15.567498
            ],
            [
              99.412706,
              15.567498
            ],
            [
              99.412724,
              15.56749
            ],
            [
              99.412748,
              15.567483
            ],
            [
              99.412765,
              15.567481
            ],
            [
              99.412782,
              15.567487
            ],
            [
              99.412793,
              15.56749
            ],
            [
              99.412802,
              15.567486
            ],
            [
              99.412815,
              15.567482
            ],
            [
              99.412822,
              15.567488
            ],
            [
              99.41282,
              15.567496
            ],
            [
              99.412815,
              15.567509
            ],
            [
              99.412803,
              15.567527
            ],
            [
              99.412792,
              15.567539
            ],
            [
              99.41277,
              15.567553
            ],
            [
              99.412758,
              15.567561
            ],
            [
              99.412746,
              15.567565
            ],
            [
              99.412734,
              15.567567
            ],
            [
              99.412721,
              15.567567
            ],
            [
              99.412716,
              15.567561
            ],
            [
              99.412717,
              15.567544
            ],
            [
              99.412712,
              15.567538
            ],
            [
              99.412703,
              15.567538
            ],
            [
              99.412683,
              15.567542
            ],
            [
              99.412666,
              15.56755
            ],
            [
              99.412641,
              15.567567
            ],
            [
              99.412632,
              15.567578
            ],
            [
              99.41262,
              15.56759
            ],
            [
              99.412608,
              15.567594
            ],
            [
              99.412594,
              15.567594
            ],
            [
              99.412582,
              15.567586
            ],
            [
              99.412571,
              15.567574
            ],
            [
              99.41256,
              15.567574
            ],
            [
              99.412549,
              15.567586
            ],
            [
              99.412538,
              15.567593
            ],
            [
              99.412526,
              15.56759
            ],
            [
              99.412519,
              15.567584
            ],
            [
              99.412521,
              15.567575
            ],
            [
              99.41253,
              15.567565
            ],
            [
              99.412547,
              15.567547
            ],
            [
              99.412555,
              15.567537
            ],
            [
              99.412565,
              15.56753
            ],
            [
              99.41258,
              15.567526
            ],
            [
              99.412595,
              15.567524
            ]
          ]
        ]
      }
    },
    {
      "type": "Feature",
      "id": "osm_water_poly_1241471526",
      "properties": {
        "osm_id": 1241471526,
        "name": "",
        "name_th": "",
        "water": "",
        "natural": "water",
        "landuse": ""
      },
      "geometry": {
        "type": "Polygon",
        "coordinates": [
          [
            [
              99.411755,
              15.565512
            ],
            [
              99.411769,
              15.565531
            ],
            [
              99.411783,
              15.565552
            ],
            [
              99.411797,
              15.565574
            ],
            [
              99.411799,
              15.565595
            ],
            [
              99.411789,
              15.565614
            ],
            [
              99.411757,
              15.565639
            ],
            [
              99.411715,
              15.565669
            ],
            [
              99.411701,
              15.565676
            ],
            [
              99.411686,
              15.565674
            ],
            [
              99.411659,
              15.565658
            ],
            [
              99.411635,
              15.565634
            ],
            [
              99.411614,
              15.565606
            ],
            [
              99.411601,
              15.565584
            ],
            [
              99.411595,
              15.56557
            ],
            [
              99.411595,
              15.565556
            ],
            [
              99.411601,
              15.565546
            ],
            [
              99.411626,
              15.565523
            ],
            [
              99.411655,
              15.565501
            ],
            [
              99.411662,
              15.56549
            ],
            [
              99.411666,
              15.565466
            ],
            [
              99.411673,
              15.565438
            ],
            [
              99.411681,
              15.565418
            ],
            [
              99.41169,
              15.56541
            ],
            [
              99.411706,
              15.56541
            ],
            [
              99.411719,
              15.565422
            ],
            [
              99.41172,
              15.565443
            ],
            [
              99.411727,
              15.565473
            ],
            [
              99.41174,
              15.56549
            ],
            [
              99.411755,
              15.565512
            ]
          ]
        ]
      }
    },
    {
      "type": "Feature",
      "id": "osm_water_poly_1241633600",
      "properties": {
        "osm_id": 1241633600,
        "name": "",
        "name_th": "",
        "water": "",
        "natural": "water",
        "landuse": ""
      },
      "geometry": {
        "type": "Polygon",
        "coordinates": [
          [
            [
              99.415399,
              15.566608
            ],
            [
              99.415481,
              15.56666
            ],
            [
              99.415505,
              15.566682
            ],
            [
              99.415511,
              15.566708
            ],
            [
              99.41549,
              15.566736
            ],
            [
              99.415452,
              15.566753
            ],
            [
              99.415402,
              15.566756
            ],
            [
              99.415378,
              15.566747
            ],
            [
              99.415352,
              15.566728
            ],
            [
              99.415316,
              15.566679
            ],
            [
              99.415313,
              15.566654
            ],
            [
              99.415316,
              15.566631
            ],
            [
              99.41534,
              15.566614
            ],
            [
              99.415364,
              15.566603
            ],
            [
              99.415399,
              15.566608
            ]
          ]
        ]
      }
    },
    {
      "type": "Feature",
      "id": "osm_water_poly_1241633601",
      "properties": {
        "osm_id": 1241633601,
        "name": "",
        "name_th": "",
        "water": "",
        "natural": "water",
        "landuse": ""
      },
      "geometry": {
        "type": "Polygon",
        "coordinates": [
          [
            [
              99.417364,
              15.56013
            ],
            [
              99.417354,
              15.560079
            ],
            [
              99.417348,
              15.560042
            ],
            [
              99.417354,
              15.560019
            ],
            [
              99.417377,
              15.560016
            ],
            [
              99.417418,
              15.560028
            ],
            [
              99.417466,
              15.560047
            ],
            [
              99.41751,
              15.560047
            ],
            [
              99.417583,
              15.560039
            ],
            [
              99.417616,
              15.560047
            ],
            [
              99.417637,
              15.560062
            ],
            [
              99.417672,
              15.560121
            ],
            [
              99.417701,
              15.560152
            ],
            [
              99.417731,
              15.560184
            ],
            [
              99.417754,
              15.560198
            ],
            [
              99.417898,
              15.560213
            ],
            [
              99.417616,
              15.560291
            ],
            [
              99.41761,
              15.56026
            ],
            [
              99.417578,
              15.560239
            ],
            [
              99.417462,
              15.560245
            ],
            [
              99.417423,
              15.560234
            ],
            [
              99.417385,
              15.560203
            ],
            [
              99.417364,
              15.56013
            ]
          ]
        ]
      }
    },
    {
      "type": "Feature",
      "id": "osm_water_poly_1241638087",
      "properties": {
        "osm_id": 1241638087,
        "name": "",
        "name_th": "",
        "water": "",
        "natural": "water",
        "landuse": ""
      },
      "geometry": {
        "type": "Polygon",
        "coordinates": [
          [
            [
              99.417425,
              15.554358
            ],
            [
              99.417405,
              15.55429
            ],
            [
              99.417402,
              15.554242
            ],
            [
              99.417418,
              15.554194
            ],
            [
              99.417461,
              15.55411
            ],
            [
              99.417492,
              15.554092
            ],
            [
              99.417533,
              15.554086
            ],
            [
              99.417617,
              15.554083
            ],
            [
              99.41771,
              15.554047
            ],
            [
              99.417766,
              15.554035
            ],
            [
              99.417813,
              15.554035
            ],
            [
              99.417851,
              15.554035
            ],
            [
              99.417884,
              15.554045
            ],
            [
              99.417425,
              15.554358
            ]
          ]
        ]
      }
    },
    {
      "type": "Feature",
      "id": "osm_water_poly_1241638088",
      "properties": {
        "osm_id": 1241638088,
        "name": "",
        "name_th": "",
        "water": "",
        "natural": "water",
        "landuse": ""
      },
      "geometry": {
        "type": "Polygon",
        "coordinates": [
          [
            [
              99.417895,
              15.554039
            ],
            [
              99.417892,
              15.554019
            ],
            [
              99.417873,
              15.553999
            ],
            [
              99.417815,
              15.553969
            ],
            [
              99.41778,
              15.553949
            ],
            [
              99.41774,
              15.553932
            ],
            [
              99.417721,
              15.553921
            ],
            [
              99.417721,
              15.553907
            ],
            [
              99.417766,
              15.553894
            ],
            [
              99.417805,
              15.553876
            ],
            [
              99.417842,
              15.553843
            ],
            [
              99.417874,
              15.553806
            ],
            [
              99.41788,
              15.553778
            ],
            [
              99.417881,
              15.553746
            ],
            [
              99.417861,
              15.553725
            ],
            [
              99.417851,
              15.553708
            ],
            [
              99.417855,
              15.553688
            ],
            [
              99.417876,
              15.553678
            ],
            [
              99.417963,
              15.55366
            ],
            [
              99.418019,
              15.553657
            ],
            [
              99.418117,
              15.553658
            ],
            [
              99.418297,
              15.553664
            ],
            [
              99.418385,
              15.553667
            ],
            [
              99.418441,
              15.553659
            ],
            [
              99.417895,
              15.554039
            ]
          ]
        ]
      }
    },
    {
      "type": "Feature",
      "id": "osm_water_poly_1241638090",
      "properties": {
        "osm_id": 1241638090,
        "name": "",
        "name_th": "",
        "water": "",
        "natural": "water",
        "landuse": ""
      },
      "geometry": {
        "type": "Polygon",
        "coordinates": [
          [
            [
              99.418785,
              15.552814
            ],
            [
              99.418731,
              15.552684
            ],
            [
              99.418648,
              15.55263
            ],
            [
              99.418592,
              15.552563
            ],
            [
              99.41855,
              15.552436
            ],
            [
              99.418536,
              15.552349
            ],
            [
              99.418536,
              15.552241
            ],
            [
              99.418578,
              15.552188
            ],
            [
              99.418648,
              15.552141
            ],
            [
              99.41871,
              15.552134
            ],
            [
              99.418814,
              15.552168
            ],
            [
              99.419079,
              15.552228
            ],
            [
              99.419177,
              15.552262
            ],
            [
              99.419225,
              15.552315
            ],
            [
              99.419232,
              15.552463
            ],
            [
              99.419211,
              15.55253
            ],
            [
              99.419163,
              15.552597
            ],
            [
              99.419177,
              15.552657
            ],
            [
              99.41926,
              15.552704
            ],
            [
              99.419316,
              15.552704
            ],
            [
              99.419371,
              15.552644
            ],
            [
              99.419427,
              15.552563
            ],
            [
              99.419497,
              15.55253
            ],
            [
              99.419678,
              15.552516
            ],
            [
              99.419901,
              15.55255
            ],
            [
              99.42004,
              15.552577
            ],
            [
              99.420109,
              15.552597
            ],
            [
              99.420179,
              15.55259
            ],
            [
              99.420297,
              15.552543
            ],
            [
              99.420464,
              15.55249
            ],
            [
              99.420597,
              15.552483
            ],
            [
              99.420708,
              15.552496
            ],
            [
              99.420847,
              15.552543
            ],
            [
              99.420913,
              15.55258
            ],
            [
              99.420508,
              15.55268
            ],
            [
              99.418785,
              15.552814
            ]
          ]
        ]
      }
    },
    {
      "type": "Feature",
      "id": "osm_water_poly_1241743127",
      "properties": {
        "osm_id": 1241743127,
        "name": "",
        "name_th": "",
        "water": "",
        "natural": "water",
        "landuse": ""
      },
      "geometry": {
        "type": "Polygon",
        "coordinates": [
          [
            [
              99.392172,
              15.595905
            ],
            [
              99.39222,
              15.595858
            ],
            [
              99.392241,
              15.595838
            ],
            [
              99.392257,
              15.595827
            ],
            [
              99.392274,
              15.595829
            ],
            [
              99.392296,
              15.595842
            ],
            [
              99.392321,
              15.595863
            ],
            [
              99.392337,
              15.595878
            ],
            [
              99.392337,
              15.5959
            ],
            [
              99.392331,
              15.59592
            ],
            [
              99.392294,
              15.595967
            ],
            [
              99.392266,
              15.595996
            ],
            [
              99.392253,
              15.596004
            ],
            [
              99.392236,
              15.596004
            ],
            [
              99.392218,
              15.595999
            ],
            [
              99.392198,
              15.595985
            ],
            [
              99.392174,
              15.595965
            ],
            [
              99.392159,
              15.595951
            ],
            [
              99.392155,
              15.595937
            ],
            [
              99.392158,
              15.59592
            ],
            [
              99.392172,
              15.595905
            ]
          ]
        ]
      }
    },
    {
      "type": "Feature",
      "id": "osm_water_poly_1241743131",
      "properties": {
        "osm_id": 1241743131,
        "name": "",
        "name_th": "",
        "water": "",
        "natural": "water",
        "landuse": ""
      },
      "geometry": {
        "type": "Polygon",
        "coordinates": [
          [
            [
              99.392753,
              15.596458
            ],
            [
              99.392772,
              15.596469
            ],
            [
              99.392788,
              15.596464
            ],
            [
              99.392795,
              15.596451
            ],
            [
              99.392782,
              15.596422
            ],
            [
              99.392731,
              15.596357
            ],
            [
              99.392684,
              15.596298
            ],
            [
              99.392675,
              15.596283
            ],
            [
              99.392673,
              15.596264
            ],
            [
              99.392689,
              15.596205
            ],
            [
              99.392721,
              15.596107
            ],
            [
              99.392728,
              15.596076
            ],
            [
              99.39273,
              15.596055
            ],
            [
              99.392731,
              15.595997
            ],
            [
              99.39273,
              15.595957
            ],
            [
              99.392722,
              15.595929
            ],
            [
              99.392702,
              15.595905
            ],
            [
              99.392644,
              15.595835
            ],
            [
              99.39263,
              15.595809
            ],
            [
              99.392626,
              15.595789
            ],
            [
              99.392629,
              15.595762
            ],
            [
              99.392642,
              15.595736
            ],
            [
              99.39268,
              15.595666
            ],
            [
              99.392707,
              15.595601
            ],
            [
              99.392717,
              15.595577
            ],
            [
              99.392717,
              15.595537
            ],
            [
              99.392717,
              15.595502
            ],
            [
              99.392721,
              15.59547
            ],
            [
              99.39273,
              15.595442
            ],
            [
              99.392761,
              15.5954
            ],
            [
              99.39279,
              15.595368
            ],
            [
              99.392843,
              15.595322
            ],
            [
              99.392874,
              15.595293
            ],
            [
              99.392899,
              15.595267
            ],
            [
              99.392922,
              15.595235
            ],
            [
              99.392936,
              15.595203
            ],
            [
              99.392947,
              15.595177
            ],
            [
              99.392963,
              15.595155
            ],
            [
              99.392998,
              15.595131
            ],
            [
              99.393067,
              15.595101
            ],
            [
              99.393096,
              15.595095
            ],
            [
              99.393126,
              15.595097
            ],
            [
              99.393164,
              15.595107
            ],
            [
              99.393213,
              15.595131
            ],
            [
              99.393238,
              15.595137
            ],
            [
              99.393257,
              15.595137
            ],
            [
              99.393315,
              15.595115
            ],
            [
              99.393366,
              15.595092
            ],
            [
              99.393401,
              15.595062
            ],
            [
              99.393437,
              15.595028
            ],
            [
              99.393476,
              15.59498
            ],
            [
              99.393492,
              15.594951
            ],
            [
              99.393473,
              15.594928
            ],
            [
              99.393447,
              15.594925
            ],
            [
              99.39343,
              15.594948
            ],
            [
              99.393419,
              15.59497
            ],
            [
              99.393389,
              15.595011
            ],
            [
              99.393334,
              15.595057
            ],
            [
              99.393293,
              15.595085
            ],
            [
              99.393259,
              15.595094
            ],
            [
              99.393221,
              15.595087
            ],
            [
              99.39319,
              15.595073
            ],
            [
              99.393151,
              15.595043
            ],
            [
              99.393103,
              15.595018
            ],
            [
              99.393038,
              15.595011
            ],
            [
              99.392995,
              15.595013
            ],
            [
              99.392969,
              15.59502
            ],
            [
              99.392919,
              15.595059
            ],
            [
              99.392912,
              15.595072
            ],
            [
              99.392873,
              15.595204
            ],
            [
              99.39285,
              15.595254
            ],
            [
              99.392828,
              15.595284
            ],
            [
              99.3928,
              15.595311
            ],
            [
              99.392739,
              15.595351
            ],
            [
              99.392697,
              15.595381
            ],
            [
              99.392676,
              15.595427
            ],
            [
              99.392669,
              15.59546
            ],
            [
              99.392659,
              15.595503
            ],
            [
              99.392659,
              15.595543
            ],
            [
              99.392645,
              15.59557
            ],
            [
              99.392628,
              15.59561
            ],
            [
              99.392566,
              15.59576
            ],
            [
              99.392561,
              15.595797
            ],
            [
              99.39257,
              15.595832
            ],
            [
              99.392611,
              15.595885
            ],
            [
              99.392662,
              15.595947
            ],
            [
              99.392686,
              15.595987
            ],
            [
              99.392688,
              15.596026
            ],
            [
              99.392683,
              15.596068
            ],
            [
              99.392664,
              15.596125
            ],
            [
              99.392616,
              15.596274
            ],
            [
              99.392613,
              15.596299
            ],
            [
              99.392627,
              15.596324
            ],
            [
              99.392733,
              15.596436
            ],
            [
              99.392753,
              15.596458
            ]
          ]
        ]
      }
    },
    {
      "type": "Feature",
      "id": "osm_water_poly_1242045031",
      "properties": {
        "osm_id": 1242045031,
        "name": "",
        "name_th": "",
        "water": "",
        "natural": "water",
        "landuse": ""
      },
      "geometry": {
        "type": "Polygon",
        "coordinates": [
          [
            [
              99.418219,
              15.559588
            ],
            [
              99.418199,
              15.559699
            ],
            [
              99.418172,
              15.559755
            ],
            [
              99.418117,
              15.559801
            ],
            [
              99.418073,
              15.559864
            ],
            [
              99.418021,
              15.559946
            ],
            [
              99.417991,
              15.559999
            ],
            [
              99.417977,
              15.560052
            ],
            [
              99.41797,
              15.560111
            ],
            [
              99.417969,
              15.56017
            ],
            [
              99.418243,
              15.559681
            ],
            [
              99.418219,
              15.559588
            ]
          ]
        ]
      }
    },
    {
      "type": "Feature",
      "id": "osm_water_poly_1242045032",
      "properties": {
        "osm_id": 1242045032,
        "name": "",
        "name_th": "",
        "water": "",
        "natural": "water",
        "landuse": ""
      },
      "geometry": {
        "type": "Polygon",
        "coordinates": [
          [
            [
              99.418126,
              15.559212
            ],
            [
              99.417997,
              15.558695
            ],
            [
              99.417994,
              15.558811
            ],
            [
              99.417991,
              15.559003
            ],
            [
              99.417987,
              15.559082
            ],
            [
              99.418014,
              15.559118
            ],
            [
              99.418073,
              15.559148
            ],
            [
              99.418126,
              15.559212
            ]
          ]
        ]
      }
    },
    {
      "type": "Feature",
      "id": "osm_water_poly_1242045033",
      "properties": {
        "osm_id": 1242045033,
        "name": "",
        "name_th": "",
        "water": "",
        "natural": "water",
        "landuse": ""
      },
      "geometry": {
        "type": "Polygon",
        "coordinates": [
          [
            [
              99.417956,
              15.558531
            ],
            [
              99.41786,
              15.558145
            ],
            [
              99.41786,
              15.557261
            ],
            [
              99.417812,
              15.55737
            ],
            [
              99.417792,
              15.557472
            ],
            [
              99.417778,
              15.557598
            ],
            [
              99.417789,
              15.557697
            ],
            [
              99.417812,
              15.557819
            ],
            [
              99.417823,
              15.558027
            ],
            [
              99.417823,
              15.558155
            ],
            [
              99.417833,
              15.558218
            ],
            [
              99.417857,
              15.558281
            ],
            [
              99.417956,
              15.558531
            ]
          ]
        ]
      }
    },
    {
      "type": "Feature",
      "id": "osm_water_poly_1242045034",
      "properties": {
        "osm_id": 1242045034,
        "name": "",
        "name_th": "",
        "water": "",
        "natural": "water",
        "landuse": ""
      },
      "geometry": {
        "type": "Polygon",
        "coordinates": [
          [
            [
              99.41786,
              15.557261
            ],
            [
              99.41804,
              15.557116
            ],
            [
              99.419244,
              15.556927
            ],
            [
              99.41932,
              15.556884
            ],
            [
              99.419192,
              15.556909
            ],
            [
              99.419089,
              15.556919
            ],
            [
              99.419017,
              15.556922
            ],
            [
              99.418952,
              15.556928
            ],
            [
              99.418815,
              15.556958
            ],
            [
              99.418733,
              15.556968
            ],
            [
              99.418459,
              15.556991
            ],
            [
              99.418326,
              15.556994
            ],
            [
              99.418186,
              15.556994
            ],
            [
              99.418124,
              15.557001
            ],
            [
              99.418086,
              15.557014
            ],
            [
              99.418062,
              15.557047
            ],
            [
              99.418035,
              15.55708
            ],
            [
              99.417994,
              15.557093
            ],
            [
              99.417963,
              15.557113
            ],
            [
              99.417922,
              15.557133
            ],
            [
              99.417898,
              15.557169
            ],
            [
              99.41786,
              15.557261
            ]
          ]
        ]
      }
    },
    {
      "type": "Feature",
      "id": "osm_water_poly_1242045035",
      "properties": {
        "osm_id": 1242045035,
        "name": "",
        "name_th": "",
        "water": "",
        "natural": "water",
        "landuse": ""
      },
      "geometry": {
        "type": "Polygon",
        "coordinates": [
          [
            [
              99.420038,
              15.556201
            ],
            [
              99.420252,
              15.555927
            ],
            [
              99.420598,
              15.55526
            ],
            [
              99.420528,
              15.554804
            ],
            [
              99.420476,
              15.554884
            ],
            [
              99.420445,
              15.554927
            ],
            [
              99.420449,
              15.554973
            ],
            [
              99.420438,
              15.555012
            ],
            [
              99.42039,
              15.555048
            ],
            [
              99.42037,
              15.555082
            ],
            [
              99.420363,
              15.555161
            ],
            [
              99.42039,
              15.55524
            ],
            [
              99.420418,
              15.555306
            ],
            [
              99.420438,
              15.555411
            ],
            [
              99.420438,
              15.555494
            ],
            [
              99.420421,
              15.555543
            ],
            [
              99.420359,
              15.555616
            ],
            [
              99.420212,
              15.555758
            ],
            [
              99.420175,
              15.555784
            ],
            [
              99.420158,
              15.555824
            ],
            [
              99.420103,
              15.555952
            ],
            [
              99.420075,
              15.556091
            ],
            [
              99.420038,
              15.556201
            ]
          ]
        ]
      }
    },
    {
      "type": "Feature",
      "id": "osm_water_poly_1242045036",
      "properties": {
        "osm_id": 1242045036,
        "name": "",
        "name_th": "",
        "water": "",
        "natural": "water",
        "landuse": ""
      },
      "geometry": {
        "type": "Polygon",
        "coordinates": [
          [
            [
              99.417425,
              15.554358
            ],
            [
              99.417785,
              15.554448
            ],
            [
              99.41836,
              15.554477
            ],
            [
              99.418237,
              15.554498
            ],
            [
              99.418093,
              15.554544
            ],
            [
              99.418055,
              15.55456
            ],
            [
              99.417973,
              15.554613
            ],
            [
              99.417936,
              15.554626
            ],
            [
              99.417891,
              15.55462
            ],
            [
              99.417867,
              15.554597
            ],
            [
              99.417864,
              15.554567
            ],
            [
              99.417867,
              15.554514
            ],
            [
              99.417843,
              15.554491
            ],
            [
              99.417806,
              15.554485
            ],
            [
              99.417723,
              15.554491
            ],
            [
              99.417682,
              15.554485
            ],
            [
              99.417604,
              15.554455
            ],
            [
              99.417559,
              15.554429
            ],
            [
              99.417504,
              15.554402
            ],
            [
              99.417425,
              15.554358
            ]
          ]
        ]
      }
    },
    {
      "type": "Feature",
      "id": "osm_water_poly_1242045041",
      "properties": {
        "osm_id": 1242045041,
        "name": "",
        "name_th": "",
        "water": "",
        "natural": "water",
        "landuse": ""
      },
      "geometry": {
        "type": "Polygon",
        "coordinates": [
          [
            [
              99.423678,
              15.544728
            ],
            [
              99.424063,
              15.544929
            ],
            [
              99.424154,
              15.544994
            ],
            [
              99.424273,
              15.545098
            ],
            [
              99.42429,
              15.545153
            ],
            [
              99.424307,
              15.545284
            ],
            [
              99.424369,
              15.545437
            ],
            [
              99.424437,
              15.545633
            ],
            [
              99.424505,
              15.545786
            ],
            [
              99.424551,
              15.545874
            ],
            [
              99.424596,
              15.545901
            ],
            [
              99.424874,
              15.54607
            ],
            [
              99.424982,
              15.546147
            ],
            [
              99.425027,
              15.54619
            ],
            [
              99.425084,
              15.546229
            ],
            [
              99.425123,
              15.546245
            ],
            [
              99.425174,
              15.546223
            ],
            [
              99.425197,
              15.546158
            ],
            [
              99.425169,
              15.546092
            ],
            [
              99.425169,
              15.546032
            ],
            [
              99.425157,
              15.545928
            ],
            [
              99.425146,
              15.545846
            ],
            [
              99.425129,
              15.54577
            ],
            [
              99.425084,
              15.545721
            ],
            [
              99.424999,
              15.545611
            ],
            [
              99.42497,
              15.545562
            ],
            [
              99.42497,
              15.545486
            ],
            [
              99.425055,
              15.545311
            ],
            [
              99.425118,
              15.545218
            ],
            [
              99.42518,
              15.545169
            ],
            [
              99.425271,
              15.545142
            ],
            [
              99.425458,
              15.54512
            ],
            [
              99.425583,
              15.545092
            ],
            [
              99.425702,
              15.545043
            ],
            [
              99.425781,
              15.545005
            ],
            [
              99.425889,
              15.544939
            ],
            [
              99.425951,
              15.544918
            ],
            [
              99.426065,
              15.544892
            ],
            [
              99.423678,
              15.544728
            ]
          ]
        ]
      }
    },
    {
      "type": "Feature",
      "id": "osm_water_poly_1242045042",
      "properties": {
        "osm_id": 1242045042,
        "name": "",
        "name_th": "",
        "water": "",
        "natural": "water",
        "landuse": ""
      },
      "geometry": {
        "type": "Polygon",
        "coordinates": [
          [
            [
              99.424944,
              15.549607
            ],
            [
              99.425146,
              15.549195
            ],
            [
              99.42522,
              15.549015
            ],
            [
              99.42522,
              15.548922
            ],
            [
              99.425191,
              15.548763
            ],
            [
              99.425106,
              15.548632
            ],
            [
              99.425016,
              15.548556
            ],
            [
              99.424897,
              15.548441
            ],
            [
              99.424834,
              15.548359
            ],
            [
              99.424806,
              15.54831
            ],
            [
              99.424851,
              15.548294
            ],
            [
              99.424948,
              15.548294
            ],
            [
              99.425038,
              15.548294
            ],
            [
              99.425186,
              15.548272
            ],
            [
              99.425367,
              15.548228
            ],
            [
              99.425458,
              15.548206
            ],
            [
              99.425498,
              15.548163
            ],
            [
              99.425638,
              15.547949
            ],
            [
              99.425549,
              15.548172
            ],
            [
              99.425203,
              15.549389
            ],
            [
              99.424944,
              15.549607
            ]
          ]
        ]
      }
    },
    {
      "type": "Feature",
      "id": "osm_water_poly_1242330228",
      "properties": {
        "osm_id": 1242330228,
        "name": "",
        "name_th": "",
        "water": "",
        "natural": "water",
        "landuse": ""
      },
      "geometry": {
        "type": "Polygon",
        "coordinates": [
          [
            [
              99.399492,
              15.58387
            ],
            [
              99.399524,
              15.583912
            ],
            [
              99.399539,
              15.583927
            ],
            [
              99.399562,
              15.583943
            ],
            [
              99.399682,
              15.584019
            ],
            [
              99.399739,
              15.584046
            ],
            [
              99.399758,
              15.584059
            ],
            [
              99.399786,
              15.584088
            ],
            [
              99.399799,
              15.584106
            ],
            [
              99.399799,
              15.584124
            ],
            [
              99.399784,
              15.584129
            ],
            [
              99.399714,
              15.584138
            ],
            [
              99.399682,
              15.584135
            ],
            [
              99.399654,
              15.584108
            ],
            [
              99.399637,
              15.584081
            ],
            [
              99.399601,
              15.584035
            ],
            [
              99.399568,
              15.584012
            ],
            [
              99.399496,
              15.583983
            ],
            [
              99.399468,
              15.583968
            ],
            [
              99.399455,
              15.583943
            ],
            [
              99.399436,
              15.583898
            ],
            [
              99.399434,
              15.583879
            ],
            [
              99.39944,
              15.583861
            ],
            [
              99.399458,
              15.583856
            ],
            [
              99.399477,
              15.58386
            ],
            [
              99.399492,
              15.58387
            ]
          ]
        ]
      }
    },
    {
      "type": "Feature",
      "id": "osm_water_poly_1242330237",
      "properties": {
        "osm_id": 1242330237,
        "name": "",
        "name_th": "",
        "water": "",
        "natural": "water",
        "landuse": ""
      },
      "geometry": {
        "type": "Polygon",
        "coordinates": [
          [
            [
              99.406171,
              15.578012
            ],
            [
              99.406169,
              15.578026
            ],
            [
              99.406255,
              15.57813
            ],
            [
              99.406291,
              15.57818
            ],
            [
              99.406336,
              15.578236
            ],
            [
              99.406356,
              15.578263
            ],
            [
              99.406357,
              15.578278
            ],
            [
              99.406357,
              15.578299
            ],
            [
              99.406344,
              15.578313
            ],
            [
              99.406342,
              15.578328
            ],
            [
              99.406357,
              15.578363
            ],
            [
              99.406359,
              15.578387
            ],
            [
              99.406354,
              15.578405
            ],
            [
              99.406331,
              15.578419
            ],
            [
              99.406317,
              15.578423
            ],
            [
              99.406304,
              15.578411
            ],
            [
              99.406289,
              15.578386
            ],
            [
              99.406284,
              15.578364
            ],
            [
              99.406294,
              15.578345
            ],
            [
              99.406307,
              15.578331
            ],
            [
              99.406307,
              15.578314
            ],
            [
              99.406279,
              15.578255
            ],
            [
              99.40627,
              15.578241
            ],
            [
              99.406255,
              15.578241
            ],
            [
              99.406215,
              15.578253
            ],
            [
              99.406197,
              15.57825
            ],
            [
              99.406153,
              15.578213
            ],
            [
              99.406046,
              15.578114
            ],
            [
              99.406032,
              15.578113
            ],
            [
              99.406005,
              15.578119
            ],
            [
              99.406171,
              15.578012
            ]
          ]
        ]
      }
    },
    {
      "type": "Feature",
      "id": "osm_water_poly_1242330238",
      "properties": {
        "osm_id": 1242330238,
        "name": "",
        "name_th": "",
        "water": "",
        "natural": "water",
        "landuse": ""
      },
      "geometry": {
        "type": "Polygon",
        "coordinates": [
          [
            [
              99.407624,
              15.577025
            ],
            [
              99.407663,
              15.577108
            ],
            [
              99.407692,
              15.577162
            ],
            [
              99.407726,
              15.577206
            ],
            [
              99.407748,
              15.577229
            ],
            [
              99.407762,
              15.577255
            ],
            [
              99.407755,
              15.577272
            ],
            [
              99.407722,
              15.577312
            ],
            [
              99.407689,
              15.577329
            ],
            [
              99.407661,
              15.577337
            ],
            [
              99.407648,
              15.57735
            ],
            [
              99.407657,
              15.577366
            ],
            [
              99.407685,
              15.577381
            ],
            [
              99.4077,
              15.577402
            ],
            [
              99.407707,
              15.577427
            ],
            [
              99.407696,
              15.577448
            ],
            [
              99.407639,
              15.577482
            ],
            [
              99.40763,
              15.577501
            ],
            [
              99.407641,
              15.57752
            ],
            [
              99.407681,
              15.577575
            ],
            [
              99.407694,
              15.577604
            ],
            [
              99.407698,
              15.577632
            ],
            [
              99.407698,
              15.577657
            ],
            [
              99.407689,
              15.577678
            ],
            [
              99.407672,
              15.57769
            ],
            [
              99.407615,
              15.577726
            ],
            [
              99.407591,
              15.577726
            ],
            [
              99.407569,
              15.577714
            ],
            [
              99.407556,
              15.577686
            ],
            [
              99.407421,
              15.577423
            ],
            [
              99.407316,
              15.577265
            ],
            [
              99.407298,
              15.577246
            ],
            [
              99.40729,
              15.577221
            ],
            [
              99.407292,
              15.577198
            ],
            [
              99.407318,
              15.577171
            ],
            [
              99.407394,
              15.577103
            ],
            [
              99.407423,
              15.577074
            ],
            [
              99.407447,
              15.577025
            ],
            [
              99.407464,
              15.576996
            ],
            [
              99.407491,
              15.57696
            ],
            [
              99.407517,
              15.576943
            ],
            [
              99.407556,
              15.576924
            ],
            [
              99.407582,
              15.576929
            ],
            [
              99.407598,
              15.576948
            ],
            [
              99.407611,
              15.576977
            ],
            [
              99.407624,
              15.577025
            ]
          ]
        ]
      }
    },
    {
      "type": "Feature",
      "id": "osm_water_poly_1242330239",
      "properties": {
        "osm_id": 1242330239,
        "name": "",
        "name_th": "",
        "water": "",
        "natural": "water",
        "landuse": ""
      },
      "geometry": {
        "type": "Polygon",
        "coordinates": [
          [
            [
              99.429455,
              15.568516
            ],
            [
              99.429324,
              15.568504
            ],
            [
              99.429213,
              15.568477
            ],
            [
              99.429153,
              15.568433
            ],
            [
              99.429056,
              15.568326
            ],
            [
              99.429001,
              15.568206
            ],
            [
              99.429455,
              15.568516
            ]
          ]
        ]
      }
    },
    {
      "type": "Feature",
      "id": "osm_water_poly_1242330240",
      "properties": {
        "osm_id": 1242330240,
        "name": "",
        "name_th": "",
        "water": "",
        "natural": "water",
        "landuse": ""
      },
      "geometry": {
        "type": "Polygon",
        "coordinates": [
          [
            [
              99.430107,
              15.567225
            ],
            [
              99.430266,
              15.567338
            ],
            [
              99.430409,
              15.567418
            ],
            [
              99.430483,
              15.567467
            ],
            [
              99.430529,
              15.567512
            ],
            [
              99.430553,
              15.567547
            ],
            [
              99.430557,
              15.567605
            ],
            [
              99.430557,
              15.567663
            ],
            [
              99.430529,
              15.567699
            ],
            [
              99.430483,
              15.567739
            ],
            [
              99.430469,
              15.567779
            ],
            [
              99.430515,
              15.56781
            ],
            [
              99.430557,
              15.567801
            ],
            [
              99.43064,
              15.567712
            ],
            [
              99.430756,
              15.56761
            ],
            [
              99.430816,
              15.567543
            ],
            [
              99.430866,
              15.56753
            ],
            [
              99.43095,
              15.567547
            ],
            [
              99.431,
              15.56753
            ],
            [
              99.431051,
              15.567467
            ],
            [
              99.431093,
              15.567458
            ],
            [
              99.431148,
              15.567476
            ],
            [
              99.431181,
              15.567512
            ],
            [
              99.431208,
              15.567552
            ],
            [
              99.431254,
              15.567583
            ],
            [
              99.43137,
              15.567565
            ],
            [
              99.431411,
              15.567583
            ],
            [
              99.431444,
              15.567636
            ],
            [
              99.431476,
              15.567681
            ],
            [
              99.431518,
              15.56769
            ],
            [
              99.431536,
              15.567654
            ],
            [
              99.431522,
              15.567556
            ],
            [
              99.431536,
              15.567512
            ],
            [
              99.431555,
              15.567472
            ],
            [
              99.431541,
              15.567427
            ],
            [
              99.431522,
              15.567383
            ],
            [
              99.431522,
              15.567303
            ],
            [
              99.43155,
              15.567267
            ],
            [
              99.431633,
              15.567236
            ],
            [
              99.431726,
              15.567218
            ],
            [
              99.431818,
              15.567218
            ],
            [
              99.431855,
              15.5672
            ],
            [
              99.431915,
              15.567187
            ],
            [
              99.43197,
              15.567209
            ],
            [
              99.432035,
              15.567263
            ],
            [
              99.43203,
              15.567307
            ],
            [
              99.431993,
              15.567329
            ],
            [
              99.431901,
              15.567347
            ],
            [
              99.431823,
              15.567347
            ],
            [
              99.431749,
              15.567347
            ],
            [
              99.431693,
              15.567365
            ],
            [
              99.431665,
              15.567418
            ],
            [
              99.431679,
              15.567476
            ],
            [
              99.431726,
              15.567543
            ],
            [
              99.431739,
              15.567601
            ],
            [
              99.43173,
              15.56765
            ],
            [
              99.43173,
              15.567703
            ],
            [
              99.43173,
              15.567743
            ],
            [
              99.431693,
              15.567774
            ],
            [
              99.431647,
              15.567805
            ],
            [
              99.431592,
              15.567801
            ],
            [
              99.431541,
              15.567779
            ],
            [
              99.431485,
              15.567788
            ],
            [
              99.431458,
              15.567832
            ],
            [
              99.431402,
              15.567868
            ],
            [
              99.431319,
              15.567885
            ],
            [
              99.43125,
              15.56789
            ],
            [
              99.431222,
              15.567921
            ],
            [
              99.431199,
              15.567979
            ],
            [
              99.431204,
              15.568019
            ],
            [
              99.431222,
              15.568068
            ],
            [
              99.431246,
              15.568131
            ],
            [
              99.431246,
              15.568156
            ],
            [
              99.431235,
              15.568173
            ],
            [
              99.431215,
              15.568166
            ],
            [
              99.431156,
              15.568097
            ],
            [
              99.431136,
              15.568082
            ],
            [
              99.43109,
              15.568051
            ],
            [
              99.431075,
              15.568029
            ],
            [
              99.431068,
              15.568002
            ],
            [
              99.431049,
              15.567998
            ],
            [
              99.431027,
              15.568004
            ],
            [
              99.430942,
              15.56808
            ],
            [
              99.430918,
              15.568112
            ],
            [
              99.43092,
              15.568145
            ],
            [
              99.430907,
              15.568177
            ],
            [
              99.430859,
              15.568196
            ],
            [
              99.430828,
              15.568179
            ],
            [
              99.430796,
              15.568171
            ],
            [
              99.430769,
              15.568171
            ],
            [
              99.430721,
              15.568204
            ],
            [
              99.430699,
              15.568204
            ],
            [
              99.430536,
              15.568206
            ],
            [
              99.430439,
              15.568219
            ],
            [
              99.430384,
              15.568217
            ],
            [
              99.430313,
              15.568209
            ],
            [
              99.430232,
              15.56821
            ],
            [
              99.430173,
              15.568224
            ],
            [
              99.430136,
              15.568248
            ],
            [
              99.430105,
              15.568283
            ],
            [
              99.430107,
              15.567225
            ]
          ]
        ]
      }
    },
    {
      "type": "Feature",
      "id": "osm_water_poly_1242332551",
      "properties": {
        "osm_id": 1242332551,
        "name": "",
        "name_th": "",
        "water": "",
        "natural": "water",
        "landuse": ""
      },
      "geometry": {
        "type": "Polygon",
        "coordinates": [
          [
            [
              99.429492,
              15.568536
            ],
            [
              99.429543,
              15.568606
            ],
            [
              99.429563,
              15.568656
            ],
            [
              99.429576,
              15.568714
            ],
            [
              99.429572,
              15.568746
            ],
            [
              99.429545,
              15.56877
            ],
            [
              99.429346,
              15.568919
            ],
            [
              99.429296,
              15.568991
            ],
            [
              99.429184,
              15.569219
            ],
            [
              99.429122,
              15.569316
            ],
            [
              99.429053,
              15.569406
            ],
            [
              99.429016,
              15.569453
            ],
            [
              99.428991,
              15.569537
            ],
            [
              99.428997,
              15.569598
            ],
            [
              99.429047,
              15.56964
            ],
            [
              99.429072,
              15.5697
            ],
            [
              99.429072,
              15.569808
            ],
            [
              99.429066,
              15.56988
            ],
            [
              99.429085,
              15.569952
            ],
            [
              99.429147,
              15.570018
            ],
            [
              99.429197,
              15.570084
            ],
            [
              99.429203,
              15.570162
            ],
            [
              99.429197,
              15.570234
            ],
            [
              99.429234,
              15.570276
            ],
            [
              99.429327,
              15.570324
            ],
            [
              99.429384,
              15.570384
            ],
            [
              99.429421,
              15.570474
            ],
            [
              99.429452,
              15.570684
            ],
            [
              99.429471,
              15.571014
            ],
            [
              99.429457,
              15.571062
            ],
            [
              99.429406,
              15.571102
            ],
            [
              99.429358,
              15.571145
            ],
            [
              99.429348,
              15.571191
            ],
            [
              99.429348,
              15.571231
            ],
            [
              99.429406,
              15.571442
            ],
            [
              99.429621,
              15.572243
            ],
            [
              99.429669,
              15.572358
            ],
            [
              99.429704,
              15.572428
            ],
            [
              99.429758,
              15.572487
            ],
            [
              99.429827,
              15.572527
            ],
            [
              99.429892,
              15.572569
            ],
            [
              99.429936,
              15.572622
            ],
            [
              99.429967,
              15.572681
            ],
            [
              99.429964,
              15.572744
            ],
            [
              99.429947,
              15.572771
            ],
            [
              99.429858,
              15.572817
            ],
            [
              99.429755,
              15.572856
            ],
            [
              99.429721,
              15.572879
            ],
            [
              99.429697,
              15.572912
            ],
            [
              99.429694,
              15.572931
            ],
            [
              99.429707,
              15.572945
            ],
            [
              99.429721,
              15.572945
            ],
            [
              99.429733,
              15.572931
            ],
            [
              99.429745,
              15.572914
            ],
            [
              99.42976,
              15.5729
            ],
            [
              99.429783,
              15.572895
            ],
            [
              99.429859,
              15.572892
            ],
            [
              99.429937,
              15.572898
            ],
            [
              99.430003,
              15.5729
            ],
            [
              99.43004,
              15.572897
            ],
            [
              99.43009,
              15.572875
            ],
            [
              99.43012,
              15.572856
            ],
            [
              99.430152,
              15.572838
            ],
            [
              99.430162,
              15.572819
            ],
            [
              99.430162,
              15.572781
            ],
            [
              99.430155,
              15.572761
            ],
            [
              99.430152,
              15.572739
            ],
            [
              99.43016,
              15.572719
            ],
            [
              99.430184,
              15.572705
            ],
            [
              99.430199,
              15.572681
            ],
            [
              99.430205,
              15.57265
            ],
            [
              99.430199,
              15.572586
            ],
            [
              99.430181,
              15.57251
            ],
            [
              99.430147,
              15.572391
            ],
            [
              99.430119,
              15.572349
            ],
            [
              99.429986,
              15.572199
            ],
            [
              99.429951,
              15.572147
            ],
            [
              99.429924,
              15.572096
            ],
            [
              99.429916,
              15.572027
            ],
            [
              99.429898,
              15.571842
            ],
            [
              99.429886,
              15.571761
            ],
            [
              99.429846,
              15.571707
            ],
            [
              99.429833,
              15.571677
            ],
            [
              99.429815,
              15.571656
            ],
            [
              99.429815,
              15.571635
            ],
            [
              99.429887,
              15.571535
            ],
            [
              99.429917,
              15.571502
            ],
            [
              99.429939,
              15.571497
            ],
            [
              99.430009,
              15.571495
            ],
            [
              99.430058,
              15.571483
            ],
            [
              99.430079,
              15.571468
            ],
            [
              99.430088,
              15.571434
            ],
            [
              99.430065,
              15.571328
            ],
            [
              99.430041,
              15.571254
            ],
            [
              99.430028,
              15.571234
            ],
            [
              99.430003,
              15.571225
            ],
            [
              99.429949,
              15.571214
            ],
            [
              99.429907,
              15.571214
            ],
            [
              99.42987,
              15.571218
            ],
            [
              99.429828,
              15.571222
            ],
            [
              99.429813,
              15.571214
            ],
            [
              99.429813,
              15.571185
            ],
            [
              99.429844,
              15.571164
            ],
            [
              99.429885,
              15.571138
            ],
            [
              99.429898,
              15.571108
            ],
            [
              99.429889,
              15.571089
            ],
            [
              99.429819,
              15.571006
            ],
            [
              99.429791,
              15.57097
            ],
            [
              99.429774,
              15.570957
            ],
            [
              99.429755,
              15.570955
            ],
            [
              99.429727,
              15.570948
            ],
            [
              99.429714,
              15.570932
            ],
            [
              99.429714,
              15.570906
            ],
            [
              99.429727,
              15.570888
            ],
            [
              99.429736,
              15.570863
            ],
            [
              99.429763,
              15.570818
            ],
            [
              99.429779,
              15.570803
            ],
            [
              99.429804,
              15.570799
            ],
            [
              99.429823,
              15.570794
            ],
            [
              99.429827,
              15.570774
            ],
            [
              99.42983,
              15.570729
            ],
            [
              99.429827,
              15.570705
            ],
            [
              99.429808,
              15.570647
            ],
            [
              99.42981,
              15.570618
            ],
            [
              99.429827,
              15.570515
            ],
            [
              99.429828,
              15.570475
            ],
            [
              99.429819,
              15.570446
            ],
            [
              99.429813,
              15.570392
            ],
            [
              99.429808,
              15.570341
            ],
            [
              99.429806,
              15.570307
            ],
            [
              99.429815,
              15.570292
            ],
            [
              99.429858,
              15.570269
            ],
            [
              99.429874,
              15.570241
            ],
            [
              99.429872,
              15.570212
            ],
            [
              99.429862,
              15.57018
            ],
            [
              99.429857,
              15.570151
            ],
            [
              99.429866,
              15.570129
            ],
            [
              99.429913,
              15.570091
            ],
            [
              99.430003,
              15.570022
            ],
            [
              99.430018,
              15.570006
            ],
            [
              99.430018,
              15.56998
            ],
            [
              99.429966,
              15.569926
            ],
            [
              99.42993,
              15.569881
            ],
            [
              99.429926,
              15.569859
            ],
            [
              99.429943,
              15.569814
            ],
            [
              99.429971,
              15.569756
            ],
            [
              99.430002,
              15.56962
            ],
            [
              99.430013,
              15.569607
            ],
            [
              99.430056,
              15.569589
            ],
            [
              99.430088,
              15.569566
            ],
            [
              99.430152,
              15.569488
            ],
            [
              99.430176,
              15.569473
            ],
            [
              99.430208,
              15.569473
            ],
            [
              99.430297,
              15.5695
            ],
            [
              99.430321,
              15.569508
            ],
            [
              99.430349,
              15.569504
            ],
            [
              99.43038,
              15.569473
            ],
            [
              99.430408,
              15.569432
            ],
            [
              99.430425,
              15.569397
            ],
            [
              99.430425,
              15.569381
            ],
            [
              99.430402,
              15.56935
            ],
            [
              99.430302,
              15.56927
            ],
            [
              99.430282,
              15.569259
            ],
            [
              99.430216,
              15.569249
            ],
            [
              99.430191,
              15.569241
            ],
            [
              99.430167,
              15.56922
            ],
            [
              99.430133,
              15.569151
            ],
            [
              99.430109,
              15.569096
            ],
            [
              99.430101,
              15.569064
            ],
            [
              99.430103,
              15.569042
            ],
            [
              99.430116,
              15.569015
            ],
            [
              99.430161,
              15.568971
            ],
            [
              99.430237,
              15.568926
            ],
            [
              99.430325,
              15.568873
            ],
            [
              99.430349,
              15.568861
            ],
            [
              99.430389,
              15.568861
            ],
            [
              99.430434,
              15.568875
            ],
            [
              99.430455,
              15.568897
            ],
            [
              99.43047,
              15.568931
            ],
            [
              99.430492,
              15.568948
            ],
            [
              99.430558,
              15.568969
            ],
            [
              99.430605,
              15.568989
            ],
            [
              99.430632,
              15.569006
            ],
            [
              99.430652,
              15.569028
            ],
            [
              99.430709,
              15.569056
            ],
            [
              99.430748,
              15.569078
            ],
            [
              99.430778,
              15.56908
            ],
            [
              99.43079,
              15.569064
            ],
            [
              99.430774,
              15.569035
            ],
            [
              99.430741,
              15.569004
            ],
            [
              99.430701,
              15.568991
            ],
            [
              99.430673,
              15.568977
            ],
            [
              99.430654,
              15.568959
            ],
            [
              99.430622,
              15.568899
            ],
            [
              99.430596,
              15.568848
            ],
            [
              99.430594,
              15.568819
            ],
            [
              99.430585,
              15.568785
            ],
            [
              99.430566,
              15.568759
            ],
            [
              99.430489,
              15.568699
            ],
            [
              99.430462,
              15.568694
            ],
            [
              99.4304,
              15.56869
            ],
            [
              99.430304,
              15.568718
            ],
            [
              99.430218,
              15.568747
            ],
            [
              99.43018,
              15.568763
            ],
            [
              99.430158,
              15.568774
            ],
            [
              99.430139,
              15.568774
            ],
            [
              99.430067,
              15.568752
            ],
            [
              99.430048,
              15.568743
            ],
            [
              99.430039,
              15.568729
            ],
            [
              99.430047,
              15.568687
            ],
            [
              99.430065,
              15.568652
            ],
            [
              99.430069,
              15.568604
            ],
            [
              99.430069,
              15.568527
            ],
            [
              99.429492,
              15.568536
            ]
          ]
        ]
      }
    },
    {
      "type": "Feature",
      "id": "osm_water_poly_1242332552",
      "properties": {
        "osm_id": 1242332552,
        "name": "",
        "name_th": "",
        "water": "",
        "natural": "water",
        "landuse": ""
      },
      "geometry": {
        "type": "Polygon",
        "coordinates": [
          [
            [
              99.427687,
              15.567525
            ],
            [
              99.427858,
              15.567469
            ],
            [
              99.427906,
              15.567469
            ],
            [
              99.427961,
              15.567462
            ],
            [
              99.428016,
              15.567442
            ],
            [
              99.428071,
              15.567413
            ],
            [
              99.428214,
              15.567258
            ],
            [
              99.428279,
              15.567195
            ],
            [
              99.428334,
              15.567172
            ],
            [
              99.428481,
              15.567132
            ],
            [
              99.428522,
              15.567109
            ],
            [
              99.428553,
              15.567063
            ],
            [
              99.428591,
              15.567023
            ],
            [
              99.428625,
              15.566997
            ],
            [
              99.428659,
              15.566954
            ],
            [
              99.428686,
              15.5669
            ],
            [
              99.428696,
              15.566926
            ],
            [
              99.429001,
              15.568206
            ],
            [
              99.428961,
              15.568197
            ],
            [
              99.428926,
              15.568204
            ],
            [
              99.428831,
              15.568267
            ],
            [
              99.428707,
              15.568352
            ],
            [
              99.42867,
              15.568376
            ],
            [
              99.428615,
              15.568399
            ],
            [
              99.428563,
              15.568425
            ],
            [
              99.428522,
              15.568478
            ],
            [
              99.428522,
              15.568544
            ],
            [
              99.428516,
              15.568603
            ],
            [
              99.428474,
              15.568686
            ],
            [
              99.428437,
              15.568794
            ],
            [
              99.42843,
              15.56887
            ],
            [
              99.42843,
              15.568946
            ],
            [
              99.428416,
              15.568999
            ],
            [
              99.428382,
              15.569025
            ],
            [
              99.428297,
              15.569038
            ],
            [
              99.428101,
              15.569071
            ],
            [
              99.428067,
              15.569085
            ],
            [
              99.427992,
              15.569127
            ],
            [
              99.427944,
              15.56918
            ],
            [
              99.427927,
              15.56923
            ],
            [
              99.427937,
              15.569263
            ],
            [
              99.427982,
              15.569309
            ],
            [
              99.428009,
              15.569352
            ],
            [
              99.428002,
              15.569394
            ],
            [
              99.427961,
              15.569424
            ],
            [
              99.427927,
              15.56946
            ],
            [
              99.427913,
              15.569513
            ],
            [
              99.427906,
              15.569573
            ],
            [
              99.42792,
              15.569619
            ],
            [
              99.427954,
              15.569652
            ],
            [
              99.427968,
              15.569688
            ],
            [
              99.427954,
              15.569738
            ],
            [
              99.427916,
              15.56983
            ],
            [
              99.427916,
              15.569866
            ],
            [
              99.427951,
              15.569909
            ],
            [
              99.42804,
              15.569955
            ],
            [
              99.428088,
              15.569978
            ],
            [
              99.428122,
              15.569978
            ],
            [
              99.428184,
              15.569988
            ],
            [
              99.428228,
              15.569998
            ],
            [
              99.428252,
              15.570031
            ],
            [
              99.428242,
              15.570071
            ],
            [
              99.42819,
              15.570127
            ],
            [
              99.428132,
              15.57017
            ],
            [
              99.428118,
              15.570199
            ],
            [
              99.428115,
              15.570268
            ],
            [
              99.428125,
              15.570407
            ],
            [
              99.428112,
              15.57044
            ],
            [
              99.428067,
              15.570466
            ],
            [
              99.427982,
              15.570575
            ],
            [
              99.427923,
              15.570615
            ],
            [
              99.427858,
              15.570625
            ],
            [
              99.427814,
              15.570631
            ],
            [
              99.427749,
              15.570677
            ],
            [
              99.427721,
              15.570704
            ],
            [
              99.427701,
              15.570773
            ],
            [
              99.427684,
              15.570849
            ],
            [
              99.427663,
              15.570921
            ],
            [
              99.427646,
              15.570974
            ],
            [
              99.427646,
              15.571043
            ],
            [
              99.427632,
              15.571083
            ],
            [
              99.427612,
              15.571109
            ],
            [
              99.427564,
              15.571129
            ],
            [
              99.427434,
              15.571182
            ],
            [
              99.427345,
              15.571225
            ],
            [
              99.427287,
              15.571271
            ],
            [
              99.427263,
              15.571327
            ],
            [
              99.427239,
              15.57137
            ],
            [
              99.427208,
              15.571376
            ],
            [
              99.427139,
              15.57136
            ],
            [
              99.427098,
              15.571334
            ],
            [
              99.427047,
              15.571327
            ],
            [
              99.427003,
              15.571347
            ],
            [
              99.426979,
              15.571383
            ],
            [
              99.426975,
              15.571462
            ],
            [
              99.426954,
              15.571505
            ],
            [
              99.4269,
              15.571584
            ],
            [
              99.426879,
              15.571644
            ],
            [
              99.426879,
              15.571746
            ],
            [
              99.426893,
              15.571799
            ],
            [
              99.426893,
              15.571841
            ],
            [
              99.426872,
              15.571871
            ],
            [
              99.426838,
              15.571891
            ],
            [
              99.426794,
              15.571914
            ],
            [
              99.426749,
              15.571947
            ],
            [
              99.426729,
              15.571983
            ],
            [
              99.426729,
              15.572019
            ],
            [
              99.426722,
              15.572052
            ],
            [
              99.426691,
              15.572072
            ],
            [
              99.426636,
              15.572062
            ],
            [
              99.426557,
              15.572039
            ],
            [
              99.426509,
              15.572046
            ],
            [
              99.426489,
              15.572072
            ],
            [
              99.426475,
              15.572115
            ],
            [
              99.426489,
              15.572161
            ],
            [
              99.426537,
              15.572313
            ],
            [
              99.426554,
              15.572409
            ],
            [
              99.426571,
              15.572481
            ],
            [
              99.426571,
              15.572547
            ],
            [
              99.426557,
              15.572577
            ],
            [
              99.42652,
              15.572626
            ],
            [
              99.426503,
              15.572679
            ],
            [
              99.426509,
              15.572841
            ],
            [
              99.426499,
              15.572874
            ],
            [
              99.426468,
              15.572893
            ],
            [
              99.426448,
              15.57287
            ],
            [
              99.426448,
              15.572811
            ],
            [
              99.426448,
              15.572679
            ],
            [
              99.426448,
              15.572613
            ],
            [
              99.426448,
              15.572557
            ],
            [
              99.426431,
              15.572425
            ],
            [
              99.4264,
              15.572313
            ],
            [
              99.426314,
              15.572125
            ],
            [
              99.426263,
              15.571983
            ],
            [
              99.426256,
              15.571944
            ],
            [
              99.426266,
              15.571907
            ],
            [
              99.426318,
              15.571845
            ],
            [
              99.426369,
              15.571815
            ],
            [
              99.426468,
              15.571799
            ],
            [
              99.426561,
              15.571779
            ],
            [
              99.426622,
              15.571762
            ],
            [
              99.42664,
              15.571733
            ],
            [
              99.426616,
              15.57167
            ],
            [
              99.426585,
              15.571601
            ],
            [
              99.426585,
              15.571551
            ],
            [
              99.426605,
              15.571495
            ],
            [
              99.426677,
              15.571367
            ],
            [
              99.426828,
              15.571195
            ],
            [
              99.426869,
              15.571132
            ],
            [
              99.426917,
              15.571063
            ],
            [
              99.426937,
              15.571034
            ],
            [
              99.426958,
              15.571004
            ],
            [
              99.426996,
              15.570984
            ],
            [
              99.427033,
              15.570997
            ],
            [
              99.427071,
              15.571001
            ],
            [
              99.427143,
              15.570977
            ],
            [
              99.427256,
              15.570928
            ],
            [
              99.427293,
              15.570888
            ],
            [
              99.427338,
              15.570809
            ],
            [
              99.427372,
              15.570697
            ],
            [
              99.4274,
              15.570638
            ],
            [
              99.427458,
              15.570562
            ],
            [
              99.42755,
              15.570456
            ],
            [
              99.427595,
              15.570367
            ],
            [
              99.427598,
              15.570324
            ],
            [
              99.427574,
              15.570301
            ],
            [
              99.42743,
              15.570272
            ],
            [
              99.427304,
              15.570242
            ],
            [
              99.427242,
              15.570209
            ],
            [
              99.427211,
              15.570183
            ],
            [
              99.427191,
              15.57013
            ],
            [
              99.427126,
              15.569991
            ],
            [
              99.427085,
              15.569945
            ],
            [
              99.427057,
              15.569912
            ],
            [
              99.427047,
              15.569873
            ],
            [
              99.427037,
              15.569817
            ],
            [
              99.427009,
              15.569767
            ],
            [
              99.426975,
              15.569738
            ],
            [
              99.426934,
              15.569708
            ],
            [
              99.4269,
              15.569688
            ],
            [
              99.426866,
              15.569688
            ],
            [
              99.426811,
              15.569738
            ],
            [
              99.42677,
              15.569751
            ],
            [
              99.426575,
              15.56981
            ],
            [
              99.42653,
              15.569826
            ],
            [
              99.426496,
              15.569826
            ],
            [
              99.426479,
              15.56979
            ],
            [
              99.426499,
              15.569761
            ],
            [
              99.426602,
              15.569701
            ],
            [
              99.426664,
              15.569652
            ],
            [
              99.426842,
              15.569474
            ],
            [
              99.426866,
              15.569437
            ],
            [
              99.426876,
              15.569378
            ],
            [
              99.42689,
              15.569348
            ],
            [
              99.426972,
              15.569246
            ],
            [
              99.426999,
              15.569197
            ],
            [
              99.427026,
              15.569141
            ],
            [
              99.42702,
              15.569104
            ],
            [
              99.426985,
              15.569065
            ],
            [
              99.426965,
              15.569002
            ],
            [
              99.426924,
              15.568979
            ],
            [
              99.426828,
              15.568953
            ],
            [
              99.426777,
              15.568953
            ],
            [
              99.426756,
              15.568926
            ],
            [
              99.426735,
              15.568874
            ],
            [
              99.426694,
              15.568837
            ],
            [
              99.426711,
              15.568811
            ],
            [
              99.426753,
              15.568804
            ],
            [
              99.426835,
              15.568814
            ],
            [
              99.426869,
              15.568831
            ],
            [
              99.426917,
              15.568831
            ],
            [
              99.426954,
              15.568814
            ],
            [
              99.427037,
              15.568798
            ],
            [
              99.427095,
              15.568765
            ],
            [
              99.427126,
              15.568718
            ],
            [
              99.427126,
              15.568669
            ],
            [
              99.427071,
              15.5686
            ],
            [
              99.427033,
              15.568534
            ],
            [
              99.426985,
              15.568494
            ],
            [
              99.426968,
              15.568455
            ],
            [
              99.426992,
              15.568432
            ],
            [
              99.42703,
              15.568445
            ],
            [
              99.427105,
              15.568448
            ],
            [
              99.427215,
              15.568428
            ],
            [
              99.427249,
              15.568409
            ],
            [
              99.427256,
              15.568362
            ],
            [
              99.427242,
              15.568293
            ],
            [
              99.427245,
              15.568247
            ],
            [
              99.427266,
              15.568207
            ],
            [
              99.4273,
              15.568161
            ],
            [
              99.427335,
              15.568122
            ],
            [
              99.427335,
              15.568075
            ],
            [
              99.42729,
              15.568016
            ],
            [
              99.427266,
              15.567947
            ],
            [
              99.427256,
              15.567904
            ],
            [
              99.42728,
              15.567878
            ],
            [
              99.427335,
              15.567874
            ],
            [
              99.427355,
              15.567897
            ],
            [
              99.427389,
              15.56792
            ],
            [
              99.42742,
              15.56791
            ],
            [
              99.427489,
              15.567838
            ],
            [
              99.42754,
              15.567765
            ],
            [
              99.427557,
              15.567716
            ],
            [
              99.427554,
              15.567647
            ],
            [
              99.427557,
              15.5676
            ],
            [
              99.427574,
              15.567574
            ],
            [
              99.427626,
              15.567541
            ],
            [
              99.427687,
              15.567525
            ]
          ]
        ]
      }
    },
    {
      "type": "Feature",
      "id": "osm_water_poly_1243398983",
      "properties": {
        "osm_id": 1243398983,
        "name": "",
        "name_th": "",
        "water": "",
        "natural": "water",
        "landuse": ""
      },
      "geometry": {
        "type": "Polygon",
        "coordinates": [
          [
            [
              99.416883,
              15.55123
            ],
            [
              99.416893,
              15.551245
            ],
            [
              99.416901,
              15.551267
            ],
            [
              99.416906,
              15.551283
            ],
            [
              99.416909,
              15.551308
            ],
            [
              99.416917,
              15.551337
            ],
            [
              99.416933,
              15.551366
            ],
            [
              99.416939,
              15.551396
            ],
            [
              99.416947,
              15.551421
            ],
            [
              99.416944,
              15.551436
            ],
            [
              99.416921,
              15.551445
            ],
            [
              99.416894,
              15.551434
            ],
            [
              99.416869,
              15.551406
            ],
            [
              99.416846,
              15.551373
            ],
            [
              99.416824,
              15.551349
            ],
            [
              99.416775,
              15.551324
            ],
            [
              99.416753,
              15.551307
            ],
            [
              99.416747,
              15.551288
            ],
            [
              99.416758,
              15.551261
            ],
            [
              99.416769,
              15.551245
            ],
            [
              99.416802,
              15.551222
            ],
            [
              99.416825,
              15.551215
            ],
            [
              99.416841,
              15.551215
            ],
            [
              99.41686,
              15.551217
            ],
            [
              99.41687,
              15.551219
            ],
            [
              99.416883,
              15.55123
            ]
          ]
        ]
      }
    },
    {
      "type": "Feature",
      "id": "osm_water_poly_1243426221",
      "properties": {
        "osm_id": 1243426221,
        "name": "",
        "name_th": "",
        "water": "",
        "natural": "water",
        "landuse": ""
      },
      "geometry": {
        "type": "Polygon",
        "coordinates": [
          [
            [
              99.421361,
              15.541282
            ],
            [
              99.421434,
              15.54131
            ],
            [
              99.421469,
              15.541327
            ],
            [
              99.421497,
              15.541346
            ],
            [
              99.42154,
              15.541374
            ],
            [
              99.421573,
              15.541395
            ],
            [
              99.421601,
              15.541412
            ],
            [
              99.421607,
              15.541422
            ],
            [
              99.421597,
              15.541429
            ],
            [
              99.421582,
              15.541424
            ],
            [
              99.421519,
              15.541403
            ],
            [
              99.421473,
              15.541388
            ],
            [
              99.421452,
              15.541377
            ],
            [
              99.42143,
              15.541357
            ],
            [
              99.421389,
              15.541319
            ],
            [
              99.421373,
              15.541305
            ],
            [
              99.421356,
              15.541299
            ],
            [
              99.421318,
              15.54129
            ],
            [
              99.421222,
              15.541274
            ],
            [
              99.421194,
              15.541268
            ],
            [
              99.421172,
              15.54126
            ],
            [
              99.421166,
              15.541249
            ],
            [
              99.421182,
              15.541246
            ],
            [
              99.421218,
              15.541236
            ],
            [
              99.421233,
              15.541236
            ],
            [
              99.421268,
              15.541246
            ],
            [
              99.421289,
              15.541251
            ],
            [
              99.421306,
              15.541258
            ],
            [
              99.421324,
              15.541268
            ],
            [
              99.421342,
              15.541276
            ],
            [
              99.421361,
              15.541282
            ]
          ]
        ]
      }
    },
    {
      "type": "Feature",
      "id": "osm_water_poly_1243426223",
      "properties": {
        "osm_id": 1243426223,
        "name": "",
        "name_th": "",
        "water": "",
        "natural": "water",
        "landuse": ""
      },
      "geometry": {
        "type": "Polygon",
        "coordinates": [
          [
            [
              99.424625,
              15.540768
            ],
            [
              99.424618,
              15.540799
            ],
            [
              99.424599,
              15.540826
            ],
            [
              99.424578,
              15.540869
            ],
            [
              99.424562,
              15.540894
            ],
            [
              99.424554,
              15.540905
            ],
            [
              99.424541,
              15.540904
            ],
            [
              99.424542,
              15.540887
            ],
            [
              99.424562,
              15.540816
            ],
            [
              99.424572,
              15.540791
            ],
            [
              99.424583,
              15.54077
            ],
            [
              99.424599,
              15.540752
            ],
            [
              99.424615,
              15.540751
            ],
            [
              99.424625,
              15.540768
            ]
          ]
        ]
      }
    },
    {
      "type": "Feature",
      "id": "osm_water_poly_1250374742",
      "properties": {
        "osm_id": 1250374742,
        "name": "",
        "name_th": "",
        "water": "",
        "natural": "water",
        "landuse": ""
      },
      "geometry": {
        "type": "Polygon",
        "coordinates": [
          [
            [
              99.480981,
              15.977601
            ],
            [
              99.480902,
              15.976936
            ],
            [
              99.48186,
              15.976795
            ],
            [
              99.481922,
              15.977563
            ],
            [
              99.480981,
              15.977601
            ]
          ]
        ]
      }
    },
    {
      "type": "Feature",
      "id": "osm_water_poly_1251551107",
      "properties": {
        "osm_id": 1251551107,
        "name": "",
        "name_th": "",
        "water": "pond",
        "natural": "water",
        "landuse": ""
      },
      "geometry": {
        "type": "Polygon",
        "coordinates": [
          [
            [
              100.044499,
              15.36829
            ],
            [
              100.044191,
              15.368106
            ],
            [
              100.044117,
              15.367905
            ],
            [
              100.044624,
              15.367304
            ],
            [
              100.044832,
              15.367368
            ],
            [
              100.045355,
              15.367745
            ],
            [
              100.045272,
              15.368001
            ],
            [
              100.045172,
              15.368186
            ],
            [
              100.045073,
              15.368226
            ],
            [
              100.04489,
              15.368306
            ],
            [
              100.044624,
              15.368338
            ],
            [
              100.044499,
              15.36829
            ]
          ]
        ]
      }
    },
    {
      "type": "Feature",
      "id": "osm_water_poly_1251552442",
      "properties": {
        "osm_id": 1251552442,
        "name": "",
        "name_th": "",
        "water": "pond",
        "natural": "water",
        "landuse": ""
      },
      "geometry": {
        "type": "Polygon",
        "coordinates": [
          [
            [
              100.044207,
              15.410723
            ],
            [
              100.043914,
              15.410301
            ],
            [
              100.043846,
              15.409954
            ],
            [
              100.043583,
              15.409785
            ],
            [
              100.04371,
              15.409616
            ],
            [
              100.043944,
              15.409147
            ],
            [
              100.043963,
              15.408433
            ],
            [
              100.044012,
              15.407832
            ],
            [
              100.0441,
              15.407804
            ],
            [
              100.044304,
              15.408321
            ],
            [
              100.044684,
              15.408902
            ],
            [
              100.044947,
              15.409268
            ],
            [
              100.045171,
              15.409607
            ],
            [
              100.045326,
              15.40971
            ],
            [
              100.045511,
              15.409869
            ],
            [
              100.045589,
              15.409926
            ],
            [
              100.045618,
              15.410113
            ],
            [
              100.04555,
              15.410301
            ],
            [
              100.045618,
              15.410958
            ],
            [
              100.045268,
              15.411005
            ],
            [
              100.044898,
              15.411005
            ],
            [
              100.044207,
              15.410723
            ]
          ]
        ]
      }
    },
    {
      "type": "Feature",
      "id": "osm_water_poly_1273326737",
      "properties": {
        "osm_id": 1273326737,
        "name": "",
        "name_th": "",
        "water": "",
        "natural": "water",
        "landuse": ""
      },
      "geometry": {
        "type": "Polygon",
        "coordinates": [
          [
            [
              99.934026,
              15.746658
            ],
            [
              99.938759,
              15.746533
            ],
            [
              99.940018,
              15.743969
            ],
            [
              99.940829,
              15.743189
            ],
            [
              99.941017,
              15.743161
            ],
            [
              99.942001,
              15.742353
            ],
            [
              99.944925,
              15.741099
            ],
            [
              99.945012,
              15.740779
            ],
            [
              99.94423,
              15.740779
            ],
            [
              99.943518,
              15.740861
            ],
            [
              99.942604,
              15.741222
            ],
            [
              99.941421,
              15.741909
            ],
            [
              99.94109,
              15.742281
            ],
            [
              99.940782,
              15.74241
            ],
            [
              99.939438,
              15.742817
            ],
            [
              99.938159,
              15.744088
            ],
            [
              99.937374,
              15.745062
            ],
            [
              99.93637,
              15.745882
            ],
            [
              99.935902,
              15.745922
            ],
            [
              99.935326,
              15.746148
            ],
            [
              99.934072,
              15.746301
            ],
            [
              99.934113,
              15.746478
            ],
            [
              99.934026,
              15.746658
            ]
          ]
        ]
      }
    },
    {
      "type": "Feature",
      "id": "osm_water_poly_1273327829",
      "properties": {
        "osm_id": 1273327829,
        "name": "",
        "name_th": "",
        "water": "",
        "natural": "water",
        "landuse": ""
      },
      "geometry": {
        "type": "Polygon",
        "coordinates": [
          [
            [
              99.948185,
              15.743664
            ],
            [
              99.94797,
              15.744509
            ],
            [
              99.948009,
              15.744609
            ],
            [
              99.948202,
              15.74478
            ],
            [
              99.948751,
              15.745057
            ],
            [
              99.949172,
              15.745102
            ],
            [
              99.949195,
              15.744767
            ],
            [
              99.948893,
              15.744434
            ],
            [
              99.948397,
              15.743766
            ],
            [
              99.948221,
              15.743645
            ],
            [
              99.948185,
              15.743664
            ]
          ]
        ]
      }
    },
    {
      "type": "Feature",
      "id": "osm_water_poly_1273327830",
      "properties": {
        "osm_id": 1273327830,
        "name": "",
        "name_th": "",
        "water": "",
        "natural": "water",
        "landuse": ""
      },
      "geometry": {
        "type": "Polygon",
        "coordinates": [
          [
            [
              99.946087,
              15.743106
            ],
            [
              99.945918,
              15.743597
            ],
            [
              99.946051,
              15.743679
            ],
            [
              99.946228,
              15.743694
            ],
            [
              99.946437,
              15.743644
            ],
            [
              99.946702,
              15.743675
            ],
            [
              99.946887,
              15.743802
            ],
            [
              99.946996,
              15.743926
            ],
            [
              99.947402,
              15.744081
            ],
            [
              99.947812,
              15.744274
            ],
            [
              99.948029,
              15.743559
            ],
            [
              99.946674,
              15.743168
            ],
            [
              99.946087,
              15.743106
            ]
          ]
        ]
      }
    },
    {
      "type": "Feature",
      "id": "osm_water_poly_1273327831",
      "properties": {
        "osm_id": 1273327831,
        "name": "",
        "name_th": "",
        "water": "",
        "natural": "water",
        "landuse": ""
      },
      "geometry": {
        "type": "Polygon",
        "coordinates": [
          [
            [
              99.945611,
              15.743569
            ],
            [
              99.945756,
              15.743002
            ],
            [
              99.944061,
              15.742561
            ],
            [
              99.942641,
              15.742398
            ],
            [
              99.942569,
              15.742505
            ],
            [
              99.9431,
              15.743007
            ],
            [
              99.944331,
              15.743165
            ],
            [
              99.945611,
              15.743569
            ]
          ]
        ]
      }
    },
    {
      "type": "Feature",
      "id": "osm_water_poly_1273327832",
      "properties": {
        "osm_id": 1273327832,
        "name": "",
        "name_th": "",
        "water": "",
        "natural": "water",
        "landuse": ""
      },
      "geometry": {
        "type": "Polygon",
        "coordinates": [
          [
            [
              99.955378,
              15.746644
            ],
            [
              99.955282,
              15.746425
            ],
            [
              99.955533,
              15.746002
            ],
            [
              99.955885,
              15.746095
            ],
            [
              99.956489,
              15.746472
            ],
            [
              99.957821,
              15.746546
            ],
            [
              99.958188,
              15.746658
            ],
            [
              99.958569,
              15.746895
            ],
            [
              99.958632,
              15.747043
            ],
            [
              99.958024,
              15.747378
            ],
            [
              99.957242,
              15.747146
            ],
            [
              99.956604,
              15.747164
            ],
            [
              99.955378,
              15.746644
            ]
          ]
        ]
      }
    },
    {
      "type": "Feature",
      "id": "osm_water_poly_1273327833",
      "properties": {
        "osm_id": 1273327833,
        "name": "",
        "name_th": "",
        "water": "",
        "natural": "water",
        "landuse": ""
      },
      "geometry": {
        "type": "Polygon",
        "coordinates": [
          [
            [
              99.954374,
              15.746086
            ],
            [
              99.954886,
              15.746058
            ],
            [
              99.955103,
              15.745765
            ],
            [
              99.954808,
              15.745552
            ],
            [
              99.954659,
              15.745292
            ],
            [
              99.953404,
              15.744799
            ],
            [
              99.953157,
              15.74485
            ],
            [
              99.952534,
              15.74446
            ],
            [
              99.952158,
              15.74445
            ],
            [
              99.951873,
              15.744711
            ],
            [
              99.951994,
              15.744808
            ],
            [
              99.95224,
              15.744748
            ],
            [
              99.952728,
              15.74491
            ],
            [
              99.952974,
              15.745022
            ],
            [
              99.953341,
              15.74511
            ],
            [
              99.953331,
              15.745203
            ],
            [
              99.953399,
              15.745212
            ],
            [
              99.953457,
              15.745166
            ],
            [
              99.953814,
              15.745398
            ],
            [
              99.954118,
              15.745496
            ],
            [
              99.954104,
              15.745538
            ],
            [
              99.954316,
              15.7457
            ],
            [
              99.954388,
              15.745803
            ],
            [
              99.954374,
              15.746086
            ]
          ]
        ]
      }
    },
    {
      "type": "Feature",
      "id": "osm_water_poly_1301758150",
      "properties": {
        "osm_id": 1301758150,
        "name": "",
        "name_th": "",
        "water": "",
        "natural": "water",
        "landuse": ""
      },
      "geometry": {
        "type": "Polygon",
        "coordinates": [
          [
            [
              99.61517,
              15.956505
            ],
            [
              99.61473,
              15.956438
            ],
            [
              99.614661,
              15.956814
            ],
            [
              99.614954,
              15.956894
            ],
            [
              99.615038,
              15.956834
            ],
            [
              99.615107,
              15.956834
            ],
            [
              99.61517,
              15.956505
            ]
          ]
        ]
      }
    },
    {
      "type": "Feature",
      "id": "osm_water_poly_1301758151",
      "properties": {
        "osm_id": 1301758151,
        "name": "",
        "name_th": "",
        "water": "",
        "natural": "water",
        "landuse": ""
      },
      "geometry": {
        "type": "Polygon",
        "coordinates": [
          [
            [
              99.612438,
              15.956632
            ],
            [
              99.612818,
              15.956748
            ],
            [
              99.61287,
              15.956471
            ],
            [
              99.612518,
              15.956349
            ],
            [
              99.612438,
              15.956632
            ]
          ]
        ]
      }
    },
    {
      "type": "Feature",
      "id": "osm_water_poly_1302000283",
      "properties": {
        "osm_id": 1302000283,
        "name": "",
        "name_th": "",
        "water": "",
        "natural": "water",
        "landuse": ""
      },
      "geometry": {
        "type": "Polygon",
        "coordinates": [
          [
            [
              99.667121,
              15.900068
            ],
            [
              99.666642,
              15.899531
            ],
            [
              99.666467,
              15.899334
            ],
            [
              99.66624,
              15.899465
            ],
            [
              99.666276,
              15.900007
            ],
            [
              99.66455,
              15.901099
            ],
            [
              99.664496,
              15.901387
            ],
            [
              99.665168,
              15.901204
            ],
            [
              99.667121,
              15.900068
            ]
          ]
        ]
      }
    },
    {
      "type": "Feature",
      "id": "osm_water_poly_1302280870",
      "properties": {
        "osm_id": 1302280870,
        "name": "",
        "name_th": "",
        "water": "",
        "natural": "water",
        "landuse": ""
      },
      "geometry": {
        "type": "Polygon",
        "coordinates": [
          [
            [
              99.58735,
              15.949649
            ],
            [
              99.587391,
              15.948885
            ],
            [
              99.590219,
              15.948973
            ],
            [
              99.590202,
              15.949784
            ],
            [
              99.58735,
              15.949649
            ]
          ]
        ]
      }
    },
    {
      "type": "Feature",
      "id": "osm_water_poly_1302482251",
      "properties": {
        "osm_id": 1302482251,
        "name": "",
        "name_th": "",
        "water": "",
        "natural": "water",
        "landuse": ""
      },
      "geometry": {
        "type": "Polygon",
        "coordinates": [
          [
            [
              99.660931,
              15.90545
            ],
            [
              99.661211,
              15.905685
            ],
            [
              99.660369,
              15.906638
            ],
            [
              99.660019,
              15.906453
            ],
            [
              99.660467,
              15.905859
            ],
            [
              99.660931,
              15.90545
            ]
          ]
        ]
      }
    },
    {
      "type": "Feature",
      "id": "osm_water_poly_1303696123",
      "properties": {
        "osm_id": 1303696123,
        "name": "",
        "name_th": "",
        "water": "",
        "natural": "water",
        "landuse": ""
      },
      "geometry": {
        "type": "Polygon",
        "coordinates": [
          [
            [
              99.597059,
              15.91334
            ],
            [
              99.597063,
              15.912765
            ],
            [
              99.597311,
              15.912788
            ],
            [
              99.597311,
              15.913351
            ],
            [
              99.597059,
              15.91334
            ]
          ]
        ]
      }
    },
    {
      "type": "Feature",
      "id": "osm_water_poly_1303699871",
      "properties": {
        "osm_id": 1303699871,
        "name": "",
        "name_th": "",
        "water": "",
        "natural": "water",
        "landuse": ""
      },
      "geometry": {
        "type": "Polygon",
        "coordinates": [
          [
            [
              99.613684,
              15.924454
            ],
            [
              99.613665,
              15.924243
            ],
            [
              99.61415,
              15.924257
            ],
            [
              99.614117,
              15.924486
            ],
            [
              99.613684,
              15.924454
            ]
          ]
        ]
      }
    },
    {
      "type": "Feature",
      "id": "osm_water_poly_1303701530",
      "properties": {
        "osm_id": 1303701530,
        "name": "",
        "name_th": "",
        "water": "",
        "natural": "water",
        "landuse": ""
      },
      "geometry": {
        "type": "Polygon",
        "coordinates": [
          [
            [
              99.495994,
              15.931966
            ],
            [
              99.495563,
              15.931934
            ],
            [
              99.495554,
              15.932519
            ],
            [
              99.495774,
              15.932551
            ],
            [
              99.495808,
              15.93269
            ],
            [
              99.495952,
              15.932706
            ],
            [
              99.495994,
              15.931966
            ]
          ]
        ]
      }
    },
    {
      "type": "Feature",
      "id": "osm_water_poly_1303815438",
      "properties": {
        "osm_id": 1303815438,
        "name": "",
        "name_th": "",
        "water": "",
        "natural": "water",
        "landuse": ""
      },
      "geometry": {
        "type": "Polygon",
        "coordinates": [
          [
            [
              99.51398,
              15.931724
            ],
            [
              99.513919,
              15.931413
            ],
            [
              99.514138,
              15.931358
            ],
            [
              99.514185,
              15.931715
            ],
            [
              99.51398,
              15.931724
            ]
          ]
        ]
      }
    },
    {
      "type": "Feature",
      "id": "osm_water_poly_1303815439",
      "properties": {
        "osm_id": 1303815439,
        "name": "",
        "name_th": "",
        "water": "",
        "natural": "water",
        "landuse": ""
      },
      "geometry": {
        "type": "Polygon",
        "coordinates": [
          [
            [
              99.514742,
              15.93144
            ],
            [
              99.514699,
              15.931092
            ],
            [
              99.514899,
              15.931069
            ],
            [
              99.514938,
              15.931417
            ],
            [
              99.514742,
              15.93144
            ]
          ]
        ]
      }
    },
    {
      "type": "Feature",
      "id": "osm_water_poly_1303815440",
      "properties": {
        "osm_id": 1303815440,
        "name": "",
        "name_th": "",
        "water": "",
        "natural": "water",
        "landuse": ""
      },
      "geometry": {
        "type": "Polygon",
        "coordinates": [
          [
            [
              99.513876,
              15.930914
            ],
            [
              99.513842,
              15.93062
            ],
            [
              99.513999,
              15.930598
            ],
            [
              99.514038,
              15.930881
            ],
            [
              99.513876,
              15.930914
            ]
          ]
        ]
      }
    },
    {
      "type": "Feature",
      "id": "osm_water_poly_1303815441",
      "properties": {
        "osm_id": 1303815441,
        "name": "",
        "name_th": "",
        "water": "",
        "natural": "water",
        "landuse": ""
      },
      "geometry": {
        "type": "Polygon",
        "coordinates": [
          [
            [
              99.513957,
              15.931303
            ],
            [
              99.514123,
              15.931294
            ],
            [
              99.514104,
              15.931001
            ],
            [
              99.513928,
              15.931024
            ],
            [
              99.513957,
              15.931303
            ]
          ]
        ]
      }
    },
    {
      "type": "Feature",
      "id": "osm_water_poly_1303819180",
      "properties": {
        "osm_id": 1303819180,
        "name": "",
        "name_th": "",
        "water": "",
        "natural": "water",
        "landuse": ""
      },
      "geometry": {
        "type": "Polygon",
        "coordinates": [
          [
            [
              99.38519,
              15.954716
            ],
            [
              99.385875,
              15.954386
            ],
            [
              99.385614,
              15.953787
            ],
            [
              99.384961,
              15.954089
            ],
            [
              99.38519,
              15.954716
            ]
          ]
        ]
      }
    },
    {
      "type": "Feature",
      "id": "osm_water_poly_1303830947",
      "properties": {
        "osm_id": 1303830947,
        "name": "",
        "name_th": "",
        "water": "",
        "natural": "water",
        "landuse": ""
      },
      "geometry": {
        "type": "Polygon",
        "coordinates": [
          [
            [
              99.381886,
              15.960657
            ],
            [
              99.381843,
              15.960483
            ],
            [
              99.382167,
              15.96041
            ],
            [
              99.38221,
              15.960598
            ],
            [
              99.381886,
              15.960657
            ]
          ]
        ]
      }
    },
    {
      "type": "Feature",
      "id": "osm_water_poly_1303873648",
      "properties": {
        "osm_id": 1303873648,
        "name": "",
        "name_th": "",
        "water": "",
        "natural": "water",
        "landuse": ""
      },
      "geometry": {
        "type": "Polygon",
        "coordinates": [
          [
            [
              99.496856,
              15.974603
            ],
            [
              99.496887,
              15.974187
            ],
            [
              99.497548,
              15.974168
            ],
            [
              99.497556,
              15.97455
            ],
            [
              99.496856,
              15.974603
            ]
          ]
        ]
      }
    },
    {
      "type": "Feature",
      "id": "osm_water_poly_1303878521",
      "properties": {
        "osm_id": 1303878521,
        "name": "",
        "name_th": "",
        "water": "",
        "natural": "water",
        "landuse": ""
      },
      "geometry": {
        "type": "Polygon",
        "coordinates": [
          [
            [
              99.390652,
              15.920447
            ],
            [
              99.39038,
              15.919966
            ],
            [
              99.390809,
              15.919691
            ],
            [
              99.391037,
              15.920277
            ],
            [
              99.390652,
              15.920447
            ]
          ]
        ]
      }
    },
    {
      "type": "Feature",
      "id": "osm_water_poly_1307755922",
      "properties": {
        "osm_id": 1307755922,
        "name": "",
        "name_th": "",
        "water": "",
        "natural": "water",
        "landuse": ""
      },
      "geometry": {
        "type": "Polygon",
        "coordinates": [
          [
            [
              99.543341,
              15.595487
            ],
            [
              99.543705,
              15.595759
            ],
            [
              99.543981,
              15.595315
            ],
            [
              99.543572,
              15.595104
            ],
            [
              99.543341,
              15.595487
            ]
          ]
        ]
      }
    },
    {
      "type": "Feature",
      "id": "osm_water_poly_1317592454",
      "properties": {
        "osm_id": 1317592454,
        "name": "",
        "name_th": "",
        "water": "",
        "natural": "water",
        "landuse": ""
      },
      "geometry": {
        "type": "Polygon",
        "coordinates": [
          [
            [
              99.331137,
              15.907924
            ],
            [
              99.331149,
              15.907804
            ],
            [
              99.331806,
              15.907924
            ],
            [
              99.331793,
              15.908073
            ],
            [
              99.331682,
              15.908073
            ],
            [
              99.331137,
              15.907924
            ]
          ]
        ]
      }
    },
    {
      "type": "Feature",
      "id": "osm_water_poly_1323986467",
      "properties": {
        "osm_id": 1323986467,
        "name": "",
        "name_th": "",
        "water": "",
        "natural": "water",
        "landuse": ""
      },
      "geometry": {
        "type": "Polygon",
        "coordinates": [
          [
            [
              99.894302,
              15.511822
            ],
            [
              99.895048,
              15.511598
            ],
            [
              99.894819,
              15.510928
            ],
            [
              99.894225,
              15.511141
            ],
            [
              99.894302,
              15.511822
            ]
          ]
        ]
      }
    },
    {
      "type": "Feature",
      "id": "osm_water_poly_1323986473",
      "properties": {
        "osm_id": 1323986473,
        "name": "",
        "name_th": "",
        "water": "",
        "natural": "water",
        "landuse": ""
      },
      "geometry": {
        "type": "Polygon",
        "coordinates": [
          [
            [
              99.885101,
              15.529083
            ],
            [
              99.885734,
              15.528912
            ],
            [
              99.885558,
              15.528305
            ],
            [
              99.884924,
              15.528476
            ],
            [
              99.885101,
              15.529083
            ]
          ]
        ]
      }
    },
    {
      "type": "Feature",
      "id": "osm_water_poly_1324029090",
      "properties": {
        "osm_id": 1324029090,
        "name": "",
        "name_th": "",
        "water": "reservoir",
        "natural": "water",
        "landuse": ""
      },
      "geometry": {
        "type": "Polygon",
        "coordinates": [
          [
            [
              99.926607,
              15.54288
            ],
            [
              99.928432,
              15.543655
            ],
            [
              99.92852,
              15.543445
            ],
            [
              99.929045,
              15.543782
            ],
            [
              99.929376,
              15.543826
            ],
            [
              99.929626,
              15.542322
            ],
            [
              99.928994,
              15.541774
            ],
            [
              99.928637,
              15.541639
            ],
            [
              99.926607,
              15.54288
            ]
          ]
        ]
      }
    },
    {
      "type": "Feature",
      "id": "osm_water_poly_1324904318",
      "properties": {
        "osm_id": 1324904318,
        "name": "",
        "name_th": "",
        "water": "",
        "natural": "water",
        "landuse": ""
      },
      "geometry": {
        "type": "Polygon",
        "coordinates": [
          [
            [
              99.846676,
              15.374383
            ],
            [
              99.847219,
              15.374455
            ],
            [
              99.847233,
              15.374472
            ],
            [
              99.847238,
              15.374584
            ],
            [
              99.847267,
              15.374626
            ],
            [
              99.847325,
              15.374646
            ],
            [
              99.847532,
              15.374681
            ],
            [
              99.847634,
              15.374654
            ],
            [
              99.847728,
              15.374509
            ],
            [
              99.847362,
              15.374363
            ],
            [
              99.847065,
              15.374269
            ],
            [
              99.846729,
              15.374212
            ],
            [
              99.846676,
              15.374383
            ]
          ]
        ]
      }
    },
    {
      "type": "Feature",
      "id": "osm_water_poly_1326045454",
      "properties": {
        "osm_id": 1326045454,
        "name": "",
        "name_th": "",
        "water": "",
        "natural": "water",
        "landuse": ""
      },
      "geometry": {
        "type": "Polygon",
        "coordinates": [
          [
            [
              99.996156,
              15.340576
            ],
            [
              99.996418,
              15.34089
            ],
            [
              99.996628,
              15.340851
            ],
            [
              99.996839,
              15.34059
            ],
            [
              99.996884,
              15.340373
            ],
            [
              99.996782,
              15.340015
            ],
            [
              99.996646,
              15.340058
            ],
            [
              99.996533,
              15.340215
            ],
            [
              99.996186,
              15.340514
            ],
            [
              99.996156,
              15.340576
            ]
          ]
        ]
      }
    },
    {
      "type": "Feature",
      "id": "osm_water_poly_1326045460",
      "properties": {
        "osm_id": 1326045460,
        "name": "",
        "name_th": "",
        "water": "",
        "natural": "water",
        "landuse": ""
      },
      "geometry": {
        "type": "Polygon",
        "coordinates": [
          [
            [
              100.009876,
              15.347774
            ],
            [
              100.01047,
              15.347674
            ],
            [
              100.010421,
              15.347405
            ],
            [
              100.009878,
              15.347417
            ],
            [
              100.009793,
              15.347586
            ],
            [
              100.009799,
              15.34769
            ],
            [
              100.009876,
              15.347774
            ]
          ]
        ]
      }
    },
    {
      "type": "Feature",
      "id": "osm_water_poly_1326045488",
      "properties": {
        "osm_id": 1326045488,
        "name": "",
        "name_th": "",
        "water": "river",
        "natural": "water",
        "landuse": ""
      },
      "geometry": {
        "type": "Polygon",
        "coordinates": [
          [
            [
              99.972461,
              15.340963
            ],
            [
              99.972528,
              15.341324
            ],
            [
              99.972736,
              15.341635
            ],
            [
              99.972925,
              15.341721
            ],
            [
              99.973466,
              15.341431
            ],
            [
              99.974148,
              15.34142
            ],
            [
              99.974148,
              15.341377
            ],
            [
              99.974923,
              15.34141
            ],
            [
              99.975245,
              15.341503
            ],
            [
              99.975312,
              15.341417
            ],
            [
              99.974719,
              15.341059
            ],
            [
              99.974452,
              15.341016
            ],
            [
              99.973462,
              15.341091
            ],
            [
              99.973029,
              15.341095
            ],
            [
              99.972736,
              15.341049
            ],
            [
              99.972461,
              15.340963
            ]
          ]
        ]
      }
    },
    {
      "type": "Feature",
      "id": "osm_water_poly_1326045495",
      "properties": {
        "osm_id": 1326045495,
        "name": "",
        "name_th": "",
        "water": "",
        "natural": "water",
        "landuse": ""
      },
      "geometry": {
        "type": "Polygon",
        "coordinates": [
          [
            [
              99.976304,
              15.338417
            ],
            [
              99.976878,
              15.338286
            ],
            [
              99.976781,
              15.3377
            ],
            [
              99.976371,
              15.337784
            ],
            [
              99.976192,
              15.337881
            ],
            [
              99.976304,
              15.338417
            ]
          ]
        ]
      }
    },
    {
      "type": "Feature",
      "id": "osm_water_poly_1326045505",
      "properties": {
        "osm_id": 1326045505,
        "name": "",
        "name_th": "",
        "water": "",
        "natural": "water",
        "landuse": ""
      },
      "geometry": {
        "type": "Polygon",
        "coordinates": [
          [
            [
              99.979159,
              15.332671
            ],
            [
              99.979778,
              15.332472
            ],
            [
              99.981559,
              15.332169
            ],
            [
              99.981442,
              15.33189
            ],
            [
              99.980724,
              15.332041
            ],
            [
              99.980385,
              15.332018
            ],
            [
              99.979939,
              15.332193
            ],
            [
              99.979723,
              15.332157
            ],
            [
              99.979063,
              15.332377
            ],
            [
              99.979159,
              15.332671
            ]
          ]
        ]
      }
    },
    {
      "type": "Feature",
      "id": "osm_water_poly_1326157179",
      "properties": {
        "osm_id": 1326157179,
        "name": "",
        "name_th": "",
        "water": "",
        "natural": "water",
        "landuse": ""
      },
      "geometry": {
        "type": "Polygon",
        "coordinates": [
          [
            [
              100.00245,
              15.328973
            ],
            [
              100.003276,
              15.328784
            ],
            [
              100.003267,
              15.328583
            ],
            [
              100.00308,
              15.328328
            ],
            [
              100.002995,
              15.328115
            ],
            [
              100.002922,
              15.327655
            ],
            [
              100.001901,
              15.328316
            ],
            [
              100.002113,
              15.328645
            ],
            [
              100.00245,
              15.328973
            ]
          ]
        ]
      }
    },
    {
      "type": "Feature",
      "id": "osm_water_poly_1326160538",
      "properties": {
        "osm_id": 1326160538,
        "name": "",
        "name_th": "",
        "water": "river",
        "natural": "water",
        "landuse": ""
      },
      "geometry": {
        "type": "Polygon",
        "coordinates": [
          [
            [
              100.037776,
              15.279103
            ],
            [
              100.037974,
              15.279024
            ],
            [
              100.038032,
              15.2789
            ],
            [
              100.037788,
              15.278791
            ],
            [
              100.037726,
              15.278916
            ],
            [
              100.037776,
              15.279103
            ]
          ]
        ]
      }
    },
    {
      "type": "Feature",
      "id": "osm_water_poly_1339163090",
      "properties": {
        "osm_id": 1339163090,
        "name": "",
        "name_th": "",
        "water": "",
        "natural": "water",
        "landuse": ""
      },
      "geometry": {
        "type": "Polygon",
        "coordinates": [
          [
            [
              99.533081,
              15.951805
            ],
            [
              99.53206,
              15.951336
            ],
            [
              99.532149,
              15.951038
            ],
            [
              99.533227,
              15.951524
            ],
            [
              99.533081,
              15.951805
            ]
          ]
        ]
      }
    },
    {
      "type": "Feature",
      "id": "osm_water_poly_1340398974",
      "properties": {
        "osm_id": 1340398974,
        "name": "",
        "name_th": "",
        "water": "",
        "natural": "water",
        "landuse": ""
      },
      "geometry": {
        "type": "Polygon",
        "coordinates": [
          [
            [
              99.58556,
              15.96094
            ],
            [
              99.586016,
              15.961058
            ],
            [
              99.586189,
              15.960489
            ],
            [
              99.585708,
              15.960347
            ],
            [
              99.58556,
              15.96094
            ]
          ]
        ]
      }
    },
    {
      "type": "Feature",
      "id": "osm_water_poly_1341015584",
      "properties": {
        "osm_id": 1341015584,
        "name": "",
        "name_th": "",
        "water": "",
        "natural": "water",
        "landuse": ""
      },
      "geometry": {
        "type": "Polygon",
        "coordinates": [
          [
            [
              99.587492,
              15.449943
            ],
            [
              99.587809,
              15.449797
            ],
            [
              99.588316,
              15.449638
            ],
            [
              99.588278,
              15.449198
            ],
            [
              99.587847,
              15.449027
            ],
            [
              99.58753,
              15.448759
            ],
            [
              99.587239,
              15.448954
            ],
            [
              99.587302,
              15.449235
            ],
            [
              99.587581,
              15.449321
            ],
            [
              99.587632,
              15.449601
            ],
            [
              99.587492,
              15.449943
            ]
          ]
        ]
      }
    },
    {
      "type": "Feature",
      "id": "osm_water_poly_1342422805",
      "properties": {
        "osm_id": 1342422805,
        "name": "",
        "name_th": "",
        "water": "",
        "natural": "water",
        "landuse": ""
      },
      "geometry": {
        "type": "Polygon",
        "coordinates": [
          [
            [
              99.470955,
              15.87932
            ],
            [
              99.47145,
              15.879423
            ],
            [
              99.471431,
              15.878941
            ],
            [
              99.470949,
              15.878886
            ],
            [
              99.470955,
              15.87932
            ]
          ]
        ]
      }
    },
    {
      "type": "Feature",
      "id": "osm_water_poly_1342422806",
      "properties": {
        "osm_id": 1342422806,
        "name": "",
        "name_th": "",
        "water": "",
        "natural": "water",
        "landuse": ""
      },
      "geometry": {
        "type": "Polygon",
        "coordinates": [
          [
            [
              99.473937,
              15.87697
            ],
            [
              99.47425,
              15.876988
            ],
            [
              99.474232,
              15.876554
            ],
            [
              99.473937,
              15.876548
            ],
            [
              99.473937,
              15.87697
            ]
          ]
        ]
      }
    },
    {
      "type": "Feature",
      "id": "osm_water_poly_1342422807",
      "properties": {
        "osm_id": 1342422807,
        "name": "",
        "name_th": "",
        "water": "",
        "natural": "water",
        "landuse": ""
      },
      "geometry": {
        "type": "Polygon",
        "coordinates": [
          [
            [
              99.473943,
              15.877193
            ],
            [
              99.474275,
              15.877181
            ],
            [
              99.474344,
              15.8775
            ],
            [
              99.474244,
              15.877512
            ],
            [
              99.474238,
              15.877844
            ],
            [
              99.474037,
              15.877892
            ],
            [
              99.474,
              15.877928
            ],
            [
              99.473943,
              15.877928
            ],
            [
              99.473943,
              15.877193
            ]
          ]
        ]
      }
    },
    {
      "type": "Feature",
      "id": "osm_water_poly_1342422808",
      "properties": {
        "osm_id": 1342422808,
        "name": "",
        "name_th": "",
        "water": "",
        "natural": "water",
        "landuse": ""
      },
      "geometry": {
        "type": "Polygon",
        "coordinates": [
          [
            [
              99.488026,
              15.882659
            ],
            [
              99.488928,
              15.882795
            ],
            [
              99.488896,
              15.882207
            ],
            [
              99.488544,
              15.882048
            ],
            [
              99.488591,
              15.881792
            ],
            [
              99.488042,
              15.881792
            ],
            [
              99.488026,
              15.882659
            ]
          ]
        ]
      }
    },
    {
      "type": "Feature",
      "id": "osm_water_poly_1342422809",
      "properties": {
        "osm_id": 1342422809,
        "name": "",
        "name_th": "",
        "water": "",
        "natural": "water",
        "landuse": ""
      },
      "geometry": {
        "type": "Polygon",
        "coordinates": [
          [
            [
              99.486693,
              15.889411
            ],
            [
              99.486385,
              15.889175
            ],
            [
              99.486347,
              15.889146
            ],
            [
              99.486978,
              15.888458
            ],
            [
              99.487017,
              15.888489
            ],
            [
              99.487328,
              15.888746
            ],
            [
              99.486693,
              15.889411
            ]
          ]
        ]
      }
    },
    {
      "type": "Feature",
      "id": "osm_water_poly_1374184050",
      "properties": {
        "osm_id": 1374184050,
        "name": "",
        "name_th": "",
        "water": "",
        "natural": "water",
        "landuse": ""
      },
      "geometry": {
        "type": "Polygon",
        "coordinates": [
          [
            [
              99.493261,
              15.927293
            ],
            [
              99.494563,
              15.927604
            ],
            [
              99.494636,
              15.927067
            ],
            [
              99.493326,
              15.926717
            ],
            [
              99.493261,
              15.927293
            ]
          ]
        ]
      }
    },
    {
      "type": "Feature",
      "id": "osm_water_poly_1378325128",
      "properties": {
        "osm_id": 1378325128,
        "name": "",
        "name_th": "",
        "water": "",
        "natural": "water",
        "landuse": ""
      },
      "geometry": {
        "type": "Polygon",
        "coordinates": [
          [
            [
              99.387451,
              15.969711
            ],
            [
              99.387755,
              15.969724
            ],
            [
              99.38776,
              15.969523
            ],
            [
              99.387458,
              15.969522
            ],
            [
              99.387451,
              15.969711
            ]
          ]
        ]
      }
    },
    {
      "type": "Feature",
      "id": "osm_water_poly_1378325129",
      "properties": {
        "osm_id": 1378325129,
        "name": "",
        "name_th": "",
        "water": "",
        "natural": "water",
        "landuse": ""
      },
      "geometry": {
        "type": "Polygon",
        "coordinates": [
          [
            [
              99.384154,
              15.96133
            ],
            [
              99.384843,
              15.961191
            ],
            [
              99.384909,
              15.96135
            ],
            [
              99.384193,
              15.961505
            ],
            [
              99.384154,
              15.96133
            ]
          ]
        ]
      }
    },
    {
      "type": "Feature",
      "id": "osm_water_poly_1378325135",
      "properties": {
        "osm_id": 1378325135,
        "name": "",
        "name_th": "",
        "water": "",
        "natural": "water",
        "landuse": ""
      },
      "geometry": {
        "type": "Polygon",
        "coordinates": [
          [
            [
              99.390408,
              15.9385
            ],
            [
              99.391048,
              15.938566
            ],
            [
              99.390734,
              15.938009
            ],
            [
              99.390153,
              15.935816
            ],
            [
              99.389687,
              15.93582
            ],
            [
              99.390408,
              15.9385
            ]
          ]
        ]
      }
    },
    {
      "type": "Feature",
      "id": "osm_water_poly_1382508564",
      "properties": {
        "osm_id": 1382508564,
        "name": "",
        "name_th": "",
        "water": "reservoir",
        "natural": "water",
        "landuse": ""
      },
      "geometry": {
        "type": "Polygon",
        "coordinates": [
          [
            [
              99.476589,
              15.96133
            ],
            [
              99.475931,
              15.961282
            ],
            [
              99.475847,
              15.960574
            ],
            [
              99.476515,
              15.960672
            ],
            [
              99.476574,
              15.961199
            ],
            [
              99.476589,
              15.96133
            ]
          ]
        ]
      }
    },
    {
      "type": "Feature",
      "id": "osm_water_poly_1382508565",
      "properties": {
        "osm_id": 1382508565,
        "name": "",
        "name_th": "",
        "water": "reservoir",
        "natural": "water",
        "landuse": ""
      },
      "geometry": {
        "type": "Polygon",
        "coordinates": [
          [
            [
              99.475263,
              15.956198
            ],
            [
              99.475592,
              15.956113
            ],
            [
              99.475384,
              15.955587
            ],
            [
              99.475078,
              15.955704
            ],
            [
              99.475263,
              15.956198
            ]
          ]
        ]
      }
    },
    {
      "type": "Feature",
      "id": "osm_water_poly_1382508582",
      "properties": {
        "osm_id": 1382508582,
        "name": "",
        "name_th": "",
        "water": "",
        "natural": "water",
        "landuse": ""
      },
      "geometry": {
        "type": "Polygon",
        "coordinates": [
          [
            [
              99.502409,
              15.92598
            ],
            [
              99.503449,
              15.926005
            ],
            [
              99.503281,
              15.924992
            ],
            [
              99.502725,
              15.925092
            ],
            [
              99.502409,
              15.92598
            ]
          ]
        ]
      }
    },
    {
      "type": "Feature",
      "id": "osm_water_poly_1408754170",
      "properties": {
        "osm_id": 1408754170,
        "name": "",
        "name_th": "",
        "water": "reservoir",
        "natural": "water",
        "landuse": ""
      },
      "geometry": {
        "type": "Polygon",
        "coordinates": [
          [
            [
              99.481165,
              15.990746
            ],
            [
              99.481724,
              15.990709
            ],
            [
              99.481728,
              15.989695
            ],
            [
              99.48122,
              15.989699
            ],
            [
              99.481165,
              15.990746
            ]
          ]
        ]
      }
    },
    {
      "type": "Feature",
      "id": "osm_water_poly_1408763831",
      "properties": {
        "osm_id": 1408763831,
        "name": "",
        "name_th": "",
        "water": "reservoir",
        "natural": "water",
        "landuse": ""
      },
      "geometry": {
        "type": "Polygon",
        "coordinates": [
          [
            [
              99.522428,
              15.989962
            ],
            [
              99.522571,
              15.989962
            ],
            [
              99.522725,
              15.989962
            ],
            [
              99.522684,
              15.992228
            ],
            [
              99.522741,
              15.992791
            ],
            [
              99.522692,
              15.992902
            ],
            [
              99.522552,
              15.992926
            ],
            [
              99.522445,
              15.992799
            ],
            [
              99.522428,
              15.989962
            ]
          ]
        ]
      }
    },
    {
      "type": "Feature",
      "id": "osm_water_poly_1408763832",
      "properties": {
        "osm_id": 1408763832,
        "name": "",
        "name_th": "",
        "water": "reservoir",
        "natural": "water",
        "landuse": ""
      },
      "geometry": {
        "type": "Polygon",
        "coordinates": [
          [
            [
              99.52251,
              15.993053
            ],
            [
              99.522609,
              15.993013
            ],
            [
              99.522708,
              15.993037
            ],
            [
              99.522651,
              15.994115
            ],
            [
              99.522486,
              15.995652
            ],
            [
              99.522585,
              15.995866
            ],
            [
              99.522824,
              15.996017
            ],
            [
              99.523104,
              15.996128
            ],
            [
              99.52306,
              15.99624
            ],
            [
              99.523013,
              15.996358
            ],
            [
              99.522395,
              15.996048
            ],
            [
              99.522263,
              15.995811
            ],
            [
              99.522247,
              15.995478
            ],
            [
              99.52242,
              15.994852
            ],
            [
              99.52251,
              15.993053
            ]
          ]
        ]
      }
    },
    {
      "type": "Feature",
      "id": "osm_water_poly_1408763833",
      "properties": {
        "osm_id": 1408763833,
        "name": "",
        "name_th": "",
        "water": "reservoir",
        "natural": "water",
        "landuse": ""
      },
      "geometry": {
        "type": "Polygon",
        "coordinates": [
          [
            [
              99.523302,
              15.997396
            ],
            [
              99.523434,
              15.997071
            ],
            [
              99.52336,
              15.996492
            ],
            [
              99.523137,
              15.99635
            ],
            [
              99.523196,
              15.99624
            ],
            [
              99.523252,
              15.996136
            ],
            [
              99.523541,
              15.996318
            ],
            [
              99.52364,
              15.997047
            ],
            [
              99.52359,
              15.997285
            ],
            [
              99.523442,
              15.997523
            ],
            [
              99.523378,
              15.997464
            ],
            [
              99.523302,
              15.997396
            ]
          ]
        ]
      }
    },
    {
      "type": "Feature",
      "id": "osm_water_poly_1408763834",
      "properties": {
        "osm_id": 1408763834,
        "name": "",
        "name_th": "",
        "water": "reservoir",
        "natural": "water",
        "landuse": ""
      },
      "geometry": {
        "type": "Polygon",
        "coordinates": [
          [
            [
              99.52256,
              15.999004
            ],
            [
              99.522621,
              15.999082
            ],
            [
              99.522684,
              15.999163
            ],
            [
              99.523038,
              15.998854
            ],
            [
              99.523244,
              15.998418
            ],
            [
              99.523261,
              15.997935
            ],
            [
              99.523343,
              15.997665
            ],
            [
              99.523278,
              15.997623
            ],
            [
              99.52317,
              15.997554
            ],
            [
              99.523046,
              15.9978
            ],
            [
              99.52303,
              15.998347
            ],
            [
              99.522898,
              15.998727
            ],
            [
              99.52256,
              15.999004
            ]
          ]
        ]
      }
    },
    {
      "type": "Feature",
      "id": "osm_water_poly_1408763835",
      "properties": {
        "osm_id": 1408763835,
        "name": "",
        "name_th": "",
        "water": "reservoir",
        "natural": "water",
        "landuse": ""
      },
      "geometry": {
        "type": "Polygon",
        "coordinates": [
          [
            [
              99.522453,
              15.999116
            ],
            [
              99.522534,
              15.999181
            ],
            [
              99.522609,
              15.999242
            ],
            [
              99.522354,
              15.999543
            ],
            [
              99.522296,
              16.000074
            ],
            [
              99.52194,
              16.000641
            ],
            [
              99.521835,
              16.000541
            ],
            [
              99.521775,
              16.000483
            ],
            [
              99.522067,
              15.999989
            ],
            [
              99.522205,
              15.999369
            ],
            [
              99.522453,
              15.999116
            ]
          ]
        ]
      }
    },
    {
      "type": "Feature",
      "id": "osm_water_poly_1408763836",
      "properties": {
        "osm_id": 1408763836,
        "name": "",
        "name_th": "",
        "water": "reservoir",
        "natural": "water",
        "landuse": ""
      },
      "geometry": {
        "type": "Polygon",
        "coordinates": [
          [
            [
              99.522602,
              16.004648
            ],
            [
              99.522602,
              16.0044
            ],
            [
              99.521425,
              16.000977
            ],
            [
              99.521425,
              16.000749
            ],
            [
              99.52158,
              16.00055
            ],
            [
              99.521674,
              16.000634
            ],
            [
              99.521725,
              16.000679
            ],
            [
              99.521601,
              16.000848
            ],
            [
              99.522881,
              16.004439
            ],
            [
              99.522829,
              16.004727
            ],
            [
              99.52271,
              16.004685
            ],
            [
              99.522602,
              16.004648
            ]
          ]
        ]
      }
    },
    {
      "type": "Feature",
      "id": "osm_water_poly_1408771026",
      "properties": {
        "osm_id": 1408771026,
        "name": "",
        "name_th": "",
        "water": "reservoir",
        "natural": "water",
        "landuse": ""
      },
      "geometry": {
        "type": "Polygon",
        "coordinates": [
          [
            [
              99.511222,
              15.956156
            ],
            [
              99.511478,
              15.955981
            ],
            [
              99.513036,
              15.957147
            ],
            [
              99.513712,
              15.956822
            ],
            [
              99.514264,
              15.955506
            ],
            [
              99.515905,
              15.953881
            ],
            [
              99.515948,
              15.954144
            ],
            [
              99.515987,
              15.954388
            ],
            [
              99.514578,
              15.955823
            ],
            [
              99.514116,
              15.956901
            ],
            [
              99.513712,
              15.957273
            ],
            [
              99.512986,
              15.957487
            ],
            [
              99.511222,
              15.956156
            ]
          ]
        ]
      }
    },
    {
      "type": "Feature",
      "id": "osm_water_poly_1408771027",
      "properties": {
        "osm_id": 1408771027,
        "name": "",
        "name_th": "",
        "water": "reservoir",
        "natural": "water",
        "landuse": ""
      },
      "geometry": {
        "type": "Polygon",
        "coordinates": [
          [
            [
              99.516127,
              15.954237
            ],
            [
              99.516076,
              15.954017
            ],
            [
              99.516029,
              15.95381
            ],
            [
              99.516515,
              15.953802
            ],
            [
              99.518452,
              15.952089
            ],
            [
              99.518807,
              15.951424
            ],
            [
              99.519028,
              15.951496
            ],
            [
              99.519194,
              15.95155
            ],
            [
              99.518799,
              15.952224
            ],
            [
              99.516672,
              15.95415
            ],
            [
              99.516127,
              15.954237
            ]
          ]
        ]
      }
    },
    {
      "type": "Feature",
      "id": "osm_water_poly_1408771031",
      "properties": {
        "osm_id": 1408771031,
        "name": "",
        "name_th": "",
        "water": "reservoir",
        "natural": "water",
        "landuse": ""
      },
      "geometry": {
        "type": "Polygon",
        "coordinates": [
          [
            [
              99.497185,
              15.953174
            ],
            [
              99.49741,
              15.952377
            ],
            [
              99.498575,
              15.9526
            ],
            [
              99.498407,
              15.953471
            ],
            [
              99.497185,
              15.953174
            ]
          ]
        ]
      }
    },
    {
      "type": "Feature",
      "id": "osm_water_poly_1408771034",
      "properties": {
        "osm_id": 1408771034,
        "name": "",
        "name_th": "",
        "water": "reservoir",
        "natural": "water",
        "landuse": ""
      },
      "geometry": {
        "type": "Polygon",
        "coordinates": [
          [
            [
              99.534671,
              15.947105
            ],
            [
              99.534761,
              15.948196
            ],
            [
              99.535466,
              15.948148
            ],
            [
              99.535372,
              15.947018
            ],
            [
              99.535355,
              15.946882
            ],
            [
              99.534664,
              15.946957
            ],
            [
              99.534671,
              15.947105
            ]
          ]
        ]
      }
    },
    {
      "type": "Feature",
      "id": "osm_water_poly_1408777886",
      "properties": {
        "osm_id": 1408777886,
        "name": "",
        "name_th": "",
        "water": "reservoir",
        "natural": "water",
        "landuse": ""
      },
      "geometry": {
        "type": "Polygon",
        "coordinates": [
          [
            [
              99.557098,
              15.902479
            ],
            [
              99.557076,
              15.901945
            ],
            [
              99.557747,
              15.90201
            ],
            [
              99.557707,
              15.902471
            ],
            [
              99.557098,
              15.902479
            ]
          ]
        ]
      }
    },
    {
      "type": "Feature",
      "id": "osm_water_poly_1409111749",
      "properties": {
        "osm_id": 1409111749,
        "name": "",
        "name_th": "",
        "water": "reservoir",
        "natural": "water",
        "landuse": ""
      },
      "geometry": {
        "type": "Polygon",
        "coordinates": [
          [
            [
              99.593606,
              15.907138
            ],
            [
              99.593425,
              15.907006
            ],
            [
              99.593414,
              15.906838
            ],
            [
              99.594382,
              15.906733
            ],
            [
              99.594595,
              15.906643
            ],
            [
              99.59471,
              15.906522
            ],
            [
              99.596067,
              15.90627
            ],
            [
              99.598287,
              15.90486
            ],
            [
              99.598386,
              15.904955
            ],
            [
              99.598244,
              15.90516
            ],
            [
              99.597981,
              15.905118
            ],
            [
              99.597697,
              15.905381
            ],
            [
              99.597511,
              15.905691
            ],
            [
              99.596302,
              15.906433
            ],
            [
              99.595837,
              15.906659
            ],
            [
              99.595531,
              15.906733
            ],
            [
              99.595039,
              15.906722
            ],
            [
              99.59442,
              15.907027
            ],
            [
              99.593819,
              15.907011
            ],
            [
              99.593606,
              15.907138
            ]
          ]
        ]
      }
    },
    {
      "type": "Feature",
      "id": "osm_water_poly_1409128348",
      "properties": {
        "osm_id": 1409128348,
        "name": "",
        "name_th": "",
        "water": "reservoir",
        "natural": "water",
        "landuse": ""
      },
      "geometry": {
        "type": "Polygon",
        "coordinates": [
          [
            [
              99.581469,
              15.852137
            ],
            [
              99.579544,
              15.852089
            ],
            [
              99.579564,
              15.85201
            ],
            [
              99.579642,
              15.851711
            ],
            [
              99.580337,
              15.85185
            ],
            [
              99.581158,
              15.851571
            ],
            [
              99.580497,
              15.849855
            ],
            [
              99.581088,
              15.850209
            ],
            [
              99.581509,
              15.850169
            ],
            [
              99.582013,
              15.850352
            ],
            [
              99.584272,
              15.850916
            ],
            [
              99.58476,
              15.850834
            ],
            [
              99.584126,
              15.852516
            ],
            [
              99.585969,
              15.852879
            ],
            [
              99.586166,
              15.852681
            ],
            [
              99.58698,
              15.852821
            ],
            [
              99.586535,
              15.853629
            ],
            [
              99.586228,
              15.853748
            ],
            [
              99.586213,
              15.853754
            ],
            [
              99.585729,
              15.853942
            ],
            [
              99.584066,
              15.85292
            ],
            [
              99.583466,
              15.852615
            ],
            [
              99.582181,
              15.852236
            ],
            [
              99.581469,
              15.852137
            ]
          ]
        ]
      }
    },
    {
      "type": "Feature",
      "id": "osm_water_poly_1409128349",
      "properties": {
        "osm_id": 1409128349,
        "name": "",
        "name_th": "",
        "water": "reservoir",
        "natural": "water",
        "landuse": ""
      },
      "geometry": {
        "type": "Polygon",
        "coordinates": [
          [
            [
              99.58596,
              15.852532
            ],
            [
              99.584392,
              15.852334
            ],
            [
              99.585146,
              15.850768
            ],
            [
              99.586603,
              15.851024
            ],
            [
              99.58596,
              15.852532
            ]
          ]
        ]
      }
    },
    {
      "type": "Feature",
      "id": "osm_water_poly_1409128350",
      "properties": {
        "osm_id": 1409128350,
        "name": "",
        "name_th": "",
        "water": "reservoir",
        "natural": "water",
        "landuse": ""
      },
      "geometry": {
        "type": "Polygon",
        "coordinates": [
          [
            [
              99.587066,
              15.852681
            ],
            [
              99.586303,
              15.852508
            ],
            [
              99.58668,
              15.85165
            ],
            [
              99.587486,
              15.851625
            ],
            [
              99.587066,
              15.852681
            ]
          ]
        ]
      }
    },
    {
      "type": "Feature",
      "id": "osm_water_poly_1409683439",
      "properties": {
        "osm_id": 1409683439,
        "name": "",
        "name_th": "",
        "water": "",
        "natural": "water",
        "landuse": ""
      },
      "geometry": {
        "type": "Polygon",
        "coordinates": [
          [
            [
              99.536741,
              15.938485
            ],
            [
              99.537133,
              15.938542
            ],
            [
              99.537151,
              15.938094
            ],
            [
              99.536346,
              15.937975
            ],
            [
              99.536341,
              15.938087
            ],
            [
              99.536665,
              15.938135
            ],
            [
              99.536654,
              15.938258
            ],
            [
              99.536732,
              15.938319
            ],
            [
              99.536741,
              15.938485
            ]
          ]
        ]
      }
    },
    {
      "type": "Feature",
      "id": "osm_water_poly_1420370794",
      "properties": {
        "osm_id": 1420370794,
        "name": "",
        "name_th": "",
        "water": "pond",
        "natural": "water",
        "landuse": ""
      },
      "geometry": {
        "type": "Polygon",
        "coordinates": [
          [
            [
              100.062617,
              15.377196
            ],
            [
              100.062554,
              15.377117
            ],
            [
              100.062523,
              15.377053
            ],
            [
              100.062364,
              15.376997
            ],
            [
              100.062354,
              15.376926
            ],
            [
              100.061988,
              15.37668
            ],
            [
              100.061856,
              15.376526
            ],
            [
              100.061762,
              15.376432
            ],
            [
              100.061578,
              15.37625
            ],
            [
              100.061413,
              15.376078
            ],
            [
              100.061221,
              15.375805
            ],
            [
              100.06121,
              15.375346
            ],
            [
              100.061341,
              15.375075
            ],
            [
              100.061516,
              15.374868
            ],
            [
              100.061661,
              15.374811
            ],
            [
              100.062052,
              15.37457
            ],
            [
              100.062481,
              15.374408
            ],
            [
              100.062683,
              15.374389
            ],
            [
              100.063412,
              15.375169
            ],
            [
              100.063821,
              15.375801
            ],
            [
              100.063945,
              15.376148
            ],
            [
              100.063895,
              15.376366
            ],
            [
              100.064107,
              15.376556
            ],
            [
              100.064738,
              15.376633
            ],
            [
              100.064736,
              15.377186
            ],
            [
              100.064814,
              15.377495
            ],
            [
              100.064997,
              15.377552
            ],
            [
              100.065725,
              15.377546
            ],
            [
              100.066144,
              15.377707
            ],
            [
              100.066375,
              15.377878
            ],
            [
              100.066628,
              15.377888
            ],
            [
              100.066641,
              15.377642
            ],
            [
              100.066574,
              15.376818
            ],
            [
              100.066482,
              15.375906
            ],
            [
              100.066408,
              15.37545
            ],
            [
              100.066322,
              15.375128
            ],
            [
              100.066156,
              15.374783
            ],
            [
              100.065905,
              15.374096
            ],
            [
              100.065743,
              15.37354
            ],
            [
              100.065694,
              15.373293
            ],
            [
              100.065541,
              15.372727
            ],
            [
              100.065366,
              15.372332
            ],
            [
              100.063988,
              15.371251
            ],
            [
              100.063912,
              15.371139
            ],
            [
              100.063737,
              15.370641
            ],
            [
              100.063661,
              15.370521
            ],
            [
              100.063554,
              15.370439
            ],
            [
              100.063432,
              15.370443
            ],
            [
              100.063194,
              15.370483
            ],
            [
              100.062566,
              15.370663
            ],
            [
              100.062337,
              15.370744
            ],
            [
              100.061511,
              15.370968
            ],
            [
              100.061385,
              15.371044
            ],
            [
              100.061255,
              15.371148
            ],
            [
              100.061031,
              15.371534
            ],
            [
              100.060721,
              15.372274
            ],
            [
              100.060627,
              15.372449
            ],
            [
              100.060555,
              15.37253
            ],
            [
              100.06047,
              15.372588
            ],
            [
              100.060251,
              15.372654
            ],
            [
              100.059777,
              15.372731
            ],
            [
              100.059559,
              15.37273
            ],
            [
              100.059061,
              15.372656
            ],
            [
              100.05893,
              15.372656
            ],
            [
              100.058692,
              15.372709
            ],
            [
              100.05854,
              15.372777
            ],
            [
              100.058446,
              15.372844
            ],
            [
              100.057939,
              15.373463
            ],
            [
              100.05784,
              15.373558
            ],
            [
              100.057728,
              15.373607
            ],
            [
              100.057642,
              15.373625
            ],
            [
              100.057535,
              15.373625
            ],
            [
              100.057391,
              15.373603
            ],
            [
              100.057256,
              15.373616
            ],
            [
              100.057104,
              15.373665
            ],
            [
              100.056933,
              15.373773
            ],
            [
              100.056763,
              15.374038
            ],
            [
              100.056583,
              15.374487
            ],
            [
              100.056869,
              15.374605
            ],
            [
              100.057916,
              15.375118
            ],
            [
              100.057989,
              15.375462
            ],
            [
              100.059841,
              15.376282
            ],
            [
              100.061772,
              15.377068
            ],
            [
              100.062617,
              15.377196
            ]
          ]
        ]
      }
    },
    {
      "type": "Feature",
      "id": "osm_water_poly_1420370795",
      "properties": {
        "osm_id": 1420370795,
        "name": "",
        "name_th": "",
        "water": "pond",
        "natural": "water",
        "landuse": ""
      },
      "geometry": {
        "type": "Polygon",
        "coordinates": [
          [
            [
              100.066865,
              15.375026
            ],
            [
              100.066027,
              15.372165
            ],
            [
              100.066712,
              15.371969
            ],
            [
              100.067403,
              15.371647
            ],
            [
              100.068111,
              15.372553
            ],
            [
              100.068263,
              15.373765
            ],
            [
              100.067476,
              15.373814
            ],
            [
              100.067261,
              15.374562
            ],
            [
              100.067154,
              15.374917
            ],
            [
              100.067023,
              15.375021
            ],
            [
              100.066865,
              15.375026
            ]
          ]
        ]
      }
    },
    {
      "type": "Feature",
      "id": "osm_water_poly_1420370797",
      "properties": {
        "osm_id": 1420370797,
        "name": "",
        "name_th": "",
        "water": "pond",
        "natural": "water",
        "landuse": ""
      },
      "geometry": {
        "type": "Polygon",
        "coordinates": [
          [
            [
              100.024767,
              15.384124
            ],
            [
              100.024817,
              15.384144
            ],
            [
              100.024837,
              15.384186
            ],
            [
              100.024828,
              15.384218
            ],
            [
              100.024865,
              15.384251
            ],
            [
              100.024943,
              15.384239
            ],
            [
              100.024957,
              15.384203
            ],
            [
              100.024913,
              15.384132
            ],
            [
              100.0249,
              15.38409
            ],
            [
              100.024959,
              15.384005
            ],
            [
              100.025052,
              15.383931
            ],
            [
              100.025109,
              15.383896
            ],
            [
              100.025116,
              15.383828
            ],
            [
              100.025081,
              15.383766
            ],
            [
              100.024883,
              15.383722
            ],
            [
              100.024834,
              15.38373
            ],
            [
              100.024794,
              15.383865
            ],
            [
              100.024755,
              15.384046
            ],
            [
              100.024767,
              15.384124
            ]
          ]
        ]
      }
    },
    {
      "type": "Feature",
      "id": "osm_water_poly_1420370940",
      "properties": {
        "osm_id": 1420370940,
        "name": "",
        "name_th": "",
        "water": "pond",
        "natural": "water",
        "landuse": ""
      },
      "geometry": {
        "type": "Polygon",
        "coordinates": [
          [
            [
              100.022682,
              15.384134
            ],
            [
              100.022403,
              15.384129
            ],
            [
              100.022413,
              15.383844
            ],
            [
              100.022433,
              15.383789
            ],
            [
              100.022706,
              15.383799
            ],
            [
              100.022682,
              15.384134
            ]
          ]
        ]
      }
    },
    {
      "type": "Feature",
      "id": "osm_water_poly_1425745445",
      "properties": {
        "osm_id": 1425745445,
        "name": "",
        "name_th": "",
        "water": "",
        "natural": "water",
        "landuse": ""
      },
      "geometry": {
        "type": "Polygon",
        "coordinates": [
          [
            [
              100.068219,
              15.333516
            ],
            [
              100.068195,
              15.33324
            ],
            [
              100.0683,
              15.33324
            ],
            [
              100.068486,
              15.333215
            ],
            [
              100.068541,
              15.333211
            ],
            [
              100.068612,
              15.333272
            ],
            [
              100.068678,
              15.333307
            ],
            [
              100.068736,
              15.333296
            ],
            [
              100.068787,
              15.333274
            ],
            [
              100.068864,
              15.3333
            ],
            [
              100.068955,
              15.333303
            ],
            [
              100.069039,
              15.333293
            ],
            [
              100.069092,
              15.333272
            ],
            [
              100.06919,
              15.333274
            ],
            [
              100.069314,
              15.333305
            ],
            [
              100.069371,
              15.333303
            ],
            [
              100.069519,
              15.333282
            ],
            [
              100.069598,
              15.333302
            ],
            [
              100.069946,
              15.33343
            ],
            [
              100.070202,
              15.33349
            ],
            [
              100.07037,
              15.333547
            ],
            [
              100.070405,
              15.333534
            ],
            [
              100.07058,
              15.333554
            ],
            [
              100.070723,
              15.33353
            ],
            [
              100.070812,
              15.333458
            ],
            [
              100.070904,
              15.333434
            ],
            [
              100.071004,
              15.333443
            ],
            [
              100.071149,
              15.333508
            ],
            [
              100.071201,
              15.333579
            ],
            [
              100.071282,
              15.333677
            ],
            [
              100.07132,
              15.333741
            ],
            [
              100.071305,
              15.333811
            ],
            [
              100.071263,
              15.333906
            ],
            [
              100.071201,
              15.333969
            ],
            [
              100.071111,
              15.334015
            ],
            [
              100.071015,
              15.334031
            ],
            [
              100.07088,
              15.333997
            ],
            [
              100.070778,
              15.333926
            ],
            [
              100.070727,
              15.333859
            ],
            [
              100.070618,
              15.333837
            ],
            [
              100.070484,
              15.333781
            ],
            [
              100.070349,
              15.33373
            ],
            [
              100.07011,
              15.333721
            ],
            [
              100.069931,
              15.333715
            ],
            [
              100.069822,
              15.333674
            ],
            [
              100.069722,
              15.333628
            ],
            [
              100.069619,
              15.333565
            ],
            [
              100.069572,
              15.333548
            ],
            [
              100.069393,
              15.33355
            ],
            [
              100.069327,
              15.333563
            ],
            [
              100.069269,
              15.333543
            ],
            [
              100.069197,
              15.333507
            ],
            [
              100.069158,
              15.333499
            ],
            [
              100.069043,
              15.333516
            ],
            [
              100.068881,
              15.333528
            ],
            [
              100.068693,
              15.333508
            ],
            [
              100.068603,
              15.333469
            ],
            [
              100.068529,
              15.333416
            ],
            [
              100.068377,
              15.333418
            ],
            [
              100.068219,
              15.333516
            ]
          ]
        ]
      }
    },
    {
      "type": "Feature",
      "id": "osm_water_poly_1425745446",
      "properties": {
        "osm_id": 1425745446,
        "name": "",
        "name_th": "",
        "water": "",
        "natural": "water",
        "landuse": ""
      },
      "geometry": {
        "type": "Polygon",
        "coordinates": [
          [
            [
              100.069304,
              15.333029
            ],
            [
              100.069306,
              15.332772
            ],
            [
              100.06903,
              15.33277
            ],
            [
              100.069029,
              15.333027
            ],
            [
              100.069304,
              15.333029
            ]
          ]
        ]
      }
    },
    {
      "type": "Feature",
      "id": "osm_water_poly_1425745447",
      "properties": {
        "osm_id": 1425745447,
        "name": "",
        "name_th": "",
        "water": "",
        "natural": "water",
        "landuse": ""
      },
      "geometry": {
        "type": "Polygon",
        "coordinates": [
          [
            [
              100.069976,
              15.332639
            ],
            [
              100.070027,
              15.332552
            ],
            [
              100.07008,
              15.332527
            ],
            [
              100.070172,
              15.332541
            ],
            [
              100.070255,
              15.332594
            ],
            [
              100.070289,
              15.332676
            ],
            [
              100.070287,
              15.332752
            ],
            [
              100.070232,
              15.33285
            ],
            [
              100.070046,
              15.333022
            ],
            [
              100.069958,
              15.333071
            ],
            [
              100.069832,
              15.3331
            ],
            [
              100.069687,
              15.333111
            ],
            [
              100.069577,
              15.333106
            ],
            [
              100.069508,
              15.333071
            ],
            [
              100.069487,
              15.332984
            ],
            [
              100.0695,
              15.332853
            ],
            [
              100.069683,
              15.332833
            ],
            [
              100.06986,
              15.332797
            ],
            [
              100.069914,
              15.332708
            ],
            [
              100.069976,
              15.332639
            ]
          ]
        ]
      }
    },
    {
      "type": "Feature",
      "id": "osm_water_poly_1425745448",
      "properties": {
        "osm_id": 1425745448,
        "name": "",
        "name_th": "",
        "water": "",
        "natural": "water",
        "landuse": ""
      },
      "geometry": {
        "type": "Polygon",
        "coordinates": [
          [
            [
              100.068814,
              15.332922
            ],
            [
              100.068815,
              15.332657
            ],
            [
              100.068545,
              15.332656
            ],
            [
              100.068544,
              15.332921
            ],
            [
              100.068814,
              15.332922
            ]
          ]
        ]
      }
    },
    {
      "type": "Feature",
      "id": "osm_water_poly_1427701279",
      "properties": {
        "osm_id": 1427701279,
        "name": "",
        "name_th": "",
        "water": "",
        "natural": "water",
        "landuse": ""
      },
      "geometry": {
        "type": "Polygon",
        "coordinates": [
          [
            [
              99.959739,
              15.609144
            ],
            [
              99.959771,
              15.608922
            ],
            [
              99.959002,
              15.608819
            ],
            [
              99.958989,
              15.609046
            ],
            [
              99.959739,
              15.609144
            ]
          ]
        ]
      }
    },
    {
      "type": "Feature",
      "id": "osm_water_poly_1477762093",
      "properties": {
        "osm_id": 1477762093,
        "name": "",
        "name_th": "",
        "water": "",
        "natural": "water",
        "landuse": ""
      },
      "geometry": {
        "type": "Polygon",
        "coordinates": [
          [
            [
              99.953331,
              15.718107
            ],
            [
              99.953053,
              15.716839
            ],
            [
              99.953251,
              15.716803
            ],
            [
              99.953276,
              15.716649
            ],
            [
              99.953234,
              15.71658
            ],
            [
              99.953364,
              15.716296
            ],
            [
              99.953495,
              15.716256
            ],
            [
              99.953516,
              15.716624
            ],
            [
              99.954892,
              15.716
            ],
            [
              99.955957,
              15.714534
            ],
            [
              99.956024,
              15.714582
            ],
            [
              99.95477,
              15.716491
            ],
            [
              99.954118,
              15.717317
            ],
            [
              99.953331,
              15.718107
            ]
          ]
        ]
      }
    },
    {
      "type": "Feature",
      "id": "osm_water_poly_1478811260",
      "properties": {
        "osm_id": 1478811260,
        "name": "",
        "name_th": "",
        "water": "",
        "natural": "water",
        "landuse": ""
      },
      "geometry": {
        "type": "Polygon",
        "coordinates": [
          [
            [
              99.550286,
              15.669775
            ],
            [
              99.550609,
              15.66974
            ],
            [
              99.550555,
              15.669412
            ],
            [
              99.550222,
              15.669438
            ],
            [
              99.550286,
              15.669775
            ]
          ]
        ]
      }
    },
    {
      "type": "Feature",
      "id": "osm_water_poly_1480106269",
      "properties": {
        "osm_id": 1480106269,
        "name": "",
        "name_th": "",
        "water": "",
        "natural": "water",
        "landuse": ""
      },
      "geometry": {
        "type": "Polygon",
        "coordinates": [
          [
            [
              100.072284,
              15.3313
            ],
            [
              100.071585,
              15.331633
            ],
            [
              100.071433,
              15.331174
            ],
            [
              100.071863,
              15.330716
            ],
            [
              100.072035,
              15.330748
            ],
            [
              100.072284,
              15.3313
            ]
          ]
        ]
      }
    },
    {
      "type": "Feature",
      "id": "osm_water_poly_1480572407",
      "properties": {
        "osm_id": 1480572407,
        "name": "",
        "name_th": "",
        "water": "",
        "natural": "water",
        "landuse": ""
      },
      "geometry": {
        "type": "Polygon",
        "coordinates": [
          [
            [
              99.934042,
              15.766827
            ],
            [
              99.934537,
              15.766822
            ],
            [
              99.934617,
              15.766315
            ],
            [
              99.934163,
              15.766228
            ],
            [
              99.934042,
              15.766827
            ]
          ]
        ]
      }
    },
    {
      "type": "Feature",
      "id": "osm_water_poly_1485959809",
      "properties": {
        "osm_id": 1485959809,
        "name": "",
        "name_th": "",
        "water": "",
        "natural": "water",
        "landuse": ""
      },
      "geometry": {
        "type": "Polygon",
        "coordinates": [
          [
            [
              99.568576,
              15.491121
            ],
            [
              99.568721,
              15.490703
            ],
            [
              99.568217,
              15.490018
            ],
            [
              99.567993,
              15.490301
            ],
            [
              99.567892,
              15.490698
            ],
            [
              99.567845,
              15.491146
            ],
            [
              99.568576,
              15.491121
            ]
          ]
        ]
      }
    },
    {
      "type": "Feature",
      "id": "osm_water_poly_1486031995",
      "properties": {
        "osm_id": 1486031995,
        "name": "",
        "name_th": "",
        "water": "",
        "natural": "water",
        "landuse": ""
      },
      "geometry": {
        "type": "Polygon",
        "coordinates": [
          [
            [
              100.041182,
              15.319412
            ],
            [
              100.044985,
              15.320252
            ],
            [
              100.046769,
              15.311223
            ],
            [
              100.04486,
              15.310863
            ],
            [
              100.043256,
              15.312997
            ],
            [
              100.041791,
              15.316398
            ],
            [
              100.041182,
              15.319412
            ]
          ]
        ]
      }
    }
  ]
}