station_code,measure_datetime,water_level,quality_flag
KRN002,2026-02-01 00:00:00,36.396,N
KRN002,2026-02-01 00:10:00,36.4,N
KRN002,2026-02-01 00:20:00,36.4,N
KRN002,2026-02-01 00:30:00,36.387,N
KRN002,2026-02-01 00:40:00,36.38,N
KRN002,2026-02-01 00:50:00,36.377,N
KRN002,2026-02-01 01:00:00,36.371,N
KRN002,2026-02-01 01:10:00,36.367,N
KRN002,2026-02-01 01:20:00,36.365,N
KRN002,2026-02-01 01:30:00,36.364,N
KRN002,2026-02-01 01:40:00,36.362,N
KRN002,2026-02-01 01:50:00,36.364,N
KRN002,2026-02-01 02:00:00,36.348,N
KRN002,2026-02-01 02:10:00,36.36,N
KRN002,2026-02-01 02:20:00,36.351,N
KRN002,2026-02-01 02:30:00,36.35,N
KRN002,2026-02-01 02:40:00,36.35,N
KRN002,2026-02-01 02:50:00,36.351,N
KRN002,2026-02-01 03:00:00,36.348,N
KRN002,2026-02-01 03:10:00,36.344,N
KRN002,2026-02-01 03:20:00,36.339,N
KRN002,2026-02-01 03:30:00,36.345,N
KRN002,2026-02-01 03:40:00,36.337,N
KRN002,2026-02-01 03:50:00,36.331,N
KRN002,2026-02-01 04:00:00,36.333,N
KRN002,2026-02-01 04:10:00,36.332,N
KRN002,2026-02-01 04:20:00,36.34,N
KRN002,2026-02-01 04:30:00,36.331,N
KRN002,2026-02-01 04:40:00,36.336,N
KRN002,2026-02-01 04:50:00,36.333,N
KRN002,2026-02-01 05:00:00,36.332,N
KRN002,2026-02-01 05:10:00,36.336,N
KRN002,2026-02-01 05:20:00,36.331,N
KRN002,2026-02-01 05:30:00,36.336,N
KRN002,2026-02-01 05:40:00,36.319,N
KRN002,2026-02-01 05:50:00,36.334,N
KRN002,2026-02-01 06:00:00,36.328,N
KRN002,2026-02-01 06:10:00,36.332,N
KRN002,2026-02-01 06:20:00,36.336,N
KRN002,2026-02-01 06:30:00,36.337,N
KRN002,2026-02-01 06:40:00,36.328,N
KRN002,2026-02-01 06:50:00,36.341,N
KRN002,2026-02-01 07:00:00,36.344,N
KRN002,2026-02-01 07:10:00,36.34,N
KRN002,2026-02-01 07:20:00,36.344,N
KRN002,2026-02-01 07:30:00,36.346,N
KRN002,2026-02-01 07:40:00,36.341,N
KRN002,2026-02-01 07:50:00,36.343,N
KRN002,2026-02-01 08:00:00,36.346,N
KRN002,2026-02-01 08:10:00,36.343,N
KRN002,2026-02-01 08:20:00,36.345,N
KRN002,2026-02-01 08:30:00,36.341,N
KRN002,2026-02-01 08:40:00,36.352,N
KRN002,2026-02-01 08:50:00,36.353,N
KRN002,2026-02-01 09:00:00,36.351,N
KRN002,2026-02-01 09:10:00,36.36,N
KRN002,2026-02-01 09:20:00,36.361,N
KRN002,2026-02-01 09:30:00,36.36,N
KRN002,2026-02-01 09:40:00,36.37,N
KRN002,2026-02-01 09:50:00,36.375,N
KRN002,2026-02-01 10:00:00,36.378,N
KRN002,2026-02-01 10:10:00,36.377,N
KRN002,2026-02-01 10:20:00,36.381,N
KRN002,2026-02-01 10:30:00,36.389,N
KRN002,2026-02-01 10:40:00,36.386,N
KRN002,2026-02-01 10:50:00,36.388,N
KRN002,2026-02-01 11:00:00,36.399,N
KRN002,2026-02-01 11:10:00,36.405,N
KRN002,2026-02-01 11:20:00,36.403,N
KRN002,2026-02-01 11:30:00,36.409,N
KRN002,2026-02-01 11:40:00,36.418,N
KRN002,2026-02-01 11:50:00,36.413,N
KRN002,2026-02-01 12:00:00,36.428,N
KRN002,2026-02-01 12:10:00,36.429,N
KRN002,2026-02-01 12:20:00,36.437,N
KRN002,2026-02-01 12:30:00,36.449,N
KRN002,2026-02-01 12:40:00,36.455,N
KRN002,2026-02-01 12:50:00,36.449,N
KRN002,2026-02-01 13:00:00,36.457,N
KRN002,2026-02-01 13:10:00,36.463,N
KRN002,2026-02-01 13:20:00,36.477,N
KRN002,2026-02-01 13:30:00,36.478,N
KRN002,2026-02-01 13:40:00,36.487,N
KRN002,2026-02-01 13:50:00,36.494,N
KRN002,2026-02-01 14:00:00,36.501,N
KRN002,2026-02-01 14:10:00,36.508,N
KRN002,2026-02-01 14:20:00,36.515,N
KRN002,2026-02-01 14:30:00,36.527,N
KRN002,2026-02-01 14:40:00,36.531,N
KRN002,2026-02-01 14:50:00,36.531,N
KRN002,2026-02-01 15:00:00,36.538,N
KRN002,2026-02-01 15:10:00,36.544,N
KRN002,2026-02-01 15:20:00,36.551,N
KRN002,2026-02-01 15:30:00,36.552,N
KRN002,2026-02-01 15:40:00,36.557,N
KRN002,2026-02-01 15:50:00,36.565,N
KRN002,2026-02-01 16:00:00,36.572,N
KRN002,2026-02-01 16:10:00,36.585,N
KRN002,2026-02-01 16:20:00,36.584,N
KRN002,2026-02-01 16:30:00,36.6,N
KRN002,2026-02-01 16:40:00,36.596,N
KRN002,2026-02-01 16:50:00,36.604,N
KRN002,2026-02-01 17:00:00,36.611,N
KRN002,2026-02-01 17:10:00,36.613,N
KRN002,2026-02-01 17:20:00,36.623,N
KRN002,2026-02-01 17:30:00,36.636,N
KRN002,2026-02-01 17:40:00,36.64,N
KRN002,2026-02-01 17:50:00,36.647,N
KRN002,2026-02-01 18:00:00,36.65,N
KRN002,2026-02-01 18:10:00,36.654,N
KRN002,2026-02-01 18:20:00,36.655,N
KRN002,2026-02-01 18:30:00,36.662,N
KRN002,2026-02-01 18:40:00,36.667,N
KRN002,2026-02-01 18:50:00,36.68,N
KRN002,2026-02-01 19:00:00,36.68,N
KRN002,2026-02-01 19:10:00,36.678,N
KRN002,2026-02-01 19:20:00,36.692,N
KRN002,2026-02-01 19:30:00,36.701,N
KRN002,2026-02-01 19:40:00,36.701,N
KRN002,2026-02-01 19:50:00,36.708,N
KRN002,2026-02-01 20:00:00,36.7,N
KRN002,2026-02-01 20:10:00,36.713,N
KRN002,2026-02-01 20:20:00,36.714,N
KRN002,2026-02-01 20:30:00,36.713,N
KRN002,2026-02-01 20:40:00,36.721,N
KRN002,2026-02-01 20:50:00,36.727,N
KRN002,2026-02-01 21:00:00,36.727,N
KRN002,2026-02-01 21:10:00,36.725,N
KRN002,2026-02-01 21:20:00,36.732,N
KRN002,2026-02-01 21:30:00,36.739,N
KRN002,2026-02-01 21:40:00,36.734,N
KRN002,2026-02-01 21:50:00,36.745,N
KRN002,2026-02-01 22:00:00,36.75,N
KRN002,2026-02-01 22:10:00,36.75,N
KRN002,2026-02-01 22:20:00,36.75,N
KRN002,2026-02-01 22:30:00,36.752,N
KRN002,2026-02-01 22:40:00,36.754,N
KRN002,2026-02-01 22:50:00,36.755,N
KRN002,2026-02-01 23:00:00,36.756,N
KRN002,2026-02-01 23:10:00,36.761,N
KRN002,2026-02-01 23:20:00,36.755,N
KRN002,2026-02-01 23:30:00,36.759,N
KRN002,2026-02-01 23:40:00,36.759,N
KRN002,2026-02-01 23:50:00,36.756,N
KRN002,2026-02-02 00:00:00,36.764,N
KRN002,2026-02-02 00:10:00,36.762,N
KRN002,2026-02-02 00:20:00,36.769,N
KRN002,2026-02-02 00:30:00,36.766,N
KRN002,2026-02-02 00:40:00,36.769,N
KRN002,2026-02-02 00:50:00,36.764,N
KRN002,2026-02-02 01:00:00,36.761,N
KRN002,2026-02-02 01:10:00,36.762,N
KRN002,2026-02-02 01:20:00,36.761,N
KRN002,2026-02-02 01:30:00,36.767,N
KRN002,2026-02-02 01:40:00,36.756,N
KRN002,2026-02-02 01:50:00,36.755,N
KRN002,2026-02-02 02:00:00,36.761,N
KRN002,2026-02-02 02:10:00,36.752,N
KRN002,2026-02-02 02:20:00,36.753,N
KRN002,2026-02-02 02:30:00,36.745,N
KRN002,2026-02-02 02:40:00,36.745,N
KRN002,2026-02-02 02:50:00,36.734,N
KRN002,2026-02-02 03:00:00,36.732,N
KRN002,2026-02-02 03:10:00,36.736,N
KRN002,2026-02-02 03:20:00,36.727,N
KRN002,2026-02-02 03:30:00,36.726,N
KRN002,2026-02-02 03:40:00,36.721,N
KRN002,2026-02-02 03:50:00,36.712,N
KRN002,2026-02-02 04:00:00,36.698,N
KRN002,2026-02-02 04:10:00,36.696,N
KRN002,2026-02-02 04:20:00,36.695,N
KRN002,2026-02-02 04:30:00,36.695,N
KRN002,2026-02-02 04:40:00,36.691,N
KRN002,2026-02-02 04:50:00,36.686,N
KRN002,2026-02-02 05:00:00,36.664,N
KRN002,2026-02-02 05:10:00,36.661,N
KRN002,2026-02-02 05:20:00,36.657,N
KRN002,2026-02-02 05:30:00,36.647,N
KRN002,2026-02-02 05:40:00,36.638,N
KRN002,2026-02-02 05:50:00,36.632,N
KRN002,2026-02-02 06:00:00,36.627,N
KRN002,2026-02-02 06:10:00,36.61,N
KRN002,2026-02-02 06:20:00,36.607,N
KRN002,2026-02-02 06:30:00,36.589,N
KRN002,2026-02-02 06:40:00,36.595,N
KRN002,2026-02-02 06:50:00,36.589,N
KRN002,2026-02-02 07:00:00,36.571,N
KRN002,2026-02-02 07:10:00,36.561,N
KRN002,2026-02-02 07:20:00,36.551,N
KRN002,2026-02-02 07:30:00,36.543,N
KRN002,2026-02-02 07:40:00,36.532,N
KRN002,2026-02-02 07:50:00,36.53,N
KRN002,2026-02-02 08:00:00,36.521,N
KRN002,2026-02-02 08:10:00,36.517,N
KRN002,2026-02-02 08:20:00,36.5,N
KRN002,2026-02-02 08:30:00,36.501,N
KRN002,2026-02-02 08:40:00,36.489,N
KRN002,2026-02-02 08:50:00,36.482,N
KRN002,2026-02-02 09:00:00,36.46,N
KRN002,2026-02-02 09:10:00,36.462,N
KRN002,2026-02-02 09:20:00,36.45,N
KRN002,2026-02-02 09:30:00,36.442,N
KRN002,2026-02-02 09:40:00,36.435,N
KRN002,2026-02-02 09:50:00,36.42,N
KRN002,2026-02-02 10:00:00,36.425,N
KRN002,2026-02-02 10:10:00,36.416,N
KRN002,2026-02-02 10:20:00,36.411,N
KRN002,2026-02-02 10:30:00,36.402,N
KRN002,2026-02-02 10:40:00,36.403,N
KRN002,2026-02-02 10:50:00,36.396,N
KRN002,2026-02-02 11:00:00,36.396,N
KRN002,2026-02-02 11:10:00,36.391,N
KRN002,2026-02-02 11:20:00,36.374,N
KRN002,2026-02-02 11:30:00,36.378,N
KRN002,2026-02-02 11:40:00,36.375,N
KRN002,2026-02-02 11:50:00,36.372,N
KRN002,2026-02-02 12:00:00,36.373,N
KRN002,2026-02-02 12:10:00,36.367,N
KRN002,2026-02-02 12:20:00,36.37,N
KRN002,2026-02-02 12:30:00,36.37,N
KRN002,2026-02-02 12:40:00,36.371,N
KRN002,2026-02-02 12:50:00,36.366,N
KRN002,2026-02-02 13:00:00,36.367,N
KRN002,2026-02-02 13:10:00,36.361,N
KRN002,2026-02-02 13:20:00,36.37,N
KRN002,2026-02-02 13:30:00,36.367,N
KRN002,2026-02-02 13:40:00,36.368,N
KRN002,2026-02-02 13:50:00,36.362,N
KRN002,2026-02-02 14:00:00,36.375,N
KRN002,2026-02-02 14:10:00,36.378,N
KRN002,2026-02-02 14:20:00,36.378,N
KRN002,2026-02-02 14:30:00,36.371,N
KRN002,2026-02-02 14:40:00,36.381,N
KRN002,2026-02-02 14:50:00,36.382,N
KRN002,2026-02-02 15:00:00,36.387,N
KRN002,2026-02-02 15:10:00,36.388,N
KRN002,2026-02-02 15:20:00,36.391,N
KRN002,2026-02-02 15:30:00,36.392,N
KRN002,2026-02-02 15:40:00,36.405,N
KRN002,2026-02-02 15:50:00,36.401,N
KRN002,2026-02-02 16:00:00,36.409,N
KRN002,2026-02-02 16:10:00,36.408,N
KRN002,2026-02-02 16:20:00,36.406,N
KRN002,2026-02-02 16:30:00,36.415,N
KRN002,2026-02-02 16:40:00,36.418,N
KRN002,2026-02-02 16:50:00,36.427,N
KRN002,2026-02-02 17:00:00,36.427,N
KRN002,2026-02-02 17:10:00,36.428,N
KRN002,2026-02-02 17:20:00,36.43,N
KRN002,2026-02-02 17:30:00,36.436,N
KRN002,2026-02-02 17:40:00,36.436,N
KRN002,2026-02-02 17:50:00,36.437,N
KRN002,2026-02-02 18:00:00,36.443,N
KRN002,2026-02-02 18:10:00,36.441,N
KRN002,2026-02-02 18:20:00,36.437,N
KRN002,2026-02-02 18:30:00,36.44,N
KRN002,2026-02-02 18:40:00,36.448,N
KRN002,2026-02-02 18:50:00,36.441,N
KRN002,2026-02-02 19:00:00,36.447,N
KRN002,2026-02-02 19:10:00,36.439,N
KRN002,2026-02-02 19:20:00,36.443,N
KRN002,2026-02-02 19:30:00,36.44,N
KRN002,2026-02-02 19:40:00,36.439,N
KRN002,2026-02-02 19:50:00,36.441,N
KRN002,2026-02-02 20:00:00,36.43,N
KRN002,2026-02-02 20:10:00,36.427,N
KRN002,2026-02-02 20:20:00,36.427,N
KRN002,2026-02-02 20:30:00,36.43,N
KRN002,2026-02-02 20:40:00,36.419,N
KRN002,2026-02-02 20:50:00,36.422,N
KRN002,2026-02-02 21:00:00,36.413,N
KRN002,2026-02-02 21:10:00,36.408,N
KRN002,2026-02-02 21:20:00,36.4,N
KRN002,2026-02-02 21:30:00,36.396,N
KRN002,2026-02-02 21:40:00,36.395,N
KRN002,2026-02-02 21:50:00,36.382,N
KRN002,2026-02-02 22:00:00,36.382,N
KRN002,2026-02-02 22:10:00,36.368,N
KRN002,2026-02-02 22:20:00,36.366,N
KRN002,2026-02-02 22:30:00,36.36,N
KRN002,2026-02-02 22:40:00,36.353,N
KRN002,2026-02-02 22:50:00,36.343,N
KRN002,2026-02-02 23:00:00,36.34,N
KRN002,2026-02-02 23:10:00,36.33,N
KRN002,2026-02-02 23:20:00,36.32,N
KRN002,2026-02-02 23:30:00,36.311,N
KRN002,2026-02-02 23:40:00,36.298,N
KRN002,2026-02-02 23:50:00,36.295,N
KRN002,2026-02-03 00:00:00,36.286,N
KRN002,2026-02-03 00:10:00,36.278,N
KRN002,2026-02-03 00:20:00,36.271,N
KRN002,2026-02-03 00:30:00,36.269,N
KRN002,2026-02-03 00:40:00,36.256,N
KRN002,2026-02-03 00:50:00,36.255,N
KRN002,2026-02-03 01:00:00,36.246,N
KRN002,2026-02-03 01:10:00,36.238,N
KRN002,2026-02-03 01:20:00,36.23,N
KRN002,2026-02-03 01:30:00,36.228,N
KRN002,2026-02-03 01:40:00,36.221,N
KRN002,2026-02-03 01:50:00,36.216,N
KRN002,2026-02-03 02:00:00,36.21,N
KRN002,2026-02-03 02:10:00,36.211,N
KRN002,2026-02-03 02:20:00,36.203,N
KRN002,2026-02-03 02:30:00,36.2,N
KRN002,2026-02-03 02:40:00,36.193,N
KRN002,2026-02-03 02:50:00,36.193,N
KRN002,2026-02-03 03:00:00,36.188,N
KRN002,2026-02-03 03:10:00,36.178,N
KRN002,2026-02-03 03:20:00,36.175,N
KRN002,2026-02-03 03:30:00,36.167,N
KRN002,2026-02-03 03:40:00,36.171,N
KRN002,2026-02-03 03:50:00,36.164,N
KRN002,2026-02-03 04:00:00,36.166,N
KRN002,2026-02-03 04:10:00,36.162,N
KRN002,2026-02-03 04:20:00,36.16,N
KRN002,2026-02-03 04:30:00,36.159,N
KRN002,2026-02-03 04:40:00,36.161,N
KRN002,2026-02-03 04:50:00,36.163,N
KRN002,2026-02-03 05:00:00,36.164,N
KRN002,2026-02-03 05:10:00,36.167,N
KRN002,2026-02-03 05:20:00,36.167,N
KRN002,2026-02-03 05:30:00,36.162,N
KRN002,2026-02-03 05:40:00,36.171,N
KRN002,2026-02-03 05:50:00,36.173,N
KRN002,2026-02-03 06:00:00,36.175,N
KRN002,2026-02-03 06:10:00,36.178,N
KRN002,2026-02-03 06:20:00,36.177,N
KRN002,2026-02-03 06:30:00,36.189,N
KRN002,2026-02-03 06:40:00,36.188,N
KRN002,2026-02-03 06:50:00,36.191,N
KRN002,2026-02-03 07:00:00,36.194,N
KRN002,2026-02-03 07:10:00,36.195,N
KRN002,2026-02-03 07:20:00,36.209,N
KRN002,2026-02-03 07:30:00,36.218,N
KRN002,2026-02-03 07:40:00,36.21,N
KRN002,2026-02-03 07:50:00,36.225,N
KRN002,2026-02-03 08:00:00,36.231,N
KRN002,2026-02-03 08:10:00,36.236,N
KRN002,2026-02-03 08:20:00,36.237,N
KRN002,2026-02-03 08:30:00,36.245,N
KRN002,2026-02-03 08:40:00,36.256,N
KRN002,2026-02-03 08:50:00,36.258,N
KRN002,2026-02-03 09:00:00,36.265,N
KRN002,2026-02-03 09:10:00,36.272,N
KRN002,2026-02-03 09:20:00,36.283,N
KRN002,2026-02-03 09:30:00,36.291,N
KRN002,2026-02-03 09:40:00,36.3,N
KRN002,2026-02-03 09:50:00,36.309,N
KRN002,2026-02-03 10:00:00,36.317,N
KRN002,2026-02-03 10:10:00,36.325,N
KRN002,2026-02-03 10:20:00,36.332,N
KRN002,2026-02-03 10:30:00,36.345,N
KRN002,2026-02-03 10:40:00,36.351,N
KRN002,2026-02-03 10:50:00,36.358,N
KRN002,2026-02-03 11:00:00,36.374,N
KRN002,2026-02-03 11:10:00,36.381,N
KRN002,2026-02-03 11:20:00,36.399,N
KRN002,2026-02-03 11:30:00,36.395,N
KRN002,2026-02-03 11:40:00,36.413,N
KRN002,2026-02-03 11:50:00,36.416,N
KRN002,2026-02-03 12:00:00,36.427,N
KRN002,2026-02-03 12:10:00,36.441,N
KRN002,2026-02-03 12:20:00,36.442,N
KRN002,2026-02-03 12:30:00,36.459,N
KRN002,2026-02-03 12:40:00,36.474,N
KRN002,2026-02-03 12:50:00,36.487,N
KRN002,2026-02-03 13:00:00,36.48,N
KRN002,2026-02-03 13:10:00,36.497,N
KRN002,2026-02-03 13:20:00,36.509,N
KRN002,2026-02-03 13:30:00,36.523,N
KRN002,2026-02-03 13:40:00,36.528,N
KRN002,2026-02-03 13:50:00,36.549,N
KRN002,2026-02-03 14:00:00,36.544,N
KRN002,2026-02-03 14:10:00,36.548,N
KRN002,2026-02-03 14:20:00,36.575,N
KRN002,2026-02-03 14:30:00,36.58,N
KRN002,2026-02-03 14:40:00,36.585,N
KRN002,2026-02-03 14:50:00,36.606,N
KRN002,2026-02-03 15:00:00,36.616,N
KRN002,2026-02-03 15:10:00,36.623,N
KRN002,2026-02-03 15:20:00,36.621,N
KRN002,2026-02-03 15:30:00,36.641,N
KRN002,2026-02-03 15:40:00,36.641,N
KRN002,2026-02-03 15:50:00,36.653,N
KRN002,2026-02-03 16:00:00,36.664,N
KRN002,2026-02-03 16:10:00,36.668,N
KRN002,2026-02-03 16:20:00,36.688,N
KRN002,2026-02-03 16:30:00,36.684,N
KRN002,2026-02-03 16:40:00,36.693,N
KRN002,2026-02-03 16:50:00,36.693,N
KRN002,2026-02-03 17:00:00,36.711,N
KRN002,2026-02-03 17:10:00,36.714,N
KRN002,2026-02-03 17:20:00,36.725,N
KRN002,2026-02-03 17:30:00,36.729,N
KRN002,2026-02-03 17:40:00,36.735,N
KRN002,2026-02-03 17:50:00,36.739,N
KRN002,2026-02-03 18:00:00,36.749,N
KRN002,2026-02-03 18:10:00,36.748,N
KRN002,2026-02-03 18:20:00,36.754,N
KRN002,2026-02-03 18:30:00,36.759,N
KRN002,2026-02-03 18:40:00,36.763,N
KRN002,2026-02-03 18:50:00,36.757,N
KRN002,2026-02-03 19:00:00,36.762,N
KRN002,2026-02-03 19:10:00,36.759,N
KRN002,2026-02-03 19:20:00,36.767,N
KRN002,2026-02-03 19:30:00,36.766,N
KRN002,2026-02-03 19:40:00,36.77,N
KRN002,2026-02-03 19:50:00,36.771,N
KRN002,2026-02-03 20:00:00,36.77,N
KRN002,2026-02-03 20:10:00,36.766,N
KRN002,2026-02-03 20:20:00,36.778,N
KRN002,2026-02-03 20:30:00,36.766,N
KRN002,2026-02-03 20:40:00,36.769,N
KRN002,2026-02-03 20:50:00,36.76,N
KRN002,2026-02-03 21:00:00,36.764,N
KRN002,2026-02-03 21:10:00,36.756,N
KRN002,2026-02-03 21:20:00,36.757,N
KRN002,2026-02-03 21:30:00,36.753,N
KRN002,2026-02-03 21:40:00,36.75,N
KRN002,2026-02-03 21:50:00,36.741,N
KRN002,2026-02-03 22:00:00,36.734,N
KRN002,2026-02-03 22:10:00,36.735,N
KRN002,2026-02-03 22:20:00,36.725,N
KRN002,2026-02-03 22:30:00,36.721,N
KRN002,2026-02-03 22:40:00,36.721,N
KRN002,2026-02-03 22:50:00,36.712,N
KRN002,2026-02-03 23:00:00,36.7,N
KRN002,2026-02-03 23:10:00,36.696,N
KRN002,2026-02-03 23:20:00,36.692,N
KRN002,2026-02-03 23:30:00,36.681,N
KRN002,2026-02-03 23:40:00,36.671,N
KRN002,2026-02-03 23:50:00,36.675,N
KRN002,2026-02-04 00:00:00,36.659,N
KRN002,2026-02-04 00:10:00,36.66,N
KRN002,2026-02-04 00:20:00,36.652,N
KRN002,2026-02-04 00:30:00,36.645,N
KRN002,2026-02-04 00:40:00,36.636,N
KRN002,2026-02-04 00:50:00,36.624,N
KRN002,2026-02-04 01:00:00,36.616,N
KRN002,2026-02-04 01:10:00,36.618,N
KRN002,2026-02-04 01:20:00,36.611,N
KRN002,2026-02-04 01:30:00,36.605,N
KRN002,2026-02-04 01:40:00,36.597,N
KRN002,2026-02-04 01:50:00,36.591,N
KRN002,2026-02-04 02:00:00,36.584,N
KRN002,2026-02-04 02:10:00,36.579,N
KRN002,2026-02-04 02:20:00,36.568,N
KRN002,2026-02-04 02:30:00,36.559,N
KRN002,2026-02-04 02:40:00,36.559,N
KRN002,2026-02-04 02:50:00,36.549,N
KRN002,2026-02-04 03:00:00,36.541,N
KRN002,2026-02-04 03:10:00,36.538,N
KRN002,2026-02-04 03:20:00,36.535,N
KRN002,2026-02-04 03:30:00,36.529,N
KRN002,2026-02-04 03:40:00,36.517,N
KRN002,2026-02-04 03:50:00,36.523,N
KRN002,2026-02-04 04:00:00,36.512,N
KRN002,2026-02-04 04:10:00,36.508,N
KRN002,2026-02-04 04:20:00,36.502,N
KRN002,2026-02-04 04:30:00,36.49,N
KRN002,2026-02-04 04:40:00,36.493,N
KRN002,2026-02-04 04:50:00,36.487,N
KRN002,2026-02-04 05:00:00,36.483,N
KRN002,2026-02-04 05:10:00,36.476,N
KRN002,2026-02-04 05:20:00,36.474,N
KRN002,2026-02-04 05:30:00,36.469,N
KRN002,2026-02-04 05:40:00,36.462,N
KRN002,2026-02-04 05:50:00,36.46,N
KRN002,2026-02-04 06:00:00,36.456,N
KRN002,2026-02-04 06:10:00,36.453,N
KRN002,2026-02-04 06:20:00,36.453,N
KRN002,2026-02-04 06:30:00,36.447,N
KRN002,2026-02-04 06:40:00,36.44,N
KRN002,2026-02-04 06:50:00,36.436,N
KRN002,2026-02-04 07:00:00,36.44,N
KRN002,2026-02-04 07:10:00,36.441,N
KRN002,2026-02-04 07:20:00,36.435,N
KRN002,2026-02-04 07:30:00,36.425,N
KRN002,2026-02-04 07:40:00,36.427,N
KRN002,2026-02-04 07:50:00,36.43,N
KRN002,2026-02-04 08:00:00,36.422,N
KRN002,2026-02-04 08:10:00,36.419,N
KRN002,2026-02-04 08:20:00,36.425,N
KRN002,2026-02-04 08:30:00,36.421,N
KRN002,2026-02-04 08:40:00,36.416,N
KRN002,2026-02-04 08:50:00,36.412,N
KRN002,2026-02-04 09:00:00,36.415,N
KRN002,2026-02-04 09:10:00,36.42,N
KRN002,2026-02-04 09:20:00,36.411,N
KRN002,2026-02-04 09:30:00,36.421,N
KRN002,2026-02-04 09:40:00,36.416,N
KRN002,2026-02-04 09:50:00,36.415,N
KRN002,2026-02-04 10:00:00,36.409,N
KRN002,2026-02-04 10:10:00,36.413,N
KRN002,2026-02-04 10:20:00,36.414,N
KRN002,2026-02-04 10:30:00,36.416,N
KRN002,2026-02-04 10:40:00,36.419,N
KRN002,2026-02-04 10:50:00,36.418,N
KRN002,2026-02-04 11:00:00,36.418,N
KRN002,2026-02-04 11:10:00,36.425,N
KRN002,2026-02-04 11:20:00,36.432,N
KRN002,2026-02-04 11:30:00,36.436,N
KRN002,2026-02-04 11:40:00,36.432,N
KRN002,2026-02-04 11:50:00,36.435,N
KRN002,2026-02-04 12:00:00,36.446,N
KRN002,2026-02-04 12:10:00,36.448,N
KRN002,2026-02-04 12:20:00,36.447,N
KRN002,2026-02-04 12:30:00,36.45,N
KRN002,2026-02-04 12:40:00,36.459,N
KRN002,2026-02-04 12:50:00,36.466,N
KRN002,2026-02-04 13:00:00,36.467,N
KRN002,2026-02-04 13:10:00,36.462,N
KRN002,2026-02-04 13:20:00,36.475,N
KRN002,2026-02-04 13:30:00,36.481,N
KRN002,2026-02-04 13:40:00,36.489,N
KRN002,2026-02-04 13:50:00,36.493,N
KRN002,2026-02-04 14:00:00,36.495,N
KRN002,2026-02-04 14:10:00,36.498,N
KRN002,2026-02-04 14:20:00,36.514,N
KRN002,2026-02-04 14:30:00,36.515,N
KRN002,2026-02-04 14:40:00,36.522,N
KRN002,2026-02-04 14:50:00,36.523,N
KRN002,2026-02-04 15:00:00,36.535,N
KRN002,2026-02-04 15:10:00,36.528,N
KRN002,2026-02-04 15:20:00,36.531,N
KRN002,2026-02-04 15:30:00,36.534,N
KRN002,2026-02-04 15:40:00,36.548,N
KRN002,2026-02-04 15:50:00,36.551,N
KRN002,2026-02-04 16:00:00,36.552,N
KRN002,2026-02-04 16:10:00,36.569,N
KRN002,2026-02-04 16:20:00,36.566,N
KRN002,2026-02-04 16:30:00,36.568,N
KRN002,2026-02-04 16:40:00,36.57,N
KRN002,2026-02-04 16:50:00,36.577,N
KRN002,2026-02-04 17:00:00,36.582,N
KRN002,2026-02-04 17:10:00,36.582,N
KRN002,2026-02-04 17:20:00,36.591,N
KRN002,2026-02-04 17:30:00,36.583,N
KRN002,2026-02-04 17:40:00,36.582,N
KRN002,2026-02-04 17:50:00,36.582,N
KRN002,2026-02-04 18:00:00,36.592,N
KRN002,2026-02-04 18:10:00,36.599,N
KRN002,2026-02-04 18:20:00,36.589,N
KRN002,2026-02-04 18:30:00,36.592,N
KRN002,2026-02-04 18:40:00,36.589,N
KRN002,2026-02-04 18:50:00,36.586,N
KRN002,2026-02-04 19:00:00,36.587,N
KRN002,2026-02-04 19:10:00,36.591,N
KRN002,2026-02-04 19:20:00,36.58,N
KRN002,2026-02-04 19:30:00,36.579,N
KRN002,2026-02-04 19:40:00,36.584,N
KRN002,2026-02-04 19:50:00,36.571,N
KRN002,2026-02-04 20:00:00,36.563,N
KRN002,2026-02-04 20:10:00,36.558,N
KRN002,2026-02-04 20:20:00,36.555,N
KRN002,2026-02-04 20:30:00,36.544,N
KRN002,2026-02-04 20:40:00,36.536,N
KRN002,2026-02-04 20:50:00,36.539,N
KRN002,2026-02-04 21:00:00,36.523,N
KRN002,2026-02-04 21:10:00,36.514,N
KRN002,2026-02-04 21:20:00,36.498,N
KRN002,2026-02-04 21:30:00,36.494,N
KRN002,2026-02-04 21:40:00,36.478,N
KRN002,2026-02-04 21:50:00,36.47,N
KRN002,2026-02-04 22:00:00,36.459,N
KRN002,2026-02-04 22:10:00,36.437,N
KRN002,2026-02-04 22:20:00,36.432,N
KRN002,2026-02-04 22:30:00,36.42,N
KRN002,2026-02-04 22:40:00,36.407,N
KRN002,2026-02-04 22:50:00,36.387,N
KRN002,2026-02-04 23:00:00,36.367,N
KRN002,2026-02-04 23:10:00,36.348,N
KRN002,2026-02-04 23:20:00,36.338,N
KRN002,2026-02-04 23:30:00,36.325,N
KRN002,2026-02-04 23:40:00,36.307,N
KRN002,2026-02-04 23:50:00,36.295,N
KRN002,2026-02-05 00:00:00,36.271,N
KRN002,2026-02-05 00:10:00,36.255,N
KRN002,2026-02-05 00:20:00,36.241,N
KRN002,2026-02-05 00:30:00,36.212,N
KRN002,2026-02-05 00:40:00,36.201,N
KRN002,2026-02-05 00:50:00,36.178,N
KRN002,2026-02-05 01:00:00,36.154,N
KRN002,2026-02-05 01:10:00,36.129,N
KRN002,2026-02-05 01:20:00,36.118,N
KRN002,2026-02-05 01:30:00,36.093,N
KRN002,2026-02-05 01:40:00,36.074,N
KRN002,2026-02-05 01:50:00,36.055,N
KRN002,2026-02-05 02:00:00,36.028,N
KRN002,2026-02-05 02:10:00,36.02,N
KRN002,2026-02-05 02:20:00,35.979,N
KRN002,2026-02-05 02:30:00,35.964,N
KRN002,2026-02-05 02:40:00,35.936,N
KRN002,2026-02-05 02:50:00,35.91,N
KRN002,2026-02-05 03:00:00,35.905,N
KRN002,2026-02-05 03:10:00,35.873,N
KRN002,2026-02-05 03:20:00,35.848,N
KRN002,2026-02-05 03:30:00,35.836,N
KRN002,2026-02-05 03:40:00,35.812,N
KRN002,2026-02-05 03:50:00,35.788,N
KRN002,2026-02-05 04:00:00,35.765,N
KRN002,2026-02-05 04:10:00,35.745,N
KRN002,2026-02-05 04:20:00,35.721,N
KRN002,2026-02-05 04:30:00,35.704,N
KRN002,2026-02-05 04:40:00,35.683,N
KRN002,2026-02-05 04:50:00,35.656,N
KRN002,2026-02-05 05:00:00,35.634,N
KRN002,2026-02-05 05:10:00,35.623,N
KRN002,2026-02-05 05:20:00,35.601,N
KRN002,2026-02-05 05:30:00,35.578,N
KRN002,2026-02-05 05:40:00,35.562,N
KRN002,2026-02-05 05:50:00,35.542,N
KRN002,2026-02-05 06:00:00,35.526,N
KRN002,2026-02-05 06:10:00,35.507,N
KRN002,2026-02-05 06:20:00,35.487,N
KRN002,2026-02-05 06:30:00,35.475,N
KRN002,2026-02-05 06:40:00,35.46,N
KRN002,2026-02-05 06:50:00,35.447,N
KRN002,2026-02-05 07:00:00,35.433,N
KRN002,2026-02-05 07:10:00,35.425,N
KRN002,2026-02-05 07:20:00,35.407,N
KRN002,2026-02-05 07:30:00,35.396,N
KRN002,2026-02-05 07:40:00,35.382,N
KRN002,2026-02-05 07:50:00,35.375,N
KRN002,2026-02-05 08:00:00,35.369,N
KRN002,2026-02-05 08:10:00,35.368,N
KRN002,2026-02-05 08:20:00,35.357,N
KRN002,2026-02-05 08:30:00,35.352,N
KRN002,2026-02-05 08:40:00,35.355,N
KRN002,2026-02-05 08:50:00,35.339,N
KRN002,2026-02-05 09:00:00,35.346,N
KRN002,2026-02-05 09:10:00,35.351,N
KRN002,2026-02-05 09:20:00,35.348,N
KRN002,2026-02-05 09:30:00,35.346,N
KRN002,2026-02-05 09:40:00,35.353,N
KRN002,2026-02-05 09:50:00,35.359,N
KRN002,2026-02-05 10:00:00,35.366,N
KRN002,2026-02-05 10:10:00,35.37,N
KRN002,2026-02-05 10:20:00,35.377,N
KRN002,2026-02-05 10:30:00,35.387,N
KRN002,2026-02-05 10:40:00,35.4,N
KRN002,2026-02-05 10:50:00,35.41,N
KRN002,2026-02-05 11:00:00,35.416,N
KRN002,2026-02-05 11:10:00,35.433,N
KRN002,2026-02-05 11:20:00,35.45,N
KRN002,2026-02-05 11:30:00,35.462,N
KRN002,2026-02-05 11:40:00,35.466,N
KRN002,2026-02-05 11:50:00,35.484,N
KRN002,2026-02-05 12:00:00,35.494,N
KRN002,2026-02-05 12:10:00,35.52,N
KRN002,2026-02-05 12:20:00,35.537,N
KRN002,2026-02-05 12:30:00,35.553,N
KRN002,2026-02-05 12:40:00,35.566,N
KRN002,2026-02-05 12:50:00,35.59,N
KRN002,2026-02-05 13:00:00,35.608,N
KRN002,2026-02-05 13:10:00,35.618,N
KRN002,2026-02-05 13:20:00,35.639,N
KRN002,2026-02-05 13:30:00,35.663,N
KRN002,2026-02-05 13:40:00,35.679,N
KRN002,2026-02-05 13:50:00,35.694,N
KRN002,2026-02-05 14:00:00,35.712,N
KRN002,2026-02-05 14:10:00,35.74,N
KRN002,2026-02-05 14:20:00,35.754,N
KRN002,2026-02-05 14:30:00,35.768,N
KRN002,2026-02-05 14:40:00,35.787,N
KRN002,2026-02-05 14:50:00,35.812,N
KRN002,2026-02-05 15:00:00,35.821,N
KRN002,2026-02-05 15:10:00,35.844,N
KRN002,2026-02-05 15:20:00,35.854,N
KRN002,2026-02-05 15:30:00,35.88,N
KRN002,2026-02-05 15:40:00,35.9,N
KRN002,2026-02-05 15:50:00,35.911,N
KRN002,2026-02-05 16:00:00,35.931,N
KRN002,2026-02-05 16:10:00,35.937,N
KRN002,2026-02-05 16:20:00,35.956,N
KRN002,2026-02-05 16:30:00,35.978,N
KRN002,2026-02-05 16:40:00,35.992,N
KRN002,2026-02-05 16:50:00,36.006,N
KRN002,2026-02-05 17:00:00,36.007,N
KRN002,2026-02-05 17:10:00,36.026,N
KRN002,2026-02-05 17:20:00,36.036,N
KRN002,2026-02-05 17:30:00,36.047,N
KRN002,2026-02-05 17:40:00,36.062,N
KRN002,2026-02-05 17:50:00,36.072,N
KRN002,2026-02-05 18:00:00,36.079,N
KRN002,2026-02-05 18:10:00,36.091,N
KRN002,2026-02-05 18:20:00,36.099,N
KRN002,2026-02-05 18:30:00,36.103,N
KRN002,2026-02-05 18:40:00,36.108,N
KRN002,2026-02-05 18:50:00,36.116,N
KRN002,2026-02-05 19:00:00,36.13,N
KRN002,2026-02-05 19:10:00,36.132,N
KRN002,2026-02-05 19:20:00,36.14,N
KRN002,2026-02-05 19:30:00,36.136,N
KRN002,2026-02-05 19:40:00,36.143,N
KRN002,2026-02-05 19:50:00,36.143,N
KRN002,2026-02-05 20:00:00,36.145,N
KRN002,2026-02-05 20:10:00,36.14,N
KRN002,2026-02-05 20:20:00,36.139,N
KRN002,2026-02-05 20:30:00,36.147,N
KRN002,2026-02-05 20:40:00,36.141,N
KRN002,2026-02-05 20:50:00,36.136,N
KRN002,2026-02-05 21:00:00,36.137,N
KRN002,2026-02-05 21:10:00,36.133,N
KRN002,2026-02-05 21:20:00,36.133,N
KRN002,2026-02-05 21:30:00,36.12,N
KRN002,2026-02-05 21:40:00,36.12,N
KRN002,2026-02-05 21:50:00,36.109,N
KRN002,2026-02-05 22:00:00,36.102,N
KRN002,2026-02-05 22:10:00,36.093,N
KRN002,2026-02-05 22:20:00,36.085,N
KRN002,2026-02-05 22:30:00,36.075,N
KRN002,2026-02-05 22:40:00,36.066,N
KRN002,2026-02-05 22:50:00,36.053,N
KRN002,2026-02-05 23:00:00,36.041,N
KRN002,2026-02-05 23:10:00,36.027,N
KRN002,2026-02-05 23:20:00,36.016,N
KRN002,2026-02-05 23:30:00,35.996,N
KRN002,2026-02-05 23:40:00,35.987,N
KRN002,2026-02-05 23:50:00,35.971,N
KRN002,2026-02-06 00:00:00,35.946,N
KRN002,2026-02-06 00:10:00,35.938,N
KRN002,2026-02-06 00:20:00,35.923,N
KRN002,2026-02-06 00:30:00,35.895,N
KRN002,2026-02-06 00:40:00,35.882,N
KRN002,2026-02-06 00:50:00,35.862,N
KRN002,2026-02-06 01:00:00,35.835,N
KRN002,2026-02-06 01:10:00,35.816,N
KRN002,2026-02-06 01:20:00,35.8,N
KRN002,2026-02-06 01:30:00,35.774,N
KRN002,2026-02-06 01:40:00,35.75,N
KRN002,2026-02-06 01:50:00,35.726,N
KRN002,2026-02-06 02:00:00,35.707,N
KRN002,2026-02-06 02:10:00,35.679,N
KRN002,2026-02-06 02:20:00,35.657,N
KRN002,2026-02-06 02:30:00,35.629,N
KRN002,2026-02-06 02:40:00,35.607,N
KRN002,2026-02-06 02:50:00,35.58,N
KRN002,2026-02-06 03:00:00,35.554,N
KRN002,2026-02-06 03:10:00,35.527,N
KRN002,2026-02-06 03:20:00,35.499,N
KRN002,2026-02-06 03:30:00,35.469,N
KRN002,2026-02-06 03:40:00,35.447,N
KRN002,2026-02-06 03:50:00,35.413,N
KRN002,2026-02-06 04:00:00,35.377,N
KRN002,2026-02-06 04:10:00,35.358,N
KRN002,2026-02-06 04:20:00,35.327,N
KRN002,2026-02-06 04:30:00,35.293,N
KRN002,2026-02-06 04:40:00,35.268,N
KRN002,2026-02-06 04:50:00,35.229,N
KRN002,2026-02-06 05:00:00,35.202,N
KRN002,2026-02-06 05:10:00,35.18,N
KRN002,2026-02-06 05:20:00,35.143,N
KRN002,2026-02-06 05:30:00,35.116,N
KRN002,2026-02-06 05:40:00,35.087,N
KRN002,2026-02-06 05:50:00,35.052,N
KRN002,2026-02-06 06:00:00,35.016,N
KRN002,2026-02-06 06:10:00,34.988,N
KRN002,2026-02-06 06:20:00,34.957,N
KRN002,2026-02-06 06:30:00,34.922,N
KRN002,2026-02-06 06:40:00,34.892,N
KRN002,2026-02-06 06:50:00,34.857,N
KRN002,2026-02-06 07:00:00,34.834,N
KRN002,2026-02-06 07:10:00,34.8,N
KRN002,2026-02-06 07:20:00,34.769,N
KRN002,2026-02-06 07:30:00,34.738,N
KRN002,2026-02-06 07:40:00,34.707,N
KRN002,2026-02-06 07:50:00,34.676,N
KRN002,2026-02-06 08:00:00,34.644,N
KRN002,2026-02-06 08:10:00,34.616,N
KRN002,2026-02-06 08:20:00,34.591,N
KRN002,2026-02-06 08:30:00,34.562,N
KRN002,2026-02-06 08:40:00,34.528,N
KRN002,2026-02-06 08:50:00,34.509,N
KRN002,2026-02-06 09:00:00,34.482,N
KRN002,2026-02-06 09:10:00,34.463,N
KRN002,2026-02-06 09:20:00,34.444,N
KRN002,2026-02-06 09:30:00,34.419,N
KRN002,2026-02-06 09:40:00,34.398,N
KRN002,2026-02-06 09:50:00,34.38,N
KRN002,2026-02-06 10:00:00,34.367,N
KRN002,2026-02-06 10:10:00,34.354,N
KRN002,2026-02-06 10:20:00,34.347,N
KRN002,2026-02-06 10:30:00,34.335,N
KRN002,2026-02-06 10:40:00,34.33,N
KRN002,2026-02-06 10:50:00,34.33,N
KRN002,2026-02-06 11:00:00,34.321,N
KRN002,2026-02-06 11:10:00,34.329,N
KRN002,2026-02-06 11:20:00,34.328,N
KRN002,2026-02-06 11:30:00,34.34,N
KRN002,2026-02-06 11:40:00,34.346,N
KRN002,2026-02-06 11:50:00,34.362,N
KRN002,2026-02-06 12:00:00,34.373,N
KRN002,2026-02-06 12:10:00,34.385,N
KRN002,2026-02-06 12:20:00,34.407,N
KRN002,2026-02-06 12:30:00,34.424,N
KRN002,2026-02-06 12:40:00,34.445,N
KRN002,2026-02-06 12:50:00,34.468,N
KRN002,2026-02-06 13:00:00,34.49,N
KRN002,2026-02-06 13:10:00,34.524,N
KRN002,2026-02-06 13:20:00,34.552,N
KRN002,2026-02-06 13:30:00,34.573,N
KRN002,2026-02-06 13:40:00,34.603,N
KRN002,2026-02-06 13:50:00,34.64,N
KRN002,2026-02-06 14:00:00,34.67,N
KRN002,2026-02-06 14:10:00,34.705,N
KRN002,2026-02-06 14:20:00,34.742,N
KRN002,2026-02-06 14:30:00,34.765,N
KRN002,2026-02-06 14:40:00,34.799,N
KRN002,2026-02-06 14:50:00,34.844,N
KRN002,2026-02-06 15:00:00,34.868,N
KRN002,2026-02-06 15:10:00,34.894,N
KRN002,2026-02-06 15:20:00,34.927,N
KRN002,2026-02-06 15:30:00,34.963,N
KRN002,2026-02-06 15:40:00,35,N
KRN002,2026-02-06 15:50:00,35.05,N
KRN002,2026-02-06 16:00:00,35.082,N
KRN002,2026-02-06 16:10:00,35.117,N
KRN002,2026-02-06 16:20:00,35.147,N
KRN002,2026-02-06 16:30:00,35.178,N
KRN002,2026-02-06 16:40:00,35.214,N
KRN002,2026-02-06 16:50:00,35.239,N
KRN002,2026-02-06 17:00:00,35.268,N
KRN002,2026-02-06 17:10:00,35.295,N
KRN002,2026-02-06 17:20:00,35.321,N
KRN002,2026-02-06 17:30:00,35.349,N
KRN002,2026-02-06 17:40:00,35.375,N
KRN002,2026-02-06 17:50:00,35.398,N
KRN002,2026-02-06 18:00:00,35.423,N
KRN002,2026-02-06 18:10:00,35.441,N
KRN002,2026-02-06 18:20:00,35.465,N
KRN002,2026-02-06 18:30:00,35.489,N
KRN002,2026-02-06 18:40:00,35.506,N
KRN002,2026-02-06 18:50:00,35.526,N
KRN002,2026-02-06 19:00:00,35.548,N
KRN002,2026-02-06 19:10:00,35.569,N
KRN002,2026-02-06 19:20:00,35.58,N
KRN002,2026-02-06 19:30:00,35.598,N
KRN002,2026-02-06 19:40:00,35.615,N
KRN002,2026-02-06 19:50:00,35.624,N
KRN002,2026-02-06 20:00:00,35.643,N
KRN002,2026-02-06 20:10:00,35.656,N
KRN002,2026-02-06 20:20:00,35.672,N
KRN002,2026-02-06 20:30:00,35.673,N
KRN002,2026-02-06 20:40:00,35.684,N
KRN002,2026-02-06 20:50:00,35.693,N
KRN002,2026-02-06 21:00:00,35.706,N
KRN002,2026-02-06 21:10:00,35.709,N
KRN002,2026-02-06 21:20:00,35.723,N
KRN002,2026-02-06 21:30:00,35.726,N
KRN002,2026-02-06 21:40:00,35.736,N
KRN002,2026-02-06 21:50:00,35.736,N
KRN002,2026-02-06 22:00:00,35.74,N
KRN002,2026-02-06 22:10:00,35.746,N
KRN002,2026-02-06 22:20:00,35.744,N
KRN002,2026-02-06 22:30:00,35.748,N
KRN002,2026-02-06 22:40:00,35.746,N
KRN002,2026-02-06 22:50:00,35.744,N
KRN002,2026-02-06 23:00:00,35.75,N
KRN002,2026-02-06 23:10:00,35.74,N
KRN002,2026-02-06 23:20:00,35.744,N
KRN002,2026-02-06 23:30:00,35.741,N
KRN002,2026-02-06 23:40:00,35.734,N
KRN002,2026-02-06 23:50:00,35.733,N
KRN002,2026-02-07 00:00:00,35.728,N
KRN002,2026-02-07 00:10:00,35.728,N
KRN002,2026-02-07 00:20:00,35.723,N
KRN002,2026-02-07 00:30:00,35.717,N
KRN002,2026-02-07 00:40:00,35.709,N
KRN002,2026-02-07 00:50:00,35.707,N
KRN002,2026-02-07 01:00:00,35.704,N
KRN002,2026-02-07 01:10:00,35.692,N
KRN002,2026-02-07 01:20:00,35.682,N
KRN002,2026-02-07 01:30:00,35.678,N
KRN002,2026-02-07 01:40:00,35.675,N
KRN002,2026-02-07 01:50:00,35.663,N
KRN002,2026-02-07 02:00:00,35.655,N
KRN002,2026-02-07 02:10:00,35.642,N
KRN002,2026-02-07 02:20:00,35.634,N
KRN002,2026-02-07 02:30:00,35.624,N
KRN002,2026-02-07 02:40:00,35.618,N
KRN002,2026-02-07 02:50:00,35.608,N
KRN002,2026-02-07 03:00:00,35.596,N
KRN002,2026-02-07 03:10:00,35.582,N
KRN002,2026-02-07 03:20:00,35.571,N
KRN002,2026-02-07 03:30:00,35.561,N
KRN002,2026-02-07 03:40:00,35.553,N
KRN002,2026-02-07 03:50:00,35.537,N
KRN002,2026-02-07 04:00:00,35.529,N
KRN002,2026-02-07 04:10:00,35.515,N
KRN002,2026-02-07 04:20:00,35.5,N
KRN002,2026-02-07 04:30:00,35.488,N
KRN002,2026-02-07 04:40:00,35.475,N
KRN002,2026-02-07 04:50:00,35.462,N
KRN002,2026-02-07 05:00:00,35.45,N
KRN002,2026-02-07 05:10:00,35.433,N
KRN002,2026-02-07 05:20:00,35.42,N
KRN002,2026-02-07 05:30:00,35.409,N
KRN002,2026-02-07 05:40:00,35.39,N
KRN002,2026-02-07 05:50:00,35.377,N
KRN002,2026-02-07 06:00:00,35.361,N
KRN002,2026-02-07 06:10:00,35.344,N
KRN002,2026-02-07 06:20:00,35.323,N
KRN002,2026-02-07 06:30:00,35.312,N
KRN002,2026-02-07 06:40:00,35.296,N
KRN002,2026-02-07 06:50:00,35.28,N
KRN002,2026-02-07 07:00:00,35.261,N
KRN002,2026-02-07 07:10:00,35.242,N
KRN002,2026-02-07 07:20:00,35.226,N
KRN002,2026-02-07 07:30:00,35.209,N
KRN002,2026-02-07 07:40:00,35.189,N
KRN002,2026-02-07 07:50:00,35.172,N
KRN002,2026-02-07 08:00:00,35.153,N
KRN002,2026-02-07 08:10:00,35.134,N
KRN002,2026-02-07 08:20:00,35.11,N
KRN002,2026-02-07 08:30:00,35.096,N
KRN002,2026-02-07 08:40:00,35.075,N
KRN002,2026-02-07 08:50:00,35.055,N
KRN002,2026-02-07 09:00:00,35.039,N
KRN002,2026-02-07 09:10:00,35.014,N
KRN002,2026-02-07 09:20:00,34.988,N
KRN002,2026-02-07 09:30:00,34.968,N
KRN002,2026-02-07 09:40:00,34.948,N
KRN002,2026-02-07 09:50:00,34.929,N
KRN002,2026-02-07 10:00:00,34.906,N
KRN002,2026-02-07 10:10:00,34.892,N
KRN002,2026-02-07 10:20:00,34.869,N
KRN002,2026-02-07 10:30:00,34.846,N
KRN002,2026-02-07 10:40:00,34.826,N
KRN002,2026-02-07 10:50:00,34.806,N
KRN002,2026-02-07 11:00:00,34.791,N
KRN002,2026-02-07 11:10:00,34.766,N
KRN002,2026-02-07 11:20:00,34.748,N
KRN002,2026-02-07 11:30:00,34.727,N
KRN002,2026-02-07 11:40:00,34.716,N
KRN002,2026-02-07 11:50:00,34.698,N
KRN002,2026-02-07 12:00:00,34.674,N
KRN002,2026-02-07 12:10:00,34.663,N
KRN002,2026-02-07 12:20:00,34.642,N
KRN002,2026-02-07 12:30:00,34.633,N
KRN002,2026-02-07 12:40:00,34.623,N
KRN002,2026-02-07 12:50:00,34.615,N
KRN002,2026-02-07 13:00:00,34.596,N
KRN002,2026-02-07 13:10:00,34.594,N
KRN002,2026-02-07 13:20:00,34.588,N
KRN002,2026-02-07 13:30:00,34.581,N
KRN002,2026-02-07 13:40:00,34.581,N
KRN002,2026-02-07 13:50:00,34.578,N
KRN002,2026-02-07 14:00:00,34.578,N
KRN002,2026-02-07 14:10:00,34.581,N
KRN002,2026-02-07 14:20:00,34.585,N
KRN002,2026-02-07 14:30:00,34.591,N
KRN002,2026-02-07 14:40:00,34.596,N
KRN002,2026-02-07 14:50:00,34.607,N
KRN002,2026-02-07 15:00:00,34.62,N
KRN002,2026-02-07 15:10:00,34.63,N
KRN002,2026-02-07 15:20:00,34.646,N
KRN002,2026-02-07 15:30:00,34.659,N
KRN002,2026-02-07 15:40:00,34.678,N
KRN002,2026-02-07 15:50:00,34.694,N
KRN002,2026-02-07 16:00:00,34.716,N
KRN002,2026-02-07 16:10:00,34.742,N
KRN002,2026-02-07 16:20:00,34.76,N
KRN002,2026-02-07 16:30:00,34.779,N
KRN002,2026-02-07 16:40:00,34.802,N
KRN002,2026-02-07 16:50:00,34.83,N
KRN002,2026-02-07 17:00:00,34.853,N
KRN002,2026-02-07 17:10:00,34.877,N
KRN002,2026-02-07 17:20:00,34.902,N
KRN002,2026-02-07 17:30:00,34.932,N
KRN002,2026-02-07 17:40:00,34.953,N
KRN002,2026-02-07 17:50:00,34.976,N
KRN002,2026-02-07 18:00:00,35.003,N
KRN002,2026-02-07 18:10:00,35.025,N
KRN002,2026-02-07 18:20:00,35.052,N
KRN002,2026-02-07 18:30:00,35.079,N
KRN002,2026-02-07 18:40:00,35.102,N
KRN002,2026-02-07 18:50:00,35.125,N
KRN002,2026-02-07 19:00:00,35.146,N
KRN002,2026-02-07 19:10:00,35.166,N
KRN002,2026-02-07 19:20:00,35.193,N
KRN002,2026-02-07 19:30:00,35.211,N
KRN002,2026-02-07 19:40:00,35.23,N
KRN002,2026-02-07 19:50:00,35.26,N
KRN002,2026-02-07 20:00:00,35.275,N
KRN002,2026-02-07 20:10:00,35.291,N
KRN002,2026-02-07 20:20:00,35.31,N
KRN002,2026-02-07 20:30:00,35.328,N
KRN002,2026-02-07 20:40:00,35.348,N
KRN002,2026-02-07 20:50:00,35.364,N
KRN002,2026-02-07 21:00:00,35.378,N
KRN002,2026-02-07 21:10:00,35.39,N
KRN002,2026-02-07 21:20:00,35.406,N
KRN002,2026-02-07 21:30:00,35.413,N
KRN002,2026-02-07 21:40:00,35.425,N
KRN002,2026-02-07 21:50:00,35.441,N
KRN002,2026-02-07 22:00:00,35.448,N
KRN002,2026-02-07 22:10:00,35.458,N
KRN002,2026-02-07 22:20:00,35.467,N
KRN002,2026-02-07 22:30:00,35.475,N
KRN002,2026-02-07 22:40:00,35.485,N
KRN002,2026-02-07 22:50:00,35.481,N
KRN002,2026-02-07 23:00:00,35.496,N
KRN002,2026-02-07 23:10:00,35.505,N
KRN002,2026-02-07 23:20:00,35.502,N
KRN002,2026-02-07 23:30:00,35.505,N
KRN002,2026-02-07 23:40:00,35.503,N
KRN002,2026-02-07 23:50:00,35.509,N
KRN002,2026-02-08 00:00:00,35.512,N
KRN002,2026-02-08 00:10:00,35.507,N
KRN002,2026-02-08 00:20:00,35.507,N
KRN002,2026-02-08 00:30:00,35.506,N
KRN002,2026-02-08 00:40:00,35.503,N
KRN002,2026-02-08 00:50:00,35.499,N
KRN002,2026-02-08 01:00:00,35.499,N
KRN002,2026-02-08 01:10:00,35.496,N
KRN002,2026-02-08 01:20:00,35.494,N
KRN002,2026-02-08 01:30:00,35.486,N
KRN002,2026-02-08 01:40:00,35.477,N
KRN002,2026-02-08 01:50:00,35.472,N
KRN002,2026-02-08 02:00:00,35.462,N
KRN002,2026-02-08 02:10:00,35.448,N
KRN002,2026-02-08 02:20:00,35.444,N
KRN002,2026-02-08 02:30:00,35.436,N
KRN002,2026-02-08 02:40:00,35.427,N
KRN002,2026-02-08 02:50:00,35.413,N
KRN002,2026-02-08 03:00:00,35.404,N
KRN002,2026-02-08 03:10:00,35.389,N
KRN002,2026-02-08 03:20:00,35.377,N
KRN002,2026-02-08 03:30:00,35.363,N
KRN002,2026-02-08 03:40:00,35.35,N
KRN002,2026-02-08 03:50:00,35.335,N
KRN002,2026-02-08 04:00:00,35.322,N
KRN002,2026-02-08 04:10:00,35.303,N
KRN002,2026-02-08 04:20:00,35.283,N
KRN002,2026-02-08 04:30:00,35.275,N
KRN002,2026-02-08 04:40:00,35.257,N
KRN002,2026-02-08 04:50:00,35.235,N
KRN002,2026-02-08 05:00:00,35.222,N
KRN002,2026-02-08 05:10:00,35.199,N
KRN002,2026-02-08 05:20:00,35.186,N
KRN002,2026-02-08 05:30:00,35.162,N
KRN002,2026-02-08 05:40:00,35.146,N
KRN002,2026-02-08 05:50:00,35.124,N
KRN002,2026-02-08 06:00:00,35.107,N
KRN002,2026-02-08 06:10:00,35.082,N
KRN002,2026-02-08 06:20:00,35.065,N
KRN002,2026-02-08 06:30:00,35.042,N
KRN002,2026-02-08 06:40:00,35.023,N
KRN002,2026-02-08 06:50:00,35.001,N
KRN002,2026-02-08 07:00:00,34.978,N
KRN002,2026-02-08 07:10:00,34.957,N
KRN002,2026-02-08 07:20:00,34.935,N
KRN002,2026-02-08 07:30:00,34.913,N
KRN002,2026-02-08 07:40:00,34.888,N
KRN002,2026-02-08 07:50:00,34.859,N
KRN002,2026-02-08 08:00:00,34.84,N
KRN002,2026-02-08 08:10:00,34.816,N
KRN002,2026-02-08 08:20:00,34.79,N
KRN002,2026-02-08 08:30:00,34.771,N
KRN002,2026-02-08 08:40:00,34.743,N
KRN002,2026-02-08 08:50:00,34.719,N
KRN002,2026-02-08 09:00:00,34.697,N
KRN002,2026-02-08 09:10:00,34.67,N
KRN002,2026-02-08 09:20:00,34.648,N
KRN002,2026-02-08 09:30:00,34.62,N
KRN002,2026-02-08 09:40:00,34.599,N
KRN002,2026-02-08 09:50:00,34.579,N
KRN002,2026-02-08 10:00:00,34.554,N
KRN002,2026-02-08 10:10:00,34.531,N
KRN002,2026-02-08 10:20:00,34.51,N
KRN002,2026-02-08 10:30:00,34.479,N
KRN002,2026-02-08 10:40:00,34.466,N
KRN002,2026-02-08 10:50:00,34.443,N
KRN002,2026-02-08 11:00:00,34.424,N
KRN002,2026-02-08 11:10:00,34.402,N
KRN002,2026-02-08 11:20:00,34.381,N
KRN002,2026-02-08 11:30:00,34.364,N
KRN002,2026-02-08 11:40:00,34.348,N
KRN002,2026-02-08 11:50:00,34.329,N
KRN002,2026-02-08 12:00:00,34.316,N
KRN002,2026-02-08 12:10:00,34.295,N
KRN002,2026-02-08 12:20:00,34.287,N
KRN002,2026-02-08 12:30:00,34.279,N
KRN002,2026-02-08 12:40:00,34.271,N
KRN002,2026-02-08 12:50:00,34.262,N
KRN002,2026-02-08 13:00:00,34.266,N
KRN002,2026-02-08 13:10:00,34.26,N
KRN002,2026-02-08 13:20:00,34.255,N
KRN002,2026-02-08 13:30:00,34.266,N
KRN002,2026-02-08 13:40:00,34.273,N
KRN002,2026-02-08 13:50:00,34.284,N
KRN002,2026-02-08 14:00:00,34.293,N
KRN002,2026-02-08 14:10:00,34.302,N
KRN002,2026-02-08 14:20:00,34.323,N
KRN002,2026-02-08 14:30:00,34.339,N
KRN002,2026-02-08 14:40:00,34.357,N
KRN002,2026-02-08 14:50:00,34.382,N
KRN002,2026-02-08 15:00:00,34.408,N
KRN002,2026-02-08 15:10:00,34.427,N
KRN002,2026-02-08 15:20:00,34.458,N
KRN002,2026-02-08 15:30:00,34.487,N
KRN002,2026-02-08 15:40:00,34.524,N
KRN002,2026-02-08 15:50:00,34.547,N
KRN002,2026-02-08 16:00:00,34.579,N
KRN002,2026-02-08 16:10:00,34.615,N
KRN002,2026-02-08 16:20:00,34.649,N
KRN002,2026-02-08 16:30:00,34.695,N
KRN002,2026-02-08 16:40:00,34.725,N
KRN002,2026-02-08 16:50:00,34.756,N
KRN002,2026-02-08 17:00:00,34.793,N
KRN002,2026-02-08 17:10:00,34.83,N
KRN002,2026-02-08 17:20:00,34.866,N
KRN002,2026-02-08 17:30:00,34.901,N
KRN002,2026-02-08 17:40:00,34.941,N
KRN002,2026-02-08 17:50:00,34.977,N
KRN002,2026-02-08 18:00:00,35.023,N
KRN002,2026-02-08 18:10:00,35.051,N
KRN002,2026-02-08 18:20:00,35.08,N
KRN002,2026-02-08 18:30:00,35.12,N
KRN002,2026-02-08 18:40:00,35.153,N
KRN002,2026-02-08 18:50:00,35.194,N
KRN002,2026-02-08 19:00:00,35.228,N
KRN002,2026-02-08 19:10:00,35.269,N
KRN002,2026-02-08 19:20:00,35.297,N
KRN002,2026-02-08 19:30:00,35.335,N
KRN002,2026-02-08 19:40:00,35.364,N
KRN002,2026-02-08 19:50:00,35.405,N
KRN002,2026-02-08 20:00:00,35.433,N
KRN002,2026-02-08 20:10:00,35.465,N
KRN002,2026-02-08 20:20:00,35.496,N
KRN002,2026-02-08 20:30:00,35.529,N
KRN002,2026-02-08 20:40:00,35.562,N
KRN002,2026-02-08 20:50:00,35.59,N
KRN002,2026-02-08 21:00:00,35.623,N
KRN002,2026-02-08 21:10:00,35.649,N
KRN002,2026-02-08 21:20:00,35.679,N
KRN002,2026-02-08 21:30:00,35.709,N
KRN002,2026-02-08 21:40:00,35.736,N
KRN002,2026-02-08 21:50:00,35.757,N
KRN002,2026-02-08 22:00:00,35.794,N
KRN002,2026-02-08 22:10:00,35.813,N
KRN002,2026-02-08 22:20:00,35.846,N
KRN002,2026-02-08 22:30:00,35.867,N
KRN002,2026-02-08 22:40:00,35.891,N
KRN002,2026-02-08 22:50:00,35.912,N
KRN002,2026-02-08 23:00:00,35.943,N
KRN002,2026-02-08 23:10:00,35.964,N
KRN002,2026-02-08 23:20:00,35.985,N
KRN002,2026-02-08 23:30:00,36.009,N
KRN002,2026-02-08 23:40:00,36.031,N
KRN002,2026-02-08 23:50:00,36.048,N
KRN002,2026-02-09 00:00:00,36.07,N
KRN002,2026-02-09 00:10:00,36.087,N
KRN002,2026-02-09 00:20:00,36.101,N
KRN002,2026-02-09 00:30:00,36.113,N
KRN002,2026-02-09 00:40:00,36.134,N
KRN002,2026-02-09 00:50:00,36.154,N
KRN002,2026-02-09 01:00:00,36.166,N
KRN002,2026-02-09 01:10:00,36.178,N
KRN002,2026-02-09 01:20:00,36.195,N
KRN002,2026-02-09 01:30:00,36.203,N
KRN002,2026-02-09 01:40:00,36.218,N
KRN002,2026-02-09 01:50:00,36.227,N
KRN002,2026-02-09 02:00:00,36.243,N
KRN002,2026-02-09 02:10:00,36.252,N
KRN002,2026-02-09 02:20:00,36.262,N
KRN002,2026-02-09 02:30:00,36.262,N
KRN002,2026-02-09 02:40:00,36.276,N
KRN002,2026-02-09 02:50:00,36.275,N
KRN002,2026-02-09 03:00:00,36.283,N
KRN002,2026-02-09 03:10:00,36.29,N
KRN002,2026-02-09 03:20:00,36.299,N
KRN002,2026-02-09 03:30:00,36.302,N
KRN002,2026-02-09 03:40:00,36.298,N
KRN002,2026-02-09 03:50:00,36.298,N
KRN002,2026-02-09 04:00:00,36.303,N
KRN002,2026-02-09 04:10:00,36.3,N
KRN002,2026-02-09 04:20:00,36.302,N
KRN002,2026-02-09 04:30:00,36.302,N
KRN002,2026-02-09 04:40:00,36.303,N
KRN002,2026-02-09 04:50:00,36.3,N
KRN002,2026-02-09 05:00:00,36.3,N
KRN002,2026-02-09 05:10:00,36.291,N
KRN002,2026-02-09 05:20:00,36.289,N
KRN002,2026-02-09 05:30:00,36.291,N
KRN002,2026-02-09 05:40:00,36.282,N
KRN002,2026-02-09 05:50:00,36.276,N
KRN002,2026-02-09 06:00:00,36.265,N
KRN002,2026-02-09 06:10:00,36.265,N
KRN002,2026-02-09 06:20:00,36.251,N
KRN002,2026-02-09 06:30:00,36.252,N
KRN002,2026-02-09 06:40:00,36.243,N
KRN002,2026-02-09 06:50:00,36.235,N
KRN002,2026-02-09 07:00:00,36.232,N
KRN002,2026-02-09 07:10:00,36.222,N
KRN002,2026-02-09 07:20:00,36.211,N
KRN002,2026-02-09 07:30:00,36.208,N
KRN002,2026-02-09 07:40:00,36.196,N
KRN002,2026-02-09 07:50:00,36.188,N
KRN002,2026-02-09 08:00:00,36.177,N
KRN002,2026-02-09 08:10:00,36.166,N
KRN002,2026-02-09 08:20:00,36.162,N
KRN002,2026-02-09 08:30:00,36.157,N
KRN002,2026-02-09 08:40:00,36.152,N
KRN002,2026-02-09 08:50:00,36.132,N
KRN002,2026-02-09 09:00:00,36.129,N
KRN002,2026-02-09 09:10:00,36.12,N
KRN002,2026-02-09 09:20:00,36.111,N
KRN002,2026-02-09 09:30:00,36.102,N
KRN002,2026-02-09 09:40:00,36.099,N
KRN002,2026-02-09 09:50:00,36.089,N
KRN002,2026-02-09 10:00:00,36.084,N
KRN002,2026-02-09 10:10:00,36.074,N
KRN002,2026-02-09 10:20:00,36.066,N
KRN002,2026-02-09 10:30:00,36.06,N
KRN002,2026-02-09 10:40:00,36.057,N
KRN002,2026-02-09 10:50:00,36.061,N
KRN002,2026-02-09 11:00:00,36.057,N
KRN002,2026-02-09 11:10:00,36.059,N
KRN002,2026-02-09 11:20:00,36.051,N
KRN002,2026-02-09 11:30:00,36.048,N
KRN002,2026-02-09 11:40:00,36.046,N
KRN002,2026-02-09 11:50:00,36.038,N
KRN002,2026-02-09 12:00:00,36.044,N
KRN002,2026-02-09 12:10:00,36.038,N
KRN002,2026-02-09 12:20:00,36.043,N
KRN002,2026-02-09 12:30:00,36.043,N
KRN002,2026-02-09 12:40:00,36.057,N
KRN002,2026-02-09 12:50:00,36.054,N
KRN002,2026-02-09 13:00:00,36.045,N
KRN002,2026-02-09 13:10:00,36.058,N
KRN002,2026-02-09 13:20:00,36.06,N
KRN002,2026-02-09 13:30:00,36.074,N
KRN002,2026-02-09 13:40:00,36.074,N
KRN002,2026-02-09 13:50:00,36.084,N
KRN002,2026-02-09 14:00:00,36.085,N
KRN002,2026-02-09 14:10:00,36.093,N
KRN002,2026-02-09 14:20:00,36.095,N
KRN002,2026-02-09 14:30:00,36.103,N
KRN002,2026-02-09 14:40:00,36.112,N
KRN002,2026-02-09 14:50:00,36.123,N
KRN002,2026-02-09 15:00:00,36.136,N
KRN002,2026-02-09 15:10:00,36.139,N
KRN002,2026-02-09 15:20:00,36.147,N
KRN002,2026-02-09 15:30:00,36.148,N
KRN002,2026-02-09 15:40:00,36.159,N
KRN002,2026-02-09 15:50:00,36.168,N
KRN002,2026-02-09 16:00:00,36.174,N
KRN002,2026-02-09 16:10:00,36.181,N
KRN002,2026-02-09 16:20:00,36.193,N
KRN002,2026-02-09 16:30:00,36.2,N
KRN002,2026-02-09 16:40:00,36.211,N
KRN002,2026-02-09 16:50:00,36.224,N
KRN002,2026-02-09 17:00:00,36.216,N
KRN002,2026-02-09 17:10:00,36.228,N
KRN002,2026-02-09 17:20:00,36.243,N
KRN002,2026-02-09 17:30:00,36.243,N
KRN002,2026-02-09 17:40:00,36.252,N
KRN002,2026-02-09 17:50:00,36.257,N
KRN002,2026-02-09 18:00:00,36.268,N
KRN002,2026-02-09 18:10:00,36.277,N
KRN002,2026-02-09 18:20:00,36.283,N
KRN002,2026-02-09 18:30:00,36.29,N
KRN002,2026-02-09 18:40:00,36.297,N
KRN002,2026-02-09 18:50:00,36.3,N
KRN002,2026-02-09 19:00:00,36.304,N
KRN002,2026-02-09 19:10:00,36.311,N
KRN002,2026-02-09 19:20:00,36.313,N
KRN002,2026-02-09 19:30:00,36.317,N
KRN002,2026-02-09 19:40:00,36.323,N
KRN002,2026-02-09 19:50:00,36.318,N
KRN002,2026-02-09 20:00:00,36.328,N
KRN002,2026-02-09 20:10:00,36.331,N
KRN002,2026-02-09 20:20:00,36.337,N
KRN002,2026-02-09 20:30:00,36.328,N
KRN002,2026-02-09 20:40:00,36.331,N
KRN002,2026-02-09 20:50:00,36.336,N
KRN002,2026-02-09 21:00:00,36.331,N
KRN002,2026-02-09 21:10:00,36.331,N
KRN002,2026-02-09 21:20:00,36.331,N
KRN002,2026-02-09 21:30:00,36.331,N
KRN002,2026-02-09 21:40:00,36.328,N
KRN002,2026-02-09 21:50:00,36.327,N
KRN002,2026-02-09 22:00:00,36.321,N
KRN002,2026-02-09 22:10:00,36.323,N
KRN002,2026-02-09 22:20:00,36.316,N
KRN002,2026-02-09 22:30:00,36.312,N
KRN002,2026-02-09 22:40:00,36.307,N
KRN002,2026-02-09 22:50:00,36.302,N
KRN002,2026-02-09 23:00:00,36.302,N
KRN002,2026-02-09 23:10:00,36.293,N
KRN002,2026-02-09 23:20:00,36.287,N
KRN002,2026-02-09 23:30:00,36.286,N
KRN002,2026-02-09 23:40:00,36.278,N
KRN002,2026-02-09 23:50:00,36.271,N
KRN002,2026-02-10 00:00:00,36.265,N
KRN002,2026-02-10 00:10:00,36.264,N
KRN002,2026-02-10 00:20:00,36.255,N
KRN002,2026-02-10 00:30:00,36.251,N
KRN002,2026-02-10 00:40:00,36.244,N
KRN002,2026-02-10 00:50:00,36.236,N
KRN002,2026-02-10 01:00:00,36.236,N
KRN002,2026-02-10 01:10:00,36.224,N
KRN002,2026-02-10 01:20:00,36.218,N
KRN002,2026-02-10 01:30:00,36.214,N
KRN002,2026-02-10 01:40:00,36.208,N
KRN002,2026-02-10 01:50:00,36.2,N
KRN002,2026-02-10 02:00:00,36.196,N
KRN002,2026-02-10 02:10:00,36.195,N
KRN002,2026-02-10 02:20:00,36.189,N
KRN002,2026-02-10 02:30:00,36.181,N
KRN002,2026-02-10 02:40:00,36.177,N
KRN002,2026-02-10 02:50:00,36.174,N
KRN002,2026-02-10 03:00:00,36.17,N
KRN002,2026-02-10 03:10:00,36.164,N
KRN002,2026-02-10 03:20:00,36.156,N
KRN002,2026-02-10 03:30:00,36.162,N
KRN002,2026-02-10 03:40:00,36.15,N
KRN002,2026-02-10 03:50:00,36.152,N
KRN002,2026-02-10 04:00:00,36.147,N
KRN002,2026-02-10 04:10:00,36.142,N
KRN002,2026-02-10 04:20:00,36.14,N
KRN002,2026-02-10 04:30:00,36.135,N
KRN002,2026-02-10 04:40:00,36.134,N
KRN002,2026-02-10 04:50:00,36.134,N
KRN002,2026-02-10 05:00:00,36.135,N
KRN002,2026-02-10 05:10:00,36.135,N
KRN002,2026-02-10 05:20:00,36.136,N
KRN002,2026-02-10 05:30:00,36.134,N
KRN002,2026-02-10 05:40:00,36.136,N
KRN002,2026-02-10 05:50:00,36.135,N
KRN002,2026-02-10 06:00:00,36.137,N
KRN002,2026-02-10 06:10:00,36.141,N
KRN002,2026-02-10 06:20:00,36.143,N
KRN002,2026-02-10 06:30:00,36.145,N
KRN002,2026-02-10 06:40:00,36.15,N
KRN002,2026-02-10 06:50:00,36.155,N
KRN002,2026-02-10 07:00:00,36.154,N
KRN002,2026-02-10 07:10:00,36.16,N
KRN002,2026-02-10 07:20:00,36.162,N
KRN002,2026-02-10 07:30:00,36.173,N
KRN002,2026-02-10 07:40:00,36.181,N
KRN002,2026-02-10 07:50:00,36.177,N
KRN002,2026-02-10 08:00:00,36.189,N
KRN002,2026-02-10 08:10:00,36.188,N
KRN002,2026-02-10 08:20:00,36.194,N
KRN002,2026-02-10 08:30:00,36.204,N
KRN002,2026-02-10 08:40:00,36.204,N
KRN002,2026-02-10 08:50:00,36.217,N
KRN002,2026-02-10 09:00:00,36.235,N
KRN002,2026-02-10 09:10:00,36.235,N
KRN002,2026-02-10 09:20:00,36.243,N
KRN002,2026-02-10 09:30:00,36.257,N
KRN002,2026-02-10 09:40:00,36.258,N
KRN002,2026-02-10 09:50:00,36.273,N
KRN002,2026-02-10 10:00:00,36.279,N
KRN002,2026-02-10 10:10:00,36.291,N
KRN002,2026-02-10 10:20:00,36.297,N
KRN002,2026-02-10 10:30:00,36.311,N
KRN002,2026-02-10 10:40:00,36.32,N
KRN002,2026-02-10 10:50:00,36.331,N
KRN002,2026-02-10 11:00:00,36.341,N
KRN002,2026-02-10 11:10:00,36.35,N
KRN002,2026-02-10 11:20:00,36.361,N
KRN002,2026-02-10 11:30:00,36.372,N
KRN002,2026-02-10 11:40:00,36.385,N
KRN002,2026-02-10 11:50:00,36.395,N
KRN002,2026-02-10 12:00:00,36.406,N
KRN002,2026-02-10 12:10:00,36.413,N
KRN002,2026-02-10 12:20:00,36.427,N
KRN002,2026-02-10 12:30:00,36.441,N
KRN002,2026-02-10 12:40:00,36.447,N
KRN002,2026-02-10 12:50:00,36.467,N
KRN002,2026-02-10 13:00:00,36.476,N
KRN002,2026-02-10 13:10:00,36.483,N
KRN002,2026-02-10 13:20:00,36.503,N
KRN002,2026-02-10 13:30:00,36.51,N
KRN002,2026-02-10 13:40:00,36.531,N
KRN002,2026-02-10 13:50:00,36.535,N
KRN002,2026-02-10 14:00:00,36.549,N
KRN002,2026-02-10 14:10:00,36.557,N
KRN002,2026-02-10 14:20:00,36.566,N
KRN002,2026-02-10 14:30:00,36.576,N
KRN002,2026-02-10 14:40:00,36.585,N
KRN002,2026-02-10 14:50:00,36.586,N
KRN002,2026-02-10 15:00:00,36.607,N
KRN002,2026-02-10 15:10:00,36.62,N
KRN002,2026-02-10 15:20:00,36.623,N
KRN002,2026-02-10 15:30:00,36.64,N
KRN002,2026-02-10 15:40:00,36.653,N
KRN002,2026-02-10 15:50:00,36.662,N
KRN002,2026-02-10 16:00:00,36.662,N
KRN002,2026-02-10 16:10:00,36.677,N
KRN002,2026-02-10 16:20:00,36.678,N
KRN002,2026-02-10 16:30:00,36.699,N
KRN002,2026-02-10 16:40:00,36.696,N
KRN002,2026-02-10 16:50:00,36.711,N
KRN002,2026-02-10 17:00:00,36.718,N
KRN002,2026-02-10 17:10:00,36.73,N
KRN002,2026-02-10 17:20:00,36.733,N
KRN002,2026-02-10 17:30:00,36.745,N
KRN002,2026-02-10 17:40:00,36.752,N
KRN002,2026-02-10 17:50:00,36.75,N
KRN002,2026-02-10 18:00:00,36.769,N
KRN002,2026-02-10 18:10:00,36.77,N
KRN002,2026-02-10 18:20:00,36.776,N
KRN002,2026-02-10 18:30:00,36.789,N
KRN002,2026-02-10 18:40:00,36.782,N
KRN002,2026-02-10 18:50:00,36.796,N
KRN002,2026-02-10 19:00:00,36.807,N
KRN002,2026-02-10 19:10:00,36.814,N
KRN002,2026-02-10 19:20:00,36.814,N
KRN002,2026-02-10 19:30:00,36.82,N
KRN002,2026-02-10 19:40:00,36.824,N
KRN002,2026-02-10 19:50:00,36.823,N
KRN002,2026-02-10 20:00:00,36.83,N
KRN002,2026-02-10 20:10:00,36.841,N
KRN002,2026-02-10 20:20:00,36.846,N
KRN002,2026-02-10 20:30:00,36.848,N
KRN002,2026-02-10 20:40:00,36.846,N
KRN002,2026-02-10 20:50:00,36.854,N
KRN002,2026-02-10 21:00:00,36.859,N
KRN002,2026-02-10 21:10:00,36.856,N
KRN002,2026-02-10 21:20:00,36.866,N
KRN002,2026-02-10 21:30:00,36.866,N
KRN002,2026-02-10 21:40:00,36.87,N
KRN002,2026-02-10 21:50:00,36.868,N
KRN002,2026-02-10 22:00:00,36.87,N
KRN002,2026-02-10 22:10:00,36.88,N
KRN002,2026-02-10 22:20:00,36.876,N
KRN002,2026-02-10 22:30:00,36.879,N
KRN002,2026-02-10 22:40:00,36.885,N
KRN002,2026-02-10 22:50:00,36.889,N
KRN002,2026-02-10 23:00:00,36.889,N
KRN002,2026-02-10 23:10:00,36.889,N
KRN002,2026-02-10 23:20:00,36.887,N
KRN002,2026-02-10 23:30:00,36.893,N
KRN002,2026-02-10 23:40:00,36.898,N
KRN002,2026-02-10 23:50:00,36.895,N
KRN002,2026-02-11 00:00:00,36.897,N
KRN002,2026-02-11 00:10:00,36.905,N
KRN002,2026-02-11 00:20:00,36.904,N
KRN002,2026-02-11 00:30:00,36.905,N
KRN002,2026-02-11 00:40:00,36.895,N
KRN002,2026-02-11 00:50:00,36.903,N
KRN002,2026-02-11 01:00:00,36.902,N
KRN002,2026-02-11 01:10:00,36.909,N
KRN002,2026-02-11 01:20:00,36.899,N
KRN002,2026-02-11 01:30:00,36.906,N
KRN002,2026-02-11 01:40:00,36.91,N
KRN002,2026-02-11 01:50:00,36.904,N
KRN002,2026-02-11 02:00:00,36.904,N
KRN002,2026-02-11 02:10:00,36.899,N
KRN002,2026-02-11 02:20:00,36.899,N
KRN002,2026-02-11 02:30:00,36.906,N
KRN002,2026-02-11 02:40:00,36.903,N
KRN002,2026-02-11 02:50:00,36.893,N
KRN002,2026-02-11 03:00:00,36.896,N
KRN002,2026-02-11 03:10:00,36.892,N
KRN002,2026-02-11 03:20:00,36.892,N
KRN002,2026-02-11 03:30:00,36.891,N
KRN002,2026-02-11 03:40:00,36.89,N
KRN002,2026-02-11 03:50:00,36.89,N
KRN002,2026-02-11 04:00:00,36.885,N
KRN002,2026-02-11 04:10:00,36.878,N
KRN002,2026-02-11 04:20:00,36.878,N
KRN002,2026-02-11 04:30:00,36.875,N
KRN002,2026-02-11 04:40:00,36.875,N
KRN002,2026-02-11 04:50:00,36.865,N
KRN002,2026-02-11 05:00:00,36.864,N
KRN002,2026-02-11 05:10:00,36.857,N
KRN002,2026-02-11 05:20:00,36.864,N
KRN002,2026-02-11 05:30:00,36.854,N
KRN002,2026-02-11 05:40:00,36.848,N
KRN002,2026-02-11 05:50:00,36.844,N
KRN002,2026-02-11 06:00:00,36.841,N
KRN002,2026-02-11 06:10:00,36.838,N
KRN002,2026-02-11 06:20:00,36.835,N
KRN002,2026-02-11 06:30:00,36.825,N
KRN002,2026-02-11 06:40:00,36.823,N
KRN002,2026-02-11 06:50:00,36.816,N
KRN002,2026-02-11 07:00:00,36.809,N
KRN002,2026-02-11 07:10:00,36.804,N
KRN002,2026-02-11 07:20:00,36.8,N
KRN002,2026-02-11 07:30:00,36.796,N
KRN002,2026-02-11 07:40:00,36.789,N
KRN002,2026-02-11 07:50:00,36.78,N
KRN002,2026-02-11 08:00:00,36.768,N
KRN002,2026-02-11 08:10:00,36.766,N
KRN002,2026-02-11 08:20:00,36.759,N
KRN002,2026-02-11 08:30:00,36.75,N
KRN002,2026-02-11 08:40:00,36.75,N
KRN002,2026-02-11 08:50:00,36.743,N
KRN002,2026-02-11 09:00:00,36.73,N
KRN002,2026-02-11 09:10:00,36.734,N
KRN002,2026-02-11 09:20:00,36.726,N
KRN002,2026-02-11 09:30:00,36.719,N
KRN002,2026-02-11 09:40:00,36.715,N
KRN002,2026-02-11 09:50:00,36.7,N
KRN002,2026-02-11 10:00:00,36.696,N
KRN002,2026-02-11 10:10:00,36.695,N
KRN002,2026-02-11 10:20:00,36.685,N
KRN002,2026-02-11 10:30:00,36.671,N
KRN002,2026-02-11 10:40:00,36.671,N
KRN002,2026-02-11 10:50:00,36.66,N
KRN002,2026-02-11 11:00:00,36.66,N
KRN002,2026-02-11 11:10:00,36.646,N
KRN002,2026-02-11 11:20:00,36.646,N
KRN002,2026-02-11 11:30:00,36.643,N
KRN002,2026-02-11 11:40:00,36.638,N
KRN002,2026-02-11 11:50:00,36.636,N
KRN002,2026-02-11 12:00:00,36.621,N
KRN002,2026-02-11 12:10:00,36.62,N
KRN002,2026-02-11 12:20:00,36.611,N
KRN002,2026-02-11 12:30:00,36.604,N
KRN002,2026-02-11 12:40:00,36.606,N
KRN002,2026-02-11 12:50:00,36.607,N
KRN002,2026-02-11 13:00:00,36.599,N
KRN002,2026-02-11 13:10:00,36.596,N
KRN002,2026-02-11 13:20:00,36.585,N
KRN002,2026-02-11 13:30:00,36.59,N
KRN002,2026-02-11 13:40:00,36.589,N
KRN002,2026-02-11 13:50:00,36.579,N
KRN002,2026-02-11 14:00:00,36.578,N
KRN002,2026-02-11 14:10:00,36.573,N
KRN002,2026-02-11 14:20:00,36.571,N
KRN002,2026-02-11 14:30:00,36.577,N
KRN002,2026-02-11 14:40:00,36.572,N
KRN002,2026-02-11 14:50:00,36.569,N
KRN002,2026-02-11 15:00:00,36.565,N
KRN002,2026-02-11 15:10:00,36.569,N
KRN002,2026-02-11 15:20:00,36.569,N
KRN002,2026-02-11 15:30:00,36.572,N
KRN002,2026-02-11 15:40:00,36.565,N
KRN002,2026-02-11 15:50:00,36.558,N
KRN002,2026-02-11 16:00:00,36.566,N
KRN002,2026-02-11 16:10:00,36.565,N
KRN002,2026-02-11 16:20:00,36.556,N
KRN002,2026-02-11 16:30:00,36.563,N
KRN002,2026-02-11 16:40:00,36.562,N
KRN002,2026-02-11 16:50:00,36.563,N
KRN002,2026-02-11 17:00:00,36.559,N
KRN002,2026-02-11 17:10:00,36.555,N
KRN002,2026-02-11 17:20:00,36.561,N
KRN002,2026-02-11 17:30:00,36.564,N
KRN002,2026-02-11 17:40:00,36.553,N
KRN002,2026-02-11 17:50:00,36.556,N
KRN002,2026-02-11 18:00:00,36.549,N
KRN002,2026-02-11 18:10:00,36.552,N
KRN002,2026-02-11 18:20:00,36.559,N
KRN002,2026-02-11 18:30:00,36.552,N
KRN002,2026-02-11 18:40:00,36.549,N
KRN002,2026-02-11 18:50:00,36.553,N
KRN002,2026-02-11 19:00:00,36.552,N
KRN002,2026-02-11 19:10:00,36.552,N
KRN002,2026-02-11 19:20:00,36.544,N
KRN002,2026-02-11 19:30:00,36.543,N
KRN002,2026-02-11 19:40:00,36.538,N
KRN002,2026-02-11 19:50:00,36.545,N
KRN002,2026-02-11 20:00:00,36.53,N
KRN002,2026-02-11 20:10:00,36.529,N
KRN002,2026-02-11 20:20:00,36.524,N
KRN002,2026-02-11 20:30:00,36.525,N
KRN002,2026-02-11 20:40:00,36.52,N
KRN002,2026-02-11 20:50:00,36.522,N
KRN002,2026-02-11 21:00:00,36.511,N
KRN002,2026-02-11 21:10:00,36.507,N
KRN002,2026-02-11 21:20:00,36.507,N
KRN002,2026-02-11 21:30:00,36.504,N
KRN002,2026-02-11 21:40:00,36.493,N
KRN002,2026-02-11 21:50:00,36.487,N
KRN002,2026-02-11 22:00:00,36.481,N
KRN002,2026-02-11 22:10:00,36.477,N
KRN002,2026-02-11 22:20:00,36.47,N
KRN002,2026-02-11 22:30:00,36.463,N
KRN002,2026-02-11 22:40:00,36.46,N
KRN002,2026-02-11 22:50:00,36.45,N
KRN002,2026-02-11 23:00:00,36.449,N
KRN002,2026-02-11 23:10:00,36.437,N
KRN002,2026-02-11 23:20:00,36.429,N
KRN002,2026-02-11 23:30:00,36.426,N
KRN002,2026-02-11 23:40:00,36.412,N
KRN002,2026-02-11 23:50:00,36.407,N
KRN002,2026-02-12 00:00:00,36.4,N
KRN002,2026-02-12 00:10:00,36.394,N
KRN002,2026-02-12 00:20:00,36.384,N
KRN002,2026-02-12 00:30:00,36.374,N
KRN002,2026-02-12 00:40:00,36.36,N
KRN002,2026-02-12 00:50:00,36.354,N
KRN002,2026-02-12 01:00:00,36.344,N
KRN002,2026-02-12 01:10:00,36.333,N
KRN002,2026-02-12 01:20:00,36.325,N
KRN002,2026-02-12 01:30:00,36.318,N
KRN002,2026-02-12 01:40:00,36.307,N
KRN002,2026-02-12 01:50:00,36.29,N
KRN002,2026-02-12 02:00:00,36.286,N
KRN002,2026-02-12 02:10:00,36.275,N
KRN002,2026-02-12 02:20:00,36.262,N
KRN002,2026-02-12 02:30:00,36.256,N
KRN002,2026-02-12 02:40:00,36.241,N
KRN002,2026-02-12 02:50:00,36.231,N
KRN002,2026-02-12 03:00:00,36.222,N
KRN002,2026-02-12 03:10:00,36.212,N
KRN002,2026-02-12 03:20:00,36.201,N
KRN002,2026-02-12 03:30:00,36.19,N
KRN002,2026-02-12 03:40:00,36.181,N
KRN002,2026-02-12 03:50:00,36.171,N
KRN002,2026-02-12 04:00:00,36.164,N
KRN002,2026-02-12 04:10:00,36.153,N
KRN002,2026-02-12 04:20:00,36.142,N
KRN002,2026-02-12 04:30:00,36.135,N
KRN002,2026-02-12 04:40:00,36.122,N
KRN002,2026-02-12 04:50:00,36.108,N
KRN002,2026-02-12 05:00:00,36.103,N
KRN002,2026-02-12 05:10:00,36.094,N
KRN002,2026-02-12 05:20:00,36.086,N
KRN002,2026-02-12 05:30:00,36.078,N
KRN002,2026-02-12 05:40:00,36.073,N
KRN002,2026-02-12 05:50:00,36.068,N
KRN002,2026-02-12 06:00:00,36.06,N
KRN002,2026-02-12 06:10:00,36.055,N
KRN002,2026-02-12 06:20:00,36.05,N
KRN002,2026-02-12 06:30:00,36.05,N
KRN002,2026-02-12 06:40:00,36.039,N
KRN002,2026-02-12 06:50:00,36.04,N
KRN002,2026-02-12 07:00:00,36.032,N
KRN002,2026-02-12 07:10:00,36.032,N
KRN002,2026-02-12 07:20:00,36.034,N
KRN002,2026-02-12 07:30:00,36.021,N
KRN002,2026-02-12 07:40:00,36.024,N
KRN002,2026-02-12 07:50:00,36.025,N
KRN002,2026-02-12 08:00:00,36.023,N
KRN002,2026-02-12 08:10:00,36.023,N
KRN002,2026-02-12 08:20:00,36.021,N
KRN002,2026-02-12 08:30:00,36.027,N
KRN002,2026-02-12 08:40:00,36.025,N
KRN002,2026-02-12 08:50:00,36.027,N
KRN002,2026-02-12 09:00:00,36.034,N
KRN002,2026-02-12 09:10:00,36.038,N
KRN002,2026-02-12 09:20:00,36.04,N
KRN002,2026-02-12 09:30:00,36.052,N
KRN002,2026-02-12 09:40:00,36.054,N
KRN002,2026-02-12 09:50:00,36.06,N
KRN002,2026-02-12 10:00:00,36.059,N
KRN002,2026-02-12 10:10:00,36.066,N
KRN002,2026-02-12 10:20:00,36.081,N
KRN002,2026-02-12 10:30:00,36.093,N
KRN002,2026-02-12 10:40:00,36.095,N
KRN002,2026-02-12 10:50:00,36.109,N
KRN002,2026-02-12 11:00:00,36.116,N
KRN002,2026-02-12 11:10:00,36.126,N
KRN002,2026-02-12 11:20:00,36.139,N
KRN002,2026-02-12 11:30:00,36.149,N
KRN002,2026-02-12 11:40:00,36.163,N
KRN002,2026-02-12 11:50:00,36.173,N
KRN002,2026-02-12 12:00:00,36.178,N
KRN002,2026-02-12 12:10:00,36.195,N
KRN002,2026-02-12 12:20:00,36.21,N
KRN002,2026-02-12 12:30:00,36.21,N
KRN002,2026-02-12 12:40:00,36.224,N
KRN002,2026-02-12 12:50:00,36.238,N
KRN002,2026-02-12 13:00:00,36.255,N
KRN002,2026-02-12 13:10:00,36.265,N
KRN002,2026-02-12 13:20:00,36.286,N
KRN002,2026-02-12 13:30:00,36.295,N
KRN002,2026-02-12 13:40:00,36.307,N
KRN002,2026-02-12 13:50:00,36.326,N
KRN002,2026-02-12 14:00:00,36.346,N
KRN002,2026-02-12 14:10:00,36.352,N
KRN002,2026-02-12 14:20:00,36.37,N
KRN002,2026-02-12 14:30:00,36.384,N
KRN002,2026-02-12 14:40:00,36.401,N
KRN002,2026-02-12 14:50:00,36.406,N
KRN002,2026-02-12 15:00:00,36.427,N
KRN002,2026-02-12 15:10:00,36.441,N
KRN002,2026-02-12 15:20:00,36.456,N
KRN002,2026-02-12 15:30:00,36.469,N
KRN002,2026-02-12 15:40:00,36.483,N
KRN002,2026-02-12 15:50:00,36.5,N
KRN002,2026-02-12 16:00:00,36.511,N
KRN002,2026-02-12 16:10:00,36.534,N
KRN002,2026-02-12 16:20:00,36.546,N
KRN002,2026-02-12 16:30:00,36.564,N
KRN002,2026-02-12 16:40:00,36.578,N
KRN002,2026-02-12 16:50:00,36.59,N
KRN002,2026-02-12 17:00:00,36.604,N
KRN002,2026-02-12 17:10:00,36.62,N
KRN002,2026-02-12 17:20:00,36.64,N
KRN002,2026-02-12 17:30:00,36.648,N
KRN002,2026-02-12 17:40:00,36.665,N
KRN002,2026-02-12 17:50:00,36.678,N
KRN002,2026-02-12 18:00:00,36.686,N
KRN002,2026-02-12 18:10:00,36.705,N
KRN002,2026-02-12 18:20:00,36.713,N
KRN002,2026-02-12 18:30:00,36.739,N
KRN002,2026-02-12 18:40:00,36.748,N
KRN002,2026-02-12 18:50:00,36.762,N
KRN002,2026-02-12 19:00:00,36.769,N
KRN002,2026-02-12 19:10:00,36.786,N
KRN002,2026-02-12 19:20:00,36.807,N
KRN002,2026-02-12 19:30:00,36.814,N
KRN002,2026-02-12 19:40:00,36.828,N
KRN002,2026-02-12 19:50:00,36.843,N
KRN002,2026-02-12 20:00:00,36.854,N
KRN002,2026-02-12 20:10:00,36.863,N
KRN002,2026-02-12 20:20:00,36.872,N
KRN002,2026-02-12 20:30:00,36.886,N
KRN002,2026-02-12 20:40:00,36.9,N
KRN002,2026-02-12 20:50:00,36.91,N
KRN002,2026-02-12 21:00:00,36.919,N
KRN002,2026-02-12 21:10:00,36.933,N
KRN002,2026-02-12 21:20:00,36.944,N
KRN002,2026-02-12 21:30:00,36.957,N
KRN002,2026-02-12 21:40:00,36.968,N
KRN002,2026-02-12 21:50:00,36.977,N
KRN002,2026-02-12 22:00:00,36.991,N
KRN002,2026-02-12 22:10:00,36.992,N
KRN002,2026-02-12 22:20:00,37.004,N
KRN002,2026-02-12 22:30:00,37.019,N
KRN002,2026-02-12 22:40:00,37.027,N
KRN002,2026-02-12 22:50:00,37.036,N
KRN002,2026-02-12 23:00:00,37.041,N
KRN002,2026-02-12 23:10:00,37.052,N
KRN002,2026-02-12 23:20:00,37.061,N
KRN002,2026-02-12 23:30:00,37.067,N
KRN002,2026-02-12 23:40:00,37.071,N
KRN002,2026-02-12 23:50:00,37.084,N
KRN002,2026-02-13 00:00:00,37.093,N
KRN002,2026-02-13 00:10:00,37.097,N
KRN002,2026-02-13 00:20:00,37.1,N
KRN002,2026-02-13 00:30:00,37.108,N
KRN002,2026-02-13 00:40:00,37.115,N
KRN002,2026-02-13 00:50:00,37.111,N
KRN002,2026-02-13 01:00:00,37.124,N
KRN002,2026-02-13 01:10:00,37.123,N
KRN002,2026-02-13 01:20:00,37.13,N
KRN002,2026-02-13 01:30:00,37.13,N
KRN002,2026-02-13 01:40:00,37.139,N
KRN002,2026-02-13 01:50:00,37.137,N
KRN002,2026-02-13 02:00:00,37.146,N
KRN002,2026-02-13 02:10:00,37.142,N
KRN002,2026-02-13 02:20:00,37.148,N
KRN002,2026-02-13 02:30:00,37.149,N
KRN002,2026-02-13 02:40:00,37.149,N
KRN002,2026-02-13 02:50:00,37.148,N
KRN002,2026-02-13 03:00:00,37.148,N
KRN002,2026-02-13 03:10:00,37.141,N
KRN002,2026-02-13 03:20:00,37.138,N
KRN002,2026-02-13 03:30:00,37.141,N
KRN002,2026-02-13 03:40:00,37.131,N
KRN002,2026-02-13 03:50:00,37.132,N
KRN002,2026-02-13 04:00:00,37.125,N
KRN002,2026-02-13 04:10:00,37.123,N
KRN002,2026-02-13 04:20:00,37.12,N
KRN002,2026-02-13 04:30:00,37.116,N
KRN002,2026-02-13 04:40:00,37.103,N
KRN002,2026-02-13 04:50:00,37.102,N
KRN002,2026-02-13 05:00:00,37.097,N
KRN002,2026-02-13 05:10:00,37.089,N
KRN002,2026-02-13 05:20:00,37.081,N
KRN002,2026-02-13 05:30:00,37.077,N
KRN002,2026-02-13 05:40:00,37.067,N
KRN002,2026-02-13 05:50:00,37.057,N
KRN002,2026-02-13 06:00:00,37.036,N
KRN002,2026-02-13 06:10:00,37.033,N
KRN002,2026-02-13 06:20:00,37.021,N
KRN002,2026-02-13 06:30:00,37.011,N
KRN002,2026-02-13 06:40:00,36.995,N
KRN002,2026-02-13 06:50:00,36.982,N
KRN002,2026-02-13 07:00:00,36.972,N
KRN002,2026-02-13 07:10:00,36.961,N
KRN002,2026-02-13 07:20:00,36.948,N
KRN002,2026-02-13 07:30:00,36.936,N
KRN002,2026-02-13 07:40:00,36.92,N
KRN002,2026-02-13 07:50:00,36.9,N
KRN002,2026-02-13 08:00:00,36.879,N
KRN002,2026-02-13 08:10:00,36.872,N
KRN002,2026-02-13 08:20:00,36.857,N
KRN002,2026-02-13 08:30:00,36.841,N
KRN002,2026-02-13 08:40:00,36.822,N
KRN002,2026-02-13 08:50:00,36.807,N
KRN002,2026-02-13 09:00:00,36.79,N
KRN002,2026-02-13 09:10:00,36.774,N
KRN002,2026-02-13 09:20:00,36.755,N
KRN002,2026-02-13 09:30:00,36.742,N
KRN002,2026-02-13 09:40:00,36.716,N
KRN002,2026-02-13 09:50:00,36.7,N
KRN002,2026-02-13 10:00:00,36.688,N
KRN002,2026-02-13 10:10:00,36.672,N
KRN002,2026-02-13 10:20:00,36.652,N
KRN002,2026-02-13 10:30:00,36.634,N
KRN002,2026-02-13 10:40:00,36.619,N
KRN002,2026-02-13 10:50:00,36.605,N
KRN002,2026-02-13 11:00:00,36.582,N
KRN002,2026-02-13 11:10:00,36.571,N
KRN002,2026-02-13 11:20:00,36.553,N
KRN002,2026-02-13 11:30:00,36.538,N
KRN002,2026-02-13 11:40:00,36.525,N
KRN002,2026-02-13 11:50:00,36.509,N
KRN002,2026-02-13 12:00:00,36.501,N
KRN002,2026-02-13 12:10:00,36.481,N
KRN002,2026-02-13 12:20:00,36.473,N
KRN002,2026-02-13 12:30:00,36.456,N
KRN002,2026-02-13 12:40:00,36.442,N
KRN002,2026-02-13 12:50:00,36.436,N
KRN002,2026-02-13 13:00:00,36.426,N
KRN002,2026-02-13 13:10:00,36.415,N
KRN002,2026-02-13 13:20:00,36.401,N
KRN002,2026-02-13 13:30:00,36.398,N
KRN002,2026-02-13 13:40:00,36.387,N
KRN002,2026-02-13 13:50:00,36.379,N
KRN002,2026-02-13 14:00:00,36.375,N
KRN002,2026-02-13 14:10:00,36.362,N
KRN002,2026-02-13 14:20:00,36.367,N
KRN002,2026-02-13 14:30:00,36.358,N
KRN002,2026-02-13 14:40:00,36.351,N
KRN002,2026-02-13 14:50:00,36.347,N
KRN002,2026-02-13 15:00:00,36.34,N
KRN002,2026-02-13 15:10:00,36.339,N
KRN002,2026-02-13 15:20:00,36.332,N
KRN002,2026-02-13 15:30:00,36.337,N
KRN002,2026-02-13 15:40:00,36.332,N
KRN002,2026-02-13 15:50:00,36.338,N
KRN002,2026-02-13 16:00:00,36.333,N
KRN002,2026-02-13 16:10:00,36.339,N
KRN002,2026-02-13 16:20:00,36.34,N
KRN002,2026-02-13 16:30:00,36.339,N
KRN002,2026-02-13 16:40:00,36.34,N
KRN002,2026-02-13 16:50:00,36.35,N
KRN002,2026-02-13 17:00:00,36.351,N
KRN002,2026-02-13 17:10:00,36.36,N
KRN002,2026-02-13 17:20:00,36.359,N
KRN002,2026-02-13 17:30:00,36.364,N
KRN002,2026-02-13 17:40:00,36.374,N
KRN002,2026-02-13 17:50:00,36.368,N
KRN002,2026-02-13 18:00:00,36.382,N
KRN002,2026-02-13 18:10:00,36.384,N
KRN002,2026-02-13 18:20:00,36.393,N
KRN002,2026-02-13 18:30:00,36.398,N
KRN002,2026-02-13 18:40:00,36.403,N
KRN002,2026-02-13 18:50:00,36.413,N
KRN002,2026-02-13 19:00:00,36.421,N
KRN002,2026-02-13 19:10:00,36.428,N
KRN002,2026-02-13 19:20:00,36.436,N
KRN002,2026-02-13 19:30:00,36.437,N
KRN002,2026-02-13 19:40:00,36.446,N
KRN002,2026-02-13 19:50:00,36.459,N
KRN002,2026-02-13 20:00:00,36.467,N
KRN002,2026-02-13 20:10:00,36.464,N
KRN002,2026-02-13 20:20:00,36.481,N
KRN002,2026-02-13 20:30:00,36.488,N
KRN002,2026-02-13 20:40:00,36.491,N
KRN002,2026-02-13 20:50:00,36.493,N
KRN002,2026-02-13 21:00:00,36.501,N
KRN002,2026-02-13 21:10:00,36.512,N
KRN002,2026-02-13 21:20:00,36.52,N
KRN002,2026-02-13 21:30:00,36.529,N
KRN002,2026-02-13 21:40:00,36.535,N
KRN002,2026-02-13 21:50:00,36.541,N
KRN002,2026-02-13 22:00:00,36.552,N
KRN002,2026-02-13 22:10:00,36.556,N
KRN002,2026-02-13 22:20:00,36.562,N
KRN002,2026-02-13 22:30:00,36.566,N
KRN002,2026-02-13 22:40:00,36.566,N
KRN002,2026-02-13 22:50:00,36.579,N
KRN002,2026-02-13 23:00:00,36.587,N
KRN002,2026-02-13 23:10:00,36.593,N
KRN002,2026-02-13 23:20:00,36.599,N
KRN002,2026-02-13 23:30:00,36.598,N
KRN002,2026-02-13 23:40:00,36.598,N
KRN002,2026-02-13 23:50:00,36.611,N
KRN002,2026-02-14 00:00:00,36.612,N
KRN002,2026-02-14 00:10:00,36.612,N
KRN002,2026-02-14 00:20:00,36.619,N
KRN002,2026-02-14 00:30:00,36.625,N
KRN002,2026-02-14 00:40:00,36.626,N
KRN002,2026-02-14 00:50:00,36.632,N
KRN002,2026-02-14 01:00:00,36.631,N
KRN002,2026-02-14 01:10:00,36.644,N
KRN002,2026-02-14 01:20:00,36.64,N
KRN002,2026-02-14 01:30:00,36.644,N
KRN002,2026-02-14 01:40:00,36.646,N
KRN002,2026-02-14 01:50:00,36.646,N
KRN002,2026-02-14 02:00:00,36.647,N
KRN002,2026-02-14 02:10:00,36.647,N
KRN002,2026-02-14 02:20:00,36.647,N
KRN002,2026-02-14 02:30:00,36.654,N
KRN002,2026-02-14 02:40:00,36.645,N
KRN002,2026-02-14 02:50:00,36.654,N
KRN002,2026-02-14 03:00:00,36.646,N
KRN002,2026-02-14 03:10:00,36.645,N
KRN002,2026-02-14 03:20:00,36.647,N
KRN002,2026-02-14 03:30:00,36.647,N
KRN002,2026-02-14 03:40:00,36.638,N
KRN002,2026-02-14 03:50:00,36.64,N
KRN002,2026-02-14 04:00:00,36.632,N
KRN002,2026-02-14 04:10:00,36.633,N
KRN002,2026-02-14 04:20:00,36.631,N
KRN002,2026-02-14 04:30:00,36.628,N
KRN002,2026-02-14 04:40:00,36.626,N
KRN002,2026-02-14 04:50:00,36.619,N
KRN002,2026-02-14 05:00:00,36.609,N
KRN002,2026-02-14 05:10:00,36.606,N
KRN002,2026-02-14 05:20:00,36.602,N
KRN002,2026-02-14 05:30:00,36.603,N
KRN002,2026-02-14 05:40:00,36.589,N
KRN002,2026-02-14 05:50:00,36.584,N
KRN002,2026-02-14 06:00:00,36.582,N
KRN002,2026-02-14 06:10:00,36.572,N
KRN002,2026-02-14 06:20:00,36.566,N
KRN002,2026-02-14 06:30:00,36.561,N
KRN002,2026-02-14 06:40:00,36.553,N
KRN002,2026-02-14 06:50:00,36.546,N
KRN002,2026-02-14 07:00:00,36.537,N
KRN002,2026-02-14 07:10:00,36.527,N
KRN002,2026-02-14 07:20:00,36.523,N
KRN002,2026-02-14 07:30:00,36.511,N
KRN002,2026-02-14 07:40:00,36.514,N
KRN002,2026-02-14 07:50:00,36.502,N
KRN002,2026-02-14 08:00:00,36.488,N
KRN002,2026-02-14 08:10:00,36.484,N
KRN002,2026-02-14 08:20:00,36.477,N
KRN002,2026-02-14 08:30:00,36.466,N
KRN002,2026-02-14 08:40:00,36.459,N
KRN002,2026-02-14 08:50:00,36.447,N
KRN002,2026-02-14 09:00:00,36.443,N
KRN002,2026-02-14 09:10:00,36.429,N
KRN002,2026-02-14 09:20:00,36.432,N
KRN002,2026-02-14 09:30:00,36.419,N
KRN002,2026-02-14 09:40:00,36.413,N
KRN002,2026-02-14 09:50:00,36.4,N
KRN002,2026-02-14 10:00:00,36.399,N
KRN002,2026-02-14 10:10:00,36.387,N
KRN002,2026-02-14 10:20:00,36.384,N
KRN002,2026-02-14 10:30:00,36.38,N
KRN002,2026-02-14 10:40:00,36.37,N
KRN002,2026-02-14 10:50:00,36.371,N
KRN002,2026-02-14 11:00:00,36.357,N
KRN002,2026-02-14 11:10:00,36.351,N
KRN002,2026-02-14 11:20:00,36.354,N
KRN002,2026-02-14 11:30:00,36.34,N
KRN002,2026-02-14 11:40:00,36.332,N
KRN002,2026-02-14 11:50:00,36.336,N
KRN002,2026-02-14 12:00:00,36.332,N
KRN002,2026-02-14 12:10:00,36.324,N
KRN002,2026-02-14 12:20:00,36.327,N
KRN002,2026-02-14 12:30:00,36.325,N
KRN002,2026-02-14 12:40:00,36.323,N
KRN002,2026-02-14 12:50:00,36.321,N
KRN002,2026-02-14 13:00:00,36.32,N
KRN002,2026-02-14 13:10:00,36.324,N
KRN002,2026-02-14 13:20:00,36.318,N
KRN002,2026-02-14 13:30:00,36.318,N
KRN002,2026-02-14 13:40:00,36.314,N
KRN002,2026-02-14 13:50:00,36.328,N
KRN002,2026-02-14 14:00:00,36.323,N
KRN002,2026-02-14 14:10:00,36.327,N
KRN002,2026-02-14 14:20:00,36.327,N
KRN002,2026-02-14 14:30:00,36.327,N
KRN002,2026-02-14 14:40:00,36.332,N
KRN002,2026-02-14 14:50:00,36.338,N
KRN002,2026-02-14 15:00:00,36.337,N
KRN002,2026-02-14 15:10:00,36.348,N
KRN002,2026-02-14 15:20:00,36.354,N
KRN002,2026-02-14 15:30:00,36.359,N
KRN002,2026-02-14 15:40:00,36.359,N
KRN002,2026-02-14 15:50:00,36.37,N
KRN002,2026-02-14 16:00:00,36.377,N
KRN002,2026-02-14 16:10:00,36.377,N
KRN002,2026-02-14 16:20:00,36.392,N
KRN002,2026-02-14 16:30:00,36.395,N
KRN002,2026-02-14 16:40:00,36.405,N
KRN002,2026-02-14 16:50:00,36.406,N
KRN002,2026-02-14 17:00:00,36.416,N
KRN002,2026-02-14 17:10:00,36.433,N
KRN002,2026-02-14 17:20:00,36.432,N
KRN002,2026-02-14 17:30:00,36.447,N
KRN002,2026-02-14 17:40:00,36.452,N
KRN002,2026-02-14 17:50:00,36.462,N
KRN002,2026-02-14 18:00:00,36.471,N
KRN002,2026-02-14 18:10:00,36.482,N
KRN002,2026-02-14 18:20:00,36.493,N
KRN002,2026-02-14 18:30:00,36.496,N
KRN002,2026-02-14 18:40:00,36.503,N
KRN002,2026-02-14 18:50:00,36.512,N
KRN002,2026-02-14 19:00:00,36.527,N
KRN002,2026-02-14 19:10:00,36.534,N
KRN002,2026-02-14 19:20:00,36.551,N
KRN002,2026-02-14 19:30:00,36.559,N
KRN002,2026-02-14 19:40:00,36.563,N
KRN002,2026-02-14 19:50:00,36.579,N
KRN002,2026-02-14 20:00:00,36.586,N
KRN002,2026-02-14 20:10:00,36.595,N
KRN002,2026-02-14 20:20:00,36.607,N
KRN002,2026-02-14 20:30:00,36.621,N
KRN002,2026-02-14 20:40:00,36.628,N
KRN002,2026-02-14 20:50:00,36.632,N
KRN002,2026-02-14 21:00:00,36.65,N
KRN002,2026-02-14 21:10:00,36.659,N
KRN002,2026-02-14 21:20:00,36.668,N
KRN002,2026-02-14 21:30:00,36.674,N
KRN002,2026-02-14 21:40:00,36.68,N
KRN002,2026-02-14 21:50:00,36.686,N
KRN002,2026-02-14 22:00:00,36.7,N
KRN002,2026-02-14 22:10:00,36.706,N
KRN002,2026-02-14 22:20:00,36.709,N
KRN002,2026-02-14 22:30:00,36.721,N
KRN002,2026-02-14 22:40:00,36.728,N
KRN002,2026-02-14 22:50:00,36.732,N
KRN002,2026-02-14 23:00:00,36.745,N
KRN002,2026-02-14 23:10:00,36.747,N
KRN002,2026-02-14 23:20:00,36.756,N
KRN002,2026-02-14 23:30:00,36.766,N
KRN002,2026-02-14 23:40:00,36.771,N
KRN002,2026-02-14 23:50:00,36.774,N
KRN002,2026-02-15 00:00:00,36.781,N
KRN002,2026-02-15 00:10:00,36.782,N
KRN002,2026-02-15 00:20:00,36.794,N
KRN002,2026-02-15 00:30:00,36.798,N
KRN002,2026-02-15 00:40:00,36.801,N
KRN002,2026-02-15 00:50:00,36.808,N
KRN002,2026-02-15 01:00:00,36.81,N
KRN002,2026-02-15 01:10:00,36.804,N
KRN002,2026-02-15 01:20:00,36.818,N
KRN002,2026-02-15 01:30:00,36.818,N
KRN002,2026-02-15 01:40:00,36.818,N
KRN002,2026-02-15 01:50:00,36.82,N
KRN002,2026-02-15 02:00:00,36.824,N
KRN002,2026-02-15 02:10:00,36.821,N
KRN002,2026-02-15 02:20:00,36.822,N
KRN002,2026-02-15 02:30:00,36.828,N
KRN002,2026-02-15 02:40:00,36.824,N
KRN002,2026-02-15 02:50:00,36.828,N
KRN002,2026-02-15 03:00:00,36.823,N
KRN002,2026-02-15 03:10:00,36.818,N
KRN002,2026-02-15 03:20:00,36.831,N
KRN002,2026-02-15 03:30:00,36.824,N
KRN002,2026-02-15 03:40:00,36.821,N
KRN002,2026-02-15 03:50:00,36.816,N
KRN002,2026-02-15 04:00:00,36.814,N
KRN002,2026-02-15 04:10:00,36.811,N
KRN002,2026-02-15 04:20:00,36.807,N
KRN002,2026-02-15 04:30:00,36.802,N
KRN002,2026-02-15 04:40:00,36.798,N
KRN002,2026-02-15 04:50:00,36.788,N
KRN002,2026-02-15 05:00:00,36.78,N
KRN002,2026-02-15 05:10:00,36.78,N
KRN002,2026-02-15 05:20:00,36.768,N
KRN002,2026-02-15 05:30:00,36.77,N
KRN002,2026-02-15 05:40:00,36.762,N
KRN002,2026-02-15 05:50:00,36.754,N
KRN002,2026-02-15 06:00:00,36.746,N
KRN002,2026-02-15 06:10:00,36.74,N
KRN002,2026-02-15 06:20:00,36.739,N
KRN002,2026-02-15 06:30:00,36.725,N
KRN002,2026-02-15 06:40:00,36.715,N
KRN002,2026-02-15 06:50:00,36.709,N
KRN002,2026-02-15 07:00:00,36.696,N
KRN002,2026-02-15 07:10:00,36.693,N
KRN002,2026-02-15 07:20:00,36.687,N
KRN002,2026-02-15 07:30:00,36.678,N
KRN002,2026-02-15 07:40:00,36.664,N
KRN002,2026-02-15 07:50:00,36.662,N
KRN002,2026-02-15 08:00:00,36.641,N
KRN002,2026-02-15 08:10:00,36.63,N
KRN002,2026-02-15 08:20:00,36.626,N
KRN002,2026-02-15 08:30:00,36.618,N
KRN002,2026-02-15 08:40:00,36.598,N
KRN002,2026-02-15 08:50:00,36.592,N
KRN002,2026-02-15 09:00:00,36.584,N
KRN002,2026-02-15 09:10:00,36.569,N
KRN002,2026-02-15 09:20:00,36.568,N
KRN002,2026-02-15 09:30:00,36.549,N
KRN002,2026-02-15 09:40:00,36.539,N
KRN002,2026-02-15 09:50:00,36.534,N
KRN002,2026-02-15 10:00:00,36.525,N
KRN002,2026-02-15 10:10:00,36.511,N
KRN002,2026-02-15 10:20:00,36.509,N
KRN002,2026-02-15 10:30:00,36.494,N
KRN002,2026-02-15 10:40:00,36.482,N
KRN002,2026-02-15 10:50:00,36.475,N
KRN002,2026-02-15 11:00:00,36.463,N
KRN002,2026-02-15 11:10:00,36.454,N
KRN002,2026-02-15 11:20:00,36.443,N
KRN002,2026-02-15 11:30:00,36.445,N
KRN002,2026-02-15 11:40:00,36.434,N
KRN002,2026-02-15 11:50:00,36.426,N
KRN002,2026-02-15 12:00:00,36.415,N
KRN002,2026-02-15 12:10:00,36.409,N
KRN002,2026-02-15 12:20:00,36.406,N
KRN002,2026-02-15 12:30:00,36.4,N
KRN002,2026-02-15 12:40:00,36.392,N
KRN002,2026-02-15 12:50:00,36.389,N
KRN002,2026-02-15 13:00:00,36.387,N
KRN002,2026-02-15 13:10:00,36.378,N
KRN002,2026-02-15 13:20:00,36.37,N
KRN002,2026-02-15 13:30:00,36.365,N
KRN002,2026-02-15 13:40:00,36.365,N
KRN002,2026-02-15 13:50:00,36.366,N
KRN002,2026-02-15 14:00:00,36.354,N
KRN002,2026-02-15 14:10:00,36.361,N
KRN002,2026-02-15 14:20:00,36.362,N
KRN002,2026-02-15 14:30:00,36.36,N
KRN002,2026-02-15 14:40:00,36.358,N
KRN002,2026-02-15 14:50:00,36.358,N
KRN002,2026-02-15 15:00:00,36.355,N
KRN002,2026-02-15 15:10:00,36.36,N
KRN002,2026-02-15 15:20:00,36.36,N
KRN002,2026-02-15 15:30:00,36.362,N
KRN002,2026-02-15 15:40:00,36.361,N
KRN002,2026-02-15 15:50:00,36.368,N
KRN002,2026-02-15 16:00:00,36.377,N
KRN002,2026-02-15 16:10:00,36.381,N
KRN002,2026-02-15 16:20:00,36.384,N
KRN002,2026-02-15 16:30:00,36.386,N
KRN002,2026-02-15 16:40:00,36.386,N
KRN002,2026-02-15 16:50:00,36.394,N
KRN002,2026-02-15 17:00:00,36.403,N
KRN002,2026-02-15 17:10:00,36.416,N
KRN002,2026-02-15 17:20:00,36.42,N
KRN002,2026-02-15 17:30:00,36.427,N
KRN002,2026-02-15 17:40:00,36.43,N
KRN002,2026-02-15 17:50:00,36.439,N
KRN002,2026-02-15 18:00:00,36.447,N
KRN002,2026-02-15 18:10:00,36.459,N
KRN002,2026-02-15 18:20:00,36.459,N
KRN002,2026-02-15 18:30:00,36.474,N
KRN002,2026-02-15 18:40:00,36.489,N
KRN002,2026-02-15 18:50:00,36.49,N
KRN002,2026-02-15 19:00:00,36.497,N
KRN002,2026-02-15 19:10:00,36.511,N
KRN002,2026-02-15 19:20:00,36.515,N
KRN002,2026-02-15 19:30:00,36.53,N
KRN002,2026-02-15 19:40:00,36.539,N
KRN002,2026-02-15 19:50:00,36.545,N
KRN002,2026-02-15 20:00:00,36.556,N
KRN002,2026-02-15 20:10:00,36.558,N
KRN002,2026-02-15 20:20:00,36.577,N
KRN002,2026-02-15 20:30:00,36.585,N
KRN002,2026-02-15 20:40:00,36.599,N
KRN002,2026-02-15 20:50:00,36.602,N
KRN002,2026-02-15 21:00:00,36.614,N
KRN002,2026-02-15 21:10:00,36.624,N
KRN002,2026-02-15 21:20:00,36.639,N
KRN002,2026-02-15 21:30:00,36.644,N
KRN002,2026-02-15 21:40:00,36.65,N
KRN002,2026-02-15 21:50:00,36.666,N
KRN002,2026-02-15 22:00:00,36.671,N
KRN002,2026-02-15 22:10:00,36.679,N
KRN002,2026-02-15 22:20:00,36.682,N
KRN002,2026-02-15 22:30:00,36.694,N
KRN002,2026-02-15 22:40:00,36.702,N
KRN002,2026-02-15 22:50:00,36.707,N
KRN002,2026-02-15 23:00:00,36.712,N
KRN002,2026-02-15 23:10:00,36.723,N
KRN002,2026-02-15 23:20:00,36.729,N
KRN002,2026-02-15 23:30:00,36.74,N
KRN002,2026-02-15 23:40:00,36.742,N
KRN002,2026-02-15 23:50:00,36.75,N
KRN002,2026-02-16 00:00:00,36.749,N
KRN002,2026-02-16 00:10:00,36.749,N
KRN002,2026-02-16 00:20:00,36.756,N
KRN002,2026-02-16 00:30:00,36.762,N
KRN002,2026-02-16 00:40:00,36.76,N
KRN002,2026-02-16 00:50:00,36.763,N
KRN002,2026-02-16 01:00:00,36.764,N
KRN002,2026-02-16 01:10:00,36.771,N
KRN002,2026-02-16 01:20:00,36.76,N
KRN002,2026-02-16 01:30:00,36.762,N
KRN002,2026-02-16 01:40:00,36.768,N
KRN002,2026-02-16 01:50:00,36.766,N
KRN002,2026-02-16 02:00:00,36.769,N
KRN002,2026-02-16 02:10:00,36.76,N
KRN002,2026-02-16 02:20:00,36.761,N
KRN002,2026-02-16 02:30:00,36.757,N
KRN002,2026-02-16 02:40:00,36.752,N
KRN002,2026-02-16 02:50:00,36.749,N
KRN002,2026-02-16 03:00:00,36.752,N
KRN002,2026-02-16 03:10:00,36.741,N
KRN002,2026-02-16 03:20:00,36.73,N
KRN002,2026-02-16 03:30:00,36.729,N
KRN002,2026-02-16 03:40:00,36.721,N
KRN002,2026-02-16 03:50:00,36.715,N
KRN002,2026-02-16 04:00:00,36.709,N
KRN002,2026-02-16 04:10:00,36.705,N
KRN002,2026-02-16 04:20:00,36.689,N
KRN002,2026-02-16 04:30:00,36.685,N
KRN002,2026-02-16 04:40:00,36.675,N
KRN002,2026-02-16 04:50:00,36.668,N
KRN002,2026-02-16 05:00:00,36.659,N
KRN002,2026-02-16 05:10:00,36.647,N
KRN002,2026-02-16 05:20:00,36.637,N
KRN002,2026-02-16 05:30:00,36.632,N
KRN002,2026-02-16 05:40:00,36.619,N
KRN002,2026-02-16 05:50:00,36.607,N
KRN002,2026-02-16 06:00:00,36.598,N
KRN002,2026-02-16 06:10:00,36.59,N
KRN002,2026-02-16 06:20:00,36.573,N
KRN002,2026-02-16 06:30:00,36.563,N
KRN002,2026-02-16 06:40:00,36.558,N
KRN002,2026-02-16 06:50:00,36.548,N
KRN002,2026-02-16 07:00:00,36.535,N
KRN002,2026-02-16 07:10:00,36.517,N
KRN002,2026-02-16 07:20:00,36.511,N
KRN002,2026-02-16 07:30:00,36.497,N
KRN002,2026-02-16 07:40:00,36.482,N
KRN002,2026-02-16 07:50:00,36.477,N
KRN002,2026-02-16 08:00:00,36.474,N
KRN002,2026-02-16 08:10:00,36.46,N
KRN002,2026-02-16 08:20:00,36.449,N
KRN002,2026-02-16 08:30:00,36.44,N
KRN002,2026-02-16 08:40:00,36.428,N
KRN002,2026-02-16 08:50:00,36.416,N
KRN002,2026-02-16 09:00:00,36.412,N
KRN002,2026-02-16 09:10:00,36.399,N
KRN002,2026-02-16 09:20:00,36.392,N
KRN002,2026-02-16 09:30:00,36.387,N
KRN002,2026-02-16 09:40:00,36.379,N
KRN002,2026-02-16 09:50:00,36.365,N
KRN002,2026-02-16 10:00:00,36.368,N
KRN002,2026-02-16 10:10:00,36.357,N
KRN002,2026-02-16 10:20:00,36.352,N
KRN002,2026-02-16 10:30:00,36.347,N
KRN002,2026-02-16 10:40:00,36.343,N
KRN002,2026-02-16 10:50:00,36.34,N
KRN002,2026-02-16 11:00:00,36.333,N
KRN002,2026-02-16 11:10:00,36.33,N
KRN002,2026-02-16 11:20:00,36.327,N
KRN002,2026-02-16 11:30:00,36.32,N
KRN002,2026-02-16 11:40:00,36.323,N
KRN002,2026-02-16 11:50:00,36.319,N
KRN002,2026-02-16 12:00:00,36.312,N
KRN002,2026-02-16 12:10:00,36.312,N
KRN002,2026-02-16 12:20:00,36.312,N
KRN002,2026-02-16 12:30:00,36.312,N
KRN002,2026-02-16 12:40:00,36.32,N
KRN002,2026-02-16 12:50:00,36.321,N
KRN002,2026-02-16 13:00:00,36.309,N
KRN002,2026-02-16 13:10:00,36.314,N
KRN002,2026-02-16 13:20:00,36.311,N
KRN002,2026-02-16 13:30:00,36.312,N
KRN002,2026-02-16 13:40:00,36.32,N
KRN002,2026-02-16 13:50:00,36.33,N
KRN002,2026-02-16 14:00:00,36.325,N
KRN002,2026-02-16 14:10:00,36.33,N
KRN002,2026-02-16 14:20:00,36.323,N
KRN002,2026-02-16 14:30:00,36.337,N
KRN002,2026-02-16 14:40:00,36.334,N
KRN002,2026-02-16 14:50:00,36.348,N
KRN002,2026-02-16 15:00:00,36.355,N
KRN002,2026-02-16 15:10:00,36.352,N
KRN002,2026-02-16 15:20:00,36.362,N
KRN002,2026-02-16 15:30:00,36.358,N
KRN002,2026-02-16 15:40:00,36.365,N
KRN002,2026-02-16 15:50:00,36.368,N
KRN002,2026-02-16 16:00:00,36.372,N
KRN002,2026-02-16 16:10:00,36.377,N
KRN002,2026-02-16 16:20:00,36.385,N
KRN002,2026-02-16 16:30:00,36.393,N
KRN002,2026-02-16 16:40:00,36.392,N
KRN002,2026-02-16 16:50:00,36.396,N
KRN002,2026-02-16 17:00:00,36.396,N
KRN002,2026-02-16 17:10:00,36.401,N
KRN002,2026-02-16 17:20:00,36.412,N
KRN002,2026-02-16 17:30:00,36.412,N
KRN002,2026-02-16 17:40:00,36.415,N
KRN002,2026-02-16 17:50:00,36.418,N
KRN002,2026-02-16 18:00:00,36.419,N
KRN002,2026-02-16 18:10:00,36.423,N
KRN002,2026-02-16 18:20:00,36.428,N
KRN002,2026-02-16 18:30:00,36.427,N
KRN002,2026-02-16 18:40:00,36.433,N
KRN002,2026-02-16 18:50:00,36.427,N
KRN002,2026-02-16 19:00:00,36.427,N
KRN002,2026-02-16 19:10:00,36.427,N
KRN002,2026-02-16 19:20:00,36.434,N
KRN002,2026-02-16 19:30:00,36.434,N
KRN002,2026-02-16 19:40:00,36.426,N
KRN002,2026-02-16 19:50:00,36.43,N
KRN002,2026-02-16 20:00:00,36.426,N
KRN002,2026-02-16 20:10:00,36.428,N
KRN002,2026-02-16 20:20:00,36.421,N
KRN002,2026-02-16 20:30:00,36.422,N
KRN002,2026-02-16 20:40:00,36.411,N
KRN002,2026-02-16 20:50:00,36.406,N
KRN002,2026-02-16 21:00:00,36.403,N
KRN002,2026-02-16 21:10:00,36.396,N
KRN002,2026-02-16 21:20:00,36.395,N
KRN002,2026-02-16 21:30:00,36.385,N
KRN002,2026-02-16 21:40:00,36.382,N
KRN002,2026-02-16 21:50:00,36.37,N
KRN002,2026-02-16 22:00:00,36.367,N
KRN002,2026-02-16 22:10:00,36.362,N
KRN002,2026-02-16 22:20:00,36.352,N
KRN002,2026-02-16 22:30:00,36.345,N
KRN002,2026-02-16 22:40:00,36.333,N
KRN002,2026-02-16 22:50:00,36.32,N
KRN002,2026-02-16 23:00:00,36.313,N
KRN002,2026-02-16 23:10:00,36.306,N
KRN002,2026-02-16 23:20:00,36.293,N
KRN002,2026-02-16 23:30:00,36.295,N
KRN002,2026-02-16 23:40:00,36.282,N
KRN002,2026-02-16 23:50:00,36.272,N
KRN002,2026-02-17 00:00:00,36.256,N
KRN002,2026-02-17 00:10:00,36.245,N
KRN002,2026-02-17 00:20:00,36.232,N
KRN002,2026-02-17 00:30:00,36.224,N
KRN002,2026-02-17 00:40:00,36.216,N
KRN002,2026-02-17 00:50:00,36.21,N
KRN002,2026-02-17 01:00:00,36.198,N
KRN002,2026-02-17 01:10:00,36.187,N
KRN002,2026-02-17 01:20:00,36.177,N
KRN002,2026-02-17 01:30:00,36.17,N
KRN002,2026-02-17 01:40:00,36.157,N
KRN002,2026-02-17 01:50:00,36.147,N
KRN002,2026-02-17 02:00:00,36.133,N
KRN002,2026-02-17 02:10:00,36.132,N
KRN002,2026-02-17 02:20:00,36.12,N
KRN002,2026-02-17 02:30:00,36.115,N
KRN002,2026-02-17 02:40:00,36.111,N
KRN002,2026-02-17 02:50:00,36.099,N
KRN002,2026-02-17 03:00:00,36.091,N
KRN002,2026-02-17 03:10:00,36.088,N
KRN002,2026-02-17 03:20:00,36.086,N
KRN002,2026-02-17 03:30:00,36.074,N
KRN002,2026-02-17 03:40:00,36.077,N
KRN002,2026-02-17 03:50:00,36.062,N
KRN002,2026-02-17 04:00:00,36.065,N
KRN002,2026-02-17 04:10:00,36.068,N
KRN002,2026-02-17 04:20:00,36.059,N
KRN002,2026-02-17 04:30:00,36.057,N
KRN002,2026-02-17 04:40:00,36.058,N
KRN002,2026-02-17 04:50:00,36.055,N
KRN002,2026-02-17 05:00:00,36.052,N
KRN002,2026-02-17 05:10:00,36.059,N
KRN002,2026-02-17 05:20:00,36.057,N
KRN002,2026-02-17 05:30:00,36.06,N
KRN002,2026-02-17 05:40:00,36.064,N
KRN002,2026-02-17 05:50:00,36.067,N
KRN002,2026-02-17 06:00:00,36.07,N
KRN002,2026-02-17 06:10:00,36.08,N
KRN002,2026-02-17 06:20:00,36.079,N
KRN002,2026-02-17 06:30:00,36.084,N
KRN002,2026-02-17 06:40:00,36.096,N
KRN002,2026-02-17 06:50:00,36.1,N
KRN002,2026-02-17 07:00:00,36.103,N
KRN002,2026-02-17 07:10:00,36.108,N
KRN002,2026-02-17 07:20:00,36.119,N
KRN002,2026-02-17 07:30:00,36.128,N
KRN002,2026-02-17 07:40:00,36.14,N
KRN002,2026-02-17 07:50:00,36.148,N
KRN002,2026-02-17 08:00:00,36.16,N
KRN002,2026-02-17 08:10:00,36.169,N
KRN002,2026-02-17 08:20:00,36.183,N
KRN002,2026-02-17 08:30:00,36.196,N
KRN002,2026-02-17 08:40:00,36.203,N
KRN002,2026-02-17 08:50:00,36.211,N
KRN002,2026-02-17 09:00:00,36.227,N
KRN002,2026-02-17 09:10:00,36.232,N
KRN002,2026-02-17 09:20:00,36.241,N
KRN002,2026-02-17 09:30:00,36.253,N
KRN002,2026-02-17 09:40:00,36.271,N
KRN002,2026-02-17 09:50:00,36.28,N
KRN002,2026-02-17 10:00:00,36.293,N
KRN002,2026-02-17 10:10:00,36.305,N
KRN002,2026-02-17 10:20:00,36.324,N
KRN002,2026-02-17 10:30:00,36.337,N
KRN002,2026-02-17 10:40:00,36.343,N
KRN002,2026-02-17 10:50:00,36.367,N
KRN002,2026-02-17 11:00:00,36.375,N
KRN002,2026-02-17 11:10:00,36.386,N
KRN002,2026-02-17 11:20:00,36.4,N
KRN002,2026-02-17 11:30:00,36.403,N
KRN002,2026-02-17 11:40:00,36.42,N
KRN002,2026-02-17 11:50:00,36.43,N
KRN002,2026-02-17 12:00:00,36.449,N
KRN002,2026-02-17 12:10:00,36.462,N
KRN002,2026-02-17 12:20:00,36.471,N
KRN002,2026-02-17 12:30:00,36.482,N
KRN002,2026-02-17 12:40:00,36.497,N
KRN002,2026-02-17 12:50:00,36.505,N
KRN002,2026-02-17 13:00:00,36.525,N
KRN002,2026-02-17 13:10:00,36.534,N
KRN002,2026-02-17 13:20:00,36.539,N
KRN002,2026-02-17 13:30:00,36.553,N
KRN002,2026-02-17 13:40:00,36.575,N
KRN002,2026-02-17 13:50:00,36.583,N
KRN002,2026-02-17 14:00:00,36.586,N
KRN002,2026-02-17 14:10:00,36.605,N
KRN002,2026-02-17 14:20:00,36.619,N
KRN002,2026-02-17 14:30:00,36.626,N
KRN002,2026-02-17 14:40:00,36.628,N
KRN002,2026-02-17 14:50:00,36.641,N
KRN002,2026-02-17 15:00:00,36.655,N
KRN002,2026-02-17 15:10:00,36.671,N
KRN002,2026-02-17 15:20:00,36.681,N
KRN002,2026-02-17 15:30:00,36.687,N
KRN002,2026-02-17 15:40:00,36.698,N
KRN002,2026-02-17 15:50:00,36.703,N
KRN002,2026-02-17 16:00:00,36.719,N
KRN002,2026-02-17 16:10:00,36.72,N
KRN002,2026-02-17 16:20:00,36.735,N
KRN002,2026-02-17 16:30:00,36.739,N
KRN002,2026-02-17 16:40:00,36.752,N
KRN002,2026-02-17 16:50:00,36.745,N
KRN002,2026-02-17 17:00:00,36.764,N
KRN002,2026-02-17 17:10:00,36.767,N
KRN002,2026-02-17 17:20:00,36.77,N
KRN002,2026-02-17 17:30:00,36.776,N
KRN002,2026-02-17 17:40:00,36.788,N
KRN002,2026-02-17 17:50:00,36.787,N
KRN002,2026-02-17 18:00:00,36.791,N
KRN002,2026-02-17 18:10:00,36.791,N
KRN002,2026-02-17 18:20:00,36.793,N
KRN002,2026-02-17 18:30:00,36.8,N
KRN002,2026-02-17 18:40:00,36.802,N
KRN002,2026-02-17 18:50:00,36.803,N
KRN002,2026-02-17 19:00:00,36.807,N
KRN002,2026-02-17 19:10:00,36.809,N
KRN002,2026-02-17 19:20:00,36.804,N
KRN002,2026-02-17 19:30:00,36.801,N
KRN002,2026-02-17 19:40:00,36.804,N
KRN002,2026-02-17 19:50:00,36.802,N
KRN002,2026-02-17 20:00:00,36.804,N
KRN002,2026-02-17 20:10:00,36.807,N
KRN002,2026-02-17 20:20:00,36.8,N
KRN002,2026-02-17 20:30:00,36.796,N
KRN002,2026-02-17 20:40:00,36.791,N
KRN002,2026-02-17 20:50:00,36.784,N
KRN002,2026-02-17 21:00:00,36.783,N
KRN002,2026-02-17 21:10:00,36.777,N
KRN002,2026-02-17 21:20:00,36.764,N
KRN002,2026-02-17 21:30:00,36.769,N
KRN002,2026-02-17 21:40:00,36.757,N
KRN002,2026-02-17 21:50:00,36.75,N
KRN002,2026-02-17 22:00:00,36.742,N
KRN002,2026-02-17 22:10:00,36.745,N
KRN002,2026-02-17 22:20:00,36.736,N
KRN002,2026-02-17 22:30:00,36.723,N
KRN002,2026-02-17 22:40:00,36.713,N
KRN002,2026-02-17 22:50:00,36.711,N
KRN002,2026-02-17 23:00:00,36.693,N
KRN002,2026-02-17 23:10:00,36.687,N
KRN002,2026-02-17 23:20:00,36.68,N
KRN002,2026-02-17 23:30:00,36.671,N
KRN002,2026-02-17 23:40:00,36.657,N
KRN002,2026-02-17 23:50:00,36.646,N
KRN002,2026-02-18 00:00:00,36.637,N
KRN002,2026-02-18 00:10:00,36.623,N
KRN002,2026-02-18 00:20:00,36.618,N
KRN002,2026-02-18 00:30:00,36.605,N
KRN002,2026-02-18 00:40:00,36.591,N
KRN002,2026-02-18 00:50:00,36.583,N
KRN002,2026-02-18 01:00:00,36.569,N
KRN002,2026-02-18 01:10:00,36.557,N
KRN002,2026-02-18 01:20:00,36.548,N
KRN002,2026-02-18 01:30:00,36.535,N
KRN002,2026-02-18 01:40:00,36.521,N
KRN002,2026-02-18 01:50:00,36.512,N
KRN002,2026-02-18 02:00:00,36.5,N
KRN002,2026-02-18 02:10:00,36.489,N
KRN002,2026-02-18 02:20:00,36.475,N
KRN002,2026-02-18 02:30:00,36.466,N
KRN002,2026-02-18 02:40:00,36.456,N
KRN002,2026-02-18 02:50:00,36.44,N
KRN002,2026-02-18 03:00:00,36.436,N
KRN002,2026-02-18 03:10:00,36.428,N
KRN002,2026-02-18 03:20:00,36.416,N
KRN002,2026-02-18 03:30:00,36.412,N
KRN002,2026-02-18 03:40:00,36.396,N
KRN002,2026-02-18 03:50:00,36.389,N
KRN002,2026-02-18 04:00:00,36.382,N
KRN002,2026-02-18 04:10:00,36.377,N
KRN002,2026-02-18 04:20:00,36.366,N
KRN002,2026-02-18 04:30:00,36.354,N
KRN002,2026-02-18 04:40:00,36.357,N
KRN002,2026-02-18 04:50:00,36.347,N
KRN002,2026-02-18 05:00:00,36.339,N
KRN002,2026-02-18 05:10:00,36.343,N
KRN002,2026-02-18 05:20:00,36.332,N
KRN002,2026-02-18 05:30:00,36.328,N
KRN002,2026-02-18 05:40:00,36.319,N
KRN002,2026-02-18 05:50:00,36.32,N
KRN002,2026-02-18 06:00:00,36.316,N
KRN002,2026-02-18 06:10:00,36.316,N
KRN002,2026-02-18 06:20:00,36.318,N
KRN002,2026-02-18 06:30:00,36.313,N
KRN002,2026-02-18 06:40:00,36.317,N
KRN002,2026-02-18 06:50:00,36.312,N
KRN002,2026-02-18 07:00:00,36.311,N
KRN002,2026-02-18 07:10:00,36.31,N
KRN002,2026-02-18 07:20:00,36.313,N
KRN002,2026-02-18 07:30:00,36.316,N
KRN002,2026-02-18 07:40:00,36.317,N
KRN002,2026-02-18 07:50:00,36.319,N
KRN002,2026-02-18 08:00:00,36.32,N
KRN002,2026-02-18 08:10:00,36.321,N
KRN002,2026-02-18 08:20:00,36.328,N
KRN002,2026-02-18 08:30:00,36.328,N
KRN002,2026-02-18 08:40:00,36.337,N
KRN002,2026-02-18 08:50:00,36.341,N
KRN002,2026-02-18 09:00:00,36.35,N
KRN002,2026-02-18 09:10:00,36.351,N
KRN002,2026-02-18 09:20:00,36.362,N
KRN002,2026-02-18 09:30:00,36.368,N
KRN002,2026-02-18 09:40:00,36.375,N
KRN002,2026-02-18 09:50:00,36.38,N
KRN002,2026-02-18 10:00:00,36.384,N
KRN002,2026-02-18 10:10:00,36.395,N
KRN002,2026-02-18 10:20:00,36.408,N
KRN002,2026-02-18 10:30:00,36.405,N
KRN002,2026-02-18 10:40:00,36.422,N
KRN002,2026-02-18 10:50:00,36.425,N
KRN002,2026-02-18 11:00:00,36.435,N
KRN002,2026-02-18 11:10:00,36.446,N
KRN002,2026-02-18 11:20:00,36.439,N
KRN002,2026-02-18 11:30:00,36.456,N
KRN002,2026-02-18 11:40:00,36.473,N
KRN002,2026-02-18 11:50:00,36.488,N
KRN002,2026-02-18 12:00:00,36.49,N
KRN002,2026-02-18 12:10:00,36.493,N
KRN002,2026-02-18 12:20:00,36.52,N
KRN002,2026-02-18 12:30:00,36.524,N
KRN002,2026-02-18 12:40:00,36.537,N
KRN002,2026-02-18 12:50:00,36.546,N
KRN002,2026-02-18 13:00:00,36.558,N
KRN002,2026-02-18 13:10:00,36.564,N
KRN002,2026-02-18 13:20:00,36.578,N
KRN002,2026-02-18 13:30:00,36.584,N
KRN002,2026-02-18 13:40:00,36.599,N
KRN002,2026-02-18 13:50:00,36.61,N
KRN002,2026-02-18 14:00:00,36.613,N
KRN002,2026-02-18 14:10:00,36.631,N
KRN002,2026-02-18 14:20:00,36.637,N
KRN002,2026-02-18 14:30:00,36.641,N
KRN002,2026-02-18 14:40:00,36.652,N
KRN002,2026-02-18 14:50:00,36.666,N
KRN002,2026-02-18 15:00:00,36.679,N
KRN002,2026-02-18 15:10:00,36.677,N
KRN002,2026-02-18 15:20:00,36.695,N
KRN002,2026-02-18 15:30:00,36.7,N
KRN002,2026-02-18 15:40:00,36.716,N
KRN002,2026-02-18 15:50:00,36.713,N
KRN002,2026-02-18 16:00:00,36.727,N
KRN002,2026-02-18 16:10:00,36.734,N
KRN002,2026-02-18 16:20:00,36.745,N
KRN002,2026-02-18 16:30:00,36.754,N
KRN002,2026-02-18 16:40:00,36.76,N
KRN002,2026-02-18 16:50:00,36.76,N
KRN002,2026-02-18 17:00:00,36.771,N
KRN002,2026-02-18 17:10:00,36.78,N
KRN002,2026-02-18 17:20:00,36.782,N
KRN002,2026-02-18 17:30:00,36.788,N
KRN002,2026-02-18 17:40:00,36.791,N
KRN002,2026-02-18 17:50:00,36.796,N
KRN002,2026-02-18 18:00:00,36.8,N
KRN002,2026-02-18 18:10:00,36.811,N
KRN002,2026-02-18 18:20:00,36.807,N
KRN002,2026-02-18 18:30:00,36.82,N
KRN002,2026-02-18 18:40:00,36.816,N
KRN002,2026-02-18 18:50:00,36.827,N
KRN002,2026-02-18 19:00:00,36.829,N
KRN002,2026-02-18 19:10:00,36.829,N
KRN002,2026-02-18 19:20:00,36.834,N
KRN002,2026-02-18 19:30:00,36.829,N
KRN002,2026-02-18 19:40:00,36.83,N
KRN002,2026-02-18 19:50:00,36.835,N
KRN002,2026-02-18 20:00:00,36.836,N
KRN002,2026-02-18 20:10:00,36.837,N
KRN002,2026-02-18 20:20:00,36.838,N
KRN002,2026-02-18 20:30:00,36.831,N
KRN002,2026-02-18 20:40:00,36.832,N
KRN002,2026-02-18 20:50:00,36.836,N
KRN002,2026-02-18 21:00:00,36.836,N
KRN002,2026-02-18 21:10:00,36.832,N
KRN002,2026-02-18 21:20:00,36.827,N
KRN002,2026-02-18 21:30:00,36.822,N
KRN002,2026-02-18 21:40:00,36.821,N
KRN002,2026-02-18 21:50:00,36.817,N
KRN002,2026-02-18 22:00:00,36.815,N
KRN002,2026-02-18 22:10:00,36.812,N
KRN002,2026-02-18 22:20:00,36.801,N
KRN002,2026-02-18 22:30:00,36.802,N
KRN002,2026-02-18 22:40:00,36.802,N
KRN002,2026-02-18 22:50:00,36.794,N
KRN002,2026-02-18 23:00:00,36.787,N
KRN002,2026-02-18 23:10:00,36.783,N
KRN002,2026-02-18 23:20:00,36.776,N
KRN002,2026-02-18 23:30:00,36.777,N
KRN002,2026-02-18 23:40:00,36.775,N
KRN002,2026-02-18 23:50:00,36.755,N
KRN002,2026-02-19 00:00:00,36.756,N
KRN002,2026-02-19 00:10:00,36.749,N
KRN002,2026-02-19 00:20:00,36.746,N
KRN002,2026-02-19 00:30:00,36.736,N
KRN002,2026-02-19 00:40:00,36.735,N
KRN002,2026-02-19 00:50:00,36.725,N
KRN002,2026-02-19 01:00:00,36.715,N
KRN002,2026-02-19 01:10:00,36.721,N
KRN002,2026-02-19 01:20:00,36.712,N
KRN002,2026-02-19 01:30:00,36.702,N
KRN002,2026-02-19 01:40:00,36.695,N
KRN002,2026-02-19 01:50:00,36.693,N
KRN002,2026-02-19 02:00:00,36.686,N
KRN002,2026-02-19 02:10:00,36.68,N
KRN002,2026-02-19 02:20:00,36.678,N
KRN002,2026-02-19 02:30:00,36.665,N
KRN002,2026-02-19 02:40:00,36.667,N
KRN002,2026-02-19 02:50:00,36.66,N
KRN002,2026-02-19 03:00:00,36.653,N
KRN002,2026-02-19 03:10:00,36.648,N
KRN002,2026-02-19 03:20:00,36.647,N
KRN002,2026-02-19 03:30:00,36.636,N
KRN002,2026-02-19 03:40:00,36.636,N
KRN002,2026-02-19 03:50:00,36.627,N
KRN002,2026-02-19 04:00:00,36.628,N
KRN002,2026-02-19 04:10:00,36.628,N
KRN002,2026-02-19 04:20:00,36.62,N
KRN002,2026-02-19 04:30:00,36.618,N
KRN002,2026-02-19 04:40:00,36.607,N
KRN002,2026-02-19 04:50:00,36.603,N
KRN002,2026-02-19 05:00:00,36.604,N
KRN002,2026-02-19 05:10:00,36.597,N
KRN002,2026-02-19 05:20:00,36.598,N
KRN002,2026-02-19 05:30:00,36.596,N
KRN002,2026-02-19 05:40:00,36.589,N
KRN002,2026-02-19 05:50:00,36.591,N
KRN002,2026-02-19 06:00:00,36.591,N
KRN002,2026-02-19 06:10:00,36.58,N
KRN002,2026-02-19 06:20:00,36.578,N
KRN002,2026-02-19 06:30:00,36.582,N
KRN002,2026-02-19 06:40:00,36.58,N
KRN002,2026-02-19 06:50:00,36.577,N
KRN002,2026-02-19 07:00:00,36.575,N
KRN002,2026-02-19 07:10:00,36.576,N
KRN002,2026-02-19 07:20:00,36.576,N
KRN002,2026-02-19 07:30:00,36.571,N
KRN002,2026-02-19 07:40:00,36.571,N
KRN002,2026-02-19 07:50:00,36.569,N
KRN002,2026-02-19 08:00:00,36.568,N
KRN002,2026-02-19 08:10:00,36.568,N
KRN002,2026-02-19 08:20:00,36.565,N
KRN002,2026-02-19 08:30:00,36.566,N
KRN002,2026-02-19 08:40:00,36.57,N
KRN002,2026-02-19 08:50:00,36.573,N
KRN002,2026-02-19 09:00:00,36.564,N
KRN002,2026-02-19 09:10:00,36.566,N
KRN002,2026-02-19 09:20:00,36.563,N
KRN002,2026-02-19 09:30:00,36.568,N
KRN002,2026-02-19 09:40:00,36.566,N
KRN002,2026-02-19 09:50:00,36.576,N
KRN002,2026-02-19 10:00:00,36.575,N
KRN002,2026-02-19 10:10:00,36.575,N
KRN002,2026-02-19 10:20:00,36.572,N
KRN002,2026-02-19 10:30:00,36.577,N
KRN002,2026-02-19 10:40:00,36.571,N
KRN002,2026-02-19 10:50:00,36.572,N
KRN002,2026-02-19 11:00:00,36.582,N
KRN002,2026-02-19 11:10:00,36.583,N
KRN002,2026-02-19 11:20:00,36.584,N
KRN002,2026-02-19 11:30:00,36.589,N
KRN002,2026-02-19 11:40:00,36.586,N
KRN002,2026-02-19 11:50:00,36.586,N
KRN002,2026-02-19 12:00:00,36.595,N
KRN002,2026-02-19 12:10:00,36.603,N
KRN002,2026-02-19 12:20:00,36.598,N
KRN002,2026-02-19 12:30:00,36.598,N
KRN002,2026-02-19 12:40:00,36.611,N
KRN002,2026-02-19 12:50:00,36.61,N
KRN002,2026-02-19 13:00:00,36.626,N
KRN002,2026-02-19 13:10:00,36.624,N
KRN002,2026-02-19 13:20:00,36.62,N
KRN002,2026-02-19 13:30:00,36.627,N
KRN002,2026-02-19 13:40:00,36.63,N
KRN002,2026-02-19 13:50:00,36.645,N
KRN002,2026-02-19 14:00:00,36.637,N
KRN002,2026-02-19 14:10:00,36.644,N
KRN002,2026-02-19 14:20:00,36.65,N
KRN002,2026-02-19 14:30:00,36.65,N
KRN002,2026-02-19 14:40:00,36.648,N
KRN002,2026-02-19 14:50:00,36.654,N
KRN002,2026-02-19 15:00:00,36.66,N
KRN002,2026-02-19 15:10:00,36.675,N
KRN002,2026-02-19 15:20:00,36.673,N
KRN002,2026-02-19 15:30:00,36.68,N
KRN002,2026-02-19 15:40:00,36.68,N
KRN002,2026-02-19 15:50:00,36.681,N
KRN002,2026-02-19 16:00:00,36.685,N
KRN002,2026-02-19 16:10:00,36.691,N
KRN002,2026-02-19 16:20:00,36.688,N
KRN002,2026-02-19 16:30:00,36.693,N
KRN002,2026-02-19 16:40:00,36.696,N
KRN002,2026-02-19 16:50:00,36.705,N
KRN002,2026-02-19 17:00:00,36.695,N
KRN002,2026-02-19 17:10:00,36.708,N
KRN002,2026-02-19 17:20:00,36.712,N
KRN002,2026-02-19 17:30:00,36.708,N
KRN002,2026-02-19 17:40:00,36.707,N
KRN002,2026-02-19 17:50:00,36.7,N
KRN002,2026-02-19 18:00:00,36.705,N
KRN002,2026-02-19 18:10:00,36.713,N
KRN002,2026-02-19 18:20:00,36.709,N
KRN002,2026-02-19 18:30:00,36.702,N
KRN002,2026-02-19 18:40:00,36.709,N
KRN002,2026-02-19 18:50:00,36.705,N
KRN002,2026-02-19 19:00:00,36.708,N
KRN002,2026-02-19 19:10:00,36.708,N
KRN002,2026-02-19 19:20:00,36.702,N
KRN002,2026-02-19 19:30:00,36.7,N
KRN002,2026-02-19 19:40:00,36.696,N
KRN002,2026-02-19 19:50:00,36.696,N
KRN002,2026-02-19 20:00:00,36.694,N
KRN002,2026-02-19 20:10:00,36.686,N
KRN002,2026-02-19 20:20:00,36.684,N
KRN002,2026-02-19 20:30:00,36.679,N
KRN002,2026-02-19 20:40:00,36.681,N
KRN002,2026-02-19 20:50:00,36.677,N
KRN002,2026-02-19 21:00:00,36.67,N
KRN002,2026-02-19 21:10:00,36.665,N
KRN002,2026-02-19 21:20:00,36.661,N
KRN002,2026-02-19 21:30:00,36.657,N
KRN002,2026-02-19 21:40:00,36.651,N
KRN002,2026-02-19 21:50:00,36.645,N
KRN002,2026-02-19 22:00:00,36.639,N
KRN002,2026-02-19 22:10:00,36.631,N
KRN002,2026-02-19 22:20:00,36.627,N
KRN002,2026-02-19 22:30:00,36.618,N
KRN002,2026-02-19 22:40:00,36.609,N
KRN002,2026-02-19 22:50:00,36.603,N
KRN002,2026-02-19 23:00:00,36.598,N
KRN002,2026-02-19 23:10:00,36.596,N
KRN002,2026-02-19 23:20:00,36.58,N
KRN002,2026-02-19 23:30:00,36.58,N
KRN002,2026-02-19 23:40:00,36.573,N
KRN002,2026-02-19 23:50:00,36.561,N
KRN002,2026-02-20 00:00:00,36.565,N
KRN002,2026-02-20 00:10:00,36.55,N
KRN002,2026-02-20 00:20:00,36.541,N
KRN002,2026-02-20 00:30:00,36.541,N
KRN002,2026-02-20 00:40:00,36.531,N
KRN002,2026-02-20 00:50:00,36.53,N
KRN002,2026-02-20 01:00:00,36.515,N
KRN002,2026-02-20 01:10:00,36.511,N
KRN002,2026-02-20 01:20:00,36.502,N
KRN002,2026-02-20 01:30:00,36.495,N
KRN002,2026-02-20 01:40:00,36.494,N
KRN002,2026-02-20 01:50:00,36.483,N
KRN002,2026-02-20 02:00:00,36.477,N
KRN002,2026-02-20 02:10:00,36.469,N
KRN002,2026-02-20 02:20:00,36.469,N
KRN002,2026-02-20 02:30:00,36.467,N
KRN002,2026-02-20 02:40:00,36.459,N
KRN002,2026-02-20 02:50:00,36.45,N
KRN002,2026-02-20 03:00:00,36.446,N
KRN002,2026-02-20 03:10:00,36.442,N
KRN002,2026-02-20 03:20:00,36.432,N
KRN002,2026-02-20 03:30:00,36.432,N
KRN002,2026-02-20 03:40:00,36.418,N
KRN002,2026-02-20 03:50:00,36.415,N
KRN002,2026-02-20 04:00:00,36.409,N
KRN002,2026-02-20 04:10:00,36.412,N
KRN002,2026-02-20 04:20:00,36.406,N
KRN002,2026-02-20 04:30:00,36.396,N
KRN002,2026-02-20 04:40:00,36.399,N
KRN002,2026-02-20 04:50:00,36.394,N
KRN002,2026-02-20 05:00:00,36.389,N
KRN002,2026-02-20 05:10:00,36.381,N
KRN002,2026-02-20 05:20:00,36.386,N
KRN002,2026-02-20 05:30:00,36.38,N
KRN002,2026-02-20 05:40:00,36.375,N
KRN002,2026-02-20 05:50:00,36.379,N
KRN002,2026-02-20 06:00:00,36.374,N
KRN002,2026-02-20 06:10:00,36.374,N
KRN002,2026-02-20 06:20:00,36.367,N
KRN002,2026-02-20 06:30:00,36.366,N
KRN002,2026-02-20 06:40:00,36.362,N
KRN002,2026-02-20 06:50:00,36.358,N
KRN002,2026-02-20 07:00:00,36.355,N
KRN002,2026-02-20 07:10:00,36.358,N
KRN002,2026-02-20 07:20:00,36.355,N
KRN002,2026-02-20 07:30:00,36.355,N
KRN002,2026-02-20 07:40:00,36.352,N
KRN002,2026-02-20 07:50:00,36.358,N
KRN002,2026-02-20 08:00:00,36.348,N
KRN002,2026-02-20 08:10:00,36.35,N
KRN002,2026-02-20 08:20:00,36.348,N
KRN002,2026-02-20 08:30:00,36.353,N
KRN002,2026-02-20 08:40:00,36.355,N
KRN002,2026-02-20 08:50:00,36.357,N
KRN002,2026-02-20 09:00:00,36.357,N
KRN002,2026-02-20 09:10:00,36.352,N
KRN002,2026-02-20 09:20:00,36.353,N
KRN002,2026-02-20 09:30:00,36.359,N
KRN002,2026-02-20 09:40:00,36.36,N
KRN002,2026-02-20 09:50:00,36.359,N
KRN002,2026-02-20 10:00:00,36.365,N
KRN002,2026-02-20 10:10:00,36.37,N
KRN002,2026-02-20 10:20:00,36.371,N
KRN002,2026-02-20 10:30:00,36.37,N
KRN002,2026-02-20 10:40:00,36.378,N
KRN002,2026-02-20 10:50:00,36.38,N
KRN002,2026-02-20 11:00:00,36.391,N
KRN002,2026-02-20 11:10:00,36.392,N
KRN002,2026-02-20 11:20:00,36.398,N
KRN002,2026-02-20 11:30:00,36.398,N
KRN002,2026-02-20 11:40:00,36.402,N
KRN002,2026-02-20 11:50:00,36.406,N
KRN002,2026-02-20 12:00:00,36.403,N
KRN002,2026-02-20 12:10:00,36.423,N
KRN002,2026-02-20 12:20:00,36.43,N
KRN002,2026-02-20 12:30:00,36.437,N
KRN002,2026-02-20 12:40:00,36.45,N
KRN002,2026-02-20 12:50:00,36.453,N
KRN002,2026-02-20 13:00:00,36.456,N
KRN002,2026-02-20 13:10:00,36.459,N
KRN002,2026-02-20 13:20:00,36.48,N
KRN002,2026-02-20 13:30:00,36.483,N
KRN002,2026-02-20 13:40:00,36.489,N
KRN002,2026-02-20 13:50:00,36.498,N
KRN002,2026-02-20 14:00:00,36.511,N
KRN002,2026-02-20 14:10:00,36.517,N
KRN002,2026-02-20 14:20:00,36.531,N
KRN002,2026-02-20 14:30:00,36.538,N
KRN002,2026-02-20 14:40:00,36.543,N
KRN002,2026-02-20 14:50:00,36.555,N
KRN002,2026-02-20 15:00:00,36.551,N
KRN002,2026-02-20 15:10:00,36.564,N
KRN002,2026-02-20 15:20:00,36.58,N
KRN002,2026-02-20 15:30:00,36.584,N
KRN002,2026-02-20 15:40:00,36.592,N
KRN002,2026-02-20 15:50:00,36.605,N
KRN002,2026-02-20 16:00:00,36.612,N
KRN002,2026-02-20 16:10:00,36.62,N
KRN002,2026-02-20 16:20:00,36.628,N
KRN002,2026-02-20 16:30:00,36.632,N
KRN002,2026-02-20 16:40:00,36.641,N
KRN002,2026-02-20 16:50:00,36.64,N
KRN002,2026-02-20 17:00:00,36.653,N
KRN002,2026-02-20 17:10:00,36.657,N
KRN002,2026-02-20 17:20:00,36.667,N
KRN002,2026-02-20 17:30:00,36.674,N
KRN002,2026-02-20 17:40:00,36.677,N
KRN002,2026-02-20 17:50:00,36.685,N
KRN002,2026-02-20 18:00:00,36.685,N
KRN002,2026-02-20 18:10:00,36.692,N
KRN002,2026-02-20 18:20:00,36.696,N
KRN002,2026-02-20 18:30:00,36.698,N
KRN002,2026-02-20 18:40:00,36.72,N
KRN002,2026-02-20 18:50:00,36.707,N
KRN002,2026-02-20 19:00:00,36.715,N
KRN002,2026-02-20 19:10:00,36.713,N
KRN002,2026-02-20 19:20:00,36.716,N
KRN002,2026-02-20 19:30:00,36.722,N
KRN002,2026-02-20 19:40:00,36.718,N
KRN002,2026-02-20 19:50:00,36.721,N
KRN002,2026-02-20 20:00:00,36.718,N
KRN002,2026-02-20 20:10:00,36.727,N
KRN002,2026-02-20 20:20:00,36.723,N
KRN002,2026-02-20 20:30:00,36.722,N
KRN002,2026-02-20 20:40:00,36.721,N
KRN002,2026-02-20 20:50:00,36.718,N
KRN002,2026-02-20 21:00:00,36.716,N
KRN002,2026-02-20 21:10:00,36.706,N
KRN002,2026-02-20 21:20:00,36.713,N
KRN002,2026-02-20 21:30:00,36.707,N
KRN002,2026-02-20 21:40:00,36.703,N
KRN002,2026-02-20 21:50:00,36.698,N
KRN002,2026-02-20 22:00:00,36.691,N
KRN002,2026-02-20 22:10:00,36.688,N
KRN002,2026-02-20 22:20:00,36.685,N
KRN002,2026-02-20 22:30:00,36.68,N
KRN002,2026-02-20 22:40:00,36.67,N
KRN002,2026-02-20 22:50:00,36.665,N
KRN002,2026-02-20 23:00:00,36.658,N
KRN002,2026-02-20 23:10:00,36.65,N
KRN002,2026-02-20 23:20:00,36.646,N
KRN002,2026-02-20 23:30:00,36.645,N
KRN002,2026-02-20 23:40:00,36.637,N
KRN002,2026-02-20 23:50:00,36.628,N
KRN002,2026-02-21 00:00:00,36.617,N
KRN002,2026-02-21 00:10:00,36.607,N
KRN002,2026-02-21 00:20:00,36.604,N
KRN002,2026-02-21 00:30:00,36.598,N
KRN002,2026-02-21 00:40:00,36.591,N
KRN002,2026-02-21 00:50:00,36.582,N
KRN002,2026-02-21 01:00:00,36.573,N
KRN002,2026-02-21 01:10:00,36.569,N
KRN002,2026-02-21 01:20:00,36.568,N
KRN002,2026-02-21 01:30:00,36.553,N
KRN002,2026-02-21 01:40:00,36.549,N
KRN002,2026-02-21 01:50:00,36.532,N
KRN002,2026-02-21 02:00:00,36.525,N
KRN002,2026-02-21 02:10:00,36.514,N
KRN002,2026-02-21 02:20:00,36.502,N
KRN002,2026-02-21 02:30:00,36.504,N
KRN002,2026-02-21 02:40:00,36.497,N
KRN002,2026-02-21 02:50:00,36.489,N
KRN002,2026-02-21 03:00:00,36.483,N
KRN002,2026-02-21 03:10:00,36.474,N
KRN002,2026-02-21 03:20:00,36.461,N
KRN002,2026-02-21 03:30:00,36.456,N
KRN002,2026-02-21 03:40:00,36.454,N
KRN002,2026-02-21 03:50:00,36.447,N
KRN002,2026-02-21 04:00:00,36.435,N
KRN002,2026-02-21 04:10:00,36.435,N
KRN002,2026-02-21 04:20:00,36.426,N
KRN002,2026-02-21 04:30:00,36.421,N
KRN002,2026-02-21 04:40:00,36.413,N
KRN002,2026-02-21 04:50:00,36.406,N
KRN002,2026-02-21 05:00:00,36.403,N
KRN002,2026-02-21 05:10:00,36.401,N
KRN002,2026-02-21 05:20:00,36.396,N
KRN002,2026-02-21 05:30:00,36.394,N
KRN002,2026-02-21 05:40:00,36.385,N
KRN002,2026-02-21 05:50:00,36.384,N
KRN002,2026-02-21 06:00:00,36.373,N
KRN002,2026-02-21 06:10:00,36.377,N
KRN002,2026-02-21 06:20:00,36.372,N
KRN002,2026-02-21 06:30:00,36.368,N
KRN002,2026-02-21 06:40:00,36.371,N
KRN002,2026-02-21 06:50:00,36.372,N
KRN002,2026-02-21 07:00:00,36.365,N
KRN002,2026-02-21 07:10:00,36.365,N
KRN002,2026-02-21 07:20:00,36.361,N
KRN002,2026-02-21 07:30:00,36.364,N
KRN002,2026-02-21 07:40:00,36.362,N
KRN002,2026-02-21 07:50:00,36.365,N
KRN002,2026-02-21 08:00:00,36.366,N
KRN002,2026-02-21 08:10:00,36.361,N
KRN002,2026-02-21 08:20:00,36.366,N
KRN002,2026-02-21 08:30:00,36.368,N
KRN002,2026-02-21 08:40:00,36.37,N
KRN002,2026-02-21 08:50:00,36.368,N
KRN002,2026-02-21 09:00:00,36.374,N
KRN002,2026-02-21 09:10:00,36.37,N
KRN002,2026-02-21 09:20:00,36.384,N
KRN002,2026-02-21 09:30:00,36.378,N
KRN002,2026-02-21 09:40:00,36.387,N
KRN002,2026-02-21 09:50:00,36.391,N
KRN002,2026-02-21 10:00:00,36.394,N
KRN002,2026-02-21 10:10:00,36.401,N
KRN002,2026-02-21 10:20:00,36.401,N
KRN002,2026-02-21 10:30:00,36.403,N
KRN002,2026-02-21 10:40:00,36.408,N
KRN002,2026-02-21 10:50:00,36.422,N
KRN002,2026-02-21 11:00:00,36.425,N
KRN002,2026-02-21 11:10:00,36.426,N
KRN002,2026-02-21 11:20:00,36.437,N
KRN002,2026-02-21 11:30:00,36.441,N
KRN002,2026-02-21 11:40:00,36.452,N
KRN002,2026-02-21 11:50:00,36.459,N
KRN002,2026-02-21 12:00:00,36.47,N
KRN002,2026-02-21 12:10:00,36.478,N
KRN002,2026-02-21 12:20:00,36.482,N
KRN002,2026-02-21 12:30:00,36.494,N
KRN002,2026-02-21 12:40:00,36.497,N
KRN002,2026-02-21 12:50:00,36.508,N
KRN002,2026-02-21 13:00:00,36.512,N
KRN002,2026-02-21 13:10:00,36.528,N
KRN002,2026-02-21 13:20:00,36.534,N
KRN002,2026-02-21 13:30:00,36.541,N
KRN002,2026-02-21 13:40:00,36.555,N
KRN002,2026-02-21 13:50:00,36.563,N
KRN002,2026-02-21 14:00:00,36.565,N
KRN002,2026-02-21 14:10:00,36.577,N
KRN002,2026-02-21 14:20:00,36.591,N
KRN002,2026-02-21 14:30:00,36.596,N
KRN002,2026-02-21 14:40:00,36.602,N
KRN002,2026-02-21 14:50:00,36.618,N
KRN002,2026-02-21 15:00:00,36.625,N
KRN002,2026-02-21 15:10:00,36.634,N
KRN002,2026-02-21 15:20:00,36.645,N
KRN002,2026-02-21 15:30:00,36.652,N
KRN002,2026-02-21 15:40:00,36.668,N
KRN002,2026-02-21 15:50:00,36.67,N
KRN002,2026-02-21 16:00:00,36.682,N
KRN002,2026-02-21 16:10:00,36.685,N
KRN002,2026-02-21 16:20:00,36.703,N
KRN002,2026-02-21 16:30:00,36.705,N
KRN002,2026-02-21 16:40:00,36.712,N
KRN002,2026-02-21 16:50:00,36.721,N
KRN002,2026-02-21 17:00:00,36.727,N
KRN002,2026-02-21 17:10:00,36.74,N
KRN002,2026-02-21 17:20:00,36.745,N
KRN002,2026-02-21 17:30:00,36.753,N
KRN002,2026-02-21 17:40:00,36.768,N
KRN002,2026-02-21 17:50:00,36.768,N
KRN002,2026-02-21 18:00:00,36.781,N
KRN002,2026-02-21 18:10:00,36.789,N
KRN002,2026-02-21 18:20:00,36.788,N
KRN002,2026-02-21 18:30:00,36.795,N
KRN002,2026-02-21 18:40:00,36.802,N
KRN002,2026-02-21 18:50:00,36.801,N
KRN002,2026-02-21 19:00:00,36.811,N
KRN002,2026-02-21 19:10:00,36.808,N
KRN002,2026-02-21 19:20:00,36.811,N
KRN002,2026-02-21 19:30:00,36.824,N
KRN002,2026-02-21 19:40:00,36.82,N
KRN002,2026-02-21 19:50:00,36.823,N
KRN002,2026-02-21 20:00:00,36.827,N
KRN002,2026-02-21 20:10:00,36.828,N
KRN002,2026-02-21 20:20:00,36.832,N
KRN002,2026-02-21 20:30:00,36.83,N
KRN002,2026-02-21 20:40:00,36.828,N
KRN002,2026-02-21 20:50:00,36.828,N
KRN002,2026-02-21 21:00:00,36.834,N
KRN002,2026-02-21 21:10:00,36.825,N
KRN002,2026-02-21 21:20:00,36.832,N
KRN002,2026-02-21 21:30:00,36.822,N
KRN002,2026-02-21 21:40:00,36.821,N
KRN002,2026-02-21 21:50:00,36.823,N
KRN002,2026-02-21 22:00:00,36.817,N
KRN002,2026-02-21 22:10:00,36.818,N
KRN002,2026-02-21 22:20:00,36.817,N
KRN002,2026-02-21 22:30:00,36.805,N
KRN002,2026-02-21 22:40:00,36.802,N
KRN002,2026-02-21 22:50:00,36.797,N
KRN002,2026-02-21 23:00:00,36.787,N
KRN002,2026-02-21 23:10:00,36.783,N
KRN002,2026-02-21 23:20:00,36.775,N
KRN002,2026-02-21 23:30:00,36.77,N
KRN002,2026-02-21 23:40:00,36.76,N
KRN002,2026-02-21 23:50:00,36.759,N
KRN002,2026-02-22 00:00:00,36.752,N
KRN002,2026-02-22 00:10:00,36.742,N
KRN002,2026-02-22 00:20:00,36.734,N
KRN002,2026-02-22 00:30:00,36.727,N
KRN002,2026-02-22 00:40:00,36.715,N
KRN002,2026-02-22 00:50:00,36.712,N
KRN002,2026-02-22 01:00:00,36.702,N
KRN002,2026-02-22 01:10:00,36.695,N
KRN002,2026-02-22 01:20:00,36.684,N
KRN002,2026-02-22 01:30:00,36.68,N
KRN002,2026-02-22 01:40:00,36.668,N
KRN002,2026-02-22 01:50:00,36.659,N
KRN002,2026-02-22 02:00:00,36.648,N
KRN002,2026-02-22 02:10:00,36.644,N
KRN002,2026-02-22 02:20:00,36.633,N
KRN002,2026-02-22 02:30:00,36.621,N
KRN002,2026-02-22 02:40:00,36.611,N
KRN002,2026-02-22 02:50:00,36.599,N
KRN002,2026-02-22 03:00:00,36.593,N
KRN002,2026-02-22 03:10:00,36.585,N
KRN002,2026-02-22 03:20:00,36.573,N
KRN002,2026-02-22 03:30:00,36.571,N
KRN002,2026-02-22 03:40:00,36.558,N
KRN002,2026-02-22 03:50:00,36.551,N
KRN002,2026-02-22 04:00:00,36.541,N
KRN002,2026-02-22 04:10:00,36.528,N
KRN002,2026-02-22 04:20:00,36.523,N
KRN002,2026-02-22 04:30:00,36.511,N
KRN002,2026-02-22 04:40:00,36.502,N
KRN002,2026-02-22 04:50:00,36.497,N
KRN002,2026-02-22 05:00:00,36.49,N
KRN002,2026-02-22 05:10:00,36.481,N
KRN002,2026-02-22 05:20:00,36.478,N
KRN002,2026-02-22 05:30:00,36.466,N
KRN002,2026-02-22 05:40:00,36.459,N
KRN002,2026-02-22 05:50:00,36.456,N
KRN002,2026-02-22 06:00:00,36.445,N
KRN002,2026-02-22 06:10:00,36.442,N
KRN002,2026-02-22 06:20:00,36.437,N
KRN002,2026-02-22 06:30:00,36.433,N
KRN002,2026-02-22 06:40:00,36.433,N
KRN002,2026-02-22 06:50:00,36.426,N
KRN002,2026-02-22 07:00:00,36.419,N
KRN002,2026-02-22 07:10:00,36.415,N
KRN002,2026-02-22 07:20:00,36.411,N
KRN002,2026-02-22 07:30:00,36.411,N
KRN002,2026-02-22 07:40:00,36.411,N
KRN002,2026-02-22 07:50:00,36.402,N
KRN002,2026-02-22 08:00:00,36.4,N
KRN002,2026-02-22 08:10:00,36.4,N
KRN002,2026-02-22 08:20:00,36.403,N
KRN002,2026-02-22 08:30:00,36.409,N
KRN002,2026-02-22 08:40:00,36.407,N
KRN002,2026-02-22 08:50:00,36.413,N
KRN002,2026-02-22 09:00:00,36.409,N
KRN002,2026-02-22 09:10:00,36.408,N
KRN002,2026-02-22 09:20:00,36.415,N
KRN002,2026-02-22 09:30:00,36.415,N
KRN002,2026-02-22 09:40:00,36.415,N
KRN002,2026-02-22 09:50:00,36.419,N
KRN002,2026-02-22 10:00:00,36.425,N
KRN002,2026-02-22 10:10:00,36.43,N
KRN002,2026-02-22 10:20:00,36.428,N
KRN002,2026-02-22 10:30:00,36.443,N
KRN002,2026-02-22 10:40:00,36.445,N
KRN002,2026-02-22 10:50:00,36.445,N
KRN002,2026-02-22 11:00:00,36.457,N
KRN002,2026-02-22 11:10:00,36.454,N
KRN002,2026-02-22 11:20:00,36.46,N
KRN002,2026-02-22 11:30:00,36.469,N
KRN002,2026-02-22 11:40:00,36.482,N
KRN002,2026-02-22 11:50:00,36.495,N
KRN002,2026-02-22 12:00:00,36.498,N
KRN002,2026-02-22 12:10:00,36.502,N
KRN002,2026-02-22 12:20:00,36.515,N
KRN002,2026-02-22 12:30:00,36.518,N
KRN002,2026-02-22 12:40:00,36.53,N
KRN002,2026-02-22 12:50:00,36.534,N
KRN002,2026-02-22 13:00:00,36.545,N
KRN002,2026-02-22 13:10:00,36.55,N
KRN002,2026-02-22 13:20:00,36.558,N
KRN002,2026-02-22 13:30:00,36.57,N
KRN002,2026-02-22 13:40:00,36.584,N
KRN002,2026-02-22 13:50:00,36.586,N
KRN002,2026-02-22 14:00:00,36.593,N
KRN002,2026-02-22 14:10:00,36.607,N
KRN002,2026-02-22 14:20:00,36.619,N
KRN002,2026-02-22 14:30:00,36.619,N
KRN002,2026-02-22 14:40:00,36.631,N
KRN002,2026-02-22 14:50:00,36.637,N
KRN002,2026-02-22 15:00:00,36.653,N
KRN002,2026-02-22 15:10:00,36.666,N
KRN002,2026-02-22 15:20:00,36.667,N
KRN002,2026-02-22 15:30:00,36.681,N
KRN002,2026-02-22 15:40:00,36.693,N
KRN002,2026-02-22 15:50:00,36.693,N
KRN002,2026-02-22 16:00:00,36.703,N
KRN002,2026-02-22 16:10:00,36.716,N
KRN002,2026-02-22 16:20:00,36.723,N
KRN002,2026-02-22 16:30:00,36.73,N
KRN002,2026-02-22 16:40:00,36.743,N
KRN002,2026-02-22 16:50:00,36.754,N
KRN002,2026-02-22 17:00:00,36.761,N
KRN002,2026-02-22 17:10:00,36.766,N
KRN002,2026-02-22 17:20:00,36.778,N
KRN002,2026-02-22 17:30:00,36.788,N
KRN002,2026-02-22 17:40:00,36.796,N
KRN002,2026-02-22 17:50:00,36.809,N
KRN002,2026-02-22 18:00:00,36.815,N
KRN002,2026-02-22 18:10:00,36.824,N
KRN002,2026-02-22 18:20:00,36.836,N
KRN002,2026-02-22 18:30:00,36.851,N
KRN002,2026-02-22 18:40:00,36.861,N
KRN002,2026-02-22 18:50:00,36.866,N
KRN002,2026-02-22 19:00:00,36.877,N
KRN002,2026-02-22 19:10:00,36.879,N
KRN002,2026-02-22 19:20:00,36.883,N
KRN002,2026-02-22 19:30:00,36.893,N
KRN002,2026-02-22 19:40:00,36.905,N
KRN002,2026-02-22 19:50:00,36.913,N
KRN002,2026-02-22 20:00:00,36.919,N
KRN002,2026-02-22 20:10:00,36.934,N
KRN002,2026-02-22 20:20:00,36.947,N
KRN002,2026-02-22 20:30:00,36.954,N
KRN002,2026-02-22 20:40:00,36.962,N
KRN002,2026-02-22 20:50:00,36.974,N
KRN002,2026-02-22 21:00:00,36.978,N
KRN002,2026-02-22 21:10:00,36.986,N
KRN002,2026-02-22 21:20:00,37,N
KRN002,2026-02-22 21:30:00,37.007,N
KRN002,2026-02-22 21:40:00,37.015,N
KRN002,2026-02-22 21:50:00,37.022,N
KRN002,2026-02-22 22:00:00,37.027,N
KRN002,2026-02-22 22:10:00,37.025,N
KRN002,2026-02-22 22:20:00,37.037,N
KRN002,2026-02-22 22:30:00,37.039,N
KRN002,2026-02-22 22:40:00,37.05,N
KRN002,2026-02-22 22:50:00,37.053,N
KRN002,2026-02-22 23:00:00,37.055,N
KRN002,2026-02-22 23:10:00,37.061,N
KRN002,2026-02-22 23:20:00,37.064,N
KRN002,2026-02-22 23:30:00,37.071,N
KRN002,2026-02-22 23:40:00,37.069,N
KRN002,2026-02-22 23:50:00,37.076,N
KRN002,2026-02-23 00:00:00,37.081,N
KRN002,2026-02-23 00:10:00,37.08,N
KRN002,2026-02-23 00:20:00,37.09,N
KRN002,2026-02-23 00:30:00,37.091,N
KRN002,2026-02-23 00:40:00,37.093,N
KRN002,2026-02-23 00:50:00,37.095,N
KRN002,2026-02-23 01:00:00,37.094,N
KRN002,2026-02-23 01:10:00,37.103,N
KRN002,2026-02-23 01:20:00,37.094,N
KRN002,2026-02-23 01:30:00,37.095,N
KRN002,2026-02-23 01:40:00,37.094,N
KRN002,2026-02-23 01:50:00,37.093,N
KRN002,2026-02-23 02:00:00,37.093,N
KRN002,2026-02-23 02:10:00,37.093,N
KRN002,2026-02-23 02:20:00,37.086,N
KRN002,2026-02-23 02:30:00,37.083,N
KRN002,2026-02-23 02:40:00,37.081,N
KRN002,2026-02-23 02:50:00,37.083,N
KRN002,2026-02-23 03:00:00,37.069,N
KRN002,2026-02-23 03:10:00,37.074,N
KRN002,2026-02-23 03:20:00,37.063,N
KRN002,2026-02-23 03:30:00,37.063,N
KRN002,2026-02-23 03:40:00,37.055,N
KRN002,2026-02-23 03:50:00,37.05,N
KRN002,2026-02-23 04:00:00,37.033,N
KRN002,2026-02-23 04:10:00,37.028,N
KRN002,2026-02-23 04:20:00,37.02,N
KRN002,2026-02-23 04:30:00,37.012,N
KRN002,2026-02-23 04:40:00,36.995,N
KRN002,2026-02-23 04:50:00,36.989,N
KRN002,2026-02-23 05:00:00,36.978,N
KRN002,2026-02-23 05:10:00,36.972,N
KRN002,2026-02-23 05:20:00,36.96,N
KRN002,2026-02-23 05:30:00,36.947,N
KRN002,2026-02-23 05:40:00,36.931,N
KRN002,2026-02-23 05:50:00,36.917,N
KRN002,2026-02-23 06:00:00,36.905,N
KRN002,2026-02-23 06:10:00,36.891,N
KRN002,2026-02-23 06:20:00,36.882,N
KRN002,2026-02-23 06:30:00,36.869,N
KRN002,2026-02-23 06:40:00,36.85,N
KRN002,2026-02-23 06:50:00,36.824,N
KRN002,2026-02-23 07:00:00,36.821,N
KRN002,2026-02-23 07:10:00,36.807,N
KRN002,2026-02-23 07:20:00,36.79,N
KRN002,2026-02-23 07:30:00,36.776,N
KRN002,2026-02-23 07:40:00,36.76,N
KRN002,2026-02-23 07:50:00,36.74,N
KRN002,2026-02-23 08:00:00,36.732,N
KRN002,2026-02-23 08:10:00,36.7,N
KRN002,2026-02-23 08:20:00,36.689,N
KRN002,2026-02-23 08:30:00,36.677,N
KRN002,2026-02-23 08:40:00,36.664,N
KRN002,2026-02-23 08:50:00,36.644,N
KRN002,2026-02-23 09:00:00,36.631,N
KRN002,2026-02-23 09:10:00,36.616,N
KRN002,2026-02-23 09:20:00,36.598,N
KRN002,2026-02-23 09:30:00,36.589,N
KRN002,2026-02-23 09:40:00,36.571,N
KRN002,2026-02-23 09:50:00,36.559,N
KRN002,2026-02-23 10:00:00,36.55,N
KRN002,2026-02-23 10:10:00,36.535,N
KRN002,2026-02-23 10:20:00,36.52,N
KRN002,2026-02-23 10:30:00,36.51,N
KRN002,2026-02-23 10:40:00,36.497,N
KRN002,2026-02-23 10:50:00,36.491,N
KRN002,2026-02-23 11:00:00,36.477,N
KRN002,2026-02-23 11:10:00,36.461,N
KRN002,2026-02-23 11:20:00,36.452,N
KRN002,2026-02-23 11:30:00,36.446,N
KRN002,2026-02-23 11:40:00,36.433,N
KRN002,2026-02-23 11:50:00,36.423,N
KRN002,2026-02-23 12:00:00,36.415,N
KRN002,2026-02-23 12:10:00,36.405,N
KRN002,2026-02-23 12:20:00,36.403,N
KRN002,2026-02-23 12:30:00,36.399,N
KRN002,2026-02-23 12:40:00,36.395,N
KRN002,2026-02-23 12:50:00,36.387,N
KRN002,2026-02-23 13:00:00,36.385,N
KRN002,2026-02-23 13:10:00,36.378,N
KRN002,2026-02-23 13:20:00,36.371,N
KRN002,2026-02-23 13:30:00,36.377,N
KRN002,2026-02-23 13:40:00,36.366,N
KRN002,2026-02-23 13:50:00,36.372,N
KRN002,2026-02-23 14:00:00,36.37,N
KRN002,2026-02-23 14:10:00,36.373,N
KRN002,2026-02-23 14:20:00,36.368,N
KRN002,2026-02-23 14:30:00,36.368,N
KRN002,2026-02-23 14:40:00,36.375,N
KRN002,2026-02-23 14:50:00,36.374,N
KRN002,2026-02-23 15:00:00,36.374,N
KRN002,2026-02-23 15:10:00,36.375,N
KRN002,2026-02-23 15:20:00,36.381,N
KRN002,2026-02-23 15:30:00,36.381,N
KRN002,2026-02-23 15:40:00,36.386,N
KRN002,2026-02-23 15:50:00,36.394,N
KRN002,2026-02-23 16:00:00,36.398,N
KRN002,2026-02-23 16:10:00,36.403,N
KRN002,2026-02-23 16:20:00,36.408,N
KRN002,2026-02-23 16:30:00,36.416,N
KRN002,2026-02-23 16:40:00,36.419,N
KRN002,2026-02-23 16:50:00,36.42,N
KRN002,2026-02-23 17:00:00,36.43,N
KRN002,2026-02-23 17:10:00,36.436,N
KRN002,2026-02-23 17:20:00,36.439,N
KRN002,2026-02-23 17:30:00,36.448,N
KRN002,2026-02-23 17:40:00,36.454,N
KRN002,2026-02-23 17:50:00,36.461,N
KRN002,2026-02-23 18:00:00,36.471,N
KRN002,2026-02-23 18:10:00,36.471,N
KRN002,2026-02-23 18:20:00,36.48,N
KRN002,2026-02-23 18:30:00,36.484,N
KRN002,2026-02-23 18:40:00,36.478,N
KRN002,2026-02-23 18:50:00,36.498,N
KRN002,2026-02-23 19:00:00,36.504,N
KRN002,2026-02-23 19:10:00,36.507,N
KRN002,2026-02-23 19:20:00,36.512,N
KRN002,2026-02-23 19:30:00,36.512,N
KRN002,2026-02-23 19:40:00,36.518,N
KRN002,2026-02-23 19:50:00,36.523,N
KRN002,2026-02-23 20:00:00,36.534,N
KRN002,2026-02-23 20:10:00,36.536,N
KRN002,2026-02-23 20:20:00,36.538,N
KRN002,2026-02-23 20:30:00,36.549,N
KRN002,2026-02-23 20:40:00,36.551,N
KRN002,2026-02-23 20:50:00,36.546,N
KRN002,2026-02-23 21:00:00,36.55,N
KRN002,2026-02-23 21:10:00,36.555,N
KRN002,2026-02-23 21:20:00,36.55,N
KRN002,2026-02-23 21:30:00,36.563,N
KRN002,2026-02-23 21:40:00,36.559,N
KRN002,2026-02-23 21:50:00,36.563,N
KRN002,2026-02-23 22:00:00,36.564,N
KRN002,2026-02-23 22:10:00,36.564,N
KRN002,2026-02-23 22:20:00,36.561,N
KRN002,2026-02-23 22:30:00,36.566,N
KRN002,2026-02-23 22:40:00,36.563,N
KRN002,2026-02-23 22:50:00,36.565,N
KRN002,2026-02-23 23:00:00,36.566,N
KRN002,2026-02-23 23:10:00,36.564,N
KRN002,2026-02-23 23:20:00,36.564,N
KRN002,2026-02-23 23:30:00,36.559,N
KRN002,2026-02-23 23:40:00,36.558,N
KRN002,2026-02-23 23:50:00,36.557,N
KRN002,2026-02-24 00:00:00,36.559,N
KRN002,2026-02-24 00:10:00,36.557,N
KRN002,2026-02-24 00:20:00,36.553,N
KRN002,2026-02-24 00:30:00,36.552,N
KRN002,2026-02-24 00:40:00,36.55,N
KRN002,2026-02-24 00:50:00,36.549,N
KRN002,2026-02-24 01:00:00,36.544,N
KRN002,2026-02-24 01:10:00,36.545,N
KRN002,2026-02-24 01:20:00,36.545,N
KRN002,2026-02-24 01:30:00,36.544,N
KRN002,2026-02-24 01:40:00,36.537,N
KRN002,2026-02-24 01:50:00,36.532,N
KRN002,2026-02-24 02:00:00,36.532,N
KRN002,2026-02-24 02:10:00,36.532,N
KRN002,2026-02-24 02:20:00,36.531,N
KRN002,2026-02-24 02:30:00,36.529,N
KRN002,2026-02-24 02:40:00,36.528,N
KRN002,2026-02-24 02:50:00,36.521,N
KRN002,2026-02-24 03:00:00,36.525,N
KRN002,2026-02-24 03:10:00,36.523,N
KRN002,2026-02-24 03:20:00,36.522,N
KRN002,2026-02-24 03:30:00,36.522,N
KRN002,2026-02-24 03:40:00,36.515,N
KRN002,2026-02-24 03:50:00,36.516,N
KRN002,2026-02-24 04:00:00,36.51,N
KRN002,2026-02-24 04:10:00,36.51,N
KRN002,2026-02-24 04:20:00,36.51,N
KRN002,2026-02-24 04:30:00,36.504,N
KRN002,2026-02-24 04:40:00,36.507,N
KRN002,2026-02-24 04:50:00,36.5,N
KRN002,2026-02-24 05:00:00,36.502,N
KRN002,2026-02-24 05:10:00,36.503,N
KRN002,2026-02-24 05:20:00,36.507,N
KRN002,2026-02-24 05:30:00,36.508,N
KRN002,2026-02-24 05:40:00,36.495,N
KRN002,2026-02-24 05:50:00,36.496,N
KRN002,2026-02-24 06:00:00,36.505,N
KRN002,2026-02-24 06:10:00,36.503,N
KRN002,2026-02-24 06:20:00,36.501,N
KRN002,2026-02-24 06:30:00,36.505,N
KRN002,2026-02-24 06:40:00,36.503,N
KRN002,2026-02-24 06:50:00,36.504,N
KRN002,2026-02-24 07:00:00,36.502,N
KRN002,2026-02-24 07:10:00,36.504,N
KRN002,2026-02-24 07:20:00,36.505,N
KRN002,2026-02-24 07:30:00,36.505,N
KRN002,2026-02-24 07:40:00,36.5,N
KRN002,2026-02-24 07:50:00,36.512,N
KRN002,2026-02-24 08:00:00,36.511,N
KRN002,2026-02-24 08:10:00,36.511,N
KRN002,2026-02-24 08:20:00,36.515,N
KRN002,2026-02-24 08:30:00,36.508,N
KRN002,2026-02-24 08:40:00,36.512,N
KRN002,2026-02-24 08:50:00,36.514,N
KRN002,2026-02-24 09:00:00,36.518,N
KRN002,2026-02-24 09:10:00,36.515,N
KRN002,2026-02-24 09:20:00,36.518,N
KRN002,2026-02-24 09:30:00,36.527,N
KRN002,2026-02-24 09:40:00,36.528,N
KRN002,2026-02-24 09:50:00,36.528,N
KRN002,2026-02-24 10:00:00,36.53,N
KRN002,2026-02-24 10:10:00,36.531,N
KRN002,2026-02-24 10:20:00,36.535,N
KRN002,2026-02-24 10:30:00,36.534,N
KRN002,2026-02-24 10:40:00,36.532,N
KRN002,2026-02-24 10:50:00,36.543,N
KRN002,2026-02-24 11:00:00,36.545,N
KRN002,2026-02-24 11:10:00,36.549,N
KRN002,2026-02-24 11:20:00,36.544,N
KRN002,2026-02-24 11:30:00,36.553,N
KRN002,2026-02-24 11:40:00,36.556,N
KRN002,2026-02-24 11:50:00,36.552,N
KRN002,2026-02-24 12:00:00,36.557,N
KRN002,2026-02-24 12:10:00,36.562,N
KRN002,2026-02-24 12:20:00,36.562,N
KRN002,2026-02-24 12:30:00,36.562,N
KRN002,2026-02-24 12:40:00,36.57,N
KRN002,2026-02-24 12:50:00,36.571,N
KRN002,2026-02-24 13:00:00,36.575,N
KRN002,2026-02-24 13:10:00,36.575,N
KRN002,2026-02-24 13:20:00,36.577,N
KRN002,2026-02-24 13:30:00,36.585,N
KRN002,2026-02-24 13:40:00,36.587,N
KRN002,2026-02-24 13:50:00,36.582,N
KRN002,2026-02-24 14:00:00,36.59,N
KRN002,2026-02-24 14:10:00,36.591,N
KRN002,2026-02-24 14:20:00,36.587,N
KRN002,2026-02-24 14:30:00,36.589,N
KRN002,2026-02-24 14:40:00,36.592,N
KRN002,2026-02-24 14:50:00,36.598,N
KRN002,2026-02-24 15:00:00,36.603,N
KRN002,2026-02-24 15:10:00,36.606,N
KRN002,2026-02-24 15:20:00,36.604,N
KRN002,2026-02-24 15:30:00,36.606,N
KRN002,2026-02-24 15:40:00,36.612,N
KRN002,2026-02-24 15:50:00,36.611,N
KRN002,2026-02-24 16:00:00,36.619,N
KRN002,2026-02-24 16:10:00,36.618,N
KRN002,2026-02-24 16:20:00,36.617,N
KRN002,2026-02-24 16:30:00,36.624,N
KRN002,2026-02-24 16:40:00,36.619,N
KRN002,2026-02-24 16:50:00,36.617,N
KRN002,2026-02-24 17:00:00,36.623,N
KRN002,2026-02-24 17:10:00,36.621,N
KRN002,2026-02-24 17:20:00,36.618,N
KRN002,2026-02-24 17:30:00,36.62,N
KRN002,2026-02-24 17:40:00,36.621,N
KRN002,2026-02-24 17:50:00,36.628,N
KRN002,2026-02-24 18:00:00,36.631,N
KRN002,2026-02-24 18:10:00,36.628,N
KRN002,2026-02-24 18:20:00,36.619,N
KRN002,2026-02-24 18:30:00,36.623,N
KRN002,2026-02-24 18:40:00,36.624,N
KRN002,2026-02-24 18:50:00,36.616,N
KRN002,2026-02-24 19:00:00,36.621,N
KRN002,2026-02-24 19:10:00,36.617,N
KRN002,2026-02-24 19:20:00,36.619,N
KRN002,2026-02-24 19:30:00,36.623,N
KRN002,2026-02-24 19:40:00,36.618,N
KRN002,2026-02-24 19:50:00,36.61,N
KRN002,2026-02-24 20:00:00,36.607,N
KRN002,2026-02-24 20:10:00,36.602,N
KRN002,2026-02-24 20:20:00,36.604,N
KRN002,2026-02-24 20:30:00,36.593,N
KRN002,2026-02-24 20:40:00,36.589,N
KRN002,2026-02-24 20:50:00,36.591,N
KRN002,2026-02-24 21:00:00,36.573,N
KRN002,2026-02-24 21:10:00,36.564,N
KRN002,2026-02-24 21:20:00,36.566,N
KRN002,2026-02-24 21:30:00,36.559,N
KRN002,2026-02-24 21:40:00,36.553,N
KRN002,2026-02-24 21:50:00,36.538,N
KRN002,2026-02-24 22:00:00,36.53,N
KRN002,2026-02-24 22:10:00,36.528,N
KRN002,2026-02-24 22:20:00,36.52,N
KRN002,2026-02-24 22:30:00,36.511,N
KRN002,2026-02-24 22:40:00,36.491,N
KRN002,2026-02-24 22:50:00,36.497,N
KRN002,2026-02-24 23:00:00,36.483,N
KRN002,2026-02-24 23:10:00,36.47,N
KRN002,2026-02-24 23:20:00,36.461,N
KRN002,2026-02-24 23:30:00,36.449,N
KRN002,2026-02-24 23:40:00,36.443,N
KRN002,2026-02-24 23:50:00,36.43,N
KRN002,2026-02-25 00:00:00,36.422,N
KRN002,2026-02-25 00:10:00,36.414,N
KRN002,2026-02-25 00:20:00,36.401,N
KRN002,2026-02-25 00:30:00,36.392,N
KRN002,2026-02-25 00:40:00,36.38,N
KRN002,2026-02-25 00:50:00,36.367,N
KRN002,2026-02-25 01:00:00,36.362,N
KRN002,2026-02-25 01:10:00,36.352,N
KRN002,2026-02-25 01:20:00,36.34,N
KRN002,2026-02-25 01:30:00,36.332,N
KRN002,2026-02-25 01:40:00,36.324,N
KRN002,2026-02-25 01:50:00,36.311,N
KRN002,2026-02-25 02:00:00,36.305,N
KRN002,2026-02-25 02:10:00,36.298,N
KRN002,2026-02-25 02:20:00,36.286,N
KRN002,2026-02-25 02:30:00,36.285,N
KRN002,2026-02-25 02:40:00,36.275,N
KRN002,2026-02-25 02:50:00,36.263,N
KRN002,2026-02-25 03:00:00,36.259,N
KRN002,2026-02-25 03:10:00,36.251,N
KRN002,2026-02-25 03:20:00,36.248,N
KRN002,2026-02-25 03:30:00,36.236,N
KRN002,2026-02-25 03:40:00,36.236,N
KRN002,2026-02-25 03:50:00,36.23,N
KRN002,2026-02-25 04:00:00,36.224,N
KRN002,2026-02-25 04:10:00,36.217,N
KRN002,2026-02-25 04:20:00,36.215,N
KRN002,2026-02-25 04:30:00,36.212,N
KRN002,2026-02-25 04:40:00,36.204,N
KRN002,2026-02-25 04:50:00,36.207,N
KRN002,2026-02-25 05:00:00,36.198,N
KRN002,2026-02-25 05:10:00,36.2,N
KRN002,2026-02-25 05:20:00,36.204,N
KRN002,2026-02-25 05:30:00,36.197,N
KRN002,2026-02-25 05:40:00,36.196,N
KRN002,2026-02-25 05:50:00,36.203,N
KRN002,2026-02-25 06:00:00,36.193,N
KRN002,2026-02-25 06:10:00,36.197,N
KRN002,2026-02-25 06:20:00,36.198,N
KRN002,2026-02-25 06:30:00,36.198,N
KRN002,2026-02-25 06:40:00,36.204,N
KRN002,2026-02-25 06:50:00,36.201,N
KRN002,2026-02-25 07:00:00,36.203,N
KRN002,2026-02-25 07:10:00,36.209,N
KRN002,2026-02-25 07:20:00,36.214,N
KRN002,2026-02-25 07:30:00,36.214,N
KRN002,2026-02-25 07:40:00,36.217,N
KRN002,2026-02-25 07:50:00,36.224,N
KRN002,2026-02-25 08:00:00,36.229,N
KRN002,2026-02-25 08:10:00,36.231,N
KRN002,2026-02-25 08:20:00,36.241,N
KRN002,2026-02-25 08:30:00,36.248,N
KRN002,2026-02-25 08:40:00,36.251,N
KRN002,2026-02-25 08:50:00,36.257,N
KRN002,2026-02-25 09:00:00,36.263,N
KRN002,2026-02-25 09:10:00,36.275,N
KRN002,2026-02-25 09:20:00,36.277,N
KRN002,2026-02-25 09:30:00,36.287,N
KRN002,2026-02-25 09:40:00,36.292,N
KRN002,2026-02-25 09:50:00,36.3,N
KRN002,2026-02-25 10:00:00,36.317,N
KRN002,2026-02-25 10:10:00,36.324,N
KRN002,2026-02-25 10:20:00,36.326,N
KRN002,2026-02-25 10:30:00,36.331,N
KRN002,2026-02-25 10:40:00,36.35,N
KRN002,2026-02-25 10:50:00,36.359,N
KRN002,2026-02-25 11:00:00,36.37,N
KRN002,2026-02-25 11:10:00,36.381,N
KRN002,2026-02-25 11:20:00,36.387,N
KRN002,2026-02-25 11:30:00,36.396,N
KRN002,2026-02-25 11:40:00,36.414,N
KRN002,2026-02-25 11:50:00,36.416,N
KRN002,2026-02-25 12:00:00,36.432,N
KRN002,2026-02-25 12:10:00,36.44,N
KRN002,2026-02-25 12:20:00,36.453,N
KRN002,2026-02-25 12:30:00,36.466,N
KRN002,2026-02-25 12:40:00,36.477,N
KRN002,2026-02-25 12:50:00,36.483,N
KRN002,2026-02-25 13:00:00,36.498,N
KRN002,2026-02-25 13:10:00,36.507,N
KRN002,2026-02-25 13:20:00,36.518,N
KRN002,2026-02-25 13:30:00,36.535,N
KRN002,2026-02-25 13:40:00,36.537,N
KRN002,2026-02-25 13:50:00,36.551,N
KRN002,2026-02-25 14:00:00,36.565,N
KRN002,2026-02-25 14:10:00,36.57,N
KRN002,2026-02-25 14:20:00,36.58,N
KRN002,2026-02-25 14:30:00,36.592,N
KRN002,2026-02-25 14:40:00,36.604,N
KRN002,2026-02-25 14:50:00,36.617,N
KRN002,2026-02-25 15:00:00,36.617,N
KRN002,2026-02-25 15:10:00,36.633,N
KRN002,2026-02-25 15:20:00,36.64,N
KRN002,2026-02-25 15:30:00,36.648,N
KRN002,2026-02-25 15:40:00,36.659,N
KRN002,2026-02-25 15:50:00,36.668,N
KRN002,2026-02-25 16:00:00,36.675,N
KRN002,2026-02-25 16:10:00,36.682,N
KRN002,2026-02-25 16:20:00,36.694,N
KRN002,2026-02-25 16:30:00,36.699,N
KRN002,2026-02-25 16:40:00,36.707,N
KRN002,2026-02-25 16:50:00,36.708,N
KRN002,2026-02-25 17:00:00,36.721,N
KRN002,2026-02-25 17:10:00,36.727,N
KRN002,2026-02-25 17:20:00,36.735,N
KRN002,2026-02-25 17:30:00,36.736,N
KRN002,2026-02-25 17:40:00,36.746,N
KRN002,2026-02-25 17:50:00,36.745,N
KRN002,2026-02-25 18:00:00,36.755,N
KRN002,2026-02-25 18:10:00,36.76,N
KRN002,2026-02-25 18:20:00,36.762,N
KRN002,2026-02-25 18:30:00,36.768,N
KRN002,2026-02-25 18:40:00,36.77,N
KRN002,2026-02-25 18:50:00,36.767,N
KRN002,2026-02-25 19:00:00,36.769,N
KRN002,2026-02-25 19:10:00,36.771,N
KRN002,2026-02-25 19:20:00,36.778,N
KRN002,2026-02-25 19:30:00,36.77,N
KRN002,2026-02-25 19:40:00,36.77,N
KRN002,2026-02-25 19:50:00,36.766,N
KRN002,2026-02-25 20:00:00,36.775,N
KRN002,2026-02-25 20:10:00,36.757,N
KRN002,2026-02-25 20:20:00,36.763,N
KRN002,2026-02-25 20:30:00,36.769,N
KRN002,2026-02-25 20:40:00,36.764,N
KRN002,2026-02-25 20:50:00,36.764,N
KRN002,2026-02-25 21:00:00,36.766,N
KRN002,2026-02-25 21:10:00,36.76,N
KRN002,2026-02-25 21:20:00,36.759,N
KRN002,2026-02-25 21:30:00,36.748,N
KRN002,2026-02-25 21:40:00,36.74,N
KRN002,2026-02-25 21:50:00,36.741,N
KRN002,2026-02-25 22:00:00,36.741,N
KRN002,2026-02-25 22:10:00,36.727,N
KRN002,2026-02-25 22:20:00,36.718,N
KRN002,2026-02-25 22:30:00,36.715,N
KRN002,2026-02-25 22:40:00,36.699,N
KRN002,2026-02-25 22:50:00,36.689,N
KRN002,2026-02-25 23:00:00,36.681,N
KRN002,2026-02-25 23:10:00,36.675,N
KRN002,2026-02-25 23:20:00,36.664,N
KRN002,2026-02-25 23:30:00,36.648,N
KRN002,2026-02-25 23:40:00,36.65,N
KRN002,2026-02-25 23:50:00,36.63,N
KRN002,2026-02-26 00:00:00,36.625,N
KRN002,2026-02-26 00:10:00,36.609,N
KRN002,2026-02-26 00:20:00,36.6,N
KRN002,2026-02-26 00:30:00,36.595,N
KRN002,2026-02-26 00:40:00,36.584,N
KRN002,2026-02-26 00:50:00,36.571,N
KRN002,2026-02-26 01:00:00,36.555,N
KRN002,2026-02-26 01:10:00,36.546,N
KRN002,2026-02-26 01:20:00,36.538,N
KRN002,2026-02-26 01:30:00,36.528,N
KRN002,2026-02-26 01:40:00,36.52,N
KRN002,2026-02-26 01:50:00,36.508,N
KRN002,2026-02-26 02:00:00,36.495,N
KRN002,2026-02-26 02:10:00,36.491,N
KRN002,2026-02-26 02:20:00,36.476,N
KRN002,2026-02-26 02:30:00,36.468,N
KRN002,2026-02-26 02:40:00,36.464,N
KRN002,2026-02-26 02:50:00,36.452,N
KRN002,2026-02-26 03:00:00,36.441,N
KRN002,2026-02-26 03:10:00,36.439,N
KRN002,2026-02-26 03:20:00,36.429,N
KRN002,2026-02-26 03:30:00,36.421,N
KRN002,2026-02-26 03:40:00,36.418,N
KRN002,2026-02-26 03:50:00,36.409,N
KRN002,2026-02-26 04:00:00,36.401,N
KRN002,2026-02-26 04:10:00,36.394,N
KRN002,2026-02-26 04:20:00,36.391,N
KRN002,2026-02-26 04:30:00,36.386,N
KRN002,2026-02-26 04:40:00,36.384,N
KRN002,2026-02-26 04:50:00,36.377,N
KRN002,2026-02-26 05:00:00,36.374,N
KRN002,2026-02-26 05:10:00,36.374,N
KRN002,2026-02-26 05:20:00,36.374,N
KRN002,2026-02-26 05:30:00,36.375,N
KRN002,2026-02-26 05:40:00,36.372,N
KRN002,2026-02-26 05:50:00,36.368,N
KRN002,2026-02-26 06:00:00,36.366,N
KRN002,2026-02-26 06:10:00,36.366,N
KRN002,2026-02-26 06:20:00,36.367,N
KRN002,2026-02-26 06:30:00,36.374,N
KRN002,2026-02-26 06:40:00,36.375,N
KRN002,2026-02-26 06:50:00,36.377,N
KRN002,2026-02-26 07:00:00,36.38,N
KRN002,2026-02-26 07:10:00,36.381,N
KRN002,2026-02-26 07:20:00,36.386,N
KRN002,2026-02-26 07:30:00,36.384,N
KRN002,2026-02-26 07:40:00,36.393,N
KRN002,2026-02-26 07:50:00,36.396,N
KRN002,2026-02-26 08:00:00,36.403,N
KRN002,2026-02-26 08:10:00,36.403,N
KRN002,2026-02-26 08:20:00,36.413,N
KRN002,2026-02-26 08:30:00,36.418,N
KRN002,2026-02-26 08:40:00,36.416,N
KRN002,2026-02-26 08:50:00,36.428,N
KRN002,2026-02-26 09:00:00,36.433,N
KRN002,2026-02-26 09:10:00,36.44,N
KRN002,2026-02-26 09:20:00,36.446,N
KRN002,2026-02-26 09:30:00,36.45,N
KRN002,2026-02-26 09:40:00,36.461,N
KRN002,2026-02-26 09:50:00,36.47,N
KRN002,2026-02-26 10:00:00,36.482,N
KRN002,2026-02-26 10:10:00,36.489,N
KRN002,2026-02-26 10:20:00,36.493,N
KRN002,2026-02-26 10:30:00,36.5,N
KRN002,2026-02-26 10:40:00,36.505,N
KRN002,2026-02-26 10:50:00,36.511,N
KRN002,2026-02-26 11:00:00,36.522,N
KRN002,2026-02-26 11:10:00,36.528,N
KRN002,2026-02-26 11:20:00,36.551,N
KRN002,2026-02-26 11:30:00,36.549,N
KRN002,2026-02-26 11:40:00,36.565,N
KRN002,2026-02-26 11:50:00,36.576,N
KRN002,2026-02-26 12:00:00,36.584,N
KRN002,2026-02-26 12:10:00,36.585,N
KRN002,2026-02-26 12:20:00,36.597,N
KRN002,2026-02-26 12:30:00,36.609,N
KRN002,2026-02-26 12:40:00,36.613,N
KRN002,2026-02-26 12:50:00,36.63,N
KRN002,2026-02-26 13:00:00,36.634,N
KRN002,2026-02-26 13:10:00,36.637,N
KRN002,2026-02-26 13:20:00,36.647,N
KRN002,2026-02-26 13:30:00,36.658,N
KRN002,2026-02-26 13:40:00,36.668,N
KRN002,2026-02-26 13:50:00,36.674,N
KRN002,2026-02-26 14:00:00,36.687,N
KRN002,2026-02-26 14:10:00,36.695,N
KRN002,2026-02-26 14:20:00,36.694,N
KRN002,2026-02-26 14:30:00,36.702,N
KRN002,2026-02-26 14:40:00,36.714,N
KRN002,2026-02-26 14:50:00,36.715,N
KRN002,2026-02-26 15:00:00,36.734,N
KRN002,2026-02-26 15:10:00,36.74,N
KRN002,2026-02-26 15:20:00,36.745,N
KRN002,2026-02-26 15:30:00,36.753,N
KRN002,2026-02-26 15:40:00,36.759,N
KRN002,2026-02-26 15:50:00,36.763,N
KRN002,2026-02-26 16:00:00,36.766,N
KRN002,2026-02-26 16:10:00,36.778,N
KRN002,2026-02-26 16:20:00,36.783,N
KRN002,2026-02-26 16:30:00,36.794,N
KRN002,2026-02-26 16:40:00,36.794,N
KRN002,2026-02-26 16:50:00,36.794,N
KRN002,2026-02-26 17:00:00,36.808,N
KRN002,2026-02-26 17:10:00,36.807,N
KRN002,2026-02-26 17:20:00,36.814,N
KRN002,2026-02-26 17:30:00,36.814,N
KRN002,2026-02-26 17:40:00,36.817,N
KRN002,2026-02-26 17:50:00,36.812,N
KRN002,2026-02-26 18:00:00,36.817,N
KRN002,2026-02-26 18:10:00,36.818,N
KRN002,2026-02-26 18:20:00,36.828,N
KRN002,2026-02-26 18:30:00,36.82,N
KRN002,2026-02-26 18:40:00,36.82,N
KRN002,2026-02-26 18:50:00,36.821,N
KRN002,2026-02-26 19:00:00,36.809,N
KRN002,2026-02-26 19:10:00,36.818,N
KRN002,2026-02-26 19:20:00,36.811,N
KRN002,2026-02-26 19:30:00,36.802,N
KRN002,2026-02-26 19:40:00,36.805,N
KRN002,2026-02-26 19:50:00,36.794,N
KRN002,2026-02-26 20:00:00,36.789,N
KRN002,2026-02-26 20:10:00,36.784,N
KRN002,2026-02-26 20:20:00,36.783,N
KRN002,2026-02-26 20:30:00,36.776,N
KRN002,2026-02-26 20:40:00,36.767,N
KRN002,2026-02-26 20:50:00,36.766,N
KRN002,2026-02-26 21:00:00,36.749,N
KRN002,2026-02-26 21:10:00,36.745,N
KRN002,2026-02-26 21:20:00,36.739,N
KRN002,2026-02-26 21:30:00,36.725,N
KRN002,2026-02-26 21:40:00,36.719,N
KRN002,2026-02-26 21:50:00,36.708,N
KRN002,2026-02-26 22:00:00,36.696,N
KRN002,2026-02-26 22:10:00,36.68,N
KRN002,2026-02-26 22:20:00,36.673,N
KRN002,2026-02-26 22:30:00,36.661,N
KRN002,2026-02-26 22:40:00,36.654,N
KRN002,2026-02-26 22:50:00,36.64,N
KRN002,2026-02-26 23:00:00,36.628,N
KRN002,2026-02-26 23:10:00,36.612,N
KRN002,2026-02-26 23:20:00,36.613,N
KRN002,2026-02-26 23:30:00,36.596,N
KRN002,2026-02-26 23:40:00,36.583,N
KRN002,2026-02-26 23:50:00,36.572,N
KRN002,2026-02-27 00:00:00,36.561,N
KRN002,2026-02-27 00:10:00,36.551,N
KRN002,2026-02-27 00:20:00,36.542,N
KRN002,2026-02-27 00:30:00,36.523,N
KRN002,2026-02-27 00:40:00,36.516,N
KRN002,2026-02-27 00:50:00,36.505,N
KRN002,2026-02-27 01:00:00,36.493,N
KRN002,2026-02-27 01:10:00,36.48,N
KRN002,2026-02-27 01:20:00,36.471,N
KRN002,2026-02-27 01:30:00,36.462,N
KRN002,2026-02-27 01:40:00,36.45,N
KRN002,2026-02-27 01:50:00,36.442,N
KRN002,2026-02-27 02:00:00,36.435,N
KRN002,2026-02-27 02:10:00,36.43,N
KRN002,2026-02-27 02:20:00,36.413,N
KRN002,2026-02-27 02:30:00,36.414,N
KRN002,2026-02-27 02:40:00,36.403,N
KRN002,2026-02-27 02:50:00,36.405,N
KRN002,2026-02-27 03:00:00,36.388,N
KRN002,2026-02-27 03:10:00,36.385,N
KRN002,2026-02-27 03:20:00,36.381,N
KRN002,2026-02-27 03:30:00,36.38,N
KRN002,2026-02-27 03:40:00,36.373,N
KRN002,2026-02-27 03:50:00,36.378,N
KRN002,2026-02-27 04:00:00,36.373,N
KRN002,2026-02-27 04:10:00,36.368,N
KRN002,2026-02-27 04:20:00,36.364,N
KRN002,2026-02-27 04:30:00,36.355,N
KRN002,2026-02-27 04:40:00,36.361,N
KRN002,2026-02-27 04:50:00,36.362,N
KRN002,2026-02-27 05:00:00,36.361,N
KRN002,2026-02-27 05:10:00,36.364,N
KRN002,2026-02-27 05:20:00,36.366,N
KRN002,2026-02-27 05:30:00,36.367,N
KRN002,2026-02-27 05:40:00,36.373,N
KRN002,2026-02-27 05:50:00,36.381,N
KRN002,2026-02-27 06:00:00,36.377,N
KRN002,2026-02-27 06:10:00,36.385,N
KRN002,2026-02-27 06:20:00,36.387,N
KRN002,2026-02-27 06:30:00,36.394,N
KRN002,2026-02-27 06:40:00,36.402,N
KRN002,2026-02-27 06:50:00,36.405,N
KRN002,2026-02-27 07:00:00,36.414,N
KRN002,2026-02-27 07:10:00,36.415,N
KRN002,2026-02-27 07:20:00,36.427,N
KRN002,2026-02-27 07:30:00,36.44,N
KRN002,2026-02-27 07:40:00,36.442,N
KRN002,2026-02-27 07:50:00,36.45,N
KRN002,2026-02-27 08:00:00,36.457,N
KRN002,2026-02-27 08:10:00,36.463,N
KRN002,2026-02-27 08:20:00,36.475,N
KRN002,2026-02-27 08:30:00,36.481,N
KRN002,2026-02-27 08:40:00,36.493,N
KRN002,2026-02-27 08:50:00,36.497,N
KRN002,2026-02-27 09:00:00,36.511,N
KRN002,2026-02-27 09:10:00,36.517,N
KRN002,2026-02-27 09:20:00,36.53,N
KRN002,2026-02-27 09:30:00,36.538,N
KRN002,2026-02-27 09:40:00,36.549,N
KRN002,2026-02-27 09:50:00,36.558,N
KRN002,2026-02-27 10:00:00,36.565,N
KRN002,2026-02-27 10:10:00,36.573,N
KRN002,2026-02-27 10:20:00,36.589,N
KRN002,2026-02-27 10:30:00,36.598,N
KRN002,2026-02-27 10:40:00,36.605,N
KRN002,2026-02-27 10:50:00,36.614,N
KRN002,2026-02-27 11:00:00,36.626,N
KRN002,2026-02-27 11:10:00,36.634,N
KRN002,2026-02-27 11:20:00,36.65,N
KRN002,2026-02-27 11:30:00,36.658,N
KRN002,2026-02-27 11:40:00,36.661,N
KRN002,2026-02-27 11:50:00,36.675,N
KRN002,2026-02-27 12:00:00,36.675,N
KRN002,2026-02-27 12:10:00,36.685,N
KRN002,2026-02-27 12:20:00,36.701,N
KRN002,2026-02-27 12:30:00,36.699,N
KRN002,2026-02-27 12:40:00,36.712,N
KRN002,2026-02-27 12:50:00,36.722,N
KRN002,2026-02-27 13:00:00,36.729,N
KRN002,2026-02-27 13:10:00,36.732,N
KRN002,2026-02-27 13:20:00,36.747,N
KRN002,2026-02-27 13:30:00,36.756,N
KRN002,2026-02-27 13:40:00,36.761,N
KRN002,2026-02-27 13:50:00,36.766,N
KRN002,2026-02-27 14:00:00,36.776,N
KRN002,2026-02-27 14:10:00,36.777,N
KRN002,2026-02-27 14:20:00,36.791,N
KRN002,2026-02-27 14:30:00,36.803,N
KRN002,2026-02-27 14:40:00,36.796,N
KRN002,2026-02-27 14:50:00,36.803,N
KRN002,2026-02-27 15:00:00,36.817,N
KRN002,2026-02-27 15:10:00,36.821,N
KRN002,2026-02-27 15:20:00,36.82,N
KRN002,2026-02-27 15:30:00,36.828,N
KRN002,2026-02-27 15:40:00,36.838,N
KRN002,2026-02-27 15:50:00,36.832,N
KRN002,2026-02-27 16:00:00,36.835,N
KRN002,2026-02-27 16:10:00,36.842,N
KRN002,2026-02-27 16:20:00,36.845,N
KRN002,2026-02-27 16:30:00,36.85,N
KRN002,2026-02-27 16:40:00,36.852,N
KRN002,2026-02-27 16:50:00,36.858,N
KRN002,2026-02-27 17:00:00,36.861,N
KRN002,2026-02-27 17:10:00,36.861,N
KRN002,2026-02-27 17:20:00,36.866,N
KRN002,2026-02-27 17:30:00,36.871,N
KRN002,2026-02-27 17:40:00,36.873,N
KRN002,2026-02-27 17:50:00,36.876,N
KRN002,2026-02-27 18:00:00,36.87,N
KRN002,2026-02-27 18:10:00,36.87,N
KRN002,2026-02-27 18:20:00,36.875,N
KRN002,2026-02-27 18:30:00,36.876,N
KRN002,2026-02-27 18:40:00,36.878,N
KRN002,2026-02-27 18:50:00,36.875,N
KRN002,2026-02-27 19:00:00,36.871,N
KRN002,2026-02-27 19:10:00,36.872,N
KRN002,2026-02-27 19:20:00,36.865,N
KRN002,2026-02-27 19:30:00,36.862,N
KRN002,2026-02-27 19:40:00,36.865,N
KRN002,2026-02-27 19:50:00,36.856,N
KRN002,2026-02-27 20:00:00,36.855,N
KRN002,2026-02-27 20:10:00,36.855,N
KRN002,2026-02-27 20:20:00,36.856,N
KRN002,2026-02-27 20:30:00,36.852,N
KRN002,2026-02-27 20:40:00,36.851,N
KRN002,2026-02-27 20:50:00,36.848,N
KRN002,2026-02-27 21:00:00,36.837,N
KRN002,2026-02-27 21:10:00,36.837,N
KRN002,2026-02-27 21:20:00,36.835,N
KRN002,2026-02-27 21:30:00,36.832,N
KRN002,2026-02-27 21:40:00,36.825,N
KRN002,2026-02-27 21:50:00,36.816,N
KRN002,2026-02-27 22:00:00,36.815,N
KRN002,2026-02-27 22:10:00,36.81,N
KRN002,2026-02-27 22:20:00,36.804,N
KRN002,2026-02-27 22:30:00,36.788,N
KRN002,2026-02-27 22:40:00,36.789,N
KRN002,2026-02-27 22:50:00,36.783,N
KRN002,2026-02-27 23:00:00,36.777,N
KRN002,2026-02-27 23:10:00,36.768,N
KRN002,2026-02-27 23:20:00,36.77,N
KRN002,2026-02-27 23:30:00,36.759,N
KRN002,2026-02-27 23:40:00,36.752,N
KRN002,2026-02-27 23:50:00,36.74,N
KRN002,2026-02-28 00:00:00,36.742,N
KRN002,2026-02-28 00:10:00,36.735,N
KRN002,2026-02-28 00:20:00,36.73,N
KRN002,2026-02-28 00:30:00,36.725,N
KRN002,2026-02-28 00:40:00,36.718,N
KRN002,2026-02-28 00:50:00,36.705,N
KRN002,2026-02-28 01:00:00,36.708,N
KRN002,2026-02-28 01:10:00,36.7,N
KRN002,2026-02-28 01:20:00,36.686,N
KRN002,2026-02-28 01:30:00,36.687,N
KRN002,2026-02-28 01:40:00,36.673,N
KRN002,2026-02-28 01:50:00,36.673,N
KRN002,2026-02-28 02:00:00,36.659,N
KRN002,2026-02-28 02:10:00,36.66,N
KRN002,2026-02-28 02:20:00,36.653,N
KRN002,2026-02-28 02:30:00,36.654,N
KRN002,2026-02-28 02:40:00,36.645,N
KRN002,2026-02-28 02:50:00,36.641,N
KRN002,2026-02-28 03:00:00,36.631,N
KRN002,2026-02-28 03:10:00,36.623,N
KRN002,2026-02-28 03:20:00,36.621,N
KRN002,2026-02-28 03:30:00,36.617,N
KRN002,2026-02-28 03:40:00,36.611,N
KRN002,2026-02-28 03:50:00,36.603,N
KRN002,2026-02-28 04:00:00,36.602,N
KRN002,2026-02-28 04:10:00,36.595,N
KRN002,2026-02-28 04:20:00,36.593,N
KRN002,2026-02-28 04:30:00,36.589,N
KRN002,2026-02-28 04:40:00,36.584,N
KRN002,2026-02-28 04:50:00,36.579,N
KRN002,2026-02-28 05:00:00,36.575,N
KRN002,2026-02-28 05:10:00,36.573,N
KRN002,2026-02-28 05:20:00,36.566,N
KRN002,2026-02-28 05:30:00,36.565,N
KRN002,2026-02-28 05:40:00,36.563,N
KRN002,2026-02-28 05:50:00,36.562,N
KRN002,2026-02-28 06:00:00,36.555,N
KRN002,2026-02-28 06:10:00,36.549,N
KRN002,2026-02-28 06:20:00,36.551,N
KRN002,2026-02-28 06:30:00,36.546,N
KRN002,2026-02-28 06:40:00,36.546,N
KRN002,2026-02-28 06:50:00,36.541,N
KRN002,2026-02-28 07:00:00,36.536,N
KRN002,2026-02-28 07:10:00,36.541,N
KRN002,2026-02-28 07:20:00,36.535,N
KRN002,2026-02-28 07:30:00,36.528,N
KRN002,2026-02-28 07:40:00,36.53,N
KRN002,2026-02-28 07:50:00,36.529,N
KRN002,2026-02-28 08:00:00,36.524,N
KRN002,2026-02-28 08:10:00,36.521,N
KRN002,2026-02-28 08:20:00,36.523,N
KRN002,2026-02-28 08:30:00,36.53,N
KRN002,2026-02-28 08:40:00,36.525,N
KRN002,2026-02-28 08:50:00,36.524,N
KRN002,2026-02-28 09:00:00,36.521,N
KRN002,2026-02-28 09:10:00,36.523,N
KRN002,2026-02-28 09:20:00,36.523,N
KRN002,2026-02-28 09:30:00,36.523,N
KRN002,2026-02-28 09:40:00,36.521,N
KRN002,2026-02-28 09:50:00,36.524,N
KRN002,2026-02-28 10:00:00,36.53,N
KRN002,2026-02-28 10:10:00,36.529,N
KRN002,2026-02-28 10:20:00,36.529,N
KRN002,2026-02-28 10:30:00,36.535,N
KRN002,2026-02-28 10:40:00,36.535,N
KRN002,2026-02-28 10:50:00,36.544,N
KRN002,2026-02-28 11:00:00,36.536,N
KRN002,2026-02-28 11:10:00,36.548,N
KRN002,2026-02-28 11:20:00,36.548,N
KRN002,2026-02-28 11:30:00,36.551,N
KRN002,2026-02-28 11:40:00,36.553,N
KRN002,2026-02-28 11:50:00,36.553,N
KRN002,2026-02-28 12:00:00,36.561,N
KRN002,2026-02-28 12:10:00,36.557,N
KRN002,2026-02-28 12:20:00,36.572,N
KRN002,2026-02-28 12:30:00,36.564,N
KRN002,2026-02-28 12:40:00,36.57,N
KRN002,2026-02-28 12:50:00,36.571,N
KRN002,2026-02-28 13:00:00,36.583,N
KRN002,2026-02-28 13:10:00,36.587,N
KRN002,2026-02-28 13:20:00,36.592,N
KRN002,2026-02-28 13:30:00,36.59,N
KRN002,2026-02-28 13:40:00,36.599,N
KRN002,2026-02-28 13:50:00,36.598,N
KRN002,2026-02-28 14:00:00,36.605,N
KRN002,2026-02-28 14:10:00,36.619,N
KRN002,2026-02-28 14:20:00,36.614,N
KRN002,2026-02-28 14:30:00,36.617,N
KRN002,2026-02-28 14:40:00,36.624,N
KRN002,2026-02-28 14:50:00,36.628,N
KRN002,2026-02-28 15:00:00,36.63,N
KRN002,2026-02-28 15:10:00,36.633,N
KRN002,2026-02-28 15:20:00,36.639,N
KRN002,2026-02-28 15:30:00,36.639,N
KRN002,2026-02-28 15:40:00,36.657,N
KRN002,2026-02-28 15:50:00,36.661,N
KRN002,2026-02-28 16:00:00,36.657,N
KRN002,2026-02-28 16:10:00,36.667,N
KRN002,2026-02-28 16:20:00,36.672,N
KRN002,2026-02-28 16:30:00,36.677,N
KRN002,2026-02-28 16:40:00,36.679,N
KRN002,2026-02-28 16:50:00,36.682,N
KRN002,2026-02-28 17:00:00,36.688,N
KRN002,2026-02-28 17:10:00,36.685,N
KRN002,2026-02-28 17:20:00,36.691,N
KRN002,2026-02-28 17:30:00,36.693,N
KRN002,2026-02-28 17:40:00,36.695,N
KRN002,2026-02-28 17:50:00,36.694,N
KRN002,2026-02-28 18:00:00,36.703,N
KRN002,2026-02-28 18:10:00,36.712,N
KRN002,2026-02-28 18:20:00,36.698,N
KRN002,2026-02-28 18:30:00,36.709,N
KRN002,2026-02-28 18:40:00,36.709,N
KRN002,2026-02-28 18:50:00,36.711,N
KRN002,2026-02-28 19:00:00,36.706,N
KRN002,2026-02-28 19:10:00,36.713,N
KRN002,2026-02-28 19:20:00,36.712,N
KRN002,2026-02-28 19:30:00,36.706,N
KRN002,2026-02-28 19:40:00,36.702,N
KRN002,2026-02-28 19:50:00,36.709,N
KRN002,2026-02-28 20:00:00,36.712,N
KRN002,2026-02-28 20:10:00,36.714,N
KRN002,2026-02-28 20:20:00,36.714,N
KRN002,2026-02-28 20:30:00,36.722,N
KRN002,2026-02-28 20:40:00,36.712,N
KRN002,2026-02-28 20:50:00,36.716,N
KRN002,2026-02-28 21:00:00,36.714,N
KRN002,2026-02-28 21:10:00,36.714,N
KRN002,2026-02-28 21:20:00,36.707,N
KRN002,2026-02-28 21:30:00,36.709,N
KRN002,2026-02-28 21:40:00,36.705,N
KRN002,2026-02-28 21:50:00,36.706,N
KRN002,2026-02-28 22:00:00,36.702,N
KRN002,2026-02-28 22:10:00,36.703,N
KRN002,2026-02-28 22:20:00,36.692,N
KRN002,2026-02-28 22:30:00,36.694,N
KRN002,2026-02-28 22:40:00,36.687,N
KRN002,2026-02-28 22:50:00,36.689,N
KRN002,2026-02-28 23:00:00,36.695,N
KRN002,2026-02-28 23:10:00,36.686,N
KRN002,2026-02-28 23:20:00,36.681,N
KRN002,2026-02-28 23:30:00,36.687,N
KRN002,2026-02-28 23:40:00,36.682,N
KRN002,2026-02-28 23:50:00,36.678,N
KRN004,2026-02-01 00:00:00,62.673,N
KRN004,2026-02-01 00:10:00,62.681,N
KRN004,2026-02-01 00:20:00,62.696,N
KRN004,2026-02-01 00:30:00,62.712,N
KRN004,2026-02-01 00:40:00,62.732,N
KRN004,2026-02-01 00:50:00,62.747,N
KRN004,2026-02-01 01:00:00,62.758,N
KRN004,2026-02-01 01:10:00,62.771,N
KRN004,2026-02-01 01:20:00,62.789,N
KRN004,2026-02-01 01:30:00,62.807,N
KRN004,2026-02-01 01:40:00,62.81,N
KRN004,2026-02-01 01:50:00,62.826,N
KRN004,2026-02-01 02:00:00,62.831,N
KRN004,2026-02-01 02:10:00,62.842,N
KRN004,2026-02-01 02:20:00,62.851,N
KRN004,2026-02-01 02:30:00,62.867,N
KRN004,2026-02-01 02:40:00,62.872,N
KRN004,2026-02-01 02:50:00,62.88,N
KRN004,2026-02-01 03:00:00,62.883,N
KRN004,2026-02-01 03:10:00,62.891,N
KRN004,2026-02-01 03:20:00,62.892,N
KRN004,2026-02-01 03:30:00,62.892,N
KRN004,2026-02-01 03:40:00,62.903,N
KRN004,2026-02-01 03:50:00,62.911,N
KRN004,2026-02-01 04:00:00,62.907,N
KRN004,2026-02-01 04:10:00,62.908,N
KRN004,2026-02-01 04:20:00,62.903,N
KRN004,2026-02-01 04:30:00,62.91,N
KRN004,2026-02-01 04:40:00,62.906,N
KRN004,2026-02-01 04:50:00,62.917,N
KRN004,2026-02-01 05:00:00,62.906,N
KRN004,2026-02-01 05:10:00,62.91,N
KRN004,2026-02-01 05:20:00,62.915,N
KRN004,2026-02-01 05:30:00,62.91,N
KRN004,2026-02-01 05:40:00,62.907,N
KRN004,2026-02-01 05:50:00,62.91,N
KRN004,2026-02-01 06:00:00,62.914,N
KRN004,2026-02-01 06:10:00,62.917,N
KRN004,2026-02-01 06:20:00,62.899,N
KRN004,2026-02-01 06:30:00,62.907,N
KRN004,2026-02-01 06:40:00,62.901,N
KRN004,2026-02-01 06:50:00,62.893,N
KRN004,2026-02-01 07:00:00,62.899,N
KRN004,2026-02-01 07:10:00,62.893,N
KRN004,2026-02-01 07:20:00,62.89,N
KRN004,2026-02-01 07:30:00,62.886,N
KRN004,2026-02-01 07:40:00,62.878,N
KRN004,2026-02-01 07:50:00,62.869,N
KRN004,2026-02-01 08:00:00,62.862,N
KRN004,2026-02-01 08:10:00,62.856,N
KRN004,2026-02-01 08:20:00,62.844,N
KRN004,2026-02-01 08:30:00,62.837,N
KRN004,2026-02-01 08:40:00,62.828,N
KRN004,2026-02-01 08:50:00,62.815,N
KRN004,2026-02-01 09:00:00,62.805,N
KRN004,2026-02-01 09:10:00,62.792,N
KRN004,2026-02-01 09:20:00,62.785,N
KRN004,2026-02-01 09:30:00,62.773,N
KRN004,2026-02-01 09:40:00,62.76,N
KRN004,2026-02-01 09:50:00,62.75,N
KRN004,2026-02-01 10:00:00,62.741,N
KRN004,2026-02-01 10:10:00,62.735,N
KRN004,2026-02-01 10:20:00,62.722,N
KRN004,2026-02-01 10:30:00,62.716,N
KRN004,2026-02-01 10:40:00,62.708,N
KRN004,2026-02-01 10:50:00,62.701,N
KRN004,2026-02-01 11:00:00,62.702,N
KRN004,2026-02-01 11:10:00,62.695,N
KRN004,2026-02-01 11:20:00,62.686,N
KRN004,2026-02-01 11:30:00,62.687,N
KRN004,2026-02-01 11:40:00,62.69,N
KRN004,2026-02-01 11:50:00,62.685,N
KRN004,2026-02-01 12:00:00,62.688,N
KRN004,2026-02-01 12:10:00,62.694,N
KRN004,2026-02-01 12:20:00,62.701,N
KRN004,2026-02-01 12:30:00,62.703,N
KRN004,2026-02-01 12:40:00,62.712,N
KRN004,2026-02-01 12:50:00,62.706,N
KRN004,2026-02-01 13:00:00,62.712,N
KRN004,2026-02-01 13:10:00,62.707,N
KRN004,2026-02-01 13:20:00,62.714,N
KRN004,2026-02-01 13:30:00,62.707,N
KRN004,2026-02-01 13:40:00,62.719,N
KRN004,2026-02-01 13:50:00,62.714,N
KRN004,2026-02-01 14:00:00,62.715,N
KRN004,2026-02-01 14:10:00,62.705,N
KRN004,2026-02-01 14:20:00,62.695,N
KRN004,2026-02-01 14:30:00,62.686,N
KRN004,2026-02-01 14:40:00,62.675,N
KRN004,2026-02-01 14:50:00,62.662,N
KRN004,2026-02-01 15:00:00,62.652,N
KRN004,2026-02-01 15:10:00,62.639,N
KRN004,2026-02-01 15:20:00,62.62,N
KRN004,2026-02-01 15:30:00,62.599,N
KRN004,2026-02-01 15:40:00,62.574,N
KRN004,2026-02-01 15:50:00,62.555,N
KRN004,2026-02-01 16:00:00,62.532,N
KRN004,2026-02-01 16:10:00,62.507,N
KRN004,2026-02-01 16:20:00,62.481,N
KRN004,2026-02-01 16:30:00,62.453,N
KRN004,2026-02-01 16:40:00,62.42,N
KRN004,2026-02-01 16:50:00,62.389,N
KRN004,2026-02-01 17:00:00,62.359,N
KRN004,2026-02-01 17:10:00,62.327,N
KRN004,2026-02-01 17:20:00,62.283,N
KRN004,2026-02-01 17:30:00,62.258,N
KRN004,2026-02-01 17:40:00,62.215,N
KRN004,2026-02-01 17:50:00,62.182,N
KRN004,2026-02-01 18:00:00,62.143,N
KRN004,2026-02-01 18:10:00,62.112,N
KRN004,2026-02-01 18:20:00,62.074,N
KRN004,2026-02-01 18:30:00,62.034,N
KRN004,2026-02-01 18:40:00,62.005,N
KRN004,2026-02-01 18:50:00,61.973,N
KRN004,2026-02-01 19:00:00,61.946,N
KRN004,2026-02-01 19:10:00,61.918,N
KRN004,2026-02-01 19:20:00,61.889,N
KRN004,2026-02-01 19:30:00,61.873,N
KRN004,2026-02-01 19:40:00,61.856,N
KRN004,2026-02-01 19:50:00,61.842,N
KRN004,2026-02-01 20:00:00,61.837,N
KRN004,2026-02-01 20:10:00,61.827,N
KRN004,2026-02-01 20:20:00,61.83,N
KRN004,2026-02-01 20:30:00,61.829,N
KRN004,2026-02-01 20:40:00,61.837,N
KRN004,2026-02-01 20:50:00,61.847,N
KRN004,2026-02-01 21:00:00,61.871,N
KRN004,2026-02-01 21:10:00,61.88,N
KRN004,2026-02-01 21:20:00,61.905,N
KRN004,2026-02-01 21:30:00,61.926,N
KRN004,2026-02-01 21:40:00,61.955,N
KRN004,2026-02-01 21:50:00,61.983,N
KRN004,2026-02-01 22:00:00,62.011,N
KRN004,2026-02-01 22:10:00,62.04,N
KRN004,2026-02-01 22:20:00,62.067,N
KRN004,2026-02-01 22:30:00,62.103,N
KRN004,2026-02-01 22:40:00,62.137,N
KRN004,2026-02-01 22:50:00,62.168,N
KRN004,2026-02-01 23:00:00,62.194,N
KRN004,2026-02-01 23:10:00,62.229,N
KRN004,2026-02-01 23:20:00,62.256,N
KRN004,2026-02-01 23:30:00,62.278,N
KRN004,2026-02-01 23:40:00,62.311,N
KRN004,2026-02-01 23:50:00,62.345,N
KRN004,2026-02-02 00:00:00,62.365,N
KRN004,2026-02-02 00:10:00,62.401,N
KRN004,2026-02-02 00:20:00,62.421,N
KRN004,2026-02-02 00:30:00,62.451,N
KRN004,2026-02-02 00:40:00,62.469,N
KRN004,2026-02-02 00:50:00,62.508,N
KRN004,2026-02-02 01:00:00,62.526,N
KRN004,2026-02-02 01:10:00,62.539,N
KRN004,2026-02-02 01:20:00,62.556,N
KRN004,2026-02-02 01:30:00,62.58,N
KRN004,2026-02-02 01:40:00,62.593,N
KRN004,2026-02-02 01:50:00,62.619,N
KRN004,2026-02-02 02:00:00,62.631,N
KRN004,2026-02-02 02:10:00,62.645,N
KRN004,2026-02-02 02:20:00,62.662,N
KRN004,2026-02-02 02:30:00,62.681,N
KRN004,2026-02-02 02:40:00,62.692,N
KRN004,2026-02-02 02:50:00,62.707,N
KRN004,2026-02-02 03:00:00,62.716,N
KRN004,2026-02-02 03:10:00,62.733,N
KRN004,2026-02-02 03:20:00,62.746,N
KRN004,2026-02-02 03:30:00,62.749,N
KRN004,2026-02-02 03:40:00,62.757,N
KRN004,2026-02-02 03:50:00,62.77,N
KRN004,2026-02-02 04:00:00,62.78,N
KRN004,2026-02-02 04:10:00,62.79,N
KRN004,2026-02-02 04:20:00,62.79,N
KRN004,2026-02-02 04:30:00,62.796,N
KRN004,2026-02-02 04:40:00,62.807,N
KRN004,2026-02-02 04:50:00,62.804,N
KRN004,2026-02-02 05:00:00,62.81,N
KRN004,2026-02-02 05:10:00,62.815,N
KRN004,2026-02-02 05:20:00,62.802,N
KRN004,2026-02-02 05:30:00,62.809,N
KRN004,2026-02-02 05:40:00,62.802,N
KRN004,2026-02-02 05:50:00,62.783,N
KRN004,2026-02-02 06:00:00,62.787,N
KRN004,2026-02-02 06:10:00,62.775,N
KRN004,2026-02-02 06:20:00,62.765,N
KRN004,2026-02-02 06:30:00,62.754,N
KRN004,2026-02-02 06:40:00,62.732,N
KRN004,2026-02-02 06:50:00,62.723,N
KRN004,2026-02-02 07:00:00,62.692,N
KRN004,2026-02-02 07:10:00,62.679,N
KRN004,2026-02-02 07:20:00,62.651,N
KRN004,2026-02-02 07:30:00,62.617,N
KRN004,2026-02-02 07:40:00,62.585,N
KRN004,2026-02-02 07:50:00,62.55,N
KRN004,2026-02-02 08:00:00,62.512,N
KRN004,2026-02-02 08:10:00,62.465,N
KRN004,2026-02-02 08:20:00,62.439,N
KRN004,2026-02-02 08:30:00,62.396,N
KRN004,2026-02-02 08:40:00,62.354,N
KRN004,2026-02-02 08:50:00,62.308,N
KRN004,2026-02-02 09:00:00,62.264,N
KRN004,2026-02-02 09:10:00,62.218,N
KRN004,2026-02-02 09:20:00,62.17,N
KRN004,2026-02-02 09:30:00,62.129,N
KRN004,2026-02-02 09:40:00,62.076,N
KRN004,2026-02-02 09:50:00,62.032,N
KRN004,2026-02-02 10:00:00,61.979,N
KRN004,2026-02-02 10:10:00,61.928,N
KRN004,2026-02-02 10:20:00,61.884,N
KRN004,2026-02-02 10:30:00,61.842,N
KRN004,2026-02-02 10:40:00,61.802,N
KRN004,2026-02-02 10:50:00,61.762,N
KRN004,2026-02-02 11:00:00,61.721,N
KRN004,2026-02-02 11:10:00,61.69,N
KRN004,2026-02-02 11:20:00,61.664,N
KRN004,2026-02-02 11:30:00,61.64,N
KRN004,2026-02-02 11:40:00,61.624,N
KRN004,2026-02-02 11:50:00,61.618,N
KRN004,2026-02-02 12:00:00,61.609,N
KRN004,2026-02-02 12:10:00,61.612,N
KRN004,2026-02-02 12:20:00,61.619,N
KRN004,2026-02-02 12:30:00,61.638,N
KRN004,2026-02-02 12:40:00,61.652,N
KRN004,2026-02-02 12:50:00,61.676,N
KRN004,2026-02-02 13:00:00,61.701,N
KRN004,2026-02-02 13:10:00,61.728,N
KRN004,2026-02-02 13:20:00,61.762,N
KRN004,2026-02-02 13:30:00,61.794,N
KRN004,2026-02-02 13:40:00,61.833,N
KRN004,2026-02-02 13:50:00,61.867,N
KRN004,2026-02-02 14:00:00,61.911,N
KRN004,2026-02-02 14:10:00,61.946,N
KRN004,2026-02-02 14:20:00,61.985,N
KRN004,2026-02-02 14:30:00,62.033,N
KRN004,2026-02-02 14:40:00,62.071,N
KRN004,2026-02-02 14:50:00,62.107,N
KRN004,2026-02-02 15:00:00,62.15,N
KRN004,2026-02-02 15:10:00,62.185,N
KRN004,2026-02-02 15:20:00,62.211,N
KRN004,2026-02-02 15:30:00,62.245,N
KRN004,2026-02-02 15:40:00,62.276,N
KRN004,2026-02-02 15:50:00,62.293,N
KRN004,2026-02-02 16:00:00,62.318,N
KRN004,2026-02-02 16:10:00,62.34,N
KRN004,2026-02-02 16:20:00,62.346,N
KRN004,2026-02-02 16:30:00,62.359,N
KRN004,2026-02-02 16:40:00,62.378,N
KRN004,2026-02-02 16:50:00,62.39,N
KRN004,2026-02-02 17:00:00,62.398,N
KRN004,2026-02-02 17:10:00,62.407,N
KRN004,2026-02-02 17:20:00,62.407,N
KRN004,2026-02-02 17:30:00,62.413,N
KRN004,2026-02-02 17:40:00,62.42,N
KRN004,2026-02-02 17:50:00,62.424,N
KRN004,2026-02-02 18:00:00,62.424,N
KRN004,2026-02-02 18:10:00,62.429,N
KRN004,2026-02-02 18:20:00,62.439,N
KRN004,2026-02-02 18:30:00,62.439,N
KRN004,2026-02-02 18:40:00,62.443,N
KRN004,2026-02-02 18:50:00,62.45,N
KRN004,2026-02-02 19:00:00,62.458,N
KRN004,2026-02-02 19:10:00,62.464,N
KRN004,2026-02-02 19:20:00,62.473,N
KRN004,2026-02-02 19:30:00,62.485,N
KRN004,2026-02-02 19:40:00,62.494,N
KRN004,2026-02-02 19:50:00,62.503,N
KRN004,2026-02-02 20:00:00,62.514,N
KRN004,2026-02-02 20:10:00,62.528,N
KRN004,2026-02-02 20:20:00,62.54,N
KRN004,2026-02-02 20:30:00,62.556,N
KRN004,2026-02-02 20:40:00,62.574,N
KRN004,2026-02-02 20:50:00,62.587,N
KRN004,2026-02-02 21:00:00,62.604,N
KRN004,2026-02-02 21:10:00,62.615,N
KRN004,2026-02-02 21:20:00,62.633,N
KRN004,2026-02-02 21:30:00,62.652,N
KRN004,2026-02-02 21:40:00,62.666,N
KRN004,2026-02-02 21:50:00,62.68,N
KRN004,2026-02-02 22:00:00,62.696,N
KRN004,2026-02-02 22:10:00,62.716,N
KRN004,2026-02-02 22:20:00,62.733,N
KRN004,2026-02-02 22:30:00,62.755,N
KRN004,2026-02-02 22:40:00,62.763,N
KRN004,2026-02-02 22:50:00,62.78,N
KRN004,2026-02-02 23:00:00,62.795,N
KRN004,2026-02-02 23:10:00,62.819,N
KRN004,2026-02-02 23:20:00,62.831,N
KRN004,2026-02-02 23:30:00,62.844,N
KRN004,2026-02-02 23:40:00,62.859,N
KRN004,2026-02-02 23:50:00,62.876,N
KRN004,2026-02-03 00:00:00,62.891,N
KRN004,2026-02-03 00:10:00,62.911,N
KRN004,2026-02-03 00:20:00,62.927,N
KRN004,2026-02-03 00:30:00,62.942,N
KRN004,2026-02-03 00:40:00,62.959,N
KRN004,2026-02-03 00:50:00,62.966,N
KRN004,2026-02-03 01:00:00,62.979,N
KRN004,2026-02-03 01:10:00,62.987,N
KRN004,2026-02-03 01:20:00,63.003,N
KRN004,2026-02-03 01:30:00,63.016,N
KRN004,2026-02-03 01:40:00,63.033,N
KRN004,2026-02-03 01:50:00,63.035,N
KRN004,2026-02-03 02:00:00,63.055,N
KRN004,2026-02-03 02:10:00,63.062,N
KRN004,2026-02-03 02:20:00,63.067,N
KRN004,2026-02-03 02:30:00,63.087,N
KRN004,2026-02-03 02:40:00,63.085,N
KRN004,2026-02-03 02:50:00,63.092,N
KRN004,2026-02-03 03:00:00,63.105,N
KRN004,2026-02-03 03:10:00,63.117,N
KRN004,2026-02-03 03:20:00,63.116,N
KRN004,2026-02-03 03:30:00,63.123,N
KRN004,2026-02-03 03:40:00,63.117,N
KRN004,2026-02-03 03:50:00,63.112,N
KRN004,2026-02-03 04:00:00,63.117,N
KRN004,2026-02-03 04:10:00,63.123,N
KRN004,2026-02-03 04:20:00,63.118,N
KRN004,2026-02-03 04:30:00,63.114,N
KRN004,2026-02-03 04:40:00,63.114,N
KRN004,2026-02-03 04:50:00,63.114,N
KRN004,2026-02-03 05:00:00,63.109,N
KRN004,2026-02-03 05:10:00,63.109,N
KRN004,2026-02-03 05:20:00,63.101,N
KRN004,2026-02-03 05:30:00,63.09,N
KRN004,2026-02-03 05:40:00,63.095,N
KRN004,2026-02-03 05:50:00,63.074,N
KRN004,2026-02-03 06:00:00,63.069,N
KRN004,2026-02-03 06:10:00,63.06,N
KRN004,2026-02-03 06:20:00,63.041,N
KRN004,2026-02-03 06:30:00,63.033,N
KRN004,2026-02-03 06:40:00,63.029,N
KRN004,2026-02-03 06:50:00,63.012,N
KRN004,2026-02-03 07:00:00,62.989,N
KRN004,2026-02-03 07:10:00,62.967,N
KRN004,2026-02-03 07:20:00,62.952,N
KRN004,2026-02-03 07:30:00,62.911,N
KRN004,2026-02-03 07:40:00,62.896,N
KRN004,2026-02-03 07:50:00,62.867,N
KRN004,2026-02-03 08:00:00,62.836,N
KRN004,2026-02-03 08:10:00,62.796,N
KRN004,2026-02-03 08:20:00,62.771,N
KRN004,2026-02-03 08:30:00,62.722,N
KRN004,2026-02-03 08:40:00,62.68,N
KRN004,2026-02-03 08:50:00,62.644,N
KRN004,2026-02-03 09:00:00,62.608,N
KRN004,2026-02-03 09:10:00,62.563,N
KRN004,2026-02-03 09:20:00,62.516,N
KRN004,2026-02-03 09:30:00,62.474,N
KRN004,2026-02-03 09:40:00,62.432,N
KRN004,2026-02-03 09:50:00,62.378,N
KRN004,2026-02-03 10:00:00,62.337,N
KRN004,2026-02-03 10:10:00,62.289,N
KRN004,2026-02-03 10:20:00,62.249,N
KRN004,2026-02-03 10:30:00,62.208,N
KRN004,2026-02-03 10:40:00,62.167,N
KRN004,2026-02-03 10:50:00,62.136,N
KRN004,2026-02-03 11:00:00,62.1,N
KRN004,2026-02-03 11:10:00,62.072,N
KRN004,2026-02-03 11:20:00,62.046,N
KRN004,2026-02-03 11:30:00,62.021,N
KRN004,2026-02-03 11:40:00,62.004,N
KRN004,2026-02-03 11:50:00,61.992,N
KRN004,2026-02-03 12:00:00,61.983,N
KRN004,2026-02-03 12:10:00,61.973,N
KRN004,2026-02-03 12:20:00,61.973,N
KRN004,2026-02-03 12:30:00,61.979,N
KRN004,2026-02-03 12:40:00,61.983,N
KRN004,2026-02-03 12:50:00,61.991,N
KRN004,2026-02-03 13:00:00,61.993,N
KRN004,2026-02-03 13:10:00,62.019,N
KRN004,2026-02-03 13:20:00,62.04,N
KRN004,2026-02-03 13:30:00,62.059,N
KRN004,2026-02-03 13:40:00,62.076,N
KRN004,2026-02-03 13:50:00,62.099,N
KRN004,2026-02-03 14:00:00,62.123,N
KRN004,2026-02-03 14:10:00,62.154,N
KRN004,2026-02-03 14:20:00,62.177,N
KRN004,2026-02-03 14:30:00,62.202,N
KRN004,2026-02-03 14:40:00,62.223,N
KRN004,2026-02-03 14:50:00,62.262,N
KRN004,2026-02-03 15:00:00,62.285,N
KRN004,2026-02-03 15:10:00,62.308,N
KRN004,2026-02-03 15:20:00,62.339,N
KRN004,2026-02-03 15:30:00,62.352,N
KRN004,2026-02-03 15:40:00,62.366,N
KRN004,2026-02-03 15:50:00,62.385,N
KRN004,2026-02-03 16:00:00,62.394,N
KRN004,2026-02-03 16:10:00,62.415,N
KRN004,2026-02-03 16:20:00,62.42,N
KRN004,2026-02-03 16:30:00,62.423,N
KRN004,2026-02-03 16:40:00,62.423,N
KRN004,2026-02-03 16:50:00,62.436,N
KRN004,2026-02-03 17:00:00,62.419,N
KRN004,2026-02-03 17:10:00,62.42,N
KRN004,2026-02-03 17:20:00,62.407,N
KRN004,2026-02-03 17:30:00,62.398,N
KRN004,2026-02-03 17:40:00,62.394,N
KRN004,2026-02-03 17:50:00,62.385,N
KRN004,2026-02-03 18:00:00,62.379,N
KRN004,2026-02-03 18:10:00,62.367,N
KRN004,2026-02-03 18:20:00,62.361,N
KRN004,2026-02-03 18:30:00,62.357,N
KRN004,2026-02-03 18:40:00,62.346,N
KRN004,2026-02-03 18:50:00,62.345,N
KRN004,2026-02-03 19:00:00,62.338,N
KRN004,2026-02-03 19:10:00,62.332,N
KRN004,2026-02-03 19:20:00,62.33,N
KRN004,2026-02-03 19:30:00,62.331,N
KRN004,2026-02-03 19:40:00,62.326,N
KRN004,2026-02-03 19:50:00,62.327,N
KRN004,2026-02-03 20:00:00,62.335,N
KRN004,2026-02-03 20:10:00,62.339,N
KRN004,2026-02-03 20:20:00,62.344,N
KRN004,2026-02-03 20:30:00,62.351,N
KRN004,2026-02-03 20:40:00,62.36,N
KRN004,2026-02-03 20:50:00,62.364,N
KRN004,2026-02-03 21:00:00,62.375,N
KRN004,2026-02-03 21:10:00,62.382,N
KRN004,2026-02-03 21:20:00,62.393,N
KRN004,2026-02-03 21:30:00,62.406,N
KRN004,2026-02-03 21:40:00,62.406,N
KRN004,2026-02-03 21:50:00,62.422,N
KRN004,2026-02-03 22:00:00,62.433,N
KRN004,2026-02-03 22:10:00,62.439,N
KRN004,2026-02-03 22:20:00,62.455,N
KRN004,2026-02-03 22:30:00,62.469,N
KRN004,2026-02-03 22:40:00,62.482,N
KRN004,2026-02-03 22:50:00,62.497,N
KRN004,2026-02-03 23:00:00,62.507,N
KRN004,2026-02-03 23:10:00,62.522,N
KRN004,2026-02-03 23:20:00,62.533,N
KRN004,2026-02-03 23:30:00,62.556,N
KRN004,2026-02-03 23:40:00,62.562,N
KRN004,2026-02-03 23:50:00,62.584,N
KRN004,2026-02-04 00:00:00,62.599,N
KRN004,2026-02-04 00:10:00,62.608,N
KRN004,2026-02-04 00:20:00,62.63,N
KRN004,2026-02-04 00:30:00,62.645,N
KRN004,2026-02-04 00:40:00,62.655,N
KRN004,2026-02-04 00:50:00,62.678,N
KRN004,2026-02-04 01:00:00,62.689,N
KRN004,2026-02-04 01:10:00,62.71,N
KRN004,2026-02-04 01:20:00,62.724,N
KRN004,2026-02-04 01:30:00,62.746,N
KRN004,2026-02-04 01:40:00,62.753,N
KRN004,2026-02-04 01:50:00,62.774,N
KRN004,2026-02-04 02:00:00,62.788,N
KRN004,2026-02-04 02:10:00,62.798,N
KRN004,2026-02-04 02:20:00,62.818,N
KRN004,2026-02-04 02:30:00,62.829,N
KRN004,2026-02-04 02:40:00,62.843,N
KRN004,2026-02-04 02:50:00,62.873,N
KRN004,2026-02-04 03:00:00,62.872,N
KRN004,2026-02-04 03:10:00,62.878,N
KRN004,2026-02-04 03:20:00,62.901,N
KRN004,2026-02-04 03:30:00,62.907,N
KRN004,2026-02-04 03:40:00,62.918,N
KRN004,2026-02-04 03:50:00,62.933,N
KRN004,2026-02-04 04:00:00,62.935,N
KRN004,2026-02-04 04:10:00,62.946,N
KRN004,2026-02-04 04:20:00,62.949,N
KRN004,2026-02-04 04:30:00,62.947,N
KRN004,2026-02-04 04:40:00,62.949,N
KRN004,2026-02-04 04:50:00,62.953,N
KRN004,2026-02-04 05:00:00,62.957,N
KRN004,2026-02-04 05:10:00,62.944,N
KRN004,2026-02-04 05:20:00,62.944,N
KRN004,2026-02-04 05:30:00,62.931,N
KRN004,2026-02-04 05:40:00,62.913,N
KRN004,2026-02-04 05:50:00,62.898,N
KRN004,2026-02-04 06:00:00,62.891,N
KRN004,2026-02-04 06:10:00,62.863,N
KRN004,2026-02-04 06:20:00,62.838,N
KRN004,2026-02-04 06:30:00,62.812,N
KRN004,2026-02-04 06:40:00,62.789,N
KRN004,2026-02-04 06:50:00,62.755,N
KRN004,2026-02-04 07:00:00,62.727,N
KRN004,2026-02-04 07:10:00,62.69,N
KRN004,2026-02-04 07:20:00,62.658,N
KRN004,2026-02-04 07:30:00,62.614,N
KRN004,2026-02-04 07:40:00,62.573,N
KRN004,2026-02-04 07:50:00,62.526,N
KRN004,2026-02-04 08:00:00,62.49,N
KRN004,2026-02-04 08:10:00,62.441,N
KRN004,2026-02-04 08:20:00,62.39,N
KRN004,2026-02-04 08:30:00,62.347,N
KRN004,2026-02-04 08:40:00,62.289,N
KRN004,2026-02-04 08:50:00,62.245,N
KRN004,2026-02-04 09:00:00,62.189,N
KRN004,2026-02-04 09:10:00,62.135,N
KRN004,2026-02-04 09:20:00,62.081,N
KRN004,2026-02-04 09:30:00,62.033,N
KRN004,2026-02-04 09:40:00,61.974,N
KRN004,2026-02-04 09:50:00,61.919,N
KRN004,2026-02-04 10:00:00,61.864,N
KRN004,2026-02-04 10:10:00,61.805,N
KRN004,2026-02-04 10:20:00,61.751,N
KRN004,2026-02-04 10:30:00,61.703,N
KRN004,2026-02-04 10:40:00,61.648,N
KRN004,2026-02-04 10:50:00,61.592,N
KRN004,2026-02-04 11:00:00,61.535,N
KRN004,2026-02-04 11:10:00,61.489,N
KRN004,2026-02-04 11:20:00,61.435,N
KRN004,2026-02-04 11:30:00,61.387,N
KRN004,2026-02-04 11:40:00,61.348,N
KRN004,2026-02-04 11:50:00,61.304,N
KRN004,2026-02-04 12:00:00,61.263,N
KRN004,2026-02-04 12:10:00,61.23,N
KRN004,2026-02-04 12:20:00,61.198,N
KRN004,2026-02-04 12:30:00,61.168,N
KRN004,2026-02-04 12:40:00,61.147,N
KRN004,2026-02-04 12:50:00,61.128,N
KRN004,2026-02-04 13:00:00,61.107,N
KRN004,2026-02-04 13:10:00,61.094,N
KRN004,2026-02-04 13:20:00,61.084,N
KRN004,2026-02-04 13:30:00,61.077,N
KRN004,2026-02-04 13:40:00,61.071,N
KRN004,2026-02-04 13:50:00,61.071,N
KRN004,2026-02-04 14:00:00,61.065,N
KRN004,2026-02-04 14:10:00,61.066,N
KRN004,2026-02-04 14:20:00,61.069,N
KRN004,2026-02-04 14:30:00,61.07,N
KRN004,2026-02-04 14:40:00,61.073,N
KRN004,2026-02-04 14:50:00,61.077,N
KRN004,2026-02-04 15:00:00,61.079,N
KRN004,2026-02-04 15:10:00,61.081,N
KRN004,2026-02-04 15:20:00,61.083,N
KRN004,2026-02-04 15:30:00,61.081,N
KRN004,2026-02-04 15:40:00,61.086,N
KRN004,2026-02-04 15:50:00,61.089,N
KRN004,2026-02-04 16:00:00,61.092,N
KRN004,2026-02-04 16:10:00,61.091,N
KRN004,2026-02-04 16:20:00,61.092,N
KRN004,2026-02-04 16:30:00,61.093,N
KRN004,2026-02-04 16:40:00,61.093,N
KRN004,2026-02-04 16:50:00,61.091,N
KRN004,2026-02-04 17:00:00,61.089,N
KRN004,2026-02-04 17:10:00,61.094,N
KRN004,2026-02-04 17:20:00,61.096,N
KRN004,2026-02-04 17:30:00,61.098,N
KRN004,2026-02-04 17:40:00,61.103,N
KRN004,2026-02-04 17:50:00,61.108,N
KRN004,2026-02-04 18:00:00,61.118,N
KRN004,2026-02-04 18:10:00,61.13,N
KRN004,2026-02-04 18:20:00,61.139,N
KRN004,2026-02-04 18:30:00,61.164,N
KRN004,2026-02-04 18:40:00,61.182,N
KRN004,2026-02-04 18:50:00,61.208,N
KRN004,2026-02-04 19:00:00,61.237,N
KRN004,2026-02-04 19:10:00,61.267,N
KRN004,2026-02-04 19:20:00,61.304,N
KRN004,2026-02-04 19:30:00,61.342,N
KRN004,2026-02-04 19:40:00,61.383,N
KRN004,2026-02-04 19:50:00,61.433,N
KRN004,2026-02-04 20:00:00,61.476,N
KRN004,2026-02-04 20:10:00,61.528,N
KRN004,2026-02-04 20:20:00,61.571,N
KRN004,2026-02-04 20:30:00,61.616,N
KRN004,2026-02-04 20:40:00,61.667,N
KRN004,2026-02-04 20:50:00,61.713,N
KRN004,2026-02-04 21:00:00,61.765,N
KRN004,2026-02-04 21:10:00,61.812,N
KRN004,2026-02-04 21:20:00,61.855,N
KRN004,2026-02-04 21:30:00,61.906,N
KRN004,2026-02-04 21:40:00,61.949,N
KRN004,2026-02-04 21:50:00,61.992,N
KRN004,2026-02-04 22:00:00,62.047,N
KRN004,2026-02-04 22:10:00,62.071,N
KRN004,2026-02-04 22:20:00,62.122,N
KRN004,2026-02-04 22:30:00,62.15,N
KRN004,2026-02-04 22:40:00,62.192,N
KRN004,2026-02-04 22:50:00,62.222,N
KRN004,2026-02-04 23:00:00,62.252,N
KRN004,2026-02-04 23:10:00,62.28,N
KRN004,2026-02-04 23:20:00,62.326,N
KRN004,2026-02-04 23:30:00,62.353,N
KRN004,2026-02-04 23:40:00,62.386,N
KRN004,2026-02-04 23:50:00,62.414,N
KRN004,2026-02-05 00:00:00,62.443,N
KRN004,2026-02-05 00:10:00,62.469,N
KRN004,2026-02-05 00:20:00,62.495,N
KRN004,2026-02-05 00:30:00,62.517,N
KRN004,2026-02-05 00:40:00,62.55,N
KRN004,2026-02-05 00:50:00,62.57,N
KRN004,2026-02-05 01:00:00,62.586,N
KRN004,2026-02-05 01:10:00,62.615,N
KRN004,2026-02-05 01:20:00,62.644,N
KRN004,2026-02-05 01:30:00,62.652,N
KRN004,2026-02-05 01:40:00,62.675,N
KRN004,2026-02-05 01:50:00,62.696,N
KRN004,2026-02-05 02:00:00,62.71,N
KRN004,2026-02-05 02:10:00,62.733,N
KRN004,2026-02-05 02:20:00,62.749,N
KRN004,2026-02-05 02:30:00,62.771,N
KRN004,2026-02-05 02:40:00,62.791,N
KRN004,2026-02-05 02:50:00,62.799,N
KRN004,2026-02-05 03:00:00,62.817,N
KRN004,2026-02-05 03:10:00,62.824,N
KRN004,2026-02-05 03:20:00,62.838,N
KRN004,2026-02-05 03:30:00,62.848,N
KRN004,2026-02-05 03:40:00,62.866,N
KRN004,2026-02-05 03:50:00,62.876,N
KRN004,2026-02-05 04:00:00,62.879,N
KRN004,2026-02-05 04:10:00,62.884,N
KRN004,2026-02-05 04:20:00,62.887,N
KRN004,2026-02-05 04:30:00,62.898,N
KRN004,2026-02-05 04:40:00,62.892,N
KRN004,2026-02-05 04:50:00,62.886,N
KRN004,2026-02-05 05:00:00,62.877,N
KRN004,2026-02-05 05:10:00,62.87,N
KRN004,2026-02-05 05:20:00,62.858,N
KRN004,2026-02-05 05:30:00,62.846,N
KRN004,2026-02-05 05:40:00,62.838,N
KRN004,2026-02-05 05:50:00,62.817,N
KRN004,2026-02-05 06:00:00,62.797,N
KRN004,2026-02-05 06:10:00,62.775,N
KRN004,2026-02-05 06:20:00,62.748,N
KRN004,2026-02-05 06:30:00,62.724,N
KRN004,2026-02-05 06:40:00,62.692,N
KRN004,2026-02-05 06:50:00,62.661,N
KRN004,2026-02-05 07:00:00,62.626,N
KRN004,2026-02-05 07:10:00,62.587,N
KRN004,2026-02-05 07:20:00,62.552,N
KRN004,2026-02-05 07:30:00,62.512,N
KRN004,2026-02-05 07:40:00,62.467,N
KRN004,2026-02-05 07:50:00,62.424,N
KRN004,2026-02-05 08:00:00,62.368,N
KRN004,2026-02-05 08:10:00,62.328,N
KRN004,2026-02-05 08:20:00,62.276,N
KRN004,2026-02-05 08:30:00,62.228,N
KRN004,2026-02-05 08:40:00,62.177,N
KRN004,2026-02-05 08:50:00,62.127,N
KRN004,2026-02-05 09:00:00,62.074,N
KRN004,2026-02-05 09:10:00,62.023,N
KRN004,2026-02-05 09:20:00,61.966,N
KRN004,2026-02-05 09:30:00,61.915,N
KRN004,2026-02-05 09:40:00,61.858,N
KRN004,2026-02-05 09:50:00,61.808,N
KRN004,2026-02-05 10:00:00,61.753,N
KRN004,2026-02-05 10:10:00,61.7,N
KRN004,2026-02-05 10:20:00,61.645,N
KRN004,2026-02-05 10:30:00,61.594,N
KRN004,2026-02-05 10:40:00,61.533,N
KRN004,2026-02-05 10:50:00,61.487,N
KRN004,2026-02-05 11:00:00,61.431,N
KRN004,2026-02-05 11:10:00,61.384,N
KRN004,2026-02-05 11:20:00,61.329,N
KRN004,2026-02-05 11:30:00,61.278,N
KRN004,2026-02-05 11:40:00,61.228,N
KRN004,2026-02-05 11:50:00,61.179,N
KRN004,2026-02-05 12:00:00,61.133,N
KRN004,2026-02-05 12:10:00,61.086,N
KRN004,2026-02-05 12:20:00,61.046,N
KRN004,2026-02-05 12:30:00,61.002,N
KRN004,2026-02-05 12:40:00,60.957,N
KRN004,2026-02-05 12:50:00,60.917,N
KRN004,2026-02-05 13:00:00,60.875,N
KRN004,2026-02-05 13:10:00,60.838,N
KRN004,2026-02-05 13:20:00,60.8,N
KRN004,2026-02-05 13:30:00,60.767,N
KRN004,2026-02-05 13:40:00,60.732,N
KRN004,2026-02-05 13:50:00,60.698,N
KRN004,2026-02-05 14:00:00,60.668,N
KRN004,2026-02-05 14:10:00,60.64,N
KRN004,2026-02-05 14:20:00,60.613,N
KRN004,2026-02-05 14:30:00,60.587,N
KRN004,2026-02-05 14:40:00,60.564,N
KRN004,2026-02-05 14:50:00,60.54,N
KRN004,2026-02-05 15:00:00,60.52,N
KRN004,2026-02-05 15:10:00,60.5,N
KRN004,2026-02-05 15:20:00,60.483,N
KRN004,2026-02-05 15:30:00,60.464,N
KRN004,2026-02-05 15:40:00,60.447,N
KRN004,2026-02-05 15:50:00,60.431,N
KRN004,2026-02-05 16:00:00,60.417,N
KRN004,2026-02-05 16:10:00,60.404,N
KRN004,2026-02-05 16:20:00,60.392,N
KRN004,2026-02-05 16:30:00,60.382,N
KRN004,2026-02-05 16:40:00,60.37,N
KRN004,2026-02-05 16:50:00,60.361,N
KRN004,2026-02-05 17:00:00,60.35,N
KRN004,2026-02-05 17:10:00,60.341,N
KRN004,2026-02-05 17:20:00,60.334,N
KRN004,2026-02-05 17:30:00,60.327,N
KRN004,2026-02-05 17:40:00,60.322,N
KRN004,2026-02-05 17:50:00,60.316,N
KRN004,2026-02-05 18:00:00,60.31,N
KRN004,2026-02-05 18:10:00,60.307,N
KRN004,2026-02-05 18:20:00,60.302,N
KRN004,2026-02-05 18:30:00,60.299,N
KRN004,2026-02-05 18:40:00,60.295,N
KRN004,2026-02-05 18:50:00,60.296,N
KRN004,2026-02-05 19:00:00,60.297,N
KRN004,2026-02-05 19:10:00,60.299,N
KRN004,2026-02-05 19:20:00,60.305,N
KRN004,2026-02-05 19:30:00,60.313,N
KRN004,2026-02-05 19:40:00,60.321,N
KRN004,2026-02-05 19:50:00,60.333,N
KRN004,2026-02-05 20:00:00,60.353,N
KRN004,2026-02-05 20:10:00,60.38,N
KRN004,2026-02-05 20:20:00,60.412,N
KRN004,2026-02-05 20:30:00,60.45,N
KRN004,2026-02-05 20:40:00,60.496,N
KRN004,2026-02-05 20:50:00,60.548,N
KRN004,2026-02-05 21:00:00,60.606,N
KRN004,2026-02-05 21:10:00,60.663,N
KRN004,2026-02-05 21:20:00,60.726,N
KRN004,2026-02-05 21:30:00,60.789,N
KRN004,2026-02-05 21:40:00,60.852,N
KRN004,2026-02-05 21:50:00,60.919,N
KRN004,2026-02-05 22:00:00,60.976,N
KRN004,2026-02-05 22:10:00,61.051,N
KRN004,2026-02-05 22:20:00,61.111,N
KRN004,2026-02-05 22:30:00,61.174,N
KRN004,2026-02-05 22:40:00,61.239,N
KRN004,2026-02-05 22:50:00,61.299,N
KRN004,2026-02-05 23:00:00,61.369,N
KRN004,2026-02-05 23:10:00,61.424,N
KRN004,2026-02-05 23:20:00,61.487,N
KRN004,2026-02-05 23:30:00,61.543,N
KRN004,2026-02-05 23:40:00,61.609,N
KRN004,2026-02-05 23:50:00,61.656,N
KRN004,2026-02-06 00:00:00,61.714,N
KRN004,2026-02-06 00:10:00,61.774,N
KRN004,2026-02-06 00:20:00,61.821,N
KRN004,2026-02-06 00:30:00,61.874,N
KRN004,2026-02-06 00:40:00,61.919,N
KRN004,2026-02-06 00:50:00,61.973,N
KRN004,2026-02-06 01:00:00,62.015,N
KRN004,2026-02-06 01:10:00,62.069,N
KRN004,2026-02-06 01:20:00,62.099,N
KRN004,2026-02-06 01:30:00,62.16,N
KRN004,2026-02-06 01:40:00,62.188,N
KRN004,2026-02-06 01:50:00,62.228,N
KRN004,2026-02-06 02:00:00,62.266,N
KRN004,2026-02-06 02:10:00,62.303,N
KRN004,2026-02-06 02:20:00,62.339,N
KRN004,2026-02-06 02:30:00,62.379,N
KRN004,2026-02-06 02:40:00,62.412,N
KRN004,2026-02-06 02:50:00,62.439,N
KRN004,2026-02-06 03:00:00,62.473,N
KRN004,2026-02-06 03:10:00,62.508,N
KRN004,2026-02-06 03:20:00,62.536,N
KRN004,2026-02-06 03:30:00,62.553,N
KRN004,2026-02-06 03:40:00,62.587,N
KRN004,2026-02-06 03:50:00,62.61,N
KRN004,2026-02-06 04:00:00,62.63,N
KRN004,2026-02-06 04:10:00,62.658,N
KRN004,2026-02-06 04:20:00,62.669,N
KRN004,2026-02-06 04:30:00,62.695,N
KRN004,2026-02-06 04:40:00,62.699,N
KRN004,2026-02-06 04:50:00,62.709,N
KRN004,2026-02-06 05:00:00,62.727,N
KRN004,2026-02-06 05:10:00,62.735,N
KRN004,2026-02-06 05:20:00,62.741,N
KRN004,2026-02-06 05:30:00,62.74,N
KRN004,2026-02-06 05:40:00,62.747,N
KRN004,2026-02-06 05:50:00,62.733,N
KRN004,2026-02-06 06:00:00,62.734,N
KRN004,2026-02-06 06:10:00,62.721,N
KRN004,2026-02-06 06:20:00,62.703,N
KRN004,2026-02-06 06:30:00,62.695,N
KRN004,2026-02-06 06:40:00,62.674,N
KRN004,2026-02-06 06:50:00,62.653,N
KRN004,2026-02-06 07:00:00,62.633,N
KRN004,2026-02-06 07:10:00,62.607,N
KRN004,2026-02-06 07:20:00,62.578,N
KRN004,2026-02-06 07:30:00,62.552,N
KRN004,2026-02-06 07:40:00,62.511,N
KRN004,2026-02-06 07:50:00,62.469,N
KRN004,2026-02-06 08:00:00,62.436,N
KRN004,2026-02-06 08:10:00,62.396,N
KRN004,2026-02-06 08:20:00,62.355,N
KRN004,2026-02-06 08:30:00,62.315,N
KRN004,2026-02-06 08:40:00,62.269,N
KRN004,2026-02-06 08:50:00,62.221,N
KRN004,2026-02-06 09:00:00,62.174,N
KRN004,2026-02-06 09:10:00,62.119,N
KRN004,2026-02-06 09:20:00,62.074,N
KRN004,2026-02-06 09:30:00,62.026,N
KRN004,2026-02-06 09:40:00,61.973,N
KRN004,2026-02-06 09:50:00,61.925,N
KRN004,2026-02-06 10:00:00,61.874,N
KRN004,2026-02-06 10:10:00,61.823,N
KRN004,2026-02-06 10:20:00,61.772,N
KRN004,2026-02-06 10:30:00,61.725,N
KRN004,2026-02-06 10:40:00,61.672,N
KRN004,2026-02-06 10:50:00,61.622,N
KRN004,2026-02-06 11:00:00,61.58,N
KRN004,2026-02-06 11:10:00,61.537,N
KRN004,2026-02-06 11:20:00,61.498,N
KRN004,2026-02-06 11:30:00,61.462,N
KRN004,2026-02-06 11:40:00,61.434,N
KRN004,2026-02-06 11:50:00,61.408,N
KRN004,2026-02-06 12:00:00,61.391,N
KRN004,2026-02-06 12:10:00,61.372,N
KRN004,2026-02-06 12:20:00,61.358,N
KRN004,2026-02-06 12:30:00,61.36,N
KRN004,2026-02-06 12:40:00,61.36,N
KRN004,2026-02-06 12:50:00,61.363,N
KRN004,2026-02-06 13:00:00,61.371,N
KRN004,2026-02-06 13:10:00,61.38,N
KRN004,2026-02-06 13:20:00,61.387,N
KRN004,2026-02-06 13:30:00,61.403,N
KRN004,2026-02-06 13:40:00,61.405,N
KRN004,2026-02-06 13:50:00,61.418,N
KRN004,2026-02-06 14:00:00,61.43,N
KRN004,2026-02-06 14:10:00,61.435,N
KRN004,2026-02-06 14:20:00,61.44,N
KRN004,2026-02-06 14:30:00,61.445,N
KRN004,2026-02-06 14:40:00,61.451,N
KRN004,2026-02-06 14:50:00,61.458,N
KRN004,2026-02-06 15:00:00,61.444,N
KRN004,2026-02-06 15:10:00,61.449,N
KRN004,2026-02-06 15:20:00,61.438,N
KRN004,2026-02-06 15:30:00,61.423,N
KRN004,2026-02-06 15:40:00,61.417,N
KRN004,2026-02-06 15:50:00,61.405,N
KRN004,2026-02-06 16:00:00,61.387,N
KRN004,2026-02-06 16:10:00,61.373,N
KRN004,2026-02-06 16:20:00,61.35,N
KRN004,2026-02-06 16:30:00,61.337,N
KRN004,2026-02-06 16:40:00,61.312,N
KRN004,2026-02-06 16:50:00,61.29,N
KRN004,2026-02-06 17:00:00,61.269,N
KRN004,2026-02-06 17:10:00,61.244,N
KRN004,2026-02-06 17:20:00,61.216,N
KRN004,2026-02-06 17:30:00,61.194,N
KRN004,2026-02-06 17:40:00,61.167,N
KRN004,2026-02-06 17:50:00,61.139,N
KRN004,2026-02-06 18:00:00,61.105,N
KRN004,2026-02-06 18:10:00,61.081,N
KRN004,2026-02-06 18:20:00,61.053,N
KRN004,2026-02-06 18:30:00,61.024,N
KRN004,2026-02-06 18:40:00,60.994,N
KRN004,2026-02-06 18:50:00,60.968,N
KRN004,2026-02-06 19:00:00,60.939,N
KRN004,2026-02-06 19:10:00,60.908,N
KRN004,2026-02-06 19:20:00,60.883,N
KRN004,2026-02-06 19:30:00,60.853,N
KRN004,2026-02-06 19:40:00,60.824,N
KRN004,2026-02-06 19:50:00,60.797,N
KRN004,2026-02-06 20:00:00,60.773,N
KRN004,2026-02-06 20:10:00,60.744,N
KRN004,2026-02-06 20:20:00,60.714,N
KRN004,2026-02-06 20:30:00,60.689,N
KRN004,2026-02-06 20:40:00,60.667,N
KRN004,2026-02-06 20:50:00,60.642,N
KRN004,2026-02-06 21:00:00,60.615,N
KRN004,2026-02-06 21:10:00,60.593,N
KRN004,2026-02-06 21:20:00,60.569,N
KRN004,2026-02-06 21:30:00,60.547,N
KRN004,2026-02-06 21:40:00,60.525,N
KRN004,2026-02-06 21:50:00,60.505,N
KRN004,2026-02-06 22:00:00,60.485,N
KRN004,2026-02-06 22:10:00,60.466,N
KRN004,2026-02-06 22:20:00,60.449,N
KRN004,2026-02-06 22:30:00,60.431,N
KRN004,2026-02-06 22:40:00,60.419,N
KRN004,2026-02-06 22:50:00,60.409,N
KRN004,2026-02-06 23:00:00,60.403,N
KRN004,2026-02-06 23:10:00,60.403,N
KRN004,2026-02-06 23:20:00,60.409,N
KRN004,2026-02-06 23:30:00,60.426,N
KRN004,2026-02-06 23:40:00,60.456,N
KRN004,2026-02-06 23:50:00,60.497,N
KRN004,2026-02-07 00:00:00,60.552,N
KRN004,2026-02-07 00:10:00,60.619,N
KRN004,2026-02-07 00:20:00,60.694,N
KRN004,2026-02-07 00:30:00,60.77,N
KRN004,2026-02-07 00:40:00,60.855,N
KRN004,2026-02-07 00:50:00,60.941,N
KRN004,2026-02-07 01:00:00,61.029,N
KRN004,2026-02-07 01:10:00,61.105,N
KRN004,2026-02-07 01:20:00,61.188,N
KRN004,2026-02-07 01:30:00,61.264,N
KRN004,2026-02-07 01:40:00,61.343,N
KRN004,2026-02-07 01:50:00,61.412,N
KRN004,2026-02-07 02:00:00,61.489,N
KRN004,2026-02-07 02:10:00,61.561,N
KRN004,2026-02-07 02:20:00,61.63,N
KRN004,2026-02-07 02:30:00,61.696,N
KRN004,2026-02-07 02:40:00,61.754,N
KRN004,2026-02-07 02:50:00,61.814,N
KRN004,2026-02-07 03:00:00,61.877,N
KRN004,2026-02-07 03:10:00,61.928,N
KRN004,2026-02-07 03:20:00,61.978,N
KRN004,2026-02-07 03:30:00,62.021,N
KRN004,2026-02-07 03:40:00,62.072,N
KRN004,2026-02-07 03:50:00,62.115,N
KRN004,2026-02-07 04:00:00,62.154,N
KRN004,2026-02-07 04:10:00,62.195,N
KRN004,2026-02-07 04:20:00,62.235,N
KRN004,2026-02-07 04:30:00,62.263,N
KRN004,2026-02-07 04:40:00,62.291,N
KRN004,2026-02-07 04:50:00,62.326,N
KRN004,2026-02-07 05:00:00,62.349,N
KRN004,2026-02-07 05:10:00,62.369,N
KRN004,2026-02-07 05:20:00,62.388,N
KRN004,2026-02-07 05:30:00,62.407,N
KRN004,2026-02-07 05:40:00,62.423,N
KRN004,2026-02-07 05:50:00,62.436,N
KRN004,2026-02-07 06:00:00,62.451,N
KRN004,2026-02-07 06:10:00,62.465,N
KRN004,2026-02-07 06:20:00,62.474,N
KRN004,2026-02-07 06:30:00,62.477,N
KRN004,2026-02-07 06:40:00,62.482,N
KRN004,2026-02-07 06:50:00,62.489,N
KRN004,2026-02-07 07:00:00,62.478,N
KRN004,2026-02-07 07:10:00,62.481,N
KRN004,2026-02-07 07:20:00,62.469,N
KRN004,2026-02-07 07:30:00,62.463,N
KRN004,2026-02-07 07:40:00,62.455,N
KRN004,2026-02-07 07:50:00,62.451,N
KRN004,2026-02-07 08:00:00,62.426,N
KRN004,2026-02-07 08:10:00,62.421,N
KRN004,2026-02-07 08:20:00,62.395,N
KRN004,2026-02-07 08:30:00,62.378,N
KRN004,2026-02-07 08:40:00,62.357,N
KRN004,2026-02-07 08:50:00,62.327,N
KRN004,2026-02-07 09:00:00,62.299,N
KRN004,2026-02-07 09:10:00,62.273,N
KRN004,2026-02-07 09:20:00,62.244,N
KRN004,2026-02-07 09:30:00,62.209,N
KRN004,2026-02-07 09:40:00,62.178,N
KRN004,2026-02-07 09:50:00,62.134,N
KRN004,2026-02-07 10:00:00,62.102,N
KRN004,2026-02-07 10:10:00,62.065,N
KRN004,2026-02-07 10:20:00,62.03,N
KRN004,2026-02-07 10:30:00,61.987,N
KRN004,2026-02-07 10:40:00,61.951,N
KRN004,2026-02-07 10:50:00,61.908,N
KRN004,2026-02-07 11:00:00,61.87,N
KRN004,2026-02-07 11:10:00,61.826,N
KRN004,2026-02-07 11:20:00,61.78,N
KRN004,2026-02-07 11:30:00,61.735,N
KRN004,2026-02-07 11:40:00,61.696,N
KRN004,2026-02-07 11:50:00,61.657,N
KRN004,2026-02-07 12:00:00,61.616,N
KRN004,2026-02-07 12:10:00,61.57,N
KRN004,2026-02-07 12:20:00,61.537,N
KRN004,2026-02-07 12:30:00,61.489,N
KRN004,2026-02-07 12:40:00,61.46,N
KRN004,2026-02-07 12:50:00,61.42,N
KRN004,2026-02-07 13:00:00,61.384,N
KRN004,2026-02-07 13:10:00,61.349,N
KRN004,2026-02-07 13:20:00,61.31,N
KRN004,2026-02-07 13:30:00,61.281,N
KRN004,2026-02-07 13:40:00,61.244,N
KRN004,2026-02-07 13:50:00,61.214,N
KRN004,2026-02-07 14:00:00,61.183,N
KRN004,2026-02-07 14:10:00,61.154,N
KRN004,2026-02-07 14:20:00,61.123,N
KRN004,2026-02-07 14:30:00,61.097,N
KRN004,2026-02-07 14:40:00,61.069,N
KRN004,2026-02-07 14:50:00,61.039,N
KRN004,2026-02-07 15:00:00,61.012,N
KRN004,2026-02-07 15:10:00,60.992,N
KRN004,2026-02-07 15:20:00,60.965,N
KRN004,2026-02-07 15:30:00,60.937,N
KRN004,2026-02-07 15:40:00,60.923,N
KRN004,2026-02-07 15:50:00,60.901,N
KRN004,2026-02-07 16:00:00,60.873,N
KRN004,2026-02-07 16:10:00,60.854,N
KRN004,2026-02-07 16:20:00,60.832,N
KRN004,2026-02-07 16:30:00,60.811,N
KRN004,2026-02-07 16:40:00,60.793,N
KRN004,2026-02-07 16:50:00,60.771,N
KRN004,2026-02-07 17:00:00,60.751,N
KRN004,2026-02-07 17:10:00,60.737,N
KRN004,2026-02-07 17:20:00,60.715,N
KRN004,2026-02-07 17:30:00,60.698,N
KRN004,2026-02-07 17:40:00,60.678,N
KRN004,2026-02-07 17:50:00,60.661,N
KRN004,2026-02-07 18:00:00,60.644,N
KRN004,2026-02-07 18:10:00,60.629,N
KRN004,2026-02-07 18:20:00,60.61,N
KRN004,2026-02-07 18:30:00,60.594,N
KRN004,2026-02-07 18:40:00,60.579,N
KRN004,2026-02-07 18:50:00,60.566,N
KRN004,2026-02-07 19:00:00,60.547,N
KRN004,2026-02-07 19:10:00,60.532,N
KRN004,2026-02-07 19:20:00,60.518,N
KRN004,2026-02-07 19:30:00,60.503,N
KRN004,2026-02-07 19:40:00,60.487,N
KRN004,2026-02-07 19:50:00,60.473,N
KRN004,2026-02-07 20:00:00,60.458,N
KRN004,2026-02-07 20:10:00,60.443,N
KRN004,2026-02-07 20:20:00,60.429,N
KRN004,2026-02-07 20:30:00,60.416,N
KRN004,2026-02-07 20:40:00,60.403,N
KRN004,2026-02-07 20:50:00,60.387,N
KRN004,2026-02-07 21:00:00,60.374,N
KRN004,2026-02-07 21:10:00,60.36,N
KRN004,2026-02-07 21:20:00,60.348,N
KRN004,2026-02-07 21:30:00,60.335,N
KRN004,2026-02-07 21:40:00,60.326,N
KRN004,2026-02-07 21:50:00,60.313,N
KRN004,2026-02-07 22:00:00,60.305,N
KRN004,2026-02-07 22:10:00,60.295,N
KRN004,2026-02-07 22:20:00,60.288,N
KRN004,2026-02-07 22:30:00,60.286,N
KRN004,2026-02-07 22:40:00,60.289,N
KRN004,2026-02-07 22:50:00,60.3,N
KRN004,2026-02-07 23:00:00,60.323,N
KRN004,2026-02-07 23:10:00,60.361,N
KRN004,2026-02-07 23:20:00,60.414,N
KRN004,2026-02-07 23:30:00,60.48,N
KRN004,2026-02-07 23:40:00,60.561,N
KRN004,2026-02-07 23:50:00,60.646,N
KRN004,2026-02-08 00:00:00,60.733,N
KRN004,2026-02-08 00:10:00,60.825,N
KRN004,2026-02-08 00:20:00,60.921,N
KRN004,2026-02-08 00:30:00,61.009,N
KRN004,2026-02-08 00:40:00,61.094,N
KRN004,2026-02-08 00:50:00,61.181,N
KRN004,2026-02-08 01:00:00,61.265,N
KRN004,2026-02-08 01:10:00,61.346,N
KRN004,2026-02-08 01:20:00,61.424,N
KRN004,2026-02-08 01:30:00,61.496,N
KRN004,2026-02-08 01:40:00,61.565,N
KRN004,2026-02-08 01:50:00,61.639,N
KRN004,2026-02-08 02:00:00,61.706,N
KRN004,2026-02-08 02:10:00,61.769,N
KRN004,2026-02-08 02:20:00,61.828,N
KRN004,2026-02-08 02:30:00,61.878,N
KRN004,2026-02-08 02:40:00,61.944,N
KRN004,2026-02-08 02:50:00,61.989,N
KRN004,2026-02-08 03:00:00,62.037,N
KRN004,2026-02-08 03:10:00,62.088,N
KRN004,2026-02-08 03:20:00,62.129,N
KRN004,2026-02-08 03:30:00,62.171,N
KRN004,2026-02-08 03:40:00,62.217,N
KRN004,2026-02-08 03:50:00,62.253,N
KRN004,2026-02-08 04:00:00,62.286,N
KRN004,2026-02-08 04:10:00,62.327,N
KRN004,2026-02-08 04:20:00,62.361,N
KRN004,2026-02-08 04:30:00,62.396,N
KRN004,2026-02-08 04:40:00,62.419,N
KRN004,2026-02-08 04:50:00,62.457,N
KRN004,2026-02-08 05:00:00,62.478,N
KRN004,2026-02-08 05:10:00,62.508,N
KRN004,2026-02-08 05:20:00,62.536,N
KRN004,2026-02-08 05:30:00,62.566,N
KRN004,2026-02-08 05:40:00,62.582,N
KRN004,2026-02-08 05:50:00,62.61,N
KRN004,2026-02-08 06:00:00,62.637,N
KRN004,2026-02-08 06:10:00,62.652,N
KRN004,2026-02-08 06:20:00,62.675,N
KRN004,2026-02-08 06:30:00,62.696,N
KRN004,2026-02-08 06:40:00,62.72,N
KRN004,2026-02-08 06:50:00,62.742,N
KRN004,2026-02-08 07:00:00,62.76,N
KRN004,2026-02-08 07:10:00,62.771,N
KRN004,2026-02-08 07:20:00,62.794,N
KRN004,2026-02-08 07:30:00,62.807,N
KRN004,2026-02-08 07:40:00,62.828,N
KRN004,2026-02-08 07:50:00,62.843,N
KRN004,2026-02-08 08:00:00,62.853,N
KRN004,2026-02-08 08:10:00,62.87,N
KRN004,2026-02-08 08:20:00,62.886,N
KRN004,2026-02-08 08:30:00,62.898,N
KRN004,2026-02-08 08:40:00,62.911,N
KRN004,2026-02-08 08:50:00,62.93,N
KRN004,2026-02-08 09:00:00,62.938,N
KRN004,2026-02-08 09:10:00,62.949,N
KRN004,2026-02-08 09:20:00,62.965,N
KRN004,2026-02-08 09:30:00,62.972,N
KRN004,2026-02-08 09:40:00,62.98,N
KRN004,2026-02-08 09:50:00,62.994,N
KRN004,2026-02-08 10:00:00,63,N
KRN004,2026-02-08 10:10:00,63.016,N
KRN004,2026-02-08 10:20:00,63.028,N
KRN004,2026-02-08 10:30:00,63.04,N
KRN004,2026-02-08 10:40:00,63.048,N
KRN004,2026-02-08 10:50:00,63.057,N
KRN004,2026-02-08 11:00:00,63.067,N
KRN004,2026-02-08 11:10:00,63.064,N
KRN004,2026-02-08 11:20:00,63.077,N
KRN004,2026-02-08 11:30:00,63.081,N
KRN004,2026-02-08 11:40:00,63.081,N
KRN004,2026-02-08 11:50:00,63.088,N
KRN004,2026-02-08 12:00:00,63.088,N
KRN004,2026-02-08 12:10:00,63.088,N
KRN004,2026-02-08 12:20:00,63.085,N
KRN004,2026-02-08 12:30:00,63.074,N
KRN004,2026-02-08 12:40:00,63.067,N
KRN004,2026-02-08 12:50:00,63.051,N
KRN004,2026-02-08 13:00:00,63.041,N
KRN004,2026-02-08 13:10:00,63.033,N
KRN004,2026-02-08 13:20:00,63.01,N
KRN004,2026-02-08 13:30:00,62.987,N
KRN004,2026-02-08 13:40:00,62.967,N
KRN004,2026-02-08 13:50:00,62.951,N
KRN004,2026-02-08 14:00:00,62.918,N
KRN004,2026-02-08 14:10:00,62.893,N
KRN004,2026-02-08 14:20:00,62.862,N
KRN004,2026-02-08 14:30:00,62.823,N
KRN004,2026-02-08 14:40:00,62.782,N
KRN004,2026-02-08 14:50:00,62.749,N
KRN004,2026-02-08 15:00:00,62.708,N
KRN004,2026-02-08 15:10:00,62.673,N
KRN004,2026-02-08 15:20:00,62.628,N
KRN004,2026-02-08 15:30:00,62.576,N
KRN004,2026-02-08 15:40:00,62.531,N
KRN004,2026-02-08 15:50:00,62.488,N
KRN004,2026-02-08 16:00:00,62.436,N
KRN004,2026-02-08 16:10:00,62.387,N
KRN004,2026-02-08 16:20:00,62.327,N
KRN004,2026-02-08 16:30:00,62.282,N
KRN004,2026-02-08 16:40:00,62.224,N
KRN004,2026-02-08 16:50:00,62.18,N
KRN004,2026-02-08 17:00:00,62.12,N
KRN004,2026-02-08 17:10:00,62.062,N
KRN004,2026-02-08 17:20:00,62.01,N
KRN004,2026-02-08 17:30:00,61.951,N
KRN004,2026-02-08 17:40:00,61.898,N
KRN004,2026-02-08 17:50:00,61.848,N
KRN004,2026-02-08 18:00:00,61.798,N
KRN004,2026-02-08 18:10:00,61.745,N
KRN004,2026-02-08 18:20:00,61.697,N
KRN004,2026-02-08 18:30:00,61.651,N
KRN004,2026-02-08 18:40:00,61.606,N
KRN004,2026-02-08 18:50:00,61.575,N
KRN004,2026-02-08 19:00:00,61.541,N
KRN004,2026-02-08 19:10:00,61.512,N
KRN004,2026-02-08 19:20:00,61.481,N
KRN004,2026-02-08 19:30:00,61.469,N
KRN004,2026-02-08 19:40:00,61.459,N
KRN004,2026-02-08 19:50:00,61.448,N
KRN004,2026-02-08 20:00:00,61.449,N
KRN004,2026-02-08 20:10:00,61.454,N
KRN004,2026-02-08 20:20:00,61.467,N
KRN004,2026-02-08 20:30:00,61.48,N
KRN004,2026-02-08 20:40:00,61.51,N
KRN004,2026-02-08 20:50:00,61.527,N
KRN004,2026-02-08 21:00:00,61.549,N
KRN004,2026-02-08 21:10:00,61.587,N
KRN004,2026-02-08 21:20:00,61.621,N
KRN004,2026-02-08 21:30:00,61.655,N
KRN004,2026-02-08 21:40:00,61.693,N
KRN004,2026-02-08 21:50:00,61.731,N
KRN004,2026-02-08 22:00:00,61.771,N
KRN004,2026-02-08 22:10:00,61.813,N
KRN004,2026-02-08 22:20:00,61.856,N
KRN004,2026-02-08 22:30:00,61.897,N
KRN004,2026-02-08 22:40:00,61.937,N
KRN004,2026-02-08 22:50:00,61.977,N
KRN004,2026-02-08 23:00:00,62.018,N
KRN004,2026-02-08 23:10:00,62.058,N
KRN004,2026-02-08 23:20:00,62.093,N
KRN004,2026-02-08 23:30:00,62.14,N
KRN004,2026-02-08 23:40:00,62.175,N
KRN004,2026-02-08 23:50:00,62.216,N
KRN004,2026-02-09 00:00:00,62.251,N
KRN004,2026-02-09 00:10:00,62.287,N
KRN004,2026-02-09 00:20:00,62.318,N
KRN004,2026-02-09 00:30:00,62.349,N
KRN004,2026-02-09 00:40:00,62.39,N
KRN004,2026-02-09 00:50:00,62.422,N
KRN004,2026-02-09 01:00:00,62.448,N
KRN004,2026-02-09 01:10:00,62.481,N
KRN004,2026-02-09 01:20:00,62.503,N
KRN004,2026-02-09 01:30:00,62.542,N
KRN004,2026-02-09 01:40:00,62.569,N
KRN004,2026-02-09 01:50:00,62.596,N
KRN004,2026-02-09 02:00:00,62.613,N
KRN004,2026-02-09 02:10:00,62.644,N
KRN004,2026-02-09 02:20:00,62.671,N
KRN004,2026-02-09 02:30:00,62.693,N
KRN004,2026-02-09 02:40:00,62.715,N
KRN004,2026-02-09 02:50:00,62.739,N
KRN004,2026-02-09 03:00:00,62.76,N
KRN004,2026-02-09 03:10:00,62.78,N
KRN004,2026-02-09 03:20:00,62.791,N
KRN004,2026-02-09 03:30:00,62.803,N
KRN004,2026-02-09 03:40:00,62.811,N
KRN004,2026-02-09 03:50:00,62.833,N
KRN004,2026-02-09 04:00:00,62.842,N
KRN004,2026-02-09 04:10:00,62.845,N
KRN004,2026-02-09 04:20:00,62.856,N
KRN004,2026-02-09 04:30:00,62.862,N
KRN004,2026-02-09 04:40:00,62.866,N
KRN004,2026-02-09 04:50:00,62.869,N
KRN004,2026-02-09 05:00:00,62.872,N
KRN004,2026-02-09 05:10:00,62.865,N
KRN004,2026-02-09 05:20:00,62.873,N
KRN004,2026-02-09 05:30:00,62.874,N
KRN004,2026-02-09 05:40:00,62.871,N
KRN004,2026-02-09 05:50:00,62.867,N
KRN004,2026-02-09 06:00:00,62.864,N
KRN004,2026-02-09 06:10:00,62.857,N
KRN004,2026-02-09 06:20:00,62.842,N
KRN004,2026-02-09 06:30:00,62.84,N
KRN004,2026-02-09 06:40:00,62.824,N
KRN004,2026-02-09 06:50:00,62.816,N
KRN004,2026-02-09 07:00:00,62.791,N
KRN004,2026-02-09 07:10:00,62.78,N
KRN004,2026-02-09 07:20:00,62.757,N
KRN004,2026-02-09 07:30:00,62.74,N
KRN004,2026-02-09 07:40:00,62.714,N
KRN004,2026-02-09 07:50:00,62.693,N
KRN004,2026-02-09 08:00:00,62.651,N
KRN004,2026-02-09 08:10:00,62.625,N
KRN004,2026-02-09 08:20:00,62.585,N
KRN004,2026-02-09 08:30:00,62.56,N
KRN004,2026-02-09 08:40:00,62.528,N
KRN004,2026-02-09 08:50:00,62.481,N
KRN004,2026-02-09 09:00:00,62.434,N
KRN004,2026-02-09 09:10:00,62.4,N
KRN004,2026-02-09 09:20:00,62.359,N
KRN004,2026-02-09 09:30:00,62.304,N
KRN004,2026-02-09 09:40:00,62.267,N
KRN004,2026-02-09 09:50:00,62.223,N
KRN004,2026-02-09 10:00:00,62.173,N
KRN004,2026-02-09 10:10:00,62.122,N
KRN004,2026-02-09 10:20:00,62.076,N
KRN004,2026-02-09 10:30:00,62.033,N
KRN004,2026-02-09 10:40:00,61.99,N
KRN004,2026-02-09 10:50:00,61.94,N
KRN004,2026-02-09 11:00:00,61.915,N
KRN004,2026-02-09 11:10:00,61.877,N
KRN004,2026-02-09 11:20:00,61.84,N
KRN004,2026-02-09 11:30:00,61.816,N
KRN004,2026-02-09 11:40:00,61.795,N
KRN004,2026-02-09 11:50:00,61.767,N
KRN004,2026-02-09 12:00:00,61.748,N
KRN004,2026-02-09 12:10:00,61.74,N
KRN004,2026-02-09 12:20:00,61.733,N
KRN004,2026-02-09 12:30:00,61.738,N
KRN004,2026-02-09 12:40:00,61.735,N
KRN004,2026-02-09 12:50:00,61.744,N
KRN004,2026-02-09 13:00:00,61.751,N
KRN004,2026-02-09 13:10:00,61.768,N
KRN004,2026-02-09 13:20:00,61.782,N
KRN004,2026-02-09 13:30:00,61.806,N
KRN004,2026-02-09 13:40:00,61.823,N
KRN004,2026-02-09 13:50:00,61.843,N
KRN004,2026-02-09 14:00:00,61.871,N
KRN004,2026-02-09 14:10:00,61.891,N
KRN004,2026-02-09 14:20:00,61.912,N
KRN004,2026-02-09 14:30:00,61.938,N
KRN004,2026-02-09 14:40:00,61.963,N
KRN004,2026-02-09 14:50:00,61.985,N
KRN004,2026-02-09 15:00:00,61.998,N
KRN004,2026-02-09 15:10:00,62.028,N
KRN004,2026-02-09 15:20:00,62.049,N
KRN004,2026-02-09 15:30:00,62.065,N
KRN004,2026-02-09 15:40:00,62.086,N
KRN004,2026-02-09 15:50:00,62.098,N
KRN004,2026-02-09 16:00:00,62.116,N
KRN004,2026-02-09 16:10:00,62.135,N
KRN004,2026-02-09 16:20:00,62.144,N
KRN004,2026-02-09 16:30:00,62.16,N
KRN004,2026-02-09 16:40:00,62.182,N
KRN004,2026-02-09 16:50:00,62.188,N
KRN004,2026-02-09 17:00:00,62.202,N
KRN004,2026-02-09 17:10:00,62.215,N
KRN004,2026-02-09 17:20:00,62.237,N
KRN004,2026-02-09 17:30:00,62.244,N
KRN004,2026-02-09 17:40:00,62.265,N
KRN004,2026-02-09 17:50:00,62.284,N
KRN004,2026-02-09 18:00:00,62.293,N
KRN004,2026-02-09 18:10:00,62.314,N
KRN004,2026-02-09 18:20:00,62.332,N
KRN004,2026-02-09 18:30:00,62.344,N
KRN004,2026-02-09 18:40:00,62.361,N
KRN004,2026-02-09 18:50:00,62.388,N
KRN004,2026-02-09 19:00:00,62.4,N
KRN004,2026-02-09 19:10:00,62.423,N
KRN004,2026-02-09 19:20:00,62.428,N
KRN004,2026-02-09 19:30:00,62.457,N
KRN004,2026-02-09 19:40:00,62.483,N
KRN004,2026-02-09 19:50:00,62.502,N
KRN004,2026-02-09 20:00:00,62.53,N
KRN004,2026-02-09 20:10:00,62.543,N
KRN004,2026-02-09 20:20:00,62.573,N
KRN004,2026-02-09 20:30:00,62.589,N
KRN004,2026-02-09 20:40:00,62.601,N
KRN004,2026-02-09 20:50:00,62.63,N
KRN004,2026-02-09 21:00:00,62.646,N
KRN004,2026-02-09 21:10:00,62.671,N
KRN004,2026-02-09 21:20:00,62.69,N
KRN004,2026-02-09 21:30:00,62.709,N
KRN004,2026-02-09 21:40:00,62.735,N
KRN004,2026-02-09 21:50:00,62.75,N
KRN004,2026-02-09 22:00:00,62.77,N
KRN004,2026-02-09 22:10:00,62.792,N
KRN004,2026-02-09 22:20:00,62.809,N
KRN004,2026-02-09 22:30:00,62.825,N
KRN004,2026-02-09 22:40:00,62.842,N
KRN004,2026-02-09 22:50:00,62.863,N
KRN004,2026-02-09 23:00:00,62.877,N
KRN004,2026-02-09 23:10:00,62.893,N
KRN004,2026-02-09 23:20:00,62.915,N
KRN004,2026-02-09 23:30:00,62.932,N
KRN004,2026-02-09 23:40:00,62.948,N
KRN004,2026-02-09 23:50:00,62.965,N
KRN004,2026-02-10 00:00:00,62.981,N
KRN004,2026-02-10 00:10:00,63.001,N
KRN004,2026-02-10 00:20:00,63.002,N
KRN004,2026-02-10 00:30:00,63.019,N
KRN004,2026-02-10 00:40:00,63.034,N
KRN004,2026-02-10 00:50:00,63.05,N
KRN004,2026-02-10 01:00:00,63.068,N
KRN004,2026-02-10 01:10:00,63.075,N
KRN004,2026-02-10 01:20:00,63.089,N
KRN004,2026-02-10 01:30:00,63.096,N
KRN004,2026-02-10 01:40:00,63.103,N
KRN004,2026-02-10 01:50:00,63.117,N
KRN004,2026-02-10 02:00:00,63.122,N
KRN004,2026-02-10 02:10:00,63.133,N
KRN004,2026-02-10 02:20:00,63.145,N
KRN004,2026-02-10 02:30:00,63.156,N
KRN004,2026-02-10 02:40:00,63.158,N
KRN004,2026-02-10 02:50:00,63.156,N
KRN004,2026-02-10 03:00:00,63.159,N
KRN004,2026-02-10 03:10:00,63.152,N
KRN004,2026-02-10 03:20:00,63.164,N
KRN004,2026-02-10 03:30:00,63.158,N
KRN004,2026-02-10 03:40:00,63.158,N
KRN004,2026-02-10 03:50:00,63.159,N
KRN004,2026-02-10 04:00:00,63.146,N
KRN004,2026-02-10 04:10:00,63.139,N
KRN004,2026-02-10 04:20:00,63.129,N
KRN004,2026-02-10 04:30:00,63.125,N
KRN004,2026-02-10 04:40:00,63.107,N
KRN004,2026-02-10 04:50:00,63.107,N
KRN004,2026-02-10 05:00:00,63.087,N
KRN004,2026-02-10 05:10:00,63.091,N
KRN004,2026-02-10 05:20:00,63.076,N
KRN004,2026-02-10 05:30:00,63.073,N
KRN004,2026-02-10 05:40:00,63.055,N
KRN004,2026-02-10 05:50:00,63.051,N
KRN004,2026-02-10 06:00:00,63.039,N
KRN004,2026-02-10 06:10:00,63.029,N
KRN004,2026-02-10 06:20:00,63.032,N
KRN004,2026-02-10 06:30:00,63.01,N
KRN004,2026-02-10 06:40:00,63.003,N
KRN004,2026-02-10 06:50:00,63.003,N
KRN004,2026-02-10 07:00:00,62.999,N
KRN004,2026-02-10 07:10:00,62.982,N
KRN004,2026-02-10 07:20:00,62.972,N
KRN004,2026-02-10 07:30:00,62.966,N
KRN004,2026-02-10 07:40:00,62.958,N
KRN004,2026-02-10 07:50:00,62.939,N
KRN004,2026-02-10 08:00:00,62.923,N
KRN004,2026-02-10 08:10:00,62.917,N
KRN004,2026-02-10 08:20:00,62.913,N
KRN004,2026-02-10 08:30:00,62.887,N
KRN004,2026-02-10 08:40:00,62.88,N
KRN004,2026-02-10 08:50:00,62.87,N
KRN004,2026-02-10 09:00:00,62.859,N
KRN004,2026-02-10 09:10:00,62.857,N
KRN004,2026-02-10 09:20:00,62.845,N
KRN004,2026-02-10 09:30:00,62.83,N
KRN004,2026-02-10 09:40:00,62.816,N
KRN004,2026-02-10 09:50:00,62.815,N
KRN004,2026-02-10 10:00:00,62.812,N
KRN004,2026-02-10 10:10:00,62.81,N
KRN004,2026-02-10 10:20:00,62.809,N
KRN004,2026-02-10 10:30:00,62.803,N
KRN004,2026-02-10 10:40:00,62.803,N
KRN004,2026-02-10 10:50:00,62.805,N
KRN004,2026-02-10 11:00:00,62.803,N
KRN004,2026-02-10 11:10:00,62.809,N
KRN004,2026-02-10 11:20:00,62.807,N
KRN004,2026-02-10 11:30:00,62.812,N
KRN004,2026-02-10 11:40:00,62.819,N
KRN004,2026-02-10 11:50:00,62.823,N
KRN004,2026-02-10 12:00:00,62.824,N
KRN004,2026-02-10 12:10:00,62.825,N
KRN004,2026-02-10 12:20:00,62.833,N
KRN004,2026-02-10 12:30:00,62.832,N
KRN004,2026-02-10 12:40:00,62.843,N
KRN004,2026-02-10 12:50:00,62.845,N
KRN004,2026-02-10 13:00:00,62.85,N
KRN004,2026-02-10 13:10:00,62.851,N
KRN004,2026-02-10 13:20:00,62.855,N
KRN004,2026-02-10 13:30:00,62.852,N
KRN004,2026-02-10 13:40:00,62.856,N
KRN004,2026-02-10 13:50:00,62.843,N
KRN004,2026-02-10 14:00:00,62.839,N
KRN004,2026-02-10 14:10:00,62.844,N
KRN004,2026-02-10 14:20:00,62.839,N
KRN004,2026-02-10 14:30:00,62.839,N
KRN004,2026-02-10 14:40:00,62.835,N
KRN004,2026-02-10 14:50:00,62.823,N
KRN004,2026-02-10 15:00:00,62.825,N
KRN004,2026-02-10 15:10:00,62.812,N
KRN004,2026-02-10 15:20:00,62.804,N
KRN004,2026-02-10 15:30:00,62.799,N
KRN004,2026-02-10 15:40:00,62.795,N
KRN004,2026-02-10 15:50:00,62.774,N
KRN004,2026-02-10 16:00:00,62.764,N
KRN004,2026-02-10 16:10:00,62.756,N
KRN004,2026-02-10 16:20:00,62.736,N
KRN004,2026-02-10 16:30:00,62.727,N
KRN004,2026-02-10 16:40:00,62.71,N
KRN004,2026-02-10 16:50:00,62.688,N
KRN004,2026-02-10 17:00:00,62.671,N
KRN004,2026-02-10 17:10:00,62.657,N
KRN004,2026-02-10 17:20:00,62.639,N
KRN004,2026-02-10 17:30:00,62.62,N
KRN004,2026-02-10 17:40:00,62.603,N
KRN004,2026-02-10 17:50:00,62.585,N
KRN004,2026-02-10 18:00:00,62.562,N
KRN004,2026-02-10 18:10:00,62.545,N
KRN004,2026-02-10 18:20:00,62.523,N
KRN004,2026-02-10 18:30:00,62.511,N
KRN004,2026-02-10 18:40:00,62.485,N
KRN004,2026-02-10 18:50:00,62.473,N
KRN004,2026-02-10 19:00:00,62.451,N
KRN004,2026-02-10 19:10:00,62.436,N
KRN004,2026-02-10 19:20:00,62.417,N
KRN004,2026-02-10 19:30:00,62.402,N
KRN004,2026-02-10 19:40:00,62.392,N
KRN004,2026-02-10 19:50:00,62.372,N
KRN004,2026-02-10 20:00:00,62.36,N
KRN004,2026-02-10 20:10:00,62.345,N
KRN004,2026-02-10 20:20:00,62.33,N
KRN004,2026-02-10 20:30:00,62.328,N
KRN004,2026-02-10 20:40:00,62.308,N
KRN004,2026-02-10 20:50:00,62.308,N
KRN004,2026-02-10 21:00:00,62.294,N
KRN004,2026-02-10 21:10:00,62.29,N
KRN004,2026-02-10 21:20:00,62.276,N
KRN004,2026-02-10 21:30:00,62.273,N
KRN004,2026-02-10 21:40:00,62.263,N
KRN004,2026-02-10 21:50:00,62.26,N
KRN004,2026-02-10 22:00:00,62.256,N
KRN004,2026-02-10 22:10:00,62.249,N
KRN004,2026-02-10 22:20:00,62.238,N
KRN004,2026-02-10 22:30:00,62.245,N
KRN004,2026-02-10 22:40:00,62.246,N
KRN004,2026-02-10 22:50:00,62.251,N
KRN004,2026-02-10 23:00:00,62.249,N
KRN004,2026-02-10 23:10:00,62.251,N
KRN004,2026-02-10 23:20:00,62.259,N
KRN004,2026-02-10 23:30:00,62.266,N
KRN004,2026-02-10 23:40:00,62.272,N
KRN004,2026-02-10 23:50:00,62.289,N
KRN004,2026-02-11 00:00:00,62.297,N
KRN004,2026-02-11 00:10:00,62.306,N
KRN004,2026-02-11 00:20:00,62.32,N
KRN004,2026-02-11 00:30:00,62.339,N
KRN004,2026-02-11 00:40:00,62.362,N
KRN004,2026-02-11 00:50:00,62.367,N
KRN004,2026-02-11 01:00:00,62.392,N
KRN004,2026-02-11 01:10:00,62.406,N
KRN004,2026-02-11 01:20:00,62.43,N
KRN004,2026-02-11 01:30:00,62.437,N
KRN004,2026-02-11 01:40:00,62.465,N
KRN004,2026-02-11 01:50:00,62.478,N
KRN004,2026-02-11 02:00:00,62.508,N
KRN004,2026-02-11 02:10:00,62.53,N
KRN004,2026-02-11 02:20:00,62.557,N
KRN004,2026-02-11 02:30:00,62.573,N
KRN004,2026-02-11 02:40:00,62.59,N
KRN004,2026-02-11 02:50:00,62.603,N
KRN004,2026-02-11 03:00:00,62.623,N
KRN004,2026-02-11 03:10:00,62.64,N
KRN004,2026-02-11 03:20:00,62.641,N
KRN004,2026-02-11 03:30:00,62.664,N
KRN004,2026-02-11 03:40:00,62.676,N
KRN004,2026-02-11 03:50:00,62.678,N
KRN004,2026-02-11 04:00:00,62.689,N
KRN004,2026-02-11 04:10:00,62.689,N
KRN004,2026-02-11 04:20:00,62.69,N
KRN004,2026-02-11 04:30:00,62.693,N
KRN004,2026-02-11 04:40:00,62.701,N
KRN004,2026-02-11 04:50:00,62.696,N
KRN004,2026-02-11 05:00:00,62.698,N
KRN004,2026-02-11 05:10:00,62.7,N
KRN004,2026-02-11 05:20:00,62.7,N
KRN004,2026-02-11 05:30:00,62.706,N
KRN004,2026-02-11 05:40:00,62.687,N
KRN004,2026-02-11 05:50:00,62.685,N
KRN004,2026-02-11 06:00:00,62.682,N
KRN004,2026-02-11 06:10:00,62.675,N
KRN004,2026-02-11 06:20:00,62.666,N
KRN004,2026-02-11 06:30:00,62.661,N
KRN004,2026-02-11 06:40:00,62.661,N
KRN004,2026-02-11 06:50:00,62.644,N
KRN004,2026-02-11 07:00:00,62.638,N
KRN004,2026-02-11 07:10:00,62.638,N
KRN004,2026-02-11 07:20:00,62.612,N
KRN004,2026-02-11 07:30:00,62.596,N
KRN004,2026-02-11 07:40:00,62.585,N
KRN004,2026-02-11 07:50:00,62.564,N
KRN004,2026-02-11 08:00:00,62.548,N
KRN004,2026-02-11 08:10:00,62.533,N
KRN004,2026-02-11 08:20:00,62.508,N
KRN004,2026-02-11 08:30:00,62.49,N
KRN004,2026-02-11 08:40:00,62.458,N
KRN004,2026-02-11 08:50:00,62.432,N
KRN004,2026-02-11 09:00:00,62.408,N
KRN004,2026-02-11 09:10:00,62.389,N
KRN004,2026-02-11 09:20:00,62.361,N
KRN004,2026-02-11 09:30:00,62.332,N
KRN004,2026-02-11 09:40:00,62.303,N
KRN004,2026-02-11 09:50:00,62.28,N
KRN004,2026-02-11 10:00:00,62.258,N
KRN004,2026-02-11 10:10:00,62.233,N
KRN004,2026-02-11 10:20:00,62.204,N
KRN004,2026-02-11 10:30:00,62.188,N
KRN004,2026-02-11 10:40:00,62.162,N
KRN004,2026-02-11 10:50:00,62.142,N
KRN004,2026-02-11 11:00:00,62.119,N
KRN004,2026-02-11 11:10:00,62.095,N
KRN004,2026-02-11 11:20:00,62.075,N
KRN004,2026-02-11 11:30:00,62.058,N
KRN004,2026-02-11 11:40:00,62.045,N
KRN004,2026-02-11 11:50:00,62.018,N
KRN004,2026-02-11 12:00:00,61.999,N
KRN004,2026-02-11 12:10:00,61.993,N
KRN004,2026-02-11 12:20:00,61.97,N
KRN004,2026-02-11 12:30:00,61.956,N
KRN004,2026-02-11 12:40:00,61.944,N
KRN004,2026-02-11 12:50:00,61.926,N
KRN004,2026-02-11 13:00:00,61.911,N
KRN004,2026-02-11 13:10:00,61.897,N
KRN004,2026-02-11 13:20:00,61.878,N
KRN004,2026-02-11 13:30:00,61.862,N
KRN004,2026-02-11 13:40:00,61.846,N
KRN004,2026-02-11 13:50:00,61.833,N
KRN004,2026-02-11 14:00:00,61.817,N
KRN004,2026-02-11 14:10:00,61.801,N
KRN004,2026-02-11 14:20:00,61.783,N
KRN004,2026-02-11 14:30:00,61.769,N
KRN004,2026-02-11 14:40:00,61.748,N
KRN004,2026-02-11 14:50:00,61.733,N
KRN004,2026-02-11 15:00:00,61.724,N
KRN004,2026-02-11 15:10:00,61.707,N
KRN004,2026-02-11 15:20:00,61.698,N
KRN004,2026-02-11 15:30:00,61.686,N
KRN004,2026-02-11 15:40:00,61.679,N
KRN004,2026-02-11 15:50:00,61.672,N
KRN004,2026-02-11 16:00:00,61.669,N
KRN004,2026-02-11 16:10:00,61.663,N
KRN004,2026-02-11 16:20:00,61.664,N
KRN004,2026-02-11 16:30:00,61.665,N
KRN004,2026-02-11 16:40:00,61.666,N
KRN004,2026-02-11 16:50:00,61.673,N
KRN004,2026-02-11 17:00:00,61.681,N
KRN004,2026-02-11 17:10:00,61.697,N
KRN004,2026-02-11 17:20:00,61.703,N
KRN004,2026-02-11 17:30:00,61.713,N
KRN004,2026-02-11 17:40:00,61.738,N
KRN004,2026-02-11 17:50:00,61.756,N
KRN004,2026-02-11 18:00:00,61.775,N
KRN004,2026-02-11 18:10:00,61.806,N
KRN004,2026-02-11 18:20:00,61.816,N
KRN004,2026-02-11 18:30:00,61.848,N
KRN004,2026-02-11 18:40:00,61.875,N
KRN004,2026-02-11 18:50:00,61.906,N
KRN004,2026-02-11 19:00:00,61.932,N
KRN004,2026-02-11 19:10:00,61.964,N
KRN004,2026-02-11 19:20:00,61.994,N
KRN004,2026-02-11 19:30:00,62.032,N
KRN004,2026-02-11 19:40:00,62.058,N
KRN004,2026-02-11 19:50:00,62.101,N
KRN004,2026-02-11 20:00:00,62.126,N
KRN004,2026-02-11 20:10:00,62.163,N
KRN004,2026-02-11 20:20:00,62.199,N
KRN004,2026-02-11 20:30:00,62.229,N
KRN004,2026-02-11 20:40:00,62.265,N
KRN004,2026-02-11 20:50:00,62.296,N
KRN004,2026-02-11 21:00:00,62.327,N
KRN004,2026-02-11 21:10:00,62.361,N
KRN004,2026-02-11 21:20:00,62.389,N
KRN004,2026-02-11 21:30:00,62.417,N
KRN004,2026-02-11 21:40:00,62.448,N
KRN004,2026-02-11 21:50:00,62.475,N
KRN004,2026-02-11 22:00:00,62.511,N
KRN004,2026-02-11 22:10:00,62.538,N
KRN004,2026-02-11 22:20:00,62.562,N
KRN004,2026-02-11 22:30:00,62.589,N
KRN004,2026-02-11 22:40:00,62.615,N
KRN004,2026-02-11 22:50:00,62.648,N
KRN004,2026-02-11 23:00:00,62.669,N
KRN004,2026-02-11 23:10:00,62.698,N
KRN004,2026-02-11 23:20:00,62.713,N
KRN004,2026-02-11 23:30:00,62.743,N
KRN004,2026-02-11 23:40:00,62.769,N
KRN004,2026-02-11 23:50:00,62.792,N
KRN004,2026-02-12 00:00:00,62.816,N
KRN004,2026-02-12 00:10:00,62.826,N
KRN004,2026-02-12 00:20:00,62.852,N
KRN004,2026-02-12 00:30:00,62.865,N
KRN004,2026-02-12 00:40:00,62.889,N
KRN004,2026-02-12 00:50:00,62.911,N
KRN004,2026-02-12 01:00:00,62.926,N
KRN004,2026-02-12 01:10:00,62.94,N
KRN004,2026-02-12 01:20:00,62.96,N
KRN004,2026-02-12 01:30:00,62.976,N
KRN004,2026-02-12 01:40:00,62.988,N
KRN004,2026-02-12 01:50:00,63.009,N
KRN004,2026-02-12 02:00:00,63.017,N
KRN004,2026-02-12 02:10:00,63.034,N
KRN004,2026-02-12 02:20:00,63.047,N
KRN004,2026-02-12 02:30:00,63.06,N
KRN004,2026-02-12 02:40:00,63.081,N
KRN004,2026-02-12 02:50:00,63.081,N
KRN004,2026-02-12 03:00:00,63.096,N
KRN004,2026-02-12 03:10:00,63.115,N
KRN004,2026-02-12 03:20:00,63.125,N
KRN004,2026-02-12 03:30:00,63.141,N
KRN004,2026-02-12 03:40:00,63.151,N
KRN004,2026-02-12 03:50:00,63.155,N
KRN004,2026-02-12 04:00:00,63.169,N
KRN004,2026-02-12 04:10:00,63.183,N
KRN004,2026-02-12 04:20:00,63.184,N
KRN004,2026-02-12 04:30:00,63.198,N
KRN004,2026-02-12 04:40:00,63.204,N
KRN004,2026-02-12 04:50:00,63.215,N
KRN004,2026-02-12 05:00:00,63.219,N
KRN004,2026-02-12 05:10:00,63.228,N
KRN004,2026-02-12 05:20:00,63.239,N
KRN004,2026-02-12 05:30:00,63.244,N
KRN004,2026-02-12 05:40:00,63.254,N
KRN004,2026-02-12 05:50:00,63.26,N
KRN004,2026-02-12 06:00:00,63.265,N
KRN004,2026-02-12 06:10:00,63.267,N
KRN004,2026-02-12 06:20:00,63.276,N
KRN004,2026-02-12 06:30:00,63.283,N
KRN004,2026-02-12 06:40:00,63.299,N
KRN004,2026-02-12 06:50:00,63.296,N
KRN004,2026-02-12 07:00:00,63.308,N
KRN004,2026-02-12 07:10:00,63.315,N
KRN004,2026-02-12 07:20:00,63.317,N
KRN004,2026-02-12 07:30:00,63.314,N
KRN004,2026-02-12 07:40:00,63.319,N
KRN004,2026-02-12 07:50:00,63.326,N
KRN004,2026-02-12 08:00:00,63.332,N
KRN004,2026-02-12 08:10:00,63.339,N
KRN004,2026-02-12 08:20:00,63.34,N
KRN004,2026-02-12 08:30:00,63.335,N
KRN004,2026-02-12 08:40:00,63.346,N
KRN004,2026-02-12 08:50:00,63.349,N
KRN004,2026-02-12 09:00:00,63.341,N
KRN004,2026-02-12 09:10:00,63.343,N
KRN004,2026-02-12 09:20:00,63.341,N
KRN004,2026-02-12 09:30:00,63.34,N
KRN004,2026-02-12 09:40:00,63.346,N
KRN004,2026-02-12 09:50:00,63.354,N
KRN004,2026-02-12 10:00:00,63.35,N
KRN004,2026-02-12 10:10:00,63.347,N
KRN004,2026-02-12 10:20:00,63.347,N
KRN004,2026-02-12 10:30:00,63.351,N
KRN004,2026-02-12 10:40:00,63.344,N
KRN004,2026-02-12 10:50:00,63.35,N
KRN004,2026-02-12 11:00:00,63.348,N
KRN004,2026-02-12 11:10:00,63.351,N
KRN004,2026-02-12 11:20:00,63.348,N
KRN004,2026-02-12 11:30:00,63.347,N
KRN004,2026-02-12 11:40:00,63.346,N
KRN004,2026-02-12 11:50:00,63.346,N
KRN004,2026-02-12 12:00:00,63.332,N
KRN004,2026-02-12 12:10:00,63.33,N
KRN004,2026-02-12 12:20:00,63.326,N
KRN004,2026-02-12 12:30:00,63.324,N
KRN004,2026-02-12 12:40:00,63.309,N
KRN004,2026-02-12 12:50:00,63.312,N
KRN004,2026-02-12 13:00:00,63.298,N
KRN004,2026-02-12 13:10:00,63.288,N
KRN004,2026-02-12 13:20:00,63.28,N
KRN004,2026-02-12 13:30:00,63.273,N
KRN004,2026-02-12 13:40:00,63.253,N
KRN004,2026-02-12 13:50:00,63.253,N
KRN004,2026-02-12 14:00:00,63.233,N
KRN004,2026-02-12 14:10:00,63.225,N
KRN004,2026-02-12 14:20:00,63.21,N
KRN004,2026-02-12 14:30:00,63.19,N
KRN004,2026-02-12 14:40:00,63.171,N
KRN004,2026-02-12 14:50:00,63.148,N
KRN004,2026-02-12 15:00:00,63.133,N
KRN004,2026-02-12 15:10:00,63.107,N
KRN004,2026-02-12 15:20:00,63.084,N
KRN004,2026-02-12 15:30:00,63.053,N
KRN004,2026-02-12 15:40:00,63.027,N
KRN004,2026-02-12 15:50:00,62.994,N
KRN004,2026-02-12 16:00:00,62.964,N
KRN004,2026-02-12 16:10:00,62.939,N
KRN004,2026-02-12 16:20:00,62.901,N
KRN004,2026-02-12 16:30:00,62.866,N
KRN004,2026-02-12 16:40:00,62.817,N
KRN004,2026-02-12 16:50:00,62.787,N
KRN004,2026-02-12 17:00:00,62.737,N
KRN004,2026-02-12 17:10:00,62.703,N
KRN004,2026-02-12 17:20:00,62.648,N
KRN004,2026-02-12 17:30:00,62.603,N
KRN004,2026-02-12 17:40:00,62.558,N
KRN004,2026-02-12 17:50:00,62.511,N
KRN004,2026-02-12 18:00:00,62.458,N
KRN004,2026-02-12 18:10:00,62.414,N
KRN004,2026-02-12 18:20:00,62.358,N
KRN004,2026-02-12 18:30:00,62.307,N
KRN004,2026-02-12 18:40:00,62.255,N
KRN004,2026-02-12 18:50:00,62.201,N
KRN004,2026-02-12 19:00:00,62.151,N
KRN004,2026-02-12 19:10:00,62.095,N
KRN004,2026-02-12 19:20:00,62.047,N
KRN004,2026-02-12 19:30:00,61.991,N
KRN004,2026-02-12 19:40:00,61.943,N
KRN004,2026-02-12 19:50:00,61.895,N
KRN004,2026-02-12 20:00:00,61.848,N
KRN004,2026-02-12 20:10:00,61.802,N
KRN004,2026-02-12 20:20:00,61.755,N
KRN004,2026-02-12 20:30:00,61.724,N
KRN004,2026-02-12 20:40:00,61.68,N
KRN004,2026-02-12 20:50:00,61.646,N
KRN004,2026-02-12 21:00:00,61.605,N
KRN004,2026-02-12 21:10:00,61.58,N
KRN004,2026-02-12 21:20:00,61.555,N
KRN004,2026-02-12 21:30:00,61.536,N
KRN004,2026-02-12 21:40:00,61.515,N
KRN004,2026-02-12 21:50:00,61.505,N
KRN004,2026-02-12 22:00:00,61.492,N
KRN004,2026-02-12 22:10:00,61.487,N
KRN004,2026-02-12 22:20:00,61.489,N
KRN004,2026-02-12 22:30:00,61.493,N
KRN004,2026-02-12 22:40:00,61.495,N
KRN004,2026-02-12 22:50:00,61.517,N
KRN004,2026-02-12 23:00:00,61.528,N
KRN004,2026-02-12 23:10:00,61.551,N
KRN004,2026-02-12 23:20:00,61.573,N
KRN004,2026-02-12 23:30:00,61.602,N
KRN004,2026-02-12 23:40:00,61.628,N
KRN004,2026-02-12 23:50:00,61.66,N
KRN004,2026-02-13 00:00:00,61.696,N
KRN004,2026-02-13 00:10:00,61.727,N
KRN004,2026-02-13 00:20:00,61.771,N
KRN004,2026-02-13 00:30:00,61.805,N
KRN004,2026-02-13 00:40:00,61.843,N
KRN004,2026-02-13 00:50:00,61.881,N
KRN004,2026-02-13 01:00:00,61.919,N
KRN004,2026-02-13 01:10:00,61.969,N
KRN004,2026-02-13 01:20:00,61.994,N
KRN004,2026-02-13 01:30:00,62.039,N
KRN004,2026-02-13 01:40:00,62.083,N
KRN004,2026-02-13 01:50:00,62.124,N
KRN004,2026-02-13 02:00:00,62.165,N
KRN004,2026-02-13 02:10:00,62.202,N
KRN004,2026-02-13 02:20:00,62.235,N
KRN004,2026-02-13 02:30:00,62.277,N
KRN004,2026-02-13 02:40:00,62.313,N
KRN004,2026-02-13 02:50:00,62.348,N
KRN004,2026-02-13 03:00:00,62.387,N
KRN004,2026-02-13 03:10:00,62.41,N
KRN004,2026-02-13 03:20:00,62.45,N
KRN004,2026-02-13 03:30:00,62.483,N
KRN004,2026-02-13 03:40:00,62.515,N
KRN004,2026-02-13 03:50:00,62.551,N
KRN004,2026-02-13 04:00:00,62.572,N
KRN004,2026-02-13 04:10:00,62.603,N
KRN004,2026-02-13 04:20:00,62.63,N
KRN004,2026-02-13 04:30:00,62.661,N
KRN004,2026-02-13 04:40:00,62.687,N
KRN004,2026-02-13 04:50:00,62.713,N
KRN004,2026-02-13 05:00:00,62.73,N
KRN004,2026-02-13 05:10:00,62.76,N
KRN004,2026-02-13 05:20:00,62.781,N
KRN004,2026-02-13 05:30:00,62.804,N
KRN004,2026-02-13 05:40:00,62.821,N
KRN004,2026-02-13 05:50:00,62.844,N
KRN004,2026-02-13 06:00:00,62.867,N
KRN004,2026-02-13 06:10:00,62.878,N
KRN004,2026-02-13 06:20:00,62.899,N
KRN004,2026-02-13 06:30:00,62.921,N
KRN004,2026-02-13 06:40:00,62.939,N
KRN004,2026-02-13 06:50:00,62.947,N
KRN004,2026-02-13 07:00:00,62.96,N
KRN004,2026-02-13 07:10:00,62.964,N
KRN004,2026-02-13 07:20:00,62.972,N
KRN004,2026-02-13 07:30:00,62.992,N
KRN004,2026-02-13 07:40:00,62.989,N
KRN004,2026-02-13 07:50:00,62.988,N
KRN004,2026-02-13 08:00:00,62.994,N
KRN004,2026-02-13 08:10:00,62.991,N
KRN004,2026-02-13 08:20:00,62.983,N
KRN004,2026-02-13 08:30:00,62.978,N
KRN004,2026-02-13 08:40:00,62.964,N
KRN004,2026-02-13 08:50:00,62.954,N
KRN004,2026-02-13 09:00:00,62.955,N
KRN004,2026-02-13 09:10:00,62.932,N
KRN004,2026-02-13 09:20:00,62.921,N
KRN004,2026-02-13 09:30:00,62.906,N
KRN004,2026-02-13 09:40:00,62.891,N
KRN004,2026-02-13 09:50:00,62.873,N
KRN004,2026-02-13 10:00:00,62.859,N
KRN004,2026-02-13 10:10:00,62.835,N
KRN004,2026-02-13 10:20:00,62.829,N
KRN004,2026-02-13 10:30:00,62.819,N
KRN004,2026-02-13 10:40:00,62.798,N
KRN004,2026-02-13 10:50:00,62.789,N
KRN004,2026-02-13 11:00:00,62.77,N
KRN004,2026-02-13 11:10:00,62.767,N
KRN004,2026-02-13 11:20:00,62.755,N
KRN004,2026-02-13 11:30:00,62.75,N
KRN004,2026-02-13 11:40:00,62.737,N
KRN004,2026-02-13 11:50:00,62.73,N
KRN004,2026-02-13 12:00:00,62.723,N
KRN004,2026-02-13 12:10:00,62.721,N
KRN004,2026-02-13 12:20:00,62.713,N
KRN004,2026-02-13 12:30:00,62.712,N
KRN004,2026-02-13 12:40:00,62.701,N
KRN004,2026-02-13 12:50:00,62.702,N
KRN004,2026-02-13 13:00:00,62.701,N
KRN004,2026-02-13 13:10:00,62.699,N
KRN004,2026-02-13 13:20:00,62.695,N
KRN004,2026-02-13 13:30:00,62.696,N
KRN004,2026-02-13 13:40:00,62.689,N
KRN004,2026-02-13 13:50:00,62.681,N
KRN004,2026-02-13 14:00:00,62.69,N
KRN004,2026-02-13 14:10:00,62.679,N
KRN004,2026-02-13 14:20:00,62.679,N
KRN004,2026-02-13 14:30:00,62.669,N
KRN004,2026-02-13 14:40:00,62.653,N
KRN004,2026-02-13 14:50:00,62.645,N
KRN004,2026-02-13 15:00:00,62.642,N
KRN004,2026-02-13 15:10:00,62.625,N
KRN004,2026-02-13 15:20:00,62.612,N
KRN004,2026-02-13 15:30:00,62.593,N
KRN004,2026-02-13 15:40:00,62.583,N
KRN004,2026-02-13 15:50:00,62.563,N
KRN004,2026-02-13 16:00:00,62.54,N
KRN004,2026-02-13 16:10:00,62.515,N
KRN004,2026-02-13 16:20:00,62.491,N
KRN004,2026-02-13 16:30:00,62.47,N
KRN004,2026-02-13 16:40:00,62.44,N
KRN004,2026-02-13 16:50:00,62.417,N
KRN004,2026-02-13 17:00:00,62.394,N
KRN004,2026-02-13 17:10:00,62.372,N
KRN004,2026-02-13 17:20:00,62.333,N
KRN004,2026-02-13 17:30:00,62.311,N
KRN004,2026-02-13 17:40:00,62.277,N
KRN004,2026-02-13 17:50:00,62.249,N
KRN004,2026-02-13 18:00:00,62.216,N
KRN004,2026-02-13 18:10:00,62.19,N
KRN004,2026-02-13 18:20:00,62.157,N
KRN004,2026-02-13 18:30:00,62.134,N
KRN004,2026-02-13 18:40:00,62.105,N
KRN004,2026-02-13 18:50:00,62.075,N
KRN004,2026-02-13 19:00:00,62.054,N
KRN004,2026-02-13 19:10:00,62.026,N
KRN004,2026-02-13 19:20:00,62.006,N
KRN004,2026-02-13 19:30:00,61.977,N
KRN004,2026-02-13 19:40:00,61.965,N
KRN004,2026-02-13 19:50:00,61.945,N
KRN004,2026-02-13 20:00:00,61.935,N
KRN004,2026-02-13 20:10:00,61.922,N
KRN004,2026-02-13 20:20:00,61.911,N
KRN004,2026-02-13 20:30:00,61.909,N
KRN004,2026-02-13 20:40:00,61.892,N
KRN004,2026-02-13 20:50:00,61.894,N
KRN004,2026-02-13 21:00:00,61.891,N
KRN004,2026-02-13 21:10:00,61.89,N
KRN004,2026-02-13 21:20:00,61.891,N
KRN004,2026-02-13 21:30:00,61.89,N
KRN004,2026-02-13 21:40:00,61.902,N
KRN004,2026-02-13 21:50:00,61.911,N
KRN004,2026-02-13 22:00:00,61.918,N
KRN004,2026-02-13 22:10:00,61.931,N
KRN004,2026-02-13 22:20:00,61.943,N
KRN004,2026-02-13 22:30:00,61.963,N
KRN004,2026-02-13 22:40:00,61.971,N
KRN004,2026-02-13 22:50:00,61.984,N
KRN004,2026-02-13 23:00:00,62.014,N
KRN004,2026-02-13 23:10:00,62.031,N
KRN004,2026-02-13 23:20:00,62.054,N
KRN004,2026-02-13 23:30:00,62.081,N
KRN004,2026-02-13 23:40:00,62.093,N
KRN004,2026-02-13 23:50:00,62.123,N
KRN004,2026-02-14 00:00:00,62.146,N
KRN004,2026-02-14 00:10:00,62.178,N
KRN004,2026-02-14 00:20:00,62.205,N
KRN004,2026-02-14 00:30:00,62.225,N
KRN004,2026-02-14 00:40:00,62.256,N
KRN004,2026-02-14 00:50:00,62.277,N
KRN004,2026-02-14 01:00:00,62.304,N
KRN004,2026-02-14 01:10:00,62.338,N
KRN004,2026-02-14 01:20:00,62.362,N
KRN004,2026-02-14 01:30:00,62.389,N
KRN004,2026-02-14 01:40:00,62.42,N
KRN004,2026-02-14 01:50:00,62.442,N
KRN004,2026-02-14 02:00:00,62.465,N
KRN004,2026-02-14 02:10:00,62.491,N
KRN004,2026-02-14 02:20:00,62.521,N
KRN004,2026-02-14 02:30:00,62.54,N
KRN004,2026-02-14 02:40:00,62.566,N
KRN004,2026-02-14 02:50:00,62.594,N
KRN004,2026-02-14 03:00:00,62.615,N
KRN004,2026-02-14 03:10:00,62.635,N
KRN004,2026-02-14 03:20:00,62.655,N
KRN004,2026-02-14 03:30:00,62.69,N
KRN004,2026-02-14 03:40:00,62.715,N
KRN004,2026-02-14 03:50:00,62.728,N
KRN004,2026-02-14 04:00:00,62.747,N
KRN004,2026-02-14 04:10:00,62.771,N
KRN004,2026-02-14 04:20:00,62.794,N
KRN004,2026-02-14 04:30:00,62.807,N
KRN004,2026-02-14 04:40:00,62.822,N
KRN004,2026-02-14 04:50:00,62.84,N
KRN004,2026-02-14 05:00:00,62.867,N
KRN004,2026-02-14 05:10:00,62.871,N
KRN004,2026-02-14 05:20:00,62.896,N
KRN004,2026-02-14 05:30:00,62.904,N
KRN004,2026-02-14 05:40:00,62.924,N
KRN004,2026-02-14 05:50:00,62.938,N
KRN004,2026-02-14 06:00:00,62.951,N
KRN004,2026-02-14 06:10:00,62.979,N
KRN004,2026-02-14 06:20:00,62.987,N
KRN004,2026-02-14 06:30:00,63.007,N
KRN004,2026-02-14 06:40:00,63.01,N
KRN004,2026-02-14 06:50:00,63.027,N
KRN004,2026-02-14 07:00:00,63.034,N
KRN004,2026-02-14 07:10:00,63.042,N
KRN004,2026-02-14 07:20:00,63.047,N
KRN004,2026-02-14 07:30:00,63.055,N
KRN004,2026-02-14 07:40:00,63.07,N
KRN004,2026-02-14 07:50:00,63.071,N
KRN004,2026-02-14 08:00:00,63.069,N
KRN004,2026-02-14 08:10:00,63.077,N
KRN004,2026-02-14 08:20:00,63.084,N
KRN004,2026-02-14 08:30:00,63.068,N
KRN004,2026-02-14 08:40:00,63.064,N
KRN004,2026-02-14 08:50:00,63.071,N
KRN004,2026-02-14 09:00:00,63.068,N
KRN004,2026-02-14 09:10:00,63.056,N
KRN004,2026-02-14 09:20:00,63.055,N
KRN004,2026-02-14 09:30:00,63.05,N
KRN004,2026-02-14 09:40:00,63.053,N
KRN004,2026-02-14 09:50:00,63.044,N
KRN004,2026-02-14 10:00:00,63.04,N
KRN004,2026-02-14 10:10:00,63.03,N
KRN004,2026-02-14 10:20:00,63.024,N
KRN004,2026-02-14 10:30:00,63.028,N
KRN004,2026-02-14 10:40:00,63.02,N
KRN004,2026-02-14 10:50:00,63.015,N
KRN004,2026-02-14 11:00:00,63.012,N
KRN004,2026-02-14 11:10:00,63.005,N
KRN004,2026-02-14 11:20:00,63.012,N
KRN004,2026-02-14 11:30:00,63.008,N
KRN004,2026-02-14 11:40:00,63.01,N
KRN004,2026-02-14 11:50:00,63.002,N
KRN004,2026-02-14 12:00:00,62.995,N
KRN004,2026-02-14 12:10:00,62.995,N
KRN004,2026-02-14 12:20:00,62.988,N
KRN004,2026-02-14 12:30:00,62.995,N
KRN004,2026-02-14 12:40:00,62.986,N
KRN004,2026-02-14 12:50:00,62.975,N
KRN004,2026-02-14 13:00:00,62.982,N
KRN004,2026-02-14 13:10:00,62.971,N
KRN004,2026-02-14 13:20:00,62.959,N
KRN004,2026-02-14 13:30:00,62.957,N
KRN004,2026-02-14 13:40:00,62.939,N
KRN004,2026-02-14 13:50:00,62.944,N
KRN004,2026-02-14 14:00:00,62.912,N
KRN004,2026-02-14 14:10:00,62.908,N
KRN004,2026-02-14 14:20:00,62.883,N
KRN004,2026-02-14 14:30:00,62.873,N
KRN004,2026-02-14 14:40:00,62.857,N
KRN004,2026-02-14 14:50:00,62.832,N
KRN004,2026-02-14 15:00:00,62.81,N
KRN004,2026-02-14 15:10:00,62.781,N
KRN004,2026-02-14 15:20:00,62.767,N
KRN004,2026-02-14 15:30:00,62.735,N
KRN004,2026-02-14 15:40:00,62.7,N
KRN004,2026-02-14 15:50:00,62.674,N
KRN004,2026-02-14 16:00:00,62.638,N
KRN004,2026-02-14 16:10:00,62.613,N
KRN004,2026-02-14 16:20:00,62.579,N
KRN004,2026-02-14 16:30:00,62.556,N
KRN004,2026-02-14 16:40:00,62.514,N
KRN004,2026-02-14 16:50:00,62.482,N
KRN004,2026-02-14 17:00:00,62.449,N
KRN004,2026-02-14 17:10:00,62.413,N
KRN004,2026-02-14 17:20:00,62.378,N
KRN004,2026-02-14 17:30:00,62.346,N
KRN004,2026-02-14 17:40:00,62.313,N
KRN004,2026-02-14 17:50:00,62.27,N
KRN004,2026-02-14 18:00:00,62.244,N
KRN004,2026-02-14 18:10:00,62.218,N
KRN004,2026-02-14 18:20:00,62.182,N
KRN004,2026-02-14 18:30:00,62.157,N
KRN004,2026-02-14 18:40:00,62.128,N
KRN004,2026-02-14 18:50:00,62.105,N
KRN004,2026-02-14 19:00:00,62.08,N
KRN004,2026-02-14 19:10:00,62.054,N
KRN004,2026-02-14 19:20:00,62.034,N
KRN004,2026-02-14 19:30:00,62.014,N
KRN004,2026-02-14 19:40:00,61.996,N
KRN004,2026-02-14 19:50:00,61.989,N
KRN004,2026-02-14 20:00:00,61.967,N
KRN004,2026-02-14 20:10:00,61.953,N
KRN004,2026-02-14 20:20:00,61.942,N
KRN004,2026-02-14 20:30:00,61.939,N
KRN004,2026-02-14 20:40:00,61.936,N
KRN004,2026-02-14 20:50:00,61.923,N
KRN004,2026-02-14 21:00:00,61.921,N
KRN004,2026-02-14 21:10:00,61.915,N
KRN004,2026-02-14 21:20:00,61.912,N
KRN004,2026-02-14 21:30:00,61.911,N
KRN004,2026-02-14 21:40:00,61.91,N
KRN004,2026-02-14 21:50:00,61.914,N
KRN004,2026-02-14 22:00:00,61.904,N
KRN004,2026-02-14 22:10:00,61.914,N
KRN004,2026-02-14 22:20:00,61.919,N
KRN004,2026-02-14 22:30:00,61.918,N
KRN004,2026-02-14 22:40:00,61.924,N
KRN004,2026-02-14 22:50:00,61.933,N
KRN004,2026-02-14 23:00:00,61.94,N
KRN004,2026-02-14 23:10:00,61.953,N
KRN004,2026-02-14 23:20:00,61.969,N
KRN004,2026-02-14 23:30:00,61.983,N
KRN004,2026-02-14 23:40:00,61.997,N
KRN004,2026-02-14 23:50:00,62.014,N
KRN004,2026-02-15 00:00:00,62.033,N
KRN004,2026-02-15 00:10:00,62.053,N
KRN004,2026-02-15 00:20:00,62.071,N
KRN004,2026-02-15 00:30:00,62.093,N
KRN004,2026-02-15 00:40:00,62.115,N
KRN004,2026-02-15 00:50:00,62.14,N
KRN004,2026-02-15 01:00:00,62.161,N
KRN004,2026-02-15 01:10:00,62.188,N
KRN004,2026-02-15 01:20:00,62.209,N
KRN004,2026-02-15 01:30:00,62.24,N
KRN004,2026-02-15 01:40:00,62.269,N
KRN004,2026-02-15 01:50:00,62.29,N
KRN004,2026-02-15 02:00:00,62.317,N
KRN004,2026-02-15 02:10:00,62.344,N
KRN004,2026-02-15 02:20:00,62.372,N
KRN004,2026-02-15 02:30:00,62.405,N
KRN004,2026-02-15 02:40:00,62.424,N
KRN004,2026-02-15 02:50:00,62.443,N
KRN004,2026-02-15 03:00:00,62.471,N
KRN004,2026-02-15 03:10:00,62.496,N
KRN004,2026-02-15 03:20:00,62.519,N
KRN004,2026-02-15 03:30:00,62.548,N
KRN004,2026-02-15 03:40:00,62.564,N
KRN004,2026-02-15 03:50:00,62.59,N
KRN004,2026-02-15 04:00:00,62.614,N
KRN004,2026-02-15 04:10:00,62.632,N
KRN004,2026-02-15 04:20:00,62.665,N
KRN004,2026-02-15 04:30:00,62.681,N
KRN004,2026-02-15 04:40:00,62.701,N
KRN004,2026-02-15 04:50:00,62.72,N
KRN004,2026-02-15 05:00:00,62.735,N
KRN004,2026-02-15 05:10:00,62.768,N
KRN004,2026-02-15 05:20:00,62.789,N
KRN004,2026-02-15 05:30:00,62.803,N
KRN004,2026-02-15 05:40:00,62.819,N
KRN004,2026-02-15 05:50:00,62.84,N
KRN004,2026-02-15 06:00:00,62.849,N
KRN004,2026-02-15 06:10:00,62.88,N
KRN004,2026-02-15 06:20:00,62.892,N
KRN004,2026-02-15 06:30:00,62.906,N
KRN004,2026-02-15 06:40:00,62.931,N
KRN004,2026-02-15 06:50:00,62.935,N
KRN004,2026-02-15 07:00:00,62.958,N
KRN004,2026-02-15 07:10:00,62.965,N
KRN004,2026-02-15 07:20:00,62.982,N
KRN004,2026-02-15 07:30:00,63.001,N
KRN004,2026-02-15 07:40:00,63.01,N
KRN004,2026-02-15 07:50:00,63.023,N
KRN004,2026-02-15 08:00:00,63.039,N
KRN004,2026-02-15 08:10:00,63.047,N
KRN004,2026-02-15 08:20:00,63.056,N
KRN004,2026-02-15 08:30:00,63.069,N
KRN004,2026-02-15 08:40:00,63.073,N
KRN004,2026-02-15 08:50:00,63.084,N
KRN004,2026-02-15 09:00:00,63.096,N
KRN004,2026-02-15 09:10:00,63.104,N
KRN004,2026-02-15 09:20:00,63.121,N
KRN004,2026-02-15 09:30:00,63.13,N
KRN004,2026-02-15 09:40:00,63.135,N
KRN004,2026-02-15 09:50:00,63.145,N
KRN004,2026-02-15 10:00:00,63.146,N
KRN004,2026-02-15 10:10:00,63.159,N
KRN004,2026-02-15 10:20:00,63.162,N
KRN004,2026-02-15 10:30:00,63.166,N
KRN004,2026-02-15 10:40:00,63.169,N
KRN004,2026-02-15 10:50:00,63.176,N
KRN004,2026-02-15 11:00:00,63.171,N
KRN004,2026-02-15 11:10:00,63.17,N
KRN004,2026-02-15 11:20:00,63.159,N
KRN004,2026-02-15 11:30:00,63.158,N
KRN004,2026-02-15 11:40:00,63.146,N
KRN004,2026-02-15 11:50:00,63.132,N
KRN004,2026-02-15 12:00:00,63.119,N
KRN004,2026-02-15 12:10:00,63.104,N
KRN004,2026-02-15 12:20:00,63.082,N
KRN004,2026-02-15 12:30:00,63.054,N
KRN004,2026-02-15 12:40:00,63.03,N
KRN004,2026-02-15 12:50:00,63.003,N
KRN004,2026-02-15 13:00:00,62.972,N
KRN004,2026-02-15 13:10:00,62.947,N
KRN004,2026-02-15 13:20:00,62.918,N
KRN004,2026-02-15 13:30:00,62.877,N
KRN004,2026-02-15 13:40:00,62.844,N
KRN004,2026-02-15 13:50:00,62.795,N
KRN004,2026-02-15 14:00:00,62.76,N
KRN004,2026-02-15 14:10:00,62.719,N
KRN004,2026-02-15 14:20:00,62.676,N
KRN004,2026-02-15 14:30:00,62.632,N
KRN004,2026-02-15 14:40:00,62.585,N
KRN004,2026-02-15 14:50:00,62.533,N
KRN004,2026-02-15 15:00:00,62.491,N
KRN004,2026-02-15 15:10:00,62.448,N
KRN004,2026-02-15 15:20:00,62.39,N
KRN004,2026-02-15 15:30:00,62.335,N
KRN004,2026-02-15 15:40:00,62.297,N
KRN004,2026-02-15 15:50:00,62.253,N
KRN004,2026-02-15 16:00:00,62.198,N
KRN004,2026-02-15 16:10:00,62.154,N
KRN004,2026-02-15 16:20:00,62.105,N
KRN004,2026-02-15 16:30:00,62.062,N
KRN004,2026-02-15 16:40:00,62.015,N
KRN004,2026-02-15 16:50:00,61.969,N
KRN004,2026-02-15 17:00:00,61.929,N
KRN004,2026-02-15 17:10:00,61.887,N
KRN004,2026-02-15 17:20:00,61.849,N
KRN004,2026-02-15 17:30:00,61.814,N
KRN004,2026-02-15 17:40:00,61.78,N
KRN004,2026-02-15 17:50:00,61.749,N
KRN004,2026-02-15 18:00:00,61.725,N
KRN004,2026-02-15 18:10:00,61.697,N
KRN004,2026-02-15 18:20:00,61.683,N
KRN004,2026-02-15 18:30:00,61.667,N
KRN004,2026-02-15 18:40:00,61.657,N
KRN004,2026-02-15 18:50:00,61.65,N
KRN004,2026-02-15 19:00:00,61.651,N
KRN004,2026-02-15 19:10:00,61.658,N
KRN004,2026-02-15 19:20:00,61.666,N
KRN004,2026-02-15 19:30:00,61.673,N
KRN004,2026-02-15 19:40:00,61.691,N
KRN004,2026-02-15 19:50:00,61.713,N
KRN004,2026-02-15 20:00:00,61.732,N
KRN004,2026-02-15 20:10:00,61.751,N
KRN004,2026-02-15 20:20:00,61.776,N
KRN004,2026-02-15 20:30:00,61.81,N
KRN004,2026-02-15 20:40:00,61.828,N
KRN004,2026-02-15 20:50:00,61.864,N
KRN004,2026-02-15 21:00:00,61.901,N
KRN004,2026-02-15 21:10:00,61.923,N
KRN004,2026-02-15 21:20:00,61.952,N
KRN004,2026-02-15 21:30:00,61.991,N
KRN004,2026-02-15 21:40:00,62.013,N
KRN004,2026-02-15 21:50:00,62.049,N
KRN004,2026-02-15 22:00:00,62.082,N
KRN004,2026-02-15 22:10:00,62.112,N
KRN004,2026-02-15 22:20:00,62.149,N
KRN004,2026-02-15 22:30:00,62.169,N
KRN004,2026-02-15 22:40:00,62.197,N
KRN004,2026-02-15 22:50:00,62.235,N
KRN004,2026-02-15 23:00:00,62.252,N
KRN004,2026-02-15 23:10:00,62.285,N
KRN004,2026-02-15 23:20:00,62.311,N
KRN004,2026-02-15 23:30:00,62.337,N
KRN004,2026-02-15 23:40:00,62.364,N
KRN004,2026-02-15 23:50:00,62.385,N
KRN004,2026-02-16 00:00:00,62.412,N
KRN004,2026-02-16 00:10:00,62.435,N
KRN004,2026-02-16 00:20:00,62.454,N
KRN004,2026-02-16 00:30:00,62.481,N
KRN004,2026-02-16 00:40:00,62.503,N
KRN004,2026-02-16 00:50:00,62.521,N
KRN004,2026-02-16 01:00:00,62.53,N
KRN004,2026-02-16 01:10:00,62.562,N
KRN004,2026-02-16 01:20:00,62.577,N
KRN004,2026-02-16 01:30:00,62.591,N
KRN004,2026-02-16 01:40:00,62.607,N
KRN004,2026-02-16 01:50:00,62.618,N
KRN004,2026-02-16 02:00:00,62.638,N
KRN004,2026-02-16 02:10:00,62.642,N
KRN004,2026-02-16 02:20:00,62.665,N
KRN004,2026-02-16 02:30:00,62.681,N
KRN004,2026-02-16 02:40:00,62.678,N
KRN004,2026-02-16 02:50:00,62.695,N
KRN004,2026-02-16 03:00:00,62.712,N
KRN004,2026-02-16 03:10:00,62.716,N
KRN004,2026-02-16 03:20:00,62.723,N
KRN004,2026-02-16 03:30:00,62.734,N
KRN004,2026-02-16 03:40:00,62.734,N
KRN004,2026-02-16 03:50:00,62.74,N
KRN004,2026-02-16 04:00:00,62.751,N
KRN004,2026-02-16 04:10:00,62.751,N
KRN004,2026-02-16 04:20:00,62.76,N
KRN004,2026-02-16 04:30:00,62.763,N
KRN004,2026-02-16 04:40:00,62.77,N
KRN004,2026-02-16 04:50:00,62.773,N
KRN004,2026-02-16 05:00:00,62.769,N
KRN004,2026-02-16 05:10:00,62.775,N
KRN004,2026-02-16 05:20:00,62.771,N
KRN004,2026-02-16 05:30:00,62.775,N
KRN004,2026-02-16 05:40:00,62.763,N
KRN004,2026-02-16 05:50:00,62.764,N
KRN004,2026-02-16 06:00:00,62.755,N
KRN004,2026-02-16 06:10:00,62.751,N
KRN004,2026-02-16 06:20:00,62.746,N
KRN004,2026-02-16 06:30:00,62.728,N
KRN004,2026-02-16 06:40:00,62.719,N
KRN004,2026-02-16 06:50:00,62.699,N
KRN004,2026-02-16 07:00:00,62.676,N
KRN004,2026-02-16 07:10:00,62.654,N
KRN004,2026-02-16 07:20:00,62.632,N
KRN004,2026-02-16 07:30:00,62.612,N
KRN004,2026-02-16 07:40:00,62.579,N
KRN004,2026-02-16 07:50:00,62.551,N
KRN004,2026-02-16 08:00:00,62.524,N
KRN004,2026-02-16 08:10:00,62.485,N
KRN004,2026-02-16 08:20:00,62.458,N
KRN004,2026-02-16 08:30:00,62.419,N
KRN004,2026-02-16 08:40:00,62.381,N
KRN004,2026-02-16 08:50:00,62.34,N
KRN004,2026-02-16 09:00:00,62.304,N
KRN004,2026-02-16 09:10:00,62.255,N
KRN004,2026-02-16 09:20:00,62.211,N
KRN004,2026-02-16 09:30:00,62.165,N
KRN004,2026-02-16 09:40:00,62.109,N
KRN004,2026-02-16 09:50:00,62.071,N
KRN004,2026-02-16 10:00:00,62.027,N
KRN004,2026-02-16 10:10:00,61.98,N
KRN004,2026-02-16 10:20:00,61.932,N
KRN004,2026-02-16 10:30:00,61.882,N
KRN004,2026-02-16 10:40:00,61.834,N
KRN004,2026-02-16 10:50:00,61.792,N
KRN004,2026-02-16 11:00:00,61.748,N
KRN004,2026-02-16 11:10:00,61.707,N
KRN004,2026-02-16 11:20:00,61.671,N
KRN004,2026-02-16 11:30:00,61.628,N
KRN004,2026-02-16 11:40:00,61.596,N
KRN004,2026-02-16 11:50:00,61.567,N
KRN004,2026-02-16 12:00:00,61.534,N
KRN004,2026-02-16 12:10:00,61.507,N
KRN004,2026-02-16 12:20:00,61.492,N
KRN004,2026-02-16 12:30:00,61.473,N
KRN004,2026-02-16 12:40:00,61.461,N
KRN004,2026-02-16 12:50:00,61.453,N
KRN004,2026-02-16 13:00:00,61.445,N
KRN004,2026-02-16 13:10:00,61.455,N
KRN004,2026-02-16 13:20:00,61.46,N
KRN004,2026-02-16 13:30:00,61.467,N
KRN004,2026-02-16 13:40:00,61.487,N
KRN004,2026-02-16 13:50:00,61.514,N
KRN004,2026-02-16 14:00:00,61.531,N
KRN004,2026-02-16 14:10:00,61.556,N
KRN004,2026-02-16 14:20:00,61.584,N
KRN004,2026-02-16 14:30:00,61.622,N
KRN004,2026-02-16 14:40:00,61.658,N
KRN004,2026-02-16 14:50:00,61.693,N
KRN004,2026-02-16 15:00:00,61.727,N
KRN004,2026-02-16 15:10:00,61.773,N
KRN004,2026-02-16 15:20:00,61.809,N
KRN004,2026-02-16 15:30:00,61.855,N
KRN004,2026-02-16 15:40:00,61.889,N
KRN004,2026-02-16 15:50:00,61.931,N
KRN004,2026-02-16 16:00:00,61.971,N
KRN004,2026-02-16 16:10:00,62.012,N
KRN004,2026-02-16 16:20:00,62.046,N
KRN004,2026-02-16 16:30:00,62.086,N
KRN004,2026-02-16 16:40:00,62.134,N
KRN004,2026-02-16 16:50:00,62.161,N
KRN004,2026-02-16 17:00:00,62.205,N
KRN004,2026-02-16 17:10:00,62.239,N
KRN004,2026-02-16 17:20:00,62.273,N
KRN004,2026-02-16 17:30:00,62.305,N
KRN004,2026-02-16 17:40:00,62.339,N
KRN004,2026-02-16 17:50:00,62.369,N
KRN004,2026-02-16 18:00:00,62.403,N
KRN004,2026-02-16 18:10:00,62.435,N
KRN004,2026-02-16 18:20:00,62.46,N
KRN004,2026-02-16 18:30:00,62.503,N
KRN004,2026-02-16 18:40:00,62.521,N
KRN004,2026-02-16 18:50:00,62.55,N
KRN004,2026-02-16 19:00:00,62.574,N
KRN004,2026-02-16 19:10:00,62.607,N
KRN004,2026-02-16 19:20:00,62.628,N
KRN004,2026-02-16 19:30:00,62.655,N
KRN004,2026-02-16 19:40:00,62.69,N
KRN004,2026-02-16 19:50:00,62.705,N
KRN004,2026-02-16 20:00:00,62.722,N
KRN004,2026-02-16 20:10:00,62.744,N
KRN004,2026-02-16 20:20:00,62.764,N
KRN004,2026-02-16 20:30:00,62.785,N
KRN004,2026-02-16 20:40:00,62.803,N
KRN004,2026-02-16 20:50:00,62.829,N
KRN004,2026-02-16 21:00:00,62.837,N
KRN004,2026-02-16 21:10:00,62.855,N
KRN004,2026-02-16 21:20:00,62.871,N
KRN004,2026-02-16 21:30:00,62.886,N
KRN004,2026-02-16 21:40:00,62.896,N
KRN004,2026-02-16 21:50:00,62.914,N
KRN004,2026-02-16 22:00:00,62.94,N
KRN004,2026-02-16 22:10:00,62.934,N
KRN004,2026-02-16 22:20:00,62.942,N
KRN004,2026-02-16 22:30:00,62.953,N
KRN004,2026-02-16 22:40:00,62.961,N
KRN004,2026-02-16 22:50:00,62.974,N
KRN004,2026-02-16 23:00:00,62.982,N
KRN004,2026-02-16 23:10:00,62.988,N
KRN004,2026-02-16 23:20:00,63.001,N
KRN004,2026-02-16 23:30:00,63.009,N
KRN004,2026-02-16 23:40:00,63.014,N
KRN004,2026-02-16 23:50:00,63.016,N
KRN004,2026-02-17 00:00:00,63.024,N
KRN004,2026-02-17 00:10:00,63.033,N
KRN004,2026-02-17 00:20:00,63.039,N
KRN004,2026-02-17 00:30:00,63.047,N
KRN004,2026-02-17 00:40:00,63.056,N
KRN004,2026-02-17 00:50:00,63.058,N
KRN004,2026-02-17 01:00:00,63.068,N
KRN004,2026-02-17 01:10:00,63.071,N
KRN004,2026-02-17 01:20:00,63.082,N
KRN004,2026-02-17 01:30:00,63.089,N
KRN004,2026-02-17 01:40:00,63.091,N
KRN004,2026-02-17 01:50:00,63.095,N
KRN004,2026-02-17 02:00:00,63.107,N
KRN004,2026-02-17 02:10:00,63.115,N
KRN004,2026-02-17 02:20:00,63.11,N
KRN004,2026-02-17 02:30:00,63.121,N
KRN004,2026-02-17 02:40:00,63.13,N
KRN004,2026-02-17 02:50:00,63.141,N
KRN004,2026-02-17 03:00:00,63.137,N
KRN004,2026-02-17 03:10:00,63.135,N
KRN004,2026-02-17 03:20:00,63.137,N
KRN004,2026-02-17 03:30:00,63.132,N
KRN004,2026-02-17 03:40:00,63.135,N
KRN004,2026-02-17 03:50:00,63.126,N
KRN004,2026-02-17 04:00:00,63.126,N
KRN004,2026-02-17 04:10:00,63.125,N
KRN004,2026-02-17 04:20:00,63.123,N
KRN004,2026-02-17 04:30:00,63.115,N
KRN004,2026-02-17 04:40:00,63.107,N
KRN004,2026-02-17 04:50:00,63.091,N
KRN004,2026-02-17 05:00:00,63.087,N
KRN004,2026-02-17 05:10:00,63.074,N
KRN004,2026-02-17 05:20:00,63.068,N
KRN004,2026-02-17 05:30:00,63.047,N
KRN004,2026-02-17 05:40:00,63.039,N
KRN004,2026-02-17 05:50:00,63.02,N
KRN004,2026-02-17 06:00:00,63.007,N
KRN004,2026-02-17 06:10:00,62.986,N
KRN004,2026-02-17 06:20:00,62.972,N
KRN004,2026-02-17 06:30:00,62.954,N
KRN004,2026-02-17 06:40:00,62.935,N
KRN004,2026-02-17 06:50:00,62.915,N
KRN004,2026-02-17 07:00:00,62.889,N
KRN004,2026-02-17 07:10:00,62.867,N
KRN004,2026-02-17 07:20:00,62.85,N
KRN004,2026-02-17 07:30:00,62.828,N
KRN004,2026-02-17 07:40:00,62.797,N
KRN004,2026-02-17 07:50:00,62.762,N
KRN004,2026-02-17 08:00:00,62.741,N
KRN004,2026-02-17 08:10:00,62.708,N
KRN004,2026-02-17 08:20:00,62.678,N
KRN004,2026-02-17 08:30:00,62.642,N
KRN004,2026-02-17 08:40:00,62.615,N
KRN004,2026-02-17 08:50:00,62.577,N
KRN004,2026-02-17 09:00:00,62.549,N
KRN004,2026-02-17 09:10:00,62.511,N
KRN004,2026-02-17 09:20:00,62.475,N
KRN004,2026-02-17 09:30:00,62.439,N
KRN004,2026-02-17 09:40:00,62.401,N
KRN004,2026-02-17 09:50:00,62.36,N
KRN004,2026-02-17 10:00:00,62.331,N
KRN004,2026-02-17 10:10:00,62.287,N
KRN004,2026-02-17 10:20:00,62.255,N
KRN004,2026-02-17 10:30:00,62.204,N
KRN004,2026-02-17 10:40:00,62.177,N
KRN004,2026-02-17 10:50:00,62.139,N
KRN004,2026-02-17 11:00:00,62.105,N
KRN004,2026-02-17 11:10:00,62.056,N
KRN004,2026-02-17 11:20:00,62.023,N
KRN004,2026-02-17 11:30:00,61.983,N
KRN004,2026-02-17 11:40:00,61.95,N
KRN004,2026-02-17 11:50:00,61.914,N
KRN004,2026-02-17 12:00:00,61.883,N
KRN004,2026-02-17 12:10:00,61.847,N
KRN004,2026-02-17 12:20:00,61.816,N
KRN004,2026-02-17 12:30:00,61.783,N
KRN004,2026-02-17 12:40:00,61.761,N
KRN004,2026-02-17 12:50:00,61.737,N
KRN004,2026-02-17 13:00:00,61.72,N
KRN004,2026-02-17 13:10:00,61.703,N
KRN004,2026-02-17 13:20:00,61.686,N
KRN004,2026-02-17 13:30:00,61.676,N
KRN004,2026-02-17 13:40:00,61.674,N
KRN004,2026-02-17 13:50:00,61.671,N
KRN004,2026-02-17 14:00:00,61.674,N
KRN004,2026-02-17 14:10:00,61.686,N
KRN004,2026-02-17 14:20:00,61.7,N
KRN004,2026-02-17 14:30:00,61.715,N
KRN004,2026-02-17 14:40:00,61.728,N
KRN004,2026-02-17 14:50:00,61.753,N
KRN004,2026-02-17 15:00:00,61.773,N
KRN004,2026-02-17 15:10:00,61.803,N
KRN004,2026-02-17 15:20:00,61.831,N
KRN004,2026-02-17 15:30:00,61.861,N
KRN004,2026-02-17 15:40:00,61.885,N
KRN004,2026-02-17 15:50:00,61.923,N
KRN004,2026-02-17 16:00:00,61.951,N
KRN004,2026-02-17 16:10:00,61.984,N
KRN004,2026-02-17 16:20:00,62.017,N
KRN004,2026-02-17 16:30:00,62.046,N
KRN004,2026-02-17 16:40:00,62.078,N
KRN004,2026-02-17 16:50:00,62.103,N
KRN004,2026-02-17 17:00:00,62.134,N
KRN004,2026-02-17 17:10:00,62.167,N
KRN004,2026-02-17 17:20:00,62.18,N
KRN004,2026-02-17 17:30:00,62.203,N
KRN004,2026-02-17 17:40:00,62.238,N
KRN004,2026-02-17 17:50:00,62.259,N
KRN004,2026-02-17 18:00:00,62.292,N
KRN004,2026-02-17 18:10:00,62.306,N
KRN004,2026-02-17 18:20:00,62.331,N
KRN004,2026-02-17 18:30:00,62.354,N
KRN004,2026-02-17 18:40:00,62.378,N
KRN004,2026-02-17 18:50:00,62.406,N
KRN004,2026-02-17 19:00:00,62.423,N
KRN004,2026-02-17 19:10:00,62.444,N
KRN004,2026-02-17 19:20:00,62.463,N
KRN004,2026-02-17 19:30:00,62.489,N
KRN004,2026-02-17 19:40:00,62.515,N
KRN004,2026-02-17 19:50:00,62.529,N
KRN004,2026-02-17 20:00:00,62.557,N
KRN004,2026-02-17 20:10:00,62.569,N
KRN004,2026-02-17 20:20:00,62.586,N
KRN004,2026-02-17 20:30:00,62.603,N
KRN004,2026-02-17 20:40:00,62.626,N
KRN004,2026-02-17 20:50:00,62.649,N
KRN004,2026-02-17 21:00:00,62.667,N
KRN004,2026-02-17 21:10:00,62.687,N
KRN004,2026-02-17 21:20:00,62.71,N
KRN004,2026-02-17 21:30:00,62.729,N
KRN004,2026-02-17 21:40:00,62.743,N
KRN004,2026-02-17 21:50:00,62.765,N
KRN004,2026-02-17 22:00:00,62.78,N
KRN004,2026-02-17 22:10:00,62.791,N
KRN004,2026-02-17 22:20:00,62.816,N
KRN004,2026-02-17 22:30:00,62.822,N
KRN004,2026-02-17 22:40:00,62.839,N
KRN004,2026-02-17 22:50:00,62.855,N
KRN004,2026-02-17 23:00:00,62.87,N
KRN004,2026-02-17 23:10:00,62.89,N
KRN004,2026-02-17 23:20:00,62.907,N
KRN004,2026-02-17 23:30:00,62.914,N
KRN004,2026-02-17 23:40:00,62.924,N
KRN004,2026-02-17 23:50:00,62.945,N
KRN004,2026-02-18 00:00:00,62.955,N
KRN004,2026-02-18 00:10:00,62.967,N
KRN004,2026-02-18 00:20:00,62.988,N
KRN004,2026-02-18 00:30:00,62.992,N
KRN004,2026-02-18 00:40:00,63.012,N
KRN004,2026-02-18 00:50:00,63.016,N
KRN004,2026-02-18 01:00:00,63.024,N
KRN004,2026-02-18 01:10:00,63.034,N
KRN004,2026-02-18 01:20:00,63.047,N
KRN004,2026-02-18 01:30:00,63.064,N
KRN004,2026-02-18 01:40:00,63.069,N
KRN004,2026-02-18 01:50:00,63.076,N
KRN004,2026-02-18 02:00:00,63.08,N
KRN004,2026-02-18 02:10:00,63.097,N
KRN004,2026-02-18 02:20:00,63.109,N
KRN004,2026-02-18 02:30:00,63.107,N
KRN004,2026-02-18 02:40:00,63.123,N
KRN004,2026-02-18 02:50:00,63.126,N
KRN004,2026-02-18 03:00:00,63.132,N
KRN004,2026-02-18 03:10:00,63.139,N
KRN004,2026-02-18 03:20:00,63.141,N
KRN004,2026-02-18 03:30:00,63.145,N
KRN004,2026-02-18 03:40:00,63.139,N
KRN004,2026-02-18 03:50:00,63.149,N
KRN004,2026-02-18 04:00:00,63.133,N
KRN004,2026-02-18 04:10:00,63.135,N
KRN004,2026-02-18 04:20:00,63.131,N
KRN004,2026-02-18 04:30:00,63.123,N
KRN004,2026-02-18 04:40:00,63.116,N
KRN004,2026-02-18 04:50:00,63.104,N
KRN004,2026-02-18 05:00:00,63.098,N
KRN004,2026-02-18 05:10:00,63.089,N
KRN004,2026-02-18 05:20:00,63.071,N
KRN004,2026-02-18 05:30:00,63.073,N
KRN004,2026-02-18 05:40:00,63.063,N
KRN004,2026-02-18 05:50:00,63.048,N
KRN004,2026-02-18 06:00:00,63.037,N
KRN004,2026-02-18 06:10:00,63.022,N
KRN004,2026-02-18 06:20:00,63.023,N
KRN004,2026-02-18 06:30:00,63.001,N
KRN004,2026-02-18 06:40:00,62.993,N
KRN004,2026-02-18 06:50:00,62.982,N
KRN004,2026-02-18 07:00:00,62.966,N
KRN004,2026-02-18 07:10:00,62.952,N
KRN004,2026-02-18 07:20:00,62.937,N
KRN004,2026-02-18 07:30:00,62.918,N
KRN004,2026-02-18 07:40:00,62.893,N
KRN004,2026-02-18 07:50:00,62.878,N
KRN004,2026-02-18 08:00:00,62.852,N
KRN004,2026-02-18 08:10:00,62.825,N
KRN004,2026-02-18 08:20:00,62.796,N
KRN004,2026-02-18 08:30:00,62.765,N
KRN004,2026-02-18 08:40:00,62.737,N
KRN004,2026-02-18 08:50:00,62.71,N
KRN004,2026-02-18 09:00:00,62.675,N
KRN004,2026-02-18 09:10:00,62.641,N
KRN004,2026-02-18 09:20:00,62.603,N
KRN004,2026-02-18 09:30:00,62.57,N
KRN004,2026-02-18 09:40:00,62.53,N
KRN004,2026-02-18 09:50:00,62.496,N
KRN004,2026-02-18 10:00:00,62.456,N
KRN004,2026-02-18 10:10:00,62.423,N
KRN004,2026-02-18 10:20:00,62.392,N
KRN004,2026-02-18 10:30:00,62.364,N
KRN004,2026-02-18 10:40:00,62.338,N
KRN004,2026-02-18 10:50:00,62.305,N
KRN004,2026-02-18 11:00:00,62.274,N
KRN004,2026-02-18 11:10:00,62.25,N
KRN004,2026-02-18 11:20:00,62.236,N
KRN004,2026-02-18 11:30:00,62.211,N
KRN004,2026-02-18 11:40:00,62.194,N
KRN004,2026-02-18 11:50:00,62.178,N
KRN004,2026-02-18 12:00:00,62.171,N
KRN004,2026-02-18 12:10:00,62.154,N
KRN004,2026-02-18 12:20:00,62.146,N
KRN004,2026-02-18 12:30:00,62.142,N
KRN004,2026-02-18 12:40:00,62.134,N
KRN004,2026-02-18 12:50:00,62.143,N
KRN004,2026-02-18 13:00:00,62.141,N
KRN004,2026-02-18 13:10:00,62.147,N
KRN004,2026-02-18 13:20:00,62.158,N
KRN004,2026-02-18 13:30:00,62.165,N
KRN004,2026-02-18 13:40:00,62.178,N
KRN004,2026-02-18 13:50:00,62.181,N
KRN004,2026-02-18 14:00:00,62.201,N
KRN004,2026-02-18 14:10:00,62.215,N
KRN004,2026-02-18 14:20:00,62.235,N
KRN004,2026-02-18 14:30:00,62.256,N
KRN004,2026-02-18 14:40:00,62.27,N
KRN004,2026-02-18 14:50:00,62.292,N
KRN004,2026-02-18 15:00:00,62.317,N
KRN004,2026-02-18 15:10:00,62.328,N
KRN004,2026-02-18 15:20:00,62.348,N
KRN004,2026-02-18 15:30:00,62.368,N
KRN004,2026-02-18 15:40:00,62.385,N
KRN004,2026-02-18 15:50:00,62.407,N
KRN004,2026-02-18 16:00:00,62.422,N
KRN004,2026-02-18 16:10:00,62.434,N
KRN004,2026-02-18 16:20:00,62.45,N
KRN004,2026-02-18 16:30:00,62.463,N
KRN004,2026-02-18 16:40:00,62.469,N
KRN004,2026-02-18 16:50:00,62.482,N
KRN004,2026-02-18 17:00:00,62.495,N
KRN004,2026-02-18 17:10:00,62.496,N
KRN004,2026-02-18 17:20:00,62.497,N
KRN004,2026-02-18 17:30:00,62.503,N
KRN004,2026-02-18 17:40:00,62.497,N
KRN004,2026-02-18 17:50:00,62.501,N
KRN004,2026-02-18 18:00:00,62.512,N
KRN004,2026-02-18 18:10:00,62.503,N
KRN004,2026-02-18 18:20:00,62.501,N
KRN004,2026-02-18 18:30:00,62.503,N
KRN004,2026-02-18 18:40:00,62.495,N
KRN004,2026-02-18 18:50:00,62.496,N
KRN004,2026-02-18 19:00:00,62.489,N
KRN004,2026-02-18 19:10:00,62.492,N
KRN004,2026-02-18 19:20:00,62.489,N
KRN004,2026-02-18 19:30:00,62.495,N
KRN004,2026-02-18 19:40:00,62.499,N
KRN004,2026-02-18 19:50:00,62.495,N
KRN004,2026-02-18 20:00:00,62.502,N
KRN004,2026-02-18 20:10:00,62.499,N
KRN004,2026-02-18 20:20:00,62.515,N
KRN004,2026-02-18 20:30:00,62.515,N
KRN004,2026-02-18 20:40:00,62.525,N
KRN004,2026-02-18 20:50:00,62.538,N
KRN004,2026-02-18 21:00:00,62.538,N
KRN004,2026-02-18 21:10:00,62.555,N
KRN004,2026-02-18 21:20:00,62.56,N
KRN004,2026-02-18 21:30:00,62.573,N
KRN004,2026-02-18 21:40:00,62.586,N
KRN004,2026-02-18 21:50:00,62.598,N
KRN004,2026-02-18 22:00:00,62.611,N
KRN004,2026-02-18 22:10:00,62.617,N
KRN004,2026-02-18 22:20:00,62.637,N
KRN004,2026-02-18 22:30:00,62.647,N
KRN004,2026-02-18 22:40:00,62.654,N
KRN004,2026-02-18 22:50:00,62.671,N
KRN004,2026-02-18 23:00:00,62.679,N
KRN004,2026-02-18 23:10:00,62.701,N
KRN004,2026-02-18 23:20:00,62.708,N
KRN004,2026-02-18 23:30:00,62.713,N
KRN004,2026-02-18 23:40:00,62.721,N
KRN004,2026-02-18 23:50:00,62.727,N
KRN004,2026-02-19 00:00:00,62.735,N
KRN004,2026-02-19 00:10:00,62.739,N
KRN004,2026-02-19 00:20:00,62.749,N
KRN004,2026-02-19 00:30:00,62.753,N
KRN004,2026-02-19 00:40:00,62.754,N
KRN004,2026-02-19 00:50:00,62.762,N
KRN004,2026-02-19 01:00:00,62.769,N
KRN004,2026-02-19 01:10:00,62.781,N
KRN004,2026-02-19 01:20:00,62.781,N
KRN004,2026-02-19 01:30:00,62.785,N
KRN004,2026-02-19 01:40:00,62.792,N
KRN004,2026-02-19 01:50:00,62.794,N
KRN004,2026-02-19 02:00:00,62.795,N
KRN004,2026-02-19 02:10:00,62.804,N
KRN004,2026-02-19 02:20:00,62.804,N
KRN004,2026-02-19 02:30:00,62.815,N
KRN004,2026-02-19 02:40:00,62.81,N
KRN004,2026-02-19 02:50:00,62.826,N
KRN004,2026-02-19 03:00:00,62.822,N
KRN004,2026-02-19 03:10:00,62.833,N
KRN004,2026-02-19 03:20:00,62.833,N
KRN004,2026-02-19 03:30:00,62.832,N
KRN004,2026-02-19 03:40:00,62.832,N
KRN004,2026-02-19 03:50:00,62.838,N
KRN004,2026-02-19 04:00:00,62.848,N
KRN004,2026-02-19 04:10:00,62.856,N
KRN004,2026-02-19 04:20:00,62.857,N
KRN004,2026-02-19 04:30:00,62.853,N
KRN004,2026-02-19 04:40:00,62.86,N
KRN004,2026-02-19 04:50:00,62.86,N
KRN004,2026-02-19 05:00:00,62.865,N
KRN004,2026-02-19 05:10:00,62.872,N
KRN004,2026-02-19 05:20:00,62.866,N
KRN004,2026-02-19 05:30:00,62.866,N
KRN004,2026-02-19 05:40:00,62.863,N
KRN004,2026-02-19 05:50:00,62.857,N
KRN004,2026-02-19 06:00:00,62.865,N
KRN004,2026-02-19 06:10:00,62.859,N
KRN004,2026-02-19 06:20:00,62.843,N
KRN004,2026-02-19 06:30:00,62.83,N
KRN004,2026-02-19 06:40:00,62.815,N
KRN004,2026-02-19 06:50:00,62.796,N
KRN004,2026-02-19 07:00:00,62.777,N
KRN004,2026-02-19 07:10:00,62.758,N
KRN004,2026-02-19 07:20:00,62.739,N
KRN004,2026-02-19 07:30:00,62.719,N
KRN004,2026-02-19 07:40:00,62.69,N
KRN004,2026-02-19 07:50:00,62.648,N
KRN004,2026-02-19 08:00:00,62.617,N
KRN004,2026-02-19 08:10:00,62.587,N
KRN004,2026-02-19 08:20:00,62.55,N
KRN004,2026-02-19 08:30:00,62.508,N
KRN004,2026-02-19 08:40:00,62.476,N
KRN004,2026-02-19 08:50:00,62.435,N
KRN004,2026-02-19 09:00:00,62.394,N
KRN004,2026-02-19 09:10:00,62.349,N
KRN004,2026-02-19 09:20:00,62.306,N
KRN004,2026-02-19 09:30:00,62.259,N
KRN004,2026-02-19 09:40:00,62.228,N
KRN004,2026-02-19 09:50:00,62.182,N
KRN004,2026-02-19 10:00:00,62.137,N
KRN004,2026-02-19 10:10:00,62.105,N
KRN004,2026-02-19 10:20:00,62.069,N
KRN004,2026-02-19 10:30:00,62.04,N
KRN004,2026-02-19 10:40:00,62.012,N
KRN004,2026-02-19 10:50:00,61.984,N
KRN004,2026-02-19 11:00:00,61.972,N
KRN004,2026-02-19 11:10:00,61.959,N
KRN004,2026-02-19 11:20:00,61.938,N
KRN004,2026-02-19 11:30:00,61.937,N
KRN004,2026-02-19 11:40:00,61.935,N
KRN004,2026-02-19 11:50:00,61.938,N
KRN004,2026-02-19 12:00:00,61.94,N
KRN004,2026-02-19 12:10:00,61.959,N
KRN004,2026-02-19 12:20:00,61.967,N
KRN004,2026-02-19 12:30:00,61.973,N
KRN004,2026-02-19 12:40:00,61.998,N
KRN004,2026-02-19 12:50:00,62.017,N
KRN004,2026-02-19 13:00:00,62.045,N
KRN004,2026-02-19 13:10:00,62.059,N
KRN004,2026-02-19 13:20:00,62.086,N
KRN004,2026-02-19 13:30:00,62.107,N
KRN004,2026-02-19 13:40:00,62.134,N
KRN004,2026-02-19 13:50:00,62.153,N
KRN004,2026-02-19 14:00:00,62.177,N
KRN004,2026-02-19 14:10:00,62.203,N
KRN004,2026-02-19 14:20:00,62.223,N
KRN004,2026-02-19 14:30:00,62.25,N
KRN004,2026-02-19 14:40:00,62.272,N
KRN004,2026-02-19 14:50:00,62.28,N
KRN004,2026-02-19 15:00:00,62.294,N
KRN004,2026-02-19 15:10:00,62.308,N
KRN004,2026-02-19 15:20:00,62.325,N
KRN004,2026-02-19 15:30:00,62.332,N
KRN004,2026-02-19 15:40:00,62.348,N
KRN004,2026-02-19 15:50:00,62.352,N
KRN004,2026-02-19 16:00:00,62.349,N
KRN004,2026-02-19 16:10:00,62.36,N
KRN004,2026-02-19 16:20:00,62.365,N
KRN004,2026-02-19 16:30:00,62.364,N
KRN004,2026-02-19 16:40:00,62.36,N
KRN004,2026-02-19 16:50:00,62.351,N
KRN004,2026-02-19 17:00:00,62.354,N
KRN004,2026-02-19 17:10:00,62.333,N
KRN004,2026-02-19 17:20:00,62.337,N
KRN004,2026-02-19 17:30:00,62.325,N
KRN004,2026-02-19 17:40:00,62.313,N
KRN004,2026-02-19 17:50:00,62.298,N
KRN004,2026-02-19 18:00:00,62.29,N
KRN004,2026-02-19 18:10:00,62.276,N
KRN004,2026-02-19 18:20:00,62.269,N
KRN004,2026-02-19 18:30:00,62.258,N
KRN004,2026-02-19 18:40:00,62.25,N
KRN004,2026-02-19 18:50:00,62.242,N
KRN004,2026-02-19 19:00:00,62.238,N
KRN004,2026-02-19 19:10:00,62.236,N
KRN004,2026-02-19 19:20:00,62.232,N
KRN004,2026-02-19 19:30:00,62.231,N
KRN004,2026-02-19 19:40:00,62.233,N
KRN004,2026-02-19 19:50:00,62.231,N
KRN004,2026-02-19 20:00:00,62.244,N
KRN004,2026-02-19 20:10:00,62.248,N
KRN004,2026-02-19 20:20:00,62.258,N
KRN004,2026-02-19 20:30:00,62.263,N
KRN004,2026-02-19 20:40:00,62.282,N
KRN004,2026-02-19 20:50:00,62.3,N
KRN004,2026-02-19 21:00:00,62.312,N
KRN004,2026-02-19 21:10:00,62.325,N
KRN004,2026-02-19 21:20:00,62.345,N
KRN004,2026-02-19 21:30:00,62.364,N
KRN004,2026-02-19 21:40:00,62.38,N
KRN004,2026-02-19 21:50:00,62.398,N
KRN004,2026-02-19 22:00:00,62.421,N
KRN004,2026-02-19 22:10:00,62.444,N
KRN004,2026-02-19 22:20:00,62.469,N
KRN004,2026-02-19 22:30:00,62.487,N
KRN004,2026-02-19 22:40:00,62.512,N
KRN004,2026-02-19 22:50:00,62.531,N
KRN004,2026-02-19 23:00:00,62.546,N
KRN004,2026-02-19 23:10:00,62.574,N
KRN004,2026-02-19 23:20:00,62.59,N
KRN004,2026-02-19 23:30:00,62.618,N
KRN004,2026-02-19 23:40:00,62.642,N
KRN004,2026-02-19 23:50:00,62.66,N
KRN004,2026-02-20 00:00:00,62.676,N
KRN004,2026-02-20 00:10:00,62.702,N
KRN004,2026-02-20 00:20:00,62.717,N
KRN004,2026-02-20 00:30:00,62.747,N
KRN004,2026-02-20 00:40:00,62.76,N
KRN004,2026-02-20 00:50:00,62.784,N
KRN004,2026-02-20 01:00:00,62.798,N
KRN004,2026-02-20 01:10:00,62.815,N
KRN004,2026-02-20 01:20:00,62.836,N
KRN004,2026-02-20 01:30:00,62.851,N
KRN004,2026-02-20 01:40:00,62.873,N
KRN004,2026-02-20 01:50:00,62.885,N
KRN004,2026-02-20 02:00:00,62.904,N
KRN004,2026-02-20 02:10:00,62.918,N
KRN004,2026-02-20 02:20:00,62.942,N
KRN004,2026-02-20 02:30:00,62.946,N
KRN004,2026-02-20 02:40:00,62.965,N
KRN004,2026-02-20 02:50:00,62.978,N
KRN004,2026-02-20 03:00:00,62.993,N
KRN004,2026-02-20 03:10:00,63,N
KRN004,2026-02-20 03:20:00,63.009,N
KRN004,2026-02-20 03:30:00,63.029,N
KRN004,2026-02-20 03:40:00,63.036,N
KRN004,2026-02-20 03:50:00,63.042,N
KRN004,2026-02-20 04:00:00,63.049,N
KRN004,2026-02-20 04:10:00,63.058,N
KRN004,2026-02-20 04:20:00,63.067,N
KRN004,2026-02-20 04:30:00,63.073,N
KRN004,2026-02-20 04:40:00,63.076,N
KRN004,2026-02-20 04:50:00,63.081,N
KRN004,2026-02-20 05:00:00,63.091,N
KRN004,2026-02-20 05:10:00,63.087,N
KRN004,2026-02-20 05:20:00,63.088,N
KRN004,2026-02-20 05:30:00,63.096,N
KRN004,2026-02-20 05:40:00,63.083,N
KRN004,2026-02-20 05:50:00,63.084,N
KRN004,2026-02-20 06:00:00,63.07,N
KRN004,2026-02-20 06:10:00,63.075,N
KRN004,2026-02-20 06:20:00,63.065,N
KRN004,2026-02-20 06:30:00,63.046,N
KRN004,2026-02-20 06:40:00,63.034,N
KRN004,2026-02-20 06:50:00,63.021,N
KRN004,2026-02-20 07:00:00,63.001,N
KRN004,2026-02-20 07:10:00,62.976,N
KRN004,2026-02-20 07:20:00,62.953,N
KRN004,2026-02-20 07:30:00,62.925,N
KRN004,2026-02-20 07:40:00,62.899,N
KRN004,2026-02-20 07:50:00,62.867,N
KRN004,2026-02-20 08:00:00,62.832,N
KRN004,2026-02-20 08:10:00,62.802,N
KRN004,2026-02-20 08:20:00,62.756,N
KRN004,2026-02-20 08:30:00,62.716,N
KRN004,2026-02-20 08:40:00,62.678,N
KRN004,2026-02-20 08:50:00,62.634,N
KRN004,2026-02-20 09:00:00,62.593,N
KRN004,2026-02-20 09:10:00,62.555,N
KRN004,2026-02-20 09:20:00,62.501,N
KRN004,2026-02-20 09:30:00,62.467,N
KRN004,2026-02-20 09:40:00,62.419,N
KRN004,2026-02-20 09:50:00,62.381,N
KRN004,2026-02-20 10:00:00,62.339,N
KRN004,2026-02-20 10:10:00,62.287,N
KRN004,2026-02-20 10:20:00,62.256,N
KRN004,2026-02-20 10:30:00,62.221,N
KRN004,2026-02-20 10:40:00,62.182,N
KRN004,2026-02-20 10:50:00,62.151,N
KRN004,2026-02-20 11:00:00,62.121,N
KRN004,2026-02-20 11:10:00,62.103,N
KRN004,2026-02-20 11:20:00,62.068,N
KRN004,2026-02-20 11:30:00,62.047,N
KRN004,2026-02-20 11:40:00,62.027,N
KRN004,2026-02-20 11:50:00,62,N
KRN004,2026-02-20 12:00:00,61.993,N
KRN004,2026-02-20 12:10:00,61.973,N
KRN004,2026-02-20 12:20:00,61.96,N
KRN004,2026-02-20 12:30:00,61.951,N
KRN004,2026-02-20 12:40:00,61.946,N
KRN004,2026-02-20 12:50:00,61.936,N
KRN004,2026-02-20 13:00:00,61.926,N
KRN004,2026-02-20 13:10:00,61.928,N
KRN004,2026-02-20 13:20:00,61.923,N
KRN004,2026-02-20 13:30:00,61.932,N
KRN004,2026-02-20 13:40:00,61.936,N
KRN004,2026-02-20 13:50:00,61.94,N
KRN004,2026-02-20 14:00:00,61.952,N
KRN004,2026-02-20 14:10:00,61.959,N
KRN004,2026-02-20 14:20:00,61.972,N
KRN004,2026-02-20 14:30:00,61.99,N
KRN004,2026-02-20 14:40:00,62.006,N
KRN004,2026-02-20 14:50:00,62.025,N
KRN004,2026-02-20 15:00:00,62.047,N
KRN004,2026-02-20 15:10:00,62.065,N
KRN004,2026-02-20 15:20:00,62.076,N
KRN004,2026-02-20 15:30:00,62.11,N
KRN004,2026-02-20 15:40:00,62.132,N
KRN004,2026-02-20 15:50:00,62.149,N
KRN004,2026-02-20 16:00:00,62.167,N
KRN004,2026-02-20 16:10:00,62.185,N
KRN004,2026-02-20 16:20:00,62.198,N
KRN004,2026-02-20 16:30:00,62.209,N
KRN004,2026-02-20 16:40:00,62.223,N
KRN004,2026-02-20 16:50:00,62.231,N
KRN004,2026-02-20 17:00:00,62.251,N
KRN004,2026-02-20 17:10:00,62.248,N
KRN004,2026-02-20 17:20:00,62.253,N
KRN004,2026-02-20 17:30:00,62.26,N
KRN004,2026-02-20 17:40:00,62.264,N
KRN004,2026-02-20 17:50:00,62.271,N
KRN004,2026-02-20 18:00:00,62.272,N
KRN004,2026-02-20 18:10:00,62.277,N
KRN004,2026-02-20 18:20:00,62.286,N
KRN004,2026-02-20 18:30:00,62.282,N
KRN004,2026-02-20 18:40:00,62.286,N
KRN004,2026-02-20 18:50:00,62.293,N
KRN004,2026-02-20 19:00:00,62.304,N
KRN004,2026-02-20 19:10:00,62.31,N
KRN004,2026-02-20 19:20:00,62.31,N
KRN004,2026-02-20 19:30:00,62.328,N
KRN004,2026-02-20 19:40:00,62.333,N
KRN004,2026-02-20 19:50:00,62.348,N
KRN004,2026-02-20 20:00:00,62.364,N
KRN004,2026-02-20 20:10:00,62.374,N
KRN004,2026-02-20 20:20:00,62.382,N
KRN004,2026-02-20 20:30:00,62.406,N
KRN004,2026-02-20 20:40:00,62.419,N
KRN004,2026-02-20 20:50:00,62.432,N
KRN004,2026-02-20 21:00:00,62.453,N
KRN004,2026-02-20 21:10:00,62.468,N
KRN004,2026-02-20 21:20:00,62.494,N
KRN004,2026-02-20 21:30:00,62.51,N
KRN004,2026-02-20 21:40:00,62.521,N
KRN004,2026-02-20 21:50:00,62.544,N
KRN004,2026-02-20 22:00:00,62.564,N
KRN004,2026-02-20 22:10:00,62.59,N
KRN004,2026-02-20 22:20:00,62.613,N
KRN004,2026-02-20 22:30:00,62.625,N
KRN004,2026-02-20 22:40:00,62.647,N
KRN004,2026-02-20 22:50:00,62.672,N
KRN004,2026-02-20 23:00:00,62.689,N
KRN004,2026-02-20 23:10:00,62.706,N
KRN004,2026-02-20 23:20:00,62.728,N
KRN004,2026-02-20 23:30:00,62.754,N
KRN004,2026-02-20 23:40:00,62.76,N
KRN004,2026-02-20 23:50:00,62.781,N
KRN004,2026-02-21 00:00:00,62.803,N
KRN004,2026-02-21 00:10:00,62.818,N
KRN004,2026-02-21 00:20:00,62.837,N
KRN004,2026-02-21 00:30:00,62.866,N
KRN004,2026-02-21 00:40:00,62.88,N
KRN004,2026-02-21 00:50:00,62.89,N
KRN004,2026-02-21 01:00:00,62.912,N
KRN004,2026-02-21 01:10:00,62.925,N
KRN004,2026-02-21 01:20:00,62.938,N
KRN004,2026-02-21 01:30:00,62.953,N
KRN004,2026-02-21 01:40:00,62.968,N
KRN004,2026-02-21 01:50:00,62.982,N
KRN004,2026-02-21 02:00:00,62.994,N
KRN004,2026-02-21 02:10:00,63.012,N
KRN004,2026-02-21 02:20:00,63.017,N
KRN004,2026-02-21 02:30:00,63.032,N
KRN004,2026-02-21 02:40:00,63.041,N
KRN004,2026-02-21 02:50:00,63.057,N
KRN004,2026-02-21 03:00:00,63.069,N
KRN004,2026-02-21 03:10:00,63.075,N
KRN004,2026-02-21 03:20:00,63.091,N
KRN004,2026-02-21 03:30:00,63.103,N
KRN004,2026-02-21 03:40:00,63.102,N
KRN004,2026-02-21 03:50:00,63.11,N
KRN004,2026-02-21 04:00:00,63.122,N
KRN004,2026-02-21 04:10:00,63.133,N
KRN004,2026-02-21 04:20:00,63.131,N
KRN004,2026-02-21 04:30:00,63.141,N
KRN004,2026-02-21 04:40:00,63.153,N
KRN004,2026-02-21 04:50:00,63.155,N
KRN004,2026-02-21 05:00:00,63.165,N
KRN004,2026-02-21 05:10:00,63.163,N
KRN004,2026-02-21 05:20:00,63.167,N
KRN004,2026-02-21 05:30:00,63.164,N
KRN004,2026-02-21 05:40:00,63.167,N
KRN004,2026-02-21 05:50:00,63.172,N
KRN004,2026-02-21 06:00:00,63.174,N
KRN004,2026-02-21 06:10:00,63.165,N
KRN004,2026-02-21 06:20:00,63.169,N
KRN004,2026-02-21 06:30:00,63.162,N
KRN004,2026-02-21 06:40:00,63.155,N
KRN004,2026-02-21 06:50:00,63.15,N
KRN004,2026-02-21 07:00:00,63.135,N
KRN004,2026-02-21 07:10:00,63.121,N
KRN004,2026-02-21 07:20:00,63.104,N
KRN004,2026-02-21 07:30:00,63.088,N
KRN004,2026-02-21 07:40:00,63.067,N
KRN004,2026-02-21 07:50:00,63.041,N
KRN004,2026-02-21 08:00:00,63.019,N
KRN004,2026-02-21 08:10:00,62.991,N
KRN004,2026-02-21 08:20:00,62.962,N
KRN004,2026-02-21 08:30:00,62.927,N
KRN004,2026-02-21 08:40:00,62.9,N
KRN004,2026-02-21 08:50:00,62.853,N
KRN004,2026-02-21 09:00:00,62.822,N
KRN004,2026-02-21 09:10:00,62.78,N
KRN004,2026-02-21 09:20:00,62.736,N
KRN004,2026-02-21 09:30:00,62.695,N
KRN004,2026-02-21 09:40:00,62.651,N
KRN004,2026-02-21 09:50:00,62.61,N
KRN004,2026-02-21 10:00:00,62.564,N
KRN004,2026-02-21 10:10:00,62.522,N
KRN004,2026-02-21 10:20:00,62.478,N
KRN004,2026-02-21 10:30:00,62.442,N
KRN004,2026-02-21 10:40:00,62.394,N
KRN004,2026-02-21 10:50:00,62.359,N
KRN004,2026-02-21 11:00:00,62.318,N
KRN004,2026-02-21 11:10:00,62.28,N
KRN004,2026-02-21 11:20:00,62.251,N
KRN004,2026-02-21 11:30:00,62.219,N
KRN004,2026-02-21 11:40:00,62.19,N
KRN004,2026-02-21 11:50:00,62.164,N
KRN004,2026-02-21 12:00:00,62.141,N
KRN004,2026-02-21 12:10:00,62.115,N
KRN004,2026-02-21 12:20:00,62.095,N
KRN004,2026-02-21 12:30:00,62.082,N
KRN004,2026-02-21 12:40:00,62.069,N
KRN004,2026-02-21 12:50:00,62.051,N
KRN004,2026-02-21 13:00:00,62.039,N
KRN004,2026-02-21 13:10:00,62.024,N
KRN004,2026-02-21 13:20:00,62.021,N
KRN004,2026-02-21 13:30:00,62.015,N
KRN004,2026-02-21 13:40:00,62.015,N
KRN004,2026-02-21 13:50:00,62.004,N
KRN004,2026-02-21 14:00:00,62.008,N
KRN004,2026-02-21 14:10:00,61.999,N
KRN004,2026-02-21 14:20:00,61.998,N
KRN004,2026-02-21 14:30:00,61.999,N
KRN004,2026-02-21 14:40:00,61.998,N
KRN004,2026-02-21 14:50:00,62.003,N
KRN004,2026-02-21 15:00:00,62.004,N
KRN004,2026-02-21 15:10:00,62.007,N
KRN004,2026-02-21 15:20:00,62.011,N
KRN004,2026-02-21 15:30:00,62.013,N
KRN004,2026-02-21 15:40:00,62.01,N
KRN004,2026-02-21 15:50:00,62.015,N
KRN004,2026-02-21 16:00:00,62.017,N
KRN004,2026-02-21 16:10:00,62.021,N
KRN004,2026-02-21 16:20:00,62.026,N
KRN004,2026-02-21 16:30:00,62.035,N
KRN004,2026-02-21 16:40:00,62.04,N
KRN004,2026-02-21 16:50:00,62.042,N
KRN004,2026-02-21 17:00:00,62.054,N
KRN004,2026-02-21 17:10:00,62.058,N
KRN004,2026-02-21 17:20:00,62.061,N
KRN004,2026-02-21 17:30:00,62.072,N
KRN004,2026-02-21 17:40:00,62.08,N
KRN004,2026-02-21 17:50:00,62.09,N
KRN004,2026-02-21 18:00:00,62.103,N
KRN004,2026-02-21 18:10:00,62.113,N
KRN004,2026-02-21 18:20:00,62.133,N
KRN004,2026-02-21 18:30:00,62.142,N
KRN004,2026-02-21 18:40:00,62.167,N
KRN004,2026-02-21 18:50:00,62.18,N
KRN004,2026-02-21 19:00:00,62.202,N
KRN004,2026-02-21 19:10:00,62.221,N
KRN004,2026-02-21 19:20:00,62.239,N
KRN004,2026-02-21 19:30:00,62.259,N
KRN004,2026-02-21 19:40:00,62.283,N
KRN004,2026-02-21 19:50:00,62.305,N
KRN004,2026-02-21 20:00:00,62.325,N
KRN004,2026-02-21 20:10:00,62.351,N
KRN004,2026-02-21 20:20:00,62.378,N
KRN004,2026-02-21 20:30:00,62.407,N
KRN004,2026-02-21 20:40:00,62.42,N
KRN004,2026-02-21 20:50:00,62.446,N
KRN004,2026-02-21 21:00:00,62.475,N
KRN004,2026-02-21 21:10:00,62.492,N
KRN004,2026-02-21 21:20:00,62.521,N
KRN004,2026-02-21 21:30:00,62.539,N
KRN004,2026-02-21 21:40:00,62.571,N
KRN004,2026-02-21 21:50:00,62.592,N
KRN004,2026-02-21 22:00:00,62.617,N
KRN004,2026-02-21 22:10:00,62.64,N
KRN004,2026-02-21 22:20:00,62.659,N
KRN004,2026-02-21 22:30:00,62.679,N
KRN004,2026-02-21 22:40:00,62.692,N
KRN004,2026-02-21 22:50:00,62.719,N
KRN004,2026-02-21 23:00:00,62.742,N
KRN004,2026-02-21 23:10:00,62.762,N
KRN004,2026-02-21 23:20:00,62.78,N
KRN004,2026-02-21 23:30:00,62.795,N
KRN004,2026-02-21 23:40:00,62.811,N
KRN004,2026-02-21 23:50:00,62.837,N
KRN004,2026-02-22 00:00:00,62.858,N
KRN004,2026-02-22 00:10:00,62.869,N
KRN004,2026-02-22 00:20:00,62.884,N
KRN004,2026-02-22 00:30:00,62.903,N
KRN004,2026-02-22 00:40:00,62.918,N
KRN004,2026-02-22 00:50:00,62.932,N
KRN004,2026-02-22 01:00:00,62.949,N
KRN004,2026-02-22 01:10:00,62.962,N
KRN004,2026-02-22 01:20:00,62.974,N
KRN004,2026-02-22 01:30:00,62.994,N
KRN004,2026-02-22 01:40:00,63.006,N
KRN004,2026-02-22 01:50:00,63.016,N
KRN004,2026-02-22 02:00:00,63.029,N
KRN004,2026-02-22 02:10:00,63.036,N
KRN004,2026-02-22 02:20:00,63.05,N
KRN004,2026-02-22 02:30:00,63.063,N
KRN004,2026-02-22 02:40:00,63.073,N
KRN004,2026-02-22 02:50:00,63.084,N
KRN004,2026-02-22 03:00:00,63.088,N
KRN004,2026-02-22 03:10:00,63.102,N
KRN004,2026-02-22 03:20:00,63.105,N
KRN004,2026-02-22 03:30:00,63.115,N
KRN004,2026-02-22 03:40:00,63.115,N
KRN004,2026-02-22 03:50:00,63.112,N
KRN004,2026-02-22 04:00:00,63.119,N
KRN004,2026-02-22 04:10:00,63.122,N
KRN004,2026-02-22 04:20:00,63.128,N
KRN004,2026-02-22 04:30:00,63.131,N
KRN004,2026-02-22 04:40:00,63.125,N
KRN004,2026-02-22 04:50:00,63.132,N
KRN004,2026-02-22 05:00:00,63.137,N
KRN004,2026-02-22 05:10:00,63.128,N
KRN004,2026-02-22 05:20:00,63.128,N
KRN004,2026-02-22 05:30:00,63.125,N
KRN004,2026-02-22 05:40:00,63.128,N
KRN004,2026-02-22 05:50:00,63.131,N
KRN004,2026-02-22 06:00:00,63.126,N
KRN004,2026-02-22 06:10:00,63.132,N
KRN004,2026-02-22 06:20:00,63.135,N
KRN004,2026-02-22 06:30:00,63.13,N
KRN004,2026-02-22 06:40:00,63.135,N
KRN004,2026-02-22 06:50:00,63.13,N
KRN004,2026-02-22 07:00:00,63.13,N
KRN004,2026-02-22 07:10:00,63.132,N
KRN004,2026-02-22 07:20:00,63.139,N
KRN004,2026-02-22 07:30:00,63.138,N
KRN004,2026-02-22 07:40:00,63.142,N
KRN004,2026-02-22 07:50:00,63.142,N
KRN004,2026-02-22 08:00:00,63.145,N
KRN004,2026-02-22 08:10:00,63.143,N
KRN004,2026-02-22 08:20:00,63.141,N
KRN004,2026-02-22 08:30:00,63.141,N
KRN004,2026-02-22 08:40:00,63.155,N
KRN004,2026-02-22 08:50:00,63.153,N
KRN004,2026-02-22 09:00:00,63.153,N
KRN004,2026-02-22 09:10:00,63.156,N
KRN004,2026-02-22 09:20:00,63.169,N
KRN004,2026-02-22 09:30:00,63.167,N
KRN004,2026-02-22 09:40:00,63.172,N
KRN004,2026-02-22 09:50:00,63.176,N
KRN004,2026-02-22 10:00:00,63.174,N
KRN004,2026-02-22 10:10:00,63.178,N
KRN004,2026-02-22 10:20:00,63.182,N
KRN004,2026-02-22 10:30:00,63.192,N
KRN004,2026-02-22 10:40:00,63.192,N
KRN004,2026-02-22 10:50:00,63.198,N
KRN004,2026-02-22 11:00:00,63.203,N
KRN004,2026-02-22 11:10:00,63.207,N
KRN004,2026-02-22 11:20:00,63.211,N
KRN004,2026-02-22 11:30:00,63.214,N
KRN004,2026-02-22 11:40:00,63.223,N
KRN004,2026-02-22 11:50:00,63.226,N
KRN004,2026-02-22 12:00:00,63.223,N
KRN004,2026-02-22 12:10:00,63.223,N
KRN004,2026-02-22 12:20:00,63.22,N
KRN004,2026-02-22 12:30:00,63.221,N
KRN004,2026-02-22 12:40:00,63.22,N
KRN004,2026-02-22 12:50:00,63.21,N
KRN004,2026-02-22 13:00:00,63.207,N
KRN004,2026-02-22 13:10:00,63.193,N
KRN004,2026-02-22 13:20:00,63.184,N
KRN004,2026-02-22 13:30:00,63.171,N
KRN004,2026-02-22 13:40:00,63.152,N
KRN004,2026-02-22 13:50:00,63.137,N
KRN004,2026-02-22 14:00:00,63.108,N
KRN004,2026-02-22 14:10:00,63.092,N
KRN004,2026-02-22 14:20:00,63.064,N
KRN004,2026-02-22 14:30:00,63.036,N
KRN004,2026-02-22 14:40:00,63.001,N
KRN004,2026-02-22 14:50:00,62.974,N
KRN004,2026-02-22 15:00:00,62.942,N
KRN004,2026-02-22 15:10:00,62.905,N
KRN004,2026-02-22 15:20:00,62.863,N
KRN004,2026-02-22 15:30:00,62.819,N
KRN004,2026-02-22 15:40:00,62.778,N
KRN004,2026-02-22 15:50:00,62.728,N
KRN004,2026-02-22 16:00:00,62.692,N
KRN004,2026-02-22 16:10:00,62.647,N
KRN004,2026-02-22 16:20:00,62.596,N
KRN004,2026-02-22 16:30:00,62.546,N
KRN004,2026-02-22 16:40:00,62.489,N
KRN004,2026-02-22 16:50:00,62.437,N
KRN004,2026-02-22 17:00:00,62.38,N
KRN004,2026-02-22 17:10:00,62.328,N
KRN004,2026-02-22 17:20:00,62.278,N
KRN004,2026-02-22 17:30:00,62.223,N
KRN004,2026-02-22 17:40:00,62.175,N
KRN004,2026-02-22 17:50:00,62.113,N
KRN004,2026-02-22 18:00:00,62.058,N
KRN004,2026-02-22 18:10:00,61.998,N
KRN004,2026-02-22 18:20:00,61.94,N
KRN004,2026-02-22 18:30:00,61.881,N
KRN004,2026-02-22 18:40:00,61.828,N
KRN004,2026-02-22 18:50:00,61.773,N
KRN004,2026-02-22 19:00:00,61.72,N
KRN004,2026-02-22 19:10:00,61.666,N
KRN004,2026-02-22 19:20:00,61.618,N
KRN004,2026-02-22 19:30:00,61.577,N
KRN004,2026-02-22 19:40:00,61.541,N
KRN004,2026-02-22 19:50:00,61.502,N
KRN004,2026-02-22 20:00:00,61.474,N
KRN004,2026-02-22 20:10:00,61.452,N
KRN004,2026-02-22 20:20:00,61.438,N
KRN004,2026-02-22 20:30:00,61.431,N
KRN004,2026-02-22 20:40:00,61.428,N
KRN004,2026-02-22 20:50:00,61.444,N
KRN004,2026-02-22 21:00:00,61.446,N
KRN004,2026-02-22 21:10:00,61.473,N
KRN004,2026-02-22 21:20:00,61.5,N
KRN004,2026-02-22 21:30:00,61.53,N
KRN004,2026-02-22 21:40:00,61.56,N
KRN004,2026-02-22 21:50:00,61.599,N
KRN004,2026-02-22 22:00:00,61.639,N
KRN004,2026-02-22 22:10:00,61.685,N
KRN004,2026-02-22 22:20:00,61.718,N
KRN004,2026-02-22 22:30:00,61.771,N
KRN004,2026-02-22 22:40:00,61.81,N
KRN004,2026-02-22 22:50:00,61.851,N
KRN004,2026-02-22 23:00:00,61.899,N
KRN004,2026-02-22 23:10:00,61.945,N
KRN004,2026-02-22 23:20:00,61.984,N
KRN004,2026-02-22 23:30:00,62.026,N
KRN004,2026-02-22 23:40:00,62.068,N
KRN004,2026-02-22 23:50:00,62.11,N
KRN004,2026-02-23 00:00:00,62.144,N
KRN004,2026-02-23 00:10:00,62.184,N
KRN004,2026-02-23 00:20:00,62.215,N
KRN004,2026-02-23 00:30:00,62.262,N
KRN004,2026-02-23 00:40:00,62.294,N
KRN004,2026-02-23 00:50:00,62.33,N
KRN004,2026-02-23 01:00:00,62.355,N
KRN004,2026-02-23 01:10:00,62.394,N
KRN004,2026-02-23 01:20:00,62.422,N
KRN004,2026-02-23 01:30:00,62.451,N
KRN004,2026-02-23 01:40:00,62.483,N
KRN004,2026-02-23 01:50:00,62.504,N
KRN004,2026-02-23 02:00:00,62.528,N
KRN004,2026-02-23 02:10:00,62.558,N
KRN004,2026-02-23 02:20:00,62.576,N
KRN004,2026-02-23 02:30:00,62.61,N
KRN004,2026-02-23 02:40:00,62.637,N
KRN004,2026-02-23 02:50:00,62.652,N
KRN004,2026-02-23 03:00:00,62.676,N
KRN004,2026-02-23 03:10:00,62.701,N
KRN004,2026-02-23 03:20:00,62.719,N
KRN004,2026-02-23 03:30:00,62.739,N
KRN004,2026-02-23 03:40:00,62.756,N
KRN004,2026-02-23 03:50:00,62.77,N
KRN004,2026-02-23 04:00:00,62.784,N
KRN004,2026-02-23 04:10:00,62.799,N
KRN004,2026-02-23 04:20:00,62.815,N
KRN004,2026-02-23 04:30:00,62.828,N
KRN004,2026-02-23 04:40:00,62.848,N
KRN004,2026-02-23 04:50:00,62.863,N
KRN004,2026-02-23 05:00:00,62.867,N
KRN004,2026-02-23 05:10:00,62.887,N
KRN004,2026-02-23 05:20:00,62.9,N
KRN004,2026-02-23 05:30:00,62.907,N
KRN004,2026-02-23 05:40:00,62.924,N
KRN004,2026-02-23 05:50:00,62.938,N
KRN004,2026-02-23 06:00:00,62.942,N
KRN004,2026-02-23 06:10:00,62.945,N
KRN004,2026-02-23 06:20:00,62.948,N
KRN004,2026-02-23 06:30:00,62.957,N
KRN004,2026-02-23 06:40:00,62.959,N
KRN004,2026-02-23 06:50:00,62.962,N
KRN004,2026-02-23 07:00:00,62.961,N
KRN004,2026-02-23 07:10:00,62.957,N
KRN004,2026-02-23 07:20:00,62.951,N
KRN004,2026-02-23 07:30:00,62.94,N
KRN004,2026-02-23 07:40:00,62.927,N
KRN004,2026-02-23 07:50:00,62.907,N
KRN004,2026-02-23 08:00:00,62.892,N
KRN004,2026-02-23 08:10:00,62.874,N
KRN004,2026-02-23 08:20:00,62.85,N
KRN004,2026-02-23 08:30:00,62.825,N
KRN004,2026-02-23 08:40:00,62.81,N
KRN004,2026-02-23 08:50:00,62.777,N
KRN004,2026-02-23 09:00:00,62.741,N
KRN004,2026-02-23 09:10:00,62.717,N
KRN004,2026-02-23 09:20:00,62.686,N
KRN004,2026-02-23 09:30:00,62.66,N
KRN004,2026-02-23 09:40:00,62.623,N
KRN004,2026-02-23 09:50:00,62.585,N
KRN004,2026-02-23 10:00:00,62.563,N
KRN004,2026-02-23 10:10:00,62.524,N
KRN004,2026-02-23 10:20:00,62.496,N
KRN004,2026-02-23 10:30:00,62.471,N
KRN004,2026-02-23 10:40:00,62.439,N
KRN004,2026-02-23 10:50:00,62.414,N
KRN004,2026-02-23 11:00:00,62.392,N
KRN004,2026-02-23 11:10:00,62.368,N
KRN004,2026-02-23 11:20:00,62.347,N
KRN004,2026-02-23 11:30:00,62.334,N
KRN004,2026-02-23 11:40:00,62.312,N
KRN004,2026-02-23 11:50:00,62.294,N
KRN004,2026-02-23 12:00:00,62.284,N
KRN004,2026-02-23 12:10:00,62.273,N
KRN004,2026-02-23 12:20:00,62.252,N
KRN004,2026-02-23 12:30:00,62.248,N
KRN004,2026-02-23 12:40:00,62.238,N
KRN004,2026-02-23 12:50:00,62.236,N
KRN004,2026-02-23 13:00:00,62.226,N
KRN004,2026-02-23 13:10:00,62.224,N
KRN004,2026-02-23 13:20:00,62.221,N
KRN004,2026-02-23 13:30:00,62.224,N
KRN004,2026-02-23 13:40:00,62.231,N
KRN004,2026-02-23 13:50:00,62.225,N
KRN004,2026-02-23 14:00:00,62.235,N
KRN004,2026-02-23 14:10:00,62.236,N
KRN004,2026-02-23 14:20:00,62.242,N
KRN004,2026-02-23 14:30:00,62.246,N
KRN004,2026-02-23 14:40:00,62.251,N
KRN004,2026-02-23 14:50:00,62.263,N
KRN004,2026-02-23 15:00:00,62.279,N
KRN004,2026-02-23 15:10:00,62.285,N
KRN004,2026-02-23 15:20:00,62.3,N
KRN004,2026-02-23 15:30:00,62.312,N
KRN004,2026-02-23 15:40:00,62.32,N
KRN004,2026-02-23 15:50:00,62.332,N
KRN004,2026-02-23 16:00:00,62.344,N
KRN004,2026-02-23 16:10:00,62.348,N
KRN004,2026-02-23 16:20:00,62.367,N
KRN004,2026-02-23 16:30:00,62.38,N
KRN004,2026-02-23 16:40:00,62.393,N
KRN004,2026-02-23 16:50:00,62.405,N
KRN004,2026-02-23 17:00:00,62.415,N
KRN004,2026-02-23 17:10:00,62.427,N
KRN004,2026-02-23 17:20:00,62.437,N
KRN004,2026-02-23 17:30:00,62.451,N
KRN004,2026-02-23 17:40:00,62.461,N
KRN004,2026-02-23 17:50:00,62.474,N
KRN004,2026-02-23 18:00:00,62.487,N
KRN004,2026-02-23 18:10:00,62.497,N
KRN004,2026-02-23 18:20:00,62.496,N
KRN004,2026-02-23 18:30:00,62.514,N
KRN004,2026-02-23 18:40:00,62.525,N
KRN004,2026-02-23 18:50:00,62.535,N
KRN004,2026-02-23 19:00:00,62.54,N
KRN004,2026-02-23 19:10:00,62.548,N
KRN004,2026-02-23 19:20:00,62.555,N
KRN004,2026-02-23 19:30:00,62.564,N
KRN004,2026-02-23 19:40:00,62.576,N
KRN004,2026-02-23 19:50:00,62.583,N
KRN004,2026-02-23 20:00:00,62.584,N
KRN004,2026-02-23 20:10:00,62.593,N
KRN004,2026-02-23 20:20:00,62.608,N
KRN004,2026-02-23 20:30:00,62.606,N
KRN004,2026-02-23 20:40:00,62.613,N
KRN004,2026-02-23 20:50:00,62.625,N
KRN004,2026-02-23 21:00:00,62.627,N
KRN004,2026-02-23 21:10:00,62.627,N
KRN004,2026-02-23 21:20:00,62.631,N
KRN004,2026-02-23 21:30:00,62.633,N
KRN004,2026-02-23 21:40:00,62.634,N
KRN004,2026-02-23 21:50:00,62.641,N
KRN004,2026-02-23 22:00:00,62.647,N
KRN004,2026-02-23 22:10:00,62.635,N
KRN004,2026-02-23 22:20:00,62.64,N
KRN004,2026-02-23 22:30:00,62.642,N
KRN004,2026-02-23 22:40:00,62.639,N
KRN004,2026-02-23 22:50:00,62.639,N
KRN004,2026-02-23 23:00:00,62.64,N
KRN004,2026-02-23 23:10:00,62.641,N
KRN004,2026-02-23 23:20:00,62.645,N
KRN004,2026-02-23 23:30:00,62.644,N
KRN004,2026-02-23 23:40:00,62.641,N
KRN004,2026-02-23 23:50:00,62.642,N
KRN004,2026-02-24 00:00:00,62.648,N
KRN004,2026-02-24 00:10:00,62.646,N
KRN004,2026-02-24 00:20:00,62.652,N
KRN004,2026-02-24 00:30:00,62.647,N
KRN004,2026-02-24 00:40:00,62.654,N
KRN004,2026-02-24 00:50:00,62.652,N
KRN004,2026-02-24 01:00:00,62.659,N
KRN004,2026-02-24 01:10:00,62.651,N
KRN004,2026-02-24 01:20:00,62.658,N
KRN004,2026-02-24 01:30:00,62.66,N
KRN004,2026-02-24 01:40:00,62.662,N
KRN004,2026-02-24 01:50:00,62.673,N
KRN004,2026-02-24 02:00:00,62.662,N
KRN004,2026-02-24 02:10:00,62.668,N
KRN004,2026-02-24 02:20:00,62.668,N
KRN004,2026-02-24 02:30:00,62.672,N
KRN004,2026-02-24 02:40:00,62.671,N
KRN004,2026-02-24 02:50:00,62.674,N
KRN004,2026-02-24 03:00:00,62.675,N
KRN004,2026-02-24 03:10:00,62.674,N
KRN004,2026-02-24 03:20:00,62.671,N
KRN004,2026-02-24 03:30:00,62.679,N
KRN004,2026-02-24 03:40:00,62.671,N
KRN004,2026-02-24 03:50:00,62.678,N
KRN004,2026-02-24 04:00:00,62.681,N
KRN004,2026-02-24 04:10:00,62.681,N
KRN004,2026-02-24 04:20:00,62.682,N
KRN004,2026-02-24 04:30:00,62.681,N
KRN004,2026-02-24 04:40:00,62.686,N
KRN004,2026-02-24 04:50:00,62.686,N
KRN004,2026-02-24 05:00:00,62.688,N
KRN004,2026-02-24 05:10:00,62.693,N
KRN004,2026-02-24 05:20:00,62.689,N
KRN004,2026-02-24 05:30:00,62.692,N
KRN004,2026-02-24 05:40:00,62.688,N
KRN004,2026-02-24 05:50:00,62.694,N
KRN004,2026-02-24 06:00:00,62.695,N
KRN004,2026-02-24 06:10:00,62.695,N
KRN004,2026-02-24 06:20:00,62.689,N
KRN004,2026-02-24 06:30:00,62.681,N
KRN004,2026-02-24 06:40:00,62.679,N
KRN004,2026-02-24 06:50:00,62.669,N
KRN004,2026-02-24 07:00:00,62.66,N
KRN004,2026-02-24 07:10:00,62.644,N
KRN004,2026-02-24 07:20:00,62.637,N
KRN004,2026-02-24 07:30:00,62.614,N
KRN004,2026-02-24 07:40:00,62.594,N
KRN004,2026-02-24 07:50:00,62.573,N
KRN004,2026-02-24 08:00:00,62.557,N
KRN004,2026-02-24 08:10:00,62.523,N
KRN004,2026-02-24 08:20:00,62.498,N
KRN004,2026-02-24 08:30:00,62.469,N
KRN004,2026-02-24 08:40:00,62.433,N
KRN004,2026-02-24 08:50:00,62.405,N
KRN004,2026-02-24 09:00:00,62.362,N
KRN004,2026-02-24 09:10:00,62.33,N
KRN004,2026-02-24 09:20:00,62.29,N
KRN004,2026-02-24 09:30:00,62.25,N
KRN004,2026-02-24 09:40:00,62.204,N
KRN004,2026-02-24 09:50:00,62.16,N
KRN004,2026-02-24 10:00:00,62.117,N
KRN004,2026-02-24 10:10:00,62.075,N
KRN004,2026-02-24 10:20:00,62.028,N
KRN004,2026-02-24 10:30:00,61.984,N
KRN004,2026-02-24 10:40:00,61.942,N
KRN004,2026-02-24 10:50:00,61.889,N
KRN004,2026-02-24 11:00:00,61.847,N
KRN004,2026-02-24 11:10:00,61.807,N
KRN004,2026-02-24 11:20:00,61.768,N
KRN004,2026-02-24 11:30:00,61.726,N
KRN004,2026-02-24 11:40:00,61.693,N
KRN004,2026-02-24 11:50:00,61.664,N
KRN004,2026-02-24 12:00:00,61.638,N
KRN004,2026-02-24 12:10:00,61.615,N
KRN004,2026-02-24 12:20:00,61.598,N
KRN004,2026-02-24 12:30:00,61.581,N
KRN004,2026-02-24 12:40:00,61.576,N
KRN004,2026-02-24 12:50:00,61.578,N
KRN004,2026-02-24 13:00:00,61.585,N
KRN004,2026-02-24 13:10:00,61.594,N
KRN004,2026-02-24 13:20:00,61.605,N
KRN004,2026-02-24 13:30:00,61.625,N
KRN004,2026-02-24 13:40:00,61.651,N
KRN004,2026-02-24 13:50:00,61.678,N
KRN004,2026-02-24 14:00:00,61.707,N
KRN004,2026-02-24 14:10:00,61.742,N
KRN004,2026-02-24 14:20:00,61.778,N
KRN004,2026-02-24 14:30:00,61.813,N
KRN004,2026-02-24 14:40:00,61.855,N
KRN004,2026-02-24 14:50:00,61.894,N
KRN004,2026-02-24 15:00:00,61.925,N
KRN004,2026-02-24 15:10:00,61.964,N
KRN004,2026-02-24 15:20:00,62,N
KRN004,2026-02-24 15:30:00,62.039,N
KRN004,2026-02-24 15:40:00,62.062,N
KRN004,2026-02-24 15:50:00,62.083,N
KRN004,2026-02-24 16:00:00,62.123,N
KRN004,2026-02-24 16:10:00,62.146,N
KRN004,2026-02-24 16:20:00,62.173,N
KRN004,2026-02-24 16:30:00,62.189,N
KRN004,2026-02-24 16:40:00,62.215,N
KRN004,2026-02-24 16:50:00,62.23,N
KRN004,2026-02-24 17:00:00,62.235,N
KRN004,2026-02-24 17:10:00,62.255,N
KRN004,2026-02-24 17:20:00,62.27,N
KRN004,2026-02-24 17:30:00,62.277,N
KRN004,2026-02-24 17:40:00,62.292,N
KRN004,2026-02-24 17:50:00,62.303,N
KRN004,2026-02-24 18:00:00,62.323,N
KRN004,2026-02-24 18:10:00,62.326,N
KRN004,2026-02-24 18:20:00,62.34,N
KRN004,2026-02-24 18:30:00,62.352,N
KRN004,2026-02-24 18:40:00,62.358,N
KRN004,2026-02-24 18:50:00,62.369,N
KRN004,2026-02-24 19:00:00,62.387,N
KRN004,2026-02-24 19:10:00,62.4,N
KRN004,2026-02-24 19:20:00,62.417,N
KRN004,2026-02-24 19:30:00,62.43,N
KRN004,2026-02-24 19:40:00,62.439,N
KRN004,2026-02-24 19:50:00,62.463,N
KRN004,2026-02-24 20:00:00,62.477,N
KRN004,2026-02-24 20:10:00,62.496,N
KRN004,2026-02-24 20:20:00,62.508,N
KRN004,2026-02-24 20:30:00,62.531,N
KRN004,2026-02-24 20:40:00,62.548,N
KRN004,2026-02-24 20:50:00,62.569,N
KRN004,2026-02-24 21:00:00,62.586,N
KRN004,2026-02-24 21:10:00,62.593,N
KRN004,2026-02-24 21:20:00,62.623,N
KRN004,2026-02-24 21:30:00,62.641,N
KRN004,2026-02-24 21:40:00,62.655,N
KRN004,2026-02-24 21:50:00,62.681,N
KRN004,2026-02-24 22:00:00,62.7,N
KRN004,2026-02-24 22:10:00,62.715,N
KRN004,2026-02-24 22:20:00,62.737,N
KRN004,2026-02-24 22:30:00,62.749,N
KRN004,2026-02-24 22:40:00,62.775,N
KRN004,2026-02-24 22:50:00,62.788,N
KRN004,2026-02-24 23:00:00,62.802,N
KRN004,2026-02-24 23:10:00,62.828,N
KRN004,2026-02-24 23:20:00,62.84,N
KRN004,2026-02-24 23:30:00,62.858,N
KRN004,2026-02-24 23:40:00,62.866,N
KRN004,2026-02-24 23:50:00,62.889,N
KRN004,2026-02-25 00:00:00,62.904,N
KRN004,2026-02-25 00:10:00,62.915,N
KRN004,2026-02-25 00:20:00,62.931,N
KRN004,2026-02-25 00:30:00,62.946,N
KRN004,2026-02-25 00:40:00,62.959,N
KRN004,2026-02-25 00:50:00,62.969,N
KRN004,2026-02-25 01:00:00,62.98,N
KRN004,2026-02-25 01:10:00,63,N
KRN004,2026-02-25 01:20:00,63.009,N
KRN004,2026-02-25 01:30:00,63.014,N
KRN004,2026-02-25 01:40:00,63.033,N
KRN004,2026-02-25 01:50:00,63.044,N
KRN004,2026-02-25 02:00:00,63.049,N
KRN004,2026-02-25 02:10:00,63.057,N
KRN004,2026-02-25 02:20:00,63.061,N
KRN004,2026-02-25 02:30:00,63.067,N
KRN004,2026-02-25 02:40:00,63.078,N
KRN004,2026-02-25 02:50:00,63.092,N
KRN004,2026-02-25 03:00:00,63.096,N
KRN004,2026-02-25 03:10:00,63.091,N
KRN004,2026-02-25 03:20:00,63.091,N
KRN004,2026-02-25 03:30:00,63.096,N
KRN004,2026-02-25 03:40:00,63.101,N
KRN004,2026-02-25 03:50:00,63.102,N
KRN004,2026-02-25 04:00:00,63.095,N
KRN004,2026-02-25 04:10:00,63.094,N
KRN004,2026-02-25 04:20:00,63.096,N
KRN004,2026-02-25 04:30:00,63.095,N
KRN004,2026-02-25 04:40:00,63.092,N
KRN004,2026-02-25 04:50:00,63.094,N
KRN004,2026-02-25 05:00:00,63.088,N
KRN004,2026-02-25 05:10:00,63.08,N
KRN004,2026-02-25 05:20:00,63.074,N
KRN004,2026-02-25 05:30:00,63.07,N
KRN004,2026-02-25 05:40:00,63.06,N
KRN004,2026-02-25 05:50:00,63.056,N
KRN004,2026-02-25 06:00:00,63.044,N
KRN004,2026-02-25 06:10:00,63.032,N
KRN004,2026-02-25 06:20:00,63.024,N
KRN004,2026-02-25 06:30:00,63.006,N
KRN004,2026-02-25 06:40:00,62.991,N
KRN004,2026-02-25 06:50:00,62.964,N
KRN004,2026-02-25 07:00:00,62.952,N
KRN004,2026-02-25 07:10:00,62.93,N
KRN004,2026-02-25 07:20:00,62.903,N
KRN004,2026-02-25 07:30:00,62.88,N
KRN004,2026-02-25 07:40:00,62.853,N
KRN004,2026-02-25 07:50:00,62.825,N
KRN004,2026-02-25 08:00:00,62.795,N
KRN004,2026-02-25 08:10:00,62.76,N
KRN004,2026-02-25 08:20:00,62.719,N
KRN004,2026-02-25 08:30:00,62.683,N
KRN004,2026-02-25 08:40:00,62.642,N
KRN004,2026-02-25 08:50:00,62.597,N
KRN004,2026-02-25 09:00:00,62.563,N
KRN004,2026-02-25 09:10:00,62.519,N
KRN004,2026-02-25 09:20:00,62.473,N
KRN004,2026-02-25 09:30:00,62.424,N
KRN004,2026-02-25 09:40:00,62.375,N
KRN004,2026-02-25 09:50:00,62.323,N
KRN004,2026-02-25 10:00:00,62.284,N
KRN004,2026-02-25 10:10:00,62.233,N
KRN004,2026-02-25 10:20:00,62.18,N
KRN004,2026-02-25 10:30:00,62.129,N
KRN004,2026-02-25 10:40:00,62.083,N
KRN004,2026-02-25 10:50:00,62.035,N
KRN004,2026-02-25 11:00:00,61.985,N
KRN004,2026-02-25 11:10:00,61.94,N
KRN004,2026-02-25 11:20:00,61.895,N
KRN004,2026-02-25 11:30:00,61.853,N
KRN004,2026-02-25 11:40:00,61.821,N
KRN004,2026-02-25 11:50:00,61.783,N
KRN004,2026-02-25 12:00:00,61.747,N
KRN004,2026-02-25 12:10:00,61.721,N
KRN004,2026-02-25 12:20:00,61.694,N
KRN004,2026-02-25 12:30:00,61.678,N
KRN004,2026-02-25 12:40:00,61.664,N
KRN004,2026-02-25 12:50:00,61.656,N
KRN004,2026-02-25 13:00:00,61.646,N
KRN004,2026-02-25 13:10:00,61.653,N
KRN004,2026-02-25 13:20:00,61.66,N
KRN004,2026-02-25 13:30:00,61.674,N
KRN004,2026-02-25 13:40:00,61.686,N
KRN004,2026-02-25 13:50:00,61.706,N
KRN004,2026-02-25 14:00:00,61.731,N
KRN004,2026-02-25 14:10:00,61.755,N
KRN004,2026-02-25 14:20:00,61.788,N
KRN004,2026-02-25 14:30:00,61.819,N
KRN004,2026-02-25 14:40:00,61.854,N
KRN004,2026-02-25 14:50:00,61.88,N
KRN004,2026-02-25 15:00:00,61.922,N
KRN004,2026-02-25 15:10:00,61.953,N
KRN004,2026-02-25 15:20:00,61.991,N
KRN004,2026-02-25 15:30:00,62.015,N
KRN004,2026-02-25 15:40:00,62.066,N
KRN004,2026-02-25 15:50:00,62.096,N
KRN004,2026-02-25 16:00:00,62.126,N
KRN004,2026-02-25 16:10:00,62.165,N
KRN004,2026-02-25 16:20:00,62.187,N
KRN004,2026-02-25 16:30:00,62.219,N
KRN004,2026-02-25 16:40:00,62.249,N
KRN004,2026-02-25 16:50:00,62.28,N
KRN004,2026-02-25 17:00:00,62.311,N
KRN004,2026-02-25 17:10:00,62.335,N
KRN004,2026-02-25 17:20:00,62.358,N
KRN004,2026-02-25 17:30:00,62.379,N
KRN004,2026-02-25 17:40:00,62.413,N
KRN004,2026-02-25 17:50:00,62.429,N
KRN004,2026-02-25 18:00:00,62.451,N
KRN004,2026-02-25 18:10:00,62.47,N
KRN004,2026-02-25 18:20:00,62.494,N
KRN004,2026-02-25 18:30:00,62.518,N
KRN004,2026-02-25 18:40:00,62.544,N
KRN004,2026-02-25 18:50:00,62.552,N
KRN004,2026-02-25 19:00:00,62.579,N
KRN004,2026-02-25 19:10:00,62.594,N
KRN004,2026-02-25 19:20:00,62.612,N
KRN004,2026-02-25 19:30:00,62.633,N
KRN004,2026-02-25 19:40:00,62.648,N
KRN004,2026-02-25 19:50:00,62.669,N
KRN004,2026-02-25 20:00:00,62.68,N
KRN004,2026-02-25 20:10:00,62.707,N
KRN004,2026-02-25 20:20:00,62.72,N
KRN004,2026-02-25 20:30:00,62.729,N
KRN004,2026-02-25 20:40:00,62.748,N
KRN004,2026-02-25 20:50:00,62.765,N
KRN004,2026-02-25 21:00:00,62.78,N
KRN004,2026-02-25 21:10:00,62.79,N
KRN004,2026-02-25 21:20:00,62.805,N
KRN004,2026-02-25 21:30:00,62.823,N
KRN004,2026-02-25 21:40:00,62.824,N
KRN004,2026-02-25 21:50:00,62.842,N
KRN004,2026-02-25 22:00:00,62.846,N
KRN004,2026-02-25 22:10:00,62.863,N
KRN004,2026-02-25 22:20:00,62.874,N
KRN004,2026-02-25 22:30:00,62.879,N
KRN004,2026-02-25 22:40:00,62.893,N
KRN004,2026-02-25 22:50:00,62.907,N
KRN004,2026-02-25 23:00:00,62.914,N
KRN004,2026-02-25 23:10:00,62.925,N
KRN004,2026-02-25 23:20:00,62.927,N
KRN004,2026-02-25 23:30:00,62.94,N
KRN004,2026-02-25 23:40:00,62.946,N
KRN004,2026-02-25 23:50:00,62.959,N
KRN004,2026-02-26 00:00:00,62.966,N
KRN004,2026-02-26 00:10:00,62.974,N
KRN004,2026-02-26 00:20:00,62.981,N
KRN004,2026-02-26 00:30:00,62.992,N
KRN004,2026-02-26 00:40:00,62.995,N
KRN004,2026-02-26 00:50:00,63.01,N
KRN004,2026-02-26 01:00:00,63.007,N
KRN004,2026-02-26 01:10:00,63.019,N
KRN004,2026-02-26 01:20:00,63.019,N
KRN004,2026-02-26 01:30:00,63.028,N
KRN004,2026-02-26 01:40:00,63.034,N
KRN004,2026-02-26 01:50:00,63.036,N
KRN004,2026-02-26 02:00:00,63.043,N
KRN004,2026-02-26 02:10:00,63.046,N
KRN004,2026-02-26 02:20:00,63.044,N
KRN004,2026-02-26 02:30:00,63.054,N
KRN004,2026-02-26 02:40:00,63.055,N
KRN004,2026-02-26 02:50:00,63.062,N
KRN004,2026-02-26 03:00:00,63.056,N
KRN004,2026-02-26 03:10:00,63.06,N
KRN004,2026-02-26 03:20:00,63.06,N
KRN004,2026-02-26 03:30:00,63.056,N
KRN004,2026-02-26 03:40:00,63.061,N
KRN004,2026-02-26 03:50:00,63.063,N
KRN004,2026-02-26 04:00:00,63.06,N
KRN004,2026-02-26 04:10:00,63.063,N
KRN004,2026-02-26 04:20:00,63.05,N
KRN004,2026-02-26 04:30:00,63.049,N
KRN004,2026-02-26 04:40:00,63.046,N
KRN004,2026-02-26 04:50:00,63.039,N
KRN004,2026-02-26 05:00:00,63.034,N
KRN004,2026-02-26 05:10:00,63.03,N
KRN004,2026-02-26 05:20:00,63.02,N
KRN004,2026-02-26 05:30:00,62.999,N
KRN004,2026-02-26 05:40:00,62.982,N
KRN004,2026-02-26 05:50:00,62.971,N
KRN004,2026-02-26 06:00:00,62.954,N
KRN004,2026-02-26 06:10:00,62.938,N
KRN004,2026-02-26 06:20:00,62.913,N
KRN004,2026-02-26 06:30:00,62.887,N
KRN004,2026-02-26 06:40:00,62.862,N
KRN004,2026-02-26 06:50:00,62.837,N
KRN004,2026-02-26 07:00:00,62.808,N
KRN004,2026-02-26 07:10:00,62.769,N
KRN004,2026-02-26 07:20:00,62.739,N
KRN004,2026-02-26 07:30:00,62.705,N
KRN004,2026-02-26 07:40:00,62.668,N
KRN004,2026-02-26 07:50:00,62.619,N
KRN004,2026-02-26 08:00:00,62.582,N
KRN004,2026-02-26 08:10:00,62.539,N
KRN004,2026-02-26 08:20:00,62.49,N
KRN004,2026-02-26 08:30:00,62.443,N
KRN004,2026-02-26 08:40:00,62.4,N
KRN004,2026-02-26 08:50:00,62.347,N
KRN004,2026-02-26 09:00:00,62.298,N
KRN004,2026-02-26 09:10:00,62.245,N
KRN004,2026-02-26 09:20:00,62.197,N
KRN004,2026-02-26 09:30:00,62.142,N
KRN004,2026-02-26 09:40:00,62.093,N
KRN004,2026-02-26 09:50:00,62.038,N
KRN004,2026-02-26 10:00:00,61.986,N
KRN004,2026-02-26 10:10:00,61.931,N
KRN004,2026-02-26 10:20:00,61.882,N
KRN004,2026-02-26 10:30:00,61.829,N
KRN004,2026-02-26 10:40:00,61.788,N
KRN004,2026-02-26 10:50:00,61.739,N
KRN004,2026-02-26 11:00:00,61.699,N
KRN004,2026-02-26 11:10:00,61.653,N
KRN004,2026-02-26 11:20:00,61.633,N
KRN004,2026-02-26 11:30:00,61.594,N
KRN004,2026-02-26 11:40:00,61.575,N
KRN004,2026-02-26 11:50:00,61.56,N
KRN004,2026-02-26 12:00:00,61.548,N
KRN004,2026-02-26 12:10:00,61.543,N
KRN004,2026-02-26 12:20:00,61.544,N
KRN004,2026-02-26 12:30:00,61.551,N
KRN004,2026-02-26 12:40:00,61.567,N
KRN004,2026-02-26 12:50:00,61.584,N
KRN004,2026-02-26 13:00:00,61.608,N
KRN004,2026-02-26 13:10:00,61.631,N
KRN004,2026-02-26 13:20:00,61.672,N
KRN004,2026-02-26 13:30:00,61.698,N
KRN004,2026-02-26 13:40:00,61.732,N
KRN004,2026-02-26 13:50:00,61.779,N
KRN004,2026-02-26 14:00:00,61.819,N
KRN004,2026-02-26 14:10:00,61.86,N
KRN004,2026-02-26 14:20:00,61.897,N
KRN004,2026-02-26 14:30:00,61.928,N
KRN004,2026-02-26 14:40:00,61.987,N
KRN004,2026-02-26 14:50:00,62.026,N
KRN004,2026-02-26 15:00:00,62.062,N
KRN004,2026-02-26 15:10:00,62.103,N
KRN004,2026-02-26 15:20:00,62.15,N
KRN004,2026-02-26 15:30:00,62.184,N
KRN004,2026-02-26 15:40:00,62.228,N
KRN004,2026-02-26 15:50:00,62.265,N
KRN004,2026-02-26 16:00:00,62.3,N
KRN004,2026-02-26 16:10:00,62.328,N
KRN004,2026-02-26 16:20:00,62.367,N
KRN004,2026-02-26 16:30:00,62.398,N
KRN004,2026-02-26 16:40:00,62.43,N
KRN004,2026-02-26 16:50:00,62.464,N
KRN004,2026-02-26 17:00:00,62.497,N
KRN004,2026-02-26 17:10:00,62.531,N
KRN004,2026-02-26 17:20:00,62.56,N
KRN004,2026-02-26 17:30:00,62.587,N
KRN004,2026-02-26 17:40:00,62.619,N
KRN004,2026-02-26 17:50:00,62.644,N
KRN004,2026-02-26 18:00:00,62.672,N
KRN004,2026-02-26 18:10:00,62.688,N
KRN004,2026-02-26 18:20:00,62.714,N
KRN004,2026-02-26 18:30:00,62.741,N
KRN004,2026-02-26 18:40:00,62.764,N
KRN004,2026-02-26 18:50:00,62.781,N
KRN004,2026-02-26 19:00:00,62.807,N
KRN004,2026-02-26 19:10:00,62.829,N
KRN004,2026-02-26 19:20:00,62.85,N
KRN004,2026-02-26 19:30:00,62.863,N
KRN004,2026-02-26 19:40:00,62.882,N
KRN004,2026-02-26 19:50:00,62.896,N
KRN004,2026-02-26 20:00:00,62.92,N
KRN004,2026-02-26 20:10:00,62.937,N
KRN004,2026-02-26 20:20:00,62.939,N
KRN004,2026-02-26 20:30:00,62.962,N
KRN004,2026-02-26 20:40:00,62.974,N
KRN004,2026-02-26 20:50:00,62.986,N
KRN004,2026-02-26 21:00:00,62.998,N
KRN004,2026-02-26 21:10:00,63.007,N
KRN004,2026-02-26 21:20:00,63.01,N
KRN004,2026-02-26 21:30:00,63.019,N
KRN004,2026-02-26 21:40:00,63.033,N
KRN004,2026-02-26 21:50:00,63.044,N
KRN004,2026-02-26 22:00:00,63.048,N
KRN004,2026-02-26 22:10:00,63.054,N
KRN004,2026-02-26 22:20:00,63.054,N
KRN004,2026-02-26 22:30:00,63.061,N
KRN004,2026-02-26 22:40:00,63.063,N
KRN004,2026-02-26 22:50:00,63.062,N
KRN004,2026-02-26 23:00:00,63.067,N
KRN004,2026-02-26 23:10:00,63.065,N
KRN004,2026-02-26 23:20:00,63.062,N
KRN004,2026-02-26 23:30:00,63.075,N
KRN004,2026-02-26 23:40:00,63.067,N
KRN004,2026-02-26 23:50:00,63.07,N
KRN004,2026-02-27 00:00:00,63.076,N
KRN004,2026-02-27 00:10:00,63.068,N
KRN004,2026-02-27 00:20:00,63.067,N
KRN004,2026-02-27 00:30:00,63.067,N
KRN004,2026-02-27 00:40:00,63.057,N
KRN004,2026-02-27 00:50:00,63.054,N
KRN004,2026-02-27 01:00:00,63.047,N
KRN004,2026-02-27 01:10:00,63.044,N
KRN004,2026-02-27 01:20:00,63.044,N
KRN004,2026-02-27 01:30:00,63.039,N
KRN004,2026-02-27 01:40:00,63.032,N
KRN004,2026-02-27 01:50:00,63.028,N
KRN004,2026-02-27 02:00:00,63.023,N
KRN004,2026-02-27 02:10:00,63.019,N
KRN004,2026-02-27 02:20:00,63.007,N
KRN004,2026-02-27 02:30:00,63.009,N
KRN004,2026-02-27 02:40:00,63.003,N
KRN004,2026-02-27 02:50:00,62.998,N
KRN004,2026-02-27 03:00:00,62.988,N
KRN004,2026-02-27 03:10:00,62.991,N
KRN004,2026-02-27 03:20:00,62.979,N
KRN004,2026-02-27 03:30:00,62.975,N
KRN004,2026-02-27 03:40:00,62.972,N
KRN004,2026-02-27 03:50:00,62.965,N
KRN004,2026-02-27 04:00:00,62.961,N
KRN004,2026-02-27 04:10:00,62.951,N
KRN004,2026-02-27 04:20:00,62.951,N
KRN004,2026-02-27 04:30:00,62.94,N
KRN004,2026-02-27 04:40:00,62.933,N
KRN004,2026-02-27 04:50:00,62.92,N
KRN004,2026-02-27 05:00:00,62.918,N
KRN004,2026-02-27 05:10:00,62.912,N
KRN004,2026-02-27 05:20:00,62.898,N
KRN004,2026-02-27 05:30:00,62.886,N
KRN004,2026-02-27 05:40:00,62.878,N
KRN004,2026-02-27 05:50:00,62.867,N
KRN004,2026-02-27 06:00:00,62.855,N
KRN004,2026-02-27 06:10:00,62.84,N
KRN004,2026-02-27 06:20:00,62.832,N
KRN004,2026-02-27 06:30:00,62.811,N
KRN004,2026-02-27 06:40:00,62.803,N
KRN004,2026-02-27 06:50:00,62.78,N
KRN004,2026-02-27 07:00:00,62.767,N
KRN004,2026-02-27 07:10:00,62.755,N
KRN004,2026-02-27 07:20:00,62.736,N
KRN004,2026-02-27 07:30:00,62.706,N
KRN004,2026-02-27 07:40:00,62.698,N
KRN004,2026-02-27 07:50:00,62.673,N
KRN004,2026-02-27 08:00:00,62.648,N
KRN004,2026-02-27 08:10:00,62.63,N
KRN004,2026-02-27 08:20:00,62.6,N
KRN004,2026-02-27 08:30:00,62.583,N
KRN004,2026-02-27 08:40:00,62.557,N
KRN004,2026-02-27 08:50:00,62.537,N
KRN004,2026-02-27 09:00:00,62.507,N
KRN004,2026-02-27 09:10:00,62.48,N
KRN004,2026-02-27 09:20:00,62.453,N
KRN004,2026-02-27 09:30:00,62.432,N
KRN004,2026-02-27 09:40:00,62.405,N
KRN004,2026-02-27 09:50:00,62.389,N
KRN004,2026-02-27 10:00:00,62.366,N
KRN004,2026-02-27 10:10:00,62.342,N
KRN004,2026-02-27 10:20:00,62.319,N
KRN004,2026-02-27 10:30:00,62.301,N
KRN004,2026-02-27 10:40:00,62.282,N
KRN004,2026-02-27 10:50:00,62.27,N
KRN004,2026-02-27 11:00:00,62.249,N
KRN004,2026-02-27 11:10:00,62.236,N
KRN004,2026-02-27 11:20:00,62.229,N
KRN004,2026-02-27 11:30:00,62.221,N
KRN004,2026-02-27 11:40:00,62.205,N
KRN004,2026-02-27 11:50:00,62.204,N
KRN004,2026-02-27 12:00:00,62.204,N
KRN004,2026-02-27 12:10:00,62.202,N
KRN004,2026-02-27 12:20:00,62.191,N
KRN004,2026-02-27 12:30:00,62.197,N
KRN004,2026-02-27 12:40:00,62.197,N
KRN004,2026-02-27 12:50:00,62.197,N
KRN004,2026-02-27 13:00:00,62.203,N
KRN004,2026-02-27 13:10:00,62.211,N
KRN004,2026-02-27 13:20:00,62.222,N
KRN004,2026-02-27 13:30:00,62.236,N
KRN004,2026-02-27 13:40:00,62.236,N
KRN004,2026-02-27 13:50:00,62.25,N
KRN004,2026-02-27 14:00:00,62.259,N
KRN004,2026-02-27 14:10:00,62.272,N
KRN004,2026-02-27 14:20:00,62.285,N
KRN004,2026-02-27 14:30:00,62.308,N
KRN004,2026-02-27 14:40:00,62.318,N
KRN004,2026-02-27 14:50:00,62.338,N
KRN004,2026-02-27 15:00:00,62.344,N
KRN004,2026-02-27 15:10:00,62.361,N
KRN004,2026-02-27 15:20:00,62.375,N
KRN004,2026-02-27 15:30:00,62.388,N
KRN004,2026-02-27 15:40:00,62.402,N
KRN004,2026-02-27 15:50:00,62.419,N
KRN004,2026-02-27 16:00:00,62.429,N
KRN004,2026-02-27 16:10:00,62.433,N
KRN004,2026-02-27 16:20:00,62.437,N
KRN004,2026-02-27 16:30:00,62.446,N
KRN004,2026-02-27 16:40:00,62.448,N
KRN004,2026-02-27 16:50:00,62.448,N
KRN004,2026-02-27 17:00:00,62.451,N
KRN004,2026-02-27 17:10:00,62.449,N
KRN004,2026-02-27 17:20:00,62.446,N
KRN004,2026-02-27 17:30:00,62.443,N
KRN004,2026-02-27 17:40:00,62.443,N
KRN004,2026-02-27 17:50:00,62.435,N
KRN004,2026-02-27 18:00:00,62.437,N
KRN004,2026-02-27 18:10:00,62.421,N
KRN004,2026-02-27 18:20:00,62.415,N
KRN004,2026-02-27 18:30:00,62.407,N
KRN004,2026-02-27 18:40:00,62.402,N
KRN004,2026-02-27 18:50:00,62.401,N
KRN004,2026-02-27 19:00:00,62.39,N
KRN004,2026-02-27 19:10:00,62.385,N
KRN004,2026-02-27 19:20:00,62.382,N
KRN004,2026-02-27 19:30:00,62.373,N
KRN004,2026-02-27 19:40:00,62.379,N
KRN004,2026-02-27 19:50:00,62.374,N
KRN004,2026-02-27 20:00:00,62.376,N
KRN004,2026-02-27 20:10:00,62.378,N
KRN004,2026-02-27 20:20:00,62.382,N
KRN004,2026-02-27 20:30:00,62.39,N
KRN004,2026-02-27 20:40:00,62.388,N
KRN004,2026-02-27 20:50:00,62.394,N
KRN004,2026-02-27 21:00:00,62.409,N
KRN004,2026-02-27 21:10:00,62.419,N
KRN004,2026-02-27 21:20:00,62.427,N
KRN004,2026-02-27 21:30:00,62.436,N
KRN004,2026-02-27 21:40:00,62.454,N
KRN004,2026-02-27 21:50:00,62.47,N
KRN004,2026-02-27 22:00:00,62.481,N
KRN004,2026-02-27 22:10:00,62.505,N
KRN004,2026-02-27 22:20:00,62.518,N
KRN004,2026-02-27 22:30:00,62.542,N
KRN004,2026-02-27 22:40:00,62.558,N
KRN004,2026-02-27 22:50:00,62.572,N
KRN004,2026-02-27 23:00:00,62.586,N
KRN004,2026-02-27 23:10:00,62.6,N
KRN004,2026-02-27 23:20:00,62.614,N
KRN004,2026-02-27 23:30:00,62.644,N
KRN004,2026-02-27 23:40:00,62.658,N
KRN004,2026-02-27 23:50:00,62.676,N
KRN004,2026-02-28 00:00:00,62.685,N
KRN004,2026-02-28 00:10:00,62.705,N
KRN004,2026-02-28 00:20:00,62.721,N
KRN004,2026-02-28 00:30:00,62.733,N
KRN004,2026-02-28 00:40:00,62.753,N
KRN004,2026-02-28 00:50:00,62.761,N
KRN004,2026-02-28 01:00:00,62.769,N
KRN004,2026-02-28 01:10:00,62.785,N
KRN004,2026-02-28 01:20:00,62.801,N
KRN004,2026-02-28 01:30:00,62.812,N
KRN004,2026-02-28 01:40:00,62.826,N
KRN004,2026-02-28 01:50:00,62.83,N
KRN004,2026-02-28 02:00:00,62.84,N
KRN004,2026-02-28 02:10:00,62.849,N
KRN004,2026-02-28 02:20:00,62.857,N
KRN004,2026-02-28 02:30:00,62.863,N
KRN004,2026-02-28 02:40:00,62.869,N
KRN004,2026-02-28 02:50:00,62.871,N
KRN004,2026-02-28 03:00:00,62.88,N
KRN004,2026-02-28 03:10:00,62.879,N
KRN004,2026-02-28 03:20:00,62.885,N
KRN004,2026-02-28 03:30:00,62.885,N
KRN004,2026-02-28 03:40:00,62.889,N
KRN004,2026-02-28 03:50:00,62.893,N
KRN004,2026-02-28 04:00:00,62.884,N
KRN004,2026-02-28 04:10:00,62.889,N
KRN004,2026-02-28 04:20:00,62.884,N
KRN004,2026-02-28 04:30:00,62.882,N
KRN004,2026-02-28 04:40:00,62.869,N
KRN004,2026-02-28 04:50:00,62.87,N
KRN004,2026-02-28 05:00:00,62.866,N
KRN004,2026-02-28 05:10:00,62.85,N
KRN004,2026-02-28 05:20:00,62.849,N
KRN004,2026-02-28 05:30:00,62.838,N
KRN004,2026-02-28 05:40:00,62.83,N
KRN004,2026-02-28 05:50:00,62.817,N
KRN004,2026-02-28 06:00:00,62.809,N
KRN004,2026-02-28 06:10:00,62.796,N
KRN004,2026-02-28 06:20:00,62.788,N
KRN004,2026-02-28 06:30:00,62.775,N
KRN004,2026-02-28 06:40:00,62.76,N
KRN004,2026-02-28 06:50:00,62.75,N
KRN004,2026-02-28 07:00:00,62.741,N
KRN004,2026-02-28 07:10:00,62.73,N
KRN004,2026-02-28 07:20:00,62.712,N
KRN004,2026-02-28 07:30:00,62.694,N
KRN004,2026-02-28 07:40:00,62.68,N
KRN004,2026-02-28 07:50:00,62.669,N
KRN004,2026-02-28 08:00:00,62.66,N
KRN004,2026-02-28 08:10:00,62.646,N
KRN004,2026-02-28 08:20:00,62.625,N
KRN004,2026-02-28 08:30:00,62.61,N
KRN004,2026-02-28 08:40:00,62.601,N
KRN004,2026-02-28 08:50:00,62.583,N
KRN004,2026-02-28 09:00:00,62.567,N
KRN004,2026-02-28 09:10:00,62.556,N
KRN004,2026-02-28 09:20:00,62.543,N
KRN004,2026-02-28 09:30:00,62.53,N
KRN004,2026-02-28 09:40:00,62.518,N
KRN004,2026-02-28 09:50:00,62.509,N
KRN004,2026-02-28 10:00:00,62.494,N
KRN004,2026-02-28 10:10:00,62.483,N
KRN004,2026-02-28 10:20:00,62.467,N
KRN004,2026-02-28 10:30:00,62.465,N
KRN004,2026-02-28 10:40:00,62.451,N
KRN004,2026-02-28 10:50:00,62.443,N
KRN004,2026-02-28 11:00:00,62.43,N
KRN004,2026-02-28 11:10:00,62.422,N
KRN004,2026-02-28 11:20:00,62.409,N
KRN004,2026-02-28 11:30:00,62.401,N
KRN004,2026-02-28 11:40:00,62.393,N
KRN004,2026-02-28 11:50:00,62.39,N
KRN004,2026-02-28 12:00:00,62.379,N
KRN004,2026-02-28 12:10:00,62.376,N
KRN004,2026-02-28 12:20:00,62.374,N
KRN004,2026-02-28 12:30:00,62.366,N
KRN004,2026-02-28 12:40:00,62.364,N
KRN004,2026-02-28 12:50:00,62.357,N
KRN004,2026-02-28 13:00:00,62.355,N
KRN004,2026-02-28 13:10:00,62.355,N
KRN004,2026-02-28 13:20:00,62.36,N
KRN004,2026-02-28 13:30:00,62.353,N
KRN004,2026-02-28 13:40:00,62.364,N
KRN004,2026-02-28 13:50:00,62.362,N
KRN004,2026-02-28 14:00:00,62.361,N
KRN004,2026-02-28 14:10:00,62.366,N
KRN004,2026-02-28 14:20:00,62.368,N
KRN004,2026-02-28 14:30:00,62.372,N
KRN004,2026-02-28 14:40:00,62.369,N
KRN004,2026-02-28 14:50:00,62.378,N
KRN004,2026-02-28 15:00:00,62.368,N
KRN004,2026-02-28 15:10:00,62.376,N
KRN004,2026-02-28 15:20:00,62.372,N
KRN004,2026-02-28 15:30:00,62.371,N
KRN004,2026-02-28 15:40:00,62.366,N
KRN004,2026-02-28 15:50:00,62.361,N
KRN004,2026-02-28 16:00:00,62.361,N
KRN004,2026-02-28 16:10:00,62.353,N
KRN004,2026-02-28 16:20:00,62.346,N
KRN004,2026-02-28 16:30:00,62.335,N
KRN004,2026-02-28 16:40:00,62.323,N
KRN004,2026-02-28 16:50:00,62.315,N
KRN004,2026-02-28 17:00:00,62.29,N
KRN004,2026-02-28 17:10:00,62.278,N
KRN004,2026-02-28 17:20:00,62.262,N
KRN004,2026-02-28 17:30:00,62.243,N
KRN004,2026-02-28 17:40:00,62.226,N
KRN004,2026-02-28 17:50:00,62.215,N
KRN004,2026-02-28 18:00:00,62.201,N
KRN004,2026-02-28 18:10:00,62.183,N
KRN004,2026-02-28 18:20:00,62.161,N
KRN004,2026-02-28 18:30:00,62.15,N
KRN004,2026-02-28 18:40:00,62.147,N
KRN004,2026-02-28 18:50:00,62.137,N
KRN004,2026-02-28 19:00:00,62.129,N
KRN004,2026-02-28 19:10:00,62.121,N
KRN004,2026-02-28 19:20:00,62.121,N
KRN004,2026-02-28 19:30:00,62.12,N
KRN004,2026-02-28 19:40:00,62.116,N
KRN004,2026-02-28 19:50:00,62.126,N
KRN004,2026-02-28 20:00:00,62.139,N
KRN004,2026-02-28 20:10:00,62.143,N
KRN004,2026-02-28 20:20:00,62.154,N
KRN004,2026-02-28 20:30:00,62.168,N
KRN004,2026-02-28 20:40:00,62.185,N
KRN004,2026-02-28 20:50:00,62.199,N
KRN004,2026-02-28 21:00:00,62.218,N
KRN004,2026-02-28 21:10:00,62.239,N
KRN004,2026-02-28 21:20:00,62.258,N
KRN004,2026-02-28 21:30:00,62.277,N
KRN004,2026-02-28 21:40:00,62.301,N
KRN004,2026-02-28 21:50:00,62.324,N
KRN004,2026-02-28 22:00:00,62.345,N
KRN004,2026-02-28 22:10:00,62.367,N
KRN004,2026-02-28 22:20:00,62.39,N
KRN004,2026-02-28 22:30:00,62.412,N
KRN004,2026-02-28 22:40:00,62.442,N
KRN004,2026-02-28 22:50:00,62.453,N
KRN004,2026-02-28 23:00:00,62.484,N
KRN004,2026-02-28 23:10:00,62.508,N
KRN004,2026-02-28 23:20:00,62.526,N
KRN004,2026-02-28 23:30:00,62.553,N
KRN004,2026-02-28 23:40:00,62.571,N
KRN004,2026-02-28 23:50:00,62.6,N
RAJ002,2026-02-01 00:00:00,2.991,N
RAJ002,2026-02-01 00:10:00,2.992,N
RAJ002,2026-02-01 00:20:00,2.992,N
RAJ002,2026-02-01 00:30:00,2.993,N
RAJ002,2026-02-01 00:40:00,2.993,N
RAJ002,2026-02-01 00:50:00,2.995,N
RAJ002,2026-02-01 01:00:00,2.997,N
RAJ002,2026-02-01 01:10:00,2.997,N
RAJ002,2026-02-01 01:20:00,2.999,N
RAJ002,2026-02-01 01:30:00,2.999,N
RAJ002,2026-02-01 01:40:00,3,N
RAJ002,2026-02-01 01:50:00,3.001,N
RAJ002,2026-02-01 02:00:00,3.002,N
RAJ002,2026-02-01 02:10:00,3.004,N
RAJ002,2026-02-01 02:20:00,3.005,N
RAJ002,2026-02-01 02:30:00,3.008,N
RAJ002,2026-02-01 02:40:00,3.008,N
RAJ002,2026-02-01 02:50:00,3.009,N
RAJ002,2026-02-01 03:00:00,3.011,N
RAJ002,2026-02-01 03:10:00,3.011,N
RAJ002,2026-02-01 03:20:00,3.013,N
RAJ002,2026-02-01 03:30:00,3.014,N
RAJ002,2026-02-01 03:40:00,3.017,N
RAJ002,2026-02-01 03:50:00,3.018,N
RAJ002,2026-02-01 04:00:00,3.019,N
RAJ002,2026-02-01 04:10:00,3.02,N
RAJ002,2026-02-01 04:20:00,3.021,N
RAJ002,2026-02-01 04:30:00,3.022,N
RAJ002,2026-02-01 04:40:00,3.025,N
RAJ002,2026-02-01 04:50:00,3.026,N
RAJ002,2026-02-01 05:00:00,3.028,N
RAJ002,2026-02-01 05:10:00,3.031,N
RAJ002,2026-02-01 05:20:00,3.031,N
RAJ002,2026-02-01 05:30:00,3.035,N
RAJ002,2026-02-01 05:40:00,3.036,N
RAJ002,2026-02-01 05:50:00,3.038,N
RAJ002,2026-02-01 06:00:00,3.042,N
RAJ002,2026-02-01 06:10:00,3.046,N
RAJ002,2026-02-01 06:20:00,3.048,N
RAJ002,2026-02-01 06:30:00,3.05,N
RAJ002,2026-02-01 06:40:00,3.054,N
RAJ002,2026-02-01 06:50:00,3.058,N
RAJ002,2026-02-01 07:00:00,3.061,N
RAJ002,2026-02-01 07:10:00,3.066,N
RAJ002,2026-02-01 07:20:00,3.069,N
RAJ002,2026-02-01 07:30:00,3.075,N
RAJ002,2026-02-01 07:40:00,3.079,N
RAJ002,2026-02-01 07:50:00,3.083,N
RAJ002,2026-02-01 08:00:00,3.087,N
RAJ002,2026-02-01 08:10:00,3.093,N
RAJ002,2026-02-01 08:20:00,3.096,N
RAJ002,2026-02-01 08:30:00,3.102,N
RAJ002,2026-02-01 08:40:00,3.108,N
RAJ002,2026-02-01 08:50:00,3.115,N
RAJ002,2026-02-01 09:00:00,3.121,N
RAJ002,2026-02-01 09:10:00,3.127,N
RAJ002,2026-02-01 09:20:00,3.135,N
RAJ002,2026-02-01 09:30:00,3.141,N
RAJ002,2026-02-01 09:40:00,3.148,N
RAJ002,2026-02-01 09:50:00,3.155,N
RAJ002,2026-02-01 10:00:00,3.163,N
RAJ002,2026-02-01 10:10:00,3.17,N
RAJ002,2026-02-01 10:20:00,3.177,N
RAJ002,2026-02-01 10:30:00,3.181,N
RAJ002,2026-02-01 10:40:00,3.191,N
RAJ002,2026-02-01 10:50:00,3.197,N
RAJ002,2026-02-01 11:00:00,3.201,N
RAJ002,2026-02-01 11:10:00,3.211,N
RAJ002,2026-02-01 11:20:00,3.218,N
RAJ002,2026-02-01 11:30:00,3.223,N
RAJ002,2026-02-01 11:40:00,3.229,N
RAJ002,2026-02-01 11:50:00,3.236,N
RAJ002,2026-02-01 12:00:00,3.242,N
RAJ002,2026-02-01 12:10:00,3.246,N
RAJ002,2026-02-01 12:20:00,3.251,N
RAJ002,2026-02-01 12:30:00,3.254,N
RAJ002,2026-02-01 12:40:00,3.261,N
RAJ002,2026-02-01 12:50:00,3.265,N
RAJ002,2026-02-01 13:00:00,3.266,N
RAJ002,2026-02-01 13:10:00,3.271,N
RAJ002,2026-02-01 13:20:00,3.277,N
RAJ002,2026-02-01 13:30:00,3.279,N
RAJ002,2026-02-01 13:40:00,3.283,N
RAJ002,2026-02-01 13:50:00,3.286,N
RAJ002,2026-02-01 14:00:00,3.29,N
RAJ002,2026-02-01 14:10:00,3.29,N
RAJ002,2026-02-01 14:20:00,3.293,N
RAJ002,2026-02-01 14:30:00,3.294,N
RAJ002,2026-02-01 14:40:00,3.294,N
RAJ002,2026-02-01 14:50:00,3.3,N
RAJ002,2026-02-01 15:00:00,3.3,N
RAJ002,2026-02-01 15:10:00,3.302,N
RAJ002,2026-02-01 15:20:00,3.304,N
RAJ002,2026-02-01 15:30:00,3.307,N
RAJ002,2026-02-01 15:40:00,3.305,N
RAJ002,2026-02-01 15:50:00,3.308,N
RAJ002,2026-02-01 16:00:00,3.309,N
RAJ002,2026-02-01 16:10:00,3.311,N
RAJ002,2026-02-01 16:20:00,3.314,N
RAJ002,2026-02-01 16:30:00,3.314,N
RAJ002,2026-02-01 16:40:00,3.314,N
RAJ002,2026-02-01 16:50:00,3.315,N
RAJ002,2026-02-01 17:00:00,3.318,N
RAJ002,2026-02-01 17:10:00,3.319,N
RAJ002,2026-02-01 17:20:00,3.318,N
RAJ002,2026-02-01 17:30:00,3.319,N
RAJ002,2026-02-01 17:40:00,3.32,N
RAJ002,2026-02-01 17:50:00,3.321,N
RAJ002,2026-02-01 18:00:00,3.322,N
RAJ002,2026-02-01 18:10:00,3.324,N
RAJ002,2026-02-01 18:20:00,3.324,N
RAJ002,2026-02-01 18:30:00,3.325,N
RAJ002,2026-02-01 18:40:00,3.326,N
RAJ002,2026-02-01 18:50:00,3.326,N
RAJ002,2026-02-01 19:00:00,3.325,N
RAJ002,2026-02-01 19:10:00,3.326,N
RAJ002,2026-02-01 19:20:00,3.325,N
RAJ002,2026-02-01 19:30:00,3.324,N
RAJ002,2026-02-01 19:40:00,3.325,N
RAJ002,2026-02-01 19:50:00,3.322,N
RAJ002,2026-02-01 20:00:00,3.321,N
RAJ002,2026-02-01 20:10:00,3.319,N
RAJ002,2026-02-01 20:20:00,3.318,N
RAJ002,2026-02-01 20:30:00,3.315,N
RAJ002,2026-02-01 20:40:00,3.313,N
RAJ002,2026-02-01 20:50:00,3.309,N
RAJ002,2026-02-01 21:00:00,3.306,N
RAJ002,2026-02-01 21:10:00,3.305,N
RAJ002,2026-02-01 21:20:00,3.3,N
RAJ002,2026-02-01 21:30:00,3.297,N
RAJ002,2026-02-01 21:40:00,3.292,N
RAJ002,2026-02-01 21:50:00,3.288,N
RAJ002,2026-02-01 22:00:00,3.274,N
RAJ002,2026-02-01 22:10:00,3.278,N
RAJ002,2026-02-01 22:20:00,3.272,N
RAJ002,2026-02-01 22:30:00,3.268,N
RAJ002,2026-02-01 22:40:00,3.261,N
RAJ002,2026-02-01 22:50:00,3.256,N
RAJ002,2026-02-01 23:00:00,3.251,N
RAJ002,2026-02-01 23:10:00,3.245,N
RAJ002,2026-02-01 23:20:00,3.239,N
RAJ002,2026-02-01 23:30:00,3.232,N
RAJ002,2026-02-01 23:40:00,3.225,N
RAJ002,2026-02-01 23:50:00,3.219,N
RAJ002,2026-02-02 00:00:00,3.212,N
RAJ002,2026-02-02 00:10:00,3.205,N
RAJ002,2026-02-02 00:20:00,3.198,N
RAJ002,2026-02-02 00:30:00,3.191,N
RAJ002,2026-02-02 00:40:00,3.183,N
RAJ002,2026-02-02 00:50:00,3.177,N
RAJ002,2026-02-02 01:00:00,3.169,N
RAJ002,2026-02-02 01:10:00,3.162,N
RAJ002,2026-02-02 01:20:00,3.154,N
RAJ002,2026-02-02 01:30:00,3.149,N
RAJ002,2026-02-02 01:40:00,3.141,N
RAJ002,2026-02-02 01:50:00,3.133,N
RAJ002,2026-02-02 02:00:00,3.127,N
RAJ002,2026-02-02 02:10:00,3.12,N
RAJ002,2026-02-02 02:20:00,3.113,N
RAJ002,2026-02-02 02:30:00,3.106,N
RAJ002,2026-02-02 02:40:00,3.099,N
RAJ002,2026-02-02 02:50:00,3.09,N
RAJ002,2026-02-02 03:00:00,3.084,N
RAJ002,2026-02-02 03:10:00,3.079,N
RAJ002,2026-02-02 03:20:00,3.072,N
RAJ002,2026-02-02 03:30:00,3.065,N
RAJ002,2026-02-02 03:40:00,3.059,N
RAJ002,2026-02-02 03:50:00,3.05,N
RAJ002,2026-02-02 04:00:00,3.046,N
RAJ002,2026-02-02 04:10:00,3.039,N
RAJ002,2026-02-02 04:20:00,3.033,N
RAJ002,2026-02-02 04:30:00,3.027,N
RAJ002,2026-02-02 04:40:00,3.021,N
RAJ002,2026-02-02 04:50:00,3.015,N
RAJ002,2026-02-02 05:00:00,3.009,N
RAJ002,2026-02-02 05:10:00,3.004,N
RAJ002,2026-02-02 05:20:00,2.999,N
RAJ002,2026-02-02 05:30:00,2.992,N
RAJ002,2026-02-02 05:40:00,2.988,N
RAJ002,2026-02-02 05:50:00,2.983,N
RAJ002,2026-02-02 06:00:00,2.977,N
RAJ002,2026-02-02 06:10:00,2.973,N
RAJ002,2026-02-02 06:20:00,2.97,N
RAJ002,2026-02-02 06:30:00,2.963,N
RAJ002,2026-02-02 06:40:00,2.959,N
RAJ002,2026-02-02 06:50:00,2.956,N
RAJ002,2026-02-02 07:00:00,2.95,N
RAJ002,2026-02-02 07:10:00,2.946,N
RAJ002,2026-02-02 07:20:00,2.942,N
RAJ002,2026-02-02 07:30:00,2.937,N
RAJ002,2026-02-02 07:40:00,2.934,N
RAJ002,2026-02-02 07:50:00,2.93,N
RAJ002,2026-02-02 08:00:00,2.926,N
RAJ002,2026-02-02 08:10:00,2.924,N
RAJ002,2026-02-02 08:20:00,2.92,N
RAJ002,2026-02-02 08:30:00,2.918,N
RAJ002,2026-02-02 08:40:00,2.916,N
RAJ002,2026-02-02 08:50:00,2.915,N
RAJ002,2026-02-02 09:00:00,2.913,N
RAJ002,2026-02-02 09:10:00,2.915,N
RAJ002,2026-02-02 09:20:00,2.912,N
RAJ002,2026-02-02 09:30:00,2.915,N
RAJ002,2026-02-02 09:40:00,2.915,N
RAJ002,2026-02-02 09:50:00,2.916,N
RAJ002,2026-02-02 10:00:00,2.917,N
RAJ002,2026-02-02 10:10:00,2.919,N
RAJ002,2026-02-02 10:20:00,2.922,N
RAJ002,2026-02-02 10:30:00,2.925,N
RAJ002,2026-02-02 10:40:00,2.93,N
RAJ002,2026-02-02 10:50:00,2.932,N
RAJ002,2026-02-02 11:00:00,2.936,N
RAJ002,2026-02-02 11:10:00,2.939,N
RAJ002,2026-02-02 11:20:00,2.942,N
RAJ002,2026-02-02 11:30:00,2.949,N
RAJ002,2026-02-02 11:40:00,2.951,N
RAJ002,2026-02-02 11:50:00,2.96,N
RAJ002,2026-02-02 12:00:00,2.966,N
RAJ002,2026-02-02 12:10:00,2.964,N
RAJ002,2026-02-02 12:20:00,2.973,N
RAJ002,2026-02-02 12:30:00,2.979,N
RAJ002,2026-02-02 12:40:00,2.987,N
RAJ002,2026-02-02 12:50:00,2.986,N
RAJ002,2026-02-02 13:00:00,2.999,N
RAJ002,2026-02-02 13:10:00,3.006,N
RAJ002,2026-02-02 13:20:00,3.006,N
RAJ002,2026-02-02 13:30:00,3.02,N
RAJ002,2026-02-02 13:40:00,3.027,N
RAJ002,2026-02-02 13:50:00,3.034,N
RAJ002,2026-02-02 14:00:00,3.039,N
RAJ002,2026-02-02 14:10:00,3.046,N
RAJ002,2026-02-02 14:20:00,3.052,N
RAJ002,2026-02-02 14:30:00,3.065,N
RAJ002,2026-02-02 14:40:00,3.07,N
RAJ002,2026-02-02 14:50:00,3.076,N
RAJ002,2026-02-02 15:00:00,3.087,N
RAJ002,2026-02-02 15:10:00,3.096,N
RAJ002,2026-02-02 15:20:00,3.103,N
RAJ002,2026-02-02 15:30:00,3.113,N
RAJ002,2026-02-02 15:40:00,3.12,N
RAJ002,2026-02-02 15:50:00,3.128,N
RAJ002,2026-02-02 16:00:00,3.137,N
RAJ002,2026-02-02 16:10:00,3.144,N
RAJ002,2026-02-02 16:20:00,3.154,N
RAJ002,2026-02-02 16:30:00,3.163,N
RAJ002,2026-02-02 16:40:00,3.17,N
RAJ002,2026-02-02 16:50:00,3.179,N
RAJ002,2026-02-02 17:00:00,3.189,N
RAJ002,2026-02-02 17:10:00,3.196,N
RAJ002,2026-02-02 17:20:00,3.203,N
RAJ002,2026-02-02 17:30:00,3.212,N
RAJ002,2026-02-02 17:40:00,3.22,N
RAJ002,2026-02-02 17:50:00,3.227,N
RAJ002,2026-02-02 18:00:00,3.237,N
RAJ002,2026-02-02 18:10:00,3.244,N
RAJ002,2026-02-02 18:20:00,3.252,N
RAJ002,2026-02-02 18:30:00,3.259,N
RAJ002,2026-02-02 18:40:00,3.267,N
RAJ002,2026-02-02 18:50:00,3.271,N
RAJ002,2026-02-02 19:00:00,3.277,N
RAJ002,2026-02-02 19:10:00,3.284,N
RAJ002,2026-02-02 19:20:00,3.288,N
RAJ002,2026-02-02 19:30:00,3.293,N
RAJ002,2026-02-02 19:40:00,3.297,N
RAJ002,2026-02-02 19:50:00,3.3,N
RAJ002,2026-02-02 20:00:00,3.302,N
RAJ002,2026-02-02 20:10:00,3.306,N
RAJ002,2026-02-02 20:20:00,3.306,N
RAJ002,2026-02-02 20:30:00,3.307,N
RAJ002,2026-02-02 20:40:00,3.311,N
RAJ002,2026-02-02 20:50:00,3.309,N
RAJ002,2026-02-02 21:00:00,3.311,N
RAJ002,2026-02-02 21:10:00,3.309,N
RAJ002,2026-02-02 21:20:00,3.309,N
RAJ002,2026-02-02 21:30:00,3.308,N
RAJ002,2026-02-02 21:40:00,3.307,N
RAJ002,2026-02-02 21:50:00,3.305,N
RAJ002,2026-02-02 22:00:00,3.305,N
RAJ002,2026-02-02 22:10:00,3.299,N
RAJ002,2026-02-02 22:20:00,3.295,N
RAJ002,2026-02-02 22:30:00,3.294,N
RAJ002,2026-02-02 22:40:00,3.29,N
RAJ002,2026-02-02 22:50:00,3.285,N
RAJ002,2026-02-02 23:00:00,3.281,N
RAJ002,2026-02-02 23:10:00,3.277,N
RAJ002,2026-02-02 23:20:00,3.271,N
RAJ002,2026-02-02 23:30:00,3.265,N
RAJ002,2026-02-02 23:40:00,3.26,N
RAJ002,2026-02-02 23:50:00,3.253,N
RAJ002,2026-02-03 00:00:00,3.249,N
RAJ002,2026-02-03 00:10:00,3.242,N
RAJ002,2026-02-03 00:20:00,3.236,N
RAJ002,2026-02-03 00:30:00,3.229,N
RAJ002,2026-02-03 00:40:00,3.223,N
RAJ002,2026-02-03 00:50:00,3.216,N
RAJ002,2026-02-03 01:00:00,3.209,N
RAJ002,2026-02-03 01:10:00,3.203,N
RAJ002,2026-02-03 01:20:00,3.196,N
RAJ002,2026-02-03 01:30:00,3.189,N
RAJ002,2026-02-03 01:40:00,3.182,N
RAJ002,2026-02-03 01:50:00,3.174,N
RAJ002,2026-02-03 02:00:00,3.167,N
RAJ002,2026-02-03 02:10:00,3.161,N
RAJ002,2026-02-03 02:20:00,3.152,N
RAJ002,2026-02-03 02:30:00,3.148,N
RAJ002,2026-02-03 02:40:00,3.141,N
RAJ002,2026-02-03 02:50:00,3.135,N
RAJ002,2026-02-03 03:00:00,3.129,N
RAJ002,2026-02-03 03:10:00,3.123,N
RAJ002,2026-02-03 03:20:00,3.118,N
RAJ002,2026-02-03 03:30:00,3.113,N
RAJ002,2026-02-03 03:40:00,3.109,N
RAJ002,2026-02-03 03:50:00,3.104,N
RAJ002,2026-02-03 04:00:00,3.102,N
RAJ002,2026-02-03 04:10:00,3.099,N
RAJ002,2026-02-03 04:20:00,3.095,N
RAJ002,2026-02-03 04:30:00,3.093,N
RAJ002,2026-02-03 04:40:00,3.092,N
RAJ002,2026-02-03 04:50:00,3.09,N
RAJ002,2026-02-03 05:00:00,3.089,N
RAJ002,2026-02-03 05:10:00,3.088,N
RAJ002,2026-02-03 05:20:00,3.088,N
RAJ002,2026-02-03 05:30:00,3.089,N
RAJ002,2026-02-03 05:40:00,3.089,N
RAJ002,2026-02-03 05:50:00,3.09,N
RAJ002,2026-02-03 06:00:00,3.094,N
RAJ002,2026-02-03 06:10:00,3.094,N
RAJ002,2026-02-03 06:20:00,3.097,N
RAJ002,2026-02-03 06:30:00,3.1,N
RAJ002,2026-02-03 06:40:00,3.102,N
RAJ002,2026-02-03 06:50:00,3.106,N
RAJ002,2026-02-03 07:00:00,3.109,N
RAJ002,2026-02-03 07:10:00,3.113,N
RAJ002,2026-02-03 07:20:00,3.117,N
RAJ002,2026-02-03 07:30:00,3.121,N
RAJ002,2026-02-03 07:40:00,3.127,N
RAJ002,2026-02-03 07:50:00,3.13,N
RAJ002,2026-02-03 08:00:00,3.133,N
RAJ002,2026-02-03 08:10:00,3.136,N
RAJ002,2026-02-03 08:20:00,3.14,N
RAJ002,2026-02-03 08:30:00,3.145,N
RAJ002,2026-02-03 08:40:00,3.148,N
RAJ002,2026-02-03 08:50:00,3.152,N
RAJ002,2026-02-03 09:00:00,3.161,N
RAJ002,2026-02-03 09:10:00,3.165,N
RAJ002,2026-02-03 09:20:00,3.171,N
RAJ002,2026-02-03 09:30:00,3.177,N
RAJ002,2026-02-03 09:40:00,3.183,N
RAJ002,2026-02-03 09:50:00,3.188,N
RAJ002,2026-02-03 10:00:00,3.192,N
RAJ002,2026-02-03 10:10:00,3.202,N
RAJ002,2026-02-03 10:20:00,3.208,N
RAJ002,2026-02-03 10:30:00,3.215,N
RAJ002,2026-02-03 10:40:00,3.22,N
RAJ002,2026-02-03 10:50:00,3.226,N
RAJ002,2026-02-03 11:00:00,3.233,N
RAJ002,2026-02-03 11:10:00,3.238,N
RAJ002,2026-02-03 11:20:00,3.246,N
RAJ002,2026-02-03 11:30:00,3.246,N
RAJ002,2026-02-03 11:40:00,3.256,N
RAJ002,2026-02-03 11:50:00,3.263,N
RAJ002,2026-02-03 12:00:00,3.266,N
RAJ002,2026-02-03 12:10:00,3.268,N
RAJ002,2026-02-03 12:20:00,3.273,N
RAJ002,2026-02-03 12:30:00,3.277,N
RAJ002,2026-02-03 12:40:00,3.283,N
RAJ002,2026-02-03 12:50:00,3.288,N
RAJ002,2026-02-03 13:00:00,3.292,N
RAJ002,2026-02-03 13:10:00,3.297,N
RAJ002,2026-02-03 13:20:00,3.304,N
RAJ002,2026-02-03 13:30:00,3.305,N
RAJ002,2026-02-03 13:40:00,3.309,N
RAJ002,2026-02-03 13:50:00,3.311,N
RAJ002,2026-02-03 14:00:00,3.313,N
RAJ002,2026-02-03 14:10:00,3.317,N
RAJ002,2026-02-03 14:20:00,3.318,N
RAJ002,2026-02-03 14:30:00,3.32,N
RAJ002,2026-02-03 14:40:00,3.324,N
RAJ002,2026-02-03 14:50:00,3.324,N
RAJ002,2026-02-03 15:00:00,3.325,N
RAJ002,2026-02-03 15:10:00,3.326,N
RAJ002,2026-02-03 15:20:00,3.326,N
RAJ002,2026-02-03 15:30:00,3.326,N
RAJ002,2026-02-03 15:40:00,3.328,N
RAJ002,2026-02-03 15:50:00,3.328,N
RAJ002,2026-02-03 16:00:00,3.328,N
RAJ002,2026-02-03 16:10:00,3.327,N
RAJ002,2026-02-03 16:20:00,3.328,N
RAJ002,2026-02-03 16:30:00,3.327,N
RAJ002,2026-02-03 16:40:00,3.327,N
RAJ002,2026-02-03 16:50:00,3.324,N
RAJ002,2026-02-03 17:00:00,3.326,N
RAJ002,2026-02-03 17:10:00,3.32,N
RAJ002,2026-02-03 17:20:00,3.318,N
RAJ002,2026-02-03 17:30:00,3.319,N
RAJ002,2026-02-03 17:40:00,3.315,N
RAJ002,2026-02-03 17:50:00,3.313,N
RAJ002,2026-02-03 18:00:00,3.313,N
RAJ002,2026-02-03 18:10:00,3.309,N
RAJ002,2026-02-03 18:20:00,3.306,N
RAJ002,2026-02-03 18:30:00,3.304,N
RAJ002,2026-02-03 18:40:00,3.299,N
RAJ002,2026-02-03 18:50:00,3.295,N
RAJ002,2026-02-03 19:00:00,3.292,N
RAJ002,2026-02-03 19:10:00,3.287,N
RAJ002,2026-02-03 19:20:00,3.284,N
RAJ002,2026-02-03 19:30:00,3.278,N
RAJ002,2026-02-03 19:40:00,3.273,N
RAJ002,2026-02-03 19:50:00,3.27,N
RAJ002,2026-02-03 20:00:00,3.265,N
RAJ002,2026-02-03 20:10:00,3.26,N
RAJ002,2026-02-03 20:20:00,3.253,N
RAJ002,2026-02-03 20:30:00,3.249,N
RAJ002,2026-02-03 20:40:00,3.244,N
RAJ002,2026-02-03 20:50:00,3.238,N
RAJ002,2026-02-03 21:00:00,3.233,N
RAJ002,2026-02-03 21:10:00,3.227,N
RAJ002,2026-02-03 21:20:00,3.223,N
RAJ002,2026-02-03 21:30:00,3.217,N
RAJ002,2026-02-03 21:40:00,3.212,N
RAJ002,2026-02-03 21:50:00,3.205,N
RAJ002,2026-02-03 22:00:00,3.198,N
RAJ002,2026-02-03 22:10:00,3.195,N
RAJ002,2026-02-03 22:20:00,3.189,N
RAJ002,2026-02-03 22:30:00,3.182,N
RAJ002,2026-02-03 22:40:00,3.177,N
RAJ002,2026-02-03 22:50:00,3.17,N
RAJ002,2026-02-03 23:00:00,3.164,N
RAJ002,2026-02-03 23:10:00,3.158,N
RAJ002,2026-02-03 23:20:00,3.152,N
RAJ002,2026-02-03 23:30:00,3.147,N
RAJ002,2026-02-03 23:40:00,3.14,N
RAJ002,2026-02-03 23:50:00,3.134,N
RAJ002,2026-02-04 00:00:00,3.129,N
RAJ002,2026-02-04 00:10:00,3.121,N
RAJ002,2026-02-04 00:20:00,3.115,N
RAJ002,2026-02-04 00:30:00,3.11,N
RAJ002,2026-02-04 00:40:00,3.103,N
RAJ002,2026-02-04 00:50:00,3.096,N
RAJ002,2026-02-04 01:00:00,3.092,N
RAJ002,2026-02-04 01:10:00,3.084,N
RAJ002,2026-02-04 01:20:00,3.08,N
RAJ002,2026-02-04 01:30:00,3.074,N
RAJ002,2026-02-04 01:40:00,3.066,N
RAJ002,2026-02-04 01:50:00,3.06,N
RAJ002,2026-02-04 02:00:00,3.056,N
RAJ002,2026-02-04 02:10:00,3.05,N
RAJ002,2026-02-04 02:20:00,3.045,N
RAJ002,2026-02-04 02:30:00,3.039,N
RAJ002,2026-02-04 02:40:00,3.033,N
RAJ002,2026-02-04 02:50:00,3.027,N
RAJ002,2026-02-04 03:00:00,3.021,N
RAJ002,2026-02-04 03:10:00,3.017,N
RAJ002,2026-02-04 03:20:00,3.012,N
RAJ002,2026-02-04 03:30:00,3.007,N
RAJ002,2026-02-04 03:40:00,3.001,N
RAJ002,2026-02-04 03:50:00,2.999,N
RAJ002,2026-02-04 04:00:00,2.993,N
RAJ002,2026-02-04 04:10:00,2.988,N
RAJ002,2026-02-04 04:20:00,2.984,N
RAJ002,2026-02-04 04:30:00,2.979,N
RAJ002,2026-02-04 04:40:00,2.974,N
RAJ002,2026-02-04 04:50:00,2.972,N
RAJ002,2026-02-04 05:00:00,2.967,N
RAJ002,2026-02-04 05:10:00,2.963,N
RAJ002,2026-02-04 05:20:00,2.959,N
RAJ002,2026-02-04 05:30:00,2.956,N
RAJ002,2026-02-04 05:40:00,2.951,N
RAJ002,2026-02-04 05:50:00,2.949,N
RAJ002,2026-02-04 06:00:00,2.945,N
RAJ002,2026-02-04 06:10:00,2.942,N
RAJ002,2026-02-04 06:20:00,2.937,N
RAJ002,2026-02-04 06:30:00,2.934,N
RAJ002,2026-02-04 06:40:00,2.931,N
RAJ002,2026-02-04 06:50:00,2.927,N
RAJ002,2026-02-04 07:00:00,2.925,N
RAJ002,2026-02-04 07:10:00,2.92,N
RAJ002,2026-02-04 07:20:00,2.918,N
RAJ002,2026-02-04 07:30:00,2.917,N
RAJ002,2026-02-04 07:40:00,2.912,N
RAJ002,2026-02-04 07:50:00,2.909,N
RAJ002,2026-02-04 08:00:00,2.906,N
RAJ002,2026-02-04 08:10:00,2.903,N
RAJ002,2026-02-04 08:20:00,2.9,N
RAJ002,2026-02-04 08:30:00,2.899,N
RAJ002,2026-02-04 08:40:00,2.897,N
RAJ002,2026-02-04 08:50:00,2.892,N
RAJ002,2026-02-04 09:00:00,2.891,N
RAJ002,2026-02-04 09:10:00,2.89,N
RAJ002,2026-02-04 09:20:00,2.888,N
RAJ002,2026-02-04 09:30:00,2.886,N
RAJ002,2026-02-04 09:40:00,2.883,N
RAJ002,2026-02-04 09:50:00,2.884,N
RAJ002,2026-02-04 10:00:00,2.884,N
RAJ002,2026-02-04 10:10:00,2.885,N
RAJ002,2026-02-04 10:20:00,2.886,N
RAJ002,2026-02-04 10:30:00,2.884,N
RAJ002,2026-02-04 10:40:00,2.885,N
RAJ002,2026-02-04 10:50:00,2.889,N
RAJ002,2026-02-04 11:00:00,2.89,N
RAJ002,2026-02-04 11:10:00,2.89,N
RAJ002,2026-02-04 11:20:00,2.891,N
RAJ002,2026-02-04 11:30:00,2.9,N
RAJ002,2026-02-04 11:40:00,2.897,N
RAJ002,2026-02-04 11:50:00,2.9,N
RAJ002,2026-02-04 12:00:00,2.9,N
RAJ002,2026-02-04 12:10:00,2.908,N
RAJ002,2026-02-04 12:20:00,2.909,N
RAJ002,2026-02-04 12:30:00,2.916,N
RAJ002,2026-02-04 12:40:00,2.919,N
RAJ002,2026-02-04 12:50:00,2.925,N
RAJ002,2026-02-04 13:00:00,2.93,N
RAJ002,2026-02-04 13:10:00,2.938,N
RAJ002,2026-02-04 13:20:00,2.938,N
RAJ002,2026-02-04 13:30:00,2.947,N
RAJ002,2026-02-04 13:40:00,2.952,N
RAJ002,2026-02-04 13:50:00,2.957,N
RAJ002,2026-02-04 14:00:00,2.965,N
RAJ002,2026-02-04 14:10:00,2.972,N
RAJ002,2026-02-04 14:20:00,2.977,N
RAJ002,2026-02-04 14:30:00,2.984,N
RAJ002,2026-02-04 14:40:00,2.991,N
RAJ002,2026-02-04 14:50:00,2.997,N
RAJ002,2026-02-04 15:00:00,3.006,N
RAJ002,2026-02-04 15:10:00,3.012,N
RAJ002,2026-02-04 15:20:00,3.02,N
RAJ002,2026-02-04 15:30:00,3.026,N
RAJ002,2026-02-04 15:40:00,3.035,N
RAJ002,2026-02-04 15:50:00,3.043,N
RAJ002,2026-02-04 16:00:00,3.048,N
RAJ002,2026-02-04 16:10:00,3.056,N
RAJ002,2026-02-04 16:20:00,3.062,N
RAJ002,2026-02-04 16:30:00,3.072,N
RAJ002,2026-02-04 16:40:00,3.077,N
RAJ002,2026-02-04 16:50:00,3.086,N
RAJ002,2026-02-04 17:00:00,3.092,N
RAJ002,2026-02-04 17:10:00,3.099,N
RAJ002,2026-02-04 17:20:00,3.106,N
RAJ002,2026-02-04 17:30:00,3.111,N
RAJ002,2026-02-04 17:40:00,3.117,N
RAJ002,2026-02-04 17:50:00,3.124,N
RAJ002,2026-02-04 18:00:00,3.129,N
RAJ002,2026-02-04 18:10:00,3.135,N
RAJ002,2026-02-04 18:20:00,3.141,N
RAJ002,2026-02-04 18:30:00,3.147,N
RAJ002,2026-02-04 18:40:00,3.151,N
RAJ002,2026-02-04 18:50:00,3.155,N
RAJ002,2026-02-04 19:00:00,3.159,N
RAJ002,2026-02-04 19:10:00,3.163,N
RAJ002,2026-02-04 19:20:00,3.165,N
RAJ002,2026-02-04 19:30:00,3.17,N
RAJ002,2026-02-04 19:40:00,3.174,N
RAJ002,2026-02-04 19:50:00,3.175,N
RAJ002,2026-02-04 20:00:00,3.178,N
RAJ002,2026-02-04 20:10:00,3.182,N
RAJ002,2026-02-04 20:20:00,3.182,N
RAJ002,2026-02-04 20:30:00,3.184,N
RAJ002,2026-02-04 20:40:00,3.185,N
RAJ002,2026-02-04 20:50:00,3.188,N
RAJ002,2026-02-04 21:00:00,3.188,N
RAJ002,2026-02-04 21:10:00,3.191,N
RAJ002,2026-02-04 21:20:00,3.191,N
RAJ002,2026-02-04 21:30:00,3.192,N
RAJ002,2026-02-04 21:40:00,3.193,N
RAJ002,2026-02-04 21:50:00,3.193,N
RAJ002,2026-02-04 22:00:00,3.195,N
RAJ002,2026-02-04 22:10:00,3.195,N
RAJ002,2026-02-04 22:20:00,3.195,N
RAJ002,2026-02-04 22:30:00,3.195,N
RAJ002,2026-02-04 22:40:00,3.196,N
RAJ002,2026-02-04 22:50:00,3.195,N
RAJ002,2026-02-04 23:00:00,3.195,N
RAJ002,2026-02-04 23:10:00,3.193,N
RAJ002,2026-02-04 23:20:00,3.192,N
RAJ002,2026-02-04 23:30:00,3.191,N
RAJ002,2026-02-04 23:40:00,3.191,N
RAJ002,2026-02-04 23:50:00,3.189,N
RAJ002,2026-02-05 00:00:00,3.188,N
RAJ002,2026-02-05 00:10:00,3.186,N
RAJ002,2026-02-05 00:20:00,3.185,N
RAJ002,2026-02-05 00:30:00,3.183,N
RAJ002,2026-02-05 00:40:00,3.181,N
RAJ002,2026-02-05 00:50:00,3.179,N
RAJ002,2026-02-05 01:00:00,3.178,N
RAJ002,2026-02-05 01:10:00,3.177,N
RAJ002,2026-02-05 01:20:00,3.172,N
RAJ002,2026-02-05 01:30:00,3.172,N
RAJ002,2026-02-05 01:40:00,3.169,N
RAJ002,2026-02-05 01:50:00,3.167,N
RAJ002,2026-02-05 02:00:00,3.165,N
RAJ002,2026-02-05 02:10:00,3.162,N
RAJ002,2026-02-05 02:20:00,3.159,N
RAJ002,2026-02-05 02:30:00,3.157,N
RAJ002,2026-02-05 02:40:00,3.156,N
RAJ002,2026-02-05 02:50:00,3.152,N
RAJ002,2026-02-05 03:00:00,3.15,N
RAJ002,2026-02-05 03:10:00,3.148,N
RAJ002,2026-02-05 03:20:00,3.145,N
RAJ002,2026-02-05 03:30:00,3.142,N
RAJ002,2026-02-05 03:40:00,3.141,N
RAJ002,2026-02-05 03:50:00,3.138,N
RAJ002,2026-02-05 04:00:00,3.135,N
RAJ002,2026-02-05 04:10:00,3.133,N
RAJ002,2026-02-05 04:20:00,3.131,N
RAJ002,2026-02-05 04:30:00,3.129,N
RAJ002,2026-02-05 04:40:00,3.127,N
RAJ002,2026-02-05 04:50:00,3.123,N
RAJ002,2026-02-05 05:00:00,3.121,N
RAJ002,2026-02-05 05:10:00,3.12,N
RAJ002,2026-02-05 05:20:00,3.116,N
RAJ002,2026-02-05 05:30:00,3.115,N
RAJ002,2026-02-05 05:40:00,3.113,N
RAJ002,2026-02-05 05:50:00,3.109,N
RAJ002,2026-02-05 06:00:00,3.107,N
RAJ002,2026-02-05 06:10:00,3.106,N
RAJ002,2026-02-05 06:20:00,3.104,N
RAJ002,2026-02-05 06:30:00,3.102,N
RAJ002,2026-02-05 06:40:00,3.1,N
RAJ002,2026-02-05 06:50:00,3.099,N
RAJ002,2026-02-05 07:00:00,3.096,N
RAJ002,2026-02-05 07:10:00,3.095,N
RAJ002,2026-02-05 07:20:00,3.094,N
RAJ002,2026-02-05 07:30:00,3.09,N
RAJ002,2026-02-05 07:40:00,3.088,N
RAJ002,2026-02-05 07:50:00,3.086,N
RAJ002,2026-02-05 08:00:00,3.083,N
RAJ002,2026-02-05 08:10:00,3.082,N
RAJ002,2026-02-05 08:20:00,3.076,N
RAJ002,2026-02-05 08:30:00,3.076,N
RAJ002,2026-02-05 08:40:00,3.073,N
RAJ002,2026-02-05 08:50:00,3.072,N
RAJ002,2026-02-05 09:00:00,3.07,N
RAJ002,2026-02-05 09:10:00,3.07,N
RAJ002,2026-02-05 09:20:00,3.068,N
RAJ002,2026-02-05 09:30:00,3.069,N
RAJ002,2026-02-05 09:40:00,3.068,N
RAJ002,2026-02-05 09:50:00,3.068,N
RAJ002,2026-02-05 10:00:00,3.068,N
RAJ002,2026-02-05 10:10:00,3.069,N
RAJ002,2026-02-05 10:20:00,3.069,N
RAJ002,2026-02-05 10:30:00,3.069,N
RAJ002,2026-02-05 10:40:00,3.07,N
RAJ002,2026-02-05 10:50:00,3.072,N
RAJ002,2026-02-05 11:00:00,3.075,N
RAJ002,2026-02-05 11:10:00,3.076,N
RAJ002,2026-02-05 11:20:00,3.077,N
RAJ002,2026-02-05 11:30:00,3.08,N
RAJ002,2026-02-05 11:40:00,3.08,N
RAJ002,2026-02-05 11:50:00,3.084,N
RAJ002,2026-02-05 12:00:00,3.086,N
RAJ002,2026-02-05 12:10:00,3.089,N
RAJ002,2026-02-05 12:20:00,3.09,N
RAJ002,2026-02-05 12:30:00,3.093,N
RAJ002,2026-02-05 12:40:00,3.095,N
RAJ002,2026-02-05 12:50:00,3.095,N
RAJ002,2026-02-05 13:00:00,3.093,N
RAJ002,2026-02-05 13:10:00,3.099,N
RAJ002,2026-02-05 13:20:00,3.101,N
RAJ002,2026-02-05 13:30:00,3.1,N
RAJ002,2026-02-05 13:40:00,3.1,N
RAJ002,2026-02-05 13:50:00,3.102,N
RAJ002,2026-02-05 14:00:00,3.101,N
RAJ002,2026-02-05 14:10:00,3.1,N
RAJ002,2026-02-05 14:20:00,3.101,N
RAJ002,2026-02-05 14:30:00,3.103,N
RAJ002,2026-02-05 14:40:00,3.104,N
RAJ002,2026-02-05 14:50:00,3.102,N
RAJ002,2026-02-05 15:00:00,3.104,N
RAJ002,2026-02-05 15:10:00,3.103,N
RAJ002,2026-02-05 15:20:00,3.102,N
RAJ002,2026-02-05 15:30:00,3.104,N
RAJ002,2026-02-05 15:40:00,3.099,N
RAJ002,2026-02-05 15:50:00,3.1,N
RAJ002,2026-02-05 16:00:00,3.1,N
RAJ002,2026-02-05 16:10:00,3.097,N
RAJ002,2026-02-05 16:20:00,3.099,N
RAJ002,2026-02-05 16:30:00,3.097,N
RAJ002,2026-02-05 16:40:00,3.096,N
RAJ002,2026-02-05 16:50:00,3.094,N
RAJ002,2026-02-05 17:00:00,3.094,N
RAJ002,2026-02-05 17:10:00,3.09,N
RAJ002,2026-02-05 17:20:00,3.089,N
RAJ002,2026-02-05 17:30:00,3.09,N
RAJ002,2026-02-05 17:40:00,3.087,N
RAJ002,2026-02-05 17:50:00,3.081,N
RAJ002,2026-02-05 18:00:00,3.082,N
RAJ002,2026-02-05 18:10:00,3.08,N
RAJ002,2026-02-05 18:20:00,3.077,N
RAJ002,2026-02-05 18:30:00,3.075,N
RAJ002,2026-02-05 18:40:00,3.075,N
RAJ002,2026-02-05 18:50:00,3.07,N
RAJ002,2026-02-05 19:00:00,3.069,N
RAJ002,2026-02-05 19:10:00,3.066,N
RAJ002,2026-02-05 19:20:00,3.065,N
RAJ002,2026-02-05 19:30:00,3.061,N
RAJ002,2026-02-05 19:40:00,3.059,N
RAJ002,2026-02-05 19:50:00,3.053,N
RAJ002,2026-02-05 20:00:00,3.052,N
RAJ002,2026-02-05 20:10:00,3.049,N
RAJ002,2026-02-05 20:20:00,3.042,N
RAJ002,2026-02-05 20:30:00,3.041,N
RAJ002,2026-02-05 20:40:00,3.035,N
RAJ002,2026-02-05 20:50:00,3.032,N
RAJ002,2026-02-05 21:00:00,3.025,N
RAJ002,2026-02-05 21:10:00,3.022,N
RAJ002,2026-02-05 21:20:00,3.019,N
RAJ002,2026-02-05 21:30:00,3.013,N
RAJ002,2026-02-05 21:40:00,3.007,N
RAJ002,2026-02-05 21:50:00,3,N
RAJ002,2026-02-05 22:00:00,2.995,N
RAJ002,2026-02-05 22:10:00,2.995,N
RAJ002,2026-02-05 22:20:00,2.986,N
RAJ002,2026-02-05 22:30:00,2.98,N
RAJ002,2026-02-05 22:40:00,2.979,N
RAJ002,2026-02-05 22:50:00,2.971,N
RAJ002,2026-02-05 23:00:00,2.965,N
RAJ002,2026-02-05 23:10:00,2.959,N
RAJ002,2026-02-05 23:20:00,2.953,N
RAJ002,2026-02-05 23:30:00,2.945,N
RAJ002,2026-02-05 23:40:00,2.938,N
RAJ002,2026-02-05 23:50:00,2.931,N
RAJ002,2026-02-06 00:00:00,2.922,N
RAJ002,2026-02-06 00:10:00,2.913,N
RAJ002,2026-02-06 00:20:00,2.906,N
RAJ002,2026-02-06 00:30:00,2.897,N
RAJ002,2026-02-06 00:40:00,2.888,N
RAJ002,2026-02-06 00:50:00,2.879,N
RAJ002,2026-02-06 01:00:00,2.871,N
RAJ002,2026-02-06 01:10:00,2.861,N
RAJ002,2026-02-06 01:20:00,2.852,N
RAJ002,2026-02-06 01:30:00,2.844,N
RAJ002,2026-02-06 01:40:00,2.835,N
RAJ002,2026-02-06 01:50:00,2.825,N
RAJ002,2026-02-06 02:00:00,2.816,N
RAJ002,2026-02-06 02:10:00,2.808,N
RAJ002,2026-02-06 02:20:00,2.799,N
RAJ002,2026-02-06 02:30:00,2.788,N
RAJ002,2026-02-06 02:40:00,2.78,N
RAJ002,2026-02-06 02:50:00,2.772,N
RAJ002,2026-02-06 03:00:00,2.765,N
RAJ002,2026-02-06 03:10:00,2.755,N
RAJ002,2026-02-06 03:20:00,2.746,N
RAJ002,2026-02-06 03:30:00,2.738,N
RAJ002,2026-02-06 03:40:00,2.729,N
RAJ002,2026-02-06 03:50:00,2.722,N
RAJ002,2026-02-06 04:00:00,2.714,N
RAJ002,2026-02-06 04:10:00,2.708,N
RAJ002,2026-02-06 04:20:00,2.7,N
RAJ002,2026-02-06 04:30:00,2.693,N
RAJ002,2026-02-06 04:40:00,2.688,N
RAJ002,2026-02-06 04:50:00,2.68,N
RAJ002,2026-02-06 05:00:00,2.674,N
RAJ002,2026-02-06 05:10:00,2.668,N
RAJ002,2026-02-06 05:20:00,2.663,N
RAJ002,2026-02-06 05:30:00,2.657,N
RAJ002,2026-02-06 05:40:00,2.651,N
RAJ002,2026-02-06 05:50:00,2.647,N
RAJ002,2026-02-06 06:00:00,2.642,N
RAJ002,2026-02-06 06:10:00,2.636,N
RAJ002,2026-02-06 06:20:00,2.632,N
RAJ002,2026-02-06 06:30:00,2.627,N
RAJ002,2026-02-06 06:40:00,2.624,N
RAJ002,2026-02-06 06:50:00,2.619,N
RAJ002,2026-02-06 07:00:00,2.617,N
RAJ002,2026-02-06 07:10:00,2.612,N
RAJ002,2026-02-06 07:20:00,2.608,N
RAJ002,2026-02-06 07:30:00,2.604,N
RAJ002,2026-02-06 07:40:00,2.6,N
RAJ002,2026-02-06 07:50:00,2.596,N
RAJ002,2026-02-06 08:00:00,2.591,N
RAJ002,2026-02-06 08:10:00,2.588,N
RAJ002,2026-02-06 08:20:00,2.584,N
RAJ002,2026-02-06 08:30:00,2.581,N
RAJ002,2026-02-06 08:40:00,2.578,N
RAJ002,2026-02-06 08:50:00,2.576,N
RAJ002,2026-02-06 09:00:00,2.574,N
RAJ002,2026-02-06 09:10:00,2.57,N
RAJ002,2026-02-06 09:20:00,2.569,N
RAJ002,2026-02-06 09:30:00,2.568,N
RAJ002,2026-02-06 09:40:00,2.567,N
RAJ002,2026-02-06 09:50:00,2.565,N
RAJ002,2026-02-06 10:00:00,2.564,N
RAJ002,2026-02-06 10:10:00,2.564,N
RAJ002,2026-02-06 10:20:00,2.565,N
RAJ002,2026-02-06 10:30:00,2.565,N
RAJ002,2026-02-06 10:40:00,2.565,N
RAJ002,2026-02-06 10:50:00,2.565,N
RAJ002,2026-02-06 11:00:00,2.571,N
RAJ002,2026-02-06 11:10:00,2.568,N
RAJ002,2026-02-06 11:20:00,2.574,N
RAJ002,2026-02-06 11:30:00,2.574,N
RAJ002,2026-02-06 11:40:00,2.576,N
RAJ002,2026-02-06 11:50:00,2.576,N
RAJ002,2026-02-06 12:00:00,2.577,N
RAJ002,2026-02-06 12:10:00,2.578,N
RAJ002,2026-02-06 12:20:00,2.582,N
RAJ002,2026-02-06 12:30:00,2.589,N
RAJ002,2026-02-06 12:40:00,2.589,N
RAJ002,2026-02-06 12:50:00,2.592,N
RAJ002,2026-02-06 13:00:00,2.591,N
RAJ002,2026-02-06 13:10:00,2.597,N
RAJ002,2026-02-06 13:20:00,2.599,N
RAJ002,2026-02-06 13:30:00,2.599,N
RAJ002,2026-02-06 13:40:00,2.6,N
RAJ002,2026-02-06 13:50:00,2.6,N
RAJ002,2026-02-06 14:00:00,2.598,N
RAJ002,2026-02-06 14:10:00,2.602,N
RAJ002,2026-02-06 14:20:00,2.6,N
RAJ002,2026-02-06 14:30:00,2.599,N
RAJ002,2026-02-06 14:40:00,2.6,N
RAJ002,2026-02-06 14:50:00,2.599,N
RAJ002,2026-02-06 15:00:00,2.599,N
RAJ002,2026-02-06 15:10:00,2.598,N
RAJ002,2026-02-06 15:20:00,2.596,N
RAJ002,2026-02-06 15:30:00,2.596,N
RAJ002,2026-02-06 15:40:00,2.595,N
RAJ002,2026-02-06 15:50:00,2.593,N
RAJ002,2026-02-06 16:00:00,2.592,N
RAJ002,2026-02-06 16:10:00,2.59,N
RAJ002,2026-02-06 16:20:00,2.589,N
RAJ002,2026-02-06 16:30:00,2.589,N
RAJ002,2026-02-06 16:40:00,2.585,N
RAJ002,2026-02-06 16:50:00,2.585,N
RAJ002,2026-02-06 17:00:00,2.584,N
RAJ002,2026-02-06 17:10:00,2.583,N
RAJ002,2026-02-06 17:20:00,2.582,N
RAJ002,2026-02-06 17:30:00,2.581,N
RAJ002,2026-02-06 17:40:00,2.581,N
RAJ002,2026-02-06 17:50:00,2.578,N
RAJ002,2026-02-06 18:00:00,2.578,N
RAJ002,2026-02-06 18:10:00,2.572,N
RAJ002,2026-02-06 18:20:00,2.568,N
RAJ002,2026-02-06 18:30:00,2.569,N
RAJ002,2026-02-06 18:40:00,2.569,N
RAJ002,2026-02-06 18:50:00,2.567,N
RAJ002,2026-02-06 19:00:00,2.568,N
RAJ002,2026-02-06 19:10:00,2.561,N
RAJ002,2026-02-06 19:20:00,2.563,N
RAJ002,2026-02-06 19:30:00,2.564,N
RAJ002,2026-02-06 19:40:00,2.559,N
RAJ002,2026-02-06 19:50:00,2.556,N
RAJ002,2026-02-06 20:00:00,2.559,N
RAJ002,2026-02-06 20:10:00,2.559,N
RAJ002,2026-02-06 20:20:00,2.557,N
RAJ002,2026-02-06 20:30:00,2.557,N
RAJ002,2026-02-06 20:40:00,2.559,N
RAJ002,2026-02-06 20:50:00,2.555,N
RAJ002,2026-02-06 21:00:00,2.554,N
RAJ002,2026-02-06 21:10:00,2.558,N
RAJ002,2026-02-06 21:20:00,2.558,N
RAJ002,2026-02-06 21:30:00,2.557,N
RAJ002,2026-02-06 21:40:00,2.557,N
RAJ002,2026-02-06 21:50:00,2.556,N
RAJ002,2026-02-06 22:00:00,2.557,N
RAJ002,2026-02-06 22:10:00,2.556,N
RAJ002,2026-02-06 22:20:00,2.557,N
RAJ002,2026-02-06 22:30:00,2.557,N
RAJ002,2026-02-06 22:40:00,2.558,N
RAJ002,2026-02-06 22:50:00,2.558,N
RAJ002,2026-02-06 23:00:00,2.559,N
RAJ002,2026-02-06 23:10:00,2.562,N
RAJ002,2026-02-06 23:20:00,2.563,N
RAJ002,2026-02-06 23:30:00,2.563,N
RAJ002,2026-02-06 23:40:00,2.564,N
RAJ002,2026-02-06 23:50:00,2.567,N
RAJ002,2026-02-07 00:00:00,2.568,N
RAJ002,2026-02-07 00:10:00,2.569,N
RAJ002,2026-02-07 00:20:00,2.569,N
RAJ002,2026-02-07 00:30:00,2.57,N
RAJ002,2026-02-07 00:40:00,2.57,N
RAJ002,2026-02-07 00:50:00,2.571,N
RAJ002,2026-02-07 01:00:00,2.571,N
RAJ002,2026-02-07 01:10:00,2.571,N
RAJ002,2026-02-07 01:20:00,2.571,N
RAJ002,2026-02-07 01:30:00,2.571,N
RAJ002,2026-02-07 01:40:00,2.571,N
RAJ002,2026-02-07 01:50:00,2.572,N
RAJ002,2026-02-07 02:00:00,2.572,N
RAJ002,2026-02-07 02:10:00,2.574,N
RAJ002,2026-02-07 02:20:00,2.571,N
RAJ002,2026-02-07 02:30:00,2.57,N
RAJ002,2026-02-07 02:40:00,2.57,N
RAJ002,2026-02-07 02:50:00,2.571,N
RAJ002,2026-02-07 03:00:00,2.57,N
RAJ002,2026-02-07 03:10:00,2.569,N
RAJ002,2026-02-07 03:20:00,2.569,N
RAJ002,2026-02-07 03:30:00,2.569,N
RAJ002,2026-02-07 03:40:00,2.567,N
RAJ002,2026-02-07 03:50:00,2.567,N
RAJ002,2026-02-07 04:00:00,2.565,N
RAJ002,2026-02-07 04:10:00,2.564,N
RAJ002,2026-02-07 04:20:00,2.563,N
RAJ002,2026-02-07 04:30:00,2.562,N
RAJ002,2026-02-07 04:40:00,2.562,N
RAJ002,2026-02-07 04:50:00,2.559,N
RAJ002,2026-02-07 05:00:00,2.558,N
RAJ002,2026-02-07 05:10:00,2.557,N
RAJ002,2026-02-07 05:20:00,2.555,N
RAJ002,2026-02-07 05:30:00,2.554,N
RAJ002,2026-02-07 05:40:00,2.551,N
RAJ002,2026-02-07 05:50:00,2.549,N
RAJ002,2026-02-07 06:00:00,2.548,N
RAJ002,2026-02-07 06:10:00,2.545,N
RAJ002,2026-02-07 06:20:00,2.544,N
RAJ002,2026-02-07 06:30:00,2.541,N
RAJ002,2026-02-07 06:40:00,2.538,N
RAJ002,2026-02-07 06:50:00,2.536,N
RAJ002,2026-02-07 07:00:00,2.533,N
RAJ002,2026-02-07 07:10:00,2.53,N
RAJ002,2026-02-07 07:20:00,2.528,N
RAJ002,2026-02-07 07:30:00,2.524,N
RAJ002,2026-02-07 07:40:00,2.521,N
RAJ002,2026-02-07 07:50:00,2.516,N
RAJ002,2026-02-07 08:00:00,2.513,N
RAJ002,2026-02-07 08:10:00,2.509,N
RAJ002,2026-02-07 08:20:00,2.504,N
RAJ002,2026-02-07 08:30:00,2.501,N
RAJ002,2026-02-07 08:40:00,2.495,N
RAJ002,2026-02-07 08:50:00,2.494,N
RAJ002,2026-02-07 09:00:00,2.489,N
RAJ002,2026-02-07 09:10:00,2.486,N
RAJ002,2026-02-07 09:20:00,2.482,N
RAJ002,2026-02-07 09:30:00,2.479,N
RAJ002,2026-02-07 09:40:00,2.475,N
RAJ002,2026-02-07 09:50:00,2.473,N
RAJ002,2026-02-07 10:00:00,2.47,N
RAJ002,2026-02-07 10:10:00,2.467,N
RAJ002,2026-02-07 10:20:00,2.463,N
RAJ002,2026-02-07 10:30:00,2.462,N
RAJ002,2026-02-07 10:40:00,2.461,N
RAJ002,2026-02-07 10:50:00,2.459,N
RAJ002,2026-02-07 11:00:00,2.458,N
RAJ002,2026-02-07 11:10:00,2.456,N
RAJ002,2026-02-07 11:20:00,2.454,N
RAJ002,2026-02-07 11:30:00,2.453,N
RAJ002,2026-02-07 11:40:00,2.452,N
RAJ002,2026-02-07 11:50:00,2.452,N
RAJ002,2026-02-07 12:00:00,2.449,N
RAJ002,2026-02-07 12:10:00,2.449,N
RAJ002,2026-02-07 12:20:00,2.447,N
RAJ002,2026-02-07 12:30:00,2.445,N
RAJ002,2026-02-07 12:40:00,2.443,N
RAJ002,2026-02-07 12:50:00,2.442,N
RAJ002,2026-02-07 13:00:00,2.44,N
RAJ002,2026-02-07 13:10:00,2.434,N
RAJ002,2026-02-07 13:20:00,2.433,N
RAJ002,2026-02-07 13:30:00,2.425,N
RAJ002,2026-02-07 13:40:00,2.421,N
RAJ002,2026-02-07 13:50:00,2.408,N
RAJ002,2026-02-07 14:00:00,2.413,N
RAJ002,2026-02-07 14:10:00,2.4,N
RAJ002,2026-02-07 14:20:00,2.399,N
RAJ002,2026-02-07 14:30:00,2.391,N
RAJ002,2026-02-07 14:40:00,2.384,N
RAJ002,2026-02-07 14:50:00,2.378,N
RAJ002,2026-02-07 15:00:00,2.363,N
RAJ002,2026-02-07 15:10:00,2.359,N
RAJ002,2026-02-07 15:20:00,2.347,N
RAJ002,2026-02-07 15:30:00,2.344,N
RAJ002,2026-02-07 15:40:00,2.338,N
RAJ002,2026-02-07 15:50:00,2.323,N
RAJ002,2026-02-07 16:00:00,2.313,N
RAJ002,2026-02-07 16:10:00,2.303,N
RAJ002,2026-02-07 16:20:00,2.298,N
RAJ002,2026-02-07 16:30:00,2.29,N
RAJ002,2026-02-07 16:40:00,2.277,N
RAJ002,2026-02-07 16:50:00,2.27,N
RAJ002,2026-02-07 17:00:00,2.257,N
RAJ002,2026-02-07 17:10:00,2.248,N
RAJ002,2026-02-07 17:20:00,2.236,N
RAJ002,2026-02-07 17:30:00,2.228,N
RAJ002,2026-02-07 17:40:00,2.217,N
RAJ002,2026-02-07 17:50:00,2.21,N
RAJ002,2026-02-07 18:00:00,2.201,N
RAJ002,2026-02-07 18:10:00,2.191,N
RAJ002,2026-02-07 18:20:00,2.187,N
RAJ002,2026-02-07 18:30:00,2.174,N
RAJ002,2026-02-07 18:40:00,2.166,N
RAJ002,2026-02-07 18:50:00,2.158,N
RAJ002,2026-02-07 19:00:00,2.152,N
RAJ002,2026-02-07 19:10:00,2.136,N
RAJ002,2026-02-07 19:20:00,2.131,N
RAJ002,2026-02-07 19:30:00,2.12,N
RAJ002,2026-02-07 19:40:00,2.118,N
RAJ002,2026-02-07 19:50:00,2.106,N
RAJ002,2026-02-07 20:00:00,2.099,N
RAJ002,2026-02-07 20:10:00,2.095,N
RAJ002,2026-02-07 20:20:00,2.088,N
RAJ002,2026-02-07 20:30:00,2.075,N
RAJ002,2026-02-07 20:40:00,2.072,N
RAJ002,2026-02-07 20:50:00,2.064,N
RAJ002,2026-02-07 21:00:00,2.059,N
RAJ002,2026-02-07 21:10:00,2.052,N
RAJ002,2026-02-07 21:20:00,2.045,N
RAJ002,2026-02-07 21:30:00,2.038,N
RAJ002,2026-02-07 21:40:00,2.033,N
RAJ002,2026-02-07 21:50:00,2.03,N
RAJ002,2026-02-07 22:00:00,2.024,N
RAJ002,2026-02-07 22:10:00,2.019,N
RAJ002,2026-02-07 22:20:00,2.015,N
RAJ002,2026-02-07 22:30:00,2.005,N
RAJ002,2026-02-07 22:40:00,2.005,N
RAJ002,2026-02-07 22:50:00,2.004,N
RAJ002,2026-02-07 23:00:00,2.003,N
RAJ002,2026-02-07 23:10:00,1.997,N
RAJ002,2026-02-07 23:20:00,1.997,N
RAJ002,2026-02-07 23:30:00,1.992,N
RAJ002,2026-02-07 23:40:00,1.986,N
RAJ002,2026-02-07 23:50:00,1.986,N
RAJ002,2026-02-08 00:00:00,1.99,N
RAJ002,2026-02-08 00:10:00,1.991,N
RAJ002,2026-02-08 00:20:00,1.99,N
RAJ002,2026-02-08 00:30:00,1.989,N
RAJ002,2026-02-08 00:40:00,1.988,N
RAJ002,2026-02-08 00:50:00,1.988,N
RAJ002,2026-02-08 01:00:00,1.984,N
RAJ002,2026-02-08 01:10:00,1.983,N
RAJ002,2026-02-08 01:20:00,1.983,N
RAJ002,2026-02-08 01:30:00,1.982,N
RAJ002,2026-02-08 01:40:00,1.979,N
RAJ002,2026-02-08 01:50:00,1.977,N
RAJ002,2026-02-08 02:00:00,1.976,N
RAJ002,2026-02-08 02:10:00,1.972,N
RAJ002,2026-02-08 02:20:00,1.972,N
RAJ002,2026-02-08 02:30:00,1.971,N
RAJ002,2026-02-08 02:40:00,1.97,N
RAJ002,2026-02-08 02:50:00,1.97,N
RAJ002,2026-02-08 03:00:00,1.972,N
RAJ002,2026-02-08 03:10:00,1.966,N
RAJ002,2026-02-08 03:20:00,1.964,N
RAJ002,2026-02-08 03:30:00,1.963,N
RAJ002,2026-02-08 03:40:00,1.961,N
RAJ002,2026-02-08 03:50:00,1.959,N
RAJ002,2026-02-08 04:00:00,1.958,N
RAJ002,2026-02-08 04:10:00,1.956,N
RAJ002,2026-02-08 04:20:00,1.954,N
RAJ002,2026-02-08 04:30:00,1.951,N
RAJ002,2026-02-08 04:40:00,1.95,N
RAJ002,2026-02-08 04:50:00,1.95,N
RAJ002,2026-02-08 05:00:00,1.944,N
RAJ002,2026-02-08 05:10:00,1.945,N
RAJ002,2026-02-08 05:20:00,1.944,N
RAJ002,2026-02-08 05:30:00,1.943,N
RAJ002,2026-02-08 05:40:00,1.943,N
RAJ002,2026-02-08 05:50:00,1.942,N
RAJ002,2026-02-08 06:00:00,1.941,N
RAJ002,2026-02-08 06:10:00,1.94,N
RAJ002,2026-02-08 06:20:00,1.938,N
RAJ002,2026-02-08 06:30:00,1.937,N
RAJ002,2026-02-08 06:40:00,1.936,N
RAJ002,2026-02-08 06:50:00,1.936,N
RAJ002,2026-02-08 07:00:00,1.935,N
RAJ002,2026-02-08 07:10:00,1.934,N
RAJ002,2026-02-08 07:20:00,1.933,N
RAJ002,2026-02-08 07:30:00,1.931,N
RAJ002,2026-02-08 07:40:00,1.931,N
RAJ002,2026-02-08 07:50:00,1.929,N
RAJ002,2026-02-08 08:00:00,1.927,N
RAJ002,2026-02-08 08:10:00,1.925,N
RAJ002,2026-02-08 08:20:00,1.924,N
RAJ002,2026-02-08 08:30:00,1.922,N
RAJ002,2026-02-08 08:40:00,1.921,N
RAJ002,2026-02-08 08:50:00,1.92,N
RAJ002,2026-02-08 09:00:00,1.918,N
RAJ002,2026-02-08 09:10:00,1.918,N
RAJ002,2026-02-08 09:20:00,1.917,N
RAJ002,2026-02-08 09:30:00,1.916,N
RAJ002,2026-02-08 09:40:00,1.915,N
RAJ002,2026-02-08 09:50:00,1.914,N
RAJ002,2026-02-08 10:00:00,1.913,N
RAJ002,2026-02-08 10:10:00,1.913,N
RAJ002,2026-02-08 10:20:00,1.915,N
RAJ002,2026-02-08 10:30:00,1.914,N
RAJ002,2026-02-08 10:40:00,1.911,N
RAJ002,2026-02-08 10:50:00,1.918,N
RAJ002,2026-02-08 11:00:00,1.92,N
RAJ002,2026-02-08 11:10:00,1.921,N
RAJ002,2026-02-08 11:20:00,1.923,N
RAJ002,2026-02-08 11:30:00,1.928,N
RAJ002,2026-02-08 11:40:00,1.93,N
RAJ002,2026-02-08 11:50:00,1.938,N
RAJ002,2026-02-08 12:00:00,1.938,N
RAJ002,2026-02-08 12:10:00,1.942,N
RAJ002,2026-02-08 12:20:00,1.949,N
RAJ002,2026-02-08 12:30:00,1.957,N
RAJ002,2026-02-08 12:40:00,1.962,N
RAJ002,2026-02-08 12:50:00,1.966,N
RAJ002,2026-02-08 13:00:00,1.976,N
RAJ002,2026-02-08 13:10:00,1.981,N
RAJ002,2026-02-08 13:20:00,1.985,N
RAJ002,2026-02-08 13:30:00,1.983,N
RAJ002,2026-02-08 13:40:00,1.992,N
RAJ002,2026-02-08 13:50:00,1.991,N
RAJ002,2026-02-08 14:00:00,1.989,N
RAJ002,2026-02-08 14:10:00,1.997,N
RAJ002,2026-02-08 14:20:00,1.995,N
RAJ002,2026-02-08 14:30:00,1.99,N
RAJ002,2026-02-08 14:40:00,1.992,N
RAJ002,2026-02-08 14:50:00,1.99,N
RAJ002,2026-02-08 15:00:00,1.992,N
RAJ002,2026-02-08 15:10:00,1.989,N
RAJ002,2026-02-08 15:20:00,1.992,N
RAJ002,2026-02-08 15:30:00,1.989,N
RAJ002,2026-02-08 15:40:00,1.985,N
RAJ002,2026-02-08 15:50:00,1.983,N
RAJ002,2026-02-08 16:00:00,1.978,N
RAJ002,2026-02-08 16:10:00,1.976,N
RAJ002,2026-02-08 16:20:00,1.974,N
RAJ002,2026-02-08 16:30:00,1.974,N
RAJ002,2026-02-08 16:40:00,1.971,N
RAJ002,2026-02-08 16:50:00,1.969,N
RAJ002,2026-02-08 17:00:00,1.965,N
RAJ002,2026-02-08 17:10:00,1.964,N
RAJ002,2026-02-08 17:20:00,1.961,N
RAJ002,2026-02-08 17:30:00,1.958,N
RAJ002,2026-02-08 17:40:00,1.956,N
RAJ002,2026-02-08 17:50:00,1.955,N
RAJ002,2026-02-08 18:00:00,1.954,N
RAJ002,2026-02-08 18:10:00,1.951,N
RAJ002,2026-02-08 18:20:00,1.949,N
RAJ002,2026-02-08 18:30:00,1.948,N
RAJ002,2026-02-08 18:40:00,1.947,N
RAJ002,2026-02-08 18:50:00,1.944,N
RAJ002,2026-02-08 19:00:00,1.938,N
RAJ002,2026-02-08 19:10:00,1.938,N
RAJ002,2026-02-08 19:20:00,1.94,N
RAJ002,2026-02-08 19:30:00,1.938,N
RAJ002,2026-02-08 19:40:00,1.929,N
RAJ002,2026-02-08 19:50:00,1.929,N
RAJ002,2026-02-08 20:00:00,1.928,N
RAJ002,2026-02-08 20:10:00,1.922,N
RAJ002,2026-02-08 20:20:00,1.925,N
RAJ002,2026-02-08 20:30:00,1.923,N
RAJ002,2026-02-08 20:40:00,1.92,N
RAJ002,2026-02-08 20:50:00,1.922,N
RAJ002,2026-02-08 21:00:00,1.92,N
RAJ002,2026-02-08 21:10:00,1.92,N
RAJ002,2026-02-08 21:20:00,1.921,N
RAJ002,2026-02-08 21:30:00,1.918,N
RAJ002,2026-02-08 21:40:00,1.92,N
RAJ002,2026-02-08 21:50:00,1.92,N
RAJ002,2026-02-08 22:00:00,1.918,N
RAJ002,2026-02-08 22:10:00,1.917,N
RAJ002,2026-02-08 22:20:00,1.917,N
RAJ002,2026-02-08 22:30:00,1.917,N
RAJ002,2026-02-08 22:40:00,1.913,N
RAJ002,2026-02-08 22:50:00,1.915,N
RAJ002,2026-02-08 23:00:00,1.915,N
RAJ002,2026-02-08 23:10:00,1.917,N
RAJ002,2026-02-08 23:20:00,1.92,N
RAJ002,2026-02-08 23:30:00,1.92,N
RAJ002,2026-02-08 23:40:00,1.923,N
RAJ002,2026-02-08 23:50:00,1.924,N
RAJ002,2026-02-09 00:00:00,1.925,N
RAJ002,2026-02-09 00:10:00,1.929,N
RAJ002,2026-02-09 00:20:00,1.933,N
RAJ002,2026-02-09 00:30:00,1.934,N
RAJ002,2026-02-09 00:40:00,1.936,N
RAJ002,2026-02-09 00:50:00,1.938,N
RAJ002,2026-02-09 01:00:00,1.942,N
RAJ002,2026-02-09 01:10:00,1.943,N
RAJ002,2026-02-09 01:20:00,1.949,N
RAJ002,2026-02-09 01:30:00,1.954,N
RAJ002,2026-02-09 01:40:00,1.952,N
RAJ002,2026-02-09 01:50:00,1.955,N
RAJ002,2026-02-09 02:00:00,1.957,N
RAJ002,2026-02-09 02:10:00,1.961,N
RAJ002,2026-02-09 02:20:00,1.961,N
RAJ002,2026-02-09 02:30:00,1.964,N
RAJ002,2026-02-09 02:40:00,1.964,N
RAJ002,2026-02-09 02:50:00,1.965,N
RAJ002,2026-02-09 03:00:00,1.969,N
RAJ002,2026-02-09 03:10:00,1.968,N
RAJ002,2026-02-09 03:20:00,1.969,N
RAJ002,2026-02-09 03:30:00,1.969,N
RAJ002,2026-02-09 03:40:00,1.969,N
RAJ002,2026-02-09 03:50:00,1.968,N
RAJ002,2026-02-09 04:00:00,1.968,N
RAJ002,2026-02-09 04:10:00,1.965,N
RAJ002,2026-02-09 04:20:00,1.964,N
RAJ002,2026-02-09 04:30:00,1.963,N
RAJ002,2026-02-09 04:40:00,1.962,N
RAJ002,2026-02-09 04:50:00,1.961,N
RAJ002,2026-02-09 05:00:00,1.959,N
RAJ002,2026-02-09 05:10:00,1.958,N
RAJ002,2026-02-09 05:20:00,1.957,N
RAJ002,2026-02-09 05:30:00,1.955,N
RAJ002,2026-02-09 05:40:00,1.954,N
RAJ002,2026-02-09 05:50:00,1.951,N
RAJ002,2026-02-09 06:00:00,1.951,N
RAJ002,2026-02-09 06:10:00,1.949,N
RAJ002,2026-02-09 06:20:00,1.948,N
RAJ002,2026-02-09 06:30:00,1.945,N
RAJ002,2026-02-09 06:40:00,1.944,N
RAJ002,2026-02-09 06:50:00,1.943,N
RAJ002,2026-02-09 07:00:00,1.942,N
RAJ002,2026-02-09 07:10:00,1.941,N
RAJ002,2026-02-09 07:20:00,1.937,N
RAJ002,2026-02-09 07:30:00,1.937,N
RAJ002,2026-02-09 07:40:00,1.935,N
RAJ002,2026-02-09 07:50:00,1.934,N
RAJ002,2026-02-09 08:00:00,1.931,N
RAJ002,2026-02-09 08:10:00,1.925,N
RAJ002,2026-02-09 08:20:00,1.927,N
RAJ002,2026-02-09 08:30:00,1.929,N
RAJ002,2026-02-09 08:40:00,1.927,N
RAJ002,2026-02-09 08:50:00,1.924,N
RAJ002,2026-02-09 09:00:00,1.923,N
RAJ002,2026-02-09 09:10:00,1.921,N
RAJ002,2026-02-09 09:20:00,1.923,N
RAJ002,2026-02-09 09:30:00,1.923,N
RAJ002,2026-02-09 09:40:00,1.92,N
RAJ002,2026-02-09 09:50:00,1.924,N
RAJ002,2026-02-09 10:00:00,1.923,N
RAJ002,2026-02-09 10:10:00,1.929,N
RAJ002,2026-02-09 10:20:00,1.931,N
RAJ002,2026-02-09 10:30:00,1.936,N
RAJ002,2026-02-09 10:40:00,1.941,N
RAJ002,2026-02-09 10:50:00,1.942,N
RAJ002,2026-02-09 11:00:00,1.948,N
RAJ002,2026-02-09 11:10:00,1.956,N
RAJ002,2026-02-09 11:20:00,1.961,N
RAJ002,2026-02-09 11:30:00,1.968,N
RAJ002,2026-02-09 11:40:00,1.975,N
RAJ002,2026-02-09 11:50:00,1.983,N
RAJ002,2026-02-09 12:00:00,1.988,N
RAJ002,2026-02-09 12:10:00,1.988,N
RAJ002,2026-02-09 12:20:00,2,N
RAJ002,2026-02-09 12:30:00,2.008,N
RAJ002,2026-02-09 12:40:00,2.015,N
RAJ002,2026-02-09 12:50:00,2.009,N
RAJ002,2026-02-09 13:00:00,2.023,N
RAJ002,2026-02-09 13:10:00,2.024,N
RAJ002,2026-02-09 13:20:00,2.029,N
RAJ002,2026-02-09 13:30:00,2.032,N
RAJ002,2026-02-09 13:40:00,2.029,N
RAJ002,2026-02-09 13:50:00,2.041,N
RAJ002,2026-02-09 14:00:00,2.041,N
RAJ002,2026-02-09 14:10:00,2.039,N
RAJ002,2026-02-09 14:20:00,2.039,N
RAJ002,2026-02-09 14:30:00,2.04,N
RAJ002,2026-02-09 14:40:00,2.036,N
RAJ002,2026-02-09 14:50:00,2.04,N
RAJ002,2026-02-09 15:00:00,2.032,N
RAJ002,2026-02-09 15:10:00,2.034,N
RAJ002,2026-02-09 15:20:00,2.031,N
RAJ002,2026-02-09 15:30:00,2.03,N
RAJ002,2026-02-09 15:40:00,2.025,N
RAJ002,2026-02-09 15:50:00,2.024,N
RAJ002,2026-02-09 16:00:00,2.02,N
RAJ002,2026-02-09 16:10:00,2.019,N
RAJ002,2026-02-09 16:20:00,2.016,N
RAJ002,2026-02-09 16:30:00,2.011,N
RAJ002,2026-02-09 16:40:00,2.012,N
RAJ002,2026-02-09 16:50:00,2.006,N
RAJ002,2026-02-09 17:00:00,2.006,N
RAJ002,2026-02-09 17:10:00,2.004,N
RAJ002,2026-02-09 17:20:00,2.005,N
RAJ002,2026-02-09 17:30:00,2.004,N
RAJ002,2026-02-09 17:40:00,2.002,N
RAJ002,2026-02-09 17:50:00,2.003,N
RAJ002,2026-02-09 18:00:00,2.002,N
RAJ002,2026-02-09 18:10:00,1.999,N
RAJ002,2026-02-09 18:20:00,2.003,N
RAJ002,2026-02-09 18:30:00,2.002,N
RAJ002,2026-02-09 18:40:00,2.005,N
RAJ002,2026-02-09 18:50:00,2.004,N
RAJ002,2026-02-09 19:00:00,2.006,N
RAJ002,2026-02-09 19:10:00,2.006,N
RAJ002,2026-02-09 19:20:00,2.008,N
RAJ002,2026-02-09 19:30:00,2.006,N
RAJ002,2026-02-09 19:40:00,2.009,N
RAJ002,2026-02-09 19:50:00,2.01,N
RAJ002,2026-02-09 20:00:00,2.012,N
RAJ002,2026-02-09 20:10:00,2.013,N
RAJ002,2026-02-09 20:20:00,2.015,N
RAJ002,2026-02-09 20:30:00,2.016,N
RAJ002,2026-02-09 20:40:00,2.016,N
RAJ002,2026-02-09 20:50:00,2.018,N
RAJ002,2026-02-09 21:00:00,2.019,N
RAJ002,2026-02-09 21:10:00,2.022,N
RAJ002,2026-02-09 21:20:00,2.024,N
RAJ002,2026-02-09 21:30:00,2.024,N
RAJ002,2026-02-09 21:40:00,2.027,N
RAJ002,2026-02-09 21:50:00,2.029,N
RAJ002,2026-02-09 22:00:00,2.032,N
RAJ002,2026-02-09 22:10:00,2.033,N
RAJ002,2026-02-09 22:20:00,2.036,N
RAJ002,2026-02-09 22:30:00,2.038,N
RAJ002,2026-02-09 22:40:00,2.039,N
RAJ002,2026-02-09 22:50:00,2.043,N
RAJ002,2026-02-09 23:00:00,2.045,N
RAJ002,2026-02-09 23:10:00,2.047,N
RAJ002,2026-02-09 23:20:00,2.05,N
RAJ002,2026-02-09 23:30:00,2.052,N
RAJ002,2026-02-09 23:40:00,2.056,N
RAJ002,2026-02-09 23:50:00,2.058,N
RAJ002,2026-02-10 00:00:00,2.061,N
RAJ002,2026-02-10 00:10:00,2.064,N
RAJ002,2026-02-10 00:20:00,2.067,N
RAJ002,2026-02-10 00:30:00,2.072,N
RAJ002,2026-02-10 00:40:00,2.074,N
RAJ002,2026-02-10 00:50:00,2.079,N
RAJ002,2026-02-10 01:00:00,2.084,N
RAJ002,2026-02-10 01:10:00,2.09,N
RAJ002,2026-02-10 01:20:00,2.094,N
RAJ002,2026-02-10 01:30:00,2.1,N
RAJ002,2026-02-10 01:40:00,2.107,N
RAJ002,2026-02-10 01:50:00,2.113,N
RAJ002,2026-02-10 02:00:00,2.12,N
RAJ002,2026-02-10 02:10:00,2.128,N
RAJ002,2026-02-10 02:20:00,2.138,N
RAJ002,2026-02-10 02:30:00,2.146,N
RAJ002,2026-02-10 02:40:00,2.154,N
RAJ002,2026-02-10 02:50:00,2.165,N
RAJ002,2026-02-10 03:00:00,2.174,N
RAJ002,2026-02-10 03:10:00,2.183,N
RAJ002,2026-02-10 03:20:00,2.195,N
RAJ002,2026-02-10 03:30:00,2.207,N
RAJ002,2026-02-10 03:40:00,2.22,N
RAJ002,2026-02-10 03:50:00,2.233,N
RAJ002,2026-02-10 04:00:00,2.244,N
RAJ002,2026-02-10 04:10:00,2.258,N
RAJ002,2026-02-10 04:20:00,2.271,N
RAJ002,2026-02-10 04:30:00,2.284,N
RAJ002,2026-02-10 04:40:00,2.299,N
RAJ002,2026-02-10 04:50:00,2.313,N
RAJ002,2026-02-10 05:00:00,2.327,N
RAJ002,2026-02-10 05:10:00,2.343,N
RAJ002,2026-02-10 05:20:00,2.357,N
RAJ002,2026-02-10 05:30:00,2.373,N
RAJ002,2026-02-10 05:40:00,2.387,N
RAJ002,2026-02-10 05:50:00,2.401,N
RAJ002,2026-02-10 06:00:00,2.418,N
RAJ002,2026-02-10 06:10:00,2.432,N
RAJ002,2026-02-10 06:20:00,2.447,N
RAJ002,2026-02-10 06:30:00,2.462,N
RAJ002,2026-02-10 06:40:00,2.477,N
RAJ002,2026-02-10 06:50:00,2.493,N
RAJ002,2026-02-10 07:00:00,2.507,N
RAJ002,2026-02-10 07:10:00,2.52,N
RAJ002,2026-02-10 07:20:00,2.535,N
RAJ002,2026-02-10 07:30:00,2.549,N
RAJ002,2026-02-10 07:40:00,2.562,N
RAJ002,2026-02-10 07:50:00,2.575,N
RAJ002,2026-02-10 08:00:00,2.588,N
RAJ002,2026-02-10 08:10:00,2.6,N
RAJ002,2026-02-10 08:20:00,2.612,N
RAJ002,2026-02-10 08:30:00,2.626,N
RAJ002,2026-02-10 08:40:00,2.639,N
RAJ002,2026-02-10 08:50:00,2.652,N
RAJ002,2026-02-10 09:00:00,2.663,N
RAJ002,2026-02-10 09:10:00,2.674,N
RAJ002,2026-02-10 09:20:00,2.686,N
RAJ002,2026-02-10 09:30:00,2.698,N
RAJ002,2026-02-10 09:40:00,2.708,N
RAJ002,2026-02-10 09:50:00,2.719,N
RAJ002,2026-02-10 10:00:00,2.734,N
RAJ002,2026-02-10 10:10:00,2.743,N
RAJ002,2026-02-10 10:20:00,2.754,N
RAJ002,2026-02-10 10:30:00,2.767,N
RAJ002,2026-02-10 10:40:00,2.777,N
RAJ002,2026-02-10 10:50:00,2.786,N
RAJ002,2026-02-10 11:00:00,2.796,N
RAJ002,2026-02-10 11:10:00,2.804,N
RAJ002,2026-02-10 11:20:00,2.818,N
RAJ002,2026-02-10 11:30:00,2.829,N
RAJ002,2026-02-10 11:40:00,2.838,N
RAJ002,2026-02-10 11:50:00,2.849,N
RAJ002,2026-02-10 12:00:00,2.859,N
RAJ002,2026-02-10 12:10:00,2.868,N
RAJ002,2026-02-10 12:20:00,2.877,N
RAJ002,2026-02-10 12:30:00,2.884,N
RAJ002,2026-02-10 12:40:00,2.892,N
RAJ002,2026-02-10 12:50:00,2.9,N
RAJ002,2026-02-10 13:00:00,2.908,N
RAJ002,2026-02-10 13:10:00,2.913,N
RAJ002,2026-02-10 13:20:00,2.918,N
RAJ002,2026-02-10 13:30:00,2.927,N
RAJ002,2026-02-10 13:40:00,2.931,N
RAJ002,2026-02-10 13:50:00,2.936,N
RAJ002,2026-02-10 14:00:00,2.937,N
RAJ002,2026-02-10 14:10:00,2.942,N
RAJ002,2026-02-10 14:20:00,2.947,N
RAJ002,2026-02-10 14:30:00,2.951,N
RAJ002,2026-02-10 14:40:00,2.952,N
RAJ002,2026-02-10 14:50:00,2.954,N
RAJ002,2026-02-10 15:00:00,2.954,N
RAJ002,2026-02-10 15:10:00,2.956,N
RAJ002,2026-02-10 15:20:00,2.957,N
RAJ002,2026-02-10 15:30:00,2.957,N
RAJ002,2026-02-10 15:40:00,2.957,N
RAJ002,2026-02-10 15:50:00,2.956,N
RAJ002,2026-02-10 16:00:00,2.952,N
RAJ002,2026-02-10 16:10:00,2.951,N
RAJ002,2026-02-10 16:20:00,2.951,N
RAJ002,2026-02-10 16:30:00,2.947,N
RAJ002,2026-02-10 16:40:00,2.946,N
RAJ002,2026-02-10 16:50:00,2.942,N
RAJ002,2026-02-10 17:00:00,2.939,N
RAJ002,2026-02-10 17:10:00,2.936,N
RAJ002,2026-02-10 17:20:00,2.932,N
RAJ002,2026-02-10 17:30:00,2.929,N
RAJ002,2026-02-10 17:40:00,2.924,N
RAJ002,2026-02-10 17:50:00,2.919,N
RAJ002,2026-02-10 18:00:00,2.916,N
RAJ002,2026-02-10 18:10:00,2.911,N
RAJ002,2026-02-10 18:20:00,2.906,N
RAJ002,2026-02-10 18:30:00,2.9,N
RAJ002,2026-02-10 18:40:00,2.896,N
RAJ002,2026-02-10 18:50:00,2.891,N
RAJ002,2026-02-10 19:00:00,2.885,N
RAJ002,2026-02-10 19:10:00,2.881,N
RAJ002,2026-02-10 19:20:00,2.874,N
RAJ002,2026-02-10 19:30:00,2.869,N
RAJ002,2026-02-10 19:40:00,2.862,N
RAJ002,2026-02-10 19:50:00,2.857,N
RAJ002,2026-02-10 20:00:00,2.851,N
RAJ002,2026-02-10 20:10:00,2.848,N
RAJ002,2026-02-10 20:20:00,2.841,N
RAJ002,2026-02-10 20:30:00,2.831,N
RAJ002,2026-02-10 20:40:00,2.83,N
RAJ002,2026-02-10 20:50:00,2.823,N
RAJ002,2026-02-10 21:00:00,2.82,N
RAJ002,2026-02-10 21:10:00,2.814,N
RAJ002,2026-02-10 21:20:00,2.809,N
RAJ002,2026-02-10 21:30:00,2.804,N
RAJ002,2026-02-10 21:40:00,2.799,N
RAJ002,2026-02-10 21:50:00,2.796,N
RAJ002,2026-02-10 22:00:00,2.788,N
RAJ002,2026-02-10 22:10:00,2.784,N
RAJ002,2026-02-10 22:20:00,2.779,N
RAJ002,2026-02-10 22:30:00,2.774,N
RAJ002,2026-02-10 22:40:00,2.769,N
RAJ002,2026-02-10 22:50:00,2.765,N
RAJ002,2026-02-10 23:00:00,2.76,N
RAJ002,2026-02-10 23:10:00,2.756,N
RAJ002,2026-02-10 23:20:00,2.752,N
RAJ002,2026-02-10 23:30:00,2.746,N
RAJ002,2026-02-10 23:40:00,2.741,N
RAJ002,2026-02-10 23:50:00,2.736,N
RAJ002,2026-02-11 00:00:00,2.733,N
RAJ002,2026-02-11 00:10:00,2.727,N
RAJ002,2026-02-11 00:20:00,2.724,N
RAJ002,2026-02-11 00:30:00,2.718,N
RAJ002,2026-02-11 00:40:00,2.712,N
RAJ002,2026-02-11 00:50:00,2.708,N
RAJ002,2026-02-11 01:00:00,2.701,N
RAJ002,2026-02-11 01:10:00,2.697,N
RAJ002,2026-02-11 01:20:00,2.691,N
RAJ002,2026-02-11 01:30:00,2.685,N
RAJ002,2026-02-11 01:40:00,2.679,N
RAJ002,2026-02-11 01:50:00,2.673,N
RAJ002,2026-02-11 02:00:00,2.668,N
RAJ002,2026-02-11 02:10:00,2.663,N
RAJ002,2026-02-11 02:20:00,2.656,N
RAJ002,2026-02-11 02:30:00,2.65,N
RAJ002,2026-02-11 02:40:00,2.643,N
RAJ002,2026-02-11 02:50:00,2.638,N
RAJ002,2026-02-11 03:00:00,2.631,N
RAJ002,2026-02-11 03:10:00,2.625,N
RAJ002,2026-02-11 03:20:00,2.617,N
RAJ002,2026-02-11 03:30:00,2.612,N
RAJ002,2026-02-11 03:40:00,2.606,N
RAJ002,2026-02-11 03:50:00,2.6,N
RAJ002,2026-02-11 04:00:00,2.596,N
RAJ002,2026-02-11 04:10:00,2.59,N
RAJ002,2026-02-11 04:20:00,2.585,N
RAJ002,2026-02-11 04:30:00,2.581,N
RAJ002,2026-02-11 04:40:00,2.576,N
RAJ002,2026-02-11 04:50:00,2.572,N
RAJ002,2026-02-11 05:00:00,2.569,N
RAJ002,2026-02-11 05:10:00,2.567,N
RAJ002,2026-02-11 05:20:00,2.564,N
RAJ002,2026-02-11 05:30:00,2.562,N
RAJ002,2026-02-11 05:40:00,2.561,N
RAJ002,2026-02-11 05:50:00,2.561,N
RAJ002,2026-02-11 06:00:00,2.561,N
RAJ002,2026-02-11 06:10:00,2.561,N
RAJ002,2026-02-11 06:20:00,2.562,N
RAJ002,2026-02-11 06:30:00,2.565,N
RAJ002,2026-02-11 06:40:00,2.568,N
RAJ002,2026-02-11 06:50:00,2.57,N
RAJ002,2026-02-11 07:00:00,2.575,N
RAJ002,2026-02-11 07:10:00,2.579,N
RAJ002,2026-02-11 07:20:00,2.584,N
RAJ002,2026-02-11 07:30:00,2.59,N
RAJ002,2026-02-11 07:40:00,2.596,N
RAJ002,2026-02-11 07:50:00,2.602,N
RAJ002,2026-02-11 08:00:00,2.609,N
RAJ002,2026-02-11 08:10:00,2.616,N
RAJ002,2026-02-11 08:20:00,2.625,N
RAJ002,2026-02-11 08:30:00,2.633,N
RAJ002,2026-02-11 08:40:00,2.642,N
RAJ002,2026-02-11 08:50:00,2.651,N
RAJ002,2026-02-11 09:00:00,2.66,N
RAJ002,2026-02-11 09:10:00,2.67,N
RAJ002,2026-02-11 09:20:00,2.679,N
RAJ002,2026-02-11 09:30:00,2.688,N
RAJ002,2026-02-11 09:40:00,2.698,N
RAJ002,2026-02-11 09:50:00,2.707,N
RAJ002,2026-02-11 10:00:00,2.717,N
RAJ002,2026-02-11 10:10:00,2.726,N
RAJ002,2026-02-11 10:20:00,2.735,N
RAJ002,2026-02-11 10:30:00,2.745,N
RAJ002,2026-02-11 10:40:00,2.752,N
RAJ002,2026-02-11 10:50:00,2.76,N
RAJ002,2026-02-11 11:00:00,2.766,N
RAJ002,2026-02-11 11:10:00,2.776,N
RAJ002,2026-02-11 11:20:00,2.783,N
RAJ002,2026-02-11 11:30:00,2.789,N
RAJ002,2026-02-11 11:40:00,2.793,N
RAJ002,2026-02-11 11:50:00,2.8,N
RAJ002,2026-02-11 12:00:00,2.802,N
RAJ002,2026-02-11 12:10:00,2.808,N
RAJ002,2026-02-11 12:20:00,2.81,N
RAJ002,2026-02-11 12:30:00,2.815,N
RAJ002,2026-02-11 12:40:00,2.815,N
RAJ002,2026-02-11 12:50:00,2.816,N
RAJ002,2026-02-11 13:00:00,2.818,N
RAJ002,2026-02-11 13:10:00,2.817,N
RAJ002,2026-02-11 13:20:00,2.818,N
RAJ002,2026-02-11 13:30:00,2.815,N
RAJ002,2026-02-11 13:40:00,2.816,N
RAJ002,2026-02-11 13:50:00,2.813,N
RAJ002,2026-02-11 14:00:00,2.808,N
RAJ002,2026-02-11 14:10:00,2.808,N
RAJ002,2026-02-11 14:20:00,2.803,N
RAJ002,2026-02-11 14:30:00,2.799,N
RAJ002,2026-02-11 14:40:00,2.792,N
RAJ002,2026-02-11 14:50:00,2.789,N
RAJ002,2026-02-11 15:00:00,2.782,N
RAJ002,2026-02-11 15:10:00,2.777,N
RAJ002,2026-02-11 15:20:00,2.77,N
RAJ002,2026-02-11 15:30:00,2.763,N
RAJ002,2026-02-11 15:40:00,2.756,N
RAJ002,2026-02-11 15:50:00,2.749,N
RAJ002,2026-02-11 16:00:00,2.741,N
RAJ002,2026-02-11 16:10:00,2.733,N
RAJ002,2026-02-11 16:20:00,2.725,N
RAJ002,2026-02-11 16:30:00,2.715,N
RAJ002,2026-02-11 16:40:00,2.708,N
RAJ002,2026-02-11 16:50:00,2.7,N
RAJ002,2026-02-11 17:00:00,2.69,N
RAJ002,2026-02-11 17:10:00,2.681,N
RAJ002,2026-02-11 17:20:00,2.673,N
RAJ002,2026-02-11 17:30:00,2.666,N
RAJ002,2026-02-11 17:40:00,2.657,N
RAJ002,2026-02-11 17:50:00,2.649,N
RAJ002,2026-02-11 18:00:00,2.642,N
RAJ002,2026-02-11 18:10:00,2.632,N
RAJ002,2026-02-11 18:20:00,2.624,N
RAJ002,2026-02-11 18:30:00,2.616,N
RAJ002,2026-02-11 18:40:00,2.609,N
RAJ002,2026-02-11 18:50:00,2.6,N
RAJ002,2026-02-11 19:00:00,2.593,N
RAJ002,2026-02-11 19:10:00,2.585,N
RAJ002,2026-02-11 19:20:00,2.579,N
RAJ002,2026-02-11 19:30:00,2.574,N
RAJ002,2026-02-11 19:40:00,2.567,N
RAJ002,2026-02-11 19:50:00,2.561,N
RAJ002,2026-02-11 20:00:00,2.555,N
RAJ002,2026-02-11 20:10:00,2.549,N
RAJ002,2026-02-11 20:20:00,2.544,N
RAJ002,2026-02-11 20:30:00,2.54,N
RAJ002,2026-02-11 20:40:00,2.535,N
RAJ002,2026-02-11 20:50:00,2.531,N
RAJ002,2026-02-11 21:00:00,2.527,N
RAJ002,2026-02-11 21:10:00,2.528,N
RAJ002,2026-02-11 21:20:00,2.523,N
RAJ002,2026-02-11 21:30:00,2.521,N
RAJ002,2026-02-11 21:40:00,2.521,N
RAJ002,2026-02-11 21:50:00,2.521,N
RAJ002,2026-02-11 22:00:00,2.521,N
RAJ002,2026-02-11 22:10:00,2.521,N
RAJ002,2026-02-11 22:20:00,2.521,N
RAJ002,2026-02-11 22:30:00,2.522,N
RAJ002,2026-02-11 22:40:00,2.523,N
RAJ002,2026-02-11 22:50:00,2.525,N
RAJ002,2026-02-11 23:00:00,2.528,N
RAJ002,2026-02-11 23:10:00,2.53,N
RAJ002,2026-02-11 23:20:00,2.533,N
RAJ002,2026-02-11 23:30:00,2.537,N
RAJ002,2026-02-11 23:40:00,2.541,N
RAJ002,2026-02-11 23:50:00,2.544,N
RAJ002,2026-02-12 00:00:00,2.549,N
RAJ002,2026-02-12 00:10:00,2.552,N
RAJ002,2026-02-12 00:20:00,2.557,N
RAJ002,2026-02-12 00:30:00,2.563,N
RAJ002,2026-02-12 00:40:00,2.568,N
RAJ002,2026-02-12 00:50:00,2.572,N
RAJ002,2026-02-12 01:00:00,2.579,N
RAJ002,2026-02-12 01:10:00,2.584,N
RAJ002,2026-02-12 01:20:00,2.59,N
RAJ002,2026-02-12 01:30:00,2.596,N
RAJ002,2026-02-12 01:40:00,2.602,N
RAJ002,2026-02-12 01:50:00,2.608,N
RAJ002,2026-02-12 02:00:00,2.613,N
RAJ002,2026-02-12 02:10:00,2.618,N
RAJ002,2026-02-12 02:20:00,2.625,N
RAJ002,2026-02-12 02:30:00,2.631,N
RAJ002,2026-02-12 02:40:00,2.637,N
RAJ002,2026-02-12 02:50:00,2.644,N
RAJ002,2026-02-12 03:00:00,2.647,N
RAJ002,2026-02-12 03:10:00,2.654,N
RAJ002,2026-02-12 03:20:00,2.656,N
RAJ002,2026-02-12 03:30:00,2.663,N
RAJ002,2026-02-12 03:40:00,2.671,N
RAJ002,2026-02-12 03:50:00,2.677,N
RAJ002,2026-02-12 04:00:00,2.681,N
RAJ002,2026-02-12 04:10:00,2.687,N
RAJ002,2026-02-12 04:20:00,2.693,N
RAJ002,2026-02-12 04:30:00,2.698,N
RAJ002,2026-02-12 04:40:00,2.704,N
RAJ002,2026-02-12 04:50:00,2.709,N
RAJ002,2026-02-12 05:00:00,2.714,N
RAJ002,2026-02-12 05:10:00,2.719,N
RAJ002,2026-02-12 05:20:00,2.726,N
RAJ002,2026-02-12 05:30:00,2.732,N
RAJ002,2026-02-12 05:40:00,2.736,N
RAJ002,2026-02-12 05:50:00,2.74,N
RAJ002,2026-02-12 06:00:00,2.747,N
RAJ002,2026-02-12 06:10:00,2.752,N
RAJ002,2026-02-12 06:20:00,2.756,N
RAJ002,2026-02-12 06:30:00,2.761,N
RAJ002,2026-02-12 06:40:00,2.767,N
RAJ002,2026-02-12 06:50:00,2.772,N
RAJ002,2026-02-12 07:00:00,2.775,N
RAJ002,2026-02-12 07:10:00,2.78,N
RAJ002,2026-02-12 07:20:00,2.784,N
RAJ002,2026-02-12 07:30:00,2.789,N
RAJ002,2026-02-12 07:40:00,2.793,N
RAJ002,2026-02-12 07:50:00,2.796,N
RAJ002,2026-02-12 08:00:00,2.8,N
RAJ002,2026-02-12 08:10:00,2.804,N
RAJ002,2026-02-12 08:20:00,2.808,N
RAJ002,2026-02-12 08:30:00,2.811,N
RAJ002,2026-02-12 08:40:00,2.815,N
RAJ002,2026-02-12 08:50:00,2.818,N
RAJ002,2026-02-12 09:00:00,2.822,N
RAJ002,2026-02-12 09:10:00,2.825,N
RAJ002,2026-02-12 09:20:00,2.828,N
RAJ002,2026-02-12 09:30:00,2.833,N
RAJ002,2026-02-12 09:40:00,2.836,N
RAJ002,2026-02-12 09:50:00,2.837,N
RAJ002,2026-02-12 10:00:00,2.843,N
RAJ002,2026-02-12 10:10:00,2.845,N
RAJ002,2026-02-12 10:20:00,2.848,N
RAJ002,2026-02-12 10:30:00,2.851,N
RAJ002,2026-02-12 10:40:00,2.854,N
RAJ002,2026-02-12 10:50:00,2.856,N
RAJ002,2026-02-12 11:00:00,2.858,N
RAJ002,2026-02-12 11:10:00,2.861,N
RAJ002,2026-02-12 11:20:00,2.861,N
RAJ002,2026-02-12 11:30:00,2.865,N
RAJ002,2026-02-12 11:40:00,2.867,N
RAJ002,2026-02-12 11:50:00,2.87,N
RAJ002,2026-02-12 12:00:00,2.871,N
RAJ002,2026-02-12 12:10:00,2.872,N
RAJ002,2026-02-12 12:20:00,2.875,N
RAJ002,2026-02-12 12:30:00,2.878,N
RAJ002,2026-02-12 12:40:00,2.878,N
RAJ002,2026-02-12 12:50:00,2.879,N
RAJ002,2026-02-12 13:00:00,2.881,N
RAJ002,2026-02-12 13:10:00,2.883,N
RAJ002,2026-02-12 13:20:00,2.884,N
RAJ002,2026-02-12 13:30:00,2.888,N
RAJ002,2026-02-12 13:40:00,2.885,N
RAJ002,2026-02-12 13:50:00,2.89,N
RAJ002,2026-02-12 14:00:00,2.891,N
RAJ002,2026-02-12 14:10:00,2.892,N
RAJ002,2026-02-12 14:20:00,2.896,N
RAJ002,2026-02-12 14:30:00,2.896,N
RAJ002,2026-02-12 14:40:00,2.9,N
RAJ002,2026-02-12 14:50:00,2.896,N
RAJ002,2026-02-12 15:00:00,2.899,N
RAJ002,2026-02-12 15:10:00,2.903,N
RAJ002,2026-02-12 15:20:00,2.896,N
RAJ002,2026-02-12 15:30:00,2.905,N
RAJ002,2026-02-12 15:40:00,2.904,N
RAJ002,2026-02-12 15:50:00,2.908,N
RAJ002,2026-02-12 16:00:00,2.906,N
RAJ002,2026-02-12 16:10:00,2.908,N
RAJ002,2026-02-12 16:20:00,2.906,N
RAJ002,2026-02-12 16:30:00,2.908,N
RAJ002,2026-02-12 16:40:00,2.911,N
RAJ002,2026-02-12 16:50:00,2.912,N
RAJ002,2026-02-12 17:00:00,2.912,N
RAJ002,2026-02-12 17:10:00,2.91,N
RAJ002,2026-02-12 17:20:00,2.912,N
RAJ002,2026-02-12 17:30:00,2.912,N
RAJ002,2026-02-12 17:40:00,2.915,N
RAJ002,2026-02-12 17:50:00,2.916,N
RAJ002,2026-02-12 18:00:00,2.915,N
RAJ002,2026-02-12 18:10:00,2.916,N
RAJ002,2026-02-12 18:20:00,2.915,N
RAJ002,2026-02-12 18:30:00,2.916,N
RAJ002,2026-02-12 18:40:00,2.915,N
RAJ002,2026-02-12 18:50:00,2.912,N
RAJ002,2026-02-12 19:00:00,2.911,N
RAJ002,2026-02-12 19:10:00,2.911,N
RAJ002,2026-02-12 19:20:00,2.909,N
RAJ002,2026-02-12 19:30:00,2.904,N
RAJ002,2026-02-12 19:40:00,2.905,N
RAJ002,2026-02-12 19:50:00,2.902,N
RAJ002,2026-02-12 20:00:00,2.9,N
RAJ002,2026-02-12 20:10:00,2.896,N
RAJ002,2026-02-12 20:20:00,2.895,N
RAJ002,2026-02-12 20:30:00,2.891,N
RAJ002,2026-02-12 20:40:00,2.889,N
RAJ002,2026-02-12 20:50:00,2.888,N
RAJ002,2026-02-12 21:00:00,2.882,N
RAJ002,2026-02-12 21:10:00,2.878,N
RAJ002,2026-02-12 21:20:00,2.869,N
RAJ002,2026-02-12 21:30:00,2.868,N
RAJ002,2026-02-12 21:40:00,2.864,N
RAJ002,2026-02-12 21:50:00,2.859,N
RAJ002,2026-02-12 22:00:00,2.858,N
RAJ002,2026-02-12 22:10:00,2.85,N
RAJ002,2026-02-12 22:20:00,2.847,N
RAJ002,2026-02-12 22:30:00,2.842,N
RAJ002,2026-02-12 22:40:00,2.838,N
RAJ002,2026-02-12 22:50:00,2.834,N
RAJ002,2026-02-12 23:00:00,2.828,N
RAJ002,2026-02-12 23:10:00,2.822,N
RAJ002,2026-02-12 23:20:00,2.818,N
RAJ002,2026-02-12 23:30:00,2.813,N
RAJ002,2026-02-12 23:40:00,2.807,N
RAJ002,2026-02-12 23:50:00,2.802,N
RAJ002,2026-02-13 00:00:00,2.797,N
RAJ002,2026-02-13 00:10:00,2.793,N
RAJ002,2026-02-13 00:20:00,2.788,N
RAJ002,2026-02-13 00:30:00,2.782,N
RAJ002,2026-02-13 00:40:00,2.776,N
RAJ002,2026-02-13 00:50:00,2.773,N
RAJ002,2026-02-13 01:00:00,2.767,N
RAJ002,2026-02-13 01:10:00,2.762,N
RAJ002,2026-02-13 01:20:00,2.756,N
RAJ002,2026-02-13 01:30:00,2.752,N
RAJ002,2026-02-13 01:40:00,2.743,N
RAJ002,2026-02-13 01:50:00,2.743,N
RAJ002,2026-02-13 02:00:00,2.734,N
RAJ002,2026-02-13 02:10:00,2.732,N
RAJ002,2026-02-13 02:20:00,2.727,N
RAJ002,2026-02-13 02:30:00,2.721,N
RAJ002,2026-02-13 02:40:00,2.72,N
RAJ002,2026-02-13 02:50:00,2.713,N
RAJ002,2026-02-13 03:00:00,2.714,N
RAJ002,2026-02-13 03:10:00,2.705,N
RAJ002,2026-02-13 03:20:00,2.705,N
RAJ002,2026-02-13 03:30:00,2.7,N
RAJ002,2026-02-13 03:40:00,2.697,N
RAJ002,2026-02-13 03:50:00,2.694,N
RAJ002,2026-02-13 04:00:00,2.693,N
RAJ002,2026-02-13 04:10:00,2.692,N
RAJ002,2026-02-13 04:20:00,2.687,N
RAJ002,2026-02-13 04:30:00,2.684,N
RAJ002,2026-02-13 04:40:00,2.685,N
RAJ002,2026-02-13 04:50:00,2.685,N
RAJ002,2026-02-13 05:00:00,2.681,N
RAJ002,2026-02-13 05:10:00,2.679,N
RAJ002,2026-02-13 05:20:00,2.68,N
RAJ002,2026-02-13 05:30:00,2.678,N
RAJ002,2026-02-13 05:40:00,2.678,N
RAJ002,2026-02-13 05:50:00,2.677,N
RAJ002,2026-02-13 06:00:00,2.677,N
RAJ002,2026-02-13 06:10:00,2.677,N
RAJ002,2026-02-13 06:20:00,2.677,N
RAJ002,2026-02-13 06:30:00,2.677,N
RAJ002,2026-02-13 06:40:00,2.677,N
RAJ002,2026-02-13 06:50:00,2.678,N
RAJ002,2026-02-13 07:00:00,2.68,N
RAJ002,2026-02-13 07:10:00,2.68,N
RAJ002,2026-02-13 07:20:00,2.683,N
RAJ002,2026-02-13 07:30:00,2.684,N
RAJ002,2026-02-13 07:40:00,2.684,N
RAJ002,2026-02-13 07:50:00,2.685,N
RAJ002,2026-02-13 08:00:00,2.686,N
RAJ002,2026-02-13 08:10:00,2.687,N
RAJ002,2026-02-13 08:20:00,2.69,N
RAJ002,2026-02-13 08:30:00,2.69,N
RAJ002,2026-02-13 08:40:00,2.692,N
RAJ002,2026-02-13 08:50:00,2.693,N
RAJ002,2026-02-13 09:00:00,2.693,N
RAJ002,2026-02-13 09:10:00,2.697,N
RAJ002,2026-02-13 09:20:00,2.697,N
RAJ002,2026-02-13 09:30:00,2.7,N
RAJ002,2026-02-13 09:40:00,2.699,N
RAJ002,2026-02-13 09:50:00,2.704,N
RAJ002,2026-02-13 10:00:00,2.701,N
RAJ002,2026-02-13 10:10:00,2.705,N
RAJ002,2026-02-13 10:20:00,2.704,N
RAJ002,2026-02-13 10:30:00,2.707,N
RAJ002,2026-02-13 10:40:00,2.706,N
RAJ002,2026-02-13 10:50:00,2.707,N
RAJ002,2026-02-13 11:00:00,2.704,N
RAJ002,2026-02-13 11:10:00,2.706,N
RAJ002,2026-02-13 11:20:00,2.707,N
RAJ002,2026-02-13 11:30:00,2.709,N
RAJ002,2026-02-13 11:40:00,2.705,N
RAJ002,2026-02-13 11:50:00,2.705,N
RAJ002,2026-02-13 12:00:00,2.706,N
RAJ002,2026-02-13 12:10:00,2.707,N
RAJ002,2026-02-13 12:20:00,2.709,N
RAJ002,2026-02-13 12:30:00,2.708,N
RAJ002,2026-02-13 12:40:00,2.706,N
RAJ002,2026-02-13 12:50:00,2.708,N
RAJ002,2026-02-13 13:00:00,2.706,N
RAJ002,2026-02-13 13:10:00,2.705,N
RAJ002,2026-02-13 13:20:00,2.705,N
RAJ002,2026-02-13 13:30:00,2.704,N
RAJ002,2026-02-13 13:40:00,2.701,N
RAJ002,2026-02-13 13:50:00,2.701,N
RAJ002,2026-02-13 14:00:00,2.701,N
RAJ002,2026-02-13 14:10:00,2.699,N
RAJ002,2026-02-13 14:20:00,2.698,N
RAJ002,2026-02-13 14:30:00,2.693,N
RAJ002,2026-02-13 14:40:00,2.692,N
RAJ002,2026-02-13 14:50:00,2.695,N
RAJ002,2026-02-13 15:00:00,2.691,N
RAJ002,2026-02-13 15:10:00,2.69,N
RAJ002,2026-02-13 15:20:00,2.687,N
RAJ002,2026-02-13 15:30:00,2.692,N
RAJ002,2026-02-13 15:40:00,2.69,N
RAJ002,2026-02-13 15:50:00,2.686,N
RAJ002,2026-02-13 16:00:00,2.684,N
RAJ002,2026-02-13 16:10:00,2.684,N
RAJ002,2026-02-13 16:20:00,2.684,N
RAJ002,2026-02-13 16:30:00,2.679,N
RAJ002,2026-02-13 16:40:00,2.681,N
RAJ002,2026-02-13 16:50:00,2.683,N
RAJ002,2026-02-13 17:00:00,2.681,N
RAJ002,2026-02-13 17:10:00,2.68,N
RAJ002,2026-02-13 17:20:00,2.672,N
RAJ002,2026-02-13 17:30:00,2.677,N
RAJ002,2026-02-13 17:40:00,2.68,N
RAJ002,2026-02-13 17:50:00,2.673,N
RAJ002,2026-02-13 18:00:00,2.678,N
RAJ002,2026-02-13 18:10:00,2.681,N
RAJ002,2026-02-13 18:20:00,2.683,N
RAJ002,2026-02-13 18:30:00,2.681,N
RAJ002,2026-02-13 18:40:00,2.681,N
RAJ002,2026-02-13 18:50:00,2.683,N
RAJ002,2026-02-13 19:00:00,2.683,N
RAJ002,2026-02-13 19:10:00,2.683,N
RAJ002,2026-02-13 19:20:00,2.683,N
RAJ002,2026-02-13 19:30:00,2.685,N
RAJ002,2026-02-13 19:40:00,2.683,N
RAJ002,2026-02-13 19:50:00,2.687,N
RAJ002,2026-02-13 20:00:00,2.684,N
RAJ002,2026-02-13 20:10:00,2.684,N
RAJ002,2026-02-13 20:20:00,2.686,N
RAJ002,2026-02-13 20:30:00,2.686,N
RAJ002,2026-02-13 20:40:00,2.688,N
RAJ002,2026-02-13 20:50:00,2.688,N
RAJ002,2026-02-13 21:00:00,2.688,N
RAJ002,2026-02-13 21:10:00,2.688,N
RAJ002,2026-02-13 21:20:00,2.684,N
RAJ002,2026-02-13 21:30:00,2.685,N
RAJ002,2026-02-13 21:40:00,2.69,N
RAJ002,2026-02-13 21:50:00,2.684,N
RAJ002,2026-02-13 22:00:00,2.691,N
RAJ002,2026-02-13 22:10:00,2.691,N
RAJ002,2026-02-13 22:20:00,2.688,N
RAJ002,2026-02-13 22:30:00,2.687,N
RAJ002,2026-02-13 22:40:00,2.687,N
RAJ002,2026-02-13 22:50:00,2.691,N
RAJ002,2026-02-13 23:00:00,2.692,N
RAJ002,2026-02-13 23:10:00,2.691,N
RAJ002,2026-02-13 23:20:00,2.688,N
RAJ002,2026-02-13 23:30:00,2.69,N
RAJ002,2026-02-13 23:40:00,2.691,N
RAJ002,2026-02-13 23:50:00,2.686,N
RAJ002,2026-02-14 00:00:00,2.69,N
RAJ002,2026-02-14 00:10:00,2.69,N
RAJ002,2026-02-14 00:20:00,2.69,N
RAJ002,2026-02-14 00:30:00,2.691,N
RAJ002,2026-02-14 00:40:00,2.692,N
RAJ002,2026-02-14 00:50:00,2.692,N
RAJ002,2026-02-14 01:00:00,2.692,N
RAJ002,2026-02-14 01:10:00,2.691,N
RAJ002,2026-02-14 01:20:00,2.692,N
RAJ002,2026-02-14 01:30:00,2.692,N
RAJ002,2026-02-14 01:40:00,2.691,N
RAJ002,2026-02-14 01:50:00,2.692,N
RAJ002,2026-02-14 02:00:00,2.692,N
RAJ002,2026-02-14 02:10:00,2.692,N
RAJ002,2026-02-14 02:20:00,2.692,N
RAJ002,2026-02-14 02:30:00,2.692,N
RAJ002,2026-02-14 02:40:00,2.692,N
RAJ002,2026-02-14 02:50:00,2.691,N
RAJ002,2026-02-14 03:00:00,2.691,N
RAJ002,2026-02-14 03:10:00,2.691,N
RAJ002,2026-02-14 03:20:00,2.691,N
RAJ002,2026-02-14 03:30:00,2.691,N
RAJ002,2026-02-14 03:40:00,2.692,N
RAJ002,2026-02-14 03:50:00,2.691,N
RAJ002,2026-02-14 04:00:00,2.692,N
RAJ002,2026-02-14 04:10:00,2.691,N
RAJ002,2026-02-14 04:20:00,2.691,N
RAJ002,2026-02-14 04:30:00,2.691,N
RAJ002,2026-02-14 04:40:00,2.691,N
RAJ002,2026-02-14 04:50:00,2.692,N
RAJ002,2026-02-14 05:00:00,2.692,N
RAJ002,2026-02-14 05:10:00,2.693,N
RAJ002,2026-02-14 05:20:00,2.693,N
RAJ002,2026-02-14 05:30:00,2.694,N
RAJ002,2026-02-14 05:40:00,2.694,N
RAJ002,2026-02-14 05:50:00,2.694,N
RAJ002,2026-02-14 06:00:00,2.697,N
RAJ002,2026-02-14 06:10:00,2.698,N
RAJ002,2026-02-14 06:20:00,2.7,N
RAJ002,2026-02-14 06:30:00,2.701,N
RAJ002,2026-02-14 06:40:00,2.705,N
RAJ002,2026-02-14 06:50:00,2.705,N
RAJ002,2026-02-14 07:00:00,2.708,N
RAJ002,2026-02-14 07:10:00,2.711,N
RAJ002,2026-02-14 07:20:00,2.713,N
RAJ002,2026-02-14 07:30:00,2.715,N
RAJ002,2026-02-14 07:40:00,2.719,N
RAJ002,2026-02-14 07:50:00,2.721,N
RAJ002,2026-02-14 08:00:00,2.72,N
RAJ002,2026-02-14 08:10:00,2.724,N
RAJ002,2026-02-14 08:20:00,2.728,N
RAJ002,2026-02-14 08:30:00,2.732,N
RAJ002,2026-02-14 08:40:00,2.736,N
RAJ002,2026-02-14 08:50:00,2.739,N
RAJ002,2026-02-14 09:00:00,2.741,N
RAJ002,2026-02-14 09:10:00,2.746,N
RAJ002,2026-02-14 09:20:00,2.748,N
RAJ002,2026-02-14 09:30:00,2.753,N
RAJ002,2026-02-14 09:40:00,2.755,N
RAJ002,2026-02-14 09:50:00,2.758,N
RAJ002,2026-02-14 10:00:00,2.762,N
RAJ002,2026-02-14 10:10:00,2.762,N
RAJ002,2026-02-14 10:20:00,2.765,N
RAJ002,2026-02-14 10:30:00,2.766,N
RAJ002,2026-02-14 10:40:00,2.77,N
RAJ002,2026-02-14 10:50:00,2.773,N
RAJ002,2026-02-14 11:00:00,2.774,N
RAJ002,2026-02-14 11:10:00,2.775,N
RAJ002,2026-02-14 11:20:00,2.777,N
RAJ002,2026-02-14 11:30:00,2.779,N
RAJ002,2026-02-14 11:40:00,2.78,N
RAJ002,2026-02-14 11:50:00,2.78,N
RAJ002,2026-02-14 12:00:00,2.773,N
RAJ002,2026-02-14 12:10:00,2.78,N
RAJ002,2026-02-14 12:20:00,2.783,N
RAJ002,2026-02-14 12:30:00,2.784,N
RAJ002,2026-02-14 12:40:00,2.78,N
RAJ002,2026-02-14 12:50:00,2.781,N
RAJ002,2026-02-14 13:00:00,2.786,N
RAJ002,2026-02-14 13:10:00,2.787,N
RAJ002,2026-02-14 13:20:00,2.783,N
RAJ002,2026-02-14 13:30:00,2.781,N
RAJ002,2026-02-14 13:40:00,2.788,N
RAJ002,2026-02-14 13:50:00,2.78,N
RAJ002,2026-02-14 14:00:00,2.786,N
RAJ002,2026-02-14 14:10:00,2.787,N
RAJ002,2026-02-14 14:20:00,2.782,N
RAJ002,2026-02-14 14:30:00,2.789,N
RAJ002,2026-02-14 14:40:00,2.784,N
RAJ002,2026-02-14 14:50:00,2.787,N
RAJ002,2026-02-14 15:00:00,2.789,N
RAJ002,2026-02-14 15:10:00,2.783,N
RAJ002,2026-02-14 15:20:00,2.786,N
RAJ002,2026-02-14 15:30:00,2.783,N
RAJ002,2026-02-14 15:40:00,2.789,N
RAJ002,2026-02-14 15:50:00,2.792,N
RAJ002,2026-02-14 16:00:00,2.788,N
RAJ002,2026-02-14 16:10:00,2.792,N
RAJ002,2026-02-14 16:20:00,2.793,N
RAJ002,2026-02-14 16:30:00,2.794,N
RAJ002,2026-02-14 16:40:00,2.795,N
RAJ002,2026-02-14 16:50:00,2.802,N
RAJ002,2026-02-14 17:00:00,2.802,N
RAJ002,2026-02-14 17:10:00,2.808,N
RAJ002,2026-02-14 17:20:00,2.804,N
RAJ002,2026-02-14 17:30:00,2.801,N
RAJ002,2026-02-14 17:40:00,2.809,N
RAJ002,2026-02-14 17:50:00,2.813,N
RAJ002,2026-02-14 18:00:00,2.813,N
RAJ002,2026-02-14 18:10:00,2.82,N
RAJ002,2026-02-14 18:20:00,2.82,N
RAJ002,2026-02-14 18:30:00,2.822,N
RAJ002,2026-02-14 18:40:00,2.824,N
RAJ002,2026-02-14 18:50:00,2.827,N
RAJ002,2026-02-14 19:00:00,2.83,N
RAJ002,2026-02-14 19:10:00,2.831,N
RAJ002,2026-02-14 19:20:00,2.835,N
RAJ002,2026-02-14 19:30:00,2.835,N
RAJ002,2026-02-14 19:40:00,2.84,N
RAJ002,2026-02-14 19:50:00,2.836,N
RAJ002,2026-02-14 20:00:00,2.841,N
RAJ002,2026-02-14 20:10:00,2.843,N
RAJ002,2026-02-14 20:20:00,2.847,N
RAJ002,2026-02-14 20:30:00,2.848,N
RAJ002,2026-02-14 20:40:00,2.845,N
RAJ002,2026-02-14 20:50:00,2.844,N
RAJ002,2026-02-14 21:00:00,2.844,N
RAJ002,2026-02-14 21:10:00,2.845,N
RAJ002,2026-02-14 21:20:00,2.85,N
RAJ002,2026-02-14 21:30:00,2.848,N
RAJ002,2026-02-14 21:40:00,2.849,N
RAJ002,2026-02-14 21:50:00,2.848,N
RAJ002,2026-02-14 22:00:00,2.844,N
RAJ002,2026-02-14 22:10:00,2.849,N
RAJ002,2026-02-14 22:20:00,2.848,N
RAJ002,2026-02-14 22:30:00,2.848,N
RAJ002,2026-02-14 22:40:00,2.847,N
RAJ002,2026-02-14 22:50:00,2.845,N
RAJ002,2026-02-14 23:00:00,2.842,N
RAJ002,2026-02-14 23:10:00,2.841,N
RAJ002,2026-02-14 23:20:00,2.84,N
RAJ002,2026-02-14 23:30:00,2.838,N
RAJ002,2026-02-14 23:40:00,2.838,N
RAJ002,2026-02-14 23:50:00,2.835,N
RAJ002,2026-02-15 00:00:00,2.835,N
RAJ002,2026-02-15 00:10:00,2.833,N
RAJ002,2026-02-15 00:20:00,2.833,N
RAJ002,2026-02-15 00:30:00,2.829,N
RAJ002,2026-02-15 00:40:00,2.829,N
RAJ002,2026-02-15 00:50:00,2.829,N
RAJ002,2026-02-15 01:00:00,2.828,N
RAJ002,2026-02-15 01:10:00,2.825,N
RAJ002,2026-02-15 01:20:00,2.823,N
RAJ002,2026-02-15 01:30:00,2.822,N
RAJ002,2026-02-15 01:40:00,2.821,N
RAJ002,2026-02-15 01:50:00,2.817,N
RAJ002,2026-02-15 02:00:00,2.816,N
RAJ002,2026-02-15 02:10:00,2.815,N
RAJ002,2026-02-15 02:20:00,2.814,N
RAJ002,2026-02-15 02:30:00,2.813,N
RAJ002,2026-02-15 02:40:00,2.81,N
RAJ002,2026-02-15 02:50:00,2.809,N
RAJ002,2026-02-15 03:00:00,2.808,N
RAJ002,2026-02-15 03:10:00,2.808,N
RAJ002,2026-02-15 03:20:00,2.808,N
RAJ002,2026-02-15 03:30:00,2.807,N
RAJ002,2026-02-15 03:40:00,2.807,N
RAJ002,2026-02-15 03:50:00,2.807,N
RAJ002,2026-02-15 04:00:00,2.807,N
RAJ002,2026-02-15 04:10:00,2.807,N
RAJ002,2026-02-15 04:20:00,2.808,N
RAJ002,2026-02-15 04:30:00,2.808,N
RAJ002,2026-02-15 04:40:00,2.808,N
RAJ002,2026-02-15 04:50:00,2.811,N
RAJ002,2026-02-15 05:00:00,2.81,N
RAJ002,2026-02-15 05:10:00,2.811,N
RAJ002,2026-02-15 05:20:00,2.814,N
RAJ002,2026-02-15 05:30:00,2.815,N
RAJ002,2026-02-15 05:40:00,2.816,N
RAJ002,2026-02-15 05:50:00,2.818,N
RAJ002,2026-02-15 06:00:00,2.82,N
RAJ002,2026-02-15 06:10:00,2.822,N
RAJ002,2026-02-15 06:20:00,2.824,N
RAJ002,2026-02-15 06:30:00,2.828,N
RAJ002,2026-02-15 06:40:00,2.831,N
RAJ002,2026-02-15 06:50:00,2.833,N
RAJ002,2026-02-15 07:00:00,2.837,N
RAJ002,2026-02-15 07:10:00,2.841,N
RAJ002,2026-02-15 07:20:00,2.844,N
RAJ002,2026-02-15 07:30:00,2.849,N
RAJ002,2026-02-15 07:40:00,2.852,N
RAJ002,2026-02-15 07:50:00,2.856,N
RAJ002,2026-02-15 08:00:00,2.859,N
RAJ002,2026-02-15 08:10:00,2.865,N
RAJ002,2026-02-15 08:20:00,2.869,N
RAJ002,2026-02-15 08:30:00,2.872,N
RAJ002,2026-02-15 08:40:00,2.878,N
RAJ002,2026-02-15 08:50:00,2.884,N
RAJ002,2026-02-15 09:00:00,2.888,N
RAJ002,2026-02-15 09:10:00,2.891,N
RAJ002,2026-02-15 09:20:00,2.898,N
RAJ002,2026-02-15 09:30:00,2.906,N
RAJ002,2026-02-15 09:40:00,2.91,N
RAJ002,2026-02-15 09:50:00,2.916,N
RAJ002,2026-02-15 10:00:00,2.92,N
RAJ002,2026-02-15 10:10:00,2.925,N
RAJ002,2026-02-15 10:20:00,2.932,N
RAJ002,2026-02-15 10:30:00,2.934,N
RAJ002,2026-02-15 10:40:00,2.94,N
RAJ002,2026-02-15 10:50:00,2.945,N
RAJ002,2026-02-15 11:00:00,2.949,N
RAJ002,2026-02-15 11:10:00,2.952,N
RAJ002,2026-02-15 11:20:00,2.954,N
RAJ002,2026-02-15 11:30:00,2.958,N
RAJ002,2026-02-15 11:40:00,2.965,N
RAJ002,2026-02-15 11:50:00,2.968,N
RAJ002,2026-02-15 12:00:00,2.966,N
RAJ002,2026-02-15 12:10:00,2.974,N
RAJ002,2026-02-15 12:20:00,2.975,N
RAJ002,2026-02-15 12:30:00,2.975,N
RAJ002,2026-02-15 12:40:00,2.98,N
RAJ002,2026-02-15 12:50:00,2.981,N
RAJ002,2026-02-15 13:00:00,2.98,N
RAJ002,2026-02-15 13:10:00,2.986,N
RAJ002,2026-02-15 13:20:00,2.981,N
RAJ002,2026-02-15 13:30:00,2.986,N
RAJ002,2026-02-15 13:40:00,2.99,N
RAJ002,2026-02-15 13:50:00,2.991,N
RAJ002,2026-02-15 14:00:00,2.992,N
RAJ002,2026-02-15 14:10:00,2.991,N
RAJ002,2026-02-15 14:20:00,2.993,N
RAJ002,2026-02-15 14:30:00,2.99,N
RAJ002,2026-02-15 14:40:00,2.997,N
RAJ002,2026-02-15 14:50:00,2.997,N
RAJ002,2026-02-15 15:00:00,2.994,N
RAJ002,2026-02-15 15:10:00,2.993,N
RAJ002,2026-02-15 15:20:00,2.994,N
RAJ002,2026-02-15 15:30:00,2.998,N
RAJ002,2026-02-15 15:40:00,2.994,N
RAJ002,2026-02-15 15:50:00,2.994,N
RAJ002,2026-02-15 16:00:00,2.995,N
RAJ002,2026-02-15 16:10:00,2.997,N
RAJ002,2026-02-15 16:20:00,2.997,N
RAJ002,2026-02-15 16:30:00,2.994,N
RAJ002,2026-02-15 16:40:00,2.994,N
RAJ002,2026-02-15 16:50:00,2.997,N
RAJ002,2026-02-15 17:00:00,2.998,N
RAJ002,2026-02-15 17:10:00,2.998,N
RAJ002,2026-02-15 17:20:00,2.998,N
RAJ002,2026-02-15 17:30:00,2.994,N
RAJ002,2026-02-15 17:40:00,2.995,N
RAJ002,2026-02-15 17:50:00,2.991,N
RAJ002,2026-02-15 18:00:00,2.994,N
RAJ002,2026-02-15 18:10:00,2.997,N
RAJ002,2026-02-15 18:20:00,2.999,N
RAJ002,2026-02-15 18:30:00,2.995,N
RAJ002,2026-02-15 18:40:00,2.994,N
RAJ002,2026-02-15 18:50:00,2.998,N
RAJ002,2026-02-15 19:00:00,2.998,N
RAJ002,2026-02-15 19:10:00,2.997,N
RAJ002,2026-02-15 19:20:00,2.997,N
RAJ002,2026-02-15 19:30:00,2.995,N
RAJ002,2026-02-15 19:40:00,2.994,N
RAJ002,2026-02-15 19:50:00,2.997,N
RAJ002,2026-02-15 20:00:00,2.995,N
RAJ002,2026-02-15 20:10:00,2.997,N
RAJ002,2026-02-15 20:20:00,2.995,N
RAJ002,2026-02-15 20:30:00,2.995,N
RAJ002,2026-02-15 20:40:00,2.995,N
RAJ002,2026-02-15 20:50:00,2.994,N
RAJ002,2026-02-15 21:00:00,2.994,N
RAJ002,2026-02-15 21:10:00,2.992,N
RAJ002,2026-02-15 21:20:00,2.993,N
RAJ002,2026-02-15 21:30:00,2.992,N
RAJ002,2026-02-15 21:40:00,2.992,N
RAJ002,2026-02-15 21:50:00,2.992,N
RAJ002,2026-02-15 22:00:00,2.991,N
RAJ002,2026-02-15 22:10:00,2.991,N
RAJ002,2026-02-15 22:20:00,2.99,N
RAJ002,2026-02-15 22:30:00,2.988,N
RAJ002,2026-02-15 22:40:00,2.986,N
RAJ002,2026-02-15 22:50:00,2.985,N
RAJ002,2026-02-15 23:00:00,2.984,N
RAJ002,2026-02-15 23:10:00,2.983,N
RAJ002,2026-02-15 23:20:00,2.98,N
RAJ002,2026-02-15 23:30:00,2.978,N
RAJ002,2026-02-15 23:40:00,2.977,N
RAJ002,2026-02-15 23:50:00,2.974,N
RAJ002,2026-02-16 00:00:00,2.972,N
RAJ002,2026-02-16 00:10:00,2.97,N
RAJ002,2026-02-16 00:20:00,2.967,N
RAJ002,2026-02-16 00:30:00,2.965,N
RAJ002,2026-02-16 00:40:00,2.961,N
RAJ002,2026-02-16 00:50:00,2.959,N
RAJ002,2026-02-16 01:00:00,2.958,N
RAJ002,2026-02-16 01:10:00,2.954,N
RAJ002,2026-02-16 01:20:00,2.952,N
RAJ002,2026-02-16 01:30:00,2.947,N
RAJ002,2026-02-16 01:40:00,2.946,N
RAJ002,2026-02-16 01:50:00,2.944,N
RAJ002,2026-02-16 02:00:00,2.939,N
RAJ002,2026-02-16 02:10:00,2.937,N
RAJ002,2026-02-16 02:20:00,2.934,N
RAJ002,2026-02-16 02:30:00,2.932,N
RAJ002,2026-02-16 02:40:00,2.927,N
RAJ002,2026-02-16 02:50:00,2.925,N
RAJ002,2026-02-16 03:00:00,2.923,N
RAJ002,2026-02-16 03:10:00,2.918,N
RAJ002,2026-02-16 03:20:00,2.916,N
RAJ002,2026-02-16 03:30:00,2.913,N
RAJ002,2026-02-16 03:40:00,2.91,N
RAJ002,2026-02-16 03:50:00,2.906,N
RAJ002,2026-02-16 04:00:00,2.903,N
RAJ002,2026-02-16 04:10:00,2.899,N
RAJ002,2026-02-16 04:20:00,2.897,N
RAJ002,2026-02-16 04:30:00,2.893,N
RAJ002,2026-02-16 04:40:00,2.89,N
RAJ002,2026-02-16 04:50:00,2.888,N
RAJ002,2026-02-16 05:00:00,2.884,N
RAJ002,2026-02-16 05:10:00,2.881,N
RAJ002,2026-02-16 05:20:00,2.878,N
RAJ002,2026-02-16 05:30:00,2.874,N
RAJ002,2026-02-16 05:40:00,2.87,N
RAJ002,2026-02-16 05:50:00,2.867,N
RAJ002,2026-02-16 06:00:00,2.863,N
RAJ002,2026-02-16 06:10:00,2.859,N
RAJ002,2026-02-16 06:20:00,2.856,N
RAJ002,2026-02-16 06:30:00,2.852,N
RAJ002,2026-02-16 06:40:00,2.85,N
RAJ002,2026-02-16 06:50:00,2.847,N
RAJ002,2026-02-16 07:00:00,2.843,N
RAJ002,2026-02-16 07:10:00,2.841,N
RAJ002,2026-02-16 07:20:00,2.836,N
RAJ002,2026-02-16 07:30:00,2.834,N
RAJ002,2026-02-16 07:40:00,2.831,N
RAJ002,2026-02-16 07:50:00,2.829,N
RAJ002,2026-02-16 08:00:00,2.825,N
RAJ002,2026-02-16 08:10:00,2.824,N
RAJ002,2026-02-16 08:20:00,2.821,N
RAJ002,2026-02-16 08:30:00,2.82,N
RAJ002,2026-02-16 08:40:00,2.817,N
RAJ002,2026-02-16 08:50:00,2.816,N
RAJ002,2026-02-16 09:00:00,2.814,N
RAJ002,2026-02-16 09:10:00,2.814,N
RAJ002,2026-02-16 09:20:00,2.811,N
RAJ002,2026-02-16 09:30:00,2.81,N
RAJ002,2026-02-16 09:40:00,2.808,N
RAJ002,2026-02-16 09:50:00,2.807,N
RAJ002,2026-02-16 10:00:00,2.806,N
RAJ002,2026-02-16 10:10:00,2.803,N
RAJ002,2026-02-16 10:20:00,2.801,N
RAJ002,2026-02-16 10:30:00,2.8,N
RAJ002,2026-02-16 10:40:00,2.797,N
RAJ002,2026-02-16 10:50:00,2.794,N
RAJ002,2026-02-16 11:00:00,2.79,N
RAJ002,2026-02-16 11:10:00,2.789,N
RAJ002,2026-02-16 11:20:00,2.786,N
RAJ002,2026-02-16 11:30:00,2.782,N
RAJ002,2026-02-16 11:40:00,2.779,N
RAJ002,2026-02-16 11:50:00,2.774,N
RAJ002,2026-02-16 12:00:00,2.77,N
RAJ002,2026-02-16 12:10:00,2.767,N
RAJ002,2026-02-16 12:20:00,2.765,N
RAJ002,2026-02-16 12:30:00,2.761,N
RAJ002,2026-02-16 12:40:00,2.755,N
RAJ002,2026-02-16 12:50:00,2.753,N
RAJ002,2026-02-16 13:00:00,2.749,N
RAJ002,2026-02-16 13:10:00,2.745,N
RAJ002,2026-02-16 13:20:00,2.742,N
RAJ002,2026-02-16 13:30:00,2.736,N
RAJ002,2026-02-16 13:40:00,2.735,N
RAJ002,2026-02-16 13:50:00,2.733,N
RAJ002,2026-02-16 14:00:00,2.732,N
RAJ002,2026-02-16 14:10:00,2.726,N
RAJ002,2026-02-16 14:20:00,2.722,N
RAJ002,2026-02-16 14:30:00,2.719,N
RAJ002,2026-02-16 14:40:00,2.727,N
RAJ002,2026-02-16 14:50:00,2.724,N
RAJ002,2026-02-16 15:00:00,2.724,N
RAJ002,2026-02-16 15:10:00,2.724,N
RAJ002,2026-02-16 15:20:00,2.725,N
RAJ002,2026-02-16 15:30:00,2.724,N
RAJ002,2026-02-16 15:40:00,2.724,N
RAJ002,2026-02-16 15:50:00,2.726,N
RAJ002,2026-02-16 16:00:00,2.726,N
RAJ002,2026-02-16 16:10:00,2.728,N
RAJ002,2026-02-16 16:20:00,2.732,N
RAJ002,2026-02-16 16:30:00,2.732,N
RAJ002,2026-02-16 16:40:00,2.733,N
RAJ002,2026-02-16 16:50:00,2.734,N
RAJ002,2026-02-16 17:00:00,2.734,N
RAJ002,2026-02-16 17:10:00,2.739,N
RAJ002,2026-02-16 17:20:00,2.739,N
RAJ002,2026-02-16 17:30:00,2.745,N
RAJ002,2026-02-16 17:40:00,2.748,N
RAJ002,2026-02-16 17:50:00,2.754,N
RAJ002,2026-02-16 18:00:00,2.755,N
RAJ002,2026-02-16 18:10:00,2.761,N
RAJ002,2026-02-16 18:20:00,2.763,N
RAJ002,2026-02-16 18:30:00,2.768,N
RAJ002,2026-02-16 18:40:00,2.774,N
RAJ002,2026-02-16 18:50:00,2.777,N
RAJ002,2026-02-16 19:00:00,2.783,N
RAJ002,2026-02-16 19:10:00,2.783,N
RAJ002,2026-02-16 19:20:00,2.786,N
RAJ002,2026-02-16 19:30:00,2.793,N
RAJ002,2026-02-16 19:40:00,2.797,N
RAJ002,2026-02-16 19:50:00,2.802,N
RAJ002,2026-02-16 20:00:00,2.806,N
RAJ002,2026-02-16 20:10:00,2.809,N
RAJ002,2026-02-16 20:20:00,2.811,N
RAJ002,2026-02-16 20:30:00,2.816,N
RAJ002,2026-02-16 20:40:00,2.815,N
RAJ002,2026-02-16 20:50:00,2.821,N
RAJ002,2026-02-16 21:00:00,2.825,N
RAJ002,2026-02-16 21:10:00,2.828,N
RAJ002,2026-02-16 21:20:00,2.829,N
RAJ002,2026-02-16 21:30:00,2.835,N
RAJ002,2026-02-16 21:40:00,2.838,N
RAJ002,2026-02-16 21:50:00,2.84,N
RAJ002,2026-02-16 22:00:00,2.842,N
RAJ002,2026-02-16 22:10:00,2.842,N
RAJ002,2026-02-16 22:20:00,2.848,N
RAJ002,2026-02-16 22:30:00,2.849,N
RAJ002,2026-02-16 22:40:00,2.85,N
RAJ002,2026-02-16 22:50:00,2.855,N
RAJ002,2026-02-16 23:00:00,2.852,N
RAJ002,2026-02-16 23:10:00,2.858,N
RAJ002,2026-02-16 23:20:00,2.861,N
RAJ002,2026-02-16 23:30:00,2.864,N
RAJ002,2026-02-16 23:40:00,2.865,N
RAJ002,2026-02-16 23:50:00,2.868,N
RAJ002,2026-02-17 00:00:00,2.87,N
RAJ002,2026-02-17 00:10:00,2.871,N
RAJ002,2026-02-17 00:20:00,2.872,N
RAJ002,2026-02-17 00:30:00,2.872,N
RAJ002,2026-02-17 00:40:00,2.875,N
RAJ002,2026-02-17 00:50:00,2.876,N
RAJ002,2026-02-17 01:00:00,2.877,N
RAJ002,2026-02-17 01:10:00,2.877,N
RAJ002,2026-02-17 01:20:00,2.876,N
RAJ002,2026-02-17 01:30:00,2.877,N
RAJ002,2026-02-17 01:40:00,2.881,N
RAJ002,2026-02-17 01:50:00,2.882,N
RAJ002,2026-02-17 02:00:00,2.882,N
RAJ002,2026-02-17 02:10:00,2.883,N
RAJ002,2026-02-17 02:20:00,2.882,N
RAJ002,2026-02-17 02:30:00,2.884,N
RAJ002,2026-02-17 02:40:00,2.886,N
RAJ002,2026-02-17 02:50:00,2.888,N
RAJ002,2026-02-17 03:00:00,2.889,N
RAJ002,2026-02-17 03:10:00,2.888,N
RAJ002,2026-02-17 03:20:00,2.89,N
RAJ002,2026-02-17 03:30:00,2.892,N
RAJ002,2026-02-17 03:40:00,2.892,N
RAJ002,2026-02-17 03:50:00,2.896,N
RAJ002,2026-02-17 04:00:00,2.896,N
RAJ002,2026-02-17 04:10:00,2.897,N
RAJ002,2026-02-17 04:20:00,2.898,N
RAJ002,2026-02-17 04:30:00,2.899,N
RAJ002,2026-02-17 04:40:00,2.902,N
RAJ002,2026-02-17 04:50:00,2.902,N
RAJ002,2026-02-17 05:00:00,2.905,N
RAJ002,2026-02-17 05:10:00,2.906,N
RAJ002,2026-02-17 05:20:00,2.908,N
RAJ002,2026-02-17 05:30:00,2.908,N
RAJ002,2026-02-17 05:40:00,2.911,N
RAJ002,2026-02-17 05:50:00,2.91,N
RAJ002,2026-02-17 06:00:00,2.911,N
RAJ002,2026-02-17 06:10:00,2.911,N
RAJ002,2026-02-17 06:20:00,2.915,N
RAJ002,2026-02-17 06:30:00,2.915,N
RAJ002,2026-02-17 06:40:00,2.917,N
RAJ002,2026-02-17 06:50:00,2.917,N
RAJ002,2026-02-17 07:00:00,2.919,N
RAJ002,2026-02-17 07:10:00,2.918,N
RAJ002,2026-02-17 07:20:00,2.919,N
RAJ002,2026-02-17 07:30:00,2.918,N
RAJ002,2026-02-17 07:40:00,2.919,N
RAJ002,2026-02-17 07:50:00,2.92,N
RAJ002,2026-02-17 08:00:00,2.92,N
RAJ002,2026-02-17 08:10:00,2.92,N
RAJ002,2026-02-17 08:20:00,2.919,N
RAJ002,2026-02-17 08:30:00,2.915,N
RAJ002,2026-02-17 08:40:00,2.916,N
RAJ002,2026-02-17 08:50:00,2.917,N
RAJ002,2026-02-17 09:00:00,2.919,N
RAJ002,2026-02-17 09:10:00,2.92,N
RAJ002,2026-02-17 09:20:00,2.92,N
RAJ002,2026-02-17 09:30:00,2.92,N
RAJ002,2026-02-17 09:40:00,2.92,N
RAJ002,2026-02-17 09:50:00,2.922,N
RAJ002,2026-02-17 10:00:00,2.918,N
RAJ002,2026-02-17 10:10:00,2.918,N
RAJ002,2026-02-17 10:20:00,2.917,N
RAJ002,2026-02-17 10:30:00,2.917,N
RAJ002,2026-02-17 10:40:00,2.916,N
RAJ002,2026-02-17 10:50:00,2.916,N
RAJ002,2026-02-17 11:00:00,2.917,N
RAJ002,2026-02-17 11:10:00,2.911,N
RAJ002,2026-02-17 11:20:00,2.91,N
RAJ002,2026-02-17 11:30:00,2.911,N
RAJ002,2026-02-17 11:40:00,2.906,N
RAJ002,2026-02-17 11:50:00,2.905,N
RAJ002,2026-02-17 12:00:00,2.903,N
RAJ002,2026-02-17 12:10:00,2.898,N
RAJ002,2026-02-17 12:20:00,2.898,N
RAJ002,2026-02-17 12:30:00,2.897,N
RAJ002,2026-02-17 12:40:00,2.897,N
RAJ002,2026-02-17 12:50:00,2.892,N
RAJ002,2026-02-17 13:00:00,2.888,N
RAJ002,2026-02-17 13:10:00,2.886,N
RAJ002,2026-02-17 13:20:00,2.884,N
RAJ002,2026-02-17 13:30:00,2.881,N
RAJ002,2026-02-17 13:40:00,2.879,N
RAJ002,2026-02-17 13:50:00,2.882,N
RAJ002,2026-02-17 14:00:00,2.871,N
RAJ002,2026-02-17 14:10:00,2.872,N
RAJ002,2026-02-17 14:20:00,2.872,N
RAJ002,2026-02-17 14:30:00,2.869,N
RAJ002,2026-02-17 14:40:00,2.868,N
RAJ002,2026-02-17 14:50:00,2.867,N
RAJ002,2026-02-17 15:00:00,2.865,N
RAJ002,2026-02-17 15:10:00,2.867,N
RAJ002,2026-02-17 15:20:00,2.865,N
RAJ002,2026-02-17 15:30:00,2.861,N
RAJ002,2026-02-17 15:40:00,2.859,N
RAJ002,2026-02-17 15:50:00,2.856,N
RAJ002,2026-02-17 16:00:00,2.857,N
RAJ002,2026-02-17 16:10:00,2.855,N
RAJ002,2026-02-17 16:20:00,2.856,N
RAJ002,2026-02-17 16:30:00,2.861,N
RAJ002,2026-02-17 16:40:00,2.856,N
RAJ002,2026-02-17 16:50:00,2.856,N
RAJ002,2026-02-17 17:00:00,2.854,N
RAJ002,2026-02-17 17:10:00,2.861,N
RAJ002,2026-02-17 17:20:00,2.856,N
RAJ002,2026-02-17 17:30:00,2.861,N
RAJ002,2026-02-17 17:40:00,2.857,N
RAJ002,2026-02-17 17:50:00,2.857,N
RAJ002,2026-02-17 18:00:00,2.858,N
RAJ002,2026-02-17 18:10:00,2.857,N
RAJ002,2026-02-17 18:20:00,2.859,N
RAJ002,2026-02-17 18:30:00,2.858,N
RAJ002,2026-02-17 18:40:00,2.857,N
RAJ002,2026-02-17 18:50:00,2.857,N
RAJ002,2026-02-17 19:00:00,2.857,N
RAJ002,2026-02-17 19:10:00,2.85,N
RAJ002,2026-02-17 19:20:00,2.852,N
RAJ002,2026-02-17 19:30:00,2.851,N
RAJ002,2026-02-17 19:40:00,2.851,N
RAJ002,2026-02-17 19:50:00,2.847,N
RAJ002,2026-02-17 20:00:00,2.848,N
RAJ002,2026-02-17 20:10:00,2.845,N
RAJ002,2026-02-17 20:20:00,2.843,N
RAJ002,2026-02-17 20:30:00,2.838,N
RAJ002,2026-02-17 20:40:00,2.837,N
RAJ002,2026-02-17 20:50:00,2.834,N
RAJ002,2026-02-17 21:00:00,2.831,N
RAJ002,2026-02-17 21:10:00,2.831,N
RAJ002,2026-02-17 21:20:00,2.825,N
RAJ002,2026-02-17 21:30:00,2.825,N
RAJ002,2026-02-17 21:40:00,2.822,N
RAJ002,2026-02-17 21:50:00,2.818,N
RAJ002,2026-02-17 22:00:00,2.816,N
RAJ002,2026-02-17 22:10:00,2.811,N
RAJ002,2026-02-17 22:20:00,2.807,N
RAJ002,2026-02-17 22:30:00,2.804,N
RAJ002,2026-02-17 22:40:00,2.796,N
RAJ002,2026-02-17 22:50:00,2.793,N
RAJ002,2026-02-17 23:00:00,2.789,N
RAJ002,2026-02-17 23:10:00,2.784,N
RAJ002,2026-02-17 23:20:00,2.782,N
RAJ002,2026-02-17 23:30:00,2.774,N
RAJ002,2026-02-17 23:40:00,2.769,N
RAJ002,2026-02-17 23:50:00,2.766,N
RAJ002,2026-02-18 00:00:00,2.761,N
RAJ002,2026-02-18 00:10:00,2.758,N
RAJ002,2026-02-18 00:20:00,2.753,N
RAJ002,2026-02-18 00:30:00,2.746,N
RAJ002,2026-02-18 00:40:00,2.743,N
RAJ002,2026-02-18 00:50:00,2.736,N
RAJ002,2026-02-18 01:00:00,2.733,N
RAJ002,2026-02-18 01:10:00,2.727,N
RAJ002,2026-02-18 01:20:00,2.72,N
RAJ002,2026-02-18 01:30:00,2.715,N
RAJ002,2026-02-18 01:40:00,2.713,N
RAJ002,2026-02-18 01:50:00,2.705,N
RAJ002,2026-02-18 02:00:00,2.702,N
RAJ002,2026-02-18 02:10:00,2.698,N
RAJ002,2026-02-18 02:20:00,2.693,N
RAJ002,2026-02-18 02:30:00,2.688,N
RAJ002,2026-02-18 02:40:00,2.684,N
RAJ002,2026-02-18 02:50:00,2.678,N
RAJ002,2026-02-18 03:00:00,2.674,N
RAJ002,2026-02-18 03:10:00,2.666,N
RAJ002,2026-02-18 03:20:00,2.664,N
RAJ002,2026-02-18 03:30:00,2.66,N
RAJ002,2026-02-18 03:40:00,2.656,N
RAJ002,2026-02-18 03:50:00,2.654,N
RAJ002,2026-02-18 04:00:00,2.65,N
RAJ002,2026-02-18 04:10:00,2.644,N
RAJ002,2026-02-18 04:20:00,2.643,N
RAJ002,2026-02-18 04:30:00,2.637,N
RAJ002,2026-02-18 04:40:00,2.631,N
RAJ002,2026-02-18 04:50:00,2.629,N
RAJ002,2026-02-18 05:00:00,2.625,N
RAJ002,2026-02-18 05:10:00,2.626,N
RAJ002,2026-02-18 05:20:00,2.623,N
RAJ002,2026-02-18 05:30:00,2.62,N
RAJ002,2026-02-18 05:40:00,2.62,N
RAJ002,2026-02-18 05:50:00,2.618,N
RAJ002,2026-02-18 06:00:00,2.618,N
RAJ002,2026-02-18 06:10:00,2.616,N
RAJ002,2026-02-18 06:20:00,2.616,N
RAJ002,2026-02-18 06:30:00,2.616,N
RAJ002,2026-02-18 06:40:00,2.616,N
RAJ002,2026-02-18 06:50:00,2.617,N
RAJ002,2026-02-18 07:00:00,2.616,N
RAJ002,2026-02-18 07:10:00,2.617,N
RAJ002,2026-02-18 07:20:00,2.618,N
RAJ002,2026-02-18 07:30:00,2.62,N
RAJ002,2026-02-18 07:40:00,2.623,N
RAJ002,2026-02-18 07:50:00,2.625,N
RAJ002,2026-02-18 08:00:00,2.627,N
RAJ002,2026-02-18 08:10:00,2.631,N
RAJ002,2026-02-18 08:20:00,2.636,N
RAJ002,2026-02-18 08:30:00,2.639,N
RAJ002,2026-02-18 08:40:00,2.644,N
RAJ002,2026-02-18 08:50:00,2.652,N
RAJ002,2026-02-18 09:00:00,2.653,N
RAJ002,2026-02-18 09:10:00,2.664,N
RAJ002,2026-02-18 09:20:00,2.671,N
RAJ002,2026-02-18 09:30:00,2.679,N
RAJ002,2026-02-18 09:40:00,2.687,N
RAJ002,2026-02-18 09:50:00,2.695,N
RAJ002,2026-02-18 10:00:00,2.704,N
RAJ002,2026-02-18 10:10:00,2.711,N
RAJ002,2026-02-18 10:20:00,2.719,N
RAJ002,2026-02-18 10:30:00,2.728,N
RAJ002,2026-02-18 10:40:00,2.736,N
RAJ002,2026-02-18 10:50:00,2.743,N
RAJ002,2026-02-18 11:00:00,2.752,N
RAJ002,2026-02-18 11:10:00,2.763,N
RAJ002,2026-02-18 11:20:00,2.773,N
RAJ002,2026-02-18 11:30:00,2.78,N
RAJ002,2026-02-18 11:40:00,2.788,N
RAJ002,2026-02-18 11:50:00,2.796,N
RAJ002,2026-02-18 12:00:00,2.803,N
RAJ002,2026-02-18 12:10:00,2.809,N
RAJ002,2026-02-18 12:20:00,2.815,N
RAJ002,2026-02-18 12:30:00,2.824,N
RAJ002,2026-02-18 12:40:00,2.831,N
RAJ002,2026-02-18 12:50:00,2.835,N
RAJ002,2026-02-18 13:00:00,2.842,N
RAJ002,2026-02-18 13:10:00,2.851,N
RAJ002,2026-02-18 13:20:00,2.858,N
RAJ002,2026-02-18 13:30:00,2.863,N
RAJ002,2026-02-18 13:40:00,2.867,N
RAJ002,2026-02-18 13:50:00,2.869,N
RAJ002,2026-02-18 14:00:00,2.867,N
RAJ002,2026-02-18 14:10:00,2.87,N
RAJ002,2026-02-18 14:20:00,2.877,N
RAJ002,2026-02-18 14:30:00,2.877,N
RAJ002,2026-02-18 14:40:00,2.879,N
RAJ002,2026-02-18 14:50:00,2.883,N
RAJ002,2026-02-18 15:00:00,2.884,N
RAJ002,2026-02-18 15:10:00,2.886,N
RAJ002,2026-02-18 15:20:00,2.886,N
RAJ002,2026-02-18 15:30:00,2.888,N
RAJ002,2026-02-18 15:40:00,2.886,N
RAJ002,2026-02-18 15:50:00,2.888,N
RAJ002,2026-02-18 16:00:00,2.885,N
RAJ002,2026-02-18 16:10:00,2.885,N
RAJ002,2026-02-18 16:20:00,2.886,N
RAJ002,2026-02-18 16:30:00,2.885,N
RAJ002,2026-02-18 16:40:00,2.884,N
RAJ002,2026-02-18 16:50:00,2.882,N
RAJ002,2026-02-18 17:00:00,2.879,N
RAJ002,2026-02-18 17:10:00,2.882,N
RAJ002,2026-02-18 17:20:00,2.877,N
RAJ002,2026-02-18 17:30:00,2.876,N
RAJ002,2026-02-18 17:40:00,2.875,N
RAJ002,2026-02-18 17:50:00,2.874,N
RAJ002,2026-02-18 18:00:00,2.871,N
RAJ002,2026-02-18 18:10:00,2.869,N
RAJ002,2026-02-18 18:20:00,2.868,N
RAJ002,2026-02-18 18:30:00,2.865,N
RAJ002,2026-02-18 18:40:00,2.862,N
RAJ002,2026-02-18 18:50:00,2.858,N
RAJ002,2026-02-18 19:00:00,2.857,N
RAJ002,2026-02-18 19:10:00,2.852,N
RAJ002,2026-02-18 19:20:00,2.85,N
RAJ002,2026-02-18 19:30:00,2.847,N
RAJ002,2026-02-18 19:40:00,2.845,N
RAJ002,2026-02-18 19:50:00,2.841,N
RAJ002,2026-02-18 20:00:00,2.838,N
RAJ002,2026-02-18 20:10:00,2.837,N
RAJ002,2026-02-18 20:20:00,2.834,N
RAJ002,2026-02-18 20:30:00,2.831,N
RAJ002,2026-02-18 20:40:00,2.828,N
RAJ002,2026-02-18 20:50:00,2.825,N
RAJ002,2026-02-18 21:00:00,2.823,N
RAJ002,2026-02-18 21:10:00,2.821,N
RAJ002,2026-02-18 21:20:00,2.818,N
RAJ002,2026-02-18 21:30:00,2.815,N
RAJ002,2026-02-18 21:40:00,2.814,N
RAJ002,2026-02-18 21:50:00,2.81,N
RAJ002,2026-02-18 22:00:00,2.808,N
RAJ002,2026-02-18 22:10:00,2.804,N
RAJ002,2026-02-18 22:20:00,2.802,N
RAJ002,2026-02-18 22:30:00,2.801,N
RAJ002,2026-02-18 22:40:00,2.799,N
RAJ002,2026-02-18 22:50:00,2.795,N
RAJ002,2026-02-18 23:00:00,2.793,N
RAJ002,2026-02-18 23:10:00,2.79,N
RAJ002,2026-02-18 23:20:00,2.787,N
RAJ002,2026-02-18 23:30:00,2.783,N
RAJ002,2026-02-18 23:40:00,2.78,N
RAJ002,2026-02-18 23:50:00,2.779,N
RAJ002,2026-02-19 00:00:00,2.777,N
RAJ002,2026-02-19 00:10:00,2.775,N
RAJ002,2026-02-19 00:20:00,2.77,N
RAJ002,2026-02-19 00:30:00,2.768,N
RAJ002,2026-02-19 00:40:00,2.767,N
RAJ002,2026-02-19 00:50:00,2.765,N
RAJ002,2026-02-19 01:00:00,2.76,N
RAJ002,2026-02-19 01:10:00,2.758,N
RAJ002,2026-02-19 01:20:00,2.756,N
RAJ002,2026-02-19 01:30:00,2.752,N
RAJ002,2026-02-19 01:40:00,2.75,N
RAJ002,2026-02-19 01:50:00,2.747,N
RAJ002,2026-02-19 02:00:00,2.747,N
RAJ002,2026-02-19 02:10:00,2.742,N
RAJ002,2026-02-19 02:20:00,2.74,N
RAJ002,2026-02-19 02:30:00,2.738,N
RAJ002,2026-02-19 02:40:00,2.734,N
RAJ002,2026-02-19 02:50:00,2.733,N
RAJ002,2026-02-19 03:00:00,2.731,N
RAJ002,2026-02-19 03:10:00,2.728,N
RAJ002,2026-02-19 03:20:00,2.725,N
RAJ002,2026-02-19 03:30:00,2.722,N
RAJ002,2026-02-19 03:40:00,2.721,N
RAJ002,2026-02-19 03:50:00,2.72,N
RAJ002,2026-02-19 04:00:00,2.718,N
RAJ002,2026-02-19 04:10:00,2.715,N
RAJ002,2026-02-19 04:20:00,2.714,N
RAJ002,2026-02-19 04:30:00,2.712,N
RAJ002,2026-02-19 04:40:00,2.709,N
RAJ002,2026-02-19 04:50:00,2.708,N
RAJ002,2026-02-19 05:00:00,2.706,N
RAJ002,2026-02-19 05:10:00,2.705,N
RAJ002,2026-02-19 05:20:00,2.702,N
RAJ002,2026-02-19 05:30:00,2.702,N
RAJ002,2026-02-19 05:40:00,2.701,N
RAJ002,2026-02-19 05:50:00,2.7,N
RAJ002,2026-02-19 06:00:00,2.7,N
RAJ002,2026-02-19 06:10:00,2.697,N
RAJ002,2026-02-19 06:20:00,2.695,N
RAJ002,2026-02-19 06:30:00,2.694,N
RAJ002,2026-02-19 06:40:00,2.695,N
RAJ002,2026-02-19 06:50:00,2.693,N
RAJ002,2026-02-19 07:00:00,2.693,N
RAJ002,2026-02-19 07:10:00,2.692,N
RAJ002,2026-02-19 07:20:00,2.693,N
RAJ002,2026-02-19 07:30:00,2.691,N
RAJ002,2026-02-19 07:40:00,2.691,N
RAJ002,2026-02-19 07:50:00,2.688,N
RAJ002,2026-02-19 08:00:00,2.69,N
RAJ002,2026-02-19 08:10:00,2.688,N
RAJ002,2026-02-19 08:20:00,2.69,N
RAJ002,2026-02-19 08:30:00,2.688,N
RAJ002,2026-02-19 08:40:00,2.691,N
RAJ002,2026-02-19 08:50:00,2.692,N
RAJ002,2026-02-19 09:00:00,2.693,N
RAJ002,2026-02-19 09:10:00,2.697,N
RAJ002,2026-02-19 09:20:00,2.697,N
RAJ002,2026-02-19 09:30:00,2.699,N
RAJ002,2026-02-19 09:40:00,2.705,N
RAJ002,2026-02-19 09:50:00,2.707,N
RAJ002,2026-02-19 10:00:00,2.712,N
RAJ002,2026-02-19 10:10:00,2.714,N
RAJ002,2026-02-19 10:20:00,2.718,N
RAJ002,2026-02-19 10:30:00,2.722,N
RAJ002,2026-02-19 10:40:00,2.729,N
RAJ002,2026-02-19 10:50:00,2.733,N
RAJ002,2026-02-19 11:00:00,2.739,N
RAJ002,2026-02-19 11:10:00,2.743,N
RAJ002,2026-02-19 11:20:00,2.75,N
RAJ002,2026-02-19 11:30:00,2.753,N
RAJ002,2026-02-19 11:40:00,2.761,N
RAJ002,2026-02-19 11:50:00,2.761,N
RAJ002,2026-02-19 12:00:00,2.767,N
RAJ002,2026-02-19 12:10:00,2.774,N
RAJ002,2026-02-19 12:20:00,2.779,N
RAJ002,2026-02-19 12:30:00,2.784,N
RAJ002,2026-02-19 12:40:00,2.792,N
RAJ002,2026-02-19 12:50:00,2.793,N
RAJ002,2026-02-19 13:00:00,2.799,N
RAJ002,2026-02-19 13:10:00,2.801,N
RAJ002,2026-02-19 13:20:00,2.807,N
RAJ002,2026-02-19 13:30:00,2.806,N
RAJ002,2026-02-19 13:40:00,2.813,N
RAJ002,2026-02-19 13:50:00,2.815,N
RAJ002,2026-02-19 14:00:00,2.822,N
RAJ002,2026-02-19 14:10:00,2.827,N
RAJ002,2026-02-19 14:20:00,2.829,N
RAJ002,2026-02-19 14:30:00,2.835,N
RAJ002,2026-02-19 14:40:00,2.834,N
RAJ002,2026-02-19 14:50:00,2.838,N
RAJ002,2026-02-19 15:00:00,2.844,N
RAJ002,2026-02-19 15:10:00,2.85,N
RAJ002,2026-02-19 15:20:00,2.852,N
RAJ002,2026-02-19 15:30:00,2.858,N
RAJ002,2026-02-19 15:40:00,2.862,N
RAJ002,2026-02-19 15:50:00,2.867,N
RAJ002,2026-02-19 16:00:00,2.871,N
RAJ002,2026-02-19 16:10:00,2.876,N
RAJ002,2026-02-19 16:20:00,2.879,N
RAJ002,2026-02-19 16:30:00,2.883,N
RAJ002,2026-02-19 16:40:00,2.888,N
RAJ002,2026-02-19 16:50:00,2.892,N
RAJ002,2026-02-19 17:00:00,2.896,N
RAJ002,2026-02-19 17:10:00,2.902,N
RAJ002,2026-02-19 17:20:00,2.905,N
RAJ002,2026-02-19 17:30:00,2.91,N
RAJ002,2026-02-19 17:40:00,2.913,N
RAJ002,2026-02-19 17:50:00,2.919,N
RAJ002,2026-02-19 18:00:00,2.923,N
RAJ002,2026-02-19 18:10:00,2.927,N
RAJ002,2026-02-19 18:20:00,2.932,N
RAJ002,2026-02-19 18:30:00,2.936,N
RAJ002,2026-02-19 18:40:00,2.939,N
RAJ002,2026-02-19 18:50:00,2.944,N
RAJ002,2026-02-19 19:00:00,2.946,N
RAJ002,2026-02-19 19:10:00,2.951,N
RAJ002,2026-02-19 19:20:00,2.952,N
RAJ002,2026-02-19 19:30:00,2.956,N
RAJ002,2026-02-19 19:40:00,2.959,N
RAJ002,2026-02-19 19:50:00,2.961,N
RAJ002,2026-02-19 20:00:00,2.964,N
RAJ002,2026-02-19 20:10:00,2.966,N
RAJ002,2026-02-19 20:20:00,2.97,N
RAJ002,2026-02-19 20:30:00,2.971,N
RAJ002,2026-02-19 20:40:00,2.973,N
RAJ002,2026-02-19 20:50:00,2.977,N
RAJ002,2026-02-19 21:00:00,2.978,N
RAJ002,2026-02-19 21:10:00,2.979,N
RAJ002,2026-02-19 21:20:00,2.981,N
RAJ002,2026-02-19 21:30:00,2.983,N
RAJ002,2026-02-19 21:40:00,2.986,N
RAJ002,2026-02-19 21:50:00,2.987,N
RAJ002,2026-02-19 22:00:00,2.988,N
RAJ002,2026-02-19 22:10:00,2.99,N
RAJ002,2026-02-19 22:20:00,2.993,N
RAJ002,2026-02-19 22:30:00,2.992,N
RAJ002,2026-02-19 22:40:00,2.994,N
RAJ002,2026-02-19 22:50:00,2.994,N
RAJ002,2026-02-19 23:00:00,2.995,N
RAJ002,2026-02-19 23:10:00,2.994,N
RAJ002,2026-02-19 23:20:00,2.995,N
RAJ002,2026-02-19 23:30:00,2.994,N
RAJ002,2026-02-19 23:40:00,2.995,N
RAJ002,2026-02-19 23:50:00,2.993,N
RAJ002,2026-02-20 00:00:00,2.993,N
RAJ002,2026-02-20 00:10:00,2.992,N
RAJ002,2026-02-20 00:20:00,2.992,N
RAJ002,2026-02-20 00:30:00,2.991,N
RAJ002,2026-02-20 00:40:00,2.988,N
RAJ002,2026-02-20 00:50:00,2.987,N
RAJ002,2026-02-20 01:00:00,2.986,N
RAJ002,2026-02-20 01:10:00,2.985,N
RAJ002,2026-02-20 01:20:00,2.981,N
RAJ002,2026-02-20 01:30:00,2.98,N
RAJ002,2026-02-20 01:40:00,2.98,N
RAJ002,2026-02-20 01:50:00,2.978,N
RAJ002,2026-02-20 02:00:00,2.977,N
RAJ002,2026-02-20 02:10:00,2.974,N
RAJ002,2026-02-20 02:20:00,2.972,N
RAJ002,2026-02-20 02:30:00,2.97,N
RAJ002,2026-02-20 02:40:00,2.967,N
RAJ002,2026-02-20 02:50:00,2.966,N
RAJ002,2026-02-20 03:00:00,2.964,N
RAJ002,2026-02-20 03:10:00,2.961,N
RAJ002,2026-02-20 03:20:00,2.96,N
RAJ002,2026-02-20 03:30:00,2.958,N
RAJ002,2026-02-20 03:40:00,2.954,N
RAJ002,2026-02-20 03:50:00,2.953,N
RAJ002,2026-02-20 04:00:00,2.953,N
RAJ002,2026-02-20 04:10:00,2.95,N
RAJ002,2026-02-20 04:20:00,2.947,N
RAJ002,2026-02-20 04:30:00,2.946,N
RAJ002,2026-02-20 04:40:00,2.944,N
RAJ002,2026-02-20 04:50:00,2.942,N
RAJ002,2026-02-20 05:00:00,2.94,N
RAJ002,2026-02-20 05:10:00,2.939,N
RAJ002,2026-02-20 05:20:00,2.936,N
RAJ002,2026-02-20 05:30:00,2.934,N
RAJ002,2026-02-20 05:40:00,2.933,N
RAJ002,2026-02-20 05:50:00,2.931,N
RAJ002,2026-02-20 06:00:00,2.929,N
RAJ002,2026-02-20 06:10:00,2.926,N
RAJ002,2026-02-20 06:20:00,2.925,N
RAJ002,2026-02-20 06:30:00,2.924,N
RAJ002,2026-02-20 06:40:00,2.923,N
RAJ002,2026-02-20 06:50:00,2.92,N
RAJ002,2026-02-20 07:00:00,2.92,N
RAJ002,2026-02-20 07:10:00,2.919,N
RAJ002,2026-02-20 07:20:00,2.918,N
RAJ002,2026-02-20 07:30:00,2.918,N
RAJ002,2026-02-20 07:40:00,2.917,N
RAJ002,2026-02-20 07:50:00,2.917,N
RAJ002,2026-02-20 08:00:00,2.917,N
RAJ002,2026-02-20 08:10:00,2.918,N
RAJ002,2026-02-20 08:20:00,2.918,N
RAJ002,2026-02-20 08:30:00,2.919,N
RAJ002,2026-02-20 08:40:00,2.922,N
RAJ002,2026-02-20 08:50:00,2.924,N
RAJ002,2026-02-20 09:00:00,2.927,N
RAJ002,2026-02-20 09:10:00,2.932,N
RAJ002,2026-02-20 09:20:00,2.939,N
RAJ002,2026-02-20 09:30:00,2.945,N
RAJ002,2026-02-20 09:40:00,2.952,N
RAJ002,2026-02-20 09:50:00,2.96,N
RAJ002,2026-02-20 10:00:00,2.971,N
RAJ002,2026-02-20 10:10:00,2.98,N
RAJ002,2026-02-20 10:20:00,2.99,N
RAJ002,2026-02-20 10:30:00,3,N
RAJ002,2026-02-20 10:40:00,3.015,N
RAJ002,2026-02-20 10:50:00,3.028,N
RAJ002,2026-02-20 11:00:00,3.04,N
RAJ002,2026-02-20 11:10:00,3.053,N
RAJ002,2026-02-20 11:20:00,3.069,N
RAJ002,2026-02-20 11:30:00,3.087,N
RAJ002,2026-02-20 11:40:00,3.102,N
RAJ002,2026-02-20 11:50:00,3.114,N
RAJ002,2026-02-20 12:00:00,3.133,N
RAJ002,2026-02-20 12:10:00,3.15,N
RAJ002,2026-02-20 12:20:00,3.168,N
RAJ002,2026-02-20 12:30:00,3.181,N
RAJ002,2026-02-20 12:40:00,3.201,N
RAJ002,2026-02-20 12:50:00,3.213,N
RAJ002,2026-02-20 13:00:00,3.233,N
RAJ002,2026-02-20 13:10:00,3.25,N
RAJ002,2026-02-20 13:20:00,3.266,N
RAJ002,2026-02-20 13:30:00,3.281,N
RAJ002,2026-02-20 13:40:00,3.295,N
RAJ002,2026-02-20 13:50:00,3.312,N
RAJ002,2026-02-20 14:00:00,3.32,N
RAJ002,2026-02-20 14:10:00,3.339,N
RAJ002,2026-02-20 14:20:00,3.354,N
RAJ002,2026-02-20 14:30:00,3.368,N
RAJ002,2026-02-20 14:40:00,3.381,N
RAJ002,2026-02-20 14:50:00,3.39,N
RAJ002,2026-02-20 15:00:00,3.403,N
RAJ002,2026-02-20 15:10:00,3.413,N
RAJ002,2026-02-20 15:20:00,3.423,N
RAJ002,2026-02-20 15:30:00,3.431,N
RAJ002,2026-02-20 15:40:00,3.438,N
RAJ002,2026-02-20 15:50:00,3.447,N
RAJ002,2026-02-20 16:00:00,3.455,N
RAJ002,2026-02-20 16:10:00,3.461,N
RAJ002,2026-02-20 16:20:00,3.464,N
RAJ002,2026-02-20 16:30:00,3.469,N
RAJ002,2026-02-20 16:40:00,3.477,N
RAJ002,2026-02-20 16:50:00,3.481,N
RAJ002,2026-02-20 17:00:00,3.485,N
RAJ002,2026-02-20 17:10:00,3.488,N
RAJ002,2026-02-20 17:20:00,3.488,N
RAJ002,2026-02-20 17:30:00,3.489,N
RAJ002,2026-02-20 17:40:00,3.49,N
RAJ002,2026-02-20 17:50:00,3.491,N
RAJ002,2026-02-20 18:00:00,3.49,N
RAJ002,2026-02-20 18:10:00,3.49,N
RAJ002,2026-02-20 18:20:00,3.49,N
RAJ002,2026-02-20 18:30:00,3.486,N
RAJ002,2026-02-20 18:40:00,3.484,N
RAJ002,2026-02-20 18:50:00,3.482,N
RAJ002,2026-02-20 19:00:00,3.476,N
RAJ002,2026-02-20 19:10:00,3.472,N
RAJ002,2026-02-20 19:20:00,3.469,N
RAJ002,2026-02-20 19:30:00,3.463,N
RAJ002,2026-02-20 19:40:00,3.457,N
RAJ002,2026-02-20 19:50:00,3.451,N
RAJ002,2026-02-20 20:00:00,3.445,N
RAJ002,2026-02-20 20:10:00,3.44,N
RAJ002,2026-02-20 20:20:00,3.433,N
RAJ002,2026-02-20 20:30:00,3.427,N
RAJ002,2026-02-20 20:40:00,3.418,N
RAJ002,2026-02-20 20:50:00,3.411,N
RAJ002,2026-02-20 21:00:00,3.403,N
RAJ002,2026-02-20 21:10:00,3.397,N
RAJ002,2026-02-20 21:20:00,3.388,N
RAJ002,2026-02-20 21:30:00,3.38,N
RAJ002,2026-02-20 21:40:00,3.372,N
RAJ002,2026-02-20 21:50:00,3.363,N
RAJ002,2026-02-20 22:00:00,3.355,N
RAJ002,2026-02-20 22:10:00,3.347,N
RAJ002,2026-02-20 22:20:00,3.339,N
RAJ002,2026-02-20 22:30:00,3.329,N
RAJ002,2026-02-20 22:40:00,3.321,N
RAJ002,2026-02-20 22:50:00,3.312,N
RAJ002,2026-02-20 23:00:00,3.302,N
RAJ002,2026-02-20 23:10:00,3.293,N
RAJ002,2026-02-20 23:20:00,3.284,N
RAJ002,2026-02-20 23:30:00,3.273,N
RAJ002,2026-02-20 23:40:00,3.265,N
RAJ002,2026-02-20 23:50:00,3.256,N
RAJ002,2026-02-21 00:00:00,3.247,N
RAJ002,2026-02-21 00:10:00,3.238,N
RAJ002,2026-02-21 00:20:00,3.229,N
RAJ002,2026-02-21 00:30:00,3.218,N
RAJ002,2026-02-21 00:40:00,3.208,N
RAJ002,2026-02-21 00:50:00,3.199,N
RAJ002,2026-02-21 01:00:00,3.191,N
RAJ002,2026-02-21 01:10:00,3.183,N
RAJ002,2026-02-21 01:20:00,3.175,N
RAJ002,2026-02-21 01:30:00,3.165,N
RAJ002,2026-02-21 01:40:00,3.156,N
RAJ002,2026-02-21 01:50:00,3.149,N
RAJ002,2026-02-21 02:00:00,3.141,N
RAJ002,2026-02-21 02:10:00,3.131,N
RAJ002,2026-02-21 02:20:00,3.123,N
RAJ002,2026-02-21 02:30:00,3.116,N
RAJ002,2026-02-21 02:40:00,3.109,N
RAJ002,2026-02-21 02:50:00,3.101,N
RAJ002,2026-02-21 03:00:00,3.093,N
RAJ002,2026-02-21 03:10:00,3.087,N
RAJ002,2026-02-21 03:20:00,3.079,N
RAJ002,2026-02-21 03:30:00,3.074,N
RAJ002,2026-02-21 03:40:00,3.067,N
RAJ002,2026-02-21 03:50:00,3.06,N
RAJ002,2026-02-21 04:00:00,3.055,N
RAJ002,2026-02-21 04:10:00,3.049,N
RAJ002,2026-02-21 04:20:00,3.046,N
RAJ002,2026-02-21 04:30:00,3.041,N
RAJ002,2026-02-21 04:40:00,3.036,N
RAJ002,2026-02-21 04:50:00,3.032,N
RAJ002,2026-02-21 05:00:00,3.029,N
RAJ002,2026-02-21 05:10:00,3.026,N
RAJ002,2026-02-21 05:20:00,3.022,N
RAJ002,2026-02-21 05:30:00,3.019,N
RAJ002,2026-02-21 05:40:00,3.018,N
RAJ002,2026-02-21 05:50:00,3.014,N
RAJ002,2026-02-21 06:00:00,3.014,N
RAJ002,2026-02-21 06:10:00,3.013,N
RAJ002,2026-02-21 06:20:00,3.012,N
RAJ002,2026-02-21 06:30:00,3.012,N
RAJ002,2026-02-21 06:40:00,3.011,N
RAJ002,2026-02-21 06:50:00,3.012,N
RAJ002,2026-02-21 07:00:00,3.012,N
RAJ002,2026-02-21 07:10:00,3.013,N
RAJ002,2026-02-21 07:20:00,3.013,N
RAJ002,2026-02-21 07:30:00,3.013,N
RAJ002,2026-02-21 07:40:00,3.017,N
RAJ002,2026-02-21 07:50:00,3.017,N
RAJ002,2026-02-21 08:00:00,3.017,N
RAJ002,2026-02-21 08:10:00,3.019,N
RAJ002,2026-02-21 08:20:00,3.021,N
RAJ002,2026-02-21 08:30:00,3.024,N
RAJ002,2026-02-21 08:40:00,3.026,N
RAJ002,2026-02-21 08:50:00,3.032,N
RAJ002,2026-02-21 09:00:00,3.033,N
RAJ002,2026-02-21 09:10:00,3.039,N
RAJ002,2026-02-21 09:20:00,3.043,N
RAJ002,2026-02-21 09:30:00,3.048,N
RAJ002,2026-02-21 09:40:00,3.055,N
RAJ002,2026-02-21 09:50:00,3.062,N
RAJ002,2026-02-21 10:00:00,3.069,N
RAJ002,2026-02-21 10:10:00,3.076,N
RAJ002,2026-02-21 10:20:00,3.083,N
RAJ002,2026-02-21 10:30:00,3.09,N
RAJ002,2026-02-21 10:40:00,3.1,N
RAJ002,2026-02-21 10:50:00,3.108,N
RAJ002,2026-02-21 11:00:00,3.117,N
RAJ002,2026-02-21 11:10:00,3.128,N
RAJ002,2026-02-21 11:20:00,3.136,N
RAJ002,2026-02-21 11:30:00,3.145,N
RAJ002,2026-02-21 11:40:00,3.159,N
RAJ002,2026-02-21 11:50:00,3.169,N
RAJ002,2026-02-21 12:00:00,3.181,N
RAJ002,2026-02-21 12:10:00,3.195,N
RAJ002,2026-02-21 12:20:00,3.206,N
RAJ002,2026-02-21 12:30:00,3.22,N
RAJ002,2026-02-21 12:40:00,3.232,N
RAJ002,2026-02-21 12:50:00,3.246,N
RAJ002,2026-02-21 13:00:00,3.261,N
RAJ002,2026-02-21 13:10:00,3.276,N
RAJ002,2026-02-21 13:20:00,3.286,N
RAJ002,2026-02-21 13:30:00,3.302,N
RAJ002,2026-02-21 13:40:00,3.318,N
RAJ002,2026-02-21 13:50:00,3.333,N
RAJ002,2026-02-21 14:00:00,3.347,N
RAJ002,2026-02-21 14:10:00,3.358,N
RAJ002,2026-02-21 14:20:00,3.373,N
RAJ002,2026-02-21 14:30:00,3.386,N
RAJ002,2026-02-21 14:40:00,3.4,N
RAJ002,2026-02-21 14:50:00,3.41,N
RAJ002,2026-02-21 15:00:00,3.426,N
RAJ002,2026-02-21 15:10:00,3.434,N
RAJ002,2026-02-21 15:20:00,3.444,N
RAJ002,2026-02-21 15:30:00,3.457,N
RAJ002,2026-02-21 15:40:00,3.463,N
RAJ002,2026-02-21 15:50:00,3.476,N
RAJ002,2026-02-21 16:00:00,3.481,N
RAJ002,2026-02-21 16:10:00,3.486,N
RAJ002,2026-02-21 16:20:00,3.495,N
RAJ002,2026-02-21 16:30:00,3.499,N
RAJ002,2026-02-21 16:40:00,3.511,N
RAJ002,2026-02-21 16:50:00,3.506,N
RAJ002,2026-02-21 17:00:00,3.518,N
RAJ002,2026-02-21 17:10:00,3.523,N
RAJ002,2026-02-21 17:20:00,3.524,N
RAJ002,2026-02-21 17:30:00,3.527,N
RAJ002,2026-02-21 17:40:00,3.522,N
RAJ002,2026-02-21 17:50:00,3.529,N
RAJ002,2026-02-21 18:00:00,3.526,N
RAJ002,2026-02-21 18:10:00,3.523,N
RAJ002,2026-02-21 18:20:00,3.526,N
RAJ002,2026-02-21 18:30:00,3.525,N
RAJ002,2026-02-21 18:40:00,3.527,N
RAJ002,2026-02-21 18:50:00,3.518,N
RAJ002,2026-02-21 19:00:00,3.519,N
RAJ002,2026-02-21 19:10:00,3.511,N
RAJ002,2026-02-21 19:20:00,3.51,N
RAJ002,2026-02-21 19:30:00,3.501,N
RAJ002,2026-02-21 19:40:00,3.499,N
RAJ002,2026-02-21 19:50:00,3.493,N
RAJ002,2026-02-21 20:00:00,3.488,N
RAJ002,2026-02-21 20:10:00,3.482,N
RAJ002,2026-02-21 20:20:00,3.477,N
RAJ002,2026-02-21 20:30:00,3.469,N
RAJ002,2026-02-21 20:40:00,3.467,N
RAJ002,2026-02-21 20:50:00,3.454,N
RAJ002,2026-02-21 21:00:00,3.449,N
RAJ002,2026-02-21 21:10:00,3.441,N
RAJ002,2026-02-21 21:20:00,3.433,N
RAJ002,2026-02-21 21:30:00,3.431,N
RAJ002,2026-02-21 21:40:00,3.421,N
RAJ002,2026-02-21 21:50:00,3.414,N
RAJ002,2026-02-21 22:00:00,3.41,N
RAJ002,2026-02-21 22:10:00,3.401,N
RAJ002,2026-02-21 22:20:00,3.392,N
RAJ002,2026-02-21 22:30:00,3.387,N
RAJ002,2026-02-21 22:40:00,3.382,N
RAJ002,2026-02-21 22:50:00,3.376,N
RAJ002,2026-02-21 23:00:00,3.369,N
RAJ002,2026-02-21 23:10:00,3.363,N
RAJ002,2026-02-21 23:20:00,3.354,N
RAJ002,2026-02-21 23:30:00,3.348,N
RAJ002,2026-02-21 23:40:00,3.345,N
RAJ002,2026-02-21 23:50:00,3.334,N
RAJ002,2026-02-22 00:00:00,3.327,N
RAJ002,2026-02-22 00:10:00,3.322,N
RAJ002,2026-02-22 00:20:00,3.319,N
RAJ002,2026-02-22 00:30:00,3.312,N
RAJ002,2026-02-22 00:40:00,3.305,N
RAJ002,2026-02-22 00:50:00,3.298,N
RAJ002,2026-02-22 01:00:00,3.29,N
RAJ002,2026-02-22 01:10:00,3.284,N
RAJ002,2026-02-22 01:20:00,3.277,N
RAJ002,2026-02-22 01:30:00,3.268,N
RAJ002,2026-02-22 01:40:00,3.261,N
RAJ002,2026-02-22 01:50:00,3.256,N
RAJ002,2026-02-22 02:00:00,3.25,N
RAJ002,2026-02-22 02:10:00,3.242,N
RAJ002,2026-02-22 02:20:00,3.234,N
RAJ002,2026-02-22 02:30:00,3.225,N
RAJ002,2026-02-22 02:40:00,3.222,N
RAJ002,2026-02-22 02:50:00,3.215,N
RAJ002,2026-02-22 03:00:00,3.206,N
RAJ002,2026-02-22 03:10:00,3.201,N
RAJ002,2026-02-22 03:20:00,3.193,N
RAJ002,2026-02-22 03:30:00,3.186,N
RAJ002,2026-02-22 03:40:00,3.179,N
RAJ002,2026-02-22 03:50:00,3.172,N
RAJ002,2026-02-22 04:00:00,3.167,N
RAJ002,2026-02-22 04:10:00,3.158,N
RAJ002,2026-02-22 04:20:00,3.154,N
RAJ002,2026-02-22 04:30:00,3.147,N
RAJ002,2026-02-22 04:40:00,3.142,N
RAJ002,2026-02-22 04:50:00,3.135,N
RAJ002,2026-02-22 05:00:00,3.13,N
RAJ002,2026-02-22 05:10:00,3.124,N
RAJ002,2026-02-22 05:20:00,3.117,N
RAJ002,2026-02-22 05:30:00,3.114,N
RAJ002,2026-02-22 05:40:00,3.108,N
RAJ002,2026-02-22 05:50:00,3.102,N
RAJ002,2026-02-22 06:00:00,3.097,N
RAJ002,2026-02-22 06:10:00,3.092,N
RAJ002,2026-02-22 06:20:00,3.087,N
RAJ002,2026-02-22 06:30:00,3.082,N
RAJ002,2026-02-22 06:40:00,3.076,N
RAJ002,2026-02-22 06:50:00,3.072,N
RAJ002,2026-02-22 07:00:00,3.067,N
RAJ002,2026-02-22 07:10:00,3.062,N
RAJ002,2026-02-22 07:20:00,3.058,N
RAJ002,2026-02-22 07:30:00,3.052,N
RAJ002,2026-02-22 07:40:00,3.048,N
RAJ002,2026-02-22 07:50:00,3.043,N
RAJ002,2026-02-22 08:00:00,3.038,N
RAJ002,2026-02-22 08:10:00,3.035,N
RAJ002,2026-02-22 08:20:00,3.029,N
RAJ002,2026-02-22 08:30:00,3.027,N
RAJ002,2026-02-22 08:40:00,3.024,N
RAJ002,2026-02-22 08:50:00,3.02,N
RAJ002,2026-02-22 09:00:00,3.018,N
RAJ002,2026-02-22 09:10:00,3.014,N
RAJ002,2026-02-22 09:20:00,3.013,N
RAJ002,2026-02-22 09:30:00,3.011,N
RAJ002,2026-02-22 09:40:00,3.008,N
RAJ002,2026-02-22 09:50:00,3.006,N
RAJ002,2026-02-22 10:00:00,3.007,N
RAJ002,2026-02-22 10:10:00,3.008,N
RAJ002,2026-02-22 10:20:00,3.013,N
RAJ002,2026-02-22 10:30:00,3.013,N
RAJ002,2026-02-22 10:40:00,3.015,N
RAJ002,2026-02-22 10:50:00,3.019,N
RAJ002,2026-02-22 11:00:00,3.022,N
RAJ002,2026-02-22 11:10:00,3.026,N
RAJ002,2026-02-22 11:20:00,3.031,N
RAJ002,2026-02-22 11:30:00,3.035,N
RAJ002,2026-02-22 11:40:00,3.041,N
RAJ002,2026-02-22 11:50:00,3.048,N
RAJ002,2026-02-22 12:00:00,3.053,N
RAJ002,2026-02-22 12:10:00,3.059,N
RAJ002,2026-02-22 12:20:00,3.066,N
RAJ002,2026-02-22 12:30:00,3.072,N
RAJ002,2026-02-22 12:40:00,3.081,N
RAJ002,2026-02-22 12:50:00,3.088,N
RAJ002,2026-02-22 13:00:00,3.095,N
RAJ002,2026-02-22 13:10:00,3.103,N
RAJ002,2026-02-22 13:20:00,3.11,N
RAJ002,2026-02-22 13:30:00,3.118,N
RAJ002,2026-02-22 13:40:00,3.127,N
RAJ002,2026-02-22 13:50:00,3.134,N
RAJ002,2026-02-22 14:00:00,3.141,N
RAJ002,2026-02-22 14:10:00,3.15,N
RAJ002,2026-02-22 14:20:00,3.155,N
RAJ002,2026-02-22 14:30:00,3.156,N
RAJ002,2026-02-22 14:40:00,3.174,N
RAJ002,2026-02-22 14:50:00,3.181,N
RAJ002,2026-02-22 15:00:00,3.19,N
RAJ002,2026-02-22 15:10:00,3.197,N
RAJ002,2026-02-22 15:20:00,3.204,N
RAJ002,2026-02-22 15:30:00,3.211,N
RAJ002,2026-02-22 15:40:00,3.218,N
RAJ002,2026-02-22 15:50:00,3.226,N
RAJ002,2026-02-22 16:00:00,3.233,N
RAJ002,2026-02-22 16:10:00,3.24,N
RAJ002,2026-02-22 16:20:00,3.246,N
RAJ002,2026-02-22 16:30:00,3.252,N
RAJ002,2026-02-22 16:40:00,3.258,N
RAJ002,2026-02-22 16:50:00,3.265,N
RAJ002,2026-02-22 17:00:00,3.268,N
RAJ002,2026-02-22 17:10:00,3.274,N
RAJ002,2026-02-22 17:20:00,3.274,N
RAJ002,2026-02-22 17:30:00,3.283,N
RAJ002,2026-02-22 17:40:00,3.291,N
RAJ002,2026-02-22 17:50:00,3.292,N
RAJ002,2026-02-22 18:00:00,3.295,N
RAJ002,2026-02-22 18:10:00,3.304,N
RAJ002,2026-02-22 18:20:00,3.304,N
RAJ002,2026-02-22 18:30:00,3.313,N
RAJ002,2026-02-22 18:40:00,3.312,N
RAJ002,2026-02-22 18:50:00,3.314,N
RAJ002,2026-02-22 19:00:00,3.318,N
RAJ002,2026-02-22 19:10:00,3.32,N
RAJ002,2026-02-22 19:20:00,3.324,N
RAJ002,2026-02-22 19:30:00,3.32,N
RAJ002,2026-02-22 19:40:00,3.317,N
RAJ002,2026-02-22 19:50:00,3.319,N
RAJ002,2026-02-22 20:00:00,3.321,N
RAJ002,2026-02-22 20:10:00,3.321,N
RAJ002,2026-02-22 20:20:00,3.321,N
RAJ002,2026-02-22 20:30:00,3.319,N
RAJ002,2026-02-22 20:40:00,3.32,N
RAJ002,2026-02-22 20:50:00,3.319,N
RAJ002,2026-02-22 21:00:00,3.318,N
RAJ002,2026-02-22 21:10:00,3.319,N
RAJ002,2026-02-22 21:20:00,3.317,N
RAJ002,2026-02-22 21:30:00,3.314,N
RAJ002,2026-02-22 21:40:00,3.313,N
RAJ002,2026-02-22 21:50:00,3.311,N
RAJ002,2026-02-22 22:00:00,3.307,N
RAJ002,2026-02-22 22:10:00,3.305,N
RAJ002,2026-02-22 22:20:00,3.299,N
RAJ002,2026-02-22 22:30:00,3.301,N
RAJ002,2026-02-22 22:40:00,3.298,N
RAJ002,2026-02-22 22:50:00,3.297,N
RAJ002,2026-02-22 23:00:00,3.293,N
RAJ002,2026-02-22 23:10:00,3.29,N
RAJ002,2026-02-22 23:20:00,3.287,N
RAJ002,2026-02-22 23:30:00,3.286,N
RAJ002,2026-02-22 23:40:00,3.283,N
RAJ002,2026-02-22 23:50:00,3.28,N
RAJ002,2026-02-23 00:00:00,3.277,N
RAJ002,2026-02-23 00:10:00,3.274,N
RAJ002,2026-02-23 00:20:00,3.271,N
RAJ002,2026-02-23 00:30:00,3.267,N
RAJ002,2026-02-23 00:40:00,3.264,N
RAJ002,2026-02-23 00:50:00,3.261,N
RAJ002,2026-02-23 01:00:00,3.258,N
RAJ002,2026-02-23 01:10:00,3.254,N
RAJ002,2026-02-23 01:20:00,3.252,N
RAJ002,2026-02-23 01:30:00,3.25,N
RAJ002,2026-02-23 01:40:00,3.245,N
RAJ002,2026-02-23 01:50:00,3.242,N
RAJ002,2026-02-23 02:00:00,3.24,N
RAJ002,2026-02-23 02:10:00,3.234,N
RAJ002,2026-02-23 02:20:00,3.231,N
RAJ002,2026-02-23 02:30:00,3.229,N
RAJ002,2026-02-23 02:40:00,3.225,N
RAJ002,2026-02-23 02:50:00,3.222,N
RAJ002,2026-02-23 03:00:00,3.217,N
RAJ002,2026-02-23 03:10:00,3.216,N
RAJ002,2026-02-23 03:20:00,3.211,N
RAJ002,2026-02-23 03:30:00,3.209,N
RAJ002,2026-02-23 03:40:00,3.205,N
RAJ002,2026-02-23 03:50:00,3.199,N
RAJ002,2026-02-23 04:00:00,3.198,N
RAJ002,2026-02-23 04:10:00,3.196,N
RAJ002,2026-02-23 04:20:00,3.19,N
RAJ002,2026-02-23 04:30:00,3.188,N
RAJ002,2026-02-23 04:40:00,3.183,N
RAJ002,2026-02-23 04:50:00,3.181,N
RAJ002,2026-02-23 05:00:00,3.178,N
RAJ002,2026-02-23 05:10:00,3.174,N
RAJ002,2026-02-23 05:20:00,3.169,N
RAJ002,2026-02-23 05:30:00,3.169,N
RAJ002,2026-02-23 05:40:00,3.165,N
RAJ002,2026-02-23 05:50:00,3.162,N
RAJ002,2026-02-23 06:00:00,3.159,N
RAJ002,2026-02-23 06:10:00,3.155,N
RAJ002,2026-02-23 06:20:00,3.151,N
RAJ002,2026-02-23 06:30:00,3.149,N
RAJ002,2026-02-23 06:40:00,3.147,N
RAJ002,2026-02-23 06:50:00,3.143,N
RAJ002,2026-02-23 07:00:00,3.141,N
RAJ002,2026-02-23 07:10:00,3.137,N
RAJ002,2026-02-23 07:20:00,3.134,N
RAJ002,2026-02-23 07:30:00,3.131,N
RAJ002,2026-02-23 07:40:00,3.129,N
RAJ002,2026-02-23 07:50:00,3.125,N
RAJ002,2026-02-23 08:00:00,3.12,N
RAJ002,2026-02-23 08:10:00,3.116,N
RAJ002,2026-02-23 08:20:00,3.116,N
RAJ002,2026-02-23 08:30:00,3.111,N
RAJ002,2026-02-23 08:40:00,3.11,N
RAJ002,2026-02-23 08:50:00,3.106,N
RAJ002,2026-02-23 09:00:00,3.101,N
RAJ002,2026-02-23 09:10:00,3.102,N
RAJ002,2026-02-23 09:20:00,3.101,N
RAJ002,2026-02-23 09:30:00,3.1,N
RAJ002,2026-02-23 09:40:00,3.097,N
RAJ002,2026-02-23 09:50:00,3.095,N
RAJ002,2026-02-23 10:00:00,3.097,N
RAJ002,2026-02-23 10:10:00,3.099,N
RAJ002,2026-02-23 10:20:00,3.099,N
RAJ002,2026-02-23 10:30:00,3.103,N
RAJ002,2026-02-23 10:40:00,3.103,N
RAJ002,2026-02-23 10:50:00,3.107,N
RAJ002,2026-02-23 11:00:00,3.108,N
RAJ002,2026-02-23 11:10:00,3.113,N
RAJ002,2026-02-23 11:20:00,3.116,N
RAJ002,2026-02-23 11:30:00,3.121,N
RAJ002,2026-02-23 11:40:00,3.127,N
RAJ002,2026-02-23 11:50:00,3.134,N
RAJ002,2026-02-23 12:00:00,3.14,N
RAJ002,2026-02-23 12:10:00,3.145,N
RAJ002,2026-02-23 12:20:00,3.152,N
RAJ002,2026-02-23 12:30:00,3.162,N
RAJ002,2026-02-23 12:40:00,3.169,N
RAJ002,2026-02-23 12:50:00,3.179,N
RAJ002,2026-02-23 13:00:00,3.188,N
RAJ002,2026-02-23 13:10:00,3.196,N
RAJ002,2026-02-23 13:20:00,3.208,N
RAJ002,2026-02-23 13:30:00,3.215,N
RAJ002,2026-02-23 13:40:00,3.227,N
RAJ002,2026-02-23 13:50:00,3.237,N
RAJ002,2026-02-23 14:00:00,3.245,N
RAJ002,2026-02-23 14:10:00,3.258,N
RAJ002,2026-02-23 14:20:00,3.27,N
RAJ002,2026-02-23 14:30:00,3.279,N
RAJ002,2026-02-23 14:40:00,3.291,N
RAJ002,2026-02-23 14:50:00,3.304,N
RAJ002,2026-02-23 15:00:00,3.313,N
RAJ002,2026-02-23 15:10:00,3.322,N
RAJ002,2026-02-23 15:20:00,3.34,N
RAJ002,2026-02-23 15:30:00,3.349,N
RAJ002,2026-02-23 15:40:00,3.361,N
RAJ002,2026-02-23 15:50:00,3.37,N
RAJ002,2026-02-23 16:00:00,3.38,N
RAJ002,2026-02-23 16:10:00,3.39,N
RAJ002,2026-02-23 16:20:00,3.401,N
RAJ002,2026-02-23 16:30:00,3.408,N
RAJ002,2026-02-23 16:40:00,3.414,N
RAJ002,2026-02-23 16:50:00,3.423,N
RAJ002,2026-02-23 17:00:00,3.424,N
RAJ002,2026-02-23 17:10:00,3.434,N
RAJ002,2026-02-23 17:20:00,3.441,N
RAJ002,2026-02-23 17:30:00,3.447,N
RAJ002,2026-02-23 17:40:00,3.445,N
RAJ002,2026-02-23 17:50:00,3.451,N
RAJ002,2026-02-23 18:00:00,3.443,N
RAJ002,2026-02-23 18:10:00,3.456,N
RAJ002,2026-02-23 18:20:00,3.455,N
RAJ002,2026-02-23 18:30:00,3.457,N
RAJ002,2026-02-23 18:40:00,3.455,N
RAJ002,2026-02-23 18:50:00,3.454,N
RAJ002,2026-02-23 19:00:00,3.455,N
RAJ002,2026-02-23 19:10:00,3.455,N
RAJ002,2026-02-23 19:20:00,3.452,N
RAJ002,2026-02-23 19:30:00,3.449,N
RAJ002,2026-02-23 19:40:00,3.448,N
RAJ002,2026-02-23 19:50:00,3.442,N
RAJ002,2026-02-23 20:00:00,3.435,N
RAJ002,2026-02-23 20:10:00,3.428,N
RAJ002,2026-02-23 20:20:00,3.421,N
RAJ002,2026-02-23 20:30:00,3.417,N
RAJ002,2026-02-23 20:40:00,3.408,N
RAJ002,2026-02-23 20:50:00,3.401,N
RAJ002,2026-02-23 21:00:00,3.394,N
RAJ002,2026-02-23 21:10:00,3.386,N
RAJ002,2026-02-23 21:20:00,3.379,N
RAJ002,2026-02-23 21:30:00,3.365,N
RAJ002,2026-02-23 21:40:00,3.358,N
RAJ002,2026-02-23 21:50:00,3.346,N
RAJ002,2026-02-23 22:00:00,3.338,N
RAJ002,2026-02-23 22:10:00,3.327,N
RAJ002,2026-02-23 22:20:00,3.317,N
RAJ002,2026-02-23 22:30:00,3.305,N
RAJ002,2026-02-23 22:40:00,3.288,N
RAJ002,2026-02-23 22:50:00,3.28,N
RAJ002,2026-02-23 23:00:00,3.27,N
RAJ002,2026-02-23 23:10:00,3.261,N
RAJ002,2026-02-23 23:20:00,3.245,N
RAJ002,2026-02-23 23:30:00,3.236,N
RAJ002,2026-02-23 23:40:00,3.224,N
RAJ002,2026-02-23 23:50:00,3.213,N
RAJ002,2026-02-24 00:00:00,3.203,N
RAJ002,2026-02-24 00:10:00,3.191,N
RAJ002,2026-02-24 00:20:00,3.177,N
RAJ002,2026-02-24 00:30:00,3.165,N
RAJ002,2026-02-24 00:40:00,3.156,N
RAJ002,2026-02-24 00:50:00,3.143,N
RAJ002,2026-02-24 01:00:00,3.134,N
RAJ002,2026-02-24 01:10:00,3.123,N
RAJ002,2026-02-24 01:20:00,3.113,N
RAJ002,2026-02-24 01:30:00,3.101,N
RAJ002,2026-02-24 01:40:00,3.09,N
RAJ002,2026-02-24 01:50:00,3.081,N
RAJ002,2026-02-24 02:00:00,3.067,N
RAJ002,2026-02-24 02:10:00,3.056,N
RAJ002,2026-02-24 02:20:00,3.048,N
RAJ002,2026-02-24 02:30:00,3.04,N
RAJ002,2026-02-24 02:40:00,3.029,N
RAJ002,2026-02-24 02:50:00,3.021,N
RAJ002,2026-02-24 03:00:00,3.015,N
RAJ002,2026-02-24 03:10:00,3.007,N
RAJ002,2026-02-24 03:20:00,2.999,N
RAJ002,2026-02-24 03:30:00,2.995,N
RAJ002,2026-02-24 03:40:00,2.991,N
RAJ002,2026-02-24 03:50:00,2.984,N
RAJ002,2026-02-24 04:00:00,2.98,N
RAJ002,2026-02-24 04:10:00,2.974,N
RAJ002,2026-02-24 04:20:00,2.971,N
RAJ002,2026-02-24 04:30:00,2.965,N
RAJ002,2026-02-24 04:40:00,2.966,N
RAJ002,2026-02-24 04:50:00,2.965,N
RAJ002,2026-02-24 05:00:00,2.963,N
RAJ002,2026-02-24 05:10:00,2.963,N
RAJ002,2026-02-24 05:20:00,2.963,N
RAJ002,2026-02-24 05:30:00,2.96,N
RAJ002,2026-02-24 05:40:00,2.961,N
RAJ002,2026-02-24 05:50:00,2.963,N
RAJ002,2026-02-24 06:00:00,2.964,N
RAJ002,2026-02-24 06:10:00,2.963,N
RAJ002,2026-02-24 06:20:00,2.965,N
RAJ002,2026-02-24 06:30:00,2.967,N
RAJ002,2026-02-24 06:40:00,2.97,N
RAJ002,2026-02-24 06:50:00,2.971,N
RAJ002,2026-02-24 07:00:00,2.974,N
RAJ002,2026-02-24 07:10:00,2.975,N
RAJ002,2026-02-24 07:20:00,2.978,N
RAJ002,2026-02-24 07:30:00,2.981,N
RAJ002,2026-02-24 07:40:00,2.981,N
RAJ002,2026-02-24 07:50:00,2.984,N
RAJ002,2026-02-24 08:00:00,2.985,N
RAJ002,2026-02-24 08:10:00,2.986,N
RAJ002,2026-02-24 08:20:00,2.988,N
RAJ002,2026-02-24 08:30:00,2.986,N
RAJ002,2026-02-24 08:40:00,2.992,N
RAJ002,2026-02-24 08:50:00,2.994,N
RAJ002,2026-02-24 09:00:00,2.995,N
RAJ002,2026-02-24 09:10:00,2.993,N
RAJ002,2026-02-24 09:20:00,2.995,N
RAJ002,2026-02-24 09:30:00,3.002,N
RAJ002,2026-02-24 09:40:00,3.001,N
RAJ002,2026-02-24 09:50:00,3,N
RAJ002,2026-02-24 10:00:00,3.006,N
RAJ002,2026-02-24 10:10:00,3.009,N
RAJ002,2026-02-24 10:20:00,3.008,N
RAJ002,2026-02-24 10:30:00,3.013,N
RAJ002,2026-02-24 10:40:00,3.014,N
RAJ002,2026-02-24 10:50:00,3.021,N
RAJ002,2026-02-24 11:00:00,3.02,N
RAJ002,2026-02-24 11:10:00,3.032,N
RAJ002,2026-02-24 11:20:00,3.033,N
RAJ002,2026-02-24 11:30:00,3.034,N
RAJ002,2026-02-24 11:40:00,3.045,N
RAJ002,2026-02-24 11:50:00,3.048,N
RAJ002,2026-02-24 12:00:00,3.052,N
RAJ002,2026-02-24 12:10:00,3.059,N
RAJ002,2026-02-24 12:20:00,3.061,N
RAJ002,2026-02-24 12:30:00,3.062,N
RAJ002,2026-02-24 12:40:00,3.068,N
RAJ002,2026-02-24 12:50:00,3.075,N
RAJ002,2026-02-24 13:00:00,3.081,N
RAJ002,2026-02-24 13:10:00,3.084,N
RAJ002,2026-02-24 13:20:00,3.088,N
RAJ002,2026-02-24 13:30:00,3.094,N
RAJ002,2026-02-24 13:40:00,3.093,N
RAJ002,2026-02-24 13:50:00,3.094,N
RAJ002,2026-02-24 14:00:00,3.103,N
RAJ002,2026-02-24 14:10:00,3.106,N
RAJ002,2026-02-24 14:20:00,3.108,N
RAJ002,2026-02-24 14:30:00,3.111,N
RAJ002,2026-02-24 14:40:00,3.114,N
RAJ002,2026-02-24 14:50:00,3.117,N
RAJ002,2026-02-24 15:00:00,3.121,N
RAJ002,2026-02-24 15:10:00,3.124,N
RAJ002,2026-02-24 15:20:00,3.121,N
RAJ002,2026-02-24 15:30:00,3.114,N
RAJ002,2026-02-24 15:40:00,3.124,N
RAJ002,2026-02-24 15:50:00,3.127,N
RAJ002,2026-02-24 16:00:00,3.137,N
RAJ002,2026-02-24 16:10:00,3.129,N
RAJ002,2026-02-24 16:20:00,3.123,N
RAJ002,2026-02-24 16:30:00,3.129,N
RAJ002,2026-02-24 16:40:00,3.133,N
RAJ002,2026-02-24 16:50:00,3.131,N
RAJ002,2026-02-24 17:00:00,3.13,N
RAJ002,2026-02-24 17:10:00,3.124,N
RAJ002,2026-02-24 17:20:00,3.127,N
RAJ002,2026-02-24 17:30:00,3.125,N
RAJ002,2026-02-24 17:40:00,3.124,N
RAJ002,2026-02-24 17:50:00,3.123,N
RAJ002,2026-02-24 18:00:00,3.121,N
RAJ002,2026-02-24 18:10:00,3.116,N
RAJ002,2026-02-24 18:20:00,3.115,N
RAJ002,2026-02-24 18:30:00,3.115,N
RAJ002,2026-02-24 18:40:00,3.104,N
RAJ002,2026-02-24 18:50:00,3.099,N
RAJ002,2026-02-24 19:00:00,3.096,N
RAJ002,2026-02-24 19:10:00,3.086,N
RAJ002,2026-02-24 19:20:00,3.088,N
RAJ002,2026-02-24 19:30:00,3.076,N
RAJ002,2026-02-24 19:40:00,3.075,N
RAJ002,2026-02-24 19:50:00,3.069,N
RAJ002,2026-02-24 20:00:00,3.061,N
RAJ002,2026-02-24 20:10:00,3.06,N
RAJ002,2026-02-24 20:20:00,3.058,N
RAJ002,2026-02-24 20:30:00,3.049,N
RAJ002,2026-02-24 20:40:00,3.042,N
RAJ002,2026-02-24 20:50:00,3.039,N
RAJ002,2026-02-24 21:00:00,3.029,N
RAJ002,2026-02-24 21:10:00,3.024,N
RAJ002,2026-02-24 21:20:00,3.017,N
RAJ002,2026-02-24 21:30:00,3.012,N
RAJ002,2026-02-24 21:40:00,3.004,N
RAJ002,2026-02-24 21:50:00,2.993,N
RAJ002,2026-02-24 22:00:00,2.987,N
RAJ002,2026-02-24 22:10:00,2.978,N
RAJ002,2026-02-24 22:20:00,2.971,N
RAJ002,2026-02-24 22:30:00,2.961,N
RAJ002,2026-02-24 22:40:00,2.952,N
RAJ002,2026-02-24 22:50:00,2.944,N
RAJ002,2026-02-24 23:00:00,2.933,N
RAJ002,2026-02-24 23:10:00,2.925,N
RAJ002,2026-02-24 23:20:00,2.915,N
RAJ002,2026-02-24 23:30:00,2.905,N
RAJ002,2026-02-24 23:40:00,2.895,N
RAJ002,2026-02-24 23:50:00,2.884,N
RAJ002,2026-02-25 00:00:00,2.875,N
RAJ002,2026-02-25 00:10:00,2.864,N
RAJ002,2026-02-25 00:20:00,2.854,N
RAJ002,2026-02-25 00:30:00,2.843,N
RAJ002,2026-02-25 00:40:00,2.833,N
RAJ002,2026-02-25 00:50:00,2.823,N
RAJ002,2026-02-25 01:00:00,2.814,N
RAJ002,2026-02-25 01:10:00,2.803,N
RAJ002,2026-02-25 01:20:00,2.794,N
RAJ002,2026-02-25 01:30:00,2.783,N
RAJ002,2026-02-25 01:40:00,2.773,N
RAJ002,2026-02-25 01:50:00,2.762,N
RAJ002,2026-02-25 02:00:00,2.753,N
RAJ002,2026-02-25 02:10:00,2.743,N
RAJ002,2026-02-25 02:20:00,2.734,N
RAJ002,2026-02-25 02:30:00,2.725,N
RAJ002,2026-02-25 02:40:00,2.715,N
RAJ002,2026-02-25 02:50:00,2.707,N
RAJ002,2026-02-25 03:00:00,2.698,N
RAJ002,2026-02-25 03:10:00,2.69,N
RAJ002,2026-02-25 03:20:00,2.681,N
RAJ002,2026-02-25 03:30:00,2.672,N
RAJ002,2026-02-25 03:40:00,2.665,N
RAJ002,2026-02-25 03:50:00,2.656,N
RAJ002,2026-02-25 04:00:00,2.649,N
RAJ002,2026-02-25 04:10:00,2.642,N
RAJ002,2026-02-25 04:20:00,2.634,N
RAJ002,2026-02-25 04:30:00,2.627,N
RAJ002,2026-02-25 04:40:00,2.622,N
RAJ002,2026-02-25 04:50:00,2.616,N
RAJ002,2026-02-25 05:00:00,2.61,N
RAJ002,2026-02-25 05:10:00,2.605,N
RAJ002,2026-02-25 05:20:00,2.6,N
RAJ002,2026-02-25 05:30:00,2.598,N
RAJ002,2026-02-25 05:40:00,2.595,N
RAJ002,2026-02-25 05:50:00,2.591,N
RAJ002,2026-02-25 06:00:00,2.59,N
RAJ002,2026-02-25 06:10:00,2.589,N
RAJ002,2026-02-25 06:20:00,2.589,N
RAJ002,2026-02-25 06:30:00,2.588,N
RAJ002,2026-02-25 06:40:00,2.589,N
RAJ002,2026-02-25 06:50:00,2.589,N
RAJ002,2026-02-25 07:00:00,2.59,N
RAJ002,2026-02-25 07:10:00,2.592,N
RAJ002,2026-02-25 07:20:00,2.595,N
RAJ002,2026-02-25 07:30:00,2.598,N
RAJ002,2026-02-25 07:40:00,2.6,N
RAJ002,2026-02-25 07:50:00,2.604,N
RAJ002,2026-02-25 08:00:00,2.608,N
RAJ002,2026-02-25 08:10:00,2.611,N
RAJ002,2026-02-25 08:20:00,2.617,N
RAJ002,2026-02-25 08:30:00,2.622,N
RAJ002,2026-02-25 08:40:00,2.627,N
RAJ002,2026-02-25 08:50:00,2.633,N
RAJ002,2026-02-25 09:00:00,2.64,N
RAJ002,2026-02-25 09:10:00,2.646,N
RAJ002,2026-02-25 09:20:00,2.651,N
RAJ002,2026-02-25 09:30:00,2.659,N
RAJ002,2026-02-25 09:40:00,2.663,N
RAJ002,2026-02-25 09:50:00,2.673,N
RAJ002,2026-02-25 10:00:00,2.684,N
RAJ002,2026-02-25 10:10:00,2.691,N
RAJ002,2026-02-25 10:20:00,2.699,N
RAJ002,2026-02-25 10:30:00,2.709,N
RAJ002,2026-02-25 10:40:00,2.718,N
RAJ002,2026-02-25 10:50:00,2.726,N
RAJ002,2026-02-25 11:00:00,2.739,N
RAJ002,2026-02-25 11:10:00,2.749,N
RAJ002,2026-02-25 11:20:00,2.76,N
RAJ002,2026-02-25 11:30:00,2.772,N
RAJ002,2026-02-25 11:40:00,2.783,N
RAJ002,2026-02-25 11:50:00,2.792,N
RAJ002,2026-02-25 12:00:00,2.807,N
RAJ002,2026-02-25 12:10:00,2.817,N
RAJ002,2026-02-25 12:20:00,2.83,N
RAJ002,2026-02-25 12:30:00,2.842,N
RAJ002,2026-02-25 12:40:00,2.855,N
RAJ002,2026-02-25 12:50:00,2.865,N
RAJ002,2026-02-25 13:00:00,2.877,N
RAJ002,2026-02-25 13:10:00,2.89,N
RAJ002,2026-02-25 13:20:00,2.902,N
RAJ002,2026-02-25 13:30:00,2.911,N
RAJ002,2026-02-25 13:40:00,2.922,N
RAJ002,2026-02-25 13:50:00,2.934,N
RAJ002,2026-02-25 14:00:00,2.946,N
RAJ002,2026-02-25 14:10:00,2.956,N
RAJ002,2026-02-25 14:20:00,2.965,N
RAJ002,2026-02-25 14:30:00,2.974,N
RAJ002,2026-02-25 14:40:00,2.984,N
RAJ002,2026-02-25 14:50:00,2.992,N
RAJ002,2026-02-25 15:00:00,3.001,N
RAJ002,2026-02-25 15:10:00,3.009,N
RAJ002,2026-02-25 15:20:00,3.015,N
RAJ002,2026-02-25 15:30:00,3.024,N
RAJ002,2026-02-25 15:40:00,3.029,N
RAJ002,2026-02-25 15:50:00,3.036,N
RAJ002,2026-02-25 16:00:00,3.041,N
RAJ002,2026-02-25 16:10:00,3.047,N
RAJ002,2026-02-25 16:20:00,3.05,N
RAJ002,2026-02-25 16:30:00,3.054,N
RAJ002,2026-02-25 16:40:00,3.056,N
RAJ002,2026-02-25 16:50:00,3.06,N
RAJ002,2026-02-25 17:00:00,3.061,N
RAJ002,2026-02-25 17:10:00,3.062,N
RAJ002,2026-02-25 17:20:00,3.06,N
RAJ002,2026-02-25 17:30:00,3.062,N
RAJ002,2026-02-25 17:40:00,3.06,N
RAJ002,2026-02-25 17:50:00,3.058,N
RAJ002,2026-02-25 18:00:00,3.058,N
RAJ002,2026-02-25 18:10:00,3.054,N
RAJ002,2026-02-25 18:20:00,3.049,N
RAJ002,2026-02-25 18:30:00,3.045,N
RAJ002,2026-02-25 18:40:00,3.041,N
RAJ002,2026-02-25 18:50:00,3.035,N
RAJ002,2026-02-25 19:00:00,3.031,N
RAJ002,2026-02-25 19:10:00,3.022,N
RAJ002,2026-02-25 19:20:00,3.012,N
RAJ002,2026-02-25 19:30:00,3.001,N
RAJ002,2026-02-25 19:40:00,2.992,N
RAJ002,2026-02-25 19:50:00,2.986,N
RAJ002,2026-02-25 20:00:00,2.97,N
RAJ002,2026-02-25 20:10:00,2.965,N
RAJ002,2026-02-25 20:20:00,2.952,N
RAJ002,2026-02-25 20:30:00,2.945,N
RAJ002,2026-02-25 20:40:00,2.939,N
RAJ002,2026-02-25 20:50:00,2.925,N
RAJ002,2026-02-25 21:00:00,2.915,N
RAJ002,2026-02-25 21:10:00,2.899,N
RAJ002,2026-02-25 21:20:00,2.89,N
RAJ002,2026-02-25 21:30:00,2.875,N
RAJ002,2026-02-25 21:40:00,2.861,N
RAJ002,2026-02-25 21:50:00,2.85,N
RAJ002,2026-02-25 22:00:00,2.842,N
RAJ002,2026-02-25 22:10:00,2.828,N
RAJ002,2026-02-25 22:20:00,2.814,N
RAJ002,2026-02-25 22:30:00,2.801,N
RAJ002,2026-02-25 22:40:00,2.784,N
RAJ002,2026-02-25 22:50:00,2.768,N
RAJ002,2026-02-25 23:00:00,2.754,N
RAJ002,2026-02-25 23:10:00,2.742,N
RAJ002,2026-02-25 23:20:00,2.731,N
RAJ002,2026-02-25 23:30:00,2.715,N
RAJ002,2026-02-25 23:40:00,2.701,N
RAJ002,2026-02-25 23:50:00,2.687,N
RAJ002,2026-02-26 00:00:00,2.673,N
RAJ002,2026-02-26 00:10:00,2.66,N
RAJ002,2026-02-26 00:20:00,2.645,N
RAJ002,2026-02-26 00:30:00,2.632,N
RAJ002,2026-02-26 00:40:00,2.618,N
RAJ002,2026-02-26 00:50:00,2.604,N
RAJ002,2026-02-26 01:00:00,2.59,N
RAJ002,2026-02-26 01:10:00,2.577,N
RAJ002,2026-02-26 01:20:00,2.564,N
RAJ002,2026-02-26 01:30:00,2.552,N
RAJ002,2026-02-26 01:40:00,2.54,N
RAJ002,2026-02-26 01:50:00,2.529,N
RAJ002,2026-02-26 02:00:00,2.516,N
RAJ002,2026-02-26 02:10:00,2.506,N
RAJ002,2026-02-26 02:20:00,2.494,N
RAJ002,2026-02-26 02:30:00,2.483,N
RAJ002,2026-02-26 02:40:00,2.475,N
RAJ002,2026-02-26 02:50:00,2.465,N
RAJ002,2026-02-26 03:00:00,2.458,N
RAJ002,2026-02-26 03:10:00,2.447,N
RAJ002,2026-02-26 03:20:00,2.439,N
RAJ002,2026-02-26 03:30:00,2.433,N
RAJ002,2026-02-26 03:40:00,2.426,N
RAJ002,2026-02-26 03:50:00,2.42,N
RAJ002,2026-02-26 04:00:00,2.414,N
RAJ002,2026-02-26 04:10:00,2.411,N
RAJ002,2026-02-26 04:20:00,2.405,N
RAJ002,2026-02-26 04:30:00,2.402,N
RAJ002,2026-02-26 04:40:00,2.399,N
RAJ002,2026-02-26 04:50:00,2.395,N
RAJ002,2026-02-26 05:00:00,2.393,N
RAJ002,2026-02-26 05:10:00,2.392,N
RAJ002,2026-02-26 05:20:00,2.391,N
RAJ002,2026-02-26 05:30:00,2.392,N
RAJ002,2026-02-26 05:40:00,2.392,N
RAJ002,2026-02-26 05:50:00,2.392,N
RAJ002,2026-02-26 06:00:00,2.394,N
RAJ002,2026-02-26 06:10:00,2.395,N
RAJ002,2026-02-26 06:20:00,2.397,N
RAJ002,2026-02-26 06:30:00,2.4,N
RAJ002,2026-02-26 06:40:00,2.402,N
RAJ002,2026-02-26 06:50:00,2.407,N
RAJ002,2026-02-26 07:00:00,2.409,N
RAJ002,2026-02-26 07:10:00,2.413,N
RAJ002,2026-02-26 07:20:00,2.418,N
RAJ002,2026-02-26 07:30:00,2.422,N
RAJ002,2026-02-26 07:40:00,2.428,N
RAJ002,2026-02-26 07:50:00,2.434,N
RAJ002,2026-02-26 08:00:00,2.439,N
RAJ002,2026-02-26 08:10:00,2.446,N
RAJ002,2026-02-26 08:20:00,2.452,N
RAJ002,2026-02-26 08:30:00,2.459,N
RAJ002,2026-02-26 08:40:00,2.466,N
RAJ002,2026-02-26 08:50:00,2.474,N
RAJ002,2026-02-26 09:00:00,2.481,N
RAJ002,2026-02-26 09:10:00,2.489,N
RAJ002,2026-02-26 09:20:00,2.496,N
RAJ002,2026-02-26 09:30:00,2.506,N
RAJ002,2026-02-26 09:40:00,2.516,N
RAJ002,2026-02-26 09:50:00,2.525,N
RAJ002,2026-02-26 10:00:00,2.535,N
RAJ002,2026-02-26 10:10:00,2.545,N
RAJ002,2026-02-26 10:20:00,2.557,N
RAJ002,2026-02-26 10:30:00,2.567,N
RAJ002,2026-02-26 10:40:00,2.578,N
RAJ002,2026-02-26 10:50:00,2.588,N
RAJ002,2026-02-26 11:00:00,2.597,N
RAJ002,2026-02-26 11:10:00,2.612,N
RAJ002,2026-02-26 11:20:00,2.623,N
RAJ002,2026-02-26 11:30:00,2.636,N
RAJ002,2026-02-26 11:40:00,2.651,N
RAJ002,2026-02-26 11:50:00,2.665,N
RAJ002,2026-02-26 12:00:00,2.678,N
RAJ002,2026-02-26 12:10:00,2.691,N
RAJ002,2026-02-26 12:20:00,2.704,N
RAJ002,2026-02-26 12:30:00,2.717,N
RAJ002,2026-02-26 12:40:00,2.727,N
RAJ002,2026-02-26 12:50:00,2.745,N
RAJ002,2026-02-26 13:00:00,2.759,N
RAJ002,2026-02-26 13:10:00,2.773,N
RAJ002,2026-02-26 13:20:00,2.787,N
RAJ002,2026-02-26 13:30:00,2.802,N
RAJ002,2026-02-26 13:40:00,2.817,N
RAJ002,2026-02-26 13:50:00,2.833,N
RAJ002,2026-02-26 14:00:00,2.845,N
RAJ002,2026-02-26 14:10:00,2.859,N
RAJ002,2026-02-26 14:20:00,2.874,N
RAJ002,2026-02-26 14:30:00,2.886,N
RAJ002,2026-02-26 14:40:00,2.899,N
RAJ002,2026-02-26 14:50:00,2.913,N
RAJ002,2026-02-26 15:00:00,2.925,N
RAJ002,2026-02-26 15:10:00,2.943,N
RAJ002,2026-02-26 15:20:00,2.951,N
RAJ002,2026-02-26 15:30:00,2.958,N
RAJ002,2026-02-26 15:40:00,2.973,N
RAJ002,2026-02-26 15:50:00,2.983,N
RAJ002,2026-02-26 16:00:00,2.991,N
RAJ002,2026-02-26 16:10:00,3.002,N
RAJ002,2026-02-26 16:20:00,3.008,N
RAJ002,2026-02-26 16:30:00,3.017,N
RAJ002,2026-02-26 16:40:00,3.02,N
RAJ002,2026-02-26 16:50:00,3.031,N
RAJ002,2026-02-26 17:00:00,3.035,N
RAJ002,2026-02-26 17:10:00,3.041,N
RAJ002,2026-02-26 17:20:00,3.043,N
RAJ002,2026-02-26 17:30:00,3.045,N
RAJ002,2026-02-26 17:40:00,3.047,N
RAJ002,2026-02-26 17:50:00,3.045,N
RAJ002,2026-02-26 18:00:00,3.047,N
RAJ002,2026-02-26 18:10:00,3.05,N
RAJ002,2026-02-26 18:20:00,3.047,N
RAJ002,2026-02-26 18:30:00,3.043,N
RAJ002,2026-02-26 18:40:00,3.039,N
RAJ002,2026-02-26 18:50:00,3.038,N
RAJ002,2026-02-26 19:00:00,3.033,N
RAJ002,2026-02-26 19:10:00,3.029,N
RAJ002,2026-02-26 19:20:00,3.026,N
RAJ002,2026-02-26 19:30:00,3.02,N
RAJ002,2026-02-26 19:40:00,3.018,N
RAJ002,2026-02-26 19:50:00,3.011,N
RAJ002,2026-02-26 20:00:00,3.004,N
RAJ002,2026-02-26 20:10:00,2.999,N
RAJ002,2026-02-26 20:20:00,2.99,N
RAJ002,2026-02-26 20:30:00,2.981,N
RAJ002,2026-02-26 20:40:00,2.974,N
RAJ002,2026-02-26 20:50:00,2.967,N
RAJ002,2026-02-26 21:00:00,2.956,N
RAJ002,2026-02-26 21:10:00,2.951,N
RAJ002,2026-02-26 21:20:00,2.939,N
RAJ002,2026-02-26 21:30:00,2.93,N
RAJ002,2026-02-26 21:40:00,2.922,N
RAJ002,2026-02-26 21:50:00,2.913,N
RAJ002,2026-02-26 22:00:00,2.905,N
RAJ002,2026-02-26 22:10:00,2.898,N
RAJ002,2026-02-26 22:20:00,2.89,N
RAJ002,2026-02-26 22:30:00,2.883,N
RAJ002,2026-02-26 22:40:00,2.876,N
RAJ002,2026-02-26 22:50:00,2.869,N
RAJ002,2026-02-26 23:00:00,2.863,N
RAJ002,2026-02-26 23:10:00,2.857,N
RAJ002,2026-02-26 23:20:00,2.852,N
RAJ002,2026-02-26 23:30:00,2.849,N
RAJ002,2026-02-26 23:40:00,2.844,N
RAJ002,2026-02-26 23:50:00,2.841,N
RAJ002,2026-02-27 00:00:00,2.84,N
RAJ002,2026-02-27 00:10:00,2.837,N
RAJ002,2026-02-27 00:20:00,2.836,N
RAJ002,2026-02-27 00:30:00,2.835,N
RAJ002,2026-02-27 00:40:00,2.836,N
RAJ002,2026-02-27 00:50:00,2.837,N
RAJ002,2026-02-27 01:00:00,2.84,N
RAJ002,2026-02-27 01:10:00,2.842,N
RAJ002,2026-02-27 01:20:00,2.842,N
RAJ002,2026-02-27 01:30:00,2.845,N
RAJ002,2026-02-27 01:40:00,2.85,N
RAJ002,2026-02-27 01:50:00,2.854,N
RAJ002,2026-02-27 02:00:00,2.859,N
RAJ002,2026-02-27 02:10:00,2.863,N
RAJ002,2026-02-27 02:20:00,2.868,N
RAJ002,2026-02-27 02:30:00,2.872,N
RAJ002,2026-02-27 02:40:00,2.878,N
RAJ002,2026-02-27 02:50:00,2.882,N
RAJ002,2026-02-27 03:00:00,2.889,N
RAJ002,2026-02-27 03:10:00,2.892,N
RAJ002,2026-02-27 03:20:00,2.9,N
RAJ002,2026-02-27 03:30:00,2.905,N
RAJ002,2026-02-27 03:40:00,2.911,N
RAJ002,2026-02-27 03:50:00,2.917,N
RAJ002,2026-02-27 04:00:00,2.92,N
RAJ002,2026-02-27 04:10:00,2.927,N
RAJ002,2026-02-27 04:20:00,2.932,N
RAJ002,2026-02-27 04:30:00,2.937,N
RAJ002,2026-02-27 04:40:00,2.94,N
RAJ002,2026-02-27 04:50:00,2.946,N
RAJ002,2026-02-27 05:00:00,2.95,N
RAJ002,2026-02-27 05:10:00,2.953,N
RAJ002,2026-02-27 05:20:00,2.956,N
RAJ002,2026-02-27 05:30:00,2.958,N
RAJ002,2026-02-27 05:40:00,2.961,N
RAJ002,2026-02-27 05:50:00,2.964,N
RAJ002,2026-02-27 06:00:00,2.965,N
RAJ002,2026-02-27 06:10:00,2.967,N
RAJ002,2026-02-27 06:20:00,2.967,N
RAJ002,2026-02-27 06:30:00,2.967,N
RAJ002,2026-02-27 06:40:00,2.968,N
RAJ002,2026-02-27 06:50:00,2.968,N
RAJ002,2026-02-27 07:00:00,2.967,N
RAJ002,2026-02-27 07:10:00,2.967,N
RAJ002,2026-02-27 07:20:00,2.966,N
RAJ002,2026-02-27 07:30:00,2.965,N
RAJ002,2026-02-27 07:40:00,2.963,N
RAJ002,2026-02-27 07:50:00,2.958,N
RAJ002,2026-02-27 08:00:00,2.956,N
RAJ002,2026-02-27 08:10:00,2.953,N
RAJ002,2026-02-27 08:20:00,2.951,N
RAJ002,2026-02-27 08:30:00,2.95,N
RAJ002,2026-02-27 08:40:00,2.947,N
RAJ002,2026-02-27 08:50:00,2.945,N
RAJ002,2026-02-27 09:00:00,2.944,N
RAJ002,2026-02-27 09:10:00,2.943,N
RAJ002,2026-02-27 09:20:00,2.942,N
RAJ002,2026-02-27 09:30:00,2.942,N
RAJ002,2026-02-27 09:40:00,2.943,N
RAJ002,2026-02-27 09:50:00,2.942,N
RAJ002,2026-02-27 10:00:00,2.945,N
RAJ002,2026-02-27 10:10:00,2.946,N
RAJ002,2026-02-27 10:20:00,2.947,N
RAJ002,2026-02-27 10:30:00,2.949,N
RAJ002,2026-02-27 10:40:00,2.953,N
RAJ002,2026-02-27 10:50:00,2.957,N
RAJ002,2026-02-27 11:00:00,2.96,N
RAJ002,2026-02-27 11:10:00,2.966,N
RAJ002,2026-02-27 11:20:00,2.971,N
RAJ002,2026-02-27 11:30:00,2.975,N
RAJ002,2026-02-27 11:40:00,2.981,N
RAJ002,2026-02-27 11:50:00,2.987,N
RAJ002,2026-02-27 12:00:00,2.993,N
RAJ002,2026-02-27 12:10:00,3.002,N
RAJ002,2026-02-27 12:20:00,3.005,N
RAJ002,2026-02-27 12:30:00,3.013,N
RAJ002,2026-02-27 12:40:00,3.02,N
RAJ002,2026-02-27 12:50:00,3.025,N
RAJ002,2026-02-27 13:00:00,3.035,N
RAJ002,2026-02-27 13:10:00,3.042,N
RAJ002,2026-02-27 13:20:00,3.048,N
RAJ002,2026-02-27 13:30:00,3.054,N
RAJ002,2026-02-27 13:40:00,3.062,N
RAJ002,2026-02-27 13:50:00,3.066,N
RAJ002,2026-02-27 14:00:00,3.073,N
RAJ002,2026-02-27 14:10:00,3.08,N
RAJ002,2026-02-27 14:20:00,3.086,N
RAJ002,2026-02-27 14:30:00,3.088,N
RAJ002,2026-02-27 14:40:00,3.094,N
RAJ002,2026-02-27 14:50:00,3.099,N
RAJ002,2026-02-27 15:00:00,3.101,N
RAJ002,2026-02-27 15:10:00,3.106,N
RAJ002,2026-02-27 15:20:00,3.107,N
RAJ002,2026-02-27 15:30:00,3.109,N
RAJ002,2026-02-27 15:40:00,3.108,N
RAJ002,2026-02-27 15:50:00,3.123,N
RAJ002,2026-02-27 16:00:00,3.131,N
RAJ002,2026-02-27 16:10:00,3.128,N
RAJ002,2026-02-27 16:20:00,3.133,N
RAJ002,2026-02-27 16:30:00,3.131,N
RAJ002,2026-02-27 16:40:00,3.129,N
RAJ002,2026-02-27 16:50:00,3.127,N
RAJ002,2026-02-27 17:00:00,3.127,N
RAJ002,2026-02-27 17:10:00,3.125,N
RAJ002,2026-02-27 17:20:00,3.122,N
RAJ002,2026-02-27 17:30:00,3.12,N
RAJ002,2026-02-27 17:40:00,3.117,N
RAJ002,2026-02-27 17:50:00,3.115,N
RAJ002,2026-02-27 18:00:00,3.113,N
RAJ002,2026-02-27 18:10:00,3.108,N
RAJ002,2026-02-27 18:20:00,3.106,N
RAJ002,2026-02-27 18:30:00,3.1,N
RAJ002,2026-02-27 18:40:00,3.099,N
RAJ002,2026-02-27 18:50:00,3.092,N
RAJ002,2026-02-27 19:00:00,3.086,N
RAJ002,2026-02-27 19:10:00,3.081,N
RAJ002,2026-02-27 19:20:00,3.073,N
RAJ002,2026-02-27 19:30:00,3.067,N
RAJ002,2026-02-27 19:40:00,3.063,N
RAJ002,2026-02-27 19:50:00,3.052,N
RAJ002,2026-02-27 20:00:00,3.047,N
RAJ002,2026-02-27 20:10:00,3.038,N
RAJ002,2026-02-27 20:20:00,3.031,N
RAJ002,2026-02-27 20:30:00,3.024,N
RAJ002,2026-02-27 20:40:00,3.015,N
RAJ002,2026-02-27 20:50:00,3.008,N
RAJ002,2026-02-27 21:00:00,3.001,N
RAJ002,2026-02-27 21:10:00,2.993,N
RAJ002,2026-02-27 21:20:00,2.985,N
RAJ002,2026-02-27 21:30:00,2.975,N
RAJ002,2026-02-27 21:40:00,2.966,N
RAJ002,2026-02-27 21:50:00,2.956,N
RAJ002,2026-02-27 22:00:00,2.947,N
RAJ002,2026-02-27 22:10:00,2.937,N
RAJ002,2026-02-27 22:20:00,2.931,N
RAJ002,2026-02-27 22:30:00,2.92,N
RAJ002,2026-02-27 22:40:00,2.913,N
RAJ002,2026-02-27 22:50:00,2.903,N
RAJ002,2026-02-27 23:00:00,2.896,N
RAJ002,2026-02-27 23:10:00,2.888,N
RAJ002,2026-02-27 23:20:00,2.877,N
RAJ002,2026-02-27 23:30:00,2.869,N
RAJ002,2026-02-27 23:40:00,2.859,N
RAJ002,2026-02-27 23:50:00,2.849,N
RAJ002,2026-02-28 00:00:00,2.841,N
RAJ002,2026-02-28 00:10:00,2.83,N
RAJ002,2026-02-28 00:20:00,2.824,N
RAJ002,2026-02-28 00:30:00,2.816,N
RAJ002,2026-02-28 00:40:00,2.809,N
RAJ002,2026-02-28 00:50:00,2.803,N
RAJ002,2026-02-28 01:00:00,2.797,N
RAJ002,2026-02-28 01:10:00,2.79,N
RAJ002,2026-02-28 01:20:00,2.786,N
RAJ002,2026-02-28 01:30:00,2.78,N
RAJ002,2026-02-28 01:40:00,2.776,N
RAJ002,2026-02-28 01:50:00,2.77,N
RAJ002,2026-02-28 02:00:00,2.767,N
RAJ002,2026-02-28 02:10:00,2.762,N
RAJ002,2026-02-28 02:20:00,2.759,N
RAJ002,2026-02-28 02:30:00,2.755,N
RAJ002,2026-02-28 02:40:00,2.753,N
RAJ002,2026-02-28 02:50:00,2.753,N
RAJ002,2026-02-28 03:00:00,2.75,N
RAJ002,2026-02-28 03:10:00,2.749,N
RAJ002,2026-02-28 03:20:00,2.747,N
RAJ002,2026-02-28 03:30:00,2.746,N
RAJ002,2026-02-28 03:40:00,2.747,N
RAJ002,2026-02-28 03:50:00,2.746,N
RAJ002,2026-02-28 04:00:00,2.748,N
RAJ002,2026-02-28 04:10:00,2.748,N
RAJ002,2026-02-28 04:20:00,2.75,N
RAJ002,2026-02-28 04:30:00,2.75,N
RAJ002,2026-02-28 04:40:00,2.753,N
RAJ002,2026-02-28 04:50:00,2.755,N
RAJ002,2026-02-28 05:00:00,2.758,N
RAJ002,2026-02-28 05:10:00,2.76,N
RAJ002,2026-02-28 05:20:00,2.762,N
RAJ002,2026-02-28 05:30:00,2.767,N
RAJ002,2026-02-28 05:40:00,2.768,N
RAJ002,2026-02-28 05:50:00,2.774,N
RAJ002,2026-02-28 06:00:00,2.777,N
RAJ002,2026-02-28 06:10:00,2.782,N
RAJ002,2026-02-28 06:20:00,2.787,N
RAJ002,2026-02-28 06:30:00,2.792,N
RAJ002,2026-02-28 06:40:00,2.796,N
RAJ002,2026-02-28 06:50:00,2.802,N
RAJ002,2026-02-28 07:00:00,2.806,N
RAJ002,2026-02-28 07:10:00,2.811,N
RAJ002,2026-02-28 07:20:00,2.817,N
RAJ002,2026-02-28 07:30:00,2.823,N
RAJ002,2026-02-28 07:40:00,2.828,N
RAJ002,2026-02-28 07:50:00,2.833,N
RAJ002,2026-02-28 08:00:00,2.838,N
RAJ002,2026-02-28 08:10:00,2.843,N
RAJ002,2026-02-28 08:20:00,2.85,N
RAJ002,2026-02-28 08:30:00,2.854,N
RAJ002,2026-02-28 08:40:00,2.861,N
RAJ002,2026-02-28 08:50:00,2.867,N
RAJ002,2026-02-28 09:00:00,2.872,N
RAJ002,2026-02-28 09:10:00,2.878,N
RAJ002,2026-02-28 09:20:00,2.885,N
RAJ002,2026-02-28 09:30:00,2.891,N
RAJ002,2026-02-28 09:40:00,2.9,N
RAJ002,2026-02-28 09:50:00,2.908,N
RAJ002,2026-02-28 10:00:00,2.915,N
RAJ002,2026-02-28 10:10:00,2.924,N
RAJ002,2026-02-28 10:20:00,2.934,N
RAJ002,2026-02-28 10:30:00,2.943,N
RAJ002,2026-02-28 10:40:00,2.953,N
RAJ002,2026-02-28 10:50:00,2.963,N
RAJ002,2026-02-28 11:00:00,2.975,N
RAJ002,2026-02-28 11:10:00,2.983,N
RAJ002,2026-02-28 11:20:00,3.001,N
RAJ002,2026-02-28 11:30:00,3.009,N
RAJ002,2026-02-28 11:40:00,3.025,N
RAJ002,2026-02-28 11:50:00,3.036,N
RAJ002,2026-02-28 12:00:00,3.049,N
RAJ002,2026-02-28 12:10:00,3.067,N
RAJ002,2026-02-28 12:20:00,3.079,N
RAJ002,2026-02-28 12:30:00,3.088,N
RAJ002,2026-02-28 12:40:00,3.106,N
RAJ002,2026-02-28 12:50:00,3.121,N
RAJ002,2026-02-28 13:00:00,3.136,N
RAJ002,2026-02-28 13:10:00,3.15,N
RAJ002,2026-02-28 13:20:00,3.163,N
RAJ002,2026-02-28 13:30:00,3.179,N
RAJ002,2026-02-28 13:40:00,3.188,N
RAJ002,2026-02-28 13:50:00,3.199,N
RAJ002,2026-02-28 14:00:00,3.211,N
RAJ002,2026-02-28 14:10:00,3.222,N
RAJ002,2026-02-28 14:20:00,3.233,N
RAJ002,2026-02-28 14:30:00,3.244,N
RAJ002,2026-02-28 14:40:00,3.252,N
RAJ002,2026-02-28 14:50:00,3.257,N
RAJ002,2026-02-28 15:00:00,3.265,N
RAJ002,2026-02-28 15:10:00,3.277,N
RAJ002,2026-02-28 15:20:00,3.285,N
RAJ002,2026-02-28 15:30:00,3.29,N
RAJ002,2026-02-28 15:40:00,3.297,N
RAJ002,2026-02-28 15:50:00,3.302,N
RAJ002,2026-02-28 16:00:00,3.305,N
RAJ002,2026-02-28 16:10:00,3.309,N
RAJ002,2026-02-28 16:20:00,3.313,N
RAJ002,2026-02-28 16:30:00,3.313,N
RAJ002,2026-02-28 16:40:00,3.314,N
RAJ002,2026-02-28 16:50:00,3.321,N
RAJ002,2026-02-28 17:00:00,3.319,N
RAJ002,2026-02-28 17:10:00,3.32,N
RAJ002,2026-02-28 17:20:00,3.322,N
RAJ002,2026-02-28 17:30:00,3.321,N
RAJ002,2026-02-28 17:40:00,3.322,N
RAJ002,2026-02-28 17:50:00,3.32,N
RAJ002,2026-02-28 18:00:00,3.318,N
RAJ002,2026-02-28 18:10:00,3.315,N
RAJ002,2026-02-28 18:20:00,3.315,N
RAJ002,2026-02-28 18:30:00,3.313,N
RAJ002,2026-02-28 18:40:00,3.309,N
RAJ002,2026-02-28 18:50:00,3.306,N
RAJ002,2026-02-28 19:00:00,3.3,N
RAJ002,2026-02-28 19:10:00,3.295,N
RAJ002,2026-02-28 19:20:00,3.288,N
RAJ002,2026-02-28 19:30:00,3.287,N
RAJ002,2026-02-28 19:40:00,3.278,N
RAJ002,2026-02-28 19:50:00,3.27,N
RAJ002,2026-02-28 20:00:00,3.266,N
RAJ002,2026-02-28 20:10:00,3.254,N
RAJ002,2026-02-28 20:20:00,3.257,N
RAJ002,2026-02-28 20:30:00,3.247,N
RAJ002,2026-02-28 20:40:00,3.24,N
RAJ002,2026-02-28 20:50:00,3.229,N
RAJ002,2026-02-28 21:00:00,3.218,N
RAJ002,2026-02-28 21:10:00,3.21,N
RAJ002,2026-02-28 21:20:00,3.208,N
RAJ002,2026-02-28 21:30:00,3.199,N
RAJ002,2026-02-28 21:40:00,3.191,N
RAJ002,2026-02-28 21:50:00,3.181,N
RAJ002,2026-02-28 22:00:00,3.175,N
RAJ002,2026-02-28 22:10:00,3.165,N
RAJ002,2026-02-28 22:20:00,3.156,N
RAJ002,2026-02-28 22:30:00,3.147,N
RAJ002,2026-02-28 22:40:00,3.137,N
RAJ002,2026-02-28 22:50:00,3.127,N
RAJ002,2026-02-28 23:00:00,3.12,N
RAJ002,2026-02-28 23:10:00,3.108,N
RAJ002,2026-02-28 23:20:00,3.094,N
RAJ002,2026-02-28 23:30:00,3.09,N
RAJ002,2026-02-28 23:40:00,3.081,N
RAJ002,2026-02-28 23:50:00,3.074,N
KRN001,2026-02-01 00:00:00,22.769,N
KRN001,2026-02-01 00:10:00,22.763,N
KRN001,2026-02-01 00:20:00,22.758,N
KRN001,2026-02-01 00:30:00,22.753,N
KRN001,2026-02-01 00:40:00,22.749,N
KRN001,2026-02-01 00:50:00,22.746,N
KRN001,2026-02-01 01:00:00,22.741,N
KRN001,2026-02-01 01:10:00,22.734,N
KRN001,2026-02-01 01:20:00,22.729,N
KRN001,2026-02-01 01:30:00,22.724,N
KRN001,2026-02-01 01:40:00,22.724,N
KRN001,2026-02-01 01:50:00,22.73,N
KRN001,2026-02-01 02:00:00,22.741,N
KRN001,2026-02-01 02:10:00,22.758,N
KRN001,2026-02-01 02:20:00,22.785,N
KRN001,2026-02-01 02:30:00,22.818,N
KRN001,2026-02-01 02:40:00,22.859,N
KRN001,2026-02-01 02:50:00,22.901,N
KRN001,2026-02-01 03:00:00,22.946,N
KRN001,2026-02-01 03:10:00,22.99,N
KRN001,2026-02-01 03:20:00,23.035,N
KRN001,2026-02-01 03:30:00,23.075,N
KRN001,2026-02-01 03:40:00,23.115,N
KRN001,2026-02-01 03:50:00,23.149,N
KRN001,2026-02-01 04:00:00,23.185,N
KRN001,2026-02-01 04:10:00,23.215,N
KRN001,2026-02-01 04:20:00,23.239,N
KRN001,2026-02-01 04:30:00,23.259,N
KRN001,2026-02-01 04:40:00,23.278,N
KRN001,2026-02-01 04:50:00,23.288,N
KRN001,2026-02-01 05:00:00,23.297,N
KRN001,2026-02-01 05:10:00,23.3,N
KRN001,2026-02-01 05:20:00,23.309,N
KRN001,2026-02-01 05:30:00,23.314,N
KRN001,2026-02-01 05:40:00,23.314,N
KRN001,2026-02-01 05:50:00,23.306,N
KRN001,2026-02-01 06:00:00,23.302,N
KRN001,2026-02-01 06:10:00,23.295,N
KRN001,2026-02-01 06:20:00,23.286,N
KRN001,2026-02-01 06:30:00,23.28,N
KRN001,2026-02-01 06:40:00,23.265,N
KRN001,2026-02-01 06:50:00,23.254,N
KRN001,2026-02-01 07:00:00,23.239,N
KRN001,2026-02-01 07:10:00,23.224,N
KRN001,2026-02-01 07:20:00,23.212,N
KRN001,2026-02-01 07:30:00,23.193,N
KRN001,2026-02-01 07:40:00,23.177,N
KRN001,2026-02-01 07:50:00,23.157,N
KRN001,2026-02-01 08:00:00,23.142,N
KRN001,2026-02-01 08:10:00,23.124,N
KRN001,2026-02-01 08:20:00,23.103,N
KRN001,2026-02-01 08:30:00,23.088,N
KRN001,2026-02-01 08:40:00,23.069,N
KRN001,2026-02-01 08:50:00,23.047,N
KRN001,2026-02-01 09:00:00,23.031,N
KRN001,2026-02-01 09:10:00,23.012,N
KRN001,2026-02-01 09:20:00,22.993,N
KRN001,2026-02-01 09:30:00,22.973,N
KRN001,2026-02-01 09:40:00,22.958,N
KRN001,2026-02-01 09:50:00,22.941,N
KRN001,2026-02-01 10:00:00,22.928,N
KRN001,2026-02-01 10:10:00,22.905,N
KRN001,2026-02-01 10:20:00,22.896,N
KRN001,2026-02-01 10:30:00,22.881,N
KRN001,2026-02-01 10:40:00,22.867,N
KRN001,2026-02-01 10:50:00,22.853,N
KRN001,2026-02-01 11:00:00,22.842,N
KRN001,2026-02-01 11:10:00,22.83,N
KRN001,2026-02-01 11:20:00,22.816,N
KRN001,2026-02-01 11:30:00,22.804,N
KRN001,2026-02-01 11:40:00,22.794,N
KRN001,2026-02-01 11:50:00,22.783,N
KRN001,2026-02-01 12:00:00,22.772,N
KRN001,2026-02-01 12:10:00,22.761,N
KRN001,2026-02-01 12:20:00,22.751,N
KRN001,2026-02-01 12:30:00,22.743,N
KRN001,2026-02-01 12:40:00,22.73,N
KRN001,2026-02-01 12:50:00,22.72,N
KRN001,2026-02-01 13:00:00,22.719,N
KRN001,2026-02-01 13:10:00,22.707,N
KRN001,2026-02-01 13:20:00,22.688,N
KRN001,2026-02-01 13:30:00,22.68,N
KRN001,2026-02-01 13:40:00,22.686,N
KRN001,2026-02-01 13:50:00,22.68,N
KRN001,2026-02-01 14:00:00,22.672,N
KRN001,2026-02-01 14:10:00,22.666,N
KRN001,2026-02-01 14:20:00,22.659,N
KRN001,2026-02-01 14:30:00,22.652,N
KRN001,2026-02-01 14:40:00,22.646,N
KRN001,2026-02-01 14:50:00,22.641,N
KRN001,2026-02-01 15:00:00,22.633,N
KRN001,2026-02-01 15:10:00,22.63,N
KRN001,2026-02-01 15:20:00,22.622,N
KRN001,2026-02-01 15:30:00,22.618,N
KRN001,2026-02-01 15:40:00,22.613,N
KRN001,2026-02-01 15:50:00,22.61,N
KRN001,2026-02-01 16:00:00,22.606,N
KRN001,2026-02-01 16:10:00,22.61,N
KRN001,2026-02-01 16:20:00,22.612,N
KRN001,2026-02-01 16:30:00,22.608,N
KRN001,2026-02-01 16:40:00,22.606,N
KRN001,2026-02-01 16:50:00,22.605,N
KRN001,2026-02-01 17:00:00,22.603,N
KRN001,2026-02-01 17:10:00,22.601,N
KRN001,2026-02-01 17:20:00,22.6,N
KRN001,2026-02-01 17:30:00,22.598,N
KRN001,2026-02-01 17:40:00,22.596,N
KRN001,2026-02-01 17:50:00,22.594,N
KRN001,2026-02-01 18:00:00,22.593,N
KRN001,2026-02-01 18:10:00,22.591,N
KRN001,2026-02-01 18:20:00,22.589,N
KRN001,2026-02-01 18:30:00,22.587,N
KRN001,2026-02-01 18:40:00,22.586,N
KRN001,2026-02-01 18:50:00,22.585,N
KRN001,2026-02-01 19:00:00,22.583,N
KRN001,2026-02-01 19:10:00,22.584,N
KRN001,2026-02-01 19:20:00,22.583,N
KRN001,2026-02-01 19:30:00,22.583,N
KRN001,2026-02-01 19:40:00,22.581,N
KRN001,2026-02-01 19:50:00,22.581,N
KRN001,2026-02-01 20:00:00,22.58,N
KRN001,2026-02-01 20:10:00,22.581,N
KRN001,2026-02-01 20:20:00,22.581,N
KRN001,2026-02-01 20:30:00,22.581,N
KRN001,2026-02-01 20:40:00,22.584,N
KRN001,2026-02-01 20:50:00,22.584,N
KRN001,2026-02-01 21:00:00,22.584,N
KRN001,2026-02-01 21:10:00,22.586,N
KRN001,2026-02-01 21:20:00,22.589,N
KRN001,2026-02-01 21:30:00,22.591,N
KRN001,2026-02-01 21:40:00,22.591,N
KRN001,2026-02-01 21:50:00,22.59,N
KRN001,2026-02-01 22:00:00,22.589,N
KRN001,2026-02-01 22:10:00,22.591,N
KRN001,2026-02-01 22:20:00,22.592,N
KRN001,2026-02-01 22:30:00,22.592,N
KRN001,2026-02-01 22:40:00,22.591,N
KRN001,2026-02-01 22:50:00,22.591,N
KRN001,2026-02-01 23:00:00,22.591,N
KRN001,2026-02-01 23:10:00,22.592,N
KRN001,2026-02-01 23:20:00,22.589,N
KRN001,2026-02-01 23:30:00,22.593,N
KRN001,2026-02-01 23:40:00,22.596,N
KRN001,2026-02-01 23:50:00,22.598,N
KRN001,2026-02-02 00:00:00,22.605,N
KRN001,2026-02-02 00:10:00,22.62,N
KRN001,2026-02-02 00:20:00,22.644,N
KRN001,2026-02-02 00:30:00,22.678,N
KRN001,2026-02-02 00:40:00,22.721,N
KRN001,2026-02-02 00:50:00,22.772,N
KRN001,2026-02-02 01:00:00,22.828,N
KRN001,2026-02-02 01:10:00,22.89,N
KRN001,2026-02-02 01:20:00,22.951,N
KRN001,2026-02-02 01:30:00,23.016,N
KRN001,2026-02-02 01:40:00,23.075,N
KRN001,2026-02-02 01:50:00,23.126,N
KRN001,2026-02-02 02:00:00,23.181,N
KRN001,2026-02-02 02:10:00,23.224,N
KRN001,2026-02-02 02:20:00,23.266,N
KRN001,2026-02-02 02:30:00,23.31,N
KRN001,2026-02-02 02:40:00,23.334,N
KRN001,2026-02-02 02:50:00,23.368,N
KRN001,2026-02-02 03:00:00,23.391,N
KRN001,2026-02-02 03:10:00,23.422,N
KRN001,2026-02-02 03:20:00,23.44,N
KRN001,2026-02-02 03:30:00,23.455,N
KRN001,2026-02-02 03:40:00,23.469,N
KRN001,2026-02-02 03:50:00,23.474,N
KRN001,2026-02-02 04:00:00,23.481,N
KRN001,2026-02-02 04:10:00,23.483,N
KRN001,2026-02-02 04:20:00,23.483,N
KRN001,2026-02-02 04:30:00,23.48,N
KRN001,2026-02-02 04:40:00,23.474,N
KRN001,2026-02-02 04:50:00,23.472,N
KRN001,2026-02-02 05:00:00,23.457,N
KRN001,2026-02-02 05:10:00,23.45,N
KRN001,2026-02-02 05:20:00,23.437,N
KRN001,2026-02-02 05:30:00,23.415,N
KRN001,2026-02-02 05:40:00,23.406,N
KRN001,2026-02-02 05:50:00,23.392,N
KRN001,2026-02-02 06:00:00,23.381,N
KRN001,2026-02-02 06:10:00,23.356,N
KRN001,2026-02-02 06:20:00,23.346,N
KRN001,2026-02-02 06:30:00,23.326,N
KRN001,2026-02-02 06:40:00,23.313,N
KRN001,2026-02-02 06:50:00,23.281,N
KRN001,2026-02-02 07:00:00,23.268,N
KRN001,2026-02-02 07:10:00,23.244,N
KRN001,2026-02-02 07:20:00,23.222,N
KRN001,2026-02-02 07:30:00,23.199,N
KRN001,2026-02-02 07:40:00,23.18,N
KRN001,2026-02-02 07:50:00,23.158,N
KRN001,2026-02-02 08:00:00,23.143,N
KRN001,2026-02-02 08:10:00,23.117,N
KRN001,2026-02-02 08:20:00,23.098,N
KRN001,2026-02-02 08:30:00,23.077,N
KRN001,2026-02-02 08:40:00,23.057,N
KRN001,2026-02-02 08:50:00,23.037,N
KRN001,2026-02-02 09:00:00,23.02,N
KRN001,2026-02-02 09:10:00,23,N
KRN001,2026-02-02 09:20:00,22.982,N
KRN001,2026-02-02 09:30:00,22.966,N
KRN001,2026-02-02 09:40:00,22.949,N
KRN001,2026-02-02 09:50:00,22.931,N
KRN001,2026-02-02 10:00:00,22.915,N
KRN001,2026-02-02 10:10:00,22.896,N
KRN001,2026-02-02 10:20:00,22.887,N
KRN001,2026-02-02 10:30:00,22.869,N
KRN001,2026-02-02 10:40:00,22.858,N
KRN001,2026-02-02 10:50:00,22.846,N
KRN001,2026-02-02 11:00:00,22.833,N
KRN001,2026-02-02 11:10:00,22.823,N
KRN001,2026-02-02 11:20:00,22.81,N
KRN001,2026-02-02 11:30:00,22.817,N
KRN001,2026-02-02 11:40:00,22.783,N
KRN001,2026-02-02 11:50:00,22.775,N
KRN001,2026-02-02 12:00:00,22.765,N
KRN001,2026-02-02 12:10:00,22.755,N
KRN001,2026-02-02 12:20:00,22.748,N
KRN001,2026-02-02 12:30:00,22.737,N
KRN001,2026-02-02 12:40:00,22.728,N
KRN001,2026-02-02 12:50:00,22.717,N
KRN001,2026-02-02 13:00:00,22.714,N
KRN001,2026-02-02 13:10:00,22.707,N
KRN001,2026-02-02 13:20:00,22.699,N
KRN001,2026-02-02 13:30:00,22.69,N
KRN001,2026-02-02 13:40:00,22.685,N
KRN001,2026-02-02 13:50:00,22.673,N
KRN001,2026-02-02 14:00:00,22.673,N
KRN001,2026-02-02 14:10:00,22.662,N
KRN001,2026-02-02 14:20:00,22.656,N
KRN001,2026-02-02 14:30:00,22.652,N
KRN001,2026-02-02 14:40:00,22.64,N
KRN001,2026-02-02 14:50:00,22.648,N
KRN001,2026-02-02 15:00:00,22.645,N
KRN001,2026-02-02 15:10:00,22.641,N
KRN001,2026-02-02 15:20:00,22.651,N
KRN001,2026-02-02 15:30:00,22.649,N
KRN001,2026-02-02 15:40:00,22.669,N
KRN001,2026-02-02 15:50:00,22.682,N
KRN001,2026-02-02 16:00:00,22.699,N
KRN001,2026-02-02 16:10:00,22.708,N
KRN001,2026-02-02 16:20:00,22.724,N
KRN001,2026-02-02 16:30:00,22.742,N
KRN001,2026-02-02 16:40:00,22.754,N
KRN001,2026-02-02 16:50:00,22.764,N
KRN001,2026-02-02 17:00:00,22.775,N
KRN001,2026-02-02 17:10:00,22.785,N
KRN001,2026-02-02 17:20:00,22.794,N
KRN001,2026-02-02 17:30:00,22.801,N
KRN001,2026-02-02 17:40:00,22.806,N
KRN001,2026-02-02 17:50:00,22.81,N
KRN001,2026-02-02 18:00:00,22.812,N
KRN001,2026-02-02 18:10:00,22.816,N
KRN001,2026-02-02 18:20:00,22.817,N
KRN001,2026-02-02 18:30:00,22.819,N
KRN001,2026-02-02 18:40:00,22.821,N
KRN001,2026-02-02 18:50:00,22.817,N
KRN001,2026-02-02 19:00:00,22.816,N
KRN001,2026-02-02 19:10:00,22.815,N
KRN001,2026-02-02 19:20:00,22.811,N
KRN001,2026-02-02 19:30:00,22.809,N
KRN001,2026-02-02 19:40:00,22.804,N
KRN001,2026-02-02 19:50:00,22.802,N
KRN001,2026-02-02 20:00:00,22.797,N
KRN001,2026-02-02 20:10:00,22.792,N
KRN001,2026-02-02 20:20:00,22.789,N
KRN001,2026-02-02 20:30:00,22.785,N
KRN001,2026-02-02 20:40:00,22.783,N
KRN001,2026-02-02 20:50:00,22.777,N
KRN001,2026-02-02 21:00:00,22.772,N
KRN001,2026-02-02 21:10:00,22.769,N
KRN001,2026-02-02 21:20:00,22.765,N
KRN001,2026-02-02 21:30:00,22.76,N
KRN001,2026-02-02 21:40:00,22.756,N
KRN001,2026-02-02 21:50:00,22.751,N
KRN001,2026-02-02 22:00:00,22.748,N
KRN001,2026-02-02 22:10:00,22.744,N
KRN001,2026-02-02 22:20:00,22.742,N
KRN001,2026-02-02 22:30:00,22.739,N
KRN001,2026-02-02 22:40:00,22.734,N
KRN001,2026-02-02 22:50:00,22.73,N
KRN001,2026-02-02 23:00:00,22.724,N
KRN001,2026-02-02 23:10:00,22.722,N
KRN001,2026-02-02 23:20:00,22.716,N
KRN001,2026-02-02 23:30:00,22.71,N
KRN001,2026-02-02 23:40:00,22.705,N
KRN001,2026-02-02 23:50:00,22.696,N
KRN001,2026-02-03 00:00:00,22.692,N
KRN001,2026-02-03 00:10:00,22.686,N
KRN001,2026-02-03 00:20:00,22.679,N
KRN001,2026-02-03 00:30:00,22.674,N
KRN001,2026-02-03 00:40:00,22.667,N
KRN001,2026-02-03 00:50:00,22.662,N
KRN001,2026-02-03 01:00:00,22.658,N
KRN001,2026-02-03 01:10:00,22.654,N
KRN001,2026-02-03 01:20:00,22.655,N
KRN001,2026-02-03 01:30:00,22.658,N
KRN001,2026-02-03 01:40:00,22.669,N
KRN001,2026-02-03 01:50:00,22.687,N
KRN001,2026-02-03 02:00:00,22.715,N
KRN001,2026-02-03 02:10:00,22.749,N
KRN001,2026-02-03 02:20:00,22.791,N
KRN001,2026-02-03 02:30:00,22.835,N
KRN001,2026-02-03 02:40:00,22.884,N
KRN001,2026-02-03 02:50:00,22.93,N
KRN001,2026-02-03 03:00:00,22.978,N
KRN001,2026-02-03 03:10:00,23.01,N
KRN001,2026-02-03 03:20:00,23.057,N
KRN001,2026-02-03 03:30:00,23.092,N
KRN001,2026-02-03 03:40:00,23.125,N
KRN001,2026-02-03 03:50:00,23.157,N
KRN001,2026-02-03 04:00:00,23.178,N
KRN001,2026-02-03 04:10:00,23.205,N
KRN001,2026-02-03 04:20:00,23.22,N
KRN001,2026-02-03 04:30:00,23.232,N
KRN001,2026-02-03 04:40:00,23.247,N
KRN001,2026-02-03 04:50:00,23.258,N
KRN001,2026-02-03 05:00:00,23.262,N
KRN001,2026-02-03 05:10:00,23.271,N
KRN001,2026-02-03 05:20:00,23.267,N
KRN001,2026-02-03 05:30:00,23.26,N
KRN001,2026-02-03 05:40:00,23.265,N
KRN001,2026-02-03 05:50:00,23.26,N
KRN001,2026-02-03 06:00:00,23.251,N
KRN001,2026-02-03 06:10:00,23.248,N
KRN001,2026-02-03 06:20:00,23.231,N
KRN001,2026-02-03 06:30:00,23.224,N
KRN001,2026-02-03 06:40:00,23.214,N
KRN001,2026-02-03 06:50:00,23.198,N
KRN001,2026-02-03 07:00:00,23.185,N
KRN001,2026-02-03 07:10:00,23.17,N
KRN001,2026-02-03 07:20:00,23.152,N
KRN001,2026-02-03 07:30:00,23.137,N
KRN001,2026-02-03 07:40:00,23.119,N
KRN001,2026-02-03 07:50:00,23.103,N
KRN001,2026-02-03 08:00:00,23.083,N
KRN001,2026-02-03 08:10:00,23.067,N
KRN001,2026-02-03 08:20:00,23.044,N
KRN001,2026-02-03 08:30:00,23.026,N
KRN001,2026-02-03 08:40:00,23.008,N
KRN001,2026-02-03 08:50:00,22.992,N
KRN001,2026-02-03 09:00:00,22.968,N
KRN001,2026-02-03 09:10:00,22.952,N
KRN001,2026-02-03 09:20:00,22.939,N
KRN001,2026-02-03 09:30:00,22.917,N
KRN001,2026-02-03 09:40:00,22.896,N
KRN001,2026-02-03 09:50:00,22.884,N
KRN001,2026-02-03 10:00:00,22.873,N
KRN001,2026-02-03 10:10:00,22.856,N
KRN001,2026-02-03 10:20:00,22.842,N
KRN001,2026-02-03 10:30:00,22.825,N
KRN001,2026-02-03 10:40:00,22.815,N
KRN001,2026-02-03 10:50:00,22.795,N
KRN001,2026-02-03 11:00:00,22.78,N
KRN001,2026-02-03 11:10:00,22.767,N
KRN001,2026-02-03 11:20:00,22.758,N
KRN001,2026-02-03 11:30:00,22.749,N
KRN001,2026-02-03 11:40:00,22.733,N
KRN001,2026-02-03 11:50:00,22.719,N
KRN001,2026-02-03 12:00:00,22.714,N
KRN001,2026-02-03 12:10:00,22.693,N
KRN001,2026-02-03 12:20:00,22.693,N
KRN001,2026-02-03 12:30:00,22.676,N
KRN001,2026-02-03 12:40:00,22.674,N
KRN001,2026-02-03 12:50:00,22.662,N
KRN001,2026-02-03 13:00:00,22.654,N
KRN001,2026-02-03 13:10:00,22.641,N
KRN001,2026-02-03 13:20:00,22.645,N
KRN001,2026-02-03 13:30:00,22.628,N
KRN001,2026-02-03 13:40:00,22.627,N
KRN001,2026-02-03 13:50:00,22.628,N
KRN001,2026-02-03 14:00:00,22.628,N
KRN001,2026-02-03 14:10:00,22.614,N
KRN001,2026-02-03 14:20:00,22.617,N
KRN001,2026-02-03 14:30:00,22.617,N
KRN001,2026-02-03 14:40:00,22.619,N
KRN001,2026-02-03 14:50:00,22.62,N
KRN001,2026-02-03 15:00:00,22.621,N
KRN001,2026-02-03 15:10:00,22.626,N
KRN001,2026-02-03 15:20:00,22.631,N
KRN001,2026-02-03 15:30:00,22.641,N
KRN001,2026-02-03 15:40:00,22.653,N
KRN001,2026-02-03 15:50:00,22.662,N
KRN001,2026-02-03 16:00:00,22.675,N
KRN001,2026-02-03 16:10:00,22.688,N
KRN001,2026-02-03 16:20:00,22.696,N
KRN001,2026-02-03 16:30:00,22.706,N
KRN001,2026-02-03 16:40:00,22.722,N
KRN001,2026-02-03 16:50:00,22.734,N
KRN001,2026-02-03 17:00:00,22.74,N
KRN001,2026-02-03 17:10:00,22.751,N
KRN001,2026-02-03 17:20:00,22.754,N
KRN001,2026-02-03 17:30:00,22.763,N
KRN001,2026-02-03 17:40:00,22.769,N
KRN001,2026-02-03 17:50:00,22.771,N
KRN001,2026-02-03 18:00:00,22.774,N
KRN001,2026-02-03 18:10:00,22.774,N
KRN001,2026-02-03 18:20:00,22.775,N
KRN001,2026-02-03 18:30:00,22.772,N
KRN001,2026-02-03 18:40:00,22.77,N
KRN001,2026-02-03 18:50:00,22.768,N
KRN001,2026-02-03 19:00:00,22.764,N
KRN001,2026-02-03 19:10:00,22.762,N
KRN001,2026-02-03 19:20:00,22.756,N
KRN001,2026-02-03 19:30:00,22.751,N
KRN001,2026-02-03 19:40:00,22.747,N
KRN001,2026-02-03 19:50:00,22.742,N
KRN001,2026-02-03 20:00:00,22.737,N
KRN001,2026-02-03 20:10:00,22.731,N
KRN001,2026-02-03 20:20:00,22.727,N
KRN001,2026-02-03 20:30:00,22.721,N
KRN001,2026-02-03 20:40:00,22.714,N
KRN001,2026-02-03 20:50:00,22.71,N
KRN001,2026-02-03 21:00:00,22.705,N
KRN001,2026-02-03 21:10:00,22.7,N
KRN001,2026-02-03 21:20:00,22.694,N
KRN001,2026-02-03 21:30:00,22.688,N
KRN001,2026-02-03 21:40:00,22.683,N
KRN001,2026-02-03 21:50:00,22.679,N
KRN001,2026-02-03 22:00:00,22.674,N
KRN001,2026-02-03 22:10:00,22.669,N
KRN001,2026-02-03 22:20:00,22.666,N
KRN001,2026-02-03 22:30:00,22.66,N
KRN001,2026-02-03 22:40:00,22.656,N
KRN001,2026-02-03 22:50:00,22.652,N
KRN001,2026-02-03 23:00:00,22.647,N
KRN001,2026-02-03 23:10:00,22.645,N
KRN001,2026-02-03 23:20:00,22.64,N
KRN001,2026-02-03 23:30:00,22.638,N
KRN001,2026-02-03 23:40:00,22.635,N
KRN001,2026-02-03 23:50:00,22.631,N
KRN001,2026-02-04 00:00:00,22.628,N
KRN001,2026-02-04 00:10:00,22.625,N
KRN001,2026-02-04 00:20:00,22.624,N
KRN001,2026-02-04 00:30:00,22.62,N
KRN001,2026-02-04 00:40:00,22.618,N
KRN001,2026-02-04 00:50:00,22.615,N
KRN001,2026-02-04 01:00:00,22.612,N
KRN001,2026-02-04 01:10:00,22.61,N
KRN001,2026-02-04 01:20:00,22.608,N
KRN001,2026-02-04 01:30:00,22.606,N
KRN001,2026-02-04 01:40:00,22.605,N
KRN001,2026-02-04 01:50:00,22.603,N
KRN001,2026-02-04 02:00:00,22.6,N
KRN001,2026-02-04 02:10:00,22.6,N
KRN001,2026-02-04 02:20:00,22.599,N
KRN001,2026-02-04 02:30:00,22.6,N
KRN001,2026-02-04 02:40:00,22.603,N
KRN001,2026-02-04 02:50:00,22.61,N
KRN001,2026-02-04 03:00:00,22.625,N
KRN001,2026-02-04 03:10:00,22.649,N
KRN001,2026-02-04 03:20:00,22.686,N
KRN001,2026-02-04 03:30:00,22.729,N
KRN001,2026-02-04 03:40:00,22.778,N
KRN001,2026-02-04 03:50:00,22.836,N
KRN001,2026-02-04 04:00:00,22.891,N
KRN001,2026-02-04 04:10:00,22.951,N
KRN001,2026-02-04 04:20:00,22.997,N
KRN001,2026-02-04 04:30:00,23.046,N
KRN001,2026-02-04 04:40:00,23.089,N
KRN001,2026-02-04 04:50:00,23.132,N
KRN001,2026-02-04 05:00:00,23.17,N
KRN001,2026-02-04 05:10:00,23.2,N
KRN001,2026-02-04 05:20:00,23.225,N
KRN001,2026-02-04 05:30:00,23.249,N
KRN001,2026-02-04 05:40:00,23.266,N
KRN001,2026-02-04 05:50:00,23.268,N
KRN001,2026-02-04 06:00:00,23.292,N
KRN001,2026-02-04 06:10:00,23.296,N
KRN001,2026-02-04 06:20:00,23.301,N
KRN001,2026-02-04 06:30:00,23.305,N
KRN001,2026-02-04 06:40:00,23.305,N
KRN001,2026-02-04 06:50:00,23.306,N
KRN001,2026-02-04 07:00:00,23.299,N
KRN001,2026-02-04 07:10:00,23.294,N
KRN001,2026-02-04 07:20:00,23.283,N
KRN001,2026-02-04 07:30:00,23.274,N
KRN001,2026-02-04 07:40:00,23.26,N
KRN001,2026-02-04 07:50:00,23.247,N
KRN001,2026-02-04 08:00:00,23.233,N
KRN001,2026-02-04 08:10:00,23.222,N
KRN001,2026-02-04 08:20:00,23.207,N
KRN001,2026-02-04 08:30:00,23.189,N
KRN001,2026-02-04 08:40:00,23.172,N
KRN001,2026-02-04 08:50:00,23.152,N
KRN001,2026-02-04 09:00:00,23.137,N
KRN001,2026-02-04 09:10:00,23.116,N
KRN001,2026-02-04 09:20:00,23.095,N
KRN001,2026-02-04 09:30:00,23.075,N
KRN001,2026-02-04 09:40:00,23.057,N
KRN001,2026-02-04 09:50:00,23.037,N
KRN001,2026-02-04 10:00:00,23.021,N
KRN001,2026-02-04 10:10:00,23.002,N
KRN001,2026-02-04 10:20:00,22.985,N
KRN001,2026-02-04 10:30:00,22.968,N
KRN001,2026-02-04 10:40:00,22.949,N
KRN001,2026-02-04 10:50:00,22.933,N
KRN001,2026-02-04 11:00:00,22.915,N
KRN001,2026-02-04 11:10:00,22.903,N
KRN001,2026-02-04 11:20:00,22.886,N
KRN001,2026-02-04 11:30:00,22.867,N
KRN001,2026-02-04 11:40:00,22.858,N
KRN001,2026-02-04 11:50:00,22.845,N
KRN001,2026-02-04 12:00:00,22.833,N
KRN001,2026-02-04 12:10:00,22.812,N
KRN001,2026-02-04 12:20:00,22.806,N
KRN001,2026-02-04 12:30:00,22.794,N
KRN001,2026-02-04 12:40:00,22.775,N
KRN001,2026-02-04 12:50:00,22.769,N
KRN001,2026-02-04 13:00:00,22.762,N
KRN001,2026-02-04 13:10:00,22.754,N
KRN001,2026-02-04 13:20:00,22.744,N
KRN001,2026-02-04 13:30:00,22.737,N
KRN001,2026-02-04 13:40:00,22.728,N
KRN001,2026-02-04 13:50:00,22.722,N
KRN001,2026-02-04 14:00:00,22.716,N
KRN001,2026-02-04 14:10:00,22.71,N
KRN001,2026-02-04 14:20:00,22.707,N
KRN001,2026-02-04 14:30:00,22.702,N
KRN001,2026-02-04 14:40:00,22.699,N
KRN001,2026-02-04 14:50:00,22.697,N
KRN001,2026-02-04 15:00:00,22.7,N
KRN001,2026-02-04 15:10:00,22.705,N
KRN001,2026-02-04 15:20:00,22.708,N
KRN001,2026-02-04 15:30:00,22.716,N
KRN001,2026-02-04 15:40:00,22.723,N
KRN001,2026-02-04 15:50:00,22.731,N
KRN001,2026-02-04 16:00:00,22.741,N
KRN001,2026-02-04 16:10:00,22.751,N
KRN001,2026-02-04 16:20:00,22.76,N
KRN001,2026-02-04 16:30:00,22.767,N
KRN001,2026-02-04 16:40:00,22.772,N
KRN001,2026-02-04 16:50:00,22.781,N
KRN001,2026-02-04 17:00:00,22.783,N
KRN001,2026-02-04 17:10:00,22.787,N
KRN001,2026-02-04 17:20:00,22.795,N
KRN001,2026-02-04 17:30:00,22.796,N
KRN001,2026-02-04 17:40:00,22.795,N
KRN001,2026-02-04 17:50:00,22.789,N
KRN001,2026-02-04 18:00:00,22.797,N
KRN001,2026-02-04 18:10:00,22.796,N
KRN001,2026-02-04 18:20:00,22.794,N
KRN001,2026-02-04 18:30:00,22.792,N
KRN001,2026-02-04 18:40:00,22.79,N
KRN001,2026-02-04 18:50:00,22.787,N
KRN001,2026-02-04 19:00:00,22.784,N
KRN001,2026-02-04 19:10:00,22.78,N
KRN001,2026-02-04 19:20:00,22.774,N
KRN001,2026-02-04 19:30:00,22.771,N
KRN001,2026-02-04 19:40:00,22.767,N
KRN001,2026-02-04 19:50:00,22.762,N
KRN001,2026-02-04 20:00:00,22.757,N
KRN001,2026-02-04 20:10:00,22.75,N
KRN001,2026-02-04 20:20:00,22.748,N
KRN001,2026-02-04 20:30:00,22.74,N
KRN001,2026-02-04 20:40:00,22.736,N
KRN001,2026-02-04 20:50:00,22.731,N
KRN001,2026-02-04 21:00:00,22.726,N
KRN001,2026-02-04 21:10:00,22.721,N
KRN001,2026-02-04 21:20:00,22.715,N
KRN001,2026-02-04 21:30:00,22.713,N
KRN001,2026-02-04 21:40:00,22.707,N
KRN001,2026-02-04 21:50:00,22.69,N
KRN001,2026-02-04 22:00:00,22.696,N
KRN001,2026-02-04 22:10:00,22.694,N
KRN001,2026-02-04 22:20:00,22.688,N
KRN001,2026-02-04 22:30:00,22.685,N
KRN001,2026-02-04 22:40:00,22.679,N
KRN001,2026-02-04 22:50:00,22.675,N
KRN001,2026-02-04 23:00:00,22.673,N
KRN001,2026-02-04 23:10:00,22.667,N
KRN001,2026-02-04 23:20:00,22.664,N
KRN001,2026-02-04 23:30:00,22.66,N
KRN001,2026-02-04 23:40:00,22.656,N
KRN001,2026-02-04 23:50:00,22.654,N
KRN001,2026-02-05 00:00:00,22.652,N
KRN001,2026-02-05 00:10:00,22.648,N
KRN001,2026-02-05 00:20:00,22.645,N
KRN001,2026-02-05 00:30:00,22.641,N
KRN001,2026-02-05 00:40:00,22.639,N
KRN001,2026-02-05 00:50:00,22.637,N
KRN001,2026-02-05 01:00:00,22.632,N
KRN001,2026-02-05 01:10:00,22.63,N
KRN001,2026-02-05 01:20:00,22.63,N
KRN001,2026-02-05 01:30:00,22.626,N
KRN001,2026-02-05 01:40:00,22.622,N
KRN001,2026-02-05 01:50:00,22.62,N
KRN001,2026-02-05 02:00:00,22.618,N
KRN001,2026-02-05 02:10:00,22.615,N
KRN001,2026-02-05 02:20:00,22.613,N
KRN001,2026-02-05 02:30:00,22.611,N
KRN001,2026-02-05 02:40:00,22.607,N
KRN001,2026-02-05 02:50:00,22.605,N
KRN001,2026-02-05 03:00:00,22.603,N
KRN001,2026-02-05 03:10:00,22.601,N
KRN001,2026-02-05 03:20:00,22.6,N
KRN001,2026-02-05 03:30:00,22.599,N
KRN001,2026-02-05 03:40:00,22.598,N
KRN001,2026-02-05 03:50:00,22.599,N
KRN001,2026-02-05 04:00:00,22.603,N
KRN001,2026-02-05 04:10:00,22.61,N
KRN001,2026-02-05 04:20:00,22.62,N
KRN001,2026-02-05 04:30:00,22.633,N
KRN001,2026-02-05 04:40:00,22.651,N
KRN001,2026-02-05 04:50:00,22.671,N
KRN001,2026-02-05 05:00:00,22.69,N
KRN001,2026-02-05 05:10:00,22.713,N
KRN001,2026-02-05 05:20:00,22.733,N
KRN001,2026-02-05 05:30:00,22.753,N
KRN001,2026-02-05 05:40:00,22.77,N
KRN001,2026-02-05 05:50:00,22.788,N
KRN001,2026-02-05 06:00:00,22.801,N
KRN001,2026-02-05 06:10:00,22.815,N
KRN001,2026-02-05 06:20:00,22.825,N
KRN001,2026-02-05 06:30:00,22.832,N
KRN001,2026-02-05 06:40:00,22.839,N
KRN001,2026-02-05 06:50:00,22.845,N
KRN001,2026-02-05 07:00:00,22.847,N
KRN001,2026-02-05 07:10:00,22.85,N
KRN001,2026-02-05 07:20:00,22.85,N
KRN001,2026-02-05 07:30:00,22.851,N
KRN001,2026-02-05 07:40:00,22.85,N
KRN001,2026-02-05 07:50:00,22.849,N
KRN001,2026-02-05 08:00:00,22.842,N
KRN001,2026-02-05 08:10:00,22.835,N
KRN001,2026-02-05 08:20:00,22.829,N
KRN001,2026-02-05 08:30:00,22.822,N
KRN001,2026-02-05 08:40:00,22.816,N
KRN001,2026-02-05 08:50:00,22.809,N
KRN001,2026-02-05 09:00:00,22.802,N
KRN001,2026-02-05 09:10:00,22.795,N
KRN001,2026-02-05 09:20:00,22.785,N
KRN001,2026-02-05 09:30:00,22.778,N
KRN001,2026-02-05 09:40:00,22.76,N
KRN001,2026-02-05 09:50:00,22.762,N
KRN001,2026-02-05 10:00:00,22.754,N
KRN001,2026-02-05 10:10:00,22.746,N
KRN001,2026-02-05 10:20:00,22.737,N
KRN001,2026-02-05 10:30:00,22.727,N
KRN001,2026-02-05 10:40:00,22.723,N
KRN001,2026-02-05 10:50:00,22.714,N
KRN001,2026-02-05 11:00:00,22.706,N
KRN001,2026-02-05 11:10:00,22.699,N
KRN001,2026-02-05 11:20:00,22.692,N
KRN001,2026-02-05 11:30:00,22.685,N
KRN001,2026-02-05 11:40:00,22.679,N
KRN001,2026-02-05 11:50:00,22.672,N
KRN001,2026-02-05 12:00:00,22.66,N
KRN001,2026-02-05 12:10:00,22.658,N
KRN001,2026-02-05 12:20:00,22.652,N
KRN001,2026-02-05 12:30:00,22.647,N
KRN001,2026-02-05 12:40:00,22.641,N
KRN001,2026-02-05 12:50:00,22.632,N
KRN001,2026-02-05 13:00:00,22.63,N
KRN001,2026-02-05 13:10:00,22.619,N
KRN001,2026-02-05 13:20:00,22.611,N
KRN001,2026-02-05 13:30:00,22.614,N
KRN001,2026-02-05 13:40:00,22.611,N
KRN001,2026-02-05 13:50:00,22.606,N
KRN001,2026-02-05 14:00:00,22.598,N
KRN001,2026-02-05 14:10:00,22.6,N
KRN001,2026-02-05 14:20:00,22.589,N
KRN001,2026-02-05 14:30:00,22.577,N
KRN001,2026-02-05 14:40:00,22.58,N
KRN001,2026-02-05 14:50:00,22.579,N
KRN001,2026-02-05 15:00:00,22.589,N
KRN001,2026-02-05 15:10:00,22.591,N
KRN001,2026-02-05 15:20:00,22.596,N
KRN001,2026-02-05 15:30:00,22.601,N
KRN001,2026-02-05 15:40:00,22.61,N
KRN001,2026-02-05 15:50:00,22.62,N
KRN001,2026-02-05 16:00:00,22.633,N
KRN001,2026-02-05 16:10:00,22.647,N
KRN001,2026-02-05 16:20:00,22.658,N
KRN001,2026-02-05 16:30:00,22.673,N
KRN001,2026-02-05 16:40:00,22.685,N
KRN001,2026-02-05 16:50:00,22.697,N
KRN001,2026-02-05 17:00:00,22.707,N
KRN001,2026-02-05 17:10:00,22.716,N
KRN001,2026-02-05 17:20:00,22.724,N
KRN001,2026-02-05 17:30:00,22.733,N
KRN001,2026-02-05 17:40:00,22.736,N
KRN001,2026-02-05 17:50:00,22.743,N
KRN001,2026-02-05 18:00:00,22.746,N
KRN001,2026-02-05 18:10:00,22.75,N
KRN001,2026-02-05 18:20:00,22.751,N
KRN001,2026-02-05 18:30:00,22.75,N
KRN001,2026-02-05 18:40:00,22.75,N
KRN001,2026-02-05 18:50:00,22.749,N
KRN001,2026-02-05 19:00:00,22.749,N
KRN001,2026-02-05 19:10:00,22.75,N
KRN001,2026-02-05 19:20:00,22.75,N
KRN001,2026-02-05 19:30:00,22.75,N
KRN001,2026-02-05 19:40:00,22.748,N
KRN001,2026-02-05 19:50:00,22.746,N
KRN001,2026-02-05 20:00:00,22.743,N
KRN001,2026-02-05 20:10:00,22.739,N
KRN001,2026-02-05 20:20:00,22.735,N
KRN001,2026-02-05 20:30:00,22.727,N
KRN001,2026-02-05 20:40:00,22.72,N
KRN001,2026-02-05 20:50:00,22.714,N
KRN001,2026-02-05 21:00:00,22.709,N
KRN001,2026-02-05 21:10:00,22.705,N
KRN001,2026-02-05 21:20:00,22.7,N
KRN001,2026-02-05 21:30:00,22.694,N
KRN001,2026-02-05 21:40:00,22.687,N
KRN001,2026-02-05 21:50:00,22.683,N
KRN001,2026-02-05 22:00:00,22.679,N
KRN001,2026-02-05 22:10:00,22.674,N
KRN001,2026-02-05 22:20:00,22.671,N
KRN001,2026-02-05 22:30:00,22.666,N
KRN001,2026-02-05 22:40:00,22.661,N
KRN001,2026-02-05 22:50:00,22.656,N
KRN001,2026-02-05 23:00:00,22.653,N
KRN001,2026-02-05 23:10:00,22.648,N
KRN001,2026-02-05 23:20:00,22.645,N
KRN001,2026-02-05 23:30:00,22.64,N
KRN001,2026-02-05 23:40:00,22.637,N
KRN001,2026-02-05 23:50:00,22.633,N
KRN001,2026-02-06 00:00:00,22.631,N
KRN001,2026-02-06 00:10:00,22.628,N
KRN001,2026-02-06 00:20:00,22.626,N
KRN001,2026-02-06 00:30:00,22.622,N
KRN001,2026-02-06 00:40:00,22.619,N
KRN001,2026-02-06 00:50:00,22.617,N
KRN001,2026-02-06 01:00:00,22.613,N
KRN001,2026-02-06 01:10:00,22.611,N
KRN001,2026-02-06 01:20:00,22.608,N
KRN001,2026-02-06 01:30:00,22.606,N
KRN001,2026-02-06 01:40:00,22.604,N
KRN001,2026-02-06 01:50:00,22.599,N
KRN001,2026-02-06 02:00:00,22.598,N
KRN001,2026-02-06 02:10:00,22.596,N
KRN001,2026-02-06 02:20:00,22.593,N
KRN001,2026-02-06 02:30:00,22.593,N
KRN001,2026-02-06 02:40:00,22.591,N
KRN001,2026-02-06 02:50:00,22.589,N
KRN001,2026-02-06 03:00:00,22.589,N
KRN001,2026-02-06 03:10:00,22.587,N
KRN001,2026-02-06 03:20:00,22.59,N
KRN001,2026-02-06 03:30:00,22.592,N
KRN001,2026-02-06 03:40:00,22.6,N
KRN001,2026-02-06 03:50:00,22.61,N
KRN001,2026-02-06 04:00:00,22.622,N
KRN001,2026-02-06 04:10:00,22.638,N
KRN001,2026-02-06 04:20:00,22.656,N
KRN001,2026-02-06 04:30:00,22.675,N
KRN001,2026-02-06 04:40:00,22.694,N
KRN001,2026-02-06 04:50:00,22.713,N
KRN001,2026-02-06 05:00:00,22.729,N
KRN001,2026-02-06 05:10:00,22.746,N
KRN001,2026-02-06 05:20:00,22.758,N
KRN001,2026-02-06 05:30:00,22.77,N
KRN001,2026-02-06 05:40:00,22.782,N
KRN001,2026-02-06 05:50:00,22.79,N
KRN001,2026-02-06 06:00:00,22.798,N
KRN001,2026-02-06 06:10:00,22.806,N
KRN001,2026-02-06 06:20:00,22.808,N
KRN001,2026-02-06 06:30:00,22.81,N
KRN001,2026-02-06 06:40:00,22.81,N
KRN001,2026-02-06 06:50:00,22.811,N
KRN001,2026-02-06 07:00:00,22.809,N
KRN001,2026-02-06 07:10:00,22.809,N
KRN001,2026-02-06 07:20:00,22.804,N
KRN001,2026-02-06 07:30:00,22.803,N
KRN001,2026-02-06 07:40:00,22.797,N
KRN001,2026-02-06 07:50:00,22.79,N
KRN001,2026-02-06 08:00:00,22.785,N
KRN001,2026-02-06 08:10:00,22.778,N
KRN001,2026-02-06 08:20:00,22.772,N
KRN001,2026-02-06 08:30:00,22.765,N
KRN001,2026-02-06 08:40:00,22.757,N
KRN001,2026-02-06 08:50:00,22.753,N
KRN001,2026-02-06 09:00:00,22.744,N
KRN001,2026-02-06 09:10:00,22.737,N
KRN001,2026-02-06 09:20:00,22.733,N
KRN001,2026-02-06 09:30:00,22.724,N
KRN001,2026-02-06 09:40:00,22.719,N
KRN001,2026-02-06 09:50:00,22.712,N
KRN001,2026-02-06 10:00:00,22.708,N
KRN001,2026-02-06 10:10:00,22.696,N
KRN001,2026-02-06 10:20:00,22.685,N
KRN001,2026-02-06 10:30:00,22.682,N
KRN001,2026-02-06 10:40:00,22.679,N
KRN001,2026-02-06 10:50:00,22.675,N
KRN001,2026-02-06 11:00:00,22.673,N
KRN001,2026-02-06 11:10:00,22.669,N
KRN001,2026-02-06 11:20:00,22.666,N
KRN001,2026-02-06 11:30:00,22.661,N
KRN001,2026-02-06 11:40:00,22.658,N
KRN001,2026-02-06 11:50:00,22.652,N
KRN001,2026-02-06 12:00:00,22.649,N
KRN001,2026-02-06 12:10:00,22.646,N
KRN001,2026-02-06 12:20:00,22.642,N
KRN001,2026-02-06 12:30:00,22.639,N
KRN001,2026-02-06 12:40:00,22.625,N
KRN001,2026-02-06 12:50:00,22.624,N
KRN001,2026-02-06 13:00:00,22.63,N
KRN001,2026-02-06 13:10:00,22.622,N
KRN001,2026-02-06 13:20:00,22.62,N
KRN001,2026-02-06 13:30:00,22.62,N
KRN001,2026-02-06 13:40:00,22.608,N
KRN001,2026-02-06 13:50:00,22.603,N
KRN001,2026-02-06 14:00:00,22.606,N
KRN001,2026-02-06 14:10:00,22.606,N
KRN001,2026-02-06 14:20:00,22.605,N
KRN001,2026-02-06 14:30:00,22.6,N
KRN001,2026-02-06 14:40:00,22.6,N
KRN001,2026-02-06 14:50:00,22.597,N
KRN001,2026-02-06 15:00:00,22.598,N
KRN001,2026-02-06 15:10:00,22.597,N
KRN001,2026-02-06 15:20:00,22.598,N
KRN001,2026-02-06 15:30:00,22.593,N
KRN001,2026-02-06 15:40:00,22.601,N
KRN001,2026-02-06 15:50:00,22.615,N
KRN001,2026-02-06 16:00:00,22.622,N
KRN001,2026-02-06 16:10:00,22.633,N
KRN001,2026-02-06 16:20:00,22.644,N
KRN001,2026-02-06 16:30:00,22.654,N
KRN001,2026-02-06 16:40:00,22.665,N
KRN001,2026-02-06 16:50:00,22.674,N
KRN001,2026-02-06 17:00:00,22.685,N
KRN001,2026-02-06 17:10:00,22.692,N
KRN001,2026-02-06 17:20:00,22.7,N
KRN001,2026-02-06 17:30:00,22.707,N
KRN001,2026-02-06 17:40:00,22.71,N
KRN001,2026-02-06 17:50:00,22.714,N
KRN001,2026-02-06 18:00:00,22.717,N
KRN001,2026-02-06 18:10:00,22.72,N
KRN001,2026-02-06 18:20:00,22.722,N
KRN001,2026-02-06 18:30:00,22.721,N
KRN001,2026-02-06 18:40:00,22.719,N
KRN001,2026-02-06 18:50:00,22.717,N
KRN001,2026-02-06 19:00:00,22.714,N
KRN001,2026-02-06 19:10:00,22.712,N
KRN001,2026-02-06 19:20:00,22.708,N
KRN001,2026-02-06 19:30:00,22.703,N
KRN001,2026-02-06 19:40:00,22.699,N
KRN001,2026-02-06 19:50:00,22.693,N
KRN001,2026-02-06 20:00:00,22.688,N
KRN001,2026-02-06 20:10:00,22.683,N
KRN001,2026-02-06 20:20:00,22.679,N
KRN001,2026-02-06 20:30:00,22.671,N
KRN001,2026-02-06 20:40:00,22.662,N
KRN001,2026-02-06 20:50:00,22.656,N
KRN001,2026-02-06 21:00:00,22.649,N
KRN001,2026-02-06 21:10:00,22.642,N
KRN001,2026-02-06 21:20:00,22.634,N
KRN001,2026-02-06 21:30:00,22.627,N
KRN001,2026-02-06 21:40:00,22.62,N
KRN001,2026-02-06 21:50:00,22.612,N
KRN001,2026-02-06 22:00:00,22.606,N
KRN001,2026-02-06 22:10:00,22.598,N
KRN001,2026-02-06 22:20:00,22.592,N
KRN001,2026-02-06 22:30:00,22.586,N
KRN001,2026-02-06 22:40:00,22.578,N
KRN001,2026-02-06 22:50:00,22.571,N
KRN001,2026-02-06 23:00:00,22.565,N
KRN001,2026-02-06 23:10:00,22.558,N
KRN001,2026-02-06 23:20:00,22.552,N
KRN001,2026-02-06 23:30:00,22.545,N
KRN001,2026-02-06 23:40:00,22.539,N
KRN001,2026-02-06 23:50:00,22.532,N
KRN001,2026-02-07 00:00:00,22.526,N
KRN001,2026-02-07 00:10:00,22.522,N
KRN001,2026-02-07 00:20:00,22.516,N
KRN001,2026-02-07 00:30:00,22.51,N
KRN001,2026-02-07 00:40:00,22.505,N
KRN001,2026-02-07 00:50:00,22.502,N
KRN001,2026-02-07 01:00:00,22.496,N
KRN001,2026-02-07 01:10:00,22.492,N
KRN001,2026-02-07 01:20:00,22.487,N
KRN001,2026-02-07 01:30:00,22.482,N
KRN001,2026-02-07 01:40:00,22.477,N
KRN001,2026-02-07 01:50:00,22.474,N
KRN001,2026-02-07 02:00:00,22.47,N
KRN001,2026-02-07 02:10:00,22.47,N
KRN001,2026-02-07 02:20:00,22.47,N
KRN001,2026-02-07 02:30:00,22.472,N
KRN001,2026-02-07 02:40:00,22.482,N
KRN001,2026-02-07 02:50:00,22.494,N
KRN001,2026-02-07 03:00:00,22.508,N
KRN001,2026-02-07 03:10:00,22.529,N
KRN001,2026-02-07 03:20:00,22.55,N
KRN001,2026-02-07 03:30:00,22.572,N
KRN001,2026-02-07 03:40:00,22.596,N
KRN001,2026-02-07 03:50:00,22.617,N
KRN001,2026-02-07 04:00:00,22.638,N
KRN001,2026-02-07 04:10:00,22.654,N
KRN001,2026-02-07 04:20:00,22.675,N
KRN001,2026-02-07 04:30:00,22.686,N
KRN001,2026-02-07 04:40:00,22.697,N
KRN001,2026-02-07 04:50:00,22.708,N
KRN001,2026-02-07 05:00:00,22.714,N
KRN001,2026-02-07 05:10:00,22.719,N
KRN001,2026-02-07 05:20:00,22.723,N
KRN001,2026-02-07 05:30:00,22.723,N
KRN001,2026-02-07 05:40:00,22.724,N
KRN001,2026-02-07 05:50:00,22.723,N
KRN001,2026-02-07 06:00:00,22.724,N
KRN001,2026-02-07 06:10:00,22.716,N
KRN001,2026-02-07 06:20:00,22.712,N
KRN001,2026-02-07 06:30:00,22.708,N
KRN001,2026-02-07 06:40:00,22.697,N
KRN001,2026-02-07 06:50:00,22.693,N
KRN001,2026-02-07 07:00:00,22.686,N
KRN001,2026-02-07 07:10:00,22.676,N
KRN001,2026-02-07 07:20:00,22.672,N
KRN001,2026-02-07 07:30:00,22.664,N
KRN001,2026-02-07 07:40:00,22.659,N
KRN001,2026-02-07 07:50:00,22.648,N
KRN001,2026-02-07 08:00:00,22.64,N
KRN001,2026-02-07 08:10:00,22.632,N
KRN001,2026-02-07 08:20:00,22.625,N
KRN001,2026-02-07 08:30:00,22.615,N
KRN001,2026-02-07 08:40:00,22.607,N
KRN001,2026-02-07 08:50:00,22.603,N
KRN001,2026-02-07 09:00:00,22.593,N
KRN001,2026-02-07 09:10:00,22.585,N
KRN001,2026-02-07 09:20:00,22.579,N
KRN001,2026-02-07 09:30:00,22.572,N
KRN001,2026-02-07 09:40:00,22.567,N
KRN001,2026-02-07 09:50:00,22.557,N
KRN001,2026-02-07 10:00:00,22.555,N
KRN001,2026-02-07 10:10:00,22.551,N
KRN001,2026-02-07 10:20:00,22.546,N
KRN001,2026-02-07 10:30:00,22.543,N
KRN001,2026-02-07 10:40:00,22.538,N
KRN001,2026-02-07 10:50:00,22.536,N
KRN001,2026-02-07 11:00:00,22.535,N
KRN001,2026-02-07 11:10:00,22.531,N
KRN001,2026-02-07 11:20:00,22.528,N
KRN001,2026-02-07 11:30:00,22.517,N
KRN001,2026-02-07 11:40:00,22.525,N
KRN001,2026-02-07 11:50:00,22.523,N
KRN001,2026-02-07 12:00:00,22.519,N
KRN001,2026-02-07 12:10:00,22.519,N
KRN001,2026-02-07 12:20:00,22.517,N
KRN001,2026-02-07 12:30:00,22.505,N
KRN001,2026-02-07 12:40:00,22.499,N
KRN001,2026-02-07 12:50:00,22.512,N
KRN001,2026-02-07 13:00:00,22.504,N
KRN001,2026-02-07 13:10:00,22.511,N
KRN001,2026-02-07 13:20:00,22.511,N
KRN001,2026-02-07 13:30:00,22.501,N
KRN001,2026-02-07 13:40:00,22.499,N
KRN001,2026-02-07 13:50:00,22.496,N
KRN001,2026-02-07 14:00:00,22.502,N
KRN001,2026-02-07 14:10:00,22.502,N
KRN001,2026-02-07 14:20:00,22.503,N
KRN001,2026-02-07 14:30:00,22.501,N
KRN001,2026-02-07 14:40:00,22.504,N
KRN001,2026-02-07 14:50:00,22.508,N
KRN001,2026-02-07 15:00:00,22.511,N
KRN001,2026-02-07 15:10:00,22.512,N
KRN001,2026-02-07 15:20:00,22.516,N
KRN001,2026-02-07 15:30:00,22.521,N
KRN001,2026-02-07 15:40:00,22.528,N
KRN001,2026-02-07 15:50:00,22.535,N
KRN001,2026-02-07 16:00:00,22.546,N
KRN001,2026-02-07 16:10:00,22.562,N
KRN001,2026-02-07 16:20:00,22.57,N
KRN001,2026-02-07 16:30:00,22.592,N
KRN001,2026-02-07 16:40:00,22.607,N
KRN001,2026-02-07 16:50:00,22.62,N
KRN001,2026-02-07 17:00:00,22.634,N
KRN001,2026-02-07 17:10:00,22.647,N
KRN001,2026-02-07 17:20:00,22.664,N
KRN001,2026-02-07 17:30:00,22.673,N
KRN001,2026-02-07 17:40:00,22.681,N
KRN001,2026-02-07 17:50:00,22.69,N
KRN001,2026-02-07 18:00:00,22.696,N
KRN001,2026-02-07 18:10:00,22.701,N
KRN001,2026-02-07 18:20:00,22.703,N
KRN001,2026-02-07 18:30:00,22.707,N
KRN001,2026-02-07 18:40:00,22.709,N
KRN001,2026-02-07 18:50:00,22.708,N
KRN001,2026-02-07 19:00:00,22.707,N
KRN001,2026-02-07 19:10:00,22.707,N
KRN001,2026-02-07 19:20:00,22.706,N
KRN001,2026-02-07 19:30:00,22.701,N
KRN001,2026-02-07 19:40:00,22.699,N
KRN001,2026-02-07 19:50:00,22.697,N
KRN001,2026-02-07 20:00:00,22.695,N
KRN001,2026-02-07 20:10:00,22.692,N
KRN001,2026-02-07 20:20:00,22.688,N
KRN001,2026-02-07 20:30:00,22.686,N
KRN001,2026-02-07 20:40:00,22.681,N
KRN001,2026-02-07 20:50:00,22.676,N
KRN001,2026-02-07 21:00:00,22.669,N
KRN001,2026-02-07 21:10:00,22.666,N
KRN001,2026-02-07 21:20:00,22.662,N
KRN001,2026-02-07 21:30:00,22.658,N
KRN001,2026-02-07 21:40:00,22.652,N
KRN001,2026-02-07 21:50:00,22.647,N
KRN001,2026-02-07 22:00:00,22.645,N
KRN001,2026-02-07 22:10:00,22.639,N
KRN001,2026-02-07 22:20:00,22.634,N
KRN001,2026-02-07 22:30:00,22.631,N
KRN001,2026-02-07 22:40:00,22.628,N
KRN001,2026-02-07 22:50:00,22.625,N
KRN001,2026-02-07 23:00:00,22.619,N
KRN001,2026-02-07 23:10:00,22.615,N
KRN001,2026-02-07 23:20:00,22.611,N
KRN001,2026-02-07 23:30:00,22.608,N
KRN001,2026-02-07 23:40:00,22.605,N
KRN001,2026-02-07 23:50:00,22.601,N
KRN001,2026-02-08 00:00:00,22.598,N
KRN001,2026-02-08 00:10:00,22.597,N
KRN001,2026-02-08 00:20:00,22.593,N
KRN001,2026-02-08 00:30:00,22.59,N
KRN001,2026-02-08 00:40:00,22.589,N
KRN001,2026-02-08 00:50:00,22.584,N
KRN001,2026-02-08 01:00:00,22.583,N
KRN001,2026-02-08 01:10:00,22.577,N
KRN001,2026-02-08 01:20:00,22.576,N
KRN001,2026-02-08 01:30:00,22.573,N
KRN001,2026-02-08 01:40:00,22.571,N
KRN001,2026-02-08 01:50:00,22.569,N
KRN001,2026-02-08 02:00:00,22.57,N
KRN001,2026-02-08 02:10:00,22.567,N
KRN001,2026-02-08 02:20:00,22.57,N
KRN001,2026-02-08 02:30:00,22.574,N
KRN001,2026-02-08 02:40:00,22.581,N
KRN001,2026-02-08 02:50:00,22.592,N
KRN001,2026-02-08 03:00:00,22.606,N
KRN001,2026-02-08 03:10:00,22.622,N
KRN001,2026-02-08 03:20:00,22.64,N
KRN001,2026-02-08 03:30:00,22.659,N
KRN001,2026-02-08 03:40:00,22.679,N
KRN001,2026-02-08 03:50:00,22.696,N
KRN001,2026-02-08 04:00:00,22.709,N
KRN001,2026-02-08 04:10:00,22.723,N
KRN001,2026-02-08 04:20:00,22.739,N
KRN001,2026-02-08 04:30:00,22.75,N
KRN001,2026-02-08 04:40:00,22.758,N
KRN001,2026-02-08 04:50:00,22.767,N
KRN001,2026-02-08 05:00:00,22.774,N
KRN001,2026-02-08 05:10:00,22.778,N
KRN001,2026-02-08 05:20:00,22.78,N
KRN001,2026-02-08 05:30:00,22.782,N
KRN001,2026-02-08 05:40:00,22.783,N
KRN001,2026-02-08 05:50:00,22.782,N
KRN001,2026-02-08 06:00:00,22.781,N
KRN001,2026-02-08 06:10:00,22.778,N
KRN001,2026-02-08 06:20:00,22.775,N
KRN001,2026-02-08 06:30:00,22.771,N
KRN001,2026-02-08 06:40:00,22.764,N
KRN001,2026-02-08 06:50:00,22.76,N
KRN001,2026-02-08 07:00:00,22.753,N
KRN001,2026-02-08 07:10:00,22.747,N
KRN001,2026-02-08 07:20:00,22.741,N
KRN001,2026-02-08 07:30:00,22.734,N
KRN001,2026-02-08 07:40:00,22.729,N
KRN001,2026-02-08 07:50:00,22.72,N
KRN001,2026-02-08 08:00:00,22.713,N
KRN001,2026-02-08 08:10:00,22.705,N
KRN001,2026-02-08 08:20:00,22.697,N
KRN001,2026-02-08 08:30:00,22.69,N
KRN001,2026-02-08 08:40:00,22.682,N
KRN001,2026-02-08 08:50:00,22.678,N
KRN001,2026-02-08 09:00:00,22.671,N
KRN001,2026-02-08 09:10:00,22.664,N
KRN001,2026-02-08 09:20:00,22.658,N
KRN001,2026-02-08 09:30:00,22.651,N
KRN001,2026-02-08 09:40:00,22.645,N
KRN001,2026-02-08 09:50:00,22.64,N
KRN001,2026-02-08 10:00:00,22.635,N
KRN001,2026-02-08 10:10:00,22.628,N
KRN001,2026-02-08 10:20:00,22.625,N
KRN001,2026-02-08 10:30:00,22.607,N
KRN001,2026-02-08 10:40:00,22.615,N
KRN001,2026-02-08 10:50:00,22.612,N
KRN001,2026-02-08 11:00:00,22.611,N
KRN001,2026-02-08 11:10:00,22.61,N
KRN001,2026-02-08 11:20:00,22.598,N
KRN001,2026-02-08 11:30:00,22.601,N
KRN001,2026-02-08 11:40:00,22.596,N
KRN001,2026-02-08 11:50:00,22.593,N
KRN001,2026-02-08 12:00:00,22.58,N
KRN001,2026-02-08 12:10:00,22.581,N
KRN001,2026-02-08 12:20:00,22.578,N
KRN001,2026-02-08 12:30:00,22.577,N
KRN001,2026-02-08 12:40:00,22.577,N
KRN001,2026-02-08 12:50:00,22.577,N
KRN001,2026-02-08 13:00:00,22.574,N
KRN001,2026-02-08 13:10:00,22.565,N
KRN001,2026-02-08 13:20:00,22.565,N
KRN001,2026-02-08 13:30:00,22.569,N
KRN001,2026-02-08 13:40:00,22.564,N
KRN001,2026-02-08 13:50:00,22.563,N
KRN001,2026-02-08 14:00:00,22.564,N
KRN001,2026-02-08 14:10:00,22.565,N
KRN001,2026-02-08 14:20:00,22.564,N
KRN001,2026-02-08 14:30:00,22.564,N
KRN001,2026-02-08 14:40:00,22.563,N
KRN001,2026-02-08 14:50:00,22.559,N
KRN001,2026-02-08 15:00:00,22.558,N
KRN001,2026-02-08 15:10:00,22.552,N
KRN001,2026-02-08 15:20:00,22.562,N
KRN001,2026-02-08 15:30:00,22.566,N
KRN001,2026-02-08 15:40:00,22.574,N
KRN001,2026-02-08 15:50:00,22.585,N
KRN001,2026-02-08 16:00:00,22.599,N
KRN001,2026-02-08 16:10:00,22.615,N
KRN001,2026-02-08 16:20:00,22.632,N
KRN001,2026-02-08 16:30:00,22.652,N
KRN001,2026-02-08 16:40:00,22.659,N
KRN001,2026-02-08 16:50:00,22.673,N
KRN001,2026-02-08 17:00:00,22.703,N
KRN001,2026-02-08 17:10:00,22.716,N
KRN001,2026-02-08 17:20:00,22.733,N
KRN001,2026-02-08 17:30:00,22.749,N
KRN001,2026-02-08 17:40:00,22.758,N
KRN001,2026-02-08 17:50:00,22.768,N
KRN001,2026-02-08 18:00:00,22.769,N
KRN001,2026-02-08 18:10:00,22.777,N
KRN001,2026-02-08 18:20:00,22.782,N
KRN001,2026-02-08 18:30:00,22.77,N
KRN001,2026-02-08 18:40:00,22.784,N
KRN001,2026-02-08 18:50:00,22.785,N
KRN001,2026-02-08 19:00:00,22.789,N
KRN001,2026-02-08 19:10:00,22.784,N
KRN001,2026-02-08 19:20:00,22.778,N
KRN001,2026-02-08 19:30:00,22.777,N
KRN001,2026-02-08 19:40:00,22.774,N
KRN001,2026-02-08 19:50:00,22.771,N
KRN001,2026-02-08 20:00:00,22.765,N
KRN001,2026-02-08 20:10:00,22.758,N
KRN001,2026-02-08 20:20:00,22.754,N
KRN001,2026-02-08 20:30:00,22.749,N
KRN001,2026-02-08 20:40:00,22.74,N
KRN001,2026-02-08 20:50:00,22.734,N
KRN001,2026-02-08 21:00:00,22.728,N
KRN001,2026-02-08 21:10:00,22.72,N
KRN001,2026-02-08 21:20:00,22.715,N
KRN001,2026-02-08 21:30:00,22.708,N
KRN001,2026-02-08 21:40:00,22.705,N
KRN001,2026-02-08 21:50:00,22.696,N
KRN001,2026-02-08 22:00:00,22.689,N
KRN001,2026-02-08 22:10:00,22.683,N
KRN001,2026-02-08 22:20:00,22.68,N
KRN001,2026-02-08 22:30:00,22.672,N
KRN001,2026-02-08 22:40:00,22.665,N
KRN001,2026-02-08 22:50:00,22.659,N
KRN001,2026-02-08 23:00:00,22.652,N
KRN001,2026-02-08 23:10:00,22.646,N
KRN001,2026-02-08 23:20:00,22.641,N
KRN001,2026-02-08 23:30:00,22.637,N
KRN001,2026-02-08 23:40:00,22.63,N
KRN001,2026-02-08 23:50:00,22.626,N
KRN001,2026-02-09 00:00:00,22.62,N
KRN001,2026-02-09 00:10:00,22.614,N
KRN001,2026-02-09 00:20:00,22.608,N
KRN001,2026-02-09 00:30:00,22.604,N
KRN001,2026-02-09 00:40:00,22.599,N
KRN001,2026-02-09 00:50:00,22.594,N
KRN001,2026-02-09 01:00:00,22.589,N
KRN001,2026-02-09 01:10:00,22.586,N
KRN001,2026-02-09 01:20:00,22.58,N
KRN001,2026-02-09 01:30:00,22.578,N
KRN001,2026-02-09 01:40:00,22.573,N
KRN001,2026-02-09 01:50:00,22.571,N
KRN001,2026-02-09 02:00:00,22.567,N
KRN001,2026-02-09 02:10:00,22.569,N
KRN001,2026-02-09 02:20:00,22.577,N
KRN001,2026-02-09 02:30:00,22.593,N
KRN001,2026-02-09 02:40:00,22.617,N
KRN001,2026-02-09 02:50:00,22.652,N
KRN001,2026-02-09 03:00:00,22.695,N
KRN001,2026-02-09 03:10:00,22.742,N
KRN001,2026-02-09 03:20:00,22.795,N
KRN001,2026-02-09 03:30:00,22.843,N
KRN001,2026-02-09 03:40:00,22.897,N
KRN001,2026-02-09 03:50:00,22.938,N
KRN001,2026-02-09 04:00:00,22.982,N
KRN001,2026-02-09 04:10:00,23.024,N
KRN001,2026-02-09 04:20:00,23.057,N
KRN001,2026-02-09 04:30:00,23.087,N
KRN001,2026-02-09 04:40:00,23.11,N
KRN001,2026-02-09 04:50:00,23.136,N
KRN001,2026-02-09 05:00:00,23.149,N
KRN001,2026-02-09 05:10:00,23.163,N
KRN001,2026-02-09 05:20:00,23.176,N
KRN001,2026-02-09 05:30:00,23.179,N
KRN001,2026-02-09 05:40:00,23.189,N
KRN001,2026-02-09 05:50:00,23.186,N
KRN001,2026-02-09 06:00:00,23.18,N
KRN001,2026-02-09 06:10:00,23.186,N
KRN001,2026-02-09 06:20:00,23.18,N
KRN001,2026-02-09 06:30:00,23.173,N
KRN001,2026-02-09 06:40:00,23.163,N
KRN001,2026-02-09 06:50:00,23.151,N
KRN001,2026-02-09 07:00:00,23.139,N
KRN001,2026-02-09 07:10:00,23.13,N
KRN001,2026-02-09 07:20:00,23.116,N
KRN001,2026-02-09 07:30:00,23.105,N
KRN001,2026-02-09 07:40:00,23.091,N
KRN001,2026-02-09 07:50:00,23.071,N
KRN001,2026-02-09 08:00:00,23.056,N
KRN001,2026-02-09 08:10:00,23.04,N
KRN001,2026-02-09 08:20:00,23.022,N
KRN001,2026-02-09 08:30:00,23.008,N
KRN001,2026-02-09 08:40:00,22.988,N
KRN001,2026-02-09 08:50:00,22.976,N
KRN001,2026-02-09 09:00:00,22.952,N
KRN001,2026-02-09 09:10:00,22.934,N
KRN001,2026-02-09 09:20:00,22.92,N
KRN001,2026-02-09 09:30:00,22.903,N
KRN001,2026-02-09 09:40:00,22.894,N
KRN001,2026-02-09 09:50:00,22.873,N
KRN001,2026-02-09 10:00:00,22.859,N
KRN001,2026-02-09 10:10:00,22.851,N
KRN001,2026-02-09 10:20:00,22.838,N
KRN001,2026-02-09 10:30:00,22.826,N
KRN001,2026-02-09 10:40:00,22.811,N
KRN001,2026-02-09 10:50:00,22.801,N
KRN001,2026-02-09 11:00:00,22.79,N
KRN001,2026-02-09 11:10:00,22.772,N
KRN001,2026-02-09 11:20:00,22.757,N
KRN001,2026-02-09 11:30:00,22.751,N
KRN001,2026-02-09 11:40:00,22.743,N
KRN001,2026-02-09 11:50:00,22.735,N
KRN001,2026-02-09 12:00:00,22.726,N
KRN001,2026-02-09 12:10:00,22.717,N
KRN001,2026-02-09 12:20:00,22.71,N
KRN001,2026-02-09 12:30:00,22.699,N
KRN001,2026-02-09 12:40:00,22.694,N
KRN001,2026-02-09 12:50:00,22.689,N
KRN001,2026-02-09 13:00:00,22.685,N
KRN001,2026-02-09 13:10:00,22.678,N
KRN001,2026-02-09 13:20:00,22.667,N
KRN001,2026-02-09 13:30:00,22.664,N
KRN001,2026-02-09 13:40:00,22.66,N
KRN001,2026-02-09 13:50:00,22.653,N
KRN001,2026-02-09 14:00:00,22.652,N
KRN001,2026-02-09 14:10:00,22.649,N
KRN001,2026-02-09 14:20:00,22.647,N
KRN001,2026-02-09 14:30:00,22.646,N
KRN001,2026-02-09 14:40:00,22.645,N
KRN001,2026-02-09 14:50:00,22.648,N
KRN001,2026-02-09 15:00:00,22.66,N
KRN001,2026-02-09 15:10:00,22.668,N
KRN001,2026-02-09 15:20:00,22.679,N
KRN001,2026-02-09 15:30:00,22.699,N
KRN001,2026-02-09 15:40:00,22.715,N
KRN001,2026-02-09 15:50:00,22.743,N
KRN001,2026-02-09 16:00:00,22.769,N
KRN001,2026-02-09 16:10:00,22.795,N
KRN001,2026-02-09 16:20:00,22.818,N
KRN001,2026-02-09 16:30:00,22.843,N
KRN001,2026-02-09 16:40:00,22.869,N
KRN001,2026-02-09 16:50:00,22.892,N
KRN001,2026-02-09 17:00:00,22.913,N
KRN001,2026-02-09 17:10:00,22.931,N
KRN001,2026-02-09 17:20:00,22.946,N
KRN001,2026-02-09 17:30:00,22.966,N
KRN001,2026-02-09 17:40:00,22.979,N
KRN001,2026-02-09 17:50:00,22.99,N
KRN001,2026-02-09 18:00:00,23.005,N
KRN001,2026-02-09 18:10:00,23.015,N
KRN001,2026-02-09 18:20:00,23.023,N
KRN001,2026-02-09 18:30:00,23.028,N
KRN001,2026-02-09 18:40:00,23.033,N
KRN001,2026-02-09 18:50:00,23.036,N
KRN001,2026-02-09 19:00:00,23.036,N
KRN001,2026-02-09 19:10:00,23.033,N
KRN001,2026-02-09 19:20:00,23.031,N
KRN001,2026-02-09 19:30:00,23.031,N
KRN001,2026-02-09 19:40:00,23.024,N
KRN001,2026-02-09 19:50:00,23.02,N
KRN001,2026-02-09 20:00:00,23.017,N
KRN001,2026-02-09 20:10:00,23.016,N
KRN001,2026-02-09 20:20:00,23.007,N
KRN001,2026-02-09 20:30:00,23,N
KRN001,2026-02-09 20:40:00,22.993,N
KRN001,2026-02-09 20:50:00,22.985,N
KRN001,2026-02-09 21:00:00,22.964,N
KRN001,2026-02-09 21:10:00,22.962,N
KRN001,2026-02-09 21:20:00,22.951,N
KRN001,2026-02-09 21:30:00,22.94,N
KRN001,2026-02-09 21:40:00,22.925,N
KRN001,2026-02-09 21:50:00,22.92,N
KRN001,2026-02-09 22:00:00,22.91,N
KRN001,2026-02-09 22:10:00,22.903,N
KRN001,2026-02-09 22:20:00,22.896,N
KRN001,2026-02-09 22:30:00,22.89,N
KRN001,2026-02-09 22:40:00,22.881,N
KRN001,2026-02-09 22:50:00,22.874,N
KRN001,2026-02-09 23:00:00,22.872,N
KRN001,2026-02-09 23:10:00,22.871,N
KRN001,2026-02-09 23:20:00,22.871,N
KRN001,2026-02-09 23:30:00,22.873,N
KRN001,2026-02-09 23:40:00,22.877,N
KRN001,2026-02-09 23:50:00,22.887,N
KRN001,2026-02-10 00:00:00,22.892,N
KRN001,2026-02-10 00:10:00,22.904,N
KRN001,2026-02-10 00:20:00,22.915,N
KRN001,2026-02-10 00:30:00,22.926,N
KRN001,2026-02-10 00:40:00,22.938,N
KRN001,2026-02-10 00:50:00,22.955,N
KRN001,2026-02-10 01:00:00,22.966,N
KRN001,2026-02-10 01:10:00,22.981,N
KRN001,2026-02-10 01:20:00,22.993,N
KRN001,2026-02-10 01:30:00,23.007,N
KRN001,2026-02-10 01:40:00,23.021,N
KRN001,2026-02-10 01:50:00,23.034,N
KRN001,2026-02-10 02:00:00,23.044,N
KRN001,2026-02-10 02:10:00,23.055,N
KRN001,2026-02-10 02:20:00,23.061,N
KRN001,2026-02-10 02:30:00,23.074,N
KRN001,2026-02-10 02:40:00,23.071,N
KRN001,2026-02-10 02:50:00,23.082,N
KRN001,2026-02-10 03:00:00,23.075,N
KRN001,2026-02-10 03:10:00,23.083,N
KRN001,2026-02-10 03:20:00,23.088,N
KRN001,2026-02-10 03:30:00,23.083,N
KRN001,2026-02-10 03:40:00,23.082,N
KRN001,2026-02-10 03:50:00,23.078,N
KRN001,2026-02-10 04:00:00,23.074,N
KRN001,2026-02-10 04:10:00,23.064,N
KRN001,2026-02-10 04:20:00,23.062,N
KRN001,2026-02-10 04:30:00,23.056,N
KRN001,2026-02-10 04:40:00,23.046,N
KRN001,2026-02-10 04:50:00,23.034,N
KRN001,2026-02-10 05:00:00,23.022,N
KRN001,2026-02-10 05:10:00,23.019,N
KRN001,2026-02-10 05:20:00,23,N
KRN001,2026-02-10 05:30:00,22.994,N
KRN001,2026-02-10 05:40:00,22.981,N
KRN001,2026-02-10 05:50:00,22.969,N
KRN001,2026-02-10 06:00:00,22.956,N
KRN001,2026-02-10 06:10:00,22.946,N
KRN001,2026-02-10 06:20:00,22.933,N
KRN001,2026-02-10 06:30:00,22.921,N
KRN001,2026-02-10 06:40:00,22.907,N
KRN001,2026-02-10 06:50:00,22.896,N
KRN001,2026-02-10 07:00:00,22.887,N
KRN001,2026-02-10 07:10:00,22.87,N
KRN001,2026-02-10 07:20:00,22.86,N
KRN001,2026-02-10 07:30:00,22.846,N
KRN001,2026-02-10 07:40:00,22.836,N
KRN001,2026-02-10 07:50:00,22.824,N
KRN001,2026-02-10 08:00:00,22.811,N
KRN001,2026-02-10 08:10:00,22.798,N
KRN001,2026-02-10 08:20:00,22.788,N
KRN001,2026-02-10 08:30:00,22.776,N
KRN001,2026-02-10 08:40:00,22.764,N
KRN001,2026-02-10 08:50:00,22.754,N
KRN001,2026-02-10 09:00:00,22.744,N
KRN001,2026-02-10 09:10:00,22.734,N
KRN001,2026-02-10 09:20:00,22.726,N
KRN001,2026-02-10 09:30:00,22.716,N
KRN001,2026-02-10 09:40:00,22.708,N
KRN001,2026-02-10 09:50:00,22.699,N
KRN001,2026-02-10 10:00:00,22.689,N
KRN001,2026-02-10 10:10:00,22.682,N
KRN001,2026-02-10 10:20:00,22.676,N
KRN001,2026-02-10 10:30:00,22.671,N
KRN001,2026-02-10 10:40:00,22.666,N
KRN001,2026-02-10 10:50:00,22.655,N
KRN001,2026-02-10 11:00:00,22.655,N
KRN001,2026-02-10 11:10:00,22.647,N
KRN001,2026-02-10 11:20:00,22.648,N
KRN001,2026-02-10 11:30:00,22.645,N
KRN001,2026-02-10 11:40:00,22.64,N
KRN001,2026-02-10 11:50:00,22.638,N
KRN001,2026-02-10 12:00:00,22.632,N
KRN001,2026-02-10 12:10:00,22.63,N
KRN001,2026-02-10 12:20:00,22.624,N
KRN001,2026-02-10 12:30:00,22.621,N
KRN001,2026-02-10 12:40:00,22.613,N
KRN001,2026-02-10 12:50:00,22.617,N
KRN001,2026-02-10 13:00:00,22.613,N
KRN001,2026-02-10 13:10:00,22.611,N
KRN001,2026-02-10 13:20:00,22.598,N
KRN001,2026-02-10 13:30:00,22.596,N
KRN001,2026-02-10 13:40:00,22.596,N
KRN001,2026-02-10 13:50:00,22.594,N
KRN001,2026-02-10 14:00:00,22.58,N
KRN001,2026-02-10 14:10:00,22.59,N
KRN001,2026-02-10 14:20:00,22.587,N
KRN001,2026-02-10 14:30:00,22.576,N
KRN001,2026-02-10 14:40:00,22.587,N
KRN001,2026-02-10 14:50:00,22.583,N
KRN001,2026-02-10 15:00:00,22.579,N
KRN001,2026-02-10 15:10:00,22.577,N
KRN001,2026-02-10 15:20:00,22.579,N
KRN001,2026-02-10 15:30:00,22.592,N
KRN001,2026-02-10 15:40:00,22.6,N
KRN001,2026-02-10 15:50:00,22.61,N
KRN001,2026-02-10 16:00:00,22.633,N
KRN001,2026-02-10 16:10:00,22.651,N
KRN001,2026-02-10 16:20:00,22.676,N
KRN001,2026-02-10 16:30:00,22.697,N
KRN001,2026-02-10 16:40:00,22.722,N
KRN001,2026-02-10 16:50:00,22.746,N
KRN001,2026-02-10 17:00:00,22.769,N
KRN001,2026-02-10 17:10:00,22.796,N
KRN001,2026-02-10 17:20:00,22.808,N
KRN001,2026-02-10 17:30:00,22.829,N
KRN001,2026-02-10 17:40:00,22.846,N
KRN001,2026-02-10 17:50:00,22.858,N
KRN001,2026-02-10 18:00:00,22.869,N
KRN001,2026-02-10 18:10:00,22.881,N
KRN001,2026-02-10 18:20:00,22.89,N
KRN001,2026-02-10 18:30:00,22.889,N
KRN001,2026-02-10 18:40:00,22.897,N
KRN001,2026-02-10 18:50:00,22.903,N
KRN001,2026-02-10 19:00:00,22.903,N
KRN001,2026-02-10 19:10:00,22.899,N
KRN001,2026-02-10 19:20:00,22.899,N
KRN001,2026-02-10 19:30:00,22.897,N
KRN001,2026-02-10 19:40:00,22.891,N
KRN001,2026-02-10 19:50:00,22.891,N
KRN001,2026-02-10 20:00:00,22.889,N
KRN001,2026-02-10 20:10:00,22.883,N
KRN001,2026-02-10 20:20:00,22.877,N
KRN001,2026-02-10 20:30:00,22.872,N
KRN001,2026-02-10 20:40:00,22.865,N
KRN001,2026-02-10 20:50:00,22.86,N
KRN001,2026-02-10 21:00:00,22.85,N
KRN001,2026-02-10 21:10:00,22.847,N
KRN001,2026-02-10 21:20:00,22.842,N
KRN001,2026-02-10 21:30:00,22.832,N
KRN001,2026-02-10 21:40:00,22.824,N
KRN001,2026-02-10 21:50:00,22.818,N
KRN001,2026-02-10 22:00:00,22.811,N
KRN001,2026-02-10 22:10:00,22.804,N
KRN001,2026-02-10 22:20:00,22.798,N
KRN001,2026-02-10 22:30:00,22.79,N
KRN001,2026-02-10 22:40:00,22.784,N
KRN001,2026-02-10 22:50:00,22.778,N
KRN001,2026-02-10 23:00:00,22.774,N
KRN001,2026-02-10 23:10:00,22.768,N
KRN001,2026-02-10 23:20:00,22.761,N
KRN001,2026-02-10 23:30:00,22.756,N
KRN001,2026-02-10 23:40:00,22.751,N
KRN001,2026-02-10 23:50:00,22.743,N
KRN001,2026-02-11 00:00:00,22.737,N
KRN001,2026-02-11 00:10:00,22.728,N
KRN001,2026-02-11 00:20:00,22.72,N
KRN001,2026-02-11 00:30:00,22.713,N
KRN001,2026-02-11 00:40:00,22.707,N
KRN001,2026-02-11 00:50:00,22.702,N
KRN001,2026-02-11 01:00:00,22.696,N
KRN001,2026-02-11 01:10:00,22.689,N
KRN001,2026-02-11 01:20:00,22.683,N
KRN001,2026-02-11 01:30:00,22.678,N
KRN001,2026-02-11 01:40:00,22.671,N
KRN001,2026-02-11 01:50:00,22.666,N
KRN001,2026-02-11 02:00:00,22.656,N
KRN001,2026-02-11 02:10:00,22.649,N
KRN001,2026-02-11 02:20:00,22.644,N
KRN001,2026-02-11 02:30:00,22.639,N
KRN001,2026-02-11 02:40:00,22.633,N
KRN001,2026-02-11 02:50:00,22.63,N
KRN001,2026-02-11 03:00:00,22.626,N
KRN001,2026-02-11 03:10:00,22.625,N
KRN001,2026-02-11 03:20:00,22.628,N
KRN001,2026-02-11 03:30:00,22.635,N
KRN001,2026-02-11 03:40:00,22.645,N
KRN001,2026-02-11 03:50:00,22.661,N
KRN001,2026-02-11 04:00:00,22.681,N
KRN001,2026-02-11 04:10:00,22.705,N
KRN001,2026-02-11 04:20:00,22.731,N
KRN001,2026-02-11 04:30:00,22.761,N
KRN001,2026-02-11 04:40:00,22.789,N
KRN001,2026-02-11 04:50:00,22.818,N
KRN001,2026-02-11 05:00:00,22.847,N
KRN001,2026-02-11 05:10:00,22.878,N
KRN001,2026-02-11 05:20:00,22.904,N
KRN001,2026-02-11 05:30:00,22.928,N
KRN001,2026-02-11 05:40:00,22.947,N
KRN001,2026-02-11 05:50:00,22.968,N
KRN001,2026-02-11 06:00:00,22.982,N
KRN001,2026-02-11 06:10:00,22.994,N
KRN001,2026-02-11 06:20:00,23.015,N
KRN001,2026-02-11 06:30:00,23.014,N
KRN001,2026-02-11 06:40:00,23.022,N
KRN001,2026-02-11 06:50:00,23.027,N
KRN001,2026-02-11 07:00:00,23.029,N
KRN001,2026-02-11 07:10:00,23.036,N
KRN001,2026-02-11 07:20:00,23.036,N
KRN001,2026-02-11 07:30:00,23.03,N
KRN001,2026-02-11 07:40:00,23.033,N
KRN001,2026-02-11 07:50:00,23.027,N
KRN001,2026-02-11 08:00:00,23.022,N
KRN001,2026-02-11 08:10:00,23.01,N
KRN001,2026-02-11 08:20:00,23.002,N
KRN001,2026-02-11 08:30:00,22.995,N
KRN001,2026-02-11 08:40:00,22.985,N
KRN001,2026-02-11 08:50:00,22.974,N
KRN001,2026-02-11 09:00:00,22.969,N
KRN001,2026-02-11 09:10:00,22.961,N
KRN001,2026-02-11 09:20:00,22.949,N
KRN001,2026-02-11 09:30:00,22.94,N
KRN001,2026-02-11 09:40:00,22.931,N
KRN001,2026-02-11 09:50:00,22.918,N
KRN001,2026-02-11 10:00:00,22.905,N
KRN001,2026-02-11 10:10:00,22.892,N
KRN001,2026-02-11 10:20:00,22.884,N
KRN001,2026-02-11 10:30:00,22.874,N
KRN001,2026-02-11 10:40:00,22.867,N
KRN001,2026-02-11 10:50:00,22.863,N
KRN001,2026-02-11 11:00:00,22.847,N
KRN001,2026-02-11 11:10:00,22.844,N
KRN001,2026-02-11 11:20:00,22.84,N
KRN001,2026-02-11 11:30:00,22.832,N
KRN001,2026-02-11 11:40:00,22.825,N
KRN001,2026-02-11 11:50:00,22.822,N
KRN001,2026-02-11 12:00:00,22.816,N
KRN001,2026-02-11 12:10:00,22.81,N
KRN001,2026-02-11 12:20:00,22.805,N
KRN001,2026-02-11 12:30:00,22.799,N
KRN001,2026-02-11 12:40:00,22.789,N
KRN001,2026-02-11 12:50:00,22.787,N
KRN001,2026-02-11 13:00:00,22.784,N
KRN001,2026-02-11 13:10:00,22.782,N
KRN001,2026-02-11 13:20:00,22.778,N
KRN001,2026-02-11 13:30:00,22.772,N
KRN001,2026-02-11 13:40:00,22.77,N
KRN001,2026-02-11 13:50:00,22.755,N
KRN001,2026-02-11 14:00:00,22.757,N
KRN001,2026-02-11 14:10:00,22.76,N
KRN001,2026-02-11 14:20:00,22.754,N
KRN001,2026-02-11 14:30:00,22.754,N
KRN001,2026-02-11 14:40:00,22.763,N
KRN001,2026-02-11 14:50:00,22.768,N
KRN001,2026-02-11 15:00:00,22.77,N
KRN001,2026-02-11 15:10:00,22.774,N
KRN001,2026-02-11 15:20:00,22.778,N
KRN001,2026-02-11 15:30:00,22.788,N
KRN001,2026-02-11 15:40:00,22.795,N
KRN001,2026-02-11 15:50:00,22.798,N
KRN001,2026-02-11 16:00:00,22.814,N
KRN001,2026-02-11 16:10:00,22.825,N
KRN001,2026-02-11 16:20:00,22.833,N
KRN001,2026-02-11 16:30:00,22.842,N
KRN001,2026-02-11 16:40:00,22.851,N
KRN001,2026-02-11 16:50:00,22.857,N
KRN001,2026-02-11 17:00:00,22.863,N
KRN001,2026-02-11 17:10:00,22.869,N
KRN001,2026-02-11 17:20:00,22.871,N
KRN001,2026-02-11 17:30:00,22.874,N
KRN001,2026-02-11 17:40:00,22.876,N
KRN001,2026-02-11 17:50:00,22.866,N
KRN001,2026-02-11 18:00:00,22.877,N
KRN001,2026-02-11 18:10:00,22.874,N
KRN001,2026-02-11 18:20:00,22.873,N
KRN001,2026-02-11 18:30:00,22.871,N
KRN001,2026-02-11 18:40:00,22.869,N
KRN001,2026-02-11 18:50:00,22.867,N
KRN001,2026-02-11 19:00:00,22.864,N
KRN001,2026-02-11 19:10:00,22.86,N
KRN001,2026-02-11 19:20:00,22.857,N
KRN001,2026-02-11 19:30:00,22.85,N
KRN001,2026-02-11 19:40:00,22.846,N
KRN001,2026-02-11 19:50:00,22.84,N
KRN001,2026-02-11 20:00:00,22.836,N
KRN001,2026-02-11 20:10:00,22.832,N
KRN001,2026-02-11 20:20:00,22.826,N
KRN001,2026-02-11 20:30:00,22.823,N
KRN001,2026-02-11 20:40:00,22.817,N
KRN001,2026-02-11 20:50:00,22.811,N
KRN001,2026-02-11 21:00:00,22.806,N
KRN001,2026-02-11 21:10:00,22.802,N
KRN001,2026-02-11 21:20:00,22.796,N
KRN001,2026-02-11 21:30:00,22.791,N
KRN001,2026-02-11 21:40:00,22.785,N
KRN001,2026-02-11 21:50:00,22.781,N
KRN001,2026-02-11 22:00:00,22.777,N
KRN001,2026-02-11 22:10:00,22.772,N
KRN001,2026-02-11 22:20:00,22.767,N
KRN001,2026-02-11 22:30:00,22.762,N
KRN001,2026-02-11 22:40:00,22.758,N
KRN001,2026-02-11 22:50:00,22.756,N
KRN001,2026-02-11 23:00:00,22.75,N
KRN001,2026-02-11 23:10:00,22.746,N
KRN001,2026-02-11 23:20:00,22.742,N
KRN001,2026-02-11 23:30:00,22.739,N
KRN001,2026-02-11 23:40:00,22.735,N
KRN001,2026-02-11 23:50:00,22.733,N
KRN001,2026-02-12 00:00:00,22.729,N
KRN001,2026-02-12 00:10:00,22.724,N
KRN001,2026-02-12 00:20:00,22.721,N
KRN001,2026-02-12 00:30:00,22.717,N
KRN001,2026-02-12 00:40:00,22.714,N
KRN001,2026-02-12 00:50:00,22.712,N
KRN001,2026-02-12 01:00:00,22.709,N
KRN001,2026-02-12 01:10:00,22.706,N
KRN001,2026-02-12 01:20:00,22.703,N
KRN001,2026-02-12 01:30:00,22.703,N
KRN001,2026-02-12 01:40:00,22.706,N
KRN001,2026-02-12 01:50:00,22.714,N
KRN001,2026-02-12 02:00:00,22.731,N
KRN001,2026-02-12 02:10:00,22.757,N
KRN001,2026-02-12 02:20:00,22.792,N
KRN001,2026-02-12 02:30:00,22.833,N
KRN001,2026-02-12 02:40:00,22.88,N
KRN001,2026-02-12 02:50:00,22.931,N
KRN001,2026-02-12 03:00:00,22.978,N
KRN001,2026-02-12 03:10:00,23.029,N
KRN001,2026-02-12 03:20:00,23.068,N
KRN001,2026-02-12 03:30:00,23.111,N
KRN001,2026-02-12 03:40:00,23.151,N
KRN001,2026-02-12 03:50:00,23.187,N
KRN001,2026-02-12 04:00:00,23.217,N
KRN001,2026-02-12 04:10:00,23.242,N
KRN001,2026-02-12 04:20:00,23.265,N
KRN001,2026-02-12 04:30:00,23.281,N
KRN001,2026-02-12 04:40:00,23.295,N
KRN001,2026-02-12 04:50:00,23.308,N
KRN001,2026-02-12 05:00:00,23.313,N
KRN001,2026-02-12 05:10:00,23.329,N
KRN001,2026-02-12 05:20:00,23.324,N
KRN001,2026-02-12 05:30:00,23.327,N
KRN001,2026-02-12 05:40:00,23.323,N
KRN001,2026-02-12 05:50:00,23.32,N
KRN001,2026-02-12 06:00:00,23.313,N
KRN001,2026-02-12 06:10:00,23.309,N
KRN001,2026-02-12 06:20:00,23.3,N
KRN001,2026-02-12 06:30:00,23.285,N
KRN001,2026-02-12 06:40:00,23.279,N
KRN001,2026-02-12 06:50:00,23.264,N
KRN001,2026-02-12 07:00:00,23.254,N
KRN001,2026-02-12 07:10:00,23.235,N
KRN001,2026-02-12 07:20:00,23.221,N
KRN001,2026-02-12 07:30:00,23.208,N
KRN001,2026-02-12 07:40:00,23.198,N
KRN001,2026-02-12 07:50:00,23.173,N
KRN001,2026-02-12 08:00:00,23.16,N
KRN001,2026-02-12 08:10:00,23.139,N
KRN001,2026-02-12 08:20:00,23.122,N
KRN001,2026-02-12 08:30:00,23.103,N
KRN001,2026-02-12 08:40:00,23.085,N
KRN001,2026-02-12 08:50:00,23.067,N
KRN001,2026-02-12 09:00:00,23.047,N
KRN001,2026-02-12 09:10:00,23.031,N
KRN001,2026-02-12 09:20:00,23.006,N
KRN001,2026-02-12 09:30:00,22.996,N
KRN001,2026-02-12 09:40:00,22.978,N
KRN001,2026-02-12 09:50:00,22.961,N
KRN001,2026-02-12 10:00:00,22.951,N
KRN001,2026-02-12 10:10:00,22.931,N
KRN001,2026-02-12 10:20:00,22.919,N
KRN001,2026-02-12 10:30:00,22.908,N
KRN001,2026-02-12 10:40:00,22.89,N
KRN001,2026-02-12 10:50:00,22.88,N
KRN001,2026-02-12 11:00:00,22.863,N
KRN001,2026-02-12 11:10:00,22.857,N
KRN001,2026-02-12 11:20:00,22.842,N
KRN001,2026-02-12 11:30:00,22.831,N
KRN001,2026-02-12 11:40:00,22.822,N
KRN001,2026-02-12 11:50:00,22.812,N
KRN001,2026-02-12 12:00:00,22.79,N
KRN001,2026-02-12 12:10:00,22.792,N
KRN001,2026-02-12 12:20:00,22.782,N
KRN001,2026-02-12 12:30:00,22.776,N
KRN001,2026-02-12 12:40:00,22.761,N
KRN001,2026-02-12 12:50:00,22.746,N
KRN001,2026-02-12 13:00:00,22.754,N
KRN001,2026-02-12 13:10:00,22.747,N
KRN001,2026-02-12 13:20:00,22.741,N
KRN001,2026-02-12 13:30:00,22.73,N
KRN001,2026-02-12 13:40:00,22.716,N
KRN001,2026-02-12 13:50:00,22.71,N
KRN001,2026-02-12 14:00:00,22.712,N
KRN001,2026-02-12 14:10:00,22.707,N
KRN001,2026-02-12 14:20:00,22.693,N
KRN001,2026-02-12 14:30:00,22.693,N
KRN001,2026-02-12 14:40:00,22.69,N
KRN001,2026-02-12 14:50:00,22.689,N
KRN001,2026-02-12 15:00:00,22.697,N
KRN001,2026-02-12 15:10:00,22.7,N
KRN001,2026-02-12 15:20:00,22.706,N
KRN001,2026-02-12 15:30:00,22.713,N
KRN001,2026-02-12 15:40:00,22.72,N
KRN001,2026-02-12 15:50:00,22.748,N
KRN001,2026-02-12 16:00:00,22.762,N
KRN001,2026-02-12 16:10:00,22.775,N
KRN001,2026-02-12 16:20:00,22.782,N
KRN001,2026-02-12 16:30:00,22.802,N
KRN001,2026-02-12 16:40:00,22.814,N
KRN001,2026-02-12 16:50:00,22.823,N
KRN001,2026-02-12 17:00:00,22.833,N
KRN001,2026-02-12 17:10:00,22.842,N
KRN001,2026-02-12 17:20:00,22.85,N
KRN001,2026-02-12 17:30:00,22.857,N
KRN001,2026-02-12 17:40:00,22.86,N
KRN001,2026-02-12 17:50:00,22.86,N
KRN001,2026-02-12 18:00:00,22.857,N
KRN001,2026-02-12 18:10:00,22.869,N
KRN001,2026-02-12 18:20:00,22.866,N
KRN001,2026-02-12 18:30:00,22.86,N
KRN001,2026-02-12 18:40:00,22.864,N
KRN001,2026-02-12 18:50:00,22.863,N
KRN001,2026-02-12 19:00:00,22.858,N
KRN001,2026-02-12 19:10:00,22.853,N
KRN001,2026-02-12 19:20:00,22.847,N
KRN001,2026-02-12 19:30:00,22.84,N
KRN001,2026-02-12 19:40:00,22.836,N
KRN001,2026-02-12 19:50:00,22.828,N
KRN001,2026-02-12 20:00:00,22.818,N
KRN001,2026-02-12 20:10:00,22.812,N
KRN001,2026-02-12 20:20:00,22.805,N
KRN001,2026-02-12 20:30:00,22.798,N
KRN001,2026-02-12 20:40:00,22.79,N
KRN001,2026-02-12 20:50:00,22.783,N
KRN001,2026-02-12 21:00:00,22.774,N
KRN001,2026-02-12 21:10:00,22.769,N
KRN001,2026-02-12 21:20:00,22.758,N
KRN001,2026-02-12 21:30:00,22.749,N
KRN001,2026-02-12 21:40:00,22.743,N
KRN001,2026-02-12 21:50:00,22.736,N
KRN001,2026-02-12 22:00:00,22.727,N
KRN001,2026-02-12 22:10:00,22.72,N
KRN001,2026-02-12 22:20:00,22.715,N
KRN001,2026-02-12 22:30:00,22.708,N
KRN001,2026-02-12 22:40:00,22.7,N
KRN001,2026-02-12 22:50:00,22.694,N
KRN001,2026-02-12 23:00:00,22.686,N
KRN001,2026-02-12 23:10:00,22.681,N
KRN001,2026-02-12 23:20:00,22.675,N
KRN001,2026-02-12 23:30:00,22.668,N
KRN001,2026-02-12 23:40:00,22.664,N
KRN001,2026-02-12 23:50:00,22.659,N
KRN001,2026-02-13 00:00:00,22.653,N
KRN001,2026-02-13 00:10:00,22.648,N
KRN001,2026-02-13 00:20:00,22.644,N
KRN001,2026-02-13 00:30:00,22.639,N
KRN001,2026-02-13 00:40:00,22.634,N
KRN001,2026-02-13 00:50:00,22.628,N
KRN001,2026-02-13 01:00:00,22.625,N
KRN001,2026-02-13 01:10:00,22.62,N
KRN001,2026-02-13 01:20:00,22.618,N
KRN001,2026-02-13 01:30:00,22.615,N
KRN001,2026-02-13 01:40:00,22.612,N
KRN001,2026-02-13 01:50:00,22.612,N
KRN001,2026-02-13 02:00:00,22.615,N
KRN001,2026-02-13 02:10:00,22.625,N
KRN001,2026-02-13 02:20:00,22.644,N
KRN001,2026-02-13 02:30:00,22.671,N
KRN001,2026-02-13 02:40:00,22.708,N
KRN001,2026-02-13 02:50:00,22.753,N
KRN001,2026-02-13 03:00:00,22.803,N
KRN001,2026-02-13 03:10:00,22.855,N
KRN001,2026-02-13 03:20:00,22.901,N
KRN001,2026-02-13 03:30:00,22.952,N
KRN001,2026-02-13 03:40:00,22.997,N
KRN001,2026-02-13 03:50:00,23.046,N
KRN001,2026-02-13 04:00:00,23.081,N
KRN001,2026-02-13 04:10:00,23.116,N
KRN001,2026-02-13 04:20:00,23.146,N
KRN001,2026-02-13 04:30:00,23.177,N
KRN001,2026-02-13 04:40:00,23.19,N
KRN001,2026-02-13 04:50:00,23.208,N
KRN001,2026-02-13 05:00:00,23.227,N
KRN001,2026-02-13 05:10:00,23.237,N
KRN001,2026-02-13 05:20:00,23.244,N
KRN001,2026-02-13 05:30:00,23.245,N
KRN001,2026-02-13 05:40:00,23.253,N
KRN001,2026-02-13 05:50:00,23.253,N
KRN001,2026-02-13 06:00:00,23.249,N
KRN001,2026-02-13 06:10:00,23.239,N
KRN001,2026-02-13 06:20:00,23.234,N
KRN001,2026-02-13 06:30:00,23.225,N
KRN001,2026-02-13 06:40:00,23.217,N
KRN001,2026-02-13 06:50:00,23.207,N
KRN001,2026-02-13 07:00:00,23.194,N
KRN001,2026-02-13 07:10:00,23.181,N
KRN001,2026-02-13 07:20:00,23.165,N
KRN001,2026-02-13 07:30:00,23.155,N
KRN001,2026-02-13 07:40:00,23.138,N
KRN001,2026-02-13 07:50:00,23.121,N
KRN001,2026-02-13 08:00:00,23.104,N
KRN001,2026-02-13 08:10:00,23.09,N
KRN001,2026-02-13 08:20:00,23.069,N
KRN001,2026-02-13 08:30:00,23.054,N
KRN001,2026-02-13 08:40:00,23.039,N
KRN001,2026-02-13 08:50:00,23.02,N
KRN001,2026-02-13 09:00:00,23.003,N
KRN001,2026-02-13 09:10:00,22.987,N
KRN001,2026-02-13 09:20:00,22.968,N
KRN001,2026-02-13 09:30:00,22.954,N
KRN001,2026-02-13 09:40:00,22.937,N
KRN001,2026-02-13 09:50:00,22.921,N
KRN001,2026-02-13 10:00:00,22.911,N
KRN001,2026-02-13 10:10:00,22.897,N
KRN001,2026-02-13 10:20:00,22.884,N
KRN001,2026-02-13 10:30:00,22.855,N
KRN001,2026-02-13 10:40:00,22.852,N
KRN001,2026-02-13 10:50:00,22.839,N
KRN001,2026-02-13 11:00:00,22.833,N
KRN001,2026-02-13 11:10:00,22.821,N
KRN001,2026-02-13 11:20:00,22.808,N
KRN001,2026-02-13 11:30:00,22.804,N
KRN001,2026-02-13 11:40:00,22.794,N
KRN001,2026-02-13 11:50:00,22.783,N
KRN001,2026-02-13 12:00:00,22.778,N
KRN001,2026-02-13 12:10:00,22.77,N
KRN001,2026-02-13 12:20:00,22.762,N
KRN001,2026-02-13 12:30:00,22.754,N
KRN001,2026-02-13 12:40:00,22.75,N
KRN001,2026-02-13 12:50:00,22.741,N
KRN001,2026-02-13 13:00:00,22.736,N
KRN001,2026-02-13 13:10:00,22.722,N
KRN001,2026-02-13 13:20:00,22.726,N
KRN001,2026-02-13 13:30:00,22.719,N
KRN001,2026-02-13 13:40:00,22.714,N
KRN001,2026-02-13 13:50:00,22.712,N
KRN001,2026-02-13 14:00:00,22.703,N
KRN001,2026-02-13 14:10:00,22.702,N
KRN001,2026-02-13 14:20:00,22.701,N
KRN001,2026-02-13 14:30:00,22.696,N
KRN001,2026-02-13 14:40:00,22.687,N
KRN001,2026-02-13 14:50:00,22.69,N
KRN001,2026-02-13 15:00:00,22.692,N
KRN001,2026-02-13 15:10:00,22.683,N
KRN001,2026-02-13 15:20:00,22.683,N
KRN001,2026-02-13 15:30:00,22.682,N
KRN001,2026-02-13 15:40:00,22.673,N
KRN001,2026-02-13 15:50:00,22.678,N
KRN001,2026-02-13 16:00:00,22.674,N
KRN001,2026-02-13 16:10:00,22.671,N
KRN001,2026-02-13 16:20:00,22.666,N
KRN001,2026-02-13 16:30:00,22.665,N
KRN001,2026-02-13 16:40:00,22.662,N
KRN001,2026-02-13 16:50:00,22.661,N
KRN001,2026-02-13 17:00:00,22.658,N
KRN001,2026-02-13 17:10:00,22.656,N
KRN001,2026-02-13 17:20:00,22.655,N
KRN001,2026-02-13 17:30:00,22.655,N
KRN001,2026-02-13 17:40:00,22.652,N
KRN001,2026-02-13 17:50:00,22.649,N
KRN001,2026-02-13 18:00:00,22.648,N
KRN001,2026-02-13 18:10:00,22.648,N
KRN001,2026-02-13 18:20:00,22.647,N
KRN001,2026-02-13 18:30:00,22.646,N
KRN001,2026-02-13 18:40:00,22.644,N
KRN001,2026-02-13 18:50:00,22.642,N
KRN001,2026-02-13 19:00:00,22.64,N
KRN001,2026-02-13 19:10:00,22.641,N
KRN001,2026-02-13 19:20:00,22.64,N
KRN001,2026-02-13 19:30:00,22.639,N
KRN001,2026-02-13 19:40:00,22.637,N
KRN001,2026-02-13 19:50:00,22.635,N
KRN001,2026-02-13 20:00:00,22.634,N
KRN001,2026-02-13 20:10:00,22.633,N
KRN001,2026-02-13 20:20:00,22.632,N
KRN001,2026-02-13 20:30:00,22.631,N
KRN001,2026-02-13 20:40:00,22.631,N
KRN001,2026-02-13 20:50:00,22.631,N
KRN001,2026-02-13 21:00:00,22.63,N
KRN001,2026-02-13 21:10:00,22.627,N
KRN001,2026-02-13 21:20:00,22.627,N
KRN001,2026-02-13 21:30:00,22.625,N
KRN001,2026-02-13 21:40:00,22.624,N
KRN001,2026-02-13 21:50:00,22.624,N
KRN001,2026-02-13 22:00:00,22.622,N
KRN001,2026-02-13 22:10:00,22.621,N
KRN001,2026-02-13 22:20:00,22.621,N
KRN001,2026-02-13 22:30:00,22.62,N
KRN001,2026-02-13 22:40:00,22.618,N
KRN001,2026-02-13 22:50:00,22.618,N
KRN001,2026-02-13 23:00:00,22.615,N
KRN001,2026-02-13 23:10:00,22.615,N
KRN001,2026-02-13 23:20:00,22.614,N
KRN001,2026-02-13 23:30:00,22.613,N
KRN001,2026-02-13 23:40:00,22.611,N
KRN001,2026-02-13 23:50:00,22.61,N
KRN001,2026-02-14 00:00:00,22.607,N
KRN001,2026-02-14 00:10:00,22.605,N
KRN001,2026-02-14 00:20:00,22.606,N
KRN001,2026-02-14 00:30:00,22.606,N
KRN001,2026-02-14 00:40:00,22.606,N
KRN001,2026-02-14 00:50:00,22.605,N
KRN001,2026-02-14 01:00:00,22.607,N
KRN001,2026-02-14 01:10:00,22.61,N
KRN001,2026-02-14 01:20:00,22.617,N
KRN001,2026-02-14 01:30:00,22.627,N
KRN001,2026-02-14 01:40:00,22.646,N
KRN001,2026-02-14 01:50:00,22.672,N
KRN001,2026-02-14 02:00:00,22.708,N
KRN001,2026-02-14 02:10:00,22.749,N
KRN001,2026-02-14 02:20:00,22.799,N
KRN001,2026-02-14 02:30:00,22.855,N
KRN001,2026-02-14 02:40:00,22.906,N
KRN001,2026-02-14 02:50:00,22.968,N
KRN001,2026-02-14 03:00:00,23.022,N
KRN001,2026-02-14 03:10:00,23.075,N
KRN001,2026-02-14 03:20:00,23.13,N
KRN001,2026-02-14 03:30:00,23.185,N
KRN001,2026-02-14 03:40:00,23.225,N
KRN001,2026-02-14 03:50:00,23.266,N
KRN001,2026-02-14 04:00:00,23.305,N
KRN001,2026-02-14 04:10:00,23.335,N
KRN001,2026-02-14 04:20:00,23.365,N
KRN001,2026-02-14 04:30:00,23.389,N
KRN001,2026-02-14 04:40:00,23.414,N
KRN001,2026-02-14 04:50:00,23.436,N
KRN001,2026-02-14 05:00:00,23.46,N
KRN001,2026-02-14 05:10:00,23.462,N
KRN001,2026-02-14 05:20:00,23.474,N
KRN001,2026-02-14 05:30:00,23.472,N
KRN001,2026-02-14 05:40:00,23.476,N
KRN001,2026-02-14 05:50:00,23.478,N
KRN001,2026-02-14 06:00:00,23.476,N
KRN001,2026-02-14 06:10:00,23.47,N
KRN001,2026-02-14 06:20:00,23.465,N
KRN001,2026-02-14 06:30:00,23.453,N
KRN001,2026-02-14 06:40:00,23.451,N
KRN001,2026-02-14 06:50:00,23.442,N
KRN001,2026-02-14 07:00:00,23.43,N
KRN001,2026-02-14 07:10:00,23.411,N
KRN001,2026-02-14 07:20:00,23.395,N
KRN001,2026-02-14 07:30:00,23.382,N
KRN001,2026-02-14 07:40:00,23.36,N
KRN001,2026-02-14 07:50:00,23.347,N
KRN001,2026-02-14 08:00:00,23.321,N
KRN001,2026-02-14 08:10:00,23.308,N
KRN001,2026-02-14 08:20:00,23.287,N
KRN001,2026-02-14 08:30:00,23.261,N
KRN001,2026-02-14 08:40:00,23.245,N
KRN001,2026-02-14 08:50:00,23.221,N
KRN001,2026-02-14 09:00:00,23.206,N
KRN001,2026-02-14 09:10:00,23.183,N
KRN001,2026-02-14 09:20:00,23.157,N
KRN001,2026-02-14 09:30:00,23.142,N
KRN001,2026-02-14 09:40:00,23.118,N
KRN001,2026-02-14 09:50:00,23.098,N
KRN001,2026-02-14 10:00:00,23.075,N
KRN001,2026-02-14 10:10:00,23.061,N
KRN001,2026-02-14 10:20:00,23.046,N
KRN001,2026-02-14 10:30:00,23.029,N
KRN001,2026-02-14 10:40:00,23.013,N
KRN001,2026-02-14 10:50:00,22.994,N
KRN001,2026-02-14 11:00:00,22.979,N
KRN001,2026-02-14 11:10:00,22.964,N
KRN001,2026-02-14 11:20:00,22.946,N
KRN001,2026-02-14 11:30:00,22.931,N
KRN001,2026-02-14 11:40:00,22.917,N
KRN001,2026-02-14 11:50:00,22.904,N
KRN001,2026-02-14 12:00:00,22.891,N
KRN001,2026-02-14 12:10:00,22.878,N
KRN001,2026-02-14 12:20:00,22.867,N
KRN001,2026-02-14 12:30:00,22.845,N
KRN001,2026-02-14 12:40:00,22.831,N
KRN001,2026-02-14 12:50:00,22.833,N
KRN001,2026-02-14 13:00:00,22.824,N
KRN001,2026-02-14 13:10:00,22.815,N
KRN001,2026-02-14 13:20:00,22.805,N
KRN001,2026-02-14 13:30:00,22.79,N
KRN001,2026-02-14 13:40:00,22.79,N
KRN001,2026-02-14 13:50:00,22.781,N
KRN001,2026-02-14 14:00:00,22.776,N
KRN001,2026-02-14 14:10:00,22.76,N
KRN001,2026-02-14 14:20:00,22.765,N
KRN001,2026-02-14 14:30:00,22.761,N
KRN001,2026-02-14 14:40:00,22.757,N
KRN001,2026-02-14 14:50:00,22.75,N
KRN001,2026-02-14 15:00:00,22.762,N
KRN001,2026-02-14 15:10:00,22.77,N
KRN001,2026-02-14 15:20:00,22.771,N
KRN001,2026-02-14 15:30:00,22.792,N
KRN001,2026-02-14 15:40:00,22.794,N
KRN001,2026-02-14 15:50:00,22.817,N
KRN001,2026-02-14 16:00:00,22.84,N
KRN001,2026-02-14 16:10:00,22.86,N
KRN001,2026-02-14 16:20:00,22.869,N
KRN001,2026-02-14 16:30:00,22.892,N
KRN001,2026-02-14 16:40:00,22.911,N
KRN001,2026-02-14 16:50:00,22.928,N
KRN001,2026-02-14 17:00:00,22.946,N
KRN001,2026-02-14 17:10:00,22.958,N
KRN001,2026-02-14 17:20:00,22.968,N
KRN001,2026-02-14 17:30:00,22.978,N
KRN001,2026-02-14 17:40:00,22.988,N
KRN001,2026-02-14 17:50:00,22.995,N
KRN001,2026-02-14 18:00:00,23.003,N
KRN001,2026-02-14 18:10:00,23.006,N
KRN001,2026-02-14 18:20:00,23.007,N
KRN001,2026-02-14 18:30:00,23.007,N
KRN001,2026-02-14 18:40:00,23.012,N
KRN001,2026-02-14 18:50:00,23.008,N
KRN001,2026-02-14 19:00:00,23.005,N
KRN001,2026-02-14 19:10:00,23.002,N
KRN001,2026-02-14 19:20:00,23.001,N
KRN001,2026-02-14 19:30:00,22.989,N
KRN001,2026-02-14 19:40:00,22.983,N
KRN001,2026-02-14 19:50:00,22.979,N
KRN001,2026-02-14 20:00:00,22.971,N
KRN001,2026-02-14 20:10:00,22.962,N
KRN001,2026-02-14 20:20:00,22.955,N
KRN001,2026-02-14 20:30:00,22.945,N
KRN001,2026-02-14 20:40:00,22.937,N
KRN001,2026-02-14 20:50:00,22.931,N
KRN001,2026-02-14 21:00:00,22.921,N
KRN001,2026-02-14 21:10:00,22.913,N
KRN001,2026-02-14 21:20:00,22.904,N
KRN001,2026-02-14 21:30:00,22.892,N
KRN001,2026-02-14 21:40:00,22.884,N
KRN001,2026-02-14 21:50:00,22.874,N
KRN001,2026-02-14 22:00:00,22.865,N
KRN001,2026-02-14 22:10:00,22.856,N
KRN001,2026-02-14 22:20:00,22.847,N
KRN001,2026-02-14 22:30:00,22.84,N
KRN001,2026-02-14 22:40:00,22.829,N
KRN001,2026-02-14 22:50:00,22.819,N
KRN001,2026-02-14 23:00:00,22.81,N
KRN001,2026-02-14 23:10:00,22.799,N
KRN001,2026-02-14 23:20:00,22.792,N
KRN001,2026-02-14 23:30:00,22.783,N
KRN001,2026-02-14 23:40:00,22.775,N
KRN001,2026-02-14 23:50:00,22.767,N
KRN001,2026-02-15 00:00:00,22.76,N
KRN001,2026-02-15 00:10:00,22.751,N
KRN001,2026-02-15 00:20:00,22.742,N
KRN001,2026-02-15 00:30:00,22.736,N
KRN001,2026-02-15 00:40:00,22.729,N
KRN001,2026-02-15 00:50:00,22.722,N
KRN001,2026-02-15 01:00:00,22.717,N
KRN001,2026-02-15 01:10:00,22.71,N
KRN001,2026-02-15 01:20:00,22.703,N
KRN001,2026-02-15 01:30:00,22.699,N
KRN001,2026-02-15 01:40:00,22.692,N
KRN001,2026-02-15 01:50:00,22.688,N
KRN001,2026-02-15 02:00:00,22.685,N
KRN001,2026-02-15 02:10:00,22.683,N
KRN001,2026-02-15 02:20:00,22.686,N
KRN001,2026-02-15 02:30:00,22.69,N
KRN001,2026-02-15 02:40:00,22.699,N
KRN001,2026-02-15 02:50:00,22.71,N
KRN001,2026-02-15 03:00:00,22.728,N
KRN001,2026-02-15 03:10:00,22.748,N
KRN001,2026-02-15 03:20:00,22.77,N
KRN001,2026-02-15 03:30:00,22.795,N
KRN001,2026-02-15 03:40:00,22.818,N
KRN001,2026-02-15 03:50:00,22.845,N
KRN001,2026-02-15 04:00:00,22.872,N
KRN001,2026-02-15 04:10:00,22.898,N
KRN001,2026-02-15 04:20:00,22.922,N
KRN001,2026-02-15 04:30:00,22.945,N
KRN001,2026-02-15 04:40:00,22.961,N
KRN001,2026-02-15 04:50:00,22.983,N
KRN001,2026-02-15 05:00:00,22.997,N
KRN001,2026-02-15 05:10:00,23.02,N
KRN001,2026-02-15 05:20:00,23.021,N
KRN001,2026-02-15 05:30:00,23.048,N
KRN001,2026-02-15 05:40:00,23.048,N
KRN001,2026-02-15 05:50:00,23.069,N
KRN001,2026-02-15 06:00:00,23.068,N
KRN001,2026-02-15 06:10:00,23.074,N
KRN001,2026-02-15 06:20:00,23.076,N
KRN001,2026-02-15 06:30:00,23.076,N
KRN001,2026-02-15 06:40:00,23.075,N
KRN001,2026-02-15 06:50:00,23.071,N
KRN001,2026-02-15 07:00:00,23.068,N
KRN001,2026-02-15 07:10:00,23.065,N
KRN001,2026-02-15 07:20:00,23.06,N
KRN001,2026-02-15 07:30:00,23.05,N
KRN001,2026-02-15 07:40:00,23.042,N
KRN001,2026-02-15 07:50:00,23.031,N
KRN001,2026-02-15 08:00:00,23.019,N
KRN001,2026-02-15 08:10:00,23.014,N
KRN001,2026-02-15 08:20:00,23.002,N
KRN001,2026-02-15 08:30:00,22.987,N
KRN001,2026-02-15 08:40:00,22.973,N
KRN001,2026-02-15 08:50:00,22.959,N
KRN001,2026-02-15 09:00:00,22.948,N
KRN001,2026-02-15 09:10:00,22.937,N
KRN001,2026-02-15 09:20:00,22.918,N
KRN001,2026-02-15 09:30:00,22.91,N
KRN001,2026-02-15 09:40:00,22.891,N
KRN001,2026-02-15 09:50:00,22.884,N
KRN001,2026-02-15 10:00:00,22.869,N
KRN001,2026-02-15 10:10:00,22.851,N
KRN001,2026-02-15 10:20:00,22.845,N
KRN001,2026-02-15 10:30:00,22.822,N
KRN001,2026-02-15 10:40:00,22.815,N
KRN001,2026-02-15 10:50:00,22.804,N
KRN001,2026-02-15 11:00:00,22.794,N
KRN001,2026-02-15 11:10:00,22.782,N
KRN001,2026-02-15 11:20:00,22.771,N
KRN001,2026-02-15 11:30:00,22.76,N
KRN001,2026-02-15 11:40:00,22.751,N
KRN001,2026-02-15 11:50:00,22.741,N
KRN001,2026-02-15 12:00:00,22.731,N
KRN001,2026-02-15 12:10:00,22.72,N
KRN001,2026-02-15 12:20:00,22.71,N
KRN001,2026-02-15 12:30:00,22.702,N
KRN001,2026-02-15 12:40:00,22.693,N
KRN001,2026-02-15 12:50:00,22.683,N
KRN001,2026-02-15 13:00:00,22.676,N
KRN001,2026-02-15 13:10:00,22.671,N
KRN001,2026-02-15 13:20:00,22.661,N
KRN001,2026-02-15 13:30:00,22.649,N
KRN001,2026-02-15 13:40:00,22.641,N
KRN001,2026-02-15 13:50:00,22.642,N
KRN001,2026-02-15 14:00:00,22.635,N
KRN001,2026-02-15 14:10:00,22.631,N
KRN001,2026-02-15 14:20:00,22.621,N
KRN001,2026-02-15 14:30:00,22.622,N
KRN001,2026-02-15 14:40:00,22.618,N
KRN001,2026-02-15 14:50:00,22.604,N
KRN001,2026-02-15 15:00:00,22.604,N
KRN001,2026-02-15 15:10:00,22.613,N
KRN001,2026-02-15 15:20:00,22.613,N
KRN001,2026-02-15 15:30:00,22.617,N
KRN001,2026-02-15 15:40:00,22.615,N
KRN001,2026-02-15 15:50:00,22.621,N
KRN001,2026-02-15 16:00:00,22.627,N
KRN001,2026-02-15 16:10:00,22.631,N
KRN001,2026-02-15 16:20:00,22.638,N
KRN001,2026-02-15 16:30:00,22.644,N
KRN001,2026-02-15 16:40:00,22.647,N
KRN001,2026-02-15 16:50:00,22.652,N
KRN001,2026-02-15 17:00:00,22.655,N
KRN001,2026-02-15 17:10:00,22.659,N
KRN001,2026-02-15 17:20:00,22.664,N
KRN001,2026-02-15 17:30:00,22.665,N
KRN001,2026-02-15 17:40:00,22.665,N
KRN001,2026-02-15 17:50:00,22.667,N
KRN001,2026-02-15 18:00:00,22.667,N
KRN001,2026-02-15 18:10:00,22.668,N
KRN001,2026-02-15 18:20:00,22.667,N
KRN001,2026-02-15 18:30:00,22.666,N
KRN001,2026-02-15 18:40:00,22.662,N
KRN001,2026-02-15 18:50:00,22.661,N
KRN001,2026-02-15 19:00:00,22.659,N
KRN001,2026-02-15 19:10:00,22.655,N
KRN001,2026-02-15 19:20:00,22.652,N
KRN001,2026-02-15 19:30:00,22.648,N
KRN001,2026-02-15 19:40:00,22.646,N
KRN001,2026-02-15 19:50:00,22.64,N
KRN001,2026-02-15 20:00:00,22.635,N
KRN001,2026-02-15 20:10:00,22.63,N
KRN001,2026-02-15 20:20:00,22.626,N
KRN001,2026-02-15 20:30:00,22.62,N
KRN001,2026-02-15 20:40:00,22.614,N
KRN001,2026-02-15 20:50:00,22.608,N
KRN001,2026-02-15 21:00:00,22.604,N
KRN001,2026-02-15 21:10:00,22.601,N
KRN001,2026-02-15 21:20:00,22.596,N
KRN001,2026-02-15 21:30:00,22.589,N
KRN001,2026-02-15 21:40:00,22.584,N
KRN001,2026-02-15 21:50:00,22.578,N
KRN001,2026-02-15 22:00:00,22.574,N
KRN001,2026-02-15 22:10:00,22.571,N
KRN001,2026-02-15 22:20:00,22.566,N
KRN001,2026-02-15 22:30:00,22.562,N
KRN001,2026-02-15 22:40:00,22.558,N
KRN001,2026-02-15 22:50:00,22.553,N
KRN001,2026-02-15 23:00:00,22.549,N
KRN001,2026-02-15 23:10:00,22.545,N
KRN001,2026-02-15 23:20:00,22.54,N
KRN001,2026-02-15 23:30:00,22.538,N
KRN001,2026-02-15 23:40:00,22.535,N
KRN001,2026-02-15 23:50:00,22.531,N
KRN001,2026-02-16 00:00:00,22.53,N
KRN001,2026-02-16 00:10:00,22.525,N
KRN001,2026-02-16 00:20:00,22.523,N
KRN001,2026-02-16 00:30:00,22.519,N
KRN001,2026-02-16 00:40:00,22.517,N
KRN001,2026-02-16 00:50:00,22.518,N
KRN001,2026-02-16 01:00:00,22.523,N
KRN001,2026-02-16 01:10:00,22.536,N
KRN001,2026-02-16 01:20:00,22.558,N
KRN001,2026-02-16 01:30:00,22.593,N
KRN001,2026-02-16 01:40:00,22.637,N
KRN001,2026-02-16 01:50:00,22.689,N
KRN001,2026-02-16 02:00:00,22.749,N
KRN001,2026-02-16 02:10:00,22.811,N
KRN001,2026-02-16 02:20:00,22.874,N
KRN001,2026-02-16 02:30:00,22.933,N
KRN001,2026-02-16 02:40:00,22.994,N
KRN001,2026-02-16 02:50:00,23.041,N
KRN001,2026-02-16 03:00:00,23.098,N
KRN001,2026-02-16 03:10:00,23.139,N
KRN001,2026-02-16 03:20:00,23.17,N
KRN001,2026-02-16 03:30:00,23.199,N
KRN001,2026-02-16 03:40:00,23.227,N
KRN001,2026-02-16 03:50:00,23.251,N
KRN001,2026-02-16 04:00:00,23.273,N
KRN001,2026-02-16 04:10:00,23.285,N
KRN001,2026-02-16 04:20:00,23.303,N
KRN001,2026-02-16 04:30:00,23.306,N
KRN001,2026-02-16 04:40:00,23.308,N
KRN001,2026-02-16 04:50:00,23.315,N
KRN001,2026-02-16 05:00:00,23.31,N
KRN001,2026-02-16 05:10:00,23.314,N
KRN001,2026-02-16 05:20:00,23.308,N
KRN001,2026-02-16 05:30:00,23.299,N
KRN001,2026-02-16 05:40:00,23.29,N
KRN001,2026-02-16 05:50:00,23.278,N
KRN001,2026-02-16 06:00:00,23.268,N
KRN001,2026-02-16 06:10:00,23.256,N
KRN001,2026-02-16 06:20:00,23.245,N
KRN001,2026-02-16 06:30:00,23.227,N
KRN001,2026-02-16 06:40:00,23.212,N
KRN001,2026-02-16 06:50:00,23.194,N
KRN001,2026-02-16 07:00:00,23.18,N
KRN001,2026-02-16 07:10:00,23.16,N
KRN001,2026-02-16 07:20:00,23.142,N
KRN001,2026-02-16 07:30:00,23.125,N
KRN001,2026-02-16 07:40:00,23.11,N
KRN001,2026-02-16 07:50:00,23.09,N
KRN001,2026-02-16 08:00:00,23.072,N
KRN001,2026-02-16 08:10:00,23.05,N
KRN001,2026-02-16 08:20:00,23.034,N
KRN001,2026-02-16 08:30:00,23.008,N
KRN001,2026-02-16 08:40:00,22.992,N
KRN001,2026-02-16 08:50:00,22.976,N
KRN001,2026-02-16 09:00:00,22.954,N
KRN001,2026-02-16 09:10:00,22.937,N
KRN001,2026-02-16 09:20:00,22.919,N
KRN001,2026-02-16 09:30:00,22.901,N
KRN001,2026-02-16 09:40:00,22.885,N
KRN001,2026-02-16 09:50:00,22.87,N
KRN001,2026-02-16 10:00:00,22.853,N
KRN001,2026-02-16 10:10:00,22.838,N
KRN001,2026-02-16 10:20:00,22.822,N
KRN001,2026-02-16 10:30:00,22.81,N
KRN001,2026-02-16 10:40:00,22.797,N
KRN001,2026-02-16 10:50:00,22.783,N
KRN001,2026-02-16 11:00:00,22.772,N
KRN001,2026-02-16 11:10:00,22.761,N
KRN001,2026-02-16 11:20:00,22.751,N
KRN001,2026-02-16 11:30:00,22.741,N
KRN001,2026-02-16 11:40:00,22.731,N
KRN001,2026-02-16 11:50:00,22.721,N
KRN001,2026-02-16 12:00:00,22.712,N
KRN001,2026-02-16 12:10:00,22.703,N
KRN001,2026-02-16 12:20:00,22.697,N
KRN001,2026-02-16 12:30:00,22.689,N
KRN001,2026-02-16 12:40:00,22.683,N
KRN001,2026-02-16 12:50:00,22.676,N
KRN001,2026-02-16 13:00:00,22.66,N
KRN001,2026-02-16 13:10:00,22.665,N
KRN001,2026-02-16 13:20:00,22.656,N
KRN001,2026-02-16 13:30:00,22.652,N
KRN001,2026-02-16 13:40:00,22.647,N
KRN001,2026-02-16 13:50:00,22.642,N
KRN001,2026-02-16 14:00:00,22.637,N
KRN001,2026-02-16 14:10:00,22.633,N
KRN001,2026-02-16 14:20:00,22.627,N
KRN001,2026-02-16 14:30:00,22.618,N
KRN001,2026-02-16 14:40:00,22.621,N
KRN001,2026-02-16 14:50:00,22.618,N
KRN001,2026-02-16 15:00:00,22.617,N
KRN001,2026-02-16 15:10:00,22.615,N
KRN001,2026-02-16 15:20:00,22.618,N
KRN001,2026-02-16 15:30:00,22.625,N
KRN001,2026-02-16 15:40:00,22.634,N
KRN001,2026-02-16 15:50:00,22.645,N
KRN001,2026-02-16 16:00:00,22.659,N
KRN001,2026-02-16 16:10:00,22.678,N
KRN001,2026-02-16 16:20:00,22.7,N
KRN001,2026-02-16 16:30:00,22.719,N
KRN001,2026-02-16 16:40:00,22.743,N
KRN001,2026-02-16 16:50:00,22.765,N
KRN001,2026-02-16 17:00:00,22.788,N
KRN001,2026-02-16 17:10:00,22.809,N
KRN001,2026-02-16 17:20:00,22.826,N
KRN001,2026-02-16 17:30:00,22.852,N
KRN001,2026-02-16 17:40:00,22.863,N
KRN001,2026-02-16 17:50:00,22.877,N
KRN001,2026-02-16 18:00:00,22.889,N
KRN001,2026-02-16 18:10:00,22.901,N
KRN001,2026-02-16 18:20:00,22.91,N
KRN001,2026-02-16 18:30:00,22.918,N
KRN001,2026-02-16 18:40:00,22.918,N
KRN001,2026-02-16 18:50:00,22.925,N
KRN001,2026-02-16 19:00:00,22.925,N
KRN001,2026-02-16 19:10:00,22.927,N
KRN001,2026-02-16 19:20:00,22.92,N
KRN001,2026-02-16 19:30:00,22.925,N
KRN001,2026-02-16 19:40:00,22.92,N
KRN001,2026-02-16 19:50:00,22.914,N
KRN001,2026-02-16 20:00:00,22.914,N
KRN001,2026-02-16 20:10:00,22.905,N
KRN001,2026-02-16 20:20:00,22.898,N
KRN001,2026-02-16 20:30:00,22.89,N
KRN001,2026-02-16 20:40:00,22.883,N
KRN001,2026-02-16 20:50:00,22.873,N
KRN001,2026-02-16 21:00:00,22.862,N
KRN001,2026-02-16 21:10:00,22.855,N
KRN001,2026-02-16 21:20:00,22.844,N
KRN001,2026-02-16 21:30:00,22.833,N
KRN001,2026-02-16 21:40:00,22.826,N
KRN001,2026-02-16 21:50:00,22.815,N
KRN001,2026-02-16 22:00:00,22.806,N
KRN001,2026-02-16 22:10:00,22.796,N
KRN001,2026-02-16 22:20:00,22.785,N
KRN001,2026-02-16 22:30:00,22.775,N
KRN001,2026-02-16 22:40:00,22.764,N
KRN001,2026-02-16 22:50:00,22.757,N
KRN001,2026-02-16 23:00:00,22.747,N
KRN001,2026-02-16 23:10:00,22.736,N
KRN001,2026-02-16 23:20:00,22.726,N
KRN001,2026-02-16 23:30:00,22.717,N
KRN001,2026-02-16 23:40:00,22.708,N
KRN001,2026-02-16 23:50:00,22.699,N
KRN001,2026-02-17 00:00:00,22.689,N
KRN001,2026-02-17 00:10:00,22.68,N
KRN001,2026-02-17 00:20:00,22.674,N
KRN001,2026-02-17 00:30:00,22.665,N
KRN001,2026-02-17 00:40:00,22.658,N
KRN001,2026-02-17 00:50:00,22.651,N
KRN001,2026-02-17 01:00:00,22.644,N
KRN001,2026-02-17 01:10:00,22.635,N
KRN001,2026-02-17 01:20:00,22.628,N
KRN001,2026-02-17 01:30:00,22.622,N
KRN001,2026-02-17 01:40:00,22.615,N
KRN001,2026-02-17 01:50:00,22.61,N
KRN001,2026-02-17 02:00:00,22.606,N
KRN001,2026-02-17 02:10:00,22.603,N
KRN001,2026-02-17 02:20:00,22.599,N
KRN001,2026-02-17 02:30:00,22.598,N
KRN001,2026-02-17 02:40:00,22.597,N
KRN001,2026-02-17 02:50:00,22.598,N
KRN001,2026-02-17 03:00:00,22.6,N
KRN001,2026-02-17 03:10:00,22.605,N
KRN001,2026-02-17 03:20:00,22.617,N
KRN001,2026-02-17 03:30:00,22.63,N
KRN001,2026-02-17 03:40:00,22.645,N
KRN001,2026-02-17 03:50:00,22.668,N
KRN001,2026-02-17 04:00:00,22.695,N
KRN001,2026-02-17 04:10:00,22.722,N
KRN001,2026-02-17 04:20:00,22.754,N
KRN001,2026-02-17 04:30:00,22.781,N
KRN001,2026-02-17 04:40:00,22.812,N
KRN001,2026-02-17 04:50:00,22.845,N
KRN001,2026-02-17 05:00:00,22.877,N
KRN001,2026-02-17 05:10:00,22.904,N
KRN001,2026-02-17 05:20:00,22.932,N
KRN001,2026-02-17 05:30:00,22.953,N
KRN001,2026-02-17 05:40:00,22.974,N
KRN001,2026-02-17 05:50:00,22.992,N
KRN001,2026-02-17 06:00:00,23.007,N
KRN001,2026-02-17 06:10:00,23.02,N
KRN001,2026-02-17 06:20:00,23.031,N
KRN001,2026-02-17 06:30:00,23.04,N
KRN001,2026-02-17 06:40:00,23.044,N
KRN001,2026-02-17 06:50:00,23.048,N
KRN001,2026-02-17 07:00:00,23.053,N
KRN001,2026-02-17 07:10:00,23.048,N
KRN001,2026-02-17 07:20:00,23.047,N
KRN001,2026-02-17 07:30:00,23.044,N
KRN001,2026-02-17 07:40:00,23.041,N
KRN001,2026-02-17 07:50:00,23.034,N
KRN001,2026-02-17 08:00:00,23.027,N
KRN001,2026-02-17 08:10:00,23.017,N
KRN001,2026-02-17 08:20:00,23.008,N
KRN001,2026-02-17 08:30:00,22.995,N
KRN001,2026-02-17 08:40:00,22.986,N
KRN001,2026-02-17 08:50:00,22.968,N
KRN001,2026-02-17 09:00:00,22.959,N
KRN001,2026-02-17 09:10:00,22.947,N
KRN001,2026-02-17 09:20:00,22.935,N
KRN001,2026-02-17 09:30:00,22.921,N
KRN001,2026-02-17 09:40:00,22.91,N
KRN001,2026-02-17 09:50:00,22.894,N
KRN001,2026-02-17 10:00:00,22.884,N
KRN001,2026-02-17 10:10:00,22.87,N
KRN001,2026-02-17 10:20:00,22.855,N
KRN001,2026-02-17 10:30:00,22.839,N
KRN001,2026-02-17 10:40:00,22.83,N
KRN001,2026-02-17 10:50:00,22.814,N
KRN001,2026-02-17 11:00:00,22.803,N
KRN001,2026-02-17 11:10:00,22.785,N
KRN001,2026-02-17 11:20:00,22.776,N
KRN001,2026-02-17 11:30:00,22.764,N
KRN001,2026-02-17 11:40:00,22.753,N
KRN001,2026-02-17 11:50:00,22.74,N
KRN001,2026-02-17 12:00:00,22.722,N
KRN001,2026-02-17 12:10:00,22.721,N
KRN001,2026-02-17 12:20:00,22.709,N
KRN001,2026-02-17 12:30:00,22.696,N
KRN001,2026-02-17 12:40:00,22.689,N
KRN001,2026-02-17 12:50:00,22.682,N
KRN001,2026-02-17 13:00:00,22.674,N
KRN001,2026-02-17 13:10:00,22.666,N
KRN001,2026-02-17 13:20:00,22.656,N
KRN001,2026-02-17 13:30:00,22.651,N
KRN001,2026-02-17 13:40:00,22.644,N
KRN001,2026-02-17 13:50:00,22.635,N
KRN001,2026-02-17 14:00:00,22.625,N
KRN001,2026-02-17 14:10:00,22.614,N
KRN001,2026-02-17 14:20:00,22.614,N
KRN001,2026-02-17 14:30:00,22.617,N
KRN001,2026-02-17 14:40:00,22.615,N
KRN001,2026-02-17 14:50:00,22.615,N
KRN001,2026-02-17 15:00:00,22.615,N
KRN001,2026-02-17 15:10:00,22.619,N
KRN001,2026-02-17 15:20:00,22.625,N
KRN001,2026-02-17 15:30:00,22.635,N
KRN001,2026-02-17 15:40:00,22.648,N
KRN001,2026-02-17 15:50:00,22.664,N
KRN001,2026-02-17 16:00:00,22.682,N
KRN001,2026-02-17 16:10:00,22.7,N
KRN001,2026-02-17 16:20:00,22.723,N
KRN001,2026-02-17 16:30:00,22.751,N
KRN001,2026-02-17 16:40:00,22.772,N
KRN001,2026-02-17 16:50:00,22.797,N
KRN001,2026-02-17 17:00:00,22.818,N
KRN001,2026-02-17 17:10:00,22.84,N
KRN001,2026-02-17 17:20:00,22.863,N
KRN001,2026-02-17 17:30:00,22.885,N
KRN001,2026-02-17 17:40:00,22.892,N
KRN001,2026-02-17 17:50:00,22.908,N
KRN001,2026-02-17 18:00:00,22.92,N
KRN001,2026-02-17 18:10:00,22.934,N
KRN001,2026-02-17 18:20:00,22.942,N
KRN001,2026-02-17 18:30:00,22.949,N
KRN001,2026-02-17 18:40:00,22.956,N
KRN001,2026-02-17 18:50:00,22.96,N
KRN001,2026-02-17 19:00:00,22.961,N
KRN001,2026-02-17 19:10:00,22.964,N
KRN001,2026-02-17 19:20:00,22.959,N
KRN001,2026-02-17 19:30:00,22.961,N
KRN001,2026-02-17 19:40:00,22.955,N
KRN001,2026-02-17 19:50:00,22.955,N
KRN001,2026-02-17 20:00:00,22.946,N
KRN001,2026-02-17 20:10:00,22.935,N
KRN001,2026-02-17 20:20:00,22.933,N
KRN001,2026-02-17 20:30:00,22.927,N
KRN001,2026-02-17 20:40:00,22.919,N
KRN001,2026-02-17 20:50:00,22.91,N
KRN001,2026-02-17 21:00:00,22.901,N
KRN001,2026-02-17 21:10:00,22.891,N
KRN001,2026-02-17 21:20:00,22.881,N
KRN001,2026-02-17 21:30:00,22.872,N
KRN001,2026-02-17 21:40:00,22.864,N
KRN001,2026-02-17 21:50:00,22.851,N
KRN001,2026-02-17 22:00:00,22.842,N
KRN001,2026-02-17 22:10:00,22.832,N
KRN001,2026-02-17 22:20:00,22.822,N
KRN001,2026-02-17 22:30:00,22.814,N
KRN001,2026-02-17 22:40:00,22.803,N
KRN001,2026-02-17 22:50:00,22.795,N
KRN001,2026-02-17 23:00:00,22.784,N
KRN001,2026-02-17 23:10:00,22.776,N
KRN001,2026-02-17 23:20:00,22.768,N
KRN001,2026-02-17 23:30:00,22.76,N
KRN001,2026-02-17 23:40:00,22.753,N
KRN001,2026-02-17 23:50:00,22.744,N
KRN001,2026-02-18 00:00:00,22.736,N
KRN001,2026-02-18 00:10:00,22.729,N
KRN001,2026-02-18 00:20:00,22.721,N
KRN001,2026-02-18 00:30:00,22.715,N
KRN001,2026-02-18 00:40:00,22.709,N
KRN001,2026-02-18 00:50:00,22.703,N
KRN001,2026-02-18 01:00:00,22.696,N
KRN001,2026-02-18 01:10:00,22.693,N
KRN001,2026-02-18 01:20:00,22.686,N
KRN001,2026-02-18 01:30:00,22.679,N
KRN001,2026-02-18 01:40:00,22.672,N
KRN001,2026-02-18 01:50:00,22.662,N
KRN001,2026-02-18 02:00:00,22.656,N
KRN001,2026-02-18 02:10:00,22.652,N
KRN001,2026-02-18 02:20:00,22.647,N
KRN001,2026-02-18 02:30:00,22.644,N
KRN001,2026-02-18 02:40:00,22.641,N
KRN001,2026-02-18 02:50:00,22.64,N
KRN001,2026-02-18 03:00:00,22.644,N
KRN001,2026-02-18 03:10:00,22.653,N
KRN001,2026-02-18 03:20:00,22.668,N
KRN001,2026-02-18 03:30:00,22.687,N
KRN001,2026-02-18 03:40:00,22.71,N
KRN001,2026-02-18 03:50:00,22.74,N
KRN001,2026-02-18 04:00:00,22.772,N
KRN001,2026-02-18 04:10:00,22.804,N
KRN001,2026-02-18 04:20:00,22.838,N
KRN001,2026-02-18 04:30:00,22.871,N
KRN001,2026-02-18 04:40:00,22.9,N
KRN001,2026-02-18 04:50:00,22.922,N
KRN001,2026-02-18 05:00:00,22.953,N
KRN001,2026-02-18 05:10:00,22.972,N
KRN001,2026-02-18 05:20:00,22.99,N
KRN001,2026-02-18 05:30:00,23.007,N
KRN001,2026-02-18 05:40:00,23.026,N
KRN001,2026-02-18 05:50:00,23.034,N
KRN001,2026-02-18 06:00:00,23.041,N
KRN001,2026-02-18 06:10:00,23.053,N
KRN001,2026-02-18 06:20:00,23.051,N
KRN001,2026-02-18 06:30:00,23.05,N
KRN001,2026-02-18 06:40:00,23.05,N
KRN001,2026-02-18 06:50:00,23.048,N
KRN001,2026-02-18 07:00:00,23.05,N
KRN001,2026-02-18 07:10:00,23.043,N
KRN001,2026-02-18 07:20:00,23.037,N
KRN001,2026-02-18 07:30:00,23.029,N
KRN001,2026-02-18 07:40:00,23.02,N
KRN001,2026-02-18 07:50:00,23,N
KRN001,2026-02-18 08:00:00,23,N
KRN001,2026-02-18 08:10:00,22.989,N
KRN001,2026-02-18 08:20:00,22.979,N
KRN001,2026-02-18 08:30:00,22.965,N
KRN001,2026-02-18 08:40:00,22.952,N
KRN001,2026-02-18 08:50:00,22.939,N
KRN001,2026-02-18 09:00:00,22.927,N
KRN001,2026-02-18 09:10:00,22.911,N
KRN001,2026-02-18 09:20:00,22.9,N
KRN001,2026-02-18 09:30:00,22.887,N
KRN001,2026-02-18 09:40:00,22.874,N
KRN001,2026-02-18 09:50:00,22.852,N
KRN001,2026-02-18 10:00:00,22.849,N
KRN001,2026-02-18 10:10:00,22.835,N
KRN001,2026-02-18 10:20:00,22.824,N
KRN001,2026-02-18 10:30:00,22.815,N
KRN001,2026-02-18 10:40:00,22.798,N
KRN001,2026-02-18 10:50:00,22.783,N
KRN001,2026-02-18 11:00:00,22.767,N
KRN001,2026-02-18 11:10:00,22.763,N
KRN001,2026-02-18 11:20:00,22.754,N
KRN001,2026-02-18 11:30:00,22.742,N
KRN001,2026-02-18 11:40:00,22.741,N
KRN001,2026-02-18 11:50:00,22.731,N
KRN001,2026-02-18 12:00:00,22.728,N
KRN001,2026-02-18 12:10:00,22.72,N
KRN001,2026-02-18 12:20:00,22.714,N
KRN001,2026-02-18 12:30:00,22.699,N
KRN001,2026-02-18 12:40:00,22.696,N
KRN001,2026-02-18 12:50:00,22.693,N
KRN001,2026-02-18 13:00:00,22.69,N
KRN001,2026-02-18 13:10:00,22.686,N
KRN001,2026-02-18 13:20:00,22.678,N
KRN001,2026-02-18 13:30:00,22.672,N
KRN001,2026-02-18 13:40:00,22.668,N
KRN001,2026-02-18 13:50:00,22.666,N
KRN001,2026-02-18 14:00:00,22.66,N
KRN001,2026-02-18 14:10:00,22.656,N
KRN001,2026-02-18 14:20:00,22.655,N
KRN001,2026-02-18 14:30:00,22.649,N
KRN001,2026-02-18 14:40:00,22.647,N
KRN001,2026-02-18 14:50:00,22.641,N
KRN001,2026-02-18 15:00:00,22.642,N
KRN001,2026-02-18 15:10:00,22.649,N
KRN001,2026-02-18 15:20:00,22.652,N
KRN001,2026-02-18 15:30:00,22.655,N
KRN001,2026-02-18 15:40:00,22.666,N
KRN001,2026-02-18 15:50:00,22.683,N
KRN001,2026-02-18 16:00:00,22.696,N
KRN001,2026-02-18 16:10:00,22.709,N
KRN001,2026-02-18 16:20:00,22.723,N
KRN001,2026-02-18 16:30:00,22.737,N
KRN001,2026-02-18 16:40:00,22.753,N
KRN001,2026-02-18 16:50:00,22.764,N
KRN001,2026-02-18 17:00:00,22.777,N
KRN001,2026-02-18 17:10:00,22.787,N
KRN001,2026-02-18 17:20:00,22.785,N
KRN001,2026-02-18 17:30:00,22.802,N
KRN001,2026-02-18 17:40:00,22.809,N
KRN001,2026-02-18 17:50:00,22.817,N
KRN001,2026-02-18 18:00:00,22.823,N
KRN001,2026-02-18 18:10:00,22.828,N
KRN001,2026-02-18 18:20:00,22.828,N
KRN001,2026-02-18 18:30:00,22.829,N
KRN001,2026-02-18 18:40:00,22.83,N
KRN001,2026-02-18 18:50:00,22.826,N
KRN001,2026-02-18 19:00:00,22.824,N
KRN001,2026-02-18 19:10:00,22.823,N
KRN001,2026-02-18 19:20:00,22.818,N
KRN001,2026-02-18 19:30:00,22.815,N
KRN001,2026-02-18 19:40:00,22.809,N
KRN001,2026-02-18 19:50:00,22.803,N
KRN001,2026-02-18 20:00:00,22.799,N
KRN001,2026-02-18 20:10:00,22.792,N
KRN001,2026-02-18 20:20:00,22.788,N
KRN001,2026-02-18 20:30:00,22.783,N
KRN001,2026-02-18 20:40:00,22.775,N
KRN001,2026-02-18 20:50:00,22.769,N
KRN001,2026-02-18 21:00:00,22.763,N
KRN001,2026-02-18 21:10:00,22.755,N
KRN001,2026-02-18 21:20:00,22.749,N
KRN001,2026-02-18 21:30:00,22.742,N
KRN001,2026-02-18 21:40:00,22.737,N
KRN001,2026-02-18 21:50:00,22.733,N
KRN001,2026-02-18 22:00:00,22.724,N
KRN001,2026-02-18 22:10:00,22.717,N
KRN001,2026-02-18 22:20:00,22.714,N
KRN001,2026-02-18 22:30:00,22.708,N
KRN001,2026-02-18 22:40:00,22.701,N
KRN001,2026-02-18 22:50:00,22.696,N
KRN001,2026-02-18 23:00:00,22.692,N
KRN001,2026-02-18 23:10:00,22.686,N
KRN001,2026-02-18 23:20:00,22.681,N
KRN001,2026-02-18 23:30:00,22.676,N
KRN001,2026-02-18 23:40:00,22.673,N
KRN001,2026-02-18 23:50:00,22.668,N
KRN001,2026-02-19 00:00:00,22.664,N
KRN001,2026-02-19 00:10:00,22.661,N
KRN001,2026-02-19 00:20:00,22.656,N
KRN001,2026-02-19 00:30:00,22.653,N
KRN001,2026-02-19 00:40:00,22.649,N
KRN001,2026-02-19 00:50:00,22.647,N
KRN001,2026-02-19 01:00:00,22.644,N
KRN001,2026-02-19 01:10:00,22.641,N
KRN001,2026-02-19 01:20:00,22.64,N
KRN001,2026-02-19 01:30:00,22.638,N
KRN001,2026-02-19 01:40:00,22.64,N
KRN001,2026-02-19 01:50:00,22.644,N
KRN001,2026-02-19 02:00:00,22.654,N
KRN001,2026-02-19 02:10:00,22.672,N
KRN001,2026-02-19 02:20:00,22.697,N
KRN001,2026-02-19 02:30:00,22.728,N
KRN001,2026-02-19 02:40:00,22.765,N
KRN001,2026-02-19 02:50:00,22.808,N
KRN001,2026-02-19 03:00:00,22.851,N
KRN001,2026-02-19 03:10:00,22.897,N
KRN001,2026-02-19 03:20:00,22.938,N
KRN001,2026-02-19 03:30:00,22.978,N
KRN001,2026-02-19 03:40:00,23.013,N
KRN001,2026-02-19 03:50:00,23.05,N
KRN001,2026-02-19 04:00:00,23.078,N
KRN001,2026-02-19 04:10:00,23.108,N
KRN001,2026-02-19 04:20:00,23.128,N
KRN001,2026-02-19 04:30:00,23.151,N
KRN001,2026-02-19 04:40:00,23.172,N
KRN001,2026-02-19 04:50:00,23.186,N
KRN001,2026-02-19 05:00:00,23.191,N
KRN001,2026-02-19 05:10:00,23.198,N
KRN001,2026-02-19 05:20:00,23.206,N
KRN001,2026-02-19 05:30:00,23.213,N
KRN001,2026-02-19 05:40:00,23.211,N
KRN001,2026-02-19 05:50:00,23.215,N
KRN001,2026-02-19 06:00:00,23.211,N
KRN001,2026-02-19 06:10:00,23.205,N
KRN001,2026-02-19 06:20:00,23.207,N
KRN001,2026-02-19 06:30:00,23.198,N
KRN001,2026-02-19 06:40:00,23.191,N
KRN001,2026-02-19 06:50:00,23.178,N
KRN001,2026-02-19 07:00:00,23.17,N
KRN001,2026-02-19 07:10:00,23.16,N
KRN001,2026-02-19 07:20:00,23.145,N
KRN001,2026-02-19 07:30:00,23.129,N
KRN001,2026-02-19 07:40:00,23.119,N
KRN001,2026-02-19 07:50:00,23.097,N
KRN001,2026-02-19 08:00:00,23.091,N
KRN001,2026-02-19 08:10:00,23.07,N
KRN001,2026-02-19 08:20:00,23.054,N
KRN001,2026-02-19 08:30:00,23.039,N
KRN001,2026-02-19 08:40:00,23.031,N
KRN001,2026-02-19 08:50:00,23.007,N
KRN001,2026-02-19 09:00:00,22.988,N
KRN001,2026-02-19 09:10:00,22.974,N
KRN001,2026-02-19 09:20:00,22.96,N
KRN001,2026-02-19 09:30:00,22.94,N
KRN001,2026-02-19 09:40:00,22.931,N
KRN001,2026-02-19 09:50:00,22.915,N
KRN001,2026-02-19 10:00:00,22.904,N
KRN001,2026-02-19 10:10:00,22.891,N
KRN001,2026-02-19 10:20:00,22.874,N
KRN001,2026-02-19 10:30:00,22.857,N
KRN001,2026-02-19 10:40:00,22.844,N
KRN001,2026-02-19 10:50:00,22.837,N
KRN001,2026-02-19 11:00:00,22.825,N
KRN001,2026-02-19 11:10:00,22.815,N
KRN001,2026-02-19 11:20:00,22.803,N
KRN001,2026-02-19 11:30:00,22.795,N
KRN001,2026-02-19 11:40:00,22.775,N
KRN001,2026-02-19 11:50:00,22.769,N
KRN001,2026-02-19 12:00:00,22.765,N
KRN001,2026-02-19 12:10:00,22.756,N
KRN001,2026-02-19 12:20:00,22.747,N
KRN001,2026-02-19 12:30:00,22.736,N
KRN001,2026-02-19 12:40:00,22.728,N
KRN001,2026-02-19 12:50:00,22.708,N
KRN001,2026-02-19 13:00:00,22.714,N
KRN001,2026-02-19 13:10:00,22.7,N
KRN001,2026-02-19 13:20:00,22.7,N
KRN001,2026-02-19 13:30:00,22.69,N
KRN001,2026-02-19 13:40:00,22.673,N
KRN001,2026-02-19 13:50:00,22.681,N
KRN001,2026-02-19 14:00:00,22.674,N
KRN001,2026-02-19 14:10:00,22.671,N
KRN001,2026-02-19 14:20:00,22.66,N
KRN001,2026-02-19 14:30:00,22.66,N
KRN001,2026-02-19 14:40:00,22.655,N
KRN001,2026-02-19 14:50:00,22.649,N
KRN001,2026-02-19 15:00:00,22.649,N
KRN001,2026-02-19 15:10:00,22.648,N
KRN001,2026-02-19 15:20:00,22.659,N
KRN001,2026-02-19 15:30:00,22.667,N
KRN001,2026-02-19 15:40:00,22.678,N
KRN001,2026-02-19 15:50:00,22.69,N
KRN001,2026-02-19 16:00:00,22.709,N
KRN001,2026-02-19 16:10:00,22.729,N
KRN001,2026-02-19 16:20:00,22.749,N
KRN001,2026-02-19 16:30:00,22.769,N
KRN001,2026-02-19 16:40:00,22.795,N
KRN001,2026-02-19 16:50:00,22.819,N
KRN001,2026-02-19 17:00:00,22.845,N
KRN001,2026-02-19 17:10:00,22.867,N
KRN001,2026-02-19 17:20:00,22.89,N
KRN001,2026-02-19 17:30:00,22.911,N
KRN001,2026-02-19 17:40:00,22.937,N
KRN001,2026-02-19 17:50:00,22.958,N
KRN001,2026-02-19 18:00:00,22.976,N
KRN001,2026-02-19 18:10:00,22.989,N
KRN001,2026-02-19 18:20:00,23.006,N
KRN001,2026-02-19 18:30:00,23.026,N
KRN001,2026-02-19 18:40:00,23.036,N
KRN001,2026-02-19 18:50:00,23.043,N
KRN001,2026-02-19 19:00:00,23.056,N
KRN001,2026-02-19 19:10:00,23.064,N
KRN001,2026-02-19 19:20:00,23.069,N
KRN001,2026-02-19 19:30:00,23.072,N
KRN001,2026-02-19 19:40:00,23.076,N
KRN001,2026-02-19 19:50:00,23.076,N
KRN001,2026-02-19 20:00:00,23.077,N
KRN001,2026-02-19 20:10:00,23.077,N
KRN001,2026-02-19 20:20:00,23.076,N
KRN001,2026-02-19 20:30:00,23.076,N
KRN001,2026-02-19 20:40:00,23.07,N
KRN001,2026-02-19 20:50:00,23.067,N
KRN001,2026-02-19 21:00:00,23.069,N
KRN001,2026-02-19 21:10:00,23.065,N
KRN001,2026-02-19 21:20:00,23.067,N
KRN001,2026-02-19 21:30:00,23.071,N
KRN001,2026-02-19 21:40:00,23.077,N
KRN001,2026-02-19 21:50:00,23.089,N
KRN001,2026-02-19 22:00:00,23.099,N
KRN001,2026-02-19 22:10:00,23.115,N
KRN001,2026-02-19 22:20:00,23.137,N
KRN001,2026-02-19 22:30:00,23.152,N
KRN001,2026-02-19 22:40:00,23.17,N
KRN001,2026-02-19 22:50:00,23.199,N
KRN001,2026-02-19 23:00:00,23.23,N
KRN001,2026-02-19 23:10:00,23.259,N
KRN001,2026-02-19 23:20:00,23.281,N
KRN001,2026-02-19 23:30:00,23.316,N
KRN001,2026-02-19 23:40:00,23.344,N
KRN001,2026-02-19 23:50:00,23.383,N
KRN001,2026-02-20 00:00:00,23.404,N
KRN001,2026-02-20 00:10:00,23.444,N
KRN001,2026-02-20 00:20:00,23.47,N
KRN001,2026-02-20 00:30:00,23.493,N
KRN001,2026-02-20 00:40:00,23.533,N
KRN001,2026-02-20 00:50:00,23.561,N
KRN001,2026-02-20 01:00:00,23.582,N
KRN001,2026-02-20 01:10:00,23.613,N
KRN001,2026-02-20 01:20:00,23.635,N
KRN001,2026-02-20 01:30:00,23.662,N
KRN001,2026-02-20 01:40:00,23.69,N
KRN001,2026-02-20 01:50:00,23.706,N
KRN001,2026-02-20 02:00:00,23.733,N
KRN001,2026-02-20 02:10:00,23.753,N
KRN001,2026-02-20 02:20:00,23.77,N
KRN001,2026-02-20 02:30:00,23.786,N
KRN001,2026-02-20 02:40:00,23.797,N
KRN001,2026-02-20 02:50:00,23.825,N
KRN001,2026-02-20 03:00:00,23.853,N
KRN001,2026-02-20 03:10:00,23.868,N
KRN001,2026-02-20 03:20:00,23.875,N
KRN001,2026-02-20 03:30:00,23.876,N
KRN001,2026-02-20 03:40:00,23.887,N
KRN001,2026-02-20 03:50:00,23.892,N
KRN001,2026-02-20 04:00:00,23.905,N
KRN001,2026-02-20 04:10:00,23.907,N
KRN001,2026-02-20 04:20:00,23.895,N
KRN001,2026-02-20 04:30:00,23.889,N
KRN001,2026-02-20 04:40:00,23.893,N
KRN001,2026-02-20 04:50:00,23.892,N
KRN001,2026-02-20 05:00:00,23.878,N
KRN001,2026-02-20 05:10:00,23.876,N
KRN001,2026-02-20 05:20:00,23.859,N
KRN001,2026-02-20 05:30:00,23.853,N
KRN001,2026-02-20 05:40:00,23.841,N
KRN001,2026-02-20 05:50:00,23.813,N
KRN001,2026-02-20 06:00:00,23.796,N
KRN001,2026-02-20 06:10:00,23.779,N
KRN001,2026-02-20 06:20:00,23.762,N
KRN001,2026-02-20 06:30:00,23.732,N
KRN001,2026-02-20 06:40:00,23.712,N
KRN001,2026-02-20 06:50:00,23.685,N
KRN001,2026-02-20 07:00:00,23.665,N
KRN001,2026-02-20 07:10:00,23.629,N
KRN001,2026-02-20 07:20:00,23.614,N
KRN001,2026-02-20 07:30:00,23.586,N
KRN001,2026-02-20 07:40:00,23.552,N
KRN001,2026-02-20 07:50:00,23.532,N
KRN001,2026-02-20 08:00:00,23.49,N
KRN001,2026-02-20 08:10:00,23.473,N
KRN001,2026-02-20 08:20:00,23.433,N
KRN001,2026-02-20 08:30:00,23.401,N
KRN001,2026-02-20 08:40:00,23.378,N
KRN001,2026-02-20 08:50:00,23.347,N
KRN001,2026-02-20 09:00:00,23.319,N
KRN001,2026-02-20 09:10:00,23.288,N
KRN001,2026-02-20 09:20:00,23.26,N
KRN001,2026-02-20 09:30:00,23.232,N
KRN001,2026-02-20 09:40:00,23.203,N
KRN001,2026-02-20 09:50:00,23.172,N
KRN001,2026-02-20 10:00:00,23.152,N
KRN001,2026-02-20 10:10:00,23.118,N
KRN001,2026-02-20 10:20:00,23.095,N
KRN001,2026-02-20 10:30:00,23.07,N
KRN001,2026-02-20 10:40:00,23.05,N
KRN001,2026-02-20 10:50:00,23.016,N
KRN001,2026-02-20 11:00:00,22.996,N
KRN001,2026-02-20 11:10:00,22.975,N
KRN001,2026-02-20 11:20:00,22.953,N
KRN001,2026-02-20 11:30:00,22.931,N
KRN001,2026-02-20 11:40:00,22.913,N
KRN001,2026-02-20 11:50:00,22.881,N
KRN001,2026-02-20 12:00:00,22.874,N
KRN001,2026-02-20 12:10:00,22.853,N
KRN001,2026-02-20 12:20:00,22.831,N
KRN001,2026-02-20 12:30:00,22.819,N
KRN001,2026-02-20 12:40:00,22.806,N
KRN001,2026-02-20 12:50:00,22.792,N
KRN001,2026-02-20 13:00:00,22.781,N
KRN001,2026-02-20 13:10:00,22.762,N
KRN001,2026-02-20 13:20:00,22.751,N
KRN001,2026-02-20 13:30:00,22.737,N
KRN001,2026-02-20 13:40:00,22.733,N
KRN001,2026-02-20 13:50:00,22.722,N
KRN001,2026-02-20 14:00:00,22.703,N
KRN001,2026-02-20 14:10:00,22.701,N
KRN001,2026-02-20 14:20:00,22.687,N
KRN001,2026-02-20 14:30:00,22.689,N
KRN001,2026-02-20 14:40:00,22.687,N
KRN001,2026-02-20 14:50:00,22.687,N
KRN001,2026-02-20 15:00:00,22.683,N
KRN001,2026-02-20 15:10:00,22.686,N
KRN001,2026-02-20 15:20:00,22.687,N
KRN001,2026-02-20 15:30:00,22.695,N
KRN001,2026-02-20 15:40:00,22.702,N
KRN001,2026-02-20 15:50:00,22.712,N
KRN001,2026-02-20 16:00:00,22.723,N
KRN001,2026-02-20 16:10:00,22.729,N
KRN001,2026-02-20 16:20:00,22.743,N
KRN001,2026-02-20 16:30:00,22.757,N
KRN001,2026-02-20 16:40:00,22.768,N
KRN001,2026-02-20 16:50:00,22.777,N
KRN001,2026-02-20 17:00:00,22.79,N
KRN001,2026-02-20 17:10:00,22.795,N
KRN001,2026-02-20 17:20:00,22.803,N
KRN001,2026-02-20 17:30:00,22.806,N
KRN001,2026-02-20 17:40:00,22.814,N
KRN001,2026-02-20 17:50:00,22.819,N
KRN001,2026-02-20 18:00:00,22.824,N
KRN001,2026-02-20 18:10:00,22.824,N
KRN001,2026-02-20 18:20:00,22.828,N
KRN001,2026-02-20 18:30:00,22.83,N
KRN001,2026-02-20 18:40:00,22.831,N
KRN001,2026-02-20 18:50:00,22.83,N
KRN001,2026-02-20 19:00:00,22.824,N
KRN001,2026-02-20 19:10:00,22.822,N
KRN001,2026-02-20 19:20:00,22.818,N
KRN001,2026-02-20 19:30:00,22.816,N
KRN001,2026-02-20 19:40:00,22.811,N
KRN001,2026-02-20 19:50:00,22.809,N
KRN001,2026-02-20 20:00:00,22.811,N
KRN001,2026-02-20 20:10:00,22.815,N
KRN001,2026-02-20 20:20:00,22.822,N
KRN001,2026-02-20 20:30:00,22.836,N
KRN001,2026-02-20 20:40:00,22.85,N
KRN001,2026-02-20 20:50:00,22.873,N
KRN001,2026-02-20 21:00:00,22.901,N
KRN001,2026-02-20 21:10:00,22.933,N
KRN001,2026-02-20 21:20:00,22.971,N
KRN001,2026-02-20 21:30:00,23.012,N
KRN001,2026-02-20 21:40:00,23.058,N
KRN001,2026-02-20 21:50:00,23.103,N
KRN001,2026-02-20 22:00:00,23.153,N
KRN001,2026-02-20 22:10:00,23.196,N
KRN001,2026-02-20 22:20:00,23.241,N
KRN001,2026-02-20 22:30:00,23.282,N
KRN001,2026-02-20 22:40:00,23.327,N
KRN001,2026-02-20 22:50:00,23.369,N
KRN001,2026-02-20 23:00:00,23.412,N
KRN001,2026-02-20 23:10:00,23.451,N
KRN001,2026-02-20 23:20:00,23.486,N
KRN001,2026-02-20 23:30:00,23.523,N
KRN001,2026-02-20 23:40:00,23.559,N
KRN001,2026-02-20 23:50:00,23.583,N
KRN001,2026-02-21 00:00:00,23.613,N
KRN001,2026-02-21 00:10:00,23.644,N
KRN001,2026-02-21 00:20:00,23.669,N
KRN001,2026-02-21 00:30:00,23.705,N
KRN001,2026-02-21 00:40:00,23.721,N
KRN001,2026-02-21 00:50:00,23.749,N
KRN001,2026-02-21 01:00:00,23.769,N
KRN001,2026-02-21 01:10:00,23.791,N
KRN001,2026-02-21 01:20:00,23.801,N
KRN001,2026-02-21 01:30:00,23.826,N
KRN001,2026-02-21 01:40:00,23.847,N
KRN001,2026-02-21 01:50:00,23.859,N
KRN001,2026-02-21 02:00:00,23.885,N
KRN001,2026-02-21 02:10:00,23.899,N
KRN001,2026-02-21 02:20:00,23.914,N
KRN001,2026-02-21 02:30:00,23.935,N
KRN001,2026-02-21 02:40:00,23.946,N
KRN001,2026-02-21 02:50:00,23.951,N
KRN001,2026-02-21 03:00:00,23.949,N
KRN001,2026-02-21 03:10:00,23.976,N
KRN001,2026-02-21 03:20:00,23.975,N
KRN001,2026-02-21 03:30:00,23.98,N
KRN001,2026-02-21 03:40:00,23.981,N
KRN001,2026-02-21 03:50:00,23.994,N
KRN001,2026-02-21 04:00:00,23.991,N
KRN001,2026-02-21 04:10:00,23.994,N
KRN001,2026-02-21 04:20:00,23.992,N
KRN001,2026-02-21 04:30:00,23.982,N
KRN001,2026-02-21 04:40:00,23.978,N
KRN001,2026-02-21 04:50:00,23.965,N
KRN001,2026-02-21 05:00:00,23.958,N
KRN001,2026-02-21 05:10:00,23.948,N
KRN001,2026-02-21 05:20:00,23.935,N
KRN001,2026-02-21 05:30:00,23.917,N
KRN001,2026-02-21 05:40:00,23.901,N
KRN001,2026-02-21 05:50:00,23.888,N
KRN001,2026-02-21 06:00:00,23.864,N
KRN001,2026-02-21 06:10:00,23.849,N
KRN001,2026-02-21 06:20:00,23.824,N
KRN001,2026-02-21 06:30:00,23.805,N
KRN001,2026-02-21 06:40:00,23.779,N
KRN001,2026-02-21 06:50:00,23.749,N
KRN001,2026-02-21 07:00:00,23.726,N
KRN001,2026-02-21 07:10:00,23.71,N
KRN001,2026-02-21 07:20:00,23.678,N
KRN001,2026-02-21 07:30:00,23.649,N
KRN001,2026-02-21 07:40:00,23.624,N
KRN001,2026-02-21 07:50:00,23.589,N
KRN001,2026-02-21 08:00:00,23.566,N
KRN001,2026-02-21 08:10:00,23.538,N
KRN001,2026-02-21 08:20:00,23.506,N
KRN001,2026-02-21 08:30:00,23.472,N
KRN001,2026-02-21 08:40:00,23.44,N
KRN001,2026-02-21 08:50:00,23.408,N
KRN001,2026-02-21 09:00:00,23.382,N
KRN001,2026-02-21 09:10:00,23.346,N
KRN001,2026-02-21 09:20:00,23.32,N
KRN001,2026-02-21 09:30:00,23.294,N
KRN001,2026-02-21 09:40:00,23.264,N
KRN001,2026-02-21 09:50:00,23.237,N
KRN001,2026-02-21 10:00:00,23.206,N
KRN001,2026-02-21 10:10:00,23.172,N
KRN001,2026-02-21 10:20:00,23.149,N
KRN001,2026-02-21 10:30:00,23.121,N
KRN001,2026-02-21 10:40:00,23.097,N
KRN001,2026-02-21 10:50:00,23.07,N
KRN001,2026-02-21 11:00:00,23.042,N
KRN001,2026-02-21 11:10:00,23.022,N
KRN001,2026-02-21 11:20:00,23,N
KRN001,2026-02-21 11:30:00,22.975,N
KRN001,2026-02-21 11:40:00,22.954,N
KRN001,2026-02-21 11:50:00,22.924,N
KRN001,2026-02-21 12:00:00,22.914,N
KRN001,2026-02-21 12:10:00,22.896,N
KRN001,2026-02-21 12:20:00,22.878,N
KRN001,2026-02-21 12:30:00,22.859,N
KRN001,2026-02-21 12:40:00,22.843,N
KRN001,2026-02-21 12:50:00,22.828,N
KRN001,2026-02-21 13:00:00,22.815,N
KRN001,2026-02-21 13:10:00,22.804,N
KRN001,2026-02-21 13:20:00,22.794,N
KRN001,2026-02-21 13:30:00,22.788,N
KRN001,2026-02-21 13:40:00,22.782,N
KRN001,2026-02-21 13:50:00,22.782,N
KRN001,2026-02-21 14:00:00,22.783,N
KRN001,2026-02-21 14:10:00,22.785,N
KRN001,2026-02-21 14:20:00,22.792,N
KRN001,2026-02-21 14:30:00,22.798,N
KRN001,2026-02-21 14:40:00,22.811,N
KRN001,2026-02-21 14:50:00,22.824,N
KRN001,2026-02-21 15:00:00,22.842,N
KRN001,2026-02-21 15:10:00,22.857,N
KRN001,2026-02-21 15:20:00,22.878,N
KRN001,2026-02-21 15:30:00,22.897,N
KRN001,2026-02-21 15:40:00,22.917,N
KRN001,2026-02-21 15:50:00,22.933,N
KRN001,2026-02-21 16:00:00,22.959,N
KRN001,2026-02-21 16:10:00,22.972,N
KRN001,2026-02-21 16:20:00,22.988,N
KRN001,2026-02-21 16:30:00,23.006,N
KRN001,2026-02-21 16:40:00,23.022,N
KRN001,2026-02-21 16:50:00,23.035,N
KRN001,2026-02-21 17:00:00,23.048,N
KRN001,2026-02-21 17:10:00,23.057,N
KRN001,2026-02-21 17:20:00,23.076,N
KRN001,2026-02-21 17:30:00,23.081,N
KRN001,2026-02-21 17:40:00,23.089,N
KRN001,2026-02-21 17:50:00,23.095,N
KRN001,2026-02-21 18:00:00,23.103,N
KRN001,2026-02-21 18:10:00,23.097,N
KRN001,2026-02-21 18:20:00,23.109,N
KRN001,2026-02-21 18:30:00,23.105,N
KRN001,2026-02-21 18:40:00,23.104,N
KRN001,2026-02-21 18:50:00,23.102,N
KRN001,2026-02-21 19:00:00,23.099,N
KRN001,2026-02-21 19:10:00,23.094,N
KRN001,2026-02-21 19:20:00,23.09,N
KRN001,2026-02-21 19:30:00,23.078,N
KRN001,2026-02-21 19:40:00,23.069,N
KRN001,2026-02-21 19:50:00,23.057,N
KRN001,2026-02-21 20:00:00,23.05,N
KRN001,2026-02-21 20:10:00,23.039,N
KRN001,2026-02-21 20:20:00,23.024,N
KRN001,2026-02-21 20:30:00,23.017,N
KRN001,2026-02-21 20:40:00,23.005,N
KRN001,2026-02-21 20:50:00,22.99,N
KRN001,2026-02-21 21:00:00,22.981,N
KRN001,2026-02-21 21:10:00,22.971,N
KRN001,2026-02-21 21:20:00,22.96,N
KRN001,2026-02-21 21:30:00,22.948,N
KRN001,2026-02-21 21:40:00,22.939,N
KRN001,2026-02-21 21:50:00,22.927,N
KRN001,2026-02-21 22:00:00,22.921,N
KRN001,2026-02-21 22:10:00,22.919,N
KRN001,2026-02-21 22:20:00,22.915,N
KRN001,2026-02-21 22:30:00,22.919,N
KRN001,2026-02-21 22:40:00,22.926,N
KRN001,2026-02-21 22:50:00,22.931,N
KRN001,2026-02-21 23:00:00,22.953,N
KRN001,2026-02-21 23:10:00,22.966,N
KRN001,2026-02-21 23:20:00,22.994,N
KRN001,2026-02-21 23:30:00,23.023,N
KRN001,2026-02-21 23:40:00,23.051,N
KRN001,2026-02-21 23:50:00,23.095,N
KRN001,2026-02-22 00:00:00,23.126,N
KRN001,2026-02-22 00:10:00,23.166,N
KRN001,2026-02-22 00:20:00,23.203,N
KRN001,2026-02-22 00:30:00,23.242,N
KRN001,2026-02-22 00:40:00,23.285,N
KRN001,2026-02-22 00:50:00,23.322,N
KRN001,2026-02-22 01:00:00,23.361,N
KRN001,2026-02-22 01:10:00,23.392,N
KRN001,2026-02-22 01:20:00,23.439,N
KRN001,2026-02-22 01:30:00,23.472,N
KRN001,2026-02-22 01:40:00,23.512,N
KRN001,2026-02-22 01:50:00,23.54,N
KRN001,2026-02-22 02:00:00,23.567,N
KRN001,2026-02-22 02:10:00,23.593,N
KRN001,2026-02-22 02:20:00,23.641,N
KRN001,2026-02-22 02:30:00,23.654,N
KRN001,2026-02-22 02:40:00,23.678,N
KRN001,2026-02-22 02:50:00,23.719,N
KRN001,2026-02-22 03:00:00,23.732,N
KRN001,2026-02-22 03:10:00,23.755,N
KRN001,2026-02-22 03:20:00,23.773,N
KRN001,2026-02-22 03:30:00,23.799,N
KRN001,2026-02-22 03:40:00,23.815,N
KRN001,2026-02-22 03:50:00,23.831,N
KRN001,2026-02-22 04:00:00,23.845,N
KRN001,2026-02-22 04:10:00,23.862,N
KRN001,2026-02-22 04:20:00,23.871,N
KRN001,2026-02-22 04:30:00,23.879,N
KRN001,2026-02-22 04:40:00,23.886,N
KRN001,2026-02-22 04:50:00,23.879,N
KRN001,2026-02-22 05:00:00,23.882,N
KRN001,2026-02-22 05:10:00,23.894,N
KRN001,2026-02-22 05:20:00,23.887,N
KRN001,2026-02-22 05:30:00,23.89,N
KRN001,2026-02-22 05:40:00,23.882,N
KRN001,2026-02-22 05:50:00,23.866,N
KRN001,2026-02-22 06:00:00,23.856,N
KRN001,2026-02-22 06:10:00,23.852,N
KRN001,2026-02-22 06:20:00,23.838,N
KRN001,2026-02-22 06:30:00,23.819,N
KRN001,2026-02-22 06:40:00,23.81,N
KRN001,2026-02-22 06:50:00,23.785,N
KRN001,2026-02-22 07:00:00,23.766,N
KRN001,2026-02-22 07:10:00,23.743,N
KRN001,2026-02-22 07:20:00,23.726,N
KRN001,2026-02-22 07:30:00,23.698,N
KRN001,2026-02-22 07:40:00,23.68,N
KRN001,2026-02-22 07:50:00,23.65,N
KRN001,2026-02-22 08:00:00,23.626,N
KRN001,2026-02-22 08:10:00,23.605,N
KRN001,2026-02-22 08:20:00,23.569,N
KRN001,2026-02-22 08:30:00,23.548,N
KRN001,2026-02-22 08:40:00,23.519,N
KRN001,2026-02-22 08:50:00,23.491,N
KRN001,2026-02-22 09:00:00,23.46,N
KRN001,2026-02-22 09:10:00,23.432,N
KRN001,2026-02-22 09:20:00,23.403,N
KRN001,2026-02-22 09:30:00,23.375,N
KRN001,2026-02-22 09:40:00,23.348,N
KRN001,2026-02-22 09:50:00,23.322,N
KRN001,2026-02-22 10:00:00,23.295,N
KRN001,2026-02-22 10:10:00,23.266,N
KRN001,2026-02-22 10:20:00,23.239,N
KRN001,2026-02-22 10:30:00,23.212,N
KRN001,2026-02-22 10:40:00,23.183,N
KRN001,2026-02-22 10:50:00,23.167,N
KRN001,2026-02-22 11:00:00,23.135,N
KRN001,2026-02-22 11:10:00,23.114,N
KRN001,2026-02-22 11:20:00,23.089,N
KRN001,2026-02-22 11:30:00,23.065,N
KRN001,2026-02-22 11:40:00,23.044,N
KRN001,2026-02-22 11:50:00,23.022,N
KRN001,2026-02-22 12:00:00,22.999,N
KRN001,2026-02-22 12:10:00,22.981,N
KRN001,2026-02-22 12:20:00,22.96,N
KRN001,2026-02-22 12:30:00,22.942,N
KRN001,2026-02-22 12:40:00,22.92,N
KRN001,2026-02-22 12:50:00,22.903,N
KRN001,2026-02-22 13:00:00,22.885,N
KRN001,2026-02-22 13:10:00,22.87,N
KRN001,2026-02-22 13:20:00,22.853,N
KRN001,2026-02-22 13:30:00,22.839,N
KRN001,2026-02-22 13:40:00,22.825,N
KRN001,2026-02-22 13:50:00,22.812,N
KRN001,2026-02-22 14:00:00,22.801,N
KRN001,2026-02-22 14:10:00,22.791,N
KRN001,2026-02-22 14:20:00,22.782,N
KRN001,2026-02-22 14:30:00,22.776,N
KRN001,2026-02-22 14:40:00,22.772,N
KRN001,2026-02-22 14:50:00,22.772,N
KRN001,2026-02-22 15:00:00,22.777,N
KRN001,2026-02-22 15:10:00,22.781,N
KRN001,2026-02-22 15:20:00,22.785,N
KRN001,2026-02-22 15:30:00,22.796,N
KRN001,2026-02-22 15:40:00,22.809,N
KRN001,2026-02-22 15:50:00,22.818,N
KRN001,2026-02-22 16:00:00,22.826,N
KRN001,2026-02-22 16:10:00,22.839,N
KRN001,2026-02-22 16:20:00,22.853,N
KRN001,2026-02-22 16:30:00,22.863,N
KRN001,2026-02-22 16:40:00,22.872,N
KRN001,2026-02-22 16:50:00,22.88,N
KRN001,2026-02-22 17:00:00,22.887,N
KRN001,2026-02-22 17:10:00,22.894,N
KRN001,2026-02-22 17:20:00,22.898,N
KRN001,2026-02-22 17:30:00,22.893,N
KRN001,2026-02-22 17:40:00,22.897,N
KRN001,2026-02-22 17:50:00,22.897,N
KRN001,2026-02-22 18:00:00,22.898,N
KRN001,2026-02-22 18:10:00,22.897,N
KRN001,2026-02-22 18:20:00,22.896,N
KRN001,2026-02-22 18:30:00,22.89,N
KRN001,2026-02-22 18:40:00,22.89,N
KRN001,2026-02-22 18:50:00,22.884,N
KRN001,2026-02-22 19:00:00,22.88,N
KRN001,2026-02-22 19:10:00,22.876,N
KRN001,2026-02-22 19:20:00,22.871,N
KRN001,2026-02-22 19:30:00,22.855,N
KRN001,2026-02-22 19:40:00,22.858,N
KRN001,2026-02-22 19:50:00,22.85,N
KRN001,2026-02-22 20:00:00,22.846,N
KRN001,2026-02-22 20:10:00,22.838,N
KRN001,2026-02-22 20:20:00,22.828,N
KRN001,2026-02-22 20:30:00,22.811,N
KRN001,2026-02-22 20:40:00,22.805,N
KRN001,2026-02-22 20:50:00,22.803,N
KRN001,2026-02-22 21:00:00,22.795,N
KRN001,2026-02-22 21:10:00,22.794,N
KRN001,2026-02-22 21:20:00,22.795,N
KRN001,2026-02-22 21:30:00,22.797,N
KRN001,2026-02-22 21:40:00,22.802,N
KRN001,2026-02-22 21:50:00,22.81,N
KRN001,2026-02-22 22:00:00,22.83,N
KRN001,2026-02-22 22:10:00,22.855,N
KRN001,2026-02-22 22:20:00,22.881,N
KRN001,2026-02-22 22:30:00,22.918,N
KRN001,2026-02-22 22:40:00,22.955,N
KRN001,2026-02-22 22:50:00,23.002,N
KRN001,2026-02-22 23:00:00,23.047,N
KRN001,2026-02-22 23:10:00,23.099,N
KRN001,2026-02-22 23:20:00,23.144,N
KRN001,2026-02-22 23:30:00,23.203,N
KRN001,2026-02-22 23:40:00,23.242,N
KRN001,2026-02-22 23:50:00,23.294,N
KRN001,2026-02-23 00:00:00,23.344,N
KRN001,2026-02-23 00:10:00,23.385,N
KRN001,2026-02-23 00:20:00,23.436,N
KRN001,2026-02-23 00:30:00,23.474,N
KRN001,2026-02-23 00:40:00,23.526,N
KRN001,2026-02-23 00:50:00,23.554,N
KRN001,2026-02-23 01:00:00,23.589,N
KRN001,2026-02-23 01:10:00,23.628,N
KRN001,2026-02-23 01:20:00,23.651,N
KRN001,2026-02-23 01:30:00,23.69,N
KRN001,2026-02-23 01:40:00,23.722,N
KRN001,2026-02-23 01:50:00,23.758,N
KRN001,2026-02-23 02:00:00,23.784,N
KRN001,2026-02-23 02:10:00,23.796,N
KRN001,2026-02-23 02:20:00,23.825,N
KRN001,2026-02-23 02:30:00,23.849,N
KRN001,2026-02-23 02:40:00,23.869,N
KRN001,2026-02-23 02:50:00,23.893,N
KRN001,2026-02-23 03:00:00,23.916,N
KRN001,2026-02-23 03:10:00,23.94,N
KRN001,2026-02-23 03:20:00,23.949,N
KRN001,2026-02-23 03:30:00,23.968,N
KRN001,2026-02-23 03:40:00,23.974,N
KRN001,2026-02-23 03:50:00,24.006,N
KRN001,2026-02-23 04:00:00,24.005,N
KRN001,2026-02-23 04:10:00,24.01,N
KRN001,2026-02-23 04:20:00,24.031,N
KRN001,2026-02-23 04:30:00,24.036,N
KRN001,2026-02-23 04:40:00,24.039,N
KRN001,2026-02-23 04:50:00,24.039,N
KRN001,2026-02-23 05:00:00,24.044,N
KRN001,2026-02-23 05:10:00,24.046,N
KRN001,2026-02-23 05:20:00,24.042,N
KRN001,2026-02-23 05:30:00,24.039,N
KRN001,2026-02-23 05:40:00,24.028,N
KRN001,2026-02-23 05:50:00,24.017,N
KRN001,2026-02-23 06:00:00,23.998,N
KRN001,2026-02-23 06:10:00,23.99,N
KRN001,2026-02-23 06:20:00,23.976,N
KRN001,2026-02-23 06:30:00,23.961,N
KRN001,2026-02-23 06:40:00,23.941,N
KRN001,2026-02-23 06:50:00,23.915,N
KRN001,2026-02-23 07:00:00,23.906,N
KRN001,2026-02-23 07:10:00,23.876,N
KRN001,2026-02-23 07:20:00,23.856,N
KRN001,2026-02-23 07:30:00,23.839,N
KRN001,2026-02-23 07:40:00,23.799,N
KRN001,2026-02-23 07:50:00,23.771,N
KRN001,2026-02-23 08:00:00,23.753,N
KRN001,2026-02-23 08:10:00,23.726,N
KRN001,2026-02-23 08:20:00,23.691,N
KRN001,2026-02-23 08:30:00,23.656,N
KRN001,2026-02-23 08:40:00,23.639,N
KRN001,2026-02-23 08:50:00,23.607,N
KRN001,2026-02-23 09:00:00,23.574,N
KRN001,2026-02-23 09:10:00,23.547,N
KRN001,2026-02-23 09:20:00,23.515,N
KRN001,2026-02-23 09:30:00,23.485,N
KRN001,2026-02-23 09:40:00,23.451,N
KRN001,2026-02-23 09:50:00,23.418,N
KRN001,2026-02-23 10:00:00,23.392,N
KRN001,2026-02-23 10:10:00,23.353,N
KRN001,2026-02-23 10:20:00,23.323,N
KRN001,2026-02-23 10:30:00,23.295,N
KRN001,2026-02-23 10:40:00,23.261,N
KRN001,2026-02-23 10:50:00,23.23,N
KRN001,2026-02-23 11:00:00,23.205,N
KRN001,2026-02-23 11:10:00,23.176,N
KRN001,2026-02-23 11:20:00,23.146,N
KRN001,2026-02-23 11:30:00,23.118,N
KRN001,2026-02-23 11:40:00,23.094,N
KRN001,2026-02-23 11:50:00,23.062,N
KRN001,2026-02-23 12:00:00,23.04,N
KRN001,2026-02-23 12:10:00,23.016,N
KRN001,2026-02-23 12:20:00,22.987,N
KRN001,2026-02-23 12:30:00,22.965,N
KRN001,2026-02-23 12:40:00,22.944,N
KRN001,2026-02-23 12:50:00,22.917,N
KRN001,2026-02-23 13:00:00,22.891,N
KRN001,2026-02-23 13:10:00,22.88,N
KRN001,2026-02-23 13:20:00,22.864,N
KRN001,2026-02-23 13:30:00,22.846,N
KRN001,2026-02-23 13:40:00,22.835,N
KRN001,2026-02-23 13:50:00,22.816,N
KRN001,2026-02-23 14:00:00,22.805,N
KRN001,2026-02-23 14:10:00,22.792,N
KRN001,2026-02-23 14:20:00,22.784,N
KRN001,2026-02-23 14:30:00,22.777,N
KRN001,2026-02-23 14:40:00,22.772,N
KRN001,2026-02-23 14:50:00,22.771,N
KRN001,2026-02-23 15:00:00,22.774,N
KRN001,2026-02-23 15:10:00,22.778,N
KRN001,2026-02-23 15:20:00,22.785,N
KRN001,2026-02-23 15:30:00,22.797,N
KRN001,2026-02-23 15:40:00,22.811,N
KRN001,2026-02-23 15:50:00,22.831,N
KRN001,2026-02-23 16:00:00,22.852,N
KRN001,2026-02-23 16:10:00,22.871,N
KRN001,2026-02-23 16:20:00,22.894,N
KRN001,2026-02-23 16:30:00,22.915,N
KRN001,2026-02-23 16:40:00,22.938,N
KRN001,2026-02-23 16:50:00,22.961,N
KRN001,2026-02-23 17:00:00,22.978,N
KRN001,2026-02-23 17:10:00,23,N
KRN001,2026-02-23 17:20:00,23.024,N
KRN001,2026-02-23 17:30:00,23.041,N
KRN001,2026-02-23 17:40:00,23.06,N
KRN001,2026-02-23 17:50:00,23.08,N
KRN001,2026-02-23 18:00:00,23.097,N
KRN001,2026-02-23 18:10:00,23.112,N
KRN001,2026-02-23 18:20:00,23.131,N
KRN001,2026-02-23 18:30:00,23.145,N
KRN001,2026-02-23 18:40:00,23.159,N
KRN001,2026-02-23 18:50:00,23.174,N
KRN001,2026-02-23 19:00:00,23.18,N
KRN001,2026-02-23 19:10:00,23.198,N
KRN001,2026-02-23 19:20:00,23.207,N
KRN001,2026-02-23 19:30:00,23.219,N
KRN001,2026-02-23 19:40:00,23.22,N
KRN001,2026-02-23 19:50:00,23.234,N
KRN001,2026-02-23 20:00:00,23.244,N
KRN001,2026-02-23 20:10:00,23.249,N
KRN001,2026-02-23 20:20:00,23.255,N
KRN001,2026-02-23 20:30:00,23.271,N
KRN001,2026-02-23 20:40:00,23.272,N
KRN001,2026-02-23 20:50:00,23.281,N
KRN001,2026-02-23 21:00:00,23.286,N
KRN001,2026-02-23 21:10:00,23.287,N
KRN001,2026-02-23 21:20:00,23.294,N
KRN001,2026-02-23 21:30:00,23.301,N
KRN001,2026-02-23 21:40:00,23.299,N
KRN001,2026-02-23 21:50:00,23.303,N
KRN001,2026-02-23 22:00:00,23.31,N
KRN001,2026-02-23 22:10:00,23.314,N
KRN001,2026-02-23 22:20:00,23.321,N
KRN001,2026-02-23 22:30:00,23.323,N
KRN001,2026-02-23 22:40:00,23.328,N
KRN001,2026-02-23 22:50:00,23.34,N
KRN001,2026-02-23 23:00:00,23.341,N
KRN001,2026-02-23 23:10:00,23.354,N
KRN001,2026-02-23 23:20:00,23.36,N
KRN001,2026-02-23 23:30:00,23.375,N
KRN001,2026-02-23 23:40:00,23.389,N
KRN001,2026-02-23 23:50:00,23.395,N
KRN001,2026-02-24 00:00:00,23.409,N
KRN001,2026-02-24 00:10:00,23.429,N
KRN001,2026-02-24 00:20:00,23.442,N
KRN001,2026-02-24 00:30:00,23.456,N
KRN001,2026-02-24 00:40:00,23.484,N
KRN001,2026-02-24 00:50:00,23.498,N
KRN001,2026-02-24 01:00:00,23.519,N
KRN001,2026-02-24 01:10:00,23.54,N
KRN001,2026-02-24 01:20:00,23.567,N
KRN001,2026-02-24 01:30:00,23.578,N
KRN001,2026-02-24 01:40:00,23.602,N
KRN001,2026-02-24 01:50:00,23.617,N
KRN001,2026-02-24 02:00:00,23.635,N
KRN001,2026-02-24 02:10:00,23.663,N
KRN001,2026-02-24 02:20:00,23.689,N
KRN001,2026-02-24 02:30:00,23.706,N
KRN001,2026-02-24 02:40:00,23.718,N
KRN001,2026-02-24 02:50:00,23.742,N
KRN001,2026-02-24 03:00:00,23.755,N
KRN001,2026-02-24 03:10:00,23.769,N
KRN001,2026-02-24 03:20:00,23.785,N
KRN001,2026-02-24 03:30:00,23.79,N
KRN001,2026-02-24 03:40:00,23.794,N
KRN001,2026-02-24 03:50:00,23.825,N
KRN001,2026-02-24 04:00:00,23.828,N
KRN001,2026-02-24 04:10:00,23.828,N
KRN001,2026-02-24 04:20:00,23.832,N
KRN001,2026-02-24 04:30:00,23.827,N
KRN001,2026-02-24 04:40:00,23.831,N
KRN001,2026-02-24 04:50:00,23.827,N
KRN001,2026-02-24 05:00:00,23.826,N
KRN001,2026-02-24 05:10:00,23.814,N
KRN001,2026-02-24 05:20:00,23.813,N
KRN001,2026-02-24 05:30:00,23.8,N
KRN001,2026-02-24 05:40:00,23.792,N
KRN001,2026-02-24 05:50:00,23.778,N
KRN001,2026-02-24 06:00:00,23.767,N
KRN001,2026-02-24 06:10:00,23.749,N
KRN001,2026-02-24 06:20:00,23.739,N
KRN001,2026-02-24 06:30:00,23.718,N
KRN001,2026-02-24 06:40:00,23.694,N
KRN001,2026-02-24 06:50:00,23.675,N
KRN001,2026-02-24 07:00:00,23.65,N
KRN001,2026-02-24 07:10:00,23.628,N
KRN001,2026-02-24 07:20:00,23.616,N
KRN001,2026-02-24 07:30:00,23.585,N
KRN001,2026-02-24 07:40:00,23.556,N
KRN001,2026-02-24 07:50:00,23.533,N
KRN001,2026-02-24 08:00:00,23.511,N
KRN001,2026-02-24 08:10:00,23.476,N
KRN001,2026-02-24 08:20:00,23.448,N
KRN001,2026-02-24 08:30:00,23.421,N
KRN001,2026-02-24 08:40:00,23.398,N
KRN001,2026-02-24 08:50:00,23.373,N
KRN001,2026-02-24 09:00:00,23.339,N
KRN001,2026-02-24 09:10:00,23.314,N
KRN001,2026-02-24 09:20:00,23.286,N
KRN001,2026-02-24 09:30:00,23.26,N
KRN001,2026-02-24 09:40:00,23.23,N
KRN001,2026-02-24 09:50:00,23.206,N
KRN001,2026-02-24 10:00:00,23.183,N
KRN001,2026-02-24 10:10:00,23.155,N
KRN001,2026-02-24 10:20:00,23.126,N
KRN001,2026-02-24 10:30:00,23.104,N
KRN001,2026-02-24 10:40:00,23.078,N
KRN001,2026-02-24 10:50:00,23.058,N
KRN001,2026-02-24 11:00:00,23.03,N
KRN001,2026-02-24 11:10:00,23.005,N
KRN001,2026-02-24 11:20:00,22.983,N
KRN001,2026-02-24 11:30:00,22.965,N
KRN001,2026-02-24 11:40:00,22.945,N
KRN001,2026-02-24 11:50:00,22.922,N
KRN001,2026-02-24 12:00:00,22.9,N
KRN001,2026-02-24 12:10:00,22.881,N
KRN001,2026-02-24 12:20:00,22.866,N
KRN001,2026-02-24 12:30:00,22.845,N
KRN001,2026-02-24 12:40:00,22.828,N
KRN001,2026-02-24 12:50:00,22.816,N
KRN001,2026-02-24 13:00:00,22.801,N
KRN001,2026-02-24 13:10:00,22.787,N
KRN001,2026-02-24 13:20:00,22.774,N
KRN001,2026-02-24 13:30:00,22.761,N
KRN001,2026-02-24 13:40:00,22.748,N
KRN001,2026-02-24 13:50:00,22.737,N
KRN001,2026-02-24 14:00:00,22.724,N
KRN001,2026-02-24 14:10:00,22.717,N
KRN001,2026-02-24 14:20:00,22.708,N
KRN001,2026-02-24 14:30:00,22.703,N
KRN001,2026-02-24 14:40:00,22.699,N
KRN001,2026-02-24 14:50:00,22.697,N
KRN001,2026-02-24 15:00:00,22.701,N
KRN001,2026-02-24 15:10:00,22.705,N
KRN001,2026-02-24 15:20:00,22.714,N
KRN001,2026-02-24 15:30:00,22.721,N
KRN001,2026-02-24 15:40:00,22.734,N
KRN001,2026-02-24 15:50:00,22.751,N
KRN001,2026-02-24 16:00:00,22.764,N
KRN001,2026-02-24 16:10:00,22.787,N
KRN001,2026-02-24 16:20:00,22.812,N
KRN001,2026-02-24 16:30:00,22.838,N
KRN001,2026-02-24 16:40:00,22.862,N
KRN001,2026-02-24 16:50:00,22.887,N
KRN001,2026-02-24 17:00:00,22.911,N
KRN001,2026-02-24 17:10:00,22.93,N
KRN001,2026-02-24 17:20:00,22.954,N
KRN001,2026-02-24 17:30:00,22.975,N
KRN001,2026-02-24 17:40:00,22.996,N
KRN001,2026-02-24 17:50:00,23.019,N
KRN001,2026-02-24 18:00:00,23.037,N
KRN001,2026-02-24 18:10:00,23.056,N
KRN001,2026-02-24 18:20:00,23.07,N
KRN001,2026-02-24 18:30:00,23.09,N
KRN001,2026-02-24 18:40:00,23.108,N
KRN001,2026-02-24 18:50:00,23.123,N
KRN001,2026-02-24 19:00:00,23.137,N
KRN001,2026-02-24 19:10:00,23.147,N
KRN001,2026-02-24 19:20:00,23.163,N
KRN001,2026-02-24 19:30:00,23.174,N
KRN001,2026-02-24 19:40:00,23.187,N
KRN001,2026-02-24 19:50:00,23.196,N
KRN001,2026-02-24 20:00:00,23.208,N
KRN001,2026-02-24 20:10:00,23.215,N
KRN001,2026-02-24 20:20:00,23.226,N
KRN001,2026-02-24 20:30:00,23.23,N
KRN001,2026-02-24 20:40:00,23.234,N
KRN001,2026-02-24 20:50:00,23.238,N
KRN001,2026-02-24 21:00:00,23.253,N
KRN001,2026-02-24 21:10:00,23.259,N
KRN001,2026-02-24 21:20:00,23.256,N
KRN001,2026-02-24 21:30:00,23.273,N
KRN001,2026-02-24 21:40:00,23.279,N
KRN001,2026-02-24 21:50:00,23.285,N
KRN001,2026-02-24 22:00:00,23.286,N
KRN001,2026-02-24 22:10:00,23.3,N
KRN001,2026-02-24 22:20:00,23.296,N
KRN001,2026-02-24 22:30:00,23.305,N
KRN001,2026-02-24 22:40:00,23.305,N
KRN001,2026-02-24 22:50:00,23.316,N
KRN001,2026-02-24 23:00:00,23.316,N
KRN001,2026-02-24 23:10:00,23.326,N
KRN001,2026-02-24 23:20:00,23.33,N
KRN001,2026-02-24 23:30:00,23.341,N
KRN001,2026-02-24 23:40:00,23.344,N
KRN001,2026-02-24 23:50:00,23.355,N
KRN001,2026-02-25 00:00:00,23.357,N
KRN001,2026-02-25 00:10:00,23.375,N
KRN001,2026-02-25 00:20:00,23.384,N
KRN001,2026-02-25 00:30:00,23.398,N
KRN001,2026-02-25 00:40:00,23.411,N
KRN001,2026-02-25 00:50:00,23.424,N
KRN001,2026-02-25 01:00:00,23.444,N
KRN001,2026-02-25 01:10:00,23.457,N
KRN001,2026-02-25 01:20:00,23.483,N
KRN001,2026-02-25 01:30:00,23.496,N
KRN001,2026-02-25 01:40:00,23.513,N
KRN001,2026-02-25 01:50:00,23.534,N
KRN001,2026-02-25 02:00:00,23.553,N
KRN001,2026-02-25 02:10:00,23.576,N
KRN001,2026-02-25 02:20:00,23.601,N
KRN001,2026-02-25 02:30:00,23.619,N
KRN001,2026-02-25 02:40:00,23.635,N
KRN001,2026-02-25 02:50:00,23.655,N
KRN001,2026-02-25 03:00:00,23.68,N
KRN001,2026-02-25 03:10:00,23.697,N
KRN001,2026-02-25 03:20:00,23.718,N
KRN001,2026-02-25 03:30:00,23.75,N
KRN001,2026-02-25 03:40:00,23.76,N
KRN001,2026-02-25 03:50:00,23.765,N
KRN001,2026-02-25 04:00:00,23.779,N
KRN001,2026-02-25 04:10:00,23.792,N
KRN001,2026-02-25 04:20:00,23.806,N
KRN001,2026-02-25 04:30:00,23.826,N
KRN001,2026-02-25 04:40:00,23.832,N
KRN001,2026-02-25 04:50:00,23.827,N
KRN001,2026-02-25 05:00:00,23.827,N
KRN001,2026-02-25 05:10:00,23.835,N
KRN001,2026-02-25 05:20:00,23.842,N
KRN001,2026-02-25 05:30:00,23.827,N
KRN001,2026-02-25 05:40:00,23.827,N
KRN001,2026-02-25 05:50:00,23.818,N
KRN001,2026-02-25 06:00:00,23.812,N
KRN001,2026-02-25 06:10:00,23.803,N
KRN001,2026-02-25 06:20:00,23.791,N
KRN001,2026-02-25 06:30:00,23.779,N
KRN001,2026-02-25 06:40:00,23.765,N
KRN001,2026-02-25 06:50:00,23.742,N
KRN001,2026-02-25 07:00:00,23.723,N
KRN001,2026-02-25 07:10:00,23.703,N
KRN001,2026-02-25 07:20:00,23.69,N
KRN001,2026-02-25 07:30:00,23.661,N
KRN001,2026-02-25 07:40:00,23.64,N
KRN001,2026-02-25 07:50:00,23.615,N
KRN001,2026-02-25 08:00:00,23.595,N
KRN001,2026-02-25 08:10:00,23.565,N
KRN001,2026-02-25 08:20:00,23.538,N
KRN001,2026-02-25 08:30:00,23.518,N
KRN001,2026-02-25 08:40:00,23.484,N
KRN001,2026-02-25 08:50:00,23.455,N
KRN001,2026-02-25 09:00:00,23.429,N
KRN001,2026-02-25 09:10:00,23.406,N
KRN001,2026-02-25 09:20:00,23.371,N
KRN001,2026-02-25 09:30:00,23.347,N
KRN001,2026-02-25 09:40:00,23.317,N
KRN001,2026-02-25 09:50:00,23.293,N
KRN001,2026-02-25 10:00:00,23.271,N
KRN001,2026-02-25 10:10:00,23.241,N
KRN001,2026-02-25 10:20:00,23.211,N
KRN001,2026-02-25 10:30:00,23.185,N
KRN001,2026-02-25 10:40:00,23.16,N
KRN001,2026-02-25 10:50:00,23.136,N
KRN001,2026-02-25 11:00:00,23.108,N
KRN001,2026-02-25 11:10:00,23.088,N
KRN001,2026-02-25 11:20:00,23.06,N
KRN001,2026-02-25 11:30:00,23.035,N
KRN001,2026-02-25 11:40:00,23.007,N
KRN001,2026-02-25 11:50:00,22.99,N
KRN001,2026-02-25 12:00:00,22.971,N
KRN001,2026-02-25 12:10:00,22.947,N
KRN001,2026-02-25 12:20:00,22.93,N
KRN001,2026-02-25 12:30:00,22.917,N
KRN001,2026-02-25 12:40:00,22.892,N
KRN001,2026-02-25 12:50:00,22.877,N
KRN001,2026-02-25 13:00:00,22.863,N
KRN001,2026-02-25 13:10:00,22.847,N
KRN001,2026-02-25 13:20:00,22.831,N
KRN001,2026-02-25 13:30:00,22.821,N
KRN001,2026-02-25 13:40:00,22.81,N
KRN001,2026-02-25 13:50:00,22.795,N
KRN001,2026-02-25 14:00:00,22.792,N
KRN001,2026-02-25 14:10:00,22.785,N
KRN001,2026-02-25 14:20:00,22.771,N
KRN001,2026-02-25 14:30:00,22.776,N
KRN001,2026-02-25 14:40:00,22.776,N
KRN001,2026-02-25 14:50:00,22.777,N
KRN001,2026-02-25 15:00:00,22.785,N
KRN001,2026-02-25 15:10:00,22.79,N
KRN001,2026-02-25 15:20:00,22.803,N
KRN001,2026-02-25 15:30:00,22.815,N
KRN001,2026-02-25 15:40:00,22.832,N
KRN001,2026-02-25 15:50:00,22.85,N
KRN001,2026-02-25 16:00:00,22.867,N
KRN001,2026-02-25 16:10:00,22.887,N
KRN001,2026-02-25 16:20:00,22.91,N
KRN001,2026-02-25 16:30:00,22.928,N
KRN001,2026-02-25 16:40:00,22.947,N
KRN001,2026-02-25 16:50:00,22.967,N
KRN001,2026-02-25 17:00:00,22.983,N
KRN001,2026-02-25 17:10:00,23.002,N
KRN001,2026-02-25 17:20:00,23.019,N
KRN001,2026-02-25 17:30:00,null,null
KRN001,2026-02-25 17:40:00,23.04,N
KRN001,2026-02-25 17:50:00,23.048,N
KRN001,2026-02-25 18:00:00,23.062,N
KRN001,2026-02-25 18:10:00,23.062,N
KRN001,2026-02-25 18:20:00,23.074,N
KRN001,2026-02-25 18:30:00,23.075,N
KRN001,2026-02-25 18:40:00,23.077,N
KRN001,2026-02-25 18:50:00,23.078,N
KRN001,2026-02-25 19:00:00,23.076,N
KRN001,2026-02-25 19:10:00,23.075,N
KRN001,2026-02-25 19:20:00,23.07,N
KRN001,2026-02-25 19:30:00,23.067,N
KRN001,2026-02-25 19:40:00,23.057,N
KRN001,2026-02-25 19:50:00,23.056,N
KRN001,2026-02-25 20:00:00,23.046,N
KRN001,2026-02-25 20:10:00,23.042,N
KRN001,2026-02-25 20:20:00,23.029,N
KRN001,2026-02-25 20:30:00,23.023,N
KRN001,2026-02-25 20:40:00,23.012,N
KRN001,2026-02-25 20:50:00,22.999,N
KRN001,2026-02-25 21:00:00,22.994,N
KRN001,2026-02-25 21:10:00,22.985,N
KRN001,2026-02-25 21:20:00,22.978,N
KRN001,2026-02-25 21:30:00,22.964,N
KRN001,2026-02-25 21:40:00,22.961,N
KRN001,2026-02-25 21:50:00,22.953,N
KRN001,2026-02-25 22:00:00,22.948,N
KRN001,2026-02-25 22:10:00,22.946,N
KRN001,2026-02-25 22:20:00,22.949,N
KRN001,2026-02-25 22:30:00,22.952,N
KRN001,2026-02-25 22:40:00,22.972,N
KRN001,2026-02-25 22:50:00,22.988,N
KRN001,2026-02-25 23:00:00,23.012,N
KRN001,2026-02-25 23:10:00,23.041,N
KRN001,2026-02-25 23:20:00,23.074,N
KRN001,2026-02-25 23:30:00,23.108,N
KRN001,2026-02-25 23:40:00,23.147,N
KRN001,2026-02-25 23:50:00,23.189,N
KRN001,2026-02-26 00:00:00,23.233,N
KRN001,2026-02-26 00:10:00,23.279,N
KRN001,2026-02-26 00:20:00,23.316,N
KRN001,2026-02-26 00:30:00,23.362,N
KRN001,2026-02-26 00:40:00,23.402,N
KRN001,2026-02-26 00:50:00,23.446,N
KRN001,2026-02-26 01:00:00,23.484,N
KRN001,2026-02-26 01:10:00,23.525,N
KRN001,2026-02-26 01:20:00,23.565,N
KRN001,2026-02-26 01:30:00,23.6,N
KRN001,2026-02-26 01:40:00,23.63,N
KRN001,2026-02-26 01:50:00,23.665,N
KRN001,2026-02-26 02:00:00,23.694,N
KRN001,2026-02-26 02:10:00,23.723,N
KRN001,2026-02-26 02:20:00,23.751,N
KRN001,2026-02-26 02:30:00,23.785,N
KRN001,2026-02-26 02:40:00,23.804,N
KRN001,2026-02-26 02:50:00,23.839,N
KRN001,2026-02-26 03:00:00,23.858,N
KRN001,2026-02-26 03:10:00,23.878,N
KRN001,2026-02-26 03:20:00,23.899,N
KRN001,2026-02-26 03:30:00,23.933,N
KRN001,2026-02-26 03:40:00,23.94,N
KRN001,2026-02-26 03:50:00,23.953,N
KRN001,2026-02-26 04:00:00,23.97,N
KRN001,2026-02-26 04:10:00,23.981,N
KRN001,2026-02-26 04:20:00,23.996,N
KRN001,2026-02-26 04:30:00,23.999,N
KRN001,2026-02-26 04:40:00,24.019,N
KRN001,2026-02-26 04:50:00,24.022,N
KRN001,2026-02-26 05:00:00,24.023,N
KRN001,2026-02-26 05:10:00,24.028,N
KRN001,2026-02-26 05:20:00,24.028,N
KRN001,2026-02-26 05:30:00,24.026,N
KRN001,2026-02-26 05:40:00,24.025,N
KRN001,2026-02-26 05:50:00,24.016,N
KRN001,2026-02-26 06:00:00,23.999,N
KRN001,2026-02-26 06:10:00,24.004,N
KRN001,2026-02-26 06:20:00,23.99,N
KRN001,2026-02-26 06:30:00,23.978,N
KRN001,2026-02-26 06:40:00,23.961,N
KRN001,2026-02-26 06:50:00,23.941,N
KRN001,2026-02-26 07:00:00,23.915,N
KRN001,2026-02-26 07:10:00,23.905,N
KRN001,2026-02-26 07:20:00,23.883,N
KRN001,2026-02-26 07:30:00,23.866,N
KRN001,2026-02-26 07:40:00,23.837,N
KRN001,2026-02-26 07:50:00,23.812,N
KRN001,2026-02-26 08:00:00,23.79,N
KRN001,2026-02-26 08:10:00,23.763,N
KRN001,2026-02-26 08:20:00,23.726,N
KRN001,2026-02-26 08:30:00,23.708,N
KRN001,2026-02-26 08:40:00,23.677,N
KRN001,2026-02-26 08:50:00,23.647,N
KRN001,2026-02-26 09:00:00,23.613,N
KRN001,2026-02-26 09:10:00,23.582,N
KRN001,2026-02-26 09:20:00,23.553,N
KRN001,2026-02-26 09:30:00,23.52,N
KRN001,2026-02-26 09:40:00,23.49,N
KRN001,2026-02-26 09:50:00,23.46,N
KRN001,2026-02-26 10:00:00,23.426,N
KRN001,2026-02-26 10:10:00,23.401,N
KRN001,2026-02-26 10:20:00,23.368,N
KRN001,2026-02-26 10:30:00,23.339,N
KRN001,2026-02-26 10:40:00,23.307,N
KRN001,2026-02-26 10:50:00,23.282,N
KRN001,2026-02-26 11:00:00,23.252,N
KRN001,2026-02-26 11:10:00,23.226,N
KRN001,2026-02-26 11:20:00,23.194,N
KRN001,2026-02-26 11:30:00,23.173,N
KRN001,2026-02-26 11:40:00,23.145,N
KRN001,2026-02-26 11:50:00,23.126,N
KRN001,2026-02-26 12:00:00,23.095,N
KRN001,2026-02-26 12:10:00,23.069,N
KRN001,2026-02-26 12:20:00,23.046,N
KRN001,2026-02-26 12:30:00,23.028,N
KRN001,2026-02-26 12:40:00,23.009,N
KRN001,2026-02-26 12:50:00,22.983,N
KRN001,2026-02-26 13:00:00,22.974,N
KRN001,2026-02-26 13:10:00,22.955,N
KRN001,2026-02-26 13:20:00,22.941,N
KRN001,2026-02-26 13:30:00,22.926,N
KRN001,2026-02-26 13:40:00,22.914,N
KRN001,2026-02-26 13:50:00,22.9,N
KRN001,2026-02-26 14:00:00,22.89,N
KRN001,2026-02-26 14:10:00,22.88,N
KRN001,2026-02-26 14:20:00,22.879,N
KRN001,2026-02-26 14:30:00,22.877,N
KRN001,2026-02-26 14:40:00,22.872,N
KRN001,2026-02-26 14:50:00,22.876,N
KRN001,2026-02-26 15:00:00,22.883,N
KRN001,2026-02-26 15:10:00,22.89,N
KRN001,2026-02-26 15:20:00,22.906,N
KRN001,2026-02-26 15:30:00,22.907,N
KRN001,2026-02-26 15:40:00,22.932,N
KRN001,2026-02-26 15:50:00,22.946,N
KRN001,2026-02-26 16:00:00,22.96,N
KRN001,2026-02-26 16:10:00,22.975,N
KRN001,2026-02-26 16:20:00,22.995,N
KRN001,2026-02-26 16:30:00,23.006,N
KRN001,2026-02-26 16:40:00,23.026,N
KRN001,2026-02-26 16:50:00,23.036,N
KRN001,2026-02-26 17:00:00,23.061,N
KRN001,2026-02-26 17:10:00,23.076,N
KRN001,2026-02-26 17:20:00,23.111,N
KRN001,2026-02-26 17:30:00,23.138,N
KRN001,2026-02-26 17:40:00,23.149,N
KRN001,2026-02-26 17:50:00,23.147,N
KRN001,2026-02-26 18:00:00,23.146,N
KRN001,2026-02-26 18:10:00,23.143,N
KRN001,2026-02-26 18:20:00,23.139,N
KRN001,2026-02-26 18:30:00,23.138,N
KRN001,2026-02-26 18:40:00,23.13,N
KRN001,2026-02-26 18:50:00,23.138,N
KRN001,2026-02-26 19:00:00,23.136,N
KRN001,2026-02-26 19:10:00,23.125,N
KRN001,2026-02-26 19:20:00,23.129,N
KRN001,2026-02-26 19:30:00,23.121,N
KRN001,2026-02-26 19:40:00,23.112,N
KRN001,2026-02-26 19:50:00,23.109,N
KRN001,2026-02-26 20:00:00,23.096,N
KRN001,2026-02-26 20:10:00,23.083,N
KRN001,2026-02-26 20:20:00,23.076,N
KRN001,2026-02-26 20:30:00,23.068,N
KRN001,2026-02-26 20:40:00,23.055,N
KRN001,2026-02-26 20:50:00,23.044,N
KRN001,2026-02-26 21:00:00,23.033,N
KRN001,2026-02-26 21:10:00,23.017,N
KRN001,2026-02-26 21:20:00,23.012,N
KRN001,2026-02-26 21:30:00,23.003,N
KRN001,2026-02-26 21:40:00,22.999,N
KRN001,2026-02-26 21:50:00,22.994,N
KRN001,2026-02-26 22:00:00,22.99,N
KRN001,2026-02-26 22:10:00,22.992,N
KRN001,2026-02-26 22:20:00,23.001,N
KRN001,2026-02-26 22:30:00,23.012,N
KRN001,2026-02-26 22:40:00,23.027,N
KRN001,2026-02-26 22:50:00,23.05,N
KRN001,2026-02-26 23:00:00,23.069,N
KRN001,2026-02-26 23:10:00,23.102,N
KRN001,2026-02-26 23:20:00,23.131,N
KRN001,2026-02-26 23:30:00,23.165,N
KRN001,2026-02-26 23:40:00,23.204,N
KRN001,2026-02-26 23:50:00,23.244,N
KRN001,2026-02-27 00:00:00,23.279,N
KRN001,2026-02-27 00:10:00,23.32,N
KRN001,2026-02-27 00:20:00,23.357,N
KRN001,2026-02-27 00:30:00,23.397,N
KRN001,2026-02-27 00:40:00,23.428,N
KRN001,2026-02-27 00:50:00,23.466,N
KRN001,2026-02-27 01:00:00,23.505,N
KRN001,2026-02-27 01:10:00,23.541,N
KRN001,2026-02-27 01:20:00,23.569,N
KRN001,2026-02-27 01:30:00,23.6,N
KRN001,2026-02-27 01:40:00,23.624,N
KRN001,2026-02-27 01:50:00,23.658,N
KRN001,2026-02-27 02:00:00,23.695,N
KRN001,2026-02-27 02:10:00,23.715,N
KRN001,2026-02-27 02:20:00,23.748,N
KRN001,2026-02-27 02:30:00,23.77,N
KRN001,2026-02-27 02:40:00,23.787,N
KRN001,2026-02-27 02:50:00,23.81,N
KRN001,2026-02-27 03:00:00,23.83,N
KRN001,2026-02-27 03:10:00,23.855,N
KRN001,2026-02-27 03:20:00,23.874,N
KRN001,2026-02-27 03:30:00,23.893,N
KRN001,2026-02-27 03:40:00,23.902,N
KRN001,2026-02-27 03:50:00,23.921,N
KRN001,2026-02-27 04:00:00,23.935,N
KRN001,2026-02-27 04:10:00,23.949,N
KRN001,2026-02-27 04:20:00,23.958,N
KRN001,2026-02-27 04:30:00,23.963,N
KRN001,2026-02-27 04:40:00,23.969,N
KRN001,2026-02-27 04:50:00,23.974,N
KRN001,2026-02-27 05:00:00,23.96,N
KRN001,2026-02-27 05:10:00,23.975,N
KRN001,2026-02-27 05:20:00,23.971,N
KRN001,2026-02-27 05:30:00,23.974,N
KRN001,2026-02-27 05:40:00,23.969,N
KRN001,2026-02-27 05:50:00,23.955,N
KRN001,2026-02-27 06:00:00,23.949,N
KRN001,2026-02-27 06:10:00,23.927,N
KRN001,2026-02-27 06:20:00,23.92,N
KRN001,2026-02-27 06:30:00,23.903,N
KRN001,2026-02-27 06:40:00,23.88,N
KRN001,2026-02-27 06:50:00,23.86,N
KRN001,2026-02-27 07:00:00,23.844,N
KRN001,2026-02-27 07:10:00,23.825,N
KRN001,2026-02-27 07:20:00,23.803,N
KRN001,2026-02-27 07:30:00,23.778,N
KRN001,2026-02-27 07:40:00,23.75,N
KRN001,2026-02-27 07:50:00,23.723,N
KRN001,2026-02-27 08:00:00,23.704,N
KRN001,2026-02-27 08:10:00,23.675,N
KRN001,2026-02-27 08:20:00,23.649,N
KRN001,2026-02-27 08:30:00,23.615,N
KRN001,2026-02-27 08:40:00,23.583,N
KRN001,2026-02-27 08:50:00,23.562,N
KRN001,2026-02-27 09:00:00,23.531,N
KRN001,2026-02-27 09:10:00,23.504,N
KRN001,2026-02-27 09:20:00,23.467,N
KRN001,2026-02-27 09:30:00,23.438,N
KRN001,2026-02-27 09:40:00,23.412,N
KRN001,2026-02-27 09:50:00,23.384,N
KRN001,2026-02-27 10:00:00,23.354,N
KRN001,2026-02-27 10:10:00,23.33,N
KRN001,2026-02-27 10:20:00,23.299,N
KRN001,2026-02-27 10:30:00,23.272,N
KRN001,2026-02-27 10:40:00,23.246,N
KRN001,2026-02-27 10:50:00,23.218,N
KRN001,2026-02-27 11:00:00,23.194,N
KRN001,2026-02-27 11:10:00,23.172,N
KRN001,2026-02-27 11:20:00,23.146,N
KRN001,2026-02-27 11:30:00,23.124,N
KRN001,2026-02-27 11:40:00,23.092,N
KRN001,2026-02-27 11:50:00,23.074,N
KRN001,2026-02-27 12:00:00,23.05,N
KRN001,2026-02-27 12:10:00,23.031,N
KRN001,2026-02-27 12:20:00,23.013,N
KRN001,2026-02-27 12:30:00,22.98,N
KRN001,2026-02-27 12:40:00,22.973,N
KRN001,2026-02-27 12:50:00,22.956,N
KRN001,2026-02-27 13:00:00,22.94,N
KRN001,2026-02-27 13:10:00,22.926,N
KRN001,2026-02-27 13:20:00,22.908,N
KRN001,2026-02-27 13:30:00,22.893,N
KRN001,2026-02-27 13:40:00,22.88,N
KRN001,2026-02-27 13:50:00,22.867,N
KRN001,2026-02-27 14:00:00,22.844,N
KRN001,2026-02-27 14:10:00,22.849,N
KRN001,2026-02-27 14:20:00,22.842,N
KRN001,2026-02-27 14:30:00,22.836,N
KRN001,2026-02-27 14:40:00,22.836,N
KRN001,2026-02-27 14:50:00,22.839,N
KRN001,2026-02-27 15:00:00,22.844,N
KRN001,2026-02-27 15:10:00,22.852,N
KRN001,2026-02-27 15:20:00,22.863,N
KRN001,2026-02-27 15:30:00,22.872,N
KRN001,2026-02-27 15:40:00,22.886,N
KRN001,2026-02-27 15:50:00,22.904,N
KRN001,2026-02-27 16:00:00,22.92,N
KRN001,2026-02-27 16:10:00,22.933,N
KRN001,2026-02-27 16:20:00,22.955,N
KRN001,2026-02-27 16:30:00,22.969,N
KRN001,2026-02-27 16:40:00,22.992,N
KRN001,2026-02-27 16:50:00,23.005,N
KRN001,2026-02-27 17:00:00,23.02,N
KRN001,2026-02-27 17:10:00,23.039,N
KRN001,2026-02-27 17:20:00,23.051,N
KRN001,2026-02-27 17:30:00,23.06,N
KRN001,2026-02-27 17:40:00,23.074,N
KRN001,2026-02-27 17:50:00,23.075,N
KRN001,2026-02-27 18:00:00,23.085,N
KRN001,2026-02-27 18:10:00,23.095,N
KRN001,2026-02-27 18:20:00,23.097,N
KRN001,2026-02-27 18:30:00,23.103,N
KRN001,2026-02-27 18:40:00,23.101,N
KRN001,2026-02-27 18:50:00,23.099,N
KRN001,2026-02-27 19:00:00,23.098,N
KRN001,2026-02-27 19:10:00,23.094,N
KRN001,2026-02-27 19:20:00,23.095,N
KRN001,2026-02-27 19:30:00,23.088,N
KRN001,2026-02-27 19:40:00,23.084,N
KRN001,2026-02-27 19:50:00,23.08,N
KRN001,2026-02-27 20:00:00,23.069,N
KRN001,2026-02-27 20:10:00,23.061,N
KRN001,2026-02-27 20:20:00,23.053,N
KRN001,2026-02-27 20:30:00,23.036,N
KRN001,2026-02-27 20:40:00,23.031,N
KRN001,2026-02-27 20:50:00,23.021,N
KRN001,2026-02-27 21:00:00,23.014,N
KRN001,2026-02-27 21:10:00,23.005,N
KRN001,2026-02-27 21:20:00,22.997,N
KRN001,2026-02-27 21:30:00,22.994,N
KRN001,2026-02-27 21:40:00,22.99,N
KRN001,2026-02-27 21:50:00,22.99,N
KRN001,2026-02-27 22:00:00,22.997,N
KRN001,2026-02-27 22:10:00,23.007,N
KRN001,2026-02-27 22:20:00,23.02,N
KRN001,2026-02-27 22:30:00,23.036,N
KRN001,2026-02-27 22:40:00,23.065,N
KRN001,2026-02-27 22:50:00,23.094,N
KRN001,2026-02-27 23:00:00,23.119,N
KRN001,2026-02-27 23:10:00,23.156,N
KRN001,2026-02-27 23:20:00,23.193,N
KRN001,2026-02-27 23:30:00,23.222,N
KRN001,2026-02-27 23:40:00,23.273,N
KRN001,2026-02-27 23:50:00,23.316,N
KRN001,2026-02-28 00:00:00,23.344,N
KRN001,2026-02-28 00:10:00,23.38,N
KRN001,2026-02-28 00:20:00,23.428,N
KRN001,2026-02-28 00:30:00,23.46,N
KRN001,2026-02-28 00:40:00,23.49,N
KRN001,2026-02-28 00:50:00,23.535,N
KRN001,2026-02-28 01:00:00,23.566,N
KRN001,2026-02-28 01:10:00,23.602,N
KRN001,2026-02-28 01:20:00,23.623,N
KRN001,2026-02-28 01:30:00,23.658,N
KRN001,2026-02-28 01:40:00,23.681,N
KRN001,2026-02-28 01:50:00,23.695,N
KRN001,2026-02-28 02:00:00,23.735,N
KRN001,2026-02-28 02:10:00,23.76,N
KRN001,2026-02-28 02:20:00,23.781,N
KRN001,2026-02-28 02:30:00,23.8,N
KRN001,2026-02-28 02:40:00,23.819,N
KRN001,2026-02-28 02:50:00,23.851,N
KRN001,2026-02-28 03:00:00,23.86,N
KRN001,2026-02-28 03:10:00,23.876,N
KRN001,2026-02-28 03:20:00,23.892,N
KRN001,2026-02-28 03:30:00,23.919,N
KRN001,2026-02-28 03:40:00,23.933,N
KRN001,2026-02-28 03:50:00,23.943,N
KRN001,2026-02-28 04:00:00,23.947,N
KRN001,2026-02-28 04:10:00,23.955,N
KRN001,2026-02-28 04:20:00,23.973,N
KRN001,2026-02-28 04:30:00,23.977,N
KRN001,2026-02-28 04:40:00,23.975,N
KRN001,2026-02-28 04:50:00,23.987,N
KRN001,2026-02-28 05:00:00,23.981,N
KRN001,2026-02-28 05:10:00,23.974,N
KRN001,2026-02-28 05:20:00,23.976,N
KRN001,2026-02-28 05:30:00,23.978,N
KRN001,2026-02-28 05:40:00,23.963,N
KRN001,2026-02-28 05:50:00,23.95,N
KRN001,2026-02-28 06:00:00,23.943,N
KRN001,2026-02-28 06:10:00,23.934,N
KRN001,2026-02-28 06:20:00,23.921,N
KRN001,2026-02-28 06:30:00,23.903,N
KRN001,2026-02-28 06:40:00,23.883,N
KRN001,2026-02-28 06:50:00,23.861,N
KRN001,2026-02-28 07:00:00,23.844,N
KRN001,2026-02-28 07:10:00,23.82,N
KRN001,2026-02-28 07:20:00,23.793,N
KRN001,2026-02-28 07:30:00,23.771,N
KRN001,2026-02-28 07:40:00,23.746,N
KRN001,2026-02-28 07:50:00,23.717,N
KRN001,2026-02-28 08:00:00,23.69,N
KRN001,2026-02-28 08:10:00,23.66,N
KRN001,2026-02-28 08:20:00,23.634,N
KRN001,2026-02-28 08:30:00,23.607,N
KRN001,2026-02-28 08:40:00,23.572,N
KRN001,2026-02-28 08:50:00,23.545,N
KRN001,2026-02-28 09:00:00,23.524,N
KRN001,2026-02-28 09:10:00,23.489,N
KRN001,2026-02-28 09:20:00,23.458,N
KRN001,2026-02-28 09:30:00,23.423,N
KRN001,2026-02-28 09:40:00,23.397,N
KRN001,2026-02-28 09:50:00,23.37,N
KRN001,2026-02-28 10:00:00,23.341,N
KRN001,2026-02-28 10:10:00,23.316,N
KRN001,2026-02-28 10:20:00,23.288,N
KRN001,2026-02-28 10:30:00,23.261,N
KRN001,2026-02-28 10:40:00,23.232,N
KRN001,2026-02-28 10:50:00,23.205,N
KRN001,2026-02-28 11:00:00,23.177,N
KRN001,2026-02-28 11:10:00,23.157,N
KRN001,2026-02-28 11:20:00,23.133,N
KRN001,2026-02-28 11:30:00,23.109,N
KRN001,2026-02-28 11:40:00,23.087,N
KRN001,2026-02-28 11:50:00,23.065,N
KRN001,2026-02-28 12:00:00,23.043,N
KRN001,2026-02-28 12:10:00,23.026,N
KRN001,2026-02-28 12:20:00,23.009,N
KRN001,2026-02-28 12:30:00,22.982,N
KRN001,2026-02-28 12:40:00,22.971,N
KRN001,2026-02-28 12:50:00,22.951,N
KRN001,2026-02-28 13:00:00,22.933,N
KRN001,2026-02-28 13:10:00,22.918,N
KRN001,2026-02-28 13:20:00,22.905,N
KRN001,2026-02-28 13:30:00,22.892,N
KRN001,2026-02-28 13:40:00,22.879,N
KRN001,2026-02-28 13:50:00,22.869,N
KRN001,2026-02-28 14:00:00,22.858,N
KRN001,2026-02-28 14:10:00,22.85,N
KRN001,2026-02-28 14:20:00,22.844,N
KRN001,2026-02-28 14:30:00,22.842,N
KRN001,2026-02-28 14:40:00,22.838,N
KRN001,2026-02-28 14:50:00,22.837,N
KRN001,2026-02-28 15:00:00,22.842,N
KRN001,2026-02-28 15:10:00,22.846,N
KRN001,2026-02-28 15:20:00,22.851,N
KRN001,2026-02-28 15:30:00,22.86,N
KRN001,2026-02-28 15:40:00,22.867,N
KRN001,2026-02-28 15:50:00,22.878,N
KRN001,2026-02-28 16:00:00,22.885,N
KRN001,2026-02-28 16:10:00,22.896,N
KRN001,2026-02-28 16:20:00,22.904,N
KRN001,2026-02-28 16:30:00,22.913,N
KRN001,2026-02-28 16:40:00,22.922,N
KRN001,2026-02-28 16:50:00,22.928,N
KRN001,2026-02-28 17:00:00,22.934,N
KRN001,2026-02-28 17:10:00,22.941,N
KRN001,2026-02-28 17:20:00,22.945,N
KRN001,2026-02-28 17:30:00,22.938,N
KRN001,2026-02-28 17:40:00,22.948,N
KRN001,2026-02-28 17:50:00,22.947,N
KRN001,2026-02-28 18:00:00,22.945,N
KRN001,2026-02-28 18:10:00,22.944,N
KRN001,2026-02-28 18:20:00,22.941,N
KRN001,2026-02-28 18:30:00,22.939,N
KRN001,2026-02-28 18:40:00,22.935,N
KRN001,2026-02-28 18:50:00,22.921,N
KRN001,2026-02-28 19:00:00,22.924,N
KRN001,2026-02-28 19:10:00,22.925,N
KRN001,2026-02-28 19:20:00,22.917,N
KRN001,2026-02-28 19:30:00,22.924,N
KRN001,2026-02-28 19:40:00,22.92,N
KRN001,2026-02-28 19:50:00,22.925,N
KRN001,2026-02-28 20:00:00,22.933,N
KRN001,2026-02-28 20:10:00,22.947,N
KRN001,2026-02-28 20:20:00,22.962,N
KRN001,2026-02-28 20:30:00,22.986,N
KRN001,2026-02-28 20:40:00,23.013,N
KRN001,2026-02-28 20:50:00,23.04,N
KRN001,2026-02-28 21:00:00,23.075,N
KRN001,2026-02-28 21:10:00,23.108,N
KRN001,2026-02-28 21:20:00,23.153,N
KRN001,2026-02-28 21:30:00,23.194,N
KRN001,2026-02-28 21:40:00,23.234,N
KRN001,2026-02-28 21:50:00,23.278,N
KRN001,2026-02-28 22:00:00,23.32,N
KRN001,2026-02-28 22:10:00,23.36,N
KRN001,2026-02-28 22:20:00,23.399,N
KRN001,2026-02-28 22:30:00,23.44,N
KRN001,2026-02-28 22:40:00,23.48,N
KRN001,2026-02-28 22:50:00,23.512,N
KRN001,2026-02-28 23:00:00,23.551,N
KRN001,2026-02-28 23:10:00,23.582,N
KRN001,2026-02-28 23:20:00,23.621,N
KRN001,2026-02-28 23:30:00,23.644,N
KRN001,2026-02-28 23:40:00,23.669,N
KRN001,2026-02-28 23:50:00,23.698,N
