{
  "type": "FeatureCollection",
  "features": [
    {
      "type": "Feature",
      "id": "CONF_0001",
      "properties": {
        "confluence_id": "CONF_0001",
        "connected_reaches": 3,
        "elevation_m": 100.0
      },
      "geometry": {
        "type": "Point",
        "coordinates": [
          100.2809,
          19.1566
        ]
      }
    },
    {
      "type": "Feature",
      "id": "CONF_0002",
      "properties": {
        "confluence_id": "CONF_0002",
        "connected_reaches": 3,
        "elevation_m": 100.0
      },
      "geometry": {
        "type": "Point",
        "coordinates": [
          100.9557,
          16.7961
        ]
      }
    },
    {
      "type": "Feature",
      "id": "CONF_0003",
      "properties": {
        "confluence_id": "CONF_0003",
        "connected_reaches": 2,
        "elevation_m": 100.0
      },
      "geometry": {
        "type": "Point",
        "coordinates": [
          100.2822,
          17.4468
        ]
      }
    },
    {
      "type": "Feature",
      "id": "CONF_0004",
      "properties": {
        "confluence_id": "CONF_0004",
        "connected_reaches": 3,
        "elevation_m": 100.0
      },
      "geometry": {
        "type": "Point",
        "coordinates": [
          100.6325,
          16.7957
        ]
      }
    },
    {
      "type": "Feature",
      "id": "CONF_0005",
      "properties": {
        "confluence_id": "CONF_0005",
        "connected_reaches": 2,
        "elevation_m": 100.0
      },
      "geometry": {
        "type": "Point",
        "coordinates": [
          100.5628,
          17.7644
        ]
      }
    },
    {
      "type": "Feature",
      "id": "CONF_0006",
      "properties": {
        "confluence_id": "CONF_0006",
        "connected_reaches": 2,
        "elevation_m": 100.0
      },
      "geometry": {
        "type": "Point",
        "coordinates": [
          101.1548,
          19.3815
        ]
      }
    },
    {
      "type": "Feature",
      "id": "CONF_0007",
      "properties": {
        "confluence_id": "CONF_0007",
        "connected_reaches": 2,
        "elevation_m": 100.0
      },
      "geometry": {
        "type": "Point",
        "coordinates": [
          101.0502,
          19.552
        ]
      }
    },
    {
      "type": "Feature",
      "id": "CONF_0008",
      "properties": {
        "confluence_id": "CONF_0008",
        "connected_reaches": 2,
        "elevation_m": 100.0
      },
      "geometry": {
        "type": "Point",
        "coordinates": [
          101.4742,
          17.1233
        ]
      }
    },
    {
      "type": "Feature",
      "id": "CONF_0009",
      "properties": {
        "confluence_id": "CONF_0009",
        "connected_reaches": 3,
        "elevation_m": 100.0
      },
      "geometry": {
        "type": "Point",
        "coordinates": [
          100.9676,
          17.5715
        ]
      }
    },
    {
      "type": "Feature",
      "id": "CONF_0010",
      "properties": {
        "confluence_id": "CONF_0010",
        "connected_reaches": 2,
        "elevation_m": 100.0
      },
      "geometry": {
        "type": "Point",
        "coordinates": [
          101.3206,
          17.4402
        ]
      }
    },
    {
      "type": "Feature",
      "id": "CONF_0011",
      "properties": {
        "confluence_id": "CONF_0011",
        "connected_reaches": 2,
        "elevation_m": 100.0
      },
      "geometry": {
        "type": "Point",
        "coordinates": [
          100.9426,
          16.6811
        ]
      }
    },
    {
      "type": "Feature",
      "id": "CONF_0012",
      "properties": {
        "confluence_id": "CONF_0012",
        "connected_reaches": 2,
        "elevation_m": 100.0
      },
      "geometry": {
        "type": "Point",
        "coordinates": [
          100.3927,
          16.662
        ]
      }
    },
    {
      "type": "Feature",
      "id": "CONF_0013",
      "properties": {
        "confluence_id": "CONF_0013",
        "connected_reaches": 2,
        "elevation_m": 100.0
      },
      "geometry": {
        "type": "Point",
        "coordinates": [
          100.3054,
          16.4488
        ]
      }
    },
    {
      "type": "Feature",
      "id": "CONF_0014",
      "properties": {
        "confluence_id": "CONF_0014",
        "connected_reaches": 2,
        "elevation_m": 100.0
      },
      "geometry": {
        "type": "Point",
        "coordinates": [
          99.8539,
          17.1697
        ]
      }
    },
    {
      "type": "Feature",
      "id": "CONF_0015",
      "properties": {
        "confluence_id": "CONF_0015",
        "connected_reaches": 3,
        "elevation_m": 100.0
      },
      "geometry": {
        "type": "Point",
        "coordinates": [
          99.88,
          16.9049
        ]
      }
    },
    {
      "type": "Feature",
      "id": "CONF_0016",
      "properties": {
        "confluence_id": "CONF_0016",
        "connected_reaches": 2,
        "elevation_m": 100.0
      },
      "geometry": {
        "type": "Point",
        "coordinates": [
          100.7609,
          19.8725
        ]
      }
    },
    {
      "type": "Feature",
      "id": "CONF_0017",
      "properties": {
        "confluence_id": "CONF_0017",
        "connected_reaches": 2,
        "elevation_m": 100.0
      },
      "geometry": {
        "type": "Point",
        "coordinates": [
          100.8468,
          19.2973
        ]
      }
    },
    {
      "type": "Feature",
      "id": "CONF_0018",
      "properties": {
        "confluence_id": "CONF_0018",
        "connected_reaches": 2,
        "elevation_m": 100.0
      },
      "geometry": {
        "type": "Point",
        "coordinates": [
          100.8341,
          19.1847
        ]
      }
    },
    {
      "type": "Feature",
      "id": "CONF_0019",
      "properties": {
        "confluence_id": "CONF_0019",
        "connected_reaches": 2,
        "elevation_m": 100.0
      },
      "geometry": {
        "type": "Point",
        "coordinates": [
          100.8765,
          19.4968
        ]
      }
    },
    {
      "type": "Feature",
      "id": "CONF_0020",
      "properties": {
        "confluence_id": "CONF_0020",
        "connected_reaches": 2,
        "elevation_m": 100.0
      },
      "geometry": {
        "type": "Point",
        "coordinates": [
          100.8401,
          19.4092
        ]
      }
    },
    {
      "type": "Feature",
      "id": "CONF_0021",
      "properties": {
        "confluence_id": "CONF_0021",
        "connected_reaches": 2,
        "elevation_m": 100.0
      },
      "geometry": {
        "type": "Point",
        "coordinates": [
          100.7852,
          19.0663
        ]
      }
    },
    {
      "type": "Feature",
      "id": "CONF_0022",
      "properties": {
        "confluence_id": "CONF_0022",
        "connected_reaches": 2,
        "elevation_m": 100.0
      },
      "geometry": {
        "type": "Point",
        "coordinates": [
          100.7725,
          18.9598
        ]
      }
    },
    {
      "type": "Feature",
      "id": "CONF_0023",
      "properties": {
        "confluence_id": "CONF_0023",
        "connected_reaches": 3,
        "elevation_m": 100.0
      },
      "geometry": {
        "type": "Point",
        "coordinates": [
          100.7761,
          18.5166
        ]
      }
    },
    {
      "type": "Feature",
      "id": "CONF_0024",
      "properties": {
        "confluence_id": "CONF_0024",
        "connected_reaches": 2,
        "elevation_m": 100.0
      },
      "geometry": {
        "type": "Point",
        "coordinates": [
          100.8907,
          18.3135
        ]
      }
    },
    {
      "type": "Feature",
      "id": "CONF_0025",
      "properties": {
        "confluence_id": "CONF_0025",
        "connected_reaches": 2,
        "elevation_m": 100.0
      },
      "geometry": {
        "type": "Point",
        "coordinates": [
          100.7498,
          18.7018
        ]
      }
    },
    {
      "type": "Feature",
      "id": "CONF_0026",
      "properties": {
        "confluence_id": "CONF_0026",
        "connected_reaches": 2,
        "elevation_m": 100.0
      },
      "geometry": {
        "type": "Point",
        "coordinates": [
          101.0315,
          18.7378
        ]
      }
    },
    {
      "type": "Feature",
      "id": "CONF_0027",
      "properties": {
        "confluence_id": "CONF_0027",
        "connected_reaches": 2,
        "elevation_m": 100.0
      },
      "geometry": {
        "type": "Point",
        "coordinates": [
          101.0048,
          18.6155
        ]
      }
    },
    {
      "type": "Feature",
      "id": "CONF_0028",
      "properties": {
        "confluence_id": "CONF_0028",
        "connected_reaches": 2,
        "elevation_m": 100.0
      },
      "geometry": {
        "type": "Point",
        "coordinates": [
          100.6859,
          18.0516
        ]
      }
    },
    {
      "type": "Feature",
      "id": "CONF_0029",
      "properties": {
        "confluence_id": "CONF_0029",
        "connected_reaches": 2,
        "elevation_m": 100.0
      },
      "geometry": {
        "type": "Point",
        "coordinates": [
          100.2357,
          17.6365
        ]
      }
    },
    {
      "type": "Feature",
      "id": "CONF_0030",
      "properties": {
        "confluence_id": "CONF_0030",
        "connected_reaches": 2,
        "elevation_m": 100.0
      },
      "geometry": {
        "type": "Point",
        "coordinates": [
          100.1019,
          17.539
        ]
      }
    },
    {
      "type": "Feature",
      "id": "CONF_0031",
      "properties": {
        "confluence_id": "CONF_0031",
        "connected_reaches": 2,
        "elevation_m": 100.0
      },
      "geometry": {
        "type": "Point",
        "coordinates": [
          100.0866,
          17.2597
        ]
      }
    },
    {
      "type": "Feature",
      "id": "CONF_0032",
      "properties": {
        "confluence_id": "CONF_0032",
        "connected_reaches": 2,
        "elevation_m": 100.0
      },
      "geometry": {
        "type": "Point",
        "coordinates": [
          100.1996,
          17.0308
        ]
      }
    },
    {
      "type": "Feature",
      "id": "CONF_0033",
      "properties": {
        "confluence_id": "CONF_0033",
        "connected_reaches": 2,
        "elevation_m": 100.0
      },
      "geometry": {
        "type": "Point",
        "coordinates": [
          100.2639,
          16.8304
        ]
      }
    },
    {
      "type": "Feature",
      "id": "CONF_0034",
      "properties": {
        "confluence_id": "CONF_0034",
        "connected_reaches": 2,
        "elevation_m": 100.0
      },
      "geometry": {
        "type": "Point",
        "coordinates": [
          100.2342,
          16.6567
        ]
      }
    },
    {
      "type": "Feature",
      "id": "CONF_0035",
      "properties": {
        "confluence_id": "CONF_0035",
        "connected_reaches": 2,
        "elevation_m": 100.0
      },
      "geometry": {
        "type": "Point",
        "coordinates": [
          100.2737,
          16.4984
        ]
      }
    },
    {
      "type": "Feature",
      "id": "CONF_0036",
      "properties": {
        "confluence_id": "CONF_0036",
        "connected_reaches": 2,
        "elevation_m": 100.0
      },
      "geometry": {
        "type": "Point",
        "coordinates": [
          100.3899,
          16.1493
        ]
      }
    },
    {
      "type": "Feature",
      "id": "CONF_0037",
      "properties": {
        "confluence_id": "CONF_0037",
        "connected_reaches": 2,
        "elevation_m": 100.0
      },
      "geometry": {
        "type": "Point",
        "coordinates": [
          100.2976,
          15.9541
        ]
      }
    },
    {
      "type": "Feature",
      "id": "CONF_0038",
      "properties": {
        "confluence_id": "CONF_0038",
        "connected_reaches": 2,
        "elevation_m": 100.0
      },
      "geometry": {
        "type": "Point",
        "coordinates": [
          100.303,
          15.9085
        ]
      }
    },
    {
      "type": "Feature",
      "id": "CONF_0039",
      "properties": {
        "confluence_id": "CONF_0039",
        "connected_reaches": 2,
        "elevation_m": 100.0
      },
      "geometry": {
        "type": "Point",
        "coordinates": [
          99.5355,
          16.3922
        ]
      }
    },
    {
      "type": "Feature",
      "id": "CONF_0040",
      "properties": {
        "confluence_id": "CONF_0040",
        "connected_reaches": 2,
        "elevation_m": 100.0
      },
      "geometry": {
        "type": "Point",
        "coordinates": [
          99.8716,
          16.0588
        ]
      }
    },
    {
      "type": "Feature",
      "id": "CONF_0041",
      "properties": {
        "confluence_id": "CONF_0041",
        "connected_reaches": 2,
        "elevation_m": 100.0
      },
      "geometry": {
        "type": "Point",
        "coordinates": [
          100.075,
          15.8284
        ]
      }
    },
    {
      "type": "Feature",
      "id": "CONF_0042",
      "properties": {
        "confluence_id": "CONF_0042",
        "connected_reaches": 2,
        "elevation_m": 100.0
      },
      "geometry": {
        "type": "Point",
        "coordinates": [
          101.4825,
          17.7605
        ]
      }
    },
    {
      "type": "Feature",
      "id": "CONF_0043",
      "properties": {
        "confluence_id": "CONF_0043",
        "connected_reaches": 3,
        "elevation_m": 100.0
      },
      "geometry": {
        "type": "Point",
        "coordinates": [
          101.5513,
          17.8211
        ]
      }
    },
    {
      "type": "Feature",
      "id": "CONF_0044",
      "properties": {
        "confluence_id": "CONF_0044",
        "connected_reaches": 2,
        "elevation_m": 100.0
      },
      "geometry": {
        "type": "Point",
        "coordinates": [
          101.2494,
          17.5788
        ]
      }
    },
    {
      "type": "Feature",
      "id": "CONF_0045",
      "properties": {
        "confluence_id": "CONF_0045",
        "connected_reaches": 3,
        "elevation_m": 100.0
      },
      "geometry": {
        "type": "Point",
        "coordinates": [
          101.2959,
          17.6316
        ]
      }
    },
    {
      "type": "Feature",
      "id": "CONF_0046",
      "properties": {
        "confluence_id": "CONF_0046",
        "connected_reaches": 2,
        "elevation_m": 100.0
      },
      "geometry": {
        "type": "Point",
        "coordinates": [
          101.1026,
          17.5092
        ]
      }
    },
    {
      "type": "Feature",
      "id": "CONF_0047",
      "properties": {
        "confluence_id": "CONF_0047",
        "connected_reaches": 2,
        "elevation_m": 100.0
      },
      "geometry": {
        "type": "Point",
        "coordinates": [
          101.2476,
          17.5623
        ]
      }
    },
    {
      "type": "Feature",
      "id": "CONF_0048",
      "properties": {
        "confluence_id": "CONF_0048",
        "connected_reaches": 2,
        "elevation_m": 100.0
      },
      "geometry": {
        "type": "Point",
        "coordinates": [
          101.5302,
          17.0552
        ]
      }
    },
    {
      "type": "Feature",
      "id": "CONF_0049",
      "properties": {
        "confluence_id": "CONF_0049",
        "connected_reaches": 2,
        "elevation_m": 100.0
      },
      "geometry": {
        "type": "Point",
        "coordinates": [
          100.2341,
          19.8824
        ]
      }
    },
    {
      "type": "Feature",
      "id": "CONF_0050",
      "properties": {
        "confluence_id": "CONF_0050",
        "connected_reaches": 2,
        "elevation_m": 100.0
      },
      "geometry": {
        "type": "Point",
        "coordinates": [
          100.2537,
          19.9117
        ]
      }
    },
    {
      "type": "Feature",
      "id": "CONF_0051",
      "properties": {
        "confluence_id": "CONF_0051",
        "connected_reaches": 2,
        "elevation_m": 100.0
      },
      "geometry": {
        "type": "Point",
        "coordinates": [
          100.1944,
          19.7869
        ]
      }
    },
    {
      "type": "Feature",
      "id": "CONF_0052",
      "properties": {
        "confluence_id": "CONF_0052",
        "connected_reaches": 2,
        "elevation_m": 100.0
      },
      "geometry": {
        "type": "Point",
        "coordinates": [
          100.1994,
          19.7219
        ]
      }
    },
    {
      "type": "Feature",
      "id": "CONF_0053",
      "properties": {
        "confluence_id": "CONF_0053",
        "connected_reaches": 2,
        "elevation_m": 100.0
      },
      "geometry": {
        "type": "Point",
        "coordinates": [
          100.1859,
          19.6164
        ]
      }
    },
    {
      "type": "Feature",
      "id": "CONF_0054",
      "properties": {
        "confluence_id": "CONF_0054",
        "connected_reaches": 2,
        "elevation_m": 100.0
      },
      "geometry": {
        "type": "Point",
        "coordinates": [
          100.1539,
          19.5461
        ]
      }
    },
    {
      "type": "Feature",
      "id": "CONF_0055",
      "properties": {
        "confluence_id": "CONF_0055",
        "connected_reaches": 2,
        "elevation_m": 100.0
      },
      "geometry": {
        "type": "Point",
        "coordinates": [
          100.1841,
          19.6138
        ]
      }
    },
    {
      "type": "Feature",
      "id": "CONF_0056",
      "properties": {
        "confluence_id": "CONF_0056",
        "connected_reaches": 2,
        "elevation_m": 100.0
      },
      "geometry": {
        "type": "Point",
        "coordinates": [
          100.1199,
          19.469
        ]
      }
    },
    {
      "type": "Feature",
      "id": "CONF_0057",
      "properties": {
        "confluence_id": "CONF_0057",
        "connected_reaches": 2,
        "elevation_m": 100.0
      },
      "geometry": {
        "type": "Point",
        "coordinates": [
          100.0851,
          19.4428
        ]
      }
    },
    {
      "type": "Feature",
      "id": "CONF_0058",
      "properties": {
        "confluence_id": "CONF_0058",
        "connected_reaches": 2,
        "elevation_m": 100.0
      },
      "geometry": {
        "type": "Point",
        "coordinates": [
          100.0092,
          19.4379
        ]
      }
    },
    {
      "type": "Feature",
      "id": "CONF_0059",
      "properties": {
        "confluence_id": "CONF_0059",
        "connected_reaches": 2,
        "elevation_m": 100.0
      },
      "geometry": {
        "type": "Point",
        "coordinates": [
          99.983,
          19.9935
        ]
      }
    },
    {
      "type": "Feature",
      "id": "CONF_0060",
      "properties": {
        "confluence_id": "CONF_0060",
        "connected_reaches": 3,
        "elevation_m": 100.0
      },
      "geometry": {
        "type": "Point",
        "coordinates": [
          99.8727,
          16.932
        ]
      }
    },
    {
      "type": "Feature",
      "id": "CONF_0061",
      "properties": {
        "confluence_id": "CONF_0061",
        "connected_reaches": 2,
        "elevation_m": 100.0
      },
      "geometry": {
        "type": "Point",
        "coordinates": [
          99.7192,
          16.9889
        ]
      }
    },
    {
      "type": "Feature",
      "id": "CONF_0062",
      "properties": {
        "confluence_id": "CONF_0062",
        "connected_reaches": 2,
        "elevation_m": 100.0
      },
      "geometry": {
        "type": "Point",
        "coordinates": [
          99.8734,
          17.0487
        ]
      }
    },
    {
      "type": "Feature",
      "id": "CONF_0063",
      "properties": {
        "confluence_id": "CONF_0063",
        "connected_reaches": 2,
        "elevation_m": 100.0
      },
      "geometry": {
        "type": "Point",
        "coordinates": [
          99.5399,
          17.3274
        ]
      }
    },
    {
      "type": "Feature",
      "id": "CONF_0064",
      "properties": {
        "confluence_id": "CONF_0064",
        "connected_reaches": 2,
        "elevation_m": 100.0
      },
      "geometry": {
        "type": "Point",
        "coordinates": [
          99.5622,
          17.3147
        ]
      }
    },
    {
      "type": "Feature",
      "id": "CONF_0065",
      "properties": {
        "confluence_id": "CONF_0065",
        "connected_reaches": 2,
        "elevation_m": 100.0
      },
      "geometry": {
        "type": "Point",
        "coordinates": [
          99.6998,
          17.2356
        ]
      }
    },
    {
      "type": "Feature",
      "id": "CONF_0066",
      "properties": {
        "confluence_id": "CONF_0066",
        "connected_reaches": 2,
        "elevation_m": 100.0
      },
      "geometry": {
        "type": "Point",
        "coordinates": [
          100.3278,
          16.1118
        ]
      }
    },
    {
      "type": "Feature",
      "id": "CONF_0067",
      "properties": {
        "confluence_id": "CONF_0067",
        "connected_reaches": 2,
        "elevation_m": 100.0
      },
      "geometry": {
        "type": "Point",
        "coordinates": [
          100.1371,
          16.7841
        ]
      }
    },
    {
      "type": "Feature",
      "id": "CONF_0068",
      "properties": {
        "confluence_id": "CONF_0068",
        "connected_reaches": 2,
        "elevation_m": 100.0
      },
      "geometry": {
        "type": "Point",
        "coordinates": [
          99.8257,
          19.9192
        ]
      }
    },
    {
      "type": "Feature",
      "id": "CONF_0069",
      "properties": {
        "confluence_id": "CONF_0069",
        "connected_reaches": 2,
        "elevation_m": 100.0
      },
      "geometry": {
        "type": "Point",
        "coordinates": [
          99.8334,
          19.9165
        ]
      }
    },
    {
      "type": "Feature",
      "id": "CONF_0070",
      "properties": {
        "confluence_id": "CONF_0070",
        "connected_reaches": 3,
        "elevation_m": 100.0
      },
      "geometry": {
        "type": "Point",
        "coordinates": [
          100.2778,
          16.5704
        ]
      }
    },
    {
      "type": "Feature",
      "id": "CONF_0071",
      "properties": {
        "confluence_id": "CONF_0071",
        "connected_reaches": 2,
        "elevation_m": 100.0
      },
      "geometry": {
        "type": "Point",
        "coordinates": [
          100.3209,
          16.7778
        ]
      }
    },
    {
      "type": "Feature",
      "id": "CONF_0072",
      "properties": {
        "confluence_id": "CONF_0072",
        "connected_reaches": 2,
        "elevation_m": 100.0
      },
      "geometry": {
        "type": "Point",
        "coordinates": [
          100.1334,
          16.8106
        ]
      }
    },
    {
      "type": "Feature",
      "id": "CONF_0073",
      "properties": {
        "confluence_id": "CONF_0073",
        "connected_reaches": 2,
        "elevation_m": 100.0
      },
      "geometry": {
        "type": "Point",
        "coordinates": [
          100.0848,
          16.8625
        ]
      }
    },
    {
      "type": "Feature",
      "id": "CONF_0074",
      "properties": {
        "confluence_id": "CONF_0074",
        "connected_reaches": 3,
        "elevation_m": 100.0
      },
      "geometry": {
        "type": "Point",
        "coordinates": [
          100.0655,
          16.8452
        ]
      }
    },
    {
      "type": "Feature",
      "id": "CONF_0075",
      "properties": {
        "confluence_id": "CONF_0075",
        "connected_reaches": 3,
        "elevation_m": 100.0
      },
      "geometry": {
        "type": "Point",
        "coordinates": [
          100.1281,
          16.651
        ]
      }
    },
    {
      "type": "Feature",
      "id": "CONF_0076",
      "properties": {
        "confluence_id": "CONF_0076",
        "connected_reaches": 2,
        "elevation_m": 100.0
      },
      "geometry": {
        "type": "Point",
        "coordinates": [
          100.3256,
          16.8024
        ]
      }
    },
    {
      "type": "Feature",
      "id": "CONF_0077",
      "properties": {
        "confluence_id": "CONF_0077",
        "connected_reaches": 3,
        "elevation_m": 100.0
      },
      "geometry": {
        "type": "Point",
        "coordinates": [
          100.1987,
          17.0896
        ]
      }
    },
    {
      "type": "Feature",
      "id": "CONF_0078",
      "properties": {
        "confluence_id": "CONF_0078",
        "connected_reaches": 2,
        "elevation_m": 100.0
      },
      "geometry": {
        "type": "Point",
        "coordinates": [
          100.2313,
          16.9625
        ]
      }
    },
    {
      "type": "Feature",
      "id": "CONF_0079",
      "properties": {
        "confluence_id": "CONF_0079",
        "connected_reaches": 2,
        "elevation_m": 100.0
      },
      "geometry": {
        "type": "Point",
        "coordinates": [
          100.2313,
          16.9619
        ]
      }
    },
    {
      "type": "Feature",
      "id": "CONF_0080",
      "properties": {
        "confluence_id": "CONF_0080",
        "connected_reaches": 3,
        "elevation_m": 100.0
      },
      "geometry": {
        "type": "Point",
        "coordinates": [
          99.5199,
          19.2483
        ]
      }
    },
    {
      "type": "Feature",
      "id": "CONF_0081",
      "properties": {
        "confluence_id": "CONF_0081",
        "connected_reaches": 2,
        "elevation_m": 100.0
      },
      "geometry": {
        "type": "Point",
        "coordinates": [
          99.4816,
          19.4652
        ]
      }
    },
    {
      "type": "Feature",
      "id": "CONF_0082",
      "properties": {
        "confluence_id": "CONF_0082",
        "connected_reaches": 2,
        "elevation_m": 100.0
      },
      "geometry": {
        "type": "Point",
        "coordinates": [
          100.1881,
          18.1402
        ]
      }
    },
    {
      "type": "Feature",
      "id": "CONF_0083",
      "properties": {
        "confluence_id": "CONF_0083",
        "connected_reaches": 2,
        "elevation_m": 100.0
      },
      "geometry": {
        "type": "Point",
        "coordinates": [
          99.8587,
          19.868
        ]
      }
    },
    {
      "type": "Feature",
      "id": "CONF_0084",
      "properties": {
        "confluence_id": "CONF_0084",
        "connected_reaches": 3,
        "elevation_m": 100.0
      },
      "geometry": {
        "type": "Point",
        "coordinates": [
          99.825,
          19.3018
        ]
      }
    },
    {
      "type": "Feature",
      "id": "CONF_0085",
      "properties": {
        "confluence_id": "CONF_0085",
        "connected_reaches": 2,
        "elevation_m": 100.0
      },
      "geometry": {
        "type": "Point",
        "coordinates": [
          99.8318,
          19.278
        ]
      }
    },
    {
      "type": "Feature",
      "id": "CONF_0086",
      "properties": {
        "confluence_id": "CONF_0086",
        "connected_reaches": 2,
        "elevation_m": 100.0
      },
      "geometry": {
        "type": "Point",
        "coordinates": [
          99.8215,
          19.3337
        ]
      }
    },
    {
      "type": "Feature",
      "id": "CONF_0087",
      "properties": {
        "confluence_id": "CONF_0087",
        "connected_reaches": 2,
        "elevation_m": 100.0
      },
      "geometry": {
        "type": "Point",
        "coordinates": [
          101.0511,
          16.271
        ]
      }
    },
    {
      "type": "Feature",
      "id": "CONF_0088",
      "properties": {
        "confluence_id": "CONF_0088",
        "connected_reaches": 3,
        "elevation_m": 100.0
      },
      "geometry": {
        "type": "Point",
        "coordinates": [
          99.8325,
          19.5278
        ]
      }
    },
    {
      "type": "Feature",
      "id": "CONF_0089",
      "properties": {
        "confluence_id": "CONF_0089",
        "connected_reaches": 3,
        "elevation_m": 100.0
      },
      "geometry": {
        "type": "Point",
        "coordinates": [
          99.8718,
          19.6434
        ]
      }
    },
    {
      "type": "Feature",
      "id": "CONF_0090",
      "properties": {
        "confluence_id": "CONF_0090",
        "connected_reaches": 2,
        "elevation_m": 100.0
      },
      "geometry": {
        "type": "Point",
        "coordinates": [
          99.9272,
          19.6223
        ]
      }
    },
    {
      "type": "Feature",
      "id": "CONF_0091",
      "properties": {
        "confluence_id": "CONF_0091",
        "connected_reaches": 2,
        "elevation_m": 100.0
      },
      "geometry": {
        "type": "Point",
        "coordinates": [
          99.5869,
          19.7052
        ]
      }
    },
    {
      "type": "Feature",
      "id": "CONF_0092",
      "properties": {
        "confluence_id": "CONF_0092",
        "connected_reaches": 2,
        "elevation_m": 100.0
      },
      "geometry": {
        "type": "Point",
        "coordinates": [
          99.4659,
          19.5353
        ]
      }
    },
    {
      "type": "Feature",
      "id": "CONF_0093",
      "properties": {
        "confluence_id": "CONF_0093",
        "connected_reaches": 2,
        "elevation_m": 100.0
      },
      "geometry": {
        "type": "Point",
        "coordinates": [
          99.7056,
          19.8003
        ]
      }
    },
    {
      "type": "Feature",
      "id": "CONF_0094",
      "properties": {
        "confluence_id": "CONF_0094",
        "connected_reaches": 2,
        "elevation_m": 100.0
      },
      "geometry": {
        "type": "Point",
        "coordinates": [
          99.7141,
          19.8101
        ]
      }
    },
    {
      "type": "Feature",
      "id": "CONF_0095",
      "properties": {
        "confluence_id": "CONF_0095",
        "connected_reaches": 2,
        "elevation_m": 100.0
      },
      "geometry": {
        "type": "Point",
        "coordinates": [
          99.7106,
          19.7596
        ]
      }
    },
    {
      "type": "Feature",
      "id": "CONF_0096",
      "properties": {
        "confluence_id": "CONF_0096",
        "connected_reaches": 2,
        "elevation_m": 100.0
      },
      "geometry": {
        "type": "Point",
        "coordinates": [
          99.6885,
          19.7215
        ]
      }
    },
    {
      "type": "Feature",
      "id": "CONF_0097",
      "properties": {
        "confluence_id": "CONF_0097",
        "connected_reaches": 2,
        "elevation_m": 100.0
      },
      "geometry": {
        "type": "Point",
        "coordinates": [
          99.688,
          19.7215
        ]
      }
    },
    {
      "type": "Feature",
      "id": "CONF_0098",
      "properties": {
        "confluence_id": "CONF_0098",
        "connected_reaches": 2,
        "elevation_m": 100.0
      },
      "geometry": {
        "type": "Point",
        "coordinates": [
          99.7583,
          19.4459
        ]
      }
    },
    {
      "type": "Feature",
      "id": "CONF_0099",
      "properties": {
        "confluence_id": "CONF_0099",
        "connected_reaches": 3,
        "elevation_m": 100.0
      },
      "geometry": {
        "type": "Point",
        "coordinates": [
          99.8265,
          19.5245
        ]
      }
    },
    {
      "type": "Feature",
      "id": "CONF_0100",
      "properties": {
        "confluence_id": "CONF_0100",
        "connected_reaches": 3,
        "elevation_m": 100.0
      },
      "geometry": {
        "type": "Point",
        "coordinates": [
          99.8212,
          19.5089
        ]
      }
    },
    {
      "type": "Feature",
      "id": "CONF_0101",
      "properties": {
        "confluence_id": "CONF_0101",
        "connected_reaches": 2,
        "elevation_m": 100.0
      },
      "geometry": {
        "type": "Point",
        "coordinates": [
          99.832,
          19.5138
        ]
      }
    },
    {
      "type": "Feature",
      "id": "CONF_0102",
      "properties": {
        "confluence_id": "CONF_0102",
        "connected_reaches": 2,
        "elevation_m": 100.0
      },
      "geometry": {
        "type": "Point",
        "coordinates": [
          99.8292,
          19.5118
        ]
      }
    },
    {
      "type": "Feature",
      "id": "CONF_0103",
      "properties": {
        "confluence_id": "CONF_0103",
        "connected_reaches": 2,
        "elevation_m": 100.0
      },
      "geometry": {
        "type": "Point",
        "coordinates": [
          99.7417,
          19.5405
        ]
      }
    },
    {
      "type": "Feature",
      "id": "CONF_0104",
      "properties": {
        "confluence_id": "CONF_0104",
        "connected_reaches": 2,
        "elevation_m": 100.0
      },
      "geometry": {
        "type": "Point",
        "coordinates": [
          100.7002,
          18.795
        ]
      }
    },
    {
      "type": "Feature",
      "id": "CONF_0105",
      "properties": {
        "confluence_id": "CONF_0105",
        "connected_reaches": 2,
        "elevation_m": 100.0
      },
      "geometry": {
        "type": "Point",
        "coordinates": [
          100.0464,
          17.8943
        ]
      }
    },
    {
      "type": "Feature",
      "id": "CONF_0106",
      "properties": {
        "confluence_id": "CONF_0106",
        "connected_reaches": 2,
        "elevation_m": 100.0
      },
      "geometry": {
        "type": "Point",
        "coordinates": [
          100.0619,
          17.9055
        ]
      }
    },
    {
      "type": "Feature",
      "id": "CONF_0107",
      "properties": {
        "confluence_id": "CONF_0107",
        "connected_reaches": 2,
        "elevation_m": 100.0
      },
      "geometry": {
        "type": "Point",
        "coordinates": [
          99.8786,
          17.2297
        ]
      }
    },
    {
      "type": "Feature",
      "id": "CONF_0108",
      "properties": {
        "confluence_id": "CONF_0108",
        "connected_reaches": 2,
        "elevation_m": 100.0
      },
      "geometry": {
        "type": "Point",
        "coordinates": [
          99.8875,
          17.3107
        ]
      }
    },
    {
      "type": "Feature",
      "id": "CONF_0109",
      "properties": {
        "confluence_id": "CONF_0109",
        "connected_reaches": 2,
        "elevation_m": 100.0
      },
      "geometry": {
        "type": "Point",
        "coordinates": [
          99.8599,
          17.2205
        ]
      }
    },
    {
      "type": "Feature",
      "id": "CONF_0110",
      "properties": {
        "confluence_id": "CONF_0110",
        "connected_reaches": 2,
        "elevation_m": 100.0
      },
      "geometry": {
        "type": "Point",
        "coordinates": [
          99.8899,
          17.1157
        ]
      }
    },
    {
      "type": "Feature",
      "id": "CONF_0111",
      "properties": {
        "confluence_id": "CONF_0111",
        "connected_reaches": 2,
        "elevation_m": 100.0
      },
      "geometry": {
        "type": "Point",
        "coordinates": [
          100.9676,
          17.1818
        ]
      }
    },
    {
      "type": "Feature",
      "id": "CONF_0112",
      "properties": {
        "confluence_id": "CONF_0112",
        "connected_reaches": 2,
        "elevation_m": 100.0
      },
      "geometry": {
        "type": "Point",
        "coordinates": [
          100.8767,
          17.2049
        ]
      }
    },
    {
      "type": "Feature",
      "id": "CONF_0113",
      "properties": {
        "confluence_id": "CONF_0113",
        "connected_reaches": 2,
        "elevation_m": 100.0
      },
      "geometry": {
        "type": "Point",
        "coordinates": [
          100.8501,
          17.1089
        ]
      }
    },
    {
      "type": "Feature",
      "id": "CONF_0114",
      "properties": {
        "confluence_id": "CONF_0114",
        "connected_reaches": 3,
        "elevation_m": 100.0
      },
      "geometry": {
        "type": "Point",
        "coordinates": [
          100.8319,
          17.084
        ]
      }
    },
    {
      "type": "Feature",
      "id": "CONF_0115",
      "properties": {
        "confluence_id": "CONF_0115",
        "connected_reaches": 2,
        "elevation_m": 100.0
      },
      "geometry": {
        "type": "Point",
        "coordinates": [
          100.8711,
          16.9423
        ]
      }
    },
    {
      "type": "Feature",
      "id": "CONF_0116",
      "properties": {
        "confluence_id": "CONF_0116",
        "connected_reaches": 2,
        "elevation_m": 100.0
      },
      "geometry": {
        "type": "Point",
        "coordinates": [
          100.8312,
          17.0258
        ]
      }
    },
    {
      "type": "Feature",
      "id": "CONF_0117",
      "properties": {
        "confluence_id": "CONF_0117",
        "connected_reaches": 2,
        "elevation_m": 100.0
      },
      "geometry": {
        "type": "Point",
        "coordinates": [
          99.5877,
          17.3361
        ]
      }
    },
    {
      "type": "Feature",
      "id": "CONF_0118",
      "properties": {
        "confluence_id": "CONF_0118",
        "connected_reaches": 2,
        "elevation_m": 100.0
      },
      "geometry": {
        "type": "Point",
        "coordinates": [
          99.6757,
          17.247
        ]
      }
    },
    {
      "type": "Feature",
      "id": "CONF_0119",
      "properties": {
        "confluence_id": "CONF_0119",
        "connected_reaches": 2,
        "elevation_m": 100.0
      },
      "geometry": {
        "type": "Point",
        "coordinates": [
          99.7082,
          17.1704
        ]
      }
    },
    {
      "type": "Feature",
      "id": "CONF_0120",
      "properties": {
        "confluence_id": "CONF_0120",
        "connected_reaches": 2,
        "elevation_m": 100.0
      },
      "geometry": {
        "type": "Point",
        "coordinates": [
          99.7413,
          17.1955
        ]
      }
    },
    {
      "type": "Feature",
      "id": "CONF_0121",
      "properties": {
        "confluence_id": "CONF_0121",
        "connected_reaches": 2,
        "elevation_m": 100.0
      },
      "geometry": {
        "type": "Point",
        "coordinates": [
          100.7401,
          17.0986
        ]
      }
    },
    {
      "type": "Feature",
      "id": "CONF_0122",
      "properties": {
        "confluence_id": "CONF_0122",
        "connected_reaches": 2,
        "elevation_m": 100.0
      },
      "geometry": {
        "type": "Point",
        "coordinates": [
          100.8265,
          17.0726
        ]
      }
    },
    {
      "type": "Feature",
      "id": "CONF_0123",
      "properties": {
        "confluence_id": "CONF_0123",
        "connected_reaches": 2,
        "elevation_m": 100.0
      },
      "geometry": {
        "type": "Point",
        "coordinates": [
          100.7245,
          17.115
        ]
      }
    },
    {
      "type": "Feature",
      "id": "CONF_0124",
      "properties": {
        "confluence_id": "CONF_0124",
        "connected_reaches": 2,
        "elevation_m": 100.0
      },
      "geometry": {
        "type": "Point",
        "coordinates": [
          100.6888,
          17.173
        ]
      }
    },
    {
      "type": "Feature",
      "id": "CONF_0125",
      "properties": {
        "confluence_id": "CONF_0125",
        "connected_reaches": 2,
        "elevation_m": 100.0
      },
      "geometry": {
        "type": "Point",
        "coordinates": [
          99.6243,
          17.3097
        ]
      }
    },
    {
      "type": "Feature",
      "id": "CONF_0126",
      "properties": {
        "confluence_id": "CONF_0126",
        "connected_reaches": 2,
        "elevation_m": 100.0
      },
      "geometry": {
        "type": "Point",
        "coordinates": [
          99.6496,
          17.3445
        ]
      }
    },
    {
      "type": "Feature",
      "id": "CONF_0127",
      "properties": {
        "confluence_id": "CONF_0127",
        "connected_reaches": 2,
        "elevation_m": 100.0
      },
      "geometry": {
        "type": "Point",
        "coordinates": [
          101.1241,
          16.4649
        ]
      }
    },
    {
      "type": "Feature",
      "id": "CONF_0128",
      "properties": {
        "confluence_id": "CONF_0128",
        "connected_reaches": 2,
        "elevation_m": 100.0
      },
      "geometry": {
        "type": "Point",
        "coordinates": [
          101.1201,
          16.4604
        ]
      }
    },
    {
      "type": "Feature",
      "id": "CONF_0129",
      "properties": {
        "confluence_id": "CONF_0129",
        "connected_reaches": 2,
        "elevation_m": 100.0
      },
      "geometry": {
        "type": "Point",
        "coordinates": [
          100.2529,
          18.0485
        ]
      }
    },
    {
      "type": "Feature",
      "id": "CONF_0130",
      "properties": {
        "confluence_id": "CONF_0130",
        "connected_reaches": 2,
        "elevation_m": 100.0
      },
      "geometry": {
        "type": "Point",
        "coordinates": [
          100.6422,
          18.8642
        ]
      }
    },
    {
      "type": "Feature",
      "id": "CONF_0131",
      "properties": {
        "confluence_id": "CONF_0131",
        "connected_reaches": 2,
        "elevation_m": 100.0
      },
      "geometry": {
        "type": "Point",
        "coordinates": [
          100.6789,
          18.5745
        ]
      }
    },
    {
      "type": "Feature",
      "id": "CONF_0132",
      "properties": {
        "confluence_id": "CONF_0132",
        "connected_reaches": 2,
        "elevation_m": 100.0
      },
      "geometry": {
        "type": "Point",
        "coordinates": [
          100.6837,
          17.7397
        ]
      }
    },
    {
      "type": "Feature",
      "id": "CONF_0133",
      "properties": {
        "confluence_id": "CONF_0133",
        "connected_reaches": 2,
        "elevation_m": 100.0
      },
      "geometry": {
        "type": "Point",
        "coordinates": [
          101.0019,
          18.1173
        ]
      }
    },
    {
      "type": "Feature",
      "id": "CONF_0134",
      "properties": {
        "confluence_id": "CONF_0134",
        "connected_reaches": 2,
        "elevation_m": 100.0
      },
      "geometry": {
        "type": "Point",
        "coordinates": [
          100.868,
          17.9712
        ]
      }
    },
    {
      "type": "Feature",
      "id": "CONF_0135",
      "properties": {
        "confluence_id": "CONF_0135",
        "connected_reaches": 3,
        "elevation_m": 100.0
      },
      "geometry": {
        "type": "Point",
        "coordinates": [
          99.6156,
          19.3958
        ]
      }
    },
    {
      "type": "Feature",
      "id": "CONF_0136",
      "properties": {
        "confluence_id": "CONF_0136",
        "connected_reaches": 2,
        "elevation_m": 100.0
      },
      "geometry": {
        "type": "Point",
        "coordinates": [
          100.1409,
          15.7004
        ]
      }
    },
    {
      "type": "Feature",
      "id": "CONF_0137",
      "properties": {
        "confluence_id": "CONF_0137",
        "connected_reaches": 2,
        "elevation_m": 100.0
      },
      "geometry": {
        "type": "Point",
        "coordinates": [
          99.5185,
          18.9928
        ]
      }
    },
    {
      "type": "Feature",
      "id": "CONF_0138",
      "properties": {
        "confluence_id": "CONF_0138",
        "connected_reaches": 2,
        "elevation_m": 100.0
      },
      "geometry": {
        "type": "Point",
        "coordinates": [
          99.5094,
          19.0065
        ]
      }
    },
    {
      "type": "Feature",
      "id": "CONF_0139",
      "properties": {
        "confluence_id": "CONF_0139",
        "connected_reaches": 3,
        "elevation_m": 100.0
      },
      "geometry": {
        "type": "Point",
        "coordinates": [
          99.508,
          19.1835
        ]
      }
    },
    {
      "type": "Feature",
      "id": "CONF_0140",
      "properties": {
        "confluence_id": "CONF_0140",
        "connected_reaches": 3,
        "elevation_m": 100.0
      },
      "geometry": {
        "type": "Point",
        "coordinates": [
          99.5157,
          19.1897
        ]
      }
    },
    {
      "type": "Feature",
      "id": "CONF_0141",
      "properties": {
        "confluence_id": "CONF_0141",
        "connected_reaches": 2,
        "elevation_m": 100.0
      },
      "geometry": {
        "type": "Point",
        "coordinates": [
          99.5176,
          19.1958
        ]
      }
    },
    {
      "type": "Feature",
      "id": "CONF_0142",
      "properties": {
        "confluence_id": "CONF_0142",
        "connected_reaches": 3,
        "elevation_m": 100.0
      },
      "geometry": {
        "type": "Point",
        "coordinates": [
          100.2643,
          15.8704
        ]
      }
    },
    {
      "type": "Feature",
      "id": "CONF_0143",
      "properties": {
        "confluence_id": "CONF_0143",
        "connected_reaches": 2,
        "elevation_m": 100.0
      },
      "geometry": {
        "type": "Point",
        "coordinates": [
          99.6219,
          19.1537
        ]
      }
    },
    {
      "type": "Feature",
      "id": "CONF_0144",
      "properties": {
        "confluence_id": "CONF_0144",
        "connected_reaches": 2,
        "elevation_m": 100.0
      },
      "geometry": {
        "type": "Point",
        "coordinates": [
          100.2322,
          15.932
        ]
      }
    },
    {
      "type": "Feature",
      "id": "CONF_0145",
      "properties": {
        "confluence_id": "CONF_0145",
        "connected_reaches": 3,
        "elevation_m": 100.0
      },
      "geometry": {
        "type": "Point",
        "coordinates": [
          100.4154,
          16.4434
        ]
      }
    },
    {
      "type": "Feature",
      "id": "CONF_0146",
      "properties": {
        "confluence_id": "CONF_0146",
        "connected_reaches": 2,
        "elevation_m": 100.0
      },
      "geometry": {
        "type": "Point",
        "coordinates": [
          100.174,
          16.7639
        ]
      }
    },
    {
      "type": "Feature",
      "id": "CONF_0147",
      "properties": {
        "confluence_id": "CONF_0147",
        "connected_reaches": 3,
        "elevation_m": 100.0
      },
      "geometry": {
        "type": "Point",
        "coordinates": [
          101.3272,
          16.8829
        ]
      }
    },
    {
      "type": "Feature",
      "id": "CONF_0148",
      "properties": {
        "confluence_id": "CONF_0148",
        "connected_reaches": 2,
        "elevation_m": 100.0
      },
      "geometry": {
        "type": "Point",
        "coordinates": [
          101.2364,
          16.7195
        ]
      }
    },
    {
      "type": "Feature",
      "id": "CONF_0149",
      "properties": {
        "confluence_id": "CONF_0149",
        "connected_reaches": 2,
        "elevation_m": 100.0
      },
      "geometry": {
        "type": "Point",
        "coordinates": [
          101.2141,
          16.6598
        ]
      }
    },
    {
      "type": "Feature",
      "id": "CONF_0150",
      "properties": {
        "confluence_id": "CONF_0150",
        "connected_reaches": 2,
        "elevation_m": 100.0
      },
      "geometry": {
        "type": "Point",
        "coordinates": [
          101.2024,
          16.5868
        ]
      }
    },
    {
      "type": "Feature",
      "id": "CONF_0151",
      "properties": {
        "confluence_id": "CONF_0151",
        "connected_reaches": 2,
        "elevation_m": 100.0
      },
      "geometry": {
        "type": "Point",
        "coordinates": [
          101.1685,
          16.4371
        ]
      }
    },
    {
      "type": "Feature",
      "id": "CONF_0152",
      "properties": {
        "confluence_id": "CONF_0152",
        "connected_reaches": 2,
        "elevation_m": 100.0
      },
      "geometry": {
        "type": "Point",
        "coordinates": [
          101.1378,
          16.3099
        ]
      }
    },
    {
      "type": "Feature",
      "id": "CONF_0153",
      "properties": {
        "confluence_id": "CONF_0153",
        "connected_reaches": 2,
        "elevation_m": 100.0
      },
      "geometry": {
        "type": "Point",
        "coordinates": [
          101.1161,
          16.0056
        ]
      }
    },
    {
      "type": "Feature",
      "id": "CONF_0154",
      "properties": {
        "confluence_id": "CONF_0154",
        "connected_reaches": 3,
        "elevation_m": 100.0
      },
      "geometry": {
        "type": "Point",
        "coordinates": [
          101.1279,
          15.9697
        ]
      }
    },
    {
      "type": "Feature",
      "id": "CONF_0155",
      "properties": {
        "confluence_id": "CONF_0155",
        "connected_reaches": 2,
        "elevation_m": 100.0
      },
      "geometry": {
        "type": "Point",
        "coordinates": [
          101.1119,
          15.926
        ]
      }
    },
    {
      "type": "Feature",
      "id": "CONF_0156",
      "properties": {
        "confluence_id": "CONF_0156",
        "connected_reaches": 2,
        "elevation_m": 100.0
      },
      "geometry": {
        "type": "Point",
        "coordinates": [
          101.1387,
          16.3012
        ]
      }
    },
    {
      "type": "Feature",
      "id": "CONF_0157",
      "properties": {
        "confluence_id": "CONF_0157",
        "connected_reaches": 2,
        "elevation_m": 100.0
      },
      "geometry": {
        "type": "Point",
        "coordinates": [
          101.1083,
          16.1383
        ]
      }
    },
    {
      "type": "Feature",
      "id": "CONF_0158",
      "properties": {
        "confluence_id": "CONF_0158",
        "connected_reaches": 2,
        "elevation_m": 100.0
      },
      "geometry": {
        "type": "Point",
        "coordinates": [
          101.3529,
          17.0038
        ]
      }
    },
    {
      "type": "Feature",
      "id": "CONF_0159",
      "properties": {
        "confluence_id": "CONF_0159",
        "connected_reaches": 3,
        "elevation_m": 100.0
      },
      "geometry": {
        "type": "Point",
        "coordinates": [
          99.7053,
          17.0396
        ]
      }
    },
    {
      "type": "Feature",
      "id": "CONF_0160",
      "properties": {
        "confluence_id": "CONF_0160",
        "connected_reaches": 2,
        "elevation_m": 100.0
      },
      "geometry": {
        "type": "Point",
        "coordinates": [
          99.7409,
          17.0169
        ]
      }
    },
    {
      "type": "Feature",
      "id": "CONF_0161",
      "properties": {
        "confluence_id": "CONF_0161",
        "connected_reaches": 2,
        "elevation_m": 100.0
      },
      "geometry": {
        "type": "Point",
        "coordinates": [
          99.7469,
          17.0158
        ]
      }
    },
    {
      "type": "Feature",
      "id": "CONF_0162",
      "properties": {
        "confluence_id": "CONF_0162",
        "connected_reaches": 2,
        "elevation_m": 100.0
      },
      "geometry": {
        "type": "Point",
        "coordinates": [
          99.7588,
          17.0158
        ]
      }
    },
    {
      "type": "Feature",
      "id": "CONF_0163",
      "properties": {
        "confluence_id": "CONF_0163",
        "connected_reaches": 2,
        "elevation_m": 100.0
      },
      "geometry": {
        "type": "Point",
        "coordinates": [
          99.7647,
          17.0148
        ]
      }
    },
    {
      "type": "Feature",
      "id": "CONF_0164",
      "properties": {
        "confluence_id": "CONF_0164",
        "connected_reaches": 2,
        "elevation_m": 100.0
      },
      "geometry": {
        "type": "Point",
        "coordinates": [
          99.7968,
          17.0225
        ]
      }
    },
    {
      "type": "Feature",
      "id": "CONF_0165",
      "properties": {
        "confluence_id": "CONF_0165",
        "connected_reaches": 2,
        "elevation_m": 100.0
      },
      "geometry": {
        "type": "Point",
        "coordinates": [
          99.8448,
          16.9788
        ]
      }
    },
    {
      "type": "Feature",
      "id": "CONF_0166",
      "properties": {
        "confluence_id": "CONF_0166",
        "connected_reaches": 2,
        "elevation_m": 100.0
      },
      "geometry": {
        "type": "Point",
        "coordinates": [
          100.2724,
          15.9896
        ]
      }
    },
    {
      "type": "Feature",
      "id": "CONF_0167",
      "properties": {
        "confluence_id": "CONF_0167",
        "connected_reaches": 2,
        "elevation_m": 100.0
      },
      "geometry": {
        "type": "Point",
        "coordinates": [
          100.3695,
          16.0275
        ]
      }
    },
    {
      "type": "Feature",
      "id": "CONF_0168",
      "properties": {
        "confluence_id": "CONF_0168",
        "connected_reaches": 2,
        "elevation_m": 100.0
      },
      "geometry": {
        "type": "Point",
        "coordinates": [
          100.337,
          15.9966
        ]
      }
    },
    {
      "type": "Feature",
      "id": "CONF_0169",
      "properties": {
        "confluence_id": "CONF_0169",
        "connected_reaches": 2,
        "elevation_m": 100.0
      },
      "geometry": {
        "type": "Point",
        "coordinates": [
          99.6208,
          19.8373
        ]
      }
    },
    {
      "type": "Feature",
      "id": "CONF_0170",
      "properties": {
        "confluence_id": "CONF_0170",
        "connected_reaches": 3,
        "elevation_m": 100.0
      },
      "geometry": {
        "type": "Point",
        "coordinates": [
          100.853,
          15.8644
        ]
      }
    },
    {
      "type": "Feature",
      "id": "CONF_0171",
      "properties": {
        "confluence_id": "CONF_0171",
        "connected_reaches": 2,
        "elevation_m": 100.0
      },
      "geometry": {
        "type": "Point",
        "coordinates": [
          99.4741,
          17.0763
        ]
      }
    },
    {
      "type": "Feature",
      "id": "CONF_0172",
      "properties": {
        "confluence_id": "CONF_0172",
        "connected_reaches": 2,
        "elevation_m": 100.0
      },
      "geometry": {
        "type": "Point",
        "coordinates": [
          99.4974,
          17.0485
        ]
      }
    },
    {
      "type": "Feature",
      "id": "CONF_0173",
      "properties": {
        "confluence_id": "CONF_0173",
        "connected_reaches": 2,
        "elevation_m": 100.0
      },
      "geometry": {
        "type": "Point",
        "coordinates": [
          100.7353,
          16.2728
        ]
      }
    },
    {
      "type": "Feature",
      "id": "CONF_0174",
      "properties": {
        "confluence_id": "CONF_0174",
        "connected_reaches": 2,
        "elevation_m": 100.0
      },
      "geometry": {
        "type": "Point",
        "coordinates": [
          100.7102,
          16.2658
        ]
      }
    },
    {
      "type": "Feature",
      "id": "CONF_0175",
      "properties": {
        "confluence_id": "CONF_0175",
        "connected_reaches": 2,
        "elevation_m": 100.0
      },
      "geometry": {
        "type": "Point",
        "coordinates": [
          100.7077,
          16.2644
        ]
      }
    },
    {
      "type": "Feature",
      "id": "CONF_0176",
      "properties": {
        "confluence_id": "CONF_0176",
        "connected_reaches": 2,
        "elevation_m": 100.0
      },
      "geometry": {
        "type": "Point",
        "coordinates": [
          100.7393,
          16.2831
        ]
      }
    },
    {
      "type": "Feature",
      "id": "CONF_0177",
      "properties": {
        "confluence_id": "CONF_0177",
        "connected_reaches": 2,
        "elevation_m": 100.0
      },
      "geometry": {
        "type": "Point",
        "coordinates": [
          100.7391,
          16.2818
        ]
      }
    },
    {
      "type": "Feature",
      "id": "CONF_0178",
      "properties": {
        "confluence_id": "CONF_0178",
        "connected_reaches": 2,
        "elevation_m": 100.0
      },
      "geometry": {
        "type": "Point",
        "coordinates": [
          100.7401,
          16.2845
        ]
      }
    },
    {
      "type": "Feature",
      "id": "CONF_0179",
      "properties": {
        "confluence_id": "CONF_0179",
        "connected_reaches": 2,
        "elevation_m": 100.0
      },
      "geometry": {
        "type": "Point",
        "coordinates": [
          100.7454,
          16.2862
        ]
      }
    },
    {
      "type": "Feature",
      "id": "CONF_0180",
      "properties": {
        "confluence_id": "CONF_0180",
        "connected_reaches": 2,
        "elevation_m": 100.0
      },
      "geometry": {
        "type": "Point",
        "coordinates": [
          100.7313,
          16.4626
        ]
      }
    },
    {
      "type": "Feature",
      "id": "CONF_0181",
      "properties": {
        "confluence_id": "CONF_0181",
        "connected_reaches": 3,
        "elevation_m": 100.0
      },
      "geometry": {
        "type": "Point",
        "coordinates": [
          99.9663,
          17.0338
        ]
      }
    },
    {
      "type": "Feature",
      "id": "CONF_0182",
      "properties": {
        "confluence_id": "CONF_0182",
        "connected_reaches": 2,
        "elevation_m": 100.0
      },
      "geometry": {
        "type": "Point",
        "coordinates": [
          99.9101,
          17.0089
        ]
      }
    },
    {
      "type": "Feature",
      "id": "CONF_0183",
      "properties": {
        "confluence_id": "CONF_0183",
        "connected_reaches": 2,
        "elevation_m": 100.0
      },
      "geometry": {
        "type": "Point",
        "coordinates": [
          100.329,
          16.7274
        ]
      }
    },
    {
      "type": "Feature",
      "id": "CONF_0184",
      "properties": {
        "confluence_id": "CONF_0184",
        "connected_reaches": 2,
        "elevation_m": 100.0
      },
      "geometry": {
        "type": "Point",
        "coordinates": [
          100.3291,
          16.6776
        ]
      }
    },
    {
      "type": "Feature",
      "id": "CONF_0185",
      "properties": {
        "confluence_id": "CONF_0185",
        "connected_reaches": 2,
        "elevation_m": 100.0
      },
      "geometry": {
        "type": "Point",
        "coordinates": [
          100.3229,
          16.6053
        ]
      }
    },
    {
      "type": "Feature",
      "id": "CONF_0186",
      "properties": {
        "confluence_id": "CONF_0186",
        "connected_reaches": 2,
        "elevation_m": 100.0
      },
      "geometry": {
        "type": "Point",
        "coordinates": [
          100.3194,
          16.5151
        ]
      }
    },
    {
      "type": "Feature",
      "id": "CONF_0187",
      "properties": {
        "confluence_id": "CONF_0187",
        "connected_reaches": 2,
        "elevation_m": 100.0
      },
      "geometry": {
        "type": "Point",
        "coordinates": [
          99.5848,
          17.2688
        ]
      }
    },
    {
      "type": "Feature",
      "id": "CONF_0188",
      "properties": {
        "confluence_id": "CONF_0188",
        "connected_reaches": 2,
        "elevation_m": 100.0
      },
      "geometry": {
        "type": "Point",
        "coordinates": [
          99.6316,
          17.4789
        ]
      }
    },
    {
      "type": "Feature",
      "id": "CONF_0189",
      "properties": {
        "confluence_id": "CONF_0189",
        "connected_reaches": 2,
        "elevation_m": 100.0
      },
      "geometry": {
        "type": "Point",
        "coordinates": [
          99.8009,
          17.0755
        ]
      }
    },
    {
      "type": "Feature",
      "id": "CONF_0190",
      "properties": {
        "confluence_id": "CONF_0190",
        "connected_reaches": 2,
        "elevation_m": 100.0
      },
      "geometry": {
        "type": "Point",
        "coordinates": [
          99.8011,
          17.0731
        ]
      }
    },
    {
      "type": "Feature",
      "id": "CONF_0191",
      "properties": {
        "confluence_id": "CONF_0191",
        "connected_reaches": 2,
        "elevation_m": 100.0
      },
      "geometry": {
        "type": "Point",
        "coordinates": [
          99.7889,
          17.0919
        ]
      }
    },
    {
      "type": "Feature",
      "id": "CONF_0192",
      "properties": {
        "confluence_id": "CONF_0192",
        "connected_reaches": 3,
        "elevation_m": 100.0
      },
      "geometry": {
        "type": "Point",
        "coordinates": [
          99.815,
          17.0639
        ]
      }
    },
    {
      "type": "Feature",
      "id": "CONF_0193",
      "properties": {
        "confluence_id": "CONF_0193",
        "connected_reaches": 2,
        "elevation_m": 100.0
      },
      "geometry": {
        "type": "Point",
        "coordinates": [
          99.5204,
          17.3163
        ]
      }
    },
    {
      "type": "Feature",
      "id": "CONF_0194",
      "properties": {
        "confluence_id": "CONF_0194",
        "connected_reaches": 3,
        "elevation_m": 100.0
      },
      "geometry": {
        "type": "Point",
        "coordinates": [
          101.2347,
          17.9807
        ]
      }
    },
    {
      "type": "Feature",
      "id": "CONF_0195",
      "properties": {
        "confluence_id": "CONF_0195",
        "connected_reaches": 3,
        "elevation_m": 100.0
      },
      "geometry": {
        "type": "Point",
        "coordinates": [
          101.2125,
          17.9556
        ]
      }
    },
    {
      "type": "Feature",
      "id": "CONF_0196",
      "properties": {
        "confluence_id": "CONF_0196",
        "connected_reaches": 3,
        "elevation_m": 100.0
      },
      "geometry": {
        "type": "Point",
        "coordinates": [
          101.2164,
          17.8997
        ]
      }
    },
    {
      "type": "Feature",
      "id": "CONF_0197",
      "properties": {
        "confluence_id": "CONF_0197",
        "connected_reaches": 3,
        "elevation_m": 100.0
      },
      "geometry": {
        "type": "Point",
        "coordinates": [
          101.2219,
          17.9991
        ]
      }
    },
    {
      "type": "Feature",
      "id": "CONF_0198",
      "properties": {
        "confluence_id": "CONF_0198",
        "connected_reaches": 2,
        "elevation_m": 100.0
      },
      "geometry": {
        "type": "Point",
        "coordinates": [
          101.2488,
          18.0257
        ]
      }
    },
    {
      "type": "Feature",
      "id": "CONF_0199",
      "properties": {
        "confluence_id": "CONF_0199",
        "connected_reaches": 2,
        "elevation_m": 100.0
      },
      "geometry": {
        "type": "Point",
        "coordinates": [
          101.1086,
          17.8577
        ]
      }
    },
    {
      "type": "Feature",
      "id": "CONF_0200",
      "properties": {
        "confluence_id": "CONF_0200",
        "connected_reaches": 3,
        "elevation_m": 100.0
      },
      "geometry": {
        "type": "Point",
        "coordinates": [
          101.1453,
          17.8382
        ]
      }
    },
    {
      "type": "Feature",
      "id": "CONF_0201",
      "properties": {
        "confluence_id": "CONF_0201",
        "connected_reaches": 3,
        "elevation_m": 100.0
      },
      "geometry": {
        "type": "Point",
        "coordinates": [
          101.1914,
          17.6148
        ]
      }
    },
    {
      "type": "Feature",
      "id": "CONF_0202",
      "properties": {
        "confluence_id": "CONF_0202",
        "connected_reaches": 3,
        "elevation_m": 100.0
      },
      "geometry": {
        "type": "Point",
        "coordinates": [
          101.1031,
          17.8664
        ]
      }
    },
    {
      "type": "Feature",
      "id": "CONF_0203",
      "properties": {
        "confluence_id": "CONF_0203",
        "connected_reaches": 3,
        "elevation_m": 100.0
      },
      "geometry": {
        "type": "Point",
        "coordinates": [
          101.0665,
          17.7986
        ]
      }
    },
    {
      "type": "Feature",
      "id": "CONF_0204",
      "properties": {
        "confluence_id": "CONF_0204",
        "connected_reaches": 2,
        "elevation_m": 100.0
      },
      "geometry": {
        "type": "Point",
        "coordinates": [
          101.1298,
          17.8132
        ]
      }
    },
    {
      "type": "Feature",
      "id": "CONF_0205",
      "properties": {
        "confluence_id": "CONF_0205",
        "connected_reaches": 2,
        "elevation_m": 100.0
      },
      "geometry": {
        "type": "Point",
        "coordinates": [
          99.4906,
          18.8267
        ]
      }
    },
    {
      "type": "Feature",
      "id": "CONF_0206",
      "properties": {
        "confluence_id": "CONF_0206",
        "connected_reaches": 3,
        "elevation_m": 100.0
      },
      "geometry": {
        "type": "Point",
        "coordinates": [
          99.5156,
          18.7787
        ]
      }
    },
    {
      "type": "Feature",
      "id": "CONF_0207",
      "properties": {
        "confluence_id": "CONF_0207",
        "connected_reaches": 3,
        "elevation_m": 100.0
      },
      "geometry": {
        "type": "Point",
        "coordinates": [
          99.5279,
          18.7716
        ]
      }
    },
    {
      "type": "Feature",
      "id": "CONF_0208",
      "properties": {
        "confluence_id": "CONF_0208",
        "connected_reaches": 3,
        "elevation_m": 100.0
      },
      "geometry": {
        "type": "Point",
        "coordinates": [
          101.1884,
          19.9427
        ]
      }
    },
    {
      "type": "Feature",
      "id": "CONF_0209",
      "properties": {
        "confluence_id": "CONF_0209",
        "connected_reaches": 3,
        "elevation_m": 100.0
      },
      "geometry": {
        "type": "Point",
        "coordinates": [
          101.1835,
          19.9395
        ]
      }
    },
    {
      "type": "Feature",
      "id": "CONF_0210",
      "properties": {
        "confluence_id": "CONF_0210",
        "connected_reaches": 3,
        "elevation_m": 100.0
      },
      "geometry": {
        "type": "Point",
        "coordinates": [
          101.1584,
          19.9142
        ]
      }
    },
    {
      "type": "Feature",
      "id": "CONF_0211",
      "properties": {
        "confluence_id": "CONF_0211",
        "connected_reaches": 3,
        "elevation_m": 100.0
      },
      "geometry": {
        "type": "Point",
        "coordinates": [
          101.1573,
          19.9093
        ]
      }
    },
    {
      "type": "Feature",
      "id": "CONF_0212",
      "properties": {
        "confluence_id": "CONF_0212",
        "connected_reaches": 3,
        "elevation_m": 100.0
      },
      "geometry": {
        "type": "Point",
        "coordinates": [
          101.148,
          19.9038
        ]
      }
    },
    {
      "type": "Feature",
      "id": "CONF_0213",
      "properties": {
        "confluence_id": "CONF_0213",
        "connected_reaches": 3,
        "elevation_m": 100.0
      },
      "geometry": {
        "type": "Point",
        "coordinates": [
          101.145,
          19.9002
        ]
      }
    },
    {
      "type": "Feature",
      "id": "CONF_0214",
      "properties": {
        "confluence_id": "CONF_0214",
        "connected_reaches": 3,
        "elevation_m": 100.0
      },
      "geometry": {
        "type": "Point",
        "coordinates": [
          101.1813,
          19.9376
        ]
      }
    },
    {
      "type": "Feature",
      "id": "CONF_0215",
      "properties": {
        "confluence_id": "CONF_0215",
        "connected_reaches": 3,
        "elevation_m": 100.0
      },
      "geometry": {
        "type": "Point",
        "coordinates": [
          101.1741,
          19.9296
        ]
      }
    },
    {
      "type": "Feature",
      "id": "CONF_0216",
      "properties": {
        "confluence_id": "CONF_0216",
        "connected_reaches": 3,
        "elevation_m": 100.0
      },
      "geometry": {
        "type": "Point",
        "coordinates": [
          101.1618,
          19.9182
        ]
      }
    },
    {
      "type": "Feature",
      "id": "CONF_0217",
      "properties": {
        "confluence_id": "CONF_0217",
        "connected_reaches": 2,
        "elevation_m": 100.0
      },
      "geometry": {
        "type": "Point",
        "coordinates": [
          101.1044,
          19.9179
        ]
      }
    },
    {
      "type": "Feature",
      "id": "CONF_0218",
      "properties": {
        "confluence_id": "CONF_0218",
        "connected_reaches": 3,
        "elevation_m": 100.0
      },
      "geometry": {
        "type": "Point",
        "coordinates": [
          101.1083,
          19.915
        ]
      }
    },
    {
      "type": "Feature",
      "id": "CONF_0219",
      "properties": {
        "confluence_id": "CONF_0219",
        "connected_reaches": 3,
        "elevation_m": 100.0
      },
      "geometry": {
        "type": "Point",
        "coordinates": [
          101.14,
          19.9337
        ]
      }
    },
    {
      "type": "Feature",
      "id": "CONF_0220",
      "properties": {
        "confluence_id": "CONF_0220",
        "connected_reaches": 3,
        "elevation_m": 100.0
      },
      "geometry": {
        "type": "Point",
        "coordinates": [
          101.1018,
          19.9287
        ]
      }
    },
    {
      "type": "Feature",
      "id": "CONF_0221",
      "properties": {
        "confluence_id": "CONF_0221",
        "connected_reaches": 3,
        "elevation_m": 100.0
      },
      "geometry": {
        "type": "Point",
        "coordinates": [
          101.0957,
          19.9388
        ]
      }
    },
    {
      "type": "Feature",
      "id": "CONF_0222",
      "properties": {
        "confluence_id": "CONF_0222",
        "connected_reaches": 3,
        "elevation_m": 100.0
      },
      "geometry": {
        "type": "Point",
        "coordinates": [
          101.0984,
          19.9351
        ]
      }
    },
    {
      "type": "Feature",
      "id": "CONF_0223",
      "properties": {
        "confluence_id": "CONF_0223",
        "connected_reaches": 3,
        "elevation_m": 100.0
      },
      "geometry": {
        "type": "Point",
        "coordinates": [
          101.0923,
          19.9423
        ]
      }
    },
    {
      "type": "Feature",
      "id": "CONF_0224",
      "properties": {
        "confluence_id": "CONF_0224",
        "connected_reaches": 3,
        "elevation_m": 100.0
      },
      "geometry": {
        "type": "Point",
        "coordinates": [
          101.1774,
          19.9007
        ]
      }
    },
    {
      "type": "Feature",
      "id": "CONF_0225",
      "properties": {
        "confluence_id": "CONF_0225",
        "connected_reaches": 3,
        "elevation_m": 100.0
      },
      "geometry": {
        "type": "Point",
        "coordinates": [
          101.2001,
          19.9235
        ]
      }
    },
    {
      "type": "Feature",
      "id": "CONF_0226",
      "properties": {
        "confluence_id": "CONF_0226",
        "connected_reaches": 3,
        "elevation_m": 100.0
      },
      "geometry": {
        "type": "Point",
        "coordinates": [
          101.1497,
          19.9305
        ]
      }
    },
    {
      "type": "Feature",
      "id": "CONF_0227",
      "properties": {
        "confluence_id": "CONF_0227",
        "connected_reaches": 2,
        "elevation_m": 100.0
      },
      "geometry": {
        "type": "Point",
        "coordinates": [
          101.1539,
          19.9259
        ]
      }
    },
    {
      "type": "Feature",
      "id": "CONF_0228",
      "properties": {
        "confluence_id": "CONF_0228",
        "connected_reaches": 3,
        "elevation_m": 100.0
      },
      "geometry": {
        "type": "Point",
        "coordinates": [
          101.1489,
          19.9401
        ]
      }
    },
    {
      "type": "Feature",
      "id": "CONF_0229",
      "properties": {
        "confluence_id": "CONF_0229",
        "connected_reaches": 3,
        "elevation_m": 100.0
      },
      "geometry": {
        "type": "Point",
        "coordinates": [
          101.1212,
          19.9077
        ]
      }
    },
    {
      "type": "Feature",
      "id": "CONF_0230",
      "properties": {
        "confluence_id": "CONF_0230",
        "connected_reaches": 3,
        "elevation_m": 100.0
      },
      "geometry": {
        "type": "Point",
        "coordinates": [
          101.2448,
          19.9384
        ]
      }
    },
    {
      "type": "Feature",
      "id": "CONF_0231",
      "properties": {
        "confluence_id": "CONF_0231",
        "connected_reaches": 3,
        "elevation_m": 100.0
      },
      "geometry": {
        "type": "Point",
        "coordinates": [
          101.1493,
          19.9388
        ]
      }
    },
    {
      "type": "Feature",
      "id": "CONF_0232",
      "properties": {
        "confluence_id": "CONF_0232",
        "connected_reaches": 3,
        "elevation_m": 100.0
      },
      "geometry": {
        "type": "Point",
        "coordinates": [
          101.1486,
          19.9343
        ]
      }
    },
    {
      "type": "Feature",
      "id": "CONF_0233",
      "properties": {
        "confluence_id": "CONF_0233",
        "connected_reaches": 3,
        "elevation_m": 100.0
      },
      "geometry": {
        "type": "Point",
        "coordinates": [
          101.1144,
          19.9115
        ]
      }
    },
    {
      "type": "Feature",
      "id": "CONF_0234",
      "properties": {
        "confluence_id": "CONF_0234",
        "connected_reaches": 3,
        "elevation_m": 100.0
      },
      "geometry": {
        "type": "Point",
        "coordinates": [
          101.218,
          19.9253
        ]
      }
    },
    {
      "type": "Feature",
      "id": "CONF_0235",
      "properties": {
        "confluence_id": "CONF_0235",
        "connected_reaches": 3,
        "elevation_m": 100.0
      },
      "geometry": {
        "type": "Point",
        "coordinates": [
          101.1286,
          19.9137
        ]
      }
    },
    {
      "type": "Feature",
      "id": "CONF_0236",
      "properties": {
        "confluence_id": "CONF_0236",
        "connected_reaches": 3,
        "elevation_m": 100.0
      },
      "geometry": {
        "type": "Point",
        "coordinates": [
          101.2105,
          19.9234
        ]
      }
    },
    {
      "type": "Feature",
      "id": "CONF_0237",
      "properties": {
        "confluence_id": "CONF_0237",
        "connected_reaches": 2,
        "elevation_m": 100.0
      },
      "geometry": {
        "type": "Point",
        "coordinates": [
          101.1964,
          19.9475
        ]
      }
    },
    {
      "type": "Feature",
      "id": "CONF_0238",
      "properties": {
        "confluence_id": "CONF_0238",
        "connected_reaches": 3,
        "elevation_m": 100.0
      },
      "geometry": {
        "type": "Point",
        "coordinates": [
          101.1262,
          19.9342
        ]
      }
    },
    {
      "type": "Feature",
      "id": "CONF_0239",
      "properties": {
        "confluence_id": "CONF_0239",
        "connected_reaches": 3,
        "elevation_m": 100.0
      },
      "geometry": {
        "type": "Point",
        "coordinates": [
          101.125,
          19.9334
        ]
      }
    },
    {
      "type": "Feature",
      "id": "CONF_0240",
      "properties": {
        "confluence_id": "CONF_0240",
        "connected_reaches": 3,
        "elevation_m": 100.0
      },
      "geometry": {
        "type": "Point",
        "coordinates": [
          101.1501,
          19.9324
        ]
      }
    },
    {
      "type": "Feature",
      "id": "CONF_0241",
      "properties": {
        "confluence_id": "CONF_0241",
        "connected_reaches": 3,
        "elevation_m": 100.0
      },
      "geometry": {
        "type": "Point",
        "coordinates": [
          101.1615,
          19.913
        ]
      }
    },
    {
      "type": "Feature",
      "id": "CONF_0242",
      "properties": {
        "confluence_id": "CONF_0242",
        "connected_reaches": 3,
        "elevation_m": 100.0
      },
      "geometry": {
        "type": "Point",
        "coordinates": [
          101.1883,
          19.9214
        ]
      }
    },
    {
      "type": "Feature",
      "id": "CONF_0243",
      "properties": {
        "confluence_id": "CONF_0243",
        "connected_reaches": 2,
        "elevation_m": 100.0
      },
      "geometry": {
        "type": "Point",
        "coordinates": [
          99.531,
          17.3288
        ]
      }
    },
    {
      "type": "Feature",
      "id": "CONF_0244",
      "properties": {
        "confluence_id": "CONF_0244",
        "connected_reaches": 2,
        "elevation_m": 100.0
      },
      "geometry": {
        "type": "Point",
        "coordinates": [
          99.7408,
          19.5524
        ]
      }
    },
    {
      "type": "Feature",
      "id": "CONF_0245",
      "properties": {
        "confluence_id": "CONF_0245",
        "connected_reaches": 2,
        "elevation_m": 100.0
      },
      "geometry": {
        "type": "Point",
        "coordinates": [
          99.8451,
          19.8678
        ]
      }
    },
    {
      "type": "Feature",
      "id": "CONF_0246",
      "properties": {
        "confluence_id": "CONF_0246",
        "connected_reaches": 2,
        "elevation_m": 100.0
      },
      "geometry": {
        "type": "Point",
        "coordinates": [
          99.8374,
          19.8809
        ]
      }
    },
    {
      "type": "Feature",
      "id": "CONF_0247",
      "properties": {
        "confluence_id": "CONF_0247",
        "connected_reaches": 2,
        "elevation_m": 100.0
      },
      "geometry": {
        "type": "Point",
        "coordinates": [
          99.8699,
          19.9133
        ]
      }
    },
    {
      "type": "Feature",
      "id": "CONF_0248",
      "properties": {
        "confluence_id": "CONF_0248",
        "connected_reaches": 2,
        "elevation_m": 100.0
      },
      "geometry": {
        "type": "Point",
        "coordinates": [
          99.914,
          19.915
        ]
      }
    },
    {
      "type": "Feature",
      "id": "CONF_0249",
      "properties": {
        "confluence_id": "CONF_0249",
        "connected_reaches": 3,
        "elevation_m": 100.0
      },
      "geometry": {
        "type": "Point",
        "coordinates": [
          101.2812,
          19.4653
        ]
      }
    },
    {
      "type": "Feature",
      "id": "CONF_0250",
      "properties": {
        "confluence_id": "CONF_0250",
        "connected_reaches": 3,
        "elevation_m": 100.0
      },
      "geometry": {
        "type": "Point",
        "coordinates": [
          101.484,
          19.518
        ]
      }
    },
    {
      "type": "Feature",
      "id": "CONF_0251",
      "properties": {
        "confluence_id": "CONF_0251",
        "connected_reaches": 2,
        "elevation_m": 100.0
      },
      "geometry": {
        "type": "Point",
        "coordinates": [
          101.5046,
          17.856
        ]
      }
    },
    {
      "type": "Feature",
      "id": "CONF_0252",
      "properties": {
        "confluence_id": "CONF_0252",
        "connected_reaches": 2,
        "elevation_m": 100.0
      },
      "geometry": {
        "type": "Point",
        "coordinates": [
          101.3955,
          19.7186
        ]
      }
    },
    {
      "type": "Feature",
      "id": "CONF_0253",
      "properties": {
        "confluence_id": "CONF_0253",
        "connected_reaches": 2,
        "elevation_m": 100.0
      },
      "geometry": {
        "type": "Point",
        "coordinates": [
          101.2999,
          19.7455
        ]
      }
    },
    {
      "type": "Feature",
      "id": "CONF_0254",
      "properties": {
        "confluence_id": "CONF_0254",
        "connected_reaches": 3,
        "elevation_m": 100.0
      },
      "geometry": {
        "type": "Point",
        "coordinates": [
          100.84,
          19.6347
        ]
      }
    },
    {
      "type": "Feature",
      "id": "CONF_0255",
      "properties": {
        "confluence_id": "CONF_0255",
        "connected_reaches": 3,
        "elevation_m": 100.0
      },
      "geometry": {
        "type": "Point",
        "coordinates": [
          101.3207,
          19.7072
        ]
      }
    },
    {
      "type": "Feature",
      "id": "CONF_0256",
      "properties": {
        "confluence_id": "CONF_0256",
        "connected_reaches": 3,
        "elevation_m": 100.0
      },
      "geometry": {
        "type": "Point",
        "coordinates": [
          101.4964,
          19.8063
        ]
      }
    },
    {
      "type": "Feature",
      "id": "CONF_0257",
      "properties": {
        "confluence_id": "CONF_0257",
        "connected_reaches": 3,
        "elevation_m": 100.0
      },
      "geometry": {
        "type": "Point",
        "coordinates": [
          101.4976,
          19.4101
        ]
      }
    },
    {
      "type": "Feature",
      "id": "CONF_0258",
      "properties": {
        "confluence_id": "CONF_0258",
        "connected_reaches": 2,
        "elevation_m": 100.0
      },
      "geometry": {
        "type": "Point",
        "coordinates": [
          101.428,
          19.3918
        ]
      }
    },
    {
      "type": "Feature",
      "id": "CONF_0259",
      "properties": {
        "confluence_id": "CONF_0259",
        "connected_reaches": 3,
        "elevation_m": 100.0
      },
      "geometry": {
        "type": "Point",
        "coordinates": [
          101.3636,
          19.3062
        ]
      }
    },
    {
      "type": "Feature",
      "id": "CONF_0260",
      "properties": {
        "confluence_id": "CONF_0260",
        "connected_reaches": 2,
        "elevation_m": 100.0
      },
      "geometry": {
        "type": "Point",
        "coordinates": [
          101.3736,
          19.4068
        ]
      }
    },
    {
      "type": "Feature",
      "id": "CONF_0261",
      "properties": {
        "confluence_id": "CONF_0261",
        "connected_reaches": 3,
        "elevation_m": 100.0
      },
      "geometry": {
        "type": "Point",
        "coordinates": [
          101.3678,
          19.2878
        ]
      }
    },
    {
      "type": "Feature",
      "id": "CONF_0262",
      "properties": {
        "confluence_id": "CONF_0262",
        "connected_reaches": 2,
        "elevation_m": 100.0
      },
      "geometry": {
        "type": "Point",
        "coordinates": [
          101.3612,
          19.2574
        ]
      }
    },
    {
      "type": "Feature",
      "id": "CONF_0263",
      "properties": {
        "confluence_id": "CONF_0263",
        "connected_reaches": 3,
        "elevation_m": 100.0
      },
      "geometry": {
        "type": "Point",
        "coordinates": [
          101.5504,
          19.1832
        ]
      }
    },
    {
      "type": "Feature",
      "id": "CONF_0264",
      "properties": {
        "confluence_id": "CONF_0264",
        "connected_reaches": 2,
        "elevation_m": 100.0
      },
      "geometry": {
        "type": "Point",
        "coordinates": [
          101.5281,
          19.0602
        ]
      }
    },
    {
      "type": "Feature",
      "id": "CONF_0265",
      "properties": {
        "confluence_id": "CONF_0265",
        "connected_reaches": 3,
        "elevation_m": 100.0
      },
      "geometry": {
        "type": "Point",
        "coordinates": [
          101.5303,
          19.0343
        ]
      }
    },
    {
      "type": "Feature",
      "id": "CONF_0266",
      "properties": {
        "confluence_id": "CONF_0266",
        "connected_reaches": 3,
        "elevation_m": 100.0
      },
      "geometry": {
        "type": "Point",
        "coordinates": [
          101.289,
          18.7489
        ]
      }
    },
    {
      "type": "Feature",
      "id": "CONF_0267",
      "properties": {
        "confluence_id": "CONF_0267",
        "connected_reaches": 3,
        "elevation_m": 100.0
      },
      "geometry": {
        "type": "Point",
        "coordinates": [
          101.4578,
          18.895
        ]
      }
    },
    {
      "type": "Feature",
      "id": "CONF_0268",
      "properties": {
        "confluence_id": "CONF_0268",
        "connected_reaches": 3,
        "elevation_m": 100.0
      },
      "geometry": {
        "type": "Point",
        "coordinates": [
          101.3776,
          18.8953
        ]
      }
    },
    {
      "type": "Feature",
      "id": "CONF_0269",
      "properties": {
        "confluence_id": "CONF_0269",
        "connected_reaches": 2,
        "elevation_m": 100.0
      },
      "geometry": {
        "type": "Point",
        "coordinates": [
          101.3195,
          18.8846
        ]
      }
    },
    {
      "type": "Feature",
      "id": "CONF_0270",
      "properties": {
        "confluence_id": "CONF_0270",
        "connected_reaches": 2,
        "elevation_m": 100.0
      },
      "geometry": {
        "type": "Point",
        "coordinates": [
          101.2476,
          18.5063
        ]
      }
    },
    {
      "type": "Feature",
      "id": "CONF_0271",
      "properties": {
        "confluence_id": "CONF_0271",
        "connected_reaches": 2,
        "elevation_m": 100.0
      },
      "geometry": {
        "type": "Point",
        "coordinates": [
          101.3777,
          18.5286
        ]
      }
    },
    {
      "type": "Feature",
      "id": "CONF_0272",
      "properties": {
        "confluence_id": "CONF_0272",
        "connected_reaches": 2,
        "elevation_m": 100.0
      },
      "geometry": {
        "type": "Point",
        "coordinates": [
          101.5314,
          18.769
        ]
      }
    },
    {
      "type": "Feature",
      "id": "CONF_0273",
      "properties": {
        "confluence_id": "CONF_0273",
        "connected_reaches": 3,
        "elevation_m": 100.0
      },
      "geometry": {
        "type": "Point",
        "coordinates": [
          101.5235,
          18.6856
        ]
      }
    },
    {
      "type": "Feature",
      "id": "CONF_0274",
      "properties": {
        "confluence_id": "CONF_0274",
        "connected_reaches": 2,
        "elevation_m": 100.0
      },
      "geometry": {
        "type": "Point",
        "coordinates": [
          101.4708,
          18.5792
        ]
      }
    },
    {
      "type": "Feature",
      "id": "CONF_0275",
      "properties": {
        "confluence_id": "CONF_0275",
        "connected_reaches": 3,
        "elevation_m": 100.0
      },
      "geometry": {
        "type": "Point",
        "coordinates": [
          101.4799,
          18.6978
        ]
      }
    },
    {
      "type": "Feature",
      "id": "CONF_0276",
      "properties": {
        "confluence_id": "CONF_0276",
        "connected_reaches": 2,
        "elevation_m": 100.0
      },
      "geometry": {
        "type": "Point",
        "coordinates": [
          101.3156,
          18.6401
        ]
      }
    },
    {
      "type": "Feature",
      "id": "CONF_0277",
      "properties": {
        "confluence_id": "CONF_0277",
        "connected_reaches": 3,
        "elevation_m": 100.0
      },
      "geometry": {
        "type": "Point",
        "coordinates": [
          101.3193,
          18.5868
        ]
      }
    },
    {
      "type": "Feature",
      "id": "CONF_0278",
      "properties": {
        "confluence_id": "CONF_0278",
        "connected_reaches": 2,
        "elevation_m": 100.0
      },
      "geometry": {
        "type": "Point",
        "coordinates": [
          101.2654,
          18.5732
        ]
      }
    },
    {
      "type": "Feature",
      "id": "CONF_0279",
      "properties": {
        "confluence_id": "CONF_0279",
        "connected_reaches": 2,
        "elevation_m": 100.0
      },
      "geometry": {
        "type": "Point",
        "coordinates": [
          101.312,
          18.4393
        ]
      }
    },
    {
      "type": "Feature",
      "id": "CONF_0280",
      "properties": {
        "confluence_id": "CONF_0280",
        "connected_reaches": 3,
        "elevation_m": 100.0
      },
      "geometry": {
        "type": "Point",
        "coordinates": [
          101.443,
          18.3056
        ]
      }
    },
    {
      "type": "Feature",
      "id": "CONF_0281",
      "properties": {
        "confluence_id": "CONF_0281",
        "connected_reaches": 2,
        "elevation_m": 100.0
      },
      "geometry": {
        "type": "Point",
        "coordinates": [
          101.2177,
          18.3311
        ]
      }
    },
    {
      "type": "Feature",
      "id": "CONF_0282",
      "properties": {
        "confluence_id": "CONF_0282",
        "connected_reaches": 2,
        "elevation_m": 100.0
      },
      "geometry": {
        "type": "Point",
        "coordinates": [
          101.2992,
          18.287
        ]
      }
    },
    {
      "type": "Feature",
      "id": "CONF_0283",
      "properties": {
        "confluence_id": "CONF_0283",
        "connected_reaches": 3,
        "elevation_m": 100.0
      },
      "geometry": {
        "type": "Point",
        "coordinates": [
          101.306,
          18.2252
        ]
      }
    },
    {
      "type": "Feature",
      "id": "CONF_0284",
      "properties": {
        "confluence_id": "CONF_0284",
        "connected_reaches": 3,
        "elevation_m": 100.0
      },
      "geometry": {
        "type": "Point",
        "coordinates": [
          101.2841,
          18.2
        ]
      }
    },
    {
      "type": "Feature",
      "id": "CONF_0285",
      "properties": {
        "confluence_id": "CONF_0285",
        "connected_reaches": 3,
        "elevation_m": 100.0
      },
      "geometry": {
        "type": "Point",
        "coordinates": [
          101.2786,
          18.2143
        ]
      }
    },
    {
      "type": "Feature",
      "id": "CONF_0286",
      "properties": {
        "confluence_id": "CONF_0286",
        "connected_reaches": 3,
        "elevation_m": 100.0
      },
      "geometry": {
        "type": "Point",
        "coordinates": [
          101.2819,
          18.2138
        ]
      }
    },
    {
      "type": "Feature",
      "id": "CONF_0287",
      "properties": {
        "confluence_id": "CONF_0287",
        "connected_reaches": 3,
        "elevation_m": 100.0
      },
      "geometry": {
        "type": "Point",
        "coordinates": [
          101.2779,
          18.2167
        ]
      }
    },
    {
      "type": "Feature",
      "id": "CONF_0288",
      "properties": {
        "confluence_id": "CONF_0288",
        "connected_reaches": 2,
        "elevation_m": 100.0
      },
      "geometry": {
        "type": "Point",
        "coordinates": [
          101.3685,
          18.1063
        ]
      }
    },
    {
      "type": "Feature",
      "id": "CONF_0289",
      "properties": {
        "confluence_id": "CONF_0289",
        "connected_reaches": 3,
        "elevation_m": 100.0
      },
      "geometry": {
        "type": "Point",
        "coordinates": [
          101.1536,
          17.9566
        ]
      }
    },
    {
      "type": "Feature",
      "id": "CONF_0290",
      "properties": {
        "confluence_id": "CONF_0290",
        "connected_reaches": 2,
        "elevation_m": 100.0
      },
      "geometry": {
        "type": "Point",
        "coordinates": [
          101.1577,
          17.5347
        ]
      }
    },
    {
      "type": "Feature",
      "id": "CONF_0291",
      "properties": {
        "confluence_id": "CONF_0291",
        "connected_reaches": 2,
        "elevation_m": 100.0
      },
      "geometry": {
        "type": "Point",
        "coordinates": [
          101.082,
          17.524
        ]
      }
    },
    {
      "type": "Feature",
      "id": "CONF_0292",
      "properties": {
        "confluence_id": "CONF_0292",
        "connected_reaches": 2,
        "elevation_m": 100.0
      },
      "geometry": {
        "type": "Point",
        "coordinates": [
          101.2983,
          19.6897
        ]
      }
    },
    {
      "type": "Feature",
      "id": "CONF_0293",
      "properties": {
        "confluence_id": "CONF_0293",
        "connected_reaches": 2,
        "elevation_m": 100.0
      },
      "geometry": {
        "type": "Point",
        "coordinates": [
          100.23,
          18.2538
        ]
      }
    },
    {
      "type": "Feature",
      "id": "CONF_0294",
      "properties": {
        "confluence_id": "CONF_0294",
        "connected_reaches": 2,
        "elevation_m": 100.0
      },
      "geometry": {
        "type": "Point",
        "coordinates": [
          100.394,
          17.8156
        ]
      }
    },
    {
      "type": "Feature",
      "id": "CONF_0295",
      "properties": {
        "confluence_id": "CONF_0295",
        "connected_reaches": 2,
        "elevation_m": 100.0
      },
      "geometry": {
        "type": "Point",
        "coordinates": [
          99.9444,
          18.154
        ]
      }
    },
    {
      "type": "Feature",
      "id": "CONF_0296",
      "properties": {
        "confluence_id": "CONF_0296",
        "connected_reaches": 3,
        "elevation_m": 100.0
      },
      "geometry": {
        "type": "Point",
        "coordinates": [
          99.4957,
          16.4874
        ]
      }
    },
    {
      "type": "Feature",
      "id": "CONF_0297",
      "properties": {
        "confluence_id": "CONF_0297",
        "connected_reaches": 2,
        "elevation_m": 100.0
      },
      "geometry": {
        "type": "Point",
        "coordinates": [
          99.5549,
          16.5555
        ]
      }
    },
    {
      "type": "Feature",
      "id": "CONF_0298",
      "properties": {
        "confluence_id": "CONF_0298",
        "connected_reaches": 3,
        "elevation_m": 100.0
      },
      "geometry": {
        "type": "Point",
        "coordinates": [
          99.5207,
          16.4979
        ]
      }
    },
    {
      "type": "Feature",
      "id": "CONF_0299",
      "properties": {
        "confluence_id": "CONF_0299",
        "connected_reaches": 2,
        "elevation_m": 100.0
      },
      "geometry": {
        "type": "Point",
        "coordinates": [
          99.5776,
          16.5634
        ]
      }
    },
    {
      "type": "Feature",
      "id": "CONF_0300",
      "properties": {
        "confluence_id": "CONF_0300",
        "connected_reaches": 2,
        "elevation_m": 100.0
      },
      "geometry": {
        "type": "Point",
        "coordinates": [
          100.1539,
          18.4546
        ]
      }
    },
    {
      "type": "Feature",
      "id": "CONF_0301",
      "properties": {
        "confluence_id": "CONF_0301",
        "connected_reaches": 2,
        "elevation_m": 100.0
      },
      "geometry": {
        "type": "Point",
        "coordinates": [
          100.9585,
          19.1732
        ]
      }
    },
    {
      "type": "Feature",
      "id": "CONF_0302",
      "properties": {
        "confluence_id": "CONF_0302",
        "connected_reaches": 2,
        "elevation_m": 100.0
      },
      "geometry": {
        "type": "Point",
        "coordinates": [
          100.9187,
          19.1848
        ]
      }
    },
    {
      "type": "Feature",
      "id": "CONF_0303",
      "properties": {
        "confluence_id": "CONF_0303",
        "connected_reaches": 2,
        "elevation_m": 100.0
      },
      "geometry": {
        "type": "Point",
        "coordinates": [
          100.8983,
          19.1891
        ]
      }
    },
    {
      "type": "Feature",
      "id": "CONF_0304",
      "properties": {
        "confluence_id": "CONF_0304",
        "connected_reaches": 2,
        "elevation_m": 100.0
      },
      "geometry": {
        "type": "Point",
        "coordinates": [
          100.8473,
          19.1733
        ]
      }
    },
    {
      "type": "Feature",
      "id": "CONF_0305",
      "properties": {
        "confluence_id": "CONF_0305",
        "connected_reaches": 3,
        "elevation_m": 100.0
      },
      "geometry": {
        "type": "Point",
        "coordinates": [
          101.0624,
          18.9893
        ]
      }
    },
    {
      "type": "Feature",
      "id": "CONF_0306",
      "properties": {
        "confluence_id": "CONF_0306",
        "connected_reaches": 2,
        "elevation_m": 100.0
      },
      "geometry": {
        "type": "Point",
        "coordinates": [
          99.8541,
          19.1743
        ]
      }
    },
    {
      "type": "Feature",
      "id": "CONF_0307",
      "properties": {
        "confluence_id": "CONF_0307",
        "connected_reaches": 2,
        "elevation_m": 100.0
      },
      "geometry": {
        "type": "Point",
        "coordinates": [
          99.8412,
          19.2598
        ]
      }
    },
    {
      "type": "Feature",
      "id": "CONF_0308",
      "properties": {
        "confluence_id": "CONF_0308",
        "connected_reaches": 2,
        "elevation_m": 100.0
      },
      "geometry": {
        "type": "Point",
        "coordinates": [
          100.712,
          17.7331
        ]
      }
    },
    {
      "type": "Feature",
      "id": "CONF_0309",
      "properties": {
        "confluence_id": "CONF_0309",
        "connected_reaches": 3,
        "elevation_m": 100.0
      },
      "geometry": {
        "type": "Point",
        "coordinates": [
          99.8893,
          17.4489
        ]
      }
    },
    {
      "type": "Feature",
      "id": "CONF_0310",
      "properties": {
        "confluence_id": "CONF_0310",
        "connected_reaches": 2,
        "elevation_m": 100.0
      },
      "geometry": {
        "type": "Point",
        "coordinates": [
          99.965,
          17.4946
        ]
      }
    },
    {
      "type": "Feature",
      "id": "CONF_0311",
      "properties": {
        "confluence_id": "CONF_0311",
        "connected_reaches": 2,
        "elevation_m": 100.0
      },
      "geometry": {
        "type": "Point",
        "coordinates": [
          99.9376,
          17.5321
        ]
      }
    },
    {
      "type": "Feature",
      "id": "CONF_0312",
      "properties": {
        "confluence_id": "CONF_0312",
        "connected_reaches": 2,
        "elevation_m": 100.0
      },
      "geometry": {
        "type": "Point",
        "coordinates": [
          100.043,
          17.3131
        ]
      }
    },
    {
      "type": "Feature",
      "id": "CONF_0313",
      "properties": {
        "confluence_id": "CONF_0313",
        "connected_reaches": 2,
        "elevation_m": 100.0
      },
      "geometry": {
        "type": "Point",
        "coordinates": [
          100.006,
          17.2641
        ]
      }
    },
    {
      "type": "Feature",
      "id": "CONF_0314",
      "properties": {
        "confluence_id": "CONF_0314",
        "connected_reaches": 2,
        "elevation_m": 100.0
      },
      "geometry": {
        "type": "Point",
        "coordinates": [
          99.7098,
          17.252
        ]
      }
    },
    {
      "type": "Feature",
      "id": "CONF_0315",
      "properties": {
        "confluence_id": "CONF_0315",
        "connected_reaches": 2,
        "elevation_m": 100.0
      },
      "geometry": {
        "type": "Point",
        "coordinates": [
          99.716,
          17.2267
        ]
      }
    },
    {
      "type": "Feature",
      "id": "CONF_0316",
      "properties": {
        "confluence_id": "CONF_0316",
        "connected_reaches": 2,
        "elevation_m": 100.0
      },
      "geometry": {
        "type": "Point",
        "coordinates": [
          99.8021,
          18.3075
        ]
      }
    },
    {
      "type": "Feature",
      "id": "CONF_0317",
      "properties": {
        "confluence_id": "CONF_0317",
        "connected_reaches": 2,
        "elevation_m": 100.0
      },
      "geometry": {
        "type": "Point",
        "coordinates": [
          100.1099,
          19.9154
        ]
      }
    },
    {
      "type": "Feature",
      "id": "CONF_0318",
      "properties": {
        "confluence_id": "CONF_0318",
        "connected_reaches": 3,
        "elevation_m": 100.0
      },
      "geometry": {
        "type": "Point",
        "coordinates": [
          100.1186,
          19.936
        ]
      }
    },
    {
      "type": "Feature",
      "id": "CONF_0319",
      "properties": {
        "confluence_id": "CONF_0319",
        "connected_reaches": 3,
        "elevation_m": 100.0
      },
      "geometry": {
        "type": "Point",
        "coordinates": [
          101.1619,
          16.4198
        ]
      }
    },
    {
      "type": "Feature",
      "id": "CONF_0320",
      "properties": {
        "confluence_id": "CONF_0320",
        "connected_reaches": 2,
        "elevation_m": 100.0
      },
      "geometry": {
        "type": "Point",
        "coordinates": [
          100.8076,
          16.3289
        ]
      }
    },
    {
      "type": "Feature",
      "id": "CONF_0321",
      "properties": {
        "confluence_id": "CONF_0321",
        "connected_reaches": 2,
        "elevation_m": 100.0
      },
      "geometry": {
        "type": "Point",
        "coordinates": [
          100.2228,
          18.0845
        ]
      }
    },
    {
      "type": "Feature",
      "id": "CONF_0322",
      "properties": {
        "confluence_id": "CONF_0322",
        "connected_reaches": 2,
        "elevation_m": 100.0
      },
      "geometry": {
        "type": "Point",
        "coordinates": [
          99.8085,
          19.8494
        ]
      }
    },
    {
      "type": "Feature",
      "id": "CONF_0323",
      "properties": {
        "confluence_id": "CONF_0323",
        "connected_reaches": 3,
        "elevation_m": 100.0
      },
      "geometry": {
        "type": "Point",
        "coordinates": [
          101.2145,
          19.0041
        ]
      }
    },
    {
      "type": "Feature",
      "id": "CONF_0324",
      "properties": {
        "confluence_id": "CONF_0324",
        "connected_reaches": 2,
        "elevation_m": 100.0
      },
      "geometry": {
        "type": "Point",
        "coordinates": [
          101.2143,
          18.976
        ]
      }
    },
    {
      "type": "Feature",
      "id": "CONF_0325",
      "properties": {
        "confluence_id": "CONF_0325",
        "connected_reaches": 2,
        "elevation_m": 100.0
      },
      "geometry": {
        "type": "Point",
        "coordinates": [
          101.1554,
          19.1545
        ]
      }
    },
    {
      "type": "Feature",
      "id": "CONF_0326",
      "properties": {
        "confluence_id": "CONF_0326",
        "connected_reaches": 2,
        "elevation_m": 100.0
      },
      "geometry": {
        "type": "Point",
        "coordinates": [
          101.2413,
          19.078
        ]
      }
    },
    {
      "type": "Feature",
      "id": "CONF_0327",
      "properties": {
        "confluence_id": "CONF_0327",
        "connected_reaches": 2,
        "elevation_m": 100.0
      },
      "geometry": {
        "type": "Point",
        "coordinates": [
          100.0909,
          17.6106
        ]
      }
    },
    {
      "type": "Feature",
      "id": "CONF_0328",
      "properties": {
        "confluence_id": "CONF_0328",
        "connected_reaches": 2,
        "elevation_m": 100.0
      },
      "geometry": {
        "type": "Point",
        "coordinates": [
          100.1247,
          17.7355
        ]
      }
    },
    {
      "type": "Feature",
      "id": "CONF_0329",
      "properties": {
        "confluence_id": "CONF_0329",
        "connected_reaches": 2,
        "elevation_m": 100.0
      },
      "geometry": {
        "type": "Point",
        "coordinates": [
          99.91,
          19.9022
        ]
      }
    },
    {
      "type": "Feature",
      "id": "CONF_0330",
      "properties": {
        "confluence_id": "CONF_0330",
        "connected_reaches": 2,
        "elevation_m": 100.0
      },
      "geometry": {
        "type": "Point",
        "coordinates": [
          99.9095,
          19.9031
        ]
      }
    },
    {
      "type": "Feature",
      "id": "CONF_0331",
      "properties": {
        "confluence_id": "CONF_0331",
        "connected_reaches": 2,
        "elevation_m": 100.0
      },
      "geometry": {
        "type": "Point",
        "coordinates": [
          99.8993,
          19.9099
        ]
      }
    },
    {
      "type": "Feature",
      "id": "CONF_0332",
      "properties": {
        "confluence_id": "CONF_0332",
        "connected_reaches": 2,
        "elevation_m": 100.0
      },
      "geometry": {
        "type": "Point",
        "coordinates": [
          101.1078,
          16.4415
        ]
      }
    },
    {
      "type": "Feature",
      "id": "CONF_0333",
      "properties": {
        "confluence_id": "CONF_0333",
        "connected_reaches": 2,
        "elevation_m": 100.0
      },
      "geometry": {
        "type": "Point",
        "coordinates": [
          101.1072,
          16.442
        ]
      }
    },
    {
      "type": "Feature",
      "id": "CONF_0334",
      "properties": {
        "confluence_id": "CONF_0334",
        "connected_reaches": 2,
        "elevation_m": 100.0
      },
      "geometry": {
        "type": "Point",
        "coordinates": [
          99.7118,
          19.5068
        ]
      }
    },
    {
      "type": "Feature",
      "id": "CONF_0335",
      "properties": {
        "confluence_id": "CONF_0335",
        "connected_reaches": 2,
        "elevation_m": 100.0
      },
      "geometry": {
        "type": "Point",
        "coordinates": [
          99.7575,
          19.4459
        ]
      }
    },
    {
      "type": "Feature",
      "id": "CONF_0336",
      "properties": {
        "confluence_id": "CONF_0336",
        "connected_reaches": 2,
        "elevation_m": 100.0
      },
      "geometry": {
        "type": "Point",
        "coordinates": [
          100.9139,
          19.2852
        ]
      }
    },
    {
      "type": "Feature",
      "id": "CONF_0337",
      "properties": {
        "confluence_id": "CONF_0337",
        "connected_reaches": 2,
        "elevation_m": 100.0
      },
      "geometry": {
        "type": "Point",
        "coordinates": [
          100.8211,
          19.2865
        ]
      }
    },
    {
      "type": "Feature",
      "id": "CONF_0338",
      "properties": {
        "confluence_id": "CONF_0338",
        "connected_reaches": 2,
        "elevation_m": 100.0
      },
      "geometry": {
        "type": "Point",
        "coordinates": [
          101.1801,
          16.4358
        ]
      }
    },
    {
      "type": "Feature",
      "id": "CONF_0339",
      "properties": {
        "confluence_id": "CONF_0339",
        "connected_reaches": 2,
        "elevation_m": 100.0
      },
      "geometry": {
        "type": "Point",
        "coordinates": [
          99.6399,
          18.8095
        ]
      }
    },
    {
      "type": "Feature",
      "id": "CONF_0340",
      "properties": {
        "confluence_id": "CONF_0340",
        "connected_reaches": 2,
        "elevation_m": 100.0
      },
      "geometry": {
        "type": "Point",
        "coordinates": [
          99.6404,
          18.8023
        ]
      }
    },
    {
      "type": "Feature",
      "id": "CONF_0341",
      "properties": {
        "confluence_id": "CONF_0341",
        "connected_reaches": 2,
        "elevation_m": 100.0
      },
      "geometry": {
        "type": "Point",
        "coordinates": [
          99.6427,
          18.8065
        ]
      }
    },
    {
      "type": "Feature",
      "id": "CONF_0342",
      "properties": {
        "confluence_id": "CONF_0342",
        "connected_reaches": 2,
        "elevation_m": 100.0
      },
      "geometry": {
        "type": "Point",
        "coordinates": [
          99.6433,
          18.8079
        ]
      }
    },
    {
      "type": "Feature",
      "id": "CONF_0343",
      "properties": {
        "confluence_id": "CONF_0343",
        "connected_reaches": 2,
        "elevation_m": 100.0
      },
      "geometry": {
        "type": "Point",
        "coordinates": [
          99.7704,
          19.5835
        ]
      }
    },
    {
      "type": "Feature",
      "id": "CONF_0344",
      "properties": {
        "confluence_id": "CONF_0344",
        "connected_reaches": 2,
        "elevation_m": 100.0
      },
      "geometry": {
        "type": "Point",
        "coordinates": [
          100.7056,
          19.3568
        ]
      }
    },
    {
      "type": "Feature",
      "id": "CONF_0345",
      "properties": {
        "confluence_id": "CONF_0345",
        "connected_reaches": 2,
        "elevation_m": 100.0
      },
      "geometry": {
        "type": "Point",
        "coordinates": [
          99.9087,
          19.143
        ]
      }
    },
    {
      "type": "Feature",
      "id": "CONF_0346",
      "properties": {
        "confluence_id": "CONF_0346",
        "connected_reaches": 2,
        "elevation_m": 100.0
      },
      "geometry": {
        "type": "Point",
        "coordinates": [
          99.4615,
          18.1331
        ]
      }
    },
    {
      "type": "Feature",
      "id": "CONF_0347",
      "properties": {
        "confluence_id": "CONF_0347",
        "connected_reaches": 2,
        "elevation_m": 100.0
      },
      "geometry": {
        "type": "Point",
        "coordinates": [
          100.8605,
          19.8991
        ]
      }
    },
    {
      "type": "Feature",
      "id": "CONF_0348",
      "properties": {
        "confluence_id": "CONF_0348",
        "connected_reaches": 2,
        "elevation_m": 100.0
      },
      "geometry": {
        "type": "Point",
        "coordinates": [
          100.835,
          16.8716
        ]
      }
    },
    {
      "type": "Feature",
      "id": "CONF_0349",
      "properties": {
        "confluence_id": "CONF_0349",
        "connected_reaches": 2,
        "elevation_m": 100.0
      },
      "geometry": {
        "type": "Point",
        "coordinates": [
          100.8354,
          16.8709
        ]
      }
    },
    {
      "type": "Feature",
      "id": "CONF_0350",
      "properties": {
        "confluence_id": "CONF_0350",
        "connected_reaches": 2,
        "elevation_m": 100.0
      },
      "geometry": {
        "type": "Point",
        "coordinates": [
          100.6395,
          16.8718
        ]
      }
    },
    {
      "type": "Feature",
      "id": "CONF_0351",
      "properties": {
        "confluence_id": "CONF_0351",
        "connected_reaches": 2,
        "elevation_m": 100.0
      },
      "geometry": {
        "type": "Point",
        "coordinates": [
          100.8845,
          19.277
        ]
      }
    },
    {
      "type": "Feature",
      "id": "CONF_0352",
      "properties": {
        "confluence_id": "CONF_0352",
        "connected_reaches": 2,
        "elevation_m": 100.0
      },
      "geometry": {
        "type": "Point",
        "coordinates": [
          100.8847,
          19.2775
        ]
      }
    },
    {
      "type": "Feature",
      "id": "CONF_0353",
      "properties": {
        "confluence_id": "CONF_0353",
        "connected_reaches": 2,
        "elevation_m": 100.0
      },
      "geometry": {
        "type": "Point",
        "coordinates": [
          100.8866,
          19.2798
        ]
      }
    },
    {
      "type": "Feature",
      "id": "CONF_0354",
      "properties": {
        "confluence_id": "CONF_0354",
        "connected_reaches": 2,
        "elevation_m": 100.0
      },
      "geometry": {
        "type": "Point",
        "coordinates": [
          100.8873,
          19.2802
        ]
      }
    },
    {
      "type": "Feature",
      "id": "CONF_0355",
      "properties": {
        "confluence_id": "CONF_0355",
        "connected_reaches": 2,
        "elevation_m": 100.0
      },
      "geometry": {
        "type": "Point",
        "coordinates": [
          100.3645,
          17.474
        ]
      }
    },
    {
      "type": "Feature",
      "id": "CONF_0356",
      "properties": {
        "confluence_id": "CONF_0356",
        "connected_reaches": 2,
        "elevation_m": 100.0
      },
      "geometry": {
        "type": "Point",
        "coordinates": [
          100.3137,
          17.4606
        ]
      }
    },
    {
      "type": "Feature",
      "id": "CONF_0357",
      "properties": {
        "confluence_id": "CONF_0357",
        "connected_reaches": 2,
        "elevation_m": 100.0
      },
      "geometry": {
        "type": "Point",
        "coordinates": [
          99.9358,
          19.7555
        ]
      }
    },
    {
      "type": "Feature",
      "id": "CONF_0358",
      "properties": {
        "confluence_id": "CONF_0358",
        "connected_reaches": 2,
        "elevation_m": 100.0
      },
      "geometry": {
        "type": "Point",
        "coordinates": [
          99.9389,
          19.7555
        ]
      }
    },
    {
      "type": "Feature",
      "id": "CONF_0359",
      "properties": {
        "confluence_id": "CONF_0359",
        "connected_reaches": 2,
        "elevation_m": 100.0
      },
      "geometry": {
        "type": "Point",
        "coordinates": [
          99.9354,
          19.7548
        ]
      }
    },
    {
      "type": "Feature",
      "id": "CONF_0360",
      "properties": {
        "confluence_id": "CONF_0360",
        "connected_reaches": 2,
        "elevation_m": 100.0
      },
      "geometry": {
        "type": "Point",
        "coordinates": [
          99.655,
          16.5574
        ]
      }
    },
    {
      "type": "Feature",
      "id": "CONF_0361",
      "properties": {
        "confluence_id": "CONF_0361",
        "connected_reaches": 4,
        "elevation_m": 100.0
      },
      "geometry": {
        "type": "Point",
        "coordinates": [
          99.7975,
          17.0222
        ]
      }
    },
    {
      "type": "Feature",
      "id": "CONF_0362",
      "properties": {
        "confluence_id": "CONF_0362",
        "connected_reaches": 3,
        "elevation_m": 100.0
      },
      "geometry": {
        "type": "Point",
        "coordinates": [
          99.7416,
          16.7931
        ]
      }
    },
    {
      "type": "Feature",
      "id": "CONF_0363",
      "properties": {
        "confluence_id": "CONF_0363",
        "connected_reaches": 3,
        "elevation_m": 100.0
      },
      "geometry": {
        "type": "Point",
        "coordinates": [
          99.7182,
          16.7557
        ]
      }
    },
    {
      "type": "Feature",
      "id": "CONF_0364",
      "properties": {
        "confluence_id": "CONF_0364",
        "connected_reaches": 3,
        "elevation_m": 100.0
      },
      "geometry": {
        "type": "Point",
        "coordinates": [
          100.2736,
          16.9072
        ]
      }
    },
    {
      "type": "Feature",
      "id": "CONF_0365",
      "properties": {
        "confluence_id": "CONF_0365",
        "connected_reaches": 2,
        "elevation_m": 100.0
      },
      "geometry": {
        "type": "Point",
        "coordinates": [
          100.296,
          16.8391
        ]
      }
    },
    {
      "type": "Feature",
      "id": "CONF_0366",
      "properties": {
        "confluence_id": "CONF_0366",
        "connected_reaches": 2,
        "elevation_m": 100.0
      },
      "geometry": {
        "type": "Point",
        "coordinates": [
          100.3079,
          16.8997
        ]
      }
    },
    {
      "type": "Feature",
      "id": "CONF_0367",
      "properties": {
        "confluence_id": "CONF_0367",
        "connected_reaches": 2,
        "elevation_m": 100.0
      },
      "geometry": {
        "type": "Point",
        "coordinates": [
          100.3087,
          16.9107
        ]
      }
    },
    {
      "type": "Feature",
      "id": "CONF_0368",
      "properties": {
        "confluence_id": "CONF_0368",
        "connected_reaches": 3,
        "elevation_m": 100.0
      },
      "geometry": {
        "type": "Point",
        "coordinates": [
          100.2752,
          16.9146
        ]
      }
    },
    {
      "type": "Feature",
      "id": "CONF_0369",
      "properties": {
        "confluence_id": "CONF_0369",
        "connected_reaches": 2,
        "elevation_m": 100.0
      },
      "geometry": {
        "type": "Point",
        "coordinates": [
          99.8474,
          17.3648
        ]
      }
    },
    {
      "type": "Feature",
      "id": "CONF_0370",
      "properties": {
        "confluence_id": "CONF_0370",
        "connected_reaches": 2,
        "elevation_m": 100.0
      },
      "geometry": {
        "type": "Point",
        "coordinates": [
          99.8307,
          17.3662
        ]
      }
    },
    {
      "type": "Feature",
      "id": "CONF_0371",
      "properties": {
        "confluence_id": "CONF_0371",
        "connected_reaches": 2,
        "elevation_m": 100.0
      },
      "geometry": {
        "type": "Point",
        "coordinates": [
          99.5776,
          16.5088
        ]
      }
    },
    {
      "type": "Feature",
      "id": "CONF_0372",
      "properties": {
        "confluence_id": "CONF_0372",
        "connected_reaches": 2,
        "elevation_m": 100.0
      },
      "geometry": {
        "type": "Point",
        "coordinates": [
          100.299,
          16.8347
        ]
      }
    },
    {
      "type": "Feature",
      "id": "CONF_0373",
      "properties": {
        "confluence_id": "CONF_0373",
        "connected_reaches": 3,
        "elevation_m": 100.0
      },
      "geometry": {
        "type": "Point",
        "coordinates": [
          100.3155,
          16.8055
        ]
      }
    },
    {
      "type": "Feature",
      "id": "CONF_0374",
      "properties": {
        "confluence_id": "CONF_0374",
        "connected_reaches": 2,
        "elevation_m": 100.0
      },
      "geometry": {
        "type": "Point",
        "coordinates": [
          99.8594,
          17.4524
        ]
      }
    },
    {
      "type": "Feature",
      "id": "CONF_0375",
      "properties": {
        "confluence_id": "CONF_0375",
        "connected_reaches": 2,
        "elevation_m": 100.0
      },
      "geometry": {
        "type": "Point",
        "coordinates": [
          99.5777,
          18.354
        ]
      }
    },
    {
      "type": "Feature",
      "id": "CONF_0376",
      "properties": {
        "confluence_id": "CONF_0376",
        "connected_reaches": 3,
        "elevation_m": 100.0
      },
      "geometry": {
        "type": "Point",
        "coordinates": [
          99.8098,
          19.1449
        ]
      }
    },
    {
      "type": "Feature",
      "id": "CONF_0377",
      "properties": {
        "confluence_id": "CONF_0377",
        "connected_reaches": 2,
        "elevation_m": 100.0
      },
      "geometry": {
        "type": "Point",
        "coordinates": [
          99.8223,
          19.1517
        ]
      }
    },
    {
      "type": "Feature",
      "id": "CONF_0378",
      "properties": {
        "confluence_id": "CONF_0378",
        "connected_reaches": 2,
        "elevation_m": 100.0
      },
      "geometry": {
        "type": "Point",
        "coordinates": [
          99.8533,
          19.2346
        ]
      }
    },
    {
      "type": "Feature",
      "id": "CONF_0379",
      "properties": {
        "confluence_id": "CONF_0379",
        "connected_reaches": 2,
        "elevation_m": 100.0
      },
      "geometry": {
        "type": "Point",
        "coordinates": [
          99.9652,
          19.2051
        ]
      }
    },
    {
      "type": "Feature",
      "id": "CONF_0380",
      "properties": {
        "confluence_id": "CONF_0380",
        "connected_reaches": 3,
        "elevation_m": 100.0
      },
      "geometry": {
        "type": "Point",
        "coordinates": [
          100.0194,
          19.2806
        ]
      }
    },
    {
      "type": "Feature",
      "id": "CONF_0381",
      "properties": {
        "confluence_id": "CONF_0381",
        "connected_reaches": 2,
        "elevation_m": 100.0
      },
      "geometry": {
        "type": "Point",
        "coordinates": [
          99.8472,
          19.2434
        ]
      }
    },
    {
      "type": "Feature",
      "id": "CONF_0382",
      "properties": {
        "confluence_id": "CONF_0382",
        "connected_reaches": 2,
        "elevation_m": 100.0
      },
      "geometry": {
        "type": "Point",
        "coordinates": [
          99.9648,
          19.2049
        ]
      }
    },
    {
      "type": "Feature",
      "id": "CONF_0383",
      "properties": {
        "confluence_id": "CONF_0383",
        "connected_reaches": 2,
        "elevation_m": 100.0
      },
      "geometry": {
        "type": "Point",
        "coordinates": [
          99.8674,
          17.3692
        ]
      }
    },
    {
      "type": "Feature",
      "id": "CONF_0384",
      "properties": {
        "confluence_id": "CONF_0384",
        "connected_reaches": 2,
        "elevation_m": 100.0
      },
      "geometry": {
        "type": "Point",
        "coordinates": [
          100.2283,
          18.3055
        ]
      }
    },
    {
      "type": "Feature",
      "id": "CONF_0385",
      "properties": {
        "confluence_id": "CONF_0385",
        "connected_reaches": 2,
        "elevation_m": 100.0
      },
      "geometry": {
        "type": "Point",
        "coordinates": [
          100.1764,
          18.4614
        ]
      }
    },
    {
      "type": "Feature",
      "id": "CONF_0386",
      "properties": {
        "confluence_id": "CONF_0386",
        "connected_reaches": 2,
        "elevation_m": 100.0
      },
      "geometry": {
        "type": "Point",
        "coordinates": [
          100.2294,
          18.2228
        ]
      }
    },
    {
      "type": "Feature",
      "id": "CONF_0387",
      "properties": {
        "confluence_id": "CONF_0387",
        "connected_reaches": 2,
        "elevation_m": 100.0
      },
      "geometry": {
        "type": "Point",
        "coordinates": [
          100.2294,
          18.2237
        ]
      }
    },
    {
      "type": "Feature",
      "id": "CONF_0388",
      "properties": {
        "confluence_id": "CONF_0388",
        "connected_reaches": 2,
        "elevation_m": 100.0
      },
      "geometry": {
        "type": "Point",
        "coordinates": [
          100.1683,
          18.0849
        ]
      }
    },
    {
      "type": "Feature",
      "id": "CONF_0389",
      "properties": {
        "confluence_id": "CONF_0389",
        "connected_reaches": 2,
        "elevation_m": 100.0
      },
      "geometry": {
        "type": "Point",
        "coordinates": [
          100.1689,
          18.0854
        ]
      }
    },
    {
      "type": "Feature",
      "id": "CONF_0390",
      "properties": {
        "confluence_id": "CONF_0390",
        "connected_reaches": 2,
        "elevation_m": 100.0
      },
      "geometry": {
        "type": "Point",
        "coordinates": [
          100.1597,
          18.0775
        ]
      }
    },
    {
      "type": "Feature",
      "id": "CONF_0391",
      "properties": {
        "confluence_id": "CONF_0391",
        "connected_reaches": 2,
        "elevation_m": 100.0
      },
      "geometry": {
        "type": "Point",
        "coordinates": [
          99.5974,
          15.8688
        ]
      }
    },
    {
      "type": "Feature",
      "id": "CONF_0392",
      "properties": {
        "confluence_id": "CONF_0392",
        "connected_reaches": 3,
        "elevation_m": 100.0
      },
      "geometry": {
        "type": "Point",
        "coordinates": [
          99.6054,
          15.861
        ]
      }
    },
    {
      "type": "Feature",
      "id": "CONF_0393",
      "properties": {
        "confluence_id": "CONF_0393",
        "connected_reaches": 2,
        "elevation_m": 100.0
      },
      "geometry": {
        "type": "Point",
        "coordinates": [
          100.3675,
          16.9649
        ]
      }
    },
    {
      "type": "Feature",
      "id": "CONF_0394",
      "properties": {
        "confluence_id": "CONF_0394",
        "connected_reaches": 3,
        "elevation_m": 100.0
      },
      "geometry": {
        "type": "Point",
        "coordinates": [
          100.3883,
          17.0715
        ]
      }
    },
    {
      "type": "Feature",
      "id": "CONF_0395",
      "properties": {
        "confluence_id": "CONF_0395",
        "connected_reaches": 2,
        "elevation_m": 100.0
      },
      "geometry": {
        "type": "Point",
        "coordinates": [
          100.252,
          16.9648
        ]
      }
    },
    {
      "type": "Feature",
      "id": "CONF_0396",
      "properties": {
        "confluence_id": "CONF_0396",
        "connected_reaches": 3,
        "elevation_m": 100.0
      },
      "geometry": {
        "type": "Point",
        "coordinates": [
          99.7987,
          17.027
        ]
      }
    },
    {
      "type": "Feature",
      "id": "CONF_0397",
      "properties": {
        "confluence_id": "CONF_0397",
        "connected_reaches": 2,
        "elevation_m": 100.0
      },
      "geometry": {
        "type": "Point",
        "coordinates": [
          99.7785,
          17.0606
        ]
      }
    },
    {
      "type": "Feature",
      "id": "CONF_0398",
      "properties": {
        "confluence_id": "CONF_0398",
        "connected_reaches": 2,
        "elevation_m": 100.0
      },
      "geometry": {
        "type": "Point",
        "coordinates": [
          99.7979,
          17.0238
        ]
      }
    },
    {
      "type": "Feature",
      "id": "CONF_0399",
      "properties": {
        "confluence_id": "CONF_0399",
        "connected_reaches": 3,
        "elevation_m": 100.0
      },
      "geometry": {
        "type": "Point",
        "coordinates": [
          100.0629,
          17.0429
        ]
      }
    },
    {
      "type": "Feature",
      "id": "CONF_0400",
      "properties": {
        "confluence_id": "CONF_0400",
        "connected_reaches": 2,
        "elevation_m": 100.0
      },
      "geometry": {
        "type": "Point",
        "coordinates": [
          100.1284,
          19.8586
        ]
      }
    },
    {
      "type": "Feature",
      "id": "CONF_0401",
      "properties": {
        "confluence_id": "CONF_0401",
        "connected_reaches": 2,
        "elevation_m": 100.0
      },
      "geometry": {
        "type": "Point",
        "coordinates": [
          100.1886,
          18.1407
        ]
      }
    },
    {
      "type": "Feature",
      "id": "CONF_0402",
      "properties": {
        "confluence_id": "CONF_0402",
        "connected_reaches": 3,
        "elevation_m": 100.0
      },
      "geometry": {
        "type": "Point",
        "coordinates": [
          100.285,
          19.5506
        ]
      }
    },
    {
      "type": "Feature",
      "id": "CONF_0403",
      "properties": {
        "confluence_id": "CONF_0403",
        "connected_reaches": 2,
        "elevation_m": 100.0
      },
      "geometry": {
        "type": "Point",
        "coordinates": [
          100.2934,
          19.5579
        ]
      }
    },
    {
      "type": "Feature",
      "id": "CONF_0404",
      "properties": {
        "confluence_id": "CONF_0404",
        "connected_reaches": 3,
        "elevation_m": 100.0
      },
      "geometry": {
        "type": "Point",
        "coordinates": [
          100.2733,
          19.4934
        ]
      }
    },
    {
      "type": "Feature",
      "id": "CONF_0405",
      "properties": {
        "confluence_id": "CONF_0405",
        "connected_reaches": 3,
        "elevation_m": 100.0
      },
      "geometry": {
        "type": "Point",
        "coordinates": [
          100.2872,
          19.5337
        ]
      }
    },
    {
      "type": "Feature",
      "id": "CONF_0406",
      "properties": {
        "confluence_id": "CONF_0406",
        "connected_reaches": 2,
        "elevation_m": 100.0
      },
      "geometry": {
        "type": "Point",
        "coordinates": [
          99.5264,
          19.4267
        ]
      }
    },
    {
      "type": "Feature",
      "id": "CONF_0407",
      "properties": {
        "confluence_id": "CONF_0407",
        "connected_reaches": 2,
        "elevation_m": 100.0
      },
      "geometry": {
        "type": "Point",
        "coordinates": [
          99.6809,
          17.0474
        ]
      }
    },
    {
      "type": "Feature",
      "id": "CONF_0408",
      "properties": {
        "confluence_id": "CONF_0408",
        "connected_reaches": 2,
        "elevation_m": 100.0
      },
      "geometry": {
        "type": "Point",
        "coordinates": [
          100.1584,
          17.1166
        ]
      }
    },
    {
      "type": "Feature",
      "id": "CONF_0409",
      "properties": {
        "confluence_id": "CONF_0409",
        "connected_reaches": 2,
        "elevation_m": 100.0
      },
      "geometry": {
        "type": "Point",
        "coordinates": [
          100.1421,
          17.105
        ]
      }
    },
    {
      "type": "Feature",
      "id": "CONF_0410",
      "properties": {
        "confluence_id": "CONF_0410",
        "connected_reaches": 2,
        "elevation_m": 100.0
      },
      "geometry": {
        "type": "Point",
        "coordinates": [
          100.1578,
          17.1162
        ]
      }
    },
    {
      "type": "Feature",
      "id": "CONF_0411",
      "properties": {
        "confluence_id": "CONF_0411",
        "connected_reaches": 2,
        "elevation_m": 100.0
      },
      "geometry": {
        "type": "Point",
        "coordinates": [
          101.044,
          15.8405
        ]
      }
    },
    {
      "type": "Feature",
      "id": "CONF_0412",
      "properties": {
        "confluence_id": "CONF_0412",
        "connected_reaches": 2,
        "elevation_m": 100.0
      },
      "geometry": {
        "type": "Point",
        "coordinates": [
          101.0508,
          15.8332
        ]
      }
    },
    {
      "type": "Feature",
      "id": "CONF_0413",
      "properties": {
        "confluence_id": "CONF_0413",
        "connected_reaches": 2,
        "elevation_m": 100.0
      },
      "geometry": {
        "type": "Point",
        "coordinates": [
          101.0444,
          15.841
        ]
      }
    },
    {
      "type": "Feature",
      "id": "CONF_0414",
      "properties": {
        "confluence_id": "CONF_0414",
        "connected_reaches": 2,
        "elevation_m": 100.0
      },
      "geometry": {
        "type": "Point",
        "coordinates": [
          100.4196,
          16.5756
        ]
      }
    },
    {
      "type": "Feature",
      "id": "CONF_0415",
      "properties": {
        "confluence_id": "CONF_0415",
        "connected_reaches": 2,
        "elevation_m": 100.0
      },
      "geometry": {
        "type": "Point",
        "coordinates": [
          99.705,
          17.0402
        ]
      }
    },
    {
      "type": "Feature",
      "id": "CONF_0416",
      "properties": {
        "confluence_id": "CONF_0416",
        "connected_reaches": 2,
        "elevation_m": 100.0
      },
      "geometry": {
        "type": "Point",
        "coordinates": [
          100.36,
          16.3329
        ]
      }
    },
    {
      "type": "Feature",
      "id": "CONF_0417",
      "properties": {
        "confluence_id": "CONF_0417",
        "connected_reaches": 2,
        "elevation_m": 100.0
      },
      "geometry": {
        "type": "Point",
        "coordinates": [
          100.3013,
          16.5865
        ]
      }
    },
    {
      "type": "Feature",
      "id": "CONF_0418",
      "properties": {
        "confluence_id": "CONF_0418",
        "connected_reaches": 2,
        "elevation_m": 100.0
      },
      "geometry": {
        "type": "Point",
        "coordinates": [
          99.6004,
          18.1291
        ]
      }
    },
    {
      "type": "Feature",
      "id": "CONF_0419",
      "properties": {
        "confluence_id": "CONF_0419",
        "connected_reaches": 2,
        "elevation_m": 100.0
      },
      "geometry": {
        "type": "Point",
        "coordinates": [
          99.9631,
          18.7732
        ]
      }
    },
    {
      "type": "Feature",
      "id": "CONF_0420",
      "properties": {
        "confluence_id": "CONF_0420",
        "connected_reaches": 2,
        "elevation_m": 100.0
      },
      "geometry": {
        "type": "Point",
        "coordinates": [
          99.9894,
          18.7165
        ]
      }
    },
    {
      "type": "Feature",
      "id": "CONF_0421",
      "properties": {
        "confluence_id": "CONF_0421",
        "connected_reaches": 2,
        "elevation_m": 100.0
      },
      "geometry": {
        "type": "Point",
        "coordinates": [
          100.7945,
          18.898
        ]
      }
    },
    {
      "type": "Feature",
      "id": "CONF_0422",
      "properties": {
        "confluence_id": "CONF_0422",
        "connected_reaches": 2,
        "elevation_m": 100.0
      },
      "geometry": {
        "type": "Point",
        "coordinates": [
          99.6514,
          18.1467
        ]
      }
    },
    {
      "type": "Feature",
      "id": "CONF_0423",
      "properties": {
        "confluence_id": "CONF_0423",
        "connected_reaches": 2,
        "elevation_m": 100.0
      },
      "geometry": {
        "type": "Point",
        "coordinates": [
          100.3997,
          17.4747
        ]
      }
    },
    {
      "type": "Feature",
      "id": "CONF_0424",
      "properties": {
        "confluence_id": "CONF_0424",
        "connected_reaches": 2,
        "elevation_m": 100.0
      },
      "geometry": {
        "type": "Point",
        "coordinates": [
          101.3168,
          19.3943
        ]
      }
    },
    {
      "type": "Feature",
      "id": "CONF_0425",
      "properties": {
        "confluence_id": "CONF_0425",
        "connected_reaches": 2,
        "elevation_m": 100.0
      },
      "geometry": {
        "type": "Point",
        "coordinates": [
          99.5165,
          18.2911
        ]
      }
    },
    {
      "type": "Feature",
      "id": "CONF_0426",
      "properties": {
        "confluence_id": "CONF_0426",
        "connected_reaches": 2,
        "elevation_m": 100.0
      },
      "geometry": {
        "type": "Point",
        "coordinates": [
          100.1508,
          17.5768
        ]
      }
    },
    {
      "type": "Feature",
      "id": "CONF_0427",
      "properties": {
        "confluence_id": "CONF_0427",
        "connected_reaches": 2,
        "elevation_m": 100.0
      },
      "geometry": {
        "type": "Point",
        "coordinates": [
          99.4823,
          18.2319
        ]
      }
    },
    {
      "type": "Feature",
      "id": "CONF_0428",
      "properties": {
        "confluence_id": "CONF_0428",
        "connected_reaches": 3,
        "elevation_m": 100.0
      },
      "geometry": {
        "type": "Point",
        "coordinates": [
          99.5709,
          18.7745
        ]
      }
    },
    {
      "type": "Feature",
      "id": "CONF_0429",
      "properties": {
        "confluence_id": "CONF_0429",
        "connected_reaches": 2,
        "elevation_m": 100.0
      },
      "geometry": {
        "type": "Point",
        "coordinates": [
          99.5285,
          18.8881
        ]
      }
    },
    {
      "type": "Feature",
      "id": "CONF_0430",
      "properties": {
        "confluence_id": "CONF_0430",
        "connected_reaches": 2,
        "elevation_m": 100.0
      },
      "geometry": {
        "type": "Point",
        "coordinates": [
          99.72,
          18.3955
        ]
      }
    },
    {
      "type": "Feature",
      "id": "CONF_0431",
      "properties": {
        "confluence_id": "CONF_0431",
        "connected_reaches": 2,
        "elevation_m": 100.0
      },
      "geometry": {
        "type": "Point",
        "coordinates": [
          99.7321,
          18.3897
        ]
      }
    },
    {
      "type": "Feature",
      "id": "CONF_0432",
      "properties": {
        "confluence_id": "CONF_0432",
        "connected_reaches": 3,
        "elevation_m": 100.0
      },
      "geometry": {
        "type": "Point",
        "coordinates": [
          99.7395,
          18.3671
        ]
      }
    },
    {
      "type": "Feature",
      "id": "CONF_0433",
      "properties": {
        "confluence_id": "CONF_0433",
        "connected_reaches": 2,
        "elevation_m": 100.0
      },
      "geometry": {
        "type": "Point",
        "coordinates": [
          100.0406,
          17.9789
        ]
      }
    },
    {
      "type": "Feature",
      "id": "CONF_0434",
      "properties": {
        "confluence_id": "CONF_0434",
        "connected_reaches": 2,
        "elevation_m": 100.0
      },
      "geometry": {
        "type": "Point",
        "coordinates": [
          100.0409,
          17.9794
        ]
      }
    },
    {
      "type": "Feature",
      "id": "CONF_0435",
      "properties": {
        "confluence_id": "CONF_0435",
        "connected_reaches": 2,
        "elevation_m": 100.0
      },
      "geometry": {
        "type": "Point",
        "coordinates": [
          100.0431,
          17.9814
        ]
      }
    },
    {
      "type": "Feature",
      "id": "CONF_0436",
      "properties": {
        "confluence_id": "CONF_0436",
        "connected_reaches": 2,
        "elevation_m": 100.0
      },
      "geometry": {
        "type": "Point",
        "coordinates": [
          99.71,
          18.2674
        ]
      }
    },
    {
      "type": "Feature",
      "id": "CONF_0437",
      "properties": {
        "confluence_id": "CONF_0437",
        "connected_reaches": 2,
        "elevation_m": 100.0
      },
      "geometry": {
        "type": "Point",
        "coordinates": [
          99.46,
          19.1137
        ]
      }
    },
    {
      "type": "Feature",
      "id": "CONF_0438",
      "properties": {
        "confluence_id": "CONF_0438",
        "connected_reaches": 2,
        "elevation_m": 100.0
      },
      "geometry": {
        "type": "Point",
        "coordinates": [
          99.5482,
          19.6654
        ]
      }
    },
    {
      "type": "Feature",
      "id": "CONF_0439",
      "properties": {
        "confluence_id": "CONF_0439",
        "connected_reaches": 2,
        "elevation_m": 100.0
      },
      "geometry": {
        "type": "Point",
        "coordinates": [
          99.6582,
          19.7853
        ]
      }
    },
    {
      "type": "Feature",
      "id": "CONF_0440",
      "properties": {
        "confluence_id": "CONF_0440",
        "connected_reaches": 3,
        "elevation_m": 100.0
      },
      "geometry": {
        "type": "Point",
        "coordinates": [
          99.6728,
          19.7695
        ]
      }
    },
    {
      "type": "Feature",
      "id": "CONF_0441",
      "properties": {
        "confluence_id": "CONF_0441",
        "connected_reaches": 3,
        "elevation_m": 100.0
      },
      "geometry": {
        "type": "Point",
        "coordinates": [
          99.6442,
          19.7623
        ]
      }
    },
    {
      "type": "Feature",
      "id": "CONF_0442",
      "properties": {
        "confluence_id": "CONF_0442",
        "connected_reaches": 2,
        "elevation_m": 100.0
      },
      "geometry": {
        "type": "Point",
        "coordinates": [
          99.796,
          19.9098
        ]
      }
    },
    {
      "type": "Feature",
      "id": "CONF_0443",
      "properties": {
        "confluence_id": "CONF_0443",
        "connected_reaches": 2,
        "elevation_m": 100.0
      },
      "geometry": {
        "type": "Point",
        "coordinates": [
          99.7955,
          19.9096
        ]
      }
    },
    {
      "type": "Feature",
      "id": "CONF_0444",
      "properties": {
        "confluence_id": "CONF_0444",
        "connected_reaches": 2,
        "elevation_m": 100.0
      },
      "geometry": {
        "type": "Point",
        "coordinates": [
          99.7043,
          17.4672
        ]
      }
    },
    {
      "type": "Feature",
      "id": "CONF_0445",
      "properties": {
        "confluence_id": "CONF_0445",
        "connected_reaches": 2,
        "elevation_m": 100.0
      },
      "geometry": {
        "type": "Point",
        "coordinates": [
          99.6317,
          17.4794
        ]
      }
    },
    {
      "type": "Feature",
      "id": "CONF_0446",
      "properties": {
        "confluence_id": "CONF_0446",
        "connected_reaches": 2,
        "elevation_m": 100.0
      },
      "geometry": {
        "type": "Point",
        "coordinates": [
          99.6307,
          17.4787
        ]
      }
    },
    {
      "type": "Feature",
      "id": "CONF_0447",
      "properties": {
        "confluence_id": "CONF_0447",
        "connected_reaches": 2,
        "elevation_m": 100.0
      },
      "geometry": {
        "type": "Point",
        "coordinates": [
          99.7351,
          17.2983
        ]
      }
    },
    {
      "type": "Feature",
      "id": "CONF_0448",
      "properties": {
        "confluence_id": "CONF_0448",
        "connected_reaches": 2,
        "elevation_m": 100.0
      },
      "geometry": {
        "type": "Point",
        "coordinates": [
          100.201,
          19.6727
        ]
      }
    },
    {
      "type": "Feature",
      "id": "CONF_0449",
      "properties": {
        "confluence_id": "CONF_0449",
        "connected_reaches": 2,
        "elevation_m": 100.0
      },
      "geometry": {
        "type": "Point",
        "coordinates": [
          100.1887,
          19.6851
        ]
      }
    },
    {
      "type": "Feature",
      "id": "CONF_0450",
      "properties": {
        "confluence_id": "CONF_0450",
        "connected_reaches": 2,
        "elevation_m": 100.0
      },
      "geometry": {
        "type": "Point",
        "coordinates": [
          99.7497,
          18.3733
        ]
      }
    },
    {
      "type": "Feature",
      "id": "CONF_0451",
      "properties": {
        "confluence_id": "CONF_0451",
        "connected_reaches": 2,
        "elevation_m": 100.0
      },
      "geometry": {
        "type": "Point",
        "coordinates": [
          100.7711,
          16.1232
        ]
      }
    },
    {
      "type": "Feature",
      "id": "CONF_0452",
      "properties": {
        "confluence_id": "CONF_0452",
        "connected_reaches": 3,
        "elevation_m": 100.0
      },
      "geometry": {
        "type": "Point",
        "coordinates": [
          100.0255,
          19.3032
        ]
      }
    },
    {
      "type": "Feature",
      "id": "CONF_0453",
      "properties": {
        "confluence_id": "CONF_0453",
        "connected_reaches": 2,
        "elevation_m": 100.0
      },
      "geometry": {
        "type": "Point",
        "coordinates": [
          99.9843,
          19.5148
        ]
      }
    },
    {
      "type": "Feature",
      "id": "CONF_0454",
      "properties": {
        "confluence_id": "CONF_0454",
        "connected_reaches": 2,
        "elevation_m": 100.0
      },
      "geometry": {
        "type": "Point",
        "coordinates": [
          99.6998,
          19.89
        ]
      }
    },
    {
      "type": "Feature",
      "id": "CONF_0455",
      "properties": {
        "confluence_id": "CONF_0455",
        "connected_reaches": 3,
        "elevation_m": 100.0
      },
      "geometry": {
        "type": "Point",
        "coordinates": [
          100.1648,
          18.8766
        ]
      }
    },
    {
      "type": "Feature",
      "id": "CONF_0456",
      "properties": {
        "confluence_id": "CONF_0456",
        "connected_reaches": 2,
        "elevation_m": 100.0
      },
      "geometry": {
        "type": "Point",
        "coordinates": [
          99.7466,
          19.5889
        ]
      }
    },
    {
      "type": "Feature",
      "id": "CONF_0457",
      "properties": {
        "confluence_id": "CONF_0457",
        "connected_reaches": 2,
        "elevation_m": 100.0
      },
      "geometry": {
        "type": "Point",
        "coordinates": [
          99.7459,
          19.589
        ]
      }
    },
    {
      "type": "Feature",
      "id": "CONF_0458",
      "properties": {
        "confluence_id": "CONF_0458",
        "connected_reaches": 3,
        "elevation_m": 100.0
      },
      "geometry": {
        "type": "Point",
        "coordinates": [
          100.6348,
          17.9471
        ]
      }
    },
    {
      "type": "Feature",
      "id": "CONF_0459",
      "properties": {
        "confluence_id": "CONF_0459",
        "connected_reaches": 2,
        "elevation_m": 100.0
      },
      "geometry": {
        "type": "Point",
        "coordinates": [
          99.9161,
          19.1587
        ]
      }
    },
    {
      "type": "Feature",
      "id": "CONF_0460",
      "properties": {
        "confluence_id": "CONF_0460",
        "connected_reaches": 2,
        "elevation_m": 100.0
      },
      "geometry": {
        "type": "Point",
        "coordinates": [
          100.6638,
          18.5783
        ]
      }
    },
    {
      "type": "Feature",
      "id": "CONF_0461",
      "properties": {
        "confluence_id": "CONF_0461",
        "connected_reaches": 2,
        "elevation_m": 100.0
      },
      "geometry": {
        "type": "Point",
        "coordinates": [
          99.7031,
          17.025
        ]
      }
    },
    {
      "type": "Feature",
      "id": "CONF_0462",
      "properties": {
        "confluence_id": "CONF_0462",
        "connected_reaches": 2,
        "elevation_m": 100.0
      },
      "geometry": {
        "type": "Point",
        "coordinates": [
          99.7176,
          17.7316
        ]
      }
    },
    {
      "type": "Feature",
      "id": "CONF_0463",
      "properties": {
        "confluence_id": "CONF_0463",
        "connected_reaches": 3,
        "elevation_m": 100.0
      },
      "geometry": {
        "type": "Point",
        "coordinates": [
          99.7525,
          17.7526
        ]
      }
    },
    {
      "type": "Feature",
      "id": "CONF_0464",
      "properties": {
        "confluence_id": "CONF_0464",
        "connected_reaches": 2,
        "elevation_m": 100.0
      },
      "geometry": {
        "type": "Point",
        "coordinates": [
          99.8117,
          17.8026
        ]
      }
    },
    {
      "type": "Feature",
      "id": "CONF_0465",
      "properties": {
        "confluence_id": "CONF_0465",
        "connected_reaches": 2,
        "elevation_m": 100.0
      },
      "geometry": {
        "type": "Point",
        "coordinates": [
          100.284,
          19.6437
        ]
      }
    },
    {
      "type": "Feature",
      "id": "CONF_0466",
      "properties": {
        "confluence_id": "CONF_0466",
        "connected_reaches": 2,
        "elevation_m": 100.0
      },
      "geometry": {
        "type": "Point",
        "coordinates": [
          100.2267,
          19.6712
        ]
      }
    },
    {
      "type": "Feature",
      "id": "CONF_0467",
      "properties": {
        "confluence_id": "CONF_0467",
        "connected_reaches": 2,
        "elevation_m": 100.0
      },
      "geometry": {
        "type": "Point",
        "coordinates": [
          100.8477,
          17.5673
        ]
      }
    },
    {
      "type": "Feature",
      "id": "CONF_0468",
      "properties": {
        "confluence_id": "CONF_0468",
        "connected_reaches": 2,
        "elevation_m": 100.0
      },
      "geometry": {
        "type": "Point",
        "coordinates": [
          99.8273,
          19.286
        ]
      }
    },
    {
      "type": "Feature",
      "id": "CONF_0469",
      "properties": {
        "confluence_id": "CONF_0469",
        "connected_reaches": 2,
        "elevation_m": 100.0
      },
      "geometry": {
        "type": "Point",
        "coordinates": [
          99.7005,
          19.8908
        ]
      }
    },
    {
      "type": "Feature",
      "id": "CONF_0470",
      "properties": {
        "confluence_id": "CONF_0470",
        "connected_reaches": 2,
        "elevation_m": 100.0
      },
      "geometry": {
        "type": "Point",
        "coordinates": [
          99.8811,
          16.4204
        ]
      }
    },
    {
      "type": "Feature",
      "id": "CONF_0471",
      "properties": {
        "confluence_id": "CONF_0471",
        "connected_reaches": 2,
        "elevation_m": 100.0
      },
      "geometry": {
        "type": "Point",
        "coordinates": [
          99.8679,
          19.3573
        ]
      }
    },
    {
      "type": "Feature",
      "id": "CONF_0472",
      "properties": {
        "confluence_id": "CONF_0472",
        "connected_reaches": 2,
        "elevation_m": 100.0
      },
      "geometry": {
        "type": "Point",
        "coordinates": [
          99.4766,
          18.6012
        ]
      }
    },
    {
      "type": "Feature",
      "id": "CONF_0473",
      "properties": {
        "confluence_id": "CONF_0473",
        "connected_reaches": 2,
        "elevation_m": 100.0
      },
      "geometry": {
        "type": "Point",
        "coordinates": [
          99.6784,
          17.0044
        ]
      }
    },
    {
      "type": "Feature",
      "id": "CONF_0474",
      "properties": {
        "confluence_id": "CONF_0474",
        "connected_reaches": 2,
        "elevation_m": 100.0
      },
      "geometry": {
        "type": "Point",
        "coordinates": [
          99.7035,
          17.026
        ]
      }
    },
    {
      "type": "Feature",
      "id": "CONF_0475",
      "properties": {
        "confluence_id": "CONF_0475",
        "connected_reaches": 2,
        "elevation_m": 100.0
      },
      "geometry": {
        "type": "Point",
        "coordinates": [
          99.7037,
          17.0257
        ]
      }
    },
    {
      "type": "Feature",
      "id": "CONF_0476",
      "properties": {
        "confluence_id": "CONF_0476",
        "connected_reaches": 2,
        "elevation_m": 100.0
      },
      "geometry": {
        "type": "Point",
        "coordinates": [
          99.7033,
          17.026
        ]
      }
    },
    {
      "type": "Feature",
      "id": "CONF_0477",
      "properties": {
        "confluence_id": "CONF_0477",
        "connected_reaches": 2,
        "elevation_m": 100.0
      },
      "geometry": {
        "type": "Point",
        "coordinates": [
          99.7034,
          17.0247
        ]
      }
    },
    {
      "type": "Feature",
      "id": "CONF_0478",
      "properties": {
        "confluence_id": "CONF_0478",
        "connected_reaches": 2,
        "elevation_m": 100.0
      },
      "geometry": {
        "type": "Point",
        "coordinates": [
          99.7036,
          17.0248
        ]
      }
    },
    {
      "type": "Feature",
      "id": "CONF_0479",
      "properties": {
        "confluence_id": "CONF_0479",
        "connected_reaches": 2,
        "elevation_m": 100.0
      },
      "geometry": {
        "type": "Point",
        "coordinates": [
          100.9915,
          17.4833
        ]
      }
    },
    {
      "type": "Feature",
      "id": "CONF_0480",
      "properties": {
        "confluence_id": "CONF_0480",
        "connected_reaches": 2,
        "elevation_m": 100.0
      },
      "geometry": {
        "type": "Point",
        "coordinates": [
          100.9973,
          17.4933
        ]
      }
    },
    {
      "type": "Feature",
      "id": "CONF_0481",
      "properties": {
        "confluence_id": "CONF_0481",
        "connected_reaches": 3,
        "elevation_m": 100.0
      },
      "geometry": {
        "type": "Point",
        "coordinates": [
          101.4229,
          17.029
        ]
      }
    },
    {
      "type": "Feature",
      "id": "CONF_0482",
      "properties": {
        "confluence_id": "CONF_0482",
        "connected_reaches": 3,
        "elevation_m": 100.0
      },
      "geometry": {
        "type": "Point",
        "coordinates": [
          101.3892,
          17.0134
        ]
      }
    },
    {
      "type": "Feature",
      "id": "CONF_0483",
      "properties": {
        "confluence_id": "CONF_0483",
        "connected_reaches": 3,
        "elevation_m": 100.0
      },
      "geometry": {
        "type": "Point",
        "coordinates": [
          101.2235,
          16.791
        ]
      }
    },
    {
      "type": "Feature",
      "id": "CONF_0484",
      "properties": {
        "confluence_id": "CONF_0484",
        "connected_reaches": 2,
        "elevation_m": 100.0
      },
      "geometry": {
        "type": "Point",
        "coordinates": [
          101.0384,
          16.8983
        ]
      }
    },
    {
      "type": "Feature",
      "id": "CONF_0485",
      "properties": {
        "confluence_id": "CONF_0485",
        "connected_reaches": 2,
        "elevation_m": 100.0
      },
      "geometry": {
        "type": "Point",
        "coordinates": [
          100.7512,
          17.3759
        ]
      }
    },
    {
      "type": "Feature",
      "id": "CONF_0486",
      "properties": {
        "confluence_id": "CONF_0486",
        "connected_reaches": 2,
        "elevation_m": 100.0
      },
      "geometry": {
        "type": "Point",
        "coordinates": [
          100.6429,
          17.3111
        ]
      }
    },
    {
      "type": "Feature",
      "id": "CONF_0487",
      "properties": {
        "confluence_id": "CONF_0487",
        "connected_reaches": 2,
        "elevation_m": 100.0
      },
      "geometry": {
        "type": "Point",
        "coordinates": [
          100.6411,
          17.2841
        ]
      }
    },
    {
      "type": "Feature",
      "id": "CONF_0488",
      "properties": {
        "confluence_id": "CONF_0488",
        "connected_reaches": 2,
        "elevation_m": 100.0
      },
      "geometry": {
        "type": "Point",
        "coordinates": [
          100.761,
          17.3859
        ]
      }
    },
    {
      "type": "Feature",
      "id": "CONF_0489",
      "properties": {
        "confluence_id": "CONF_0489",
        "connected_reaches": 2,
        "elevation_m": 100.0
      },
      "geometry": {
        "type": "Point",
        "coordinates": [
          99.4726,
          19.5454
        ]
      }
    },
    {
      "type": "Feature",
      "id": "CONF_0490",
      "properties": {
        "confluence_id": "CONF_0490",
        "connected_reaches": 2,
        "elevation_m": 100.0
      },
      "geometry": {
        "type": "Point",
        "coordinates": [
          99.7767,
          16.5432
        ]
      }
    },
    {
      "type": "Feature",
      "id": "CONF_0491",
      "properties": {
        "confluence_id": "CONF_0491",
        "connected_reaches": 2,
        "elevation_m": 100.0
      },
      "geometry": {
        "type": "Point",
        "coordinates": [
          99.7629,
          16.5289
        ]
      }
    },
    {
      "type": "Feature",
      "id": "CONF_0492",
      "properties": {
        "confluence_id": "CONF_0492",
        "connected_reaches": 2,
        "elevation_m": 100.0
      },
      "geometry": {
        "type": "Point",
        "coordinates": [
          100.2497,
          16.2668
        ]
      }
    },
    {
      "type": "Feature",
      "id": "CONF_0493",
      "properties": {
        "confluence_id": "CONF_0493",
        "connected_reaches": 3,
        "elevation_m": 100.0
      },
      "geometry": {
        "type": "Point",
        "coordinates": [
          100.2677,
          16.0153
        ]
      }
    },
    {
      "type": "Feature",
      "id": "CONF_0494",
      "properties": {
        "confluence_id": "CONF_0494",
        "connected_reaches": 2,
        "elevation_m": 100.0
      },
      "geometry": {
        "type": "Point",
        "coordinates": [
          100.9271,
          17.5702
        ]
      }
    },
    {
      "type": "Feature",
      "id": "CONF_0495",
      "properties": {
        "confluence_id": "CONF_0495",
        "connected_reaches": 2,
        "elevation_m": 100.0
      },
      "geometry": {
        "type": "Point",
        "coordinates": [
          100.5442,
          18.0155
        ]
      }
    },
    {
      "type": "Feature",
      "id": "CONF_0496",
      "properties": {
        "confluence_id": "CONF_0496",
        "connected_reaches": 2,
        "elevation_m": 100.0
      },
      "geometry": {
        "type": "Point",
        "coordinates": [
          100.6249,
          18.0438
        ]
      }
    },
    {
      "type": "Feature",
      "id": "CONF_0497",
      "properties": {
        "confluence_id": "CONF_0497",
        "connected_reaches": 2,
        "elevation_m": 100.0
      },
      "geometry": {
        "type": "Point",
        "coordinates": [
          100.5508,
          18.0353
        ]
      }
    },
    {
      "type": "Feature",
      "id": "CONF_0498",
      "properties": {
        "confluence_id": "CONF_0498",
        "connected_reaches": 2,
        "elevation_m": 100.0
      },
      "geometry": {
        "type": "Point",
        "coordinates": [
          100.6704,
          18.0447
        ]
      }
    },
    {
      "type": "Feature",
      "id": "CONF_0499",
      "properties": {
        "confluence_id": "CONF_0499",
        "connected_reaches": 2,
        "elevation_m": 100.0
      },
      "geometry": {
        "type": "Point",
        "coordinates": [
          100.4723,
          16.5155
        ]
      }
    },
    {
      "type": "Feature",
      "id": "CONF_0500",
      "properties": {
        "confluence_id": "CONF_0500",
        "connected_reaches": 2,
        "elevation_m": 100.0
      },
      "geometry": {
        "type": "Point",
        "coordinates": [
          100.4413,
          16.4826
        ]
      }
    },
    {
      "type": "Feature",
      "id": "CONF_0501",
      "properties": {
        "confluence_id": "CONF_0501",
        "connected_reaches": 2,
        "elevation_m": 100.0
      },
      "geometry": {
        "type": "Point",
        "coordinates": [
          100.5046,
          16.5589
        ]
      }
    },
    {
      "type": "Feature",
      "id": "CONF_0502",
      "properties": {
        "confluence_id": "CONF_0502",
        "connected_reaches": 2,
        "elevation_m": 100.0
      },
      "geometry": {
        "type": "Point",
        "coordinates": [
          99.7424,
          19.5406
        ]
      }
    },
    {
      "type": "Feature",
      "id": "CONF_0503",
      "properties": {
        "confluence_id": "CONF_0503",
        "connected_reaches": 2,
        "elevation_m": 100.0
      },
      "geometry": {
        "type": "Point",
        "coordinates": [
          99.8664,
          16.9925
        ]
      }
    },
    {
      "type": "Feature",
      "id": "CONF_0504",
      "properties": {
        "confluence_id": "CONF_0504",
        "connected_reaches": 2,
        "elevation_m": 100.0
      },
      "geometry": {
        "type": "Point",
        "coordinates": [
          100.3092,
          16.5958
        ]
      }
    },
    {
      "type": "Feature",
      "id": "CONF_0505",
      "properties": {
        "confluence_id": "CONF_0505",
        "connected_reaches": 2,
        "elevation_m": 100.0
      },
      "geometry": {
        "type": "Point",
        "coordinates": [
          100.029,
          16.8709
        ]
      }
    },
    {
      "type": "Feature",
      "id": "CONF_0506",
      "properties": {
        "confluence_id": "CONF_0506",
        "connected_reaches": 2,
        "elevation_m": 100.0
      },
      "geometry": {
        "type": "Point",
        "coordinates": [
          100.0463,
          17.0122
        ]
      }
    },
    {
      "type": "Feature",
      "id": "CONF_0507",
      "properties": {
        "confluence_id": "CONF_0507",
        "connected_reaches": 2,
        "elevation_m": 100.0
      },
      "geometry": {
        "type": "Point",
        "coordinates": [
          100.0215,
          16.7731
        ]
      }
    },
    {
      "type": "Feature",
      "id": "CONF_0508",
      "properties": {
        "confluence_id": "CONF_0508",
        "connected_reaches": 2,
        "elevation_m": 100.0
      },
      "geometry": {
        "type": "Point",
        "coordinates": [
          99.9089,
          16.9272
        ]
      }
    },
    {
      "type": "Feature",
      "id": "CONF_0509",
      "properties": {
        "confluence_id": "CONF_0509",
        "connected_reaches": 2,
        "elevation_m": 100.0
      },
      "geometry": {
        "type": "Point",
        "coordinates": [
          100.0257,
          16.8715
        ]
      }
    },
    {
      "type": "Feature",
      "id": "CONF_0510",
      "properties": {
        "confluence_id": "CONF_0510",
        "connected_reaches": 3,
        "elevation_m": 100.0
      },
      "geometry": {
        "type": "Point",
        "coordinates": [
          99.907,
          16.9319
        ]
      }
    },
    {
      "type": "Feature",
      "id": "CONF_0511",
      "properties": {
        "confluence_id": "CONF_0511",
        "connected_reaches": 2,
        "elevation_m": 100.0
      },
      "geometry": {
        "type": "Point",
        "coordinates": [
          99.8427,
          16.9128
        ]
      }
    },
    {
      "type": "Feature",
      "id": "CONF_0512",
      "properties": {
        "confluence_id": "CONF_0512",
        "connected_reaches": 2,
        "elevation_m": 100.0
      },
      "geometry": {
        "type": "Point",
        "coordinates": [
          99.826,
          16.8541
        ]
      }
    },
    {
      "type": "Feature",
      "id": "CONF_0513",
      "properties": {
        "confluence_id": "CONF_0513",
        "connected_reaches": 2,
        "elevation_m": 100.0
      },
      "geometry": {
        "type": "Point",
        "coordinates": [
          99.7667,
          16.7835
        ]
      }
    },
    {
      "type": "Feature",
      "id": "CONF_0514",
      "properties": {
        "confluence_id": "CONF_0514",
        "connected_reaches": 2,
        "elevation_m": 100.0
      },
      "geometry": {
        "type": "Point",
        "coordinates": [
          100.2991,
          16.2368
        ]
      }
    },
    {
      "type": "Feature",
      "id": "CONF_0515",
      "properties": {
        "confluence_id": "CONF_0515",
        "connected_reaches": 2,
        "elevation_m": 100.0
      },
      "geometry": {
        "type": "Point",
        "coordinates": [
          100.1218,
          16.9454
        ]
      }
    },
    {
      "type": "Feature",
      "id": "CONF_0516",
      "properties": {
        "confluence_id": "CONF_0516",
        "connected_reaches": 2,
        "elevation_m": 100.0
      },
      "geometry": {
        "type": "Point",
        "coordinates": [
          100.0631,
          16.939
        ]
      }
    },
    {
      "type": "Feature",
      "id": "CONF_0517",
      "properties": {
        "confluence_id": "CONF_0517",
        "connected_reaches": 2,
        "elevation_m": 100.0
      },
      "geometry": {
        "type": "Point",
        "coordinates": [
          100.0554,
          16.9318
        ]
      }
    },
    {
      "type": "Feature",
      "id": "CONF_0518",
      "properties": {
        "confluence_id": "CONF_0518",
        "connected_reaches": 2,
        "elevation_m": 100.0
      },
      "geometry": {
        "type": "Point",
        "coordinates": [
          100.4406,
          16.8288
        ]
      }
    },
    {
      "type": "Feature",
      "id": "CONF_0519",
      "properties": {
        "confluence_id": "CONF_0519",
        "connected_reaches": 2,
        "elevation_m": 100.0
      },
      "geometry": {
        "type": "Point",
        "coordinates": [
          100.0334,
          16.9399
        ]
      }
    },
    {
      "type": "Feature",
      "id": "CONF_0520",
      "properties": {
        "confluence_id": "CONF_0520",
        "connected_reaches": 2,
        "elevation_m": 100.0
      },
      "geometry": {
        "type": "Point",
        "coordinates": [
          100.3693,
          16.5983
        ]
      }
    },
    {
      "type": "Feature",
      "id": "CONF_0521",
      "properties": {
        "confluence_id": "CONF_0521",
        "connected_reaches": 2,
        "elevation_m": 100.0
      },
      "geometry": {
        "type": "Point",
        "coordinates": [
          100.3808,
          16.5356
        ]
      }
    },
    {
      "type": "Feature",
      "id": "CONF_0522",
      "properties": {
        "confluence_id": "CONF_0522",
        "connected_reaches": 2,
        "elevation_m": 100.0
      },
      "geometry": {
        "type": "Point",
        "coordinates": [
          100.3819,
          16.5576
        ]
      }
    },
    {
      "type": "Feature",
      "id": "CONF_0523",
      "properties": {
        "confluence_id": "CONF_0523",
        "connected_reaches": 2,
        "elevation_m": 100.0
      },
      "geometry": {
        "type": "Point",
        "coordinates": [
          99.8293,
          17.1881
        ]
      }
    },
    {
      "type": "Feature",
      "id": "CONF_0524",
      "properties": {
        "confluence_id": "CONF_0524",
        "connected_reaches": 2,
        "elevation_m": 100.0
      },
      "geometry": {
        "type": "Point",
        "coordinates": [
          100.3451,
          16.5516
        ]
      }
    },
    {
      "type": "Feature",
      "id": "CONF_0525",
      "properties": {
        "confluence_id": "CONF_0525",
        "connected_reaches": 2,
        "elevation_m": 100.0
      },
      "geometry": {
        "type": "Point",
        "coordinates": [
          100.529,
          16.8408
        ]
      }
    },
    {
      "type": "Feature",
      "id": "CONF_0526",
      "properties": {
        "confluence_id": "CONF_0526",
        "connected_reaches": 2,
        "elevation_m": 100.0
      },
      "geometry": {
        "type": "Point",
        "coordinates": [
          100.5466,
          16.8386
        ]
      }
    },
    {
      "type": "Feature",
      "id": "CONF_0527",
      "properties": {
        "confluence_id": "CONF_0527",
        "connected_reaches": 2,
        "elevation_m": 100.0
      },
      "geometry": {
        "type": "Point",
        "coordinates": [
          100.4071,
          16.855
        ]
      }
    },
    {
      "type": "Feature",
      "id": "CONF_0528",
      "properties": {
        "confluence_id": "CONF_0528",
        "connected_reaches": 2,
        "elevation_m": 100.0
      },
      "geometry": {
        "type": "Point",
        "coordinates": [
          99.9438,
          16.5002
        ]
      }
    },
    {
      "type": "Feature",
      "id": "CONF_0529",
      "properties": {
        "confluence_id": "CONF_0529",
        "connected_reaches": 3,
        "elevation_m": 100.0
      },
      "geometry": {
        "type": "Point",
        "coordinates": [
          99.8159,
          16.1643
        ]
      }
    },
    {
      "type": "Feature",
      "id": "CONF_0530",
      "properties": {
        "confluence_id": "CONF_0530",
        "connected_reaches": 2,
        "elevation_m": 100.0
      },
      "geometry": {
        "type": "Point",
        "coordinates": [
          100.056,
          15.9753
        ]
      }
    },
    {
      "type": "Feature",
      "id": "CONF_0531",
      "properties": {
        "confluence_id": "CONF_0531",
        "connected_reaches": 2,
        "elevation_m": 100.0
      },
      "geometry": {
        "type": "Point",
        "coordinates": [
          100.2017,
          15.9076
        ]
      }
    },
    {
      "type": "Feature",
      "id": "CONF_0532",
      "properties": {
        "confluence_id": "CONF_0532",
        "connected_reaches": 2,
        "elevation_m": 100.0
      },
      "geometry": {
        "type": "Point",
        "coordinates": [
          100.2079,
          15.8551
        ]
      }
    },
    {
      "type": "Feature",
      "id": "CONF_0533",
      "properties": {
        "confluence_id": "CONF_0533",
        "connected_reaches": 2,
        "elevation_m": 100.0
      },
      "geometry": {
        "type": "Point",
        "coordinates": [
          99.8988,
          16.0646
        ]
      }
    },
    {
      "type": "Feature",
      "id": "CONF_0534",
      "properties": {
        "confluence_id": "CONF_0534",
        "connected_reaches": 2,
        "elevation_m": 100.0
      },
      "geometry": {
        "type": "Point",
        "coordinates": [
          100.3305,
          15.879
        ]
      }
    },
    {
      "type": "Feature",
      "id": "CONF_0535",
      "properties": {
        "confluence_id": "CONF_0535",
        "connected_reaches": 3,
        "elevation_m": 100.0
      },
      "geometry": {
        "type": "Point",
        "coordinates": [
          99.9785,
          17.0182
        ]
      }
    },
    {
      "type": "Feature",
      "id": "CONF_0536",
      "properties": {
        "confluence_id": "CONF_0536",
        "connected_reaches": 2,
        "elevation_m": 100.0
      },
      "geometry": {
        "type": "Point",
        "coordinates": [
          100.0737,
          16.9728
        ]
      }
    },
    {
      "type": "Feature",
      "id": "CONF_0537",
      "properties": {
        "confluence_id": "CONF_0537",
        "connected_reaches": 2,
        "elevation_m": 100.0
      },
      "geometry": {
        "type": "Point",
        "coordinates": [
          100.3431,
          16.3414
        ]
      }
    },
    {
      "type": "Feature",
      "id": "CONF_0538",
      "properties": {
        "confluence_id": "CONF_0538",
        "connected_reaches": 2,
        "elevation_m": 100.0
      },
      "geometry": {
        "type": "Point",
        "coordinates": [
          100.3336,
          16.3519
        ]
      }
    },
    {
      "type": "Feature",
      "id": "CONF_0539",
      "properties": {
        "confluence_id": "CONF_0539",
        "connected_reaches": 2,
        "elevation_m": 100.0
      },
      "geometry": {
        "type": "Point",
        "coordinates": [
          99.9951,
          16.7386
        ]
      }
    },
    {
      "type": "Feature",
      "id": "CONF_0540",
      "properties": {
        "confluence_id": "CONF_0540",
        "connected_reaches": 2,
        "elevation_m": 100.0
      },
      "geometry": {
        "type": "Point",
        "coordinates": [
          99.9345,
          16.738
        ]
      }
    },
    {
      "type": "Feature",
      "id": "CONF_0541",
      "properties": {
        "confluence_id": "CONF_0541",
        "connected_reaches": 2,
        "elevation_m": 100.0
      },
      "geometry": {
        "type": "Point",
        "coordinates": [
          99.9305,
          16.7359
        ]
      }
    },
    {
      "type": "Feature",
      "id": "CONF_0542",
      "properties": {
        "confluence_id": "CONF_0542",
        "connected_reaches": 3,
        "elevation_m": 100.0
      },
      "geometry": {
        "type": "Point",
        "coordinates": [
          101.0743,
          15.8787
        ]
      }
    },
    {
      "type": "Feature",
      "id": "CONF_0543",
      "properties": {
        "confluence_id": "CONF_0543",
        "connected_reaches": 2,
        "elevation_m": 100.0
      },
      "geometry": {
        "type": "Point",
        "coordinates": [
          101.0467,
          15.8279
        ]
      }
    },
    {
      "type": "Feature",
      "id": "CONF_0544",
      "properties": {
        "confluence_id": "CONF_0544",
        "connected_reaches": 2,
        "elevation_m": 100.0
      },
      "geometry": {
        "type": "Point",
        "coordinates": [
          101.0718,
          15.8808
        ]
      }
    },
    {
      "type": "Feature",
      "id": "CONF_0545",
      "properties": {
        "confluence_id": "CONF_0545",
        "connected_reaches": 2,
        "elevation_m": 100.0
      },
      "geometry": {
        "type": "Point",
        "coordinates": [
          100.13,
          17.4257
        ]
      }
    },
    {
      "type": "Feature",
      "id": "CONF_0546",
      "properties": {
        "confluence_id": "CONF_0546",
        "connected_reaches": 2,
        "elevation_m": 100.0
      },
      "geometry": {
        "type": "Point",
        "coordinates": [
          100.1493,
          17.136
        ]
      }
    },
    {
      "type": "Feature",
      "id": "CONF_0547",
      "properties": {
        "confluence_id": "CONF_0547",
        "connected_reaches": 2,
        "elevation_m": 100.0
      },
      "geometry": {
        "type": "Point",
        "coordinates": [
          100.1676,
          16.9254
        ]
      }
    },
    {
      "type": "Feature",
      "id": "CONF_0548",
      "properties": {
        "confluence_id": "CONF_0548",
        "connected_reaches": 2,
        "elevation_m": 100.0
      },
      "geometry": {
        "type": "Point",
        "coordinates": [
          100.8559,
          16.843
        ]
      }
    },
    {
      "type": "Feature",
      "id": "CONF_0549",
      "properties": {
        "confluence_id": "CONF_0549",
        "connected_reaches": 2,
        "elevation_m": 100.0
      },
      "geometry": {
        "type": "Point",
        "coordinates": [
          100.3762,
          17.1268
        ]
      }
    },
    {
      "type": "Feature",
      "id": "CONF_0550",
      "properties": {
        "confluence_id": "CONF_0550",
        "connected_reaches": 2,
        "elevation_m": 100.0
      },
      "geometry": {
        "type": "Point",
        "coordinates": [
          100.3856,
          17.206
        ]
      }
    },
    {
      "type": "Feature",
      "id": "CONF_0551",
      "properties": {
        "confluence_id": "CONF_0551",
        "connected_reaches": 2,
        "elevation_m": 100.0
      },
      "geometry": {
        "type": "Point",
        "coordinates": [
          100.3651,
          16.3583
        ]
      }
    },
    {
      "type": "Feature",
      "id": "CONF_0552",
      "properties": {
        "confluence_id": "CONF_0552",
        "connected_reaches": 2,
        "elevation_m": 100.0
      },
      "geometry": {
        "type": "Point",
        "coordinates": [
          99.783,
          15.9254
        ]
      }
    },
    {
      "type": "Feature",
      "id": "CONF_0553",
      "properties": {
        "confluence_id": "CONF_0553",
        "connected_reaches": 2,
        "elevation_m": 100.0
      },
      "geometry": {
        "type": "Point",
        "coordinates": [
          99.7373,
          16.3108
        ]
      }
    },
    {
      "type": "Feature",
      "id": "CONF_0554",
      "properties": {
        "confluence_id": "CONF_0554",
        "connected_reaches": 2,
        "elevation_m": 100.0
      },
      "geometry": {
        "type": "Point",
        "coordinates": [
          99.774,
          16.3026
        ]
      }
    },
    {
      "type": "Feature",
      "id": "CONF_0555",
      "properties": {
        "confluence_id": "CONF_0555",
        "connected_reaches": 3,
        "elevation_m": 100.0
      },
      "geometry": {
        "type": "Point",
        "coordinates": [
          99.7008,
          16.4802
        ]
      }
    },
    {
      "type": "Feature",
      "id": "CONF_0556",
      "properties": {
        "confluence_id": "CONF_0556",
        "connected_reaches": 2,
        "elevation_m": 100.0
      },
      "geometry": {
        "type": "Point",
        "coordinates": [
          99.8508,
          16.4538
        ]
      }
    },
    {
      "type": "Feature",
      "id": "CONF_0557",
      "properties": {
        "confluence_id": "CONF_0557",
        "connected_reaches": 2,
        "elevation_m": 100.0
      },
      "geometry": {
        "type": "Point",
        "coordinates": [
          99.8183,
          16.165
        ]
      }
    },
    {
      "type": "Feature",
      "id": "CONF_0558",
      "properties": {
        "confluence_id": "CONF_0558",
        "connected_reaches": 2,
        "elevation_m": 100.0
      },
      "geometry": {
        "type": "Point",
        "coordinates": [
          99.8607,
          16.4714
        ]
      }
    },
    {
      "type": "Feature",
      "id": "CONF_0559",
      "properties": {
        "confluence_id": "CONF_0559",
        "connected_reaches": 3,
        "elevation_m": 100.0
      },
      "geometry": {
        "type": "Point",
        "coordinates": [
          99.9782,
          16.1268
        ]
      }
    },
    {
      "type": "Feature",
      "id": "CONF_0560",
      "properties": {
        "confluence_id": "CONF_0560",
        "connected_reaches": 2,
        "elevation_m": 100.0
      },
      "geometry": {
        "type": "Point",
        "coordinates": [
          100.1888,
          18.1914
        ]
      }
    },
    {
      "type": "Feature",
      "id": "CONF_0561",
      "properties": {
        "confluence_id": "CONF_0561",
        "connected_reaches": 2,
        "elevation_m": 100.0
      },
      "geometry": {
        "type": "Point",
        "coordinates": [
          100.1883,
          18.1914
        ]
      }
    },
    {
      "type": "Feature",
      "id": "CONF_0562",
      "properties": {
        "confluence_id": "CONF_0562",
        "connected_reaches": 2,
        "elevation_m": 100.0
      },
      "geometry": {
        "type": "Point",
        "coordinates": [
          99.9014,
          16.7272
        ]
      }
    },
    {
      "type": "Feature",
      "id": "CONF_0563",
      "properties": {
        "confluence_id": "CONF_0563",
        "connected_reaches": 2,
        "elevation_m": 100.0
      },
      "geometry": {
        "type": "Point",
        "coordinates": [
          99.8384,
          19.8969
        ]
      }
    },
    {
      "type": "Feature",
      "id": "CONF_0564",
      "properties": {
        "confluence_id": "CONF_0564",
        "connected_reaches": 2,
        "elevation_m": 100.0
      },
      "geometry": {
        "type": "Point",
        "coordinates": [
          99.8258,
          19.8761
        ]
      }
    },
    {
      "type": "Feature",
      "id": "CONF_0565",
      "properties": {
        "confluence_id": "CONF_0565",
        "connected_reaches": 2,
        "elevation_m": 100.0
      },
      "geometry": {
        "type": "Point",
        "coordinates": [
          100.1933,
          16.6958
        ]
      }
    },
    {
      "type": "Feature",
      "id": "CONF_0566",
      "properties": {
        "confluence_id": "CONF_0566",
        "connected_reaches": 2,
        "elevation_m": 100.0
      },
      "geometry": {
        "type": "Point",
        "coordinates": [
          100.2297,
          18.2232
        ]
      }
    },
    {
      "type": "Feature",
      "id": "CONF_0567",
      "properties": {
        "confluence_id": "CONF_0567",
        "connected_reaches": 2,
        "elevation_m": 100.0
      },
      "geometry": {
        "type": "Point",
        "coordinates": [
          100.9431,
          18.5711
        ]
      }
    },
    {
      "type": "Feature",
      "id": "CONF_0568",
      "properties": {
        "confluence_id": "CONF_0568",
        "connected_reaches": 3,
        "elevation_m": 100.0
      },
      "geometry": {
        "type": "Point",
        "coordinates": [
          100.9366,
          18.5597
        ]
      }
    },
    {
      "type": "Feature",
      "id": "CONF_0569",
      "properties": {
        "confluence_id": "CONF_0569",
        "connected_reaches": 2,
        "elevation_m": 100.0
      },
      "geometry": {
        "type": "Point",
        "coordinates": [
          100.9013,
          18.5654
        ]
      }
    },
    {
      "type": "Feature",
      "id": "CONF_0570",
      "properties": {
        "confluence_id": "CONF_0570",
        "connected_reaches": 2,
        "elevation_m": 100.0
      },
      "geometry": {
        "type": "Point",
        "coordinates": [
          99.6412,
          17.7232
        ]
      }
    },
    {
      "type": "Feature",
      "id": "CONF_0571",
      "properties": {
        "confluence_id": "CONF_0571",
        "connected_reaches": 2,
        "elevation_m": 100.0
      },
      "geometry": {
        "type": "Point",
        "coordinates": [
          99.702,
          17.6187
        ]
      }
    },
    {
      "type": "Feature",
      "id": "CONF_0572",
      "properties": {
        "confluence_id": "CONF_0572",
        "connected_reaches": 2,
        "elevation_m": 100.0
      },
      "geometry": {
        "type": "Point",
        "coordinates": [
          99.7182,
          17.5909
        ]
      }
    },
    {
      "type": "Feature",
      "id": "CONF_0573",
      "properties": {
        "confluence_id": "CONF_0573",
        "connected_reaches": 2,
        "elevation_m": 100.0
      },
      "geometry": {
        "type": "Point",
        "coordinates": [
          100.3022,
          16.6345
        ]
      }
    },
    {
      "type": "Feature",
      "id": "CONF_0574",
      "properties": {
        "confluence_id": "CONF_0574",
        "connected_reaches": 2,
        "elevation_m": 100.0
      },
      "geometry": {
        "type": "Point",
        "coordinates": [
          100.8717,
          17.9702
        ]
      }
    },
    {
      "type": "Feature",
      "id": "CONF_0575",
      "properties": {
        "confluence_id": "CONF_0575",
        "connected_reaches": 2,
        "elevation_m": 100.0
      },
      "geometry": {
        "type": "Point",
        "coordinates": [
          100.8258,
          17.8952
        ]
      }
    },
    {
      "type": "Feature",
      "id": "CONF_0576",
      "properties": {
        "confluence_id": "CONF_0576",
        "connected_reaches": 2,
        "elevation_m": 100.0
      },
      "geometry": {
        "type": "Point",
        "coordinates": [
          100.6027,
          16.4149
        ]
      }
    },
    {
      "type": "Feature",
      "id": "CONF_0577",
      "properties": {
        "confluence_id": "CONF_0577",
        "connected_reaches": 2,
        "elevation_m": 100.0
      },
      "geometry": {
        "type": "Point",
        "coordinates": [
          100.64,
          16.5642
        ]
      }
    },
    {
      "type": "Feature",
      "id": "CONF_0578",
      "properties": {
        "confluence_id": "CONF_0578",
        "connected_reaches": 2,
        "elevation_m": 100.0
      },
      "geometry": {
        "type": "Point",
        "coordinates": [
          100.6254,
          16.5619
        ]
      }
    },
    {
      "type": "Feature",
      "id": "CONF_0579",
      "properties": {
        "confluence_id": "CONF_0579",
        "connected_reaches": 2,
        "elevation_m": 100.0
      },
      "geometry": {
        "type": "Point",
        "coordinates": [
          100.4022,
          16.1955
        ]
      }
    },
    {
      "type": "Feature",
      "id": "CONF_0580",
      "properties": {
        "confluence_id": "CONF_0580",
        "connected_reaches": 2,
        "elevation_m": 100.0
      },
      "geometry": {
        "type": "Point",
        "coordinates": [
          100.4932,
          19.701
        ]
      }
    },
    {
      "type": "Feature",
      "id": "CONF_0581",
      "properties": {
        "confluence_id": "CONF_0581",
        "connected_reaches": 2,
        "elevation_m": 100.0
      },
      "geometry": {
        "type": "Point",
        "coordinates": [
          100.2141,
          17.0947
        ]
      }
    },
    {
      "type": "Feature",
      "id": "CONF_0582",
      "properties": {
        "confluence_id": "CONF_0582",
        "connected_reaches": 3,
        "elevation_m": 100.0
      },
      "geometry": {
        "type": "Point",
        "coordinates": [
          100.2228,
          17.1291
        ]
      }
    },
    {
      "type": "Feature",
      "id": "CONF_0583",
      "properties": {
        "confluence_id": "CONF_0583",
        "connected_reaches": 2,
        "elevation_m": 100.0
      },
      "geometry": {
        "type": "Point",
        "coordinates": [
          101.1906,
          18.4583
        ]
      }
    },
    {
      "type": "Feature",
      "id": "CONF_0584",
      "properties": {
        "confluence_id": "CONF_0584",
        "connected_reaches": 2,
        "elevation_m": 100.0
      },
      "geometry": {
        "type": "Point",
        "coordinates": [
          101.1973,
          18.4584
        ]
      }
    },
    {
      "type": "Feature",
      "id": "CONF_0585",
      "properties": {
        "confluence_id": "CONF_0585",
        "connected_reaches": 2,
        "elevation_m": 100.0
      },
      "geometry": {
        "type": "Point",
        "coordinates": [
          101.1998,
          18.4562
        ]
      }
    },
    {
      "type": "Feature",
      "id": "CONF_0586",
      "properties": {
        "confluence_id": "CONF_0586",
        "connected_reaches": 2,
        "elevation_m": 100.0
      },
      "geometry": {
        "type": "Point",
        "coordinates": [
          99.8905,
          17.1158
        ]
      }
    },
    {
      "type": "Feature",
      "id": "CONF_0587",
      "properties": {
        "confluence_id": "CONF_0587",
        "connected_reaches": 2,
        "elevation_m": 100.0
      },
      "geometry": {
        "type": "Point",
        "coordinates": [
          100.3061,
          19.5366
        ]
      }
    },
    {
      "type": "Feature",
      "id": "CONF_0588",
      "properties": {
        "confluence_id": "CONF_0588",
        "connected_reaches": 2,
        "elevation_m": 100.0
      },
      "geometry": {
        "type": "Point",
        "coordinates": [
          100.0044,
          17.4878
        ]
      }
    },
    {
      "type": "Feature",
      "id": "CONF_0589",
      "properties": {
        "confluence_id": "CONF_0589",
        "connected_reaches": 2,
        "elevation_m": 100.0
      },
      "geometry": {
        "type": "Point",
        "coordinates": [
          100.184,
          16.8762
        ]
      }
    },
    {
      "type": "Feature",
      "id": "CONF_0590",
      "properties": {
        "confluence_id": "CONF_0590",
        "connected_reaches": 2,
        "elevation_m": 100.0
      },
      "geometry": {
        "type": "Point",
        "coordinates": [
          99.8484,
          17.0753
        ]
      }
    },
    {
      "type": "Feature",
      "id": "CONF_0591",
      "properties": {
        "confluence_id": "CONF_0591",
        "connected_reaches": 2,
        "elevation_m": 100.0
      },
      "geometry": {
        "type": "Point",
        "coordinates": [
          99.8381,
          17.071
        ]
      }
    },
    {
      "type": "Feature",
      "id": "CONF_0592",
      "properties": {
        "confluence_id": "CONF_0592",
        "connected_reaches": 3,
        "elevation_m": 100.0
      },
      "geometry": {
        "type": "Point",
        "coordinates": [
          100.6303,
          16.2203
        ]
      }
    },
    {
      "type": "Feature",
      "id": "CONF_0593",
      "properties": {
        "confluence_id": "CONF_0593",
        "connected_reaches": 2,
        "elevation_m": 100.0
      },
      "geometry": {
        "type": "Point",
        "coordinates": [
          100.7019,
          18.787
        ]
      }
    },
    {
      "type": "Feature",
      "id": "CONF_0594",
      "properties": {
        "confluence_id": "CONF_0594",
        "connected_reaches": 3,
        "elevation_m": 100.0
      },
      "geometry": {
        "type": "Point",
        "coordinates": [
          100.277,
          16.927
        ]
      }
    },
    {
      "type": "Feature",
      "id": "CONF_0595",
      "properties": {
        "confluence_id": "CONF_0595",
        "connected_reaches": 2,
        "elevation_m": 100.0
      },
      "geometry": {
        "type": "Point",
        "coordinates": [
          100.1263,
          16.2184
        ]
      }
    },
    {
      "type": "Feature",
      "id": "CONF_0596",
      "properties": {
        "confluence_id": "CONF_0596",
        "connected_reaches": 2,
        "elevation_m": 100.0
      },
      "geometry": {
        "type": "Point",
        "coordinates": [
          99.7858,
          16.9261
        ]
      }
    },
    {
      "type": "Feature",
      "id": "CONF_0597",
      "properties": {
        "confluence_id": "CONF_0597",
        "connected_reaches": 2,
        "elevation_m": 100.0
      },
      "geometry": {
        "type": "Point",
        "coordinates": [
          99.9418,
          16.9006
        ]
      }
    },
    {
      "type": "Feature",
      "id": "CONF_0598",
      "properties": {
        "confluence_id": "CONF_0598",
        "connected_reaches": 2,
        "elevation_m": 100.0
      },
      "geometry": {
        "type": "Point",
        "coordinates": [
          99.9413,
          16.8998
        ]
      }
    },
    {
      "type": "Feature",
      "id": "CONF_0599",
      "properties": {
        "confluence_id": "CONF_0599",
        "connected_reaches": 2,
        "elevation_m": 100.0
      },
      "geometry": {
        "type": "Point",
        "coordinates": [
          99.8612,
          18.0887
        ]
      }
    },
    {
      "type": "Feature",
      "id": "CONF_0600",
      "properties": {
        "confluence_id": "CONF_0600",
        "connected_reaches": 3,
        "elevation_m": 100.0
      },
      "geometry": {
        "type": "Point",
        "coordinates": [
          99.8474,
          18.0701
        ]
      }
    },
    {
      "type": "Feature",
      "id": "CONF_0601",
      "properties": {
        "confluence_id": "CONF_0601",
        "connected_reaches": 2,
        "elevation_m": 100.0
      },
      "geometry": {
        "type": "Point",
        "coordinates": [
          101.3988,
          19.8651
        ]
      }
    },
    {
      "type": "Feature",
      "id": "CONF_0602",
      "properties": {
        "confluence_id": "CONF_0602",
        "connected_reaches": 2,
        "elevation_m": 100.0
      },
      "geometry": {
        "type": "Point",
        "coordinates": [
          100.1351,
          18.0186
        ]
      }
    },
    {
      "type": "Feature",
      "id": "CONF_0603",
      "properties": {
        "confluence_id": "CONF_0603",
        "connected_reaches": 2,
        "elevation_m": 100.0
      },
      "geometry": {
        "type": "Point",
        "coordinates": [
          99.7206,
          19.8394
        ]
      }
    },
    {
      "type": "Feature",
      "id": "CONF_0604",
      "properties": {
        "confluence_id": "CONF_0604",
        "connected_reaches": 2,
        "elevation_m": 100.0
      },
      "geometry": {
        "type": "Point",
        "coordinates": [
          99.4906,
          16.1105
        ]
      }
    },
    {
      "type": "Feature",
      "id": "CONF_0605",
      "properties": {
        "confluence_id": "CONF_0605",
        "connected_reaches": 3,
        "elevation_m": 100.0
      },
      "geometry": {
        "type": "Point",
        "coordinates": [
          100.9915,
          18.2645
        ]
      }
    },
    {
      "type": "Feature",
      "id": "CONF_0606",
      "properties": {
        "confluence_id": "CONF_0606",
        "connected_reaches": 3,
        "elevation_m": 100.0
      },
      "geometry": {
        "type": "Point",
        "coordinates": [
          101.5057,
          19.3223
        ]
      }
    },
    {
      "type": "Feature",
      "id": "CONF_0607",
      "properties": {
        "confluence_id": "CONF_0607",
        "connected_reaches": 2,
        "elevation_m": 100.0
      },
      "geometry": {
        "type": "Point",
        "coordinates": [
          101.5889,
          19.367
        ]
      }
    },
    {
      "type": "Feature",
      "id": "CONF_0608",
      "properties": {
        "confluence_id": "CONF_0608",
        "connected_reaches": 2,
        "elevation_m": 100.0
      },
      "geometry": {
        "type": "Point",
        "coordinates": [
          101.454,
          19.3659
        ]
      }
    },
    {
      "type": "Feature",
      "id": "CONF_0609",
      "properties": {
        "confluence_id": "CONF_0609",
        "connected_reaches": 2,
        "elevation_m": 100.0
      },
      "geometry": {
        "type": "Point",
        "coordinates": [
          101.2853,
          19.4081
        ]
      }
    },
    {
      "type": "Feature",
      "id": "CONF_0610",
      "properties": {
        "confluence_id": "CONF_0610",
        "connected_reaches": 2,
        "elevation_m": 100.0
      },
      "geometry": {
        "type": "Point",
        "coordinates": [
          101.4885,
          19.3408
        ]
      }
    },
    {
      "type": "Feature",
      "id": "CONF_0611",
      "properties": {
        "confluence_id": "CONF_0611",
        "connected_reaches": 3,
        "elevation_m": 100.0
      },
      "geometry": {
        "type": "Point",
        "coordinates": [
          101.455,
          19.3443
        ]
      }
    },
    {
      "type": "Feature",
      "id": "CONF_0612",
      "properties": {
        "confluence_id": "CONF_0612",
        "connected_reaches": 2,
        "elevation_m": 100.0
      },
      "geometry": {
        "type": "Point",
        "coordinates": [
          101.3618,
          19.3535
        ]
      }
    },
    {
      "type": "Feature",
      "id": "CONF_0613",
      "properties": {
        "confluence_id": "CONF_0613",
        "connected_reaches": 3,
        "elevation_m": 100.0
      },
      "geometry": {
        "type": "Point",
        "coordinates": [
          101.4675,
          19.3471
        ]
      }
    },
    {
      "type": "Feature",
      "id": "CONF_0614",
      "properties": {
        "confluence_id": "CONF_0614",
        "connected_reaches": 3,
        "elevation_m": 100.0
      },
      "geometry": {
        "type": "Point",
        "coordinates": [
          101.4819,
          18.467
        ]
      }
    },
    {
      "type": "Feature",
      "id": "CONF_0615",
      "properties": {
        "confluence_id": "CONF_0615",
        "connected_reaches": 2,
        "elevation_m": 100.0
      },
      "geometry": {
        "type": "Point",
        "coordinates": [
          101.4453,
          18.4876
        ]
      }
    },
    {
      "type": "Feature",
      "id": "CONF_0616",
      "properties": {
        "confluence_id": "CONF_0616",
        "connected_reaches": 3,
        "elevation_m": 100.0
      },
      "geometry": {
        "type": "Point",
        "coordinates": [
          101.52,
          18.919
        ]
      }
    },
    {
      "type": "Feature",
      "id": "CONF_0617",
      "properties": {
        "confluence_id": "CONF_0617",
        "connected_reaches": 2,
        "elevation_m": 100.0
      },
      "geometry": {
        "type": "Point",
        "coordinates": [
          100.5588,
          19.7597
        ]
      }
    },
    {
      "type": "Feature",
      "id": "CONF_0618",
      "properties": {
        "confluence_id": "CONF_0618",
        "connected_reaches": 2,
        "elevation_m": 100.0
      },
      "geometry": {
        "type": "Point",
        "coordinates": [
          101.2389,
          18.0215
        ]
      }
    },
    {
      "type": "Feature",
      "id": "CONF_0619",
      "properties": {
        "confluence_id": "CONF_0619",
        "connected_reaches": 2,
        "elevation_m": 100.0
      },
      "geometry": {
        "type": "Point",
        "coordinates": [
          101.2755,
          18.1534
        ]
      }
    },
    {
      "type": "Feature",
      "id": "CONF_0620",
      "properties": {
        "confluence_id": "CONF_0620",
        "connected_reaches": 2,
        "elevation_m": 100.0
      },
      "geometry": {
        "type": "Point",
        "coordinates": [
          101.3373,
          18.3426
        ]
      }
    },
    {
      "type": "Feature",
      "id": "CONF_0621",
      "properties": {
        "confluence_id": "CONF_0621",
        "connected_reaches": 2,
        "elevation_m": 100.0
      },
      "geometry": {
        "type": "Point",
        "coordinates": [
          101.338,
          18.3483
        ]
      }
    },
    {
      "type": "Feature",
      "id": "CONF_0622",
      "properties": {
        "confluence_id": "CONF_0622",
        "connected_reaches": 2,
        "elevation_m": 100.0
      },
      "geometry": {
        "type": "Point",
        "coordinates": [
          101.5192,
          18.9742
        ]
      }
    },
    {
      "type": "Feature",
      "id": "CONF_0623",
      "properties": {
        "confluence_id": "CONF_0623",
        "connected_reaches": 2,
        "elevation_m": 100.0
      },
      "geometry": {
        "type": "Point",
        "coordinates": [
          101.5191,
          18.9622
        ]
      }
    },
    {
      "type": "Feature",
      "id": "CONF_0624",
      "properties": {
        "confluence_id": "CONF_0624",
        "connected_reaches": 2,
        "elevation_m": 100.0
      },
      "geometry": {
        "type": "Point",
        "coordinates": [
          101.5203,
          18.9968
        ]
      }
    },
    {
      "type": "Feature",
      "id": "CONF_0625",
      "properties": {
        "confluence_id": "CONF_0625",
        "connected_reaches": 2,
        "elevation_m": 100.0
      },
      "geometry": {
        "type": "Point",
        "coordinates": [
          101.5227,
          18.9857
        ]
      }
    },
    {
      "type": "Feature",
      "id": "CONF_0626",
      "properties": {
        "confluence_id": "CONF_0626",
        "connected_reaches": 2,
        "elevation_m": 100.0
      },
      "geometry": {
        "type": "Point",
        "coordinates": [
          101.5257,
          19.0207
        ]
      }
    },
    {
      "type": "Feature",
      "id": "CONF_0627",
      "properties": {
        "confluence_id": "CONF_0627",
        "connected_reaches": 2,
        "elevation_m": 100.0
      },
      "geometry": {
        "type": "Point",
        "coordinates": [
          101.5231,
          19.0093
        ]
      }
    },
    {
      "type": "Feature",
      "id": "CONF_0628",
      "properties": {
        "confluence_id": "CONF_0628",
        "connected_reaches": 3,
        "elevation_m": 100.0
      },
      "geometry": {
        "type": "Point",
        "coordinates": [
          101.4776,
          19.0188
        ]
      }
    },
    {
      "type": "Feature",
      "id": "CONF_0629",
      "properties": {
        "confluence_id": "CONF_0629",
        "connected_reaches": 2,
        "elevation_m": 100.0
      },
      "geometry": {
        "type": "Point",
        "coordinates": [
          101.518,
          18.9404
        ]
      }
    },
    {
      "type": "Feature",
      "id": "CONF_0630",
      "properties": {
        "confluence_id": "CONF_0630",
        "connected_reaches": 2,
        "elevation_m": 100.0
      },
      "geometry": {
        "type": "Point",
        "coordinates": [
          101.4875,
          19.0191
        ]
      }
    },
    {
      "type": "Feature",
      "id": "CONF_0631",
      "properties": {
        "confluence_id": "CONF_0631",
        "connected_reaches": 2,
        "elevation_m": 100.0
      },
      "geometry": {
        "type": "Point",
        "coordinates": [
          99.8325,
          19.1962
        ]
      }
    },
    {
      "type": "Feature",
      "id": "CONF_0632",
      "properties": {
        "confluence_id": "CONF_0632",
        "connected_reaches": 2,
        "elevation_m": 100.0
      },
      "geometry": {
        "type": "Point",
        "coordinates": [
          101.1764,
          18.4586
        ]
      }
    },
    {
      "type": "Feature",
      "id": "CONF_0633",
      "properties": {
        "confluence_id": "CONF_0633",
        "connected_reaches": 2,
        "elevation_m": 100.0
      },
      "geometry": {
        "type": "Point",
        "coordinates": [
          100.4485,
          17.5695
        ]
      }
    },
    {
      "type": "Feature",
      "id": "CONF_0634",
      "properties": {
        "confluence_id": "CONF_0634",
        "connected_reaches": 2,
        "elevation_m": 100.0
      },
      "geometry": {
        "type": "Point",
        "coordinates": [
          100.1268,
          16.2187
        ]
      }
    },
    {
      "type": "Feature",
      "id": "CONF_0635",
      "properties": {
        "confluence_id": "CONF_0635",
        "connected_reaches": 2,
        "elevation_m": 100.0
      },
      "geometry": {
        "type": "Point",
        "coordinates": [
          100.0912,
          17.611
        ]
      }
    },
    {
      "type": "Feature",
      "id": "CONF_0636",
      "properties": {
        "confluence_id": "CONF_0636",
        "connected_reaches": 2,
        "elevation_m": 100.0
      },
      "geometry": {
        "type": "Point",
        "coordinates": [
          100.0896,
          17.5806
        ]
      }
    },
    {
      "type": "Feature",
      "id": "CONF_0637",
      "properties": {
        "confluence_id": "CONF_0637",
        "connected_reaches": 2,
        "elevation_m": 100.0
      },
      "geometry": {
        "type": "Point",
        "coordinates": [
          99.899,
          19.9104
        ]
      }
    },
    {
      "type": "Feature",
      "id": "CONF_0638",
      "properties": {
        "confluence_id": "CONF_0638",
        "connected_reaches": 3,
        "elevation_m": 100.0
      },
      "geometry": {
        "type": "Point",
        "coordinates": [
          99.9115,
          19.8883
        ]
      }
    },
    {
      "type": "Feature",
      "id": "CONF_0639",
      "properties": {
        "confluence_id": "CONF_0639",
        "connected_reaches": 2,
        "elevation_m": 100.0
      },
      "geometry": {
        "type": "Point",
        "coordinates": [
          99.9242,
          19.883
        ]
      }
    },
    {
      "type": "Feature",
      "id": "CONF_0640",
      "properties": {
        "confluence_id": "CONF_0640",
        "connected_reaches": 2,
        "elevation_m": 100.0
      },
      "geometry": {
        "type": "Point",
        "coordinates": [
          100.5608,
          15.94
        ]
      }
    },
    {
      "type": "Feature",
      "id": "CONF_0641",
      "properties": {
        "confluence_id": "CONF_0641",
        "connected_reaches": 3,
        "elevation_m": 100.0
      },
      "geometry": {
        "type": "Point",
        "coordinates": [
          100.0062,
          16.1791
        ]
      }
    },
    {
      "type": "Feature",
      "id": "CONF_0642",
      "properties": {
        "confluence_id": "CONF_0642",
        "connected_reaches": 2,
        "elevation_m": 100.0
      },
      "geometry": {
        "type": "Point",
        "coordinates": [
          100.0828,
          16.1113
        ]
      }
    },
    {
      "type": "Feature",
      "id": "CONF_0643",
      "properties": {
        "confluence_id": "CONF_0643",
        "connected_reaches": 2,
        "elevation_m": 100.0
      },
      "geometry": {
        "type": "Point",
        "coordinates": [
          101.2979,
          19.7472
        ]
      }
    },
    {
      "type": "Feature",
      "id": "CONF_0644",
      "properties": {
        "confluence_id": "CONF_0644",
        "connected_reaches": 2,
        "elevation_m": 100.0
      },
      "geometry": {
        "type": "Point",
        "coordinates": [
          100.8116,
          16.3385
        ]
      }
    },
    {
      "type": "Feature",
      "id": "CONF_0645",
      "properties": {
        "confluence_id": "CONF_0645",
        "connected_reaches": 3,
        "elevation_m": 100.0
      },
      "geometry": {
        "type": "Point",
        "coordinates": [
          100.8396,
          16.365
        ]
      }
    },
    {
      "type": "Feature",
      "id": "CONF_0646",
      "properties": {
        "confluence_id": "CONF_0646",
        "connected_reaches": 3,
        "elevation_m": 100.0
      },
      "geometry": {
        "type": "Point",
        "coordinates": [
          100.6674,
          16.2486
        ]
      }
    },
    {
      "type": "Feature",
      "id": "CONF_0647",
      "properties": {
        "confluence_id": "CONF_0647",
        "connected_reaches": 2,
        "elevation_m": 100.0
      },
      "geometry": {
        "type": "Point",
        "coordinates": [
          100.6309,
          16.2285
        ]
      }
    },
    {
      "type": "Feature",
      "id": "CONF_0648",
      "properties": {
        "confluence_id": "CONF_0648",
        "connected_reaches": 2,
        "elevation_m": 100.0
      },
      "geometry": {
        "type": "Point",
        "coordinates": [
          99.847,
          16.7262
        ]
      }
    },
    {
      "type": "Feature",
      "id": "CONF_0649",
      "properties": {
        "confluence_id": "CONF_0649",
        "connected_reaches": 2,
        "elevation_m": 100.0
      },
      "geometry": {
        "type": "Point",
        "coordinates": [
          99.7581,
          16.7807
        ]
      }
    },
    {
      "type": "Feature",
      "id": "CONF_0650",
      "properties": {
        "confluence_id": "CONF_0650",
        "connected_reaches": 2,
        "elevation_m": 100.0
      },
      "geometry": {
        "type": "Point",
        "coordinates": [
          99.7633,
          16.7839
        ]
      }
    },
    {
      "type": "Feature",
      "id": "CONF_0651",
      "properties": {
        "confluence_id": "CONF_0651",
        "connected_reaches": 3,
        "elevation_m": 100.0
      },
      "geometry": {
        "type": "Point",
        "coordinates": [
          100.3683,
          16.1026
        ]
      }
    },
    {
      "type": "Feature",
      "id": "CONF_0652",
      "properties": {
        "confluence_id": "CONF_0652",
        "connected_reaches": 2,
        "elevation_m": 100.0
      },
      "geometry": {
        "type": "Point",
        "coordinates": [
          100.3703,
          16.0386
        ]
      }
    },
    {
      "type": "Feature",
      "id": "CONF_0653",
      "properties": {
        "confluence_id": "CONF_0653",
        "connected_reaches": 2,
        "elevation_m": 100.0
      },
      "geometry": {
        "type": "Point",
        "coordinates": [
          100.3633,
          16.1051
        ]
      }
    },
    {
      "type": "Feature",
      "id": "CONF_0654",
      "properties": {
        "confluence_id": "CONF_0654",
        "connected_reaches": 2,
        "elevation_m": 100.0
      },
      "geometry": {
        "type": "Point",
        "coordinates": [
          100.3775,
          16.7289
        ]
      }
    },
    {
      "type": "Feature",
      "id": "CONF_0655",
      "properties": {
        "confluence_id": "CONF_0655",
        "connected_reaches": 2,
        "elevation_m": 100.0
      },
      "geometry": {
        "type": "Point",
        "coordinates": [
          100.3771,
          16.7292
        ]
      }
    },
    {
      "type": "Feature",
      "id": "CONF_0656",
      "properties": {
        "confluence_id": "CONF_0656",
        "connected_reaches": 2,
        "elevation_m": 100.0
      },
      "geometry": {
        "type": "Point",
        "coordinates": [
          100.3648,
          16.7208
        ]
      }
    },
    {
      "type": "Feature",
      "id": "CONF_0657",
      "properties": {
        "confluence_id": "CONF_0657",
        "connected_reaches": 2,
        "elevation_m": 100.0
      },
      "geometry": {
        "type": "Point",
        "coordinates": [
          100.2463,
          16.6715
        ]
      }
    },
    {
      "type": "Feature",
      "id": "CONF_0658",
      "properties": {
        "confluence_id": "CONF_0658",
        "connected_reaches": 2,
        "elevation_m": 100.0
      },
      "geometry": {
        "type": "Point",
        "coordinates": [
          100.2458,
          16.6712
        ]
      }
    },
    {
      "type": "Feature",
      "id": "CONF_0659",
      "properties": {
        "confluence_id": "CONF_0659",
        "connected_reaches": 2,
        "elevation_m": 100.0
      },
      "geometry": {
        "type": "Point",
        "coordinates": [
          100.1595,
          19.7103
        ]
      }
    },
    {
      "type": "Feature",
      "id": "CONF_0660",
      "properties": {
        "confluence_id": "CONF_0660",
        "connected_reaches": 3,
        "elevation_m": 100.0
      },
      "geometry": {
        "type": "Point",
        "coordinates": [
          100.1684,
          19.7895
        ]
      }
    },
    {
      "type": "Feature",
      "id": "CONF_0661",
      "properties": {
        "confluence_id": "CONF_0661",
        "connected_reaches": 2,
        "elevation_m": 100.0
      },
      "geometry": {
        "type": "Point",
        "coordinates": [
          100.2907,
          19.5796
        ]
      }
    },
    {
      "type": "Feature",
      "id": "CONF_0662",
      "properties": {
        "confluence_id": "CONF_0662",
        "connected_reaches": 3,
        "elevation_m": 100.0
      },
      "geometry": {
        "type": "Point",
        "coordinates": [
          100.1542,
          19.6364
        ]
      }
    },
    {
      "type": "Feature",
      "id": "CONF_0663",
      "properties": {
        "confluence_id": "CONF_0663",
        "connected_reaches": 2,
        "elevation_m": 100.0
      },
      "geometry": {
        "type": "Point",
        "coordinates": [
          100.0462,
          16.9866
        ]
      }
    },
    {
      "type": "Feature",
      "id": "CONF_0664",
      "properties": {
        "confluence_id": "CONF_0664",
        "connected_reaches": 2,
        "elevation_m": 100.0
      },
      "geometry": {
        "type": "Point",
        "coordinates": [
          100.0534,
          16.9786
        ]
      }
    },
    {
      "type": "Feature",
      "id": "CONF_0665",
      "properties": {
        "confluence_id": "CONF_0665",
        "connected_reaches": 2,
        "elevation_m": 100.0
      },
      "geometry": {
        "type": "Point",
        "coordinates": [
          100.4581,
          16.9245
        ]
      }
    },
    {
      "type": "Feature",
      "id": "CONF_0666",
      "properties": {
        "confluence_id": "CONF_0666",
        "connected_reaches": 2,
        "elevation_m": 100.0
      },
      "geometry": {
        "type": "Point",
        "coordinates": [
          99.6259,
          16.4559
        ]
      }
    },
    {
      "type": "Feature",
      "id": "CONF_0667",
      "properties": {
        "confluence_id": "CONF_0667",
        "connected_reaches": 2,
        "elevation_m": 100.0
      },
      "geometry": {
        "type": "Point",
        "coordinates": [
          99.6269,
          16.4512
        ]
      }
    },
    {
      "type": "Feature",
      "id": "CONF_0668",
      "properties": {
        "confluence_id": "CONF_0668",
        "connected_reaches": 2,
        "elevation_m": 100.0
      },
      "geometry": {
        "type": "Point",
        "coordinates": [
          99.6134,
          16.765
        ]
      }
    },
    {
      "type": "Feature",
      "id": "CONF_0669",
      "properties": {
        "confluence_id": "CONF_0669",
        "connected_reaches": 2,
        "elevation_m": 100.0
      },
      "geometry": {
        "type": "Point",
        "coordinates": [
          99.819,
          16.2118
        ]
      }
    },
    {
      "type": "Feature",
      "id": "CONF_0670",
      "properties": {
        "confluence_id": "CONF_0670",
        "connected_reaches": 2,
        "elevation_m": 100.0
      },
      "geometry": {
        "type": "Point",
        "coordinates": [
          100.6409,
          17.2858
        ]
      }
    },
    {
      "type": "Feature",
      "id": "CONF_0671",
      "properties": {
        "confluence_id": "CONF_0671",
        "connected_reaches": 2,
        "elevation_m": 100.0
      },
      "geometry": {
        "type": "Point",
        "coordinates": [
          100.5284,
          17.105
        ]
      }
    },
    {
      "type": "Feature",
      "id": "CONF_0672",
      "properties": {
        "confluence_id": "CONF_0672",
        "connected_reaches": 2,
        "elevation_m": 100.0
      },
      "geometry": {
        "type": "Point",
        "coordinates": [
          100.4149,
          17.1837
        ]
      }
    },
    {
      "type": "Feature",
      "id": "CONF_0673",
      "properties": {
        "confluence_id": "CONF_0673",
        "connected_reaches": 2,
        "elevation_m": 100.0
      },
      "geometry": {
        "type": "Point",
        "coordinates": [
          100.9324,
          17.1486
        ]
      }
    },
    {
      "type": "Feature",
      "id": "CONF_0674",
      "properties": {
        "confluence_id": "CONF_0674",
        "connected_reaches": 2,
        "elevation_m": 100.0
      },
      "geometry": {
        "type": "Point",
        "coordinates": [
          100.897,
          17.1498
        ]
      }
    },
    {
      "type": "Feature",
      "id": "CONF_0675",
      "properties": {
        "confluence_id": "CONF_0675",
        "connected_reaches": 2,
        "elevation_m": 100.0
      },
      "geometry": {
        "type": "Point",
        "coordinates": [
          100.8785,
          17.1742
        ]
      }
    },
    {
      "type": "Feature",
      "id": "CONF_0676",
      "properties": {
        "confluence_id": "CONF_0676",
        "connected_reaches": 2,
        "elevation_m": 100.0
      },
      "geometry": {
        "type": "Point",
        "coordinates": [
          100.916,
          16.9525
        ]
      }
    },
    {
      "type": "Feature",
      "id": "CONF_0677",
      "properties": {
        "confluence_id": "CONF_0677",
        "connected_reaches": 3,
        "elevation_m": 100.0
      },
      "geometry": {
        "type": "Point",
        "coordinates": [
          100.1352,
          16.8294
        ]
      }
    },
    {
      "type": "Feature",
      "id": "CONF_0678",
      "properties": {
        "confluence_id": "CONF_0678",
        "connected_reaches": 2,
        "elevation_m": 100.0
      },
      "geometry": {
        "type": "Point",
        "coordinates": [
          99.9032,
          16.7254
        ]
      }
    },
    {
      "type": "Feature",
      "id": "CONF_0679",
      "properties": {
        "confluence_id": "CONF_0679",
        "connected_reaches": 2,
        "elevation_m": 100.0
      },
      "geometry": {
        "type": "Point",
        "coordinates": [
          99.904,
          16.7159
        ]
      }
    },
    {
      "type": "Feature",
      "id": "CONF_0680",
      "properties": {
        "confluence_id": "CONF_0680",
        "connected_reaches": 2,
        "elevation_m": 100.0
      },
      "geometry": {
        "type": "Point",
        "coordinates": [
          100.1506,
          16.9507
        ]
      }
    },
    {
      "type": "Feature",
      "id": "CONF_0681",
      "properties": {
        "confluence_id": "CONF_0681",
        "connected_reaches": 2,
        "elevation_m": 100.0
      },
      "geometry": {
        "type": "Point",
        "coordinates": [
          100.333,
          16.9224
        ]
      }
    },
    {
      "type": "Feature",
      "id": "CONF_0682",
      "properties": {
        "confluence_id": "CONF_0682",
        "connected_reaches": 2,
        "elevation_m": 100.0
      },
      "geometry": {
        "type": "Point",
        "coordinates": [
          100.2735,
          16.919
        ]
      }
    },
    {
      "type": "Feature",
      "id": "CONF_0683",
      "properties": {
        "confluence_id": "CONF_0683",
        "connected_reaches": 2,
        "elevation_m": 100.0
      },
      "geometry": {
        "type": "Point",
        "coordinates": [
          100.2232,
          17.1429
        ]
      }
    },
    {
      "type": "Feature",
      "id": "CONF_0684",
      "properties": {
        "confluence_id": "CONF_0684",
        "connected_reaches": 2,
        "elevation_m": 100.0
      },
      "geometry": {
        "type": "Point",
        "coordinates": [
          100.2221,
          17.1464
        ]
      }
    },
    {
      "type": "Feature",
      "id": "CONF_0685",
      "properties": {
        "confluence_id": "CONF_0685",
        "connected_reaches": 2,
        "elevation_m": 100.0
      },
      "geometry": {
        "type": "Point",
        "coordinates": [
          100.2184,
          17.1514
        ]
      }
    },
    {
      "type": "Feature",
      "id": "CONF_0686",
      "properties": {
        "confluence_id": "CONF_0686",
        "connected_reaches": 2,
        "elevation_m": 100.0
      },
      "geometry": {
        "type": "Point",
        "coordinates": [
          100.2177,
          17.1547
        ]
      }
    },
    {
      "type": "Feature",
      "id": "CONF_0687",
      "properties": {
        "confluence_id": "CONF_0687",
        "connected_reaches": 2,
        "elevation_m": 100.0
      },
      "geometry": {
        "type": "Point",
        "coordinates": [
          100.0652,
          17.0843
        ]
      }
    },
    {
      "type": "Feature",
      "id": "CONF_0688",
      "properties": {
        "confluence_id": "CONF_0688",
        "connected_reaches": 2,
        "elevation_m": 100.0
      },
      "geometry": {
        "type": "Point",
        "coordinates": [
          100.0844,
          17.0629
        ]
      }
    },
    {
      "type": "Feature",
      "id": "CONF_0689",
      "properties": {
        "confluence_id": "CONF_0689",
        "connected_reaches": 2,
        "elevation_m": 100.0
      },
      "geometry": {
        "type": "Point",
        "coordinates": [
          100.3541,
          16.6969
        ]
      }
    },
    {
      "type": "Feature",
      "id": "CONF_0690",
      "properties": {
        "confluence_id": "CONF_0690",
        "connected_reaches": 2,
        "elevation_m": 100.0
      },
      "geometry": {
        "type": "Point",
        "coordinates": [
          99.9423,
          19.0056
        ]
      }
    },
    {
      "type": "Feature",
      "id": "CONF_0691",
      "properties": {
        "confluence_id": "CONF_0691",
        "connected_reaches": 2,
        "elevation_m": 100.0
      },
      "geometry": {
        "type": "Point",
        "coordinates": [
          99.9411,
          19.8897
        ]
      }
    },
    {
      "type": "Feature",
      "id": "CONF_0692",
      "properties": {
        "confluence_id": "CONF_0692",
        "connected_reaches": 2,
        "elevation_m": 100.0
      },
      "geometry": {
        "type": "Point",
        "coordinates": [
          99.9416,
          19.8893
        ]
      }
    },
    {
      "type": "Feature",
      "id": "CONF_0693",
      "properties": {
        "confluence_id": "CONF_0693",
        "connected_reaches": 2,
        "elevation_m": 100.0
      },
      "geometry": {
        "type": "Point",
        "coordinates": [
          99.698,
          16.5222
        ]
      }
    },
    {
      "type": "Feature",
      "id": "CONF_0694",
      "properties": {
        "confluence_id": "CONF_0694",
        "connected_reaches": 2,
        "elevation_m": 100.0
      },
      "geometry": {
        "type": "Point",
        "coordinates": [
          99.8147,
          16.3556
        ]
      }
    },
    {
      "type": "Feature",
      "id": "CONF_0695",
      "properties": {
        "confluence_id": "CONF_0695",
        "connected_reaches": 2,
        "elevation_m": 100.0
      },
      "geometry": {
        "type": "Point",
        "coordinates": [
          100.1698,
          18.0825
        ]
      }
    },
    {
      "type": "Feature",
      "id": "CONF_0696",
      "properties": {
        "confluence_id": "CONF_0696",
        "connected_reaches": 2,
        "elevation_m": 100.0
      },
      "geometry": {
        "type": "Point",
        "coordinates": [
          99.7685,
          16.5703
        ]
      }
    },
    {
      "type": "Feature",
      "id": "CONF_0697",
      "properties": {
        "confluence_id": "CONF_0697",
        "connected_reaches": 2,
        "elevation_m": 100.0
      },
      "geometry": {
        "type": "Point",
        "coordinates": [
          99.7856,
          16.6446
        ]
      }
    },
    {
      "type": "Feature",
      "id": "CONF_0698",
      "properties": {
        "confluence_id": "CONF_0698",
        "connected_reaches": 2,
        "elevation_m": 100.0
      },
      "geometry": {
        "type": "Point",
        "coordinates": [
          99.7869,
          16.6527
        ]
      }
    },
    {
      "type": "Feature",
      "id": "CONF_0699",
      "properties": {
        "confluence_id": "CONF_0699",
        "connected_reaches": 2,
        "elevation_m": 100.0
      },
      "geometry": {
        "type": "Point",
        "coordinates": [
          99.8596,
          16.3539
        ]
      }
    },
    {
      "type": "Feature",
      "id": "CONF_0700",
      "properties": {
        "confluence_id": "CONF_0700",
        "connected_reaches": 2,
        "elevation_m": 100.0
      },
      "geometry": {
        "type": "Point",
        "coordinates": [
          99.8432,
          16.3777
        ]
      }
    },
    {
      "type": "Feature",
      "id": "CONF_0701",
      "properties": {
        "confluence_id": "CONF_0701",
        "connected_reaches": 2,
        "elevation_m": 100.0
      },
      "geometry": {
        "type": "Point",
        "coordinates": [
          99.9928,
          16.1767
        ]
      }
    },
    {
      "type": "Feature",
      "id": "CONF_0702",
      "properties": {
        "confluence_id": "CONF_0702",
        "connected_reaches": 2,
        "elevation_m": 100.0
      },
      "geometry": {
        "type": "Point",
        "coordinates": [
          99.9336,
          16.2174
        ]
      }
    },
    {
      "type": "Feature",
      "id": "CONF_0703",
      "properties": {
        "confluence_id": "CONF_0703",
        "connected_reaches": 2,
        "elevation_m": 100.0
      },
      "geometry": {
        "type": "Point",
        "coordinates": [
          99.9617,
          16.1908
        ]
      }
    },
    {
      "type": "Feature",
      "id": "CONF_0704",
      "properties": {
        "confluence_id": "CONF_0704",
        "connected_reaches": 3,
        "elevation_m": 100.0
      },
      "geometry": {
        "type": "Point",
        "coordinates": [
          99.8418,
          19.877
        ]
      }
    },
    {
      "type": "Feature",
      "id": "CONF_0705",
      "properties": {
        "confluence_id": "CONF_0705",
        "connected_reaches": 2,
        "elevation_m": 100.0
      },
      "geometry": {
        "type": "Point",
        "coordinates": [
          100.1175,
          15.9383
        ]
      }
    },
    {
      "type": "Feature",
      "id": "CONF_0706",
      "properties": {
        "confluence_id": "CONF_0706",
        "connected_reaches": 2,
        "elevation_m": 100.0
      },
      "geometry": {
        "type": "Point",
        "coordinates": [
          100.3165,
          19.2142
        ]
      }
    },
    {
      "type": "Feature",
      "id": "CONF_0707",
      "properties": {
        "confluence_id": "CONF_0707",
        "connected_reaches": 2,
        "elevation_m": 100.0
      },
      "geometry": {
        "type": "Point",
        "coordinates": [
          100.0684,
          16.0064
        ]
      }
    },
    {
      "type": "Feature",
      "id": "CONF_0708",
      "properties": {
        "confluence_id": "CONF_0708",
        "connected_reaches": 2,
        "elevation_m": 100.0
      },
      "geometry": {
        "type": "Point",
        "coordinates": [
          100.1077,
          15.9651
        ]
      }
    },
    {
      "type": "Feature",
      "id": "CONF_0709",
      "properties": {
        "confluence_id": "CONF_0709",
        "connected_reaches": 2,
        "elevation_m": 100.0
      },
      "geometry": {
        "type": "Point",
        "coordinates": [
          100.0608,
          16.0762
        ]
      }
    },
    {
      "type": "Feature",
      "id": "CONF_0710",
      "properties": {
        "confluence_id": "CONF_0710",
        "connected_reaches": 2,
        "elevation_m": 100.0
      },
      "geometry": {
        "type": "Point",
        "coordinates": [
          100.0479,
          16.1219
        ]
      }
    },
    {
      "type": "Feature",
      "id": "CONF_0711",
      "properties": {
        "confluence_id": "CONF_0711",
        "connected_reaches": 2,
        "elevation_m": 100.0
      },
      "geometry": {
        "type": "Point",
        "coordinates": [
          100.015,
          16.7336
        ]
      }
    },
    {
      "type": "Feature",
      "id": "CONF_0712",
      "properties": {
        "confluence_id": "CONF_0712",
        "connected_reaches": 3,
        "elevation_m": 100.0
      },
      "geometry": {
        "type": "Point",
        "coordinates": [
          101.4596,
          17.0487
        ]
      }
    },
    {
      "type": "Feature",
      "id": "CONF_0713",
      "properties": {
        "confluence_id": "CONF_0713",
        "connected_reaches": 2,
        "elevation_m": 100.0
      },
      "geometry": {
        "type": "Point",
        "coordinates": [
          99.7073,
          19.8393
        ]
      }
    },
    {
      "type": "Feature",
      "id": "CONF_0714",
      "properties": {
        "confluence_id": "CONF_0714",
        "connected_reaches": 3,
        "elevation_m": 100.0
      },
      "geometry": {
        "type": "Point",
        "coordinates": [
          99.4935,
          18.6609
        ]
      }
    },
    {
      "type": "Feature",
      "id": "CONF_0715",
      "properties": {
        "confluence_id": "CONF_0715",
        "connected_reaches": 2,
        "elevation_m": 100.0
      },
      "geometry": {
        "type": "Point",
        "coordinates": [
          99.7795,
          19.8515
        ]
      }
    },
    {
      "type": "Feature",
      "id": "CONF_0716",
      "properties": {
        "confluence_id": "CONF_0716",
        "connected_reaches": 2,
        "elevation_m": 100.0
      },
      "geometry": {
        "type": "Point",
        "coordinates": [
          99.874,
          19.9399
        ]
      }
    },
    {
      "type": "Feature",
      "id": "CONF_0717",
      "properties": {
        "confluence_id": "CONF_0717",
        "connected_reaches": 2,
        "elevation_m": 100.0
      },
      "geometry": {
        "type": "Point",
        "coordinates": [
          99.8766,
          19.9385
        ]
      }
    },
    {
      "type": "Feature",
      "id": "CONF_0718",
      "properties": {
        "confluence_id": "CONF_0718",
        "connected_reaches": 2,
        "elevation_m": 100.0
      },
      "geometry": {
        "type": "Point",
        "coordinates": [
          99.8493,
          16.5326
        ]
      }
    },
    {
      "type": "Feature",
      "id": "CONF_0719",
      "properties": {
        "confluence_id": "CONF_0719",
        "connected_reaches": 2,
        "elevation_m": 100.0
      },
      "geometry": {
        "type": "Point",
        "coordinates": [
          99.8966,
          16.5364
        ]
      }
    },
    {
      "type": "Feature",
      "id": "CONF_0720",
      "properties": {
        "confluence_id": "CONF_0720",
        "connected_reaches": 2,
        "elevation_m": 100.0
      },
      "geometry": {
        "type": "Point",
        "coordinates": [
          99.926,
          16.5426
        ]
      }
    },
    {
      "type": "Feature",
      "id": "CONF_0721",
      "properties": {
        "confluence_id": "CONF_0721",
        "connected_reaches": 3,
        "elevation_m": 100.0
      },
      "geometry": {
        "type": "Point",
        "coordinates": [
          100.057,
          19.0275
        ]
      }
    },
    {
      "type": "Feature",
      "id": "CONF_0722",
      "properties": {
        "confluence_id": "CONF_0722",
        "connected_reaches": 2,
        "elevation_m": 100.0
      },
      "geometry": {
        "type": "Point",
        "coordinates": [
          100.2965,
          16.9708
        ]
      }
    },
    {
      "type": "Feature",
      "id": "CONF_0723",
      "properties": {
        "confluence_id": "CONF_0723",
        "connected_reaches": 2,
        "elevation_m": 100.0
      },
      "geometry": {
        "type": "Point",
        "coordinates": [
          100.2974,
          16.9711
        ]
      }
    },
    {
      "type": "Feature",
      "id": "CONF_0724",
      "properties": {
        "confluence_id": "CONF_0724",
        "connected_reaches": 2,
        "elevation_m": 100.0
      },
      "geometry": {
        "type": "Point",
        "coordinates": [
          100.3281,
          16.9851
        ]
      }
    },
    {
      "type": "Feature",
      "id": "CONF_0725",
      "properties": {
        "confluence_id": "CONF_0725",
        "connected_reaches": 2,
        "elevation_m": 100.0
      },
      "geometry": {
        "type": "Point",
        "coordinates": [
          100.3273,
          16.9851
        ]
      }
    },
    {
      "type": "Feature",
      "id": "CONF_0726",
      "properties": {
        "confluence_id": "CONF_0726",
        "connected_reaches": 2,
        "elevation_m": 100.0
      },
      "geometry": {
        "type": "Point",
        "coordinates": [
          100.3919,
          16.8543
        ]
      }
    },
    {
      "type": "Feature",
      "id": "CONF_0727",
      "properties": {
        "confluence_id": "CONF_0727",
        "connected_reaches": 2,
        "elevation_m": 100.0
      },
      "geometry": {
        "type": "Point",
        "coordinates": [
          99.938,
          18.8656
        ]
      }
    },
    {
      "type": "Feature",
      "id": "CONF_0728",
      "properties": {
        "confluence_id": "CONF_0728",
        "connected_reaches": 2,
        "elevation_m": 100.0
      },
      "geometry": {
        "type": "Point",
        "coordinates": [
          100.2706,
          16.9082
        ]
      }
    },
    {
      "type": "Feature",
      "id": "CONF_0729",
      "properties": {
        "confluence_id": "CONF_0729",
        "connected_reaches": 2,
        "elevation_m": 100.0
      },
      "geometry": {
        "type": "Point",
        "coordinates": [
          100.2641,
          16.9291
        ]
      }
    },
    {
      "type": "Feature",
      "id": "CONF_0730",
      "properties": {
        "confluence_id": "CONF_0730",
        "connected_reaches": 2,
        "elevation_m": 100.0
      },
      "geometry": {
        "type": "Point",
        "coordinates": [
          100.3157,
          16.9267
        ]
      }
    },
    {
      "type": "Feature",
      "id": "CONF_0731",
      "properties": {
        "confluence_id": "CONF_0731",
        "connected_reaches": 2,
        "elevation_m": 100.0
      },
      "geometry": {
        "type": "Point",
        "coordinates": [
          100.3102,
          16.9257
        ]
      }
    },
    {
      "type": "Feature",
      "id": "CONF_0732",
      "properties": {
        "confluence_id": "CONF_0732",
        "connected_reaches": 2,
        "elevation_m": 100.0
      },
      "geometry": {
        "type": "Point",
        "coordinates": [
          100.3269,
          16.9251
        ]
      }
    },
    {
      "type": "Feature",
      "id": "CONF_0733",
      "properties": {
        "confluence_id": "CONF_0733",
        "connected_reaches": 2,
        "elevation_m": 100.0
      },
      "geometry": {
        "type": "Point",
        "coordinates": [
          100.3253,
          16.9249
        ]
      }
    },
    {
      "type": "Feature",
      "id": "CONF_0734",
      "properties": {
        "confluence_id": "CONF_0734",
        "connected_reaches": 2,
        "elevation_m": 100.0
      },
      "geometry": {
        "type": "Point",
        "coordinates": [
          100.3167,
          16.9233
        ]
      }
    },
    {
      "type": "Feature",
      "id": "CONF_0735",
      "properties": {
        "confluence_id": "CONF_0735",
        "connected_reaches": 2,
        "elevation_m": 100.0
      },
      "geometry": {
        "type": "Point",
        "coordinates": [
          100.3178,
          16.9235
        ]
      }
    },
    {
      "type": "Feature",
      "id": "CONF_0736",
      "properties": {
        "confluence_id": "CONF_0736",
        "connected_reaches": 2,
        "elevation_m": 100.0
      },
      "geometry": {
        "type": "Point",
        "coordinates": [
          100.3201,
          16.9239
        ]
      }
    },
    {
      "type": "Feature",
      "id": "CONF_0737",
      "properties": {
        "confluence_id": "CONF_0737",
        "connected_reaches": 2,
        "elevation_m": 100.0
      },
      "geometry": {
        "type": "Point",
        "coordinates": [
          100.324,
          16.9246
        ]
      }
    },
    {
      "type": "Feature",
      "id": "CONF_0738",
      "properties": {
        "confluence_id": "CONF_0738",
        "connected_reaches": 3,
        "elevation_m": 100.0
      },
      "geometry": {
        "type": "Point",
        "coordinates": [
          99.822,
          16.2633
        ]
      }
    },
    {
      "type": "Feature",
      "id": "CONF_0739",
      "properties": {
        "confluence_id": "CONF_0739",
        "connected_reaches": 2,
        "elevation_m": 100.0
      },
      "geometry": {
        "type": "Point",
        "coordinates": [
          99.8246,
          16.2701
        ]
      }
    },
    {
      "type": "Feature",
      "id": "CONF_0740",
      "properties": {
        "confluence_id": "CONF_0740",
        "connected_reaches": 2,
        "elevation_m": 100.0
      },
      "geometry": {
        "type": "Point",
        "coordinates": [
          100.9346,
          19.1654
        ]
      }
    },
    {
      "type": "Feature",
      "id": "CONF_0741",
      "properties": {
        "confluence_id": "CONF_0741",
        "connected_reaches": 2,
        "elevation_m": 100.0
      },
      "geometry": {
        "type": "Point",
        "coordinates": [
          99.7107,
          19.759
        ]
      }
    },
    {
      "type": "Feature",
      "id": "CONF_0742",
      "properties": {
        "confluence_id": "CONF_0742",
        "connected_reaches": 2,
        "elevation_m": 100.0
      },
      "geometry": {
        "type": "Point",
        "coordinates": [
          99.8415,
          19.8609
        ]
      }
    },
    {
      "type": "Feature",
      "id": "CONF_0743",
      "properties": {
        "confluence_id": "CONF_0743",
        "connected_reaches": 2,
        "elevation_m": 100.0
      },
      "geometry": {
        "type": "Point",
        "coordinates": [
          99.8446,
          19.8672
        ]
      }
    },
    {
      "type": "Feature",
      "id": "CONF_0744",
      "properties": {
        "confluence_id": "CONF_0744",
        "connected_reaches": 2,
        "elevation_m": 100.0
      },
      "geometry": {
        "type": "Point",
        "coordinates": [
          101.1739,
          16.3934
        ]
      }
    },
    {
      "type": "Feature",
      "id": "CONF_0745",
      "properties": {
        "confluence_id": "CONF_0745",
        "connected_reaches": 3,
        "elevation_m": 100.0
      },
      "geometry": {
        "type": "Point",
        "coordinates": [
          101.1387,
          15.9998
        ]
      }
    },
    {
      "type": "Feature",
      "id": "CONF_0746",
      "properties": {
        "confluence_id": "CONF_0746",
        "connected_reaches": 3,
        "elevation_m": 100.0
      },
      "geometry": {
        "type": "Point",
        "coordinates": [
          101.1357,
          15.9942
        ]
      }
    },
    {
      "type": "Feature",
      "id": "CONF_0747",
      "properties": {
        "confluence_id": "CONF_0747",
        "connected_reaches": 3,
        "elevation_m": 100.0
      },
      "geometry": {
        "type": "Point",
        "coordinates": [
          101.2008,
          16.6147
        ]
      }
    },
    {
      "type": "Feature",
      "id": "CONF_0748",
      "properties": {
        "confluence_id": "CONF_0748",
        "connected_reaches": 3,
        "elevation_m": 100.0
      },
      "geometry": {
        "type": "Point",
        "coordinates": [
          101.1586,
          16.2193
        ]
      }
    },
    {
      "type": "Feature",
      "id": "CONF_0749",
      "properties": {
        "confluence_id": "CONF_0749",
        "connected_reaches": 2,
        "elevation_m": 100.0
      },
      "geometry": {
        "type": "Point",
        "coordinates": [
          101.468,
          17.0452
        ]
      }
    },
    {
      "type": "Feature",
      "id": "CONF_0750",
      "properties": {
        "confluence_id": "CONF_0750",
        "connected_reaches": 2,
        "elevation_m": 100.0
      },
      "geometry": {
        "type": "Point",
        "coordinates": [
          101.4677,
          17.0451
        ]
      }
    },
    {
      "type": "Feature",
      "id": "CONF_0751",
      "properties": {
        "confluence_id": "CONF_0751",
        "connected_reaches": 2,
        "elevation_m": 100.0
      },
      "geometry": {
        "type": "Point",
        "coordinates": [
          99.483,
          18.1932
        ]
      }
    },
    {
      "type": "Feature",
      "id": "CONF_0752",
      "properties": {
        "confluence_id": "CONF_0752",
        "connected_reaches": 2,
        "elevation_m": 100.0
      },
      "geometry": {
        "type": "Point",
        "coordinates": [
          99.9943,
          19.4128
        ]
      }
    },
    {
      "type": "Feature",
      "id": "CONF_0753",
      "properties": {
        "confluence_id": "CONF_0753",
        "connected_reaches": 2,
        "elevation_m": 100.0
      },
      "geometry": {
        "type": "Point",
        "coordinates": [
          100.1012,
          19.4682
        ]
      }
    },
    {
      "type": "Feature",
      "id": "CONF_0754",
      "properties": {
        "confluence_id": "CONF_0754",
        "connected_reaches": 2,
        "elevation_m": 100.0
      },
      "geometry": {
        "type": "Point",
        "coordinates": [
          101.2113,
          17.9859
        ]
      }
    },
    {
      "type": "Feature",
      "id": "CONF_0755",
      "properties": {
        "confluence_id": "CONF_0755",
        "connected_reaches": 2,
        "elevation_m": 100.0
      },
      "geometry": {
        "type": "Point",
        "coordinates": [
          100.1508,
          16.9496
        ]
      }
    },
    {
      "type": "Feature",
      "id": "CONF_0756",
      "properties": {
        "confluence_id": "CONF_0756",
        "connected_reaches": 2,
        "elevation_m": 100.0
      },
      "geometry": {
        "type": "Point",
        "coordinates": [
          100.2323,
          17.1361
        ]
      }
    },
    {
      "type": "Feature",
      "id": "CONF_0757",
      "properties": {
        "confluence_id": "CONF_0757",
        "connected_reaches": 2,
        "elevation_m": 100.0
      },
      "geometry": {
        "type": "Point",
        "coordinates": [
          100.2931,
          17.0241
        ]
      }
    },
    {
      "type": "Feature",
      "id": "CONF_0758",
      "properties": {
        "confluence_id": "CONF_0758",
        "connected_reaches": 2,
        "elevation_m": 100.0
      },
      "geometry": {
        "type": "Point",
        "coordinates": [
          100.2944,
          17.0194
        ]
      }
    },
    {
      "type": "Feature",
      "id": "CONF_0759",
      "properties": {
        "confluence_id": "CONF_0759",
        "connected_reaches": 2,
        "elevation_m": 100.0
      },
      "geometry": {
        "type": "Point",
        "coordinates": [
          99.7027,
          17.6851
        ]
      }
    },
    {
      "type": "Feature",
      "id": "CONF_0760",
      "properties": {
        "confluence_id": "CONF_0760",
        "connected_reaches": 2,
        "elevation_m": 100.0
      },
      "geometry": {
        "type": "Point",
        "coordinates": [
          100.3661,
          19.4158
        ]
      }
    },
    {
      "type": "Feature",
      "id": "CONF_0761",
      "properties": {
        "confluence_id": "CONF_0761",
        "connected_reaches": 2,
        "elevation_m": 100.0
      },
      "geometry": {
        "type": "Point",
        "coordinates": [
          100.65,
          19.7831
        ]
      }
    },
    {
      "type": "Feature",
      "id": "CONF_0762",
      "properties": {
        "confluence_id": "CONF_0762",
        "connected_reaches": 2,
        "elevation_m": 100.0
      },
      "geometry": {
        "type": "Point",
        "coordinates": [
          101.0312,
          15.8495
        ]
      }
    },
    {
      "type": "Feature",
      "id": "CONF_0763",
      "properties": {
        "confluence_id": "CONF_0763",
        "connected_reaches": 2,
        "elevation_m": 100.0
      },
      "geometry": {
        "type": "Point",
        "coordinates": [
          100.6863,
          19.3684
        ]
      }
    },
    {
      "type": "Feature",
      "id": "CONF_0764",
      "properties": {
        "confluence_id": "CONF_0764",
        "connected_reaches": 2,
        "elevation_m": 100.0
      },
      "geometry": {
        "type": "Point",
        "coordinates": [
          99.8409,
          19.8604
        ]
      }
    },
    {
      "type": "Feature",
      "id": "CONF_0765",
      "properties": {
        "confluence_id": "CONF_0765",
        "connected_reaches": 2,
        "elevation_m": 100.0
      },
      "geometry": {
        "type": "Point",
        "coordinates": [
          100.3925,
          16.8542
        ]
      }
    },
    {
      "type": "Feature",
      "id": "CONF_0766",
      "properties": {
        "confluence_id": "CONF_0766",
        "connected_reaches": 2,
        "elevation_m": 100.0
      },
      "geometry": {
        "type": "Point",
        "coordinates": [
          100.3914,
          17.8153
        ]
      }
    },
    {
      "type": "Feature",
      "id": "CONF_0767",
      "properties": {
        "confluence_id": "CONF_0767",
        "connected_reaches": 2,
        "elevation_m": 100.0
      },
      "geometry": {
        "type": "Point",
        "coordinates": [
          101.2617,
          17.9281
        ]
      }
    },
    {
      "type": "Feature",
      "id": "CONF_0768",
      "properties": {
        "confluence_id": "CONF_0768",
        "connected_reaches": 2,
        "elevation_m": 100.0
      },
      "geometry": {
        "type": "Point",
        "coordinates": [
          100.3156,
          16.8678
        ]
      }
    },
    {
      "type": "Feature",
      "id": "CONF_0769",
      "properties": {
        "confluence_id": "CONF_0769",
        "connected_reaches": 2,
        "elevation_m": 100.0
      },
      "geometry": {
        "type": "Point",
        "coordinates": [
          100.3324,
          16.8733
        ]
      }
    },
    {
      "type": "Feature",
      "id": "CONF_0770",
      "properties": {
        "confluence_id": "CONF_0770",
        "connected_reaches": 2,
        "elevation_m": 100.0
      },
      "geometry": {
        "type": "Point",
        "coordinates": [
          100.2987,
          16.9635
        ]
      }
    },
    {
      "type": "Feature",
      "id": "CONF_0771",
      "properties": {
        "confluence_id": "CONF_0771",
        "connected_reaches": 2,
        "elevation_m": 100.0
      },
      "geometry": {
        "type": "Point",
        "coordinates": [
          100.3011,
          16.95
        ]
      }
    },
    {
      "type": "Feature",
      "id": "CONF_0772",
      "properties": {
        "confluence_id": "CONF_0772",
        "connected_reaches": 2,
        "elevation_m": 100.0
      },
      "geometry": {
        "type": "Point",
        "coordinates": [
          100.3318,
          16.8733
        ]
      }
    },
    {
      "type": "Feature",
      "id": "CONF_0773",
      "properties": {
        "confluence_id": "CONF_0773",
        "connected_reaches": 2,
        "elevation_m": 100.0
      },
      "geometry": {
        "type": "Point",
        "coordinates": [
          100.3018,
          16.9499
        ]
      }
    },
    {
      "type": "Feature",
      "id": "CONF_0774",
      "properties": {
        "confluence_id": "CONF_0774",
        "connected_reaches": 2,
        "elevation_m": 100.0
      },
      "geometry": {
        "type": "Point",
        "coordinates": [
          100.2958,
          16.9119
        ]
      }
    },
    {
      "type": "Feature",
      "id": "CONF_0775",
      "properties": {
        "confluence_id": "CONF_0775",
        "connected_reaches": 2,
        "elevation_m": 100.0
      },
      "geometry": {
        "type": "Point",
        "coordinates": [
          100.2965,
          16.912
        ]
      }
    },
    {
      "type": "Feature",
      "id": "CONF_0776",
      "properties": {
        "confluence_id": "CONF_0776",
        "connected_reaches": 2,
        "elevation_m": 100.0
      },
      "geometry": {
        "type": "Point",
        "coordinates": [
          100.2992,
          16.9636
        ]
      }
    },
    {
      "type": "Feature",
      "id": "CONF_0777",
      "properties": {
        "confluence_id": "CONF_0777",
        "connected_reaches": 2,
        "elevation_m": 100.0
      },
      "geometry": {
        "type": "Point",
        "coordinates": [
          100.4137,
          17.1859
        ]
      }
    },
    {
      "type": "Feature",
      "id": "CONF_0778",
      "properties": {
        "confluence_id": "CONF_0778",
        "connected_reaches": 2,
        "elevation_m": 100.0
      },
      "geometry": {
        "type": "Point",
        "coordinates": [
          99.4641,
          18.3192
        ]
      }
    },
    {
      "type": "Feature",
      "id": "CONF_0779",
      "properties": {
        "confluence_id": "CONF_0779",
        "connected_reaches": 2,
        "elevation_m": 100.0
      },
      "geometry": {
        "type": "Point",
        "coordinates": [
          100.899,
          16.9531
        ]
      }
    },
    {
      "type": "Feature",
      "id": "CONF_0780",
      "properties": {
        "confluence_id": "CONF_0780",
        "connected_reaches": 2,
        "elevation_m": 100.0
      },
      "geometry": {
        "type": "Point",
        "coordinates": [
          99.8196,
          16.3171
        ]
      }
    },
    {
      "type": "Feature",
      "id": "CONF_0781",
      "properties": {
        "confluence_id": "CONF_0781",
        "connected_reaches": 2,
        "elevation_m": 100.0
      },
      "geometry": {
        "type": "Point",
        "coordinates": [
          99.5897,
          18.7021
        ]
      }
    },
    {
      "type": "Feature",
      "id": "CONF_0782",
      "properties": {
        "confluence_id": "CONF_0782",
        "connected_reaches": 2,
        "elevation_m": 100.0
      },
      "geometry": {
        "type": "Point",
        "coordinates": [
          99.5902,
          18.7023
        ]
      }
    },
    {
      "type": "Feature",
      "id": "CONF_0783",
      "properties": {
        "confluence_id": "CONF_0783",
        "connected_reaches": 2,
        "elevation_m": 100.0
      },
      "geometry": {
        "type": "Point",
        "coordinates": [
          99.8583,
          19.8706
        ]
      }
    },
    {
      "type": "Feature",
      "id": "CONF_0784",
      "properties": {
        "confluence_id": "CONF_0784",
        "connected_reaches": 2,
        "elevation_m": 100.0
      },
      "geometry": {
        "type": "Point",
        "coordinates": [
          100.3713,
          16.6831
        ]
      }
    },
    {
      "type": "Feature",
      "id": "CONF_0785",
      "properties": {
        "confluence_id": "CONF_0785",
        "connected_reaches": 2,
        "elevation_m": 100.0
      },
      "geometry": {
        "type": "Point",
        "coordinates": [
          100.372,
          16.6831
        ]
      }
    },
    {
      "type": "Feature",
      "id": "CONF_0786",
      "properties": {
        "confluence_id": "CONF_0786",
        "connected_reaches": 2,
        "elevation_m": 100.0
      },
      "geometry": {
        "type": "Point",
        "coordinates": [
          100.2976,
          16.7061
        ]
      }
    },
    {
      "type": "Feature",
      "id": "CONF_0787",
      "properties": {
        "confluence_id": "CONF_0787",
        "connected_reaches": 3,
        "elevation_m": 100.0
      },
      "geometry": {
        "type": "Point",
        "coordinates": [
          100.3085,
          16.7343
        ]
      }
    },
    {
      "type": "Feature",
      "id": "CONF_0788",
      "properties": {
        "confluence_id": "CONF_0788",
        "connected_reaches": 2,
        "elevation_m": 100.0
      },
      "geometry": {
        "type": "Point",
        "coordinates": [
          100.9891,
          18.9985
        ]
      }
    },
    {
      "type": "Feature",
      "id": "CONF_0789",
      "properties": {
        "confluence_id": "CONF_0789",
        "connected_reaches": 2,
        "elevation_m": 100.0
      },
      "geometry": {
        "type": "Point",
        "coordinates": [
          99.8164,
          16.6339
        ]
      }
    },
    {
      "type": "Feature",
      "id": "CONF_0790",
      "properties": {
        "confluence_id": "CONF_0790",
        "connected_reaches": 2,
        "elevation_m": 100.0
      },
      "geometry": {
        "type": "Point",
        "coordinates": [
          99.8994,
          16.6435
        ]
      }
    },
    {
      "type": "Feature",
      "id": "CONF_0791",
      "properties": {
        "confluence_id": "CONF_0791",
        "connected_reaches": 3,
        "elevation_m": 100.0
      },
      "geometry": {
        "type": "Point",
        "coordinates": [
          99.9579,
          16.6565
        ]
      }
    },
    {
      "type": "Feature",
      "id": "CONF_0792",
      "properties": {
        "confluence_id": "CONF_0792",
        "connected_reaches": 2,
        "elevation_m": 100.0
      },
      "geometry": {
        "type": "Point",
        "coordinates": [
          100.1233,
          16.1559
        ]
      }
    },
    {
      "type": "Feature",
      "id": "CONF_0793",
      "properties": {
        "confluence_id": "CONF_0793",
        "connected_reaches": 2,
        "elevation_m": 100.0
      },
      "geometry": {
        "type": "Point",
        "coordinates": [
          100.2883,
          16.6336
        ]
      }
    },
    {
      "type": "Feature",
      "id": "CONF_0794",
      "properties": {
        "confluence_id": "CONF_0794",
        "connected_reaches": 2,
        "elevation_m": 100.0
      },
      "geometry": {
        "type": "Point",
        "coordinates": [
          100.2336,
          18.2145
        ]
      }
    },
    {
      "type": "Feature",
      "id": "CONF_0795",
      "properties": {
        "confluence_id": "CONF_0795",
        "connected_reaches": 2,
        "elevation_m": 100.0
      },
      "geometry": {
        "type": "Point",
        "coordinates": [
          100.2323,
          18.2116
        ]
      }
    },
    {
      "type": "Feature",
      "id": "CONF_0796",
      "properties": {
        "confluence_id": "CONF_0796",
        "connected_reaches": 2,
        "elevation_m": 100.0
      },
      "geometry": {
        "type": "Point",
        "coordinates": [
          100.2241,
          18.1961
        ]
      }
    },
    {
      "type": "Feature",
      "id": "CONF_0797",
      "properties": {
        "confluence_id": "CONF_0797",
        "connected_reaches": 2,
        "elevation_m": 100.0
      },
      "geometry": {
        "type": "Point",
        "coordinates": [
          100.2407,
          18.202
        ]
      }
    },
    {
      "type": "Feature",
      "id": "CONF_0798",
      "properties": {
        "confluence_id": "CONF_0798",
        "connected_reaches": 2,
        "elevation_m": 100.0
      },
      "geometry": {
        "type": "Point",
        "coordinates": [
          100.2402,
          18.2023
        ]
      }
    },
    {
      "type": "Feature",
      "id": "CONF_0799",
      "properties": {
        "confluence_id": "CONF_0799",
        "connected_reaches": 4,
        "elevation_m": 100.0
      },
      "geometry": {
        "type": "Point",
        "coordinates": [
          100.2339,
          18.2112
        ]
      }
    },
    {
      "type": "Feature",
      "id": "CONF_0800",
      "properties": {
        "confluence_id": "CONF_0800",
        "connected_reaches": 2,
        "elevation_m": 100.0
      },
      "geometry": {
        "type": "Point",
        "coordinates": [
          99.9215,
          15.8885
        ]
      }
    },
    {
      "type": "Feature",
      "id": "CONF_0801",
      "properties": {
        "confluence_id": "CONF_0801",
        "connected_reaches": 2,
        "elevation_m": 100.0
      },
      "geometry": {
        "type": "Point",
        "coordinates": [
          99.485,
          16.4278
        ]
      }
    },
    {
      "type": "Feature",
      "id": "CONF_0802",
      "properties": {
        "confluence_id": "CONF_0802",
        "connected_reaches": 2,
        "elevation_m": 100.0
      },
      "geometry": {
        "type": "Point",
        "coordinates": [
          99.5117,
          16.4122
        ]
      }
    },
    {
      "type": "Feature",
      "id": "CONF_0803",
      "properties": {
        "confluence_id": "CONF_0803",
        "connected_reaches": 2,
        "elevation_m": 100.0
      },
      "geometry": {
        "type": "Point",
        "coordinates": [
          101.5105,
          18.8515
        ]
      }
    },
    {
      "type": "Feature",
      "id": "CONF_0804",
      "properties": {
        "confluence_id": "CONF_0804",
        "connected_reaches": 2,
        "elevation_m": 100.0
      },
      "geometry": {
        "type": "Point",
        "coordinates": [
          100.2585,
          18.1937
        ]
      }
    },
    {
      "type": "Feature",
      "id": "CONF_0805",
      "properties": {
        "confluence_id": "CONF_0805",
        "connected_reaches": 2,
        "elevation_m": 100.0
      },
      "geometry": {
        "type": "Point",
        "coordinates": [
          100.2573,
          18.1918
        ]
      }
    },
    {
      "type": "Feature",
      "id": "CONF_0806",
      "properties": {
        "confluence_id": "CONF_0806",
        "connected_reaches": 2,
        "elevation_m": 100.0
      },
      "geometry": {
        "type": "Point",
        "coordinates": [
          100.2607,
          18.1974
        ]
      }
    },
    {
      "type": "Feature",
      "id": "CONF_0807",
      "properties": {
        "confluence_id": "CONF_0807",
        "connected_reaches": 2,
        "elevation_m": 100.0
      },
      "geometry": {
        "type": "Point",
        "coordinates": [
          101.5285,
          19.2669
        ]
      }
    },
    {
      "type": "Feature",
      "id": "CONF_0808",
      "properties": {
        "confluence_id": "CONF_0808",
        "connected_reaches": 2,
        "elevation_m": 100.0
      },
      "geometry": {
        "type": "Point",
        "coordinates": [
          101.3793,
          18.3671
        ]
      }
    },
    {
      "type": "Feature",
      "id": "CONF_0809",
      "properties": {
        "confluence_id": "CONF_0809",
        "connected_reaches": 4,
        "elevation_m": 100.0
      },
      "geometry": {
        "type": "Point",
        "coordinates": [
          101.4052,
          18.4255
        ]
      }
    },
    {
      "type": "Feature",
      "id": "CONF_0810",
      "properties": {
        "confluence_id": "CONF_0810",
        "connected_reaches": 2,
        "elevation_m": 100.0
      },
      "geometry": {
        "type": "Point",
        "coordinates": [
          100.2936,
          17.0237
        ]
      }
    },
    {
      "type": "Feature",
      "id": "CONF_0811",
      "properties": {
        "confluence_id": "CONF_0811",
        "connected_reaches": 2,
        "elevation_m": 100.0
      },
      "geometry": {
        "type": "Point",
        "coordinates": [
          100.9228,
          16.2019
        ]
      }
    },
    {
      "type": "Feature",
      "id": "CONF_0812",
      "properties": {
        "confluence_id": "CONF_0812",
        "connected_reaches": 2,
        "elevation_m": 100.0
      },
      "geometry": {
        "type": "Point",
        "coordinates": [
          100.928,
          16.2101
        ]
      }
    },
    {
      "type": "Feature",
      "id": "CONF_0813",
      "properties": {
        "confluence_id": "CONF_0813",
        "connected_reaches": 2,
        "elevation_m": 100.0
      },
      "geometry": {
        "type": "Point",
        "coordinates": [
          100.56,
          16.4013
        ]
      }
    },
    {
      "type": "Feature",
      "id": "CONF_0814",
      "properties": {
        "confluence_id": "CONF_0814",
        "connected_reaches": 2,
        "elevation_m": 100.0
      },
      "geometry": {
        "type": "Point",
        "coordinates": [
          100.5323,
          16.3947
        ]
      }
    },
    {
      "type": "Feature",
      "id": "CONF_0815",
      "properties": {
        "confluence_id": "CONF_0815",
        "connected_reaches": 2,
        "elevation_m": 100.0
      },
      "geometry": {
        "type": "Point",
        "coordinates": [
          100.5392,
          16.4096
        ]
      }
    },
    {
      "type": "Feature",
      "id": "CONF_0816",
      "properties": {
        "confluence_id": "CONF_0816",
        "connected_reaches": 2,
        "elevation_m": 100.0
      },
      "geometry": {
        "type": "Point",
        "coordinates": [
          100.5387,
          16.409
        ]
      }
    },
    {
      "type": "Feature",
      "id": "CONF_0817",
      "properties": {
        "confluence_id": "CONF_0817",
        "connected_reaches": 2,
        "elevation_m": 100.0
      },
      "geometry": {
        "type": "Point",
        "coordinates": [
          100.3483,
          15.9775
        ]
      }
    },
    {
      "type": "Feature",
      "id": "CONF_0818",
      "properties": {
        "confluence_id": "CONF_0818",
        "connected_reaches": 2,
        "elevation_m": 100.0
      },
      "geometry": {
        "type": "Point",
        "coordinates": [
          99.8129,
          16.348
        ]
      }
    },
    {
      "type": "Feature",
      "id": "CONF_0819",
      "properties": {
        "confluence_id": "CONF_0819",
        "connected_reaches": 2,
        "elevation_m": 100.0
      },
      "geometry": {
        "type": "Point",
        "coordinates": [
          101.4843,
          19.1301
        ]
      }
    },
    {
      "type": "Feature",
      "id": "CONF_0820",
      "properties": {
        "confluence_id": "CONF_0820",
        "connected_reaches": 2,
        "elevation_m": 100.0
      },
      "geometry": {
        "type": "Point",
        "coordinates": [
          100.9415,
          16.6824
        ]
      }
    },
    {
      "type": "Feature",
      "id": "CONF_0821",
      "properties": {
        "confluence_id": "CONF_0821",
        "connected_reaches": 3,
        "elevation_m": 100.0
      },
      "geometry": {
        "type": "Point",
        "coordinates": [
          100.9034,
          16.802
        ]
      }
    },
    {
      "type": "Feature",
      "id": "CONF_0822",
      "properties": {
        "confluence_id": "CONF_0822",
        "connected_reaches": 2,
        "elevation_m": 100.0
      },
      "geometry": {
        "type": "Point",
        "coordinates": [
          100.0435,
          17.982
        ]
      }
    },
    {
      "type": "Feature",
      "id": "CONF_0823",
      "properties": {
        "confluence_id": "CONF_0823",
        "connected_reaches": 2,
        "elevation_m": 100.0
      },
      "geometry": {
        "type": "Point",
        "coordinates": [
          99.8637,
          19.878
        ]
      }
    },
    {
      "type": "Feature",
      "id": "CONF_0824",
      "properties": {
        "confluence_id": "CONF_0824",
        "connected_reaches": 2,
        "elevation_m": 100.0
      },
      "geometry": {
        "type": "Point",
        "coordinates": [
          99.869,
          19.8849
        ]
      }
    },
    {
      "type": "Feature",
      "id": "CONF_0825",
      "properties": {
        "confluence_id": "CONF_0825",
        "connected_reaches": 2,
        "elevation_m": 100.0
      },
      "geometry": {
        "type": "Point",
        "coordinates": [
          99.8732,
          19.8734
        ]
      }
    },
    {
      "type": "Feature",
      "id": "CONF_0826",
      "properties": {
        "confluence_id": "CONF_0826",
        "connected_reaches": 3,
        "elevation_m": 100.0
      },
      "geometry": {
        "type": "Point",
        "coordinates": [
          99.8768,
          19.8936
        ]
      }
    },
    {
      "type": "Feature",
      "id": "CONF_0827",
      "properties": {
        "confluence_id": "CONF_0827",
        "connected_reaches": 2,
        "elevation_m": 100.0
      },
      "geometry": {
        "type": "Point",
        "coordinates": [
          99.8838,
          19.8823
        ]
      }
    },
    {
      "type": "Feature",
      "id": "CONF_0828",
      "properties": {
        "confluence_id": "CONF_0828",
        "connected_reaches": 2,
        "elevation_m": 100.0
      },
      "geometry": {
        "type": "Point",
        "coordinates": [
          99.8887,
          19.9031
        ]
      }
    },
    {
      "type": "Feature",
      "id": "CONF_0829",
      "properties": {
        "confluence_id": "CONF_0829",
        "connected_reaches": 2,
        "elevation_m": 100.0
      },
      "geometry": {
        "type": "Point",
        "coordinates": [
          99.867,
          19.8931
        ]
      }
    },
    {
      "type": "Feature",
      "id": "CONF_0830",
      "properties": {
        "confluence_id": "CONF_0830",
        "connected_reaches": 2,
        "elevation_m": 100.0
      },
      "geometry": {
        "type": "Point",
        "coordinates": [
          99.9324,
          18.1116
        ]
      }
    },
    {
      "type": "Feature",
      "id": "CONF_0831",
      "properties": {
        "confluence_id": "CONF_0831",
        "connected_reaches": 2,
        "elevation_m": 100.0
      },
      "geometry": {
        "type": "Point",
        "coordinates": [
          99.8883,
          19.9097
        ]
      }
    },
    {
      "type": "Feature",
      "id": "CONF_0832",
      "properties": {
        "confluence_id": "CONF_0832",
        "connected_reaches": 3,
        "elevation_m": 100.0
      },
      "geometry": {
        "type": "Point",
        "coordinates": [
          99.8028,
          19.8764
        ]
      }
    },
    {
      "type": "Feature",
      "id": "CONF_0833",
      "properties": {
        "confluence_id": "CONF_0833",
        "connected_reaches": 2,
        "elevation_m": 100.0
      },
      "geometry": {
        "type": "Point",
        "coordinates": [
          99.8461,
          19.8783
        ]
      }
    },
    {
      "type": "Feature",
      "id": "CONF_0834",
      "properties": {
        "confluence_id": "CONF_0834",
        "connected_reaches": 2,
        "elevation_m": 100.0
      },
      "geometry": {
        "type": "Point",
        "coordinates": [
          99.8293,
          19.895
        ]
      }
    },
    {
      "type": "Feature",
      "id": "CONF_0835",
      "properties": {
        "confluence_id": "CONF_0835",
        "connected_reaches": 2,
        "elevation_m": 100.0
      },
      "geometry": {
        "type": "Point",
        "coordinates": [
          99.8392,
          19.897
        ]
      }
    },
    {
      "type": "Feature",
      "id": "CONF_0836",
      "properties": {
        "confluence_id": "CONF_0836",
        "connected_reaches": 2,
        "elevation_m": 100.0
      },
      "geometry": {
        "type": "Point",
        "coordinates": [
          99.8334,
          19.8805
        ]
      }
    },
    {
      "type": "Feature",
      "id": "CONF_0837",
      "properties": {
        "confluence_id": "CONF_0837",
        "connected_reaches": 2,
        "elevation_m": 100.0
      },
      "geometry": {
        "type": "Point",
        "coordinates": [
          99.8338,
          19.88
        ]
      }
    },
    {
      "type": "Feature",
      "id": "CONF_0838",
      "properties": {
        "confluence_id": "CONF_0838",
        "connected_reaches": 2,
        "elevation_m": 100.0
      },
      "geometry": {
        "type": "Point",
        "coordinates": [
          99.8174,
          19.9394
        ]
      }
    },
    {
      "type": "Feature",
      "id": "CONF_0839",
      "properties": {
        "confluence_id": "CONF_0839",
        "connected_reaches": 2,
        "elevation_m": 100.0
      },
      "geometry": {
        "type": "Point",
        "coordinates": [
          100.3404,
          18.2637
        ]
      }
    },
    {
      "type": "Feature",
      "id": "CONF_0840",
      "properties": {
        "confluence_id": "CONF_0840",
        "connected_reaches": 2,
        "elevation_m": 100.0
      },
      "geometry": {
        "type": "Point",
        "coordinates": [
          100.2712,
          17.65
        ]
      }
    },
    {
      "type": "Feature",
      "id": "CONF_0841",
      "properties": {
        "confluence_id": "CONF_0841",
        "connected_reaches": 2,
        "elevation_m": 100.0
      },
      "geometry": {
        "type": "Point",
        "coordinates": [
          100.2675,
          17.6463
        ]
      }
    },
    {
      "type": "Feature",
      "id": "CONF_0842",
      "properties": {
        "confluence_id": "CONF_0842",
        "connected_reaches": 3,
        "elevation_m": 100.0
      },
      "geometry": {
        "type": "Point",
        "coordinates": [
          99.7803,
          19.8344
        ]
      }
    },
    {
      "type": "Feature",
      "id": "CONF_0843",
      "properties": {
        "confluence_id": "CONF_0843",
        "connected_reaches": 2,
        "elevation_m": 100.0
      },
      "geometry": {
        "type": "Point",
        "coordinates": [
          100.2295,
          19.8937
        ]
      }
    },
    {
      "type": "Feature",
      "id": "CONF_0844",
      "properties": {
        "confluence_id": "CONF_0844",
        "connected_reaches": 2,
        "elevation_m": 100.0
      },
      "geometry": {
        "type": "Point",
        "coordinates": [
          99.9515,
          19.1344
        ]
      }
    },
    {
      "type": "Feature",
      "id": "CONF_0845",
      "properties": {
        "confluence_id": "CONF_0845",
        "connected_reaches": 2,
        "elevation_m": 100.0
      },
      "geometry": {
        "type": "Point",
        "coordinates": [
          99.9505,
          19.1352
        ]
      }
    },
    {
      "type": "Feature",
      "id": "CONF_0846",
      "properties": {
        "confluence_id": "CONF_0846",
        "connected_reaches": 2,
        "elevation_m": 100.0
      },
      "geometry": {
        "type": "Point",
        "coordinates": [
          100.0879,
          17.5893
        ]
      }
    },
    {
      "type": "Feature",
      "id": "CONF_0847",
      "properties": {
        "confluence_id": "CONF_0847",
        "connected_reaches": 2,
        "elevation_m": 100.0
      },
      "geometry": {
        "type": "Point",
        "coordinates": [
          99.6257,
          16.6028
        ]
      }
    },
    {
      "type": "Feature",
      "id": "CONF_0848",
      "properties": {
        "confluence_id": "CONF_0848",
        "connected_reaches": 2,
        "elevation_m": 100.0
      },
      "geometry": {
        "type": "Point",
        "coordinates": [
          99.6259,
          16.6024
        ]
      }
    },
    {
      "type": "Feature",
      "id": "CONF_0849",
      "properties": {
        "confluence_id": "CONF_0849",
        "connected_reaches": 3,
        "elevation_m": 100.0
      },
      "geometry": {
        "type": "Point",
        "coordinates": [
          99.7905,
          17.3033
        ]
      }
    },
    {
      "type": "Feature",
      "id": "CONF_0850",
      "properties": {
        "confluence_id": "CONF_0850",
        "connected_reaches": 2,
        "elevation_m": 100.0
      },
      "geometry": {
        "type": "Point",
        "coordinates": [
          100.4204,
          19.3088
        ]
      }
    },
    {
      "type": "Feature",
      "id": "CONF_0851",
      "properties": {
        "confluence_id": "CONF_0851",
        "connected_reaches": 2,
        "elevation_m": 100.0
      },
      "geometry": {
        "type": "Point",
        "coordinates": [
          100.4037,
          19.304
        ]
      }
    },
    {
      "type": "Feature",
      "id": "CONF_0852",
      "properties": {
        "confluence_id": "CONF_0852",
        "connected_reaches": 2,
        "elevation_m": 100.0
      },
      "geometry": {
        "type": "Point",
        "coordinates": [
          101.2641,
          18.2378
        ]
      }
    },
    {
      "type": "Feature",
      "id": "CONF_0853",
      "properties": {
        "confluence_id": "CONF_0853",
        "connected_reaches": 2,
        "elevation_m": 100.0
      },
      "geometry": {
        "type": "Point",
        "coordinates": [
          101.335,
          18.3106
        ]
      }
    },
    {
      "type": "Feature",
      "id": "CONF_0854",
      "properties": {
        "confluence_id": "CONF_0854",
        "connected_reaches": 3,
        "elevation_m": 100.0
      },
      "geometry": {
        "type": "Point",
        "coordinates": [
          100.3175,
          19.763
        ]
      }
    },
    {
      "type": "Feature",
      "id": "CONF_0855",
      "properties": {
        "confluence_id": "CONF_0855",
        "connected_reaches": 2,
        "elevation_m": 100.0
      },
      "geometry": {
        "type": "Point",
        "coordinates": [
          100.198,
          19.5241
        ]
      }
    },
    {
      "type": "Feature",
      "id": "CONF_0856",
      "properties": {
        "confluence_id": "CONF_0856",
        "connected_reaches": 2,
        "elevation_m": 100.0
      },
      "geometry": {
        "type": "Point",
        "coordinates": [
          100.201,
          19.5066
        ]
      }
    },
    {
      "type": "Feature",
      "id": "CONF_0857",
      "properties": {
        "confluence_id": "CONF_0857",
        "connected_reaches": 2,
        "elevation_m": 100.0
      },
      "geometry": {
        "type": "Point",
        "coordinates": [
          101.5027,
          15.8899
        ]
      }
    },
    {
      "type": "Feature",
      "id": "CONF_0858",
      "properties": {
        "confluence_id": "CONF_0858",
        "connected_reaches": 2,
        "elevation_m": 100.0
      },
      "geometry": {
        "type": "Point",
        "coordinates": [
          101.4946,
          15.9035
        ]
      }
    },
    {
      "type": "Feature",
      "id": "CONF_0859",
      "properties": {
        "confluence_id": "CONF_0859",
        "connected_reaches": 2,
        "elevation_m": 100.0
      },
      "geometry": {
        "type": "Point",
        "coordinates": [
          100.0104,
          18.7695
        ]
      }
    },
    {
      "type": "Feature",
      "id": "CONF_0860",
      "properties": {
        "confluence_id": "CONF_0860",
        "connected_reaches": 2,
        "elevation_m": 100.0
      },
      "geometry": {
        "type": "Point",
        "coordinates": [
          101.1801,
          19.2741
        ]
      }
    },
    {
      "type": "Feature",
      "id": "CONF_0861",
      "properties": {
        "confluence_id": "CONF_0861",
        "connected_reaches": 2,
        "elevation_m": 100.0
      },
      "geometry": {
        "type": "Point",
        "coordinates": [
          99.7184,
          17.732
        ]
      }
    },
    {
      "type": "Feature",
      "id": "CONF_0862",
      "properties": {
        "confluence_id": "CONF_0862",
        "connected_reaches": 2,
        "elevation_m": 100.0
      },
      "geometry": {
        "type": "Point",
        "coordinates": [
          99.8111,
          17.804
        ]
      }
    },
    {
      "type": "Feature",
      "id": "CONF_0863",
      "properties": {
        "confluence_id": "CONF_0863",
        "connected_reaches": 3,
        "elevation_m": 100.0
      },
      "geometry": {
        "type": "Point",
        "coordinates": [
          99.8143,
          19.8579
        ]
      }
    },
    {
      "type": "Feature",
      "id": "CONF_0864",
      "properties": {
        "confluence_id": "CONF_0864",
        "connected_reaches": 2,
        "elevation_m": 100.0
      },
      "geometry": {
        "type": "Point",
        "coordinates": [
          99.8103,
          19.8672
        ]
      }
    },
    {
      "type": "Feature",
      "id": "CONF_0865",
      "properties": {
        "confluence_id": "CONF_0865",
        "connected_reaches": 2,
        "elevation_m": 100.0
      },
      "geometry": {
        "type": "Point",
        "coordinates": [
          99.857,
          19.9375
        ]
      }
    },
    {
      "type": "Feature",
      "id": "CONF_0866",
      "properties": {
        "confluence_id": "CONF_0866",
        "connected_reaches": 2,
        "elevation_m": 100.0
      },
      "geometry": {
        "type": "Point",
        "coordinates": [
          99.8543,
          19.9317
        ]
      }
    },
    {
      "type": "Feature",
      "id": "CONF_0867",
      "properties": {
        "confluence_id": "CONF_0867",
        "connected_reaches": 2,
        "elevation_m": 100.0
      },
      "geometry": {
        "type": "Point",
        "coordinates": [
          99.8627,
          19.9307
        ]
      }
    },
    {
      "type": "Feature",
      "id": "CONF_0868",
      "properties": {
        "confluence_id": "CONF_0868",
        "connected_reaches": 2,
        "elevation_m": 100.0
      },
      "geometry": {
        "type": "Point",
        "coordinates": [
          99.8619,
          19.93
        ]
      }
    },
    {
      "type": "Feature",
      "id": "CONF_0869",
      "properties": {
        "confluence_id": "CONF_0869",
        "connected_reaches": 2,
        "elevation_m": 100.0
      },
      "geometry": {
        "type": "Point",
        "coordinates": [
          100.2027,
          17.6387
        ]
      }
    },
    {
      "type": "Feature",
      "id": "CONF_0870",
      "properties": {
        "confluence_id": "CONF_0870",
        "connected_reaches": 2,
        "elevation_m": 100.0
      },
      "geometry": {
        "type": "Point",
        "coordinates": [
          100.2009,
          17.6401
        ]
      }
    },
    {
      "type": "Feature",
      "id": "CONF_0871",
      "properties": {
        "confluence_id": "CONF_0871",
        "connected_reaches": 2,
        "elevation_m": 100.0
      },
      "geometry": {
        "type": "Point",
        "coordinates": [
          99.8791,
          19.9404
        ]
      }
    },
    {
      "type": "Feature",
      "id": "CONF_0872",
      "properties": {
        "confluence_id": "CONF_0872",
        "connected_reaches": 2,
        "elevation_m": 100.0
      },
      "geometry": {
        "type": "Point",
        "coordinates": [
          99.9572,
          19.0083
        ]
      }
    },
    {
      "type": "Feature",
      "id": "CONF_0873",
      "properties": {
        "confluence_id": "CONF_0873",
        "connected_reaches": 2,
        "elevation_m": 100.0
      },
      "geometry": {
        "type": "Point",
        "coordinates": [
          100.1864,
          19.9113
        ]
      }
    },
    {
      "type": "Feature",
      "id": "CONF_0874",
      "properties": {
        "confluence_id": "CONF_0874",
        "connected_reaches": 2,
        "elevation_m": 100.0
      },
      "geometry": {
        "type": "Point",
        "coordinates": [
          100.2287,
          19.8943
        ]
      }
    },
    {
      "type": "Feature",
      "id": "CONF_0875",
      "properties": {
        "confluence_id": "CONF_0875",
        "connected_reaches": 2,
        "elevation_m": 100.0
      },
      "geometry": {
        "type": "Point",
        "coordinates": [
          101.3048,
          18.8012
        ]
      }
    },
    {
      "type": "Feature",
      "id": "CONF_0876",
      "properties": {
        "confluence_id": "CONF_0876",
        "connected_reaches": 2,
        "elevation_m": 100.0
      },
      "geometry": {
        "type": "Point",
        "coordinates": [
          101.1848,
          18.4039
        ]
      }
    },
    {
      "type": "Feature",
      "id": "CONF_0877",
      "properties": {
        "confluence_id": "CONF_0877",
        "connected_reaches": 2,
        "elevation_m": 100.0
      },
      "geometry": {
        "type": "Point",
        "coordinates": [
          101.172,
          18.4055
        ]
      }
    },
    {
      "type": "Feature",
      "id": "CONF_0878",
      "properties": {
        "confluence_id": "CONF_0878",
        "connected_reaches": 2,
        "elevation_m": 100.0
      },
      "geometry": {
        "type": "Point",
        "coordinates": [
          101.0702,
          17.5463
        ]
      }
    },
    {
      "type": "Feature",
      "id": "CONF_0879",
      "properties": {
        "confluence_id": "CONF_0879",
        "connected_reaches": 2,
        "elevation_m": 100.0
      },
      "geometry": {
        "type": "Point",
        "coordinates": [
          99.8396,
          17.2732
        ]
      }
    },
    {
      "type": "Feature",
      "id": "CONF_0880",
      "properties": {
        "confluence_id": "CONF_0880",
        "connected_reaches": 2,
        "elevation_m": 100.0
      },
      "geometry": {
        "type": "Point",
        "coordinates": [
          100.8365,
          19.92
        ]
      }
    },
    {
      "type": "Feature",
      "id": "CONF_0881",
      "properties": {
        "confluence_id": "CONF_0881",
        "connected_reaches": 2,
        "elevation_m": 100.0
      },
      "geometry": {
        "type": "Point",
        "coordinates": [
          100.846,
          19.9236
        ]
      }
    },
    {
      "type": "Feature",
      "id": "CONF_0882",
      "properties": {
        "confluence_id": "CONF_0882",
        "connected_reaches": 2,
        "elevation_m": 100.0
      },
      "geometry": {
        "type": "Point",
        "coordinates": [
          100.8536,
          19.9271
        ]
      }
    },
    {
      "type": "Feature",
      "id": "CONF_0883",
      "properties": {
        "confluence_id": "CONF_0883",
        "connected_reaches": 2,
        "elevation_m": 100.0
      },
      "geometry": {
        "type": "Point",
        "coordinates": [
          100.8556,
          19.9297
        ]
      }
    },
    {
      "type": "Feature",
      "id": "CONF_0884",
      "properties": {
        "confluence_id": "CONF_0884",
        "connected_reaches": 2,
        "elevation_m": 100.0
      },
      "geometry": {
        "type": "Point",
        "coordinates": [
          100.8665,
          19.9127
        ]
      }
    },
    {
      "type": "Feature",
      "id": "CONF_0885",
      "properties": {
        "confluence_id": "CONF_0885",
        "connected_reaches": 2,
        "elevation_m": 100.0
      },
      "geometry": {
        "type": "Point",
        "coordinates": [
          100.8666,
          19.9095
        ]
      }
    },
    {
      "type": "Feature",
      "id": "CONF_0886",
      "properties": {
        "confluence_id": "CONF_0886",
        "connected_reaches": 2,
        "elevation_m": 100.0
      },
      "geometry": {
        "type": "Point",
        "coordinates": [
          100.8588,
          19.9301
        ]
      }
    },
    {
      "type": "Feature",
      "id": "CONF_0887",
      "properties": {
        "confluence_id": "CONF_0887",
        "connected_reaches": 2,
        "elevation_m": 100.0
      },
      "geometry": {
        "type": "Point",
        "coordinates": [
          100.7365,
          19.9416
        ]
      }
    },
    {
      "type": "Feature",
      "id": "CONF_0888",
      "properties": {
        "confluence_id": "CONF_0888",
        "connected_reaches": 2,
        "elevation_m": 100.0
      },
      "geometry": {
        "type": "Point",
        "coordinates": [
          100.1671,
          17.7724
        ]
      }
    },
    {
      "type": "Feature",
      "id": "CONF_0889",
      "properties": {
        "confluence_id": "CONF_0889",
        "connected_reaches": 2,
        "elevation_m": 100.0
      },
      "geometry": {
        "type": "Point",
        "coordinates": [
          99.5953,
          16.6785
        ]
      }
    },
    {
      "type": "Feature",
      "id": "CONF_0890",
      "properties": {
        "confluence_id": "CONF_0890",
        "connected_reaches": 3,
        "elevation_m": 100.0
      },
      "geometry": {
        "type": "Point",
        "coordinates": [
          100.5108,
          15.9094
        ]
      }
    },
    {
      "type": "Feature",
      "id": "CONF_0891",
      "properties": {
        "confluence_id": "CONF_0891",
        "connected_reaches": 2,
        "elevation_m": 100.0
      },
      "geometry": {
        "type": "Point",
        "coordinates": [
          100.1518,
          18.0469
        ]
      }
    },
    {
      "type": "Feature",
      "id": "CONF_0892",
      "properties": {
        "confluence_id": "CONF_0892",
        "connected_reaches": 2,
        "elevation_m": 100.0
      },
      "geometry": {
        "type": "Point",
        "coordinates": [
          100.1393,
          18.1092
        ]
      }
    },
    {
      "type": "Feature",
      "id": "CONF_0893",
      "properties": {
        "confluence_id": "CONF_0893",
        "connected_reaches": 2,
        "elevation_m": 100.0
      },
      "geometry": {
        "type": "Point",
        "coordinates": [
          100.1396,
          18.1121
        ]
      }
    },
    {
      "type": "Feature",
      "id": "CONF_0894",
      "properties": {
        "confluence_id": "CONF_0894",
        "connected_reaches": 2,
        "elevation_m": 100.0
      },
      "geometry": {
        "type": "Point",
        "coordinates": [
          100.1427,
          18.0932
        ]
      }
    },
    {
      "type": "Feature",
      "id": "CONF_0895",
      "properties": {
        "confluence_id": "CONF_0895",
        "connected_reaches": 2,
        "elevation_m": 100.0
      },
      "geometry": {
        "type": "Point",
        "coordinates": [
          100.1067,
          18.0667
        ]
      }
    },
    {
      "type": "Feature",
      "id": "CONF_0896",
      "properties": {
        "confluence_id": "CONF_0896",
        "connected_reaches": 2,
        "elevation_m": 100.0
      },
      "geometry": {
        "type": "Point",
        "coordinates": [
          100.1393,
          18.1131
        ]
      }
    },
    {
      "type": "Feature",
      "id": "CONF_0897",
      "properties": {
        "confluence_id": "CONF_0897",
        "connected_reaches": 2,
        "elevation_m": 100.0
      },
      "geometry": {
        "type": "Point",
        "coordinates": [
          100.163,
          18.151
        ]
      }
    },
    {
      "type": "Feature",
      "id": "CONF_0898",
      "properties": {
        "confluence_id": "CONF_0898",
        "connected_reaches": 2,
        "elevation_m": 100.0
      },
      "geometry": {
        "type": "Point",
        "coordinates": [
          100.132,
          18.0968
        ]
      }
    },
    {
      "type": "Feature",
      "id": "CONF_0899",
      "properties": {
        "confluence_id": "CONF_0899",
        "connected_reaches": 2,
        "elevation_m": 100.0
      },
      "geometry": {
        "type": "Point",
        "coordinates": [
          100.1325,
          18.0967
        ]
      }
    },
    {
      "type": "Feature",
      "id": "CONF_0900",
      "properties": {
        "confluence_id": "CONF_0900",
        "connected_reaches": 2,
        "elevation_m": 100.0
      },
      "geometry": {
        "type": "Point",
        "coordinates": [
          100.1081,
          18.1561
        ]
      }
    },
    {
      "type": "Feature",
      "id": "CONF_0901",
      "properties": {
        "confluence_id": "CONF_0901",
        "connected_reaches": 2,
        "elevation_m": 100.0
      },
      "geometry": {
        "type": "Point",
        "coordinates": [
          100.1035,
          18.1631
        ]
      }
    },
    {
      "type": "Feature",
      "id": "CONF_0902",
      "properties": {
        "confluence_id": "CONF_0902",
        "connected_reaches": 2,
        "elevation_m": 100.0
      },
      "geometry": {
        "type": "Point",
        "coordinates": [
          100.2725,
          18.2022
        ]
      }
    },
    {
      "type": "Feature",
      "id": "CONF_0903",
      "properties": {
        "confluence_id": "CONF_0903",
        "connected_reaches": 2,
        "elevation_m": 100.0
      },
      "geometry": {
        "type": "Point",
        "coordinates": [
          100.3072,
          18.2224
        ]
      }
    },
    {
      "type": "Feature",
      "id": "CONF_0904",
      "properties": {
        "confluence_id": "CONF_0904",
        "connected_reaches": 2,
        "elevation_m": 100.0
      },
      "geometry": {
        "type": "Point",
        "coordinates": [
          100.2971,
          18.2146
        ]
      }
    },
    {
      "type": "Feature",
      "id": "CONF_0905",
      "properties": {
        "confluence_id": "CONF_0905",
        "connected_reaches": 2,
        "elevation_m": 100.0
      },
      "geometry": {
        "type": "Point",
        "coordinates": [
          100.2977,
          18.2148
        ]
      }
    },
    {
      "type": "Feature",
      "id": "CONF_0906",
      "properties": {
        "confluence_id": "CONF_0906",
        "connected_reaches": 2,
        "elevation_m": 100.0
      },
      "geometry": {
        "type": "Point",
        "coordinates": [
          100.2798,
          18.213
        ]
      }
    },
    {
      "type": "Feature",
      "id": "CONF_0907",
      "properties": {
        "confluence_id": "CONF_0907",
        "connected_reaches": 2,
        "elevation_m": 100.0
      },
      "geometry": {
        "type": "Point",
        "coordinates": [
          100.2791,
          18.2131
        ]
      }
    },
    {
      "type": "Feature",
      "id": "CONF_0908",
      "properties": {
        "confluence_id": "CONF_0908",
        "connected_reaches": 2,
        "elevation_m": 100.0
      },
      "geometry": {
        "type": "Point",
        "coordinates": [
          100.2747,
          18.2048
        ]
      }
    },
    {
      "type": "Feature",
      "id": "CONF_0909",
      "properties": {
        "confluence_id": "CONF_0909",
        "connected_reaches": 2,
        "elevation_m": 100.0
      },
      "geometry": {
        "type": "Point",
        "coordinates": [
          100.2975,
          18.2152
        ]
      }
    },
    {
      "type": "Feature",
      "id": "CONF_0910",
      "properties": {
        "confluence_id": "CONF_0910",
        "connected_reaches": 2,
        "elevation_m": 100.0
      },
      "geometry": {
        "type": "Point",
        "coordinates": [
          100.2974,
          18.2146
        ]
      }
    },
    {
      "type": "Feature",
      "id": "CONF_0911",
      "properties": {
        "confluence_id": "CONF_0911",
        "connected_reaches": 2,
        "elevation_m": 100.0
      },
      "geometry": {
        "type": "Point",
        "coordinates": [
          100.2344,
          18.1758
        ]
      }
    },
    {
      "type": "Feature",
      "id": "CONF_0912",
      "properties": {
        "confluence_id": "CONF_0912",
        "connected_reaches": 2,
        "elevation_m": 100.0
      },
      "geometry": {
        "type": "Point",
        "coordinates": [
          100.1035,
          18.1626
        ]
      }
    },
    {
      "type": "Feature",
      "id": "CONF_0913",
      "properties": {
        "confluence_id": "CONF_0913",
        "connected_reaches": 2,
        "elevation_m": 100.0
      },
      "geometry": {
        "type": "Point",
        "coordinates": [
          100.1868,
          18.1565
        ]
      }
    },
    {
      "type": "Feature",
      "id": "CONF_0914",
      "properties": {
        "confluence_id": "CONF_0914",
        "connected_reaches": 2,
        "elevation_m": 100.0
      },
      "geometry": {
        "type": "Point",
        "coordinates": [
          100.1766,
          18.1598
        ]
      }
    },
    {
      "type": "Feature",
      "id": "CONF_0915",
      "properties": {
        "confluence_id": "CONF_0915",
        "connected_reaches": 2,
        "elevation_m": 100.0
      },
      "geometry": {
        "type": "Point",
        "coordinates": [
          100.1761,
          18.1598
        ]
      }
    },
    {
      "type": "Feature",
      "id": "CONF_0916",
      "properties": {
        "confluence_id": "CONF_0916",
        "connected_reaches": 2,
        "elevation_m": 100.0
      },
      "geometry": {
        "type": "Point",
        "coordinates": [
          100.1631,
          18.1645
        ]
      }
    },
    {
      "type": "Feature",
      "id": "CONF_0917",
      "properties": {
        "confluence_id": "CONF_0917",
        "connected_reaches": 2,
        "elevation_m": 100.0
      },
      "geometry": {
        "type": "Point",
        "coordinates": [
          100.1413,
          18.0937
        ]
      }
    },
    {
      "type": "Feature",
      "id": "CONF_0918",
      "properties": {
        "confluence_id": "CONF_0918",
        "connected_reaches": 2,
        "elevation_m": 100.0
      },
      "geometry": {
        "type": "Point",
        "coordinates": [
          100.2966,
          18.2004
        ]
      }
    },
    {
      "type": "Feature",
      "id": "CONF_0919",
      "properties": {
        "confluence_id": "CONF_0919",
        "connected_reaches": 2,
        "elevation_m": 100.0
      },
      "geometry": {
        "type": "Point",
        "coordinates": [
          100.2391,
          18.2525
        ]
      }
    },
    {
      "type": "Feature",
      "id": "CONF_0920",
      "properties": {
        "confluence_id": "CONF_0920",
        "connected_reaches": 2,
        "elevation_m": 100.0
      },
      "geometry": {
        "type": "Point",
        "coordinates": [
          100.2295,
          18.2537
        ]
      }
    },
    {
      "type": "Feature",
      "id": "CONF_0921",
      "properties": {
        "confluence_id": "CONF_0921",
        "connected_reaches": 2,
        "elevation_m": 100.0
      },
      "geometry": {
        "type": "Point",
        "coordinates": [
          100.2539,
          18.2757
        ]
      }
    },
    {
      "type": "Feature",
      "id": "CONF_0922",
      "properties": {
        "confluence_id": "CONF_0922",
        "connected_reaches": 2,
        "elevation_m": 100.0
      },
      "geometry": {
        "type": "Point",
        "coordinates": [
          100.2539,
          18.277
        ]
      }
    },
    {
      "type": "Feature",
      "id": "CONF_0923",
      "properties": {
        "confluence_id": "CONF_0923",
        "connected_reaches": 3,
        "elevation_m": 100.0
      },
      "geometry": {
        "type": "Point",
        "coordinates": [
          101.01,
          19.3197
        ]
      }
    },
    {
      "type": "Feature",
      "id": "CONF_0924",
      "properties": {
        "confluence_id": "CONF_0924",
        "connected_reaches": 2,
        "elevation_m": 100.0
      },
      "geometry": {
        "type": "Point",
        "coordinates": [
          100.2757,
          18.2252
        ]
      }
    },
    {
      "type": "Feature",
      "id": "CONF_0925",
      "properties": {
        "confluence_id": "CONF_0925",
        "connected_reaches": 2,
        "elevation_m": 100.0
      },
      "geometry": {
        "type": "Point",
        "coordinates": [
          100.2555,
          18.2299
        ]
      }
    },
    {
      "type": "Feature",
      "id": "CONF_0926",
      "properties": {
        "confluence_id": "CONF_0926",
        "connected_reaches": 2,
        "elevation_m": 100.0
      },
      "geometry": {
        "type": "Point",
        "coordinates": [
          100.9508,
          17.4759
        ]
      }
    },
    {
      "type": "Feature",
      "id": "CONF_0927",
      "properties": {
        "confluence_id": "CONF_0927",
        "connected_reaches": 2,
        "elevation_m": 100.0
      },
      "geometry": {
        "type": "Point",
        "coordinates": [
          100.2278,
          18.0632
        ]
      }
    },
    {
      "type": "Feature",
      "id": "CONF_0928",
      "properties": {
        "confluence_id": "CONF_0928",
        "connected_reaches": 2,
        "elevation_m": 100.0
      },
      "geometry": {
        "type": "Point",
        "coordinates": [
          100.229,
          18.0614
        ]
      }
    },
    {
      "type": "Feature",
      "id": "CONF_0929",
      "properties": {
        "confluence_id": "CONF_0929",
        "connected_reaches": 2,
        "elevation_m": 100.0
      },
      "geometry": {
        "type": "Point",
        "coordinates": [
          100.2077,
          18.4985
        ]
      }
    },
    {
      "type": "Feature",
      "id": "CONF_0930",
      "properties": {
        "confluence_id": "CONF_0930",
        "connected_reaches": 2,
        "elevation_m": 100.0
      },
      "geometry": {
        "type": "Point",
        "coordinates": [
          100.1504,
          18.465
        ]
      }
    },
    {
      "type": "Feature",
      "id": "CONF_0931",
      "properties": {
        "confluence_id": "CONF_0931",
        "connected_reaches": 2,
        "elevation_m": 100.0
      },
      "geometry": {
        "type": "Point",
        "coordinates": [
          100.1502,
          18.4833
        ]
      }
    },
    {
      "type": "Feature",
      "id": "CONF_0932",
      "properties": {
        "confluence_id": "CONF_0932",
        "connected_reaches": 2,
        "elevation_m": 100.0
      },
      "geometry": {
        "type": "Point",
        "coordinates": [
          100.1504,
          18.4837
        ]
      }
    },
    {
      "type": "Feature",
      "id": "CONF_0933",
      "properties": {
        "confluence_id": "CONF_0933",
        "connected_reaches": 2,
        "elevation_m": 100.0
      },
      "geometry": {
        "type": "Point",
        "coordinates": [
          100.2289,
          18.3052
        ]
      }
    },
    {
      "type": "Feature",
      "id": "CONF_0934",
      "properties": {
        "confluence_id": "CONF_0934",
        "connected_reaches": 2,
        "elevation_m": 100.0
      },
      "geometry": {
        "type": "Point",
        "coordinates": [
          100.2039,
          18.2779
        ]
      }
    },
    {
      "type": "Feature",
      "id": "CONF_0935",
      "properties": {
        "confluence_id": "CONF_0935",
        "connected_reaches": 2,
        "elevation_m": 100.0
      },
      "geometry": {
        "type": "Point",
        "coordinates": [
          100.2147,
          18.2796
        ]
      }
    },
    {
      "type": "Feature",
      "id": "CONF_0936",
      "properties": {
        "confluence_id": "CONF_0936",
        "connected_reaches": 2,
        "elevation_m": 100.0
      },
      "geometry": {
        "type": "Point",
        "coordinates": [
          100.2369,
          18.2852
        ]
      }
    },
    {
      "type": "Feature",
      "id": "CONF_0937",
      "properties": {
        "confluence_id": "CONF_0937",
        "connected_reaches": 2,
        "elevation_m": 100.0
      },
      "geometry": {
        "type": "Point",
        "coordinates": [
          100.1768,
          18.4622
        ]
      }
    },
    {
      "type": "Feature",
      "id": "CONF_0938",
      "properties": {
        "confluence_id": "CONF_0938",
        "connected_reaches": 2,
        "elevation_m": 100.0
      },
      "geometry": {
        "type": "Point",
        "coordinates": [
          100.2146,
          18.3534
        ]
      }
    },
    {
      "type": "Feature",
      "id": "CONF_0939",
      "properties": {
        "confluence_id": "CONF_0939",
        "connected_reaches": 2,
        "elevation_m": 100.0
      },
      "geometry": {
        "type": "Point",
        "coordinates": [
          100.2164,
          18.354
        ]
      }
    },
    {
      "type": "Feature",
      "id": "CONF_0940",
      "properties": {
        "confluence_id": "CONF_0940",
        "connected_reaches": 2,
        "elevation_m": 100.0
      },
      "geometry": {
        "type": "Point",
        "coordinates": [
          100.1836,
          18.3972
        ]
      }
    },
    {
      "type": "Feature",
      "id": "CONF_0941",
      "properties": {
        "confluence_id": "CONF_0941",
        "connected_reaches": 3,
        "elevation_m": 100.0
      },
      "geometry": {
        "type": "Point",
        "coordinates": [
          99.5191,
          16.1071
        ]
      }
    },
    {
      "type": "Feature",
      "id": "CONF_0942",
      "properties": {
        "confluence_id": "CONF_0942",
        "connected_reaches": 2,
        "elevation_m": 100.0
      },
      "geometry": {
        "type": "Point",
        "coordinates": [
          99.8005,
          16.0034
        ]
      }
    },
    {
      "type": "Feature",
      "id": "CONF_0943",
      "properties": {
        "confluence_id": "CONF_0943",
        "connected_reaches": 2,
        "elevation_m": 100.0
      },
      "geometry": {
        "type": "Point",
        "coordinates": [
          99.8012,
          16.0035
        ]
      }
    },
    {
      "type": "Feature",
      "id": "CONF_0944",
      "properties": {
        "confluence_id": "CONF_0944",
        "connected_reaches": 3,
        "elevation_m": 100.0
      },
      "geometry": {
        "type": "Point",
        "coordinates": [
          99.5429,
          16.0895
        ]
      }
    },
    {
      "type": "Feature",
      "id": "CONF_0945",
      "properties": {
        "confluence_id": "CONF_0945",
        "connected_reaches": 3,
        "elevation_m": 100.0
      },
      "geometry": {
        "type": "Point",
        "coordinates": [
          99.5367,
          16.0784
        ]
      }
    },
    {
      "type": "Feature",
      "id": "CONF_0946",
      "properties": {
        "confluence_id": "CONF_0946",
        "connected_reaches": 2,
        "elevation_m": 100.0
      },
      "geometry": {
        "type": "Point",
        "coordinates": [
          99.5032,
          16.038
        ]
      }
    },
    {
      "type": "Feature",
      "id": "CONF_0947",
      "properties": {
        "confluence_id": "CONF_0947",
        "connected_reaches": 2,
        "elevation_m": 100.0
      },
      "geometry": {
        "type": "Point",
        "coordinates": [
          99.4911,
          16.0961
        ]
      }
    },
    {
      "type": "Feature",
      "id": "CONF_0948",
      "properties": {
        "confluence_id": "CONF_0948",
        "connected_reaches": 2,
        "elevation_m": 100.0
      },
      "geometry": {
        "type": "Point",
        "coordinates": [
          99.4901,
          16.0957
        ]
      }
    },
    {
      "type": "Feature",
      "id": "CONF_0949",
      "properties": {
        "confluence_id": "CONF_0949",
        "connected_reaches": 3,
        "elevation_m": 100.0
      },
      "geometry": {
        "type": "Point",
        "coordinates": [
          99.5763,
          16.1235
        ]
      }
    },
    {
      "type": "Feature",
      "id": "CONF_0950",
      "properties": {
        "confluence_id": "CONF_0950",
        "connected_reaches": 3,
        "elevation_m": 100.0
      },
      "geometry": {
        "type": "Point",
        "coordinates": [
          99.4768,
          16.4208
        ]
      }
    },
    {
      "type": "Feature",
      "id": "CONF_0951",
      "properties": {
        "confluence_id": "CONF_0951",
        "connected_reaches": 2,
        "elevation_m": 100.0
      },
      "geometry": {
        "type": "Point",
        "coordinates": [
          99.4811,
          16.4321
        ]
      }
    },
    {
      "type": "Feature",
      "id": "CONF_0952",
      "properties": {
        "confluence_id": "CONF_0952",
        "connected_reaches": 2,
        "elevation_m": 100.0
      },
      "geometry": {
        "type": "Point",
        "coordinates": [
          99.4703,
          16.4363
        ]
      }
    },
    {
      "type": "Feature",
      "id": "CONF_0953",
      "properties": {
        "confluence_id": "CONF_0953",
        "connected_reaches": 2,
        "elevation_m": 100.0
      },
      "geometry": {
        "type": "Point",
        "coordinates": [
          99.5235,
          16.3997
        ]
      }
    },
    {
      "type": "Feature",
      "id": "CONF_0954",
      "properties": {
        "confluence_id": "CONF_0954",
        "connected_reaches": 2,
        "elevation_m": 100.0
      },
      "geometry": {
        "type": "Point",
        "coordinates": [
          100.147,
          18.3978
        ]
      }
    },
    {
      "type": "Feature",
      "id": "CONF_0955",
      "properties": {
        "confluence_id": "CONF_0955",
        "connected_reaches": 2,
        "elevation_m": 100.0
      },
      "geometry": {
        "type": "Point",
        "coordinates": [
          100.1466,
          18.3969
        ]
      }
    },
    {
      "type": "Feature",
      "id": "CONF_0956",
      "properties": {
        "confluence_id": "CONF_0956",
        "connected_reaches": 2,
        "elevation_m": 100.0
      },
      "geometry": {
        "type": "Point",
        "coordinates": [
          100.1637,
          18.4123
        ]
      }
    },
    {
      "type": "Feature",
      "id": "CONF_0957",
      "properties": {
        "confluence_id": "CONF_0957",
        "connected_reaches": 3,
        "elevation_m": 100.0
      },
      "geometry": {
        "type": "Point",
        "coordinates": [
          99.4598,
          16.335
        ]
      }
    },
    {
      "type": "Feature",
      "id": "CONF_0958",
      "properties": {
        "confluence_id": "CONF_0958",
        "connected_reaches": 2,
        "elevation_m": 100.0
      },
      "geometry": {
        "type": "Point",
        "coordinates": [
          99.4853,
          16.3415
        ]
      }
    },
    {
      "type": "Feature",
      "id": "CONF_0959",
      "properties": {
        "confluence_id": "CONF_0959",
        "connected_reaches": 3,
        "elevation_m": 100.0
      },
      "geometry": {
        "type": "Point",
        "coordinates": [
          99.5441,
          16.3235
        ]
      }
    },
    {
      "type": "Feature",
      "id": "CONF_0960",
      "properties": {
        "confluence_id": "CONF_0960",
        "connected_reaches": 2,
        "elevation_m": 100.0
      },
      "geometry": {
        "type": "Point",
        "coordinates": [
          99.5014,
          16.334
        ]
      }
    },
    {
      "type": "Feature",
      "id": "CONF_0961",
      "properties": {
        "confluence_id": "CONF_0961",
        "connected_reaches": 3,
        "elevation_m": 100.0
      },
      "geometry": {
        "type": "Point",
        "coordinates": [
          99.5328,
          16.3144
        ]
      }
    },
    {
      "type": "Feature",
      "id": "CONF_0962",
      "properties": {
        "confluence_id": "CONF_0962",
        "connected_reaches": 2,
        "elevation_m": 100.0
      },
      "geometry": {
        "type": "Point",
        "coordinates": [
          99.5043,
          16.3294
        ]
      }
    },
    {
      "type": "Feature",
      "id": "CONF_0963",
      "properties": {
        "confluence_id": "CONF_0963",
        "connected_reaches": 2,
        "elevation_m": 100.0
      },
      "geometry": {
        "type": "Point",
        "coordinates": [
          99.5186,
          16.3137
        ]
      }
    },
    {
      "type": "Feature",
      "id": "CONF_0964",
      "properties": {
        "confluence_id": "CONF_0964",
        "connected_reaches": 2,
        "elevation_m": 100.0
      },
      "geometry": {
        "type": "Point",
        "coordinates": [
          99.525,
          16.3114
        ]
      }
    },
    {
      "type": "Feature",
      "id": "CONF_0965",
      "properties": {
        "confluence_id": "CONF_0965",
        "connected_reaches": 2,
        "elevation_m": 100.0
      },
      "geometry": {
        "type": "Point",
        "coordinates": [
          99.4614,
          16.3374
        ]
      }
    },
    {
      "type": "Feature",
      "id": "CONF_0966",
      "properties": {
        "confluence_id": "CONF_0966",
        "connected_reaches": 2,
        "elevation_m": 100.0
      },
      "geometry": {
        "type": "Point",
        "coordinates": [
          99.7198,
          16.1342
        ]
      }
    },
    {
      "type": "Feature",
      "id": "CONF_0967",
      "properties": {
        "confluence_id": "CONF_0967",
        "connected_reaches": 2,
        "elevation_m": 100.0
      },
      "geometry": {
        "type": "Point",
        "coordinates": [
          99.7029,
          16.1253
        ]
      }
    },
    {
      "type": "Feature",
      "id": "CONF_0968",
      "properties": {
        "confluence_id": "CONF_0968",
        "connected_reaches": 3,
        "elevation_m": 100.0
      },
      "geometry": {
        "type": "Point",
        "coordinates": [
          99.6837,
          16.1325
        ]
      }
    },
    {
      "type": "Feature",
      "id": "CONF_0969",
      "properties": {
        "confluence_id": "CONF_0969",
        "connected_reaches": 2,
        "elevation_m": 100.0
      },
      "geometry": {
        "type": "Point",
        "coordinates": [
          99.5352,
          16.1213
        ]
      }
    },
    {
      "type": "Feature",
      "id": "CONF_0970",
      "properties": {
        "confluence_id": "CONF_0970",
        "connected_reaches": 3,
        "elevation_m": 100.0
      },
      "geometry": {
        "type": "Point",
        "coordinates": [
          99.5813,
          16.1233
        ]
      }
    },
    {
      "type": "Feature",
      "id": "CONF_0971",
      "properties": {
        "confluence_id": "CONF_0971",
        "connected_reaches": 2,
        "elevation_m": 100.0
      },
      "geometry": {
        "type": "Point",
        "coordinates": [
          99.6252,
          16.1545
        ]
      }
    },
    {
      "type": "Feature",
      "id": "CONF_0972",
      "properties": {
        "confluence_id": "CONF_0972",
        "connected_reaches": 3,
        "elevation_m": 100.0
      },
      "geometry": {
        "type": "Point",
        "coordinates": [
          99.6477,
          16.1458
        ]
      }
    },
    {
      "type": "Feature",
      "id": "CONF_0973",
      "properties": {
        "confluence_id": "CONF_0973",
        "connected_reaches": 2,
        "elevation_m": 100.0
      },
      "geometry": {
        "type": "Point",
        "coordinates": [
          99.6352,
          16.127
        ]
      }
    },
    {
      "type": "Feature",
      "id": "CONF_0974",
      "properties": {
        "confluence_id": "CONF_0974",
        "connected_reaches": 3,
        "elevation_m": 100.0
      },
      "geometry": {
        "type": "Point",
        "coordinates": [
          99.4614,
          16.4258
        ]
      }
    },
    {
      "type": "Feature",
      "id": "CONF_0975",
      "properties": {
        "confluence_id": "CONF_0975",
        "connected_reaches": 3,
        "elevation_m": 100.0
      },
      "geometry": {
        "type": "Point",
        "coordinates": [
          99.5814,
          16.3381
        ]
      }
    },
    {
      "type": "Feature",
      "id": "CONF_0976",
      "properties": {
        "confluence_id": "CONF_0976",
        "connected_reaches": 3,
        "elevation_m": 100.0
      },
      "geometry": {
        "type": "Point",
        "coordinates": [
          99.5655,
          16.3285
        ]
      }
    },
    {
      "type": "Feature",
      "id": "CONF_0977",
      "properties": {
        "confluence_id": "CONF_0977",
        "connected_reaches": 3,
        "elevation_m": 100.0
      },
      "geometry": {
        "type": "Point",
        "coordinates": [
          99.5406,
          16.3151
        ]
      }
    },
    {
      "type": "Feature",
      "id": "CONF_0978",
      "properties": {
        "confluence_id": "CONF_0978",
        "connected_reaches": 2,
        "elevation_m": 100.0
      },
      "geometry": {
        "type": "Point",
        "coordinates": [
          99.5479,
          16.3111
        ]
      }
    },
    {
      "type": "Feature",
      "id": "CONF_0979",
      "properties": {
        "confluence_id": "CONF_0979",
        "connected_reaches": 2,
        "elevation_m": 100.0
      },
      "geometry": {
        "type": "Point",
        "coordinates": [
          99.6143,
          16.3414
        ]
      }
    },
    {
      "type": "Feature",
      "id": "CONF_0980",
      "properties": {
        "confluence_id": "CONF_0980",
        "connected_reaches": 2,
        "elevation_m": 100.0
      },
      "geometry": {
        "type": "Point",
        "coordinates": [
          100.1694,
          18.2537
        ]
      }
    },
    {
      "type": "Feature",
      "id": "CONF_0981",
      "properties": {
        "confluence_id": "CONF_0981",
        "connected_reaches": 2,
        "elevation_m": 100.0
      },
      "geometry": {
        "type": "Point",
        "coordinates": [
          100.2339,
          18.2599
        ]
      }
    },
    {
      "type": "Feature",
      "id": "CONF_0982",
      "properties": {
        "confluence_id": "CONF_0982",
        "connected_reaches": 2,
        "elevation_m": 100.0
      },
      "geometry": {
        "type": "Point",
        "coordinates": [
          100.2345,
          18.2598
        ]
      }
    },
    {
      "type": "Feature",
      "id": "CONF_0983",
      "properties": {
        "confluence_id": "CONF_0983",
        "connected_reaches": 2,
        "elevation_m": 100.0
      },
      "geometry": {
        "type": "Point",
        "coordinates": [
          99.6186,
          16.7426
        ]
      }
    },
    {
      "type": "Feature",
      "id": "CONF_0984",
      "properties": {
        "confluence_id": "CONF_0984",
        "connected_reaches": 2,
        "elevation_m": 100.0
      },
      "geometry": {
        "type": "Point",
        "coordinates": [
          99.6359,
          16.7142
        ]
      }
    },
    {
      "type": "Feature",
      "id": "CONF_0985",
      "properties": {
        "confluence_id": "CONF_0985",
        "connected_reaches": 2,
        "elevation_m": 100.0
      },
      "geometry": {
        "type": "Point",
        "coordinates": [
          101.2138,
          19.2158
        ]
      }
    },
    {
      "type": "Feature",
      "id": "CONF_0986",
      "properties": {
        "confluence_id": "CONF_0986",
        "connected_reaches": 2,
        "elevation_m": 100.0
      },
      "geometry": {
        "type": "Point",
        "coordinates": [
          100.1818,
          18.1659
        ]
      }
    },
    {
      "type": "Feature",
      "id": "CONF_0987",
      "properties": {
        "confluence_id": "CONF_0987",
        "connected_reaches": 2,
        "elevation_m": 100.0
      },
      "geometry": {
        "type": "Point",
        "coordinates": [
          100.1739,
          18.3315
        ]
      }
    },
    {
      "type": "Feature",
      "id": "CONF_0988",
      "properties": {
        "confluence_id": "CONF_0988",
        "connected_reaches": 2,
        "elevation_m": 100.0
      },
      "geometry": {
        "type": "Point",
        "coordinates": [
          100.1765,
          18.3358
        ]
      }
    },
    {
      "type": "Feature",
      "id": "CONF_0989",
      "properties": {
        "confluence_id": "CONF_0989",
        "connected_reaches": 2,
        "elevation_m": 100.0
      },
      "geometry": {
        "type": "Point",
        "coordinates": [
          99.7758,
          16.0712
        ]
      }
    },
    {
      "type": "Feature",
      "id": "CONF_0990",
      "properties": {
        "confluence_id": "CONF_0990",
        "connected_reaches": 2,
        "elevation_m": 100.0
      },
      "geometry": {
        "type": "Point",
        "coordinates": [
          100.1093,
          18.0196
        ]
      }
    },
    {
      "type": "Feature",
      "id": "CONF_0991",
      "properties": {
        "confluence_id": "CONF_0991",
        "connected_reaches": 2,
        "elevation_m": 100.0
      },
      "geometry": {
        "type": "Point",
        "coordinates": [
          100.1087,
          18.0199
        ]
      }
    },
    {
      "type": "Feature",
      "id": "CONF_0992",
      "properties": {
        "confluence_id": "CONF_0992",
        "connected_reaches": 2,
        "elevation_m": 100.0
      },
      "geometry": {
        "type": "Point",
        "coordinates": [
          100.0884,
          18.037
        ]
      }
    },
    {
      "type": "Feature",
      "id": "CONF_0993",
      "properties": {
        "confluence_id": "CONF_0993",
        "connected_reaches": 2,
        "elevation_m": 100.0
      },
      "geometry": {
        "type": "Point",
        "coordinates": [
          100.0894,
          18.0398
        ]
      }
    },
    {
      "type": "Feature",
      "id": "CONF_0994",
      "properties": {
        "confluence_id": "CONF_0994",
        "connected_reaches": 2,
        "elevation_m": 100.0
      },
      "geometry": {
        "type": "Point",
        "coordinates": [
          100.0933,
          18.0462
        ]
      }
    },
    {
      "type": "Feature",
      "id": "CONF_0995",
      "properties": {
        "confluence_id": "CONF_0995",
        "connected_reaches": 2,
        "elevation_m": 100.0
      },
      "geometry": {
        "type": "Point",
        "coordinates": [
          100.6914,
          18.3294
        ]
      }
    },
    {
      "type": "Feature",
      "id": "CONF_0996",
      "properties": {
        "confluence_id": "CONF_0996",
        "connected_reaches": 2,
        "elevation_m": 100.0
      },
      "geometry": {
        "type": "Point",
        "coordinates": [
          100.6921,
          18.3291
        ]
      }
    },
    {
      "type": "Feature",
      "id": "CONF_0997",
      "properties": {
        "confluence_id": "CONF_0997",
        "connected_reaches": 3,
        "elevation_m": 100.0
      },
      "geometry": {
        "type": "Point",
        "coordinates": [
          99.5132,
          16.4503
        ]
      }
    },
    {
      "type": "Feature",
      "id": "CONF_0998",
      "properties": {
        "confluence_id": "CONF_0998",
        "connected_reaches": 2,
        "elevation_m": 100.0
      },
      "geometry": {
        "type": "Point",
        "coordinates": [
          99.5144,
          16.4507
        ]
      }
    },
    {
      "type": "Feature",
      "id": "CONF_0999",
      "properties": {
        "confluence_id": "CONF_0999",
        "connected_reaches": 2,
        "elevation_m": 100.0
      },
      "geometry": {
        "type": "Point",
        "coordinates": [
          99.517,
          16.4586
        ]
      }
    },
    {
      "type": "Feature",
      "id": "CONF_1000",
      "properties": {
        "confluence_id": "CONF_1000",
        "connected_reaches": 2,
        "elevation_m": 100.0
      },
      "geometry": {
        "type": "Point",
        "coordinates": [
          100.6521,
          16.6142
        ]
      }
    },
    {
      "type": "Feature",
      "id": "CONF_1001",
      "properties": {
        "confluence_id": "CONF_1001",
        "connected_reaches": 3,
        "elevation_m": 100.0
      },
      "geometry": {
        "type": "Point",
        "coordinates": [
          99.9169,
          16.9732
        ]
      }
    },
    {
      "type": "Feature",
      "id": "CONF_1002",
      "properties": {
        "confluence_id": "CONF_1002",
        "connected_reaches": 2,
        "elevation_m": 100.0
      },
      "geometry": {
        "type": "Point",
        "coordinates": [
          99.952,
          16.9601
        ]
      }
    },
    {
      "type": "Feature",
      "id": "CONF_1003",
      "properties": {
        "confluence_id": "CONF_1003",
        "connected_reaches": 2,
        "elevation_m": 100.0
      },
      "geometry": {
        "type": "Point",
        "coordinates": [
          99.9536,
          16.9589
        ]
      }
    },
    {
      "type": "Feature",
      "id": "CONF_1004",
      "properties": {
        "confluence_id": "CONF_1004",
        "connected_reaches": 2,
        "elevation_m": 100.0
      },
      "geometry": {
        "type": "Point",
        "coordinates": [
          99.559,
          15.9324
        ]
      }
    },
    {
      "type": "Feature",
      "id": "CONF_1005",
      "properties": {
        "confluence_id": "CONF_1005",
        "connected_reaches": 2,
        "elevation_m": 100.0
      },
      "geometry": {
        "type": "Point",
        "coordinates": [
          99.7069,
          15.9461
        ]
      }
    },
    {
      "type": "Feature",
      "id": "CONF_1006",
      "properties": {
        "confluence_id": "CONF_1006",
        "connected_reaches": 2,
        "elevation_m": 100.0
      },
      "geometry": {
        "type": "Point",
        "coordinates": [
          99.7863,
          19.9268
        ]
      }
    },
    {
      "type": "Feature",
      "id": "CONF_1007",
      "properties": {
        "confluence_id": "CONF_1007",
        "connected_reaches": 3,
        "elevation_m": 100.0
      },
      "geometry": {
        "type": "Point",
        "coordinates": [
          99.822,
          19.8084
        ]
      }
    },
    {
      "type": "Feature",
      "id": "CONF_1008",
      "properties": {
        "confluence_id": "CONF_1008",
        "connected_reaches": 2,
        "elevation_m": 100.0
      },
      "geometry": {
        "type": "Point",
        "coordinates": [
          99.8235,
          19.7945
        ]
      }
    },
    {
      "type": "Feature",
      "id": "CONF_1009",
      "properties": {
        "confluence_id": "CONF_1009",
        "connected_reaches": 2,
        "elevation_m": 100.0
      },
      "geometry": {
        "type": "Point",
        "coordinates": [
          99.8235,
          19.7951
        ]
      }
    },
    {
      "type": "Feature",
      "id": "CONF_1010",
      "properties": {
        "confluence_id": "CONF_1010",
        "connected_reaches": 2,
        "elevation_m": 100.0
      },
      "geometry": {
        "type": "Point",
        "coordinates": [
          99.8172,
          19.9412
        ]
      }
    },
    {
      "type": "Feature",
      "id": "CONF_1011",
      "properties": {
        "confluence_id": "CONF_1011",
        "connected_reaches": 2,
        "elevation_m": 100.0
      },
      "geometry": {
        "type": "Point",
        "coordinates": [
          99.927,
          19.9345
        ]
      }
    },
    {
      "type": "Feature",
      "id": "CONF_1012",
      "properties": {
        "confluence_id": "CONF_1012",
        "connected_reaches": 2,
        "elevation_m": 100.0
      },
      "geometry": {
        "type": "Point",
        "coordinates": [
          99.5672,
          15.9209
        ]
      }
    },
    {
      "type": "Feature",
      "id": "CONF_1013",
      "properties": {
        "confluence_id": "CONF_1013",
        "connected_reaches": 2,
        "elevation_m": 100.0
      },
      "geometry": {
        "type": "Point",
        "coordinates": [
          101.2361,
          18.2924
        ]
      }
    },
    {
      "type": "Feature",
      "id": "CONF_1014",
      "properties": {
        "confluence_id": "CONF_1014",
        "connected_reaches": 2,
        "elevation_m": 100.0
      },
      "geometry": {
        "type": "Point",
        "coordinates": [
          99.7008,
          16.1504
        ]
      }
    },
    {
      "type": "Feature",
      "id": "CONF_1015",
      "properties": {
        "confluence_id": "CONF_1015",
        "connected_reaches": 2,
        "elevation_m": 100.0
      },
      "geometry": {
        "type": "Point",
        "coordinates": [
          99.6246,
          16.1384
        ]
      }
    },
    {
      "type": "Feature",
      "id": "CONF_1016",
      "properties": {
        "confluence_id": "CONF_1016",
        "connected_reaches": 2,
        "elevation_m": 100.0
      },
      "geometry": {
        "type": "Point",
        "coordinates": [
          99.8315,
          16.5102
        ]
      }
    },
    {
      "type": "Feature",
      "id": "CONF_1017",
      "properties": {
        "confluence_id": "CONF_1017",
        "connected_reaches": 2,
        "elevation_m": 100.0
      },
      "geometry": {
        "type": "Point",
        "coordinates": [
          99.6342,
          16.0334
        ]
      }
    },
    {
      "type": "Feature",
      "id": "CONF_1018",
      "properties": {
        "confluence_id": "CONF_1018",
        "connected_reaches": 2,
        "elevation_m": 100.0
      },
      "geometry": {
        "type": "Point",
        "coordinates": [
          99.8616,
          16.5551
        ]
      }
    },
    {
      "type": "Feature",
      "id": "CONF_1019",
      "properties": {
        "confluence_id": "CONF_1019",
        "connected_reaches": 2,
        "elevation_m": 100.0
      },
      "geometry": {
        "type": "Point",
        "coordinates": [
          99.4988,
          16.4514
        ]
      }
    },
    {
      "type": "Feature",
      "id": "CONF_1020",
      "properties": {
        "confluence_id": "CONF_1020",
        "connected_reaches": 2,
        "elevation_m": 100.0
      },
      "geometry": {
        "type": "Point",
        "coordinates": [
          99.4982,
          16.4515
        ]
      }
    },
    {
      "type": "Feature",
      "id": "CONF_1021",
      "properties": {
        "confluence_id": "CONF_1021",
        "connected_reaches": 2,
        "elevation_m": 100.0
      },
      "geometry": {
        "type": "Point",
        "coordinates": [
          99.4821,
          16.4573
        ]
      }
    },
    {
      "type": "Feature",
      "id": "CONF_1022",
      "properties": {
        "confluence_id": "CONF_1022",
        "connected_reaches": 3,
        "elevation_m": 100.0
      },
      "geometry": {
        "type": "Point",
        "coordinates": [
          100.1457,
          16.247
        ]
      }
    },
    {
      "type": "Feature",
      "id": "CONF_1023",
      "properties": {
        "confluence_id": "CONF_1023",
        "connected_reaches": 2,
        "elevation_m": 100.0
      },
      "geometry": {
        "type": "Point",
        "coordinates": [
          100.0459,
          16.137
        ]
      }
    },
    {
      "type": "Feature",
      "id": "CONF_1024",
      "properties": {
        "confluence_id": "CONF_1024",
        "connected_reaches": 3,
        "elevation_m": 100.0
      },
      "geometry": {
        "type": "Point",
        "coordinates": [
          99.8783,
          16.2199
        ]
      }
    },
    {
      "type": "Feature",
      "id": "CONF_1025",
      "properties": {
        "confluence_id": "CONF_1025",
        "connected_reaches": 2,
        "elevation_m": 100.0
      },
      "geometry": {
        "type": "Point",
        "coordinates": [
          101.263,
          18.271
        ]
      }
    },
    {
      "type": "Feature",
      "id": "CONF_1026",
      "properties": {
        "confluence_id": "CONF_1026",
        "connected_reaches": 3,
        "elevation_m": 100.0
      },
      "geometry": {
        "type": "Point",
        "coordinates": [
          100.3067,
          16.7982
        ]
      }
    },
    {
      "type": "Feature",
      "id": "CONF_1027",
      "properties": {
        "confluence_id": "CONF_1027",
        "connected_reaches": 2,
        "elevation_m": 100.0
      },
      "geometry": {
        "type": "Point",
        "coordinates": [
          100.3205,
          16.778
        ]
      }
    },
    {
      "type": "Feature",
      "id": "CONF_1028",
      "properties": {
        "confluence_id": "CONF_1028",
        "connected_reaches": 2,
        "elevation_m": 100.0
      },
      "geometry": {
        "type": "Point",
        "coordinates": [
          99.7021,
          16.4829
        ]
      }
    },
    {
      "type": "Feature",
      "id": "CONF_1029",
      "properties": {
        "confluence_id": "CONF_1029",
        "connected_reaches": 2,
        "elevation_m": 100.0
      },
      "geometry": {
        "type": "Point",
        "coordinates": [
          101.4438,
          18.7105
        ]
      }
    },
    {
      "type": "Feature",
      "id": "CONF_1030",
      "properties": {
        "confluence_id": "CONF_1030",
        "connected_reaches": 2,
        "elevation_m": 100.0
      },
      "geometry": {
        "type": "Point",
        "coordinates": [
          101.4708,
          18.7097
        ]
      }
    },
    {
      "type": "Feature",
      "id": "CONF_1031",
      "properties": {
        "confluence_id": "CONF_1031",
        "connected_reaches": 2,
        "elevation_m": 100.0
      },
      "geometry": {
        "type": "Point",
        "coordinates": [
          101.4363,
          18.7116
        ]
      }
    },
    {
      "type": "Feature",
      "id": "CONF_1032",
      "properties": {
        "confluence_id": "CONF_1032",
        "connected_reaches": 2,
        "elevation_m": 100.0
      },
      "geometry": {
        "type": "Point",
        "coordinates": [
          101.4745,
          18.7179
        ]
      }
    },
    {
      "type": "Feature",
      "id": "CONF_1033",
      "properties": {
        "confluence_id": "CONF_1033",
        "connected_reaches": 2,
        "elevation_m": 100.0
      },
      "geometry": {
        "type": "Point",
        "coordinates": [
          101.4722,
          18.7088
        ]
      }
    },
    {
      "type": "Feature",
      "id": "CONF_1034",
      "properties": {
        "confluence_id": "CONF_1034",
        "connected_reaches": 2,
        "elevation_m": 100.0
      },
      "geometry": {
        "type": "Point",
        "coordinates": [
          99.4969,
          16.5694
        ]
      }
    },
    {
      "type": "Feature",
      "id": "CONF_1035",
      "properties": {
        "confluence_id": "CONF_1035",
        "connected_reaches": 2,
        "elevation_m": 100.0
      },
      "geometry": {
        "type": "Point",
        "coordinates": [
          99.5285,
          16.4933
        ]
      }
    },
    {
      "type": "Feature",
      "id": "CONF_1036",
      "properties": {
        "confluence_id": "CONF_1036",
        "connected_reaches": 3,
        "elevation_m": 100.0
      },
      "geometry": {
        "type": "Point",
        "coordinates": [
          100.0124,
          17.1227
        ]
      }
    },
    {
      "type": "Feature",
      "id": "CONF_1037",
      "properties": {
        "confluence_id": "CONF_1037",
        "connected_reaches": 2,
        "elevation_m": 100.0
      },
      "geometry": {
        "type": "Point",
        "coordinates": [
          101.3713,
          18.4385
        ]
      }
    },
    {
      "type": "Feature",
      "id": "CONF_1038",
      "properties": {
        "confluence_id": "CONF_1038",
        "connected_reaches": 2,
        "elevation_m": 100.0
      },
      "geometry": {
        "type": "Point",
        "coordinates": [
          99.6717,
          16.2945
        ]
      }
    },
    {
      "type": "Feature",
      "id": "CONF_1039",
      "properties": {
        "confluence_id": "CONF_1039",
        "connected_reaches": 2,
        "elevation_m": 100.0
      },
      "geometry": {
        "type": "Point",
        "coordinates": [
          99.6711,
          16.294
        ]
      }
    },
    {
      "type": "Feature",
      "id": "CONF_1040",
      "properties": {
        "confluence_id": "CONF_1040",
        "connected_reaches": 2,
        "elevation_m": 100.0
      },
      "geometry": {
        "type": "Point",
        "coordinates": [
          99.4786,
          16.5046
        ]
      }
    },
    {
      "type": "Feature",
      "id": "CONF_1041",
      "properties": {
        "confluence_id": "CONF_1041",
        "connected_reaches": 2,
        "elevation_m": 100.0
      },
      "geometry": {
        "type": "Point",
        "coordinates": [
          101.2929,
          18.813
        ]
      }
    },
    {
      "type": "Feature",
      "id": "CONF_1042",
      "properties": {
        "confluence_id": "CONF_1042",
        "connected_reaches": 2,
        "elevation_m": 100.0
      },
      "geometry": {
        "type": "Point",
        "coordinates": [
          101.2939,
          18.8145
        ]
      }
    },
    {
      "type": "Feature",
      "id": "CONF_1043",
      "properties": {
        "confluence_id": "CONF_1043",
        "connected_reaches": 2,
        "elevation_m": 100.0
      },
      "geometry": {
        "type": "Point",
        "coordinates": [
          101.2948,
          18.8127
        ]
      }
    },
    {
      "type": "Feature",
      "id": "CONF_1044",
      "properties": {
        "confluence_id": "CONF_1044",
        "connected_reaches": 2,
        "elevation_m": 100.0
      },
      "geometry": {
        "type": "Point",
        "coordinates": [
          101.5026,
          18.8671
        ]
      }
    },
    {
      "type": "Feature",
      "id": "CONF_1045",
      "properties": {
        "confluence_id": "CONF_1045",
        "connected_reaches": 2,
        "elevation_m": 100.0
      },
      "geometry": {
        "type": "Point",
        "coordinates": [
          99.4856,
          15.8794
        ]
      }
    },
    {
      "type": "Feature",
      "id": "CONF_1046",
      "properties": {
        "confluence_id": "CONF_1046",
        "connected_reaches": 3,
        "elevation_m": 100.0
      },
      "geometry": {
        "type": "Point",
        "coordinates": [
          99.6839,
          16.24
        ]
      }
    },
    {
      "type": "Feature",
      "id": "CONF_1047",
      "properties": {
        "confluence_id": "CONF_1047",
        "connected_reaches": 2,
        "elevation_m": 100.0
      },
      "geometry": {
        "type": "Point",
        "coordinates": [
          100.1937,
          19.5839
        ]
      }
    },
    {
      "type": "Feature",
      "id": "CONF_1048",
      "properties": {
        "confluence_id": "CONF_1048",
        "connected_reaches": 2,
        "elevation_m": 100.0
      },
      "geometry": {
        "type": "Point",
        "coordinates": [
          100.2034,
          19.539
        ]
      }
    },
    {
      "type": "Feature",
      "id": "CONF_1049",
      "properties": {
        "confluence_id": "CONF_1049",
        "connected_reaches": 2,
        "elevation_m": 100.0
      },
      "geometry": {
        "type": "Point",
        "coordinates": [
          100.2035,
          19.5385
        ]
      }
    },
    {
      "type": "Feature",
      "id": "CONF_1050",
      "properties": {
        "confluence_id": "CONF_1050",
        "connected_reaches": 2,
        "elevation_m": 100.0
      },
      "geometry": {
        "type": "Point",
        "coordinates": [
          100.186,
          19.4894
        ]
      }
    },
    {
      "type": "Feature",
      "id": "CONF_1051",
      "properties": {
        "confluence_id": "CONF_1051",
        "connected_reaches": 2,
        "elevation_m": 100.0
      },
      "geometry": {
        "type": "Point",
        "coordinates": [
          99.6777,
          17.0042
        ]
      }
    },
    {
      "type": "Feature",
      "id": "CONF_1052",
      "properties": {
        "confluence_id": "CONF_1052",
        "connected_reaches": 2,
        "elevation_m": 100.0
      },
      "geometry": {
        "type": "Point",
        "coordinates": [
          99.7157,
          17.0045
        ]
      }
    },
    {
      "type": "Feature",
      "id": "CONF_1053",
      "properties": {
        "confluence_id": "CONF_1053",
        "connected_reaches": 3,
        "elevation_m": 100.0
      },
      "geometry": {
        "type": "Point",
        "coordinates": [
          99.6079,
          17.0443
        ]
      }
    },
    {
      "type": "Feature",
      "id": "CONF_1054",
      "properties": {
        "confluence_id": "CONF_1054",
        "connected_reaches": 3,
        "elevation_m": 100.0
      },
      "geometry": {
        "type": "Point",
        "coordinates": [
          99.5695,
          17.036
        ]
      }
    },
    {
      "type": "Feature",
      "id": "CONF_1055",
      "properties": {
        "confluence_id": "CONF_1055",
        "connected_reaches": 2,
        "elevation_m": 100.0
      },
      "geometry": {
        "type": "Point",
        "coordinates": [
          101.4471,
          18.9167
        ]
      }
    },
    {
      "type": "Feature",
      "id": "CONF_1056",
      "properties": {
        "confluence_id": "CONF_1056",
        "connected_reaches": 3,
        "elevation_m": 100.0
      },
      "geometry": {
        "type": "Point",
        "coordinates": [
          99.4638,
          16.615
        ]
      }
    },
    {
      "type": "Feature",
      "id": "CONF_1057",
      "properties": {
        "confluence_id": "CONF_1057",
        "connected_reaches": 3,
        "elevation_m": 100.0
      },
      "geometry": {
        "type": "Point",
        "coordinates": [
          99.4657,
          16.6305
        ]
      }
    },
    {
      "type": "Feature",
      "id": "CONF_1058",
      "properties": {
        "confluence_id": "CONF_1058",
        "connected_reaches": 2,
        "elevation_m": 100.0
      },
      "geometry": {
        "type": "Point",
        "coordinates": [
          100.0928,
          17.5432
        ]
      }
    },
    {
      "type": "Feature",
      "id": "CONF_1059",
      "properties": {
        "confluence_id": "CONF_1059",
        "connected_reaches": 2,
        "elevation_m": 100.0
      },
      "geometry": {
        "type": "Point",
        "coordinates": [
          101.1178,
          18.4241
        ]
      }
    },
    {
      "type": "Feature",
      "id": "CONF_1060",
      "properties": {
        "confluence_id": "CONF_1060",
        "connected_reaches": 2,
        "elevation_m": 100.0
      },
      "geometry": {
        "type": "Point",
        "coordinates": [
          101.1181,
          18.4247
        ]
      }
    },
    {
      "type": "Feature",
      "id": "CONF_1061",
      "properties": {
        "confluence_id": "CONF_1061",
        "connected_reaches": 2,
        "elevation_m": 100.0
      },
      "geometry": {
        "type": "Point",
        "coordinates": [
          101.1422,
          18.4236
        ]
      }
    },
    {
      "type": "Feature",
      "id": "CONF_1062",
      "properties": {
        "confluence_id": "CONF_1062",
        "connected_reaches": 2,
        "elevation_m": 100.0
      },
      "geometry": {
        "type": "Point",
        "coordinates": [
          101.1434,
          18.4406
        ]
      }
    },
    {
      "type": "Feature",
      "id": "CONF_1063",
      "properties": {
        "confluence_id": "CONF_1063",
        "connected_reaches": 2,
        "elevation_m": 100.0
      },
      "geometry": {
        "type": "Point",
        "coordinates": [
          101.1834,
          18.3947
        ]
      }
    },
    {
      "type": "Feature",
      "id": "CONF_1064",
      "properties": {
        "confluence_id": "CONF_1064",
        "connected_reaches": 2,
        "elevation_m": 100.0
      },
      "geometry": {
        "type": "Point",
        "coordinates": [
          101.1839,
          18.3993
        ]
      }
    },
    {
      "type": "Feature",
      "id": "CONF_1065",
      "properties": {
        "confluence_id": "CONF_1065",
        "connected_reaches": 2,
        "elevation_m": 100.0
      },
      "geometry": {
        "type": "Point",
        "coordinates": [
          101.1844,
          18.4156
        ]
      }
    },
    {
      "type": "Feature",
      "id": "CONF_1066",
      "properties": {
        "confluence_id": "CONF_1066",
        "connected_reaches": 2,
        "elevation_m": 100.0
      },
      "geometry": {
        "type": "Point",
        "coordinates": [
          101.1426,
          18.4771
        ]
      }
    },
    {
      "type": "Feature",
      "id": "CONF_1067",
      "properties": {
        "confluence_id": "CONF_1067",
        "connected_reaches": 2,
        "elevation_m": 100.0
      },
      "geometry": {
        "type": "Point",
        "coordinates": [
          101.1661,
          18.4487
        ]
      }
    },
    {
      "type": "Feature",
      "id": "CONF_1068",
      "properties": {
        "confluence_id": "CONF_1068",
        "connected_reaches": 2,
        "elevation_m": 100.0
      },
      "geometry": {
        "type": "Point",
        "coordinates": [
          101.1688,
          18.4531
        ]
      }
    },
    {
      "type": "Feature",
      "id": "CONF_1069",
      "properties": {
        "confluence_id": "CONF_1069",
        "connected_reaches": 2,
        "elevation_m": 100.0
      },
      "geometry": {
        "type": "Point",
        "coordinates": [
          101.1863,
          18.3946
        ]
      }
    },
    {
      "type": "Feature",
      "id": "CONF_1070",
      "properties": {
        "confluence_id": "CONF_1070",
        "connected_reaches": 2,
        "elevation_m": 100.0
      },
      "geometry": {
        "type": "Point",
        "coordinates": [
          101.1557,
          18.3803
        ]
      }
    },
    {
      "type": "Feature",
      "id": "CONF_1071",
      "properties": {
        "confluence_id": "CONF_1071",
        "connected_reaches": 2,
        "elevation_m": 100.0
      },
      "geometry": {
        "type": "Point",
        "coordinates": [
          101.1771,
          18.3735
        ]
      }
    },
    {
      "type": "Feature",
      "id": "CONF_1072",
      "properties": {
        "confluence_id": "CONF_1072",
        "connected_reaches": 2,
        "elevation_m": 100.0
      },
      "geometry": {
        "type": "Point",
        "coordinates": [
          101.181,
          18.3723
        ]
      }
    },
    {
      "type": "Feature",
      "id": "CONF_1073",
      "properties": {
        "confluence_id": "CONF_1073",
        "connected_reaches": 2,
        "elevation_m": 100.0
      },
      "geometry": {
        "type": "Point",
        "coordinates": [
          101.1119,
          18.3912
        ]
      }
    },
    {
      "type": "Feature",
      "id": "CONF_1074",
      "properties": {
        "confluence_id": "CONF_1074",
        "connected_reaches": 2,
        "elevation_m": 100.0
      },
      "geometry": {
        "type": "Point",
        "coordinates": [
          101.1264,
          18.3854
        ]
      }
    },
    {
      "type": "Feature",
      "id": "CONF_1075",
      "properties": {
        "confluence_id": "CONF_1075",
        "connected_reaches": 2,
        "elevation_m": 100.0
      },
      "geometry": {
        "type": "Point",
        "coordinates": [
          101.1306,
          18.3835
        ]
      }
    },
    {
      "type": "Feature",
      "id": "CONF_1076",
      "properties": {
        "confluence_id": "CONF_1076",
        "connected_reaches": 2,
        "elevation_m": 100.0
      },
      "geometry": {
        "type": "Point",
        "coordinates": [
          101.1356,
          18.3721
        ]
      }
    },
    {
      "type": "Feature",
      "id": "CONF_1077",
      "properties": {
        "confluence_id": "CONF_1077",
        "connected_reaches": 2,
        "elevation_m": 100.0
      },
      "geometry": {
        "type": "Point",
        "coordinates": [
          101.1321,
          18.3565
        ]
      }
    },
    {
      "type": "Feature",
      "id": "CONF_1078",
      "properties": {
        "confluence_id": "CONF_1078",
        "connected_reaches": 2,
        "elevation_m": 100.0
      },
      "geometry": {
        "type": "Point",
        "coordinates": [
          101.139,
          18.3514
        ]
      }
    },
    {
      "type": "Feature",
      "id": "CONF_1079",
      "properties": {
        "confluence_id": "CONF_1079",
        "connected_reaches": 2,
        "elevation_m": 100.0
      },
      "geometry": {
        "type": "Point",
        "coordinates": [
          101.1465,
          18.354
        ]
      }
    },
    {
      "type": "Feature",
      "id": "CONF_1080",
      "properties": {
        "confluence_id": "CONF_1080",
        "connected_reaches": 2,
        "elevation_m": 100.0
      },
      "geometry": {
        "type": "Point",
        "coordinates": [
          101.1616,
          18.3534
        ]
      }
    },
    {
      "type": "Feature",
      "id": "CONF_1081",
      "properties": {
        "confluence_id": "CONF_1081",
        "connected_reaches": 2,
        "elevation_m": 100.0
      },
      "geometry": {
        "type": "Point",
        "coordinates": [
          101.1651,
          18.3556
        ]
      }
    },
    {
      "type": "Feature",
      "id": "CONF_1082",
      "properties": {
        "confluence_id": "CONF_1082",
        "connected_reaches": 2,
        "elevation_m": 100.0
      },
      "geometry": {
        "type": "Point",
        "coordinates": [
          101.1664,
          18.3602
        ]
      }
    },
    {
      "type": "Feature",
      "id": "CONF_1083",
      "properties": {
        "confluence_id": "CONF_1083",
        "connected_reaches": 2,
        "elevation_m": 100.0
      },
      "geometry": {
        "type": "Point",
        "coordinates": [
          101.173,
          18.457
        ]
      }
    },
    {
      "type": "Feature",
      "id": "CONF_1084",
      "properties": {
        "confluence_id": "CONF_1084",
        "connected_reaches": 2,
        "elevation_m": 100.0
      },
      "geometry": {
        "type": "Point",
        "coordinates": [
          101.1866,
          18.4366
        ]
      }
    },
    {
      "type": "Feature",
      "id": "CONF_1085",
      "properties": {
        "confluence_id": "CONF_1085",
        "connected_reaches": 2,
        "elevation_m": 100.0
      },
      "geometry": {
        "type": "Point",
        "coordinates": [
          101.195,
          18.4474
        ]
      }
    },
    {
      "type": "Feature",
      "id": "CONF_1086",
      "properties": {
        "confluence_id": "CONF_1086",
        "connected_reaches": 2,
        "elevation_m": 100.0
      },
      "geometry": {
        "type": "Point",
        "coordinates": [
          101.2035,
          18.4384
        ]
      }
    },
    {
      "type": "Feature",
      "id": "CONF_1087",
      "properties": {
        "confluence_id": "CONF_1087",
        "connected_reaches": 2,
        "elevation_m": 100.0
      },
      "geometry": {
        "type": "Point",
        "coordinates": [
          101.1964,
          18.4506
        ]
      }
    },
    {
      "type": "Feature",
      "id": "CONF_1088",
      "properties": {
        "confluence_id": "CONF_1088",
        "connected_reaches": 2,
        "elevation_m": 100.0
      },
      "geometry": {
        "type": "Point",
        "coordinates": [
          101.185,
          18.4219
        ]
      }
    },
    {
      "type": "Feature",
      "id": "CONF_1089",
      "properties": {
        "confluence_id": "CONF_1089",
        "connected_reaches": 2,
        "elevation_m": 100.0
      },
      "geometry": {
        "type": "Point",
        "coordinates": [
          101.2069,
          18.4062
        ]
      }
    },
    {
      "type": "Feature",
      "id": "CONF_1090",
      "properties": {
        "confluence_id": "CONF_1090",
        "connected_reaches": 2,
        "elevation_m": 100.0
      },
      "geometry": {
        "type": "Point",
        "coordinates": [
          101.2122,
          18.397
        ]
      }
    },
    {
      "type": "Feature",
      "id": "CONF_1091",
      "properties": {
        "confluence_id": "CONF_1091",
        "connected_reaches": 2,
        "elevation_m": 100.0
      },
      "geometry": {
        "type": "Point",
        "coordinates": [
          101.1961,
          18.3995
        ]
      }
    },
    {
      "type": "Feature",
      "id": "CONF_1092",
      "properties": {
        "confluence_id": "CONF_1092",
        "connected_reaches": 2,
        "elevation_m": 100.0
      },
      "geometry": {
        "type": "Point",
        "coordinates": [
          101.1902,
          18.3988
        ]
      }
    },
    {
      "type": "Feature",
      "id": "CONF_1093",
      "properties": {
        "confluence_id": "CONF_1093",
        "connected_reaches": 2,
        "elevation_m": 100.0
      },
      "geometry": {
        "type": "Point",
        "coordinates": [
          101.1996,
          18.3747
        ]
      }
    },
    {
      "type": "Feature",
      "id": "CONF_1094",
      "properties": {
        "confluence_id": "CONF_1094",
        "connected_reaches": 2,
        "elevation_m": 100.0
      },
      "geometry": {
        "type": "Point",
        "coordinates": [
          101.2065,
          18.3798
        ]
      }
    },
    {
      "type": "Feature",
      "id": "CONF_1095",
      "properties": {
        "confluence_id": "CONF_1095",
        "connected_reaches": 2,
        "elevation_m": 100.0
      },
      "geometry": {
        "type": "Point",
        "coordinates": [
          101.2021,
          18.3747
        ]
      }
    },
    {
      "type": "Feature",
      "id": "CONF_1096",
      "properties": {
        "confluence_id": "CONF_1096",
        "connected_reaches": 2,
        "elevation_m": 100.0
      },
      "geometry": {
        "type": "Point",
        "coordinates": [
          101.1946,
          18.3692
        ]
      }
    },
    {
      "type": "Feature",
      "id": "CONF_1097",
      "properties": {
        "confluence_id": "CONF_1097",
        "connected_reaches": 2,
        "elevation_m": 100.0
      },
      "geometry": {
        "type": "Point",
        "coordinates": [
          101.2169,
          18.3996
        ]
      }
    },
    {
      "type": "Feature",
      "id": "CONF_1098",
      "properties": {
        "confluence_id": "CONF_1098",
        "connected_reaches": 2,
        "elevation_m": 100.0
      },
      "geometry": {
        "type": "Point",
        "coordinates": [
          101.2282,
          18.389
        ]
      }
    },
    {
      "type": "Feature",
      "id": "CONF_1099",
      "properties": {
        "confluence_id": "CONF_1099",
        "connected_reaches": 2,
        "elevation_m": 100.0
      },
      "geometry": {
        "type": "Point",
        "coordinates": [
          101.2255,
          18.3884
        ]
      }
    },
    {
      "type": "Feature",
      "id": "CONF_1100",
      "properties": {
        "confluence_id": "CONF_1100",
        "connected_reaches": 2,
        "elevation_m": 100.0
      },
      "geometry": {
        "type": "Point",
        "coordinates": [
          101.2315,
          18.4003
        ]
      }
    },
    {
      "type": "Feature",
      "id": "CONF_1101",
      "properties": {
        "confluence_id": "CONF_1101",
        "connected_reaches": 2,
        "elevation_m": 100.0
      },
      "geometry": {
        "type": "Point",
        "coordinates": [
          101.2355,
          18.393
        ]
      }
    },
    {
      "type": "Feature",
      "id": "CONF_1102",
      "properties": {
        "confluence_id": "CONF_1102",
        "connected_reaches": 2,
        "elevation_m": 100.0
      },
      "geometry": {
        "type": "Point",
        "coordinates": [
          101.2345,
          18.3339
        ]
      }
    },
    {
      "type": "Feature",
      "id": "CONF_1103",
      "properties": {
        "confluence_id": "CONF_1103",
        "connected_reaches": 2,
        "elevation_m": 100.0
      },
      "geometry": {
        "type": "Point",
        "coordinates": [
          101.2518,
          18.3251
        ]
      }
    },
    {
      "type": "Feature",
      "id": "CONF_1104",
      "properties": {
        "confluence_id": "CONF_1104",
        "connected_reaches": 2,
        "elevation_m": 100.0
      },
      "geometry": {
        "type": "Point",
        "coordinates": [
          101.2531,
          18.3314
        ]
      }
    },
    {
      "type": "Feature",
      "id": "CONF_1105",
      "properties": {
        "confluence_id": "CONF_1105",
        "connected_reaches": 3,
        "elevation_m": 100.0
      },
      "geometry": {
        "type": "Point",
        "coordinates": [
          101.2875,
          18.3169
        ]
      }
    },
    {
      "type": "Feature",
      "id": "CONF_1106",
      "properties": {
        "confluence_id": "CONF_1106",
        "connected_reaches": 2,
        "elevation_m": 100.0
      },
      "geometry": {
        "type": "Point",
        "coordinates": [
          101.2868,
          18.3185
        ]
      }
    },
    {
      "type": "Feature",
      "id": "CONF_1107",
      "properties": {
        "confluence_id": "CONF_1107",
        "connected_reaches": 2,
        "elevation_m": 100.0
      },
      "geometry": {
        "type": "Point",
        "coordinates": [
          101.2818,
          18.3106
        ]
      }
    },
    {
      "type": "Feature",
      "id": "CONF_1108",
      "properties": {
        "confluence_id": "CONF_1108",
        "connected_reaches": 2,
        "elevation_m": 100.0
      },
      "geometry": {
        "type": "Point",
        "coordinates": [
          101.2431,
          18.2209
        ]
      }
    },
    {
      "type": "Feature",
      "id": "CONF_1109",
      "properties": {
        "confluence_id": "CONF_1109",
        "connected_reaches": 2,
        "elevation_m": 100.0
      },
      "geometry": {
        "type": "Point",
        "coordinates": [
          101.2475,
          18.2078
        ]
      }
    },
    {
      "type": "Feature",
      "id": "CONF_1110",
      "properties": {
        "confluence_id": "CONF_1110",
        "connected_reaches": 2,
        "elevation_m": 100.0
      },
      "geometry": {
        "type": "Point",
        "coordinates": [
          101.3177,
          18.2979
        ]
      }
    },
    {
      "type": "Feature",
      "id": "CONF_1111",
      "properties": {
        "confluence_id": "CONF_1111",
        "connected_reaches": 2,
        "elevation_m": 100.0
      },
      "geometry": {
        "type": "Point",
        "coordinates": [
          101.3129,
          18.2939
        ]
      }
    },
    {
      "type": "Feature",
      "id": "CONF_1112",
      "properties": {
        "confluence_id": "CONF_1112",
        "connected_reaches": 3,
        "elevation_m": 100.0
      },
      "geometry": {
        "type": "Point",
        "coordinates": [
          101.3555,
          18.4206
        ]
      }
    },
    {
      "type": "Feature",
      "id": "CONF_1113",
      "properties": {
        "confluence_id": "CONF_1113",
        "connected_reaches": 2,
        "elevation_m": 100.0
      },
      "geometry": {
        "type": "Point",
        "coordinates": [
          101.3566,
          18.422
        ]
      }
    },
    {
      "type": "Feature",
      "id": "CONF_1114",
      "properties": {
        "confluence_id": "CONF_1114",
        "connected_reaches": 2,
        "elevation_m": 100.0
      },
      "geometry": {
        "type": "Point",
        "coordinates": [
          101.3544,
          18.4159
        ]
      }
    },
    {
      "type": "Feature",
      "id": "CONF_1115",
      "properties": {
        "confluence_id": "CONF_1115",
        "connected_reaches": 3,
        "elevation_m": 100.0
      },
      "geometry": {
        "type": "Point",
        "coordinates": [
          101.3573,
          18.4202
        ]
      }
    },
    {
      "type": "Feature",
      "id": "CONF_1116",
      "properties": {
        "confluence_id": "CONF_1116",
        "connected_reaches": 3,
        "elevation_m": 100.0
      },
      "geometry": {
        "type": "Point",
        "coordinates": [
          101.3624,
          18.4215
        ]
      }
    },
    {
      "type": "Feature",
      "id": "CONF_1117",
      "properties": {
        "confluence_id": "CONF_1117",
        "connected_reaches": 2,
        "elevation_m": 100.0
      },
      "geometry": {
        "type": "Point",
        "coordinates": [
          101.344,
          18.3864
        ]
      }
    },
    {
      "type": "Feature",
      "id": "CONF_1118",
      "properties": {
        "confluence_id": "CONF_1118",
        "connected_reaches": 3,
        "elevation_m": 100.0
      },
      "geometry": {
        "type": "Point",
        "coordinates": [
          101.3289,
          18.3569
        ]
      }
    },
    {
      "type": "Feature",
      "id": "CONF_1119",
      "properties": {
        "confluence_id": "CONF_1119",
        "connected_reaches": 2,
        "elevation_m": 100.0
      },
      "geometry": {
        "type": "Point",
        "coordinates": [
          101.3254,
          18.3588
        ]
      }
    },
    {
      "type": "Feature",
      "id": "CONF_1120",
      "properties": {
        "confluence_id": "CONF_1120",
        "connected_reaches": 3,
        "elevation_m": 100.0
      },
      "geometry": {
        "type": "Point",
        "coordinates": [
          101.2474,
          18.2054
        ]
      }
    },
    {
      "type": "Feature",
      "id": "CONF_1121",
      "properties": {
        "confluence_id": "CONF_1121",
        "connected_reaches": 3,
        "elevation_m": 100.0
      },
      "geometry": {
        "type": "Point",
        "coordinates": [
          101.255,
          18.2049
        ]
      }
    },
    {
      "type": "Feature",
      "id": "CONF_1122",
      "properties": {
        "confluence_id": "CONF_1122",
        "connected_reaches": 2,
        "elevation_m": 100.0
      },
      "geometry": {
        "type": "Point",
        "coordinates": [
          101.2064,
          18.1783
        ]
      }
    },
    {
      "type": "Feature",
      "id": "CONF_1123",
      "properties": {
        "confluence_id": "CONF_1123",
        "connected_reaches": 2,
        "elevation_m": 100.0
      },
      "geometry": {
        "type": "Point",
        "coordinates": [
          101.1959,
          18.1697
        ]
      }
    },
    {
      "type": "Feature",
      "id": "CONF_1124",
      "properties": {
        "confluence_id": "CONF_1124",
        "connected_reaches": 2,
        "elevation_m": 100.0
      },
      "geometry": {
        "type": "Point",
        "coordinates": [
          101.1937,
          18.1663
        ]
      }
    },
    {
      "type": "Feature",
      "id": "CONF_1125",
      "properties": {
        "confluence_id": "CONF_1125",
        "connected_reaches": 2,
        "elevation_m": 100.0
      },
      "geometry": {
        "type": "Point",
        "coordinates": [
          101.2095,
          18.1635
        ]
      }
    },
    {
      "type": "Feature",
      "id": "CONF_1126",
      "properties": {
        "confluence_id": "CONF_1126",
        "connected_reaches": 2,
        "elevation_m": 100.0
      },
      "geometry": {
        "type": "Point",
        "coordinates": [
          101.2111,
          18.1674
        ]
      }
    },
    {
      "type": "Feature",
      "id": "CONF_1127",
      "properties": {
        "confluence_id": "CONF_1127",
        "connected_reaches": 2,
        "elevation_m": 100.0
      },
      "geometry": {
        "type": "Point",
        "coordinates": [
          101.2171,
          18.1658
        ]
      }
    },
    {
      "type": "Feature",
      "id": "CONF_1128",
      "properties": {
        "confluence_id": "CONF_1128",
        "connected_reaches": 2,
        "elevation_m": 100.0
      },
      "geometry": {
        "type": "Point",
        "coordinates": [
          101.2414,
          18.1707
        ]
      }
    },
    {
      "type": "Feature",
      "id": "CONF_1129",
      "properties": {
        "confluence_id": "CONF_1129",
        "connected_reaches": 2,
        "elevation_m": 100.0
      },
      "geometry": {
        "type": "Point",
        "coordinates": [
          101.2389,
          18.1678
        ]
      }
    },
    {
      "type": "Feature",
      "id": "CONF_1130",
      "properties": {
        "confluence_id": "CONF_1130",
        "connected_reaches": 2,
        "elevation_m": 100.0
      },
      "geometry": {
        "type": "Point",
        "coordinates": [
          101.3396,
          18.3506
        ]
      }
    },
    {
      "type": "Feature",
      "id": "CONF_1131",
      "properties": {
        "confluence_id": "CONF_1131",
        "connected_reaches": 2,
        "elevation_m": 100.0
      },
      "geometry": {
        "type": "Point",
        "coordinates": [
          101.3204,
          18.3153
        ]
      }
    },
    {
      "type": "Feature",
      "id": "CONF_1132",
      "properties": {
        "confluence_id": "CONF_1132",
        "connected_reaches": 2,
        "elevation_m": 100.0
      },
      "geometry": {
        "type": "Point",
        "coordinates": [
          101.3591,
          18.4097
        ]
      }
    },
    {
      "type": "Feature",
      "id": "CONF_1133",
      "properties": {
        "confluence_id": "CONF_1133",
        "connected_reaches": 2,
        "elevation_m": 100.0
      },
      "geometry": {
        "type": "Point",
        "coordinates": [
          101.3627,
          18.4125
        ]
      }
    },
    {
      "type": "Feature",
      "id": "CONF_1134",
      "properties": {
        "confluence_id": "CONF_1134",
        "connected_reaches": 2,
        "elevation_m": 100.0
      },
      "geometry": {
        "type": "Point",
        "coordinates": [
          101.3515,
          18.4137
        ]
      }
    },
    {
      "type": "Feature",
      "id": "CONF_1135",
      "properties": {
        "confluence_id": "CONF_1135",
        "connected_reaches": 2,
        "elevation_m": 100.0
      },
      "geometry": {
        "type": "Point",
        "coordinates": [
          101.3449,
          18.3886
        ]
      }
    },
    {
      "type": "Feature",
      "id": "CONF_1136",
      "properties": {
        "confluence_id": "CONF_1136",
        "connected_reaches": 2,
        "elevation_m": 100.0
      },
      "geometry": {
        "type": "Point",
        "coordinates": [
          101.3518,
          18.3531
        ]
      }
    },
    {
      "type": "Feature",
      "id": "CONF_1137",
      "properties": {
        "confluence_id": "CONF_1137",
        "connected_reaches": 2,
        "elevation_m": 100.0
      },
      "geometry": {
        "type": "Point",
        "coordinates": [
          101.3644,
          18.3608
        ]
      }
    },
    {
      "type": "Feature",
      "id": "CONF_1138",
      "properties": {
        "confluence_id": "CONF_1138",
        "connected_reaches": 2,
        "elevation_m": 100.0
      },
      "geometry": {
        "type": "Point",
        "coordinates": [
          101.3791,
          18.4581
        ]
      }
    },
    {
      "type": "Feature",
      "id": "CONF_1139",
      "properties": {
        "confluence_id": "CONF_1139",
        "connected_reaches": 2,
        "elevation_m": 100.0
      },
      "geometry": {
        "type": "Point",
        "coordinates": [
          101.3832,
          18.465
        ]
      }
    },
    {
      "type": "Feature",
      "id": "CONF_1140",
      "properties": {
        "confluence_id": "CONF_1140",
        "connected_reaches": 3,
        "elevation_m": 100.0
      },
      "geometry": {
        "type": "Point",
        "coordinates": [
          101.3694,
          18.4406
        ]
      }
    },
    {
      "type": "Feature",
      "id": "CONF_1141",
      "properties": {
        "confluence_id": "CONF_1141",
        "connected_reaches": 2,
        "elevation_m": 100.0
      },
      "geometry": {
        "type": "Point",
        "coordinates": [
          101.3674,
          18.4356
        ]
      }
    },
    {
      "type": "Feature",
      "id": "CONF_1142",
      "properties": {
        "confluence_id": "CONF_1142",
        "connected_reaches": 2,
        "elevation_m": 100.0
      },
      "geometry": {
        "type": "Point",
        "coordinates": [
          101.3677,
          18.4421
        ]
      }
    },
    {
      "type": "Feature",
      "id": "CONF_1143",
      "properties": {
        "confluence_id": "CONF_1143",
        "connected_reaches": 2,
        "elevation_m": 100.0
      },
      "geometry": {
        "type": "Point",
        "coordinates": [
          101.3633,
          18.416
        ]
      }
    },
    {
      "type": "Feature",
      "id": "CONF_1144",
      "properties": {
        "confluence_id": "CONF_1144",
        "connected_reaches": 2,
        "elevation_m": 100.0
      },
      "geometry": {
        "type": "Point",
        "coordinates": [
          101.38,
          18.4273
        ]
      }
    },
    {
      "type": "Feature",
      "id": "CONF_1145",
      "properties": {
        "confluence_id": "CONF_1145",
        "connected_reaches": 2,
        "elevation_m": 100.0
      },
      "geometry": {
        "type": "Point",
        "coordinates": [
          101.3982,
          18.4282
        ]
      }
    },
    {
      "type": "Feature",
      "id": "CONF_1146",
      "properties": {
        "confluence_id": "CONF_1146",
        "connected_reaches": 3,
        "elevation_m": 100.0
      },
      "geometry": {
        "type": "Point",
        "coordinates": [
          101.3867,
          18.4056
        ]
      }
    },
    {
      "type": "Feature",
      "id": "CONF_1147",
      "properties": {
        "confluence_id": "CONF_1147",
        "connected_reaches": 3,
        "elevation_m": 100.0
      },
      "geometry": {
        "type": "Point",
        "coordinates": [
          101.384,
          18.4666
        ]
      }
    },
    {
      "type": "Feature",
      "id": "CONF_1148",
      "properties": {
        "confluence_id": "CONF_1148",
        "connected_reaches": 2,
        "elevation_m": 100.0
      },
      "geometry": {
        "type": "Point",
        "coordinates": [
          101.385,
          18.4707
        ]
      }
    },
    {
      "type": "Feature",
      "id": "CONF_1149",
      "properties": {
        "confluence_id": "CONF_1149",
        "connected_reaches": 2,
        "elevation_m": 100.0
      },
      "geometry": {
        "type": "Point",
        "coordinates": [
          101.4055,
          18.4411
        ]
      }
    },
    {
      "type": "Feature",
      "id": "CONF_1150",
      "properties": {
        "confluence_id": "CONF_1150",
        "connected_reaches": 2,
        "elevation_m": 100.0
      },
      "geometry": {
        "type": "Point",
        "coordinates": [
          101.4014,
          18.4499
        ]
      }
    },
    {
      "type": "Feature",
      "id": "CONF_1151",
      "properties": {
        "confluence_id": "CONF_1151",
        "connected_reaches": 2,
        "elevation_m": 100.0
      },
      "geometry": {
        "type": "Point",
        "coordinates": [
          101.4053,
          18.4508
        ]
      }
    },
    {
      "type": "Feature",
      "id": "CONF_1152",
      "properties": {
        "confluence_id": "CONF_1152",
        "connected_reaches": 2,
        "elevation_m": 100.0
      },
      "geometry": {
        "type": "Point",
        "coordinates": [
          101.4138,
          18.4609
        ]
      }
    },
    {
      "type": "Feature",
      "id": "CONF_1153",
      "properties": {
        "confluence_id": "CONF_1153",
        "connected_reaches": 2,
        "elevation_m": 100.0
      },
      "geometry": {
        "type": "Point",
        "coordinates": [
          101.3969,
          18.4291
        ]
      }
    },
    {
      "type": "Feature",
      "id": "CONF_1154",
      "properties": {
        "confluence_id": "CONF_1154",
        "connected_reaches": 2,
        "elevation_m": 100.0
      },
      "geometry": {
        "type": "Point",
        "coordinates": [
          101.3804,
          18.402
        ]
      }
    },
    {
      "type": "Feature",
      "id": "CONF_1155",
      "properties": {
        "confluence_id": "CONF_1155",
        "connected_reaches": 2,
        "elevation_m": 100.0
      },
      "geometry": {
        "type": "Point",
        "coordinates": [
          101.4165,
          18.447
        ]
      }
    },
    {
      "type": "Feature",
      "id": "CONF_1156",
      "properties": {
        "confluence_id": "CONF_1156",
        "connected_reaches": 2,
        "elevation_m": 100.0
      },
      "geometry": {
        "type": "Point",
        "coordinates": [
          101.4534,
          18.5097
        ]
      }
    },
    {
      "type": "Feature",
      "id": "CONF_1157",
      "properties": {
        "confluence_id": "CONF_1157",
        "connected_reaches": 2,
        "elevation_m": 100.0
      },
      "geometry": {
        "type": "Point",
        "coordinates": [
          101.4582,
          18.5064
        ]
      }
    },
    {
      "type": "Feature",
      "id": "CONF_1158",
      "properties": {
        "confluence_id": "CONF_1158",
        "connected_reaches": 2,
        "elevation_m": 100.0
      },
      "geometry": {
        "type": "Point",
        "coordinates": [
          101.4664,
          18.5058
        ]
      }
    },
    {
      "type": "Feature",
      "id": "CONF_1159",
      "properties": {
        "confluence_id": "CONF_1159",
        "connected_reaches": 2,
        "elevation_m": 100.0
      },
      "geometry": {
        "type": "Point",
        "coordinates": [
          101.2353,
          18.5624
        ]
      }
    },
    {
      "type": "Feature",
      "id": "CONF_1160",
      "properties": {
        "confluence_id": "CONF_1160",
        "connected_reaches": 2,
        "elevation_m": 100.0
      },
      "geometry": {
        "type": "Point",
        "coordinates": [
          101.4704,
          18.5625
        ]
      }
    },
    {
      "type": "Feature",
      "id": "CONF_1161",
      "properties": {
        "confluence_id": "CONF_1161",
        "connected_reaches": 2,
        "elevation_m": 100.0
      },
      "geometry": {
        "type": "Point",
        "coordinates": [
          101.4704,
          18.5646
        ]
      }
    },
    {
      "type": "Feature",
      "id": "CONF_1162",
      "properties": {
        "confluence_id": "CONF_1162",
        "connected_reaches": 2,
        "elevation_m": 100.0
      },
      "geometry": {
        "type": "Point",
        "coordinates": [
          101.2411,
          18.5664
        ]
      }
    },
    {
      "type": "Feature",
      "id": "CONF_1163",
      "properties": {
        "confluence_id": "CONF_1163",
        "connected_reaches": 2,
        "elevation_m": 100.0
      },
      "geometry": {
        "type": "Point",
        "coordinates": [
          101.2511,
          18.5707
        ]
      }
    },
    {
      "type": "Feature",
      "id": "CONF_1164",
      "properties": {
        "confluence_id": "CONF_1164",
        "connected_reaches": 2,
        "elevation_m": 100.0
      },
      "geometry": {
        "type": "Point",
        "coordinates": [
          101.2349,
          18.5674
        ]
      }
    },
    {
      "type": "Feature",
      "id": "CONF_1165",
      "properties": {
        "confluence_id": "CONF_1165",
        "connected_reaches": 2,
        "elevation_m": 100.0
      },
      "geometry": {
        "type": "Point",
        "coordinates": [
          101.2506,
          18.5745
        ]
      }
    },
    {
      "type": "Feature",
      "id": "CONF_1166",
      "properties": {
        "confluence_id": "CONF_1166",
        "connected_reaches": 2,
        "elevation_m": 100.0
      },
      "geometry": {
        "type": "Point",
        "coordinates": [
          101.2504,
          18.5807
        ]
      }
    },
    {
      "type": "Feature",
      "id": "CONF_1167",
      "properties": {
        "confluence_id": "CONF_1167",
        "connected_reaches": 2,
        "elevation_m": 100.0
      },
      "geometry": {
        "type": "Point",
        "coordinates": [
          101.2605,
          18.5666
        ]
      }
    },
    {
      "type": "Feature",
      "id": "CONF_1168",
      "properties": {
        "confluence_id": "CONF_1168",
        "connected_reaches": 2,
        "elevation_m": 100.0
      },
      "geometry": {
        "type": "Point",
        "coordinates": [
          101.2646,
          18.5731
        ]
      }
    },
    {
      "type": "Feature",
      "id": "CONF_1169",
      "properties": {
        "confluence_id": "CONF_1169",
        "connected_reaches": 2,
        "elevation_m": 100.0
      },
      "geometry": {
        "type": "Point",
        "coordinates": [
          101.264,
          18.572
        ]
      }
    },
    {
      "type": "Feature",
      "id": "CONF_1170",
      "properties": {
        "confluence_id": "CONF_1170",
        "connected_reaches": 2,
        "elevation_m": 100.0
      },
      "geometry": {
        "type": "Point",
        "coordinates": [
          101.4093,
          18.5801
        ]
      }
    },
    {
      "type": "Feature",
      "id": "CONF_1171",
      "properties": {
        "confluence_id": "CONF_1171",
        "connected_reaches": 2,
        "elevation_m": 100.0
      },
      "geometry": {
        "type": "Point",
        "coordinates": [
          101.4574,
          18.5781
        ]
      }
    },
    {
      "type": "Feature",
      "id": "CONF_1172",
      "properties": {
        "confluence_id": "CONF_1172",
        "connected_reaches": 2,
        "elevation_m": 100.0
      },
      "geometry": {
        "type": "Point",
        "coordinates": [
          101.4592,
          18.5745
        ]
      }
    },
    {
      "type": "Feature",
      "id": "CONF_1173",
      "properties": {
        "confluence_id": "CONF_1173",
        "connected_reaches": 2,
        "elevation_m": 100.0
      },
      "geometry": {
        "type": "Point",
        "coordinates": [
          101.4125,
          18.5973
        ]
      }
    },
    {
      "type": "Feature",
      "id": "CONF_1174",
      "properties": {
        "confluence_id": "CONF_1174",
        "connected_reaches": 2,
        "elevation_m": 100.0
      },
      "geometry": {
        "type": "Point",
        "coordinates": [
          101.4208,
          18.61
        ]
      }
    },
    {
      "type": "Feature",
      "id": "CONF_1175",
      "properties": {
        "confluence_id": "CONF_1175",
        "connected_reaches": 2,
        "elevation_m": 100.0
      },
      "geometry": {
        "type": "Point",
        "coordinates": [
          101.4228,
          18.6126
        ]
      }
    },
    {
      "type": "Feature",
      "id": "CONF_1176",
      "properties": {
        "confluence_id": "CONF_1176",
        "connected_reaches": 3,
        "elevation_m": 100.0
      },
      "geometry": {
        "type": "Point",
        "coordinates": [
          101.4669,
          18.611
        ]
      }
    },
    {
      "type": "Feature",
      "id": "CONF_1177",
      "properties": {
        "confluence_id": "CONF_1177",
        "connected_reaches": 2,
        "elevation_m": 100.0
      },
      "geometry": {
        "type": "Point",
        "coordinates": [
          101.4924,
          18.6065
        ]
      }
    },
    {
      "type": "Feature",
      "id": "CONF_1178",
      "properties": {
        "confluence_id": "CONF_1178",
        "connected_reaches": 2,
        "elevation_m": 100.0
      },
      "geometry": {
        "type": "Point",
        "coordinates": [
          101.3244,
          18.6478
        ]
      }
    },
    {
      "type": "Feature",
      "id": "CONF_1179",
      "properties": {
        "confluence_id": "CONF_1179",
        "connected_reaches": 3,
        "elevation_m": 100.0
      },
      "geometry": {
        "type": "Point",
        "coordinates": [
          101.4762,
          18.6277
        ]
      }
    },
    {
      "type": "Feature",
      "id": "CONF_1180",
      "properties": {
        "confluence_id": "CONF_1180",
        "connected_reaches": 2,
        "elevation_m": 100.0
      },
      "geometry": {
        "type": "Point",
        "coordinates": [
          101.4766,
          18.6317
        ]
      }
    },
    {
      "type": "Feature",
      "id": "CONF_1181",
      "properties": {
        "confluence_id": "CONF_1181",
        "connected_reaches": 2,
        "elevation_m": 100.0
      },
      "geometry": {
        "type": "Point",
        "coordinates": [
          101.4772,
          18.6287
        ]
      }
    },
    {
      "type": "Feature",
      "id": "CONF_1182",
      "properties": {
        "confluence_id": "CONF_1182",
        "connected_reaches": 2,
        "elevation_m": 100.0
      },
      "geometry": {
        "type": "Point",
        "coordinates": [
          101.4848,
          18.6315
        ]
      }
    },
    {
      "type": "Feature",
      "id": "CONF_1183",
      "properties": {
        "confluence_id": "CONF_1183",
        "connected_reaches": 2,
        "elevation_m": 100.0
      },
      "geometry": {
        "type": "Point",
        "coordinates": [
          101.4866,
          18.6301
        ]
      }
    },
    {
      "type": "Feature",
      "id": "CONF_1184",
      "properties": {
        "confluence_id": "CONF_1184",
        "connected_reaches": 2,
        "elevation_m": 100.0
      },
      "geometry": {
        "type": "Point",
        "coordinates": [
          101.4894,
          18.6331
        ]
      }
    },
    {
      "type": "Feature",
      "id": "CONF_1185",
      "properties": {
        "confluence_id": "CONF_1185",
        "connected_reaches": 2,
        "elevation_m": 100.0
      },
      "geometry": {
        "type": "Point",
        "coordinates": [
          101.4856,
          18.6466
        ]
      }
    },
    {
      "type": "Feature",
      "id": "CONF_1186",
      "properties": {
        "confluence_id": "CONF_1186",
        "connected_reaches": 2,
        "elevation_m": 100.0
      },
      "geometry": {
        "type": "Point",
        "coordinates": [
          101.3234,
          18.6513
        ]
      }
    },
    {
      "type": "Feature",
      "id": "CONF_1187",
      "properties": {
        "confluence_id": "CONF_1187",
        "connected_reaches": 2,
        "elevation_m": 100.0
      },
      "geometry": {
        "type": "Point",
        "coordinates": [
          101.3251,
          18.6542
        ]
      }
    },
    {
      "type": "Feature",
      "id": "CONF_1188",
      "properties": {
        "confluence_id": "CONF_1188",
        "connected_reaches": 2,
        "elevation_m": 100.0
      },
      "geometry": {
        "type": "Point",
        "coordinates": [
          101.3262,
          18.6541
        ]
      }
    },
    {
      "type": "Feature",
      "id": "CONF_1189",
      "properties": {
        "confluence_id": "CONF_1189",
        "connected_reaches": 2,
        "elevation_m": 100.0
      },
      "geometry": {
        "type": "Point",
        "coordinates": [
          101.4944,
          18.6641
        ]
      }
    },
    {
      "type": "Feature",
      "id": "CONF_1190",
      "properties": {
        "confluence_id": "CONF_1190",
        "connected_reaches": 2,
        "elevation_m": 100.0
      },
      "geometry": {
        "type": "Point",
        "coordinates": [
          101.3146,
          18.6923
        ]
      }
    },
    {
      "type": "Feature",
      "id": "CONF_1191",
      "properties": {
        "confluence_id": "CONF_1191",
        "connected_reaches": 2,
        "elevation_m": 100.0
      },
      "geometry": {
        "type": "Point",
        "coordinates": [
          101.3276,
          18.6827
        ]
      }
    },
    {
      "type": "Feature",
      "id": "CONF_1192",
      "properties": {
        "confluence_id": "CONF_1192",
        "connected_reaches": 2,
        "elevation_m": 100.0
      },
      "geometry": {
        "type": "Point",
        "coordinates": [
          101.3327,
          18.6886
        ]
      }
    },
    {
      "type": "Feature",
      "id": "CONF_1193",
      "properties": {
        "confluence_id": "CONF_1193",
        "connected_reaches": 2,
        "elevation_m": 100.0
      },
      "geometry": {
        "type": "Point",
        "coordinates": [
          101.4472,
          18.683
        ]
      }
    },
    {
      "type": "Feature",
      "id": "CONF_1194",
      "properties": {
        "confluence_id": "CONF_1194",
        "connected_reaches": 2,
        "elevation_m": 100.0
      },
      "geometry": {
        "type": "Point",
        "coordinates": [
          101.4511,
          18.6866
        ]
      }
    },
    {
      "type": "Feature",
      "id": "CONF_1195",
      "properties": {
        "confluence_id": "CONF_1195",
        "connected_reaches": 2,
        "elevation_m": 100.0
      },
      "geometry": {
        "type": "Point",
        "coordinates": [
          101.4355,
          18.6826
        ]
      }
    },
    {
      "type": "Feature",
      "id": "CONF_1196",
      "properties": {
        "confluence_id": "CONF_1196",
        "connected_reaches": 2,
        "elevation_m": 100.0
      },
      "geometry": {
        "type": "Point",
        "coordinates": [
          101.4316,
          18.6796
        ]
      }
    },
    {
      "type": "Feature",
      "id": "CONF_1197",
      "properties": {
        "confluence_id": "CONF_1197",
        "connected_reaches": 2,
        "elevation_m": 100.0
      },
      "geometry": {
        "type": "Point",
        "coordinates": [
          101.4539,
          18.6866
        ]
      }
    },
    {
      "type": "Feature",
      "id": "CONF_1198",
      "properties": {
        "confluence_id": "CONF_1198",
        "connected_reaches": 2,
        "elevation_m": 100.0
      },
      "geometry": {
        "type": "Point",
        "coordinates": [
          101.4558,
          18.686
        ]
      }
    },
    {
      "type": "Feature",
      "id": "CONF_1199",
      "properties": {
        "confluence_id": "CONF_1199",
        "connected_reaches": 2,
        "elevation_m": 100.0
      },
      "geometry": {
        "type": "Point",
        "coordinates": [
          101.4602,
          18.6881
        ]
      }
    },
    {
      "type": "Feature",
      "id": "CONF_1200",
      "properties": {
        "confluence_id": "CONF_1200",
        "connected_reaches": 2,
        "elevation_m": 100.0
      },
      "geometry": {
        "type": "Point",
        "coordinates": [
          101.4695,
          18.6883
        ]
      }
    },
    {
      "type": "Feature",
      "id": "CONF_1201",
      "properties": {
        "confluence_id": "CONF_1201",
        "connected_reaches": 2,
        "elevation_m": 100.0
      },
      "geometry": {
        "type": "Point",
        "coordinates": [
          101.4922,
          18.6719
        ]
      }
    },
    {
      "type": "Feature",
      "id": "CONF_1202",
      "properties": {
        "confluence_id": "CONF_1202",
        "connected_reaches": 3,
        "elevation_m": 100.0
      },
      "geometry": {
        "type": "Point",
        "coordinates": [
          101.4959,
          18.6787
        ]
      }
    },
    {
      "type": "Feature",
      "id": "CONF_1203",
      "properties": {
        "confluence_id": "CONF_1203",
        "connected_reaches": 2,
        "elevation_m": 100.0
      },
      "geometry": {
        "type": "Point",
        "coordinates": [
          101.5118,
          18.6747
        ]
      }
    },
    {
      "type": "Feature",
      "id": "CONF_1204",
      "properties": {
        "confluence_id": "CONF_1204",
        "connected_reaches": 2,
        "elevation_m": 100.0
      },
      "geometry": {
        "type": "Point",
        "coordinates": [
          101.271,
          18.7321
        ]
      }
    },
    {
      "type": "Feature",
      "id": "CONF_1205",
      "properties": {
        "confluence_id": "CONF_1205",
        "connected_reaches": 2,
        "elevation_m": 100.0
      },
      "geometry": {
        "type": "Point",
        "coordinates": [
          101.3112,
          18.7398
        ]
      }
    },
    {
      "type": "Feature",
      "id": "CONF_1206",
      "properties": {
        "confluence_id": "CONF_1206",
        "connected_reaches": 2,
        "elevation_m": 100.0
      },
      "geometry": {
        "type": "Point",
        "coordinates": [
          101.2761,
          18.7336
        ]
      }
    },
    {
      "type": "Feature",
      "id": "CONF_1207",
      "properties": {
        "confluence_id": "CONF_1207",
        "connected_reaches": 2,
        "elevation_m": 100.0
      },
      "geometry": {
        "type": "Point",
        "coordinates": [
          101.2771,
          18.7422
        ]
      }
    },
    {
      "type": "Feature",
      "id": "CONF_1208",
      "properties": {
        "confluence_id": "CONF_1208",
        "connected_reaches": 2,
        "elevation_m": 100.0
      },
      "geometry": {
        "type": "Point",
        "coordinates": [
          101.2812,
          18.7347
        ]
      }
    },
    {
      "type": "Feature",
      "id": "CONF_1209",
      "properties": {
        "confluence_id": "CONF_1209",
        "connected_reaches": 2,
        "elevation_m": 100.0
      },
      "geometry": {
        "type": "Point",
        "coordinates": [
          101.2877,
          18.7468
        ]
      }
    },
    {
      "type": "Feature",
      "id": "CONF_1210",
      "properties": {
        "confluence_id": "CONF_1210",
        "connected_reaches": 2,
        "elevation_m": 100.0
      },
      "geometry": {
        "type": "Point",
        "coordinates": [
          101.3228,
          18.7713
        ]
      }
    },
    {
      "type": "Feature",
      "id": "CONF_1211",
      "properties": {
        "confluence_id": "CONF_1211",
        "connected_reaches": 2,
        "elevation_m": 100.0
      },
      "geometry": {
        "type": "Point",
        "coordinates": [
          101.3396,
          18.776
        ]
      }
    },
    {
      "type": "Feature",
      "id": "CONF_1212",
      "properties": {
        "confluence_id": "CONF_1212",
        "connected_reaches": 2,
        "elevation_m": 100.0
      },
      "geometry": {
        "type": "Point",
        "coordinates": [
          101.3824,
          18.7547
        ]
      }
    },
    {
      "type": "Feature",
      "id": "CONF_1213",
      "properties": {
        "confluence_id": "CONF_1213",
        "connected_reaches": 2,
        "elevation_m": 100.0
      },
      "geometry": {
        "type": "Point",
        "coordinates": [
          101.366,
          18.7717
        ]
      }
    },
    {
      "type": "Feature",
      "id": "CONF_1214",
      "properties": {
        "confluence_id": "CONF_1214",
        "connected_reaches": 2,
        "elevation_m": 100.0
      },
      "geometry": {
        "type": "Point",
        "coordinates": [
          101.3958,
          18.7719
        ]
      }
    },
    {
      "type": "Feature",
      "id": "CONF_1215",
      "properties": {
        "confluence_id": "CONF_1215",
        "connected_reaches": 3,
        "elevation_m": 100.0
      },
      "geometry": {
        "type": "Point",
        "coordinates": [
          101.5116,
          18.774
        ]
      }
    },
    {
      "type": "Feature",
      "id": "CONF_1216",
      "properties": {
        "confluence_id": "CONF_1216",
        "connected_reaches": 2,
        "elevation_m": 100.0
      },
      "geometry": {
        "type": "Point",
        "coordinates": [
          101.5072,
          18.7767
        ]
      }
    },
    {
      "type": "Feature",
      "id": "CONF_1217",
      "properties": {
        "confluence_id": "CONF_1217",
        "connected_reaches": 2,
        "elevation_m": 100.0
      },
      "geometry": {
        "type": "Point",
        "coordinates": [
          101.3055,
          18.7866
        ]
      }
    },
    {
      "type": "Feature",
      "id": "CONF_1218",
      "properties": {
        "confluence_id": "CONF_1218",
        "connected_reaches": 2,
        "elevation_m": 100.0
      },
      "geometry": {
        "type": "Point",
        "coordinates": [
          101.3386,
          18.7805
        ]
      }
    },
    {
      "type": "Feature",
      "id": "CONF_1219",
      "properties": {
        "confluence_id": "CONF_1219",
        "connected_reaches": 2,
        "elevation_m": 100.0
      },
      "geometry": {
        "type": "Point",
        "coordinates": [
          101.3382,
          18.7774
        ]
      }
    },
    {
      "type": "Feature",
      "id": "CONF_1220",
      "properties": {
        "confluence_id": "CONF_1220",
        "connected_reaches": 2,
        "elevation_m": 100.0
      },
      "geometry": {
        "type": "Point",
        "coordinates": [
          101.3474,
          18.7925
        ]
      }
    },
    {
      "type": "Feature",
      "id": "CONF_1221",
      "properties": {
        "confluence_id": "CONF_1221",
        "connected_reaches": 2,
        "elevation_m": 100.0
      },
      "geometry": {
        "type": "Point",
        "coordinates": [
          101.3624,
          18.7665
        ]
      }
    },
    {
      "type": "Feature",
      "id": "CONF_1222",
      "properties": {
        "confluence_id": "CONF_1222",
        "connected_reaches": 2,
        "elevation_m": 100.0
      },
      "geometry": {
        "type": "Point",
        "coordinates": [
          101.3624,
          18.7673
        ]
      }
    },
    {
      "type": "Feature",
      "id": "CONF_1223",
      "properties": {
        "confluence_id": "CONF_1223",
        "connected_reaches": 2,
        "elevation_m": 100.0
      },
      "geometry": {
        "type": "Point",
        "coordinates": [
          101.3639,
          18.7722
        ]
      }
    },
    {
      "type": "Feature",
      "id": "CONF_1224",
      "properties": {
        "confluence_id": "CONF_1224",
        "connected_reaches": 2,
        "elevation_m": 100.0
      },
      "geometry": {
        "type": "Point",
        "coordinates": [
          101.3829,
          18.7859
        ]
      }
    },
    {
      "type": "Feature",
      "id": "CONF_1225",
      "properties": {
        "confluence_id": "CONF_1225",
        "connected_reaches": 2,
        "elevation_m": 100.0
      },
      "geometry": {
        "type": "Point",
        "coordinates": [
          101.3821,
          18.7925
        ]
      }
    },
    {
      "type": "Feature",
      "id": "CONF_1226",
      "properties": {
        "confluence_id": "CONF_1226",
        "connected_reaches": 2,
        "elevation_m": 100.0
      },
      "geometry": {
        "type": "Point",
        "coordinates": [
          101.3777,
          18.7775
        ]
      }
    },
    {
      "type": "Feature",
      "id": "CONF_1227",
      "properties": {
        "confluence_id": "CONF_1227",
        "connected_reaches": 3,
        "elevation_m": 100.0
      },
      "geometry": {
        "type": "Point",
        "coordinates": [
          101.4912,
          18.8399
        ]
      }
    },
    {
      "type": "Feature",
      "id": "CONF_1228",
      "properties": {
        "confluence_id": "CONF_1228",
        "connected_reaches": 2,
        "elevation_m": 100.0
      },
      "geometry": {
        "type": "Point",
        "coordinates": [
          101.4917,
          18.8396
        ]
      }
    },
    {
      "type": "Feature",
      "id": "CONF_1229",
      "properties": {
        "confluence_id": "CONF_1229",
        "connected_reaches": 2,
        "elevation_m": 100.0
      },
      "geometry": {
        "type": "Point",
        "coordinates": [
          101.4862,
          18.8397
        ]
      }
    },
    {
      "type": "Feature",
      "id": "CONF_1230",
      "properties": {
        "confluence_id": "CONF_1230",
        "connected_reaches": 2,
        "elevation_m": 100.0
      },
      "geometry": {
        "type": "Point",
        "coordinates": [
          101.4477,
          18.8648
        ]
      }
    },
    {
      "type": "Feature",
      "id": "CONF_1231",
      "properties": {
        "confluence_id": "CONF_1231",
        "connected_reaches": 2,
        "elevation_m": 100.0
      },
      "geometry": {
        "type": "Point",
        "coordinates": [
          101.4028,
          18.7924
        ]
      }
    },
    {
      "type": "Feature",
      "id": "CONF_1232",
      "properties": {
        "confluence_id": "CONF_1232",
        "connected_reaches": 2,
        "elevation_m": 100.0
      },
      "geometry": {
        "type": "Point",
        "coordinates": [
          101.2996,
          18.8068
        ]
      }
    },
    {
      "type": "Feature",
      "id": "CONF_1233",
      "properties": {
        "confluence_id": "CONF_1233",
        "connected_reaches": 2,
        "elevation_m": 100.0
      },
      "geometry": {
        "type": "Point",
        "coordinates": [
          101.3007,
          18.8025
        ]
      }
    },
    {
      "type": "Feature",
      "id": "CONF_1234",
      "properties": {
        "confluence_id": "CONF_1234",
        "connected_reaches": 2,
        "elevation_m": 100.0
      },
      "geometry": {
        "type": "Point",
        "coordinates": [
          101.3005,
          18.8048
        ]
      }
    },
    {
      "type": "Feature",
      "id": "CONF_1235",
      "properties": {
        "confluence_id": "CONF_1235",
        "connected_reaches": 2,
        "elevation_m": 100.0
      },
      "geometry": {
        "type": "Point",
        "coordinates": [
          101.3191,
          18.8097
        ]
      }
    },
    {
      "type": "Feature",
      "id": "CONF_1236",
      "properties": {
        "confluence_id": "CONF_1236",
        "connected_reaches": 2,
        "elevation_m": 100.0
      },
      "geometry": {
        "type": "Point",
        "coordinates": [
          101.3173,
          18.8119
        ]
      }
    },
    {
      "type": "Feature",
      "id": "CONF_1237",
      "properties": {
        "confluence_id": "CONF_1237",
        "connected_reaches": 2,
        "elevation_m": 100.0
      },
      "geometry": {
        "type": "Point",
        "coordinates": [
          101.3397,
          18.81
        ]
      }
    },
    {
      "type": "Feature",
      "id": "CONF_1238",
      "properties": {
        "confluence_id": "CONF_1238",
        "connected_reaches": 2,
        "elevation_m": 100.0
      },
      "geometry": {
        "type": "Point",
        "coordinates": [
          101.3505,
          18.8131
        ]
      }
    },
    {
      "type": "Feature",
      "id": "CONF_1239",
      "properties": {
        "confluence_id": "CONF_1239",
        "connected_reaches": 2,
        "elevation_m": 100.0
      },
      "geometry": {
        "type": "Point",
        "coordinates": [
          101.3575,
          18.8025
        ]
      }
    },
    {
      "type": "Feature",
      "id": "CONF_1240",
      "properties": {
        "confluence_id": "CONF_1240",
        "connected_reaches": 2,
        "elevation_m": 100.0
      },
      "geometry": {
        "type": "Point",
        "coordinates": [
          101.38,
          18.8141
        ]
      }
    },
    {
      "type": "Feature",
      "id": "CONF_1241",
      "properties": {
        "confluence_id": "CONF_1241",
        "connected_reaches": 2,
        "elevation_m": 100.0
      },
      "geometry": {
        "type": "Point",
        "coordinates": [
          101.3179,
          18.8145
        ]
      }
    },
    {
      "type": "Feature",
      "id": "CONF_1242",
      "properties": {
        "confluence_id": "CONF_1242",
        "connected_reaches": 3,
        "elevation_m": 100.0
      },
      "geometry": {
        "type": "Point",
        "coordinates": [
          101.374,
          18.8179
        ]
      }
    },
    {
      "type": "Feature",
      "id": "CONF_1243",
      "properties": {
        "confluence_id": "CONF_1243",
        "connected_reaches": 2,
        "elevation_m": 100.0
      },
      "geometry": {
        "type": "Point",
        "coordinates": [
          101.3756,
          18.817
        ]
      }
    },
    {
      "type": "Feature",
      "id": "CONF_1244",
      "properties": {
        "confluence_id": "CONF_1244",
        "connected_reaches": 2,
        "elevation_m": 100.0
      },
      "geometry": {
        "type": "Point",
        "coordinates": [
          101.43,
          18.8449
        ]
      }
    },
    {
      "type": "Feature",
      "id": "CONF_1245",
      "properties": {
        "confluence_id": "CONF_1245",
        "connected_reaches": 2,
        "elevation_m": 100.0
      },
      "geometry": {
        "type": "Point",
        "coordinates": [
          101.4379,
          18.8441
        ]
      }
    },
    {
      "type": "Feature",
      "id": "CONF_1246",
      "properties": {
        "confluence_id": "CONF_1246",
        "connected_reaches": 2,
        "elevation_m": 100.0
      },
      "geometry": {
        "type": "Point",
        "coordinates": [
          101.4306,
          18.8449
        ]
      }
    },
    {
      "type": "Feature",
      "id": "CONF_1247",
      "properties": {
        "confluence_id": "CONF_1247",
        "connected_reaches": 2,
        "elevation_m": 100.0
      },
      "geometry": {
        "type": "Point",
        "coordinates": [
          101.4867,
          18.8642
        ]
      }
    },
    {
      "type": "Feature",
      "id": "CONF_1248",
      "properties": {
        "confluence_id": "CONF_1248",
        "connected_reaches": 2,
        "elevation_m": 100.0
      },
      "geometry": {
        "type": "Point",
        "coordinates": [
          101.4953,
          18.8682
        ]
      }
    },
    {
      "type": "Feature",
      "id": "CONF_1249",
      "properties": {
        "confluence_id": "CONF_1249",
        "connected_reaches": 2,
        "elevation_m": 100.0
      },
      "geometry": {
        "type": "Point",
        "coordinates": [
          101.502,
          18.8669
        ]
      }
    },
    {
      "type": "Feature",
      "id": "CONF_1250",
      "properties": {
        "confluence_id": "CONF_1250",
        "connected_reaches": 2,
        "elevation_m": 100.0
      },
      "geometry": {
        "type": "Point",
        "coordinates": [
          101.4988,
          18.8668
        ]
      }
    },
    {
      "type": "Feature",
      "id": "CONF_1251",
      "properties": {
        "confluence_id": "CONF_1251",
        "connected_reaches": 2,
        "elevation_m": 100.0
      },
      "geometry": {
        "type": "Point",
        "coordinates": [
          101.4976,
          18.8674
        ]
      }
    },
    {
      "type": "Feature",
      "id": "CONF_1252",
      "properties": {
        "confluence_id": "CONF_1252",
        "connected_reaches": 2,
        "elevation_m": 100.0
      },
      "geometry": {
        "type": "Point",
        "coordinates": [
          101.2952,
          18.8835
        ]
      }
    },
    {
      "type": "Feature",
      "id": "CONF_1253",
      "properties": {
        "confluence_id": "CONF_1253",
        "connected_reaches": 2,
        "elevation_m": 100.0
      },
      "geometry": {
        "type": "Point",
        "coordinates": [
          101.3187,
          18.8815
        ]
      }
    },
    {
      "type": "Feature",
      "id": "CONF_1254",
      "properties": {
        "confluence_id": "CONF_1254",
        "connected_reaches": 2,
        "elevation_m": 100.0
      },
      "geometry": {
        "type": "Point",
        "coordinates": [
          101.3309,
          18.8938
        ]
      }
    },
    {
      "type": "Feature",
      "id": "CONF_1255",
      "properties": {
        "confluence_id": "CONF_1255",
        "connected_reaches": 2,
        "elevation_m": 100.0
      },
      "geometry": {
        "type": "Point",
        "coordinates": [
          101.3416,
          18.9667
        ]
      }
    },
    {
      "type": "Feature",
      "id": "CONF_1256",
      "properties": {
        "confluence_id": "CONF_1256",
        "connected_reaches": 2,
        "elevation_m": 100.0
      },
      "geometry": {
        "type": "Point",
        "coordinates": [
          101.5062,
          18.9933
        ]
      }
    },
    {
      "type": "Feature",
      "id": "CONF_1257",
      "properties": {
        "confluence_id": "CONF_1257",
        "connected_reaches": 2,
        "elevation_m": 100.0
      },
      "geometry": {
        "type": "Point",
        "coordinates": [
          101.4952,
          18.9982
        ]
      }
    },
    {
      "type": "Feature",
      "id": "CONF_1258",
      "properties": {
        "confluence_id": "CONF_1258",
        "connected_reaches": 2,
        "elevation_m": 100.0
      },
      "geometry": {
        "type": "Point",
        "coordinates": [
          99.8646,
          17.1668
        ]
      }
    },
    {
      "type": "Feature",
      "id": "CONF_1259",
      "properties": {
        "confluence_id": "CONF_1259",
        "connected_reaches": 3,
        "elevation_m": 100.0
      },
      "geometry": {
        "type": "Point",
        "coordinates": [
          100.7229,
          16.1232
        ]
      }
    },
    {
      "type": "Feature",
      "id": "CONF_1260",
      "properties": {
        "confluence_id": "CONF_1260",
        "connected_reaches": 2,
        "elevation_m": 100.0
      },
      "geometry": {
        "type": "Point",
        "coordinates": [
          100.3647,
          16.3799
        ]
      }
    },
    {
      "type": "Feature",
      "id": "CONF_1261",
      "properties": {
        "confluence_id": "CONF_1261",
        "connected_reaches": 2,
        "elevation_m": 100.0
      },
      "geometry": {
        "type": "Point",
        "coordinates": [
          100.1514,
          16.9343
        ]
      }
    },
    {
      "type": "Feature",
      "id": "CONF_1262",
      "properties": {
        "confluence_id": "CONF_1262",
        "connected_reaches": 2,
        "elevation_m": 100.0
      },
      "geometry": {
        "type": "Point",
        "coordinates": [
          99.9791,
          17.3071
        ]
      }
    },
    {
      "type": "Feature",
      "id": "CONF_1263",
      "properties": {
        "confluence_id": "CONF_1263",
        "connected_reaches": 2,
        "elevation_m": 100.0
      },
      "geometry": {
        "type": "Point",
        "coordinates": [
          99.4952,
          16.4549
        ]
      }
    },
    {
      "type": "Feature",
      "id": "CONF_1264",
      "properties": {
        "confluence_id": "CONF_1264",
        "connected_reaches": 2,
        "elevation_m": 100.0
      },
      "geometry": {
        "type": "Point",
        "coordinates": [
          99.9188,
          17.1944
        ]
      }
    },
    {
      "type": "Feature",
      "id": "CONF_1265",
      "properties": {
        "confluence_id": "CONF_1265",
        "connected_reaches": 2,
        "elevation_m": 100.0
      },
      "geometry": {
        "type": "Point",
        "coordinates": [
          99.7412,
          19.5513
        ]
      }
    },
    {
      "type": "Feature",
      "id": "CONF_1266",
      "properties": {
        "confluence_id": "CONF_1266",
        "connected_reaches": 2,
        "elevation_m": 100.0
      },
      "geometry": {
        "type": "Point",
        "coordinates": [
          99.527,
          19.4277
        ]
      }
    },
    {
      "type": "Feature",
      "id": "CONF_1267",
      "properties": {
        "confluence_id": "CONF_1267",
        "connected_reaches": 3,
        "elevation_m": 100.0
      },
      "geometry": {
        "type": "Point",
        "coordinates": [
          99.9831,
          17.2076
        ]
      }
    },
    {
      "type": "Feature",
      "id": "CONF_1268",
      "properties": {
        "confluence_id": "CONF_1268",
        "connected_reaches": 2,
        "elevation_m": 100.0
      },
      "geometry": {
        "type": "Point",
        "coordinates": [
          99.9718,
          17.2093
        ]
      }
    },
    {
      "type": "Feature",
      "id": "CONF_1269",
      "properties": {
        "confluence_id": "CONF_1269",
        "connected_reaches": 3,
        "elevation_m": 100.0
      },
      "geometry": {
        "type": "Point",
        "coordinates": [
          99.9981,
          17.1864
        ]
      }
    },
    {
      "type": "Feature",
      "id": "CONF_1270",
      "properties": {
        "confluence_id": "CONF_1270",
        "connected_reaches": 2,
        "elevation_m": 100.0
      },
      "geometry": {
        "type": "Point",
        "coordinates": [
          99.9852,
          17.1741
        ]
      }
    },
    {
      "type": "Feature",
      "id": "CONF_1271",
      "properties": {
        "confluence_id": "CONF_1271",
        "connected_reaches": 2,
        "elevation_m": 100.0
      },
      "geometry": {
        "type": "Point",
        "coordinates": [
          99.9578,
          17.206
        ]
      }
    },
    {
      "type": "Feature",
      "id": "CONF_1272",
      "properties": {
        "confluence_id": "CONF_1272",
        "connected_reaches": 3,
        "elevation_m": 100.0
      },
      "geometry": {
        "type": "Point",
        "coordinates": [
          99.9729,
          17.1652
        ]
      }
    },
    {
      "type": "Feature",
      "id": "CONF_1273",
      "properties": {
        "confluence_id": "CONF_1273",
        "connected_reaches": 2,
        "elevation_m": 100.0
      },
      "geometry": {
        "type": "Point",
        "coordinates": [
          100.0413,
          17.1983
        ]
      }
    },
    {
      "type": "Feature",
      "id": "CONF_1274",
      "properties": {
        "confluence_id": "CONF_1274",
        "connected_reaches": 2,
        "elevation_m": 100.0
      },
      "geometry": {
        "type": "Point",
        "coordinates": [
          99.7957,
          17.1256
        ]
      }
    },
    {
      "type": "Feature",
      "id": "CONF_1275",
      "properties": {
        "confluence_id": "CONF_1275",
        "connected_reaches": 2,
        "elevation_m": 100.0
      },
      "geometry": {
        "type": "Point",
        "coordinates": [
          99.8225,
          17.1265
        ]
      }
    },
    {
      "type": "Feature",
      "id": "CONF_1276",
      "properties": {
        "confluence_id": "CONF_1276",
        "connected_reaches": 2,
        "elevation_m": 100.0
      },
      "geometry": {
        "type": "Point",
        "coordinates": [
          99.7783,
          17.1324
        ]
      }
    },
    {
      "type": "Feature",
      "id": "CONF_1277",
      "properties": {
        "confluence_id": "CONF_1277",
        "connected_reaches": 2,
        "elevation_m": 100.0
      },
      "geometry": {
        "type": "Point",
        "coordinates": [
          99.6604,
          17.2616
        ]
      }
    },
    {
      "type": "Feature",
      "id": "CONF_1278",
      "properties": {
        "confluence_id": "CONF_1278",
        "connected_reaches": 2,
        "elevation_m": 100.0
      },
      "geometry": {
        "type": "Point",
        "coordinates": [
          99.6808,
          17.2044
        ]
      }
    },
    {
      "type": "Feature",
      "id": "CONF_1279",
      "properties": {
        "confluence_id": "CONF_1279",
        "connected_reaches": 2,
        "elevation_m": 100.0
      },
      "geometry": {
        "type": "Point",
        "coordinates": [
          99.6595,
          17.2933
        ]
      }
    },
    {
      "type": "Feature",
      "id": "CONF_1280",
      "properties": {
        "confluence_id": "CONF_1280",
        "connected_reaches": 2,
        "elevation_m": 100.0
      },
      "geometry": {
        "type": "Point",
        "coordinates": [
          99.6126,
          16.8424
        ]
      }
    },
    {
      "type": "Feature",
      "id": "CONF_1281",
      "properties": {
        "confluence_id": "CONF_1281",
        "connected_reaches": 2,
        "elevation_m": 100.0
      },
      "geometry": {
        "type": "Point",
        "coordinates": [
          99.5995,
          16.8495
        ]
      }
    },
    {
      "type": "Feature",
      "id": "CONF_1282",
      "properties": {
        "confluence_id": "CONF_1282",
        "connected_reaches": 2,
        "elevation_m": 100.0
      },
      "geometry": {
        "type": "Point",
        "coordinates": [
          99.6,
          16.8496
        ]
      }
    },
    {
      "type": "Feature",
      "id": "CONF_1283",
      "properties": {
        "confluence_id": "CONF_1283",
        "connected_reaches": 2,
        "elevation_m": 100.0
      },
      "geometry": {
        "type": "Point",
        "coordinates": [
          99.593,
          16.8709
        ]
      }
    },
    {
      "type": "Feature",
      "id": "CONF_1284",
      "properties": {
        "confluence_id": "CONF_1284",
        "connected_reaches": 2,
        "elevation_m": 100.0
      },
      "geometry": {
        "type": "Point",
        "coordinates": [
          99.5824,
          16.8635
        ]
      }
    },
    {
      "type": "Feature",
      "id": "CONF_1285",
      "properties": {
        "confluence_id": "CONF_1285",
        "connected_reaches": 2,
        "elevation_m": 100.0
      },
      "geometry": {
        "type": "Point",
        "coordinates": [
          99.595,
          16.8736
        ]
      }
    },
    {
      "type": "Feature",
      "id": "CONF_1286",
      "properties": {
        "confluence_id": "CONF_1286",
        "connected_reaches": 2,
        "elevation_m": 100.0
      },
      "geometry": {
        "type": "Point",
        "coordinates": [
          99.6168,
          16.8322
        ]
      }
    },
    {
      "type": "Feature",
      "id": "CONF_1287",
      "properties": {
        "confluence_id": "CONF_1287",
        "connected_reaches": 2,
        "elevation_m": 100.0
      },
      "geometry": {
        "type": "Point",
        "coordinates": [
          99.6169,
          16.8317
        ]
      }
    },
    {
      "type": "Feature",
      "id": "CONF_1288",
      "properties": {
        "confluence_id": "CONF_1288",
        "connected_reaches": 2,
        "elevation_m": 100.0
      },
      "geometry": {
        "type": "Point",
        "coordinates": [
          99.6204,
          16.8427
        ]
      }
    },
    {
      "type": "Feature",
      "id": "CONF_1289",
      "properties": {
        "confluence_id": "CONF_1289",
        "connected_reaches": 2,
        "elevation_m": 100.0
      },
      "geometry": {
        "type": "Point",
        "coordinates": [
          99.8356,
          17.2736
        ]
      }
    },
    {
      "type": "Feature",
      "id": "CONF_1290",
      "properties": {
        "confluence_id": "CONF_1290",
        "connected_reaches": 2,
        "elevation_m": 100.0
      },
      "geometry": {
        "type": "Point",
        "coordinates": [
          99.5159,
          18.2913
        ]
      }
    },
    {
      "type": "Feature",
      "id": "CONF_1291",
      "properties": {
        "confluence_id": "CONF_1291",
        "connected_reaches": 2,
        "elevation_m": 100.0
      },
      "geometry": {
        "type": "Point",
        "coordinates": [
          99.7048,
          16.8576
        ]
      }
    },
    {
      "type": "Feature",
      "id": "CONF_1292",
      "properties": {
        "confluence_id": "CONF_1292",
        "connected_reaches": 2,
        "elevation_m": 100.0
      },
      "geometry": {
        "type": "Point",
        "coordinates": [
          99.7432,
          17.2246
        ]
      }
    },
    {
      "type": "Feature",
      "id": "CONF_1293",
      "properties": {
        "confluence_id": "CONF_1293",
        "connected_reaches": 3,
        "elevation_m": 100.0
      },
      "geometry": {
        "type": "Point",
        "coordinates": [
          100.7666,
          16.3207
        ]
      }
    },
    {
      "type": "Feature",
      "id": "CONF_1294",
      "properties": {
        "confluence_id": "CONF_1294",
        "connected_reaches": 2,
        "elevation_m": 100.0
      },
      "geometry": {
        "type": "Point",
        "coordinates": [
          100.7354,
          16.324
        ]
      }
    },
    {
      "type": "Feature",
      "id": "CONF_1295",
      "properties": {
        "confluence_id": "CONF_1295",
        "connected_reaches": 2,
        "elevation_m": 100.0
      },
      "geometry": {
        "type": "Point",
        "coordinates": [
          100.7234,
          16.3087
        ]
      }
    },
    {
      "type": "Feature",
      "id": "CONF_1296",
      "properties": {
        "confluence_id": "CONF_1296",
        "connected_reaches": 2,
        "elevation_m": 100.0
      },
      "geometry": {
        "type": "Point",
        "coordinates": [
          100.7166,
          16.3051
        ]
      }
    },
    {
      "type": "Feature",
      "id": "CONF_1297",
      "properties": {
        "confluence_id": "CONF_1297",
        "connected_reaches": 2,
        "elevation_m": 100.0
      },
      "geometry": {
        "type": "Point",
        "coordinates": [
          100.6894,
          16.2805
        ]
      }
    },
    {
      "type": "Feature",
      "id": "CONF_1298",
      "properties": {
        "confluence_id": "CONF_1298",
        "connected_reaches": 2,
        "elevation_m": 100.0
      },
      "geometry": {
        "type": "Point",
        "coordinates": [
          100.7646,
          16.3146
        ]
      }
    },
    {
      "type": "Feature",
      "id": "CONF_1299",
      "properties": {
        "confluence_id": "CONF_1299",
        "connected_reaches": 2,
        "elevation_m": 100.0
      },
      "geometry": {
        "type": "Point",
        "coordinates": [
          99.5216,
          17.8819
        ]
      }
    },
    {
      "type": "Feature",
      "id": "CONF_1300",
      "properties": {
        "confluence_id": "CONF_1300",
        "connected_reaches": 2,
        "elevation_m": 100.0
      },
      "geometry": {
        "type": "Point",
        "coordinates": [
          99.9693,
          16.9123
        ]
      }
    },
    {
      "type": "Feature",
      "id": "CONF_1301",
      "properties": {
        "confluence_id": "CONF_1301",
        "connected_reaches": 2,
        "elevation_m": 100.0
      },
      "geometry": {
        "type": "Point",
        "coordinates": [
          99.8079,
          16.8263
        ]
      }
    },
    {
      "type": "Feature",
      "id": "CONF_1302",
      "properties": {
        "confluence_id": "CONF_1302",
        "connected_reaches": 2,
        "elevation_m": 100.0
      },
      "geometry": {
        "type": "Point",
        "coordinates": [
          99.8044,
          16.8228
        ]
      }
    },
    {
      "type": "Feature",
      "id": "CONF_1303",
      "properties": {
        "confluence_id": "CONF_1303",
        "connected_reaches": 2,
        "elevation_m": 100.0
      },
      "geometry": {
        "type": "Point",
        "coordinates": [
          99.7973,
          17.5883
        ]
      }
    },
    {
      "type": "Feature",
      "id": "CONF_1304",
      "properties": {
        "confluence_id": "CONF_1304",
        "connected_reaches": 2,
        "elevation_m": 100.0
      },
      "geometry": {
        "type": "Point",
        "coordinates": [
          99.7979,
          17.5883
        ]
      }
    },
    {
      "type": "Feature",
      "id": "CONF_1305",
      "properties": {
        "confluence_id": "CONF_1305",
        "connected_reaches": 2,
        "elevation_m": 100.0
      },
      "geometry": {
        "type": "Point",
        "coordinates": [
          101.3158,
          17.3479
        ]
      }
    },
    {
      "type": "Feature",
      "id": "CONF_1306",
      "properties": {
        "confluence_id": "CONF_1306",
        "connected_reaches": 3,
        "elevation_m": 100.0
      },
      "geometry": {
        "type": "Point",
        "coordinates": [
          99.9942,
          19.6157
        ]
      }
    },
    {
      "type": "Feature",
      "id": "CONF_1307",
      "properties": {
        "confluence_id": "CONF_1307",
        "connected_reaches": 2,
        "elevation_m": 100.0
      },
      "geometry": {
        "type": "Point",
        "coordinates": [
          99.9787,
          19.6103
        ]
      }
    },
    {
      "type": "Feature",
      "id": "CONF_1308",
      "properties": {
        "confluence_id": "CONF_1308",
        "connected_reaches": 3,
        "elevation_m": 100.0
      },
      "geometry": {
        "type": "Point",
        "coordinates": [
          99.9684,
          19.597
        ]
      }
    },
    {
      "type": "Feature",
      "id": "CONF_1309",
      "properties": {
        "confluence_id": "CONF_1309",
        "connected_reaches": 2,
        "elevation_m": 100.0
      },
      "geometry": {
        "type": "Point",
        "coordinates": [
          99.9596,
          19.5972
        ]
      }
    },
    {
      "type": "Feature",
      "id": "CONF_1310",
      "properties": {
        "confluence_id": "CONF_1310",
        "connected_reaches": 3,
        "elevation_m": 100.0
      },
      "geometry": {
        "type": "Point",
        "coordinates": [
          99.9872,
          19.6104
        ]
      }
    },
    {
      "type": "Feature",
      "id": "CONF_1311",
      "properties": {
        "confluence_id": "CONF_1311",
        "connected_reaches": 2,
        "elevation_m": 100.0
      },
      "geometry": {
        "type": "Point",
        "coordinates": [
          99.9866,
          19.6088
        ]
      }
    },
    {
      "type": "Feature",
      "id": "CONF_1312",
      "properties": {
        "confluence_id": "CONF_1312",
        "connected_reaches": 2,
        "elevation_m": 100.0
      },
      "geometry": {
        "type": "Point",
        "coordinates": [
          99.9873,
          19.6234
        ]
      }
    },
    {
      "type": "Feature",
      "id": "CONF_1313",
      "properties": {
        "confluence_id": "CONF_1313",
        "connected_reaches": 2,
        "elevation_m": 100.0
      },
      "geometry": {
        "type": "Point",
        "coordinates": [
          99.9807,
          19.6167
        ]
      }
    },
    {
      "type": "Feature",
      "id": "CONF_1314",
      "properties": {
        "confluence_id": "CONF_1314",
        "connected_reaches": 2,
        "elevation_m": 100.0
      },
      "geometry": {
        "type": "Point",
        "coordinates": [
          99.979,
          19.6121
        ]
      }
    },
    {
      "type": "Feature",
      "id": "CONF_1315",
      "properties": {
        "confluence_id": "CONF_1315",
        "connected_reaches": 2,
        "elevation_m": 100.0
      },
      "geometry": {
        "type": "Point",
        "coordinates": [
          99.9691,
          19.5916
        ]
      }
    },
    {
      "type": "Feature",
      "id": "CONF_1316",
      "properties": {
        "confluence_id": "CONF_1316",
        "connected_reaches": 2,
        "elevation_m": 100.0
      },
      "geometry": {
        "type": "Point",
        "coordinates": [
          99.9678,
          19.586
        ]
      }
    },
    {
      "type": "Feature",
      "id": "CONF_1317",
      "properties": {
        "confluence_id": "CONF_1317",
        "connected_reaches": 2,
        "elevation_m": 100.0
      },
      "geometry": {
        "type": "Point",
        "coordinates": [
          99.9671,
          19.5846
        ]
      }
    },
    {
      "type": "Feature",
      "id": "CONF_1318",
      "properties": {
        "confluence_id": "CONF_1318",
        "connected_reaches": 2,
        "elevation_m": 100.0
      },
      "geometry": {
        "type": "Point",
        "coordinates": [
          99.9662,
          19.5833
        ]
      }
    },
    {
      "type": "Feature",
      "id": "CONF_1319",
      "properties": {
        "confluence_id": "CONF_1319",
        "connected_reaches": 3,
        "elevation_m": 100.0
      },
      "geometry": {
        "type": "Point",
        "coordinates": [
          99.9657,
          19.5817
        ]
      }
    },
    {
      "type": "Feature",
      "id": "CONF_1320",
      "properties": {
        "confluence_id": "CONF_1320",
        "connected_reaches": 2,
        "elevation_m": 100.0
      },
      "geometry": {
        "type": "Point",
        "coordinates": [
          99.9734,
          19.5991
        ]
      }
    },
    {
      "type": "Feature",
      "id": "CONF_1321",
      "properties": {
        "confluence_id": "CONF_1321",
        "connected_reaches": 2,
        "elevation_m": 100.0
      },
      "geometry": {
        "type": "Point",
        "coordinates": [
          99.9742,
          19.5915
        ]
      }
    },
    {
      "type": "Feature",
      "id": "CONF_1322",
      "properties": {
        "confluence_id": "CONF_1322",
        "connected_reaches": 2,
        "elevation_m": 100.0
      },
      "geometry": {
        "type": "Point",
        "coordinates": [
          99.9728,
          19.5791
        ]
      }
    },
    {
      "type": "Feature",
      "id": "CONF_1323",
      "properties": {
        "confluence_id": "CONF_1323",
        "connected_reaches": 2,
        "elevation_m": 100.0
      },
      "geometry": {
        "type": "Point",
        "coordinates": [
          99.9726,
          19.5782
        ]
      }
    },
    {
      "type": "Feature",
      "id": "CONF_1324",
      "properties": {
        "confluence_id": "CONF_1324",
        "connected_reaches": 2,
        "elevation_m": 100.0
      },
      "geometry": {
        "type": "Point",
        "coordinates": [
          99.9725,
          19.5763
        ]
      }
    },
    {
      "type": "Feature",
      "id": "CONF_1325",
      "properties": {
        "confluence_id": "CONF_1325",
        "connected_reaches": 2,
        "elevation_m": 100.0
      },
      "geometry": {
        "type": "Point",
        "coordinates": [
          99.9641,
          19.5751
        ]
      }
    },
    {
      "type": "Feature",
      "id": "CONF_1326",
      "properties": {
        "confluence_id": "CONF_1326",
        "connected_reaches": 2,
        "elevation_m": 100.0
      },
      "geometry": {
        "type": "Point",
        "coordinates": [
          100.0897,
          18.0393
        ]
      }
    },
    {
      "type": "Feature",
      "id": "CONF_1327",
      "properties": {
        "confluence_id": "CONF_1327",
        "connected_reaches": 2,
        "elevation_m": 100.0
      },
      "geometry": {
        "type": "Point",
        "coordinates": [
          100.093,
          18.0467
        ]
      }
    },
    {
      "type": "Feature",
      "id": "CONF_1328",
      "properties": {
        "confluence_id": "CONF_1328",
        "connected_reaches": 2,
        "elevation_m": 100.0
      },
      "geometry": {
        "type": "Point",
        "coordinates": [
          100.1044,
          18.0638
        ]
      }
    },
    {
      "type": "Feature",
      "id": "CONF_1329",
      "properties": {
        "confluence_id": "CONF_1329",
        "connected_reaches": 2,
        "elevation_m": 100.0
      },
      "geometry": {
        "type": "Point",
        "coordinates": [
          100.1053,
          18.0658
        ]
      }
    }
  ]
}