{"type":"FeatureCollection","_meta":{"generated_at":"2026-10-04T09:54:16","osm_source_label":"basin_polygon","filters":{"basin_clip":{"gauge_to_gauge_flowpath":{"n_in":10,"n_out":10,"clipped":0,"dropped":0},"rainfall_to_gauge_flowpath":{"n_in":32,"n_out":32,"clipped":0,"dropped":0},"rainfall_drainage_branch":{"n_in":330,"n_out":328,"clipped":4,"dropped":2},"osm_waterway":{"n_in":395,"n_out":395,"clipped":0,"dropped":0}},"osm_source":"basin_polygon","osm_crop_polygon":"928331acf6292fed","osm_crop":{"n_in":393,"n_out":393,"dropped_outside":0,"clipped":5}}},"features":[{"type":"Feature","id":"flow_gauge_1697_to_1696","properties":{"feature_type":"gauge_to_gauge_flowpath","from_station_id":"1697","from_station_name":"สะพานต้นน้ำ (เกาะแก้ว-ตลิ่งสูง)","to_station_id":"1696","to_station_name":"สะพานแม่วงก์","distance_km":9.09,"travel_time_minutes":193,"travel_time_minutes_min":145,"travel_time_minutes_max":300,"travel_time_hours":3.2,"travel_time_hours_min":2.4,"travel_time_hours_max":5.0,"river_slope":0.001101,"elevation_diff_m":10.01,"upstream_elev_m":108.2,"downstream_elev_m":98.19},"geometry":{"type":"LineString","coordinates":[[99.41827,15.91923],[99.41937,15.92179],[99.42243,15.91985],[99.42409,15.91985],[99.42548,15.92096],[99.42715,15.91901],[99.42715,15.91651],[99.42993,15.91318],[99.43076,15.90957],[99.43215,15.90929],[99.43437,15.91068],[99.43632,15.91068],[99.43909,15.90707],[99.44632,15.90263],[99.44743,15.90263],[99.44909,15.90513],[99.45715,15.90429],[99.45826,15.9054],[99.46076,15.9054],[99.46632,15.90068],[99.46771,15.90151],[99.47215,15.90235],[99.47715,15.90235],[99.47867,15.90608]]}},{"type":"Feature","id":"flow_gauge_1696_to_3872","properties":{"feature_type":"gauge_to_gauge_flowpath","from_station_id":"1696","from_station_name":"สะพานแม่วงก์","to_station_id":"3872","to_station_name":"บ้านปางมะค่า","distance_km":4.97,"travel_time_minutes":152,"travel_time_minutes_min":87,"travel_time_minutes_max":253,"travel_time_hours":2.5,"travel_time_hours_min":1.4,"travel_time_hours_max":4.2,"river_slope":0.0,"elevation_diff_m":0.0,"upstream_elev_m":98.19,"downstream_elev_m":98.38},"geometry":{"type":"LineString","coordinates":[[99.47867,15.90608],[99.47826,15.90763],[99.47937,15.9079],[99.48104,15.90985],[99.48132,15.91235],[99.47854,15.91679],[99.47771,15.92013],[99.47854,15.92207],[99.48798,15.9229],[99.49243,15.92457],[99.49382,15.92457],[99.49854,15.92707],[99.50243,15.92598]]}},{"type":"Feature","id":"flow_gauge_1665_to_7986","properties":{"feature_type":"gauge_to_gauge_flowpath","from_station_id":"1665","from_station_name":"คลองกลาง","to_station_id":"7986","to_station_name":"ท้ายเขื่อนวังร่มเกล้า","distance_km":71.86,"travel_time_minutes":1640,"travel_time_minutes_min":1230,"travel_time_minutes_max":2526,"travel_time_hours":27.3,"travel_time_hours_min":20.5,"travel_time_hours_max":42.1,"river_slope":0.000747,"elevation_diff_m":53.69,"upstream_elev_m":61.69,"downstream_elev_m":8.0},"geometry":{"type":"LineString","coordinates":[[99.65319,15.7832],[99.65354,15.78151],[99.65465,15.78013],[99.65715,15.77901],[99.65687,15.77874],[99.65826,15.77651],[99.66048,15.77429],[99.66243,15.77401],[99.66548,15.77457],[99.66771,15.77346],[99.66882,15.77235],[99.66826,15.77124],[99.66882,15.76901],[99.66798,15.7679],[99.66993,15.76651],[99.66965,15.76485],[99.67076,15.76401],[99.67132,15.76429],[99.67243,15.76207],[99.67521,15.76318],[99.67521,15.76124],[99.67826,15.75985],[99.67965,15.7579],[99.68104,15.75707],[99.68159,15.75485],[99.68104,15.75429],[99.68521,15.75013],[99.68632,15.75068],[99.69021,15.74818],[99.69048,15.74846],[99.69132,15.74763],[99.69132,15.74624],[99.69521,15.74207],[99.69659,15.74207],[99.69854,15.74013],[99.69937,15.74013],[99.70437,15.73485],[99.70604,15.73374],[99.70604,15.7329],[99.70771,15.73124],[99.70882,15.73068],[99.70937,15.73124],[99.71159,15.72874],[99.71604,15.72763],[99.71826,15.7279],[99.71965,15.72651],[99.72076,15.72624],[99.72187,15.72679],[99.72382,15.72568],[99.72521,15.72596],[99.72576,15.7254],[99.72743,15.7254],[99.72909,15.72707],[99.73298,15.72346],[99.73354,15.72151],[99.73826,15.71679],[99.73965,15.71735],[99.74159,15.71735],[99.74243,15.71651],[99.74437,15.71679],[99.74548,15.71596],[99.74576,15.71624],[99.74909,15.71346],[99.75243,15.71457],[99.76076,15.70624],[99.76132,15.70651],[99.76187,15.70596],[99.76326,15.70735],[99.76521,15.7054],[99.76493,15.70485],[99.76548,15.70429],[99.76437,15.70318],[99.76826,15.70013],[99.76882,15.70068],[99.77048,15.69957],[99.77187,15.69985],[99.77576,15.69735],[99.77743,15.69735],[99.77909,15.69651],[99.78159,15.69651],[99.78271,15.69568],[99.78382,15.69568],[99.78909,15.69068],[99.79021,15.69124],[99.79298,15.68985],[99.79354,15.6904],[99.79409,15.69013],[99.79493,15.69096],[99.79465,15.69179],[99.79521,15.69235],[99.79659,15.69096],[99.79882,15.69151],[99.79937,15.68957],[99.80215,15.68957],[99.80326,15.6904],[99.80437,15.6904],[99.80687,15.68846],[99.80576,15.68735],[99.80632,15.68624],[99.80826,15.68596],[99.81271,15.68401],[99.81159,15.68235],[99.81159,15.68151],[99.81243,15.68068],[99.81632,15.67901],[99.81826,15.67735],[99.81965,15.67846],[99.82104,15.67874],[99.82215,15.67846],[99.82409,15.67679],[99.82493,15.67679],[99.82548,15.67624],[99.82548,15.67401],[99.82826,15.66985],[99.82993,15.67096],[99.83021,15.67207],[99.83354,15.67207],[99.83437,15.67068],[99.83437,15.66929],[99.83271,15.66901],[99.83215,15.66818],[99.83548,15.66568],[99.83687,15.66651],[99.83743,15.66624],[99.83771,15.6654],[99.83632,15.66429],[99.83632,15.66346],[99.83798,15.6629],[99.84187,15.65874],[99.84298,15.65957],[99.84493,15.65763],[99.84771,15.65735],[99.84743,15.65957],[99.84854,15.65985],[99.85271,15.65568],[99.85298,15.65429],[99.85521,15.65318],[99.85493,15.65207],[99.85632,15.6504],[99.85771,15.64651],[99.85993,15.64735],[99.86021,15.64624],[99.86132,15.64513],[99.86298,15.64513],[99.86354,15.64457],[99.86326,15.64374],[99.86187,15.64401],[99.86132,15.64346],[99.86187,15.64096],[99.86354,15.64068],[99.86409,15.63985],[99.86409,15.6379],[99.86326,15.63707],[99.86382,15.63457],[99.86243,15.63346],[99.86382,15.63179],[99.86271,15.63124],[99.86271,15.63013],[99.86548,15.62901],[99.86521,15.62763],[99.86354,15.62707],[99.86382,15.62429],[99.86465,15.62235],[99.86354,15.62207],[99.86215,15.6204],[99.86298,15.61985],[99.86409,15.62068],[99.86576,15.61874],[99.86521,15.6179],[99.86409,15.61846],[99.86298,15.61679],[99.86409,15.61568],[99.86409,15.61485],[99.86632,15.61318],[99.86548,15.61124],[99.86715,15.60957],[99.86659,15.60874],[99.86715,15.60707],[99.86604,15.60596],[99.86743,15.60568],[99.86854,15.60457],[99.86715,15.60374],[99.86715,15.60263],[99.86909,15.60068],[99.86771,15.59929],[99.86659,15.59901],[99.86854,15.59707],[99.86632,15.59429],[99.86659,15.59346],[99.86909,15.59235],[99.86909,15.59151],[99.86687,15.58985],[99.86743,15.58929],[99.86882,15.58929],[99.86909,15.58874],[99.86826,15.58735],[99.86576,15.58651],[99.86576,15.58513],[99.86715,15.5829],[99.86632,15.58179],[99.86826,15.5804],[99.86826,15.5779],[99.86965,15.57651],[99.86854,15.57457],[99.86993,15.57401],[99.87104,15.57263],[99.86854,15.57207],[99.87076,15.56874],[99.87048,15.56735],[99.86882,15.56651],[99.87132,15.56401],[99.87104,15.56263],[99.87187,15.56179],[99.87354,15.56068],[99.87465,15.56096],[99.87687,15.55874],[99.87548,15.55679],[99.87826,15.55374],[99.88021,15.5554],[99.88076,15.55513],[99.88104,15.54957],[99.88382,15.5479],[99.88326,15.54485],[99.88382,15.54429],[99.88493,15.54429],[99.88743,15.54513],[99.88993,15.54401],[99.89243,15.54124],[99.89076,15.53957],[99.89104,15.53874],[99.89187,15.53874],[99.89354,15.5404],[99.89465,15.53957],[99.89354,15.53818],[99.89354,15.53651],[99.89437,15.53513],[99.89521,15.5354],[99.89576,15.53707],[99.89687,15.53707],[99.89743,15.53651],[99.89659,15.53401],[99.89909,15.53374],[99.89854,15.52901],[99.89937,15.52846],[99.90021,15.52985],[99.90159,15.52985],[99.90243,15.52901],[99.90159,15.52679],[99.90409,15.5254],[99.90326,15.5229],[99.90382,15.52179],[99.90521,15.52263],[99.90576,15.52513],[99.90687,15.52429],[99.90715,15.52235],[99.90659,15.52096],[99.90854,15.51957],[99.90771,15.51763],[99.91048,15.51651],[99.91048,15.51401],[99.91104,15.51346],[99.91243,15.51318],[99.91409,15.51401],[99.91493,15.51374],[99.91493,15.51318],[99.91354,15.51207],[99.91354,15.5104],[99.91548,15.50846],[99.91687,15.50874],[99.92048,15.50568],[99.92076,15.50151],[99.92187,15.50096],[99.92271,15.50124],[99.92326,15.50207],[99.92326,15.50401],[99.92382,15.50457],[99.92576,15.50457],[99.92771,15.50207],[99.92854,15.50207],[99.92993,15.50318],[99.93271,15.50151],[99.93632,15.50068],[99.93771,15.49929],[99.94215,15.49707],[99.94382,15.49679],[99.94771,15.49846],[99.94771,15.50068],[99.94882,15.50124],[99.94909,15.50207],[99.95437,15.50346],[99.95826,15.50679],[99.95965,15.50707],[99.96104,15.50457],[99.96271,15.50346],[99.96704,15.50281]]}},{"type":"Feature","id":"flow_gauge_3853_to_7986","properties":{"feature_type":"gauge_to_gauge_flowpath","from_station_id":"3853","from_station_name":"บ้านศาลเจ้าไก่ต่อ","to_station_id":"7986","to_station_name":"ท้ายเขื่อนวังร่มเกล้า","distance_km":69.32,"travel_time_minutes":1589,"travel_time_minutes_min":1190,"travel_time_minutes_max":2446,"travel_time_hours":26.5,"travel_time_hours_min":19.8,"travel_time_hours_max":40.8,"river_slope":0.000734,"elevation_diff_m":50.89,"upstream_elev_m":58.89,"downstream_elev_m":8.0},"geometry":{"type":"LineString","coordinates":[[99.67837,15.78596],[99.68021,15.78513],[99.67965,15.78401],[99.68048,15.78207],[99.68243,15.78013],[99.68354,15.78013],[99.68521,15.77846],[99.68604,15.77651],[99.68715,15.77624],[99.69187,15.77151],[99.69271,15.77151],[99.69909,15.76513],[99.70021,15.76568],[99.70076,15.7654],[99.70187,15.76651],[99.70382,15.76485],[99.70493,15.76263],[99.70465,15.76235],[99.70632,15.7604],[99.70604,15.76013],[99.71104,15.75568],[99.71076,15.75513],[99.71132,15.75401],[99.71604,15.75068],[99.71993,15.74901],[99.72909,15.73957],[99.72909,15.73624],[99.73187,15.73318],[99.73521,15.73318],[99.73604,15.73179],[99.73576,15.73068],[99.73743,15.72901],[99.73826,15.72901],[99.73909,15.73013],[99.74271,15.72707],[99.74187,15.72485],[99.74271,15.72374],[99.74382,15.72318],[99.74493,15.72346],[99.74576,15.72457],[99.75021,15.72429],[99.75187,15.7229],[99.75382,15.72346],[99.75604,15.72179],[99.75826,15.72179],[99.75909,15.71874],[99.75965,15.71874],[99.76076,15.72013],[99.76132,15.71985],[99.76159,15.71874],[99.76104,15.71818],[99.76104,15.71651],[99.76409,15.71457],[99.76521,15.71457],[99.76576,15.71401],[99.76521,15.7129],[99.76882,15.7104],[99.76909,15.70985],[99.76771,15.70818],[99.76854,15.70568],[99.77021,15.70346],[99.77159,15.70318],[99.77382,15.70068],[99.77493,15.70124],[99.77687,15.70124],[99.77965,15.69929],[99.78159,15.69874],[99.78326,15.70096],[99.78382,15.70096],[99.78521,15.69874],[99.78687,15.69763],[99.79076,15.69651],[99.79354,15.69707],[99.79604,15.69318],[99.79604,15.69151],[99.79659,15.69096],[99.79882,15.69151],[99.79937,15.68957],[99.80215,15.68957],[99.80326,15.6904],[99.80576,15.68957],[99.80687,15.68846],[99.80576,15.68735],[99.80632,15.68624],[99.80826,15.68596],[99.81271,15.68401],[99.81159,15.68235],[99.81159,15.68151],[99.81243,15.68068],[99.81632,15.67901],[99.81826,15.67735],[99.81965,15.67846],[99.82104,15.67874],[99.82215,15.67846],[99.82409,15.67679],[99.82493,15.67679],[99.82548,15.67624],[99.82548,15.67401],[99.82826,15.66985],[99.82993,15.67096],[99.83021,15.67207],[99.83354,15.67207],[99.83437,15.67068],[99.83437,15.66929],[99.83271,15.66901],[99.83215,15.66818],[99.83548,15.66568],[99.83687,15.66651],[99.83771,15.66596],[99.83771,15.6654],[99.83632,15.66429],[99.83659,15.66318],[99.83798,15.6629],[99.84187,15.65874],[99.84298,15.65957],[99.84493,15.65763],[99.84771,15.65735],[99.84743,15.65957],[99.84854,15.65985],[99.85271,15.65568],[99.85298,15.65429],[99.85521,15.65318],[99.85493,15.65207],[99.85632,15.6504],[99.85771,15.64651],[99.85993,15.64735],[99.86021,15.64624],[99.86132,15.64513],[99.86298,15.64513],[99.86354,15.64457],[99.86326,15.64374],[99.86187,15.64401],[99.86132,15.64346],[99.86187,15.64096],[99.86354,15.64068],[99.86409,15.63985],[99.86409,15.6379],[99.86326,15.63707],[99.86382,15.63457],[99.86243,15.63346],[99.86382,15.63179],[99.86271,15.63124],[99.86271,15.63013],[99.86548,15.62901],[99.86521,15.62763],[99.86354,15.62707],[99.86382,15.62429],[99.86465,15.62235],[99.86354,15.62207],[99.86215,15.6204],[99.86298,15.61985],[99.86409,15.62068],[99.86576,15.61874],[99.86521,15.6179],[99.86409,15.61846],[99.86298,15.61679],[99.86409,15.61568],[99.86409,15.61485],[99.86632,15.61318],[99.86548,15.61124],[99.86715,15.60957],[99.86659,15.60874],[99.86715,15.60707],[99.86604,15.60596],[99.86743,15.60568],[99.86854,15.60457],[99.86715,15.60374],[99.86715,15.60263],[99.86909,15.60068],[99.86771,15.59929],[99.86659,15.59901],[99.86854,15.59707],[99.86632,15.59429],[99.86659,15.59346],[99.86909,15.59235],[99.86909,15.59151],[99.86687,15.58985],[99.86743,15.58929],[99.86882,15.58929],[99.86909,15.58874],[99.86826,15.58735],[99.86576,15.58651],[99.86576,15.58513],[99.86715,15.5829],[99.86632,15.58179],[99.86826,15.5804],[99.86826,15.5779],[99.86965,15.57651],[99.86854,15.57457],[99.86993,15.57401],[99.87104,15.57263],[99.86854,15.57207],[99.87076,15.56874],[99.87048,15.56735],[99.86882,15.56651],[99.87132,15.56401],[99.87104,15.56263],[99.87187,15.56179],[99.87354,15.56068],[99.87465,15.56096],[99.87687,15.55874],[99.87548,15.55679],[99.87826,15.55374],[99.88021,15.5554],[99.88076,15.55513],[99.88104,15.54957],[99.88382,15.5479],[99.88326,15.54485],[99.88382,15.54429],[99.88493,15.54429],[99.88743,15.54513],[99.88993,15.54401],[99.89243,15.54124],[99.89076,15.53957],[99.89104,15.53874],[99.89187,15.53874],[99.89354,15.5404],[99.89465,15.53957],[99.89354,15.53818],[99.89354,15.53651],[99.89437,15.53513],[99.89521,15.5354],[99.89576,15.53707],[99.89687,15.53707],[99.89743,15.53651],[99.89659,15.53401],[99.89909,15.53374],[99.89854,15.52901],[99.89937,15.52846],[99.90021,15.52985],[99.90159,15.52985],[99.90243,15.52901],[99.90159,15.52679],[99.90409,15.5254],[99.90326,15.5229],[99.90382,15.52179],[99.90521,15.52263],[99.90576,15.52513],[99.90687,15.52429],[99.90715,15.52235],[99.90659,15.52096],[99.90854,15.51957],[99.90771,15.51763],[99.91048,15.51651],[99.91048,15.51401],[99.91104,15.51346],[99.91243,15.51318],[99.91409,15.51401],[99.91493,15.51374],[99.91493,15.51318],[99.91354,15.51207],[99.91354,15.5104],[99.91548,15.50846],[99.91687,15.50874],[99.92048,15.50568],[99.92076,15.50151],[99.92187,15.50096],[99.92271,15.50124],[99.92326,15.50207],[99.92326,15.50401],[99.92382,15.50457],[99.92576,15.50457],[99.92771,15.50207],[99.92854,15.50207],[99.92993,15.50318],[99.93271,15.50151],[99.93632,15.50068],[99.93771,15.49929],[99.94215,15.49707],[99.94382,15.49679],[99.94771,15.49846],[99.94771,15.50068],[99.94882,15.50124],[99.94909,15.50207],[99.95437,15.50346],[99.95826,15.50679],[99.95965,15.50707],[99.96104,15.50457],[99.96271,15.50346],[99.96704,15.50281]]}},{"type":"Feature","id":"flow_gauge_3872_downstream","properties":{"feature_type":"gauge_to_gauge_flowpath","from_station_id":"3872","from_station_name":"บ้านปางมะค่า","to_station_id":"","to_station_name":"Basin Outlet / Main River Flow","distance_km":8.62,"river_slope":0.00103,"elevation_diff_m":8.88,"upstream_elev_m":98.38,"downstream_elev_m":89.5},"geometry":{"type":"MultiLineString","coordinates":[[[99.50243,15.92598],[99.50465,15.92763],[99.50632,15.92651],[99.50882,15.92624],[99.51104,15.92346]],[[99.51604,15.92374],[99.51771,15.92457],[99.52076,15.92374],[99.52243,15.92513],[99.52382,15.92513],[99.52493,15.92374],[99.52493,15.92263],[99.52604,15.92151],[99.52715,15.92179],[99.52854,15.92096],[99.52937,15.92096],[99.53021,15.92263],[99.53326,15.92485]],[[99.53826,15.92485],[99.54021,15.92429],[99.54104,15.9229],[99.54326,15.92235],[99.54632,15.91957],[99.54715,15.91929],[99.54882,15.92013],[99.55104,15.91818],[99.55715,15.91874],[99.55826,15.91985],[99.56021,15.91957],[99.56132,15.92068],[99.56326,15.92068],[99.56409,15.92124],[99.56687,15.92068],[99.56715,15.92124]]]}},{"type":"Feature","id":"flow_gauge_1670_to_1696","properties":{"feature_type":"gauge_to_gauge_flowpath","from_station_id":"1670","from_station_name":"สะพานแม่เล่ย์","to_station_id":"1696","to_station_name":"สะพานแม่วงก์","distance_km":13.46,"travel_time_minutes":231,"travel_time_minutes_min":171,"travel_time_minutes_max":365,"travel_time_hours":3.9,"travel_time_hours_min":2.9,"travel_time_hours_max":6.1,"river_slope":0.002862,"elevation_diff_m":38.51,"upstream_elev_m":136.7,"downstream_elev_m":98.19},"geometry":{"type":"LineString","coordinates":[[99.41937,15.84596],[99.42159,15.84846],[99.42382,15.84957],[99.42659,15.85235],[99.42798,15.85151],[99.42993,15.85263],[99.43021,15.85235],[99.43132,15.85374],[99.43215,15.85679],[99.43271,15.85679],[99.43493,15.85957],[99.43298,15.8629],[99.43326,15.86318],[99.43215,15.86429],[99.43354,15.86568],[99.43354,15.86651],[99.43771,15.87096],[99.43798,15.87401],[99.43965,15.87679],[99.43909,15.87763],[99.43965,15.87818],[99.44048,15.8779],[99.44159,15.87901],[99.44076,15.88151],[99.44132,15.88318],[99.43854,15.88596],[99.44021,15.88763],[99.43993,15.88846],[99.44048,15.88901],[99.44298,15.88985],[99.44409,15.89096],[99.44437,15.89346],[99.44326,15.89513],[99.44326,15.89651],[99.44604,15.89957],[99.44687,15.90096],[99.44659,15.90179],[99.44771,15.90235],[99.44743,15.90263],[99.44909,15.90513],[99.45715,15.90429],[99.45826,15.9054],[99.46076,15.9054],[99.46632,15.90068],[99.46771,15.90151],[99.47215,15.90235],[99.47715,15.90235],[99.47867,15.90608]]}},{"type":"Feature","id":"flow_gauge_7986_to_3819","properties":{"feature_type":"gauge_to_gauge_flowpath","from_station_id":"7986","from_station_name":"ท้ายเขื่อนวังร่มเกล้า","to_station_id":"3819","to_station_name":"บ้านดอนใหญ่","distance_km":13.0,"travel_time_minutes":393,"travel_time_minutes_min":225,"travel_time_minutes_max":654,"travel_time_hours":6.5,"travel_time_hours_min":3.8,"travel_time_hours_max":10.9,"river_slope":0.0,"elevation_diff_m":0.0,"upstream_elev_m":8.0,"downstream_elev_m":8.75},"geometry":{"type":"LineString","coordinates":[[99.96704,15.50281],[99.96743,15.49985],[99.96798,15.49929],[99.96993,15.50096],[99.97132,15.50124],[99.97382,15.49874],[99.97715,15.49929],[99.97965,15.49624],[99.98132,15.49679],[99.98465,15.49624],[99.98548,15.49513],[99.98382,15.49346],[99.98354,15.49235],[99.98409,15.49179],[99.98687,15.49207],[99.98909,15.49013],[99.99215,15.49207],[99.99326,15.49179],[99.99465,15.4904],[99.99437,15.48818],[99.99493,15.48707],[99.99632,15.48568],[99.99909,15.4854],[100.00048,15.48401],[100.00132,15.48124],[100.00021,15.48013],[99.99993,15.47874],[100.00215,15.47707],[100.00326,15.47401],[100.00271,15.47318],[100.00298,15.47235],[100.00437,15.47179],[100.00548,15.47374],[100.00632,15.47374],[100.00715,15.47263],[100.00743,15.47068],[100.00937,15.47179],[100.01048,15.47179],[100.01076,15.4704],[100.01021,15.46874],[100.01215,15.46763],[100.01159,15.46624],[100.01298,15.4654],[100.01298,15.46429],[100.01354,15.46374],[100.01493,15.46401],[100.01576,15.46318],[100.01493,15.46179],[100.01576,15.46068],[100.01937,15.46151],[100.02048,15.4604],[100.02354,15.46013],[100.02493,15.45818],[100.02659,15.45901],[100.03188,15.45273]]}},{"type":"Feature","id":"flow_gauge_3823_downstream","properties":{"feature_type":"gauge_to_gauge_flowpath","from_station_id":"3823","from_station_name":"บ้านบุ่งอ้ายเจี้ยม","to_station_id":"","to_station_name":"Basin Outlet / Main River Flow","distance_km":4.01,"river_slope":0.002187,"elevation_diff_m":8.78,"upstream_elev_m":114.28,"downstream_elev_m":105.5},"geometry":{"type":"MultiLineString","coordinates":[[[99.48355,15.51831],[99.48548,15.51763],[99.48604,15.51651],[99.48743,15.51568],[99.49021,15.51207],[99.49021,15.51013]],[[99.49354,15.50457],[99.49632,15.50318],[99.49659,15.50179],[99.49604,15.50096],[99.49382,15.50124],[99.49326,15.50068]],[[99.49743,15.49596],[99.49743,15.49457],[99.49798,15.49401]]]}},{"type":"Feature","id":"flow_gauge_3819_to_3812","properties":{"feature_type":"gauge_to_gauge_flowpath","from_station_id":"3819","from_station_name":"บ้านดอนใหญ่","to_station_id":"3812","to_station_name":"บ้านหาดทนง","distance_km":7.17,"travel_time_minutes":158,"travel_time_minutes_min":118,"travel_time_minutes_max":245,"travel_time_hours":2.6,"travel_time_hours_min":2.0,"travel_time_hours_max":4.1,"river_slope":0.000941,"elevation_diff_m":6.75,"upstream_elev_m":8.75,"downstream_elev_m":2.0},"geometry":{"type":"LineString","coordinates":[[100.03188,15.45273],[100.03354,15.44929],[100.03465,15.44846],[100.03576,15.44874],[100.03687,15.44763],[100.03687,15.44596],[100.03937,15.44318],[100.04104,15.44318],[100.04159,15.44263],[100.04576,15.4429],[100.04826,15.44068],[100.04909,15.44068],[100.05021,15.44207],[100.05104,15.44207],[100.05187,15.4404],[100.05382,15.43929],[100.05409,15.43763],[100.05548,15.43651],[100.05548,15.43346],[100.05354,15.43179],[100.05354,15.43096],[100.05465,15.42985],[100.05354,15.42874],[100.05354,15.42429],[100.05409,15.42318],[100.05326,15.42207],[100.05326,15.42013],[100.05382,15.41874],[100.05382,15.41513],[100.05703,15.41083]]}},{"type":"Feature","id":"flow_gauge_3812_downstream","properties":{"feature_type":"gauge_to_gauge_flowpath","from_station_id":"3812","from_station_name":"บ้านหาดทนง","to_station_id":"","to_station_name":"Basin Outlet / Main River Flow","distance_km":6.37,"river_slope":7.8e-05,"elevation_diff_m":0.5,"upstream_elev_m":2.0,"downstream_elev_m":1.5},"geometry":{"type":"MultiLineString","coordinates":[[[100.05703,15.41083],[100.05826,15.40901],[100.06104,15.40901],[100.06243,15.40763],[100.06437,15.40818],[100.06576,15.40651],[100.06437,15.4029],[100.06215,15.40457],[100.06021,15.40401]],[[100.05993,15.39735],[100.06132,15.3954],[100.06187,15.39263],[100.06354,15.39096],[100.06604,15.39013],[100.06687,15.38929],[100.06715,15.3879],[100.06604,15.38679],[100.06465,15.38679],[100.06215,15.38874],[100.05826,15.38985],[100.05548,15.39235],[100.05271,15.39207]]]}},{"type":"Feature","id":"flow_rain_619_to_3872","properties":{"feature_type":"rainfall_to_gauge_flowpath","cascade_segment":0,"previous_gauge_id":"","from_station_id":"619","from_station_name":"สะพานต้นน้ำ (เกาะแก้ว-ตลิ่งสูง)","to_station_id":"3872","to_station_name":"บ้านปางมะค่า","total_distance_km":13.91,"distance_km":0.05,"channel_distance_km":13.86,"segment_length_km":14.18,"response_lag_minutes":344,"response_lag_minutes_min":240,"response_lag_minutes_max":526,"response_lag_hours":5.7,"response_lag_hours_min":4.0,"response_lag_hours_max":8.8,"elevation_diff_m":7.37,"slope":0.000191,"upstream_elev_m":105.75,"downstream_elev_m":98.38,"influence_weight_percent":11.9,"attach_way_id":48,"attach_osm_id":"269899062","attach_class":"river","attach_length_km":27.799,"attach_distance_m":19.0,"attach_quality":"ok"},"geometry":{"type":"MultiLineString","coordinates":[[[99.4194,15.91465],[99.42132,15.91533],[99.42271,15.91773],[99.42454,15.91773],[99.42365,15.91873],[99.42531,15.92081],[99.42715,15.91916],[99.42711,15.91651],[99.42958,15.91385],[99.43047,15.90968],[99.43091,15.90945],[99.43258,15.90944],[99.4346,15.91065],[99.43591,15.91072]],[[99.44646,15.90265],[99.44746,15.9026],[99.44936,15.90506]],[[99.45678,15.90424],[99.45855,15.90537],[99.46005,15.90543],[99.46219,15.90425]],[[99.46581,15.90092],[99.46668,15.90082]],[[99.47725,15.90234],[99.47635,15.90667],[99.47955,15.90803],[99.4814,15.91046],[99.48121,15.91251],[99.47902,15.91602],[99.47792,15.91963],[99.478,15.92121],[99.47856,15.92189]],[[99.5016,15.92826],[99.5031,15.92803],[99.50243,15.92598]]]}},{"type":"Feature","id":"flow_rain_618_to_3872","properties":{"feature_type":"rainfall_to_gauge_flowpath","cascade_segment":0,"previous_gauge_id":"","from_station_id":"618","from_station_name":"สะพานแม่วงก์","to_station_id":"3872","to_station_name":"บ้านปางมะค่า","total_distance_km":6.12,"distance_km":0.04,"channel_distance_km":6.08,"segment_length_km":6.37,"response_lag_minutes":154,"response_lag_minutes_min":106,"response_lag_minutes_max":235,"response_lag_hours":2.6,"response_lag_hours_min":1.8,"response_lag_hours_max":3.9,"elevation_diff_m":3.08,"slope":0.000501,"upstream_elev_m":101.46,"downstream_elev_m":98.38,"influence_weight_percent":27.0,"attach_way_id":48,"attach_osm_id":"269899062","attach_class":"river","attach_length_km":27.799,"attach_distance_m":9.8,"attach_quality":"ok"},"geometry":{"type":"MultiLineString","coordinates":[[[99.4704,15.90176],[99.47396,15.90246],[99.47725,15.90234],[99.47635,15.90667],[99.47955,15.90803],[99.4814,15.91046],[99.48121,15.91251],[99.47902,15.91602],[99.47792,15.91963],[99.478,15.92121],[99.47856,15.92189]],[[99.5016,15.92826],[99.5031,15.92803],[99.50243,15.92598]]]}},{"type":"Feature","id":"flow_rain_1137128_overland","properties":{"feature_type":"rainfall_to_gauge_flowpath","routing":"overland_capped","from_station_id":"1137128","from_station_name":"ศูนย์เรียนรู้บ้านเขาจักจั่น","to_station_id":"","to_station_name":"Local Overland Drainage","total_distance_km":5.07,"distance_km":5.07,"response_lag_minutes":52,"response_lag_minutes_min":38,"response_lag_minutes_max":73,"response_lag_hours":0.9,"response_lag_hours_min":0.6,"response_lag_hours_max":1.2,"elevation_diff_m":15.57,"slope":0.00307,"upstream_elev_m":107.62,"downstream_elev_m":92.05,"influence_weight_percent":100.0},"geometry":{"type":"LineString","coordinates":[[99.54784,15.62556],[99.54965,15.62318],[99.55048,15.62346],[99.55271,15.62596],[99.55243,15.62818],[99.55798,15.63401],[99.56021,15.63346],[99.56159,15.63207],[99.56187,15.63235],[99.56465,15.63096],[99.56743,15.63096],[99.57076,15.63374],[99.57048,15.63485],[99.57187,15.63707],[99.57382,15.63707],[99.57771,15.64013]]}},{"type":"Feature","id":"flow_rain_1316413_to_river","properties":{"feature_type":"rainfall_to_gauge_flowpath","from_station_id":"1316413","from_station_name":"อบต.ศาลเจ้าไก่ต่อ","to_station_id":"","to_station_name":"Stream Entry Point (No Gauge)","total_distance_km":12.05,"distance_km":12.05,"channel_distance_km":0.0,"response_lag_minutes":202,"response_lag_minutes_min":148,"response_lag_minutes_max":287,"response_lag_hours":3.4,"response_lag_hours_min":2.5,"response_lag_hours_max":4.8,"elevation_diff_m":0.0,"slope":0.0,"upstream_elev_m":56.36,"downstream_elev_m":60.64,"influence_weight_percent":100.0,"attach_way_id":55,"attach_osm_id":"269899189","attach_class":"river","attach_length_km":2.303,"attach_distance_m":297.0,"attach_quality":"ok"},"geometry":{"type":"LineString","coordinates":[[99.66709,15.77347],[99.66882,15.77235],[99.66826,15.77124],[99.66882,15.76901],[99.66798,15.7679],[99.66993,15.76651],[99.66965,15.76485],[99.67076,15.76401],[99.67132,15.76429],[99.67243,15.76207],[99.67521,15.76318],[99.67521,15.76124],[99.67826,15.75985],[99.67965,15.7579],[99.68104,15.75707],[99.68159,15.75485],[99.68104,15.75429],[99.68493,15.7504],[99.68632,15.75068],[99.69021,15.74818],[99.69048,15.74846],[99.69132,15.74763],[99.69132,15.74624],[99.69437,15.7429],[99.69521,15.74207],[99.69659,15.74207],[99.69854,15.74013],[99.69937,15.74013],[99.70437,15.73485],[99.70604,15.73374],[99.70604,15.7329],[99.70771,15.73124],[99.70882,15.73068],[99.70937,15.73124],[99.71159,15.72874],[99.71604,15.72763],[99.71826,15.7279],[99.71965,15.72651],[99.72076,15.72624],[99.72187,15.72679],[99.72382,15.72568],[99.72521,15.72596],[99.72576,15.7254],[99.72743,15.7254],[99.72909,15.72707],[99.73298,15.72346],[99.73354,15.72151],[99.73521,15.71985]]}},{"type":"Feature","id":"flow_rain_1100959_to_river","properties":{"feature_type":"rainfall_to_gauge_flowpath","from_station_id":"1100959","from_station_name":"โรงพยาบาลส่งเสริมสุขภาพตำบล บ้านนกคลาน","to_station_id":"","to_station_name":"Stream Entry Point (No Gauge)","total_distance_km":7.56,"distance_km":7.56,"channel_distance_km":0.0,"response_lag_minutes":88,"response_lag_minutes_min":65,"response_lag_minutes_max":126,"response_lag_hours":1.5,"response_lag_hours_min":1.1,"response_lag_hours_max":2.1,"elevation_diff_m":12.74,"slope":0.001685,"upstream_elev_m":46.49,"downstream_elev_m":33.75,"influence_weight_percent":100.0,"attach_way_id":76,"attach_osm_id":"550194233","attach_class":"river","attach_length_km":1.915,"attach_distance_m":25.4,"attach_quality":"ok"},"geometry":{"type":"LineString","coordinates":[[99.86115,15.70192],[99.86187,15.70096],[99.86521,15.70013],[99.86687,15.69874],[99.86771,15.69901],[99.86909,15.69763],[99.87076,15.6979],[99.87187,15.69679],[99.87354,15.69707],[99.87659,15.69596],[99.87743,15.69763],[99.87743,15.69929],[99.87687,15.70013],[99.87771,15.70068],[99.87632,15.70263],[99.87882,15.70318],[99.87937,15.70429],[99.88076,15.70485],[99.88493,15.70957],[99.88659,15.70874],[99.88937,15.71124],[99.88854,15.71374],[99.88937,15.71485],[99.89076,15.71513],[99.89493,15.71957],[99.89548,15.7204],[99.89437,15.72151],[99.89521,15.72235],[99.89576,15.72457],[99.89659,15.7254],[99.89854,15.72485],[99.89826,15.72624]]}},{"type":"Feature","id":"flow_rain_1137140_to_river","properties":{"feature_type":"rainfall_to_gauge_flowpath","from_station_id":"1137140","from_station_name":"โรงพยาบาลส่งเสริมสุขภาพตำบล บ้านเกาะเปา","to_station_id":"","to_station_name":"Stream Entry Point (No Gauge)","total_distance_km":14.67,"distance_km":14.67,"channel_distance_km":0.0,"response_lag_minutes":145,"response_lag_minutes_min":106,"response_lag_minutes_max":206,"response_lag_hours":2.4,"response_lag_hours_min":1.8,"response_lag_hours_max":3.4,"elevation_diff_m":25.78,"slope":0.001757,"upstream_elev_m":46.78,"downstream_elev_m":21.0,"influence_weight_percent":100.0,"attach_way_id":15,"attach_osm_id":"180195605","attach_class":"river","attach_length_km":13.161,"attach_distance_m":14.2,"attach_quality":"ok"},"geometry":{"type":"LineString","coordinates":[[99.85162,15.65995],[99.85076,15.66068],[99.85298,15.6629],[99.85521,15.6629],[99.85687,15.66179],[99.85937,15.66263],[99.86021,15.66346],[99.86215,15.66346],[99.86576,15.66068],[99.86409,15.65735],[99.86493,15.65651],[99.86465,15.65568],[99.86548,15.65457],[99.86604,15.65151],[99.86465,15.64874],[99.86382,15.64846],[99.86437,15.6454],[99.86326,15.64374],[99.86159,15.64374],[99.86132,15.64235],[99.86215,15.64068],[99.86354,15.64068],[99.86409,15.63985],[99.86409,15.6379],[99.86326,15.63707],[99.86382,15.63457],[99.86243,15.63346],[99.86382,15.63179],[99.86271,15.63124],[99.86271,15.63013],[99.86548,15.62901],[99.86521,15.62763],[99.86354,15.62707],[99.86382,15.62429],[99.86465,15.62235],[99.86354,15.62207],[99.86215,15.6204],[99.86298,15.61985],[99.86409,15.62068],[99.86576,15.61874],[99.86521,15.6179],[99.86409,15.61846],[99.86298,15.61679],[99.86409,15.61568],[99.86409,15.61485],[99.86632,15.61318],[99.86548,15.61124],[99.86715,15.60957],[99.86659,15.60874],[99.86715,15.60707],[99.86604,15.60596],[99.86743,15.60568],[99.86854,15.60457],[99.86715,15.60374],[99.86715,15.60263],[99.86909,15.60068],[99.86771,15.59929],[99.86659,15.59901],[99.86854,15.59707],[99.86687,15.5954],[99.86632,15.59374],[99.86909,15.59235],[99.86909,15.59151],[99.86687,15.58985],[99.86909,15.58901],[99.86882,15.5879],[99.86743,15.58735]]}},{"type":"Feature","id":"flow_rain_1100958_overland","properties":{"feature_type":"rainfall_to_gauge_flowpath","routing":"overland_capped","from_station_id":"1100958","from_station_name":"โรงเรียนวัดหนองกระทุ่ม หมู่ 10","to_station_id":"","to_station_name":"Local Overland Drainage","total_distance_km":5.07,"distance_km":5.07,"response_lag_minutes":73,"response_lag_minutes_min":53,"response_lag_minutes_max":103,"response_lag_hours":1.2,"response_lag_hours_min":0.9,"response_lag_hours_max":1.7,"elevation_diff_m":6.4,"slope":0.001263,"upstream_elev_m":63.73,"downstream_elev_m":57.33,"influence_weight_percent":100.0},"geometry":{"type":"LineString","coordinates":[[99.73669,15.76137],[99.73604,15.76068],[99.73604,15.75957],[99.74104,15.75457],[99.74271,15.75429],[99.74437,15.75318],[99.74659,15.7504],[99.74632,15.74929],[99.74687,15.74874],[99.74854,15.74846],[99.75048,15.74707],[99.75437,15.74707],[99.75659,15.74596],[99.75715,15.74624],[99.76021,15.74401],[99.76132,15.74429],[99.76354,15.74374],[99.76465,15.7454],[99.76632,15.74429],[99.76743,15.74457],[99.76854,15.74401]]}},{"type":"Feature","id":"flow_rain_1651_to_3872","properties":{"feature_type":"rainfall_to_gauge_flowpath","cascade_segment":0,"previous_gauge_id":"","from_station_id":"1651","from_station_name":"บ้านตลิ่งสูง","to_station_id":"3872","to_station_name":"บ้านปางมะค่า","total_distance_km":14.14,"distance_km":0.09,"channel_distance_km":14.05,"segment_length_km":14.48,"response_lag_minutes":267,"response_lag_minutes_min":200,"response_lag_minutes_max":419,"response_lag_hours":4.5,"response_lag_hours_min":3.3,"response_lag_hours_max":7.0,"elevation_diff_m":24.44,"slope":0.020264,"upstream_elev_m":122.82,"downstream_elev_m":98.38,"influence_weight_percent":11.7,"attach_way_id":48,"attach_osm_id":"269899062","attach_class":"river","attach_length_km":27.799,"attach_distance_m":88.0,"attach_quality":"ok"},"geometry":{"type":"MultiLineString","coordinates":[[[99.4189,15.9125],[99.41835,15.91399],[99.42132,15.91533],[99.42271,15.91773],[99.42454,15.91773],[99.42365,15.91873],[99.42531,15.92081],[99.42715,15.91916],[99.42711,15.91651],[99.42958,15.91385],[99.43047,15.90968],[99.43166,15.90921],[99.4346,15.91065],[99.43591,15.91072],[99.43693,15.91017],[99.43893,15.90723]],[[99.44517,15.9031],[99.44746,15.9026],[99.44936,15.90506]],[[99.45678,15.90424],[99.45941,15.90546],[99.46095,15.90521]],[[99.47333,15.90239],[99.47675,15.90222],[99.47725,15.90234],[99.4772,15.90299],[99.47635,15.90667],[99.47955,15.90803],[99.4814,15.91046],[99.48121,15.91251],[99.47902,15.91602],[99.47792,15.91963],[99.478,15.92121],[99.47856,15.92189]],[[99.5016,15.92826],[99.5031,15.92803],[99.50243,15.92598]]]}},{"type":"Feature","id":"flow_rain_1650_to_3872","properties":{"feature_type":"rainfall_to_gauge_flowpath","cascade_segment":0,"previous_gauge_id":"","from_station_id":"1650","from_station_name":"บ้านปางข้าวสาร","to_station_id":"3872","to_station_name":"บ้านปางมะค่า","total_distance_km":30.31,"distance_km":14.18,"channel_distance_km":16.13,"segment_length_km":30.65,"response_lag_minutes":365,"response_lag_minutes_min":268,"response_lag_minutes_max":562,"response_lag_hours":6.1,"response_lag_hours_min":4.5,"response_lag_hours_max":9.4,"elevation_diff_m":97.54,"slope":0.004519,"upstream_elev_m":195.92,"downstream_elev_m":98.38,"influence_weight_percent":5.5,"attach_way_id":374,"attach_osm_id":"1409683437","attach_class":"stream","attach_length_km":0.55,"attach_distance_m":95.7,"attach_quality":"ok"},"geometry":{"type":"MultiLineString","coordinates":[[[99.3231,15.8405],[99.32493,15.84207],[99.32465,15.84263],[99.32521,15.84401],[99.32687,15.84596],[99.32771,15.8454],[99.32826,15.84568],[99.32965,15.84429],[99.33271,15.84429],[99.33576,15.8454],[99.33743,15.8454],[99.33909,15.84818],[99.34021,15.84818],[99.34076,15.84763],[99.34159,15.84818],[99.34215,15.8479],[99.34409,15.84985],[99.34382,15.85124],[99.34493,15.85207],[99.34659,15.85568],[99.34798,15.85707],[99.34909,15.85707],[99.34965,15.85763],[99.35132,15.85735],[99.35215,15.8579],[99.35715,15.85346],[99.35993,15.85513],[99.36159,15.8554],[99.36493,15.85929],[99.36465,15.85985],[99.36548,15.8604],[99.36548,15.86151],[99.36659,15.86263],[99.36743,15.86318],[99.36909,15.8629],[99.36965,15.86346],[99.36909,15.86429],[99.36965,15.87151],[99.37187,15.87513],[99.37132,15.87707],[99.37382,15.87929],[99.37409,15.88013],[99.37548,15.88124],[99.37659,15.88096],[99.37854,15.8829],[99.37993,15.88207],[99.38409,15.88263],[99.38465,15.88318],[99.38521,15.88263],[99.38632,15.8829],[99.38771,15.88346],[99.38993,15.88596],[99.39354,15.88346],[99.39743,15.88429],[99.39743,15.88485],[99.40159,15.88901],[99.40243,15.88901],[99.40409,15.89068],[99.40466,15.88998],[99.40578,15.89012],[99.40677,15.89134],[99.40827,15.89192],[99.40879,15.89331],[99.4086,15.8948],[99.40996,15.89527],[99.41007,15.89749],[99.41125,15.89785],[99.41099,15.89843],[99.41171,15.89904],[99.41185,15.90043],[99.41317,15.90158],[99.41331,15.9032],[99.41446,15.90331],[99.41399,15.90393],[99.41479,15.90413],[99.41489,15.90528],[99.41574,15.90517],[99.41639,15.90582],[99.41718,15.90535],[99.41765,15.90615],[99.41918,15.90669],[99.42109,15.90584],[99.42195,15.90625],[99.42196,15.90589],[99.42371,15.90589],[99.42367,15.90802],[99.42672,15.90928],[99.42878,15.90981],[99.43166,15.90921],[99.4346,15.91065],[99.43591,15.91072]],[[99.44646,15.90265],[99.44746,15.9026],[99.44936,15.90506]],[[99.45678,15.90424],[99.45941,15.90546],[99.46095,15.90521]],[[99.47333,15.90239],[99.47675,15.90222],[99.47725,15.90234],[99.4772,15.90299],[99.47635,15.90667],[99.47955,15.90803],[99.4814,15.91046],[99.48121,15.91251],[99.47902,15.91602],[99.47792,15.91963],[99.478,15.92121],[99.47856,15.92189]],[[99.5016,15.92826],[99.5031,15.92803],[99.50243,15.92598]]]}},{"type":"Feature","id":"flow_rain_501246_to_3872","properties":{"feature_type":"rainfall_to_gauge_flowpath","cascade_segment":0,"previous_gauge_id":"","from_station_id":"501246","from_station_name":"บ้านปางสุด","to_station_id":"3872","to_station_name":"บ้านปางมะค่า","total_distance_km":16.85,"distance_km":5.83,"channel_distance_km":11.03,"segment_length_km":17.15,"response_lag_minutes":269,"response_lag_minutes_min":200,"response_lag_minutes_max":413,"response_lag_hours":4.5,"response_lag_hours_min":3.3,"response_lag_hours_max":6.9,"elevation_diff_m":34.74,"slope":0.001989,"upstream_elev_m":133.12,"downstream_elev_m":98.38,"influence_weight_percent":9.8,"attach_way_id":70,"attach_osm_id":"410322872","attach_class":"river","attach_length_km":2.1,"attach_distance_m":53.8,"attach_quality":"ok"},"geometry":{"type":"MultiLineString","coordinates":[[[99.42951,15.85019],[99.43021,15.85068],[99.42993,15.85124],[99.43076,15.85207],[99.43048,15.8529],[99.43132,15.85374],[99.43215,15.85679],[99.43271,15.85679],[99.43493,15.85957],[99.43298,15.8629],[99.43326,15.86318],[99.43215,15.86429],[99.43354,15.86568],[99.43354,15.86651],[99.43771,15.87096],[99.43798,15.87401],[99.43965,15.87679],[99.43909,15.87763],[99.43965,15.87818],[99.44048,15.8779],[99.44159,15.87901],[99.44076,15.88151],[99.44132,15.88318],[99.43854,15.88596],[99.44021,15.88763],[99.44022,15.88888],[99.4414,15.88905],[99.44388,15.89063],[99.44435,15.89348],[99.44344,15.89502],[99.4434,15.89655],[99.446,15.89928],[99.44685,15.90203],[99.44771,15.90233],[99.44891,15.90492]],[[99.45678,15.90424],[99.45855,15.90537],[99.46005,15.90543],[99.46095,15.90521]],[[99.47725,15.90234],[99.47635,15.90667],[99.47955,15.90803],[99.4814,15.91046],[99.48121,15.91251],[99.47902,15.91602],[99.47792,15.91963],[99.478,15.92121],[99.47856,15.92189]],[[99.5016,15.92826],[99.5031,15.92803],[99.50243,15.92598]]]}},{"type":"Feature","id":"flow_rain_1649_to_river","properties":{"feature_type":"rainfall_to_gauge_flowpath","from_station_id":"1649","from_station_name":"บ้านใหม่ศรีนคร","to_station_id":"","to_station_name":"Stream Entry Point (No Gauge)","total_distance_km":10.34,"distance_km":10.34,"channel_distance_km":0.0,"response_lag_minutes":84,"response_lag_minutes_min":61,"response_lag_minutes_max":119,"response_lag_hours":1.4,"response_lag_hours_min":1.0,"response_lag_hours_max":2.0,"elevation_diff_m":37.23,"slope":0.003601,"upstream_elev_m":150.73,"downstream_elev_m":113.5,"influence_weight_percent":100.0,"attach_way_id":65,"attach_osm_id":"374372535","attach_class":"river","attach_length_km":4.975,"attach_distance_m":721.9,"attach_quality":"ok"},"geometry":{"type":"LineString","coordinates":[[99.4588,15.7881],[99.45826,15.78707],[99.45882,15.78624],[99.45798,15.78485],[99.45965,15.78179],[99.45993,15.77818],[99.46159,15.77651],[99.46076,15.77457],[99.46326,15.77179],[99.46271,15.7679],[99.46465,15.76568],[99.46437,15.76457],[99.46493,15.76207],[99.46743,15.75929],[99.46687,15.75818],[99.46798,15.75651],[99.46743,15.7554],[99.46798,15.75485],[99.46715,15.75346],[99.46882,15.75124],[99.47132,15.7504],[99.47104,15.74901],[99.47187,15.74818],[99.47187,15.74596],[99.46993,15.74457],[99.47021,15.74401],[99.46937,15.7429],[99.47243,15.74013],[99.47243,15.73846],[99.47437,15.73374],[99.47771,15.7304],[99.47576,15.72568],[99.47632,15.72374],[99.47798,15.72124],[99.47771,15.71818],[99.47909,15.71707],[99.47826,15.71596]]}},{"type":"Feature","id":"flow_rain_1137142_to_3872","properties":{"feature_type":"rainfall_to_gauge_flowpath","cascade_segment":0,"previous_gauge_id":"","from_station_id":"1137142","from_station_name":"ศาลาเอนกประสงค์บ้านมอช้างงาม หมู่ 21","to_station_id":"3872","to_station_name":"บ้านปางมะค่า","total_distance_km":25.79,"distance_km":0.05,"channel_distance_km":25.74,"segment_length_km":26.07,"response_lag_minutes":453,"response_lag_minutes_min":336,"response_lag_minutes_max":714,"response_lag_hours":7.5,"response_lag_hours_min":5.6,"response_lag_hours_max":11.9,"elevation_diff_m":63.02,"slope":0.017666,"upstream_elev_m":161.4,"downstream_elev_m":98.38,"influence_weight_percent":6.4,"attach_way_id":44,"attach_osm_id":"269899018","attach_class":"river","attach_length_km":13.837,"attach_distance_m":29.3,"attach_quality":"ok"},"geometry":{"type":"MultiLineString","coordinates":[[[99.3303,15.91099],[99.33021,15.91153],[99.33349,15.9113],[99.33459,15.91412],[99.33655,15.91464]],[[99.35551,15.92636],[99.35767,15.92689]],[[99.374,15.9154],[99.37621,15.91526],[99.3789,15.91673],[99.3827,15.91709]],[[99.38889,15.91596],[99.39229,15.91631],[99.39514,15.91449]],[[99.40003,15.9136],[99.40242,15.91424],[99.40284,15.91381],[99.40256,15.91262],[99.4051,15.91001],[99.40583,15.91076],[99.4056,15.91192],[99.40692,15.91207],[99.40775,15.91092]],[[99.41602,15.91055],[99.41589,15.91181],[99.41748,15.91379],[99.42132,15.91533],[99.42271,15.91773],[99.42454,15.91773],[99.42365,15.91873],[99.42531,15.92081],[99.42715,15.91916],[99.42711,15.91651],[99.42958,15.91385],[99.43047,15.90968],[99.43091,15.90945],[99.43258,15.90944],[99.4346,15.91065],[99.43591,15.91072]],[[99.44646,15.90265],[99.44746,15.9026],[99.44936,15.90506]],[[99.45678,15.90424],[99.45855,15.90537],[99.46095,15.90521]],[[99.47725,15.90234],[99.47635,15.90667],[99.47955,15.90803],[99.4814,15.91046],[99.48121,15.91251],[99.47902,15.91602],[99.47792,15.91963],[99.478,15.92121],[99.47856,15.92189]],[[99.5016,15.92826],[99.5031,15.92803],[99.50243,15.92598]]]}},{"type":"Feature","id":"flow_rain_1100961_to_3872","properties":{"feature_type":"rainfall_to_gauge_flowpath","cascade_segment":0,"previous_gauge_id":"","from_station_id":"1100961","from_station_name":"ศาลาเอนกประสงค์หมู่บ้าน หมู่ 9","to_station_id":"3872","to_station_name":"บ้านปางมะค่า","total_distance_km":18.94,"distance_km":0.92,"channel_distance_km":18.02,"segment_length_km":19.25,"response_lag_minutes":344,"response_lag_minutes_min":257,"response_lag_minutes_max":538,"response_lag_hours":5.7,"response_lag_hours_min":4.3,"response_lag_hours_max":9.0,"elevation_diff_m":36.07,"slope":0.008234,"upstream_elev_m":134.45,"downstream_elev_m":98.38,"influence_weight_percent":8.7,"attach_way_id":49,"attach_osm_id":"269899073","attach_class":"river","attach_length_km":9.733,"attach_distance_m":64.7,"attach_quality":"ok"},"geometry":{"type":"MultiLineString","coordinates":[[[99.38815,15.90937],[99.38993,15.91096],[99.39132,15.91318],[99.39132,15.91429],[99.39076,15.91485],[99.39149,15.91629],[99.39264,15.91623],[99.39333,15.91531],[99.39514,15.91449]],[[99.40003,15.9136],[99.40242,15.91424],[99.40284,15.91381],[99.40256,15.91262],[99.4051,15.91001],[99.40583,15.91076],[99.4056,15.91192],[99.40692,15.91207],[99.40775,15.91092],[99.40919,15.9111],[99.41117,15.91044],[99.41341,15.91097],[99.41555,15.91034],[99.41625,15.9111],[99.41589,15.91181],[99.41627,15.91265],[99.41748,15.91379],[99.42132,15.91533],[99.42271,15.91773],[99.42454,15.91773],[99.42365,15.91873],[99.42531,15.92081],[99.42715,15.91916],[99.42711,15.91651],[99.42958,15.91385],[99.43047,15.90968],[99.43166,15.90921],[99.4346,15.91065],[99.43591,15.91072],[99.43693,15.91017],[99.43893,15.90723]],[[99.44517,15.9031],[99.44746,15.9026],[99.44936,15.90506]],[[99.45678,15.90424],[99.45941,15.90546],[99.46095,15.90521]],[[99.47333,15.90239],[99.47675,15.90222],[99.47725,15.90234],[99.4772,15.90299],[99.47635,15.90667],[99.47955,15.90803],[99.4814,15.91046],[99.48121,15.91251],[99.47902,15.91602],[99.47792,15.91963],[99.478,15.92121],[99.47856,15.92189]],[[99.5016,15.92826],[99.5031,15.92803],[99.50243,15.92598]]]}},{"type":"Feature","id":"flow_rain_592_to_1696","properties":{"feature_type":"rainfall_to_gauge_flowpath","cascade_segment":1,"previous_gauge_id":"1670","from_station_id":"592","from_station_name":"สะพานแม่เล่ย์","to_station_id":"1696","to_station_name":"สะพานแม่วงก์","total_distance_km":14.93,"distance_km":14.33,"segment_length_km":14.33,"response_lag_minutes":15,"response_lag_minutes_min":10,"response_lag_minutes_max":30,"response_lag_hours":0.2,"response_lag_hours_min":0.2,"response_lag_hours_max":0.5,"elevation_diff_m":41.68,"slope":0.070253,"upstream_elev_m":139.87,"downstream_elev_m":98.19,"influence_weight_percent":100.0},"geometry":{"type":"MultiLineString","coordinates":[[[99.41937,15.84596],[99.41715,15.8429],[99.42048,15.84735],[99.42382,15.84957],[99.42659,15.85235],[99.42798,15.85151],[99.42993,15.85263],[99.43021,15.85235],[99.43132,15.85374],[99.43215,15.85679],[99.43271,15.85679],[99.43493,15.85957],[99.43298,15.8629],[99.43326,15.86318],[99.43215,15.86429],[99.43354,15.86568],[99.43354,15.86651],[99.43771,15.87096],[99.43798,15.87401],[99.43965,15.87679],[99.43909,15.87763],[99.43965,15.87818],[99.44048,15.8779],[99.44159,15.87901],[99.44076,15.88151],[99.44132,15.88318],[99.43854,15.88596],[99.44021,15.88763],[99.43993,15.88846],[99.44048,15.88901],[99.44298,15.88985],[99.44409,15.89096],[99.44437,15.89346],[99.44326,15.89513],[99.44326,15.89651],[99.44604,15.89957],[99.44687,15.90096],[99.44659,15.90179],[99.44771,15.90235],[99.44743,15.90263],[99.44909,15.90513]],[[99.45715,15.90429],[99.45826,15.9054],[99.46076,15.9054]],[[99.46632,15.90068],[99.46771,15.90151],[99.47215,15.90235]],[[99.47715,15.90235],[99.47867,15.90608]]]}},{"type":"Feature","id":"flow_rain_592_to_3872","properties":{"feature_type":"rainfall_to_gauge_flowpath","cascade_segment":2,"previous_gauge_id":"1696","from_station_id":"592","from_station_name":"สะพานแม่เล่ย์","to_station_id":"3872","to_station_name":"บ้านปางมะค่า","total_distance_km":20.81,"distance_km":5.88,"segment_length_km":5.88,"response_lag_minutes":255,"response_lag_minutes_min":189,"response_lag_minutes_max":401,"response_lag_hours":4.2,"response_lag_hours_min":3.1,"response_lag_hours_max":6.7,"elevation_diff_m":41.49,"slope":0.00278,"upstream_elev_m":139.87,"downstream_elev_m":98.38,"influence_weight_percent":7.9},"geometry":{"type":"MultiLineString","coordinates":[[[99.47867,15.90608],[99.47715,15.9029],[99.47632,15.90651],[99.47937,15.9079],[99.48132,15.9104],[99.48132,15.91235],[99.47854,15.91679],[99.47771,15.92013],[99.47854,15.92207]],[[99.49243,15.92457],[99.49382,15.92457],[99.49854,15.92707],[99.50243,15.92598]]]}},{"type":"Feature","id":"flow_rain_1121254_to_3872","properties":{"feature_type":"rainfall_to_gauge_flowpath","cascade_segment":0,"previous_gauge_id":"","from_station_id":"1121254","from_station_name":"หน่วยจัดการต้นน้ำและพัฒนาชุมชนในพื้นที่ป่าอนุรักษ์ขุนน้ำเย็น","to_station_id":"3872","to_station_name":"บ้านปางมะค่า","total_distance_km":34.5,"distance_km":1.62,"channel_distance_km":32.89,"segment_length_km":34.8,"response_lag_minutes":556,"response_lag_minutes_min":410,"response_lag_minutes_max":880,"response_lag_hours":9.3,"response_lag_hours_min":6.8,"response_lag_hours_max":14.7,"elevation_diff_m":110.53,"slope":0.013198,"upstream_elev_m":208.91,"downstream_elev_m":98.38,"influence_weight_percent":4.8,"attach_way_id":44,"attach_osm_id":"269899018","attach_class":"river","attach_length_km":13.837,"attach_distance_m":58.2,"attach_quality":"ok"},"geometry":{"type":"MultiLineString","coordinates":[[[99.3084,15.8948],[99.30771,15.89485],[99.30576,15.89679],[99.30632,15.89763],[99.30409,15.89985],[99.30409,15.90151],[99.30187,15.90374],[99.30271,15.90485],[99.30436,15.9038],[99.30617,15.90347],[99.30893,15.90384],[99.31037,15.90487],[99.31165,15.90758]],[[99.31069,15.91828],[99.31241,15.91924]],[[99.31749,15.91697],[99.31905,15.91687],[99.31976,15.91748],[99.32022,15.91981]],[[99.31882,15.92607],[99.31996,15.92752],[99.32171,15.92652],[99.32386,15.92389],[99.32705,15.92162],[99.32808,15.91994],[99.32579,15.9163],[99.32901,15.91209],[99.33021,15.91153],[99.33349,15.9113],[99.33459,15.91412],[99.33655,15.91464]],[[99.35551,15.92636],[99.35767,15.92689]],[[99.374,15.9154],[99.37621,15.91526],[99.3789,15.91673],[99.3827,15.91709]],[[99.38889,15.91596],[99.39229,15.91631],[99.39514,15.91449]],[[99.40003,15.9136],[99.40242,15.91424],[99.40284,15.91381],[99.40256,15.91262],[99.4051,15.91001],[99.40583,15.91076],[99.4056,15.91192],[99.40692,15.91207],[99.40775,15.91092]],[[99.41602,15.91055],[99.41589,15.91181],[99.41748,15.91379],[99.42132,15.91533],[99.42271,15.91773],[99.42454,15.91773],[99.42365,15.91873],[99.42531,15.92081],[99.42715,15.91916],[99.42711,15.91651],[99.42958,15.91385],[99.43047,15.90968],[99.43091,15.90945],[99.43258,15.90944],[99.4346,15.91065],[99.43591,15.91072]],[[99.44646,15.90265],[99.44746,15.9026],[99.44936,15.90506]],[[99.45678,15.90424],[99.45855,15.90537],[99.46095,15.90521]],[[99.47725,15.90234],[99.47635,15.90667],[99.47955,15.90803],[99.4814,15.91046],[99.48121,15.91251],[99.47902,15.91602],[99.47792,15.91963],[99.478,15.92121],[99.47856,15.92189]],[[99.5016,15.92826],[99.5031,15.92803],[99.50243,15.92598]]]}},{"type":"Feature","id":"flow_rain_593_to_3872","properties":{"feature_type":"rainfall_to_gauge_flowpath","cascade_segment":0,"previous_gauge_id":"","from_station_id":"593","from_station_name":"หน่วยพิทักษ์ อช.แม่วงก์ที่ 4 (แม่เรวา)","to_station_id":"3872","to_station_name":"บ้านปางมะค่า","total_distance_km":26.1,"distance_km":0.05,"channel_distance_km":26.05,"segment_length_km":26.37,"response_lag_minutes":481,"response_lag_minutes_min":360,"response_lag_minutes_max":755,"response_lag_hours":8.0,"response_lag_hours_min":6.0,"response_lag_hours_max":12.6,"elevation_diff_m":51.06,"slope":0.173635,"upstream_elev_m":149.44,"downstream_elev_m":98.38,"influence_weight_percent":6.3,"attach_way_id":44,"attach_osm_id":"269899018","attach_class":"river","attach_length_km":13.837,"attach_distance_m":3.0,"attach_quality":"ok"},"geometry":{"type":"MultiLineString","coordinates":[[[99.32747,15.9125],[99.32743,15.9129],[99.32911,15.91161],[99.33349,15.9113],[99.33459,15.91412],[99.33655,15.91464]],[[99.35551,15.92636],[99.35767,15.92689]],[[99.374,15.9154],[99.37621,15.91526],[99.3789,15.91673],[99.3827,15.91709]],[[99.38889,15.91596],[99.39229,15.91631],[99.39514,15.91449]],[[99.40003,15.9136],[99.40242,15.91424],[99.40284,15.91381],[99.40256,15.91262],[99.4051,15.91001],[99.40583,15.91076],[99.4056,15.91192],[99.40692,15.91207],[99.40775,15.91092]],[[99.41602,15.91055],[99.41589,15.91181],[99.41748,15.91379],[99.42132,15.91533],[99.42271,15.91773],[99.42454,15.91773],[99.42365,15.91873],[99.42531,15.92081],[99.42715,15.91916],[99.42711,15.91651],[99.42958,15.91385],[99.43047,15.90968],[99.43091,15.90945],[99.43258,15.90944],[99.4346,15.91065],[99.43591,15.91072]],[[99.44646,15.90265],[99.44746,15.9026],[99.44936,15.90506]],[[99.45678,15.90424],[99.45855,15.90537],[99.46095,15.90521]],[[99.47725,15.90234],[99.47635,15.90667],[99.47955,15.90803],[99.4814,15.91046],[99.48121,15.91251],[99.47902,15.91602],[99.47792,15.91963],[99.478,15.92121],[99.47856,15.92189]],[[99.5016,15.92826],[99.5031,15.92803],[99.50243,15.92598]]]}},{"type":"Feature","id":"flow_rain_589_to_river","properties":{"feature_type":"rainfall_to_gauge_flowpath","from_station_id":"589","from_station_name":"อบต.แม่วงก์","to_station_id":"","to_station_name":"Stream Entry Point (No Gauge)","total_distance_km":14.95,"distance_km":14.95,"channel_distance_km":0.0,"response_lag_minutes":126,"response_lag_minutes_min":92,"response_lag_minutes_max":180,"response_lag_hours":2.1,"response_lag_hours_min":1.5,"response_lag_hours_max":3.0,"elevation_diff_m":39.05,"slope":0.002613,"upstream_elev_m":116.24,"downstream_elev_m":77.19,"influence_weight_percent":100.0,"attach_way_id":77,"attach_osm_id":"550343233","attach_class":"canal","attach_length_km":0.409,"attach_distance_m":284.0,"attach_quality":"ok"},"geometry":{"type":"LineString","coordinates":[[99.54588,15.78101],[99.54632,15.78124],[99.54715,15.7804],[99.54771,15.77846],[99.54743,15.77763],[99.54854,15.77596],[99.55021,15.77457],[99.55215,15.77457],[99.55354,15.77318],[99.55521,15.77318],[99.55576,15.77263],[99.55743,15.77318],[99.55937,15.7729],[99.56187,15.77513],[99.56659,15.77429],[99.56826,15.77263],[99.56798,15.77096],[99.56882,15.77013],[99.56937,15.76818],[99.57243,15.76624],[99.57243,15.76346],[99.57326,15.76235],[99.57326,15.76096],[99.57409,15.76013],[99.57271,15.75818],[99.57743,15.75651],[99.58215,15.75124],[99.58437,15.75179],[99.58687,15.75096],[99.58909,15.74874],[99.59076,15.74846],[99.59382,15.74568],[99.59493,15.74457],[99.59493,15.74346],[99.59604,15.74151],[99.59993,15.73763],[99.60021,15.7379],[99.60298,15.73624],[99.60382,15.73401],[99.60548,15.73235],[99.60687,15.73318],[99.60826,15.73179],[99.60715,15.72929],[99.60493,15.72846],[99.60493,15.72763],[99.60771,15.72485],[99.60771,15.72374],[99.61048,15.72207],[99.61187,15.72207],[99.61271,15.72096],[99.61382,15.71707],[99.61576,15.71651],[99.61632,15.7154],[99.61882,15.7154]]}},{"type":"Feature","id":"flow_rain_1652_to_river","properties":{"feature_type":"rainfall_to_gauge_flowpath","from_station_id":"1652","from_station_name":"บ้านปางสัก","to_station_id":"","to_station_name":"Stream Entry Point (No Gauge)","total_distance_km":14.05,"distance_km":14.05,"channel_distance_km":0.0,"response_lag_minutes":99,"response_lag_minutes_min":73,"response_lag_minutes_max":141,"response_lag_hours":1.6,"response_lag_hours_min":1.2,"response_lag_hours_max":2.4,"elevation_diff_m":60.51,"slope":0.004306,"upstream_elev_m":193.52,"downstream_elev_m":133.01,"influence_weight_percent":100.0,"attach_way_id":89,"attach_osm_id":"551179185","attach_class":"river","attach_length_km":14.794,"attach_distance_m":2.2,"attach_quality":"ok"},"geometry":{"type":"LineString","coordinates":[[99.31384,15.75126],[99.31437,15.75068],[99.31743,15.75068],[99.31909,15.75151],[99.31993,15.75068],[99.32159,15.7504],[99.32743,15.74485],[99.32771,15.74374],[99.32937,15.74179],[99.33187,15.74124],[99.33743,15.74151],[99.33993,15.74013],[99.34382,15.73985],[99.34632,15.73818],[99.34937,15.73735],[99.35215,15.7379],[99.35437,15.73707],[99.35771,15.73457],[99.36076,15.73707],[99.36409,15.73651],[99.36632,15.73818],[99.36909,15.7379],[99.37326,15.73707],[99.37465,15.73596],[99.37771,15.7354],[99.38326,15.7329],[99.38604,15.7329],[99.38993,15.73179],[99.39326,15.73263],[99.39521,15.7304],[99.39659,15.73096],[99.39659,15.73235],[99.39798,15.73401],[99.40159,15.73457],[99.40271,15.7354],[99.39993,15.73763],[99.39965,15.74068],[99.40021,15.74179],[99.40382,15.74374],[99.40659,15.74207],[99.40937,15.74179],[99.41021,15.74207],[99.41048,15.74318]]}},{"type":"Feature","id":"flow_rain_1653_to_river","properties":{"feature_type":"rainfall_to_gauge_flowpath","from_station_id":"1653","from_station_name":"บ้านเขาแหลม","to_station_id":"","to_station_name":"Stream Entry Point (No Gauge)","total_distance_km":10.21,"distance_km":10.21,"channel_distance_km":0.0,"response_lag_minutes":73,"response_lag_minutes_min":53,"response_lag_minutes_max":103,"response_lag_hours":1.2,"response_lag_hours_min":0.9,"response_lag_hours_max":1.7,"elevation_diff_m":52.1,"slope":0.005104,"upstream_elev_m":161.97,"downstream_elev_m":109.87,"influence_weight_percent":100.0,"attach_osm_id":"374294730","attach_class":"reservoir_transit","attach_quality":"ok","reservoir_transit":true,"transit_mode":"straight"},"geometry":{"type":"LineString","coordinates":[[99.42494,15.64634],[99.42659,15.64624],[99.42826,15.6454],[99.42937,15.64624],[99.43215,15.64624],[99.43298,15.6454],[99.43354,15.64568],[99.43437,15.64513],[99.43548,15.64624],[99.43909,15.64346],[99.44493,15.65096],[99.44493,15.65151],[99.44187,15.65457],[99.44437,15.65624],[99.44493,15.65735],[99.44548,15.65707],[99.44632,15.6579],[99.44687,15.65957],[99.44937,15.6604],[99.45159,15.66013],[99.45465,15.66235],[99.45493,15.66207]]}},{"type":"Feature","id":"flow_rain_1100964_to_3812","properties":{"feature_type":"rainfall_to_gauge_flowpath","cascade_segment":0,"previous_gauge_id":"","from_station_id":"1100964","from_station_name":"องค์การบริหารส่วนตำบลหาดสูง","to_station_id":"3812","to_station_name":"บ้านหาดทนง","total_distance_km":25.91,"distance_km":14.8,"channel_distance_km":11.11,"segment_length_km":25.97,"response_lag_minutes":396,"response_lag_minutes_min":297,"response_lag_minutes_max":593,"response_lag_hours":6.6,"response_lag_hours_min":5.0,"response_lag_hours_max":9.9,"elevation_diff_m":24.91,"slope":0.001465,"upstream_elev_m":26.91,"downstream_elev_m":2.0,"influence_weight_percent":100.0,"attach_way_id":99,"attach_osm_id":"552149868","attach_class":"river","attach_length_km":4.352,"attach_distance_m":38.5,"attach_quality":"ok"},"geometry":{"type":"MultiLineString","coordinates":[[[99.9836,15.49873],[99.98604,15.50179],[99.98798,15.50151],[99.98882,15.50068],[99.99076,15.50096],[99.99187,15.50013],[99.99687,15.50124],[99.99771,15.50096],[100.00215,15.49763],[100.00687,15.4929],[100.00715,15.49096],[100.00965,15.48957],[100.01187,15.48707],[100.01159,15.48679],[100.01271,15.4854],[100.01215,15.48318],[100.01604,15.47846],[100.01659,15.47901],[100.01771,15.47874],[100.01826,15.48013],[100.01993,15.48151],[100.02437,15.48235],[100.02715,15.4804],[100.02743,15.47901],[100.02937,15.47874],[100.02965,15.47735],[100.02909,15.47679],[100.02826,15.47735],[100.02715,15.47707],[100.03048,15.47401],[100.03159,15.47513],[100.03354,15.47513],[100.03409,15.47457],[100.03576,15.47513],[100.03882,15.47846],[100.04076,15.47846],[100.04243,15.47679],[100.04354,15.47707],[100.04493,15.47596],[100.05159,15.47596],[100.05493,15.47901],[100.05632,15.47901],[100.05743,15.48013],[100.05687,15.48235],[100.05798,15.48374],[100.05771,15.48568],[100.05854,15.48679],[100.05993,15.48679],[100.06215,15.4879],[100.06548,15.48735],[100.06659,15.48818],[100.06743,15.48763],[100.06882,15.48901],[100.06993,15.48874],[100.07079,15.48632],[100.07036,15.48493],[100.06962,15.48492],[100.0701,15.48092],[100.0689,15.48133],[100.06945,15.48065],[100.06937,15.47649],[100.06886,15.47572],[100.06785,15.47609],[100.06679,15.4756],[100.06651,15.47487],[100.06526,15.47458],[100.06622,15.47357]],[[100.06649,15.46904],[100.06707,15.46837],[100.06697,15.4668],[100.06593,15.46646],[100.06697,15.46596],[100.06654,15.46483],[100.06709,15.4642],[100.06638,15.46302],[100.06696,15.46214],[100.06611,15.46085],[100.06551,15.46092],[100.0669,15.45952],[100.06632,15.45852],[100.06741,15.45835],[100.06642,15.45727],[100.06736,15.45694],[100.06724,15.45653],[100.06617,15.45563],[100.06536,15.45564],[100.06544,15.45381],[100.06611,15.45283],[100.06589,15.45146],[100.06642,15.4508],[100.06502,15.45024],[100.06585,15.44876],[100.06588,15.44719],[100.06422,15.44401],[100.06412,15.44124]],[[100.06205,15.43661],[100.06014,15.43496],[100.06028,15.43347],[100.05876,15.43303],[100.057,15.43119],[100.05743,15.42922],[100.05528,15.42596],[100.05323,15.4214]]]}},{"type":"Feature","id":"flow_rain_597_to_river","properties":{"feature_type":"rainfall_to_gauge_flowpath","from_station_id":"597","from_station_name":"ทต.ทัพทัน","to_station_id":"","to_station_name":"Stream Entry Point (No Gauge)","total_distance_km":4.39,"distance_km":4.39,"channel_distance_km":0.0,"response_lag_minutes":93,"response_lag_minutes_min":68,"response_lag_minutes_max":132,"response_lag_hours":1.6,"response_lag_hours_min":1.1,"response_lag_hours_max":2.2,"elevation_diff_m":0.0,"slope":0.0,"upstream_elev_m":25.46,"downstream_elev_m":34.97,"influence_weight_percent":100.0,"attach_way_id":68,"attach_osm_id":"376318018","attach_class":"canal","attach_length_km":9.973,"attach_distance_m":316.1,"attach_quality":"ok"},"geometry":{"type":"LineString","coordinates":[[99.89484,15.45764],[99.89771,15.45679],[99.89826,15.4579],[99.89743,15.45929],[99.89826,15.46013],[99.89993,15.45929],[99.90048,15.45957],[99.90159,15.45846],[99.90298,15.45901],[99.90493,15.46124],[99.90715,15.46124],[99.91021,15.46346],[99.91215,15.46374],[99.91659,15.46763],[99.91604,15.46818],[99.91632,15.46929],[99.91909,15.47151],[99.92187,15.47068]]}},{"type":"Feature","id":"flow_rain_1664_to_river","properties":{"feature_type":"rainfall_to_gauge_flowpath","from_station_id":"1664","from_station_name":"บ้านโป่งมะค่า","to_station_id":"","to_station_name":"Stream Entry Point (No Gauge)","total_distance_km":14.5,"distance_km":14.5,"channel_distance_km":0.0,"response_lag_minutes":87,"response_lag_minutes_min":64,"response_lag_minutes_max":124,"response_lag_hours":1.4,"response_lag_hours_min":1.1,"response_lag_hours_max":2.1,"elevation_diff_m":92.71,"slope":0.006392,"upstream_elev_m":196.97,"downstream_elev_m":104.26,"influence_weight_percent":100.0,"attach_way_id":37,"attach_osm_id":"237216259","attach_class":"river","attach_length_km":6.267,"attach_distance_m":9.8,"attach_quality":"ok"},"geometry":{"type":"MultiLineString","coordinates":[[[99.44543,15.49433],[99.44382,15.49318],[99.44437,15.48985],[99.44604,15.48707],[99.44604,15.48596],[99.44798,15.48318],[99.44826,15.48179],[99.44993,15.48068],[99.44965,15.48013],[99.45132,15.47735],[99.45104,15.47624],[99.45576,15.47124],[99.45548,15.47068],[99.45715,15.4679],[99.45771,15.4679],[99.46132,15.46401],[99.46326,15.46263],[99.46437,15.46263],[99.46632,15.46096],[99.46604,15.4604],[99.46659,15.45985],[99.46687,15.46013],[99.46937,15.45818],[99.47215,15.45818],[99.47326,15.45929],[99.47326,15.46068],[99.47409,15.46179]],[[99.47382,15.46985],[99.47437,15.4704],[99.47521,15.46985],[99.47493,15.46846],[99.47632,15.46401],[99.47771,15.46429],[99.47854,15.46513],[99.47965,15.46763],[99.48326,15.46818],[99.48409,15.46901],[99.48215,15.4704],[99.48243,15.47457],[99.48187,15.47651],[99.48298,15.47929],[99.48576,15.48179],[99.48687,15.48179],[99.48743,15.48235],[99.48909,15.48207],[99.49215,15.48318],[99.49409,15.48318],[99.49548,15.48235],[99.49826,15.48263],[99.49993,15.48151],[99.50132,15.48207],[99.50548,15.48207],[99.50632,15.48096],[99.50743,15.48096],[99.50965,15.47901],[99.51048,15.47901]]]}},{"type":"Feature","id":"flow_rain_1121253_to_river","properties":{"feature_type":"rainfall_to_gauge_flowpath","from_station_id":"1121253","from_station_name":"หน่วยจัดการต้นน้ำและพัฒนาชุมชนในพื้นที่ป่าอนุรักษ์สะแกกรัง","to_station_id":"","to_station_name":"Stream Entry Point (No Gauge)","total_distance_km":6.5,"distance_km":6.5,"channel_distance_km":0.0,"response_lag_minutes":44,"response_lag_minutes_min":32,"response_lag_minutes_max":63,"response_lag_hours":0.7,"response_lag_hours_min":0.5,"response_lag_hours_max":1.1,"elevation_diff_m":49.13,"slope":0.007563,"upstream_elev_m":154.63,"downstream_elev_m":105.5,"influence_weight_percent":100.0,"attach_way_id":138,"attach_osm_id":"555207827","attach_class":"river","attach_length_km":9.535,"attach_distance_m":6.9,"attach_quality":"ok"},"geometry":{"type":"MultiLineString","coordinates":[[[99.46196,15.50239],[99.46187,15.50457],[99.46548,15.50763],[99.46632,15.50874],[99.46687,15.51124],[99.47076,15.51513],[99.47243,15.51374],[99.47437,15.51457],[99.47798,15.51235],[99.47937,15.5104],[99.48048,15.5104],[99.48159,15.50929],[99.48382,15.51013],[99.49021,15.50457],[99.49076,15.50513],[99.49326,15.50207],[99.49271,15.50151],[99.49326,15.50068]],[[99.49743,15.49596],[99.49743,15.49457],[99.49798,15.49401]]]}},{"type":"Feature","id":"flow_rain_604_to_river","properties":{"feature_type":"rainfall_to_gauge_flowpath","from_station_id":"604","from_station_name":"อบต.ลานสัก","to_station_id":"","to_station_name":"Stream Entry Point (No Gauge)","total_distance_km":2.1,"distance_km":2.1,"channel_distance_km":0.0,"response_lag_minutes":32,"response_lag_minutes_min":23,"response_lag_minutes_max":47,"response_lag_hours":0.5,"response_lag_hours_min":0.4,"response_lag_hours_max":0.8,"elevation_diff_m":3.88,"slope":0.001851,"upstream_elev_m":114.55,"downstream_elev_m":110.67,"influence_weight_percent":100.0,"attach_way_id":134,"attach_osm_id":"554446542","attach_class":"canal","attach_length_km":0.575,"attach_distance_m":316.1,"attach_quality":"ok"},"geometry":{"type":"LineString","coordinates":[[99.53976,15.47279],[99.54187,15.47346],[99.54465,15.47235],[99.54576,15.47318],[99.55104,15.4679],[99.55021,15.46596],[99.55159,15.46513]]}},{"type":"Feature","id":"flow_rain_1316406_to_3823","properties":{"feature_type":"rainfall_to_gauge_flowpath","cascade_segment":0,"previous_gauge_id":"","from_station_id":"1316406","from_station_name":"เขื่อนทับเสลา","to_station_id":"3823","to_station_name":"บ้านบุ่งอ้ายเจี้ยม","total_distance_km":5.96,"distance_km":0.04,"channel_distance_km":5.92,"segment_length_km":6.04,"response_lag_minutes":90,"response_lag_minutes_min":66,"response_lag_minutes_max":144,"response_lag_hours":1.5,"response_lag_hours_min":1.1,"response_lag_hours_max":2.4,"elevation_diff_m":28.13,"slope":0.179055,"upstream_elev_m":142.41,"downstream_elev_m":114.28,"influence_weight_percent":100.0,"attach_way_id":142,"attach_osm_id":"645593656","attach_class":"river","attach_length_km":17.357,"attach_distance_m":53.5,"attach_quality":"ok"},"geometry":{"type":"MultiLineString","coordinates":[[[99.44768,15.54387],[99.4515,15.54326]],[[99.45464,15.53665],[99.45492,15.53498],[99.4585,15.53368],[99.45978,15.5311],[99.46154,15.53025],[99.46354,15.53033],[99.46474,15.5285],[99.46644,15.52728],[99.46873,15.52746],[99.47054,15.52575],[99.47203,15.52644],[99.47297,15.52626],[99.4747,15.52416],[99.47581,15.52146],[99.47567,15.51918],[99.4781,15.51933],[99.47926,15.52014],[99.48104,15.51882],[99.48231,15.51966],[99.48355,15.51831]]]}},{"type":"Feature","id":"flow_rain_599_to_river","properties":{"feature_type":"rainfall_to_gauge_flowpath","from_station_id":"599","from_station_name":"ทต.สว่างอารมณ์","to_station_id":"","to_station_name":"Stream Entry Point (No Gauge)","total_distance_km":14.61,"distance_km":14.61,"channel_distance_km":0.0,"response_lag_minutes":146,"response_lag_minutes_min":107,"response_lag_minutes_max":208,"response_lag_hours":2.4,"response_lag_hours_min":1.8,"response_lag_hours_max":3.5,"elevation_diff_m":24.77,"slope":0.001695,"upstream_elev_m":40.27,"downstream_elev_m":15.5,"influence_weight_percent":100.0,"attach_way_id":108,"attach_osm_id":"552539113","attach_class":"river","attach_length_km":11.389,"attach_distance_m":1.0,"attach_quality":"ok"},"geometry":{"type":"MultiLineString","coordinates":[[[99.86514,15.58538],[99.86576,15.5854],[99.86687,15.58346],[99.86715,15.5829],[99.86632,15.58179],[99.86826,15.5804],[99.86826,15.5779],[99.86965,15.57651],[99.86854,15.57457],[99.86993,15.57401],[99.87104,15.57263],[99.86854,15.57207],[99.87076,15.56874],[99.87048,15.56735],[99.86882,15.56651],[99.87132,15.56401],[99.87104,15.56263],[99.87354,15.56068],[99.87465,15.56096],[99.87687,15.55874],[99.87548,15.55679],[99.87826,15.55374],[99.88021,15.5554],[99.88076,15.55513]],[[99.88104,15.54957],[99.88382,15.5479],[99.88326,15.54651],[99.88326,15.54485],[99.88382,15.54429],[99.88659,15.54457],[99.88743,15.54513],[99.88993,15.54401],[99.89243,15.54124],[99.89076,15.53957],[99.89104,15.53874],[99.89187,15.53874],[99.89354,15.5404],[99.89465,15.53957],[99.89354,15.53818],[99.89409,15.5354],[99.89521,15.5354],[99.89576,15.53707],[99.89687,15.53707],[99.89743,15.53651],[99.89659,15.53401],[99.89909,15.53374]],[[99.89854,15.52901],[99.89937,15.52846],[99.90021,15.52985],[99.90159,15.52985],[99.90243,15.52901],[99.90159,15.52679],[99.90409,15.5254],[99.90326,15.5229],[99.90382,15.52179],[99.90521,15.52263],[99.90576,15.52513],[99.90687,15.52429],[99.90715,15.52235],[99.90659,15.52096],[99.90854,15.51957],[99.90798,15.51874]]]}},{"type":"Feature","id":"flow_rain_1119643_to_river","properties":{"feature_type":"rainfall_to_gauge_flowpath","from_station_id":"1119643","from_station_name":"ที่ทำการกำนัน หมู่ 2","to_station_id":"","to_station_name":"Stream Entry Point (No Gauge)","total_distance_km":14.81,"distance_km":14.81,"channel_distance_km":0.0,"response_lag_minutes":149,"response_lag_minutes_min":109,"response_lag_minutes_max":211,"response_lag_hours":2.5,"response_lag_hours_min":1.8,"response_lag_hours_max":3.5,"elevation_diff_m":24.81,"slope":0.001676,"upstream_elev_m":42.74,"downstream_elev_m":17.93,"influence_weight_percent":100.0,"attach_way_id":108,"attach_osm_id":"552539113","attach_class":"river","attach_length_km":11.389,"attach_distance_m":5.8,"attach_quality":"ok"},"geometry":{"type":"MultiLineString","coordinates":[[[99.85074,15.59032],[99.85187,15.58957],[99.85409,15.59207],[99.85826,15.58929],[99.86159,15.59124],[99.86576,15.58651],[99.86576,15.58513],[99.86715,15.5829],[99.86632,15.58179],[99.86826,15.5804],[99.86826,15.5779],[99.86965,15.57651],[99.86854,15.57457],[99.86993,15.57401],[99.87104,15.57263],[99.86854,15.57207],[99.87076,15.56874],[99.87048,15.56735],[99.86882,15.56651],[99.87132,15.56401],[99.87104,15.56263],[99.87354,15.56068],[99.87465,15.56096],[99.87687,15.55874],[99.87548,15.55679],[99.87826,15.55374],[99.88021,15.5554],[99.88076,15.55513]],[[99.88104,15.54957],[99.88382,15.5479],[99.88326,15.54651],[99.88326,15.54485],[99.88382,15.54429],[99.88659,15.54457],[99.88743,15.54513],[99.88993,15.54401],[99.89243,15.54124],[99.89076,15.53957],[99.89104,15.53874],[99.89187,15.53874],[99.89354,15.5404],[99.89465,15.53957],[99.89354,15.53818],[99.89409,15.5354],[99.89521,15.5354],[99.89576,15.53707],[99.89687,15.53707],[99.89743,15.53651],[99.89659,15.53401],[99.89909,15.53374]],[[99.89854,15.52901],[99.89937,15.52846],[99.90021,15.52985],[99.90159,15.52985],[99.90243,15.52901],[99.90243,15.52818],[99.90159,15.52735],[99.90187,15.52651]]]}},{"type":"Feature","id":"flow_rain_1119644_to_river","properties":{"feature_type":"rainfall_to_gauge_flowpath","from_station_id":"1119644","from_station_name":"ที่ทำการผู้ใหญ่บ้าน หมู่ 3","to_station_id":"","to_station_name":"Stream Entry Point (No Gauge)","total_distance_km":14.57,"distance_km":14.57,"channel_distance_km":0.0,"response_lag_minutes":149,"response_lag_minutes_min":109,"response_lag_minutes_max":212,"response_lag_hours":2.5,"response_lag_hours_min":1.8,"response_lag_hours_max":3.5,"elevation_diff_m":23.48,"slope":0.001612,"upstream_elev_m":38.48,"downstream_elev_m":15.0,"influence_weight_percent":100.0,"attach_way_id":108,"attach_osm_id":"552539113","attach_class":"river","attach_length_km":11.389,"attach_distance_m":12.7,"attach_quality":"ok"},"geometry":{"type":"MultiLineString","coordinates":[[[99.86452,15.56532],[99.86521,15.56568],[99.86659,15.56513],[99.86826,15.56763]],[[99.87132,15.56401],[99.87104,15.56263],[99.87354,15.56068],[99.87465,15.56096],[99.87687,15.55874],[99.87548,15.55679],[99.87798,15.55401],[99.87854,15.55374],[99.88021,15.5554],[99.88076,15.55513]],[[99.88104,15.54957],[99.88382,15.5479],[99.88326,15.54485],[99.88382,15.54429],[99.88493,15.54429],[99.88743,15.54513],[99.88993,15.54401],[99.89243,15.54124],[99.89076,15.53957],[99.89104,15.53874],[99.89187,15.53874],[99.89354,15.5404],[99.89465,15.53957],[99.89354,15.53818],[99.89382,15.53568],[99.89493,15.53513],[99.89576,15.53707],[99.89687,15.53707],[99.89743,15.53651],[99.89659,15.53401],[99.89909,15.53374]],[[99.89854,15.52901],[99.89937,15.52846],[99.90021,15.52985],[99.90159,15.52985],[99.90243,15.52901],[99.90159,15.52679],[99.90409,15.5254],[99.90326,15.52235],[99.90382,15.52179],[99.90465,15.52207],[99.90521,15.52263],[99.90548,15.52485],[99.90604,15.52513],[99.90715,15.52374],[99.90659,15.52096],[99.90854,15.51957],[99.90771,15.51763],[99.91048,15.51651],[99.91048,15.51401],[99.91104,15.51346],[99.91243,15.51318],[99.91409,15.51401],[99.91493,15.51374],[99.91493,15.51318],[99.91354,15.51207],[99.91354,15.5104],[99.91548,15.50846],[99.91687,15.50874],[99.91743,15.50818]]]}},{"type":"Feature","id":"flow_rain_1316414_to_river","properties":{"feature_type":"rainfall_to_gauge_flowpath","from_station_id":"1316414","from_station_name":"อบต.สว่างแจ้งสบายใจ","to_station_id":"","to_station_name":"Stream Entry Point (No Gauge)","total_distance_km":14.33,"distance_km":14.33,"channel_distance_km":0.0,"response_lag_minutes":148,"response_lag_minutes_min":108,"response_lag_minutes_max":211,"response_lag_hours":2.5,"response_lag_hours_min":1.8,"response_lag_hours_max":3.5,"elevation_diff_m":22.68,"slope":0.001583,"upstream_elev_m":37.68,"downstream_elev_m":15.0,"influence_weight_percent":100.0,"attach_way_id":108,"attach_osm_id":"552539113","attach_class":"river","attach_length_km":11.389,"attach_distance_m":13.3,"attach_quality":"ok"},"geometry":{"type":"MultiLineString","coordinates":[[[99.86481,15.559],[99.86576,15.55818],[99.86715,15.55846],[99.86743,15.55735],[99.86882,15.55651],[99.87132,15.55624],[99.87187,15.5554],[99.87159,15.55429],[99.87271,15.55318],[99.87382,15.55485],[99.87548,15.55429],[99.87715,15.55485],[99.87854,15.55374],[99.88021,15.5554],[99.88076,15.55513]],[[99.88104,15.54957],[99.88382,15.5479],[99.88326,15.54485],[99.88382,15.54429],[99.88493,15.54429],[99.88743,15.54513],[99.88993,15.54401],[99.89243,15.54124],[99.89076,15.53957],[99.89104,15.53874],[99.89187,15.53874],[99.89354,15.5404],[99.89465,15.53957],[99.89354,15.53818],[99.89382,15.53568],[99.89493,15.53513],[99.89576,15.53707],[99.89687,15.53707],[99.89743,15.53651],[99.89659,15.53401],[99.89909,15.53374]],[[99.89854,15.52901],[99.89937,15.52846],[99.90021,15.52985],[99.90159,15.52985],[99.90243,15.52901],[99.90159,15.52679],[99.90409,15.5254],[99.90326,15.52235],[99.90382,15.52179],[99.90521,15.52263],[99.90576,15.52513],[99.90687,15.52429],[99.90715,15.52235],[99.90659,15.52096],[99.90854,15.51957],[99.90771,15.51763],[99.91048,15.51651],[99.91048,15.51401],[99.91104,15.51346],[99.91243,15.51318],[99.91409,15.51401],[99.91493,15.51374],[99.91493,15.51318],[99.91354,15.51207],[99.91354,15.5104],[99.91548,15.50846],[99.91687,15.50874],[99.91937,15.50679],[99.92048,15.50568],[99.92048,15.50457]]]}},{"type":"Feature","id":"flow_rain_600_to_river","properties":{"feature_type":"rainfall_to_gauge_flowpath","from_station_id":"600","from_station_name":"ทต.หนองฉาง","to_station_id":"","to_station_name":"Stream Entry Point (No Gauge)","total_distance_km":14.59,"distance_km":14.59,"channel_distance_km":0.0,"response_lag_minutes":130,"response_lag_minutes_min":95,"response_lag_minutes_max":185,"response_lag_hours":2.2,"response_lag_hours_min":1.6,"response_lag_hours_max":3.1,"elevation_diff_m":33.74,"slope":0.002313,"upstream_elev_m":50.15,"downstream_elev_m":16.41,"influence_weight_percent":100.0,"attach_way_id":12,"attach_osm_id":"140812972","attach_class":"river","attach_length_km":17.521,"attach_distance_m":16.4,"attach_quality":"ok"},"geometry":{"type":"LineString","coordinates":[[99.84505,15.38896],[99.85132,15.38818],[99.85715,15.38346],[99.85937,15.38374],[99.86187,15.38207],[99.86215,15.38235],[99.86576,15.37846],[99.86659,15.37874],[99.86771,15.37818],[99.86993,15.37596],[99.87159,15.37651],[99.87437,15.37485],[99.87659,15.3779],[99.87882,15.3779],[99.87993,15.37901],[99.88326,15.37818],[99.88632,15.37929],[99.88771,15.37846],[99.88937,15.37901],[99.89159,15.37763],[99.89437,15.37818],[99.89632,15.37985],[99.89909,15.37985],[99.90298,15.38124],[99.90382,15.38346],[99.90548,15.38401],[99.90687,15.38374],[99.90771,15.38485],[99.90882,15.38457],[99.91048,15.38735],[99.91159,15.38679],[99.91493,15.38707],[99.91632,15.38596],[99.91771,15.38596],[99.91965,15.38763],[99.92354,15.38707],[99.92437,15.38763],[99.92548,15.38596],[99.92687,15.38596],[99.92854,15.38457],[99.92909,15.38485],[99.92854,15.38596],[99.92909,15.38651],[99.93104,15.38596],[99.93382,15.38651],[99.93521,15.38513],[99.93659,15.38596],[99.93715,15.38485],[99.93798,15.3854],[99.93965,15.38401],[99.94104,15.38374],[99.94187,15.38457],[99.94326,15.38374],[99.94548,15.38151],[99.94493,15.38068],[99.94604,15.38013]]}},{"type":"Feature","id":"flow_rain_1316409_to_river","properties":{"feature_type":"rainfall_to_gauge_flowpath","from_station_id":"1316409","from_station_name":"ฝายทับเสลา","to_station_id":"","to_station_name":"Stream Entry Point (No Gauge)","total_distance_km":15.01,"distance_km":15.01,"channel_distance_km":0.0,"response_lag_minutes":134,"response_lag_minutes_min":98,"response_lag_minutes_max":190,"response_lag_hours":2.2,"response_lag_hours_min":1.6,"response_lag_hours_max":3.2,"elevation_diff_m":34.09,"slope":0.002272,"upstream_elev_m":72.5,"downstream_elev_m":38.41,"influence_weight_percent":100.0,"attach_way_id":109,"attach_osm_id":"552581056","attach_class":"drain","attach_length_km":3.815,"attach_distance_m":4.9,"attach_quality":"degraded"},"geometry":{"type":"MultiLineString","coordinates":[[[99.71446,15.40762],[99.71354,15.40735],[99.71298,15.4079],[99.71271,15.41013],[99.71437,15.41124]],[[99.72382,15.41485],[99.72521,15.41679],[99.72493,15.41763],[99.72798,15.42124],[99.72687,15.4229],[99.72743,15.42346],[99.73048,15.42124],[99.73159,15.42207],[99.73382,15.42207],[99.73521,15.42346],[99.73687,15.42318],[99.74798,15.43401],[99.74854,15.43346],[99.74937,15.43429],[99.75104,15.43429],[99.75354,15.4329],[99.75632,15.43485],[99.75743,15.43374],[99.75771,15.43401],[99.75854,15.43318],[99.75937,15.43346],[99.75993,15.4329]]]}},{"type":"Feature","properties":{"feature_type":"rainfall_drainage_branch","from_station_id":"1316409","branch_length_km":7.87,"flow_acc_cells":572,"branch_cells":210,"river_merge":false,"branch_index":1},"geometry":{"type":"LineString","coordinates":[[99.56076,15.50679],[99.56159,15.50568],[99.56104,15.50513],[99.56132,15.50401],[99.55993,15.50263],[99.56076,15.49874],[99.55993,15.49763],[99.55993,15.4954],[99.55909,15.49401],[99.55882,15.49096],[99.55493,15.48763],[99.55798,15.48429],[99.55771,15.48263],[99.55548,15.48013],[99.55659,15.47818],[99.55632,15.47485],[99.55687,15.47346],[99.55854,15.47179],[99.55826,15.47013],[99.55882,15.46846],[99.56076,15.46624],[99.56298,15.46624],[99.56382,15.4654],[99.56604,15.46568],[99.56965,15.46374],[99.57104,15.46429],[99.57187,15.46346],[99.57271,15.46429],[99.57521,15.46096],[99.57632,15.46151]]},"id":"branch_1316409_001"},{"type":"Feature","properties":{"feature_type":"rainfall_drainage_branch","from_station_id":"1316409","branch_length_km":7.1,"flow_acc_cells":508,"branch_cells":187,"river_merge":false,"branch_index":2},"geometry":{"type":"LineString","coordinates":[[99.60909,15.46985],[99.61076,15.46846],[99.61132,15.46651],[99.61243,15.4654],[99.61354,15.4654],[99.61465,15.46457],[99.61715,15.46485],[99.61909,15.46401],[99.62021,15.46429],[99.62187,15.46346],[99.62354,15.46485],[99.62659,15.46624],[99.62826,15.46901],[99.63076,15.4704],[99.63159,15.47013],[99.63465,15.47151],[99.63548,15.47235],[99.63548,15.47318],[99.63798,15.4754],[99.63882,15.4754],[99.63993,15.47679],[99.64243,15.47457],[99.64243,15.47374],[99.64354,15.47235],[99.64326,15.47179],[99.64382,15.4704],[99.64521,15.46874],[99.64687,15.46818],[99.65326,15.46207],[99.65409,15.46207]]},"id":"branch_1316409_002"},{"type":"Feature","properties":{"feature_type":"rainfall_drainage_branch","from_station_id":"1316409","branch_length_km":5.89,"flow_acc_cells":512,"branch_cells":149,"river_merge":false,"branch_index":3},"geometry":{"type":"LineString","coordinates":[[99.64993,15.44624],[99.65104,15.44679],[99.65271,15.44513],[99.65409,15.44513],[99.65798,15.44124],[99.66215,15.4404],[99.66465,15.44263],[99.66521,15.44207],[99.66604,15.44263],[99.66798,15.44235],[99.66854,15.4429],[99.66937,15.44263],[99.67048,15.44318],[99.67132,15.44235],[99.67659,15.44763],[99.68104,15.44874],[99.68743,15.44235],[99.68909,15.44235],[99.69104,15.44096]]},"id":"branch_1316409_003"},{"type":"Feature","properties":{"feature_type":"rainfall_drainage_branch","from_station_id":"1316409","branch_length_km":5.74,"flow_acc_cells":573,"branch_cells":151,"river_merge":false,"branch_index":4},"geometry":{"type":"LineString","coordinates":[[99.63604,15.45124],[99.63715,15.44874],[99.63993,15.4479],[99.64354,15.45096],[99.64604,15.4504],[99.64798,15.45235],[99.64854,15.45179],[99.65076,15.45207],[99.65632,15.45568],[99.65993,15.45596],[99.66159,15.45763],[99.66298,15.45957],[99.66271,15.4604],[99.66354,15.46096],[99.66632,15.45985],[99.66826,15.46068],[99.67326,15.45596],[99.67465,15.4554]]},"id":"branch_1316409_004"},{"type":"Feature","properties":{"feature_type":"rainfall_drainage_branch","from_station_id":"1316409","branch_length_km":4.88,"flow_acc_cells":582,"branch_cells":128,"river_merge":false,"branch_index":5},"geometry":{"type":"LineString","coordinates":[[99.58382,15.46651],[99.58437,15.4654],[99.58437,15.46401],[99.58382,15.46346],[99.58493,15.46235],[99.58465,15.46151],[99.58882,15.45763],[99.59132,15.45679],[99.59437,15.45374],[99.59632,15.45485],[99.59743,15.45401],[99.59993,15.45374],[99.60132,15.45263],[99.60243,15.45318],[99.60409,15.45179],[99.60576,15.45124],[99.60909,15.45124],[99.61048,15.44985],[99.61159,15.44957],[99.61243,15.44957],[99.61465,15.45179]]},"id":"branch_1316409_005"},{"type":"Feature","properties":{"feature_type":"rainfall_drainage_branch","from_station_id":"1316409","branch_length_km":4.29,"flow_acc_cells":548,"branch_cells":114,"river_merge":false,"branch_index":6},"geometry":{"type":"LineString","coordinates":[[99.58298,15.49929],[99.58271,15.49846],[99.58159,15.49901],[99.57937,15.49735],[99.57548,15.49346],[99.57576,15.49096],[99.57743,15.48818],[99.57548,15.48513],[99.57604,15.48374],[99.57576,15.48318],[99.57659,15.48263],[99.57937,15.48235],[99.58076,15.48151],[99.58326,15.48318],[99.58743,15.48263],[99.58882,15.48179]]},"id":"branch_1316409_006"},{"type":"Feature","properties":{"feature_type":"rainfall_drainage_branch","from_station_id":"1316409","branch_length_km":4.19,"flow_acc_cells":530,"branch_cells":114,"river_merge":false,"branch_index":7},"geometry":{"type":"LineString","coordinates":[[99.61937,15.51735],[99.62021,15.51763],[99.62159,15.51624],[99.62132,15.51596],[99.62243,15.51457],[99.62187,15.51346],[99.62382,15.51124],[99.62382,15.5029],[99.62465,15.5004],[99.62409,15.49957],[99.62632,15.49485],[99.62632,15.49346],[99.62854,15.49151],[99.63132,15.49013],[99.63187,15.4904],[99.63271,15.48957]]},"id":"branch_1316409_007"},{"type":"Feature","properties":{"feature_type":"rainfall_drainage_branch","from_station_id":"1316409","branch_length_km":3.86,"flow_acc_cells":509,"branch_cells":100,"river_merge":false,"branch_index":8},"geometry":{"type":"LineString","coordinates":[[99.69382,15.43513],[99.69604,15.43735],[99.69937,15.43735],[99.70159,15.43596],[99.70187,15.43513],[99.71021,15.42707],[99.71437,15.42707],[99.71798,15.4254],[99.72076,15.42318]]},"id":"branch_1316409_008"},{"type":"Feature","properties":{"feature_type":"rainfall_drainage_branch","from_station_id":"1316409","branch_length_km":3.66,"flow_acc_cells":601,"branch_cells":98,"river_merge":false,"branch_index":9},"geometry":{"type":"LineString","coordinates":[[99.58771,15.47235],[99.58965,15.47318],[99.59132,15.47318],[99.59548,15.47735],[99.59548,15.4779],[99.59687,15.4779],[99.59771,15.47874],[99.59771,15.48068],[99.59909,15.48068],[99.60298,15.47763],[99.60326,15.47624],[99.60271,15.47568],[99.60298,15.47374],[99.60243,15.47235],[99.60576,15.46874]]},"id":"branch_1316409_009"},{"type":"Feature","properties":{"feature_type":"rainfall_drainage_branch","from_station_id":"1316409","branch_length_km":3.53,"flow_acc_cells":570,"branch_cells":99,"river_merge":false,"branch_index":10},"geometry":{"type":"LineString","coordinates":[[99.56187,15.45763],[99.56548,15.4579],[99.56604,15.45735],[99.56743,15.45735],[99.56882,15.45596],[99.56965,15.45596],[99.57437,15.4579],[99.57493,15.45929],[99.57604,15.45929],[99.57659,15.45985],[99.57604,15.46096],[99.57632,15.46151],[99.57826,15.45957],[99.57993,15.46096],[99.58243,15.46124],[99.58521,15.45957],[99.58604,15.46013]]},"id":"branch_1316409_010"},{"type":"Feature","properties":{"feature_type":"rainfall_drainage_branch","from_station_id":"1316409","branch_length_km":3.27,"flow_acc_cells":511,"branch_cells":85,"river_merge":false,"branch_index":11},"geometry":{"type":"LineString","coordinates":[[99.61798,15.45068],[99.61854,15.44818],[99.62021,15.44651],[99.62076,15.44707],[99.62132,15.44679],[99.62437,15.44985],[99.62632,15.44929],[99.62715,15.44957],[99.62854,15.44929],[99.63382,15.44401],[99.63632,15.44818],[99.63715,15.44874]]},"id":"branch_1316409_011"},{"type":"Feature","properties":{"feature_type":"rainfall_drainage_branch","from_station_id":"1316409","branch_length_km":2.96,"flow_acc_cells":502,"branch_cells":78,"river_merge":false,"branch_index":12},"geometry":{"type":"LineString","coordinates":[[99.66215,15.48624],[99.65771,15.48707],[99.65687,15.48651],[99.65465,15.48346],[99.65437,15.47929],[99.65159,15.47596],[99.65576,15.4704]]},"id":"branch_1316409_012"},{"type":"Feature","properties":{"feature_type":"rainfall_drainage_branch","from_station_id":"1316409","branch_length_km":2.93,"flow_acc_cells":531,"branch_cells":77,"river_merge":false,"branch_index":13},"geometry":{"type":"LineString","coordinates":[[99.67187,15.47429],[99.67298,15.46874],[99.67548,15.46596],[99.67437,15.46457],[99.67354,15.46207],[99.67382,15.45985],[99.67243,15.45846],[99.67243,15.45763],[99.67493,15.45513],[99.67687,15.45401]]},"id":"branch_1316409_013"},{"type":"Feature","properties":{"feature_type":"rainfall_drainage_branch","from_station_id":"1316409","branch_length_km":2.9,"flow_acc_cells":517,"branch_cells":77,"river_merge":false,"branch_index":14},"geometry":{"type":"LineString","coordinates":[[99.70715,15.44679],[99.70771,15.44624],[99.70743,15.4454],[99.71021,15.44263],[99.71187,15.44346],[99.71271,15.4429],[99.71326,15.44374],[99.71521,15.44179],[99.71604,15.44179],[99.71632,15.44013],[99.71743,15.43874],[99.71715,15.43651],[99.71771,15.4354],[99.72021,15.43401],[99.72215,15.43207]]},"id":"branch_1316409_014"},{"type":"Feature","properties":{"feature_type":"rainfall_drainage_branch","from_station_id":"1316409","branch_length_km":2.87,"flow_acc_cells":593,"branch_cells":75,"river_merge":false,"branch_index":15},"geometry":{"type":"LineString","coordinates":[[99.67826,15.43263],[99.67882,15.43318],[99.68048,15.43318],[99.68437,15.43707],[99.68909,15.43624],[99.69159,15.43874],[99.69048,15.44013],[99.69104,15.44096],[99.69604,15.43735]]},"id":"branch_1316409_015"},{"type":"Feature","properties":{"feature_type":"rainfall_drainage_branch","from_station_id":"1316409","branch_length_km":2.87,"flow_acc_cells":592,"branch_cells":77,"river_merge":false,"branch_index":16},"geometry":{"type":"LineString","coordinates":[[99.72159,15.4404],[99.72326,15.43846],[99.72271,15.4379],[99.72409,15.43624],[99.72465,15.43401],[99.72382,15.43235],[99.72326,15.43263],[99.72159,15.43151],[99.72159,15.42985],[99.72298,15.42846],[99.72298,15.42513],[99.72493,15.42401],[99.72659,15.42429],[99.72743,15.42346]]},"id":"branch_1316409_016"},{"type":"Feature","properties":{"feature_type":"rainfall_drainage_branch","from_station_id":"1316409","branch_length_km":2.84,"flow_acc_cells":525,"branch_cells":75,"river_merge":false,"branch_index":17},"geometry":{"type":"LineString","coordinates":[[99.60271,15.49374],[99.60326,15.49318],[99.60354,15.49096],[99.60604,15.48763],[99.60576,15.48679],[99.60687,15.48568],[99.60715,15.48346],[99.61271,15.47818],[99.61715,15.47568]]},"id":"branch_1316409_017"},{"type":"Feature","properties":{"feature_type":"rainfall_drainage_branch","from_station_id":"1316409","branch_length_km":2.73,"flow_acc_cells":611,"branch_cells":73,"river_merge":false,"branch_index":18},"geometry":{"type":"LineString","coordinates":[[99.58354,15.50624],[99.58187,15.50596],[99.58076,15.50651],[99.57965,15.5054],[99.57882,15.50624],[99.57743,15.50624],[99.57632,15.50401],[99.57437,15.50207],[99.57271,15.50151],[99.57298,15.49929],[99.57409,15.49818],[99.57437,15.49568],[99.57521,15.49485],[99.57493,15.49429],[99.57548,15.49346]]},"id":"branch_1316409_018"},{"type":"Feature","properties":{"feature_type":"rainfall_drainage_branch","from_station_id":"1316409","branch_length_km":2.69,"flow_acc_cells":532,"branch_cells":73,"river_merge":false,"branch_index":19},"geometry":{"type":"LineString","coordinates":[[99.62909,15.50485],[99.63021,15.50179],[99.63021,15.49957],[99.63076,15.49901],[99.63048,15.4979],[99.63132,15.49651],[99.63159,15.49179],[99.63354,15.48818],[99.63659,15.48485]]},"id":"branch_1316409_019"},{"type":"Feature","properties":{"feature_type":"rainfall_drainage_branch","from_station_id":"1316409","branch_length_km":2.65,"flow_acc_cells":584,"branch_cells":71,"river_merge":false,"branch_index":20},"geometry":{"type":"LineString","coordinates":[[99.64354,15.49624],[99.64132,15.49401],[99.64132,15.49235],[99.63965,15.48874],[99.63659,15.48485],[99.63687,15.4829],[99.63993,15.47679]]},"id":"branch_1316409_020"},{"type":"Feature","properties":{"feature_type":"rainfall_drainage_branch","from_station_id":"1316409","branch_length_km":2.63,"flow_acc_cells":513,"branch_cells":67,"river_merge":false,"branch_index":21},"geometry":{"type":"LineString","coordinates":[[99.73187,15.43457],[99.73187,15.43596],[99.73326,15.43651],[99.73798,15.43207],[99.73798,15.43124],[99.73937,15.42985],[99.74159,15.43096],[99.74548,15.43429],[99.74659,15.43429],[99.74715,15.43485],[99.74798,15.43401]]},"id":"branch_1316409_021"},{"type":"Feature","properties":{"feature_type":"rainfall_drainage_branch","from_station_id":"1316409","branch_length_km":2.62,"flow_acc_cells":515,"branch_cells":69,"river_merge":false,"branch_index":22},"geometry":{"type":"LineString","coordinates":[[99.54798,15.50568],[99.54771,15.50429],[99.55048,15.49929],[99.54882,15.49735],[99.54965,15.49485],[99.54937,15.49346],[99.55271,15.49013],[99.55382,15.48985],[99.55521,15.4879]]},"id":"branch_1316409_022"},{"type":"Feature","properties":{"feature_type":"rainfall_drainage_branch","from_station_id":"1316409","branch_length_km":2.45,"flow_acc_cells":503,"branch_cells":65,"river_merge":false,"branch_index":23},"geometry":{"type":"LineString","coordinates":[[99.59382,15.52624],[99.59409,15.52485],[99.59271,15.52263],[99.59298,15.52124],[99.59243,15.52068],[99.59576,15.51846],[99.59604,15.5179],[99.59548,15.51707],[99.59743,15.51429],[99.59882,15.50957]]},"id":"branch_1316409_023"},{"type":"Feature","properties":{"feature_type":"rainfall_drainage_branch","from_station_id":"1316409","branch_length_km":2.43,"flow_acc_cells":515,"branch_cells":69,"river_merge":false,"branch_index":24},"geometry":{"type":"LineString","coordinates":[[99.63882,15.5179],[99.63632,15.51596],[99.63659,15.51485],[99.63576,15.51207],[99.63659,15.50957],[99.63632,15.50485],[99.63882,15.49957]]},"id":"branch_1316409_024"},{"type":"Feature","properties":{"feature_type":"rainfall_drainage_branch","from_station_id":"1316409","branch_length_km":2.38,"flow_acc_cells":508,"branch_cells":63,"river_merge":false,"branch_index":25},"geometry":{"type":"LineString","coordinates":[[99.59909,15.50985],[99.59826,15.50874],[99.59826,15.50651],[99.59715,15.50374],[99.59687,15.49929],[99.60326,15.49263]]},"id":"branch_1316409_025"},{"type":"Feature","properties":{"feature_type":"rainfall_drainage_branch","from_station_id":"1316409","branch_length_km":2.37,"flow_acc_cells":510,"branch_cells":65,"river_merge":false,"branch_index":26},"geometry":{"type":"LineString","coordinates":[[99.61576,15.48235],[99.61521,15.48179],[99.61521,15.47874],[99.61771,15.47513],[99.61771,15.47374],[99.61993,15.47151],[99.62159,15.47124],[99.62493,15.47318],[99.62687,15.4729]]},"id":"branch_1316409_026"},{"type":"Feature","properties":{"feature_type":"rainfall_drainage_branch","from_station_id":"1316409","branch_length_km":2.34,"flow_acc_cells":601,"branch_cells":63,"river_merge":false,"branch_index":27},"geometry":{"type":"LineString","coordinates":[[99.71743,15.46124],[99.71548,15.46124],[99.71271,15.45846],[99.71271,15.45651],[99.71409,15.45457],[99.71243,15.45207],[99.71271,15.45151],[99.71159,15.4504],[99.71382,15.44596]]},"id":"branch_1316409_027"},{"type":"Feature","properties":{"feature_type":"rainfall_drainage_branch","from_station_id":"1316409","branch_length_km":2.32,"flow_acc_cells":549,"branch_cells":62,"river_merge":false,"branch_index":28},"geometry":{"type":"LineString","coordinates":[[99.65965,15.47624],[99.65632,15.47263],[99.65659,15.47124],[99.65576,15.47068],[99.65576,15.46929],[99.65854,15.46401],[99.65993,15.46346],[99.66298,15.46068]]},"id":"branch_1316409_028"},{"type":"Feature","properties":{"feature_type":"rainfall_drainage_branch","from_station_id":"1316409","branch_length_km":2.32,"flow_acc_cells":503,"branch_cells":63,"river_merge":false,"branch_index":29},"geometry":{"type":"LineString","coordinates":[[99.58771,15.49235],[99.58659,15.48957],[99.58743,15.4879],[99.58715,15.48735],[99.58798,15.48651],[99.58771,15.48485],[99.58687,15.48429],[99.58715,15.48346],[99.58993,15.48124],[99.59382,15.48151],[99.59437,15.48207],[99.59521,15.48179]]},"id":"branch_1316409_029"},{"type":"Feature","properties":{"feature_type":"rainfall_drainage_branch","from_station_id":"1316409","branch_length_km":2.3,"flow_acc_cells":575,"branch_cells":61,"river_merge":false,"branch_index":30},"geometry":{"type":"LineString","coordinates":[[99.61521,15.51235],[99.61659,15.50846],[99.61632,15.50679],[99.61687,15.50624],[99.61632,15.50485],[99.61826,15.50263],[99.62021,15.50179],[99.62271,15.49874],[99.62465,15.4979]]},"id":"branch_1316409_030"},{"type":"Feature","properties":{"feature_type":"rainfall_drainage_branch","from_station_id":"600","branch_length_km":3.69,"flow_acc_cells":507,"branch_cells":98,"river_merge":false,"branch_index":1},"geometry":{"type":"LineString","coordinates":[[99.85104,15.37874],[99.85409,15.3754],[99.85798,15.37235],[99.85909,15.37318],[99.86132,15.37207],[99.86187,15.37235],[99.86521,15.37151],[99.86659,15.37263],[99.86715,15.37207],[99.86882,15.37235],[99.86965,15.37151],[99.87048,15.37207],[99.87104,15.37151],[99.87298,15.37124],[99.87465,15.37207],[99.87437,15.37263],[99.87548,15.37374],[99.87465,15.37513]]},"id":"branch_600_001"},{"type":"Feature","properties":{"feature_type":"rainfall_drainage_branch","from_station_id":"1316414","branch_length_km":1.32,"flow_acc_cells":6823,"branch_cells":33,"river_merge":true,"branch_index":1},"geometry":{"type":"LineString","coordinates":[[99.91409,15.51707],[99.91659,15.51457],[99.91659,15.51318],[99.91993,15.50985],[99.91826,15.50846]]},"id":"branch_1316414_001"},{"type":"Feature","properties":{"feature_type":"rainfall_drainage_branch","from_station_id":"1316414","branch_length_km":1.37,"flow_acc_cells":512,"branch_cells":37,"river_merge":false,"branch_index":2},"geometry":{"type":"LineString","coordinates":[[99.92409,15.52179],[99.92159,15.52151],[99.91687,15.51735],[99.91576,15.51763],[99.91437,15.51679]]},"id":"branch_1316414_002"},{"type":"Feature","properties":{"feature_type":"rainfall_drainage_branch","from_station_id":"1119644","branch_length_km":1.26,"flow_acc_cells":572,"branch_cells":36,"river_merge":true,"branch_index":1},"geometry":{"type":"LineString","coordinates":[[99.86493,15.57735],[99.86493,15.57513],[99.86409,15.57374],[99.86465,15.57235],[99.86659,15.5704],[99.86743,15.56763]]},"id":"branch_1119644_001"},{"type":"Feature","properties":{"feature_type":"rainfall_drainage_branch","from_station_id":"1119643","branch_length_km":2.9,"flow_acc_cells":507,"branch_cells":77,"river_merge":false,"branch_index":1},"geometry":{"type":"LineString","coordinates":[[99.85993,15.61068],[99.85882,15.60957],[99.85882,15.60846],[99.86104,15.60568],[99.86187,15.60568],[99.86354,15.60401],[99.86326,15.6029],[99.86409,15.60151],[99.86409,15.59818],[99.86243,15.59651],[99.86298,15.59596],[99.86271,15.59513],[99.86326,15.59318],[99.86243,15.5904]]},"id":"branch_1119643_001"},{"type":"Feature","properties":{"feature_type":"rainfall_drainage_branch","from_station_id":"1119643","branch_length_km":1.87,"flow_acc_cells":508,"branch_cells":50,"river_merge":false,"branch_index":2},"geometry":{"type":"LineString","coordinates":[[99.85271,15.61568],[99.85437,15.61401],[99.85409,15.61207],[99.85493,15.61151],[99.85326,15.60985],[99.85437,15.60874],[99.85632,15.60901],[99.85743,15.60846],[99.86076,15.60596]]},"id":"branch_1119643_002"},{"type":"Feature","properties":{"feature_type":"rainfall_drainage_branch","from_station_id":"1119643","branch_length_km":3.13,"flow_acc_cells":510,"branch_cells":84,"river_merge":false,"branch_index":3},"geometry":{"type":"LineString","coordinates":[[99.84548,15.61151],[99.84854,15.61151],[99.85215,15.60846],[99.85187,15.60735],[99.85243,15.60624],[99.85159,15.60513],[99.85215,15.60068],[99.85132,15.59929],[99.85271,15.5979],[99.85271,15.59651],[99.85215,15.59596],[99.85354,15.59457],[99.85326,15.5929],[99.85409,15.59207]]},"id":"branch_1119643_003"},{"type":"Feature","properties":{"feature_type":"rainfall_drainage_branch","from_station_id":"1119643","branch_length_km":3.24,"flow_acc_cells":508,"branch_cells":85,"river_merge":false,"branch_index":4},"geometry":{"type":"LineString","coordinates":[[99.83465,15.6104],[99.83576,15.60929],[99.83548,15.60818],[99.83659,15.60679],[99.83743,15.60679],[99.83854,15.6079],[99.84048,15.60679],[99.84215,15.60846],[99.84409,15.60707],[99.84604,15.60846],[99.84743,15.60679],[99.84743,15.60429],[99.84965,15.60207],[99.84937,15.60151],[99.85159,15.59985]]},"id":"branch_1119643_004"},{"type":"Feature","properties":{"feature_type":"rainfall_drainage_branch","from_station_id":"599","branch_length_km":9.77,"flow_acc_cells":506,"branch_cells":245,"river_merge":false,"branch_index":1},"geometry":{"type":"LineString","coordinates":[[99.78382,15.46624],[99.78576,15.46651],[99.78632,15.46707],[99.78687,15.4679],[99.78632,15.46874],[99.78659,15.46957],[99.78993,15.47263],[99.78882,15.47401],[99.78909,15.47513],[99.79021,15.47763],[99.79437,15.4829],[99.79437,15.48401],[99.80215,15.49151],[99.80409,15.49096],[99.80548,15.49179],[99.80659,15.49068],[99.80715,15.49096],[99.80937,15.49318],[99.80909,15.49401],[99.81604,15.50096],[99.81771,15.50096],[99.81993,15.50429],[99.82076,15.50735],[99.82243,15.50929],[99.82326,15.50985],[99.82437,15.50929],[99.82687,15.51179],[99.82687,15.51263],[99.82909,15.51568],[99.83493,15.52151],[99.83465,15.52263]]},"id":"branch_599_001"},{"type":"Feature","properties":{"feature_type":"rainfall_drainage_branch","from_station_id":"599","branch_length_km":6.76,"flow_acc_cells":502,"branch_cells":174,"river_merge":false,"branch_index":2},"geometry":{"type":"LineString","coordinates":[[99.83215,15.50929],[99.84576,15.52151],[99.84771,15.52124],[99.84826,15.52235],[99.84965,15.52318],[99.85159,15.52346],[99.85465,15.52207],[99.85687,15.5229],[99.86465,15.5304],[99.86493,15.53429],[99.86937,15.53874],[99.87048,15.53818],[99.87159,15.53846],[99.87215,15.5379],[99.87298,15.53818],[99.87548,15.53679]]},"id":"branch_599_002"},{"type":"Feature","properties":{"feature_type":"rainfall_drainage_branch","from_station_id":"599","branch_length_km":6.59,"flow_acc_cells":3022,"branch_cells":170,"river_merge":false,"branch_index":3},"geometry":{"type":"LineString","coordinates":[[99.91826,15.59679],[99.91798,15.59707],[99.91743,15.59651],[99.91659,15.59735],[99.91604,15.59679],[99.91521,15.59735],[99.91215,15.59429],[99.91132,15.59485],[99.90882,15.59235],[99.90576,15.59457],[99.90382,15.5929],[99.90271,15.59374],[99.90104,15.5929],[99.89854,15.59068],[99.89771,15.59124],[99.89687,15.59068],[99.89548,15.59124],[99.89215,15.59124],[99.89104,15.59207],[99.88993,15.59207],[99.88854,15.59151],[99.88687,15.58985],[99.88382,15.58985],[99.88132,15.58679],[99.88076,15.58679],[99.87382,15.58013],[99.87409,15.57846]]},"id":"branch_599_003"},{"type":"Feature","properties":{"feature_type":"rainfall_drainage_branch","from_station_id":"599","branch_length_km":6.49,"flow_acc_cells":536,"branch_cells":167,"river_merge":true,"branch_index":4},"geometry":{"type":"LineString","coordinates":[[99.93354,15.57374],[99.93326,15.57318],[99.93187,15.57346],[99.92909,15.57207],[99.92548,15.57235],[99.92048,15.56818],[99.91826,15.56818],[99.91521,15.56485],[99.91548,15.56401],[99.91021,15.55874],[99.90826,15.5579],[99.90659,15.5579],[99.89409,15.54568],[99.89382,15.54485],[99.89493,15.54263],[99.89382,15.54096]]},"id":"branch_599_004"},{"type":"Feature","properties":{"feature_type":"rainfall_drainage_branch","from_station_id":"599","branch_length_km":6.46,"flow_acc_cells":541,"branch_cells":170,"river_merge":false,"branch_index":5},"geometry":{"type":"LineString","coordinates":[[99.82909,15.52735],[99.83104,15.52735],[99.83159,15.52679],[99.83493,15.52735],[99.83659,15.52901],[99.83882,15.52985],[99.84076,15.53179],[99.84104,15.53374],[99.84326,15.53151],[99.84493,15.53263],[99.84659,15.53096],[99.84771,15.53068],[99.85132,15.53263],[99.85271,15.53457],[99.85882,15.53263],[99.85993,15.53374],[99.86215,15.53429],[99.86382,15.53596],[99.86437,15.5354],[99.86521,15.53568],[99.86882,15.53929],[99.86798,15.54068],[99.86882,15.54124],[99.87159,15.53846]]},"id":"branch_599_005"},{"type":"Feature","properties":{"feature_type":"rainfall_drainage_branch","from_station_id":"599","branch_length_km":6.16,"flow_acc_cells":521,"branch_cells":158,"river_merge":false,"branch_index":6},"geometry":{"type":"LineString","coordinates":[[99.85076,15.50485],[99.85048,15.50596],[99.85243,15.50679],[99.85604,15.51096],[99.85576,15.51179],[99.85659,15.5129],[99.85937,15.5129],[99.85937,15.51374],[99.86076,15.51513],[99.86048,15.51568],[99.86132,15.51707],[99.86382,15.51957],[99.86437,15.51957],[99.86465,15.52013],[99.86326,15.52207],[99.86604,15.52485],[99.86576,15.52568],[99.86659,15.52596],[99.86743,15.52513],[99.87104,15.52846],[99.87076,15.5304],[99.87326,15.5329],[99.87243,15.53374],[99.87576,15.53707],[99.87965,15.5354]]},"id":"branch_599_006"},{"type":"Feature","properties":{"feature_type":"rainfall_drainage_branch","from_station_id":"599","branch_length_km":6.1,"flow_acc_cells":505,"branch_cells":154,"river_merge":false,"branch_index":7},"geometry":{"type":"LineString","coordinates":[[99.91465,15.57429],[99.91271,15.57513],[99.91187,15.57429],[99.91076,15.57457],[99.90909,15.57374],[99.90743,15.57374],[99.90521,15.57568],[99.90409,15.5754],[99.89465,15.56568],[99.89493,15.56485],[99.89437,15.56346],[99.89021,15.55929],[99.88659,15.55568],[99.88548,15.55651],[99.88465,15.55596],[99.88798,15.55207],[99.88771,15.54818],[99.88882,15.54707],[99.88993,15.54735]]},"id":"branch_599_007"},{"type":"Feature","properties":{"feature_type":"rainfall_drainage_branch","from_station_id":"599","branch_length_km":4.78,"flow_acc_cells":513,"branch_cells":122,"river_merge":false,"branch_index":8},"geometry":{"type":"LineString","coordinates":[[99.80326,15.47846],[99.81298,15.48707],[99.81437,15.48596],[99.81632,15.48651],[99.81687,15.48596],[99.81798,15.48596],[99.81909,15.48679],[99.82021,15.48679],[99.82243,15.48513],[99.82493,15.48596],[99.82604,15.48707],[99.82715,15.48707],[99.83354,15.49374],[99.83298,15.49429],[99.83326,15.49624]]},"id":"branch_599_008"},{"type":"Feature","properties":{"feature_type":"rainfall_drainage_branch","from_station_id":"599","branch_length_km":4.53,"flow_acc_cells":507,"branch_cells":116,"river_merge":false,"branch_index":9},"geometry":{"type":"LineString","coordinates":[[99.80965,15.48707],[99.81687,15.49429],[99.81798,15.49374],[99.82021,15.49596],[99.82187,15.4954],[99.82326,15.49596],[99.82604,15.49846],[99.82493,15.49901],[99.82548,15.50013],[99.82521,15.50068],[99.82826,15.50318],[99.82882,15.5029],[99.82965,15.50401],[99.83159,15.50485],[99.83298,15.50374],[99.83409,15.50374],[99.83548,15.5054],[99.83715,15.5054]]},"id":"branch_599_009"},{"type":"Feature","properties":{"feature_type":"rainfall_drainage_branch","from_station_id":"599","branch_length_km":4.49,"flow_acc_cells":2272,"branch_cells":114,"river_merge":false,"branch_index":10},"geometry":{"type":"LineString","coordinates":[[99.92465,15.55596],[99.92521,15.55707],[99.92382,15.55874],[99.92409,15.55901],[99.92354,15.55957],[99.92271,15.55929],[99.91826,15.55457],[99.91826,15.55346],[99.91271,15.54818],[99.90993,15.54346],[99.91048,15.54124],[99.90854,15.53929],[99.90909,15.53818],[99.90465,15.5329]]},"id":"branch_599_010"},{"type":"Feature","properties":{"feature_type":"rainfall_drainage_branch","from_station_id":"599","branch_length_km":4.42,"flow_acc_cells":970,"branch_cells":106,"river_merge":false,"branch_index":11},"geometry":{"type":"LineString","coordinates":[[99.90298,15.58068],[99.90271,15.57929],[99.90326,15.57874],[99.90326,15.57735],[99.88382,15.55818],[99.88521,15.55651]]},"id":"branch_599_011"},{"type":"Feature","properties":{"feature_type":"rainfall_drainage_branch","from_station_id":"599","branch_length_km":4.36,"flow_acc_cells":500,"branch_cells":116,"river_merge":false,"branch_index":12},"geometry":{"type":"LineString","coordinates":[[99.86687,15.49929],[99.86798,15.49929],[99.86993,15.50124],[99.86882,15.50457],[99.87076,15.50679],[99.87104,15.50818],[99.87215,15.50846],[99.87548,15.50513],[99.87659,15.50513],[99.87798,15.50374],[99.88048,15.50401],[99.88104,15.50457],[99.88243,15.50429],[99.88798,15.50901],[99.88743,15.51013],[99.88798,15.51096],[99.88743,15.51318]]},"id":"branch_599_012"},{"type":"Feature","properties":{"feature_type":"rainfall_drainage_branch","from_station_id":"599","branch_length_km":4.28,"flow_acc_cells":515,"branch_cells":111,"river_merge":false,"branch_index":13},"geometry":{"type":"LineString","coordinates":[[99.86632,15.51346],[99.86743,15.5129],[99.87021,15.51596],[99.87215,15.51401],[99.87326,15.51429],[99.87771,15.51846],[99.87826,15.51985],[99.87771,15.52096],[99.87937,15.52263],[99.88159,15.52318],[99.88409,15.5254],[99.88659,15.52513],[99.88687,15.52651],[99.88993,15.52929],[99.89104,15.52874],[99.89187,15.52901],[99.89243,15.52846]]},"id":"branch_599_013"},{"type":"Feature","properties":{"feature_type":"rainfall_drainage_branch","from_station_id":"599","branch_length_km":3.63,"flow_acc_cells":521,"branch_cells":89,"river_merge":false,"branch_index":14},"geometry":{"type":"LineString","coordinates":[[99.89993,15.58263],[99.90076,15.58124],[99.89965,15.57901],[99.89715,15.57651],[99.89798,15.57513],[99.88298,15.56013],[99.88382,15.55818]]},"id":"branch_599_014"},{"type":"Feature","properties":{"feature_type":"rainfall_drainage_branch","from_station_id":"599","branch_length_km":3.47,"flow_acc_cells":519,"branch_cells":88,"river_merge":false,"branch_index":15},"geometry":{"type":"LineString","coordinates":[[99.90715,15.5679],[99.90659,15.56735],[99.90659,15.56624],[99.90326,15.5629],[99.90048,15.56096],[99.89521,15.55568],[99.89326,15.55513],[99.88965,15.55151],[99.89048,15.54874],[99.88993,15.54735],[99.89104,15.54596]]},"id":"branch_599_015"},{"type":"Feature","properties":{"feature_type":"rainfall_drainage_branch","from_station_id":"599","branch_length_km":3.47,"flow_acc_cells":515,"branch_cells":91,"river_merge":false,"branch_index":16},"geometry":{"type":"LineString","coordinates":[[99.92854,15.58124],[99.92771,15.58207],[99.92576,15.58235],[99.92493,15.58151],[99.92298,15.58096],[99.92187,15.58207],[99.92132,15.58179],[99.91993,15.58263],[99.91909,15.58235],[99.91798,15.5829],[99.91604,15.58235],[99.91382,15.58318],[99.91021,15.57985],[99.90965,15.57901],[99.91021,15.57846],[99.90687,15.5754],[99.90604,15.57513],[99.90521,15.57568]]},"id":"branch_599_016"},{"type":"Feature","properties":{"feature_type":"rainfall_drainage_branch","from_station_id":"599","branch_length_km":3.46,"flow_acc_cells":523,"branch_cells":90,"river_merge":false,"branch_index":17},"geometry":{"type":"LineString","coordinates":[[99.88326,15.51651],[99.88715,15.5129],[99.88909,15.51429],[99.89104,15.51263],[99.89298,15.51485],[99.89298,15.51568],[99.89437,15.51568],[99.89409,15.51596],[99.89521,15.51763],[99.89493,15.51846],[99.89382,15.51901],[99.89354,15.5204],[99.89465,15.52151],[99.89576,15.52151],[99.89632,15.52207],[99.89632,15.52263],[99.89882,15.52485],[99.89826,15.5254],[99.89882,15.52596]]},"id":"branch_599_017"},{"type":"Feature","properties":{"feature_type":"rainfall_drainage_branch","from_station_id":"599","branch_length_km":3.39,"flow_acc_cells":535,"branch_cells":89,"river_merge":false,"branch_index":18},"geometry":{"type":"LineString","coordinates":[[99.88465,15.59179],[99.88326,15.59263],[99.88048,15.59179],[99.87909,15.59235],[99.87687,15.59013],[99.87437,15.59235],[99.87354,15.59235],[99.87243,15.59124],[99.87159,15.5879],[99.87326,15.58596],[99.87215,15.58346],[99.87215,15.58124],[99.87409,15.57929]]},"id":"branch_599_018"},{"type":"Feature","properties":{"feature_type":"rainfall_drainage_branch","from_station_id":"599","branch_length_km":3.38,"flow_acc_cells":513,"branch_cells":89,"river_merge":false,"branch_index":19},"geometry":{"type":"LineString","coordinates":[[99.84882,15.54513],[99.84965,15.54457],[99.85187,15.54457],[99.85521,15.54818],[99.85632,15.54818],[99.85826,15.55068],[99.86215,15.54735],[99.86382,15.54513],[99.86354,15.54457],[99.86409,15.54318],[99.86354,15.54263],[99.86465,15.54124],[99.86576,15.54068],[99.86826,15.54096]]},"id":"branch_599_019"},{"type":"Feature","properties":{"feature_type":"rainfall_drainage_branch","from_station_id":"599","branch_length_km":3.33,"flow_acc_cells":584,"branch_cells":84,"river_merge":false,"branch_index":20},"geometry":{"type":"LineString","coordinates":[[99.84493,15.51318],[99.84743,15.51235],[99.84826,15.51485],[99.85187,15.51763],[99.85298,15.51763],[99.85715,15.52263],[99.86493,15.53013],[99.86465,15.53068]]},"id":"branch_599_020"},{"type":"Feature","properties":{"feature_type":"rainfall_drainage_branch","from_station_id":"599","branch_length_km":3.3,"flow_acc_cells":599,"branch_cells":83,"river_merge":false,"branch_index":21},"geometry":{"type":"LineString","coordinates":[[99.78854,15.50096],[99.79632,15.50874],[99.79687,15.50846],[99.79993,15.50985],[99.80271,15.51263],[99.80437,15.51263],[99.80493,15.51207],[99.80576,15.51263],[99.80854,15.50874],[99.81021,15.50735]]},"id":"branch_599_021"},{"type":"Feature","properties":{"feature_type":"rainfall_drainage_branch","from_station_id":"599","branch_length_km":3.28,"flow_acc_cells":558,"branch_cells":81,"river_merge":true,"branch_index":22},"geometry":{"type":"LineString","coordinates":[[99.91576,15.55901],[99.90854,15.5529],[99.89909,15.54346],[99.89965,15.54235],[99.89743,15.54013],[99.89521,15.54013]]},"id":"branch_599_022"},{"type":"Feature","properties":{"feature_type":"rainfall_drainage_branch","from_station_id":"599","branch_length_km":3.24,"flow_acc_cells":544,"branch_cells":85,"river_merge":false,"branch_index":23},"geometry":{"type":"LineString","coordinates":[[99.92354,15.6029],[99.92271,15.60401],[99.92187,15.60374],[99.91882,15.60513],[99.91659,15.6054],[99.91409,15.60318],[99.91326,15.60346],[99.91076,15.60013],[99.90826,15.59846],[99.90465,15.59485],[99.90298,15.59374],[99.90243,15.59401],[99.90132,15.5929]]},"id":"branch_599_023"},{"type":"Feature","properties":{"feature_type":"rainfall_drainage_branch","from_station_id":"599","branch_length_km":2.84,"flow_acc_cells":908,"branch_cells":77,"river_merge":false,"branch_index":24},"geometry":{"type":"LineString","coordinates":[[99.82965,15.49457],[99.83076,15.4954],[99.83271,15.49568],[99.83354,15.49651],[99.83437,15.50151],[99.83743,15.50485],[99.83715,15.5054],[99.83771,15.50596],[99.84048,15.50679],[99.84215,15.50846],[99.84298,15.50818],[99.84521,15.50985]]},"id":"branch_599_024"},{"type":"Feature","properties":{"feature_type":"rainfall_drainage_branch","from_station_id":"599","branch_length_km":2.81,"flow_acc_cells":507,"branch_cells":73,"river_merge":false,"branch_index":25},"geometry":{"type":"LineString","coordinates":[[99.78521,15.48124],[99.78687,15.4829],[99.78882,15.4829],[99.79104,15.48513],[99.79187,15.48513],[99.79354,15.48735],[99.79298,15.48874],[99.79326,15.48957],[99.79548,15.49179],[99.79771,15.49151],[99.79882,15.4904],[99.79993,15.4904],[99.80159,15.49179],[99.80215,15.49151]]},"id":"branch_599_025"},{"type":"Feature","properties":{"feature_type":"rainfall_drainage_branch","from_station_id":"599","branch_length_km":2.79,"flow_acc_cells":516,"branch_cells":74,"river_merge":false,"branch_index":26},"geometry":{"type":"LineString","coordinates":[[99.82882,15.51985],[99.83187,15.51985],[99.83465,15.52263],[99.83465,15.52485],[99.83771,15.52401],[99.84021,15.5254],[99.84298,15.52818],[99.84243,15.5304],[99.84076,15.53207]]},"id":"branch_599_026"},{"type":"Feature","properties":{"feature_type":"rainfall_drainage_branch","from_station_id":"599","branch_length_km":2.71,"flow_acc_cells":643,"branch_cells":68,"river_merge":true,"branch_index":27},"geometry":{"type":"LineString","coordinates":[[99.87493,15.52818],[99.87632,15.53013],[99.87632,15.53263],[99.88548,15.54096],[99.88632,15.5404],[99.88771,15.54068],[99.88937,15.53929],[99.89021,15.53929]]},"id":"branch_599_027"},{"type":"Feature","properties":{"feature_type":"rainfall_drainage_branch","from_station_id":"599","branch_length_km":2.62,"flow_acc_cells":508,"branch_cells":65,"river_merge":false,"branch_index":28},"geometry":{"type":"LineString","coordinates":[[99.88937,15.58151],[99.87604,15.56957],[99.87715,15.56651],[99.87687,15.56513]]},"id":"branch_599_028"},{"type":"Feature","properties":{"feature_type":"rainfall_drainage_branch","from_station_id":"599","branch_length_km":2.62,"flow_acc_cells":900,"branch_cells":66,"river_merge":false,"branch_index":29},"geometry":{"type":"LineString","coordinates":[[99.91604,15.54235],[99.90965,15.53568],[99.90715,15.53457],[99.90326,15.53179],[99.90326,15.53068],[99.90715,15.52707]]},"id":"branch_599_029"},{"type":"Feature","properties":{"feature_type":"rainfall_drainage_branch","from_station_id":"599","branch_length_km":2.52,"flow_acc_cells":500,"branch_cells":67,"river_merge":false,"branch_index":30},"geometry":{"type":"LineString","coordinates":[[99.80465,15.50207],[99.80548,15.50374],[99.80604,15.50346],[99.81021,15.50735],[99.81243,15.50735],[99.81493,15.50874],[99.81659,15.50901],[99.81937,15.50707],[99.82104,15.50874],[99.82215,15.50901]]},"id":"branch_599_030"},{"type":"Feature","properties":{"feature_type":"rainfall_drainage_branch","from_station_id":"604","branch_length_km":1.11,"flow_acc_cells":516,"branch_cells":30,"river_merge":false,"branch_index":1},"geometry":{"type":"LineString","coordinates":[[99.53659,15.47374],[99.54021,15.47596],[99.54132,15.47568],[99.54437,15.47263]]},"id":"branch_604_001"},{"type":"Feature","properties":{"feature_type":"rainfall_drainage_branch","from_station_id":"604","branch_length_km":3.43,"flow_acc_cells":508,"branch_cells":92,"river_merge":false,"branch_index":2},"geometry":{"type":"LineString","coordinates":[[99.53382,15.50096],[99.53437,15.49846],[99.53326,15.49624],[99.53382,15.49346],[99.53271,15.49207],[99.53326,15.49013],[99.53326,15.48818],[99.53271,15.48735],[99.53354,15.48568],[99.53326,15.48513],[99.53576,15.48235],[99.53659,15.47985],[99.53632,15.47874],[99.53937,15.47568]]},"id":"branch_604_002"},{"type":"Feature","properties":{"feature_type":"rainfall_drainage_branch","from_station_id":"604","branch_length_km":1.35,"flow_acc_cells":522,"branch_cells":37,"river_merge":false,"branch_index":3},"geometry":{"type":"LineString","coordinates":[[99.52576,15.48707],[99.52659,15.48624],[99.52854,15.48596],[99.53076,15.48485],[99.53243,15.48485],[99.53576,15.48179]]},"id":"branch_604_003"},{"type":"Feature","properties":{"feature_type":"rainfall_drainage_branch","from_station_id":"1121253","branch_length_km":2.36,"flow_acc_cells":507,"branch_cells":63,"river_merge":false,"branch_index":1},"geometry":{"type":"LineString","coordinates":[[99.46659,15.50124],[99.46743,15.50207],[99.46965,15.50179],[99.47021,15.50235],[99.47326,15.50235],[99.47465,15.50179],[99.47798,15.50513],[99.47965,15.50513],[99.48104,15.50651],[99.48076,15.5079],[99.48159,15.50929]]},"id":"branch_1121253_001"},{"type":"Feature","properties":{"feature_type":"rainfall_drainage_branch","from_station_id":"1121253","branch_length_km":2.59,"flow_acc_cells":506,"branch_cells":68,"river_merge":false,"branch_index":2},"geometry":{"type":"LineString","coordinates":[[99.47021,15.48985],[99.47465,15.49457],[99.47715,15.4954],[99.47965,15.4979],[99.47882,15.50207],[99.48048,15.50401],[99.47993,15.50513],[99.48104,15.50651]]},"id":"branch_1121253_002"},{"type":"Feature","properties":{"feature_type":"rainfall_drainage_branch","from_station_id":"1121253","branch_length_km":1.94,"flow_acc_cells":507,"branch_cells":53,"river_merge":false,"branch_index":3},"geometry":{"type":"LineString","coordinates":[[99.46298,15.52346],[99.46854,15.5229],[99.46965,15.52151],[99.47048,15.52151],[99.47159,15.5204],[99.47187,15.51818],[99.47132,15.51763],[99.47215,15.51651],[99.47076,15.5154],[99.47104,15.51513]]},"id":"branch_1121253_003"},{"type":"Feature","properties":{"feature_type":"rainfall_drainage_branch","from_station_id":"1121253","branch_length_km":1.43,"flow_acc_cells":592,"branch_cells":39,"river_merge":false,"branch_index":4},"geometry":{"type":"LineString","coordinates":[[99.45298,15.5229],[99.45409,15.52374],[99.45409,15.52457],[99.45548,15.5254],[99.45909,15.5254],[99.46021,15.52624],[99.46271,15.52401]]},"id":"branch_1121253_004"},{"type":"Feature","properties":{"feature_type":"rainfall_drainage_branch","from_station_id":"1121253","branch_length_km":3.12,"flow_acc_cells":500,"branch_cells":84,"river_merge":false,"branch_index":5},"geometry":{"type":"LineString","coordinates":[[99.45437,15.50624],[99.45437,15.50707],[99.45548,15.50818],[99.45548,15.51151],[99.45715,15.51263],[99.45798,15.51457],[99.45771,15.51596],[99.45937,15.51763],[99.46048,15.51735],[99.46243,15.5179],[99.46465,15.51568],[99.46632,15.51624],[99.46687,15.51568],[99.46882,15.51568],[99.46965,15.51485],[99.47048,15.51485]]},"id":"branch_1121253_005"},{"type":"Feature","properties":{"feature_type":"rainfall_drainage_branch","from_station_id":"1121253","branch_length_km":1.08,"flow_acc_cells":636,"branch_cells":31,"river_merge":false,"branch_index":6},"geometry":{"type":"LineString","coordinates":[[99.45048,15.51374],[99.45298,15.51513],[99.45354,15.51624],[99.45521,15.51596],[99.45576,15.51651],[99.45826,15.51651]]},"id":"branch_1121253_006"},{"type":"Feature","properties":{"feature_type":"rainfall_drainage_branch","from_station_id":"1664","branch_length_km":1.3,"flow_acc_cells":513,"branch_cells":38,"river_merge":true,"branch_index":1},"geometry":{"type":"LineString","coordinates":[[99.47465,15.48346],[99.47882,15.48346],[99.48048,15.48429],[99.48271,15.48318],[99.48382,15.48318],[99.48493,15.48207]]},"id":"branch_1664_001"},{"type":"Feature","properties":{"feature_type":"rainfall_drainage_branch","from_station_id":"1664","branch_length_km":1.89,"flow_acc_cells":503,"branch_cells":50,"river_merge":true,"branch_index":2},"geometry":{"type":"LineString","coordinates":[[99.48132,15.45374],[99.47965,15.45568],[99.48021,15.45679],[99.47937,15.45763],[99.47909,15.45985],[99.48048,15.46235],[99.48076,15.46513],[99.48187,15.46624],[99.48159,15.46679],[99.48215,15.46735]]},"id":"branch_1664_002"},{"type":"Feature","properties":{"feature_type":"rainfall_drainage_branch","from_station_id":"1664","branch_length_km":1.96,"flow_acc_cells":556,"branch_cells":52,"river_merge":false,"branch_index":3},"geometry":{"type":"LineString","coordinates":[[99.49243,15.45457],[99.49104,15.45596],[99.49104,15.45818],[99.48909,15.46013],[99.48743,15.46013],[99.48382,15.46235],[99.48326,15.46207],[99.48104,15.46485]]},"id":"branch_1664_003"},{"type":"Feature","properties":{"feature_type":"rainfall_drainage_branch","from_station_id":"1664","branch_length_km":2.84,"flow_acc_cells":504,"branch_cells":77,"river_merge":false,"branch_index":4},"geometry":{"type":"LineString","coordinates":[[99.43632,15.46401],[99.43659,15.46374],[99.43882,15.46568],[99.44104,15.46568],[99.44215,15.46651],[99.44382,15.4654],[99.44715,15.46513],[99.45048,15.46651],[99.45132,15.46596],[99.45187,15.46651],[99.45298,15.46596],[99.45437,15.46624],[99.45659,15.4679],[99.45743,15.4679]]},"id":"branch_1664_004"},{"type":"Feature","properties":{"feature_type":"rainfall_drainage_branch","from_station_id":"1664","branch_length_km":1.25,"flow_acc_cells":527,"branch_cells":32,"river_merge":false,"branch_index":5},"geometry":{"type":"LineString","coordinates":[[99.43909,15.48013],[99.43882,15.48068],[99.43965,15.48151],[99.43937,15.48207],[99.44243,15.48513],[99.44271,15.48485],[99.44521,15.48651],[99.44604,15.48596]]},"id":"branch_1664_005"},{"type":"Feature","properties":{"feature_type":"rainfall_drainage_branch","from_station_id":"1100964","branch_length_km":3.39,"flow_acc_cells":510,"branch_cells":90,"river_merge":false,"branch_index":1},"geometry":{"type":"LineString","coordinates":[[100.03409,15.4829],[100.03659,15.48457],[100.03882,15.48457],[100.04076,15.48568],[100.04271,15.4829],[100.04437,15.48207],[100.04715,15.48235],[100.04909,15.48401],[100.05021,15.48429],[100.05159,15.48401],[100.05521,15.48485],[100.05632,15.48346],[100.05771,15.48457]]},"id":"branch_1100964_001"},{"type":"Feature","properties":{"feature_type":"rainfall_drainage_branch","from_station_id":"1100964","branch_length_km":1.74,"flow_acc_cells":529,"branch_cells":44,"river_merge":false,"branch_index":2},"geometry":{"type":"LineString","coordinates":[[100.03937,15.49207],[100.04021,15.49235],[100.04354,15.48818],[100.04576,15.48846],[100.04659,15.4879],[100.04743,15.48568],[100.04909,15.48401]]},"id":"branch_1100964_002"},{"type":"Feature","properties":{"feature_type":"rainfall_drainage_branch","from_station_id":"1100964","branch_length_km":1.28,"flow_acc_cells":527,"branch_cells":34,"river_merge":false,"branch_index":3},"geometry":{"type":"LineString","coordinates":[[100.02104,15.46735],[100.02354,15.46957],[100.02465,15.46957],[100.02659,15.47151],[100.02715,15.47346],[100.02576,15.47513]]},"id":"branch_1100964_003"},{"type":"Feature","properties":{"feature_type":"rainfall_drainage_branch","from_station_id":"1653","branch_length_km":6.06,"flow_acc_cells":556,"branch_cells":162,"river_merge":false,"branch_index":1},"geometry":{"type":"LineString","coordinates":[[99.41271,15.67901],[99.41048,15.6779],[99.41048,15.67624],[99.41132,15.6754],[99.41076,15.67318],[99.41298,15.67179],[99.41354,15.67235],[99.41576,15.67124],[99.41743,15.66874],[99.41937,15.66846],[99.42159,15.66457],[99.42576,15.66124],[99.42993,15.66068],[99.43132,15.66096],[99.43326,15.66263],[99.43576,15.66124],[99.43743,15.66263],[99.44021,15.65929],[99.43937,15.65818],[99.43993,15.65763],[99.44187,15.65735],[99.44354,15.65596]]},"id":"branch_1653_001"},{"type":"Feature","properties":{"feature_type":"rainfall_drainage_branch","from_station_id":"1653","branch_length_km":4.92,"flow_acc_cells":507,"branch_cells":134,"river_merge":false,"branch_index":2},"geometry":{"type":"LineString","coordinates":[[99.38271,15.69318],[99.38326,15.6929],[99.38465,15.69374],[99.38604,15.69374],[99.38743,15.69263],[99.39271,15.69318],[99.39354,15.69235],[99.39548,15.69235],[99.39826,15.68846],[99.39743,15.68651],[99.40048,15.68429],[99.40382,15.68401],[99.40437,15.68346],[99.40409,15.68096],[99.40743,15.67818],[99.40743,15.67735],[99.40826,15.67651],[99.40798,15.67568],[99.41076,15.67318]]},"id":"branch_1653_002"},{"type":"Feature","properties":{"feature_type":"rainfall_drainage_branch","from_station_id":"1653","branch_length_km":2.52,"flow_acc_cells":517,"branch_cells":68,"river_merge":false,"branch_index":3},"geometry":{"type":"LineString","coordinates":[[99.39159,15.67846],[99.39243,15.67929],[99.39493,15.67901],[99.39548,15.67957],[99.39826,15.67957],[99.39993,15.6779],[99.39965,15.67735],[99.40048,15.67651],[99.40187,15.67679],[99.40298,15.67624],[99.40382,15.67679],[99.40715,15.67374],[99.40854,15.67457],[99.40937,15.67429]]},"id":"branch_1653_003"},{"type":"Feature","properties":{"feature_type":"rainfall_drainage_branch","from_station_id":"1653","branch_length_km":1.11,"flow_acc_cells":509,"branch_cells":30,"river_merge":false,"branch_index":4},"geometry":{"type":"LineString","coordinates":[[99.38576,15.68457],[99.38659,15.68457],[99.38798,15.68318],[99.38937,15.68013],[99.39104,15.68013],[99.39215,15.67901]]},"id":"branch_1653_004"},{"type":"Feature","properties":{"feature_type":"rainfall_drainage_branch","from_station_id":"1653","branch_length_km":3.1,"flow_acc_cells":546,"branch_cells":84,"river_merge":false,"branch_index":5},"geometry":{"type":"LineString","coordinates":[[99.38104,15.6729],[99.38326,15.66957],[99.38604,15.66985],[99.38771,15.67124],[99.39076,15.67124],[99.39159,15.67068],[99.39215,15.67124],[99.39382,15.67124],[99.39548,15.67263],[99.39632,15.67374],[99.39576,15.67429],[99.39687,15.67568],[99.39687,15.67651],[99.39798,15.67651],[99.39937,15.67735],[99.40048,15.67651]]},"id":"branch_1653_005"},{"type":"Feature","properties":{"feature_type":"rainfall_drainage_branch","from_station_id":"1653","branch_length_km":3.83,"flow_acc_cells":693,"branch_cells":102,"river_merge":false,"branch_index":6},"geometry":{"type":"LineString","coordinates":[[99.39548,15.65429],[99.39798,15.65457],[99.39882,15.6554],[99.40187,15.6554],[99.40354,15.65457],[99.40632,15.65735],[99.41021,15.65735],[99.41409,15.66096],[99.41354,15.66207],[99.41382,15.66429],[99.41271,15.66596],[99.41465,15.6679],[99.41715,15.66901]]},"id":"branch_1653_006"},{"type":"Feature","properties":{"feature_type":"rainfall_drainage_branch","from_station_id":"1653","branch_length_km":2.0,"flow_acc_cells":509,"branch_cells":52,"river_merge":false,"branch_index":7},"geometry":{"type":"LineString","coordinates":[[99.40687,15.64735],[99.40909,15.64957],[99.40882,15.65124],[99.41354,15.6554],[99.41243,15.65679],[99.41326,15.65763],[99.41271,15.65929],[99.41382,15.66068]]},"id":"branch_1653_007"},{"type":"Feature","properties":{"feature_type":"rainfall_drainage_branch","from_station_id":"1653","branch_length_km":4.76,"flow_acc_cells":520,"branch_cells":126,"river_merge":false,"branch_index":8},"geometry":{"type":"LineString","coordinates":[[99.38548,15.63929],[99.38521,15.6379],[99.38798,15.63568],[99.38826,15.63429],[99.38937,15.63318],[99.39021,15.63318],[99.39243,15.63096],[99.39632,15.63013],[99.39854,15.63179],[99.39937,15.63485],[99.40048,15.63624],[99.39965,15.63763],[99.39965,15.63874],[99.40048,15.64013],[99.40382,15.6429],[99.40382,15.64346],[99.40548,15.64374],[99.40659,15.64485],[99.40715,15.64457],[99.40826,15.64568],[99.40743,15.6479]]},"id":"branch_1653_008"},{"type":"Feature","properties":{"feature_type":"rainfall_drainage_branch","from_station_id":"1653","branch_length_km":2.41,"flow_acc_cells":746,"branch_cells":66,"river_merge":false,"branch_index":9},"geometry":{"type":"LineString","coordinates":[[99.37743,15.6529],[99.37687,15.65235],[99.37659,15.6504],[99.37743,15.64874],[99.37687,15.64818],[99.37743,15.64763],[99.37604,15.64374],[99.37632,15.64263],[99.38021,15.63846],[99.38326,15.63735]]},"id":"branch_1653_009"},{"type":"Feature","properties":{"feature_type":"rainfall_drainage_branch","from_station_id":"1653","branch_length_km":1.35,"flow_acc_cells":512,"branch_cells":37,"river_merge":false,"branch_index":10},"geometry":{"type":"LineString","coordinates":[[99.37493,15.65374],[99.37437,15.65318],[99.37521,15.65068],[99.37465,15.64985],[99.37493,15.64846],[99.37382,15.64624],[99.37604,15.64374]]},"id":"branch_1653_010"},{"type":"Feature","properties":{"feature_type":"rainfall_drainage_branch","from_station_id":"1653","branch_length_km":1.84,"flow_acc_cells":506,"branch_cells":49,"river_merge":false,"branch_index":11},"geometry":{"type":"LineString","coordinates":[[99.40437,15.6329],[99.40548,15.63457],[99.40521,15.6354],[99.40715,15.63679],[99.40687,15.63735],[99.40798,15.63957],[99.40993,15.64179],[99.40826,15.64568]]},"id":"branch_1653_011"},{"type":"Feature","properties":{"feature_type":"rainfall_drainage_branch","from_station_id":"1653","branch_length_km":1.66,"flow_acc_cells":685,"branch_cells":47,"river_merge":false,"branch_index":12},"geometry":{"type":"LineString","coordinates":[[99.39659,15.64957],[99.39937,15.65013],[99.40159,15.65179],[99.40382,15.65151],[99.40465,15.65068],[99.40937,15.65179]]},"id":"branch_1653_012"},{"type":"Feature","properties":{"feature_type":"rainfall_drainage_branch","from_station_id":"1653","branch_length_km":2.24,"flow_acc_cells":570,"branch_cells":61,"river_merge":false,"branch_index":13},"geometry":{"type":"LineString","coordinates":[[99.41743,15.63874],[99.41521,15.64346],[99.41632,15.64596],[99.41604,15.64707],[99.41354,15.64985],[99.41354,15.6554]]},"id":"branch_1653_013"},{"type":"Feature","properties":{"feature_type":"rainfall_drainage_branch","from_station_id":"1653","branch_length_km":2.57,"flow_acc_cells":514,"branch_cells":71,"river_merge":false,"branch_index":14},"geometry":{"type":"LineString","coordinates":[[99.39493,15.66068],[99.39576,15.66124],[99.39882,15.66124],[99.40048,15.66207],[99.40271,15.66096],[99.40326,15.66151],[99.40493,15.66124],[99.40937,15.66596],[99.41132,15.66651],[99.41271,15.66763],[99.41382,15.66707]]},"id":"branch_1653_014"},{"type":"Feature","properties":{"feature_type":"rainfall_drainage_branch","from_station_id":"1653","branch_length_km":4.04,"flow_acc_cells":519,"branch_cells":107,"river_merge":false,"branch_index":15},"geometry":{"type":"LineString","coordinates":[[99.38048,15.66401],[99.38243,15.66318],[99.38409,15.66374],[99.38548,15.66318],[99.38659,15.66457],[99.38771,15.66457],[99.38993,15.66651],[99.39187,15.66596],[99.39382,15.66818],[99.39465,15.66763],[99.39576,15.66874],[99.39743,15.66763],[99.39993,15.66874],[99.40187,15.66874],[99.40382,15.66763],[99.40604,15.66846],[99.40909,15.66568]]},"id":"branch_1653_015"},{"type":"Feature","properties":{"feature_type":"rainfall_drainage_branch","from_station_id":"1653","branch_length_km":1.27,"flow_acc_cells":690,"branch_cells":32,"river_merge":false,"branch_index":16},"geometry":{"type":"LineString","coordinates":[[99.42965,15.67068],[99.43743,15.66263]]},"id":"branch_1653_016"},{"type":"Feature","properties":{"feature_type":"rainfall_drainage_branch","from_station_id":"1653","branch_length_km":1.23,"flow_acc_cells":656,"branch_cells":33,"river_merge":false,"branch_index":17},"geometry":{"type":"LineString","coordinates":[[99.43076,15.65263],[99.43132,15.65263],[99.43382,15.65513],[99.43576,15.65624],[99.43687,15.65624],[99.43882,15.6579],[99.43965,15.6579]]},"id":"branch_1653_017"},{"type":"Feature","properties":{"feature_type":"rainfall_drainage_branch","from_station_id":"1653","branch_length_km":2.0,"flow_acc_cells":510,"branch_cells":52,"river_merge":false,"branch_index":18},"geometry":{"type":"LineString","coordinates":[[99.44354,15.63707],[99.44298,15.63818],[99.44493,15.64013],[99.44521,15.64124],[99.44409,15.64596],[99.44659,15.64874],[99.44604,15.64929],[99.44632,15.64985],[99.44493,15.65124]]},"id":"branch_1653_018"},{"type":"Feature","properties":{"feature_type":"rainfall_drainage_branch","from_station_id":"1653","branch_length_km":1.03,"flow_acc_cells":511,"branch_cells":28,"river_merge":false,"branch_index":19},"geometry":{"type":"LineString","coordinates":[[99.43965,15.64207],[99.43965,15.6429],[99.44132,15.64457],[99.44132,15.6454],[99.44326,15.64763],[99.44409,15.64957]]},"id":"branch_1653_019"},{"type":"Feature","properties":{"feature_type":"rainfall_drainage_branch","from_station_id":"1652","branch_length_km":7.75,"flow_acc_cells":500,"branch_cells":209,"river_merge":false,"branch_index":1},"geometry":{"type":"LineString","coordinates":[[99.27271,15.72318],[99.27215,15.72374],[99.27271,15.72429],[99.27243,15.72624],[99.27437,15.72929],[99.27632,15.73401],[99.27632,15.73568],[99.27826,15.73901],[99.27826,15.74013],[99.28243,15.7454],[99.28215,15.74763],[99.28382,15.74957],[99.28437,15.75179],[99.28687,15.75346],[99.28715,15.75485],[99.28826,15.75513],[99.28965,15.75651],[99.29132,15.75679],[99.29243,15.7579],[99.29215,15.75818],[99.29354,15.75929],[99.29271,15.76068],[99.29409,15.76207],[99.29798,15.76151],[99.29909,15.7604],[99.29965,15.75874],[99.29937,15.75763],[99.30132,15.75568],[99.30465,15.75429],[99.30632,15.75457],[99.30687,15.75401]]},"id":"branch_1652_001"},{"type":"Feature","properties":{"feature_type":"rainfall_drainage_branch","from_station_id":"1652","branch_length_km":7.66,"flow_acc_cells":609,"branch_cells":206,"river_merge":false,"branch_index":2},"geometry":{"type":"LineString","coordinates":[[99.24715,15.73513],[99.24909,15.73651],[99.25076,15.73901],[99.25076,15.73985],[99.25298,15.74207],[99.25771,15.74179],[99.26271,15.73901],[99.26409,15.73929],[99.26548,15.74235],[99.26521,15.74374],[99.26826,15.74651],[99.26826,15.74957],[99.27021,15.75429],[99.26937,15.75568],[99.26993,15.75763],[99.27076,15.75846],[99.27104,15.7604],[99.27215,15.76179],[99.27215,15.76346],[99.27659,15.76818],[99.27687,15.77013],[99.27826,15.76985],[99.27937,15.76874],[99.27882,15.76818],[99.27937,15.76763],[99.27909,15.76735],[99.28159,15.76568]]},"id":"branch_1652_002"},{"type":"Feature","properties":{"feature_type":"rainfall_drainage_branch","from_station_id":"1652","branch_length_km":6.7,"flow_acc_cells":526,"branch_cells":173,"river_merge":false,"branch_index":3},"geometry":{"type":"LineString","coordinates":[[99.33632,15.69707],[99.33632,15.7004],[99.33771,15.7029],[99.33882,15.7029],[99.34215,15.70596],[99.34465,15.70568],[99.34548,15.70707],[99.34632,15.70735],[99.34715,15.70679],[99.35076,15.71013],[99.34937,15.71235],[99.34993,15.7129],[99.34743,15.71513],[99.34909,15.71679],[99.35021,15.71624],[99.35354,15.71957],[99.35493,15.72429],[99.35632,15.72513],[99.35743,15.72485],[99.35909,15.72624],[99.35854,15.72679],[99.35993,15.72818],[99.36104,15.73096],[99.35937,15.73346]]},"id":"branch_1652_003"},{"type":"Feature","properties":{"feature_type":"rainfall_drainage_branch","from_station_id":"1652","branch_length_km":6.27,"flow_acc_cells":702,"branch_cells":165,"river_merge":false,"branch_index":4},"geometry":{"type":"MultiLineString","coordinates":[[[99.23771,15.77513],[99.23882,15.77513],[99.24021,15.77624]],[[99.24271,15.78179],[99.24187,15.78263],[99.24382,15.78457],[99.24354,15.78485],[99.24493,15.7854],[99.24715,15.78457],[99.24826,15.78624],[99.24882,15.78568],[99.24993,15.78568],[99.25104,15.78457],[99.25493,15.78457],[99.25604,15.78346],[99.25548,15.78263],[99.25687,15.78096],[99.25826,15.78151],[99.25909,15.78124],[99.25965,15.78179],[99.26076,15.78068],[99.26187,15.7804],[99.26298,15.78124],[99.26632,15.77735],[99.26576,15.77485],[99.26632,15.77429],[99.26687,15.77457],[99.26937,15.77207],[99.27159,15.77151]]]},"id":"branch_1652_004"},{"type":"Feature","properties":{"feature_type":"rainfall_drainage_branch","from_station_id":"1652","branch_length_km":5.32,"flow_acc_cells":526,"branch_cells":149,"river_merge":false,"branch_index":5},"geometry":{"type":"LineString","coordinates":[[99.24437,15.7629],[99.24826,15.76068],[99.25215,15.75957],[99.25326,15.75874],[99.25548,15.75846],[99.25715,15.75735],[99.26076,15.7579],[99.26243,15.75929],[99.26437,15.75957],[99.26521,15.76151],[99.26632,15.76207],[99.26715,15.76429],[99.26548,15.76485],[99.26521,15.76651],[99.26771,15.76957],[99.27132,15.7704],[99.27159,15.77151],[99.27409,15.77068],[99.27493,15.77096],[99.27632,15.77013]]},"id":"branch_1652_005"},{"type":"Feature","properties":{"feature_type":"rainfall_drainage_branch","from_station_id":"1652","branch_length_km":5.21,"flow_acc_cells":543,"branch_cells":137,"river_merge":false,"branch_index":6},"geometry":{"type":"LineString","coordinates":[[99.30909,15.78624],[99.30965,15.7854],[99.30965,15.78374],[99.30854,15.78263],[99.30798,15.78096],[99.30826,15.77985],[99.30771,15.77929],[99.30826,15.77763],[99.30771,15.77707],[99.30826,15.77651],[99.30493,15.7729],[99.30548,15.77124],[99.30659,15.7704],[99.30632,15.77013],[99.30687,15.76957],[99.30632,15.76901],[99.30854,15.76679],[99.30826,15.76429],[99.30993,15.76179],[99.30854,15.75901],[99.31076,15.75707],[99.31132,15.7554],[99.31271,15.75513],[99.31632,15.75096]]},"id":"branch_1652_006"},{"type":"Feature","properties":{"feature_type":"rainfall_drainage_branch","from_station_id":"1652","branch_length_km":5.13,"flow_acc_cells":506,"branch_cells":139,"river_merge":false,"branch_index":7},"geometry":{"type":"LineString","coordinates":[[99.25493,15.7954],[99.25659,15.79457],[99.25882,15.79457],[99.25965,15.79374],[99.26104,15.79374],[99.26187,15.7929],[99.26159,15.79179],[99.26354,15.78874],[99.26826,15.78818],[99.27048,15.78485],[99.27215,15.78485],[99.27298,15.78401],[99.27409,15.78401],[99.27743,15.78151],[99.27604,15.78013],[99.27632,15.77957],[99.27548,15.77901],[99.27493,15.77818],[99.27521,15.77763],[99.27437,15.77679],[99.27437,15.77485],[99.27493,15.77401],[99.27437,15.77235],[99.27632,15.77013],[99.27687,15.77013]]},"id":"branch_1652_007"},{"type":"Feature","properties":{"feature_type":"rainfall_drainage_branch","from_station_id":"1652","branch_length_km":5.0,"flow_acc_cells":515,"branch_cells":139,"river_merge":false,"branch_index":8},"geometry":{"type":"LineString","coordinates":[[99.30993,15.70013],[99.31021,15.70596],[99.31159,15.71207],[99.31132,15.7129],[99.31271,15.71763],[99.31382,15.71874],[99.31243,15.72124],[99.31243,15.72374],[99.31354,15.7254],[99.31354,15.72901],[99.31298,15.7304],[99.31493,15.7329],[99.31271,15.73429],[99.30965,15.73763]]},"id":"branch_1652_008"},{"type":"Feature","properties":{"feature_type":"rainfall_drainage_branch","from_station_id":"1652","branch_length_km":4.65,"flow_acc_cells":500,"branch_cells":123,"river_merge":false,"branch_index":9},"geometry":{"type":"LineString","coordinates":[[99.28465,15.72013],[99.29159,15.72651],[99.29382,15.72624],[99.29771,15.72874],[99.30298,15.73096],[99.30493,15.72929],[99.30632,15.73013],[99.30743,15.73151],[99.30771,15.73374],[99.30993,15.73624],[99.30937,15.73818],[99.31076,15.74013],[99.31021,15.74179]]},"id":"branch_1652_009"},{"type":"Feature","properties":{"feature_type":"rainfall_drainage_branch","from_station_id":"1652","branch_length_km":4.5,"flow_acc_cells":504,"branch_cells":117,"river_merge":false,"branch_index":10},"geometry":{"type":"LineString","coordinates":[[99.36104,15.68818],[99.36326,15.69013],[99.36326,15.69235],[99.36437,15.69318],[99.36437,15.69457],[99.36271,15.69679],[99.36298,15.69818],[99.36493,15.69957],[99.36326,15.70207],[99.36382,15.70263],[99.36354,15.70318],[99.36576,15.7054],[99.36548,15.70707],[99.36659,15.70957],[99.36659,15.71096],[99.36548,15.71207],[99.36604,15.71374],[99.36326,15.71651],[99.36271,15.71679],[99.36159,15.71568],[99.36048,15.71679]]},"id":"branch_1652_010"},{"type":"Feature","properties":{"feature_type":"rainfall_drainage_branch","from_station_id":"1652","branch_length_km":4.45,"flow_acc_cells":514,"branch_cells":123,"river_merge":false,"branch_index":11},"geometry":{"type":"LineString","coordinates":[[99.29715,15.69874],[99.29909,15.70013],[99.29882,15.7004],[99.30021,15.7029],[99.30021,15.70568],[99.30271,15.70763],[99.30298,15.70846],[99.30326,15.71235],[99.30271,15.7129],[99.30382,15.71485],[99.30382,15.71929],[99.30493,15.72068],[99.30465,15.72179],[99.30521,15.72235],[99.30521,15.72346],[99.30771,15.72513],[99.30771,15.72624],[99.30659,15.72707],[99.30604,15.72846],[99.30687,15.72957],[99.30659,15.7304]]},"id":"branch_1652_011"},{"type":"Feature","properties":{"feature_type":"rainfall_drainage_branch","from_station_id":"1652","branch_length_km":3.94,"flow_acc_cells":735,"branch_cells":106,"river_merge":false,"branch_index":12},"geometry":{"type":"LineString","coordinates":[[99.28687,15.72901],[99.28854,15.73151],[99.29409,15.73707],[99.29604,15.73763],[99.29687,15.73846],[99.29798,15.73763],[99.29965,15.73735],[99.30215,15.73957],[99.30437,15.73985],[99.30632,15.73874],[99.30771,15.73901],[99.30798,15.73985],[99.31076,15.74235],[99.31104,15.74429],[99.31021,15.74568]]},"id":"branch_1652_012"},{"type":"Feature","properties":{"feature_type":"rainfall_drainage_branch","from_station_id":"1652","branch_length_km":3.91,"flow_acc_cells":532,"branch_cells":111,"river_merge":false,"branch_index":13},"geometry":{"type":"LineString","coordinates":[[99.29021,15.74401],[99.29076,15.74318],[99.29243,15.74318],[99.29326,15.74429],[99.29409,15.74401],[99.29465,15.74457],[99.29576,15.74401],[99.29604,15.74207],[99.30021,15.74124],[99.30271,15.74429],[99.30632,15.74429],[99.30965,15.74513],[99.31021,15.74568],[99.30993,15.74707],[99.31048,15.74929],[99.31215,15.75068],[99.31437,15.75068]]},"id":"branch_1652_013"},{"type":"Feature","properties":{"feature_type":"rainfall_drainage_branch","from_station_id":"1652","branch_length_km":3.58,"flow_acc_cells":761,"branch_cells":97,"river_merge":false,"branch_index":14},"geometry":{"type":"LineString","coordinates":[[99.28743,15.77874],[99.28548,15.77651],[99.28409,15.77596],[99.28409,15.77513],[99.28215,15.7729],[99.28271,15.77068],[99.28215,15.76901],[99.28271,15.76818],[99.28159,15.76568],[99.28215,15.76513],[99.28298,15.7654],[99.28659,15.76124],[99.29104,15.76207],[99.29215,15.76151],[99.29382,15.76179]]},"id":"branch_1652_014"},{"type":"Feature","properties":{"feature_type":"rainfall_drainage_branch","from_station_id":"1652","branch_length_km":3.07,"flow_acc_cells":502,"branch_cells":86,"river_merge":true,"branch_index":15},"geometry":{"type":"LineString","coordinates":[[99.38132,15.75318],[99.38243,15.75318],[99.38326,15.75207],[99.38271,15.74901],[99.38409,15.74763],[99.38659,15.74651],[99.38826,15.74457],[99.38993,15.74429],[99.39187,15.74068],[99.39715,15.74068],[99.39854,15.74151],[99.39909,15.74124]]},"id":"branch_1652_015"},{"type":"Feature","properties":{"feature_type":"rainfall_drainage_branch","from_station_id":"1652","branch_length_km":3.07,"flow_acc_cells":588,"branch_cells":86,"river_merge":false,"branch_index":16},"geometry":{"type":"LineString","coordinates":[[99.23187,15.75346],[99.23243,15.75429],[99.23215,15.75624],[99.23298,15.75818],[99.23632,15.76151],[99.23659,15.76318],[99.23604,15.76374],[99.23604,15.76513],[99.23715,15.76568],[99.23743,15.76707],[99.23993,15.76985],[99.24021,15.77624]]},"id":"branch_1652_016"},{"type":"Feature","properties":{"feature_type":"rainfall_drainage_branch","from_station_id":"1652","branch_length_km":2.93,"flow_acc_cells":504,"branch_cells":80,"river_merge":false,"branch_index":17},"geometry":{"type":"LineString","coordinates":[[99.36854,15.67151],[99.36826,15.67485],[99.36715,15.67763],[99.36771,15.68068],[99.36715,15.68151],[99.36743,15.68207],[99.36687,15.68346],[99.36743,15.68401],[99.36687,15.68485],[99.36771,15.68624],[99.36659,15.6879],[99.36715,15.68846],[99.36632,15.69068],[99.36437,15.69346]]},"id":"branch_1652_017"},{"type":"Feature","properties":{"feature_type":"rainfall_drainage_branch","from_station_id":"1652","branch_length_km":2.91,"flow_acc_cells":560,"branch_cells":83,"river_merge":false,"branch_index":18},"geometry":{"type":"LineString","coordinates":[[99.25326,15.72429],[99.25493,15.72374],[99.25548,15.72429],[99.25965,15.72401],[99.26021,15.72457],[99.26243,15.73151],[99.26187,15.73429],[99.26271,15.7354],[99.26409,15.73596],[99.26382,15.73818],[99.26437,15.73957]]},"id":"branch_1652_018"},{"type":"Feature","properties":{"feature_type":"rainfall_drainage_branch","from_station_id":"1652","branch_length_km":2.64,"flow_acc_cells":530,"branch_cells":72,"river_merge":false,"branch_index":19},"geometry":{"type":"LineString","coordinates":[[99.35298,15.75346],[99.35048,15.75179],[99.35021,15.75013],[99.35104,15.74929],[99.35187,15.74596],[99.35354,15.74346],[99.35465,15.74346],[99.35632,15.74207],[99.35576,15.7404],[99.35632,15.73985],[99.35659,15.73763],[99.35548,15.73624]]},"id":"branch_1652_019"},{"type":"Feature","properties":{"feature_type":"rainfall_drainage_branch","from_station_id":"1652","branch_length_km":2.6,"flow_acc_cells":508,"branch_cells":72,"river_merge":false,"branch_index":20},"geometry":{"type":"LineString","coordinates":[[99.28965,15.71318],[99.29243,15.7154],[99.29493,15.7154],[99.29604,15.71651],[99.29604,15.71763],[99.29715,15.71874],[99.29715,15.72096],[99.30048,15.72457],[99.30548,15.72374]]},"id":"branch_1652_020"},{"type":"Feature","properties":{"feature_type":"rainfall_drainage_branch","from_station_id":"1652","branch_length_km":2.46,"flow_acc_cells":554,"branch_cells":66,"river_merge":true,"branch_index":21},"geometry":{"type":"LineString","coordinates":[[99.37354,15.74124],[99.37493,15.73929],[99.37993,15.73818],[99.38271,15.7354],[99.38382,15.7354],[99.38521,15.73457],[99.38687,15.73568],[99.38743,15.73513],[99.38854,15.73513],[99.39104,15.7329]]},"id":"branch_1652_021"},{"type":"Feature","properties":{"feature_type":"rainfall_drainage_branch","from_station_id":"1652","branch_length_km":2.33,"flow_acc_cells":619,"branch_cells":61,"river_merge":false,"branch_index":22},"geometry":{"type":"LineString","coordinates":[[99.33715,15.76318],[99.33715,15.76179],[99.33521,15.76013],[99.33437,15.75818],[99.33493,15.75763],[99.33521,15.7554],[99.33743,15.75235],[99.33687,15.75124],[99.33798,15.74985],[99.33771,15.74929],[99.34021,15.74679]]},"id":"branch_1652_022"},{"type":"Feature","properties":{"feature_type":"rainfall_drainage_branch","from_station_id":"1652","branch_length_km":2.29,"flow_acc_cells":550,"branch_cells":63,"river_merge":false,"branch_index":23},"geometry":{"type":"LineString","coordinates":[[99.33909,15.71735],[99.34076,15.71874],[99.34437,15.71929],[99.34798,15.72235],[99.34798,15.72374],[99.35132,15.72401],[99.35243,15.72485],[99.35382,15.72401],[99.35493,15.72429]]},"id":"branch_1652_023"},{"type":"Feature","properties":{"feature_type":"rainfall_drainage_branch","from_station_id":"1652","branch_length_km":2.16,"flow_acc_cells":632,"branch_cells":58,"river_merge":false,"branch_index":24},"geometry":{"type":"LineString","coordinates":[[99.32659,15.72735],[99.32771,15.72874],[99.32882,15.72874],[99.32965,15.72957],[99.32965,15.73068],[99.33243,15.73401],[99.33298,15.7354],[99.33271,15.73624],[99.33159,15.73679],[99.33076,15.73818],[99.33354,15.74124]]},"id":"branch_1652_024"},{"type":"Feature","properties":{"feature_type":"rainfall_drainage_branch","from_station_id":"1652","branch_length_km":2.15,"flow_acc_cells":507,"branch_cells":56,"river_merge":false,"branch_index":25},"geometry":{"type":"LineString","coordinates":[[99.31909,15.7704],[99.31965,15.76985],[99.32076,15.77013],[99.32215,15.76874],[99.32382,15.76568],[99.32354,15.76457],[99.32659,15.76068],[99.32632,15.75929],[99.32771,15.7579],[99.32882,15.75763]]},"id":"branch_1652_025"},{"type":"Feature","properties":{"feature_type":"rainfall_drainage_branch","from_station_id":"1652","branch_length_km":2.11,"flow_acc_cells":509,"branch_cells":59,"river_merge":false,"branch_index":26},"geometry":{"type":"LineString","coordinates":[[99.22882,15.77901],[99.22993,15.77985],[99.22965,15.7804],[99.23048,15.78179],[99.23215,15.78263],[99.23326,15.78429],[99.23715,15.78346],[99.23909,15.78513],[99.24076,15.78346],[99.24271,15.78374]]},"id":"branch_1652_026"},{"type":"Feature","properties":{"feature_type":"rainfall_drainage_branch","from_station_id":"1652","branch_length_km":2.05,"flow_acc_cells":596,"branch_cells":55,"river_merge":false,"branch_index":27},"geometry":{"type":"LineString","coordinates":[[99.32882,15.76568],[99.32882,15.76401],[99.32771,15.76263],[99.32854,15.76096],[99.32826,15.75957],[99.32882,15.75901],[99.32882,15.75651],[99.33465,15.75151]]},"id":"branch_1652_027"},{"type":"Feature","properties":{"feature_type":"rainfall_drainage_branch","from_station_id":"1652","branch_length_km":1.98,"flow_acc_cells":640,"branch_cells":54,"river_merge":false,"branch_index":28},"geometry":{"type":"LineString","coordinates":[[99.32604,15.71513],[99.32604,15.71596],[99.32715,15.71707],[99.32882,15.71763],[99.33021,15.71735],[99.33437,15.72013],[99.33715,15.7204],[99.33993,15.72235]]},"id":"branch_1652_028"},{"type":"Feature","properties":{"feature_type":"rainfall_drainage_branch","from_station_id":"1652","branch_length_km":1.96,"flow_acc_cells":569,"branch_cells":53,"river_merge":false,"branch_index":29},"geometry":{"type":"LineString","coordinates":[[99.35771,15.71318],[99.36048,15.71568],[99.36048,15.71707],[99.35909,15.71874],[99.35993,15.71957],[99.36021,15.72235],[99.35909,15.72374],[99.35882,15.7254],[99.35937,15.72624],[99.35882,15.72707]]},"id":"branch_1652_029"},{"type":"Feature","properties":{"feature_type":"rainfall_drainage_branch","from_station_id":"1652","branch_length_km":1.86,"flow_acc_cells":533,"branch_cells":50,"river_merge":false,"branch_index":30},"geometry":{"type":"LineString","coordinates":[[99.34882,15.69651],[99.34965,15.69707],[99.34993,15.69846],[99.34937,15.69901],[99.34965,15.69985],[99.34798,15.70179],[99.34826,15.70263],[99.34771,15.70401],[99.34826,15.70457],[99.34798,15.70513],[99.35048,15.70846],[99.35048,15.70985]]},"id":"branch_1652_030"},{"type":"Feature","properties":{"feature_type":"rainfall_drainage_branch","from_station_id":"589","branch_length_km":3.84,"flow_acc_cells":570,"branch_cells":101,"river_merge":false,"branch_index":1},"geometry":{"type":"LineString","coordinates":[[99.57965,15.73401],[99.57965,15.73513],[99.58076,15.73457],[99.58159,15.7354],[99.58326,15.73513],[99.58632,15.73651],[99.58826,15.73485],[99.59076,15.73513],[99.59132,15.73457],[99.59326,15.7354],[99.59993,15.73068],[99.60215,15.72846],[99.60215,15.72735],[99.60326,15.72624],[99.60521,15.72735]]},"id":"branch_589_001"},{"type":"Feature","properties":{"feature_type":"rainfall_drainage_branch","from_station_id":"589","branch_length_km":2.31,"flow_acc_cells":669,"branch_cells":65,"river_merge":false,"branch_index":2},"geometry":{"type":"LineString","coordinates":[[99.56187,15.7354],[99.56521,15.73485],[99.56659,15.73568],[99.56798,15.73513],[99.57021,15.73679],[99.57354,15.73596],[99.57493,15.73485],[99.57632,15.73568],[99.57909,15.73485],[99.57965,15.73513]]},"id":"branch_589_002"},{"type":"Feature","properties":{"feature_type":"rainfall_drainage_branch","from_station_id":"589","branch_length_km":5.34,"flow_acc_cells":505,"branch_cells":142,"river_merge":false,"branch_index":3},"geometry":{"type":"LineString","coordinates":[[99.53159,15.71957],[99.53604,15.72013],[99.53687,15.71929],[99.54076,15.72151],[99.54243,15.72151],[99.54465,15.7229],[99.54548,15.72485],[99.54771,15.72679],[99.54909,15.72707],[99.55104,15.72513],[99.55187,15.72513],[99.55465,15.72679],[99.55493,15.72651],[99.55604,15.72763],[99.56048,15.72735],[99.56687,15.7329],[99.56548,15.73513]]},"id":"branch_589_003"},{"type":"Feature","properties":{"feature_type":"rainfall_drainage_branch","from_station_id":"589","branch_length_km":2.39,"flow_acc_cells":589,"branch_cells":65,"river_merge":false,"branch_index":4},"geometry":{"type":"LineString","coordinates":[[99.52187,15.72179],[99.52271,15.72235],[99.52604,15.72207],[99.52798,15.7229],[99.52965,15.72151],[99.53076,15.72151],[99.53215,15.72013],[99.53548,15.72207],[99.53632,15.72207],[99.53715,15.72124],[99.53826,15.72179],[99.53965,15.72096]]},"id":"branch_589_004"},{"type":"Feature","properties":{"feature_type":"rainfall_drainage_branch","from_station_id":"589","branch_length_km":3.77,"flow_acc_cells":522,"branch_cells":99,"river_merge":false,"branch_index":5},"geometry":{"type":"LineString","coordinates":[[99.50493,15.72957],[99.50743,15.72763],[99.50882,15.72568],[99.50826,15.72374],[99.50909,15.72235],[99.51104,15.72179],[99.51298,15.72374],[99.51437,15.72318],[99.51687,15.72624],[99.51826,15.72624],[99.52021,15.72735],[99.52326,15.72568],[99.52382,15.72624],[99.52632,15.72346],[99.52771,15.7229]]},"id":"branch_589_005"},{"type":"Feature","properties":{"feature_type":"rainfall_drainage_branch","from_station_id":"589","branch_length_km":2.64,"flow_acc_cells":508,"branch_cells":73,"river_merge":false,"branch_index":6},"geometry":{"type":"LineString","coordinates":[[99.52659,15.72985],[99.52854,15.72957],[99.52965,15.72874],[99.53048,15.72929],[99.53271,15.72624],[99.53354,15.72651],[99.53493,15.72568],[99.53604,15.72596],[99.53798,15.72485],[99.53937,15.72568],[99.54048,15.72568],[99.54132,15.72485],[99.54382,15.7254],[99.54465,15.72485],[99.54576,15.72513]]},"id":"branch_589_006"},{"type":"Feature","properties":{"feature_type":"rainfall_drainage_branch","from_station_id":"589","branch_length_km":3.81,"flow_acc_cells":535,"branch_cells":102,"river_merge":false,"branch_index":7},"geometry":{"type":"LineString","coordinates":[[99.55298,15.71513],[99.55354,15.71624],[99.55326,15.71846],[99.55409,15.71929],[99.55632,15.71957],[99.55882,15.72207],[99.56271,15.72318],[99.56382,15.72429],[99.56465,15.72401],[99.56548,15.72457],[99.56632,15.72401],[99.56854,15.72624],[99.56798,15.72707],[99.56909,15.7279],[99.56909,15.72957],[99.56743,15.73346],[99.56576,15.7354]]},"id":"branch_589_007"},{"type":"Feature","properties":{"feature_type":"rainfall_drainage_branch","from_station_id":"589","branch_length_km":1.09,"flow_acc_cells":527,"branch_cells":32,"river_merge":false,"branch_index":8},"geometry":{"type":"LineString","coordinates":[[99.54521,15.71874],[99.54798,15.71901],[99.55215,15.71846],[99.55382,15.71901]]},"id":"branch_589_008"},{"type":"Feature","properties":{"feature_type":"rainfall_drainage_branch","from_station_id":"589","branch_length_km":2.75,"flow_acc_cells":501,"branch_cells":78,"river_merge":false,"branch_index":9},"geometry":{"type":"LineString","coordinates":[[99.58243,15.72374],[99.58382,15.72346],[99.58437,15.72401],[99.58771,15.72401],[99.58937,15.72318],[99.59243,15.72346],[99.59437,15.7254],[99.59521,15.72513],[99.59687,15.72596],[99.59882,15.72596],[99.60076,15.72763],[99.60326,15.72624]]},"id":"branch_589_009"},{"type":"Feature","properties":{"feature_type":"rainfall_drainage_branch","from_station_id":"589","branch_length_km":2.72,"flow_acc_cells":522,"branch_cells":75,"river_merge":false,"branch_index":10},"geometry":{"type":"LineString","coordinates":[[99.58048,15.71013],[99.58215,15.71374],[99.58132,15.71485],[99.58187,15.71846],[99.58465,15.71957],[99.58576,15.71874],[99.58965,15.71957],[99.59354,15.72374],[99.59326,15.72401]]},"id":"branch_589_010"},{"type":"Feature","properties":{"feature_type":"rainfall_drainage_branch","from_station_id":"589","branch_length_km":1.72,"flow_acc_cells":500,"branch_cells":47,"river_merge":false,"branch_index":11},"geometry":{"type":"LineString","coordinates":[[99.56965,15.71818],[99.57104,15.71679],[99.57354,15.71679],[99.57715,15.71874],[99.57826,15.71818],[99.58132,15.71929],[99.58243,15.71901]]},"id":"branch_589_011"},{"type":"Feature","properties":{"feature_type":"rainfall_drainage_branch","from_station_id":"589","branch_length_km":1.66,"flow_acc_cells":539,"branch_cells":45,"river_merge":false,"branch_index":12},"geometry":{"type":"LineString","coordinates":[[99.56715,15.70957],[99.56909,15.70957],[99.57187,15.71096],[99.57576,15.71485],[99.57604,15.71651],[99.57798,15.71818]]},"id":"branch_589_012"},{"type":"Feature","properties":{"feature_type":"rainfall_drainage_branch","from_station_id":"589","branch_length_km":1.15,"flow_acc_cells":565,"branch_cells":30,"river_merge":false,"branch_index":13},"geometry":{"type":"LineString","coordinates":[[99.57104,15.70679],[99.57076,15.70929],[99.57576,15.71485]]},"id":"branch_589_013"},{"type":"Feature","properties":{"feature_type":"rainfall_drainage_branch","from_station_id":"589","branch_length_km":1.91,"flow_acc_cells":503,"branch_cells":52,"river_merge":false,"branch_index":14},"geometry":{"type":"LineString","coordinates":[[99.61215,15.74901],[99.61076,15.74735],[99.61104,15.74346],[99.60965,15.74179],[99.61021,15.74068],[99.60993,15.73901],[99.60743,15.7354],[99.60771,15.73485]]},"id":"branch_589_014"},{"type":"Feature","properties":{"feature_type":"rainfall_drainage_branch","from_station_id":"589","branch_length_km":3.56,"flow_acc_cells":525,"branch_cells":94,"river_merge":false,"branch_index":15},"geometry":{"type":"LineString","coordinates":[[99.60187,15.77013],[99.60354,15.76818],[99.60382,15.76679],[99.59993,15.76124],[99.59854,15.75763],[99.59437,15.75485],[99.59104,15.74985],[99.59382,15.74568]]},"id":"branch_589_015"},{"type":"Feature","properties":{"feature_type":"rainfall_drainage_branch","from_station_id":"589","branch_length_km":2.0,"flow_acc_cells":637,"branch_cells":54,"river_merge":false,"branch_index":16},"geometry":{"type":"LineString","coordinates":[[99.57965,15.74207],[99.58076,15.74401],[99.58271,15.74485],[99.58493,15.74679],[99.58687,15.74485],[99.58854,15.74429],[99.59021,15.74429],[99.59187,15.74568],[99.59354,15.74568]]},"id":"branch_589_016"},{"type":"Feature","properties":{"feature_type":"rainfall_drainage_branch","from_station_id":"589","branch_length_km":1.28,"flow_acc_cells":504,"branch_cells":33,"river_merge":false,"branch_index":17},"geometry":{"type":"LineString","coordinates":[[99.57187,15.75096],[99.57465,15.74985],[99.58076,15.74401]]},"id":"branch_589_017"},{"type":"Feature","properties":{"feature_type":"rainfall_drainage_branch","from_station_id":"589","branch_length_km":1.58,"flow_acc_cells":533,"branch_cells":44,"river_merge":false,"branch_index":18},"geometry":{"type":"LineString","coordinates":[[99.58771,15.76318],[99.58882,15.75929],[99.58632,15.75651],[99.58632,15.75429],[99.58521,15.75179],[99.58576,15.75124]]},"id":"branch_589_018"},{"type":"Feature","properties":{"feature_type":"rainfall_drainage_branch","from_station_id":"589","branch_length_km":1.87,"flow_acc_cells":500,"branch_cells":48,"river_merge":false,"branch_index":19},"geometry":{"type":"LineString","coordinates":[[99.56271,15.76679],[99.56354,15.76596],[99.56687,15.76596],[99.57132,15.76124],[99.57104,15.76013],[99.57187,15.75874],[99.57159,15.75846],[99.57243,15.75763],[99.57298,15.7579]]},"id":"branch_589_019"},{"type":"Feature","properties":{"feature_type":"rainfall_drainage_branch","from_station_id":"589","branch_length_km":3.77,"flow_acc_cells":525,"branch_cells":104,"river_merge":false,"branch_index":20},"geometry":{"type":"LineString","coordinates":[[99.54437,15.76429],[99.54632,15.76429],[99.55076,15.75901],[99.55243,15.75929],[99.55437,15.75763],[99.55521,15.7579],[99.56048,15.75568],[99.56243,15.75568],[99.56493,15.75679],[99.56604,15.75624],[99.56937,15.75901],[99.57048,15.75901],[99.57215,15.7579]]},"id":"branch_589_020"},{"type":"Feature","properties":{"feature_type":"rainfall_drainage_branch","from_station_id":"589","branch_length_km":1.2,"flow_acc_cells":680,"branch_cells":32,"river_merge":false,"branch_index":21},"geometry":{"type":"LineString","coordinates":[[99.57854,15.77235],[99.57326,15.76985],[99.57159,15.7679],[99.57215,15.76651]]},"id":"branch_589_021"},{"type":"Feature","properties":{"feature_type":"rainfall_drainage_branch","from_station_id":"589","branch_length_km":1.96,"flow_acc_cells":836,"branch_cells":50,"river_merge":false,"branch_index":22},"geometry":{"type":"LineString","coordinates":[[99.58021,15.78318],[99.57937,15.78318],[99.57798,15.78179],[99.57687,15.78151],[99.57548,15.77985],[99.57548,15.77901],[99.57104,15.77485],[99.57048,15.77513],[99.56826,15.77263]]},"id":"branch_589_022"},{"type":"Feature","properties":{"feature_type":"rainfall_drainage_branch","from_station_id":"589","branch_length_km":1.29,"flow_acc_cells":500,"branch_cells":35,"river_merge":false,"branch_index":23},"geometry":{"type":"LineString","coordinates":[[99.56771,15.78179],[99.56548,15.77985],[99.56687,15.77735],[99.56659,15.77679],[99.56771,15.7754],[99.56743,15.77457],[99.56826,15.7729]]},"id":"branch_589_023"},{"type":"Feature","properties":{"feature_type":"rainfall_drainage_branch","from_station_id":"589","branch_length_km":2.29,"flow_acc_cells":501,"branch_cells":58,"river_merge":false,"branch_index":24},"geometry":{"type":"LineString","coordinates":[[99.55104,15.79513],[99.55104,15.79401],[99.55271,15.79207],[99.55243,15.79124],[99.55576,15.7879],[99.55659,15.78596],[99.56271,15.77929]]},"id":"branch_589_024"},{"type":"Feature","properties":{"feature_type":"rainfall_drainage_branch","from_station_id":"589","branch_length_km":2.7,"flow_acc_cells":550,"branch_cells":75,"river_merge":false,"branch_index":25},"geometry":{"type":"LineString","coordinates":[[99.54048,15.78624],[99.54354,15.78568],[99.54576,15.78651],[99.54965,15.78401],[99.55104,15.78429],[99.55215,15.7854],[99.55271,15.78485],[99.55465,15.78485],[99.55604,15.78374],[99.55771,15.78401],[99.56048,15.78124],[99.56104,15.78124]]},"id":"branch_589_025"},{"type":"Feature","properties":{"feature_type":"rainfall_drainage_branch","from_station_id":"589","branch_length_km":2.43,"flow_acc_cells":549,"branch_cells":70,"river_merge":false,"branch_index":26},"geometry":{"type":"LineString","coordinates":[[99.53132,15.77874],[99.53465,15.77874],[99.53548,15.7779],[99.53632,15.77846],[99.53798,15.77846],[99.53909,15.77763],[99.54104,15.77763],[99.54215,15.77651],[99.54382,15.77624],[99.54604,15.77429],[99.54715,15.77401],[99.54798,15.77457],[99.54909,15.77401],[99.55048,15.77457]]},"id":"branch_589_026"},{"type":"Feature","properties":{"feature_type":"rainfall_drainage_branch","from_station_id":"1121254","branch_length_km":2.91,"flow_acc_cells":517,"branch_cells":80,"river_merge":false,"branch_index":1},"geometry":{"type":"LineString","coordinates":[[99.29909,15.87513],[99.30048,15.8754],[99.30132,15.87624],[99.30243,15.88096],[99.30437,15.8829],[99.30437,15.88374],[99.30687,15.88651],[99.30715,15.88818],[99.30798,15.88874],[99.30771,15.88957],[99.30826,15.89013],[99.30826,15.89124],[99.30659,15.8929],[99.30687,15.89374],[99.30632,15.8954]]},"id":"branch_1121254_001"},{"type":"Feature","properties":{"feature_type":"rainfall_drainage_branch","from_station_id":"1121254","branch_length_km":2.77,"flow_acc_cells":505,"branch_cells":72,"river_merge":false,"branch_index":2},"geometry":{"type":"LineString","coordinates":[[99.28743,15.8579],[99.29076,15.86096],[99.28937,15.86235],[99.29048,15.86318],[99.29187,15.86318],[99.29521,15.86818],[99.29798,15.87068],[99.29771,15.87179],[99.29965,15.87513]]},"id":"branch_1121254_002"},{"type":"Feature","properties":{"feature_type":"rainfall_drainage_branch","from_station_id":"1121254","branch_length_km":2.43,"flow_acc_cells":518,"branch_cells":63,"river_merge":false,"branch_index":3},"geometry":{"type":"LineString","coordinates":[[99.27854,15.84401],[99.28048,15.84651],[99.28021,15.84735],[99.28132,15.84957],[99.28437,15.85263],[99.28576,15.85207],[99.28965,15.85596],[99.28826,15.85901]]},"id":"branch_1121254_003"},{"type":"Feature","properties":{"feature_type":"rainfall_drainage_branch","from_station_id":"1121254","branch_length_km":1.18,"flow_acc_cells":525,"branch_cells":31,"river_merge":false,"branch_index":4},"geometry":{"type":"LineString","coordinates":[[99.27271,15.83763],[99.27493,15.83874],[99.27659,15.8404],[99.27632,15.84096],[99.27937,15.84374],[99.27882,15.84429]]},"id":"branch_1121254_004"},{"type":"Feature","properties":{"feature_type":"rainfall_drainage_branch","from_station_id":"1121254","branch_length_km":4.62,"flow_acc_cells":529,"branch_cells":122,"river_merge":false,"branch_index":5},"geometry":{"type":"LineString","coordinates":[[99.27382,15.8204],[99.27409,15.82207],[99.27521,15.82374],[99.27521,15.8254],[99.27715,15.82763],[99.27715,15.82901],[99.27826,15.83179],[99.28326,15.83957],[99.28743,15.84374],[99.28687,15.84429],[99.28659,15.84624],[99.28798,15.84846],[99.28771,15.84957],[99.28854,15.85124],[99.28687,15.85318]]},"id":"branch_1121254_005"},{"type":"Feature","properties":{"feature_type":"rainfall_drainage_branch","from_station_id":"1121254","branch_length_km":4.25,"flow_acc_cells":524,"branch_cells":116,"river_merge":false,"branch_index":6},"geometry":{"type":"MultiLineString","coordinates":[[[99.27521,15.8529],[99.27576,15.85457],[99.27382,15.85596],[99.27437,15.85679],[99.27409,15.8579],[99.27521,15.85901],[99.27465,15.85957],[99.27493,15.86013],[99.27437,15.86151],[99.27354,15.86235],[99.27437,15.86318],[99.27659,15.86374],[99.27743,15.86457],[99.27798,15.86429],[99.27937,15.86596],[99.28132,15.86596]],[[99.28493,15.86901],[99.28687,15.86874],[99.28743,15.86929],[99.29021,15.86985],[99.29298,15.86818],[99.29521,15.86818]]]},"id":"branch_1121254_006"},{"type":"Feature","properties":{"feature_type":"rainfall_drainage_branch","from_station_id":"1121254","branch_length_km":2.93,"flow_acc_cells":526,"branch_cells":78,"river_merge":false,"branch_index":7},"geometry":{"type":"LineString","coordinates":[[99.26715,15.84596],[99.26771,15.84707],[99.26659,15.84957],[99.26659,15.85096],[99.26354,15.85346],[99.26298,15.85485],[99.26909,15.86068],[99.26965,15.8604],[99.27243,15.86263],[99.27409,15.8629]]},"id":"branch_1121254_007"},{"type":"Feature","properties":{"feature_type":"rainfall_drainage_branch","from_station_id":"1121254","branch_length_km":3.14,"flow_acc_cells":510,"branch_cells":86,"river_merge":false,"branch_index":8},"geometry":{"type":"LineString","coordinates":[[99.24159,15.85485],[99.24659,15.85374],[99.25048,15.85013],[99.25159,15.85013],[99.25354,15.84901],[99.25521,15.84901],[99.25632,15.84818],[99.25771,15.84818],[99.26298,15.85485]]},"id":"branch_1121254_008"},{"type":"Feature","properties":{"feature_type":"rainfall_drainage_branch","from_station_id":"1121254","branch_length_km":1.47,"flow_acc_cells":505,"branch_cells":38,"river_merge":false,"branch_index":9},"geometry":{"type":"LineString","coordinates":[[99.25076,15.83901],[99.25326,15.84124],[99.25326,15.84207],[99.25243,15.8429],[99.25548,15.8454],[99.25493,15.84624],[99.25548,15.84679],[99.25521,15.84735],[99.25632,15.84818]]},"id":"branch_1121254_009"},{"type":"Feature","properties":{"feature_type":"rainfall_drainage_branch","from_station_id":"1121254","branch_length_km":2.82,"flow_acc_cells":515,"branch_cells":82,"river_merge":false,"branch_index":10},"geometry":{"type":"LineString","coordinates":[[99.23798,15.84401],[99.23743,15.84235],[99.23854,15.84068],[99.23826,15.83901],[99.24187,15.83846],[99.24354,15.83457],[99.24576,15.83429],[99.24687,15.83624],[99.25021,15.83679],[99.25132,15.83818],[99.25104,15.83929]]},"id":"branch_1121254_010"},{"type":"Feature","properties":{"feature_type":"rainfall_drainage_branch","from_station_id":"1121254","branch_length_km":1.13,"flow_acc_cells":502,"branch_cells":32,"river_merge":false,"branch_index":11},"geometry":{"type":"LineString","coordinates":[[99.23659,15.83318],[99.23882,15.83096],[99.24076,15.83151],[99.24215,15.83401],[99.24354,15.83457]]},"id":"branch_1121254_011"},{"type":"Feature","properties":{"feature_type":"rainfall_drainage_branch","from_station_id":"1121254","branch_length_km":3.1,"flow_acc_cells":765,"branch_cells":84,"river_merge":false,"branch_index":12},"geometry":{"type":"LineString","coordinates":[[99.23382,15.80957],[99.23326,15.81151],[99.23354,15.81263],[99.23271,15.81401],[99.23326,15.81513],[99.23298,15.81596],[99.23382,15.81735],[99.23382,15.82124],[99.23465,15.82235],[99.23409,15.82429],[99.23659,15.82707],[99.23548,15.82818],[99.23576,15.82957],[99.23798,15.83151]]},"id":"branch_1121254_012"},{"type":"Feature","properties":{"feature_type":"rainfall_drainage_branch","from_station_id":"1121254","branch_length_km":2.24,"flow_acc_cells":516,"branch_cells":60,"river_merge":false,"branch_index":13},"geometry":{"type":"LineString","coordinates":[[99.22437,15.81679],[99.22715,15.81818],[99.22687,15.81874],[99.22798,15.82151],[99.23076,15.82401],[99.23104,15.82596],[99.23465,15.82985],[99.23604,15.82985]]},"id":"branch_1121254_013"},{"type":"Feature","properties":{"feature_type":"rainfall_drainage_branch","from_station_id":"1121254","branch_length_km":2.32,"flow_acc_cells":590,"branch_cells":61,"river_merge":false,"branch_index":14},"geometry":{"type":"LineString","coordinates":[[99.21798,15.82179],[99.21909,15.82263],[99.22048,15.82651],[99.22437,15.83068],[99.22632,15.82874],[99.22743,15.82901],[99.22937,15.82846],[99.23159,15.82651]]},"id":"branch_1121254_014"},{"type":"Feature","properties":{"feature_type":"rainfall_drainage_branch","from_station_id":"1121254","branch_length_km":3.48,"flow_acc_cells":601,"branch_cells":94,"river_merge":false,"branch_index":15},"geometry":{"type":"LineString","coordinates":[[99.22104,15.85624],[99.22271,15.85485],[99.22271,15.85401],[99.22187,15.85263],[99.22215,15.85151],[99.22048,15.84818],[99.22159,15.84624],[99.22132,15.8454],[99.22354,15.84179],[99.22298,15.84013],[99.22465,15.83763],[99.22382,15.83513],[99.22493,15.83374],[99.22521,15.83151],[99.22437,15.83068]]},"id":"branch_1121254_015"},{"type":"Feature","properties":{"feature_type":"rainfall_drainage_branch","from_station_id":"1121254","branch_length_km":1.8,"flow_acc_cells":526,"branch_cells":51,"river_merge":false,"branch_index":16},"geometry":{"type":"LineString","coordinates":[[99.21604,15.83818],[99.21743,15.83513],[99.21659,15.83401],[99.21771,15.8329],[99.22021,15.8329],[99.22048,15.83068],[99.22187,15.83124],[99.22437,15.83068]]},"id":"branch_1121254_016"},{"type":"Feature","properties":{"feature_type":"rainfall_drainage_branch","from_station_id":"1121254","branch_length_km":1.63,"flow_acc_cells":552,"branch_cells":43,"river_merge":false,"branch_index":17},"geometry":{"type":"LineString","coordinates":[[99.24215,15.81929],[99.24021,15.82124],[99.24021,15.82207],[99.23826,15.82374],[99.23965,15.8254],[99.23882,15.82846],[99.23715,15.8304]]},"id":"branch_1121254_017"},{"type":"Feature","properties":{"feature_type":"rainfall_drainage_branch","from_station_id":"1121254","branch_length_km":4.73,"flow_acc_cells":506,"branch_cells":126,"river_merge":false,"branch_index":18},"geometry":{"type":"LineString","coordinates":[[99.25326,15.81374],[99.25409,15.8129],[99.25521,15.81318],[99.25465,15.81429],[99.25521,15.81513],[99.25382,15.81651],[99.25465,15.81735],[99.25382,15.82179],[99.25493,15.82346],[99.25409,15.82485],[99.25576,15.82707],[99.25354,15.82846],[99.25409,15.83124],[99.25659,15.83374],[99.25632,15.83457],[99.25687,15.83513],[99.25521,15.83818],[99.25576,15.83874],[99.25493,15.84374],[99.25548,15.84429],[99.25521,15.84513]]},"id":"branch_1121254_018"},{"type":"Feature","properties":{"feature_type":"rainfall_drainage_branch","from_station_id":"1121254","branch_length_km":1.86,"flow_acc_cells":507,"branch_cells":53,"river_merge":false,"branch_index":19},"geometry":{"type":"LineString","coordinates":[[99.24604,15.80651],[99.24798,15.80513],[99.25159,15.80513],[99.25326,15.80596],[99.25521,15.80901],[99.25521,15.81318]]},"id":"branch_1121254_019"},{"type":"Feature","properties":{"feature_type":"rainfall_drainage_branch","from_station_id":"1121254","branch_length_km":2.29,"flow_acc_cells":506,"branch_cells":65,"river_merge":false,"branch_index":20},"geometry":{"type":"LineString","coordinates":[[99.26993,15.81568],[99.26993,15.81735],[99.26715,15.81929],[99.26382,15.81846],[99.26076,15.81929],[99.25632,15.81929],[99.25382,15.82151]]},"id":"branch_1121254_020"},{"type":"Feature","properties":{"feature_type":"rainfall_drainage_branch","from_station_id":"1121254","branch_length_km":1.59,"flow_acc_cells":555,"branch_cells":45,"river_merge":false,"branch_index":21},"geometry":{"type":"LineString","coordinates":[[99.25243,15.86151],[99.25437,15.8604],[99.25632,15.86096],[99.25687,15.85818],[99.25798,15.85707],[99.25909,15.85707],[99.26021,15.85596],[99.26104,15.85596],[99.26243,15.85457]]},"id":"branch_1121254_021"},{"type":"Feature","properties":{"feature_type":"rainfall_drainage_branch","from_station_id":"1121254","branch_length_km":1.39,"flow_acc_cells":500,"branch_cells":40,"river_merge":false,"branch_index":22},"geometry":{"type":"LineString","coordinates":[[99.26298,15.86763],[99.26243,15.86679],[99.26298,15.86124],[99.26632,15.86013],[99.26743,15.85901]]},"id":"branch_1121254_022"},{"type":"Feature","properties":{"feature_type":"rainfall_drainage_branch","from_station_id":"1121254","branch_length_km":1.21,"flow_acc_cells":508,"branch_cells":32,"river_merge":false,"branch_index":23},"geometry":{"type":"LineString","coordinates":[[99.30465,15.86901],[99.30437,15.86985],[99.30548,15.87235],[99.30159,15.87763]]},"id":"branch_1121254_023"},{"type":"Feature","properties":{"feature_type":"rainfall_drainage_branch","from_station_id":"1100961","branch_length_km":1.89,"flow_acc_cells":614,"branch_cells":51,"river_merge":false,"branch_index":1},"geometry":{"type":"LineString","coordinates":[[99.37632,15.9004],[99.38104,15.90624],[99.38493,15.90735],[99.38659,15.90929],[99.38826,15.90957]]},"id":"branch_1100961_001"},{"type":"Feature","properties":{"feature_type":"rainfall_drainage_branch","from_station_id":"1649","branch_length_km":1.77,"flow_acc_cells":597,"branch_cells":50,"river_merge":false,"branch_index":1},"geometry":{"type":"LineString","coordinates":[[99.48798,15.73707],[99.48437,15.73763],[99.48243,15.73624],[99.47909,15.73707],[99.47826,15.73624],[99.47771,15.73651],[99.47493,15.73318]]},"id":"branch_1649_001"},{"type":"Feature","properties":{"feature_type":"rainfall_drainage_branch","from_station_id":"1649","branch_length_km":1.47,"flow_acc_cells":504,"branch_cells":38,"river_merge":false,"branch_index":2},"geometry":{"type":"LineString","coordinates":[[99.48271,15.7454],[99.48159,15.7454],[99.47826,15.74235],[99.47659,15.74151],[99.47326,15.73735]]},"id":"branch_1649_002"},{"type":"Feature","properties":{"feature_type":"rainfall_drainage_branch","from_station_id":"1649","branch_length_km":2.07,"flow_acc_cells":534,"branch_cells":60,"river_merge":false,"branch_index":3},"geometry":{"type":"LineString","coordinates":[[99.48743,15.7504],[99.48659,15.75013],[99.48521,15.75096],[99.48104,15.7504],[99.47937,15.74846],[99.47715,15.74818],[99.47659,15.74707],[99.47326,15.74874],[99.47187,15.7479]]},"id":"branch_1649_003"},{"type":"Feature","properties":{"feature_type":"rainfall_drainage_branch","from_station_id":"1649","branch_length_km":2.76,"flow_acc_cells":502,"branch_cells":75,"river_merge":false,"branch_index":4},"geometry":{"type":"LineString","coordinates":[[99.48659,15.76068],[99.48326,15.76346],[99.48048,15.76263],[99.47937,15.7629],[99.47798,15.76429],[99.47632,15.76374],[99.47521,15.76401],[99.47382,15.76318],[99.46993,15.76374],[99.46604,15.76096]]},"id":"branch_1649_004"},{"type":"Feature","properties":{"feature_type":"rainfall_drainage_branch","from_station_id":"1649","branch_length_km":1.82,"flow_acc_cells":591,"branch_cells":53,"river_merge":false,"branch_index":5},"geometry":{"type":"LineString","coordinates":[[99.49298,15.76624],[99.48854,15.76679],[99.48743,15.76596],[99.48576,15.76596],[99.48493,15.76679],[99.48409,15.76679],[99.48187,15.76596],[99.48132,15.76624],[99.47854,15.76374]]},"id":"branch_1649_005"},{"type":"Feature","properties":{"feature_type":"rainfall_drainage_branch","from_station_id":"1649","branch_length_km":3.77,"flow_acc_cells":528,"branch_cells":105,"river_merge":false,"branch_index":6},"geometry":{"type":"LineString","coordinates":[[99.48826,15.7754],[99.48687,15.77624],[99.48215,15.77568],[99.48076,15.77679],[99.47965,15.77679],[99.47771,15.77568],[99.47548,15.77651],[99.47465,15.77624],[99.47409,15.77679],[99.47187,15.77651],[99.46937,15.77401],[99.46826,15.77401],[99.46771,15.77346],[99.46854,15.77207],[99.46743,15.77068],[99.46771,15.7679],[99.46715,15.76707],[99.46826,15.7654]]},"id":"branch_1649_006"},{"type":"Feature","properties":{"feature_type":"rainfall_drainage_branch","from_station_id":"1649","branch_length_km":1.24,"flow_acc_cells":525,"branch_cells":33,"river_merge":false,"branch_index":7},"geometry":{"type":"LineString","coordinates":[[99.48965,15.78124],[99.48798,15.77957],[99.48521,15.77957],[99.48437,15.78013],[99.48076,15.77679]]},"id":"branch_1649_007"},{"type":"Feature","properties":{"feature_type":"rainfall_drainage_branch","from_station_id":"1649","branch_length_km":3.05,"flow_acc_cells":682,"branch_cells":80,"river_merge":false,"branch_index":8},"geometry":{"type":"LineString","coordinates":[[99.48159,15.78735],[99.47937,15.78735],[99.47548,15.78318],[99.47271,15.78263],[99.47048,15.77985],[99.46965,15.78013],[99.46826,15.77929],[99.46548,15.77707],[99.46548,15.77624],[99.46159,15.77346]]},"id":"branch_1649_008"},{"type":"Feature","properties":{"feature_type":"rainfall_drainage_branch","from_station_id":"1649","branch_length_km":2.97,"flow_acc_cells":503,"branch_cells":78,"river_merge":false,"branch_index":9},"geometry":{"type":"LineString","coordinates":[[99.47854,15.79235],[99.47715,15.79207],[99.47659,15.79124],[99.47576,15.79179],[99.47465,15.79068],[99.47215,15.78929],[99.47104,15.78929],[99.46937,15.7879],[99.46687,15.78735],[99.46437,15.78401],[99.46437,15.78235],[99.45993,15.77818]]},"id":"branch_1649_009"},{"type":"Feature","properties":{"feature_type":"rainfall_drainage_branch","from_station_id":"1649","branch_length_km":1.58,"flow_acc_cells":501,"branch_cells":42,"river_merge":false,"branch_index":10},"geometry":{"type":"LineString","coordinates":[[99.45132,15.78401],[99.45271,15.78179],[99.45243,15.78124],[99.45465,15.77957],[99.45493,15.7779],[99.45687,15.7779],[99.45882,15.77985],[99.45965,15.77901]]},"id":"branch_1649_010"},{"type":"Feature","properties":{"feature_type":"rainfall_drainage_branch","from_station_id":"1649","branch_length_km":1.68,"flow_acc_cells":696,"branch_cells":47,"river_merge":false,"branch_index":11},"geometry":{"type":"LineString","coordinates":[[99.46298,15.79707],[99.46493,15.79374],[99.46465,15.79151],[99.46326,15.78985],[99.46021,15.78985],[99.45826,15.78846],[99.45854,15.7879]]},"id":"branch_1649_011"},{"type":"Feature","properties":{"feature_type":"rainfall_drainage_branch","from_station_id":"1649","branch_length_km":4.82,"flow_acc_cells":503,"branch_cells":131,"river_merge":false,"branch_index":12},"geometry":{"type":"MultiLineString","coordinates":[[[99.47576,15.7979],[99.47521,15.79929],[99.47548,15.8004],[99.47187,15.80346],[99.47048,15.80374],[99.46965,15.80485],[99.46687,15.80457],[99.46521,15.80513]],[[99.45909,15.80429],[99.45437,15.80013],[99.45465,15.79901],[99.45409,15.79846],[99.45437,15.79624],[99.45493,15.79568],[99.45493,15.7929],[99.45771,15.7904],[99.45743,15.78985],[99.45854,15.78874]]]},"id":"branch_1649_012"},{"type":"Feature","properties":{"feature_type":"rainfall_drainage_branch","from_station_id":"1649","branch_length_km":1.49,"flow_acc_cells":624,"branch_cells":39,"river_merge":false,"branch_index":13},"geometry":{"type":"LineString","coordinates":[[99.47521,15.81263],[99.47215,15.80985],[99.47048,15.80707],[99.46937,15.80651],[99.46882,15.80679],[99.46576,15.80513]]},"id":"branch_1649_013"},{"type":"Feature","properties":{"feature_type":"rainfall_drainage_branch","from_station_id":"501246","branch_length_km":9.39,"flow_acc_cells":515,"branch_cells":254,"river_merge":false,"branch_index":1},"geometry":{"type":"LineString","coordinates":[[99.44909,15.81013],[99.44909,15.81124],[99.44826,15.81263],[99.44854,15.81346],[99.44771,15.81485],[99.44771,15.81679],[99.44632,15.81957],[99.44632,15.82068],[99.44326,15.82374],[99.44382,15.82457],[99.44132,15.82846],[99.44076,15.8304],[99.44132,15.83263],[99.44104,15.83457],[99.44243,15.83651],[99.44076,15.83874],[99.44104,15.84096],[99.44048,15.84151],[99.44187,15.84318],[99.44104,15.84457],[99.44132,15.84679],[99.44271,15.84818],[99.44243,15.85096],[99.44187,15.85179],[99.44215,15.85374],[99.44159,15.85457],[99.44215,15.85513],[99.44243,15.85707],[99.44187,15.85763],[99.44159,15.85985],[99.44243,15.86374],[99.44326,15.86374],[99.44437,15.86485],[99.44465,15.86624],[99.44326,15.86985],[99.44409,15.87068],[99.44382,15.87124],[99.44437,15.87235],[99.44382,15.87318],[99.44382,15.87596],[99.44187,15.87735],[99.44104,15.87707],[99.44048,15.8779]]},"id":"branch_501246_001"},{"type":"Feature","properties":{"feature_type":"rainfall_drainage_branch","from_station_id":"501246","branch_length_km":7.23,"flow_acc_cells":829,"branch_cells":195,"river_merge":false,"branch_index":2},"geometry":{"type":"LineString","coordinates":[[99.32021,15.79457],[99.32354,15.79401],[99.32576,15.79679],[99.32715,15.79707],[99.32909,15.79596],[99.33076,15.79818],[99.33298,15.79846],[99.33382,15.79929],[99.33548,15.79929],[99.33632,15.80068],[99.33465,15.80235],[99.33465,15.80346],[99.33604,15.80651],[99.34048,15.80763],[99.34243,15.81013],[99.34382,15.80985],[99.34604,15.81346],[99.34798,15.81485],[99.34798,15.81596],[99.34993,15.81763],[99.35048,15.81707],[99.35021,15.81651],[99.35187,15.81485],[99.35298,15.81485],[99.35465,15.81318],[99.35854,15.81346],[99.36132,15.8104]]},"id":"branch_501246_002"},{"type":"Feature","properties":{"feature_type":"rainfall_drainage_branch","from_station_id":"501246","branch_length_km":5.88,"flow_acc_cells":797,"branch_cells":157,"river_merge":false,"branch_index":3},"geometry":{"type":"LineString","coordinates":[[99.42798,15.82957],[99.43132,15.83485],[99.43354,15.83679],[99.43409,15.83929],[99.43548,15.8404],[99.43576,15.84013],[99.43659,15.84124],[99.43576,15.84318],[99.43632,15.84818],[99.43521,15.84929],[99.43632,15.85068],[99.43548,15.85151],[99.43493,15.85346],[99.43576,15.85457],[99.43687,15.85457],[99.43715,15.85624],[99.43659,15.85679],[99.43659,15.85818],[99.43715,15.85874],[99.43632,15.85985],[99.43743,15.86096],[99.43687,15.86207],[99.43854,15.86346],[99.43909,15.8654],[99.43826,15.86624],[99.43854,15.86679],[99.43659,15.86874],[99.43715,15.87013]]},"id":"branch_501246_003"},{"type":"Feature","properties":{"feature_type":"rainfall_drainage_branch","from_station_id":"501246","branch_length_km":4.96,"flow_acc_cells":558,"branch_cells":132,"river_merge":false,"branch_index":4},"geometry":{"type":"LineString","coordinates":[[99.36826,15.78651],[99.37104,15.79374],[99.37326,15.79429],[99.37465,15.7954],[99.37576,15.7954],[99.37743,15.79707],[99.38048,15.79679],[99.38271,15.79818],[99.38576,15.80151],[99.38687,15.80151],[99.39104,15.80568],[99.39159,15.80513],[99.39298,15.8054],[99.39409,15.80651],[99.39326,15.80763],[99.39326,15.80901],[99.39465,15.8104],[99.39465,15.81235]]},"id":"branch_501246_004"},{"type":"Feature","properties":{"feature_type":"rainfall_drainage_branch","from_station_id":"501246","branch_length_km":4.53,"flow_acc_cells":783,"branch_cells":122,"river_merge":false,"branch_index":5},"geometry":{"type":"LineString","coordinates":[[99.34021,15.7804],[99.34493,15.78151],[99.34659,15.78013],[99.34715,15.78068],[99.34882,15.78068],[99.34965,15.78151],[99.35187,15.78151],[99.35243,15.78318],[99.35493,15.78596],[99.35604,15.78596],[99.36021,15.78957],[99.36187,15.78874],[99.36521,15.78874],[99.36743,15.79068],[99.36854,15.79318],[99.37076,15.79346]]},"id":"branch_501246_005"},{"type":"Feature","properties":{"feature_type":"rainfall_drainage_branch","from_station_id":"501246","branch_length_km":4.48,"flow_acc_cells":506,"branch_cells":118,"river_merge":false,"branch_index":6},"geometry":{"type":"LineString","coordinates":[[99.35493,15.80596],[99.35965,15.8104],[99.36187,15.8104],[99.36632,15.81346],[99.36882,15.8129],[99.36993,15.81318],[99.37048,15.81263],[99.37104,15.8129],[99.37243,15.81235],[99.37409,15.81374],[99.37576,15.81374],[99.37798,15.8154],[99.38104,15.81901],[99.38187,15.81901],[99.38437,15.82124],[99.38659,15.82013]]},"id":"branch_501246_006"},{"type":"Feature","properties":{"feature_type":"rainfall_drainage_branch","from_station_id":"501246","branch_length_km":4.42,"flow_acc_cells":500,"branch_cells":115,"river_merge":false,"branch_index":7},"geometry":{"type":"LineString","coordinates":[[99.40382,15.8404],[99.40771,15.84124],[99.41243,15.83707],[99.41382,15.83679],[99.41604,15.83901],[99.41493,15.84151],[99.41548,15.84235],[99.41771,15.84401],[99.42159,15.84846],[99.42382,15.84957],[99.42659,15.85235],[99.42798,15.85151],[99.43048,15.85263]]},"id":"branch_501246_007"},{"type":"Feature","properties":{"feature_type":"rainfall_drainage_branch","from_station_id":"501246","branch_length_km":4.31,"flow_acc_cells":534,"branch_cells":117,"river_merge":false,"branch_index":8},"geometry":{"type":"LineString","coordinates":[[99.38993,15.84957],[99.39215,15.8504],[99.39326,15.85429],[99.39465,15.85457],[99.39576,15.85568],[99.39604,15.85818],[99.39937,15.86068],[99.39909,15.86318],[99.39965,15.86401],[99.40132,15.86568],[99.40187,15.8654],[99.40493,15.8679],[99.40659,15.87179],[99.40743,15.87235],[99.40687,15.87374],[99.40743,15.87624],[99.40798,15.87651]]},"id":"branch_501246_008"},{"type":"Feature","properties":{"feature_type":"rainfall_drainage_branch","from_station_id":"501246","branch_length_km":4.23,"flow_acc_cells":547,"branch_cells":113,"river_merge":false,"branch_index":9},"geometry":{"type":"LineString","coordinates":[[99.42409,15.77679],[99.42576,15.77763],[99.42715,15.77735],[99.42882,15.77874],[99.42909,15.77846],[99.43021,15.78124],[99.43243,15.78263],[99.43493,15.78624],[99.43798,15.78707],[99.43909,15.78818],[99.43937,15.79151],[99.43465,15.79707],[99.43632,15.79929],[99.43632,15.80124]]},"id":"branch_501246_009"},{"type":"Feature","properties":{"feature_type":"rainfall_drainage_branch","from_station_id":"501246","branch_length_km":3.97,"flow_acc_cells":729,"branch_cells":108,"river_merge":false,"branch_index":10},"geometry":{"type":"LineString","coordinates":[[99.38659,15.86374],[99.38771,15.86401],[99.39215,15.86846],[99.39215,15.86957],[99.39326,15.87096],[99.39437,15.87124],[99.39493,15.87068],[99.39743,15.87263],[99.39854,15.87429],[99.40048,15.87429],[99.40382,15.87651],[99.40576,15.87624],[99.40743,15.87707],[99.40854,15.87651],[99.40937,15.87735],[99.41298,15.87679],[99.41437,15.87735]]},"id":"branch_501246_010"},{"type":"Feature","properties":{"feature_type":"rainfall_drainage_branch","from_station_id":"501246","branch_length_km":3.85,"flow_acc_cells":528,"branch_cells":103,"river_merge":false,"branch_index":11},"geometry":{"type":"LineString","coordinates":[[99.41521,15.87374],[99.41354,15.87596],[99.41465,15.87763],[99.41576,15.87818],[99.41659,15.8779],[99.41826,15.87901],[99.41965,15.87874],[99.42215,15.87957],[99.42465,15.87846],[99.42882,15.8829],[99.43076,15.88374],[99.43215,15.88513],[99.43465,15.88485],[99.43576,15.88624],[99.43771,15.88568],[99.43854,15.88596]]},"id":"branch_501246_011"},{"type":"Feature","properties":{"feature_type":"rainfall_drainage_branch","from_station_id":"501246","branch_length_km":3.79,"flow_acc_cells":506,"branch_cells":104,"river_merge":false,"branch_index":12},"geometry":{"type":"LineString","coordinates":[[99.46882,15.8304],[99.46743,15.82957],[99.46159,15.82985],[99.45909,15.82874],[99.45743,15.82901],[99.45548,15.8304],[99.45298,15.82957],[99.45076,15.82985],[99.44159,15.83874],[99.44104,15.83985]]},"id":"branch_501246_012"},{"type":"Feature","properties":{"feature_type":"rainfall_drainage_branch","from_station_id":"501246","branch_length_km":3.74,"flow_acc_cells":508,"branch_cells":102,"river_merge":false,"branch_index":13},"geometry":{"type":"LineString","coordinates":[[99.46909,15.82346],[99.46604,15.82235],[99.46382,15.82374],[99.46187,15.82346],[99.46076,15.82401],[99.46021,15.82346],[99.45798,15.82346],[99.45659,15.82429],[99.45548,15.82401],[99.45465,15.82485],[99.45243,15.82457],[99.44826,15.82818],[99.44576,15.82846],[99.44409,15.82957],[99.44132,15.83263]]},"id":"branch_501246_013"},{"type":"Feature","properties":{"feature_type":"rainfall_drainage_branch","from_station_id":"501246","branch_length_km":3.51,"flow_acc_cells":506,"branch_cells":94,"river_merge":false,"branch_index":14},"geometry":{"type":"LineString","coordinates":[[99.42048,15.81401],[99.42271,15.81374],[99.42687,15.81707],[99.43048,15.81513],[99.43159,15.81513],[99.43548,15.81707],[99.43604,15.8179],[99.43576,15.81985],[99.43632,15.82179],[99.43465,15.82429],[99.43465,15.82513],[99.43215,15.8279]]},"id":"branch_501246_014"},{"type":"Feature","properties":{"feature_type":"rainfall_drainage_branch","from_station_id":"501246","branch_length_km":3.39,"flow_acc_cells":507,"branch_cells":96,"river_merge":false,"branch_index":15},"geometry":{"type":"LineString","coordinates":[[99.46632,15.83929],[99.46409,15.83929],[99.46076,15.83818],[99.45909,15.84013],[99.45521,15.84013],[99.45409,15.84124],[99.45326,15.84096],[99.45243,15.84263],[99.45048,15.84235],[99.44854,15.84318],[99.44715,15.84235],[99.44604,15.84346],[99.44521,15.84318],[99.44409,15.84401],[99.44354,15.84374],[99.44132,15.8454]]},"id":"branch_501246_015"},{"type":"Feature","properties":{"feature_type":"rainfall_drainage_branch","from_station_id":"501246","branch_length_km":3.32,"flow_acc_cells":711,"branch_cells":92,"river_merge":false,"branch_index":16},"geometry":{"type":"LineString","coordinates":[[99.36159,15.80068],[99.36298,15.80013],[99.36521,15.80151],[99.36771,15.80124],[99.37021,15.80429],[99.37021,15.80818],[99.37076,15.80874],[99.37409,15.80874],[99.37493,15.81068],[99.37632,15.81207],[99.37687,15.81401],[99.37965,15.81707]]},"id":"branch_501246_016"},{"type":"Feature","properties":{"feature_type":"rainfall_drainage_branch","from_station_id":"501246","branch_length_km":3.29,"flow_acc_cells":507,"branch_cells":88,"river_merge":false,"branch_index":17},"geometry":{"type":"LineString","coordinates":[[99.37993,15.83124],[99.38215,15.82707],[99.38215,15.8254],[99.38659,15.82013],[99.38854,15.82124],[99.38993,15.8204],[99.39076,15.82068],[99.39271,15.81929],[99.39632,15.81957],[99.39854,15.81874],[99.39965,15.81901]]},"id":"branch_501246_017"},{"type":"Feature","properties":{"feature_type":"rainfall_drainage_branch","from_station_id":"501246","branch_length_km":3.15,"flow_acc_cells":564,"branch_cells":85,"river_merge":false,"branch_index":18},"geometry":{"type":"LineString","coordinates":[[99.37965,15.7904],[99.38076,15.79068],[99.38243,15.79013],[99.38437,15.78874],[99.38937,15.7929],[99.39021,15.7954],[99.38882,15.79874],[99.39048,15.80124],[99.39076,15.80263],[99.39354,15.80513],[99.39382,15.80624]]},"id":"branch_501246_018"},{"type":"Feature","properties":{"feature_type":"rainfall_drainage_branch","from_station_id":"501246","branch_length_km":2.96,"flow_acc_cells":501,"branch_cells":77,"river_merge":false,"branch_index":19},"geometry":{"type":"LineString","coordinates":[[99.38632,15.80929],[99.38965,15.81124],[99.39271,15.81068],[99.39521,15.8129],[99.39521,15.81513],[99.39743,15.81735],[99.40215,15.82151],[99.40298,15.82124],[99.40493,15.82263]]},"id":"branch_501246_019"},{"type":"Feature","properties":{"feature_type":"rainfall_drainage_branch","from_station_id":"501246","branch_length_km":2.93,"flow_acc_cells":539,"branch_cells":78,"river_merge":false,"branch_index":20},"geometry":{"type":"LineString","coordinates":[[99.40465,15.80568],[99.40437,15.80624],[99.40493,15.80679],[99.40437,15.80735],[99.40632,15.80901],[99.40632,15.80985],[99.40493,15.81179],[99.40465,15.81457],[99.40271,15.81651],[99.40548,15.82124],[99.40493,15.82235],[99.40548,15.82318],[99.40465,15.82457],[99.40576,15.82596],[99.40548,15.82679]]},"id":"branch_501246_020"},{"type":"Feature","properties":{"feature_type":"rainfall_drainage_branch","from_station_id":"501246","branch_length_km":2.8,"flow_acc_cells":700,"branch_cells":76,"river_merge":false,"branch_index":21},"geometry":{"type":"LineString","coordinates":[[99.45854,15.80957],[99.45687,15.81096],[99.45576,15.81068],[99.45465,15.81151],[99.45465,15.81263],[99.45326,15.81429],[99.45354,15.8154],[99.45187,15.8179],[99.45215,15.81957],[99.45159,15.82013],[99.45021,15.81985],[99.44854,15.82179],[99.44632,15.82179],[99.44382,15.82457]]},"id":"branch_501246_021"},{"type":"Feature","properties":{"feature_type":"rainfall_drainage_branch","from_station_id":"501246","branch_length_km":2.74,"flow_acc_cells":501,"branch_cells":74,"river_merge":false,"branch_index":22},"geometry":{"type":"LineString","coordinates":[[99.43659,15.80096],[99.43659,15.80263],[99.43715,15.80318],[99.43659,15.80374],[99.43687,15.80485],[99.43798,15.80679],[99.44048,15.80901],[99.44048,15.81013],[99.44159,15.81124],[99.44187,15.81374],[99.43909,15.81763],[99.43826,15.8179],[99.43771,15.81735],[99.43604,15.81818]]},"id":"branch_501246_022"},{"type":"Feature","properties":{"feature_type":"rainfall_drainage_branch","from_station_id":"501246","branch_length_km":2.57,"flow_acc_cells":512,"branch_cells":69,"river_merge":false,"branch_index":23},"geometry":{"type":"LineString","coordinates":[[99.46048,15.84624],[99.45937,15.84596],[99.45743,15.84735],[99.45604,15.84735],[99.45382,15.84568],[99.45159,15.84596],[99.44937,15.84735],[99.44604,15.85096],[99.44187,15.85429]]},"id":"branch_501246_023"},{"type":"Feature","properties":{"feature_type":"rainfall_drainage_branch","from_station_id":"501246","branch_length_km":2.56,"flow_acc_cells":623,"branch_cells":67,"river_merge":false,"branch_index":24},"geometry":{"type":"LineString","coordinates":[[99.40409,15.83263],[99.40437,15.83096],[99.40521,15.82985],[99.40493,15.82929],[99.40604,15.8279],[99.40743,15.82901],[99.40937,15.82901],[99.41159,15.83096],[99.41187,15.83207],[99.41298,15.83318],[99.41326,15.8329],[99.41409,15.83429],[99.41465,15.83401],[99.41521,15.83457],[99.41493,15.83513],[99.41576,15.83624],[99.41437,15.83735]]},"id":"branch_501246_024"},{"type":"Feature","properties":{"feature_type":"rainfall_drainage_branch","from_station_id":"501246","branch_length_km":2.48,"flow_acc_cells":501,"branch_cells":66,"river_merge":false,"branch_index":25},"geometry":{"type":"LineString","coordinates":[[99.42382,15.79679],[99.42409,15.79874],[99.42687,15.80124],[99.42687,15.80235],[99.42798,15.80374],[99.42743,15.80457],[99.42771,15.8054],[99.42909,15.80735],[99.42965,15.80735],[99.42882,15.8104],[99.42548,15.81263]]},"id":"branch_501246_025"},{"type":"Feature","properties":{"feature_type":"rainfall_drainage_branch","from_station_id":"501246","branch_length_km":2.41,"flow_acc_cells":508,"branch_cells":66,"river_merge":false,"branch_index":26},"geometry":{"type":"LineString","coordinates":[[99.37854,15.78374],[99.38132,15.78374],[99.38243,15.78263],[99.38354,15.78318],[99.38576,15.7829],[99.38687,15.78374],[99.38715,15.78346],[99.38798,15.78429],[99.38743,15.78568],[99.38854,15.78679],[99.38798,15.78735],[99.38854,15.78846],[99.38798,15.79068],[99.38937,15.7929]]},"id":"branch_501246_026"},{"type":"Feature","properties":{"feature_type":"rainfall_drainage_branch","from_station_id":"501246","branch_length_km":2.3,"flow_acc_cells":505,"branch_cells":61,"river_merge":false,"branch_index":27},"geometry":{"type":"LineString","coordinates":[[99.42354,15.86846],[99.42576,15.86901],[99.43048,15.87318],[99.43187,15.87374],[99.43271,15.87568],[99.43465,15.87763],[99.43743,15.87763],[99.43854,15.87707],[99.43909,15.87763]]},"id":"branch_501246_027"},{"type":"Feature","properties":{"feature_type":"rainfall_drainage_branch","from_station_id":"501246","branch_length_km":2.23,"flow_acc_cells":514,"branch_cells":62,"river_merge":false,"branch_index":28},"geometry":{"type":"LineString","coordinates":[[99.37937,15.84707],[99.38159,15.84901],[99.38298,15.85346],[99.38409,15.85401],[99.38659,15.85401],[99.38743,15.85346],[99.38909,15.85485],[99.39104,15.8554],[99.39187,15.8554],[99.39326,15.85429]]},"id":"branch_501246_028"},{"type":"Feature","properties":{"feature_type":"rainfall_drainage_branch","from_station_id":"501246","branch_length_km":2.2,"flow_acc_cells":504,"branch_cells":60,"river_merge":false,"branch_index":29},"geometry":{"type":"LineString","coordinates":[[99.41659,15.80568],[99.41771,15.80624],[99.41882,15.80596],[99.41993,15.80707],[99.42132,15.80651],[99.42409,15.80874],[99.42382,15.80929],[99.42576,15.81068],[99.42548,15.81346],[99.42604,15.81596],[99.42715,15.81679]]},"id":"branch_501246_029"},{"type":"Feature","properties":{"feature_type":"rainfall_drainage_branch","from_station_id":"501246","branch_length_km":2.16,"flow_acc_cells":559,"branch_cells":60,"river_merge":false,"branch_index":30},"geometry":{"type":"LineString","coordinates":[[99.46854,15.81735],[99.46659,15.81651],[99.46465,15.81763],[99.46271,15.81651],[99.45909,15.81624],[99.45715,15.81429],[99.45632,15.81429],[99.45548,15.81513],[99.45465,15.81513],[99.45215,15.81763]]},"id":"branch_501246_030"},{"type":"Feature","properties":{"feature_type":"rainfall_drainage_branch","from_station_id":"1650","branch_length_km":2.65,"flow_acc_cells":851,"branch_cells":75,"river_merge":false,"branch_index":1},"geometry":{"type":"LineString","coordinates":[[99.37076,15.88874],[99.37076,15.88707],[99.37382,15.88513],[99.37493,15.88568],[99.37604,15.8854],[99.37826,15.88874],[99.38048,15.88929],[99.38243,15.88901],[99.38493,15.88735],[99.38854,15.88763]]},"id":"branch_1650_001"},{"type":"Feature","properties":{"feature_type":"rainfall_drainage_branch","from_station_id":"1650","branch_length_km":2.26,"flow_acc_cells":514,"branch_cells":64,"river_merge":false,"branch_index":2},"geometry":{"type":"LineString","coordinates":[[99.37493,15.86624],[99.37493,15.87124],[99.37659,15.87318],[99.37771,15.87318],[99.37937,15.87457],[99.38076,15.87763],[99.38104,15.87985],[99.38271,15.88235]]},"id":"branch_1650_002"},{"type":"Feature","properties":{"feature_type":"rainfall_drainage_branch","from_station_id":"1650","branch_length_km":1.18,"flow_acc_cells":506,"branch_cells":33,"river_merge":false,"branch_index":3},"geometry":{"type":"LineString","coordinates":[[99.36743,15.88124],[99.36826,15.8804],[99.36826,15.87929],[99.36993,15.87846],[99.37521,15.88096]]},"id":"branch_1650_003"},{"type":"Feature","properties":{"feature_type":"rainfall_drainage_branch","from_station_id":"1650","branch_length_km":6.3,"flow_acc_cells":723,"branch_cells":167,"river_merge":false,"branch_index":4},"geometry":{"type":"LineString","coordinates":[[99.33132,15.86957],[99.33215,15.86874],[99.33409,15.86929],[99.33521,15.86818],[99.33715,15.86846],[99.33771,15.8679],[99.34215,15.8679],[99.34437,15.86596],[99.34576,15.86596],[99.34965,15.86818],[99.35159,15.86679],[99.35298,15.86763],[99.35493,15.86707],[99.35548,15.86818],[99.35521,15.86957],[99.35576,15.87013],[99.35548,15.87096],[99.35743,15.8729],[99.35854,15.87263],[99.35993,15.87374],[99.36076,15.87485],[99.36021,15.87596],[99.36048,15.87651],[99.36132,15.87568],[99.36326,15.8754],[99.36465,15.87679],[99.36548,15.87651],[99.36632,15.87707],[99.36965,15.87457],[99.37159,15.87568]]},"id":"branch_1650_004"},{"type":"Feature","properties":{"feature_type":"rainfall_drainage_branch","from_station_id":"1650","branch_length_km":5.01,"flow_acc_cells":515,"branch_cells":130,"river_merge":false,"branch_index":5},"geometry":{"type":"LineString","coordinates":[[99.31937,15.86263],[99.32159,15.86263],[99.32465,15.85985],[99.32632,15.86068],[99.32743,15.86013],[99.32909,15.86179],[99.33215,15.86124],[99.33326,15.86235],[99.33437,15.86235],[99.33771,15.85874],[99.34048,15.86068],[99.34159,15.86013],[99.34298,15.86124],[99.34493,15.8604],[99.34632,15.86068],[99.34937,15.86374],[99.35076,15.86401],[99.35354,15.86735]]},"id":"branch_1650_005"},{"type":"Feature","properties":{"feature_type":"rainfall_drainage_branch","from_station_id":"1650","branch_length_km":1.02,"flow_acc_cells":506,"branch_cells":26,"river_merge":false,"branch_index":6},"geometry":{"type":"LineString","coordinates":[[99.31382,15.86151],[99.31604,15.86374],[99.31576,15.86429],[99.31687,15.8654],[99.31965,15.8629]]},"id":"branch_1650_006"},{"type":"Feature","properties":{"feature_type":"rainfall_drainage_branch","from_station_id":"1650","branch_length_km":1.36,"flow_acc_cells":502,"branch_cells":36,"river_merge":false,"branch_index":7},"geometry":{"type":"LineString","coordinates":[[99.31409,15.87374],[99.31382,15.87401],[99.31271,15.87263],[99.31298,15.87151],[99.31243,15.87096],[99.31298,15.86985],[99.31437,15.86901],[99.31548,15.86651],[99.31687,15.8654]]},"id":"branch_1650_007"},{"type":"Feature","properties":{"feature_type":"rainfall_drainage_branch","from_station_id":"1650","branch_length_km":1.59,"flow_acc_cells":730,"branch_cells":43,"river_merge":false,"branch_index":8},"geometry":{"type":"LineString","coordinates":[[99.35493,15.88679],[99.35437,15.88651],[99.35465,15.88596],[99.35659,15.88374],[99.35632,15.88235],[99.35743,15.88235],[99.35882,15.88096],[99.35882,15.87957],[99.36048,15.87651]]},"id":"branch_1650_008"},{"type":"Feature","properties":{"feature_type":"rainfall_drainage_branch","from_station_id":"1650","branch_length_km":2.36,"flow_acc_cells":544,"branch_cells":61,"river_merge":false,"branch_index":9},"geometry":{"type":"LineString","coordinates":[[99.34243,15.89457],[99.34298,15.8929],[99.34826,15.88874],[99.34771,15.88707],[99.34882,15.88596],[99.34965,15.88651],[99.35187,15.88485],[99.35298,15.8854],[99.35382,15.88457],[99.35493,15.88568]]},"id":"branch_1650_009"},{"type":"Feature","properties":{"feature_type":"rainfall_drainage_branch","from_station_id":"1650","branch_length_km":4.44,"flow_acc_cells":502,"branch_cells":119,"river_merge":false,"branch_index":10},"geometry":{"type":"LineString","coordinates":[[99.32854,15.8854],[99.32937,15.88485],[99.33409,15.88513],[99.33854,15.8804],[99.33993,15.88151],[99.34243,15.87901],[99.34576,15.87929],[99.34743,15.87846],[99.34882,15.87929],[99.35159,15.87651],[99.35271,15.87763],[99.35437,15.87763],[99.35548,15.87901],[99.35604,15.87846],[99.35826,15.87846],[99.36021,15.87679]]},"id":"branch_1650_010"},{"type":"Feature","properties":{"feature_type":"rainfall_drainage_branch","from_station_id":"1650","branch_length_km":1.56,"flow_acc_cells":507,"branch_cells":43,"river_merge":false,"branch_index":11},"geometry":{"type":"LineString","coordinates":[[99.32659,15.88235],[99.32826,15.8829],[99.33076,15.88096],[99.33243,15.8804],[99.33548,15.8804],[99.33687,15.88124],[99.33826,15.88068]]},"id":"branch_1650_011"},{"type":"Feature","properties":{"feature_type":"rainfall_drainage_branch","from_station_id":"1650","branch_length_km":2.91,"flow_acc_cells":520,"branch_cells":82,"river_merge":false,"branch_index":12},"geometry":{"type":"LineString","coordinates":[[99.32965,15.87763],[99.33021,15.87707],[99.33159,15.87707],[99.33243,15.87624],[99.33465,15.87679],[99.33521,15.87596],[99.33826,15.87513],[99.33882,15.87429],[99.34215,15.87429],[99.34271,15.87485],[99.34354,15.87429],[99.34715,15.87568],[99.34771,15.8754],[99.34854,15.87624],[99.35159,15.87651]]},"id":"branch_1650_012"},{"type":"Feature","properties":{"feature_type":"rainfall_drainage_branch","from_station_id":"1650","branch_length_km":3.54,"flow_acc_cells":511,"branch_cells":96,"river_merge":false,"branch_index":13},"geometry":{"type":"LineString","coordinates":[[99.36687,15.83985],[99.36548,15.83985],[99.36298,15.84235],[99.36326,15.84401],[99.36271,15.84457],[99.36382,15.84651],[99.36576,15.84679],[99.36687,15.84818],[99.36576,15.8504],[99.36659,15.85124],[99.36632,15.8529],[99.36687,15.85374],[99.36687,15.8554],[99.36854,15.85707],[99.36909,15.85846],[99.36909,15.8629]]},"id":"branch_1650_013"},{"type":"Feature","properties":{"feature_type":"rainfall_drainage_branch","from_station_id":"1650","branch_length_km":3.43,"flow_acc_cells":521,"branch_cells":93,"river_merge":false,"branch_index":14},"geometry":{"type":"LineString","coordinates":[[99.34437,15.8254],[99.34521,15.8254],[99.34604,15.82679],[99.34548,15.82874],[99.34826,15.83068],[99.35104,15.83374],[99.35243,15.83624],[99.35326,15.83929],[99.35604,15.84179],[99.35576,15.84235],[99.35687,15.84401],[99.35965,15.84346],[99.36048,15.84263],[99.36187,15.84263]]},"id":"branch_1650_014"},{"type":"Feature","properties":{"feature_type":"rainfall_drainage_branch","from_station_id":"1650","branch_length_km":2.95,"flow_acc_cells":502,"branch_cells":80,"river_merge":false,"branch_index":15},"geometry":{"type":"LineString","coordinates":[[99.33326,15.82401],[99.33437,15.82485],[99.33687,15.8254],[99.33993,15.83068],[99.34048,15.8304],[99.34215,15.83151],[99.34326,15.83151],[99.34576,15.83374],[99.34604,15.83457],[99.34659,15.83429],[99.34993,15.83624],[99.35021,15.83596],[99.35132,15.83707],[99.35243,15.83707]]},"id":"branch_1650_015"},{"type":"Feature","properties":{"feature_type":"rainfall_drainage_branch","from_station_id":"1650","branch_length_km":1.5,"flow_acc_cells":594,"branch_cells":43,"river_merge":false,"branch_index":16},"geometry":{"type":"LineString","coordinates":[[99.32826,15.83318],[99.33243,15.83318],[99.33382,15.83179],[99.33771,15.83263],[99.33993,15.83068]]},"id":"branch_1650_016"},{"type":"Feature","properties":{"feature_type":"rainfall_drainage_branch","from_station_id":"1650","branch_length_km":1.13,"flow_acc_cells":544,"branch_cells":32,"river_merge":false,"branch_index":17},"geometry":{"type":"LineString","coordinates":[[99.34771,15.8429],[99.34965,15.84346],[99.35104,15.84457],[99.35382,15.84346],[99.35632,15.84346]]},"id":"branch_1650_017"},{"type":"Feature","properties":{"feature_type":"rainfall_drainage_branch","from_station_id":"1650","branch_length_km":1.89,"flow_acc_cells":509,"branch_cells":50,"river_merge":false,"branch_index":18},"geometry":{"type":"LineString","coordinates":[[99.32576,15.85429],[99.32659,15.85401],[99.33076,15.84957],[99.33271,15.84874],[99.33493,15.8504],[99.33632,15.8504],[99.33909,15.84818]]},"id":"branch_1650_018"},{"type":"Feature","properties":{"feature_type":"rainfall_drainage_branch","from_station_id":"1650","branch_length_km":1.48,"flow_acc_cells":542,"branch_cells":40,"river_merge":false,"branch_index":19},"geometry":{"type":"LineString","coordinates":[[99.31548,15.84568],[99.31632,15.84374],[99.31826,15.84207],[99.32021,15.84263],[99.32132,15.84151],[99.32354,15.84318],[99.32493,15.84318]]},"id":"branch_1650_019"},{"type":"Feature","properties":{"feature_type":"rainfall_drainage_branch","from_station_id":"1650","branch_length_km":3.4,"flow_acc_cells":506,"branch_cells":89,"river_merge":false,"branch_index":20},"geometry":{"type":"LineString","coordinates":[[99.29715,15.82874],[99.29965,15.8279],[99.30048,15.82874],[99.30298,15.82901],[99.30437,15.83179],[99.30659,15.83401],[99.30687,15.8354],[99.30882,15.83735],[99.31132,15.83624],[99.31215,15.83651],[99.31326,15.83763],[99.31326,15.83901],[99.31743,15.84263]]},"id":"branch_1650_020"},{"type":"Feature","properties":{"feature_type":"rainfall_drainage_branch","from_station_id":"1650","branch_length_km":3.04,"flow_acc_cells":567,"branch_cells":84,"river_merge":false,"branch_index":21},"geometry":{"type":"LineString","coordinates":[[99.28521,15.81846],[99.29076,15.81929],[99.29215,15.81874],[99.29548,15.82013],[99.29743,15.81957],[99.29854,15.81957],[99.29965,15.8204],[99.30021,15.82013],[99.30104,15.82096],[99.30021,15.8229],[99.30159,15.82457],[99.29993,15.82818]]},"id":"branch_1650_021"},{"type":"Feature","properties":{"feature_type":"rainfall_drainage_branch","from_station_id":"1650","branch_length_km":3.19,"flow_acc_cells":512,"branch_cells":82,"river_merge":false,"branch_index":22},"geometry":{"type":"LineString","coordinates":[[99.29021,15.79929],[99.28993,15.80013],[99.29382,15.80485],[99.29437,15.80707],[99.29687,15.81013],[99.29632,15.81096],[99.29993,15.81457],[99.29993,15.81596],[99.29909,15.81735],[99.30021,15.81818],[99.30104,15.82096]]},"id":"branch_1650_022"},{"type":"Feature","properties":{"feature_type":"rainfall_drainage_branch","from_station_id":"1650","branch_length_km":4.18,"flow_acc_cells":569,"branch_cells":111,"river_merge":false,"branch_index":23},"geometry":{"type":"MultiLineString","coordinates":[[[99.27104,15.80513],[99.27326,15.80235],[99.27354,15.80124],[99.27243,15.79846],[99.27382,15.79707],[99.27354,15.79624],[99.27715,15.79235],[99.27798,15.79207],[99.28048,15.79346],[99.28104,15.79513]],[[99.28548,15.79901],[99.28826,15.80263],[99.29215,15.80318]]]},"id":"branch_1650_023"},{"type":"Feature","properties":{"feature_type":"rainfall_drainage_branch","from_station_id":"1650","branch_length_km":2.0,"flow_acc_cells":509,"branch_cells":55,"river_merge":false,"branch_index":24},"geometry":{"type":"LineString","coordinates":[[99.30298,15.79985],[99.30187,15.80179],[99.30243,15.80485],[99.30187,15.81013],[99.30076,15.81124],[99.30076,15.81207],[99.29909,15.81318],[99.29965,15.81429]]},"id":"branch_1650_024"},{"type":"Feature","properties":{"feature_type":"rainfall_drainage_branch","from_station_id":"1650","branch_length_km":1.21,"flow_acc_cells":778,"branch_cells":33,"river_merge":false,"branch_index":25},"geometry":{"type":"LineString","coordinates":[[99.29687,15.83735],[99.29798,15.8354],[99.29771,15.83457],[99.29854,15.83346],[99.29826,15.83263],[99.30159,15.82901]]},"id":"branch_1650_025"},{"type":"Feature","properties":{"feature_type":"rainfall_drainage_branch","from_station_id":"1650","branch_length_km":1.79,"flow_acc_cells":504,"branch_cells":47,"river_merge":false,"branch_index":26},"geometry":{"type":"LineString","coordinates":[[99.30798,15.82651],[99.31159,15.82874],[99.31243,15.82846],[99.31326,15.82929],[99.31326,15.8304],[99.31465,15.83179],[99.31493,15.83263],[99.31215,15.83624],[99.31243,15.83679]]},"id":"branch_1650_026"},{"type":"Feature","properties":{"feature_type":"rainfall_drainage_branch","from_station_id":"1650","branch_length_km":3.54,"flow_acc_cells":615,"branch_cells":94,"river_merge":false,"branch_index":27},"geometry":{"type":"LineString","coordinates":[[99.31326,15.80513],[99.31493,15.80735],[99.31354,15.80901],[99.31576,15.81124],[99.31687,15.81124],[99.31743,15.81179],[99.31854,15.81513],[99.31771,15.81624],[99.31798,15.82068],[99.31548,15.82318],[99.31521,15.82401],[99.31576,15.82513],[99.31382,15.82735],[99.31326,15.82929]]},"id":"branch_1650_027"},{"type":"Feature","properties":{"feature_type":"rainfall_drainage_branch","from_station_id":"1650","branch_length_km":1.93,"flow_acc_cells":786,"branch_cells":51,"river_merge":false,"branch_index":28},"geometry":{"type":"LineString","coordinates":[[99.30771,15.84874],[99.30576,15.84707],[99.30632,15.8454],[99.30715,15.84485],[99.30659,15.84401],[99.31104,15.83985],[99.31187,15.84013],[99.31326,15.83957],[99.31493,15.84068]]},"id":"branch_1650_028"},{"type":"Feature","properties":{"feature_type":"rainfall_drainage_branch","from_station_id":"1650","branch_length_km":1.49,"flow_acc_cells":546,"branch_cells":40,"river_merge":false,"branch_index":29},"geometry":{"type":"LineString","coordinates":[[99.29659,15.85013],[99.29659,15.84929],[99.30021,15.84624],[99.30215,15.84651],[99.30659,15.84401]]},"id":"branch_1650_029"},{"type":"Feature","properties":{"feature_type":"rainfall_drainage_branch","from_station_id":"1100958","branch_length_km":1.22,"flow_acc_cells":662,"branch_cells":32,"river_merge":false,"branch_index":1},"geometry":{"type":"LineString","coordinates":[[99.73771,15.74568],[99.73882,15.74679],[99.74243,15.74596],[99.74632,15.74929]]},"id":"branch_1100958_001"},{"type":"Feature","properties":{"feature_type":"rainfall_drainage_branch","from_station_id":"1100958","branch_length_km":3.1,"flow_acc_cells":564,"branch_cells":76,"river_merge":false,"branch_index":2},"geometry":{"type":"LineString","coordinates":[[99.71882,15.76374],[99.72465,15.75846],[99.72521,15.75818],[99.72576,15.75874],[99.72826,15.75624],[99.72882,15.75624],[99.73076,15.75429],[99.73104,15.75374],[99.73048,15.75318],[99.73243,15.75096],[99.73798,15.74596]]},"id":"branch_1100958_002"},{"type":"Feature","properties":{"feature_type":"rainfall_drainage_branch","from_station_id":"1100958","branch_length_km":1.12,"flow_acc_cells":630,"branch_cells":30,"river_merge":false,"branch_index":3},"geometry":{"type":"LineString","coordinates":[[99.71826,15.75679],[99.71937,15.75596],[99.72132,15.75624],[99.72243,15.75707],[99.72465,15.75679],[99.72548,15.75763],[99.72548,15.75846]]},"id":"branch_1100958_003"},{"type":"Feature","properties":{"feature_type":"rainfall_drainage_branch","from_station_id":"1100958","branch_length_km":8.47,"flow_acc_cells":510,"branch_cells":213,"river_merge":false,"branch_index":4,"basin_clipped":true},"geometry":{"type":"LineString","coordinates":[[99.697677,15.797777],[99.69854,15.79679],[99.69437,15.7929],[99.69798,15.78929],[99.69743,15.78596],[99.70048,15.78124],[99.69993,15.78068],[99.70298,15.77818],[99.70382,15.77846],[99.70493,15.7779],[99.70798,15.77485],[99.70854,15.77401],[99.70771,15.77318],[99.70993,15.77068],[99.70993,15.76846],[99.71187,15.76513],[99.72076,15.75624]]},"id":"branch_1100958_004"},{"type":"Feature","properties":{"feature_type":"rainfall_drainage_branch","from_station_id":"1100958","branch_length_km":3.38,"flow_acc_cells":655,"branch_cells":83,"river_merge":false,"branch_index":5},"geometry":{"type":"LineString","coordinates":[[99.68354,15.80985],[99.68326,15.80679],[99.68437,15.80485],[99.68409,15.80401],[99.68465,15.8029],[99.68382,15.80151],[99.68437,15.80068],[99.68993,15.7954],[99.69048,15.79568],[99.69271,15.79374],[99.69798,15.78846]]},"id":"branch_1100958_005"},{"type":"Feature","properties":{"feature_type":"rainfall_drainage_branch","from_station_id":"1100958","branch_length_km":7.03,"flow_acc_cells":616,"branch_cells":179,"river_merge":false,"branch_index":6,"basin_clipped":true},"geometry":{"type":"LineString","coordinates":[[99.65021,15.8379],[99.65243,15.83763],[99.65354,15.83818],[99.65409,15.83763],[99.654289,15.837694]]},"id":"branch_1100958_006"},{"type":"Feature","properties":{"feature_type":"rainfall_drainage_branch","from_station_id":"1100958","branch_length_km":1.82,"flow_acc_cells":505,"branch_cells":46,"river_merge":false,"branch_index":9},"geometry":{"type":"LineString","coordinates":[[99.66215,15.81985],[99.66243,15.81846],[99.66576,15.81485],[99.66743,15.81429],[99.67298,15.80929]]},"id":"branch_1100958_009"},{"type":"Feature","properties":{"feature_type":"rainfall_drainage_branch","from_station_id":"1100958","branch_length_km":1.51,"flow_acc_cells":615,"branch_cells":38,"river_merge":false,"branch_index":10},"geometry":{"type":"LineString","coordinates":[[99.65409,15.82679],[99.65715,15.82374],[99.65687,15.82318],[99.66021,15.81901],[99.66271,15.81818]]},"id":"branch_1100958_010"},{"type":"Feature","properties":{"feature_type":"rainfall_drainage_branch","from_station_id":"1100958","branch_length_km":1.97,"flow_acc_cells":1181,"branch_cells":50,"river_merge":false,"branch_index":11},"geometry":{"type":"LineString","coordinates":[[99.69715,15.77624],[99.69909,15.77429],[99.69993,15.77457],[99.70187,15.77401],[99.70326,15.77263],[99.70576,15.77207],[99.71076,15.76707]]},"id":"branch_1100958_011"},{"type":"Feature","properties":{"feature_type":"rainfall_drainage_branch","from_station_id":"1100958","branch_length_km":1.43,"flow_acc_cells":544,"branch_cells":35,"river_merge":false,"branch_index":12},"geometry":{"type":"LineString","coordinates":[[99.71132,15.76513],[99.72076,15.75624]]},"id":"branch_1100958_012"},{"type":"Feature","properties":{"feature_type":"rainfall_drainage_branch","from_station_id":"1100958","branch_length_km":4.34,"flow_acc_cells":522,"branch_cells":113,"river_merge":false,"branch_index":13,"basin_clipped":true},"geometry":{"type":"LineString","coordinates":[[99.70882,15.77985],[99.71659,15.77207],[99.71826,15.77207],[99.71937,15.77124],[99.72104,15.77235],[99.72354,15.77235],[99.72882,15.76763],[99.730201,15.767855]]},"id":"branch_1100958_013"},{"type":"Feature","properties":{"feature_type":"rainfall_drainage_branch","from_station_id":"1100958","branch_length_km":2.58,"flow_acc_cells":501,"branch_cells":68,"river_merge":false,"branch_index":14,"basin_clipped":true},"geometry":{"type":"LineString","coordinates":[[99.70224,15.79358],[99.70215,15.79318],[99.70826,15.78679],[99.70965,15.78263],[99.70909,15.77957]]},"id":"branch_1100958_014"},{"type":"Feature","properties":{"feature_type":"rainfall_drainage_branch","from_station_id":"1137140","branch_length_km":8.53,"flow_acc_cells":520,"branch_cells":229,"river_merge":true,"branch_index":1},"geometry":{"type":"LineString","coordinates":[[99.93243,15.61151],[99.92909,15.61151],[99.92743,15.6129],[99.92521,15.61263],[99.92298,15.61429],[99.92048,15.61429],[99.91826,15.61318],[99.91715,15.61346],[99.91632,15.6129],[99.91326,15.6129],[99.90882,15.60874],[99.90659,15.60901],[99.90493,15.60735],[99.90243,15.60735],[99.89687,15.60179],[99.89521,15.60179],[99.89326,15.6029],[99.89271,15.60263],[99.88882,15.60568],[99.88576,15.60651],[99.88521,15.60596],[99.88437,15.60679],[99.88271,15.60596],[99.88159,15.60651],[99.87965,15.60485],[99.87771,15.60457],[99.87659,15.60374],[99.87382,15.60374],[99.87326,15.60318],[99.87048,15.60346],[99.86909,15.60457]]},"id":"branch_1137140_001"},{"type":"Feature","properties":{"feature_type":"rainfall_drainage_branch","from_station_id":"1137140","branch_length_km":7.42,"flow_acc_cells":585,"branch_cells":188,"river_merge":false,"branch_index":2},"geometry":{"type":"LineString","coordinates":[[99.78298,15.66818],[99.78409,15.66929],[99.78437,15.6704],[99.78882,15.67485],[99.79076,15.67513],[99.79243,15.67374],[99.79326,15.67457],[99.79521,15.67485],[99.79659,15.67263],[99.80465,15.66401],[99.80604,15.66457],[99.80882,15.66401],[99.80993,15.66485],[99.81076,15.66401],[99.81271,15.66429],[99.81326,15.66374],[99.81382,15.66429],[99.81715,15.6629],[99.82021,15.66068],[99.82104,15.66179],[99.82187,15.66151],[99.82521,15.66485],[99.82854,15.66235],[99.83048,15.66235],[99.83243,15.6604]]},"id":"branch_1137140_002"},{"type":"Feature","properties":{"feature_type":"rainfall_drainage_branch","from_station_id":"1137140","branch_length_km":5.96,"flow_acc_cells":523,"branch_cells":154,"river_merge":false,"branch_index":3},"geometry":{"type":"LineString","coordinates":[[99.83187,15.66207],[99.83298,15.65929],[99.83298,15.6579],[99.83715,15.65151],[99.83771,15.64957],[99.83715,15.64874],[99.83909,15.64624],[99.84048,15.64568],[99.84021,15.64457],[99.84632,15.63846],[99.84743,15.63901],[99.84965,15.63679],[99.84937,15.63429],[99.85159,15.63179],[99.85465,15.63179],[99.85659,15.62985],[99.85715,15.6304],[99.85909,15.63013],[99.86104,15.62818]]},"id":"branch_1137140_003"},{"type":"Feature","properties":{"feature_type":"rainfall_drainage_branch","from_station_id":"1137140","branch_length_km":5.82,"flow_acc_cells":608,"branch_cells":158,"river_merge":false,"branch_index":4},"geometry":{"type":"LineString","coordinates":[[99.78937,15.64068],[99.78965,15.64124],[99.79021,15.64096],[99.79187,15.64179],[99.79576,15.64013],[99.79715,15.64151],[99.79937,15.64235],[99.80215,15.64207],[99.80298,15.64263],[99.80604,15.64151],[99.80854,15.64263],[99.80993,15.64179],[99.81076,15.64207],[99.81298,15.6404],[99.81409,15.64068],[99.81521,15.63957],[99.81715,15.64068],[99.82021,15.63985],[99.82215,15.63763],[99.82409,15.63846],[99.82632,15.63846],[99.82882,15.63735],[99.82937,15.63763],[99.83187,15.63513],[99.83243,15.6354]]},"id":"branch_1137140_004"},{"type":"Feature","properties":{"feature_type":"rainfall_drainage_branch","from_station_id":"1137140","branch_length_km":5.8,"flow_acc_cells":706,"branch_cells":156,"river_merge":false,"branch_index":5},"geometry":{"type":"LineString","coordinates":[[99.92271,15.64651],[99.92132,15.64707],[99.91743,15.64707],[99.91576,15.64846],[99.91548,15.6504],[99.91437,15.65151],[99.91021,15.65346],[99.90909,15.65318],[99.90715,15.65457],[99.90632,15.65429],[99.90132,15.65929],[99.89882,15.65901],[99.89715,15.66013],[99.89632,15.65957],[99.89576,15.65985],[99.89382,15.65846],[99.89215,15.65929],[99.88937,15.65901],[99.88715,15.65985],[99.88465,15.65763],[99.88354,15.65763],[99.88215,15.65874],[99.88159,15.65846]]},"id":"branch_1137140_005"},{"type":"Feature","properties":{"feature_type":"rainfall_drainage_branch","from_station_id":"1137140","branch_length_km":5.23,"flow_acc_cells":517,"branch_cells":139,"river_merge":false,"branch_index":6},"geometry":{"type":"LineString","coordinates":[[99.77326,15.65013],[99.77548,15.64901],[99.77743,15.64707],[99.77826,15.64735],[99.77993,15.64651],[99.78048,15.64707],[99.78021,15.6479],[99.78132,15.64901],[99.78354,15.64957],[99.78409,15.65096],[99.78382,15.65263],[99.78548,15.65318],[99.78743,15.65513],[99.78993,15.6529],[99.79243,15.65318],[99.79826,15.6504],[99.80021,15.65151],[99.80271,15.64929],[99.80326,15.64985],[99.80409,15.64901],[99.80576,15.64874],[99.80771,15.64707]]},"id":"branch_1137140_006"},{"type":"Feature","properties":{"feature_type":"rainfall_drainage_branch","from_station_id":"1137140","branch_length_km":4.92,"flow_acc_cells":504,"branch_cells":131,"river_merge":false,"branch_index":7},"geometry":{"type":"LineString","coordinates":[[99.92493,15.63763],[99.92021,15.63401],[99.91965,15.63346],[99.91993,15.63263],[99.91798,15.63096],[99.91715,15.63124],[99.91548,15.62985],[99.91437,15.63068],[99.91354,15.62985],[99.91159,15.62929],[99.90632,15.63346],[99.90493,15.63346],[99.90437,15.6329],[99.89909,15.63318],[99.89659,15.63124],[99.89298,15.63235],[99.89132,15.63068],[99.89048,15.63096],[99.88993,15.6304]]},"id":"branch_1137140_007"},{"type":"Feature","properties":{"feature_type":"rainfall_drainage_branch","from_station_id":"1137140","branch_length_km":4.63,"flow_acc_cells":530,"branch_cells":117,"river_merge":false,"branch_index":8},"geometry":{"type":"LineString","coordinates":[[99.91909,15.62457],[99.91743,15.6254],[99.91409,15.62374],[99.91159,15.62374],[99.91021,15.62235],[99.90993,15.62263],[99.90826,15.62151],[99.90771,15.62207],[99.90548,15.62151],[99.90104,15.61707],[99.89965,15.61651],[99.89909,15.61707],[99.89798,15.61707],[99.88687,15.60679]]},"id":"branch_1137140_008"},{"type":"Feature","properties":{"feature_type":"rainfall_drainage_branch","from_station_id":"1137140","branch_length_km":4.63,"flow_acc_cells":519,"branch_cells":120,"river_merge":false,"branch_index":9},"geometry":{"type":"LineString","coordinates":[[99.77048,15.65874],[99.77132,15.65901],[99.77465,15.65568],[99.77604,15.65624],[99.77687,15.65596],[99.77965,15.65846],[99.78132,15.65901],[99.78298,15.65874],[99.78548,15.65679],[99.78854,15.65846],[99.79021,15.66013],[99.79132,15.66013],[99.79409,15.66263],[99.79826,15.66151],[99.80021,15.66207],[99.80076,15.66151],[99.80354,15.66401]]},"id":"branch_1137140_009"},{"type":"Feature","properties":{"feature_type":"rainfall_drainage_branch","from_station_id":"1137140","branch_length_km":3.88,"flow_acc_cells":584,"branch_cells":102,"river_merge":false,"branch_index":10},"geometry":{"type":"LineString","coordinates":[[99.82076,15.65068],[99.82021,15.64901],[99.82104,15.64763],[99.82104,15.64596],[99.82159,15.6454],[99.82104,15.64429],[99.82159,15.64374],[99.82243,15.64401],[99.82354,15.6429],[99.82576,15.64235],[99.83271,15.63513],[99.83437,15.63624],[99.83576,15.63596],[99.83909,15.63318],[99.84215,15.63318]]},"id":"branch_1137140_010"},{"type":"Feature","properties":{"feature_type":"rainfall_drainage_branch","from_station_id":"1137140","branch_length_km":3.86,"flow_acc_cells":531,"branch_cells":103,"river_merge":true,"branch_index":11},"geometry":{"type":"LineString","coordinates":[[99.83743,15.62374],[99.83771,15.62179],[99.84104,15.61874],[99.84243,15.61957],[99.84298,15.61929],[99.84326,15.62096],[99.84409,15.62179],[99.84548,15.62207],[99.84632,15.62318],[99.84687,15.6229],[99.84854,15.62429],[99.84937,15.62346],[99.85104,15.62318],[99.85354,15.62096],[99.85576,15.6204],[99.85715,15.61901],[99.85854,15.61985],[99.86021,15.61985],[99.86243,15.61763]]},"id":"branch_1137140_011"},{"type":"Feature","properties":{"feature_type":"rainfall_drainage_branch","from_station_id":"1137140","branch_length_km":3.55,"flow_acc_cells":546,"branch_cells":95,"river_merge":false,"branch_index":12},"geometry":{"type":"LineString","coordinates":[[99.89159,15.67318],[99.88965,15.67346],[99.88715,15.6754],[99.88604,15.6754],[99.88243,15.67874],[99.88104,15.6779],[99.87937,15.67874],[99.87743,15.68124],[99.87715,15.68096],[99.87437,15.68318],[99.87215,15.6829],[99.87159,15.68235],[99.87048,15.68068],[99.86965,15.67679]]},"id":"branch_1137140_012"},{"type":"Feature","properties":{"feature_type":"rainfall_drainage_branch","from_station_id":"1137140","branch_length_km":3.33,"flow_acc_cells":576,"branch_cells":85,"river_merge":false,"branch_index":13},"geometry":{"type":"LineString","coordinates":[[99.91215,15.66124],[99.91159,15.66096],[99.90993,15.66179],[99.90521,15.66568],[99.90382,15.66513],[99.90104,15.66735],[99.89687,15.66429],[99.89493,15.66374],[99.89382,15.66429],[99.88882,15.65929]]},"id":"branch_1137140_013"},{"type":"Feature","properties":{"feature_type":"rainfall_drainage_branch","from_station_id":"1137140","branch_length_km":3.22,"flow_acc_cells":632,"branch_cells":86,"river_merge":false,"branch_index":14},"geometry":{"type":"LineString","coordinates":[[99.82048,15.62651],[99.82215,15.62457],[99.82271,15.62346],[99.82187,15.6229],[99.82354,15.62124],[99.82354,15.61985],[99.82465,15.61846],[99.82715,15.61901],[99.83215,15.62263],[99.83548,15.62013],[99.83854,15.62013],[99.83993,15.61957]]},"id":"branch_1137140_014"},{"type":"Feature","properties":{"feature_type":"rainfall_drainage_branch","from_station_id":"1137140","branch_length_km":2.92,"flow_acc_cells":749,"branch_cells":74,"river_merge":false,"branch_index":15},"geometry":{"type":"LineString","coordinates":[[99.90548,15.64124],[99.90354,15.64151],[99.89993,15.64374],[99.89965,15.64346],[99.90021,15.6429],[99.89521,15.63735],[99.88715,15.62957]]},"id":"branch_1137140_015"},{"type":"Feature","properties":{"feature_type":"rainfall_drainage_branch","from_station_id":"1137140","branch_length_km":2.92,"flow_acc_cells":832,"branch_cells":76,"river_merge":false,"branch_index":16},"geometry":{"type":"LineString","coordinates":[[99.84576,15.67235],[99.84798,15.66901],[99.85104,15.66707],[99.85298,15.66818],[99.85548,15.66707],[99.85632,15.6679],[99.85771,15.66763],[99.85993,15.66846],[99.86187,15.66651],[99.86298,15.66679],[99.86548,15.66457]]},"id":"branch_1137140_016"},{"type":"Feature","properties":{"feature_type":"rainfall_drainage_branch","from_station_id":"1137140","branch_length_km":2.8,"flow_acc_cells":503,"branch_cells":72,"river_merge":false,"branch_index":17},"geometry":{"type":"LineString","coordinates":[[99.89937,15.62179],[99.89604,15.61846],[99.89437,15.61763],[99.89104,15.61763],[99.88993,15.61651],[99.88854,15.61679],[99.88715,15.61818],[99.88576,15.6179],[99.88159,15.61401],[99.88187,15.61318],[99.88104,15.61207]]},"id":"branch_1137140_017"},{"type":"Feature","properties":{"feature_type":"rainfall_drainage_branch","from_station_id":"1137140","branch_length_km":2.78,"flow_acc_cells":742,"branch_cells":70,"river_merge":false,"branch_index":18},"geometry":{"type":"LineString","coordinates":[[99.83104,15.68096],[99.83076,15.68068],[99.83215,15.67818],[99.83437,15.67596],[99.83409,15.6754],[99.83826,15.67318],[99.84326,15.66818],[99.84437,15.66763],[99.84604,15.66901],[99.84771,15.66929]]},"id":"branch_1137140_018"},{"type":"Feature","properties":{"feature_type":"rainfall_drainage_branch","from_station_id":"1137140","branch_length_km":2.53,"flow_acc_cells":525,"branch_cells":65,"river_merge":false,"branch_index":19},"geometry":{"type":"LineString","coordinates":[[99.88798,15.65374],[99.88687,15.65346],[99.88521,15.65429],[99.88132,15.65874],[99.87798,15.65901],[99.87687,15.65985],[99.87604,15.65929],[99.87521,15.65957],[99.87076,15.6554]]},"id":"branch_1137140_019"},{"type":"Feature","properties":{"feature_type":"rainfall_drainage_branch","from_station_id":"1137140","branch_length_km":2.5,"flow_acc_cells":502,"branch_cells":69,"river_merge":false,"branch_index":20},"geometry":{"type":"LineString","coordinates":[[99.81437,15.63596],[99.81715,15.6354],[99.81771,15.63485],[99.81826,15.63513],[99.81909,15.63429],[99.82159,15.63457],[99.82493,15.63235],[99.82576,15.63318],[99.82659,15.63568],[99.82798,15.63679],[99.83159,15.6354]]},"id":"branch_1137140_020"},{"type":"Feature","properties":{"feature_type":"rainfall_drainage_branch","from_station_id":"1137140","branch_length_km":2.46,"flow_acc_cells":506,"branch_cells":67,"river_merge":false,"branch_index":21},"geometry":{"type":"LineString","coordinates":[[99.87882,15.6704],[99.87743,15.66985],[99.87465,15.66985],[99.87243,15.66818],[99.87104,15.66818],[99.86659,15.67151],[99.86521,15.66763],[99.86632,15.66651],[99.86632,15.6654]]},"id":"branch_1137140_021"},{"type":"Feature","properties":{"feature_type":"rainfall_drainage_branch","from_station_id":"1137140","branch_length_km":2.45,"flow_acc_cells":517,"branch_cells":60,"river_merge":false,"branch_index":22},"geometry":{"type":"LineString","coordinates":[[99.76548,15.67318],[99.77326,15.66485],[99.77409,15.66513],[99.77548,15.66374],[99.77632,15.66401],[99.78132,15.65901]]},"id":"branch_1137140_022"},{"type":"Feature","properties":{"feature_type":"rainfall_drainage_branch","from_station_id":"1137140","branch_length_km":2.37,"flow_acc_cells":2796,"branch_cells":62,"river_merge":false,"branch_index":23},"geometry":{"type":"LineString","coordinates":[[99.92576,15.61929],[99.92493,15.61818],[99.92409,15.61818],[99.92187,15.61624],[99.91993,15.61735],[99.91882,15.61651],[99.91687,15.61679],[99.91548,15.61568],[99.91493,15.61596],[99.91021,15.61013]]},"id":"branch_1137140_023"},{"type":"Feature","properties":{"feature_type":"rainfall_drainage_branch","from_station_id":"1137140","branch_length_km":2.35,"flow_acc_cells":503,"branch_cells":62,"river_merge":false,"branch_index":24},"geometry":{"type":"LineString","coordinates":[[99.80409,15.64568],[99.80632,15.64568],[99.80771,15.64707],[99.80854,15.64735],[99.80965,15.64679],[99.81076,15.6479],[99.81159,15.64763],[99.81215,15.64818],[99.81326,15.64735],[99.81465,15.64735],[99.81548,15.64651],[99.81771,15.6479],[99.81965,15.64679],[99.82021,15.64735],[99.82104,15.64651]]},"id":"branch_1137140_024"},{"type":"Feature","properties":{"feature_type":"rainfall_drainage_branch","from_station_id":"1137140","branch_length_km":2.29,"flow_acc_cells":506,"branch_cells":64,"river_merge":false,"branch_index":25},"geometry":{"type":"LineString","coordinates":[[99.87409,15.63124],[99.87271,15.63207],[99.87243,15.63346],[99.87021,15.63429],[99.86826,15.63429],[99.86659,15.63263],[99.86798,15.63068],[99.86798,15.62929],[99.86743,15.6279],[99.86576,15.62651],[99.86604,15.62401]]},"id":"branch_1137140_025"},{"type":"Feature","properties":{"feature_type":"rainfall_drainage_branch","from_station_id":"1137140","branch_length_km":2.23,"flow_acc_cells":563,"branch_cells":61,"river_merge":true,"branch_index":26},"geometry":{"type":"LineString","coordinates":[[99.88187,15.62374],[99.87993,15.62263],[99.87826,15.6229],[99.87604,15.62124],[99.87271,15.62151],[99.87215,15.62096],[99.86993,15.62096],[99.86604,15.62401],[99.86521,15.62318]]},"id":"branch_1137140_026"},{"type":"Feature","properties":{"feature_type":"rainfall_drainage_branch","from_station_id":"1137140","branch_length_km":2.2,"flow_acc_cells":509,"branch_cells":55,"river_merge":false,"branch_index":27},"geometry":{"type":"LineString","coordinates":[[99.84604,15.68151],[99.84743,15.67985],[99.84909,15.67929],[99.85159,15.67707],[99.85632,15.67235],[99.85771,15.67263],[99.86048,15.66957]]},"id":"branch_1137140_027"},{"type":"Feature","properties":{"feature_type":"rainfall_drainage_branch","from_station_id":"1137140","branch_length_km":2.17,"flow_acc_cells":512,"branch_cells":61,"river_merge":false,"branch_index":28},"geometry":{"type":"LineString","coordinates":[[99.92771,15.6529],[99.91965,15.65401],[99.91771,15.65624],[99.91632,15.65513],[99.91493,15.65485],[99.91243,15.65263],[99.91187,15.65318],[99.91132,15.6529]]},"id":"branch_1137140_028"},{"type":"Feature","properties":{"feature_type":"rainfall_drainage_branch","from_station_id":"1137140","branch_length_km":2.06,"flow_acc_cells":526,"branch_cells":54,"river_merge":false,"branch_index":29},"geometry":{"type":"LineString","coordinates":[[99.87909,15.64068],[99.87798,15.64013],[99.87632,15.64124],[99.87493,15.6404],[99.87354,15.6404],[99.87132,15.63818],[99.86882,15.63707],[99.86576,15.63401],[99.86659,15.63263]]},"id":"branch_1137140_029"},{"type":"Feature","properties":{"feature_type":"rainfall_drainage_branch","from_station_id":"1137140","branch_length_km":2.0,"flow_acc_cells":505,"branch_cells":55,"river_merge":true,"branch_index":30},"geometry":{"type":"LineString","coordinates":[[99.85965,15.63679],[99.86076,15.6354],[99.86076,15.63096],[99.86187,15.62957],[99.86104,15.62818],[99.86159,15.62707],[99.86104,15.62374],[99.86243,15.62179]]},"id":"branch_1137140_030"},{"type":"Feature","properties":{"feature_type":"rainfall_drainage_branch","from_station_id":"1100959","branch_length_km":3.08,"flow_acc_cells":501,"branch_cells":78,"river_merge":false,"branch_index":1},"geometry":{"type":"LineString","coordinates":[[99.91354,15.70235],[99.90743,15.70874],[99.90771,15.71013],[99.90715,15.71124],[99.90548,15.71235],[99.90437,15.71207],[99.89854,15.71846],[99.89548,15.7204]]},"id":"branch_1100959_001"},{"type":"Feature","properties":{"feature_type":"rainfall_drainage_branch","from_station_id":"1100959","branch_length_km":2.25,"flow_acc_cells":577,"branch_cells":58,"river_merge":false,"branch_index":2},"geometry":{"type":"LineString","coordinates":[[99.92493,15.69596],[99.91715,15.70151],[99.91548,15.70207],[99.91437,15.70318],[99.91354,15.7029],[99.90909,15.70707]]},"id":"branch_1100959_002"},{"type":"Feature","properties":{"feature_type":"rainfall_drainage_branch","from_station_id":"1100959","branch_length_km":13.69,"flow_acc_cells":509,"branch_cells":360,"river_merge":false,"branch_index":3},"geometry":{"type":"LineString","coordinates":[[99.80243,15.71485],[99.80548,15.71485],[99.81076,15.71957],[99.81271,15.72013],[99.81354,15.71985],[99.81521,15.72096],[99.81965,15.72096],[99.82104,15.72013],[99.82187,15.72068],[99.82354,15.71985],[99.82659,15.72124],[99.83021,15.72151],[99.83271,15.7204],[99.83465,15.72151],[99.83576,15.72124],[99.83715,15.72263],[99.83715,15.72401],[99.83771,15.72429],[99.84298,15.71929],[99.84548,15.72013],[99.84882,15.71929],[99.85215,15.7154],[99.85326,15.71485],[99.85548,15.7154],[99.85715,15.71457],[99.86159,15.70929],[99.86465,15.70901],[99.86604,15.70763],[99.86659,15.70818],[99.86798,15.70818],[99.86909,15.70929],[99.86993,15.70901],[99.87215,15.71068],[99.87298,15.7104],[99.87437,15.71151],[99.87437,15.71401],[99.87521,15.71485],[99.87715,15.71624],[99.87882,15.71568],[99.88021,15.71735],[99.88132,15.71707],[99.88354,15.71874],[99.88437,15.72013],[99.88826,15.71735],[99.88993,15.71846],[99.88937,15.71985],[99.88965,15.7204],[99.89243,15.71707]]},"id":"branch_1100959_003"},{"type":"Feature","properties":{"feature_type":"rainfall_drainage_branch","from_station_id":"1100959","branch_length_km":4.53,"flow_acc_cells":527,"branch_cells":120,"river_merge":false,"branch_index":4},"geometry":{"type":"LineString","coordinates":[[99.77937,15.71318],[99.78437,15.71207],[99.78993,15.70651],[99.79326,15.70624],[99.79548,15.70735],[99.79687,15.70874],[99.79965,15.7079],[99.80187,15.71013],[99.80159,15.71068],[99.80243,15.71151],[99.80493,15.71179],[99.80604,15.71318],[99.80604,15.71401],[99.80909,15.71707],[99.80937,15.71818]]},"id":"branch_1100959_004"},{"type":"Feature","properties":{"feature_type":"rainfall_drainage_branch","from_station_id":"1100959","branch_length_km":2.81,"flow_acc_cells":561,"branch_cells":74,"river_merge":false,"branch_index":5},"geometry":{"type":"LineString","coordinates":[[99.79243,15.71985],[99.79354,15.7204],[99.79493,15.71985],[99.79604,15.72013],[99.79687,15.72096],[99.79687,15.7229],[99.79826,15.72401],[99.79909,15.72374],[99.80021,15.72485],[99.80382,15.72151],[99.80604,15.72151],[99.80909,15.71901],[99.81076,15.71957]]},"id":"branch_1100959_005"},{"type":"Feature","properties":{"feature_type":"rainfall_drainage_branch","from_station_id":"1100959","branch_length_km":3.21,"flow_acc_cells":519,"branch_cells":86,"river_merge":false,"branch_index":6},"geometry":{"type":"LineString","coordinates":[[99.76965,15.72151],[99.77159,15.71985],[99.77326,15.7204],[99.77437,15.71985],[99.77548,15.72096],[99.77687,15.72068],[99.77993,15.72374],[99.78048,15.72374],[99.78104,15.72318],[99.78409,15.72346],[99.78548,15.72207],[99.78937,15.7229],[99.79298,15.72013]]},"id":"branch_1100959_006"},{"type":"Feature","properties":{"feature_type":"rainfall_drainage_branch","from_station_id":"1100959","branch_length_km":1.5,"flow_acc_cells":752,"branch_cells":41,"river_merge":false,"branch_index":7},"geometry":{"type":"LineString","coordinates":[[99.76882,15.72707],[99.76965,15.72624],[99.77243,15.72651],[99.77298,15.72596],[99.77604,15.72596],[99.77993,15.72374]]},"id":"branch_1100959_007"},{"type":"Feature","properties":{"feature_type":"rainfall_drainage_branch","from_station_id":"1100959","branch_length_km":7.83,"flow_acc_cells":544,"branch_cells":204,"river_merge":false,"branch_index":8},"geometry":{"type":"LineString","coordinates":[[99.77215,15.73374],[99.77271,15.73429],[99.77382,15.73429],[99.77715,15.73707],[99.77909,15.73624],[99.77993,15.73651],[99.78048,15.73596],[99.78243,15.73624],[99.78493,15.73374],[99.78576,15.73374],[99.78743,15.73151],[99.78909,15.73096],[99.79021,15.73151],[99.79243,15.73124],[99.79576,15.73318],[99.79798,15.73235],[99.79993,15.73374],[99.80104,15.7329],[99.80354,15.73374],[99.80493,15.7329],[99.80743,15.73263],[99.80854,15.73374],[99.81076,15.73207],[99.81132,15.73013],[99.81826,15.72318],[99.82048,15.72318],[99.82159,15.72263],[99.82298,15.72318],[99.82409,15.72235],[99.82548,15.72235],[99.82659,15.72124]]},"id":"branch_1100959_008"},{"type":"Feature","properties":{"feature_type":"rainfall_drainage_branch","from_station_id":"1100959","branch_length_km":2.46,"flow_acc_cells":513,"branch_cells":67,"river_merge":false,"branch_index":9},"geometry":{"type":"LineString","coordinates":[[99.75909,15.73624],[99.76048,15.73568],[99.76104,15.73651],[99.76548,15.73679],[99.76715,15.73846],[99.76826,15.73735],[99.77159,15.7379],[99.77326,15.73707],[99.77576,15.7379],[99.77715,15.73707]]},"id":"branch_1100959_009"},{"type":"Feature","properties":{"feature_type":"rainfall_drainage_branch","from_station_id":"1100959","branch_length_km":7.46,"flow_acc_cells":501,"branch_cells":199,"river_merge":false,"branch_index":10},"geometry":{"type":"LineString","coordinates":[[99.80798,15.71068],[99.80826,15.71124],[99.81048,15.71068],[99.81215,15.71374],[99.81326,15.71374],[99.81465,15.71235],[99.81604,15.71207],[99.81798,15.71401],[99.82132,15.71068],[99.82187,15.71179],[99.82493,15.71124],[99.82715,15.71318],[99.82687,15.71429],[99.82826,15.71568],[99.83132,15.71735],[99.83271,15.71651],[99.83243,15.71624],[99.83382,15.71429],[99.83604,15.71235],[99.83882,15.71235],[99.83965,15.71151],[99.84159,15.71235],[99.84298,15.71068],[99.84521,15.71124],[99.84604,15.71096],[99.84743,15.71235],[99.84993,15.71207],[99.85271,15.71374],[99.85409,15.7129],[99.85576,15.7129],[99.85743,15.71429]]},"id":"branch_1100959_010"},{"type":"Feature","properties":{"feature_type":"rainfall_drainage_branch","from_station_id":"1100959","branch_length_km":1.36,"flow_acc_cells":553,"branch_cells":34,"river_merge":false,"branch_index":11},"geometry":{"type":"LineString","coordinates":[[99.89632,15.70568],[99.89409,15.70818],[99.89437,15.70957],[99.88937,15.71457],[99.88965,15.71485]]},"id":"branch_1100959_011"},{"type":"Feature","properties":{"feature_type":"rainfall_drainage_branch","from_station_id":"1100959","branch_length_km":3.75,"flow_acc_cells":516,"branch_cells":96,"river_merge":false,"branch_index":12},"geometry":{"type":"LineString","coordinates":[[99.91937,15.69124],[99.91771,15.6929],[99.91659,15.69346],[99.91604,15.69318],[99.91493,15.69401],[99.90909,15.69929],[99.90659,15.69985],[99.90576,15.69901],[99.90465,15.69957],[99.90271,15.70263],[99.90187,15.70235],[99.90021,15.70401],[99.89854,15.70429],[99.89437,15.70874]]},"id":"branch_1100959_012"},{"type":"Feature","properties":{"feature_type":"rainfall_drainage_branch","from_station_id":"1100959","branch_length_km":5.3,"flow_acc_cells":538,"branch_cells":133,"river_merge":false,"branch_index":13},"geometry":{"type":"LineString","coordinates":[[99.91965,15.6804],[99.91882,15.6804],[99.91632,15.68235],[99.91465,15.68235],[99.91409,15.6829],[99.91326,15.68263],[99.90882,15.68679],[99.90771,15.68679],[99.90354,15.69068],[99.90354,15.69151],[99.90271,15.69235],[99.90076,15.69318],[99.88659,15.70707],[99.88771,15.70874],[99.88743,15.70929]]},"id":"branch_1100959_013"},{"type":"Feature","properties":{"feature_type":"rainfall_drainage_branch","from_station_id":"1100959","branch_length_km":1.97,"flow_acc_cells":533,"branch_cells":53,"river_merge":false,"branch_index":14},"geometry":{"type":"LineString","coordinates":[[99.91798,15.68429],[99.91493,15.68429],[99.91326,15.68568],[99.91021,15.68568],[99.90743,15.68846],[99.90604,15.68874],[99.90354,15.69096]]},"id":"branch_1100959_014"},{"type":"Feature","properties":{"feature_type":"rainfall_drainage_branch","from_station_id":"1100959","branch_length_km":4.1,"flow_acc_cells":622,"branch_cells":102,"river_merge":false,"branch_index":15},"geometry":{"type":"LineString","coordinates":[[99.90354,15.68346],[99.90271,15.6829],[99.89798,15.68763],[99.89659,15.69013],[99.89687,15.69096],[99.89437,15.69513],[99.88576,15.70318],[99.88632,15.70401],[99.88465,15.70568],[99.88548,15.70624],[99.88493,15.7079],[99.88604,15.70901]]},"id":"branch_1100959_015"},{"type":"Feature","properties":{"feature_type":"rainfall_drainage_branch","from_station_id":"1100959","branch_length_km":1.45,"flow_acc_cells":639,"branch_cells":35,"river_merge":false,"branch_index":16},"geometry":{"type":"LineString","coordinates":[[99.88659,15.69346],[99.87771,15.70263],[99.87798,15.7029]]},"id":"branch_1100959_016"},{"type":"Feature","properties":{"feature_type":"rainfall_drainage_branch","from_station_id":"1100959","branch_length_km":6.05,"flow_acc_cells":504,"branch_cells":158,"river_merge":false,"branch_index":17},"geometry":{"type":"LineString","coordinates":[[99.91132,15.67374],[99.90965,15.67374],[99.90632,15.67707],[99.90493,15.67679],[99.90382,15.67763],[99.90243,15.67707],[99.90132,15.67735],[99.90021,15.67651],[99.89882,15.67679],[99.89659,15.67874],[99.89215,15.67679],[99.88798,15.68096],[99.88632,15.68124],[99.88298,15.68457],[99.88021,15.6854],[99.87882,15.68651],[99.87798,15.68624],[99.87576,15.68846],[99.87632,15.68929],[99.87604,15.69013],[99.87715,15.69096],[99.87771,15.69207],[99.87743,15.69318],[99.87826,15.69429],[99.87687,15.69624]]},"id":"branch_1100959_017"},{"type":"Feature","properties":{"feature_type":"rainfall_drainage_branch","from_station_id":"1100959","branch_length_km":1.43,"flow_acc_cells":503,"branch_cells":43,"river_merge":false,"branch_index":18},"geometry":{"type":"LineString","coordinates":[[99.91771,15.6754],[99.91354,15.67568],[99.91298,15.67624],[99.91104,15.67651],[99.90882,15.67568],[99.90659,15.67735],[99.90604,15.67707]]},"id":"branch_1100959_018"},{"type":"Feature","properties":{"feature_type":"rainfall_drainage_branch","from_station_id":"1100959","branch_length_km":1.76,"flow_acc_cells":539,"branch_cells":49,"river_merge":false,"branch_index":19},"geometry":{"type":"LineString","coordinates":[[99.86215,15.69124],[99.86409,15.6929],[99.86882,15.6929],[99.87187,15.69374],[99.87382,15.6954],[99.87243,15.69679],[99.87271,15.69707]]},"id":"branch_1100959_019"},{"type":"Feature","properties":{"feature_type":"rainfall_drainage_branch","from_station_id":"1100959","branch_length_km":3.77,"flow_acc_cells":501,"branch_cells":97,"river_merge":false,"branch_index":20},"geometry":{"type":"LineString","coordinates":[[99.83965,15.69179],[99.83937,15.69263],[99.84159,15.69485],[99.84271,15.69457],[99.84548,15.69846],[99.84826,15.69957],[99.85021,15.69901],[99.85104,15.69818],[99.85048,15.69707],[99.85354,15.69401],[99.85493,15.69485],[99.85826,15.6929],[99.85909,15.69318],[99.86159,15.69151],[99.86243,15.69151]]},"id":"branch_1100959_020"},{"type":"Feature","properties":{"feature_type":"rainfall_drainage_branch","from_station_id":"1100959","branch_length_km":2.05,"flow_acc_cells":669,"branch_cells":54,"river_merge":false,"branch_index":21},"geometry":{"type":"LineString","coordinates":[[99.82687,15.70096],[99.83076,15.69679],[99.83271,15.69596],[99.83354,15.69624],[99.83576,15.69485],[99.83659,15.69513],[99.83854,15.69374],[99.84132,15.69457]]},"id":"branch_1100959_021"},{"type":"Feature","properties":{"feature_type":"rainfall_drainage_branch","from_station_id":"1100959","branch_length_km":3.18,"flow_acc_cells":511,"branch_cells":84,"river_merge":false,"branch_index":22},"geometry":{"type":"LineString","coordinates":[[99.80521,15.69457],[99.80632,15.69374],[99.81215,15.69318],[99.81298,15.69235],[99.81437,15.69207],[99.81632,15.69318],[99.81798,15.69513],[99.81909,15.69485],[99.82048,15.69346],[99.82132,15.69346],[99.82409,15.69624],[99.82548,15.69568],[99.82798,15.69707]]},"id":"branch_1100959_022"},{"type":"Feature","properties":{"feature_type":"rainfall_drainage_branch","from_station_id":"1100959","branch_length_km":1.24,"flow_acc_cells":512,"branch_cells":32,"river_merge":false,"branch_index":23},"geometry":{"type":"LineString","coordinates":[[99.80743,15.7004],[99.81243,15.69568],[99.81271,15.69401],[99.81465,15.69235]]},"id":"branch_1100959_023"},{"type":"Feature","properties":{"feature_type":"rainfall_drainage_branch","from_station_id":"1100959","branch_length_km":2.63,"flow_acc_cells":504,"branch_cells":70,"river_merge":false,"branch_index":24},"geometry":{"type":"LineString","coordinates":[[99.84632,15.70596],[99.84798,15.70485],[99.84965,15.70568],[99.85104,15.70429],[99.85187,15.70457],[99.85298,15.70401],[99.85743,15.7054],[99.85937,15.7054],[99.86076,15.70485],[99.86521,15.70013]]},"id":"branch_1100959_024"},{"type":"Feature","properties":{"feature_type":"rainfall_drainage_branch","from_station_id":"1316413","branch_length_km":2.14,"flow_acc_cells":513,"branch_cells":54,"river_merge":false,"branch_index":1},"geometry":{"type":"LineString","coordinates":[[99.71048,15.71346],[99.71187,15.71374],[99.71298,15.71485],[99.71298,15.71624],[99.72382,15.72568]]},"id":"branch_1316413_001"},{"type":"Feature","properties":{"feature_type":"rainfall_drainage_branch","from_station_id":"1316413","branch_length_km":3.16,"flow_acc_cells":588,"branch_cells":82,"river_merge":false,"branch_index":2},"geometry":{"type":"LineString","coordinates":[[99.69159,15.72401],[99.69382,15.72124],[99.69521,15.72179],[99.69771,15.71985],[99.69826,15.72013],[99.70048,15.71901],[99.70159,15.71901],[99.70326,15.71985],[99.70493,15.72179],[99.70826,15.72346],[99.71271,15.72846]]},"id":"branch_1316413_002"},{"type":"Feature","properties":{"feature_type":"rainfall_drainage_branch","from_station_id":"1316413","branch_length_km":2.61,"flow_acc_cells":513,"branch_cells":66,"river_merge":false,"branch_index":3},"geometry":{"type":"LineString","coordinates":[[99.68298,15.72374],[99.69021,15.7154],[99.69298,15.7179],[99.69548,15.71624],[99.69604,15.71651],[99.69687,15.71735],[99.69715,15.71874],[99.69854,15.71985]]},"id":"branch_1316413_003"},{"type":"Feature","properties":{"feature_type":"rainfall_drainage_branch","from_station_id":"1316413","branch_length_km":1.68,"flow_acc_cells":703,"branch_cells":43,"river_merge":false,"branch_index":4},"geometry":{"type":"LineString","coordinates":[[99.67965,15.74013],[99.68271,15.74263],[99.68382,15.74263],[99.68521,15.74346],[99.68909,15.74679],[99.69132,15.74651]]},"id":"branch_1316413_004"},{"type":"Feature","properties":{"feature_type":"rainfall_drainage_branch","from_station_id":"1316413","branch_length_km":1.48,"flow_acc_cells":524,"branch_cells":39,"river_merge":true,"branch_index":5},"geometry":{"type":"LineString","coordinates":[[99.65965,15.76179],[99.65993,15.7629],[99.66298,15.76596],[99.66215,15.76707],[99.66298,15.7679],[99.66521,15.7679],[99.66632,15.76901],[99.66743,15.76901]]},"id":"branch_1316413_005"},{"type":"Feature","properties":{"feature_type":"rainfall_drainage_branch","from_station_id":"1137128","branch_length_km":1.83,"flow_acc_cells":749,"branch_cells":49,"river_merge":false,"branch_index":1},"geometry":{"type":"LineString","coordinates":[[99.56132,15.61957],[99.56659,15.62401],[99.56715,15.62568],[99.56659,15.6279],[99.56687,15.62929],[99.56909,15.63207]]},"id":"branch_1137128_001"},{"type":"Feature","id":"osm_waterway_27847887_0","properties":{"feature_type":"osm_waterway","osm_id":"27847887","river_name":"แม่น้ำเจ้าพระยา","waterway":"river","length_km":8.95},"geometry":{"type":"LineString","coordinates":[[100.11765,15.50325],[100.10932,15.47105],[100.1076,15.46739],[100.10675,15.46397],[100.10678,15.46053],[100.10956,15.45468],[100.11447,15.45154],[100.11881,15.45006],[100.12159,15.45077],[100.12401,15.45385],[100.12592,15.45883],[100.12824,15.46157],[100.13,15.4621],[100.13197,15.46085]]}},{"type":"Feature","id":"osm_waterway_27847887_1","properties":{"feature_type":"osm_waterway","osm_id":"27847887","river_name":"แม่น้ำเจ้าพระยา","waterway":"river","length_km":0.59},"geometry":{"type":"LineString","coordinates":[[100.13197,15.44454],[100.13197,15.43923]]}},{"type":"Feature","id":"osm_waterway_27847887_2","properties":{"feature_type":"osm_waterway","osm_id":"27847887","river_name":"แม่น้ำเจ้าพระยา","waterway":"river","length_km":0.86},"geometry":{"type":"LineString","coordinates":[[100.13197,15.41686],[100.13026,15.41515],[100.12523,15.41278]]}},{"type":"Feature","id":"osm_waterway_37732412","properties":{"feature_type":"osm_waterway","osm_id":"37732412","river_name":"คลองอนุศาสนนันท์","waterway":"canal","length_km":3.75},"geometry":{"type":"LineString","coordinates":[[100.09909,15.3319],[100.11179,15.32672],[100.11474,15.3263],[100.11688,15.32661],[100.13197,15.33186]]}},{"type":"Feature","id":"osm_waterway_58248542","properties":{"feature_type":"osm_waterway","osm_id":"58248542","river_name":"แม่น้ำเจ้าพระยา","waterway":"river","length_km":20.77},"geometry":{"type":"LineString","coordinates":[[100.09374,15.60761],[100.10247,15.60148],[100.10502,15.59671],[100.10474,15.59165],[100.10278,15.58768],[100.09807,15.58266],[100.09124,15.57954],[100.08912,15.57738],[100.08767,15.57443],[100.08514,15.56571],[100.08091,15.55687],[100.08113,15.55365],[100.082,15.5518],[100.08408,15.551],[100.09442,15.55524],[100.09866,15.55523],[100.11196,15.55321],[100.11429,15.55195],[100.1147,15.54795],[100.11403,15.5449],[100.11217,15.5418],[100.10766,15.5368],[100.09755,15.53212],[100.09552,15.53011],[100.09282,15.52494],[100.09282,15.52173],[100.09319,15.51876],[100.09579,15.51469],[100.09804,15.5132],[100.10505,15.51051],[100.10792,15.51027],[100.11263,15.51088],[100.11716,15.51317],[100.12043,15.51315],[100.12125,15.51248],[100.1215,15.50956],[100.11765,15.50325]]}},{"type":"Feature","id":"osm_waterway_80912834","properties":{"feature_type":"osm_waterway","osm_id":"80912834","river_name":"เขื่อนวังร่มเกล้า","waterway":"dam","length_km":0.68},"geometry":{"type":"LineString","coordinates":[[99.94785,15.50163],[99.94794,15.50174],[99.9502,15.49975],[99.95006,15.4997],[99.94785,15.50163]]}},{"type":"Feature","id":"osm_waterway_80913151","properties":{"feature_type":"osm_waterway","osm_id":"80913151","river_name":"","waterway":"canal","length_km":9.52},"geometry":{"type":"LineString","coordinates":[[99.95963,15.41903],[99.96041,15.42149],[99.95553,15.46445],[99.95652,15.47],[99.95462,15.48012],[99.95359,15.49035],[99.95396,15.49817],[99.95337,15.49992],[99.95241,15.50063],[99.95117,15.50085],[99.95008,15.49992]]}},{"type":"Feature","id":"osm_waterway_80913425","properties":{"feature_type":"osm_waterway","osm_id":"80913425","river_name":"","waterway":"canal","length_km":0.02},"geometry":{"type":"LineString","coordinates":[[99.95008,15.49992],[99.94998,15.49982]]}},{"type":"Feature","id":"osm_waterway_122224576","properties":{"feature_type":"osm_waterway","osm_id":"122224576","river_name":"แม่น้ำสะแกกรัง","waterway":"river","length_km":19.29},"geometry":{"type":"LineString","coordinates":[[100.05421,15.42332],[100.0532,15.42115],[100.05395,15.41518],[100.05568,15.4132],[100.0577,15.40942],[100.0611,15.40893],[100.06268,15.40756],[100.06444,15.40804],[100.06568,15.40674],[100.0646,15.403],[100.06374,15.40296],[100.06198,15.4047],[100.06023,15.40378],[100.05996,15.39777],[100.0611,15.39599],[100.06188,15.39286],[100.06337,15.39111],[100.06662,15.38957],[100.06705,15.38761],[100.06586,15.38672],[100.06465,15.38684],[100.06178,15.38874],[100.05858,15.38971],[100.0548,15.39239],[100.05186,15.39181],[100.04481,15.39198],[100.03955,15.39071],[100.0353,15.38869],[100.03145,15.3877],[100.02966,15.38551],[100.02957,15.38411],[100.03366,15.38084],[100.03804,15.37554],[100.04602,15.36975],[100.04977,15.368],[100.05381,15.3646],[100.05494,15.36309],[100.05992,15.35022],[100.06569,15.34389],[100.06921,15.34163],[100.07662,15.33849],[100.07788,15.33682],[100.0784,15.33293],[100.07516,15.32809]]}},{"type":"Feature","id":"osm_waterway_122225378","properties":{"feature_type":"osm_waterway","osm_id":"122225378","river_name":"","waterway":"canal","length_km":1.59},"geometry":{"type":"LineString","coordinates":[[100.07467,15.37741],[100.07288,15.38423],[100.07086,15.3872],[100.06716,15.38788]]}},{"type":"Feature","id":"osm_waterway_122416993","properties":{"feature_type":"osm_waterway","osm_id":"122416993","river_name":"","waterway":"canal","length_km":0.5},"geometry":{"type":"LineString","coordinates":[[100.08504,15.3843],[100.08409,15.37993]]}},{"type":"Feature","id":"osm_waterway_140812972","properties":{"feature_type":"osm_waterway","osm_id":"140812972","river_name":"","waterway":"river","length_km":17.52},"geometry":{"type":"LineString","coordinates":[[99.82657,15.39386],[99.83112,15.39247],[99.83234,15.39326],[99.83256,15.39213],[99.83392,15.39242],[99.83622,15.39117],[99.83668,15.39034],[99.83786,15.3906],[99.84156,15.3898],[99.84407,15.38995],[99.84478,15.39065],[99.84518,15.39005],[99.84828,15.38981],[99.84997,15.38908],[99.85087,15.38971],[99.85411,15.38825],[99.85569,15.38836],[99.85771,15.38604],[99.85948,15.38508],[99.86046,15.38515],[99.86102,15.38415],[99.86167,15.38444],[99.86422,15.38343],[99.86533,15.38154],[99.86817,15.38152],[99.87121,15.38049],[99.87171,15.37901],[99.87306,15.37788],[99.87612,15.37957],[99.87933,15.37871],[99.88039,15.37911],[99.88365,15.3781],[99.88633,15.37921],[99.88757,15.37857],[99.88931,15.37893],[99.8917,15.37752],[99.89454,15.37823],[99.8964,15.37982],[99.89907,15.37993],[99.90295,15.38121],[99.90357,15.38178],[99.90368,15.38346],[99.90699,15.38371],[99.90766,15.38482],[99.90883,15.38457],[99.91053,15.38739],[99.91155,15.38666],[99.91481,15.38697],[99.91725,15.38583],[99.91979,15.38764],[99.92444,15.38726],[99.92579,15.38575],[99.92679,15.38583],[99.92854,15.38464],[99.92908,15.38483],[99.92893,15.38641],[99.93278,15.38618],[99.93307,15.38563],[99.93342,15.3866],[99.93389,15.38596],[99.93463,15.38621],[99.93497,15.38501],[99.936,15.3851],[99.93667,15.38591],[99.93658,15.38504],[99.93816,15.3853],[99.9387,15.38495],[99.93851,15.38436],[99.9412,15.38352],[99.94151,15.38445],[99.9421,15.38459],[99.94275,15.38348],[99.94369,15.38446],[99.94407,15.38394],[99.94348,15.3833],[99.94552,15.38165],[99.94508,15.38038],[99.94647,15.37959],[99.94673,15.38025],[99.94806,15.3793]]}},{"type":"Feature","id":"osm_waterway_160011563","properties":{"feature_type":"osm_waterway","osm_id":"160011563","river_name":"","waterway":"stream","length_km":1.34},"geometry":{"type":"LineString","coordinates":[[100.03257,15.30159],[100.03395,15.30249],[100.03621,15.30207],[100.03801,15.30261],[100.04112,15.30029],[100.04192,15.2982]]}},{"type":"Feature","id":"osm_waterway_160011565","properties":{"feature_type":"osm_waterway","osm_id":"160011565","river_name":"","waterway":"stream","length_km":2.59},"geometry":{"type":"LineString","coordinates":[[100.03589,15.3193],[100.03514,15.31109],[100.03383,15.31093],[100.0339,15.30936],[100.03112,15.3056],[100.03099,15.3046],[100.03258,15.30259],[100.03206,15.29931]]}},{"type":"Feature","id":"osm_waterway_180195605","properties":{"feature_type":"osm_waterway","osm_id":"180195605","river_name":"Tak Daet","waterway":"river","length_km":13.16},"geometry":{"type":"LineString","coordinates":[[99.86521,15.62833],[99.86507,15.62741],[99.86344,15.62694],[99.8646,15.62238],[99.86327,15.62203],[99.86225,15.62017],[99.86295,15.61987],[99.86412,15.62064],[99.86574,15.61888],[99.86538,15.61796],[99.86391,15.61855],[99.8629,15.61682],[99.8641,15.61575],[99.86432,15.61445],[99.86634,15.61318],[99.86566,15.611],[99.86712,15.6098],[99.86656,15.60823],[99.86734,15.60736],[99.86576,15.60576],[99.86768,15.60572],[99.86862,15.6048],[99.86834,15.60407],[99.86707,15.60337],[99.8679,15.60133],[99.86933,15.60077],[99.86789,15.59925],[99.86662,15.59931],[99.86849,15.59699],[99.86706,15.59563],[99.86621,15.59362],[99.86876,15.5927],[99.86887,15.59104],[99.86699,15.58978],[99.86926,15.58889],[99.86863,15.58758],[99.86632,15.58686],[99.86566,15.58571],[99.86707,15.58311],[99.86645,15.58171],[99.86801,15.58064],[99.86856,15.57722],[99.86961,15.57668],[99.86844,15.57474],[99.87099,15.57262],[99.87043,15.57215],[99.86851,15.57215],[99.86985,15.57076],[99.87087,15.56801],[99.87,15.56692],[99.86828,15.56761],[99.86791,15.56706],[99.87126,15.56421],[99.87138,15.56208],[99.87353,15.56074],[99.875,15.56083],[99.87673,15.55907],[99.87678,15.55818],[99.87561,15.55663],[99.87768,15.55475]]}},{"type":"Feature","id":"osm_waterway_180350476","properties":{"feature_type":"osm_waterway","osm_id":"180350476","river_name":"","waterway":"drain","length_km":2.68},"geometry":{"type":"LineString","coordinates":[[99.96611,15.50564],[99.96765,15.50783],[99.98738,15.51761]]}},{"type":"Feature","id":"osm_waterway_180351708","properties":{"feature_type":"osm_waterway","osm_id":"180351708","river_name":"","waterway":"canal","length_km":2.44},"geometry":{"type":"LineString","coordinates":[[99.98877,15.52377],[99.9833,15.52156],[99.98096,15.52158],[99.97733,15.52036],[99.97452,15.52063],[99.96775,15.51734]]}},{"type":"Feature","id":"osm_waterway_180351719","properties":{"feature_type":"osm_waterway","osm_id":"180351719","river_name":"","waterway":"drain","length_km":1.68},"geometry":{"type":"LineString","coordinates":[[99.95549,15.51046],[99.95644,15.5076],[99.96059,15.50824],[99.96794,15.50456]]}},{"type":"Feature","id":"osm_waterway_180353543","properties":{"feature_type":"osm_waterway","osm_id":"180353543","river_name":"Tak Daet","waterway":"river","length_km":20.84},"geometry":{"type":"LineString","coordinates":[[99.94829,15.50122],[99.94973,15.50227],[99.95339,15.50293],[99.95636,15.50469],[99.958,15.50646],[99.95949,15.50695],[99.96182,15.50383],[99.96694,15.50306],[99.9676,15.49949],[99.96864,15.49944],[99.97094,15.50129],[99.97372,15.49877],[99.97696,15.49924],[99.97778,15.49887],[99.97971,15.49623],[99.9824,15.49668],[99.98495,15.49609],[99.98553,15.49529],[99.98376,15.49313],[99.98372,15.49194],[99.98707,15.49201],[99.98815,15.49062],[99.98929,15.49021],[99.99218,15.49197],[99.99376,15.49145],[99.99476,15.48986],[99.99451,15.48811],[99.99584,15.48591],[99.99862,15.48544],[100.00032,15.48433],[100.00136,15.48154],[99.99998,15.4795],[100.00006,15.47845],[100.00185,15.47773],[100.00219,15.4771],[100.00317,15.47388],[100.00272,15.47231],[100.00432,15.47156],[100.00498,15.4731],[100.00605,15.4738],[100.00708,15.47267],[100.0072,15.47073],[100.0106,15.47171],[100.01086,15.47072],[100.01016,15.46866],[100.01203,15.46778],[100.01172,15.46592],[100.01289,15.46555],[100.01317,15.464],[100.01561,15.46361],[100.01575,15.46288],[100.015,15.46175],[100.01526,15.46092],[100.01686,15.46063],[100.01895,15.46157],[100.02067,15.46036],[100.02406,15.45993],[100.02477,15.45832],[100.02669,15.45901],[100.03246,15.45222],[100.03387,15.44886],[100.0363,15.4485],[100.03741,15.445],[100.03792,15.44436],[100.03861,15.44448],[100.03929,15.44317],[100.04055,15.44331],[100.0416,15.4426],[100.04593,15.44275],[100.04852,15.44057],[100.05083,15.44217],[100.05141,15.44177],[100.05157,15.44044],[100.0537,15.43957],[100.05412,15.43744],[100.05546,15.43668],[100.05558,15.43457],[100.05523,15.43285],[100.05397,15.43218],[100.05347,15.43116],[100.05461,15.42997],[100.05353,15.42824],[100.05356,15.42453],[100.05421,15.42332]]}},{"type":"Feature","id":"osm_waterway_180353544","properties":{"feature_type":"osm_waterway","osm_id":"180353544","river_name":"Tak Daet","waterway":"river","length_km":2.65},"geometry":{"type":"LineString","coordinates":[[99.87768,15.55475],[99.87793,15.5539],[99.87864,15.55377],[99.88014,15.55548],[99.88072,15.55529],[99.88084,15.55166],[99.8814,15.55062],[99.88093,15.54943],[99.88374,15.54813],[99.88346,15.54446],[99.88752,15.54499],[99.88948,15.5441]]}},{"type":"Feature","id":"osm_waterway_180354949","properties":{"feature_type":"osm_waterway","osm_id":"180354949","river_name":"","waterway":"river","length_km":1.28},"geometry":{"type":"LineString","coordinates":[[100.07646,15.493],[100.07506,15.49319],[100.07378,15.49259],[100.07253,15.49025],[100.07144,15.48993],[100.07106,15.48895],[100.07194,15.48785],[100.07103,15.48757],[100.07079,15.48632]]}},{"type":"Feature","id":"osm_waterway_180354950","properties":{"feature_type":"osm_waterway","osm_id":"180354950","river_name":"","waterway":"canal","length_km":7.04},"geometry":{"type":"LineString","coordinates":[[100.05511,15.524],[100.05589,15.5237],[100.05776,15.52509],[100.05842,15.52692],[100.06092,15.52628],[100.06158,15.52721],[100.06309,15.52702],[100.06512,15.52785],[100.06615,15.52707],[100.06706,15.52423],[100.0673,15.52296],[100.06619,15.52201],[100.06489,15.51898],[100.06366,15.51771],[100.06374,15.51623],[100.06185,15.51437],[100.06151,15.51296],[100.05901,15.51123],[100.06253,15.5086],[100.06368,15.50505],[100.0638,15.50275],[100.06005,15.49756],[100.06071,15.49705],[100.06051,15.49554],[100.06132,15.49552],[100.06213,15.49493],[100.0618,15.49426],[100.06278,15.49395],[100.06318,15.49028],[100.06402,15.48894],[100.06485,15.48877]]}},{"type":"Feature","id":"osm_waterway_180419869","properties":{"feature_type":"osm_waterway","osm_id":"180419869","river_name":"","waterway":"river","length_km":2.14},"geometry":{"type":"LineString","coordinates":[[100.02608,15.48127],[100.02399,15.48237],[100.02228,15.48167],[100.02012,15.48163],[100.01899,15.48085],[100.01762,15.47823],[100.01482,15.47568],[100.01062,15.47421]]}},{"type":"Feature","id":"osm_waterway_180452582","properties":{"feature_type":"osm_waterway","osm_id":"180452582","river_name":"","waterway":"stream","length_km":1.21},"geometry":{"type":"LineString","coordinates":[[100.1159,15.521],[100.11574,15.51986],[100.11665,15.51799],[100.11842,15.51714],[100.11686,15.51611],[100.11669,15.51452],[100.11754,15.51322]]}},{"type":"Feature","id":"osm_waterway_198480355","properties":{"feature_type":"osm_waterway","osm_id":"198480355","river_name":"","waterway":"weir","length_km":0.02},"geometry":{"type":"LineString","coordinates":[[99.59387,15.76693],[99.59382,15.7671]]}},{"type":"Feature","id":"osm_waterway_198480446","properties":{"feature_type":"osm_waterway","osm_id":"198480446","river_name":"","waterway":"weir","length_km":0.02},"geometry":{"type":"LineString","coordinates":[[99.59336,15.76503],[99.59344,15.76516]]}},{"type":"Feature","id":"osm_waterway_198480447","properties":{"feature_type":"osm_waterway","osm_id":"198480447","river_name":"","waterway":"weir","length_km":0.02},"geometry":{"type":"LineString","coordinates":[[99.59185,15.7629],[99.59196,15.76301]]}},{"type":"Feature","id":"osm_waterway_198480760","properties":{"feature_type":"osm_waterway","osm_id":"198480760","river_name":"","waterway":"weir","length_km":0.02},"geometry":{"type":"LineString","coordinates":[[99.59316,15.76975],[99.59317,15.76992]]}},{"type":"Feature","id":"osm_waterway_198481421","properties":{"feature_type":"osm_waterway","osm_id":"198481421","river_name":"","waterway":"weir","length_km":0.02},"geometry":{"type":"LineString","coordinates":[[99.56145,15.74805],[99.56162,15.74816]]}},{"type":"Feature","id":"osm_waterway_198481422","properties":{"feature_type":"osm_waterway","osm_id":"198481422","river_name":"","waterway":"weir","length_km":0.01},"geometry":{"type":"LineString","coordinates":[[99.55819,15.7505],[99.55818,15.75064]]}},{"type":"Feature","id":"osm_waterway_198481423","properties":{"feature_type":"osm_waterway","osm_id":"198481423","river_name":"","waterway":"weir","length_km":0.02},"geometry":{"type":"LineString","coordinates":[[99.56381,15.74688],[99.56397,15.74679]]}},{"type":"Feature","id":"osm_waterway_198481424","properties":{"feature_type":"osm_waterway","osm_id":"198481424","river_name":"","waterway":"weir","length_km":0.02},"geometry":{"type":"LineString","coordinates":[[99.55969,15.74837],[99.55966,15.74856]]}},{"type":"Feature","id":"osm_waterway_198481425","properties":{"feature_type":"osm_waterway","osm_id":"198481425","river_name":"","waterway":"weir","length_km":0.02},"geometry":{"type":"LineString","coordinates":[[99.56566,15.74629],[99.56589,15.7463]]}},{"type":"Feature","id":"osm_waterway_198481887","properties":{"feature_type":"osm_waterway","osm_id":"198481887","river_name":"","waterway":"weir","length_km":0.02},"geometry":{"type":"LineString","coordinates":[[99.56746,15.74473],[99.56767,15.74467]]}},{"type":"Feature","id":"osm_waterway_198481888","properties":{"feature_type":"osm_waterway","osm_id":"198481888","river_name":"","waterway":"weir","length_km":0.02},"geometry":{"type":"LineString","coordinates":[[99.57055,15.74319],[99.57071,15.74314]]}},{"type":"Feature","id":"osm_waterway_198481890","properties":{"feature_type":"osm_waterway","osm_id":"198481890","river_name":"","waterway":"weir","length_km":0.01},"geometry":{"type":"LineString","coordinates":[[99.56894,15.74363],[99.56897,15.74355]]}},{"type":"Feature","id":"osm_waterway_237216259","properties":{"feature_type":"osm_waterway","osm_id":"237216259","river_name":"","waterway":"river","length_km":6.27},"geometry":{"type":"LineString","coordinates":[[99.50462,15.49162],[99.50499,15.48509],[99.50638,15.48254],[99.50612,15.48097],[99.5077,15.48098],[99.50978,15.4789],[99.5113,15.4791],[99.51162,15.47803],[99.51087,15.47733],[99.51125,15.47707],[99.5131,15.4774],[99.51411,15.47925],[99.51558,15.47978],[99.51605,15.47808],[99.51955,15.4726],[99.519,15.47098],[99.51993,15.46976],[99.522,15.46863],[99.52186,15.46743],[99.52254,15.46647],[99.52569,15.46485],[99.52673,15.4649],[99.52759,15.46408],[99.52993,15.46456],[99.53191,15.46353],[99.53419,15.4645],[99.53501,15.4639]]}},{"type":"Feature","id":"osm_waterway_252710953","properties":{"feature_type":"osm_waterway","osm_id":"252710953","river_name":"","waterway":"canal","length_km":0.05},"geometry":{"type":"LineString","coordinates":[[99.71095,15.4897],[99.71096,15.49015]]}},{"type":"Feature","id":"osm_waterway_252710954","properties":{"feature_type":"osm_waterway","osm_id":"252710954","river_name":"","waterway":"canal","length_km":1.5},"geometry":{"type":"LineString","coordinates":[[99.71222,15.47641],[99.7142,15.47908],[99.71356,15.48402],[99.71377,15.48819],[99.71292,15.4883]]}},{"type":"Feature","id":"osm_waterway_252710965","properties":{"feature_type":"osm_waterway","osm_id":"252710965","river_name":"","waterway":"canal","length_km":0.34},"geometry":{"type":"LineString","coordinates":[[99.71271,15.4883],[99.71094,15.48833],[99.71095,15.4897]]}},{"type":"Feature","id":"osm_waterway_252710967","properties":{"feature_type":"osm_waterway","osm_id":"252710967","river_name":"","waterway":"canal","length_km":0.02},"geometry":{"type":"LineString","coordinates":[[99.71292,15.4883],[99.71271,15.4883]]}},{"type":"Feature","id":"osm_waterway_252711196","properties":{"feature_type":"osm_waterway","osm_id":"252711196","river_name":"","waterway":"river","length_km":0.77},"geometry":{"type":"LineString","coordinates":[[99.69437,15.49175],[99.69679,15.49217],[99.69948,15.49431]]}},{"type":"Feature","id":"osm_waterway_253136470","properties":{"feature_type":"osm_waterway","osm_id":"253136470","river_name":"","waterway":"stream","length_km":0.45},"geometry":{"type":"LineString","coordinates":[[99.67096,15.53349],[99.67164,15.53514],[99.67355,15.53633]]}},{"type":"Feature","id":"osm_waterway_269899018","properties":{"feature_type":"osm_waterway","osm_id":"269899018","river_name":"คลองแม่วงก์","waterway":"river","length_km":13.84},"geometry":{"type":"LineString","coordinates":[[99.27544,15.90354],[99.27823,15.90329],[99.28126,15.89807],[99.28578,15.89729],[99.28686,15.89663],[99.28915,15.89205],[99.29091,15.89208],[99.29221,15.89377],[99.29212,15.89983],[99.29185,15.9005],[99.28892,15.90151],[99.28961,15.90459],[99.2906,15.90508],[99.293,15.90306],[99.29475,15.90327],[99.29536,15.90506],[99.29509,15.90723],[99.29711,15.90888],[99.30195,15.90787],[99.30328,15.90483],[99.30436,15.9038],[99.30771,15.90354],[99.31037,15.90487],[99.31165,15.90758],[99.31054,15.91219],[99.31069,15.91828],[99.31241,15.91924],[99.31749,15.91697],[99.31905,15.91687],[99.31976,15.91748],[99.32022,15.91981],[99.31882,15.92607],[99.31996,15.92752],[99.32705,15.92162],[99.32808,15.91994],[99.32579,15.9163],[99.32764,15.91263],[99.32911,15.91161],[99.33243,15.91139]]}},{"type":"Feature","id":"osm_waterway_269899032","properties":{"feature_type":"osm_waterway","osm_id":"269899032","river_name":"","waterway":"river","length_km":3.48},"geometry":{"type":"LineString","coordinates":[[99.65143,15.82164],[99.65139,15.82218],[99.6519,15.82202],[99.65171,15.8206],[99.65296,15.82036],[99.65347,15.81934],[99.65451,15.81901],[99.65542,15.81944],[99.65594,15.81899],[99.65622,15.8178],[99.65579,15.81693],[99.6572,15.81685],[99.65667,15.81564],[99.6583,15.81375],[99.65799,15.81225],[99.65895,15.8103],[99.66048,15.80863],[99.66164,15.80839],[99.66234,15.80594],[99.66178,15.80512],[99.66283,15.80505],[99.66335,15.80399],[99.66423,15.80385],[99.66381,15.80323]]}},{"type":"Feature","id":"osm_waterway_269899046","properties":{"feature_type":"osm_waterway","osm_id":"269899046","river_name":"","waterway":"river","length_km":5.39},"geometry":{"type":"LineString","coordinates":[[99.63189,15.85463],[99.63625,15.8542],[99.63679,15.85234],[99.63862,15.85078],[99.6373,15.84685],[99.63861,15.84428],[99.63838,15.84255],[99.63738,15.84078],[99.63805,15.83935],[99.63764,15.83822],[99.63914,15.83576],[99.63944,15.83382],[99.64023,15.83257],[99.64142,15.83259],[99.64242,15.83159],[99.64226,15.8307],[99.64307,15.82902],[99.64558,15.82784],[99.64584,15.82719],[99.64763,15.82705],[99.64746,15.82609],[99.64902,15.82323],[99.65003,15.82365],[99.65011,15.82213],[99.65143,15.82164]]}},{"type":"Feature","id":"osm_waterway_269899053","properties":{"feature_type":"osm_waterway","osm_id":"269899053","river_name":"","waterway":"river","length_km":2.57},"geometry":{"type":"LineString","coordinates":[[99.58664,15.87797],[99.58795,15.87725],[99.58899,15.87751],[99.58932,15.87819],[99.59048,15.87817],[99.58991,15.8771],[99.59015,15.87533],[99.5914,15.87541],[99.5923,15.87455],[99.59323,15.87456],[99.59392,15.87301],[99.59509,15.87402],[99.59703,15.8731],[99.59714,15.87201],[99.59798,15.87103],[99.59696,15.87058],[99.59736,15.86885]]}},{"type":"Feature","id":"osm_waterway_269899062","properties":{"feature_type":"osm_waterway","osm_id":"269899062","river_name":"คลองแม่วงก์","waterway":"river","length_km":27.8},"geometry":{"type":"LineString","coordinates":[[99.41117,15.91044],[99.41341,15.91097],[99.41602,15.91055],[99.41589,15.91181],[99.41748,15.91379],[99.42132,15.91533],[99.42289,15.91794],[99.42454,15.91773],[99.42365,15.91873],[99.42449,15.92029],[99.42561,15.92085],[99.42715,15.91916],[99.42711,15.91651],[99.42872,15.91524],[99.43004,15.91284],[99.43047,15.90968],[99.43166,15.90921],[99.4346,15.91065],[99.43591,15.91072],[99.43693,15.91017],[99.43893,15.90723],[99.44517,15.9031],[99.44746,15.9026],[99.44936,15.90506],[99.45678,15.90424],[99.45941,15.90546],[99.46095,15.90521],[99.46628,15.90077],[99.47333,15.90239],[99.47675,15.90222],[99.47736,15.90262],[99.47635,15.90667],[99.47955,15.90803],[99.4814,15.91046],[99.48121,15.91251],[99.47902,15.91602],[99.47792,15.91963],[99.478,15.92121],[99.47856,15.92189],[99.48791,15.92298],[99.49403,15.9247],[99.50054,15.92804],[99.50231,15.92829],[99.50649,15.92646],[99.5086,15.9263],[99.5109,15.92349],[99.51688,15.92395],[99.51832,15.92461],[99.52087,15.92366],[99.52328,15.9252],[99.52446,15.92473],[99.52547,15.92182],[99.52872,15.92092],[99.52954,15.92108],[99.53084,15.92319],[99.53351,15.92478],[99.53742,15.92494],[99.53994,15.92433],[99.54091,15.92384],[99.54077,15.92306],[99.54442,15.92144],[99.5468,15.91916],[99.5505,15.91796],[99.55221,15.91524],[99.55274,15.91496],[99.55439,15.91558],[99.55468,15.91475],[99.55366,15.91351],[99.55363,15.91207],[99.55571,15.91008],[99.55515,15.90899],[99.55651,15.90643],[99.55853,15.90615],[99.56254,15.90712],[99.56443,15.90634],[99.56494,15.90532],[99.56733,15.90596],[99.56797,15.90542],[99.56912,15.90568],[99.57053,15.90446],[99.57116,15.90543],[99.5725,15.90514],[99.57385,15.90593],[99.57697,15.90444],[99.57743,15.90565],[99.57823,15.90529],[99.57877,15.90409],[99.57986,15.90407],[99.58003,15.90342],[99.57777,15.90217],[99.5777,15.90064],[99.57977,15.90019],[99.58069,15.89851],[99.58248,15.89855],[99.5824,15.89777]]}},{"type":"Feature","id":"osm_waterway_269899073","properties":{"feature_type":"osm_waterway","osm_id":"269899073","river_name":"คลองแม่วงก์","waterway":"river","length_km":9.73},"geometry":{"type":"LineString","coordinates":[[99.33655,15.91464],[99.34325,15.91979],[99.35551,15.92636],[99.35767,15.92689],[99.36208,15.92269],[99.374,15.9154],[99.37621,15.91526],[99.3789,15.91673],[99.3827,15.91709],[99.38889,15.91596],[99.39229,15.91631],[99.39514,15.91449],[99.40003,15.9136],[99.40242,15.91424],[99.40284,15.91381],[99.40256,15.91262],[99.40471,15.91011],[99.40564,15.91036],[99.4058,15.91205],[99.40692,15.91207],[99.40775,15.91092],[99.40869,15.91125],[99.40985,15.91047],[99.41117,15.91044]]}},{"type":"Feature","id":"osm_waterway_269899115","properties":{"feature_type":"osm_waterway","osm_id":"269899115","river_name":"","waterway":"river","length_km":17.11},"geometry":{"type":"LineString","coordinates":[[99.19276,15.93782],[99.19442,15.93786],[99.19559,15.93957],[99.19488,15.94204],[99.19394,15.94255],[99.19286,15.94234],[99.19253,15.94286],[99.19362,15.94535],[99.19652,15.94386],[99.19883,15.94014],[99.20216,15.93843],[99.20378,15.93622],[99.2049,15.93707],[99.20484,15.94283],[99.20636,15.94629],[99.20861,15.94843],[99.21008,15.94829],[99.21068,15.94759],[99.21188,15.94441],[99.2138,15.94387],[99.21617,15.94436],[99.21704,15.94387],[99.21758,15.94281],[99.21716,15.94154],[99.21379,15.94022],[99.21347,15.93905],[99.21676,15.93817],[99.21886,15.93682],[99.22014,15.93714],[99.22065,15.93811],[99.2206,15.94417],[99.22097,15.9449],[99.22229,15.94477],[99.2239,15.94271],[99.22538,15.93706],[99.23165,15.93273],[99.23353,15.92892],[99.23847,15.92639],[99.24239,15.92233],[99.25193,15.91728],[99.25836,15.91515],[99.26617,15.90743],[99.26768,15.9071],[99.26848,15.91228],[99.27006,15.91259],[99.27126,15.91191],[99.2726,15.91042],[99.27357,15.90803],[99.27367,15.90445],[99.2742,15.90372],[99.27544,15.90354]]}},{"type":"Feature","id":"osm_waterway_269899140","properties":{"feature_type":"osm_waterway","osm_id":"269899140","river_name":"","waterway":"river","length_km":0.68},"geometry":{"type":"LineString","coordinates":[[99.33243,15.91139],[99.33546,15.91187],[99.33655,15.91464]]}},{"type":"Feature","id":"osm_waterway_269899144","properties":{"feature_type":"osm_waterway","osm_id":"269899144","river_name":"","waterway":"river","length_km":3.6},"geometry":{"type":"LineString","coordinates":[[99.66581,15.77417],[99.66887,15.77241],[99.66879,15.77136],[99.66815,15.77112],[99.66859,15.76941],[99.66904,15.76932],[99.66793,15.768],[99.67006,15.76652],[99.66951,15.76478],[99.67223,15.76369],[99.67212,15.76194],[99.67453,15.76264],[99.67471,15.7632],[99.67538,15.76304],[99.67531,15.7611],[99.67729,15.76038],[99.67793,15.75954],[99.67872,15.75976],[99.67858,15.75861]]}},{"type":"Feature","id":"osm_waterway_269899162","properties":{"feature_type":"osm_waterway","osm_id":"269899162","river_name":"","waterway":"river","length_km":3.32},"geometry":{"type":"LineString","coordinates":[[99.17226,15.93717],[99.1736,15.93715],[99.17576,15.9344],[99.17905,15.93358],[99.18459,15.92873],[99.18608,15.92845],[99.18797,15.93026],[99.19094,15.93165],[99.19164,15.93263],[99.19216,15.93469],[99.19168,15.93721],[99.19276,15.93782]]}},{"type":"Feature","id":"osm_waterway_269899181","properties":{"feature_type":"osm_waterway","osm_id":"269899181","river_name":"","waterway":"river","length_km":2.51},"geometry":{"type":"LineString","coordinates":[[99.59703,15.8731],[99.59821,15.87454],[99.5997,15.87522],[99.60264,15.87425],[99.60333,15.87243],[99.60852,15.87014],[99.60973,15.86481],[99.6122,15.86435]]}},{"type":"Feature","id":"osm_waterway_269899189","properties":{"feature_type":"osm_waterway","osm_id":"269899189","river_name":"","waterway":"river","length_km":2.3},"geometry":{"type":"LineString","coordinates":[[99.73274,15.72118],[99.73156,15.7198],[99.73099,15.72077],[99.72939,15.72027],[99.72718,15.72148],[99.72577,15.72058],[99.72443,15.72174],[99.72417,15.72108],[99.72103,15.72034],[99.72061,15.7186],[99.71863,15.71836],[99.71871,15.71685]]}},{"type":"Feature","id":"osm_waterway_269899196","properties":{"feature_type":"osm_waterway","osm_id":"269899196","river_name":"แม่น้ำแม่วงก์","waterway":"river","length_km":3.31},"geometry":{"type":"LineString","coordinates":[[99.66381,15.80323],[99.66356,15.80286],[99.66434,15.80232],[99.66494,15.80057],[99.66583,15.80003],[99.66597,15.79899],[99.66702,15.79865],[99.66949,15.79537],[99.66958,15.79313],[99.67208,15.79236],[99.67224,15.79122],[99.67314,15.79103],[99.67263,15.78976],[99.67377,15.78906],[99.67433,15.78774],[99.67564,15.78713],[99.67666,15.78519],[99.67768,15.78617],[99.67991,15.78531]]}},{"type":"Feature","id":"osm_waterway_269899213","properties":{"feature_type":"osm_waterway","osm_id":"269899213","river_name":"","waterway":"stream","length_km":1.96},"geometry":{"type":"LineString","coordinates":[[99.59736,15.86885],[99.59798,15.86767],[99.59885,15.86807],[99.59874,15.86727],[99.60025,15.86762],[99.60286,15.86677],[99.60201,15.86554],[99.6027,15.86486],[99.60344,15.86519],[99.60456,15.8645],[99.60457,15.86363],[99.60374,15.86272],[99.60542,15.86105]]}},{"type":"Feature","id":"osm_waterway_269899220","properties":{"feature_type":"osm_waterway","osm_id":"269899220","river_name":"","waterway":"river","length_km":3.35},"geometry":{"type":"LineString","coordinates":[[99.71871,15.71685],[99.71699,15.71571],[99.71572,15.71369],[99.71262,15.71279],[99.71153,15.71088],[99.71045,15.71077],[99.7096,15.7099],[99.70868,15.7103],[99.70889,15.70978],[99.70744,15.70854],[99.7079,15.70751],[99.7072,15.70704],[99.70516,15.70708],[99.70335,15.70807],[99.70216,15.70778],[99.70143,15.70818],[99.69876,15.70694],[99.69587,15.70784]]}},{"type":"Feature","id":"osm_waterway_269899223","properties":{"feature_type":"osm_waterway","osm_id":"269899223","river_name":"","waterway":"river","length_km":0.65},"geometry":{"type":"LineString","coordinates":[[99.33243,15.91139],[99.33387,15.91201],[99.33496,15.91441],[99.33655,15.91464]]}},{"type":"Feature","id":"osm_waterway_374294733","properties":{"feature_type":"osm_waterway","osm_id":"374294733","river_name":"","waterway":"river","length_km":7.83},"geometry":{"type":"LineString","coordinates":[[99.49434,15.68293],[99.49519,15.67882],[99.49493,15.67768],[99.49098,15.67294],[99.48918,15.66976],[99.48927,15.66868],[99.49222,15.66673],[99.49245,15.666],[99.49117,15.66564],[99.49081,15.66483],[99.49329,15.66158],[99.4933,15.65972],[99.49064,15.65855],[99.49206,15.65219],[99.49708,15.65045],[99.49878,15.64695],[99.50085,15.64717],[99.50234,15.64595],[99.50602,15.6453],[99.50825,15.64173],[99.51014,15.63987],[99.51332,15.63973],[99.51785,15.63738]]}},{"type":"Feature","id":"osm_waterway_374294734","properties":{"feature_type":"osm_waterway","osm_id":"374294734","river_name":"","waterway":"dam","length_km":5.57},"geometry":{"type":"LineString","coordinates":[[99.49402,15.68329],[99.49449,15.68338],[99.49472,15.6827],[99.49371,15.68109],[99.47832,15.66435],[99.49413,15.68266],[99.49402,15.68329]]}},{"type":"Feature","id":"osm_waterway_374294736","properties":{"feature_type":"osm_waterway","osm_id":"374294736","river_name":"","waterway":"river","length_km":0.09},"geometry":{"type":"LineString","coordinates":[[99.49332,15.68176],[99.49385,15.68118]]}},{"type":"Feature","id":"osm_waterway_374294737","properties":{"feature_type":"osm_waterway","osm_id":"374294737","river_name":"","waterway":"river","length_km":0.02},"geometry":{"type":"LineString","coordinates":[[99.49413,15.6829],[99.49434,15.68293]]}},{"type":"Feature","id":"osm_waterway_374294738","properties":{"feature_type":"osm_waterway","osm_id":"374294738","river_name":"","waterway":"river","length_km":0.17},"geometry":{"type":"LineString","coordinates":[[99.49385,15.68118],[99.49492,15.68013]]}},{"type":"Feature","id":"osm_waterway_374372535","properties":{"feature_type":"osm_waterway","osm_id":"374372535","river_name":"","waterway":"river","length_km":4.98},"geometry":{"type":"LineString","coordinates":[[99.45269,15.73204],[99.45408,15.73195],[99.45636,15.73278],[99.45699,15.73424],[99.4578,15.73439],[99.45953,15.73261],[99.46236,15.732],[99.46411,15.72952],[99.46455,15.7258],[99.46559,15.72551],[99.46781,15.72144],[99.4689,15.72064],[99.46947,15.72145],[99.46986,15.72097],[99.46953,15.71865],[99.47114,15.71683],[99.47188,15.71155],[99.4736,15.71004],[99.47341,15.70693],[99.47463,15.70606]]}},{"type":"Feature","id":"osm_waterway_376243712","properties":{"feature_type":"osm_waterway","osm_id":"376243712","river_name":"คลองโพ","waterway":"canal","length_km":4.2},"geometry":{"type":"LineString","coordinates":[[99.85582,15.56513],[99.8562,15.56617],[99.85694,15.56637],[99.85712,15.5653],[99.85869,15.56392],[99.85783,15.5632],[99.8581,15.56169],[99.85902,15.56198],[99.85986,15.56119],[99.86019,15.56192],[99.86181,15.56239],[99.86302,15.56159],[99.86414,15.56169],[99.86335,15.56033],[99.8638,15.55907],[99.86573,15.5582],[99.86708,15.55852],[99.86745,15.55711],[99.87152,15.55607],[99.87161,15.55442],[99.87243,15.55318],[99.8741,15.55491],[99.87593,15.55408],[99.87642,15.55475],[99.87771,15.55464]]}},{"type":"Feature","id":"osm_waterway_376318017","properties":{"feature_type":"osm_waterway","osm_id":"376318017","river_name":"","waterway":"weir","length_km":0.04},"geometry":{"type":"LineString","coordinates":[[99.89959,15.46737],[99.89973,15.46703]]}},{"type":"Feature","id":"osm_waterway_376318018","properties":{"feature_type":"osm_waterway","osm_id":"376318018","river_name":"คลองทัพทัน","waterway":"canal","length_km":9.97},"geometry":{"type":"LineString","coordinates":[[99.91963,15.47298],[99.91871,15.47227],[99.91897,15.47132],[99.91718,15.46942],[99.91644,15.46937],[99.91605,15.46789],[99.91495,15.46839],[99.91265,15.46827],[99.91162,15.46741],[99.9112,15.46808],[99.90977,15.46827],[99.90908,15.46916],[99.9084,15.46889],[99.9072,15.4698],[99.90594,15.46886],[99.90381,15.46944],[99.90278,15.46837],[99.90279,15.46726],[99.9021,15.4674],[99.90185,15.46684],[99.90116,15.46688],[99.90066,15.46767],[99.89926,15.46712],[99.8972,15.46803],[99.89635,15.46763],[99.89578,15.46594],[99.89408,15.46509],[99.89316,15.46314],[99.89246,15.46276],[99.89055,15.4627],[99.88941,15.46383],[99.88827,15.46266],[99.88785,15.46354],[99.88556,15.46453],[99.88447,15.46417],[99.88531,15.46387],[99.88519,15.46335],[99.88411,15.46334],[99.88455,15.46202],[99.88068,15.46047],[99.87978,15.46133],[99.87851,15.46107],[99.87681,15.45803],[99.87371,15.45688],[99.87129,15.45687],[99.86984,15.45559],[99.86852,15.45529],[99.86736,15.45591],[99.86652,15.45511],[99.86561,15.45558],[99.86415,15.45527],[99.86367,15.45584],[99.86137,15.45527],[99.85854,15.45575],[99.85679,15.45491],[99.85598,15.45298]]}},{"type":"Feature","id":"osm_waterway_400570299","properties":{"feature_type":"osm_waterway","osm_id":"400570299","river_name":"Tak Daet","waterway":"river","length_km":15.08},"geometry":{"type":"LineString","coordinates":[[99.80054,15.6896],[99.80229,15.68961],[99.80403,15.69051],[99.80633,15.68923],[99.80689,15.68844],[99.80578,15.68659],[99.81261,15.68431],[99.81161,15.68193],[99.81181,15.68112],[99.81636,15.67889],[99.81784,15.6775],[99.8198,15.67849],[99.8217,15.67857],[99.82383,15.67684],[99.82545,15.67647],[99.8256,15.67399],[99.82806,15.67001],[99.8294,15.67022],[99.83058,15.67207],[99.83357,15.67202],[99.83438,15.66964],[99.83225,15.66863],[99.83239,15.66785],[99.83527,15.66581],[99.83757,15.66635],[99.83751,15.66513],[99.83623,15.66409],[99.83643,15.66344],[99.83818,15.66278],[99.84203,15.65862],[99.84315,15.65962],[99.84436,15.65783],[99.84777,15.65724],[99.84749,15.65949],[99.84824,15.65985],[99.84909,15.65941],[99.8512,15.65675],[99.85275,15.65572],[99.85314,15.65407],[99.85507,15.65349],[99.85488,15.65201],[99.85597,15.65117],[99.85786,15.64634],[99.86003,15.64739],[99.8607,15.64551],[99.86333,15.64515],[99.86346,15.64371],[99.86177,15.64387],[99.86117,15.64238],[99.86201,15.64199],[99.86186,15.64069],[99.86348,15.64075],[99.86402,15.64002],[99.86394,15.63751],[99.86314,15.63682],[99.8639,15.63466],[99.86255,15.63317],[99.86401,15.632],[99.86273,15.63127],[99.8626,15.63033],[99.86309,15.62967],[99.86518,15.62938],[99.86521,15.62833]]}},{"type":"Feature","id":"osm_waterway_410322872","properties":{"feature_type":"osm_waterway","osm_id":"410322872","river_name":"","waterway":"river","length_km":2.1},"geometry":{"type":"LineString","coordinates":[[99.44022,15.88888],[99.44163,15.88913],[99.44398,15.89079],[99.44442,15.89316],[99.44329,15.89554],[99.44349,15.89688],[99.44437,15.8972],[99.446,15.89928],[99.44678,15.9007],[99.4467,15.90184],[99.44755,15.90216],[99.44777,15.90287]]}},{"type":"Feature","id":"osm_waterway_414896612","properties":{"feature_type":"osm_waterway","osm_id":"414896612","river_name":"Tak Daet","waterway":"river","length_km":2.51},"geometry":{"type":"LineString","coordinates":[[99.92975,15.50314],[99.93249,15.50159],[99.93648,15.50044],[99.93761,15.4993],[99.94233,15.49704],[99.94368,15.49684],[99.94751,15.4982],[99.94809,15.49884],[99.94766,15.5003],[99.94829,15.50122]]}},{"type":"Feature","id":"osm_waterway_414903349","properties":{"feature_type":"osm_waterway","osm_id":"414903349","river_name":"","waterway":"river","length_km":12.61},"geometry":{"type":"LineString","coordinates":[[99.97229,15.29958],[99.97427,15.30005],[99.97518,15.29894],[99.97736,15.29963],[99.97781,15.30066],[99.98043,15.30099],[99.98178,15.30049],[99.98388,15.30175],[99.98581,15.30156],[99.98675,15.30227],[99.98859,15.30183],[99.99038,15.30263],[99.99122,15.30197],[99.99205,15.30218],[99.99273,15.30054],[99.99527,15.30093],[99.9963,15.30004],[99.99879,15.302],[100.00249,15.30194],[100.00323,15.30173],[100.00399,15.30022],[100.00545,15.30206],[100.00694,15.29946],[100.01172,15.30024],[100.01157,15.29934],[100.01217,15.29827],[100.01612,15.29705],[100.01663,15.29602],[100.01634,15.29401],[100.01952,15.29236],[100.02027,15.29137],[100.02358,15.2915],[100.02601,15.2903],[100.02627,15.29209],[100.02833,15.29213],[100.02877,15.29328],[100.03123,15.29178],[100.034,15.29231],[100.03476,15.2918],[100.03654,15.293],[100.03862,15.29078],[100.03844,15.28881],[100.03929,15.28744],[100.03894,15.28442],[100.03971,15.28222],[100.04118,15.28111],[100.04044,15.28004],[100.04078,15.27883],[100.04227,15.27752],[100.04417,15.27262],[100.04565,15.27172],[100.04639,15.26803]]}},{"type":"Feature","id":"osm_waterway_427043703","properties":{"feature_type":"osm_waterway","osm_id":"427043703","river_name":"","waterway":"canal","length_km":2.62},"geometry":{"type":"LineString","coordinates":[[99.98568,15.34155],[99.98778,15.34049],[99.98906,15.34045],[99.99071,15.33832],[99.99143,15.33844],[99.99198,15.33776],[99.99523,15.33779],[99.99544,15.33718],[99.99669,15.33749],[99.99737,15.33675],[99.99795,15.33717],[99.9988,15.33583],[99.99918,15.33628],[99.99951,15.33575],[100.00063,15.33578],[100.00401,15.33432]]}},{"type":"Feature","id":"osm_waterway_549127834","properties":{"feature_type":"osm_waterway","osm_id":"549127834","river_name":"","waterway":"stream","length_km":1.0},"geometry":{"type":"LineString","coordinates":[[100.04489,15.47302],[100.04669,15.47442],[100.04918,15.47466],[100.04957,15.47529],[100.05003,15.47377],[100.05157,15.4744]]}},{"type":"Feature","id":"osm_waterway_549842380","properties":{"feature_type":"osm_waterway","osm_id":"549842380","river_name":"","waterway":"river","length_km":6.9},"geometry":{"type":"LineString","coordinates":[[99.76135,15.71839],[99.76117,15.71634],[99.76391,15.71464],[99.76577,15.7143],[99.76517,15.71284],[99.76886,15.71039],[99.76779,15.70715],[99.76965,15.70369],[99.77197,15.70279],[99.77322,15.70098],[99.77666,15.70114],[99.78132,15.69871],[99.78293,15.70061],[99.78397,15.70085],[99.78547,15.69835],[99.78691,15.69763],[99.79106,15.69655],[99.7937,15.6969],[99.79575,15.69375],[99.79624,15.69105],[99.799,15.69153],[99.79917,15.68978],[99.80054,15.6896]]}},{"type":"Feature","id":"osm_waterway_550194233","properties":{"feature_type":"osm_waterway","osm_id":"550194233","river_name":"","waterway":"river","length_km":1.91},"geometry":{"type":"LineString","coordinates":[[99.8936,15.72137],[99.89518,15.72208],[99.89617,15.72501],[99.89886,15.72508],[99.89866,15.72753],[99.90063,15.72729],[99.90052,15.72833],[99.90124,15.72936],[99.90307,15.73034]]}},{"type":"Feature","id":"osm_waterway_550343233","properties":{"feature_type":"osm_waterway","osm_id":"550343233","river_name":"","waterway":"canal","length_km":0.41},"geometry":{"type":"LineString","coordinates":[[99.61925,15.715],[99.62035,15.71342],[99.62115,15.71433]]}},{"type":"Feature","id":"osm_waterway_550343234","properties":{"feature_type":"osm_waterway","osm_id":"550343234","river_name":"","waterway":"canal","length_km":0.13},"geometry":{"type":"LineString","coordinates":[[99.61089,15.7221],[99.612,15.722]]}},{"type":"Feature","id":"osm_waterway_550343235","properties":{"feature_type":"osm_waterway","osm_id":"550343235","river_name":"","waterway":"canal","length_km":0.59},"geometry":{"type":"LineString","coordinates":[[99.60811,15.72556],[99.6079,15.72337],[99.61061,15.72214]]}},{"type":"Feature","id":"osm_waterway_550343236","properties":{"feature_type":"osm_waterway","osm_id":"550343236","river_name":"","waterway":"canal","length_km":0.44},"geometry":{"type":"LineString","coordinates":[[99.61579,15.71647],[99.61606,15.71556],[99.61895,15.71522]]}},{"type":"Feature","id":"osm_waterway_550343237","properties":{"feature_type":"osm_waterway","osm_id":"550343237","river_name":"","waterway":"canal","length_km":0.31},"geometry":{"type":"LineString","coordinates":[[99.61216,15.72182],[99.61328,15.71928]]}},{"type":"Feature","id":"osm_waterway_550343238","properties":{"feature_type":"osm_waterway","osm_id":"550343238","river_name":"","waterway":"canal","length_km":0.37},"geometry":{"type":"LineString","coordinates":[[99.61339,15.71898],[99.61364,15.71703],[99.61494,15.71669]]}},{"type":"Feature","id":"osm_waterway_551037572","properties":{"feature_type":"osm_waterway","osm_id":"551037572","river_name":"","waterway":"stream","length_km":1.34},"geometry":{"type":"LineString","coordinates":[[99.62993,15.81996],[99.62971,15.81895],[99.63074,15.81781],[99.63142,15.81576],[99.6312,15.8148],[99.63014,15.81402],[99.63247,15.81161],[99.63241,15.81034]]}},{"type":"Feature","id":"osm_waterway_551037576","properties":{"feature_type":"osm_waterway","osm_id":"551037576","river_name":"","waterway":"stream","length_km":1.47},"geometry":{"type":"LineString","coordinates":[[99.6326,15.81032],[99.63453,15.81072],[99.63548,15.80923],[99.63747,15.80841],[99.63902,15.80895],[99.64065,15.80825],[99.64172,15.80929],[99.64416,15.80895]]}},{"type":"Feature","id":"osm_waterway_551040020","properties":{"feature_type":"osm_waterway","osm_id":"551040020","river_name":"","waterway":"canal","length_km":0.67},"geometry":{"type":"LineString","coordinates":[[99.54079,15.84211],[99.54128,15.84105],[99.5431,15.84066],[99.54377,15.83973],[99.54517,15.83963]]}},{"type":"Feature","id":"osm_waterway_551040026","properties":{"feature_type":"osm_waterway","osm_id":"551040026","river_name":"","waterway":"canal","length_km":1.04},"geometry":{"type":"LineString","coordinates":[[99.54521,15.8394],[99.5467,15.83842],[99.54597,15.83724],[99.54698,15.8354],[99.54684,15.83461],[99.54806,15.83473],[99.54745,15.8334]]}},{"type":"Feature","id":"osm_waterway_551040030","properties":{"feature_type":"osm_waterway","osm_id":"551040030","river_name":"","waterway":"canal","length_km":0.3},"geometry":{"type":"LineString","coordinates":[[99.54073,15.84244],[99.5401,15.84389],[99.53912,15.84384]]}},{"type":"Feature","id":"osm_waterway_551040036","properties":{"feature_type":"osm_waterway","osm_id":"551040036","river_name":"","waterway":"canal","length_km":0.45},"geometry":{"type":"LineString","coordinates":[[99.53888,15.8439],[99.53755,15.84569],[99.53694,15.84516],[99.53635,15.84559]]}},{"type":"Feature","id":"osm_waterway_551179185","properties":{"feature_type":"osm_waterway","osm_id":"551179185","river_name":"","waterway":"river","length_km":14.79},"geometry":{"type":"LineString","coordinates":[[99.36021,15.73662],[99.36106,15.73714],[99.3642,15.73652],[99.36639,15.73805],[99.3695,15.7377],[99.37315,15.73702],[99.37503,15.73587],[99.38361,15.7328],[99.38525,15.73298],[99.38974,15.73192],[99.39312,15.73256],[99.39497,15.73056],[99.39623,15.73049],[99.39745,15.73367],[99.40198,15.73479],[99.40289,15.73553],[99.39991,15.73749],[99.40018,15.74175],[99.40413,15.7438],[99.40689,15.74199],[99.41003,15.74181],[99.41047,15.74315],[99.41317,15.7457],[99.41402,15.748],[99.41657,15.74762],[99.41911,15.74589],[99.42202,15.74655],[99.42386,15.75009],[99.42605,15.75016],[99.4259,15.7525],[99.42806,15.75405],[99.43332,15.74908],[99.43426,15.74672],[99.43633,15.74686],[99.43604,15.74546],[99.43778,15.74468],[99.43771,15.7432],[99.43893,15.74218],[99.44057,15.73946],[99.4423,15.73827],[99.44235,15.73694],[99.44364,15.73426],[99.44753,15.73306],[99.44844,15.73307],[99.44945,15.7341],[99.45269,15.73204]]}},{"type":"Feature","id":"osm_waterway_551239881","properties":{"feature_type":"osm_waterway","osm_id":"551239881","river_name":"","waterway":"river","length_km":3.6},"geometry":{"type":"LineString","coordinates":[[99.59453,15.65855],[99.59618,15.65934],[99.59814,15.6586],[99.60239,15.65846],[99.60557,15.65998],[99.60809,15.65925],[99.6092,15.66025],[99.60772,15.66246],[99.60868,15.66366],[99.61067,15.66448],[99.61253,15.6645],[99.61373,15.66211],[99.61727,15.6633],[99.61837,15.66466]]}},{"type":"Feature","id":"osm_waterway_551244686","properties":{"feature_type":"osm_waterway","osm_id":"551244686","river_name":"","waterway":"river","length_km":11.25},"geometry":{"type":"LineString","coordinates":[[99.51785,15.63738],[99.52292,15.63835],[99.52489,15.63986],[99.52855,15.63848],[99.53047,15.63844],[99.53171,15.63899],[99.5322,15.63986],[99.53535,15.64006],[99.53742,15.64145],[99.53929,15.64113],[99.54071,15.63973],[99.54257,15.63953],[99.54417,15.64007],[99.5457,15.63966],[99.5497,15.6401],[99.55196,15.64144],[99.55145,15.64641],[99.55246,15.64805],[99.55263,15.65028],[99.55396,15.6516],[99.55772,15.65274],[99.5588,15.65255],[99.55956,15.65151],[99.5585,15.65071],[99.55863,15.64927],[99.56019,15.64686],[99.56204,15.64722],[99.56439,15.64859],[99.56661,15.64836],[99.5692,15.64968],[99.57018,15.64963],[99.57261,15.64814],[99.57494,15.65014],[99.57791,15.65158],[99.57925,15.65488],[99.58137,15.65481],[99.5829,15.65559],[99.58366,15.65828],[99.585,15.65862],[99.58582,15.65973],[99.5917,15.65959],[99.59453,15.65855]]}},{"type":"Feature","id":"osm_waterway_551531056","properties":{"feature_type":"osm_waterway","osm_id":"551531056","river_name":"","waterway":"river","length_km":3.56},"geometry":{"type":"LineString","coordinates":[[99.94806,15.3793],[99.94858,15.37841],[99.94983,15.37969],[99.95099,15.37907],[99.95259,15.37949],[99.9529,15.38065],[99.95371,15.37962],[99.95545,15.38073],[99.9587,15.37971],[99.95939,15.37864],[99.96006,15.37907],[99.96026,15.38013],[99.96077,15.37972],[99.96186,15.38012],[99.96151,15.3792],[99.96261,15.37927],[99.96411,15.37989],[99.96437,15.38097],[99.96492,15.38049],[99.96707,15.38058],[99.9677,15.38108],[99.96771,15.38239],[99.96868,15.38226]]}},{"type":"Feature","id":"osm_waterway_552125277","properties":{"feature_type":"osm_waterway","osm_id":"552125277","river_name":"","waterway":"canal","length_km":1.3},"geometry":{"type":"LineString","coordinates":[[99.55085,15.90529],[99.55112,15.90796],[99.55229,15.90842],[99.55317,15.90847],[99.5539,15.90764],[99.55382,15.90664],[99.5545,15.9057],[99.55659,15.90545],[99.55759,15.90629]]}},{"type":"Feature","id":"osm_waterway_552125279","properties":{"feature_type":"osm_waterway","osm_id":"552125279","river_name":"","waterway":"stream","length_km":1.36},"geometry":{"type":"LineString","coordinates":[[99.54201,15.89974],[99.54224,15.90033],[99.54291,15.90016],[99.54298,15.90156],[99.54362,15.90172],[99.54433,15.90104],[99.54653,15.90192],[99.54698,15.90263],[99.54851,15.90206],[99.54958,15.90307]]}},{"type":"Feature","id":"osm_waterway_552125282","properties":{"feature_type":"osm_waterway","osm_id":"552125282","river_name":"","waterway":"stream","length_km":2.2},"geometry":{"type":"LineString","coordinates":[[99.63929,15.85277],[99.63847,15.85483],[99.63894,15.85563],[99.63965,15.85519],[99.64134,15.85552],[99.64082,15.8577],[99.64137,15.8585],[99.64055,15.85869],[99.64058,15.86049],[99.63959,15.86194],[99.64183,15.86236],[99.64235,15.8639],[99.64119,15.8643]]}},{"type":"Feature","id":"osm_waterway_552134740","properties":{"feature_type":"osm_waterway","osm_id":"552134740","river_name":"","waterway":"river","length_km":2.32},"geometry":{"type":"LineString","coordinates":[[99.96868,15.38226],[99.96892,15.38166],[99.96977,15.38283],[99.97073,15.38218],[99.97194,15.38251],[99.9721,15.38382],[99.97279,15.38358],[99.97255,15.38284],[99.97363,15.38257],[99.97397,15.38356],[99.97511,15.38321],[99.97551,15.38446],[99.97621,15.38366],[99.97698,15.38398],[99.97843,15.38343],[99.9789,15.38391],[99.97965,15.38341],[99.98054,15.38424],[99.98171,15.3833]]}},{"type":"Feature","id":"osm_waterway_552141669","properties":{"feature_type":"osm_waterway","osm_id":"552141669","river_name":"","waterway":"canal","length_km":2.83},"geometry":{"type":"LineString","coordinates":[[99.90366,15.3935],[99.90447,15.39331],[99.90511,15.39388],[99.90869,15.39208],[99.91059,15.39216],[99.91137,15.39129],[99.91536,15.39231],[99.91772,15.39074],[99.92034,15.39079],[99.92192,15.38963],[99.92403,15.38933],[99.92444,15.38726]]}},{"type":"Feature","id":"osm_waterway_552148610","properties":{"feature_type":"osm_waterway","osm_id":"552148610","river_name":"","waterway":"stream","length_km":4.47},"geometry":{"type":"LineString","coordinates":[[99.64788,15.78873],[99.64798,15.78785],[99.64725,15.78779],[99.64695,15.78684],[99.64746,15.78689],[99.64773,15.78596],[99.64954,15.78646],[99.64976,15.78528],[99.6508,15.78541],[99.65245,15.78453],[99.65217,15.78396],[99.65322,15.78343],[99.65329,15.78274],[99.65444,15.78238],[99.65467,15.78159],[99.65379,15.78174],[99.65368,15.78101],[99.65479,15.7805],[99.65467,15.77993],[99.65704,15.77933],[99.65695,15.7785],[99.65756,15.77807],[99.65701,15.77752],[99.65806,15.77781],[99.65798,15.77712],[99.65865,15.77685],[99.6584,15.77632],[99.65911,15.77558],[99.65964,15.7761],[99.66031,15.77496],[99.66005,15.77425],[99.66079,15.77361],[99.66147,15.77429],[99.6618,15.77381],[99.66488,15.77463],[99.66581,15.77417]]}},{"type":"Feature","id":"osm_waterway_552149868","properties":{"feature_type":"osm_waterway","osm_id":"552149868","river_name":"","waterway":"river","length_km":4.35},"geometry":{"type":"LineString","coordinates":[[100.07079,15.48632],[100.07053,15.48499],[100.06954,15.48473],[100.07014,15.48101],[100.0689,15.48133],[100.06951,15.48046],[100.06919,15.47597],[100.06813,15.47624],[100.06667,15.47553],[100.06641,15.47478],[100.06525,15.47485],[100.06629,15.47344],[100.06596,15.47254],[100.06656,15.47186],[100.06645,15.46933],[100.06709,15.46825],[100.06706,15.46691],[100.06594,15.46656],[100.06703,15.46584],[100.06654,15.46483],[100.06709,15.46433],[100.06637,15.46293],[100.06696,15.46214],[100.06628,15.46087],[100.06549,15.46101],[100.06592,15.46006]]}},{"type":"Feature","id":"osm_waterway_552149869","properties":{"feature_type":"osm_waterway","osm_id":"552149869","river_name":"คลองหนองอีเติ่ง","waterway":"river","length_km":1.3},"geometry":{"type":"LineString","coordinates":[[100.06548,15.45977],[100.06657,15.46001],[100.0669,15.45952],[100.06632,15.45852],[100.06741,15.45835],[100.06642,15.45727],[100.06737,15.45671],[100.06629,15.45569],[100.06531,15.45554],[100.06545,15.45366]]}},{"type":"Feature","id":"osm_waterway_552489626","properties":{"feature_type":"osm_waterway","osm_id":"552489626","river_name":"","waterway":"stream","length_km":0.89},"geometry":{"type":"LineString","coordinates":[[99.73116,15.36108],[99.72999,15.36067],[99.7307,15.36294],[99.73016,15.36349],[99.73083,15.36457],[99.73,15.36612]]}},{"type":"Feature","id":"osm_waterway_552489629","properties":{"feature_type":"osm_waterway","osm_id":"552489629","river_name":"","waterway":"river","length_km":9.1},"geometry":{"type":"LineString","coordinates":[[99.66557,15.41837],[99.66749,15.41877],[99.66898,15.41991],[99.66763,15.42089],[99.66699,15.42264],[99.66924,15.42351],[99.67126,15.4231],[99.67306,15.42498],[99.67574,15.42495],[99.67809,15.423],[99.68499,15.42487],[99.68573,15.42427],[99.68584,15.42122],[99.68725,15.42012],[99.69342,15.41912],[99.69635,15.4195],[99.69752,15.41901],[99.6982,15.41785],[99.69811,15.4168],[99.69578,15.41511],[99.69572,15.41311],[99.69784,15.41077],[99.70151,15.40935],[99.70297,15.40766],[99.70623,15.40804],[99.71011,15.40598],[99.71596,15.40784],[99.719,15.41033],[99.72194,15.40895],[99.72299,15.40897]]}},{"type":"Feature","id":"osm_waterway_552490269","properties":{"feature_type":"osm_waterway","osm_id":"552490269","river_name":"","waterway":"drain","length_km":4.75},"geometry":{"type":"LineString","coordinates":[[99.72529,15.41548],[99.73282,15.41857],[99.74161,15.42548],[99.75835,15.43055],[99.76212,15.43641]]}},{"type":"Feature","id":"osm_waterway_552490270","properties":{"feature_type":"osm_waterway","osm_id":"552490270","river_name":"","waterway":"drain","length_km":1.71},"geometry":{"type":"LineString","coordinates":[[99.71336,15.40743],[99.71258,15.40948],[99.71305,15.41051],[99.72454,15.41513]]}},{"type":"Feature","id":"osm_waterway_552532558","properties":{"feature_type":"osm_waterway","osm_id":"552532558","river_name":"","waterway":"drain","length_km":1.12},"geometry":{"type":"LineString","coordinates":[[99.8821,15.36539],[99.88007,15.36466],[99.87869,15.36583],[99.87589,15.36519],[99.87465,15.36566],[99.87286,15.36526]]}},{"type":"Feature","id":"osm_waterway_552532562","properties":{"feature_type":"osm_waterway","osm_id":"552532562","river_name":"","waterway":"drain","length_km":1.46},"geometry":{"type":"LineString","coordinates":[[99.8727,15.3652],[99.87092,15.36502],[99.86924,15.36399],[99.86577,15.36515],[99.86457,15.36465],[99.86027,15.36538]]}},{"type":"Feature","id":"osm_waterway_552533075","properties":{"feature_type":"osm_waterway","osm_id":"552533075","river_name":"","waterway":"river","length_km":10.63},"geometry":{"type":"LineString","coordinates":[[99.79271,15.31767],[99.79308,15.31683],[99.79451,15.31655],[99.79591,15.31831],[99.79848,15.31797],[99.79993,15.31713],[99.80116,15.31785],[99.80308,15.31733],[99.80623,15.31785],[99.80724,15.31719],[99.809,15.31775],[99.81408,15.31575],[99.81596,15.31569],[99.81803,15.31393],[99.82011,15.31538],[99.82144,15.3132],[99.82433,15.31272],[99.82613,15.31308],[99.83177,15.3098],[99.8346,15.31007],[99.837,15.30877],[99.84113,15.30967],[99.84434,15.30894],[99.8472,15.30986],[99.84844,15.31084],[99.85168,15.31112],[99.85401,15.30803],[99.85652,15.30803],[99.85856,15.3051],[99.86016,15.3057],[99.86121,15.3047],[99.86334,15.3057],[99.86584,15.30402],[99.86881,15.30499],[99.87202,15.30495],[99.87391,15.30336],[99.87659,15.30245]]}},{"type":"Feature","id":"osm_waterway_552539113","properties":{"feature_type":"osm_waterway","osm_id":"552539113","river_name":"Tak Daet","waterway":"river","length_km":11.39},"geometry":{"type":"LineString","coordinates":[[99.88948,15.5441],[99.89238,15.54135],[99.89087,15.53957],[99.89106,15.53868],[99.892,15.53876],[99.89335,15.54022],[99.89462,15.53983],[99.8935,15.53743],[99.89419,15.53501],[99.89523,15.53535],[99.89587,15.53708],[99.89741,15.53664],[99.89747,15.53573],[99.89643,15.53389],[99.89908,15.53372],[99.89852,15.53122],[99.89885,15.52858],[99.89954,15.52844],[99.90073,15.52991],[99.90231,15.52937],[99.90238,15.5282],[99.90149,15.52682],[99.90413,15.52526],[99.90334,15.52212],[99.9051,15.52235],[99.90556,15.52472],[99.90636,15.52512],[99.9073,15.52296],[99.90662,15.52077],[99.90844,15.51986],[99.90768,15.5177],[99.91042,15.51658],[99.91061,15.51378],[99.91177,15.51322],[99.91494,15.51387],[99.91474,15.51296],[99.91355,15.51185],[99.91359,15.51057],[99.91514,15.50867],[99.91727,15.50857],[99.91864,15.50697],[99.9201,15.50626],[99.9207,15.50151],[99.92259,15.50114],[99.92316,15.50182],[99.92325,15.50372],[99.92465,15.5047],[99.92613,15.50425],[99.92704,15.50247],[99.92788,15.50201],[99.92975,15.50314]]}},{"type":"Feature","id":"osm_waterway_552581056","properties":{"feature_type":"osm_waterway","osm_id":"552581056","river_name":"","waterway":"drain","length_km":3.81},"geometry":{"type":"LineString","coordinates":[[99.82202,15.4683],[99.78963,15.45407]]}},{"type":"Feature","id":"osm_waterway_552701740","properties":{"feature_type":"osm_waterway","osm_id":"552701740","river_name":"","waterway":"canal","length_km":2.58},"geometry":{"type":"LineString","coordinates":[[99.82458,15.45807],[99.82121,15.45485],[99.81841,15.45334],[99.8173,15.45156],[99.816,15.45075],[99.81386,15.45065],[99.81307,15.44845],[99.80774,15.44821],[99.80639,15.44761]]}},{"type":"Feature","id":"osm_waterway_552704516","properties":{"feature_type":"osm_waterway","osm_id":"552704516","river_name":"","waterway":"stream","length_km":1.74},"geometry":{"type":"LineString","coordinates":[[99.76413,15.45756],[99.76497,15.45727],[99.76803,15.45934],[99.77005,15.45926],[99.7699,15.46039],[99.77146,15.46092],[99.77428,15.46387],[99.77348,15.46501]]}},{"type":"Feature","id":"osm_waterway_552704519","properties":{"feature_type":"osm_waterway","osm_id":"552704519","river_name":"","waterway":"river","length_km":1.4},"geometry":{"type":"LineString","coordinates":[[99.69975,15.4436],[99.70129,15.44426],[99.70309,15.44249],[99.70279,15.44125],[99.70397,15.44129],[99.70394,15.44225],[99.70619,15.44108],[99.70583,15.44003],[99.70628,15.43971]]}},{"type":"Feature","id":"osm_waterway_552706467","properties":{"feature_type":"osm_waterway","osm_id":"552706467","river_name":"","waterway":"drain","length_km":1.28},"geometry":{"type":"LineString","coordinates":[[99.69788,15.47394],[99.70024,15.4731],[99.70641,15.47307],[99.70939,15.47199]]}},{"type":"Feature","id":"osm_waterway_552719458","properties":{"feature_type":"osm_waterway","osm_id":"552719458","river_name":"","waterway":"canal","length_km":1.06},"geometry":{"type":"LineString","coordinates":[[99.75994,15.50325],[99.75982,15.5021],[99.75869,15.50191],[99.75753,15.49974],[99.75798,15.49789],[99.75727,15.49747],[99.75764,15.49706]]}},{"type":"Feature","id":"osm_waterway_552722198","properties":{"feature_type":"osm_waterway","osm_id":"552722198","river_name":"","waterway":"drain","length_km":0.86},"geometry":{"type":"LineString","coordinates":[[99.89768,15.45687],[99.89348,15.45837],[99.89288,15.46001],[99.89306,15.46145]]}},{"type":"Feature","id":"osm_waterway_552833498","properties":{"feature_type":"osm_waterway","osm_id":"552833498","river_name":"","waterway":"drain","length_km":3.67},"geometry":{"type":"LineString","coordinates":[[99.77423,15.35679],[99.7664,15.35581],[99.76463,15.35606],[99.76326,15.35712],[99.76019,15.36224],[99.76039,15.36325],[99.7621,15.36517],[99.76615,15.36585],[99.76805,15.36689],[99.77139,15.37233]]}},{"type":"Feature","id":"osm_waterway_552833501","properties":{"feature_type":"osm_waterway","osm_id":"552833501","river_name":"","waterway":"drain","length_km":1.67},"geometry":{"type":"LineString","coordinates":[[99.77314,15.3882],[99.76737,15.37915],[99.76767,15.37738],[99.76955,15.37556]]}},{"type":"Feature","id":"osm_waterway_552840769","properties":{"feature_type":"osm_waterway","osm_id":"552840769","river_name":"","waterway":"drain","length_km":1.37},"geometry":{"type":"LineString","coordinates":[[99.75488,15.37555],[99.75807,15.37426],[99.75914,15.37147],[99.76057,15.37022],[99.7618,15.37101],[99.76379,15.37016]]}},{"type":"Feature","id":"osm_waterway_552840770","properties":{"feature_type":"osm_waterway","osm_id":"552840770","river_name":"","waterway":"canal","length_km":2.92},"geometry":{"type":"LineString","coordinates":[[99.84436,15.39694],[99.84508,15.39735],[99.84548,15.39942],[99.84602,15.39982],[99.85099,15.39929],[99.85291,15.39984],[99.85871,15.39936],[99.86118,15.39795],[99.86252,15.3984],[99.86448,15.39807],[99.86626,15.39908],[99.8676,15.39916]]}},{"type":"Feature","id":"osm_waterway_553544837","properties":{"feature_type":"osm_waterway","osm_id":"553544837","river_name":"","waterway":"drain","length_km":2.12},"geometry":{"type":"LineString","coordinates":[[99.70909,15.64045],[99.71091,15.64131],[99.71094,15.64283],[99.71436,15.64669],[99.71847,15.64949],[99.71986,15.65281],[99.72116,15.65413]]}},{"type":"Feature","id":"osm_waterway_553544840","properties":{"feature_type":"osm_waterway","osm_id":"553544840","river_name":"","waterway":"drain","length_km":0.59},"geometry":{"type":"LineString","coordinates":[[99.72137,15.65417],[99.72285,15.65432],[99.72438,15.65582],[99.72619,15.65574]]}},{"type":"Feature","id":"osm_waterway_553878294","properties":{"feature_type":"osm_waterway","osm_id":"553878294","river_name":"","waterway":"river","length_km":5.72},"geometry":{"type":"LineString","coordinates":[[99.7895,15.63484],[99.79024,15.63427],[99.78948,15.63109],[99.79038,15.63044],[99.78913,15.63004],[99.78984,15.62939],[99.7911,15.62983],[99.79198,15.6289],[99.79183,15.62672],[99.79055,15.62624],[99.79138,15.62559],[99.79119,15.6246],[99.79219,15.62325],[99.79222,15.62129],[99.79297,15.61991],[99.79651,15.62021],[99.7971,15.61926],[99.79948,15.61911],[99.79973,15.61783],[99.80076,15.61816],[99.80079,15.61673],[99.8016,15.61574],[99.80157,15.61353],[99.80291,15.61368],[99.80275,15.61212],[99.80409,15.61128],[99.80442,15.61018],[99.8054,15.60999],[99.80608,15.60747],[99.80878,15.60353]]}},{"type":"Feature","id":"osm_waterway_554139886","properties":{"feature_type":"osm_waterway","osm_id":"554139886","river_name":"","waterway":"river","length_km":10.15},"geometry":{"type":"LineString","coordinates":[[99.59353,15.44303],[99.59645,15.44137],[99.59868,15.44211],[99.60126,15.44215],[99.60193,15.44148],[99.60261,15.43894],[99.60636,15.43614],[99.60949,15.43515],[99.6121,15.43512],[99.61484,15.43305],[99.61699,15.43345],[99.61926,15.43281],[99.62077,15.43396],[99.62175,15.43304],[99.62449,15.43231],[99.62676,15.4337],[99.62942,15.43265],[99.62955,15.4313],[99.63029,15.4306],[99.63161,15.43245],[99.63307,15.43037],[99.63265,15.42895],[99.63352,15.42743],[99.63535,15.4278],[99.63751,15.42701],[99.63999,15.42851],[99.64108,15.42716],[99.64384,15.42767],[99.6452,15.42572],[99.64665,15.42531],[99.64895,15.42591],[99.65071,15.42541],[99.65773,15.42606],[99.65902,15.42506],[99.6592,15.42384],[99.66008,15.42292],[99.6614,15.4225],[99.66129,15.42072],[99.66557,15.41837]]}},{"type":"Feature","id":"osm_waterway_554179019","properties":{"feature_type":"osm_waterway","osm_id":"554179019","river_name":"","waterway":"canal","length_km":0.41},"geometry":{"type":"LineString","coordinates":[[99.68122,15.5938],[99.68152,15.59733]]}},{"type":"Feature","id":"osm_waterway_554179020","properties":{"feature_type":"osm_waterway","osm_id":"554179020","river_name":"","waterway":"canal","length_km":0.7},"geometry":{"type":"LineString","coordinates":[[99.68517,15.60174],[99.68429,15.60023],[99.68192,15.59906],[99.68152,15.59733]]}},{"type":"Feature","id":"osm_waterway_554180061","properties":{"feature_type":"osm_waterway","osm_id":"554180061","river_name":"","waterway":"canal","length_km":1.57},"geometry":{"type":"LineString","coordinates":[[99.83063,15.56558],[99.83145,15.56588],[99.83277,15.56496],[99.83242,15.5643],[99.83311,15.56367],[99.83374,15.56408],[99.83474,15.56362],[99.83536,15.56458],[99.83745,15.56499],[99.83826,15.56397],[99.83926,15.5646],[99.8408,15.56392]]}},{"type":"Feature","id":"osm_waterway_554183325","properties":{"feature_type":"osm_waterway","osm_id":"554183325","river_name":"","waterway":"canal","length_km":1.88},"geometry":{"type":"LineString","coordinates":[[99.8551,15.41],[99.85611,15.40884],[99.85878,15.40801],[99.86005,15.40801],[99.85997,15.40878],[99.86057,15.40883],[99.86117,15.40771],[99.8624,15.40796],[99.86212,15.40651],[99.86299,15.40586],[99.86558,15.40522],[99.8665,15.4063]]}},{"type":"Feature","id":"osm_waterway_554183326","properties":{"feature_type":"osm_waterway","osm_id":"554183326","river_name":"","waterway":"river","length_km":1.08},"geometry":{"type":"LineString","coordinates":[[99.75471,15.31687],[99.75636,15.31626],[99.75805,15.31661],[99.7582,15.31702],[99.75744,15.31734],[99.75829,15.31769],[99.75842,15.31866],[99.75936,15.31886],[99.75889,15.31942],[99.75983,15.32005]]}},{"type":"Feature","id":"osm_waterway_554276482","properties":{"feature_type":"osm_waterway","osm_id":"554276482","river_name":"","waterway":"canal","length_km":1.41},"geometry":{"type":"LineString","coordinates":[[99.84615,15.56633],[99.84784,15.56662],[99.84843,15.56568],[99.84945,15.56694],[99.85136,15.56601],[99.85346,15.56602],[99.85369,15.56521],[99.85478,15.56534],[99.85536,15.56463],[99.85582,15.56512]]}},{"type":"Feature","id":"osm_waterway_554364518","properties":{"feature_type":"osm_waterway","osm_id":"554364518","river_name":"","waterway":"river","length_km":6.7},"geometry":{"type":"LineString","coordinates":[[99.5493,15.45047],[99.55157,15.45137],[99.5544,15.44964],[99.55727,15.45022],[99.55952,15.44992],[99.56186,15.45064],[99.56478,15.44986],[99.5668,15.44866],[99.56927,15.44878],[99.56902,15.44691],[99.56963,15.44619],[99.57133,15.4476],[99.57212,15.44937],[99.57795,15.44962],[99.57874,15.44854],[99.57636,15.44736],[99.57648,15.4462],[99.5776,15.44588],[99.57885,15.44662],[99.58186,15.44534],[99.58557,15.44609],[99.58776,15.44789],[99.58885,15.44812],[99.58982,15.44755],[99.59135,15.4441],[99.59353,15.44303]]}},{"type":"Feature","id":"osm_waterway_554364519","properties":{"feature_type":"osm_waterway","osm_id":"554364519","river_name":"คลองฆ้องชัย","waterway":"canal","length_km":1.7},"geometry":{"type":"LineString","coordinates":[[99.58406,15.45515],[99.58476,15.45438],[99.58621,15.45452],[99.58706,15.45303],[99.58992,15.45131],[99.59116,15.4518],[99.59128,15.45027],[99.59049,15.44939],[99.5892,15.4494],[99.58982,15.44755]]}},{"type":"Feature","id":"osm_waterway_554388163","properties":{"feature_type":"osm_waterway","osm_id":"554388163","river_name":"","waterway":"drain","length_km":1.9},"geometry":{"type":"LineString","coordinates":[[99.53532,15.50214],[99.53157,15.50796],[99.52994,15.50822],[99.52878,15.50928],[99.5281,15.50865],[99.52687,15.50289]]}},{"type":"Feature","id":"osm_waterway_554392424","properties":{"feature_type":"osm_waterway","osm_id":"554392424","river_name":"","waterway":"stream","length_km":12.53},"geometry":{"type":"LineString","coordinates":[[99.44483,15.44703],[99.44609,15.44907],[99.44851,15.44959],[99.44961,15.44936],[99.4495,15.44825],[99.45042,15.44749],[99.45179,15.44704],[99.45269,15.44741],[99.45477,15.45019],[99.45696,15.45615],[99.45814,15.45526],[99.45949,15.45546],[99.46079,15.45438],[99.46275,15.45667],[99.46459,15.45614],[99.46467,15.45379],[99.46563,15.45208],[99.4673,15.45297],[99.4689,15.45581],[99.47083,15.45612],[99.47277,15.4556],[99.47351,15.45777],[99.47327,15.46016],[99.47416,15.46195],[99.47368,15.46787],[99.47409,15.47023],[99.47508,15.47008],[99.47483,15.46874],[99.47643,15.46384],[99.47819,15.46464],[99.4795,15.46743],[99.48406,15.46876],[99.48203,15.47097],[99.48244,15.47375],[99.48177,15.4763],[99.48335,15.47972],[99.48549,15.48148],[99.48754,15.48231],[99.48907,15.48212],[99.49343,15.48316],[99.49548,15.48231],[99.49796,15.48266],[99.49977,15.48165],[99.50434,15.48212],[99.50598,15.48178]]}},{"type":"Feature","id":"osm_waterway_554446542","properties":{"feature_type":"osm_waterway","osm_id":"554446542","river_name":"","waterway":"canal","length_km":0.58},"geometry":{"type":"LineString","coordinates":[[99.54732,15.46728],[99.54921,15.46828],[99.55135,15.4681],[99.55164,15.46894]]}},{"type":"Feature","id":"osm_waterway_554446550","properties":{"feature_type":"osm_waterway","osm_id":"554446550","river_name":"","waterway":"canal","length_km":0.73},"geometry":{"type":"LineString","coordinates":[[99.54192,15.46586],[99.54205,15.46697],[99.54456,15.4663],[99.54717,15.46718]]}},{"type":"Feature","id":"osm_waterway_554787481","properties":{"feature_type":"osm_waterway","osm_id":"554787481","river_name":"","waterway":"river","length_km":11.57},"geometry":{"type":"LineString","coordinates":[[99.73344,15.68777],[99.73385,15.68792],[99.7339,15.6872],[99.73503,15.68641],[99.73545,15.68703],[99.73668,15.68631],[99.73678,15.68479],[99.73899,15.68356],[99.73925,15.68251],[99.7403,15.68228],[99.73998,15.68159],[99.7408,15.68182],[99.74106,15.68055],[99.74252,15.67881],[99.74353,15.67841],[99.74309,15.67789],[99.74429,15.67746],[99.74559,15.67787],[99.74632,15.67692],[99.74824,15.67684],[99.74971,15.6751],[99.75086,15.67554],[99.75217,15.67518],[99.75204,15.67426],[99.75302,15.67271],[99.75853,15.66963],[99.75999,15.66612],[99.7615,15.66538],[99.76189,15.66437],[99.76402,15.664],[99.7629,15.66027],[99.7638,15.65831],[99.76542,15.65692],[99.76437,15.65314],[99.76546,15.65207],[99.7643,15.65158],[99.76392,15.64981],[99.76659,15.64913],[99.76688,15.64731],[99.76936,15.64699],[99.77181,15.64529],[99.77296,15.6434],[99.77486,15.64276],[99.77578,15.64381],[99.77763,15.64407],[99.77847,15.64209],[99.77828,15.64083],[99.77971,15.64065],[99.77997,15.63968],[99.78134,15.63853],[99.78301,15.6396],[99.78328,15.63852],[99.78413,15.63873],[99.78448,15.63824],[99.78458,15.63629],[99.78601,15.63588],[99.78671,15.63484],[99.78788,15.63571],[99.7895,15.63484]]}},{"type":"Feature","id":"osm_waterway_554790019","properties":{"feature_type":"osm_waterway","osm_id":"554790019","river_name":"","waterway":"river","length_km":1.3},"geometry":{"type":"LineString","coordinates":[[99.70811,15.68441],[99.7083,15.68397],[99.70978,15.68446],[99.71185,15.68413],[99.71227,15.68466],[99.71371,15.68407],[99.71409,15.68306],[99.71492,15.68313],[99.71517,15.68228],[99.71684,15.68133]]}},{"type":"Feature","id":"osm_waterway_555207827","properties":{"feature_type":"osm_waterway","osm_id":"555207827","river_name":"","waterway":"river","length_km":9.54},"geometry":{"type":"LineString","coordinates":[[99.45492,15.53498],[99.45828,15.53387],[99.45957,15.53122],[99.46135,15.53028],[99.46371,15.53023],[99.46458,15.52866],[99.46644,15.52728],[99.4685,15.52755],[99.47072,15.5257],[99.47216,15.52651],[99.47297,15.52626],[99.4747,15.52416],[99.47574,15.52165],[99.47582,15.51903],[99.4781,15.51933],[99.47945,15.52013],[99.48078,15.51883],[99.48231,15.51966],[99.48394,15.51801],[99.48566,15.51752],[99.48609,15.51644],[99.49002,15.51244],[99.49037,15.50995],[99.49357,15.5043],[99.49613,15.50348],[99.49674,15.50204],[99.49625,15.50111],[99.49407,15.50114],[99.49334,15.50059],[99.49732,15.49617],[99.49782,15.49407],[99.50108,15.49203],[99.50211,15.49032],[99.50311,15.49062],[99.50359,15.49265],[99.50462,15.49162]]}},{"type":"Feature","id":"osm_waterway_555209156","properties":{"feature_type":"osm_waterway","osm_id":"555209156","river_name":"","waterway":"canal","length_km":0.34},"geometry":{"type":"LineString","coordinates":[[99.44617,15.52957],[99.44888,15.53124]]}},{"type":"Feature","id":"osm_waterway_555222484","properties":{"feature_type":"osm_waterway","osm_id":"555222484","river_name":"","waterway":"canal","length_km":0.62},"geometry":{"type":"LineString","coordinates":[[99.54434,15.55359],[99.5427,15.5511],[99.54285,15.54962],[99.54222,15.54893]]}},{"type":"Feature","id":"osm_waterway_645576184","properties":{"feature_type":"osm_waterway","osm_id":"645576184","river_name":"","waterway":"stream","length_km":2.28},"geometry":{"type":"LineString","coordinates":[[99.70328,15.81214],[99.70176,15.81276],[99.69971,15.81725],[99.69892,15.8178],[99.69787,15.81843],[99.69603,15.81811],[99.69488,15.8192],[99.69216,15.81983],[99.68949,15.81979],[99.68856,15.82177]]}},{"type":"Feature","id":"osm_waterway_645593656","properties":{"feature_type":"osm_waterway","osm_id":"645593656","river_name":"ทับเสลา","waterway":"river","length_km":17.36},"geometry":{"type":"LineString","coordinates":[[99.33525,15.58999],[99.33759,15.5902],[99.34005,15.59319],[99.3469,15.59293],[99.35034,15.59379],[99.35237,15.59371],[99.35531,15.59574],[99.35334,15.59949],[99.35765,15.59924],[99.35916,15.59785],[99.36286,15.59645],[99.36516,15.59789],[99.36647,15.59779],[99.37221,15.59316],[99.37364,15.58811],[99.37627,15.58876],[99.38444,15.58767],[99.38651,15.58803],[99.38748,15.58684],[99.38988,15.5858],[99.39036,15.58359],[99.39111,15.58296],[99.39086,15.58252],[99.39302,15.58078],[99.39876,15.57833],[99.40157,15.57888],[99.40255,15.57962],[99.40469,15.57961],[99.40829,15.57628],[99.4085,15.57522],[99.4107,15.57508],[99.41138,15.57439],[99.4121,15.56901],[99.41334,15.56746],[99.41427,15.56754],[99.41527,15.56906],[99.41751,15.57001],[99.42032,15.56947],[99.42221,15.5665],[99.42474,15.56021],[99.42745,15.55765],[99.42995,15.54969],[99.43094,15.54806],[99.43425,15.54539],[99.44749,15.54383]]}},{"type":"Feature","id":"osm_waterway_645593663","properties":{"feature_type":"osm_waterway","osm_id":"645593663","river_name":"","waterway":"dam","length_km":0.11},"geometry":{"type":"LineString","coordinates":[[99.38908,15.58645],[99.38885,15.58604],[99.38881,15.58607],[99.38903,15.58637],[99.38908,15.58645]]}},{"type":"Feature","id":"osm_waterway_765058996","properties":{"feature_type":"osm_waterway","osm_id":"765058996","river_name":"","waterway":"drain","length_km":0.03},"geometry":{"type":"LineString","coordinates":[[99.76212,15.43641],[99.76224,15.43662]]}},{"type":"Feature","id":"osm_waterway_765058997","properties":{"feature_type":"osm_waterway","osm_id":"765058997","river_name":"","waterway":"drain","length_km":2.16},"geometry":{"type":"LineString","coordinates":[[99.77121,15.44595],[99.78956,15.45403]]}},{"type":"Feature","id":"osm_waterway_765059002","properties":{"feature_type":"osm_waterway","osm_id":"765059002","river_name":"","waterway":"drain","length_km":1.44},"geometry":{"type":"LineString","coordinates":[[99.76224,15.43662],[99.76612,15.44334],[99.77093,15.44582]]}},{"type":"Feature","id":"osm_waterway_765059004","properties":{"feature_type":"osm_waterway","osm_id":"765059004","river_name":"","waterway":"drain","length_km":0.03},"geometry":{"type":"LineString","coordinates":[[99.77093,15.44582],[99.77121,15.44595]]}},{"type":"Feature","id":"osm_waterway_777900918","properties":{"feature_type":"osm_waterway","osm_id":"777900918","river_name":"","waterway":"river","length_km":1.35},"geometry":{"type":"LineString","coordinates":[[99.44838,15.54378],[99.45168,15.5431],[99.45482,15.53619],[99.45492,15.53498]]}},{"type":"Feature","id":"osm_waterway_818322011","properties":{"feature_type":"osm_waterway","osm_id":"818322011","river_name":"","waterway":"stream","length_km":6.23},"geometry":{"type":"LineString","coordinates":[[99.88983,15.75727],[99.88437,15.7565],[99.88308,15.75703],[99.88237,15.75835],[99.8808,15.75935],[99.87925,15.75858],[99.87938,15.75953],[99.87807,15.75977],[99.87708,15.76074],[99.87639,15.76022],[99.87618,15.76138],[99.87567,15.76174],[99.87525,15.76138],[99.87416,15.76243],[99.87001,15.76107],[99.86768,15.76136],[99.86702,15.75927],[99.86463,15.75935],[99.86433,15.7588],[99.86245,15.75837],[99.86152,15.75671],[99.85951,15.75544],[99.85893,15.7543],[99.85812,15.75427],[99.8568,15.75259],[99.85729,15.75145],[99.8557,15.75077],[99.85574,15.74883],[99.85392,15.74771],[99.8536,15.746],[99.85284,15.74533]]}},{"type":"Feature","id":"osm_waterway_818322012","properties":{"feature_type":"osm_waterway","osm_id":"818322012","river_name":"","waterway":"stream","length_km":0.03},"geometry":{"type":"LineString","coordinates":[[99.89005,15.75748],[99.88983,15.75727]]}},{"type":"Feature","id":"osm_waterway_818322013","properties":{"feature_type":"osm_waterway","osm_id":"818322013","river_name":"","waterway":"stream","length_km":1.5},"geometry":{"type":"LineString","coordinates":[[99.89829,15.76339],[99.89736,15.76339],[99.89519,15.76127],[99.89373,15.76166],[99.89313,15.75913],[99.89121,15.75951],[99.89107,15.75768],[99.89005,15.75748]]}},{"type":"Feature","id":"osm_waterway_1007833850","properties":{"feature_type":"osm_waterway","osm_id":"1007833850","river_name":"ห้วยทัพเสลา","waterway":"river","length_km":11.13},"geometry":{"type":"LineString","coordinates":[[99.29363,15.64576],[99.29644,15.64733],[99.29953,15.64645],[99.30207,15.64521],[99.30405,15.64279],[99.30507,15.64004],[99.30884,15.63706],[99.31126,15.6361],[99.31484,15.63673],[99.31732,15.63516],[99.31991,15.62898],[99.31918,15.6257],[99.31965,15.62496],[99.31933,15.62373],[99.32253,15.62045],[99.31931,15.61621],[99.31989,15.61375],[99.31506,15.61223],[99.31387,15.61062],[99.31359,15.60831],[99.31517,15.60658],[99.31666,15.60981],[99.31746,15.61053],[99.31868,15.61049],[99.31924,15.60758],[99.32065,15.60525],[99.32485,15.60106],[99.32569,15.59863],[99.32786,15.59748],[99.3291,15.59436],[99.33094,15.59174],[99.33221,15.59115],[99.33315,15.59136],[99.33345,15.59042],[99.33525,15.58999]]}},{"type":"Feature","id":"osm_waterway_1007833854","properties":{"feature_type":"osm_waterway","osm_id":"1007833854","river_name":"","waterway":"river","length_km":9.46},"geometry":{"type":"LineString","coordinates":[[99.26363,15.67092],[99.2652,15.67007],[99.26498,15.66965],[99.26192,15.66999],[99.25813,15.66676],[99.25889,15.66618],[99.26107,15.66756],[99.26154,15.66737],[99.26154,15.66663],[99.25828,15.66215],[99.2597,15.65992],[99.26054,15.65934],[99.26153,15.6599],[99.26244,15.65912],[99.26233,15.65845],[99.26104,15.65785],[99.2607,15.65668],[99.26162,15.65633],[99.2632,15.65813],[99.2653,15.65747],[99.26589,15.65604],[99.26765,15.65839],[99.27081,15.65407],[99.26971,15.65327],[99.27032,15.65286],[99.27249,15.65342],[99.27396,15.65598],[99.2751,15.65598],[99.27629,15.6536],[99.27899,15.65313],[99.28039,15.65212],[99.28164,15.65246],[99.2806,15.65088],[99.28215,15.64888],[99.28178,15.64816],[99.28306,15.64749],[99.2844,15.64838],[99.2868,15.64629],[99.28888,15.64791],[99.28951,15.64512],[99.29125,15.64389],[99.29235,15.64405],[99.29363,15.64576]]}},{"type":"Feature","id":"osm_waterway_1072622408","properties":{"feature_type":"osm_waterway","osm_id":"1072622408","river_name":"","waterway":"river","length_km":6.38},"geometry":{"type":"LineString","coordinates":[[99.9327,15.2976],[99.93327,15.30009],[99.93283,15.30118],[99.9335,15.30174],[99.93559,15.30103],[99.93703,15.29936],[99.93751,15.30023],[99.93662,15.30134],[99.9376,15.30258],[99.93847,15.30266],[99.94097,15.30127],[99.94243,15.30254],[99.94505,15.30285],[99.94617,15.30413],[99.94749,15.30311],[99.94815,15.3037],[99.94921,15.30298],[99.95022,15.30355],[99.95025,15.30281],[99.95075,15.30269],[99.95096,15.30375],[99.95319,15.30355],[99.95417,15.30397],[99.95418,15.30517],[99.95661,15.30504],[99.95792,15.30608],[99.9586,15.30609],[99.95889,15.30437],[99.96045,15.303],[99.96016,15.30161],[99.96119,15.30142],[99.96184,15.30056],[99.96363,15.30095],[99.96362,15.29992],[99.96517,15.3003],[99.96537,15.29955],[99.96739,15.29848]]}},{"type":"Feature","id":"osm_waterway_1072622409","properties":{"feature_type":"osm_waterway","osm_id":"1072622409","river_name":"","waterway":"river","length_km":1.09},"geometry":{"type":"LineString","coordinates":[[99.77399,15.31267],[99.77444,15.31319],[99.77484,15.3123],[99.77551,15.31237],[99.77524,15.31295],[99.77586,15.31472],[99.77653,15.31428],[99.77705,15.31461],[99.77742,15.31369],[99.77896,15.31434]]}},{"type":"Feature","id":"osm_waterway_1072622410","properties":{"feature_type":"osm_waterway","osm_id":"1072622410","river_name":"","waterway":"river","length_km":2.27},"geometry":{"type":"LineString","coordinates":[[100.07157,15.28846],[100.06502,15.28716],[100.06292,15.28564],[100.06059,15.28264],[100.05755,15.27557]]}},{"type":"Feature","id":"osm_waterway_1072622411","properties":{"feature_type":"osm_waterway","osm_id":"1072622411","river_name":"แม่น้ำเจ้าพระยา","waterway":"river","length_km":10.32},"geometry":{"type":"LineString","coordinates":[[100.08645,15.35916],[100.09244,15.35537],[100.09994,15.34844],[100.10124,15.34534],[100.1015,15.34271],[100.10101,15.3375],[100.09909,15.3319],[100.09583,15.32802],[100.09112,15.32506],[100.08264,15.32133],[100.07852,15.31837],[100.07793,15.31731],[100.07783,15.31493],[100.08113,15.30845],[100.08183,15.30342],[100.08046,15.29897],[100.07841,15.29575],[100.07157,15.28846]]}},{"type":"Feature","id":"osm_waterway_1072622412","properties":{"feature_type":"osm_waterway","osm_id":"1072622412","river_name":"แม่น้ำเจ้าพระยา","waterway":"river","length_km":2.08},"geometry":{"type":"LineString","coordinates":[[100.07157,15.28846],[100.06776,15.28434],[100.05755,15.27557]]}},{"type":"Feature","id":"osm_waterway_1072622413","properties":{"feature_type":"osm_waterway","osm_id":"1072622413","river_name":"แม่น้ำเจ้าพระยา","waterway":"river","length_km":1.39},"geometry":{"type":"LineString","coordinates":[[100.10384,15.41658],[100.09811,15.41776],[100.09396,15.41639],[100.09193,15.41481]]}},{"type":"Feature","id":"osm_waterway_1072622414","properties":{"feature_type":"osm_waterway","osm_id":"1072622414","river_name":"แม่น้ำเจ้าพระยา","waterway":"river","length_km":11.84},"geometry":{"type":"LineString","coordinates":[[100.09193,15.41481],[100.08878,15.41157],[100.08759,15.40918],[100.08736,15.40494],[100.08839,15.39883],[100.09013,15.39536],[100.09384,15.39108],[100.10495,15.38293],[100.10657,15.37986],[100.10668,15.37714],[100.10556,15.37423],[100.10457,15.37347],[100.10221,15.37297],[100.09616,15.37458],[100.08409,15.37993],[100.08007,15.38037],[100.07812,15.38],[100.07547,15.37845],[100.0737,15.37461],[100.07371,15.37108],[100.07469,15.36852],[100.07909,15.36409],[100.08645,15.35916]]}},{"type":"Feature","id":"osm_waterway_1072622415","properties":{"feature_type":"osm_waterway","osm_id":"1072622415","river_name":"แม่น้ำเจ้าพระยา","waterway":"river","length_km":1.94},"geometry":{"type":"LineString","coordinates":[[100.12523,15.41278],[100.11755,15.41275],[100.10756,15.4153]]}},{"type":"Feature","id":"osm_waterway_1075792561","properties":{"feature_type":"osm_waterway","osm_id":"1075792561","river_name":"แม่น้ำเจ้าพระยา","waterway":"river","length_km":0.64},"geometry":{"type":"LineString","coordinates":[[100.05755,15.27557],[100.05628,15.27306],[100.05585,15.27017]]}},{"type":"Feature","id":"osm_waterway_1208441498","properties":{"feature_type":"osm_waterway","osm_id":"1208441498","river_name":"ขลองขลุง","waterway":"river","length_km":35.05},"geometry":{"type":"LineString","coordinates":[[99.19487,16.08488],[99.19687,16.08361],[99.19717,16.08224],[99.19839,16.08118],[99.19922,16.07822],[99.20047,16.07757],[99.20302,16.0776],[99.20226,16.07674],[99.2027,16.07557],[99.20538,16.07424],[99.2061,16.07276],[99.21171,16.0673],[99.21309,16.06681],[99.21345,16.0659],[99.21285,16.06518],[99.21306,16.06451],[99.21576,16.06435],[99.21593,16.06319],[99.21512,16.06156],[99.21594,16.06095],[99.21636,16.05877],[99.21959,16.05982],[99.21947,16.05883],[99.22289,16.05567],[99.22312,16.05453],[99.22428,16.05389],[99.22485,16.05265],[99.22642,16.05183],[99.22701,16.0498],[99.22608,16.04751],[99.22762,16.04385],[99.22786,16.04179],[99.22899,16.04158],[99.23049,16.04245],[99.23221,16.04066],[99.23553,16.04022],[99.2383,16.04189],[99.23953,16.04186],[99.24051,16.03914],[99.24117,16.03863],[99.24482,16.04127],[99.24531,16.04032],[99.24475,16.03634],[99.24609,16.03507],[99.24599,16.0323],[99.24727,16.03223],[99.2484,16.03346],[99.25047,16.03225],[99.25164,16.03045],[99.2532,16.0308],[99.25338,16.03201],[99.25237,16.03412],[99.25295,16.03485],[99.25621,16.03456],[99.25706,16.03675],[99.25972,16.03522],[99.26179,16.03571],[99.26273,16.0365],[99.26613,16.0368],[99.26963,16.0357],[99.27126,16.03776],[99.27097,16.04044],[99.27409,16.04193],[99.27549,16.04367],[99.27647,16.0436],[99.27763,16.0421],[99.27997,16.04154],[99.2809,16.04253],[99.28444,16.04406],[99.28721,16.04442],[99.28928,16.04403],[99.29426,16.04471],[99.29947,16.04628],[99.30184,16.04812],[99.30298,16.05053],[99.30304,16.05466],[99.30434,16.05517],[99.30551,16.05473],[99.30761,16.05596],[99.30921,16.0551],[99.30918,16.05367],[99.30982,16.05285],[99.3115,16.0519],[99.3129,16.05198],[99.31407,16.05319],[99.31422,16.05462],[99.3131,16.05572],[99.31285,16.05723],[99.31208,16.05747],[99.31185,16.05937],[99.31271,16.06016],[99.31314,16.06171],[99.31396,16.06166],[99.31548,16.06279],[99.31773,16.06273],[99.31781,16.06346],[99.31868,16.06372],[99.31902,16.0647],[99.31864,16.06556],[99.31898,16.06608],[99.31949,16.06589],[99.31935,16.06723],[99.32011,16.06944],[99.32142,16.06901],[99.32271,16.06709],[99.32384,16.06703],[99.32667,16.06311],[99.32788,16.06344],[99.32899,16.06617],[99.33304,16.06459],[99.33486,16.06309],[99.33644,16.05974],[99.33801,16.06004],[99.33876,16.06127],[99.34136,16.06171],[99.34242,16.06296],[99.34453,16.06278],[99.34529,16.0616],[99.34792,16.06066],[99.34747,16.05967],[99.34835,16.05889],[99.34818,16.05798],[99.34927,16.05632],[99.3511,16.05664],[99.352,16.05603],[99.35322,16.05723],[99.35422,16.05707],[99.35502,16.0577],[99.35739,16.05739],[99.3598,16.05825],[99.36044,16.05763],[99.36075,16.05808],[99.36139,16.05785],[99.36522,16.06025],[99.36789,16.05984],[99.37011,16.05813],[99.37104,16.05807],[99.3719,16.05979],[99.37078,16.06172],[99.37393,16.06362],[99.37473,16.06569],[99.38049,16.06576],[99.38091,16.06754],[99.38206,16.06867],[99.38426,16.06843],[99.38518,16.06939],[99.38667,16.06876],[99.38715,16.06932]]}},{"type":"Feature","id":"osm_waterway_1214449483","properties":{"feature_type":"osm_waterway","osm_id":"1214449483","river_name":"","waterway":"stream","length_km":2.56},"geometry":{"type":"LineString","coordinates":[[99.37753,15.96148],[99.38062,15.96134],[99.38155,15.9621],[99.38235,15.96201],[99.38418,15.96528],[99.38484,15.97014],[99.38405,15.97224],[99.3849,15.97394],[99.38403,15.97469],[99.38386,15.97724],[99.38321,15.97773]]}},{"type":"Feature","id":"osm_waterway_1218276435","properties":{"feature_type":"osm_waterway","osm_id":"1218276435","river_name":"คลองอ่างหินเพลิง","waterway":"stream","length_km":9.75},"geometry":{"type":"LineString","coordinates":[[99.46282,15.98532],[99.46541,15.98661],[99.46743,15.98629],[99.47358,15.98831],[99.47423,15.98957],[99.47383,15.99421],[99.47418,15.99482],[99.47277,15.99707],[99.47266,15.99852],[99.47492,15.99915],[99.47523,16.00175],[99.48008,16.00451],[99.48062,16.00679],[99.48212,16.00745],[99.48518,16.00715],[99.48738,16.01068],[99.48799,16.01089],[99.48865,16.0098],[99.48995,16.00954],[99.49019,16.01055],[99.49187,16.01142],[99.49164,16.01302],[99.49294,16.01569],[99.49578,16.01777],[99.49798,16.02166],[99.49689,16.02324],[99.49693,16.02474],[99.49777,16.02617],[99.49731,16.02671],[99.49775,16.02758],[99.49731,16.03214],[99.49909,16.03382],[99.49859,16.0349],[99.50061,16.03661],[99.50045,16.03765],[99.50222,16.03734],[99.50317,16.03797]]}},{"type":"Feature","id":"osm_waterway_1219541459","properties":{"feature_type":"osm_waterway","osm_id":"1219541459","river_name":"คลองตลีงสูง","waterway":"stream","length_km":5.12},"geometry":{"type":"LineString","coordinates":[[99.40827,15.89192],[99.40879,15.89331],[99.4086,15.8948],[99.41005,15.89532],[99.40957,15.89652],[99.41037,15.8967],[99.41017,15.89759],[99.41117,15.8976],[99.41099,15.89843],[99.41167,15.89887],[99.41185,15.90043],[99.41317,15.90158],[99.41277,15.90284],[99.41446,15.90331],[99.4139,15.90366],[99.41483,15.90421],[99.41496,15.90549],[99.41574,15.90517],[99.41564,15.90585],[99.41653,15.90585],[99.41718,15.90535],[99.41773,15.90638],[99.41946,15.90677],[99.42109,15.90584],[99.42195,15.90625],[99.42394,15.90582],[99.42366,15.90691],[99.42416,15.9076],[99.42367,15.90802],[99.428,15.90998],[99.43076,15.90953]]}},{"type":"Feature","id":"osm_waterway_1219546352","properties":{"feature_type":"osm_waterway","osm_id":"1219546352","river_name":"","waterway":"stream","length_km":2.39},"geometry":{"type":"LineString","coordinates":[[99.35226,15.92458],[99.35733,15.92574],[99.35871,15.92113],[99.35978,15.92088],[99.36183,15.91859],[99.36477,15.91739],[99.36909,15.91809]]}},{"type":"Feature","id":"osm_waterway_1221767062","properties":{"feature_type":"osm_waterway","osm_id":"1221767062","river_name":"","waterway":"stream","length_km":7.39},"geometry":{"type":"LineString","coordinates":[[99.37167,15.9386],[99.37301,15.93596],[99.37633,15.93569],[99.38358,15.93323],[99.38591,15.93377],[99.38652,15.93248],[99.38812,15.93137],[99.39222,15.93098],[99.39311,15.92929],[99.39561,15.92776],[99.39589,15.92686],[99.39651,15.92718],[99.39836,15.92632],[99.40119,15.92173],[99.40323,15.92172],[99.40494,15.92083],[99.40579,15.92129],[99.41285,15.9218],[99.41805,15.91922],[99.41954,15.92183],[99.42206,15.91986],[99.42412,15.9197]]}},{"type":"Feature","id":"osm_waterway_1221773918","properties":{"feature_type":"osm_waterway","osm_id":"1221773918","river_name":"","waterway":"stream","length_km":1.74},"geometry":{"type":"LineString","coordinates":[[99.42642,15.96402],[99.42632,15.96217],[99.42561,15.96126],[99.42484,15.96038],[99.42263,15.95989],[99.42206,15.95895],[99.42246,15.95732],[99.41847,15.95602],[99.41805,15.95492],[99.41695,15.95442]]}},{"type":"Feature","id":"osm_waterway_1221773921","properties":{"feature_type":"osm_waterway","osm_id":"1221773921","river_name":"","waterway":"stream","length_km":2.44},"geometry":{"type":"LineString","coordinates":[[99.42093,15.9739],[99.42023,15.97217],[99.41926,15.97165],[99.41922,15.96938],[99.41777,15.96523],[99.41755,15.96382],[99.41869,15.95912],[99.41712,15.95704],[99.41695,15.95442]]}},{"type":"Feature","id":"osm_waterway_1221773922","properties":{"feature_type":"osm_waterway","osm_id":"1221773922","river_name":"","waterway":"stream","length_km":5.31},"geometry":{"type":"LineString","coordinates":[[99.41695,15.95442],[99.41716,15.95378],[99.41616,15.95306],[99.41719,15.95214],[99.41747,15.95035],[99.41694,15.94662],[99.41728,15.94561],[99.41641,15.94409],[99.41636,15.94165],[99.41521,15.93991],[99.41538,15.93885],[99.41332,15.93719],[99.41188,15.93728],[99.41075,15.935],[99.41,15.93493],[99.40885,15.93304],[99.40898,15.93064],[99.41101,15.92915],[99.41137,15.92745],[99.41249,15.92755],[99.41494,15.92655],[99.41469,15.92566],[99.41577,15.92527],[99.41496,15.92419],[99.41612,15.92376],[99.41593,15.92044]]}},{"type":"Feature","id":"osm_waterway_1221774650","properties":{"feature_type":"osm_waterway","osm_id":"1221774650","river_name":"","waterway":"stream","length_km":1.43},"geometry":{"type":"LineString","coordinates":[[99.40729,15.9488],[99.40895,15.94696],[99.40911,15.94543],[99.41012,15.94513],[99.41084,15.94382],[99.41371,15.94309],[99.41489,15.94132],[99.41568,15.94125]]}},{"type":"Feature","id":"osm_waterway_1221774984","properties":{"feature_type":"osm_waterway","osm_id":"1221774984","river_name":"","waterway":"stream","length_km":2.24},"geometry":{"type":"LineString","coordinates":[[99.39801,15.94752],[99.399,15.94633],[99.40178,15.94611],[99.40368,15.94415],[99.4058,15.94348],[99.40786,15.9406],[99.40904,15.94023],[99.40974,15.93911],[99.41014,15.93506]]}},{"type":"Feature","id":"osm_waterway_1221933812","properties":{"feature_type":"osm_waterway","osm_id":"1221933812","river_name":"","waterway":"stream","length_km":0.4},"geometry":{"type":"LineString","coordinates":[[99.42159,15.96701],[99.41828,15.96606]]}},{"type":"Feature","id":"osm_waterway_1221933817","properties":{"feature_type":"osm_waterway","osm_id":"1221933817","river_name":"","waterway":"stream","length_km":1.02},"geometry":{"type":"LineString","coordinates":[[99.41589,15.9737],[99.41576,15.97251],[99.41698,15.96921],[99.41663,15.96738],[99.41747,15.96579],[99.41826,15.9658]]}},{"type":"Feature","id":"osm_waterway_1221934027","properties":{"feature_type":"osm_waterway","osm_id":"1221934027","river_name":"","waterway":"stream","length_km":1.02},"geometry":{"type":"LineString","coordinates":[[99.39715,15.95274],[99.40054,15.9534],[99.4062,15.95317]]}},{"type":"Feature","id":"osm_waterway_1221934028","properties":{"feature_type":"osm_waterway","osm_id":"1221934028","river_name":"","waterway":"stream","length_km":0.08},"geometry":{"type":"LineString","coordinates":[[99.40637,15.95313],[99.40714,15.95315]]}},{"type":"Feature","id":"osm_waterway_1221934029","properties":{"feature_type":"osm_waterway","osm_id":"1221934029","river_name":"","waterway":"stream","length_km":0.02},"geometry":{"type":"LineString","coordinates":[[99.4062,15.95317],[99.40637,15.95313]]}},{"type":"Feature","id":"osm_waterway_1221934308","properties":{"feature_type":"osm_waterway","osm_id":"1221934308","river_name":"","waterway":"stream","length_km":0.87},"geometry":{"type":"LineString","coordinates":[[99.4071,15.96106],[99.40712,15.95882],[99.40803,15.95793],[99.40761,15.95386]]}},{"type":"Feature","id":"osm_waterway_1221934581","properties":{"feature_type":"osm_waterway","osm_id":"1221934581","river_name":"","waterway":"stream","length_km":1.01},"geometry":{"type":"LineString","coordinates":[[99.38999,15.94374],[99.38923,15.94264],[99.38942,15.94181],[99.39117,15.9391],[99.38983,15.93585]]}},{"type":"Feature","id":"osm_waterway_1221935467","properties":{"feature_type":"osm_waterway","osm_id":"1221935467","river_name":"","waterway":"stream","length_km":1.01},"geometry":{"type":"LineString","coordinates":[[99.38511,15.94263],[99.38537,15.94185],[99.3843,15.94131],[99.3839,15.93995],[99.38483,15.93943],[99.38535,15.93665],[99.38614,15.9354]]}},{"type":"Feature","id":"osm_waterway_1221979656","properties":{"feature_type":"osm_waterway","osm_id":"1221979656","river_name":"","waterway":"stream","length_km":1.29},"geometry":{"type":"LineString","coordinates":[[99.41754,15.98395],[99.41393,15.98467],[99.41082,15.98611],[99.41003,15.98778],[99.40796,15.98913]]}},{"type":"Feature","id":"osm_waterway_1221979657","properties":{"feature_type":"osm_waterway","osm_id":"1221979657","river_name":"","waterway":"stream","length_km":0.83},"geometry":{"type":"LineString","coordinates":[[99.40782,15.98927],[99.40621,15.99044],[99.40549,15.99208],[99.40375,15.99235],[99.40289,15.99117]]}},{"type":"Feature","id":"osm_waterway_1221979658","properties":{"feature_type":"osm_waterway","osm_id":"1221979658","river_name":"","waterway":"stream","length_km":0.02},"geometry":{"type":"LineString","coordinates":[[99.40796,15.98913],[99.40782,15.98927]]}},{"type":"Feature","id":"osm_waterway_1222166313","properties":{"feature_type":"osm_waterway","osm_id":"1222166313","river_name":"","waterway":"stream","length_km":1.14},"geometry":{"type":"LineString","coordinates":[[99.34916,15.95196],[99.3502,15.95119],[99.35327,15.952],[99.35443,15.95122],[99.35568,15.95172],[99.35849,15.95154]]}},{"type":"Feature","id":"osm_waterway_1222166316","properties":{"feature_type":"osm_waterway","osm_id":"1222166316","river_name":"","waterway":"stream","length_km":2.06},"geometry":{"type":"LineString","coordinates":[[99.35858,15.95158],[99.35932,15.95205],[99.35963,15.95404],[99.36173,15.95435],[99.36203,15.95602],[99.36309,15.95657],[99.36417,15.95654],[99.36789,15.95365],[99.36922,15.95344],[99.36999,15.95397],[99.37078,15.95338],[99.37107,15.95433]]}},{"type":"Feature","id":"osm_waterway_1222166317","properties":{"feature_type":"osm_waterway","osm_id":"1222166317","river_name":"","waterway":"stream","length_km":0.01},"geometry":{"type":"LineString","coordinates":[[99.35849,15.95154],[99.35858,15.95158]]}},{"type":"Feature","id":"osm_waterway_1222168894","properties":{"feature_type":"osm_waterway","osm_id":"1222168894","river_name":"","waterway":"stream","length_km":1.05},"geometry":{"type":"LineString","coordinates":[[99.35418,15.95859],[99.35455,15.95754],[99.35807,15.95674],[99.35921,15.9571],[99.3622,15.95619]]}},{"type":"Feature","id":"osm_waterway_1222180630","properties":{"feature_type":"osm_waterway","osm_id":"1222180630","river_name":"คลองไผ่ตัน","waterway":"stream","length_km":1.06},"geometry":{"type":"LineString","coordinates":[[99.13474,16.10444],[99.13473,16.10598],[99.1341,16.1069],[99.1344,16.1087],[99.13378,16.10917],[99.13413,16.10968],[99.13346,16.11179],[99.13375,16.11297]]}},{"type":"Feature","id":"osm_waterway_1230521426","properties":{"feature_type":"osm_waterway","osm_id":"1230521426","river_name":"","waterway":"stream","length_km":2.4},"geometry":{"type":"LineString","coordinates":[[99.48514,15.98362],[99.48552,15.98512],[99.48476,15.98674],[99.48203,15.98801],[99.48093,15.99069],[99.48133,15.99361],[99.4834,15.99542],[99.48457,15.99848],[99.48612,15.99958]]}},{"type":"Feature","id":"osm_waterway_1235476344","properties":{"feature_type":"osm_waterway","osm_id":"1235476344","river_name":"","waterway":"dam","length_km":0.28},"geometry":{"type":"LineString","coordinates":[[99.40085,15.57961],[99.40104,15.57841],[99.4011,15.57842],[99.40091,15.57962],[99.40085,15.57961]]}},{"type":"Feature","id":"osm_waterway_1235794188","properties":{"feature_type":"osm_waterway","osm_id":"1235794188","river_name":"","waterway":"stream","length_km":0.67},"geometry":{"type":"LineString","coordinates":[[99.41315,15.52514],[99.4186,15.52628]]}},{"type":"Feature","id":"osm_waterway_1237778250","properties":{"feature_type":"osm_waterway","osm_id":"1237778250","river_name":"คลองปลาอ้าว","waterway":"stream","length_km":1.45},"geometry":{"type":"LineString","coordinates":[[99.47211,15.9232],[99.47267,15.92284],[99.47277,15.92165],[99.47599,15.92003],[99.47642,15.92109],[99.47605,15.92177],[99.47656,15.92225],[99.47697,15.92195],[99.47698,15.92305],[99.47783,15.92224],[99.47899,15.92209]]}},{"type":"Feature","id":"osm_waterway_1237778251","properties":{"feature_type":"osm_waterway","osm_id":"1237778251","river_name":"","waterway":"stream","length_km":0.83},"geometry":{"type":"LineString","coordinates":[[99.44655,15.95121],[99.45028,15.952],[99.45379,15.95115]]}},{"type":"Feature","id":"osm_waterway_1237778252","properties":{"feature_type":"osm_waterway","osm_id":"1237778252","river_name":"","waterway":"stream","length_km":0.01},"geometry":{"type":"LineString","coordinates":[[99.4606,15.94998],[99.46071,15.94995]]}},{"type":"Feature","id":"osm_waterway_1237778253","properties":{"feature_type":"osm_waterway","osm_id":"1237778253","river_name":"","waterway":"stream","length_km":1.63},"geometry":{"type":"LineString","coordinates":[[99.46071,15.94995],[99.46218,15.94849],[99.46465,15.94834],[99.46653,15.94617],[99.46946,15.94456],[99.47056,15.94339],[99.47001,15.94141]]}},{"type":"Feature","id":"osm_waterway_1237778254","properties":{"feature_type":"osm_waterway","osm_id":"1237778254","river_name":"","waterway":"stream","length_km":0.01},"geometry":{"type":"LineString","coordinates":[[99.47001,15.94141],[99.47004,15.94132]]}},{"type":"Feature","id":"osm_waterway_1237778255","properties":{"feature_type":"osm_waterway","osm_id":"1237778255","river_name":"","waterway":"stream","length_km":0.67},"geometry":{"type":"LineString","coordinates":[[99.47004,15.94132],[99.47104,15.93996],[99.47311,15.93884],[99.47349,15.93774],[99.47277,15.93724]]}},{"type":"Feature","id":"osm_waterway_1237778256","properties":{"feature_type":"osm_waterway","osm_id":"1237778256","river_name":"","waterway":"stream","length_km":0.01},"geometry":{"type":"LineString","coordinates":[[99.47244,15.93182],[99.47241,15.93173]]}},{"type":"Feature","id":"osm_waterway_1237778257","properties":{"feature_type":"osm_waterway","osm_id":"1237778257","river_name":"","waterway":"stream","length_km":0.61},"geometry":{"type":"LineString","coordinates":[[99.47241,15.93173],[99.47156,15.92991],[99.47302,15.92696]]}},{"type":"Feature","id":"osm_waterway_1237778258","properties":{"feature_type":"osm_waterway","osm_id":"1237778258","river_name":"","waterway":"stream","length_km":0.01},"geometry":{"type":"LineString","coordinates":[[99.47302,15.92696],[99.47298,15.92688]]}},{"type":"Feature","id":"osm_waterway_1237778259","properties":{"feature_type":"osm_waterway","osm_id":"1237778259","river_name":"","waterway":"stream","length_km":0.77},"geometry":{"type":"LineString","coordinates":[[99.45387,15.95121],[99.45471,15.95121],[99.45547,15.95037],[99.4606,15.94998]]}},{"type":"Feature","id":"osm_waterway_1237778260","properties":{"feature_type":"osm_waterway","osm_id":"1237778260","river_name":"","waterway":"stream","length_km":0.01},"geometry":{"type":"LineString","coordinates":[[99.45379,15.95115],[99.45387,15.95121]]}},{"type":"Feature","id":"osm_waterway_1237778261","properties":{"feature_type":"osm_waterway","osm_id":"1237778261","river_name":"","waterway":"stream","length_km":0.66},"geometry":{"type":"LineString","coordinates":[[99.47273,15.93716],[99.47236,15.93591],[99.47334,15.93438],[99.47244,15.93182]]}},{"type":"Feature","id":"osm_waterway_1237778262","properties":{"feature_type":"osm_waterway","osm_id":"1237778262","river_name":"","waterway":"stream","length_km":0.01},"geometry":{"type":"LineString","coordinates":[[99.47277,15.93724],[99.47273,15.93716]]}},{"type":"Feature","id":"osm_waterway_1238315441","properties":{"feature_type":"osm_waterway","osm_id":"1238315441","river_name":"","waterway":"stream","length_km":2.54},"geometry":{"type":"LineString","coordinates":[[99.50603,15.94304],[99.50825,15.94277],[99.50827,15.94104],[99.51198,15.94078],[99.51572,15.93941],[99.52126,15.93851],[99.52196,15.93775],[99.52702,15.93701]]}},{"type":"Feature","id":"osm_waterway_1238315442","properties":{"feature_type":"osm_waterway","osm_id":"1238315442","river_name":"","waterway":"stream","length_km":1.63},"geometry":{"type":"LineString","coordinates":[[99.52712,15.937],[99.52907,15.93646],[99.53961,15.93796],[99.54197,15.93746]]}},{"type":"Feature","id":"osm_waterway_1238315443","properties":{"feature_type":"osm_waterway","osm_id":"1238315443","river_name":"","waterway":"stream","length_km":0.01},"geometry":{"type":"LineString","coordinates":[[99.52702,15.93701],[99.52712,15.937]]}},{"type":"Feature","id":"osm_waterway_1238326087","properties":{"feature_type":"osm_waterway","osm_id":"1238326087","river_name":"คลองท่าตาอูย่","waterway":"stream","length_km":1.7},"geometry":{"type":"LineString","coordinates":[[99.55898,15.93242],[99.56216,15.92702],[99.56496,15.92603],[99.56718,15.92307],[99.56718,15.92149],[99.56803,15.92118]]}},{"type":"Feature","id":"osm_waterway_1238332907","properties":{"feature_type":"osm_waterway","osm_id":"1238332907","river_name":"","waterway":"stream","length_km":3.85},"geometry":{"type":"LineString","coordinates":[[99.58411,15.94194],[99.58225,15.93758],[99.58258,15.93509],[99.58177,15.93188],[99.58404,15.93112],[99.58375,15.92905],[99.58527,15.92699],[99.585,15.92371],[99.58431,15.92325],[99.58715,15.92061],[99.58903,15.91698],[99.59242,15.91398]]}},{"type":"Feature","id":"osm_waterway_1241467489","properties":{"feature_type":"osm_waterway","osm_id":"1241467489","river_name":"","waterway":"stream","length_km":0.69},"geometry":{"type":"LineString","coordinates":[[99.40479,15.56676],[99.4065,15.56718],[99.40708,15.56671],[99.40775,15.56738],[99.40966,15.56703]]}},{"type":"Feature","id":"osm_waterway_1241638089","properties":{"feature_type":"osm_waterway","osm_id":"1241638089","river_name":"","waterway":"stream","length_km":1.71},"geometry":{"type":"LineString","coordinates":[[99.40853,15.55027],[99.40979,15.55036],[99.41103,15.55252],[99.41257,15.553],[99.41315,15.55206],[99.41391,15.55192],[99.41452,15.55281],[99.41517,15.55282],[99.41671,15.55197],[99.41798,15.55403]]}},{"type":"Feature","id":"osm_waterway_1242330236","properties":{"feature_type":"osm_waterway","osm_id":"1242330236","river_name":"","waterway":"river","length_km":0.15},"geometry":{"type":"LineString","coordinates":[[99.40533,15.57867],[99.40625,15.57791]]}},{"type":"Feature","id":"osm_waterway_1243398979","properties":{"feature_type":"osm_waterway","osm_id":"1243398979","river_name":"","waterway":"stream","length_km":1.86},"geometry":{"type":"LineString","coordinates":[[99.40683,15.54274],[99.4085,15.54338],[99.40993,15.5431],[99.41096,15.5443],[99.41076,15.54484],[99.41227,15.54508],[99.4129,15.54607],[99.41513,15.54746],[99.41919,15.54617]]}},{"type":"Feature","id":"osm_waterway_1251551097","properties":{"feature_type":"osm_waterway","osm_id":"1251551097","river_name":"","waterway":"river","length_km":4.28},"geometry":{"type":"LineString","coordinates":[[100.01574,15.36891],[100.01664,15.36764],[100.01894,15.36839],[100.02027,15.36703],[100.02197,15.3672],[100.02347,15.36664],[100.02375,15.36603],[100.02593,15.36707],[100.02696,15.36594],[100.02852,15.36676],[100.0346,15.36633],[100.03694,15.36781],[100.0418,15.36709],[100.04391,15.36901],[100.04707,15.36735],[100.04805,15.36755],[100.0485,15.36869]]}},{"type":"Feature","id":"osm_waterway_1251551098","properties":{"feature_type":"osm_waterway","osm_id":"1251551098","river_name":"","waterway":"river","length_km":1.32},"geometry":{"type":"LineString","coordinates":[[100.01154,15.37705],[100.01202,15.37586],[100.0137,15.375],[100.01317,15.37398],[100.01444,15.37234],[100.01387,15.37092],[100.01472,15.36946],[100.01558,15.36989],[100.01561,15.36912]]}},{"type":"Feature","id":"osm_waterway_1251551101","properties":{"feature_type":"osm_waterway","osm_id":"1251551101","river_name":"","waterway":"river","length_km":0.03},"geometry":{"type":"LineString","coordinates":[[100.01561,15.36912],[100.01574,15.36891]]}},{"type":"Feature","id":"osm_waterway_1251551985","properties":{"feature_type":"osm_waterway","osm_id":"1251551985","river_name":"","waterway":"river","length_km":4.63},"geometry":{"type":"LineString","coordinates":[[99.98171,15.3833],[99.98217,15.38162],[99.985,15.38078],[99.98559,15.37971],[99.9863,15.38032],[99.98673,15.37894],[99.98976,15.37858],[99.99121,15.37994],[99.99252,15.37965],[99.99401,15.38007],[99.99572,15.37837],[99.9971,15.37848],[99.99742,15.37775],[99.99684,15.37726],[99.99916,15.37674],[99.99984,15.37541],[100.00168,15.37635],[100.00289,15.37576],[100.0043,15.3766],[100.00439,15.37748],[100.00608,15.37795],[100.00736,15.37767],[100.0076,15.37707],[100.0092,15.37705],[100.01046,15.37813],[100.01154,15.37705]]}},{"type":"Feature","id":"osm_waterway_1251584728","properties":{"feature_type":"osm_waterway","osm_id":"1251584728","river_name":"","waterway":"stream","length_km":4.42},"geometry":{"type":"LineString","coordinates":[[100.00401,15.33432],[100.00458,15.33333],[100.00539,15.33308],[100.00667,15.33355],[100.00708,15.33285],[100.00806,15.3326],[100.00826,15.33175],[100.00926,15.33192],[100.01109,15.33107],[100.01248,15.33133],[100.01372,15.33233],[100.01441,15.33166],[100.01651,15.33233],[100.01679,15.3316],[100.01778,15.33125],[100.01774,15.33032],[100.02294,15.32936],[100.02384,15.33008],[100.02477,15.32974],[100.02552,15.33031],[100.02589,15.33183],[100.02715,15.33262],[100.02753,15.33203],[100.02861,15.33351],[100.03029,15.33228],[100.03098,15.33288],[100.03166,15.33172],[100.0327,15.33195]]}},{"type":"Feature","id":"osm_waterway_1251584733","properties":{"feature_type":"osm_waterway","osm_id":"1251584733","river_name":"","waterway":"stream","length_km":1.0},"geometry":{"type":"LineString","coordinates":[[100.0328,15.33196],[100.03427,15.33312],[100.03485,15.33296],[100.03567,15.33547],[100.03745,15.33435],[100.039,15.3347]]}},{"type":"Feature","id":"osm_waterway_1251584734","properties":{"feature_type":"osm_waterway","osm_id":"1251584734","river_name":"","waterway":"stream","length_km":0.01},"geometry":{"type":"LineString","coordinates":[[100.0327,15.33195],[100.0328,15.33196]]}},{"type":"Feature","id":"osm_waterway_1251584735","properties":{"feature_type":"osm_waterway","osm_id":"1251584735","river_name":"","waterway":"river","length_km":5.77},"geometry":{"type":"LineString","coordinates":[[100.03867,15.33396],[100.04023,15.34035],[100.04272,15.34422],[100.04744,15.34684],[100.04965,15.34677],[100.05341,15.34484],[100.05747,15.33874],[100.0595,15.3346],[100.06232,15.33119],[100.06238,15.33012],[100.06396,15.32881],[100.06536,15.32858],[100.0667,15.32687],[100.06989,15.32573],[100.07286,15.32599]]}},{"type":"Feature","id":"osm_waterway_1251584736","properties":{"feature_type":"osm_waterway","osm_id":"1251584736","river_name":"แม่น้ำสะแกกรัง","waterway":"river","length_km":3.47},"geometry":{"type":"LineString","coordinates":[[100.07516,15.32809],[100.07286,15.32599],[100.07051,15.31766],[100.07077,15.31602],[100.0726,15.31206],[100.07319,15.31149],[100.07649,15.31101],[100.07991,15.30482],[100.08183,15.30342]]}},{"type":"Feature","id":"osm_waterway_1251584737","properties":{"feature_type":"osm_waterway","osm_id":"1251584737","river_name":"","waterway":"stream","length_km":0.93},"geometry":{"type":"LineString","coordinates":[[100.00639,15.29266],[100.00767,15.29314],[100.00844,15.29521],[100.00753,15.29679],[100.00796,15.29966]]}},{"type":"Feature","id":"osm_waterway_1262800045","properties":{"feature_type":"osm_waterway","osm_id":"1262800045","river_name":"","waterway":"river","length_km":1.22},"geometry":{"type":"LineString","coordinates":[[99.82647,15.39384],[99.8259,15.39431],[99.82412,15.39366],[99.82268,15.39467],[99.82171,15.39426],[99.82119,15.39546],[99.81798,15.39589],[99.81775,15.39645]]}},{"type":"Feature","id":"osm_waterway_1262800046","properties":{"feature_type":"osm_waterway","osm_id":"1262800046","river_name":"","waterway":"river","length_km":0.01},"geometry":{"type":"LineString","coordinates":[[99.82657,15.39386],[99.82647,15.39384]]}},{"type":"Feature","id":"osm_waterway_1262800052","properties":{"feature_type":"osm_waterway","osm_id":"1262800052","river_name":"","waterway":"drain","length_km":2.16},"geometry":{"type":"LineString","coordinates":[[99.82369,15.39429],[99.827,15.39491],[99.82867,15.39658],[99.83106,15.39794],[99.83282,15.3981],[99.83394,15.39933],[99.83735,15.39904],[99.84128,15.39734]]}},{"type":"Feature","id":"osm_waterway_1262800062","properties":{"feature_type":"osm_waterway","osm_id":"1262800062","river_name":"","waterway":"river","length_km":0.14},"geometry":{"type":"LineString","coordinates":[[99.81782,15.39654],[99.8181,15.39768]]}},{"type":"Feature","id":"osm_waterway_1262800063","properties":{"feature_type":"osm_waterway","osm_id":"1262800063","river_name":"","waterway":"river","length_km":0.01},"geometry":{"type":"LineString","coordinates":[[99.81775,15.39645],[99.81782,15.39654]]}},{"type":"Feature","id":"osm_waterway_1262800064","properties":{"feature_type":"osm_waterway","osm_id":"1262800064","river_name":"","waterway":"drain","length_km":0.34},"geometry":{"type":"LineString","coordinates":[[99.84139,15.3973],[99.84436,15.39694]]}},{"type":"Feature","id":"osm_waterway_1262800065","properties":{"feature_type":"osm_waterway","osm_id":"1262800065","river_name":"","waterway":"drain","length_km":0.01},"geometry":{"type":"LineString","coordinates":[[99.84128,15.39734],[99.84139,15.3973]]}},{"type":"Feature","id":"osm_waterway_1271748384","properties":{"feature_type":"osm_waterway","osm_id":"1271748384","river_name":"","waterway":"stream","length_km":1.52},"geometry":{"type":"LineString","coordinates":[[99.54706,15.91934],[99.54785,15.91949],[99.54817,15.9202],[99.54901,15.92002],[99.54929,15.91948],[99.55021,15.91945],[99.55125,15.91797],[99.55564,15.91883],[99.55665,15.91859],[99.55842,15.91974]]}},{"type":"Feature","id":"osm_waterway_1271748385","properties":{"feature_type":"osm_waterway","osm_id":"1271748385","river_name":"","waterway":"stream","length_km":0.81},"geometry":{"type":"LineString","coordinates":[[99.55851,15.91976],[99.56004,15.91957],[99.5618,15.92081],[99.5653,15.92126]]}},{"type":"Feature","id":"osm_waterway_1271748386","properties":{"feature_type":"osm_waterway","osm_id":"1271748386","river_name":"","waterway":"stream","length_km":0.01},"geometry":{"type":"LineString","coordinates":[[99.55842,15.91974],[99.55851,15.91976]]}},{"type":"Feature","id":"osm_waterway_1271748387","properties":{"feature_type":"osm_waterway","osm_id":"1271748387","river_name":"","waterway":"stream","length_km":0.27},"geometry":{"type":"LineString","coordinates":[[99.56539,15.92127],[99.56615,15.9204],[99.56724,15.92089]]}},{"type":"Feature","id":"osm_waterway_1271748388","properties":{"feature_type":"osm_waterway","osm_id":"1271748388","river_name":"","waterway":"stream","length_km":0.01},"geometry":{"type":"LineString","coordinates":[[99.5653,15.92126],[99.56539,15.92127]]}},{"type":"Feature","id":"osm_waterway_1302000284","properties":{"feature_type":"osm_waterway","osm_id":"1302000284","river_name":"","waterway":"stream","length_km":0.66},"geometry":{"type":"LineString","coordinates":[[99.66664,15.89953],[99.66733,15.89832],[99.67131,15.89609]]}},{"type":"Feature","id":"osm_waterway_1303830940","properties":{"feature_type":"osm_waterway","osm_id":"1303830940","river_name":"","waterway":"stream","length_km":0.59},"geometry":{"type":"LineString","coordinates":[[99.37107,15.95433],[99.37154,15.95676],[99.37282,15.95738],[99.37301,15.95836]]}},{"type":"Feature","id":"osm_waterway_1303830941","properties":{"feature_type":"osm_waterway","osm_id":"1303830941","river_name":"","waterway":"stream","length_km":0.01},"geometry":{"type":"LineString","coordinates":[[99.37301,15.95836],[99.37304,15.95845]]}},{"type":"Feature","id":"osm_waterway_1303830944","properties":{"feature_type":"osm_waterway","osm_id":"1303830944","river_name":"","waterway":"stream","length_km":0.67},"geometry":{"type":"LineString","coordinates":[[99.37304,15.95845],[99.37526,15.95982],[99.37561,15.96091],[99.37743,15.96148]]}},{"type":"Feature","id":"osm_waterway_1303830945","properties":{"feature_type":"osm_waterway","osm_id":"1303830945","river_name":"","waterway":"stream","length_km":0.01},"geometry":{"type":"LineString","coordinates":[[99.37743,15.96148],[99.37753,15.96148]]}},{"type":"Feature","id":"osm_waterway_1318570235","properties":{"feature_type":"osm_waterway","osm_id":"1318570235","river_name":"","waterway":"stream","length_km":10.94},"geometry":{"type":"LineString","coordinates":[[99.60542,15.86105],[99.60509,15.86084],[99.60559,15.85973],[99.60412,15.85972],[99.60357,15.85806],[99.60192,15.85705],[99.60371,15.85328],[99.60264,15.84997],[99.60362,15.84903],[99.60513,15.84883],[99.60563,15.84723],[99.60673,15.84691],[99.60696,15.84614],[99.60909,15.84529],[99.60971,15.84584],[99.61158,15.84576],[99.61346,15.84492],[99.61338,15.84234],[99.61226,15.84131],[99.61158,15.84154],[99.61159,15.84091],[99.61342,15.8393],[99.61557,15.83852],[99.61587,15.83667],[99.61688,15.83705],[99.61688,15.8363],[99.61781,15.8359],[99.61837,15.83661],[99.61915,15.83641],[99.61914,15.83531],[99.61979,15.83511],[99.62025,15.83392],[99.62095,15.83443],[99.62101,15.83556],[99.62248,15.83568],[99.62336,15.83696],[99.62493,15.83664],[99.6244,15.83559],[99.62615,15.83469],[99.6263,15.83307],[99.62748,15.8328],[99.62723,15.83197],[99.62837,15.83206],[99.62864,15.83149],[99.62961,15.83177],[99.63134,15.83002],[99.63214,15.82784],[99.63364,15.82613],[99.63357,15.82518],[99.63521,15.82123],[99.63737,15.81994],[99.63885,15.8164],[99.63983,15.8154],[99.64112,15.81544],[99.64096,15.81328],[99.64391,15.8128],[99.64446,15.81151],[99.64606,15.8107]]}},{"type":"Feature","id":"osm_waterway_1318570236","properties":{"feature_type":"osm_waterway","osm_id":"1318570236","river_name":"","waterway":"stream","length_km":2.1},"geometry":{"type":"LineString","coordinates":[[99.60542,15.86105],[99.60709,15.86069],[99.60837,15.85945],[99.60916,15.85792],[99.60849,15.85578],[99.61037,15.85426],[99.60864,15.85256],[99.60899,15.85094],[99.60835,15.85033],[99.60903,15.84966],[99.6086,15.84923],[99.60908,15.84846]]}},{"type":"Feature","id":"osm_waterway_1318570237","properties":{"feature_type":"osm_waterway","osm_id":"1318570237","river_name":"","waterway":"stream","length_km":0.35},"geometry":{"type":"LineString","coordinates":[[99.60904,15.84838],[99.60878,15.84758],[99.60971,15.84584]]}},{"type":"Feature","id":"osm_waterway_1318570238","properties":{"feature_type":"osm_waterway","osm_id":"1318570238","river_name":"","waterway":"stream","length_km":0.01},"geometry":{"type":"LineString","coordinates":[[99.60908,15.84846],[99.60904,15.84838]]}},{"type":"Feature","id":"osm_waterway_1323986465","properties":{"feature_type":"osm_waterway","osm_id":"1323986465","river_name":"","waterway":"stream","length_km":1.1},"geometry":{"type":"LineString","coordinates":[[99.90444,15.51042],[99.903,15.51038],[99.89967,15.50715],[99.89629,15.50615]]}},{"type":"Feature","id":"osm_waterway_1324029091","properties":{"feature_type":"osm_waterway","osm_id":"1324029091","river_name":"","waterway":"dam","length_km":0.26},"geometry":{"type":"LineString","coordinates":[[99.92661,15.54288],[99.92864,15.54164]]}},{"type":"Feature","id":"osm_waterway_1324904331","properties":{"feature_type":"osm_waterway","osm_id":"1324904331","river_name":"","waterway":"stream","length_km":0.86},"geometry":{"type":"LineString","coordinates":[[99.84139,15.3456],[99.84168,15.34604],[99.8426,15.34546],[99.8432,15.34628],[99.84603,15.34635],[99.84639,15.34693],[99.84602,15.34736]]}},{"type":"Feature","id":"osm_waterway_1324904334","properties":{"feature_type":"osm_waterway","osm_id":"1324904334","river_name":"","waterway":"stream","length_km":0.55},"geometry":{"type":"LineString","coordinates":[[99.84604,15.34744],[99.84713,15.34751],[99.84747,15.34813],[99.84984,15.34702]]}},{"type":"Feature","id":"osm_waterway_1324904335","properties":{"feature_type":"osm_waterway","osm_id":"1324904335","river_name":"","waterway":"stream","length_km":0.01},"geometry":{"type":"LineString","coordinates":[[99.84602,15.34736],[99.84604,15.34744]]}},{"type":"Feature","id":"osm_waterway_1324904349","properties":{"feature_type":"osm_waterway","osm_id":"1324904349","river_name":"","waterway":"drain","length_km":2.96},"geometry":{"type":"LineString","coordinates":[[99.79375,15.33901],[99.79735,15.33697],[99.8008,15.33635],[99.80887,15.33713],[99.80969,15.3359],[99.81404,15.33392],[99.80943,15.33187]]}},{"type":"Feature","id":"osm_waterway_1324904352","properties":{"feature_type":"osm_waterway","osm_id":"1324904352","river_name":"","waterway":"drain","length_km":1.45},"geometry":{"type":"LineString","coordinates":[[99.76948,15.34617],[99.77446,15.34389],[99.77938,15.34373],[99.78231,15.34306]]}},{"type":"Feature","id":"osm_waterway_1324904353","properties":{"feature_type":"osm_waterway","osm_id":"1324904353","river_name":"","waterway":"drain","length_km":0.01},"geometry":{"type":"LineString","coordinates":[[99.78231,15.34306],[99.7824,15.34302]]}},{"type":"Feature","id":"osm_waterway_1324904354","properties":{"feature_type":"osm_waterway","osm_id":"1324904354","river_name":"","waterway":"drain","length_km":0.98},"geometry":{"type":"LineString","coordinates":[[99.7824,15.34302],[99.7859,15.34128],[99.79095,15.34053]]}},{"type":"Feature","id":"osm_waterway_1324904355","properties":{"feature_type":"osm_waterway","osm_id":"1324904355","river_name":"","waterway":"drain","length_km":0.01},"geometry":{"type":"LineString","coordinates":[[99.79366,15.33904],[99.79375,15.33901]]}},{"type":"Feature","id":"osm_waterway_1324904358","properties":{"feature_type":"osm_waterway","osm_id":"1324904358","river_name":"","waterway":"drain","length_km":0.33},"geometry":{"type":"LineString","coordinates":[[99.79104,15.3405],[99.79366,15.33904]]}},{"type":"Feature","id":"osm_waterway_1324904359","properties":{"feature_type":"osm_waterway","osm_id":"1324904359","river_name":"","waterway":"drain","length_km":0.01},"geometry":{"type":"LineString","coordinates":[[99.79095,15.34053],[99.79104,15.3405]]}},{"type":"Feature","id":"osm_waterway_1324904361","properties":{"feature_type":"osm_waterway","osm_id":"1324904361","river_name":"","waterway":"drain","length_km":0.38},"geometry":{"type":"LineString","coordinates":[[99.7714,15.37243],[99.77116,15.37394],[99.7698,15.37529]]}},{"type":"Feature","id":"osm_waterway_1324904362","properties":{"feature_type":"osm_waterway","osm_id":"1324904362","river_name":"","waterway":"drain","length_km":0.01},"geometry":{"type":"LineString","coordinates":[[99.77139,15.37233],[99.7714,15.37243]]}},{"type":"Feature","id":"osm_waterway_1324904363","properties":{"feature_type":"osm_waterway","osm_id":"1324904363","river_name":"","waterway":"drain","length_km":0.27},"geometry":{"type":"LineString","coordinates":[[99.77684,15.357],[99.77437,15.3568]]}},{"type":"Feature","id":"osm_waterway_1324904364","properties":{"feature_type":"osm_waterway","osm_id":"1324904364","river_name":"","waterway":"drain","length_km":0.01},"geometry":{"type":"LineString","coordinates":[[99.77437,15.3568],[99.77423,15.35679]]}},{"type":"Feature","id":"osm_waterway_1326045486","properties":{"feature_type":"osm_waterway","osm_id":"1326045486","river_name":"","waterway":"canal","length_km":1.65},"geometry":{"type":"LineString","coordinates":[[99.97289,15.34134],[99.97516,15.34139],[99.97706,15.34299],[99.98227,15.34223],[99.9831,15.3413],[99.98424,15.34216],[99.98557,15.34159]]}},{"type":"Feature","id":"osm_waterway_1326045487","properties":{"feature_type":"osm_waterway","osm_id":"1326045487","river_name":"","waterway":"canal","length_km":0.01},"geometry":{"type":"LineString","coordinates":[[99.98557,15.34159],[99.98568,15.34155]]}},{"type":"Feature","id":"osm_waterway_1326045498","properties":{"feature_type":"osm_waterway","osm_id":"1326045498","river_name":"","waterway":"stream","length_km":0.27},"geometry":{"type":"LineString","coordinates":[[99.97183,15.34344],[99.97289,15.34134]]}},{"type":"Feature","id":"osm_waterway_1326045499","properties":{"feature_type":"osm_waterway","osm_id":"1326045499","river_name":"","waterway":"canal","length_km":2.13},"geometry":{"type":"LineString","coordinates":[[99.9594,15.33643],[99.95882,15.3382],[99.95905,15.33933],[99.96251,15.34161],[99.9654,15.34254],[99.96822,15.34222],[99.96955,15.34146],[99.97097,15.34172],[99.97152,15.34106],[99.97289,15.34134]]}},{"type":"Feature","id":"osm_waterway_1326045500","properties":{"feature_type":"osm_waterway","osm_id":"1326045500","river_name":"","waterway":"canal","length_km":0.3},"geometry":{"type":"LineString","coordinates":[[99.95884,15.33403],[99.95956,15.33495],[99.9594,15.33634]]}},{"type":"Feature","id":"osm_waterway_1326045501","properties":{"feature_type":"osm_waterway","osm_id":"1326045501","river_name":"","waterway":"canal","length_km":0.01},"geometry":{"type":"LineString","coordinates":[[99.9594,15.33634],[99.9594,15.33643]]}},{"type":"Feature","id":"osm_waterway_1326157199","properties":{"feature_type":"osm_waterway","osm_id":"1326157199","river_name":"","waterway":"drain","length_km":0.21},"geometry":{"type":"LineString","coordinates":[[99.94859,15.30096],[99.95028,15.30038]]}},{"type":"Feature","id":"osm_waterway_1326160539","properties":{"feature_type":"osm_waterway","osm_id":"1326160539","river_name":"","waterway":"dam","length_km":0.09},"geometry":{"type":"LineString","coordinates":[[100.03779,15.27879],[100.03803,15.2789],[100.0381,15.27876],[100.03785,15.27866],[100.03779,15.27879]]}},{"type":"Feature","id":"osm_waterway_1326160555","properties":{"feature_type":"osm_waterway","osm_id":"1326160555","river_name":"","waterway":"canal","length_km":6.88},"geometry":{"type":"LineString","coordinates":[[100.00013,15.26823],[99.99969,15.28101],[100.00024,15.28212],[100.00145,15.28265],[100.03132,15.28461],[100.03627,15.28174],[100.03834,15.27794],[100.04011,15.2779],[100.04202,15.27426],[100.04366,15.27371]]}},{"type":"Feature","id":"osm_waterway_1335558540","properties":{"feature_type":"osm_waterway","osm_id":"1335558540","river_name":"คลองโศก","waterway":"stream","length_km":0.59},"geometry":{"type":"LineString","coordinates":[[99.61911,15.38337],[99.61945,15.38246],[99.61852,15.38165],[99.61907,15.38074],[99.61894,15.3794]]}},{"type":"Feature","id":"osm_waterway_1339029893","properties":{"feature_type":"osm_waterway","osm_id":"1339029893","river_name":"","waterway":"stream","length_km":2.0},"geometry":{"type":"LineString","coordinates":[[99.63778,15.79487],[99.63779,15.79424],[99.63879,15.79436],[99.64302,15.7922],[99.64406,15.79258],[99.64359,15.79204],[99.64427,15.79143],[99.64468,15.79189],[99.64521,15.78964],[99.64573,15.78916],[99.64705,15.78957],[99.64688,15.78906],[99.64787,15.78882]]}},{"type":"Feature","id":"osm_waterway_1339029894","properties":{"feature_type":"osm_waterway","osm_id":"1339029894","river_name":"","waterway":"stream","length_km":0.01},"geometry":{"type":"LineString","coordinates":[[99.64787,15.78882],[99.64788,15.78873]]}},{"type":"Feature","id":"osm_waterway_1339029895","properties":{"feature_type":"osm_waterway","osm_id":"1339029895","river_name":"","waterway":"stream","length_km":0.88},"geometry":{"type":"LineString","coordinates":[[99.60349,15.8104],[99.60396,15.8107],[99.60597,15.80975],[99.6083,15.80758],[99.60971,15.80707]]}},{"type":"Feature","id":"osm_waterway_1339029896","properties":{"feature_type":"osm_waterway","osm_id":"1339029896","river_name":"","waterway":"stream","length_km":0.01},"geometry":{"type":"LineString","coordinates":[[99.60971,15.80707],[99.60979,15.80701]]}},{"type":"Feature","id":"osm_waterway_1339029897","properties":{"feature_type":"osm_waterway","osm_id":"1339029897","river_name":"","waterway":"stream","length_km":2.65},"geometry":{"type":"LineString","coordinates":[[99.60979,15.80701],[99.61254,15.80599],[99.61309,15.80448],[99.61507,15.80502],[99.61645,15.80412],[99.61718,15.80499],[99.61683,15.8054],[99.61812,15.80578],[99.61769,15.80526],[99.61827,15.80453],[99.61783,15.80429],[99.61895,15.80382],[99.61952,15.80252],[99.61999,15.80384],[99.62001,15.80226],[99.62046,15.80189]]}},{"type":"Feature","id":"osm_waterway_1339029898","properties":{"feature_type":"osm_waterway","osm_id":"1339029898","river_name":"","waterway":"stream","length_km":0.01},"geometry":{"type":"LineString","coordinates":[[99.62046,15.80189],[99.62055,15.80187]]}},{"type":"Feature","id":"osm_waterway_1339029899","properties":{"feature_type":"osm_waterway","osm_id":"1339029899","river_name":"","waterway":"stream","length_km":1.32},"geometry":{"type":"LineString","coordinates":[[99.62055,15.80187],[99.6217,15.80072],[99.62334,15.80094],[99.62253,15.80186],[99.62411,15.80234],[99.62443,15.80185],[99.62564,15.80188],[99.62578,15.80092]]}},{"type":"Feature","id":"osm_waterway_1339029900","properties":{"feature_type":"osm_waterway","osm_id":"1339029900","river_name":"","waterway":"stream","length_km":0.01},"geometry":{"type":"LineString","coordinates":[[99.62578,15.80092],[99.62578,15.80083]]}},{"type":"Feature","id":"osm_waterway_1339029901","properties":{"feature_type":"osm_waterway","osm_id":"1339029901","river_name":"","waterway":"stream","length_km":1.96},"geometry":{"type":"LineString","coordinates":[[99.62578,15.80083],[99.62745,15.80048],[99.62908,15.79923],[99.63048,15.80002],[99.63136,15.79879],[99.63132,15.79708],[99.63337,15.79433],[99.63522,15.79468],[99.63608,15.79419],[99.63769,15.79489]]}},{"type":"Feature","id":"osm_waterway_1339029902","properties":{"feature_type":"osm_waterway","osm_id":"1339029902","river_name":"","waterway":"stream","length_km":0.01},"geometry":{"type":"LineString","coordinates":[[99.63769,15.79489],[99.63778,15.79487]]}},{"type":"Feature","id":"osm_waterway_1339030340","properties":{"feature_type":"osm_waterway","osm_id":"1339030340","river_name":"","waterway":"canal","length_km":0.87},"geometry":{"type":"LineString","coordinates":[[99.60969,15.86232],[99.61092,15.85602],[99.6105,15.85499]]}},{"type":"Feature","id":"osm_waterway_1339030341","properties":{"feature_type":"osm_waterway","osm_id":"1339030341","river_name":"","waterway":"canal","length_km":0.25},"geometry":{"type":"LineString","coordinates":[[99.60996,15.8646],[99.60968,15.86242]]}},{"type":"Feature","id":"osm_waterway_1339030342","properties":{"feature_type":"osm_waterway","osm_id":"1339030342","river_name":"","waterway":"canal","length_km":0.01},"geometry":{"type":"LineString","coordinates":[[99.60968,15.86242],[99.60969,15.86232]]}},{"type":"Feature","id":"osm_waterway_1339030343","properties":{"feature_type":"osm_waterway","osm_id":"1339030343","river_name":"","waterway":"canal","length_km":0.07},"geometry":{"type":"LineString","coordinates":[[99.61042,15.85493],[99.61029,15.85442]]}},{"type":"Feature","id":"osm_waterway_1339030344","properties":{"feature_type":"osm_waterway","osm_id":"1339030344","river_name":"","waterway":"canal","length_km":0.01},"geometry":{"type":"LineString","coordinates":[[99.6105,15.85499],[99.61042,15.85493]]}},{"type":"Feature","id":"osm_waterway_1339223206","properties":{"feature_type":"osm_waterway","osm_id":"1339223206","river_name":"","waterway":"stream","length_km":0.54},"geometry":{"type":"LineString","coordinates":[[99.5925,15.91393],[99.59435,15.91259],[99.59667,15.91278]]}},{"type":"Feature","id":"osm_waterway_1339223207","properties":{"feature_type":"osm_waterway","osm_id":"1339223207","river_name":"","waterway":"stream","length_km":0.01},"geometry":{"type":"LineString","coordinates":[[99.59242,15.91398],[99.5925,15.91393]]}},{"type":"Feature","id":"osm_waterway_1341293127","properties":{"feature_type":"osm_waterway","osm_id":"1341293127","river_name":"","waterway":"stream","length_km":6.14},"geometry":{"type":"LineString","coordinates":[[99.56724,15.92089],[99.56803,15.92118],[99.56882,15.9195],[99.57007,15.9194],[99.57207,15.91789],[99.57125,15.91603],[99.57149,15.91491],[99.57063,15.91425],[99.57151,15.91377],[99.5715,15.91279],[99.57176,15.9132],[99.57219,15.91273],[99.57146,15.91187],[99.57266,15.9111],[99.57378,15.9112],[99.57402,15.91063],[99.5783,15.91022],[99.57884,15.91146],[99.57997,15.91209],[99.58149,15.91179],[99.58215,15.91233],[99.58451,15.91002],[99.58483,15.90888],[99.5844,15.90857],[99.58507,15.90865],[99.58567,15.90672],[99.58905,15.90574],[99.58933,15.90616],[99.5926,15.90645],[99.59745,15.90361],[99.59736,15.90213],[99.5979,15.90122]]}},{"type":"Feature","id":"osm_waterway_1341297328","properties":{"feature_type":"osm_waterway","osm_id":"1341297328","river_name":"","waterway":"lock_gate","length_km":0.03},"geometry":{"type":"LineString","coordinates":[[99.60114,15.89783],[99.60142,15.89781]]}},{"type":"Feature","id":"osm_waterway_1342422810","properties":{"feature_type":"osm_waterway","osm_id":"1342422810","river_name":"","waterway":"stream","length_km":2.24},"geometry":{"type":"LineString","coordinates":[[99.48562,15.87944],[99.48662,15.8809],[99.48635,15.8832],[99.48787,15.88528],[99.48726,15.88611],[99.48771,15.88749],[99.48638,15.88917],[99.48433,15.89051],[99.48341,15.89318],[99.4819,15.89362],[99.48176,15.8945]]}},{"type":"Feature","id":"osm_waterway_1342422811","properties":{"feature_type":"osm_waterway","osm_id":"1342422811","river_name":"","waterway":"stream","length_km":2.06},"geometry":{"type":"LineString","coordinates":[[99.4818,15.8946],[99.48277,15.89597],[99.4836,15.89624],[99.48205,15.89993],[99.48282,15.90104],[99.48104,15.90425],[99.48031,15.90371],[99.47933,15.90503],[99.47852,15.90754]]}},{"type":"Feature","id":"osm_waterway_1342422812","properties":{"feature_type":"osm_waterway","osm_id":"1342422812","river_name":"","waterway":"stream","length_km":0.01},"geometry":{"type":"LineString","coordinates":[[99.48176,15.8945],[99.4818,15.8946]]}},{"type":"Feature","id":"osm_waterway_1342422813","properties":{"feature_type":"osm_waterway","osm_id":"1342422813","river_name":"","waterway":"stream","length_km":1.45},"geometry":{"type":"LineString","coordinates":[[99.47903,15.87255],[99.47969,15.8728],[99.47988,15.8738],[99.4815,15.87393],[99.48277,15.87622],[99.48435,15.87661],[99.48568,15.87834],[99.48563,15.87935]]}},{"type":"Feature","id":"osm_waterway_1342422814","properties":{"feature_type":"osm_waterway","osm_id":"1342422814","river_name":"","waterway":"stream","length_km":0.01},"geometry":{"type":"LineString","coordinates":[[99.48563,15.87935],[99.48562,15.87944]]}},{"type":"Feature","id":"osm_waterway_1344338372","properties":{"feature_type":"osm_waterway","osm_id":"1344338372","river_name":"","waterway":"stream","length_km":0.33},"geometry":{"type":"LineString","coordinates":[[99.42559,15.95624],[99.42364,15.95771],[99.42312,15.95754]]}},{"type":"Feature","id":"osm_waterway_1344338373","properties":{"feature_type":"osm_waterway","osm_id":"1344338373","river_name":"","waterway":"stream","length_km":0.06},"geometry":{"type":"LineString","coordinates":[[99.42302,15.9575],[99.42246,15.95732]]}},{"type":"Feature","id":"osm_waterway_1344338374","properties":{"feature_type":"osm_waterway","osm_id":"1344338374","river_name":"","waterway":"stream","length_km":0.01},"geometry":{"type":"LineString","coordinates":[[99.42312,15.95754],[99.42302,15.9575]]}},{"type":"Feature","id":"osm_waterway_1352441863","properties":{"feature_type":"osm_waterway","osm_id":"1352441863","river_name":"","waterway":"stream","length_km":0.01},"geometry":{"type":"LineString","coordinates":[[99.4465,15.95113],[99.44655,15.95121]]}},{"type":"Feature","id":"osm_waterway_1352441864","properties":{"feature_type":"osm_waterway","osm_id":"1352441864","river_name":"","waterway":"stream","length_km":0.0},"geometry":{"type":"LineString","coordinates":[[99.44649,15.95112],[99.4465,15.95113]]}},{"type":"Feature","id":"osm_waterway_1358252879","properties":{"feature_type":"osm_waterway","osm_id":"1358252879","river_name":"","waterway":"canal","length_km":1.07},"geometry":{"type":"LineString","coordinates":[[100.065,15.48878],[100.06555,15.48922],[100.0663,15.48895],[100.06748,15.48756],[100.06897,15.48891],[100.06984,15.48901],[100.07079,15.48632]]}},{"type":"Feature","id":"osm_waterway_1358252880","properties":{"feature_type":"osm_waterway","osm_id":"1358252880","river_name":"","waterway":"canal","length_km":0.02},"geometry":{"type":"LineString","coordinates":[[100.06485,15.48877],[100.065,15.48878]]}},{"type":"Feature","id":"osm_waterway_1358252903","properties":{"feature_type":"osm_waterway","osm_id":"1358252903","river_name":"","waterway":"stream","length_km":0.92},"geometry":{"type":"LineString","coordinates":[[100.03765,15.47307],[100.03884,15.47314],[100.03944,15.47383],[100.0406,15.47299],[100.04263,15.47394],[100.04479,15.47301]]}},{"type":"Feature","id":"osm_waterway_1358252904","properties":{"feature_type":"osm_waterway","osm_id":"1358252904","river_name":"","waterway":"stream","length_km":0.01},"geometry":{"type":"LineString","coordinates":[[100.04479,15.47301],[100.04489,15.47302]]}},{"type":"Feature","id":"osm_waterway_1359307740","properties":{"feature_type":"osm_waterway","osm_id":"1359307740","river_name":"","waterway":"canal","length_km":0.78},"geometry":{"type":"LineString","coordinates":[[99.44888,15.53124],[99.45492,15.53498]]}},{"type":"Feature","id":"osm_waterway_1359307741","properties":{"feature_type":"osm_waterway","osm_id":"1359307741","river_name":"","waterway":"dam","length_km":7.1},"geometry":{"type":"LineString","coordinates":[[99.44716,15.52171],[99.44783,15.52986],[99.44903,15.53102],[99.44868,15.5315],[99.4478,15.53084],[99.44727,15.53108],[99.44824,15.53392],[99.44848,15.54173],[99.44794,15.54835],[99.44703,15.55158],[99.4476,15.54721],[99.44669,15.5309],[99.44769,15.52953],[99.44706,15.52792],[99.44716,15.52171]]}},{"type":"Feature","id":"osm_waterway_1359307742","properties":{"feature_type":"osm_waterway","osm_id":"1359307742","river_name":"","waterway":"canal","length_km":0.1},"geometry":{"type":"LineString","coordinates":[[99.44749,15.54383],[99.44838,15.54378]]}},{"type":"Feature","id":"osm_waterway_1359307743","properties":{"feature_type":"osm_waterway","osm_id":"1359307743","river_name":"","waterway":"river","length_km":2.25},"geometry":{"type":"LineString","coordinates":[[99.43425,15.54539],[99.44041,15.53514],[99.44441,15.52994],[99.44617,15.52957]]}},{"type":"Feature","id":"osm_waterway_1369162557","properties":{"feature_type":"osm_waterway","osm_id":"1369162557","river_name":"แม่น้ำเจ้าพระยา","waterway":"river","length_km":0.24},"geometry":{"type":"LineString","coordinates":[[100.05585,15.27017],[100.05605,15.26803]]}},{"type":"Feature","id":"osm_waterway_1371098746","properties":{"feature_type":"osm_waterway","osm_id":"1371098746","river_name":"","waterway":"river","length_km":4.29},"geometry":{"type":"LineString","coordinates":[[99.90301,15.29364],[99.90685,15.29411],[99.91069,15.29632],[99.91207,15.29507],[99.91258,15.29726],[99.91478,15.29727],[99.91773,15.29936],[99.91899,15.29862],[99.9227,15.29811],[99.92598,15.29972],[99.92705,15.29894],[99.92865,15.29956],[99.9298,15.2989],[99.92904,15.29814],[99.92946,15.29754],[99.93033,15.2976],[99.93088,15.29901],[99.9327,15.2976]]}},{"type":"Feature","id":"osm_waterway_1371098747","properties":{"feature_type":"osm_waterway","osm_id":"1371098747","river_name":"","waterway":"river","length_km":5.26},"geometry":{"type":"LineString","coordinates":[[99.87659,15.30245],[99.87768,15.301],[99.87812,15.29928],[99.87932,15.29891],[99.87785,15.29767],[99.87893,15.29649],[99.87865,15.29484],[99.87969,15.29409],[99.87788,15.29352],[99.87824,15.29191],[99.87775,15.29089],[99.87848,15.29058],[99.87906,15.28925],[99.88253,15.28722],[99.88563,15.28719],[99.88752,15.2898],[99.88876,15.2902],[99.88984,15.2915],[99.8919,15.29059],[99.89366,15.29104],[99.89526,15.29054],[99.89657,15.29199],[99.89844,15.29188],[99.89904,15.29322],[99.90041,15.29373],[99.90301,15.29364]]}},{"type":"Feature","id":"osm_waterway_1371145819","properties":{"feature_type":"osm_waterway","osm_id":"1371145819","river_name":"แม่น้ำเจ้าพระยา","waterway":"river","length_km":0.42},"geometry":{"type":"LineString","coordinates":[[100.10756,15.4153],[100.10384,15.41658]]}},{"type":"Feature","id":"osm_waterway_1374184047","properties":{"feature_type":"osm_waterway","osm_id":"1374184047","river_name":"คลองปลาอ้าว","waterway":"stream","length_km":0.54},"geometry":{"type":"LineString","coordinates":[[99.47298,15.92688],[99.47165,15.92535],[99.47134,15.92385],[99.47203,15.92325]]}},{"type":"Feature","id":"osm_waterway_1374184048","properties":{"feature_type":"osm_waterway","osm_id":"1374184048","river_name":"คลองปลาอ้าว","waterway":"stream","length_km":0.01},"geometry":{"type":"LineString","coordinates":[[99.47203,15.92325],[99.47211,15.9232]]}},{"type":"Feature","id":"osm_waterway_1374707098","properties":{"feature_type":"osm_waterway","osm_id":"1374707098","river_name":"","waterway":"stream","length_km":0.68},"geometry":{"type":"LineString","coordinates":[[99.49959,15.94312],[99.50593,15.94306]]}},{"type":"Feature","id":"osm_waterway_1374707099","properties":{"feature_type":"osm_waterway","osm_id":"1374707099","river_name":"","waterway":"stream","length_km":0.01},"geometry":{"type":"LineString","coordinates":[[99.50593,15.94306],[99.50603,15.94304]]}},{"type":"Feature","id":"osm_waterway_1374707100","properties":{"feature_type":"osm_waterway","osm_id":"1374707100","river_name":"","waterway":"stream","length_km":0.88},"geometry":{"type":"LineString","coordinates":[[99.63466,15.93154],[99.63702,15.93404],[99.63681,15.93489],[99.63752,15.9359],[99.63957,15.93583]]}},{"type":"Feature","id":"osm_waterway_1374707101","properties":{"feature_type":"osm_waterway","osm_id":"1374707101","river_name":"","waterway":"stream","length_km":0.6},"geometry":{"type":"LineString","coordinates":[[99.6307,15.92812],[99.63369,15.92963],[99.63471,15.93145]]}},{"type":"Feature","id":"osm_waterway_1374707102","properties":{"feature_type":"osm_waterway","osm_id":"1374707102","river_name":"","waterway":"stream","length_km":0.01},"geometry":{"type":"LineString","coordinates":[[99.63471,15.93145],[99.63466,15.93154]]}},{"type":"Feature","id":"osm_waterway_1374707103","properties":{"feature_type":"osm_waterway","osm_id":"1374707103","river_name":"","waterway":"stream","length_km":1.62},"geometry":{"type":"LineString","coordinates":[[99.63968,15.93583],[99.64181,15.93494],[99.64347,15.93492],[99.64558,15.9353],[99.64653,15.93626],[99.64846,15.9358],[99.64874,15.93714],[99.65067,15.93715],[99.65102,15.93643],[99.65188,15.93634]]}},{"type":"Feature","id":"osm_waterway_1374707104","properties":{"feature_type":"osm_waterway","osm_id":"1374707104","river_name":"","waterway":"stream","length_km":0.01},"geometry":{"type":"LineString","coordinates":[[99.63957,15.93583],[99.63968,15.93583]]}},{"type":"Feature","id":"osm_waterway_1378325136","properties":{"feature_type":"osm_waterway","osm_id":"1378325136","river_name":"","waterway":"stream","length_km":0.52},"geometry":{"type":"LineString","coordinates":[[99.3898,15.93576],[99.38656,15.93393],[99.38619,15.93322]]}},{"type":"Feature","id":"osm_waterway_1378325137","properties":{"feature_type":"osm_waterway","osm_id":"1378325137","river_name":"","waterway":"stream","length_km":0.01},"geometry":{"type":"LineString","coordinates":[[99.38983,15.93585],[99.3898,15.93576]]}},{"type":"Feature","id":"osm_waterway_1378325140","properties":{"feature_type":"osm_waterway","osm_id":"1378325140","river_name":"","waterway":"stream","length_km":0.16},"geometry":{"type":"LineString","coordinates":[[99.38618,15.93532],[99.38656,15.93393]]}},{"type":"Feature","id":"osm_waterway_1378325141","properties":{"feature_type":"osm_waterway","osm_id":"1378325141","river_name":"","waterway":"stream","length_km":0.01},"geometry":{"type":"LineString","coordinates":[[99.38614,15.9354],[99.38618,15.93532]]}},{"type":"Feature","id":"osm_waterway_1408754165","properties":{"feature_type":"osm_waterway","osm_id":"1408754165","river_name":"","waterway":"stream","length_km":0.41},"geometry":{"type":"LineString","coordinates":[[99.48532,15.98022],[99.48511,15.98353]]}},{"type":"Feature","id":"osm_waterway_1408754166","properties":{"feature_type":"osm_waterway","osm_id":"1408754166","river_name":"","waterway":"stream","length_km":0.01},"geometry":{"type":"LineString","coordinates":[[99.48511,15.98353],[99.48514,15.98362]]}},{"type":"Feature","id":"osm_waterway_1408754167","properties":{"feature_type":"osm_waterway","osm_id":"1408754167","river_name":"","waterway":"stream","length_km":0.21},"geometry":{"type":"LineString","coordinates":[[99.48148,15.98941],[99.48127,15.99124]]}},{"type":"Feature","id":"osm_waterway_1408754168","properties":{"feature_type":"osm_waterway","osm_id":"1408754168","river_name":"","waterway":"stream","length_km":1.52},"geometry":{"type":"LineString","coordinates":[[99.48615,15.99969],[99.48588,16.00039],[99.48695,16.00269],[99.48633,16.00407],[99.48831,16.00535],[99.48832,16.00618],[99.48946,16.00764],[99.48956,16.00948]]}},{"type":"Feature","id":"osm_waterway_1408754169","properties":{"feature_type":"osm_waterway","osm_id":"1408754169","river_name":"","waterway":"stream","length_km":0.01},"geometry":{"type":"LineString","coordinates":[[99.48612,15.99958],[99.48615,15.99969]]}},{"type":"Feature","id":"osm_waterway_1408763838","properties":{"feature_type":"osm_waterway","osm_id":"1408763838","river_name":"","waterway":"stream","length_km":1.3},"geometry":{"type":"LineString","coordinates":[[99.52257,15.98996],[99.52238,15.99569],[99.52345,15.99638],[99.52349,15.99719],[99.52181,16.00055]]}},{"type":"Feature","id":"osm_waterway_1408763839","properties":{"feature_type":"osm_waterway","osm_id":"1408763839","river_name":"","waterway":"stream","length_km":1.38},"geometry":{"type":"LineString","coordinates":[[99.52173,16.0006],[99.52271,16.00468],[99.52049,16.01223]]}},{"type":"Feature","id":"osm_waterway_1408763840","properties":{"feature_type":"osm_waterway","osm_id":"1408763840","river_name":"","waterway":"stream","length_km":0.01},"geometry":{"type":"LineString","coordinates":[[99.52181,16.00055],[99.52173,16.0006]]}},{"type":"Feature","id":"osm_waterway_1408763841","properties":{"feature_type":"osm_waterway","osm_id":"1408763841","river_name":"","waterway":"stream","length_km":0.65},"geometry":{"type":"LineString","coordinates":[[99.52552,15.98555],[99.52474,15.98701],[99.52281,15.98807],[99.52262,15.98986]]}},{"type":"Feature","id":"osm_waterway_1408763842","properties":{"feature_type":"osm_waterway","osm_id":"1408763842","river_name":"","waterway":"stream","length_km":0.01},"geometry":{"type":"LineString","coordinates":[[99.52262,15.98986],[99.52257,15.98996]]}},{"type":"Feature","id":"osm_waterway_1408763843","properties":{"feature_type":"osm_waterway","osm_id":"1408763843","river_name":"","waterway":"stream","length_km":3.01},"geometry":{"type":"LineString","coordinates":[[99.54881,15.99373],[99.54889,15.99677],[99.54952,15.99699],[99.54956,15.9981],[99.5507,15.99854],[99.5503,15.99911],[99.55109,15.99993],[99.55079,16.00062],[99.55124,16.00118],[99.55055,16.00186],[99.55044,16.00362],[99.54972,16.00401],[99.54938,16.00588],[99.54795,16.0065],[99.54583,16.01025],[99.54564,16.01201],[99.54444,16.01332],[99.54417,16.01489]]}},{"type":"Feature","id":"osm_waterway_1408764778","properties":{"feature_type":"osm_waterway","osm_id":"1408764778","river_name":"","waterway":"stream","length_km":0.97},"geometry":{"type":"LineString","coordinates":[[99.53497,15.99856],[99.53425,16.00028],[99.5334,16.00043],[99.53326,16.00106],[99.53258,16.00089],[99.53236,16.00172],[99.53091,16.00129],[99.53084,16.00287]]}},{"type":"Feature","id":"osm_waterway_1408771028","properties":{"feature_type":"osm_waterway","osm_id":"1408771028","river_name":"","waterway":"stream","length_km":2.53},"geometry":{"type":"LineString","coordinates":[[99.47675,15.96118],[99.47998,15.95978],[99.48205,15.9568],[99.4859,15.95437],[99.48744,15.9548],[99.48915,15.95368],[99.49522,15.95275]]}},{"type":"Feature","id":"osm_waterway_1408771029","properties":{"feature_type":"osm_waterway","osm_id":"1408771029","river_name":"","waterway":"stream","length_km":0.01},"geometry":{"type":"LineString","coordinates":[[99.47664,15.96119],[99.47675,15.96118]]}},{"type":"Feature","id":"osm_waterway_1408771030","properties":{"feature_type":"osm_waterway","osm_id":"1408771030","river_name":"","waterway":"stream","length_km":0.01},"geometry":{"type":"LineString","coordinates":[[99.47657,15.9612],[99.47664,15.96119]]}},{"type":"Feature","id":"osm_waterway_1408771032","properties":{"feature_type":"osm_waterway","osm_id":"1408771032","river_name":"","waterway":"stream","length_km":2.07},"geometry":{"type":"LineString","coordinates":[[99.52634,15.94845],[99.52692,15.94881],[99.52769,15.94846],[99.52827,15.94684],[99.52792,15.94632],[99.5287,15.9462],[99.52911,15.94678],[99.52991,15.94598],[99.53086,15.94694],[99.53346,15.94774],[99.53467,15.94711],[99.53615,15.94723],[99.53731,15.94838],[99.53702,15.9496]]}},{"type":"Feature","id":"osm_waterway_1408771033","properties":{"feature_type":"osm_waterway","osm_id":"1408771033","river_name":"","waterway":"stream","length_km":0.01},"geometry":{"type":"LineString","coordinates":[[99.49522,15.95275],[99.49534,15.95275]]}},{"type":"Feature","id":"osm_waterway_1408771035","properties":{"feature_type":"osm_waterway","osm_id":"1408771035","river_name":"","waterway":"lock_gate","length_km":0.02},"geometry":{"type":"LineString","coordinates":[[99.54444,15.94731],[99.54436,15.94719]]}},{"type":"Feature","id":"osm_waterway_1408771036","properties":{"feature_type":"osm_waterway","osm_id":"1408771036","river_name":"","waterway":"stream","length_km":3.05},"geometry":{"type":"LineString","coordinates":[[99.49534,15.95275],[99.4975,15.95224],[99.49869,15.95256],[99.49882,15.9533],[99.50089,15.95308],[99.50195,15.95373],[99.50185,15.95454],[99.50314,15.95482],[99.50418,15.95636],[99.5058,15.95576],[99.50733,15.9567],[99.50905,15.95584],[99.50928,15.95656],[99.51122,15.95616],[99.513,15.95727],[99.51377,15.95701],[99.51598,15.95412]]}},{"type":"Feature","id":"osm_waterway_1408771037","properties":{"feature_type":"osm_waterway","osm_id":"1408771037","river_name":"","waterway":"stream","length_km":0.01},"geometry":{"type":"LineString","coordinates":[[99.51598,15.95412],[99.51605,15.95404]]}},{"type":"Feature","id":"osm_waterway_1408771038","properties":{"feature_type":"osm_waterway","osm_id":"1408771038","river_name":"","waterway":"stream","length_km":1.94},"geometry":{"type":"LineString","coordinates":[[99.51605,15.95404],[99.51854,15.95224],[99.51926,15.95095],[99.51895,15.9502],[99.52013,15.95028],[99.52054,15.94943],[99.52165,15.94953],[99.52175,15.94872],[99.52301,15.94865],[99.52278,15.94958],[99.5238,15.94888],[99.52428,15.94974],[99.52447,15.94882],[99.52625,15.94849]]}},{"type":"Feature","id":"osm_waterway_1408771039","properties":{"feature_type":"osm_waterway","osm_id":"1408771039","river_name":"","waterway":"stream","length_km":0.01},"geometry":{"type":"LineString","coordinates":[[99.52625,15.94849],[99.52634,15.94845]]}},{"type":"Feature","id":"osm_waterway_1408771040","properties":{"feature_type":"osm_waterway","osm_id":"1408771040","river_name":"","waterway":"stream","length_km":1.52},"geometry":{"type":"LineString","coordinates":[[99.5532,15.93898],[99.55208,15.93791],[99.55264,15.93592],[99.55434,15.93566],[99.55454,15.93489],[99.55633,15.93491],[99.55615,15.93414],[99.55735,15.93256],[99.55898,15.93242]]}},{"type":"Feature","id":"osm_waterway_1408771041","properties":{"feature_type":"osm_waterway","osm_id":"1408771041","river_name":"","waterway":"stream","length_km":0.01},"geometry":{"type":"LineString","coordinates":[[99.53702,15.9496],[99.53705,15.94969]]}},{"type":"Feature","id":"osm_waterway_1408771042","properties":{"feature_type":"osm_waterway","osm_id":"1408771042","river_name":"","waterway":"stream","length_km":0.68},"geometry":{"type":"LineString","coordinates":[[99.53705,15.94969],[99.53792,15.95018],[99.53836,15.94975],[99.53842,15.95033],[99.53934,15.95059],[99.53952,15.94996],[99.54027,15.95011],[99.54079,15.9506]]}},{"type":"Feature","id":"osm_waterway_1408771043","properties":{"feature_type":"osm_waterway","osm_id":"1408771043","river_name":"","waterway":"stream","length_km":0.01},"geometry":{"type":"LineString","coordinates":[[99.54079,15.9506],[99.54089,15.95067]]}},{"type":"Feature","id":"osm_waterway_1408771044","properties":{"feature_type":"osm_waterway","osm_id":"1408771044","river_name":"","waterway":"stream","length_km":1.6},"geometry":{"type":"LineString","coordinates":[[99.54089,15.95067],[99.54289,15.94965],[99.54274,15.94839],[99.54505,15.94667],[99.54528,15.94592],[99.54714,15.94635],[99.54892,15.94559],[99.5492,15.94649],[99.55002,15.94619],[99.54986,15.94556]]}},{"type":"Feature","id":"osm_waterway_1408771045","properties":{"feature_type":"osm_waterway","osm_id":"1408771045","river_name":"","waterway":"stream","length_km":0.01},"geometry":{"type":"LineString","coordinates":[[99.54986,15.94556],[99.54992,15.94547]]}},{"type":"Feature","id":"osm_waterway_1408771046","properties":{"feature_type":"osm_waterway","osm_id":"1408771046","river_name":"","waterway":"stream","length_km":1.25},"geometry":{"type":"LineString","coordinates":[[99.54992,15.94547],[99.55069,15.94446],[99.55038,15.94354],[99.55136,15.94346],[99.5515,15.94261],[99.55225,15.94259],[99.55212,15.94193],[99.55308,15.94143],[99.5531,15.94058],[99.55393,15.94049],[99.55327,15.93906]]}},{"type":"Feature","id":"osm_waterway_1408771047","properties":{"feature_type":"osm_waterway","osm_id":"1408771047","river_name":"","waterway":"stream","length_km":0.01},"geometry":{"type":"LineString","coordinates":[[99.55327,15.93906],[99.5532,15.93898]]}},{"type":"Feature","id":"osm_waterway_1408777889","properties":{"feature_type":"osm_waterway","osm_id":"1408777889","river_name":"","waterway":"canal","length_km":0.3},"geometry":{"type":"LineString","coordinates":[[99.54965,15.90316],[99.55047,15.90349],[99.55086,15.90519]]}},{"type":"Feature","id":"osm_waterway_1408777890","properties":{"feature_type":"osm_waterway","osm_id":"1408777890","river_name":"","waterway":"canal","length_km":0.01},"geometry":{"type":"LineString","coordinates":[[99.54958,15.90307],[99.54965,15.90316]]}},{"type":"Feature","id":"osm_waterway_1408783431","properties":{"feature_type":"osm_waterway","osm_id":"1408783431","river_name":"คลองแม่วงก์","waterway":"river","length_km":2.89},"geometry":{"type":"LineString","coordinates":[[99.58239,15.89766],[99.58311,15.89701],[99.58408,15.89805],[99.5848,15.89818],[99.58536,15.89758],[99.5858,15.89838],[99.58638,15.89724],[99.58768,15.89847],[99.58761,15.89794],[99.58863,15.89787],[99.58938,15.89702],[99.59059,15.89765],[99.58958,15.89825],[99.59064,15.89851],[99.59237,15.89723],[99.5937,15.89803],[99.59733,15.89695],[99.5975,15.89789],[99.59873,15.89765]]}},{"type":"Feature","id":"osm_waterway_1408783432","properties":{"feature_type":"osm_waterway","osm_id":"1408783432","river_name":"คลองแม่วงก์","waterway":"river","length_km":0.01},"geometry":{"type":"LineString","coordinates":[[99.5824,15.89777],[99.58239,15.89766]]}},{"type":"Feature","id":"osm_waterway_1409128351","properties":{"feature_type":"osm_waterway","osm_id":"1409128351","river_name":"","waterway":"stream","length_km":2.64},"geometry":{"type":"LineString","coordinates":[[99.5864,15.85409],[99.58719,15.85432],[99.58935,15.85332],[99.58947,15.85268],[99.59057,15.85258],[99.59117,15.85331],[99.59239,15.853],[99.59374,15.85167],[99.594,15.85242],[99.59506,15.85246],[99.59573,15.85122],[99.59683,15.85156],[99.5973,15.85083],[99.5982,15.85139],[99.59918,15.85092],[99.60021,15.8519],[99.60262,15.85098]]}},{"type":"Feature","id":"osm_waterway_1409128352","properties":{"feature_type":"osm_waterway","osm_id":"1409128352","river_name":"","waterway":"lock_gate","length_km":0.03},"geometry":{"type":"LineString","coordinates":[[99.58666,15.85451],[99.58677,15.85425]]}},{"type":"Feature","id":"osm_waterway_1409128353","properties":{"feature_type":"osm_waterway","osm_id":"1409128353","river_name":"","waterway":"stream","length_km":0.01},"geometry":{"type":"LineString","coordinates":[[99.58634,15.854],[99.5864,15.85409]]}},{"type":"Feature","id":"osm_waterway_1409128354","properties":{"feature_type":"osm_waterway","osm_id":"1409128354","river_name":"","waterway":"stream","length_km":3.21},"geometry":{"type":"LineString","coordinates":[[99.56121,15.86663],[99.56264,15.86558],[99.56163,15.86512],[99.56177,15.8645],[99.56227,15.8646],[99.5627,15.86374],[99.56303,15.86398],[99.5629,15.86298],[99.56378,15.86334],[99.56368,15.86195],[99.56522,15.8608],[99.56455,15.86067],[99.56536,15.86013],[99.56447,15.8601],[99.56489,15.85911],[99.56427,15.85805],[99.56501,15.85782],[99.56442,15.85755],[99.56549,15.85751],[99.56534,15.85653],[99.56577,15.85669],[99.56578,15.85623],[99.56867,15.85754]]}},{"type":"Feature","id":"osm_waterway_1409128355","properties":{"feature_type":"osm_waterway","osm_id":"1409128355","river_name":"","waterway":"stream","length_km":1.84},"geometry":{"type":"LineString","coordinates":[[99.56877,15.85757],[99.57012,15.85798],[99.57067,15.8573],[99.57037,15.85542],[99.57245,15.85365],[99.57293,15.85236],[99.57384,15.85252],[99.57448,15.85201],[99.57429,15.85127],[99.57562,15.85092],[99.57605,15.85164],[99.5766,15.85158]]}},{"type":"Feature","id":"osm_waterway_1409128356","properties":{"feature_type":"osm_waterway","osm_id":"1409128356","river_name":"","waterway":"stream","length_km":0.01},"geometry":{"type":"LineString","coordinates":[[99.56867,15.85754],[99.56877,15.85757]]}},{"type":"Feature","id":"osm_waterway_1409128357","properties":{"feature_type":"osm_waterway","osm_id":"1409128357","river_name":"","waterway":"stream","length_km":1.2},"geometry":{"type":"LineString","coordinates":[[99.57669,15.85151],[99.57727,15.85188],[99.57885,15.85152],[99.57919,15.85206],[99.58183,15.85185],[99.58577,15.85333],[99.58634,15.854]]}},{"type":"Feature","id":"osm_waterway_1409128358","properties":{"feature_type":"osm_waterway","osm_id":"1409128358","river_name":"","waterway":"stream","length_km":0.01},"geometry":{"type":"LineString","coordinates":[[99.5766,15.85158],[99.57669,15.85151]]}},{"type":"Feature","id":"osm_waterway_1409679626","properties":{"feature_type":"osm_waterway","osm_id":"1409679626","river_name":"","waterway":"stream","length_km":0.59},"geometry":{"type":"LineString","coordinates":[[99.35317,15.96539],[99.35586,15.96642],[99.35604,15.96703],[99.35758,15.96675]]}},{"type":"Feature","id":"osm_waterway_1409679627","properties":{"feature_type":"osm_waterway","osm_id":"1409679627","river_name":"","waterway":"stream","length_km":0.38},"geometry":{"type":"LineString","coordinates":[[99.35767,15.96671],[99.35913,15.96663],[99.35996,15.96601],[99.36082,15.9664]]}},{"type":"Feature","id":"osm_waterway_1409679628","properties":{"feature_type":"osm_waterway","osm_id":"1409679628","river_name":"","waterway":"stream","length_km":0.01},"geometry":{"type":"LineString","coordinates":[[99.35758,15.96675],[99.35767,15.96671]]}},{"type":"Feature","id":"osm_waterway_1409679629","properties":{"feature_type":"osm_waterway","osm_id":"1409679629","river_name":"","waterway":"canal","length_km":2.13},"geometry":{"type":"LineString","coordinates":[[99.41945,15.92725],[99.42048,15.9251],[99.42011,15.92418],[99.42157,15.92332],[99.42221,15.9238],[99.42679,15.92205],[99.42762,15.92128],[99.42892,15.91768],[99.4297,15.91689],[99.42872,15.91524]]}},{"type":"Feature","id":"osm_waterway_1409679630","properties":{"feature_type":"osm_waterway","osm_id":"1409679630","river_name":"","waterway":"canal","length_km":1.38},"geometry":{"type":"LineString","coordinates":[[99.40964,15.93381],[99.41041,15.93212],[99.41202,15.93179],[99.41281,15.93045],[99.41803,15.92872],[99.4194,15.92733]]}},{"type":"Feature","id":"osm_waterway_1409679631","properties":{"feature_type":"osm_waterway","osm_id":"1409679631","river_name":"","waterway":"canal","length_km":0.01},"geometry":{"type":"LineString","coordinates":[[99.4194,15.92733],[99.41945,15.92725]]}},{"type":"Feature","id":"osm_waterway_1409683437","properties":{"feature_type":"osm_waterway","osm_id":"1409683437","river_name":"คลองตลีงสูง","waterway":"stream","length_km":0.55},"geometry":{"type":"LineString","coordinates":[[99.40493,15.88931],[99.40466,15.88998],[99.40578,15.89012],[99.40677,15.89134],[99.4082,15.89184]]}},{"type":"Feature","id":"osm_waterway_1409683438","properties":{"feature_type":"osm_waterway","osm_id":"1409683438","river_name":"คลองตลีงสูง","waterway":"stream","length_km":0.01},"geometry":{"type":"LineString","coordinates":[[99.4082,15.89184],[99.40827,15.89192]]}},{"type":"Feature","id":"osm_waterway_1409683441","properties":{"feature_type":"osm_waterway","osm_id":"1409683441","river_name":"","waterway":"stream","length_km":1.34},"geometry":{"type":"LineString","coordinates":[[99.62668,15.94185],[99.63507,15.93892],[99.6379,15.93687]]}},{"type":"Feature","id":"osm_waterway_1456629414","properties":{"feature_type":"osm_waterway","osm_id":"1456629414","river_name":"คลองแม่วงก์","waterway":"river","length_km":0.56},"geometry":{"type":"LineString","coordinates":[[99.32665,15.91495],[99.32901,15.91209],[99.33021,15.91153]]}},{"type":"Feature","id":"osm_waterway_1456632606","properties":{"feature_type":"osm_waterway","osm_id":"1456632606","river_name":"","waterway":"stream","length_km":0.41},"geometry":{"type":"LineString","coordinates":[[99.43131,15.92058],[99.42994,15.91938],[99.43,15.91863],[99.42907,15.91818]]}},{"type":"Feature","id":"osm_waterway_1465296881","properties":{"feature_type":"osm_waterway","osm_id":"1465296881","river_name":"แม่น้ำเจ้าพระยา","waterway":"river","length_km":1.69},"geometry":{"type":"LineString","coordinates":[[100.10756,15.4153],[100.09506,15.41559],[100.09193,15.41481]]}},{"type":"Feature","id":"osm_waterway_1465296882","properties":{"feature_type":"osm_waterway","osm_id":"1465296882","river_name":"","waterway":"river","length_km":0.7},"geometry":{"type":"LineString","coordinates":[[100.05465,15.27577],[100.05447,15.2715],[100.05585,15.27017]]}},{"type":"Feature","id":"osm_waterway_1465296883","properties":{"feature_type":"osm_waterway","osm_id":"1465296883","river_name":"","waterway":"river","length_km":1.22},"geometry":{"type":"LineString","coordinates":[[100.05454,15.28591],[100.05268,15.28191],[100.05401,15.27933],[100.05465,15.27577]]}},{"type":"Feature","id":"osm_waterway_1465296886","properties":{"feature_type":"osm_waterway","osm_id":"1465296886","river_name":"","waterway":"river","length_km":1.05},"geometry":{"type":"LineString","coordinates":[[99.78429,15.31764],[99.7859,15.31799],[99.78689,15.31929],[99.79271,15.31767]]}},{"type":"Feature","id":"osm_waterway_1465296887","properties":{"feature_type":"osm_waterway","osm_id":"1465296887","river_name":"","waterway":"river","length_km":0.3},"geometry":{"type":"LineString","coordinates":[[99.78217,15.316],[99.78429,15.31764]]}},{"type":"Feature","id":"osm_waterway_1465296889","properties":{"feature_type":"osm_waterway","osm_id":"1465296889","river_name":"","waterway":"river","length_km":0.44},"geometry":{"type":"LineString","coordinates":[[99.77896,15.31434],[99.78091,15.31597],[99.78217,15.316]]}},{"type":"Feature","id":"osm_waterway_1467036238","properties":{"feature_type":"osm_waterway","osm_id":"1467036238","river_name":"คลองหนองอีเติ่ง","waterway":"river","length_km":0.22},"geometry":{"type":"LineString","coordinates":[[100.05492,15.4252],[100.05421,15.42332]]}},{"type":"Feature","id":"osm_waterway_1467036239","properties":{"feature_type":"osm_waterway","osm_id":"1467036239","river_name":"คลองหนองอีเติ่ง","waterway":"river","length_km":3.95},"geometry":{"type":"LineString","coordinates":[[100.06545,15.45366],[100.06611,15.45283],[100.06575,15.45179],[100.06643,15.45062],[100.06499,15.45052],[100.06592,15.44741],[100.06403,15.44339],[100.06412,15.44124],[100.06205,15.43661],[100.06025,15.4352],[100.06017,15.43331],[100.05876,15.43303],[100.05711,15.43141],[100.05753,15.4294],[100.05492,15.4252]]}},{"type":"Feature","id":"osm_waterway_1467036241","properties":{"feature_type":"osm_waterway","osm_id":"1467036241","river_name":"","waterway":"river","length_km":1.01},"geometry":{"type":"LineString","coordinates":[[100.02926,15.47505],[100.02905,15.47642],[100.02983,15.47737],[100.02944,15.47873],[100.02729,15.47913],[100.02708,15.48049],[100.02608,15.48127]]}},{"type":"Feature","id":"osm_waterway_1467036242","properties":{"feature_type":"osm_waterway","osm_id":"1467036242","river_name":"","waterway":"river","length_km":0.07},"geometry":{"type":"LineString","coordinates":[[100.02969,15.4747],[100.02926,15.47505]]}},{"type":"Feature","id":"osm_waterway_1467240510","properties":{"feature_type":"osm_waterway","osm_id":"1467240510","river_name":"","waterway":"river","length_km":1.42},"geometry":{"type":"LineString","coordinates":[[99.86385,15.65374],[99.86482,15.65202],[99.86456,15.65123],[99.86389,15.65123],[99.8641,15.65037],[99.86353,15.64982],[99.86436,15.64737],[99.86432,15.64522],[99.86352,15.644]]}},{"type":"Feature","id":"osm_waterway_1467240511","properties":{"feature_type":"osm_waterway","osm_id":"1467240511","river_name":"","waterway":"river","length_km":0.09},"geometry":{"type":"LineString","coordinates":[[99.8638,15.65455],[99.86385,15.65374]]}},{"type":"Feature","id":"osm_waterway_1477762094","properties":{"feature_type":"osm_waterway","osm_id":"1477762094","river_name":"","waterway":"canal","length_km":1.42},"geometry":{"type":"LineString","coordinates":[[99.94691,15.72821],[99.94743,15.73503],[99.94686,15.73883],[99.94567,15.74052]]}},{"type":"Feature","id":"osm_waterway_1477762095","properties":{"feature_type":"osm_waterway","osm_id":"1477762095","river_name":"","waterway":"canal","length_km":0.61},"geometry":{"type":"LineString","coordinates":[[99.95333,15.71811],[99.9491,15.72168]]}},{"type":"Feature","id":"osm_waterway_1477762096","properties":{"feature_type":"osm_waterway","osm_id":"1477762096","river_name":"","waterway":"canal","length_km":0.01},"geometry":{"type":"LineString","coordinates":[[99.9491,15.72168],[99.94903,15.72175]]}},{"type":"Feature","id":"osm_waterway_1477762099","properties":{"feature_type":"osm_waterway","osm_id":"1477762099","river_name":"","waterway":"canal","length_km":0.75},"geometry":{"type":"LineString","coordinates":[[99.94903,15.72175],[99.94692,15.72811]]}},{"type":"Feature","id":"osm_waterway_1477762100","properties":{"feature_type":"osm_waterway","osm_id":"1477762100","river_name":"","waterway":"canal","length_km":0.01},"geometry":{"type":"LineString","coordinates":[[99.94692,15.72811],[99.94691,15.72821]]}}]}