{
  "type": "FeatureCollection",
  "features": [
    {
      "type": "Feature",
      "id": "catchment_3914",
      "properties": {
        "station_id": "3914",
        "station_name": "บ้านวังหิน",
        "catchment_area_km2": 1467.12,
        "contributing_cells": 1545181
      },
      "geometry": {
        "type": "Polygon",
        "coordinates": [
          [
            [
              103.325653,
              16.285014
            ],
            [
              103.308153,
              16.300847
            ],
            [
              103.271764,
              16.343903
            ],
            [
              103.189542,
              16.566125
            ],
            [
              103.17843,
              16.76057
            ],
            [
              103.20343,
              16.869736
            ],
            [
              103.470375,
              16.568903
            ],
            [
              103.519542,
              16.472236
            ],
            [
              103.57843,
              16.339458
            ],
            [
              103.555653,
              16.327514
            ],
            [
              103.451486,
              16.299458
            ],
            [
              103.41343,
              16.293903
            ],
            [
              103.325653,
              16.285014
            ]
          ]
        ]
      }
    },
    {
      "type": "Feature",
      "id": "catchment_4006",
      "properties": {
        "station_id": "4006",
        "station_name": "บ้านโพน",
        "catchment_area_km2": 199.2,
        "contributing_cells": 209793
      },
      "geometry": {
        "type": "Polygon",
        "coordinates": [
          [
            [
              103.59343,
              16.860014
            ],
            [
              103.559819,
              16.924181
            ],
            [
              103.565653,
              16.969458
            ],
            [
              103.585097,
              16.991403
            ],
            [
              103.600097,
              17.007792
            ],
            [
              103.627875,
              17.027792
            ],
            [
              103.68093,
              17.027792
            ],
            [
              103.709264,
              17.018903
            ],
            [
              103.75593,
              16.961125
            ],
            [
              103.59343,
              16.860014
            ]
          ]
        ]
      }
    },
    {
      "type": "Feature",
      "id": "catchment_1465",
      "properties": {
        "station_id": "1465",
        "station_name": "เหนือฝายวังยาง",
        "catchment_area_km2": 32645.63,
        "contributing_cells": 34382494
      },
      "geometry": {
        "type": "Polygon",
        "coordinates": [
          [
            [
              101.781208,
              15.49807
            ],
            [
              101.401764,
              15.655292
            ],
            [
              101.329264,
              15.784458
            ],
            [
              101.441486,
              16.475014
            ],
            [
              101.59593,
              16.945292
            ],
            [
              101.984819,
              17.537514
            ],
            [
              103.051764,
              16.781958
            ],
            [
              103.121764,
              16.691681
            ],
            [
              103.474542,
              16.200847
            ],
            [
              103.281486,
              16.111958
            ],
            [
              102.033708,
              15.555292
            ],
            [
              101.781208,
              15.49807
            ]
          ]
        ]
      }
    },
    {
      "type": "Feature",
      "id": "catchment_4016",
      "properties": {
        "station_id": "4016",
        "station_name": "บ้านท่าไฮ",
        "catchment_area_km2": 2097.73,
        "contributing_cells": 2209335
      },
      "geometry": {
        "type": "Polygon",
        "coordinates": [
          [
            [
              103.095375,
              16.828347
            ],
            [
              102.96593,
              16.863347
            ],
            [
              102.64843,
              17.178347
            ],
            [
              102.711208,
              17.242792
            ],
            [
              102.847319,
              17.268625
            ],
            [
              102.884264,
              17.273903
            ],
            [
              103.20593,
              17.295847
            ],
            [
              103.24093,
              17.247514
            ],
            [
              103.229264,
              17.163903
            ],
            [
              103.169264,
              16.950847
            ],
            [
              103.124542,
              16.851403
            ],
            [
              103.095375,
              16.828347
            ]
          ]
        ]
      }
    },
    {
      "type": "Feature",
      "id": "catchment_3960",
      "properties": {
        "station_id": "3960",
        "station_name": "บ้านหนองม่วง",
        "catchment_area_km2": 2.55,
        "contributing_cells": 2684
      },
      "geometry": {
        "type": "Polygon",
        "coordinates": [
          [
            [
              103.420097,
              16.58807
            ],
            [
              103.415375,
              16.596125
            ],
            [
              103.417042,
              16.599181
            ],
            [
              103.419264,
              16.601403
            ],
            [
              103.425097,
              16.606958
            ],
            [
              103.427042,
              16.608347
            ],
            [
              103.430653,
              16.610014
            ],
            [
              103.432875,
              16.609458
            ],
            [
              103.433708,
              16.608903
            ],
            [
              103.434264,
              16.606958
            ],
            [
              103.431208,
              16.593903
            ],
            [
              103.427597,
              16.589181
            ],
            [
              103.420097,
              16.58807
            ]
          ]
        ]
      }
    },
    {
      "type": "Feature",
      "id": "catchment_1460",
      "properties": {
        "station_id": "1460",
        "station_name": "ยางตลาด",
        "catchment_area_km2": 128.33,
        "contributing_cells": 135157
      },
      "geometry": {
        "type": "Polygon",
        "coordinates": [
          [
            [
              103.451764,
              16.397236
            ],
            [
              103.428708,
              16.414181
            ],
            [
              103.394819,
              16.466958
            ],
            [
              103.413153,
              16.569736
            ],
            [
              103.422042,
              16.597236
            ],
            [
              103.432597,
              16.608903
            ],
            [
              103.455653,
              16.599736
            ],
            [
              103.48093,
              16.574181
            ],
            [
              103.500653,
              16.518625
            ],
            [
              103.513986,
              16.477236
            ],
            [
              103.508153,
              16.466403
            ],
            [
              103.468153,
              16.409736
            ],
            [
              103.458986,
              16.401403
            ],
            [
              103.451764,
              16.397236
            ]
          ]
        ]
      }
    },
    {
      "type": "Feature",
      "id": "catchment_5215",
      "properties": {
        "station_id": "5215",
        "station_name": "คลองปาว",
        "catchment_area_km2": 8307.5,
        "contributing_cells": 8749488
      },
      "geometry": {
        "type": "Polygon",
        "coordinates": [
          [
            [
              103.689264,
              16.257792
            ],
            [
              103.582597,
              16.280292
            ],
            [
              103.273986,
              16.372236
            ],
            [
              102.685375,
              17.159736
            ],
            [
              102.744264,
              17.208625
            ],
            [
              102.937597,
              17.269181
            ],
            [
              103.58843,
              17.166681
            ],
            [
              103.695375,
              17.029736
            ],
            [
              103.72593,
              16.949458
            ],
            [
              103.79093,
              16.458347
            ],
            [
              103.689264,
              16.257792
            ]
          ]
        ]
      }
    },
    {
      "type": "Feature",
      "id": "catchment_2241",
      "properties": {
        "station_id": "2241",
        "station_name": "บ้านดงบัง",
        "catchment_area_km2": 1.75,
        "contributing_cells": 1847
      },
      "geometry": {
        "type": "Polygon",
        "coordinates": [
          [
            [
              103.798153,
              16.79307
            ],
            [
              103.797042,
              16.793347
            ],
            [
              103.791208,
              16.796125
            ],
            [
              103.813153,
              16.817236
            ],
            [
              103.816764,
              16.817236
            ],
            [
              103.817042,
              16.815847
            ],
            [
              103.817042,
              16.815292
            ],
            [
              103.814819,
              16.811125
            ],
            [
              103.798153,
              16.79307
            ]
          ]
        ]
      }
    },
    {
      "type": "Feature",
      "id": "catchment_3990",
      "properties": {
        "station_id": "3990",
        "station_name": "เนินยางใต้",
        "catchment_area_km2": 0.32,
        "contributing_cells": 335
      },
      "geometry": {
        "type": "Polygon",
        "coordinates": [
          [
            [
              103.647597,
              16.771403
            ],
            [
              103.646208,
              16.771958
            ],
            [
              103.646208,
              16.772514
            ],
            [
              103.650097,
              16.78057
            ],
            [
              103.650653,
              16.780847
            ],
            [
              103.651208,
              16.780847
            ],
            [
              103.653708,
              16.777236
            ],
            [
              103.653986,
              16.776681
            ],
            [
              103.654264,
              16.776125
            ],
            [
              103.65343,
              16.774736
            ],
            [
              103.653153,
              16.774458
            ],
            [
              103.648153,
              16.771681
            ],
            [
              103.647597,
              16.771403
            ]
          ]
        ]
      }
    },
    {
      "type": "Feature",
      "id": "catchment_4017",
      "properties": {
        "station_id": "4017",
        "station_name": "บ้านท่างาม",
        "catchment_area_km2": 497.83,
        "contributing_cells": 524315
      },
      "geometry": {
        "type": "Polygon",
        "coordinates": [
          [
            [
              103.49343,
              16.951125
            ],
            [
              103.397319,
              17.151125
            ],
            [
              103.405653,
              17.180847
            ],
            [
              103.465653,
              17.202236
            ],
            [
              103.511208,
              17.192236
            ],
            [
              103.59593,
              17.158347
            ],
            [
              103.658153,
              17.10807
            ],
            [
              103.65843,
              17.097236
            ],
            [
              103.658708,
              17.026958
            ],
            [
              103.49343,
              16.951125
            ]
          ]
        ]
      }
    },
    {
      "type": "Feature",
      "id": "catchment_3999",
      "properties": {
        "station_id": "3999",
        "station_name": "บ้านดงสวรรค์",
        "catchment_area_km2": 97.25,
        "contributing_cells": 102426
      },
      "geometry": {
        "type": "Polygon",
        "coordinates": [
          [
            [
              103.307875,
              16.801125
            ],
            [
              103.29093,
              16.801403
            ],
            [
              103.26593,
              16.811681
            ],
            [
              103.247597,
              16.824736
            ],
            [
              103.240653,
              16.843903
            ],
            [
              103.248153,
              16.858903
            ],
            [
              103.254264,
              16.866403
            ],
            [
              103.265653,
              16.875292
            ],
            [
              103.30843,
              16.882236
            ],
            [
              103.32593,
              16.871125
            ],
            [
              103.37343,
              16.831403
            ],
            [
              103.359264,
              16.816958
            ],
            [
              103.336208,
              16.806958
            ],
            [
              103.307875,
              16.801125
            ]
          ]
        ]
      }
    },
    {
      "type": "Feature",
      "id": "catchment_3967",
      "properties": {
        "station_id": "3967",
        "station_name": "บ้านหนองริวหนัง",
        "catchment_area_km2": 176.73,
        "contributing_cells": 186128
      },
      "geometry": {
        "type": "Polygon",
        "coordinates": [
          [
            [
              103.312875,
              16.663625
            ],
            [
              103.199264,
              16.677514
            ],
            [
              103.189542,
              16.680014
            ],
            [
              103.178708,
              16.708903
            ],
            [
              103.177319,
              16.713625
            ],
            [
              103.188708,
              16.864458
            ],
            [
              103.202042,
              16.872236
            ],
            [
              103.240375,
              16.836958
            ],
            [
              103.30843,
              16.677514
            ],
            [
              103.312875,
              16.663625
            ]
          ]
        ]
      }
    },
    {
      "type": "Feature",
      "id": "catchment_5216",
      "properties": {
        "station_id": "5216",
        "station_name": "ห้วยยัง",
        "catchment_area_km2": 514.5,
        "contributing_cells": 541874
      },
      "geometry": {
        "type": "Polygon",
        "coordinates": [
          [
            [
              103.961208,
              16.602236
            ],
            [
              103.950653,
              16.648625
            ],
            [
              103.946486,
              16.672792
            ],
            [
              103.960097,
              16.816681
            ],
            [
              103.992597,
              16.832514
            ],
            [
              104.030375,
              16.846958
            ],
            [
              104.049819,
              16.836125
            ],
            [
              104.067319,
              16.818347
            ],
            [
              104.125653,
              16.749736
            ],
            [
              104.17843,
              16.665292
            ],
            [
              104.179819,
              16.63807
            ],
            [
              104.126764,
              16.611958
            ],
            [
              103.961208,
              16.602236
            ]
          ]
        ]
      }
    },
    {
      "type": "Feature",
      "id": "catchment_8550",
      "properties": {
        "station_id": "8550",
        "station_name": "บ้านสมสนุก",
        "catchment_area_km2": 29.47,
        "contributing_cells": 31035
      },
      "geometry": {
        "type": "Polygon",
        "coordinates": [
          [
            [
              104.150375,
              16.674458
            ],
            [
              104.099819,
              16.678347
            ],
            [
              104.088153,
              16.686125
            ],
            [
              104.109819,
              16.711403
            ],
            [
              104.135375,
              16.72807
            ],
            [
              104.148708,
              16.717514
            ],
            [
              104.165097,
              16.698903
            ],
            [
              104.168708,
              16.694736
            ],
            [
              104.160097,
              16.676681
            ],
            [
              104.150375,
              16.674458
            ]
          ]
        ]
      }
    },
    {
      "type": "Feature",
      "id": "catchment_1410",
      "properties": {
        "station_id": "1410",
        "station_name": "ชนบท",
        "catchment_area_km2": 11301.5,
        "contributing_cells": 11902780
      },
      "geometry": {
        "type": "Polygon",
        "coordinates": [
          [
            [
              101.520375,
              15.335292
            ],
            [
              101.378153,
              15.605292
            ],
            [
              101.380653,
              16.146125
            ],
            [
              101.387597,
              16.292514
            ],
            [
              101.430375,
              16.364736
            ],
            [
              101.508708,
              16.481403
            ],
            [
              102.333708,
              16.215847
            ],
            [
              102.569542,
              16.098347
            ],
            [
              102.433708,
              15.711403
            ],
            [
              102.139264,
              15.453347
            ],
            [
              101.520375,
              15.335292
            ]
          ]
        ]
      }
    },
    {
      "type": "Feature",
      "id": "catchment_3894",
      "properties": {
        "station_id": "3894",
        "station_name": "บ้านท่านางเลื่อน",
        "catchment_area_km2": 11301.5,
        "contributing_cells": 11902780
      },
      "geometry": {
        "type": "Polygon",
        "coordinates": [
          [
            [
              101.520375,
              15.335292
            ],
            [
              101.378153,
              15.605292
            ],
            [
              101.380653,
              16.146125
            ],
            [
              101.387597,
              16.292514
            ],
            [
              101.430375,
              16.364736
            ],
            [
              101.508708,
              16.481403
            ],
            [
              102.333708,
              16.215847
            ],
            [
              102.569542,
              16.098347
            ],
            [
              102.433708,
              15.711403
            ],
            [
              102.139264,
              15.453347
            ],
            [
              101.520375,
              15.335292
            ]
          ]
        ]
      }
    },
    {
      "type": "Feature",
      "id": "catchment_2175",
      "properties": {
        "station_id": "2175",
        "station_name": "บ้านวังยาวใหญ่",
        "catchment_area_km2": 4.54,
        "contributing_cells": 4786
      },
      "geometry": {
        "type": "Polygon",
        "coordinates": [
          [
            [
              101.948708,
              16.702792
            ],
            [
              101.941208,
              16.715847
            ],
            [
              101.941208,
              16.719181
            ],
            [
              101.943986,
              16.726125
            ],
            [
              101.950375,
              16.738625
            ],
            [
              101.952042,
              16.740014
            ],
            [
              101.955375,
              16.740292
            ],
            [
              101.958153,
              16.73557
            ],
            [
              101.957597,
              16.730292
            ],
            [
              101.955653,
              16.719458
            ],
            [
              101.948708,
              16.702792
            ]
          ]
        ]
      }
    },
    {
      "type": "Feature",
      "id": "catchment_4377",
      "properties": {
        "station_id": "4377",
        "station_name": "ลำเชิญ อ.ชุมแพ (ท้ายฝายโครงการชลประทานน้ำเชิญ)",
        "catchment_area_km2": 94.63,
        "contributing_cells": 99667
      },
      "geometry": {
        "type": "Polygon",
        "coordinates": [
          [
            [
              102.032597,
              16.536403
            ],
            [
              101.995375,
              16.562792
            ],
            [
              101.987597,
              16.605014
            ],
            [
              101.996486,
              16.65307
            ],
            [
              102.00593,
              16.666403
            ],
            [
              102.032042,
              16.696681
            ],
            [
              102.048708,
              16.69307
            ],
            [
              102.056764,
              16.685847
            ],
            [
              102.058153,
              16.649736
            ],
            [
              102.048986,
              16.562792
            ],
            [
              102.032597,
              16.536403
            ]
          ]
        ]
      }
    },
    {
      "type": "Feature",
      "id": "catchment_8652",
      "properties": {
        "station_id": "8652",
        "station_name": "บ้านจาน",
        "catchment_area_km2": 490.69,
        "contributing_cells": 516795
      },
      "geometry": {
        "type": "Polygon",
        "coordinates": [
          [
            [
              103.093986,
              16.453625
            ],
            [
              103.05593,
              16.487514
            ],
            [
              103.048986,
              16.496403
            ],
            [
              103.051208,
              16.601403
            ],
            [
              103.053986,
              16.700014
            ],
            [
              103.09343,
              16.774181
            ],
            [
              103.16593,
              16.864181
            ],
            [
              103.190097,
              16.842792
            ],
            [
              103.182042,
              16.63807
            ],
            [
              103.175375,
              16.543903
            ],
            [
              103.130375,
              16.484736
            ],
            [
              103.093986,
              16.453625
            ]
          ]
        ]
      }
    },
    {
      "type": "Feature",
      "id": "catchment_3966",
      "properties": {
        "station_id": "3966",
        "station_name": "บ้านท่าเม่า",
        "catchment_area_km2": 14229.03,
        "contributing_cells": 14986061
      },
      "geometry": {
        "type": "Polygon",
        "coordinates": [
          [
            [
              101.943986,
              16.195292
            ],
            [
              101.858153,
              16.20807
            ],
            [
              101.426486,
              16.431958
            ],
            [
              101.567042,
              16.938903
            ],
            [
              101.98093,
              17.632792
            ],
            [
              102.796486,
              17.063625
            ],
            [
              103.078986,
              16.797514
            ],
            [
              102.949542,
              16.691403
            ],
            [
              102.480653,
              16.392792
            ],
            [
              101.943986,
              16.195292
            ]
          ]
        ]
      }
    },
    {
      "type": "Feature",
      "id": "catchment_4441",
      "properties": {
        "station_id": "4441",
        "station_name": "ลำน้ำพอง (เหนือฝายหนองหวาย)",
        "catchment_area_km2": 1.89,
        "contributing_cells": 1986
      },
      "geometry": {
        "type": "Polygon",
        "coordinates": [
          [
            [
              102.803153,
              16.723625
            ],
            [
              102.801764,
              16.72557
            ],
            [
              102.801764,
              16.728625
            ],
            [
              102.802875,
              16.733903
            ],
            [
              102.80343,
              16.735292
            ],
            [
              102.821486,
              16.735292
            ],
            [
              102.822319,
              16.733903
            ],
            [
              102.819542,
              16.725014
            ],
            [
              102.809819,
              16.723903
            ],
            [
              102.803153,
              16.723625
            ]
          ]
        ]
      }
    },
    {
      "type": "Feature",
      "id": "catchment_4442",
      "properties": {
        "station_id": "4442",
        "station_name": "ลำน้ำพอง โรงเรียนลำน้ำพอง",
        "catchment_area_km2": 14256.51,
        "contributing_cells": 15015007
      },
      "geometry": {
        "type": "Polygon",
        "coordinates": [
          [
            [
              101.943986,
              16.168625
            ],
            [
              101.428708,
              16.43307
            ],
            [
              101.437875,
              16.614458
            ],
            [
              102.000653,
              17.604458
            ],
            [
              102.019819,
              17.625847
            ],
            [
              102.807875,
              16.936403
            ],
            [
              102.912875,
              16.837236
            ],
            [
              102.994819,
              16.692514
            ],
            [
              102.881764,
              16.570014
            ],
            [
              101.943986,
              16.168625
            ]
          ]
        ]
      }
    },
    {
      "type": "Feature",
      "id": "catchment_8819",
      "properties": {
        "station_id": "8819",
        "station_name": "บ้านหนองไห*",
        "catchment_area_km2": 11876.95,
        "contributing_cells": 12508851
      },
      "geometry": {
        "type": "Polygon",
        "coordinates": [
          [
            [
              101.529819,
              15.343903
            ],
            [
              101.427319,
              15.446958
            ],
            [
              101.417875,
              15.525847
            ],
            [
              101.378986,
              16.196125
            ],
            [
              101.415375,
              16.354458
            ],
            [
              101.509542,
              16.479458
            ],
            [
              102.455375,
              16.360847
            ],
            [
              102.663708,
              16.209458
            ],
            [
              102.402597,
              15.705292
            ],
            [
              102.207875,
              15.534458
            ],
            [
              102.052042,
              15.440292
            ],
            [
              101.529819,
              15.343903
            ]
          ]
        ]
      }
    },
    {
      "type": "Feature",
      "id": "catchment_4443",
      "properties": {
        "station_id": "4443",
        "station_name": "แม่น้ำชี บ้านหินกอง",
        "catchment_area_km2": 0.19,
        "contributing_cells": 201
      },
      "geometry": {
        "type": "Polygon",
        "coordinates": [
          [
            [
              102.744819,
              16.25307
            ],
            [
              102.74343,
              16.254458
            ],
            [
              102.742597,
              16.255292
            ],
            [
              102.741208,
              16.256681
            ],
            [
              102.741208,
              16.256958
            ],
            [
              102.741486,
              16.257792
            ],
            [
              102.743986,
              16.25807
            ],
            [
              102.746764,
              16.255292
            ],
            [
              102.744819,
              16.25307
            ]
          ]
        ]
      }
    },
    {
      "type": "Feature",
      "id": "catchment_2179",
      "properties": {
        "station_id": "2179",
        "station_name": "บ้านห้วยซ้อ",
        "catchment_area_km2": 8.66,
        "contributing_cells": 9119
      },
      "geometry": {
        "type": "Polygon",
        "coordinates": [
          [
            [
              101.910375,
              16.761403
            ],
            [
              101.905375,
              16.765014
            ],
            [
              101.904819,
              16.765847
            ],
            [
              101.904264,
              16.766958
            ],
            [
              101.899819,
              16.776681
            ],
            [
              101.898708,
              16.782514
            ],
            [
              101.902319,
              16.789736
            ],
            [
              101.90843,
              16.794458
            ],
            [
              101.917597,
              16.795014
            ],
            [
              101.925097,
              16.79057
            ],
            [
              101.922875,
              16.777236
            ],
            [
              101.920653,
              16.771681
            ],
            [
              101.914542,
              16.763625
            ],
            [
              101.912597,
              16.761403
            ],
            [
              101.910375,
              16.761403
            ]
          ]
        ]
      }
    },
    {
      "type": "Feature",
      "id": "catchment_8756",
      "properties": {
        "station_id": "8756",
        "station_name": "บ้านเขาวง*",
        "catchment_area_km2": 429.18,
        "contributing_cells": 452010
      },
      "geometry": {
        "type": "Polygon",
        "coordinates": [
          [
            [
              101.697597,
              16.616958
            ],
            [
              101.667597,
              16.618903
            ],
            [
              101.658153,
              16.626403
            ],
            [
              101.570097,
              16.730292
            ],
            [
              101.538708,
              16.786958
            ],
            [
              101.529819,
              16.81557
            ],
            [
              101.524819,
              16.850014
            ],
            [
              101.521208,
              16.88807
            ],
            [
              101.52593,
              16.89307
            ],
            [
              101.785375,
              16.756403
            ],
            [
              101.794819,
              16.719736
            ],
            [
              101.78843,
              16.660014
            ],
            [
              101.754542,
              16.632236
            ],
            [
              101.697597,
              16.616958
            ]
          ]
        ]
      }
    },
    {
      "type": "Feature",
      "id": "catchment_10097",
      "properties": {
        "station_id": "10097",
        "station_name": "สะพานข้ามลำน้ำเชิญ (มิตรผลหนองเรือ)",
        "catchment_area_km2": 4981.25,
        "contributing_cells": 5246267
      },
      "geometry": {
        "type": "Polygon",
        "coordinates": [
          [
            [
              101.873986,
              16.101958
            ],
            [
              101.427597,
              16.432514
            ],
            [
              101.430097,
              16.499181
            ],
            [
              101.464819,
              16.627792
            ],
            [
              101.533986,
              16.873903
            ],
            [
              101.878153,
              16.742236
            ],
            [
              102.25843,
              16.570014
            ],
            [
              102.420375,
              16.490014
            ],
            [
              102.468708,
              16.408625
            ],
            [
              102.377875,
              16.282792
            ],
            [
              101.954542,
              16.122792
            ],
            [
              101.899819,
              16.106958
            ],
            [
              101.873986,
              16.101958
            ]
          ]
        ]
      }
    },
    {
      "type": "Feature",
      "id": "catchment_4431",
      "properties": {
        "station_id": "4431",
        "station_name": "เขื่อนอุบลรัตน์",
        "catchment_area_km2": 12575.4,
        "contributing_cells": 13244460
      },
      "geometry": {
        "type": "Polygon",
        "coordinates": [
          [
            [
              101.866764,
              16.096125
            ],
            [
              101.426486,
              16.431681
            ],
            [
              101.445653,
              16.552514
            ],
            [
              101.55593,
              16.773903
            ],
            [
              101.991208,
              17.439736
            ],
            [
              102.025097,
              17.462792
            ],
            [
              102.503153,
              17.134458
            ],
            [
              102.63093,
              16.955014
            ],
            [
              102.620375,
              16.774181
            ],
            [
              102.53843,
              16.545014
            ],
            [
              102.41343,
              16.382792
            ],
            [
              102.304542,
              16.249458
            ],
            [
              101.866764,
              16.096125
            ]
          ]
        ]
      }
    },
    {
      "type": "Feature",
      "id": "catchment_2176",
      "properties": {
        "station_id": "2176",
        "station_name": "บ้านโนนหัวช้าง",
        "catchment_area_km2": 1.81,
        "contributing_cells": 1909
      },
      "geometry": {
        "type": "Polygon",
        "coordinates": [
          [
            [
              102.73093,
              17.027792
            ],
            [
              102.722875,
              17.02807
            ],
            [
              102.708708,
              17.043625
            ],
            [
              102.708986,
              17.046125
            ],
            [
              102.710097,
              17.04807
            ],
            [
              102.71093,
              17.048625
            ],
            [
              102.712042,
              17.048903
            ],
            [
              102.720375,
              17.041125
            ],
            [
              102.73093,
              17.030014
            ],
            [
              102.73093,
              17.027792
            ]
          ]
        ]
      }
    },
    {
      "type": "Feature",
      "id": "catchment_3916",
      "properties": {
        "station_id": "3916",
        "station_name": "บ้านกุดกว้าง",
        "catchment_area_km2": 14078.93,
        "contributing_cells": 14827982
      },
      "geometry": {
        "type": "Polygon",
        "coordinates": [
          [
            [
              101.529819,
              15.334458
            ],
            [
              101.403153,
              15.689181
            ],
            [
              101.406764,
              16.220847
            ],
            [
              101.512875,
              16.476681
            ],
            [
              102.591208,
              16.581403
            ],
            [
              102.78343,
              16.486958
            ],
            [
              102.80843,
              16.370292
            ],
            [
              102.850375,
              16.046681
            ],
            [
              102.78343,
              15.960847
            ],
            [
              102.430097,
              15.698347
            ],
            [
              102.143153,
              15.502514
            ],
            [
              102.066208,
              15.465014
            ],
            [
              101.529819,
              15.334458
            ]
          ]
        ]
      }
    },
    {
      "type": "Feature",
      "id": "catchment_1399",
      "properties": {
        "station_id": "1399",
        "station_name": "สะพานฉลองขอนแก่น 200 ปี",
        "catchment_area_km2": 14511.82,
        "contributing_cells": 15283903
      },
      "geometry": {
        "type": "Polygon",
        "coordinates": [
          [
            [
              101.933153,
              16.206958
            ],
            [
              101.894542,
              16.214181
            ],
            [
              101.428986,
              16.432792
            ],
            [
              101.586486,
              16.879181
            ],
            [
              102.010375,
              17.411681
            ],
            [
              102.393153,
              17.284736
            ],
            [
              102.778708,
              17.035292
            ],
            [
              102.814819,
              16.984181
            ],
            [
              102.956208,
              16.738347
            ],
            [
              102.981764,
              16.639736
            ],
            [
              102.90593,
              16.527514
            ],
            [
              102.329264,
              16.294181
            ],
            [
              101.933153,
              16.206958
            ]
          ]
        ]
      }
    },
    {
      "type": "Feature",
      "id": "catchment_1413",
      "properties": {
        "station_id": "1413",
        "station_name": "เมืองขอนแก่น",
        "catchment_area_km2": 13262.46,
        "contributing_cells": 13968073
      },
      "geometry": {
        "type": "Polygon",
        "coordinates": [
          [
            [
              101.572597,
              15.331681
            ],
            [
              101.41593,
              15.571125
            ],
            [
              101.340653,
              15.879458
            ],
            [
              101.407319,
              16.23057
            ],
            [
              101.509264,
              16.480014
            ],
            [
              102.49343,
              16.363347
            ],
            [
              102.786764,
              16.327236
            ],
            [
              102.857319,
              16.059458
            ],
            [
              102.145653,
              15.471403
            ],
            [
              102.062042,
              15.446958
            ],
            [
              101.572597,
              15.331681
            ]
          ]
        ]
      }
    },
    {
      "type": "Feature",
      "id": "catchment_8820",
      "properties": {
        "station_id": "8820",
        "station_name": "บ้านท่าฉาง*",
        "catchment_area_km2": 9640.14,
        "contributing_cells": 10153035
      },
      "geometry": {
        "type": "Polygon",
        "coordinates": [
          [
            [
              101.712597,
              15.41057
            ],
            [
              101.442875,
              15.428903
            ],
            [
              101.34593,
              15.766958
            ],
            [
              101.319542,
              16.187236
            ],
            [
              101.413986,
              16.333625
            ],
            [
              101.509819,
              16.480292
            ],
            [
              101.687875,
              16.390847
            ],
            [
              101.762597,
              16.338903
            ],
            [
              102.440653,
              15.820014
            ],
            [
              102.413708,
              15.698625
            ],
            [
              102.217875,
              15.546125
            ],
            [
              102.157597,
              15.500014
            ],
            [
              102.081764,
              15.45307
            ],
            [
              101.712597,
              15.41057
            ]
          ]
        ]
      }
    },
    {
      "type": "Feature",
      "id": "catchment_2177",
      "properties": {
        "station_id": "2177",
        "station_name": "บ้านท่าเริงรมย์*",
        "catchment_area_km2": 806.86,
        "contributing_cells": 849790
      },
      "geometry": {
        "type": "Polygon",
        "coordinates": [
          [
            [
              101.732597,
              16.488903
            ],
            [
              101.69093,
              16.507514
            ],
            [
              101.636486,
              16.592514
            ],
            [
              101.567042,
              16.739458
            ],
            [
              101.531486,
              16.839181
            ],
            [
              101.527597,
              16.893625
            ],
            [
              101.85343,
              16.752236
            ],
            [
              101.898986,
              16.716958
            ],
            [
              101.896764,
              16.636958
            ],
            [
              101.732597,
              16.488903
            ]
          ]
        ]
      }
    },
    {
      "type": "Feature",
      "id": "catchment_3962",
      "properties": {
        "station_id": "3962",
        "station_name": "บ้านโนนหัน",
        "catchment_area_km2": 1099.04,
        "contributing_cells": 1157517
      },
      "geometry": {
        "type": "Polygon",
        "coordinates": [
          [
            [
              101.711764,
              16.491403
            ],
            [
              101.644264,
              16.585014
            ],
            [
              101.543708,
              16.786403
            ],
            [
              101.521764,
              16.851125
            ],
            [
              101.518986,
              16.86057
            ],
            [
              101.527042,
              16.894736
            ],
            [
              101.95343,
              16.781403
            ],
            [
              101.968153,
              16.591125
            ],
            [
              101.752597,
              16.499181
            ],
            [
              101.711764,
              16.491403
            ]
          ]
        ]
      }
    },
    {
      "type": "Feature",
      "id": "catchment_6052",
      "properties": {
        "station_id": "6052",
        "station_name": "เขื่อนจุฬาภรณ์",
        "catchment_area_km2": 574.32,
        "contributing_cells": 604872
      },
      "geometry": {
        "type": "Polygon",
        "coordinates": [
          [
            [
              101.441486,
              16.438347
            ],
            [
              101.41843,
              16.456958
            ],
            [
              101.412597,
              16.490014
            ],
            [
              101.406764,
              16.604181
            ],
            [
              101.516486,
              16.719458
            ],
            [
              101.550097,
              16.722514
            ],
            [
              101.599542,
              16.703347
            ],
            [
              101.617042,
              16.675847
            ],
            [
              101.647875,
              16.619458
            ],
            [
              101.650097,
              16.535292
            ],
            [
              101.441486,
              16.438347
            ]
          ]
        ]
      }
    },
    {
      "type": "Feature",
      "id": "catchment_8821",
      "properties": {
        "station_id": "8821",
        "station_name": "บ้านโนนน้อย*",
        "catchment_area_km2": 6367.22,
        "contributing_cells": 6705981
      },
      "geometry": {
        "type": "Polygon",
        "coordinates": [
          [
            [
              101.467875,
              15.350847
            ],
            [
              101.335097,
              15.865014
            ],
            [
              101.336764,
              16.197792
            ],
            [
              101.493708,
              16.482514
            ],
            [
              101.728986,
              16.379181
            ],
            [
              101.942875,
              16.037792
            ],
            [
              101.960097,
              15.544736
            ],
            [
              101.749542,
              15.382514
            ],
            [
              101.467875,
              15.350847
            ]
          ]
        ]
      }
    },
    {
      "type": "Feature",
      "id": "catchment_3851",
      "properties": {
        "station_id": "3851",
        "station_name": "บ้านโนนเชือก",
        "catchment_area_km2": 4361.61,
        "contributing_cells": 4593661
      },
      "geometry": {
        "type": "Polygon",
        "coordinates": [
          [
            [
              101.423986,
              15.631125
            ],
            [
              101.329264,
              15.82057
            ],
            [
              101.401208,
              16.289458
            ],
            [
              101.440375,
              16.383347
            ],
            [
              101.490375,
              16.451125
            ],
            [
              101.511486,
              16.476958
            ],
            [
              101.672597,
              16.400292
            ],
            [
              101.736486,
              16.358625
            ],
            [
              101.842597,
              16.234736
            ],
            [
              101.903986,
              16.064736
            ],
            [
              101.831486,
              15.732792
            ],
            [
              101.713986,
              15.683903
            ],
            [
              101.561764,
              15.647514
            ],
            [
              101.423986,
              15.631125
            ]
          ]
        ]
      }
    },
    {
      "type": "Feature",
      "id": "catchment_3870",
      "properties": {
        "station_id": "3870",
        "station_name": "บ้านหนองอ้อ",
        "catchment_area_km2": 2947.92,
        "contributing_cells": 3104758
      },
      "geometry": {
        "type": "Polygon",
        "coordinates": [
          [
            [
              101.351764,
              15.770292
            ],
            [
              101.33093,
              15.796958
            ],
            [
              101.332319,
              16.206958
            ],
            [
              101.39093,
              16.333625
            ],
            [
              101.512319,
              16.476958
            ],
            [
              101.833986,
              16.300014
            ],
            [
              101.892319,
              16.029181
            ],
            [
              101.706764,
              15.906958
            ],
            [
              101.351764,
              15.770292
            ]
          ]
        ]
      }
    },
    {
      "type": "Feature",
      "id": "catchment_1378",
      "properties": {
        "station_id": "1378",
        "station_name": "บ้านเขว้า",
        "catchment_area_km2": 2908.58,
        "contributing_cells": 3063324
      },
      "geometry": {
        "type": "Polygon",
        "coordinates": [
          [
            [
              101.411208,
              15.75307
            ],
            [
              101.360375,
              15.759736
            ],
            [
              101.347875,
              15.767236
            ],
            [
              101.332875,
              15.804181
            ],
            [
              101.35343,
              16.202514
            ],
            [
              101.416764,
              16.405014
            ],
            [
              101.482042,
              16.45557
            ],
            [
              101.51093,
              16.477514
            ],
            [
              101.65843,
              16.403347
            ],
            [
              101.772042,
              16.322514
            ],
            [
              101.795653,
              16.298625
            ],
            [
              101.818986,
              16.255847
            ],
            [
              101.887597,
              16.080014
            ],
            [
              101.892875,
              16.031958
            ],
            [
              101.411208,
              15.75307
            ]
          ]
        ]
      }
    },
    {
      "type": "Feature",
      "id": "catchment_2173",
      "properties": {
        "station_id": "2173",
        "station_name": "บ้านผาทอง",
        "catchment_area_km2": 15.75,
        "contributing_cells": 16593
      },
      "geometry": {
        "type": "Polygon",
        "coordinates": [
          [
            [
              101.360375,
              15.842514
            ],
            [
              101.33593,
              15.846403
            ],
            [
              101.330097,
              15.852514
            ],
            [
              101.32843,
              15.854458
            ],
            [
              101.332597,
              15.880847
            ],
            [
              101.33843,
              15.88557
            ],
            [
              101.340097,
              15.88557
            ],
            [
              101.354819,
              15.884458
            ],
            [
              101.357042,
              15.881125
            ],
            [
              101.368153,
              15.845014
            ],
            [
              101.364264,
              15.843625
            ],
            [
              101.360375,
              15.842514
            ]
          ]
        ]
      }
    },
    {
      "type": "Feature",
      "id": "catchment_268533",
      "properties": {
        "station_id": "268533",
        "station_name": "บ้านโนนระเวียง*",
        "catchment_area_km2": 375.66,
        "contributing_cells": 395645
      },
      "geometry": {
        "type": "Polygon",
        "coordinates": [
          [
            [
              101.412875,
              15.750847
            ],
            [
              101.358708,
              15.752236
            ],
            [
              101.337319,
              15.756958
            ],
            [
              101.317042,
              15.790014
            ],
            [
              101.331208,
              15.870014
            ],
            [
              101.392319,
              16.037236
            ],
            [
              101.434264,
              16.051681
            ],
            [
              101.475375,
              16.027792
            ],
            [
              101.495653,
              16.011125
            ],
            [
              101.485375,
              15.970014
            ],
            [
              101.416208,
              15.757792
            ],
            [
              101.412875,
              15.750847
            ]
          ]
        ]
      }
    },
    {
      "type": "Feature",
      "id": "catchment_268819",
      "properties": {
        "station_id": "268819",
        "station_name": "บ้านหนองม่วง",
        "catchment_area_km2": 824.13,
        "contributing_cells": 867976
      },
      "geometry": {
        "type": "Polygon",
        "coordinates": [
          [
            [
              101.438986,
              15.632514
            ],
            [
              101.410097,
              15.641403
            ],
            [
              101.39593,
              15.682514
            ],
            [
              101.457042,
              15.875292
            ],
            [
              101.480097,
              15.94307
            ],
            [
              101.490653,
              15.958625
            ],
            [
              101.720375,
              15.784458
            ],
            [
              101.618708,
              15.651681
            ],
            [
              101.57093,
              15.634736
            ],
            [
              101.438986,
              15.632514
            ]
          ]
        ]
      }
    },
    {
      "type": "Feature",
      "id": "catchment_2164",
      "properties": {
        "station_id": "2164",
        "station_name": "บ้านใหม่สามัคคี*",
        "catchment_area_km2": 2908.58,
        "contributing_cells": 3063324
      },
      "geometry": {
        "type": "Polygon",
        "coordinates": [
          [
            [
              101.411208,
              15.75307
            ],
            [
              101.360375,
              15.759736
            ],
            [
              101.347875,
              15.767236
            ],
            [
              101.332875,
              15.804181
            ],
            [
              101.35343,
              16.202514
            ],
            [
              101.416764,
              16.405014
            ],
            [
              101.482042,
              16.45557
            ],
            [
              101.51093,
              16.477514
            ],
            [
              101.65843,
              16.403347
            ],
            [
              101.772042,
              16.322514
            ],
            [
              101.795653,
              16.298625
            ],
            [
              101.818986,
              16.255847
            ],
            [
              101.887597,
              16.080014
            ],
            [
              101.892875,
              16.031958
            ],
            [
              101.411208,
              15.75307
            ]
          ]
        ]
      }
    },
    {
      "type": "Feature",
      "id": "catchment_8822",
      "properties": {
        "station_id": "8822",
        "station_name": "บ้านโนนตูม*",
        "catchment_area_km2": 1470.9,
        "contributing_cells": 1549152
      },
      "geometry": {
        "type": "Polygon",
        "coordinates": [
          [
            [
              101.622042,
              16.102514
            ],
            [
              101.561208,
              16.106125
            ],
            [
              101.384542,
              16.279736
            ],
            [
              101.399819,
              16.367236
            ],
            [
              101.41593,
              16.39807
            ],
            [
              101.455375,
              16.442792
            ],
            [
              101.509542,
              16.479736
            ],
            [
              101.648986,
              16.418625
            ],
            [
              101.71093,
              16.382514
            ],
            [
              101.796486,
              16.312792
            ],
            [
              101.827597,
              16.284736
            ],
            [
              101.84843,
              16.224458
            ],
            [
              101.842597,
              16.196403
            ],
            [
              101.729264,
              16.135014
            ],
            [
              101.664264,
              16.107236
            ],
            [
              101.622042,
              16.102514
            ]
          ]
        ]
      }
    },
    {
      "type": "Feature",
      "id": "catchment_8762",
      "properties": {
        "station_id": "8762",
        "station_name": "บ้านโหล่น*",
        "catchment_area_km2": 385.24,
        "contributing_cells": 405732
      },
      "geometry": {
        "type": "Polygon",
        "coordinates": [
          [
            [
              101.407042,
              16.247792
            ],
            [
              101.364542,
              16.251125
            ],
            [
              101.356764,
              16.261125
            ],
            [
              101.40343,
              16.39807
            ],
            [
              101.430097,
              16.42557
            ],
            [
              101.472875,
              16.46807
            ],
            [
              101.491208,
              16.47557
            ],
            [
              101.509819,
              16.479458
            ],
            [
              101.561764,
              16.342514
            ],
            [
              101.502875,
              16.266403
            ],
            [
              101.481208,
              16.25307
            ],
            [
              101.407042,
              16.247792
            ]
          ]
        ]
      }
    },
    {
      "type": "Feature",
      "id": "catchment_257191",
      "properties": {
        "station_id": "257191",
        "station_name": "สะพานน้ำชี",
        "catchment_area_km2": 685.78,
        "contributing_cells": 722262
      },
      "geometry": {
        "type": "Polygon",
        "coordinates": [
          [
            [
              101.653708,
              16.154458
            ],
            [
              101.513986,
              16.259181
            ],
            [
              101.519542,
              16.275847
            ],
            [
              101.547042,
              16.327236
            ],
            [
              101.576208,
              16.373903
            ],
            [
              101.652042,
              16.404458
            ],
            [
              101.69843,
              16.412514
            ],
            [
              101.737042,
              16.384181
            ],
            [
              101.809542,
              16.314736
            ],
            [
              101.850097,
              16.27557
            ],
            [
              101.806764,
              16.184458
            ],
            [
              101.767319,
              16.172792
            ],
            [
              101.653708,
              16.154458
            ]
          ]
        ]
      }
    },
    {
      "type": "Feature",
      "id": "catchment_6055",
      "properties": {
        "station_id": "6055",
        "station_name": "น้ำพรม บ้านกุดเลาะ",
        "catchment_area_km2": 0.71,
        "contributing_cells": 747
      },
      "geometry": {
        "type": "Polygon",
        "coordinates": [
          [
            [
              101.90593,
              16.27057
            ],
            [
              101.905097,
              16.270847
            ],
            [
              101.904819,
              16.273347
            ],
            [
              101.905653,
              16.278903
            ],
            [
              101.906486,
              16.279181
            ],
            [
              101.907597,
              16.279458
            ],
            [
              101.915375,
              16.276681
            ],
            [
              101.915653,
              16.276403
            ],
            [
              101.915375,
              16.27557
            ],
            [
              101.911486,
              16.271958
            ],
            [
              101.910097,
              16.270847
            ],
            [
              101.90593,
              16.27057
            ]
          ]
        ]
      }
    },
    {
      "type": "Feature",
      "id": "catchment_4359",
      "properties": {
        "station_id": "4359",
        "station_name": "น้ำพรม อ.เกษตรสมบูรณ์",
        "catchment_area_km2": 1125.08,
        "contributing_cells": 1184940
      },
      "geometry": {
        "type": "Polygon",
        "coordinates": [
          [
            [
              101.86343,
              16.253625
            ],
            [
              101.442875,
              16.43807
            ],
            [
              101.429264,
              16.466125
            ],
            [
              101.418708,
              16.561125
            ],
            [
              101.449264,
              16.628347
            ],
            [
              101.519819,
              16.727514
            ],
            [
              101.562042,
              16.72807
            ],
            [
              101.97343,
              16.309736
            ],
            [
              101.949819,
              16.286681
            ],
            [
              101.86343,
              16.253625
            ]
          ]
        ]
      }
    },
    {
      "type": "Feature",
      "id": "catchment_5596",
      "properties": {
        "station_id": "5596",
        "station_name": "บ้านกุดจิก",
        "catchment_area_km2": 0.25,
        "contributing_cells": 259
      },
      "geometry": {
        "type": "Polygon",
        "coordinates": [
          [
            [
              101.847597,
              16.139181
            ],
            [
              101.846486,
              16.140014
            ],
            [
              101.846764,
              16.141125
            ],
            [
              101.847042,
              16.141958
            ],
            [
              101.848153,
              16.14307
            ],
            [
              101.848986,
              16.143903
            ],
            [
              101.849542,
              16.144458
            ],
            [
              101.849819,
              16.144736
            ],
            [
              101.850375,
              16.145014
            ],
            [
              101.852042,
              16.142236
            ],
            [
              101.852319,
              16.141681
            ],
            [
              101.852319,
              16.141125
            ],
            [
              101.851486,
              16.139181
            ],
            [
              101.847597,
              16.139181
            ]
          ]
        ]
      }
    },
    {
      "type": "Feature",
      "id": "catchment_3947",
      "properties": {
        "station_id": "3947",
        "station_name": "บ้านยาง",
        "catchment_area_km2": 0.28,
        "contributing_cells": 292
      },
      "geometry": {
        "type": "Polygon",
        "coordinates": [
          [
            [
              101.859542,
              16.294736
            ],
            [
              101.859819,
              16.295292
            ],
            [
              101.860653,
              16.296125
            ],
            [
              101.861208,
              16.296681
            ],
            [
              101.862875,
              16.29807
            ],
            [
              101.872042,
              16.303347
            ],
            [
              101.872875,
              16.303347
            ],
            [
              101.873708,
              16.30307
            ],
            [
              101.873986,
              16.302792
            ],
            [
              101.872597,
              16.300847
            ],
            [
              101.865653,
              16.297236
            ],
            [
              101.862875,
              16.295847
            ],
            [
              101.859819,
              16.294736
            ],
            [
              101.859542,
              16.294736
            ]
          ]
        ]
      }
    },
    {
      "type": "Feature",
      "id": "catchment_5591",
      "properties": {
        "station_id": "5591",
        "station_name": "บ้านระหัด",
        "catchment_area_km2": 1108.91,
        "contributing_cells": 1167913
      },
      "geometry": {
        "type": "Polygon",
        "coordinates": [
          [
            [
              101.867875,
              16.24557
            ],
            [
              101.561208,
              16.367514
            ],
            [
              101.42843,
              16.433347
            ],
            [
              101.408153,
              16.499736
            ],
            [
              101.411486,
              16.572236
            ],
            [
              101.436208,
              16.636125
            ],
            [
              101.449819,
              16.647514
            ],
            [
              101.541764,
              16.690014
            ],
            [
              101.581486,
              16.706125
            ],
            [
              101.602875,
              16.701403
            ],
            [
              101.892597,
              16.373347
            ],
            [
              101.964542,
              16.291403
            ],
            [
              101.867875,
              16.24557
            ]
          ]
        ]
      }
    },
    {
      "type": "Feature",
      "id": "catchment_5598",
      "properties": {
        "station_id": "5598",
        "station_name": "บ้านโนนงิ้ว",
        "catchment_area_km2": 65.57,
        "contributing_cells": 69060
      },
      "geometry": {
        "type": "Polygon",
        "coordinates": [
          [
            [
              101.86843,
              16.126125
            ],
            [
              101.865097,
              16.127792
            ],
            [
              101.860097,
              16.132792
            ],
            [
              101.829264,
              16.174736
            ],
            [
              101.861208,
              16.224181
            ],
            [
              101.913153,
              16.231125
            ],
            [
              101.919264,
              16.225014
            ],
            [
              101.917042,
              16.208347
            ],
            [
              101.91343,
              16.191958
            ],
            [
              101.912319,
              16.190014
            ],
            [
              101.903708,
              16.176681
            ],
            [
              101.880097,
              16.142236
            ],
            [
              101.86843,
              16.126125
            ]
          ]
        ]
      }
    },
    {
      "type": "Feature",
      "id": "catchment_5597",
      "properties": {
        "station_id": "5597",
        "station_name": "บ้านโนนเขวา",
        "catchment_area_km2": 0.25,
        "contributing_cells": 266
      },
      "geometry": {
        "type": "Polygon",
        "coordinates": [
          [
            [
              101.858986,
              16.325847
            ],
            [
              101.85843,
              16.326403
            ],
            [
              101.857875,
              16.327236
            ],
            [
              101.857875,
              16.327792
            ],
            [
              101.858153,
              16.328347
            ],
            [
              101.859264,
              16.329736
            ],
            [
              101.859542,
              16.330014
            ],
            [
              101.862597,
              16.332514
            ],
            [
              101.863708,
              16.332514
            ],
            [
              101.864264,
              16.331681
            ],
            [
              101.864264,
              16.331125
            ],
            [
              101.863708,
              16.330292
            ],
            [
              101.862042,
              16.328625
            ],
            [
              101.861764,
              16.328347
            ],
            [
              101.858986,
              16.325847
            ]
          ]
        ]
      }
    },
    {
      "type": "Feature",
      "id": "catchment_2168",
      "properties": {
        "station_id": "2168",
        "station_name": "บ้านซับมงคล",
        "catchment_area_km2": 1.92,
        "contributing_cells": 2024
      },
      "geometry": {
        "type": "Polygon",
        "coordinates": [
          [
            [
              101.462597,
              15.827792
            ],
            [
              101.456208,
              15.829181
            ],
            [
              101.453986,
              15.829736
            ],
            [
              101.449264,
              15.831125
            ],
            [
              101.446486,
              15.832792
            ],
            [
              101.440375,
              15.840014
            ],
            [
              101.437319,
              15.845847
            ],
            [
              101.441486,
              15.845292
            ],
            [
              101.455097,
              15.837514
            ],
            [
              101.459264,
              15.833625
            ],
            [
              101.462597,
              15.827792
            ]
          ]
        ]
      }
    },
    {
      "type": "Feature",
      "id": "catchment_5693",
      "properties": {
        "station_id": "5693",
        "station_name": "บ้านวังอ้ายโพธิ์",
        "catchment_area_km2": 0.91,
        "contributing_cells": 960
      },
      "geometry": {
        "type": "Polygon",
        "coordinates": [
          [
            [
              101.458986,
              15.595014
            ],
            [
              101.454819,
              15.596958
            ],
            [
              101.454264,
              15.59807
            ],
            [
              101.454542,
              15.598903
            ],
            [
              101.459819,
              15.605847
            ],
            [
              101.462319,
              15.604736
            ],
            [
              101.464542,
              15.602236
            ],
            [
              101.465097,
              15.600292
            ],
            [
              101.465375,
              15.598903
            ],
            [
              101.463153,
              15.596958
            ],
            [
              101.458986,
              15.595014
            ]
          ]
        ]
      }
    },
    {
      "type": "Feature",
      "id": "catchment_2169",
      "properties": {
        "station_id": "2169",
        "station_name": "บ้านสะพานหิน",
        "catchment_area_km2": 16.1,
        "contributing_cells": 16953
      },
      "geometry": {
        "type": "Polygon",
        "coordinates": [
          [
            [
              101.432319,
              15.724736
            ],
            [
              101.429819,
              15.725014
            ],
            [
              101.411208,
              15.739181
            ],
            [
              101.408986,
              15.741958
            ],
            [
              101.418153,
              15.748347
            ],
            [
              101.425375,
              15.750847
            ],
            [
              101.435653,
              15.752514
            ],
            [
              101.464542,
              15.75557
            ],
            [
              101.47093,
              15.751681
            ],
            [
              101.471764,
              15.74807
            ],
            [
              101.463986,
              15.733625
            ],
            [
              101.454542,
              15.729458
            ],
            [
              101.44093,
              15.726403
            ],
            [
              101.432319,
              15.724736
            ]
          ]
        ]
      }
    },
    {
      "type": "Feature",
      "id": "catchment_5694",
      "properties": {
        "station_id": "5694",
        "station_name": "บ้านเทพพนา",
        "catchment_area_km2": 1.66,
        "contributing_cells": 1753
      },
      "geometry": {
        "type": "Polygon",
        "coordinates": [
          [
            [
              101.399264,
              15.673903
            ],
            [
              101.39843,
              15.674181
            ],
            [
              101.397042,
              15.675847
            ],
            [
              101.39593,
              15.677514
            ],
            [
              101.395653,
              15.678347
            ],
            [
              101.405375,
              15.682514
            ],
            [
              101.407042,
              15.68307
            ],
            [
              101.412597,
              15.68307
            ],
            [
              101.415097,
              15.681681
            ],
            [
              101.416764,
              15.680014
            ],
            [
              101.415375,
              15.678625
            ],
            [
              101.414542,
              15.67807
            ],
            [
              101.409264,
              15.675014
            ],
            [
              101.40593,
              15.674458
            ],
            [
              101.399264,
              15.673903
            ]
          ]
        ]
      }
    },
    {
      "type": "Feature",
      "id": "catchment_5691",
      "properties": {
        "station_id": "5691",
        "station_name": "บ้านโคกสะอาด",
        "catchment_area_km2": 60.91,
        "contributing_cells": 64150
      },
      "geometry": {
        "type": "Polygon",
        "coordinates": [
          [
            [
              101.427875,
              15.667792
            ],
            [
              101.40593,
              15.674736
            ],
            [
              101.395653,
              15.682792
            ],
            [
              101.40093,
              15.72557
            ],
            [
              101.41343,
              15.731403
            ],
            [
              101.451486,
              15.729458
            ],
            [
              101.476208,
              15.723625
            ],
            [
              101.480653,
              15.716681
            ],
            [
              101.480653,
              15.69557
            ],
            [
              101.472042,
              15.668625
            ],
            [
              101.427875,
              15.667792
            ]
          ]
        ]
      }
    },
    {
      "type": "Feature",
      "id": "catchment_3839",
      "properties": {
        "station_id": "3839",
        "station_name": "บ้านค่าย",
        "catchment_area_km2": 6422.74,
        "contributing_cells": 6764450
      },
      "geometry": {
        "type": "Polygon",
        "coordinates": [
          [
            [
              101.624819,
              15.353347
            ],
            [
              101.501486,
              15.361125
            ],
            [
              101.391764,
              15.489181
            ],
            [
              101.370375,
              15.751958
            ],
            [
              101.374819,
              16.276958
            ],
            [
              101.421764,
              16.400292
            ],
            [
              101.509542,
              16.479181
            ],
            [
              101.72843,
              16.39807
            ],
            [
              101.837597,
              16.257236
            ],
            [
              101.943986,
              16.045292
            ],
            [
              102.002875,
              15.68807
            ],
            [
              101.915375,
              15.45807
            ],
            [
              101.776486,
              15.401403
            ],
            [
              101.624819,
              15.353347
            ]
          ]
        ]
      }
    },
    {
      "type": "Feature",
      "id": "catchment_3878",
      "properties": {
        "station_id": "3878",
        "station_name": "บ้านตาดโตน",
        "catchment_area_km2": 397.01,
        "contributing_cells": 418128
      },
      "geometry": {
        "type": "Polygon",
        "coordinates": [
          [
            [
              102.032875,
              15.953903
            ],
            [
              101.970653,
              16.03307
            ],
            [
              101.965653,
              16.055292
            ],
            [
              101.998708,
              16.193903
            ],
            [
              102.02843,
              16.244181
            ],
            [
              102.105375,
              16.285292
            ],
            [
              102.142319,
              16.294458
            ],
            [
              102.148153,
              16.275292
            ],
            [
              102.091764,
              16.056125
            ],
            [
              102.062875,
              15.999181
            ],
            [
              102.032875,
              15.953903
            ]
          ]
        ]
      }
    },
    {
      "type": "Feature",
      "id": "catchment_5695",
      "properties": {
        "station_id": "5695",
        "station_name": "บ้านท่าหินโงม",
        "catchment_area_km2": 321.31,
        "contributing_cells": 338407
      },
      "geometry": {
        "type": "Polygon",
        "coordinates": [
          [
            [
              101.983986,
              16.02057
            ],
            [
              101.969264,
              16.029458
            ],
            [
              101.95093,
              16.058625
            ],
            [
              101.997597,
              16.192514
            ],
            [
              102.033153,
              16.240847
            ],
            [
              102.104819,
              16.284458
            ],
            [
              102.141486,
              16.295014
            ],
            [
              102.135653,
              16.247236
            ],
            [
              102.11093,
              16.139736
            ],
            [
              102.102319,
              16.107792
            ],
            [
              102.087597,
              16.073903
            ],
            [
              102.08343,
              16.066681
            ],
            [
              101.987319,
              16.021125
            ],
            [
              101.983986,
              16.02057
            ]
          ]
        ]
      }
    },
    {
      "type": "Feature",
      "id": "catchment_2165",
      "properties": {
        "station_id": "2165",
        "station_name": "บ้านลาดผักหนาม",
        "catchment_area_km2": 18.75,
        "contributing_cells": 19743
      },
      "geometry": {
        "type": "Polygon",
        "coordinates": [
          [
            [
              102.049264,
              16.133625
            ],
            [
              102.043986,
              16.135014
            ],
            [
              102.042319,
              16.137236
            ],
            [
              102.02843,
              16.161958
            ],
            [
              102.022597,
              16.178625
            ],
            [
              102.021764,
              16.182236
            ],
            [
              102.030097,
              16.18807
            ],
            [
              102.042319,
              16.196125
            ],
            [
              102.051208,
              16.182514
            ],
            [
              102.053986,
              16.174181
            ],
            [
              102.05843,
              16.155014
            ],
            [
              102.058986,
              16.151958
            ],
            [
              102.052875,
              16.134181
            ],
            [
              102.049264,
              16.133625
            ]
          ]
        ]
      }
    },
    {
      "type": "Feature",
      "id": "catchment_3850",
      "properties": {
        "station_id": "3850",
        "station_name": "บ้านแก่งโก",
        "catchment_area_km2": 9051.61,
        "contributing_cells": 9533192
      },
      "geometry": {
        "type": "Polygon",
        "coordinates": [
          [
            [
              101.882875,
              15.40807
            ],
            [
              101.552319,
              15.441125
            ],
            [
              101.387042,
              15.62307
            ],
            [
              101.375097,
              15.801958
            ],
            [
              101.389542,
              16.219181
            ],
            [
              101.440097,
              16.341125
            ],
            [
              101.508986,
              16.477792
            ],
            [
              102.103153,
              16.276958
            ],
            [
              102.277042,
              15.723625
            ],
            [
              102.258986,
              15.567792
            ],
            [
              102.176764,
              15.50807
            ],
            [
              101.882875,
              15.40807
            ]
          ]
        ]
      }
    },
    {
      "type": "Feature",
      "id": "catchment_1376",
      "properties": {
        "station_id": "1376",
        "station_name": "เมืองชัยภูมิ",
        "catchment_area_km2": 6422.74,
        "contributing_cells": 6764450
      },
      "geometry": {
        "type": "Polygon",
        "coordinates": [
          [
            [
              101.624819,
              15.353347
            ],
            [
              101.501486,
              15.361125
            ],
            [
              101.391764,
              15.489181
            ],
            [
              101.370375,
              15.751958
            ],
            [
              101.374819,
              16.276958
            ],
            [
              101.421764,
              16.400292
            ],
            [
              101.509542,
              16.479181
            ],
            [
              101.72843,
              16.39807
            ],
            [
              101.837597,
              16.257236
            ],
            [
              101.943986,
              16.045292
            ],
            [
              102.002875,
              15.68807
            ],
            [
              101.915375,
              15.45807
            ],
            [
              101.776486,
              15.401403
            ],
            [
              101.624819,
              15.353347
            ]
          ]
        ]
      }
    },
    {
      "type": "Feature",
      "id": "catchment_8824",
      "properties": {
        "station_id": "8824",
        "station_name": "บ้านเกิ้งพัฒนา*",
        "catchment_area_km2": 32393.79,
        "contributing_cells": 34117256
      },
      "geometry": {
        "type": "Polygon",
        "coordinates": [
          [
            [
              101.643986,
              15.41557
            ],
            [
              101.496208,
              15.462236
            ],
            [
              101.390653,
              15.584736
            ],
            [
              101.316486,
              16.193903
            ],
            [
              101.64093,
              16.846125
            ],
            [
              101.710653,
              16.984458
            ],
            [
              102.01593,
              17.456681
            ],
            [
              102.757319,
              17.074458
            ],
            [
              103.175653,
              16.804181
            ],
            [
              103.350653,
              16.219181
            ],
            [
              103.281764,
              16.161681
            ],
            [
              102.06093,
              15.417236
            ],
            [
              101.643986,
              15.41557
            ]
          ]
        ]
      }
    },
    {
      "type": "Feature",
      "id": "catchment_3905",
      "properties": {
        "station_id": "3905",
        "station_name": "บ้านดินดำ",
        "catchment_area_km2": 32192.78,
        "contributing_cells": 33905557
      },
      "geometry": {
        "type": "Polygon",
        "coordinates": [
          [
            [
              101.642319,
              15.409736
            ],
            [
              101.502875,
              15.429736
            ],
            [
              101.398986,
              16.13307
            ],
            [
              101.415097,
              16.479736
            ],
            [
              101.562597,
              16.778903
            ],
            [
              101.915653,
              16.934736
            ],
            [
              102.048708,
              16.967514
            ],
            [
              102.437597,
              17.026681
            ],
            [
              102.772597,
              17.077514
            ],
            [
              103.167597,
              16.788903
            ],
            [
              103.324542,
              16.022236
            ],
            [
              102.104819,
              15.455014
            ],
            [
              101.85843,
              15.427514
            ],
            [
              101.642319,
              15.409736
            ]
          ]
        ]
      }
    },
    {
      "type": "Feature",
      "id": "catchment_8823",
      "properties": {
        "station_id": "8823",
        "station_name": "บ้านหนองโน*",
        "catchment_area_km2": 31660.6,
        "contributing_cells": 33345060
      },
      "geometry": {
        "type": "Polygon",
        "coordinates": [
          [
            [
              101.423986,
              15.456681
            ],
            [
              101.316208,
              16.178347
            ],
            [
              101.67843,
              16.94307
            ],
            [
              101.972597,
              17.262236
            ],
            [
              102.287875,
              17.232792
            ],
            [
              103.157875,
              16.754736
            ],
            [
              103.157319,
              16.196125
            ],
            [
              103.058708,
              16.022514
            ],
            [
              102.018153,
              15.468625
            ],
            [
              101.80093,
              15.461681
            ],
            [
              101.423986,
              15.456681
            ]
          ]
        ]
      }
    },
    {
      "type": "Feature",
      "id": "catchment_1438",
      "properties": {
        "station_id": "1438",
        "station_name": "เมืองมหาสารคาม",
        "catchment_area_km2": 32192.78,
        "contributing_cells": 33905557
      },
      "geometry": {
        "type": "Polygon",
        "coordinates": [
          [
            [
              101.642319,
              15.409736
            ],
            [
              101.502875,
              15.429736
            ],
            [
              101.398986,
              16.13307
            ],
            [
              101.415097,
              16.479736
            ],
            [
              101.562597,
              16.778903
            ],
            [
              101.915653,
              16.934736
            ],
            [
              102.048708,
              16.967514
            ],
            [
              102.437597,
              17.026681
            ],
            [
              102.772597,
              17.077514
            ],
            [
              103.167597,
              16.788903
            ],
            [
              103.324542,
              16.022236
            ],
            [
              102.104819,
              15.455014
            ],
            [
              101.85843,
              15.427514
            ],
            [
              101.642319,
              15.409736
            ]
          ]
        ]
      }
    },
    {
      "type": "Feature",
      "id": "catchment_1441",
      "properties": {
        "station_id": "1441",
        "station_name": "ท้ายฝายมหาสารคาม",
        "catchment_area_km2": 29429.72,
        "contributing_cells": 30995486
      },
      "geometry": {
        "type": "Polygon",
        "coordinates": [
          [
            [
              101.798153,
              15.40307
            ],
            [
              101.514542,
              15.468625
            ],
            [
              101.357875,
              15.804736
            ],
            [
              101.35343,
              16.22557
            ],
            [
              101.429819,
              16.493625
            ],
            [
              101.741764,
              16.976681
            ],
            [
              102.019264,
              17.361125
            ],
            [
              102.454819,
              17.262236
            ],
            [
              103.023708,
              16.692236
            ],
            [
              102.94843,
              16.367514
            ],
            [
              102.831208,
              15.941958
            ],
            [
              102.215097,
              15.547514
            ],
            [
              101.798153,
              15.40307
            ]
          ]
        ]
      }
    },
    {
      "type": "Feature",
      "id": "catchment_3917",
      "properties": {
        "station_id": "3917",
        "station_name": "บ้านดอนขนวน",
        "catchment_area_km2": 29429.72,
        "contributing_cells": 30995486
      },
      "geometry": {
        "type": "Polygon",
        "coordinates": [
          [
            [
              101.798153,
              15.40307
            ],
            [
              101.514542,
              15.468625
            ],
            [
              101.357875,
              15.804736
            ],
            [
              101.35343,
              16.22557
            ],
            [
              101.429819,
              16.493625
            ],
            [
              101.741764,
              16.976681
            ],
            [
              102.019264,
              17.361125
            ],
            [
              102.454819,
              17.262236
            ],
            [
              103.023708,
              16.692236
            ],
            [
              102.94843,
              16.367514
            ],
            [
              102.831208,
              15.941958
            ],
            [
              102.215097,
              15.547514
            ],
            [
              101.798153,
              15.40307
            ]
          ]
        ]
      }
    },
    {
      "type": "Feature",
      "id": "catchment_1440",
      "properties": {
        "station_id": "1440",
        "station_name": "เหนือฝายมหาสารคาม",
        "catchment_area_km2": 29429.45,
        "contributing_cells": 30995206
      },
      "geometry": {
        "type": "Polygon",
        "coordinates": [
          [
            [
              101.764264,
              15.396403
            ],
            [
              101.366764,
              15.743625
            ],
            [
              101.332597,
              15.860014
            ],
            [
              101.394819,
              16.260292
            ],
            [
              101.505375,
              16.637236
            ],
            [
              102.020097,
              17.564458
            ],
            [
              102.700653,
              17.066958
            ],
            [
              102.974819,
              16.64807
            ],
            [
              102.948153,
              16.367792
            ],
            [
              102.833986,
              16.035292
            ],
            [
              102.453986,
              15.769458
            ],
            [
              102.098986,
              15.539181
            ],
            [
              101.764264,
              15.396403
            ]
          ]
        ]
      }
    },
    {
      "type": "Feature",
      "id": "catchment_4444",
      "properties": {
        "station_id": "4444",
        "station_name": "แม่น้ำชี ฝายมหาสารคาม",
        "catchment_area_km2": 29429.72,
        "contributing_cells": 30995486
      },
      "geometry": {
        "type": "Polygon",
        "coordinates": [
          [
            [
              101.798153,
              15.40307
            ],
            [
              101.514542,
              15.468625
            ],
            [
              101.357875,
              15.804736
            ],
            [
              101.35343,
              16.22557
            ],
            [
              101.429819,
              16.493625
            ],
            [
              101.741764,
              16.976681
            ],
            [
              102.019264,
              17.361125
            ],
            [
              102.454819,
              17.262236
            ],
            [
              103.023708,
              16.692236
            ],
            [
              102.94843,
              16.367514
            ],
            [
              102.831208,
              15.941958
            ],
            [
              102.215097,
              15.547514
            ],
            [
              101.798153,
              15.40307
            ]
          ]
        ]
      }
    },
    {
      "type": "Feature",
      "id": "catchment_3824",
      "properties": {
        "station_id": "3824",
        "station_name": "บ้านฟ้าหยาด",
        "catchment_area_km2": 49236.12,
        "contributing_cells": 51855659
      },
      "geometry": {
        "type": "Polygon",
        "coordinates": [
          [
            [
              102.105375,
              15.450847
            ],
            [
              101.380653,
              15.558347
            ],
            [
              101.354819,
              16.189181
            ],
            [
              101.437597,
              16.579736
            ],
            [
              101.542042,
              16.870847
            ],
            [
              101.952597,
              17.538625
            ],
            [
              102.007319,
              17.600847
            ],
            [
              103.648153,
              17.112792
            ],
            [
              103.894264,
              16.791681
            ],
            [
              104.219542,
              16.331125
            ],
            [
              104.251208,
              15.524458
            ],
            [
              102.105375,
              15.450847
            ]
          ]
        ]
      }
    },
    {
      "type": "Feature",
      "id": "catchment_7161",
      "properties": {
        "station_id": "7161",
        "station_name": "บ้านดอนยาง",
        "catchment_area_km2": 4190.67,
        "contributing_cells": 4413633
      },
      "geometry": {
        "type": "Polygon",
        "coordinates": [
          [
            [
              104.02593,
              15.85557
            ],
            [
              103.925653,
              16.070847
            ],
            [
              103.78593,
              16.551681
            ],
            [
              103.778708,
              16.680292
            ],
            [
              103.787875,
              16.705014
            ],
            [
              103.828986,
              16.800847
            ],
            [
              103.965653,
              16.801958
            ],
            [
              104.10093,
              16.774181
            ],
            [
              104.128153,
              16.762514
            ],
            [
              104.308986,
              16.442792
            ],
            [
              104.318153,
              16.347514
            ],
            [
              104.237319,
              16.081403
            ],
            [
              104.201486,
              16.032792
            ],
            [
              104.02593,
              15.85557
            ]
          ]
        ]
      }
    },
    {
      "type": "Feature",
      "id": "catchment_3617",
      "properties": {
        "station_id": "3617",
        "station_name": "ประปายโสธร",
        "catchment_area_km2": 48452.45,
        "contributing_cells": 51030298
      },
      "geometry": {
        "type": "Polygon",
        "coordinates": [
          [
            [
              101.464819,
              15.396958
            ],
            [
              101.361486,
              15.822792
            ],
            [
              101.569264,
              16.775014
            ],
            [
              102.010375,
              17.480014
            ],
            [
              103.500375,
              17.201958
            ],
            [
              104.207042,
              16.566958
            ],
            [
              104.135097,
              15.797792
            ],
            [
              103.835375,
              15.72807
            ],
            [
              101.464819,
              15.396958
            ]
          ]
        ]
      }
    },
    {
      "type": "Feature",
      "id": "catchment_3899",
      "properties": {
        "station_id": "3899",
        "station_name": "บ้านม่วงลาด",
        "catchment_area_km2": 3.63,
        "contributing_cells": 3819
      },
      "geometry": {
        "type": "Polygon",
        "coordinates": [
          [
            [
              103.53843,
              16.187236
            ],
            [
              103.528986,
              16.189181
            ],
            [
              103.520653,
              16.192236
            ],
            [
              103.519264,
              16.194181
            ],
            [
              103.52343,
              16.199458
            ],
            [
              103.534819,
              16.207514
            ],
            [
              103.535653,
              16.20807
            ],
            [
              103.539542,
              16.209736
            ],
            [
              103.540653,
              16.206403
            ],
            [
              103.539819,
              16.188625
            ],
            [
              103.53843,
              16.187236
            ]
          ]
        ]
      }
    },
    {
      "type": "Feature",
      "id": "catchment_3887",
      "properties": {
        "station_id": "3887",
        "station_name": "บ้านท่าสะแบง",
        "catchment_area_km2": 42599.92,
        "contributing_cells": 44866394
      },
      "geometry": {
        "type": "Polygon",
        "coordinates": [
          [
            [
              101.574819,
              15.447792
            ],
            [
              101.465653,
              15.458347
            ],
            [
              101.508986,
              16.478347
            ],
            [
              101.572319,
              16.670014
            ],
            [
              101.633986,
              16.849736
            ],
            [
              101.994819,
              17.561125
            ],
            [
              103.564819,
              17.146958
            ],
            [
              103.764264,
              16.865014
            ],
            [
              103.907042,
              16.032792
            ],
            [
              102.055097,
              15.511125
            ],
            [
              101.574819,
              15.447792
            ]
          ]
        ]
      }
    },
    {
      "type": "Feature",
      "id": "catchment_8551",
      "properties": {
        "station_id": "8551",
        "station_name": "บ้านธวัชดินแดง",
        "catchment_area_km2": 42510.53,
        "contributing_cells": 44772246
      },
      "geometry": {
        "type": "Polygon",
        "coordinates": [
          [
            [
              101.743153,
              15.506125
            ],
            [
              101.538708,
              15.55557
            ],
            [
              101.406208,
              16.033903
            ],
            [
              101.415375,
              16.193625
            ],
            [
              101.530375,
              16.732792
            ],
            [
              101.950097,
              17.517514
            ],
            [
              103.193153,
              17.211958
            ],
            [
              103.659819,
              16.932236
            ],
            [
              103.883708,
              16.312792
            ],
            [
              103.847875,
              16.116125
            ],
            [
              102.217875,
              15.577792
            ],
            [
              101.743153,
              15.506125
            ]
          ]
        ]
      }
    },
    {
      "type": "Feature",
      "id": "catchment_5893",
      "properties": {
        "station_id": "5893",
        "station_name": "บ้านดอนขยอม",
        "catchment_area_km2": 48509.82,
        "contributing_cells": 51090716
      },
      "geometry": {
        "type": "Polygon",
        "coordinates": [
          [
            [
              101.515097,
              15.386403
            ],
            [
              101.400097,
              15.663625
            ],
            [
              101.454542,
              16.560292
            ],
            [
              102.024264,
              17.568347
            ],
            [
              103.609264,
              17.098903
            ],
            [
              104.17593,
              16.614736
            ],
            [
              104.174819,
              16.263903
            ],
            [
              104.127319,
              15.72057
            ],
            [
              101.515097,
              15.386403
            ]
          ]
        ]
      }
    },
    {
      "type": "Feature",
      "id": "catchment_1455",
      "properties": {
        "station_id": "1455",
        "station_name": "ท้ายฝายร้อยเอ็ด",
        "catchment_area_km2": 42190.67,
        "contributing_cells": 44435362
      },
      "geometry": {
        "type": "Polygon",
        "coordinates": [
          [
            [
              101.48093,
              15.353347
            ],
            [
              101.445375,
              15.837514
            ],
            [
              101.441486,
              16.290847
            ],
            [
              101.51093,
              16.477236
            ],
            [
              101.956208,
              17.491403
            ],
            [
              102.03093,
              17.577514
            ],
            [
              103.062597,
              17.24057
            ],
            [
              103.77843,
              16.89057
            ],
            [
              103.79093,
              16.171681
            ],
            [
              101.999542,
              15.500292
            ],
            [
              101.48093,
              15.353347
            ]
          ]
        ]
      }
    },
    {
      "type": "Feature",
      "id": "catchment_1456",
      "properties": {
        "station_id": "1456",
        "station_name": "เหนือฝายร้อยเอ็ด",
        "catchment_area_km2": 42190.66,
        "contributing_cells": 44435352
      },
      "geometry": {
        "type": "Polygon",
        "coordinates": [
          [
            [
              101.477875,
              15.353347
            ],
            [
              101.445375,
              15.841125
            ],
            [
              101.443986,
              16.291958
            ],
            [
              101.509542,
              16.479736
            ],
            [
              101.956208,
              17.497236
            ],
            [
              102.034819,
              17.576958
            ],
            [
              103.069542,
              17.233625
            ],
            [
              103.779819,
              16.886958
            ],
            [
              103.790653,
              16.171958
            ],
            [
              102.023986,
              15.494736
            ],
            [
              101.477875,
              15.353347
            ]
          ]
        ]
      }
    },
    {
      "type": "Feature",
      "id": "catchment_3909",
      "properties": {
        "station_id": "3909",
        "station_name": "บ้านกุดก่วง",
        "catchment_area_km2": 2707.18,
        "contributing_cells": 2851207
      },
      "geometry": {
        "type": "Polygon",
        "coordinates": [
          [
            [
              104.244542,
              16.231125
            ],
            [
              104.004264,
              16.286958
            ],
            [
              103.797597,
              16.505292
            ],
            [
              103.831208,
              16.714736
            ],
            [
              103.854819,
              16.771403
            ],
            [
              103.868986,
              16.793903
            ],
            [
              104.055097,
              16.816125
            ],
            [
              104.082875,
              16.806958
            ],
            [
              104.159819,
              16.686681
            ],
            [
              104.181764,
              16.637792
            ],
            [
              104.243708,
              16.492792
            ],
            [
              104.283986,
              16.388903
            ],
            [
              104.307597,
              16.324736
            ],
            [
              104.244542,
              16.231125
            ]
          ]
        ]
      }
    },
    {
      "type": "Feature",
      "id": "catchment_268534",
      "properties": {
        "station_id": "268534",
        "station_name": "บ้านดงกลาง 2*",
        "catchment_area_km2": 2971.38,
        "contributing_cells": 3129465
      },
      "geometry": {
        "type": "Polygon",
        "coordinates": [
          [
            [
              103.992875,
              16.158625
            ],
            [
              103.947597,
              16.207792
            ],
            [
              103.784542,
              16.526958
            ],
            [
              103.743153,
              16.690292
            ],
            [
              103.812875,
              16.770847
            ],
            [
              103.998986,
              16.83057
            ],
            [
              104.064819,
              16.821125
            ],
            [
              104.143708,
              16.719736
            ],
            [
              104.272875,
              16.491958
            ],
            [
              104.302319,
              16.375292
            ],
            [
              104.242597,
              16.264181
            ],
            [
              103.992875,
              16.158625
            ]
          ]
        ]
      }
    },
    {
      "type": "Feature",
      "id": "catchment_3930",
      "properties": {
        "station_id": "3930",
        "station_name": "บ้านแก่งยาว",
        "catchment_area_km2": 1574.62,
        "contributing_cells": 1658396
      },
      "geometry": {
        "type": "Polygon",
        "coordinates": [
          [
            [
              104.032319,
              16.441403
            ],
            [
              103.989264,
              16.444458
            ],
            [
              103.919819,
              16.465847
            ],
            [
              103.82093,
              16.513903
            ],
            [
              103.785375,
              16.531681
            ],
            [
              103.76343,
              16.633347
            ],
            [
              103.771486,
              16.691681
            ],
            [
              103.85843,
              16.817792
            ],
            [
              104.010653,
              16.83057
            ],
            [
              104.082319,
              16.806403
            ],
            [
              104.163986,
              16.686681
            ],
            [
              104.177875,
              16.638347
            ],
            [
              104.161208,
              16.589736
            ],
            [
              104.096486,
              16.507514
            ],
            [
              104.032319,
              16.441403
            ]
          ]
        ]
      }
    },
    {
      "type": "Feature",
      "id": "catchment_8746",
      "properties": {
        "station_id": "8746",
        "station_name": "บ้านกุดแห่*",
        "catchment_area_km2": 78.73,
        "contributing_cells": 82919
      },
      "geometry": {
        "type": "Polygon",
        "coordinates": [
          [
            [
              102.187875,
              17.333347
            ],
            [
              102.175375,
              17.336403
            ],
            [
              102.146208,
              17.351125
            ],
            [
              102.096764,
              17.401403
            ],
            [
              102.078986,
              17.440847
            ],
            [
              102.13593,
              17.443625
            ],
            [
              102.174264,
              17.41807
            ],
            [
              102.183153,
              17.396958
            ],
            [
              102.187875,
              17.333347
            ]
          ]
        ]
      }
    },
    {
      "type": "Feature",
      "id": "catchment_8744",
      "properties": {
        "station_id": "8744",
        "station_name": "บ้านฝั่งแดง*",
        "catchment_area_km2": 863.24,
        "contributing_cells": 909167
      },
      "geometry": {
        "type": "Polygon",
        "coordinates": [
          [
            [
              102.02093,
              17.185847
            ],
            [
              101.96343,
              17.218903
            ],
            [
              101.956486,
              17.567236
            ],
            [
              101.974819,
              17.66307
            ],
            [
              102.029542,
              17.630847
            ],
            [
              102.181764,
              17.392792
            ],
            [
              102.229819,
              17.26307
            ],
            [
              102.02093,
              17.185847
            ]
          ]
        ]
      }
    },
    {
      "type": "Feature",
      "id": "catchment_4379",
      "properties": {
        "station_id": "4379",
        "station_name": "อ.นากลาง",
        "catchment_area_km2": 738.38,
        "contributing_cells": 777669
      },
      "geometry": {
        "type": "Polygon",
        "coordinates": [
          [
            [
              102.024264,
              17.188903
            ],
            [
              101.962319,
              17.22057
            ],
            [
              101.953986,
              17.228347
            ],
            [
              101.950097,
              17.499181
            ],
            [
              101.974542,
              17.662792
            ],
            [
              102.019819,
              17.61807
            ],
            [
              102.050097,
              17.587514
            ],
            [
              102.188153,
              17.302792
            ],
            [
              102.149264,
              17.262792
            ],
            [
              102.056486,
              17.201681
            ],
            [
              102.024264,
              17.188903
            ]
          ]
        ]
      }
    },
    {
      "type": "Feature",
      "id": "catchment_268756",
      "properties": {
        "station_id": "268756",
        "station_name": "บ้านวังสามหาบ",
        "catchment_area_km2": 448.91,
        "contributing_cells": 472796
      },
      "geometry": {
        "type": "Polygon",
        "coordinates": [
          [
            [
              102.007319,
              17.276403
            ],
            [
              101.978153,
              17.29057
            ],
            [
              101.943153,
              17.517236
            ],
            [
              101.94843,
              17.542514
            ],
            [
              101.974819,
              17.659458
            ],
            [
              102.033986,
              17.635292
            ],
            [
              102.036486,
              17.63057
            ],
            [
              102.063986,
              17.542236
            ],
            [
              102.109264,
              17.308625
            ],
            [
              102.007319,
              17.276403
            ]
          ]
        ]
      }
    },
    {
      "type": "Feature",
      "id": "catchment_268816",
      "properties": {
        "station_id": "268816",
        "station_name": "อ่างเก็บน้ำห้วยลาดกั่ว",
        "catchment_area_km2": 12.18,
        "contributing_cells": 12831
      },
      "geometry": {
        "type": "Polygon",
        "coordinates": [
          [
            [
              102.075653,
              17.401681
            ],
            [
              102.060097,
              17.42057
            ],
            [
              102.050097,
              17.435014
            ],
            [
              102.049264,
              17.443625
            ],
            [
              102.052042,
              17.446403
            ],
            [
              102.067042,
              17.449736
            ],
            [
              102.077597,
              17.437514
            ],
            [
              102.08843,
              17.416125
            ],
            [
              102.08843,
              17.412792
            ],
            [
              102.075653,
              17.401681
            ]
          ]
        ]
      }
    },
    {
      "type": "Feature",
      "id": "catchment_4429",
      "properties": {
        "station_id": "4429",
        "station_name": "อ.ศรีบุญเรือง",
        "catchment_area_km2": 3229.47,
        "contributing_cells": 3401286
      },
      "geometry": {
        "type": "Polygon",
        "coordinates": [
          [
            [
              102.081486,
              16.630292
            ],
            [
              101.713708,
              16.741958
            ],
            [
              101.690375,
              16.759458
            ],
            [
              101.600653,
              16.852514
            ],
            [
              101.604819,
              16.936958
            ],
            [
              101.615097,
              16.94807
            ],
            [
              101.987319,
              17.189181
            ],
            [
              102.150097,
              17.183903
            ],
            [
              102.251764,
              17.120014
            ],
            [
              102.314542,
              16.987236
            ],
            [
              102.306208,
              16.881681
            ],
            [
              102.193153,
              16.67807
            ],
            [
              102.163708,
              16.640847
            ],
            [
              102.108708,
              16.631681
            ],
            [
              102.081486,
              16.630292
            ]
          ]
        ]
      }
    },
    {
      "type": "Feature",
      "id": "catchment_268817",
      "properties": {
        "station_id": "268817",
        "station_name": "อ่างเก็บน้ำห้วยซับม่วง",
        "catchment_area_km2": 14.91,
        "contributing_cells": 15704
      },
      "geometry": {
        "type": "Polygon",
        "coordinates": [
          [
            [
              102.090653,
              17.142792
            ],
            [
              102.058708,
              17.170847
            ],
            [
              102.056764,
              17.173903
            ],
            [
              102.055653,
              17.179736
            ],
            [
              102.068708,
              17.192514
            ],
            [
              102.076486,
              17.192792
            ],
            [
              102.085653,
              17.191958
            ],
            [
              102.094542,
              17.167236
            ],
            [
              102.098708,
              17.146403
            ],
            [
              102.090653,
              17.142792
            ]
          ]
        ]
      }
    },
    {
      "type": "Feature",
      "id": "catchment_4043",
      "properties": {
        "station_id": "4043",
        "station_name": "บ้านข้องโป้",
        "catchment_area_km2": 1460.62,
        "contributing_cells": 1538329
      },
      "geometry": {
        "type": "Polygon",
        "coordinates": [
          [
            [
              102.449264,
              17.080847
            ],
            [
              101.998986,
              17.200847
            ],
            [
              101.983986,
              17.261125
            ],
            [
              101.973986,
              17.529736
            ],
            [
              101.973708,
              17.661681
            ],
            [
              102.032042,
              17.617514
            ],
            [
              102.44593,
              17.264736
            ],
            [
              102.479542,
              17.228625
            ],
            [
              102.492875,
              17.158903
            ],
            [
              102.479542,
              17.13307
            ],
            [
              102.449264,
              17.080847
            ]
          ]
        ]
      }
    },
    {
      "type": "Feature",
      "id": "catchment_268757",
      "properties": {
        "station_id": "268757",
        "station_name": "บ้านวังหมื่น",
        "catchment_area_km2": 1357.19,
        "contributing_cells": 1429395
      },
      "geometry": {
        "type": "Polygon",
        "coordinates": [
          [
            [
              102.339264,
              17.158625
            ],
            [
              102.281764,
              17.16307
            ],
            [
              102.001208,
              17.201681
            ],
            [
              101.966208,
              17.22057
            ],
            [
              101.951486,
              17.247514
            ],
            [
              101.949264,
              17.485292
            ],
            [
              101.957875,
              17.57057
            ],
            [
              101.974542,
              17.660847
            ],
            [
              102.028708,
              17.621125
            ],
            [
              102.427597,
              17.277514
            ],
            [
              102.435375,
              17.241403
            ],
            [
              102.436208,
              17.186403
            ],
            [
              102.400653,
              17.165014
            ],
            [
              102.339264,
              17.158625
            ]
          ]
        ]
      }
    },
    {
      "type": "Feature",
      "id": "catchment_4428",
      "properties": {
        "station_id": "4428",
        "station_name": "ลำพะเนียง อ.เมือง",
        "catchment_area_km2": 1357.19,
        "contributing_cells": 1429395
      },
      "geometry": {
        "type": "Polygon",
        "coordinates": [
          [
            [
              102.339264,
              17.158625
            ],
            [
              102.281764,
              17.16307
            ],
            [
              102.001208,
              17.201681
            ],
            [
              101.966208,
              17.22057
            ],
            [
              101.951486,
              17.247514
            ],
            [
              101.949264,
              17.485292
            ],
            [
              101.957875,
              17.57057
            ],
            [
              101.974542,
              17.660847
            ],
            [
              102.028708,
              17.621125
            ],
            [
              102.427597,
              17.277514
            ],
            [
              102.435375,
              17.241403
            ],
            [
              102.436208,
              17.186403
            ],
            [
              102.400653,
              17.165014
            ],
            [
              102.339264,
              17.158625
            ]
          ]
        ]
      }
    },
    {
      "type": "Feature",
      "id": "catchment_1352",
      "properties": {
        "station_id": "1352",
        "station_name": "ท้ายฝายธาตุน้อย",
        "catchment_area_km2": 50069.23,
        "contributing_cells": 52733091
      },
      "geometry": {
        "type": "Polygon",
        "coordinates": [
          [
            [
              104.458153,
              15.312514
            ],
            [
              101.663153,
              15.391681
            ],
            [
              101.471764,
              15.732236
            ],
            [
              101.494819,
              16.566681
            ],
            [
              101.600097,
              16.765014
            ],
            [
              101.96843,
              17.45307
            ],
            [
              102.019264,
              17.508347
            ],
            [
              103.41593,
              17.156403
            ],
            [
              104.039264,
              16.642792
            ],
            [
              104.234264,
              16.251958
            ],
            [
              104.458153,
              15.312514
            ]
          ]
        ]
      }
    },
    {
      "type": "Feature",
      "id": "catchment_8987",
      "properties": {
        "station_id": "8987",
        "station_name": "บ้านท่าศาลา*",
        "catchment_area_km2": 50823.23,
        "contributing_cells": 53527214
      },
      "geometry": {
        "type": "Polygon",
        "coordinates": [
          [
            [
              104.644542,
              15.264181
            ],
            [
              101.436764,
              15.513625
            ],
            [
              101.411764,
              15.855847
            ],
            [
              101.510097,
              16.478347
            ],
            [
              101.583153,
              16.710847
            ],
            [
              101.940097,
              17.137792
            ],
            [
              102.096208,
              17.26307
            ],
            [
              103.020375,
              17.153347
            ],
            [
              103.445097,
              17.097792
            ],
            [
              103.822597,
              16.851125
            ],
            [
              104.256764,
              16.45557
            ],
            [
              104.644542,
              15.264181
            ]
          ]
        ]
      }
    },
    {
      "type": "Feature",
      "id": "catchment_268623",
      "properties": {
        "station_id": "268623",
        "station_name": "บ้านธาตุน้อย*",
        "catchment_area_km2": 50062.92,
        "contributing_cells": 52726453
      },
      "geometry": {
        "type": "Polygon",
        "coordinates": [
          [
            [
              104.438153,
              15.31057
            ],
            [
              101.42593,
              15.620014
            ],
            [
              101.42843,
              15.922236
            ],
            [
              101.458708,
              16.559736
            ],
            [
              101.544542,
              16.786958
            ],
            [
              102.104819,
              17.323625
            ],
            [
              103.428153,
              17.186125
            ],
            [
              104.12843,
              16.71307
            ],
            [
              104.237597,
              16.437514
            ],
            [
              104.438153,
              15.31057
            ]
          ]
        ]
      }
    },
    {
      "type": "Feature",
      "id": "catchment_5795",
      "properties": {
        "station_id": "5795",
        "station_name": "บ้านเขื่องใน",
        "catchment_area_km2": 50176.75,
        "contributing_cells": 52846337
      },
      "geometry": {
        "type": "Polygon",
        "coordinates": [
          [
            [
              104.501208,
              15.301403
            ],
            [
              101.659819,
              15.394181
            ],
            [
              101.536208,
              15.410292
            ],
            [
              101.438708,
              15.539736
            ],
            [
              101.36843,
              15.810292
            ],
            [
              101.471208,
              16.556681
            ],
            [
              101.977597,
              17.495292
            ],
            [
              103.505375,
              17.188903
            ],
            [
              103.988986,
              16.82557
            ],
            [
              104.105097,
              16.536681
            ],
            [
              104.501208,
              15.301403
            ]
          ]
        ]
      }
    },
    {
      "type": "Feature",
      "id": "catchment_1349",
      "properties": {
        "station_id": "1349",
        "station_name": "เขื่องใน",
        "catchment_area_km2": 50207.85,
        "contributing_cells": 52879085
      },
      "geometry": {
        "type": "Polygon",
        "coordinates": [
          [
            [
              104.548153,
              15.321681
            ],
            [
              101.596208,
              15.420292
            ],
            [
              101.377597,
              15.516125
            ],
            [
              101.411486,
              16.050847
            ],
            [
              101.512042,
              16.476681
            ],
            [
              102.01593,
              17.392236
            ],
            [
              103.000097,
              17.180292
            ],
            [
              103.335375,
              17.084458
            ],
            [
              103.559819,
              16.979458
            ],
            [
              104.164819,
              16.60057
            ],
            [
              104.548153,
              15.321681
            ]
          ]
        ]
      }
    },
    {
      "type": "Feature",
      "id": "catchment_1351",
      "properties": {
        "station_id": "1351",
        "station_name": "เหนือฝายธาตุน้อย",
        "catchment_area_km2": 50069.19,
        "contributing_cells": 52733052
      },
      "geometry": {
        "type": "Polygon",
        "coordinates": [
          [
            [
              104.457319,
              15.312236
            ],
            [
              101.873986,
              15.420847
            ],
            [
              101.671208,
              15.470292
            ],
            [
              101.472597,
              15.745292
            ],
            [
              101.493708,
              16.555014
            ],
            [
              101.521208,
              16.857236
            ],
            [
              101.98343,
              17.464181
            ],
            [
              102.032042,
              17.501403
            ],
            [
              103.412875,
              17.146681
            ],
            [
              103.808153,
              16.74557
            ],
            [
              104.177319,
              16.241958
            ],
            [
              104.457319,
              15.312236
            ]
          ]
        ]
      }
    },
    {
      "type": "Feature",
      "id": "catchment_5649",
      "properties": {
        "station_id": "5649",
        "station_name": "บ้านซำม่วง",
        "catchment_area_km2": 0.26,
        "contributing_cells": 273
      },
      "geometry": {
        "type": "Polygon",
        "coordinates": [
          [
            [
              101.586208,
              16.91807
            ],
            [
              101.58593,
              16.918347
            ],
            [
              101.585097,
              16.919736
            ],
            [
              101.584264,
              16.921681
            ],
            [
              101.584819,
              16.922514
            ],
            [
              101.586208,
              16.923347
            ],
            [
              101.587597,
              16.923347
            ],
            [
              101.588153,
              16.92307
            ],
            [
              101.589819,
              16.921403
            ],
            [
              101.590097,
              16.920847
            ],
            [
              101.589819,
              16.92057
            ],
            [
              101.587319,
              16.918625
            ],
            [
              101.586486,
              16.91807
            ],
            [
              101.586208,
              16.91807
            ]
          ]
        ]
      }
    },
    {
      "type": "Feature",
      "id": "catchment_5627",
      "properties": {
        "station_id": "5627",
        "station_name": "บ้านฟองใต้",
        "catchment_area_km2": 354.25,
        "contributing_cells": 373094
      },
      "geometry": {
        "type": "Polygon",
        "coordinates": [
          [
            [
              101.606208,
              16.81807
            ],
            [
              101.595653,
              16.826403
            ],
            [
              101.567042,
              16.857792
            ],
            [
              101.548153,
              16.941958
            ],
            [
              101.707597,
              16.985292
            ],
            [
              101.72593,
              16.989458
            ],
            [
              101.742042,
              16.972792
            ],
            [
              101.782319,
              16.916681
            ],
            [
              101.795375,
              16.868347
            ],
            [
              101.653708,
              16.823347
            ],
            [
              101.606208,
              16.81807
            ]
          ]
        ]
      }
    },
    {
      "type": "Feature",
      "id": "catchment_5647",
      "properties": {
        "station_id": "5647",
        "station_name": "บ้านห้วยหินลับ",
        "catchment_area_km2": 14.45,
        "contributing_cells": 15221
      },
      "geometry": {
        "type": "Polygon",
        "coordinates": [
          [
            [
              101.623708,
              16.868625
            ],
            [
              101.595097,
              16.883903
            ],
            [
              101.590097,
              16.90307
            ],
            [
              101.589819,
              16.908903
            ],
            [
              101.593986,
              16.910847
            ],
            [
              101.599819,
              16.909736
            ],
            [
              101.616208,
              16.90557
            ],
            [
              101.63843,
              16.875847
            ],
            [
              101.63593,
              16.87307
            ],
            [
              101.628986,
              16.870014
            ],
            [
              101.623708,
              16.868625
            ]
          ]
        ]
      }
    },
    {
      "type": "Feature",
      "id": "catchment_4378",
      "properties": {
        "station_id": "4378",
        "station_name": "น้ำพวย อ.ผาขาว",
        "catchment_area_km2": 357.34,
        "contributing_cells": 376352
      },
      "geometry": {
        "type": "Polygon",
        "coordinates": [
          [
            [
              101.970097,
              16.96307
            ],
            [
              101.877042,
              16.992236
            ],
            [
              101.839542,
              17.025292
            ],
            [
              101.863708,
              17.077514
            ],
            [
              101.890375,
              17.10807
            ],
            [
              101.949542,
              17.156403
            ],
            [
              101.992597,
              17.14057
            ],
            [
              102.093708,
              17.038625
            ],
            [
              101.970097,
              16.96307
            ]
          ]
        ]
      }
    },
    {
      "type": "Feature",
      "id": "catchment_4437",
      "properties": {
        "station_id": "4437",
        "station_name": "น้ำพอง บ้านผานกเค้า (E.29)",
        "catchment_area_km2": 976.36,
        "contributing_cells": 1028302
      },
      "geometry": {
        "type": "Polygon",
        "coordinates": [
          [
            [
              101.725653,
              16.730014
            ],
            [
              101.65093,
              16.789458
            ],
            [
              101.613708,
              16.825014
            ],
            [
              101.570375,
              16.895847
            ],
            [
              101.56843,
              16.923903
            ],
            [
              101.583708,
              16.939736
            ],
            [
              101.797875,
              17.031681
            ],
            [
              101.868986,
              16.977514
            ],
            [
              101.882597,
              16.960847
            ],
            [
              101.943986,
              16.848903
            ],
            [
              101.939264,
              16.812514
            ],
            [
              101.725653,
              16.730014
            ]
          ]
        ]
      }
    },
    {
      "type": "Feature",
      "id": "catchment_2238",
      "properties": {
        "station_id": "2238",
        "station_name": "บ้านนาแปน*",
        "catchment_area_km2": 197.64,
        "contributing_cells": 208154
      },
      "geometry": {
        "type": "Polygon",
        "coordinates": [
          [
            [
              101.802875,
              16.88557
            ],
            [
              101.760097,
              16.946403
            ],
            [
              101.737042,
              16.986403
            ],
            [
              101.733153,
              17.005847
            ],
            [
              101.735375,
              17.021125
            ],
            [
              101.760375,
              17.029458
            ],
            [
              101.785097,
              17.036958
            ],
            [
              101.837042,
              17.026403
            ],
            [
              101.863708,
              16.990292
            ],
            [
              101.873153,
              16.96307
            ],
            [
              101.882597,
              16.934181
            ],
            [
              101.884264,
              16.928347
            ],
            [
              101.883153,
              16.916403
            ],
            [
              101.861208,
              16.905847
            ],
            [
              101.802875,
              16.88557
            ]
          ]
        ]
      }
    },
    {
      "type": "Feature",
      "id": "catchment_8825",
      "properties": {
        "station_id": "8825",
        "station_name": "บ้านน้ำพอง*",
        "catchment_area_km2": 578.43,
        "contributing_cells": 609204
      },
      "geometry": {
        "type": "Polygon",
        "coordinates": [
          [
            [
              101.719264,
              16.740292
            ],
            [
              101.575653,
              16.832236
            ],
            [
              101.555097,
              16.895847
            ],
            [
              101.563986,
              16.935847
            ],
            [
              101.710375,
              16.99057
            ],
            [
              101.721764,
              16.98807
            ],
            [
              101.792597,
              16.901681
            ],
            [
              101.848986,
              16.829181
            ],
            [
              101.84843,
              16.808625
            ],
            [
              101.818153,
              16.781958
            ],
            [
              101.719264,
              16.740292
            ]
          ]
        ]
      }
    },
    {
      "type": "Feature",
      "id": "catchment_5849",
      "properties": {
        "station_id": "5849",
        "station_name": "บ้านผานกเค้า",
        "catchment_area_km2": 976.36,
        "contributing_cells": 1028306
      },
      "geometry": {
        "type": "Polygon",
        "coordinates": [
          [
            [
              101.738708,
              16.731403
            ],
            [
              101.670653,
              16.771125
            ],
            [
              101.65093,
              16.787514
            ],
            [
              101.605375,
              16.831125
            ],
            [
              101.570375,
              16.893903
            ],
            [
              101.568153,
              16.922514
            ],
            [
              101.582597,
              16.939736
            ],
            [
              101.613986,
              16.96557
            ],
            [
              101.796486,
              17.032236
            ],
            [
              101.867875,
              16.977514
            ],
            [
              101.882875,
              16.959458
            ],
            [
              101.943986,
              16.849181
            ],
            [
              101.940375,
              16.812514
            ],
            [
              101.738708,
              16.731403
            ]
          ]
        ]
      }
    },
    {
      "type": "Feature",
      "id": "catchment_2237",
      "properties": {
        "station_id": "2237",
        "station_name": "บ้านวังยาง",
        "catchment_area_km2": 34.91,
        "contributing_cells": 36763
      },
      "geometry": {
        "type": "Polygon",
        "coordinates": [
          [
            [
              101.775375,
              16.975847
            ],
            [
              101.739819,
              16.981403
            ],
            [
              101.732042,
              17.007236
            ],
            [
              101.734264,
              17.018625
            ],
            [
              101.756764,
              17.032792
            ],
            [
              101.779542,
              17.042236
            ],
            [
              101.782597,
              17.035014
            ],
            [
              101.78843,
              17.003347
            ],
            [
              101.779264,
              16.979181
            ],
            [
              101.775375,
              16.975847
            ]
          ]
        ]
      }
    },
    {
      "type": "Feature",
      "id": "catchment_10074",
      "properties": {
        "station_id": "10074",
        "station_name": "บ้านอีเลิศ",
        "catchment_area_km2": 150.02,
        "contributing_cells": 158005
      },
      "geometry": {
        "type": "Polygon",
        "coordinates": [
          [
            [
              101.79593,
              16.924736
            ],
            [
              101.782597,
              16.925014
            ],
            [
              101.757597,
              16.930847
            ],
            [
              101.754264,
              16.934458
            ],
            [
              101.734819,
              16.994458
            ],
            [
              101.739264,
              17.000847
            ],
            [
              101.761764,
              17.029181
            ],
            [
              101.779819,
              17.044458
            ],
            [
              101.841764,
              17.021125
            ],
            [
              101.85593,
              17.009181
            ],
            [
              101.868986,
              16.99057
            ],
            [
              101.869819,
              16.984181
            ],
            [
              101.867875,
              16.978625
            ],
            [
              101.848153,
              16.941125
            ],
            [
              101.842597,
              16.933347
            ],
            [
              101.79593,
              16.924736
            ]
          ]
        ]
      }
    },
    {
      "type": "Feature",
      "id": "catchment_4358",
      "properties": {
        "station_id": "4358",
        "station_name": "ยอดภูกระดึง",
        "catchment_area_km2": 4.49,
        "contributing_cells": 4732
      },
      "geometry": {
        "type": "Polygon",
        "coordinates": [
          [
            [
              101.77843,
              16.865292
            ],
            [
              101.774542,
              16.868903
            ],
            [
              101.771486,
              16.871958
            ],
            [
              101.766764,
              16.881681
            ],
            [
              101.76843,
              16.884181
            ],
            [
              101.775375,
              16.886125
            ],
            [
              101.78093,
              16.887236
            ],
            [
              101.784264,
              16.881958
            ],
            [
              101.792042,
              16.866681
            ],
            [
              101.785097,
              16.865292
            ],
            [
              101.77843,
              16.865292
            ]
          ]
        ]
      }
    }
  ]
}