station_code,measure_datetime,water_level,quality_flag
TBW009,2023-10-01 00:00:00,323.7,
TBW009,2023-10-01 00:10:00,323.7,
TBW009,2023-10-01 00:20:00,323.7,
TBW009,2023-10-01 00:30:00,323.7,
TBW009,2023-10-01 00:40:00,323.7,
TBW009,2023-10-01 00:50:00,323.7,
TBW009,2023-10-01 01:00:00,323.7,
TBW009,2023-10-01 01:10:00,323.7,
TBW009,2023-10-01 01:20:00,323.7,
TBW009,2023-10-01 01:30:00,323.7,
TBW009,2023-10-01 01:40:00,323.7,
TBW009,2023-10-01 01:50:00,323.7,
TBW009,2023-10-01 02:00:00,323.7,
TBW009,2023-10-01 02:10:00,323.7,
TBW009,2023-10-01 02:20:00,323.7,
TBW009,2023-10-01 02:30:00,323.7,
TBW009,2023-10-01 02:40:00,323.7,
TBW009,2023-10-01 02:50:00,323.7,
TBW009,2023-10-01 03:00:00,323.7,
TBW009,2023-10-01 03:10:00,323.7,
TBW009,2023-10-01 03:20:00,323.7,
TBW009,2023-10-01 03:30:00,323.7,
TBW009,2023-10-01 03:40:00,323.7,
TBW009,2023-10-01 03:50:00,323.7,
TBW009,2023-10-01 04:00:00,323.7,
TBW009,2023-10-01 04:10:00,323.7,
TBW009,2023-10-01 04:20:00,323.7,
TBW009,2023-10-01 04:30:00,323.7,
TBW009,2023-10-01 04:40:00,323.7,
TBW009,2023-10-01 04:50:00,323.7,
TBW009,2023-10-01 05:00:00,323.7,
TBW009,2023-10-01 05:10:00,323.7,
TBW009,2023-10-01 05:20:00,323.7,
TBW009,2023-10-01 05:30:00,323.7,
TBW009,2023-10-01 05:40:00,-,
TBW009,2023-10-01 05:50:00,323.7,
TBW009,2023-10-01 06:00:00,323.7,
TBW009,2023-10-01 06:10:00,323.7,
TBW009,2023-10-01 06:20:00,323.7,
TBW009,2023-10-01 06:30:00,323.7,
TBW009,2023-10-01 06:40:00,323.7,
TBW009,2023-10-01 06:50:00,323.7,
TBW009,2023-10-01 07:00:00,323.7,
TBW009,2023-10-01 07:10:00,323.7,
TBW009,2023-10-01 07:20:00,323.7,
TBW009,2023-10-01 07:30:00,323.7,
TBW009,2023-10-01 07:40:00,323.7,
TBW009,2023-10-01 07:50:00,323.7,
TBW009,2023-10-01 08:00:00,323.7,
TBW009,2023-10-01 08:10:00,323.7,
TBW009,2023-10-01 08:20:00,323.7,
TBW009,2023-10-01 08:30:00,323.7,
TBW009,2023-10-01 08:40:00,323.7,
TBW009,2023-10-01 08:50:00,323.7,
TBW009,2023-10-01 09:00:00,323.7,
TBW009,2023-10-01 09:10:00,323.7,
TBW009,2023-10-01 09:20:00,323.7,
TBW009,2023-10-01 09:30:00,323.7,
TBW009,2023-10-01 09:40:00,323.7,
TBW009,2023-10-01 09:50:00,323.7,
TBW009,2023-10-01 10:00:00,323.7,
TBW009,2023-10-01 10:10:00,323.7,
TBW009,2023-10-01 10:20:00,323.7,
TBW009,2023-10-01 10:30:00,323.7,
TBW009,2023-10-01 10:40:00,323.7,
TBW009,2023-10-01 10:50:00,323.7,
TBW009,2023-10-01 11:00:00,323.7,
TBW009,2023-10-01 11:10:00,323.7,
TBW009,2023-10-01 11:20:00,323.7,
TBW009,2023-10-01 11:30:00,323.7,
TBW009,2023-10-01 11:40:00,323.7,
TBW009,2023-10-01 11:50:00,323.7,
TBW009,2023-10-01 12:00:00,323.7,
TBW009,2023-10-01 12:10:00,323.7,
TBW009,2023-10-01 12:20:00,323.69,
TBW009,2023-10-01 12:30:00,323.69,
TBW009,2023-10-01 12:40:00,323.69,
TBW009,2023-10-01 12:50:00,323.69,
TBW009,2023-10-01 13:00:00,323.7,
TBW009,2023-10-01 13:10:00,323.7,
TBW009,2023-10-01 13:20:00,323.69,
TBW009,2023-10-01 13:30:00,323.69,
TBW009,2023-10-01 13:40:00,323.69,
TBW009,2023-10-01 13:50:00,323.69,
TBW009,2023-10-01 14:00:00,323.7,
TBW009,2023-10-01 14:10:00,323.69,
TBW009,2023-10-01 14:20:00,323.7,
TBW009,2023-10-01 14:30:00,323.7,
TBW009,2023-10-01 14:40:00,323.7,
TBW009,2023-10-01 14:50:00,323.7,
TBW009,2023-10-01 15:00:00,323.7,
TBW009,2023-10-01 15:10:00,323.7,
TBW009,2023-10-01 15:20:00,323.7,
TBW009,2023-10-01 15:30:00,323.7,
TBW009,2023-10-01 15:40:00,323.7,
TBW009,2023-10-01 15:50:00,323.7,
TBW009,2023-10-01 16:00:00,323.7,
TBW009,2023-10-01 16:10:00,323.7,
TBW009,2023-10-01 16:20:00,323.7,
TBW009,2023-10-01 16:30:00,323.7,
TBW009,2023-10-01 16:40:00,323.7,
TBW009,2023-10-01 16:50:00,323.7,
TBW009,2023-10-01 17:00:00,323.7,
TBW009,2023-10-01 17:10:00,323.7,
TBW009,2023-10-01 17:20:00,323.7,
TBW009,2023-10-01 17:30:00,323.7,
TBW009,2023-10-01 17:40:00,323.7,
TBW009,2023-10-01 17:50:00,323.7,
TBW009,2023-10-01 18:00:00,323.7,
TBW009,2023-10-01 18:10:00,-,
TBW009,2023-10-01 18:20:00,323.7,
TBW009,2023-10-01 18:30:00,323.7,
TBW009,2023-10-01 18:40:00,323.7,
TBW009,2023-10-01 18:50:00,323.7,
TBW009,2023-10-01 19:00:00,323.7,
TBW009,2023-10-01 19:10:00,323.7,
TBW009,2023-10-01 19:20:00,323.7,
TBW009,2023-10-01 19:30:00,323.7,
TBW009,2023-10-01 19:40:00,323.7,
TBW009,2023-10-01 19:50:00,323.7,
TBW009,2023-10-01 20:00:00,323.7,
TBW009,2023-10-01 20:10:00,323.7,
TBW009,2023-10-01 20:20:00,323.7,
TBW009,2023-10-01 20:30:00,323.7,
TBW009,2023-10-01 20:40:00,323.7,
TBW009,2023-10-01 20:50:00,323.7,
TBW009,2023-10-01 21:00:00,323.7,
TBW009,2023-10-01 21:10:00,323.7,
TBW009,2023-10-01 21:20:00,323.7,
TBW009,2023-10-01 21:30:00,323.7,
TBW009,2023-10-01 21:40:00,323.7,
TBW009,2023-10-01 21:50:00,323.7,
TBW009,2023-10-01 22:00:00,323.7,
TBW009,2023-10-01 22:10:00,323.7,
TBW009,2023-10-01 22:20:00,323.7,
TBW009,2023-10-01 22:30:00,323.7,
TBW009,2023-10-01 22:40:00,323.7,
TBW009,2023-10-01 22:50:00,323.7,
TBW009,2023-10-01 23:00:00,323.7,
TBW009,2023-10-01 23:10:00,323.7,
TBW009,2023-10-01 23:20:00,323.7,
TBW009,2023-10-01 23:30:00,323.7,
TBW009,2023-10-01 23:40:00,323.7,
TBW009,2023-10-01 23:50:00,323.7,
TBW009,2023-10-02 00:00:00,323.7,
TBW009,2023-10-02 00:10:00,323.7,
TBW009,2023-10-02 00:20:00,323.7,
TBW009,2023-10-02 00:30:00,323.7,
TBW009,2023-10-02 00:40:00,323.7,
TBW009,2023-10-02 00:50:00,323.7,
TBW009,2023-10-02 01:00:00,323.7,
TBW009,2023-10-02 01:10:00,323.7,
TBW009,2023-10-02 01:20:00,323.7,
TBW009,2023-10-02 01:30:00,323.7,
TBW009,2023-10-02 01:40:00,323.7,
TBW009,2023-10-02 01:50:00,323.7,
TBW009,2023-10-02 02:00:00,323.7,
TBW009,2023-10-02 02:10:00,323.7,
TBW009,2023-10-02 02:20:00,323.7,
TBW009,2023-10-02 02:30:00,323.7,
TBW009,2023-10-02 02:40:00,323.7,
TBW009,2023-10-02 02:50:00,323.7,
TBW009,2023-10-02 03:00:00,323.7,
TBW009,2023-10-02 03:10:00,323.7,
TBW009,2023-10-02 03:20:00,323.7,
TBW009,2023-10-02 03:30:00,323.7,
TBW009,2023-10-02 03:40:00,323.7,
TBW009,2023-10-02 03:50:00,323.7,
TBW009,2023-10-02 04:00:00,323.7,
TBW009,2023-10-02 04:10:00,323.7,
TBW009,2023-10-02 04:20:00,323.7,
TBW009,2023-10-02 04:30:00,323.7,
TBW009,2023-10-02 04:40:00,323.7,
TBW009,2023-10-02 04:50:00,323.7,
TBW009,2023-10-02 05:00:00,323.7,
TBW009,2023-10-02 05:10:00,323.7,
TBW009,2023-10-02 05:20:00,323.7,
TBW009,2023-10-02 05:30:00,323.7,
TBW009,2023-10-02 05:40:00,323.7,
TBW009,2023-10-02 05:50:00,323.7,
TBW009,2023-10-02 06:00:00,323.7,
TBW009,2023-10-02 06:10:00,323.7,
TBW009,2023-10-02 06:20:00,323.7,
TBW009,2023-10-02 06:30:00,323.7,
TBW009,2023-10-02 06:40:00,323.7,
TBW009,2023-10-02 06:50:00,323.7,
TBW009,2023-10-02 07:00:00,323.7,
TBW009,2023-10-02 07:10:00,323.7,
TBW009,2023-10-02 07:20:00,323.7,
TBW009,2023-10-02 07:30:00,323.7,
TBW009,2023-10-02 07:40:00,323.7,
TBW009,2023-10-02 07:50:00,323.71,
TBW009,2023-10-02 08:00:00,323.7,
TBW009,2023-10-02 08:10:00,323.7,
TBW009,2023-10-02 08:20:00,323.7,
TBW009,2023-10-02 08:30:00,323.7,
TBW009,2023-10-02 08:40:00,323.7,
TBW009,2023-10-02 08:50:00,323.7,
TBW009,2023-10-02 09:00:00,323.7,
TBW009,2023-10-02 09:10:00,323.7,
TBW009,2023-10-02 09:20:00,323.7,
TBW009,2023-10-02 09:30:00,323.7,
TBW009,2023-10-02 09:40:00,323.7,
TBW009,2023-10-02 09:50:00,323.7,
TBW009,2023-10-02 10:00:00,323.7,
TBW009,2023-10-02 10:10:00,323.7,
TBW009,2023-10-02 10:20:00,323.7,
TBW009,2023-10-02 10:30:00,323.7,
TBW009,2023-10-02 10:40:00,323.7,
TBW009,2023-10-02 10:50:00,323.7,
TBW009,2023-10-02 11:00:00,323.69,
TBW009,2023-10-02 11:10:00,323.7,
TBW009,2023-10-02 11:20:00,323.69,
TBW009,2023-10-02 11:30:00,323.69,
TBW009,2023-10-02 11:40:00,323.69,
TBW009,2023-10-02 11:50:00,323.69,
TBW009,2023-10-02 12:00:00,323.69,
TBW009,2023-10-02 12:10:00,323.69,
TBW009,2023-10-02 12:20:00,323.69,
TBW009,2023-10-02 12:30:00,323.69,
TBW009,2023-10-02 12:40:00,323.69,
TBW009,2023-10-02 12:50:00,323.7,
TBW009,2023-10-02 13:00:00,323.7,
TBW009,2023-10-02 13:10:00,323.7,
TBW009,2023-10-02 13:20:00,323.7,
TBW009,2023-10-02 13:30:00,323.7,
TBW009,2023-10-02 13:40:00,323.7,
TBW009,2023-10-02 13:50:00,323.7,
TBW009,2023-10-02 14:00:00,323.7,
TBW009,2023-10-02 14:10:00,323.7,
TBW009,2023-10-02 14:20:00,323.7,
TBW009,2023-10-02 14:30:00,323.7,
TBW009,2023-10-02 14:40:00,323.7,
TBW009,2023-10-02 14:50:00,323.69,
TBW009,2023-10-02 15:00:00,323.69,
TBW009,2023-10-02 15:10:00,323.69,
TBW009,2023-10-02 15:20:00,323.69,
TBW009,2023-10-02 15:30:00,323.69,
TBW009,2023-10-02 15:40:00,323.69,
TBW009,2023-10-02 15:50:00,323.69,
TBW009,2023-10-02 16:00:00,323.69,
TBW009,2023-10-02 16:10:00,323.69,
TBW009,2023-10-02 16:20:00,323.69,
TBW009,2023-10-02 16:30:00,323.69,
TBW009,2023-10-02 16:40:00,323.69,
TBW009,2023-10-02 16:50:00,323.69,
TBW009,2023-10-02 17:00:00,323.69,
TBW009,2023-10-02 17:10:00,323.69,
TBW009,2023-10-02 17:20:00,323.69,
TBW009,2023-10-02 17:30:00,323.7,
TBW009,2023-10-02 17:40:00,323.7,
TBW009,2023-10-02 17:50:00,323.7,
TBW009,2023-10-02 18:00:00,323.7,
TBW009,2023-10-02 18:10:00,323.7,
TBW009,2023-10-02 18:20:00,323.7,
TBW009,2023-10-02 18:30:00,323.7,
TBW009,2023-10-02 18:40:00,323.7,
TBW009,2023-10-02 18:50:00,323.7,
TBW009,2023-10-02 19:00:00,323.7,
TBW009,2023-10-02 19:10:00,323.7,
TBW009,2023-10-02 19:20:00,323.7,
TBW009,2023-10-02 19:30:00,323.7,
TBW009,2023-10-02 19:40:00,323.7,
TBW009,2023-10-02 19:50:00,323.7,
TBW009,2023-10-02 20:00:00,323.7,
TBW009,2023-10-02 20:10:00,323.7,
TBW009,2023-10-02 20:20:00,323.7,
TBW009,2023-10-02 20:30:00,323.7,
TBW009,2023-10-02 20:40:00,323.7,
TBW009,2023-10-02 20:50:00,323.7,
TBW009,2023-10-02 21:00:00,323.71,
TBW009,2023-10-02 21:10:00,323.7,
TBW009,2023-10-02 21:20:00,323.7,
TBW009,2023-10-02 21:30:00,323.7,
TBW009,2023-10-02 21:40:00,323.7,
TBW009,2023-10-02 21:50:00,323.7,
TBW009,2023-10-02 22:00:00,323.7,
TBW009,2023-10-02 22:10:00,323.7,
TBW009,2023-10-02 22:20:00,323.7,
TBW009,2023-10-02 22:30:00,323.7,
TBW009,2023-10-02 22:40:00,323.7,
TBW009,2023-10-02 22:50:00,323.7,
TBW009,2023-10-02 23:00:00,323.7,
TBW009,2023-10-02 23:10:00,323.7,
TBW009,2023-10-02 23:20:00,323.7,
TBW009,2023-10-02 23:30:00,323.7,
TBW009,2023-10-02 23:40:00,323.7,
TBW009,2023-10-02 23:50:00,323.7,
TBW009,2023-10-03 00:00:00,323.7,
TBW009,2023-10-03 00:10:00,323.7,
TBW009,2023-10-03 00:20:00,323.7,
TBW009,2023-10-03 00:30:00,323.7,
TBW009,2023-10-03 00:40:00,323.7,
TBW009,2023-10-03 00:50:00,323.7,
TBW009,2023-10-03 01:00:00,323.7,
TBW009,2023-10-03 01:10:00,323.7,
TBW009,2023-10-03 01:20:00,323.7,
TBW009,2023-10-03 01:30:00,323.71,
TBW009,2023-10-03 01:40:00,323.7,
TBW009,2023-10-03 01:50:00,323.7,
TBW009,2023-10-03 02:00:00,323.7,
TBW009,2023-10-03 02:10:00,323.7,
TBW009,2023-10-03 02:20:00,323.7,
TBW009,2023-10-03 02:30:00,323.7,
TBW009,2023-10-03 02:40:00,323.7,
TBW009,2023-10-03 02:50:00,323.7,
TBW009,2023-10-03 03:00:00,323.7,
TBW009,2023-10-03 03:10:00,323.7,
TBW009,2023-10-03 03:20:00,323.7,
TBW009,2023-10-03 03:30:00,323.7,
TBW009,2023-10-03 03:40:00,323.7,
TBW009,2023-10-03 03:50:00,323.7,
TBW009,2023-10-03 04:00:00,323.71,
TBW009,2023-10-03 04:10:00,323.7,
TBW009,2023-10-03 04:20:00,323.7,
TBW009,2023-10-03 04:30:00,323.7,
TBW009,2023-10-03 04:40:00,323.7,
TBW009,2023-10-03 04:50:00,323.7,
TBW009,2023-10-03 05:00:00,323.7,
TBW009,2023-10-03 05:10:00,323.7,
TBW009,2023-10-03 05:20:00,323.7,
TBW009,2023-10-03 05:30:00,323.7,
TBW009,2023-10-03 05:40:00,323.7,
TBW009,2023-10-03 05:50:00,323.7,
TBW009,2023-10-03 06:00:00,323.7,
TBW009,2023-10-03 06:10:00,323.7,
TBW009,2023-10-03 06:20:00,323.7,
TBW009,2023-10-03 06:30:00,323.7,
TBW009,2023-10-03 06:40:00,323.7,
TBW009,2023-10-03 06:50:00,323.7,
TBW009,2023-10-03 07:00:00,323.7,
TBW009,2023-10-03 07:10:00,323.7,
TBW009,2023-10-03 07:20:00,323.7,
TBW009,2023-10-03 07:30:00,323.7,
TBW009,2023-10-03 07:40:00,323.7,
TBW009,2023-10-03 07:50:00,323.7,
TBW009,2023-10-03 08:00:00,323.7,
TBW009,2023-10-03 08:10:00,323.7,
TBW009,2023-10-03 08:20:00,323.7,
TBW009,2023-10-03 08:30:00,323.7,
TBW009,2023-10-03 08:40:00,323.7,
TBW009,2023-10-03 08:50:00,323.7,
TBW009,2023-10-03 09:00:00,323.7,
TBW009,2023-10-03 09:10:00,323.7,
TBW009,2023-10-03 09:20:00,323.7,
TBW009,2023-10-03 09:30:00,323.7,
TBW009,2023-10-03 09:40:00,323.7,
TBW009,2023-10-03 09:50:00,323.7,
TBW009,2023-10-03 10:00:00,323.7,
TBW009,2023-10-03 10:10:00,323.7,
TBW009,2023-10-03 10:20:00,323.7,
TBW009,2023-10-03 10:30:00,323.7,
TBW009,2023-10-03 10:40:00,323.7,
TBW009,2023-10-03 10:50:00,323.7,
TBW009,2023-10-03 11:00:00,323.7,
TBW009,2023-10-03 11:10:00,323.69,
TBW009,2023-10-03 11:20:00,323.7,
TBW009,2023-10-03 11:30:00,323.7,
TBW009,2023-10-03 11:40:00,323.7,
TBW009,2023-10-03 11:50:00,323.69,
TBW009,2023-10-03 12:00:00,323.69,
TBW009,2023-10-03 12:10:00,323.69,
TBW009,2023-10-03 12:20:00,323.69,
TBW009,2023-10-03 12:30:00,323.69,
TBW009,2023-10-03 12:40:00,323.69,
TBW009,2023-10-03 12:50:00,323.69,
TBW009,2023-10-03 13:00:00,323.69,
TBW009,2023-10-03 13:10:00,323.69,
TBW009,2023-10-03 13:20:00,323.69,
TBW009,2023-10-03 13:30:00,323.69,
TBW009,2023-10-03 13:40:00,323.69,
TBW009,2023-10-03 13:50:00,323.69,
TBW009,2023-10-03 14:00:00,323.69,
TBW009,2023-10-03 14:10:00,323.69,
TBW009,2023-10-03 14:20:00,323.69,
TBW009,2023-10-03 14:30:00,323.69,
TBW009,2023-10-03 14:40:00,323.69,
TBW009,2023-10-03 14:50:00,323.69,
TBW009,2023-10-03 15:00:00,323.69,
TBW009,2023-10-03 15:10:00,323.69,
TBW009,2023-10-03 15:20:00,323.69,
TBW009,2023-10-03 15:30:00,323.69,
TBW009,2023-10-03 15:40:00,323.69,
TBW009,2023-10-03 15:50:00,323.69,
TBW009,2023-10-03 16:00:00,323.7,
TBW009,2023-10-03 16:10:00,323.69,
TBW009,2023-10-03 16:20:00,323.7,
TBW009,2023-10-03 16:30:00,323.7,
TBW009,2023-10-03 16:40:00,323.7,
TBW009,2023-10-03 16:50:00,323.7,
TBW009,2023-10-03 17:00:00,323.7,
TBW009,2023-10-03 17:10:00,323.7,
TBW009,2023-10-03 17:20:00,323.7,
TBW009,2023-10-03 17:30:00,323.7,
TBW009,2023-10-03 17:40:00,323.7,
TBW009,2023-10-03 17:50:00,323.7,
TBW009,2023-10-03 18:00:00,323.7,
TBW009,2023-10-03 18:10:00,323.7,
TBW009,2023-10-03 18:20:00,323.7,
TBW009,2023-10-03 18:30:00,323.7,
TBW009,2023-10-03 18:40:00,323.7,
TBW009,2023-10-03 18:50:00,323.7,
TBW009,2023-10-03 19:00:00,323.7,
TBW009,2023-10-03 19:10:00,323.7,
TBW009,2023-10-03 19:20:00,323.7,
TBW009,2023-10-03 19:30:00,323.7,
TBW009,2023-10-03 19:40:00,323.7,
TBW009,2023-10-03 19:50:00,323.7,
TBW009,2023-10-03 20:00:00,323.7,
TBW009,2023-10-03 20:10:00,323.7,
TBW009,2023-10-03 20:20:00,323.7,
TBW009,2023-10-03 20:30:00,323.7,
TBW009,2023-10-03 20:40:00,323.7,
TBW009,2023-10-03 20:50:00,323.7,
TBW009,2023-10-03 21:00:00,323.7,
TBW009,2023-10-03 21:10:00,323.7,
TBW009,2023-10-03 21:20:00,323.7,
TBW009,2023-10-03 21:30:00,323.7,
TBW009,2023-10-03 21:40:00,323.7,
TBW009,2023-10-03 21:50:00,323.7,
TBW009,2023-10-03 22:00:00,323.7,
TBW009,2023-10-03 22:10:00,323.7,
TBW009,2023-10-03 22:20:00,323.7,
TBW009,2023-10-03 22:30:00,323.7,
TBW009,2023-10-03 22:40:00,323.7,
TBW009,2023-10-03 22:50:00,323.7,
TBW009,2023-10-03 23:00:00,323.7,
TBW009,2023-10-03 23:10:00,323.7,
TBW009,2023-10-03 23:20:00,323.7,
TBW009,2023-10-03 23:30:00,323.7,
TBW009,2023-10-03 23:40:00,323.7,
TBW009,2023-10-03 23:50:00,323.7,
TBW009,2023-10-04 00:00:00,323.7,
TBW009,2023-10-04 00:10:00,323.7,
TBW009,2023-10-04 00:20:00,323.7,
TBW009,2023-10-04 00:30:00,323.7,
TBW009,2023-10-04 00:40:00,323.7,
TBW009,2023-10-04 00:50:00,323.7,
TBW009,2023-10-04 01:00:00,323.7,
TBW009,2023-10-04 01:10:00,323.7,
TBW009,2023-10-04 01:20:00,323.7,
TBW009,2023-10-04 01:30:00,323.7,
TBW009,2023-10-04 01:40:00,323.7,
TBW009,2023-10-04 01:50:00,323.7,
TBW009,2023-10-04 02:00:00,323.7,
TBW009,2023-10-04 02:10:00,323.7,
TBW009,2023-10-04 02:20:00,323.7,
TBW009,2023-10-04 02:30:00,323.7,
TBW009,2023-10-04 02:40:00,323.7,
TBW009,2023-10-04 02:50:00,323.7,
TBW009,2023-10-04 03:00:00,323.7,
TBW009,2023-10-04 03:10:00,323.7,
TBW009,2023-10-04 03:20:00,323.7,
TBW009,2023-10-04 03:30:00,323.7,
TBW009,2023-10-04 03:40:00,323.7,
TBW009,2023-10-04 03:50:00,323.7,
TBW009,2023-10-04 04:00:00,323.7,
TBW009,2023-10-04 04:10:00,323.69,
TBW009,2023-10-04 04:20:00,323.7,
TBW009,2023-10-04 04:30:00,323.7,
TBW009,2023-10-04 04:40:00,323.7,
TBW009,2023-10-04 04:50:00,323.7,
TBW009,2023-10-04 05:00:00,323.7,
TBW009,2023-10-04 05:10:00,323.7,
TBW009,2023-10-04 05:20:00,323.7,
TBW009,2023-10-04 05:30:00,323.7,
TBW009,2023-10-04 05:40:00,323.7,
TBW009,2023-10-04 05:50:00,323.7,
TBW009,2023-10-04 06:00:00,323.7,
TBW009,2023-10-04 06:10:00,323.7,
TBW009,2023-10-04 06:20:00,323.7,
TBW009,2023-10-04 06:30:00,323.7,
TBW009,2023-10-04 06:40:00,323.7,
TBW009,2023-10-04 06:50:00,323.7,
TBW009,2023-10-04 07:00:00,323.7,
TBW009,2023-10-04 07:10:00,323.7,
TBW009,2023-10-04 07:20:00,323.7,
TBW009,2023-10-04 07:30:00,323.7,
TBW009,2023-10-04 07:40:00,323.7,
TBW009,2023-10-04 07:50:00,323.7,
TBW009,2023-10-04 08:00:00,323.7,
TBW009,2023-10-04 08:10:00,323.7,
TBW009,2023-10-04 08:20:00,323.7,
TBW009,2023-10-04 08:30:00,323.7,
TBW009,2023-10-04 08:40:00,323.7,
TBW009,2023-10-04 08:50:00,323.7,
TBW009,2023-10-04 09:00:00,323.7,
TBW009,2023-10-04 09:10:00,323.7,
TBW009,2023-10-04 09:20:00,323.7,
TBW009,2023-10-04 09:30:00,323.7,
TBW009,2023-10-04 09:40:00,323.7,
TBW009,2023-10-04 09:50:00,323.69,
TBW009,2023-10-04 10:00:00,323.7,
TBW009,2023-10-04 10:10:00,323.7,
TBW009,2023-10-04 10:20:00,323.7,
TBW009,2023-10-04 10:30:00,323.7,
TBW009,2023-10-04 10:40:00,323.7,
TBW009,2023-10-04 10:50:00,323.69,
TBW009,2023-10-04 11:00:00,323.7,
TBW009,2023-10-04 11:10:00,323.7,
TBW009,2023-10-04 11:20:00,323.69,
TBW009,2023-10-04 11:30:00,323.69,
TBW009,2023-10-04 11:40:00,323.69,
TBW009,2023-10-04 11:50:00,323.7,
TBW009,2023-10-04 12:00:00,323.7,
TBW009,2023-10-04 12:10:00,323.7,
TBW009,2023-10-04 12:20:00,323.69,
TBW009,2023-10-04 12:30:00,323.7,
TBW009,2023-10-04 12:40:00,323.69,
TBW009,2023-10-04 12:50:00,323.69,
TBW009,2023-10-04 13:00:00,323.69,
TBW009,2023-10-04 13:10:00,323.69,
TBW009,2023-10-04 13:20:00,323.69,
TBW009,2023-10-04 13:30:00,323.69,
TBW009,2023-10-04 13:40:00,323.69,
TBW009,2023-10-04 13:50:00,323.69,
TBW009,2023-10-04 14:00:00,323.69,
TBW009,2023-10-04 14:10:00,323.69,
TBW009,2023-10-04 14:20:00,323.69,
TBW009,2023-10-04 14:30:00,323.69,
TBW009,2023-10-04 14:40:00,323.69,
TBW009,2023-10-04 14:50:00,323.69,
TBW009,2023-10-04 15:00:00,323.69,
TBW009,2023-10-04 15:10:00,323.69,
TBW009,2023-10-04 15:20:00,323.7,
TBW009,2023-10-04 15:30:00,323.7,
TBW009,2023-10-04 15:40:00,323.7,
TBW009,2023-10-04 15:50:00,323.7,
TBW009,2023-10-04 16:00:00,323.7,
TBW009,2023-10-04 16:10:00,323.7,
TBW009,2023-10-04 16:20:00,323.7,
TBW009,2023-10-04 16:30:00,323.7,
TBW009,2023-10-04 16:40:00,323.7,
TBW009,2023-10-04 16:50:00,323.7,
TBW009,2023-10-04 17:00:00,323.7,
TBW009,2023-10-04 17:10:00,323.7,
TBW009,2023-10-04 17:20:00,323.7,
TBW009,2023-10-04 17:30:00,323.7,
TBW009,2023-10-04 17:40:00,323.69,
TBW009,2023-10-04 17:50:00,323.7,
TBW009,2023-10-04 18:00:00,323.7,
TBW009,2023-10-04 18:10:00,323.7,
TBW009,2023-10-04 18:20:00,323.7,
TBW009,2023-10-04 18:30:00,323.7,
TBW009,2023-10-04 18:40:00,323.7,
TBW009,2023-10-04 18:50:00,323.7,
TBW009,2023-10-04 19:00:00,323.7,
TBW009,2023-10-04 19:10:00,323.7,
TBW009,2023-10-04 19:20:00,323.7,
TBW009,2023-10-04 19:30:00,323.7,
TBW009,2023-10-04 19:40:00,323.7,
TBW009,2023-10-04 19:50:00,323.7,
TBW009,2023-10-04 20:00:00,323.7,
TBW009,2023-10-04 20:10:00,323.7,
TBW009,2023-10-04 20:20:00,323.7,
TBW009,2023-10-04 20:30:00,323.7,
TBW009,2023-10-04 20:40:00,323.7,
TBW009,2023-10-04 20:50:00,323.7,
TBW009,2023-10-04 21:00:00,323.7,
TBW009,2023-10-04 21:10:00,323.7,
TBW009,2023-10-04 21:20:00,323.7,
TBW009,2023-10-04 21:30:00,323.7,
TBW009,2023-10-04 21:40:00,323.7,
TBW009,2023-10-04 21:50:00,323.7,
TBW009,2023-10-04 22:00:00,323.7,
TBW009,2023-10-04 22:10:00,323.7,
TBW009,2023-10-04 22:20:00,323.7,
TBW009,2023-10-04 22:30:00,323.7,
TBW009,2023-10-04 22:40:00,323.7,
TBW009,2023-10-04 22:50:00,323.69,
TBW009,2023-10-04 23:00:00,323.7,
TBW009,2023-10-04 23:10:00,323.7,
TBW009,2023-10-04 23:20:00,323.69,
TBW009,2023-10-04 23:30:00,323.7,
TBW009,2023-10-04 23:40:00,323.7,
TBW009,2023-10-04 23:50:00,323.7,
TBW009,2023-10-05 00:00:00,323.7,
TBW009,2023-10-05 00:10:00,323.7,
TBW009,2023-10-05 00:20:00,323.7,
TBW009,2023-10-05 00:30:00,323.7,
TBW009,2023-10-05 00:40:00,323.69,
TBW009,2023-10-05 00:50:00,323.7,
TBW009,2023-10-05 01:00:00,323.7,
TBW009,2023-10-05 01:10:00,323.7,
TBW009,2023-10-05 01:20:00,323.69,
TBW009,2023-10-05 01:30:00,323.69,
TBW009,2023-10-05 01:40:00,323.7,
TBW009,2023-10-05 01:50:00,323.7,
TBW009,2023-10-05 02:00:00,323.7,
TBW009,2023-10-05 02:10:00,323.69,
TBW009,2023-10-05 02:20:00,323.69,
TBW009,2023-10-05 02:30:00,323.69,
TBW009,2023-10-05 02:40:00,323.7,
TBW009,2023-10-05 02:50:00,323.69,
TBW009,2023-10-05 03:00:00,323.7,
TBW009,2023-10-05 03:10:00,323.7,
TBW009,2023-10-05 03:20:00,323.7,
TBW009,2023-10-05 03:30:00,323.7,
TBW009,2023-10-05 03:40:00,323.69,
TBW009,2023-10-05 03:50:00,323.7,
TBW009,2023-10-05 04:00:00,323.69,
TBW009,2023-10-05 04:10:00,323.69,
TBW009,2023-10-05 04:20:00,323.69,
TBW009,2023-10-05 04:30:00,323.7,
TBW009,2023-10-05 04:40:00,323.7,
TBW009,2023-10-05 04:50:00,323.69,
TBW009,2023-10-05 05:00:00,323.7,
TBW009,2023-10-05 05:10:00,323.7,
TBW009,2023-10-05 05:20:00,323.7,
TBW009,2023-10-05 05:30:00,323.7,
TBW009,2023-10-05 05:40:00,323.7,
TBW009,2023-10-05 05:50:00,323.7,
TBW009,2023-10-05 06:00:00,323.7,
TBW009,2023-10-05 06:10:00,323.7,
TBW009,2023-10-05 06:20:00,323.69,
TBW009,2023-10-05 06:30:00,323.69,
TBW009,2023-10-05 06:40:00,323.7,
TBW009,2023-10-05 06:50:00,323.7,
TBW009,2023-10-05 07:00:00,323.7,
TBW009,2023-10-05 07:10:00,323.7,
TBW009,2023-10-05 07:20:00,323.7,
TBW009,2023-10-05 07:30:00,323.7,
TBW009,2023-10-05 07:40:00,323.7,
TBW009,2023-10-05 07:50:00,323.69,
TBW009,2023-10-05 08:00:00,323.7,
TBW009,2023-10-05 08:10:00,323.7,
TBW009,2023-10-05 08:20:00,323.69,
TBW009,2023-10-05 08:30:00,323.7,
TBW009,2023-10-05 08:40:00,323.7,
TBW009,2023-10-05 08:50:00,323.7,
TBW009,2023-10-05 09:00:00,323.7,
TBW009,2023-10-05 09:10:00,323.69,
TBW009,2023-10-05 09:20:00,323.7,
TBW009,2023-10-05 09:30:00,323.69,
TBW009,2023-10-05 09:40:00,323.69,
TBW009,2023-10-05 09:50:00,323.69,
TBW009,2023-10-05 10:00:00,323.69,
TBW009,2023-10-05 10:10:00,323.7,
TBW009,2023-10-05 10:20:00,323.69,
TBW009,2023-10-05 10:30:00,323.69,
TBW009,2023-10-05 10:40:00,323.69,
TBW009,2023-10-05 10:50:00,323.69,
TBW009,2023-10-05 11:00:00,323.69,
TBW009,2023-10-05 11:10:00,323.7,
TBW009,2023-10-05 11:20:00,323.7,
TBW009,2023-10-05 11:30:00,323.7,
TBW009,2023-10-05 11:40:00,323.69,
TBW009,2023-10-05 11:50:00,323.7,
TBW009,2023-10-05 12:00:00,323.69,
TBW009,2023-10-05 12:10:00,323.69,
TBW009,2023-10-05 12:20:00,323.69,
TBW009,2023-10-05 12:30:00,323.69,
TBW009,2023-10-05 12:40:00,323.68,
TBW009,2023-10-05 12:50:00,323.69,
TBW009,2023-10-05 13:00:00,323.69,
TBW009,2023-10-05 13:10:00,323.69,
TBW009,2023-10-05 13:20:00,323.69,
TBW009,2023-10-05 13:30:00,323.7,
TBW009,2023-10-05 13:40:00,323.7,
TBW009,2023-10-05 13:50:00,323.69,
TBW009,2023-10-05 14:00:00,323.69,
TBW009,2023-10-05 14:10:00,323.7,
TBW009,2023-10-05 14:20:00,323.69,
TBW009,2023-10-05 14:30:00,323.68,
TBW009,2023-10-05 14:40:00,323.69,
TBW009,2023-10-05 14:50:00,323.69,
TBW009,2023-10-05 15:00:00,323.69,
TBW009,2023-10-05 15:10:00,323.69,
TBW009,2023-10-05 15:20:00,323.69,
TBW009,2023-10-05 15:30:00,323.69,
TBW009,2023-10-05 15:40:00,323.69,
TBW009,2023-10-05 15:50:00,323.69,
TBW009,2023-10-05 16:00:00,323.69,
TBW009,2023-10-05 16:10:00,323.69,
TBW009,2023-10-05 16:20:00,323.69,
TBW009,2023-10-05 16:30:00,323.69,
TBW009,2023-10-05 16:40:00,323.69,
TBW009,2023-10-05 16:50:00,323.7,
TBW009,2023-10-05 17:00:00,323.7,
TBW009,2023-10-05 17:10:00,323.7,
TBW009,2023-10-05 17:20:00,323.7,
TBW009,2023-10-05 17:30:00,323.7,
TBW009,2023-10-05 17:40:00,323.71,
TBW009,2023-10-05 17:50:00,323.7,
TBW009,2023-10-05 18:00:00,323.7,
TBW009,2023-10-05 18:10:00,323.7,
TBW009,2023-10-05 18:20:00,323.71,
TBW009,2023-10-05 18:30:00,323.7,
TBW009,2023-10-05 18:40:00,323.7,
TBW009,2023-10-05 18:50:00,323.71,
TBW009,2023-10-05 19:00:00,323.7,
TBW009,2023-10-05 19:10:00,323.7,
TBW009,2023-10-05 19:20:00,323.7,
TBW009,2023-10-05 19:30:00,323.71,
TBW009,2023-10-05 19:40:00,323.7,
TBW009,2023-10-05 19:50:00,323.7,
TBW009,2023-10-05 20:00:00,323.71,
TBW009,2023-10-05 20:10:00,323.7,
TBW009,2023-10-05 20:20:00,323.7,
TBW009,2023-10-05 20:30:00,323.7,
TBW009,2023-10-05 20:40:00,323.7,
TBW009,2023-10-05 20:50:00,323.71,
TBW009,2023-10-05 21:00:00,323.7,
TBW009,2023-10-05 21:10:00,323.7,
TBW009,2023-10-05 21:20:00,323.7,
TBW009,2023-10-05 21:30:00,323.7,
TBW009,2023-10-05 21:40:00,323.7,
TBW009,2023-10-05 21:50:00,323.71,
TBW009,2023-10-05 22:00:00,323.7,
TBW009,2023-10-05 22:10:00,323.7,
TBW009,2023-10-05 22:20:00,323.7,
TBW009,2023-10-05 22:30:00,323.7,
TBW009,2023-10-05 22:40:00,323.7,
TBW009,2023-10-05 22:50:00,323.7,
TBW009,2023-10-05 23:00:00,323.7,
TBW009,2023-10-05 23:10:00,323.71,
TBW009,2023-10-05 23:20:00,323.7,
TBW009,2023-10-05 23:30:00,323.7,
TBW009,2023-10-05 23:40:00,323.7,
TBW009,2023-10-05 23:50:00,323.7,
TBW009,2023-10-06 00:00:00,323.71,
TBW009,2023-10-06 00:10:00,323.7,
TBW009,2023-10-06 00:20:00,323.7,
TBW009,2023-10-06 00:30:00,323.7,
TBW009,2023-10-06 00:40:00,323.7,
TBW009,2023-10-06 00:50:00,323.7,
TBW009,2023-10-06 01:00:00,323.7,
TBW009,2023-10-06 01:10:00,323.7,
TBW009,2023-10-06 01:20:00,323.7,
TBW009,2023-10-06 01:30:00,323.71,
TBW009,2023-10-06 01:40:00,323.71,
TBW009,2023-10-06 01:50:00,323.7,
TBW009,2023-10-06 02:00:00,323.7,
TBW009,2023-10-06 02:10:00,323.7,
TBW009,2023-10-06 02:20:00,323.7,
TBW009,2023-10-06 02:30:00,323.7,
TBW009,2023-10-06 02:40:00,323.7,
TBW009,2023-10-06 02:50:00,323.71,
TBW009,2023-10-06 03:00:00,323.7,
TBW009,2023-10-06 03:10:00,323.7,
TBW009,2023-10-06 03:20:00,323.7,
TBW009,2023-10-06 03:30:00,323.7,
TBW009,2023-10-06 03:40:00,323.71,
TBW009,2023-10-06 03:50:00,323.7,
TBW009,2023-10-06 04:00:00,323.7,
TBW009,2023-10-06 04:10:00,323.7,
TBW009,2023-10-06 04:20:00,323.7,
TBW009,2023-10-06 04:30:00,323.7,
TBW009,2023-10-06 04:40:00,323.71,
TBW009,2023-10-06 04:50:00,323.7,
TBW009,2023-10-06 05:00:00,323.7,
TBW009,2023-10-06 05:10:00,323.7,
TBW009,2023-10-06 05:20:00,323.7,
TBW009,2023-10-06 05:30:00,323.7,
TBW009,2023-10-06 05:40:00,323.7,
TBW009,2023-10-06 05:50:00,323.7,
TBW009,2023-10-06 06:00:00,323.7,
TBW009,2023-10-06 06:10:00,323.7,
TBW009,2023-10-06 06:20:00,323.7,
TBW009,2023-10-06 06:30:00,323.7,
TBW009,2023-10-06 06:40:00,323.7,
TBW009,2023-10-06 06:50:00,323.7,
TBW009,2023-10-06 07:00:00,323.7,
TBW009,2023-10-06 07:10:00,323.7,
TBW009,2023-10-06 07:20:00,323.7,
TBW009,2023-10-06 07:30:00,323.7,
TBW009,2023-10-06 07:40:00,323.7,
TBW009,2023-10-06 07:50:00,323.7,
TBW009,2023-10-06 08:00:00,323.7,
TBW009,2023-10-06 08:10:00,323.7,
TBW009,2023-10-06 08:20:00,323.7,
TBW009,2023-10-06 08:30:00,323.7,
TBW009,2023-10-06 08:40:00,323.7,
TBW009,2023-10-06 08:50:00,323.7,
TBW009,2023-10-06 09:00:00,323.7,
TBW009,2023-10-06 09:10:00,323.7,
TBW009,2023-10-06 09:20:00,323.7,
TBW009,2023-10-06 09:30:00,323.7,
TBW009,2023-10-06 09:40:00,323.7,
TBW009,2023-10-06 09:50:00,323.7,
TBW009,2023-10-06 10:00:00,323.7,
TBW009,2023-10-06 10:10:00,323.7,
TBW009,2023-10-06 10:20:00,323.7,
TBW009,2023-10-06 10:30:00,323.7,
TBW009,2023-10-06 10:40:00,323.7,
TBW009,2023-10-06 10:50:00,323.69,
TBW009,2023-10-06 11:00:00,323.7,
TBW009,2023-10-06 11:10:00,323.7,
TBW009,2023-10-06 11:20:00,323.7,
TBW009,2023-10-06 11:30:00,323.7,
TBW009,2023-10-06 11:40:00,323.7,
TBW009,2023-10-06 11:50:00,323.7,
TBW009,2023-10-06 12:00:00,323.69,
TBW009,2023-10-06 12:10:00,323.69,
TBW009,2023-10-06 12:20:00,323.69,
TBW009,2023-10-06 12:30:00,323.7,
TBW009,2023-10-06 12:40:00,323.7,
TBW009,2023-10-06 12:50:00,323.7,
TBW009,2023-10-06 13:00:00,323.7,
TBW009,2023-10-06 13:10:00,323.7,
TBW009,2023-10-06 13:20:00,323.7,
TBW009,2023-10-06 13:30:00,323.69,
TBW009,2023-10-06 13:40:00,323.7,
TBW009,2023-10-06 13:50:00,323.7,
TBW009,2023-10-06 14:00:00,323.69,
TBW009,2023-10-06 14:10:00,323.7,
TBW009,2023-10-06 14:20:00,323.7,
TBW009,2023-10-06 14:30:00,323.7,
TBW009,2023-10-06 14:40:00,323.7,
TBW009,2023-10-06 14:50:00,323.7,
TBW009,2023-10-06 15:00:00,323.7,
TBW009,2023-10-06 15:10:00,323.7,
TBW009,2023-10-06 15:20:00,323.7,
TBW009,2023-10-06 15:30:00,323.7,
TBW009,2023-10-06 15:40:00,323.7,
TBW009,2023-10-06 15:50:00,323.7,
TBW009,2023-10-06 16:00:00,323.7,
TBW009,2023-10-06 16:10:00,323.7,
TBW009,2023-10-06 16:20:00,323.7,
TBW009,2023-10-06 16:30:00,323.7,
TBW009,2023-10-06 16:40:00,323.7,
TBW009,2023-10-06 16:50:00,323.7,
TBW009,2023-10-06 17:00:00,323.7,
TBW009,2023-10-06 17:10:00,323.7,
TBW009,2023-10-06 17:20:00,323.7,
TBW009,2023-10-06 17:30:00,323.7,
TBW009,2023-10-06 17:40:00,323.7,
TBW009,2023-10-06 17:50:00,323.7,
TBW009,2023-10-06 18:00:00,323.7,
TBW009,2023-10-06 18:10:00,323.7,
TBW009,2023-10-06 18:20:00,323.7,
TBW009,2023-10-06 18:30:00,323.7,
TBW009,2023-10-06 18:40:00,323.7,
TBW009,2023-10-06 18:50:00,323.7,
TBW009,2023-10-06 19:00:00,323.7,
TBW009,2023-10-06 19:10:00,323.7,
TBW009,2023-10-06 19:20:00,323.7,
TBW009,2023-10-06 19:30:00,323.7,
TBW009,2023-10-06 19:40:00,323.7,
TBW009,2023-10-06 19:50:00,323.71,
TBW009,2023-10-06 20:00:00,323.71,
TBW009,2023-10-06 20:10:00,323.71,
TBW009,2023-10-06 20:20:00,323.7,
TBW009,2023-10-06 20:30:00,323.7,
TBW009,2023-10-06 20:40:00,323.71,
TBW009,2023-10-06 20:50:00,323.7,
TBW009,2023-10-06 21:00:00,323.71,
TBW009,2023-10-06 21:10:00,323.7,
TBW009,2023-10-06 21:20:00,323.7,
TBW009,2023-10-06 21:30:00,323.7,
TBW009,2023-10-06 21:40:00,323.71,
TBW009,2023-10-06 21:50:00,323.71,
TBW009,2023-10-06 22:00:00,323.71,
TBW009,2023-10-06 22:10:00,323.7,
TBW009,2023-10-06 22:20:00,323.71,
TBW009,2023-10-06 22:30:00,323.7,
TBW009,2023-10-06 22:40:00,323.71,
TBW009,2023-10-06 22:50:00,323.71,
TBW009,2023-10-06 23:00:00,323.71,
TBW009,2023-10-06 23:10:00,323.71,
TBW009,2023-10-06 23:20:00,323.7,
TBW009,2023-10-06 23:30:00,323.7,
TBW009,2023-10-06 23:40:00,323.7,
TBW009,2023-10-06 23:50:00,323.71,
TBW009,2023-10-07 00:00:00,323.71,
TBW009,2023-10-07 00:10:00,323.7,
TBW009,2023-10-07 00:20:00,323.7,
TBW009,2023-10-07 00:30:00,323.71,
TBW009,2023-10-07 00:40:00,323.7,
TBW009,2023-10-07 00:50:00,323.7,
TBW009,2023-10-07 01:00:00,323.71,
TBW009,2023-10-07 01:10:00,323.7,
TBW009,2023-10-07 01:20:00,323.7,
TBW009,2023-10-07 01:30:00,323.7,
TBW009,2023-10-07 01:40:00,323.7,
TBW009,2023-10-07 01:50:00,323.71,
TBW009,2023-10-07 02:00:00,323.7,
TBW009,2023-10-07 02:10:00,323.7,
TBW009,2023-10-07 02:20:00,323.71,
TBW009,2023-10-07 02:30:00,323.71,
TBW009,2023-10-07 02:40:00,323.7,
TBW009,2023-10-07 02:50:00,323.71,
TBW009,2023-10-07 03:00:00,323.7,
TBW009,2023-10-07 03:10:00,323.7,
TBW009,2023-10-07 03:20:00,323.71,
TBW009,2023-10-07 03:30:00,323.71,
TBW009,2023-10-07 03:40:00,323.71,
TBW009,2023-10-07 03:50:00,323.7,
TBW009,2023-10-07 04:00:00,323.7,
TBW009,2023-10-07 04:10:00,323.7,
TBW009,2023-10-07 04:20:00,323.71,
TBW009,2023-10-07 04:30:00,323.71,
TBW009,2023-10-07 04:40:00,323.71,
TBW009,2023-10-07 04:50:00,323.7,
TBW009,2023-10-07 05:00:00,323.71,
TBW009,2023-10-07 05:10:00,323.71,
TBW009,2023-10-07 05:20:00,323.71,
TBW009,2023-10-07 05:30:00,323.71,
TBW009,2023-10-07 05:40:00,323.71,
TBW009,2023-10-07 05:50:00,323.71,
TBW009,2023-10-07 06:00:00,323.71,
TBW009,2023-10-07 06:10:00,323.71,
TBW009,2023-10-07 06:20:00,323.71,
TBW009,2023-10-07 06:30:00,323.71,
TBW009,2023-10-07 06:40:00,323.71,
TBW009,2023-10-07 06:50:00,323.71,
TBW009,2023-10-07 07:00:00,323.71,
TBW009,2023-10-07 07:10:00,323.71,
TBW009,2023-10-07 07:20:00,323.71,
TBW009,2023-10-07 07:30:00,323.71,
TBW009,2023-10-07 07:40:00,323.71,
TBW009,2023-10-07 07:50:00,323.71,
TBW009,2023-10-07 08:00:00,323.71,
TBW009,2023-10-07 08:10:00,323.7,
TBW009,2023-10-07 08:20:00,323.7,
TBW009,2023-10-07 08:30:00,323.7,
TBW009,2023-10-07 08:40:00,323.7,
TBW009,2023-10-07 08:50:00,323.7,
TBW009,2023-10-07 09:00:00,323.7,
TBW009,2023-10-07 09:10:00,323.7,
TBW009,2023-10-07 09:20:00,323.7,
TBW009,2023-10-07 09:30:00,323.7,
TBW009,2023-10-07 09:40:00,323.7,
TBW009,2023-10-07 09:50:00,323.7,
TBW009,2023-10-07 10:00:00,323.7,
TBW009,2023-10-07 10:10:00,323.7,
TBW009,2023-10-07 10:20:00,323.7,
TBW009,2023-10-07 10:30:00,323.7,
TBW009,2023-10-07 10:40:00,323.71,
TBW009,2023-10-07 10:50:00,323.71,
TBW009,2023-10-07 11:00:00,323.71,
TBW009,2023-10-07 11:10:00,323.72,
TBW009,2023-10-07 11:20:00,323.72,
TBW009,2023-10-07 11:30:00,323.72,
TBW009,2023-10-07 11:40:00,323.72,
TBW009,2023-10-07 11:50:00,323.73,
TBW009,2023-10-07 12:00:00,323.72,
TBW009,2023-10-07 12:10:00,323.72,
TBW009,2023-10-07 12:20:00,323.72,
TBW009,2023-10-07 12:30:00,323.72,
TBW009,2023-10-07 12:40:00,323.73,
TBW009,2023-10-07 12:50:00,323.72,
TBW009,2023-10-07 13:00:00,323.72,
TBW009,2023-10-07 13:10:00,323.72,
TBW009,2023-10-07 13:20:00,323.72,
TBW009,2023-10-07 13:30:00,323.72,
TBW009,2023-10-07 13:40:00,323.72,
TBW009,2023-10-07 13:50:00,323.72,
TBW009,2023-10-07 14:00:00,323.72,
TBW009,2023-10-07 14:10:00,323.72,
TBW009,2023-10-07 14:20:00,323.72,
TBW009,2023-10-07 14:30:00,323.72,
TBW009,2023-10-07 14:40:00,323.72,
TBW009,2023-10-07 14:50:00,323.72,
TBW009,2023-10-07 15:00:00,323.72,
TBW009,2023-10-07 15:10:00,323.72,
TBW009,2023-10-07 15:20:00,323.72,
TBW009,2023-10-07 15:30:00,323.72,
TBW009,2023-10-07 15:40:00,323.72,
TBW009,2023-10-07 15:50:00,323.72,
TBW009,2023-10-07 16:00:00,323.72,
TBW009,2023-10-07 16:10:00,323.72,
TBW009,2023-10-07 16:20:00,323.72,
TBW009,2023-10-07 16:30:00,323.72,
TBW009,2023-10-07 16:40:00,323.72,
TBW009,2023-10-07 16:50:00,323.72,
TBW009,2023-10-07 17:00:00,323.72,
TBW009,2023-10-07 17:10:00,323.72,
TBW009,2023-10-07 17:20:00,323.72,
TBW009,2023-10-07 17:30:00,323.72,
TBW009,2023-10-07 17:40:00,323.72,
TBW009,2023-10-07 17:50:00,323.72,
TBW009,2023-10-07 18:00:00,323.72,
TBW009,2023-10-07 18:10:00,323.72,
TBW009,2023-10-07 18:20:00,323.72,
TBW009,2023-10-07 18:30:00,323.72,
TBW009,2023-10-07 18:40:00,323.72,
TBW009,2023-10-07 18:50:00,323.72,
TBW009,2023-10-07 19:00:00,323.72,
TBW009,2023-10-07 19:10:00,323.72,
TBW009,2023-10-07 19:20:00,323.72,
TBW009,2023-10-07 19:30:00,323.72,
TBW009,2023-10-07 19:40:00,323.72,
TBW009,2023-10-07 19:50:00,323.72,
TBW009,2023-10-07 20:00:00,323.72,
TBW009,2023-10-07 20:10:00,323.72,
TBW009,2023-10-07 20:20:00,323.72,
TBW009,2023-10-07 20:30:00,323.72,
TBW009,2023-10-07 20:40:00,323.72,
TBW009,2023-10-07 20:50:00,323.72,
TBW009,2023-10-07 21:00:00,323.72,
TBW009,2023-10-07 21:10:00,323.72,
TBW009,2023-10-07 21:20:00,323.72,
TBW009,2023-10-07 21:30:00,323.72,
TBW009,2023-10-07 21:40:00,323.72,
TBW009,2023-10-07 21:50:00,323.72,
TBW009,2023-10-07 22:00:00,323.72,
TBW009,2023-10-07 22:10:00,323.72,
TBW009,2023-10-07 22:20:00,323.72,
TBW009,2023-10-07 22:30:00,323.72,
TBW009,2023-10-07 22:40:00,323.72,
TBW009,2023-10-07 22:50:00,323.72,
TBW009,2023-10-07 23:00:00,323.72,
TBW009,2023-10-07 23:10:00,323.72,
TBW009,2023-10-07 23:20:00,323.72,
TBW009,2023-10-07 23:30:00,323.72,
TBW009,2023-10-07 23:40:00,323.72,
TBW009,2023-10-07 23:50:00,323.72,
TBW009,2023-10-08 00:00:00,323.72,
TBW009,2023-10-08 00:10:00,323.73,
TBW009,2023-10-08 00:20:00,323.72,
TBW009,2023-10-08 00:30:00,323.73,
TBW009,2023-10-08 00:40:00,323.73,
TBW009,2023-10-08 00:50:00,323.73,
TBW009,2023-10-08 01:00:00,323.72,
TBW009,2023-10-08 01:10:00,323.72,
TBW009,2023-10-08 01:20:00,323.72,
TBW009,2023-10-08 01:30:00,323.72,
TBW009,2023-10-08 01:40:00,323.72,
TBW009,2023-10-08 01:50:00,323.73,
TBW009,2023-10-08 02:00:00,323.72,
TBW009,2023-10-08 02:10:00,323.72,
TBW009,2023-10-08 02:20:00,323.72,
TBW009,2023-10-08 02:30:00,323.73,
TBW009,2023-10-08 02:40:00,323.73,
TBW009,2023-10-08 02:50:00,323.72,
TBW009,2023-10-08 03:00:00,323.72,
TBW009,2023-10-08 03:10:00,323.72,
TBW009,2023-10-08 03:20:00,323.72,
TBW009,2023-10-08 03:30:00,323.73,
TBW009,2023-10-08 03:40:00,323.72,
TBW009,2023-10-08 03:50:00,323.72,
TBW009,2023-10-08 04:00:00,323.72,
TBW009,2023-10-08 04:10:00,323.72,
TBW009,2023-10-08 04:20:00,323.72,
TBW009,2023-10-08 04:30:00,323.73,
TBW009,2023-10-08 04:40:00,323.72,
TBW009,2023-10-08 04:50:00,323.72,
TBW009,2023-10-08 05:00:00,323.72,
TBW009,2023-10-08 05:10:00,323.73,
TBW009,2023-10-08 05:20:00,323.72,
TBW009,2023-10-08 05:30:00,323.73,
TBW009,2023-10-08 05:40:00,323.72,
TBW009,2023-10-08 05:50:00,323.72,
TBW009,2023-10-08 06:00:00,323.72,
TBW009,2023-10-08 06:10:00,323.73,
TBW009,2023-10-08 06:20:00,323.72,
TBW009,2023-10-08 06:30:00,323.72,
TBW009,2023-10-08 06:40:00,323.72,
TBW009,2023-10-08 06:50:00,323.73,
TBW009,2023-10-08 07:00:00,323.72,
TBW009,2023-10-08 07:10:00,323.72,
TBW009,2023-10-08 07:20:00,323.72,
TBW009,2023-10-08 07:30:00,323.72,
TBW009,2023-10-08 07:40:00,323.72,
TBW009,2023-10-08 07:50:00,323.72,
TBW009,2023-10-08 08:00:00,323.72,
TBW009,2023-10-08 08:10:00,323.72,
TBW009,2023-10-08 08:20:00,323.72,
TBW009,2023-10-08 08:30:00,323.72,
TBW009,2023-10-08 08:40:00,323.72,
TBW009,2023-10-08 08:50:00,323.72,
TBW009,2023-10-08 09:00:00,323.72,
TBW009,2023-10-08 09:10:00,323.72,
TBW009,2023-10-08 09:20:00,323.72,
TBW009,2023-10-08 09:30:00,323.72,
TBW009,2023-10-08 09:40:00,323.72,
TBW009,2023-10-08 09:50:00,323.72,
TBW009,2023-10-08 10:00:00,323.72,
TBW009,2023-10-08 10:10:00,323.72,
TBW009,2023-10-08 10:20:00,323.72,
TBW009,2023-10-08 10:30:00,323.72,
TBW009,2023-10-08 10:40:00,323.72,
TBW009,2023-10-08 10:50:00,323.72,
TBW009,2023-10-08 11:00:00,323.72,
TBW009,2023-10-08 11:10:00,323.72,
TBW009,2023-10-08 11:20:00,323.72,
TBW009,2023-10-08 11:30:00,323.72,
TBW009,2023-10-08 11:40:00,323.72,
TBW009,2023-10-08 11:50:00,323.72,
TBW009,2023-10-08 12:00:00,323.72,
TBW009,2023-10-08 12:10:00,323.72,
TBW009,2023-10-08 12:20:00,323.72,
TBW009,2023-10-08 12:30:00,323.72,
TBW009,2023-10-08 12:40:00,323.72,
TBW009,2023-10-08 12:50:00,323.72,
TBW009,2023-10-08 13:00:00,323.72,
TBW009,2023-10-08 13:10:00,323.72,
TBW009,2023-10-08 13:20:00,323.72,
TBW009,2023-10-08 13:30:00,323.72,
TBW009,2023-10-08 13:40:00,323.72,
TBW009,2023-10-08 13:50:00,323.72,
TBW009,2023-10-08 14:00:00,323.72,
TBW009,2023-10-08 14:10:00,323.72,
TBW009,2023-10-08 14:20:00,323.72,
TBW009,2023-10-08 14:30:00,323.72,
TBW009,2023-10-08 14:40:00,323.72,
TBW009,2023-10-08 14:50:00,323.72,
TBW009,2023-10-08 15:00:00,323.72,
TBW009,2023-10-08 15:10:00,323.72,
TBW009,2023-10-08 15:20:00,323.72,
TBW009,2023-10-08 15:30:00,323.72,
TBW009,2023-10-08 15:40:00,323.72,
TBW009,2023-10-08 15:50:00,323.72,
TBW009,2023-10-08 16:00:00,323.72,
TBW009,2023-10-08 16:10:00,323.72,
TBW009,2023-10-08 16:20:00,323.72,
TBW009,2023-10-08 16:30:00,323.72,
TBW009,2023-10-08 16:40:00,323.72,
TBW009,2023-10-08 16:50:00,323.72,
TBW009,2023-10-08 17:00:00,323.72,
TBW009,2023-10-08 17:10:00,323.72,
TBW009,2023-10-08 17:20:00,323.72,
TBW009,2023-10-08 17:30:00,323.72,
TBW009,2023-10-08 17:40:00,323.72,
TBW009,2023-10-08 17:50:00,323.72,
TBW009,2023-10-08 18:00:00,323.72,
TBW009,2023-10-08 18:10:00,323.72,
TBW009,2023-10-08 18:20:00,323.72,
TBW009,2023-10-08 18:30:00,323.72,
TBW009,2023-10-08 18:40:00,323.72,
TBW009,2023-10-08 18:50:00,-,
TBW009,2023-10-08 19:00:00,323.72,
TBW009,2023-10-08 19:10:00,323.72,
TBW009,2023-10-08 19:20:00,323.72,
TBW009,2023-10-08 19:30:00,-,
TBW009,2023-10-08 19:40:00,323.72,
TBW009,2023-10-08 19:50:00,323.72,
TBW009,2023-10-08 20:00:00,323.72,
TBW009,2023-10-08 20:10:00,323.73,
TBW009,2023-10-08 20:20:00,323.72,
TBW009,2023-10-08 20:30:00,323.72,
TBW009,2023-10-08 20:40:00,323.72,
TBW009,2023-10-08 20:50:00,323.72,
TBW009,2023-10-08 21:00:00,323.72,
TBW009,2023-10-08 21:10:00,323.73,
TBW009,2023-10-08 21:20:00,323.74,
TBW009,2023-10-08 21:30:00,323.75,
TBW009,2023-10-08 21:40:00,323.76,
TBW009,2023-10-08 21:50:00,323.77,
TBW009,2023-10-08 22:00:00,323.77,
TBW009,2023-10-08 22:10:00,323.77,
TBW009,2023-10-08 22:20:00,323.78,
TBW009,2023-10-08 22:30:00,323.77,
TBW009,2023-10-08 22:40:00,323.77,
TBW009,2023-10-08 22:50:00,323.78,
TBW009,2023-10-08 23:00:00,323.78,
TBW009,2023-10-08 23:10:00,323.79,
TBW009,2023-10-08 23:20:00,323.79,
TBW009,2023-10-08 23:30:00,323.8,
TBW009,2023-10-08 23:40:00,323.79,
TBW009,2023-10-08 23:50:00,323.8,
TBW009,2023-10-09 00:00:00,323.8,
TBW009,2023-10-09 00:10:00,323.81,
TBW009,2023-10-09 00:20:00,323.81,
TBW009,2023-10-09 00:30:00,323.81,
TBW009,2023-10-09 00:40:00,323.81,
TBW009,2023-10-09 00:50:00,323.81,
TBW009,2023-10-09 01:00:00,323.81,
TBW009,2023-10-09 01:10:00,323.81,
TBW009,2023-10-09 01:20:00,-,
TBW009,2023-10-09 01:30:00,323.81,
TBW009,2023-10-09 01:40:00,323.81,
TBW009,2023-10-09 01:50:00,323.81,
TBW009,2023-10-09 02:00:00,323.82,
TBW009,2023-10-09 02:10:00,323.81,
TBW009,2023-10-09 02:20:00,323.82,
TBW009,2023-10-09 02:30:00,323.82,
TBW009,2023-10-09 02:40:00,323.82,
TBW009,2023-10-09 02:50:00,323.82,
TBW009,2023-10-09 03:00:00,323.82,
TBW009,2023-10-09 03:10:00,323.82,
TBW009,2023-10-09 03:20:00,323.82,
TBW009,2023-10-09 03:30:00,323.82,
TBW009,2023-10-09 03:40:00,323.82,
TBW009,2023-10-09 03:50:00,323.82,
TBW009,2023-10-09 04:00:00,323.82,
TBW009,2023-10-09 04:10:00,323.83,
TBW009,2023-10-09 04:20:00,323.83,
TBW009,2023-10-09 04:30:00,323.83,
TBW009,2023-10-09 04:40:00,323.83,
TBW009,2023-10-09 04:50:00,323.82,
TBW009,2023-10-09 05:00:00,323.83,
TBW009,2023-10-09 05:10:00,323.83,
TBW009,2023-10-09 05:20:00,323.83,
TBW009,2023-10-09 05:30:00,323.83,
TBW009,2023-10-09 05:40:00,323.83,
TBW009,2023-10-09 05:50:00,323.83,
TBW009,2023-10-09 06:00:00,323.83,
TBW009,2023-10-09 06:10:00,323.83,
TBW009,2023-10-09 06:20:00,323.83,
TBW009,2023-10-09 06:30:00,323.83,
TBW009,2023-10-09 06:40:00,323.83,
TBW009,2023-10-09 06:50:00,323.83,
TBW009,2023-10-09 07:00:00,323.83,
TBW009,2023-10-09 07:10:00,323.83,
TBW009,2023-10-09 07:20:00,323.83,
TBW009,2023-10-09 07:30:00,323.83,
TBW009,2023-10-09 07:40:00,323.84,
TBW009,2023-10-09 07:50:00,323.84,
TBW009,2023-10-09 08:00:00,323.84,
TBW009,2023-10-09 08:10:00,323.84,
TBW009,2023-10-09 08:20:00,323.84,
TBW009,2023-10-09 08:30:00,323.84,
TBW009,2023-10-09 08:40:00,323.84,
TBW009,2023-10-09 08:50:00,323.84,
TBW009,2023-10-09 09:00:00,323.84,
TBW009,2023-10-09 09:10:00,323.84,
TBW009,2023-10-09 09:20:00,323.84,
TBW009,2023-10-09 09:30:00,323.84,
TBW009,2023-10-09 09:40:00,323.84,
TBW009,2023-10-09 09:50:00,323.84,
TBW009,2023-10-09 10:00:00,323.84,
TBW009,2023-10-09 10:10:00,323.84,
TBW009,2023-10-09 10:20:00,323.84,
TBW009,2023-10-09 10:30:00,323.84,
TBW009,2023-10-09 10:40:00,323.84,
TBW009,2023-10-09 10:50:00,323.84,
TBW009,2023-10-09 11:00:00,323.84,
TBW009,2023-10-09 11:10:00,323.84,
TBW009,2023-10-09 11:20:00,323.84,
TBW009,2023-10-09 11:30:00,323.84,
TBW009,2023-10-09 11:40:00,323.84,
TBW009,2023-10-09 11:50:00,323.84,
TBW009,2023-10-09 12:00:00,323.84,
TBW009,2023-10-09 12:10:00,323.84,
TBW009,2023-10-09 12:20:00,323.84,
TBW009,2023-10-09 12:30:00,323.84,
TBW009,2023-10-09 12:40:00,323.84,
TBW009,2023-10-09 12:50:00,323.84,
TBW009,2023-10-09 13:00:00,323.84,
TBW009,2023-10-09 13:10:00,323.84,
TBW009,2023-10-09 13:20:00,323.85,
TBW009,2023-10-09 13:30:00,323.84,
TBW009,2023-10-09 13:40:00,323.85,
TBW009,2023-10-09 13:50:00,323.85,
TBW009,2023-10-09 14:00:00,323.84,
TBW009,2023-10-09 14:10:00,323.85,
TBW009,2023-10-09 14:20:00,323.85,
TBW009,2023-10-09 14:30:00,323.84,
TBW009,2023-10-09 14:40:00,323.85,
TBW009,2023-10-09 14:50:00,323.85,
TBW009,2023-10-09 15:00:00,323.85,
TBW009,2023-10-09 15:10:00,323.85,
TBW009,2023-10-09 15:20:00,323.85,
TBW009,2023-10-09 15:30:00,323.85,
TBW009,2023-10-09 15:40:00,323.85,
TBW009,2023-10-09 15:50:00,323.85,
TBW009,2023-10-09 16:00:00,323.85,
TBW009,2023-10-09 16:10:00,-,
TBW009,2023-10-09 16:20:00,323.85,
TBW009,2023-10-09 16:30:00,323.85,
TBW009,2023-10-09 16:40:00,323.86,
TBW009,2023-10-09 16:50:00,323.86,
TBW009,2023-10-09 17:00:00,323.87,
TBW009,2023-10-09 17:10:00,323.87,
TBW009,2023-10-09 17:20:00,323.87,
TBW009,2023-10-09 17:30:00,323.87,
TBW009,2023-10-09 17:40:00,323.87,
TBW009,2023-10-09 17:50:00,323.87,
TBW009,2023-10-09 18:00:00,323.87,
TBW009,2023-10-09 18:10:00,323.87,
TBW009,2023-10-09 18:20:00,323.87,
TBW009,2023-10-09 18:30:00,323.87,
TBW009,2023-10-09 18:40:00,323.88,
TBW009,2023-10-09 18:50:00,323.88,
TBW009,2023-10-09 19:00:00,323.88,
TBW009,2023-10-09 19:10:00,323.88,
TBW009,2023-10-09 19:20:00,323.88,
TBW009,2023-10-09 19:30:00,323.88,
TBW009,2023-10-09 19:40:00,323.88,
TBW009,2023-10-09 19:50:00,323.88,
TBW009,2023-10-09 20:00:00,323.88,
TBW009,2023-10-09 20:10:00,323.88,
TBW009,2023-10-09 20:20:00,323.88,
TBW009,2023-10-09 20:30:00,323.88,
TBW009,2023-10-09 20:40:00,323.89,
TBW009,2023-10-09 20:50:00,323.88,
TBW009,2023-10-09 21:00:00,323.89,
TBW009,2023-10-09 21:10:00,323.89,
TBW009,2023-10-09 21:20:00,323.89,
TBW009,2023-10-09 21:30:00,323.89,
TBW009,2023-10-09 21:40:00,323.89,
TBW009,2023-10-09 21:50:00,323.89,
TBW009,2023-10-09 22:00:00,323.89,
TBW009,2023-10-09 22:10:00,323.89,
TBW009,2023-10-09 22:20:00,323.89,
TBW009,2023-10-09 22:30:00,323.89,
TBW009,2023-10-09 22:40:00,323.89,
TBW009,2023-10-09 22:50:00,323.89,
TBW009,2023-10-09 23:00:00,323.89,
TBW009,2023-10-09 23:10:00,323.89,
TBW009,2023-10-09 23:20:00,323.89,
TBW009,2023-10-09 23:30:00,323.89,
TBW009,2023-10-09 23:40:00,323.89,
TBW009,2023-10-09 23:50:00,323.89,
TBW009,2023-10-10 00:00:00,323.89,
TBW009,2023-10-10 00:10:00,323.89,
TBW009,2023-10-10 00:20:00,323.89,
TBW009,2023-10-10 00:30:00,323.89,
TBW009,2023-10-10 00:40:00,323.89,
TBW009,2023-10-10 00:50:00,323.89,
TBW009,2023-10-10 01:00:00,323.89,
TBW009,2023-10-10 01:10:00,323.89,
TBW009,2023-10-10 01:20:00,323.9,
TBW009,2023-10-10 01:30:00,323.9,
TBW009,2023-10-10 01:40:00,323.89,
TBW009,2023-10-10 01:50:00,323.89,
TBW009,2023-10-10 02:00:00,323.9,
TBW009,2023-10-10 02:10:00,323.9,
TBW009,2023-10-10 02:20:00,323.89,
TBW009,2023-10-10 02:30:00,323.9,
TBW009,2023-10-10 02:40:00,323.9,
TBW009,2023-10-10 02:50:00,323.89,
TBW009,2023-10-10 03:00:00,323.9,
TBW009,2023-10-10 03:10:00,323.9,
TBW009,2023-10-10 03:20:00,323.9,
TBW009,2023-10-10 03:30:00,323.9,
TBW009,2023-10-10 03:40:00,323.91,
TBW009,2023-10-10 03:50:00,323.9,
TBW009,2023-10-10 04:00:00,323.91,
TBW009,2023-10-10 04:10:00,323.9,
TBW009,2023-10-10 04:20:00,323.9,
TBW009,2023-10-10 04:30:00,323.9,
TBW009,2023-10-10 04:40:00,323.9,
TBW009,2023-10-10 04:50:00,323.91,
TBW009,2023-10-10 05:00:00,323.91,
TBW009,2023-10-10 05:10:00,323.91,
TBW009,2023-10-10 05:20:00,323.91,
TBW009,2023-10-10 05:30:00,323.9,
TBW009,2023-10-10 05:40:00,323.9,
TBW009,2023-10-10 05:50:00,323.91,
TBW009,2023-10-10 06:00:00,323.91,
TBW009,2023-10-10 06:10:00,323.91,
TBW009,2023-10-10 06:20:00,323.9,
TBW009,2023-10-10 06:30:00,323.91,
TBW009,2023-10-10 06:40:00,323.91,
TBW009,2023-10-10 06:50:00,323.91,
TBW009,2023-10-10 07:00:00,323.91,
TBW009,2023-10-10 07:10:00,323.91,
TBW009,2023-10-10 07:20:00,323.91,
TBW009,2023-10-10 07:30:00,323.91,
TBW009,2023-10-10 07:40:00,323.91,
TBW009,2023-10-10 07:50:00,323.91,
TBW009,2023-10-10 08:00:00,323.91,
TBW009,2023-10-10 08:10:00,323.91,
TBW009,2023-10-10 08:20:00,323.91,
TBW009,2023-10-10 08:30:00,323.91,
TBW009,2023-10-10 08:40:00,323.91,
TBW009,2023-10-10 08:50:00,323.91,
TBW009,2023-10-10 09:00:00,323.9,
TBW009,2023-10-10 09:10:00,323.91,
TBW009,2023-10-10 09:20:00,323.9,
TBW009,2023-10-10 09:30:00,323.91,
TBW009,2023-10-10 09:40:00,323.9,
TBW009,2023-10-10 09:50:00,323.91,
TBW009,2023-10-10 10:00:00,323.92,
TBW009,2023-10-10 10:10:00,323.9,
TBW009,2023-10-10 10:20:00,323.9,
TBW009,2023-10-10 10:30:00,323.9,
TBW009,2023-10-10 10:40:00,323.9,
TBW009,2023-10-10 10:50:00,323.91,
TBW009,2023-10-10 11:00:00,323.9,
TBW009,2023-10-10 11:10:00,323.9,
TBW009,2023-10-10 11:20:00,323.91,
TBW009,2023-10-10 11:30:00,323.9,
TBW009,2023-10-10 11:40:00,323.9,
TBW009,2023-10-10 11:50:00,323.9,
TBW009,2023-10-10 12:00:00,323.9,
TBW009,2023-10-10 12:10:00,323.91,
TBW009,2023-10-10 12:20:00,323.9,
TBW009,2023-10-10 12:30:00,323.91,
TBW009,2023-10-10 12:40:00,323.9,
TBW009,2023-10-10 12:50:00,323.9,
TBW009,2023-10-10 13:00:00,323.91,
TBW009,2023-10-10 13:10:00,323.9,
TBW009,2023-10-10 13:20:00,323.9,
TBW009,2023-10-10 13:30:00,323.91,
TBW009,2023-10-10 13:40:00,323.91,
TBW009,2023-10-10 13:50:00,323.9,
TBW009,2023-10-10 14:00:00,323.91,
TBW009,2023-10-10 14:10:00,323.9,
TBW009,2023-10-10 14:20:00,323.9,
TBW009,2023-10-10 14:30:00,323.9,
TBW009,2023-10-10 14:40:00,323.91,
TBW009,2023-10-10 14:50:00,323.91,
TBW009,2023-10-10 15:00:00,323.9,
TBW009,2023-10-10 15:10:00,323.91,
TBW009,2023-10-10 15:20:00,323.91,
TBW009,2023-10-10 15:30:00,323.91,
TBW009,2023-10-10 15:40:00,323.91,
TBW009,2023-10-10 15:50:00,323.91,
TBW009,2023-10-10 16:00:00,323.91,
TBW009,2023-10-10 16:10:00,323.91,
TBW009,2023-10-10 16:20:00,323.91,
TBW009,2023-10-10 16:30:00,323.91,
TBW009,2023-10-10 16:40:00,323.91,
TBW009,2023-10-10 16:50:00,323.91,
TBW009,2023-10-10 17:00:00,323.91,
TBW009,2023-10-10 17:10:00,323.91,
TBW009,2023-10-10 17:20:00,323.91,
TBW009,2023-10-10 17:30:00,323.91,
TBW009,2023-10-10 17:40:00,323.91,
TBW009,2023-10-10 17:50:00,323.91,
TBW009,2023-10-10 18:00:00,323.91,
TBW009,2023-10-10 18:10:00,323.91,
TBW009,2023-10-10 18:20:00,323.91,
TBW009,2023-10-10 18:30:00,323.91,
TBW009,2023-10-10 18:40:00,323.91,
TBW009,2023-10-10 18:50:00,323.91,
TBW009,2023-10-10 19:00:00,323.91,
TBW009,2023-10-10 19:10:00,323.91,
TBW009,2023-10-10 19:20:00,323.91,
TBW009,2023-10-10 19:30:00,323.91,
TBW009,2023-10-10 19:40:00,323.91,
TBW009,2023-10-10 19:50:00,323.91,
TBW009,2023-10-10 20:00:00,323.92,
TBW009,2023-10-10 20:10:00,323.91,
TBW009,2023-10-10 20:20:00,-,
TBW009,2023-10-10 20:30:00,323.91,
TBW009,2023-10-10 20:40:00,323.91,
TBW009,2023-10-10 20:50:00,323.91,
TBW009,2023-10-10 21:00:00,323.91,
TBW009,2023-10-10 21:10:00,323.92,
TBW009,2023-10-10 21:20:00,323.92,
TBW009,2023-10-10 21:30:00,323.92,
TBW009,2023-10-10 21:40:00,323.92,
TBW009,2023-10-10 21:50:00,323.92,
TBW009,2023-10-10 22:00:00,323.91,
TBW009,2023-10-10 22:10:00,323.92,
TBW009,2023-10-10 22:20:00,323.92,
TBW009,2023-10-10 22:30:00,323.92,
TBW009,2023-10-10 22:40:00,323.92,
TBW009,2023-10-10 22:50:00,323.92,
TBW009,2023-10-10 23:00:00,323.91,
TBW009,2023-10-10 23:10:00,323.92,
TBW009,2023-10-10 23:20:00,323.92,
TBW009,2023-10-10 23:30:00,323.91,
TBW009,2023-10-10 23:40:00,323.92,
TBW009,2023-10-10 23:50:00,323.92,
TBW009,2023-10-11 00:00:00,323.91,
TBW009,2023-10-11 00:10:00,323.92,
TBW009,2023-10-11 00:20:00,323.91,
TBW009,2023-10-11 00:30:00,323.91,
TBW009,2023-10-11 00:40:00,323.91,
TBW009,2023-10-11 00:50:00,323.92,
TBW009,2023-10-11 01:00:00,323.91,
TBW009,2023-10-11 01:10:00,323.92,
TBW009,2023-10-11 01:20:00,323.92,
TBW009,2023-10-11 01:30:00,323.92,
TBW009,2023-10-11 01:40:00,323.92,
TBW009,2023-10-11 01:50:00,323.92,
TBW009,2023-10-11 02:00:00,323.92,
TBW009,2023-10-11 02:10:00,323.92,
TBW009,2023-10-11 02:20:00,323.92,
TBW009,2023-10-11 02:30:00,323.92,
TBW009,2023-10-11 02:40:00,323.92,
TBW009,2023-10-11 02:50:00,323.91,
TBW009,2023-10-11 03:00:00,323.92,
TBW009,2023-10-11 03:10:00,323.92,
TBW009,2023-10-11 03:20:00,323.92,
TBW009,2023-10-11 03:30:00,323.92,
TBW009,2023-10-11 03:40:00,323.92,
TBW009,2023-10-11 03:50:00,323.92,
TBW009,2023-10-11 04:00:00,323.92,
TBW009,2023-10-11 04:10:00,323.92,
TBW009,2023-10-11 04:20:00,323.92,
TBW009,2023-10-11 04:30:00,323.92,
TBW009,2023-10-11 04:40:00,323.92,
TBW009,2023-10-11 04:50:00,323.92,
TBW009,2023-10-11 05:00:00,323.92,
TBW009,2023-10-11 05:10:00,323.92,
TBW009,2023-10-11 05:20:00,323.92,
TBW009,2023-10-11 05:30:00,323.92,
TBW009,2023-10-11 05:40:00,323.92,
TBW009,2023-10-11 05:50:00,323.92,
TBW009,2023-10-11 06:00:00,323.92,
TBW009,2023-10-11 06:10:00,323.92,
TBW009,2023-10-11 06:20:00,323.92,
TBW009,2023-10-11 06:30:00,323.92,
TBW009,2023-10-11 06:40:00,323.92,
TBW009,2023-10-11 06:50:00,323.92,
TBW009,2023-10-11 07:00:00,323.92,
TBW009,2023-10-11 07:10:00,323.92,
TBW009,2023-10-11 07:20:00,323.92,
TBW009,2023-10-11 07:30:00,323.92,
TBW009,2023-10-11 07:40:00,323.92,
TBW009,2023-10-11 07:50:00,323.92,
TBW009,2023-10-11 08:00:00,323.92,
TBW009,2023-10-11 08:10:00,323.92,
TBW009,2023-10-11 08:20:00,323.92,
TBW009,2023-10-11 08:30:00,323.92,
TBW009,2023-10-11 08:40:00,323.92,
TBW009,2023-10-11 08:50:00,323.92,
TBW009,2023-10-11 09:00:00,323.92,
TBW009,2023-10-11 09:10:00,323.92,
TBW009,2023-10-11 09:20:00,323.92,
TBW009,2023-10-11 09:30:00,323.92,
TBW009,2023-10-11 09:40:00,323.92,
TBW009,2023-10-11 09:50:00,323.92,
TBW009,2023-10-11 10:00:00,323.92,
TBW009,2023-10-11 10:10:00,323.92,
TBW009,2023-10-11 10:20:00,323.92,
TBW009,2023-10-11 10:30:00,323.92,
TBW009,2023-10-11 10:40:00,323.92,
TBW009,2023-10-11 10:50:00,323.92,
TBW009,2023-10-11 11:00:00,323.92,
TBW009,2023-10-11 11:10:00,323.92,
TBW009,2023-10-11 11:20:00,323.92,
TBW009,2023-10-11 11:30:00,323.92,
TBW009,2023-10-11 11:40:00,323.92,
TBW009,2023-10-11 11:50:00,323.92,
TBW009,2023-10-11 12:00:00,323.92,
TBW009,2023-10-11 12:10:00,323.92,
TBW009,2023-10-11 12:20:00,323.92,
TBW009,2023-10-11 12:30:00,323.92,
TBW009,2023-10-11 12:40:00,323.92,
TBW009,2023-10-11 12:50:00,323.92,
TBW009,2023-10-11 13:00:00,323.92,
TBW009,2023-10-11 13:10:00,323.92,
TBW009,2023-10-11 13:20:00,323.92,
TBW009,2023-10-11 13:30:00,323.92,
TBW009,2023-10-11 13:40:00,323.92,
TBW009,2023-10-11 13:50:00,323.92,
TBW009,2023-10-11 14:00:00,323.92,
TBW009,2023-10-11 14:10:00,323.92,
TBW009,2023-10-11 14:20:00,323.92,
TBW009,2023-10-11 14:30:00,323.92,
TBW009,2023-10-11 14:40:00,323.92,
TBW009,2023-10-11 14:50:00,323.92,
TBW009,2023-10-11 15:00:00,323.92,
TBW009,2023-10-11 15:10:00,323.92,
TBW009,2023-10-11 15:20:00,323.92,
TBW009,2023-10-11 15:30:00,323.92,
TBW009,2023-10-11 15:40:00,323.92,
TBW009,2023-10-11 15:50:00,323.92,
TBW009,2023-10-11 16:00:00,323.92,
TBW009,2023-10-11 16:10:00,323.92,
TBW009,2023-10-11 16:20:00,323.92,
TBW009,2023-10-11 16:30:00,323.92,
TBW009,2023-10-11 16:40:00,323.92,
TBW009,2023-10-11 16:50:00,323.92,
TBW009,2023-10-11 17:00:00,323.92,
TBW009,2023-10-11 17:10:00,323.92,
TBW009,2023-10-11 17:20:00,323.92,
TBW009,2023-10-11 17:30:00,323.92,
TBW009,2023-10-11 17:40:00,323.92,
TBW009,2023-10-11 17:50:00,323.92,
TBW009,2023-10-11 18:00:00,323.92,
TBW009,2023-10-11 18:10:00,323.92,
TBW009,2023-10-11 18:20:00,323.92,
TBW009,2023-10-11 18:30:00,323.92,
TBW009,2023-10-11 18:40:00,323.92,
TBW009,2023-10-11 18:50:00,323.92,
TBW009,2023-10-11 19:00:00,323.92,
TBW009,2023-10-11 19:10:00,323.92,
TBW009,2023-10-11 19:20:00,323.92,
TBW009,2023-10-11 19:30:00,323.92,
TBW009,2023-10-11 19:40:00,323.92,
TBW009,2023-10-11 19:50:00,323.92,
TBW009,2023-10-11 20:00:00,323.92,
TBW009,2023-10-11 20:10:00,-,
TBW009,2023-10-11 20:20:00,323.92,
TBW009,2023-10-11 20:30:00,323.92,
TBW009,2023-10-11 20:40:00,323.92,
TBW009,2023-10-11 20:50:00,323.92,
TBW009,2023-10-11 21:00:00,323.92,
TBW009,2023-10-11 21:10:00,323.92,
TBW009,2023-10-11 21:20:00,323.92,
TBW009,2023-10-11 21:30:00,323.92,
TBW009,2023-10-11 21:40:00,323.92,
TBW009,2023-10-11 21:50:00,323.92,
TBW009,2023-10-11 22:00:00,323.92,
TBW009,2023-10-11 22:10:00,323.92,
TBW009,2023-10-11 22:20:00,323.92,
TBW009,2023-10-11 22:30:00,323.92,
TBW009,2023-10-11 22:40:00,323.92,
TBW009,2023-10-11 22:50:00,-,
TBW009,2023-10-11 23:00:00,323.92,
TBW009,2023-10-11 23:10:00,323.92,
TBW009,2023-10-11 23:20:00,323.92,
TBW009,2023-10-11 23:30:00,323.92,
TBW009,2023-10-11 23:40:00,323.92,
TBW009,2023-10-11 23:50:00,323.92,
TBW009,2023-10-12 00:00:00,323.92,
TBW009,2023-10-12 00:10:00,323.92,
TBW009,2023-10-12 00:20:00,323.92,
TBW009,2023-10-12 00:30:00,323.92,
TBW009,2023-10-12 00:40:00,323.92,
TBW009,2023-10-12 00:50:00,323.93,
TBW009,2023-10-12 01:00:00,323.92,
TBW009,2023-10-12 01:10:00,323.93,
TBW009,2023-10-12 01:20:00,323.93,
TBW009,2023-10-12 01:30:00,323.93,
TBW009,2023-10-12 01:40:00,323.93,
TBW009,2023-10-12 01:50:00,323.93,
TBW009,2023-10-12 02:00:00,323.93,
TBW009,2023-10-12 02:10:00,323.93,
TBW009,2023-10-12 02:20:00,323.93,
TBW009,2023-10-12 02:30:00,323.93,
TBW009,2023-10-12 02:40:00,323.93,
TBW009,2023-10-12 02:50:00,323.93,
TBW009,2023-10-12 03:00:00,323.93,
TBW009,2023-10-12 03:10:00,323.93,
TBW009,2023-10-12 03:20:00,323.94,
TBW009,2023-10-12 03:30:00,323.93,
TBW009,2023-10-12 03:40:00,323.93,
TBW009,2023-10-12 03:50:00,323.93,
TBW009,2023-10-12 04:00:00,323.93,
TBW009,2023-10-12 04:10:00,323.93,
TBW009,2023-10-12 04:20:00,323.93,
TBW009,2023-10-12 04:30:00,323.93,
TBW009,2023-10-12 04:40:00,323.93,
TBW009,2023-10-12 04:50:00,323.93,
TBW009,2023-10-12 05:00:00,323.93,
TBW009,2023-10-12 05:10:00,323.93,
TBW009,2023-10-12 05:20:00,323.93,
TBW009,2023-10-12 05:30:00,323.93,
TBW009,2023-10-12 05:40:00,323.93,
TBW009,2023-10-12 05:50:00,323.93,
TBW009,2023-10-12 06:00:00,323.93,
TBW009,2023-10-12 06:10:00,323.93,
TBW009,2023-10-12 06:20:00,323.93,
TBW009,2023-10-12 06:30:00,323.93,
TBW009,2023-10-12 06:40:00,323.93,
TBW009,2023-10-12 06:50:00,323.93,
TBW009,2023-10-12 07:00:00,323.93,
TBW009,2023-10-12 07:10:00,323.93,
TBW009,2023-10-12 07:20:00,323.93,
TBW009,2023-10-12 07:30:00,323.93,
TBW009,2023-10-12 07:40:00,323.93,
TBW009,2023-10-12 07:50:00,323.93,
TBW009,2023-10-12 08:00:00,323.93,
TBW009,2023-10-12 08:10:00,323.93,
TBW009,2023-10-12 08:20:00,323.93,
TBW009,2023-10-12 08:30:00,323.93,
TBW009,2023-10-12 08:40:00,323.93,
TBW009,2023-10-12 08:50:00,323.93,
TBW009,2023-10-12 09:00:00,323.93,
TBW009,2023-10-12 09:10:00,323.93,
TBW009,2023-10-12 09:20:00,323.93,
TBW009,2023-10-12 09:30:00,323.93,
TBW009,2023-10-12 09:40:00,323.93,
TBW009,2023-10-12 09:50:00,323.93,
TBW009,2023-10-12 10:00:00,323.93,
TBW009,2023-10-12 10:10:00,323.93,
TBW009,2023-10-12 10:20:00,323.93,
TBW009,2023-10-12 10:30:00,323.93,
TBW009,2023-10-12 10:40:00,323.93,
TBW009,2023-10-12 10:50:00,323.93,
TBW009,2023-10-12 11:00:00,323.93,
TBW009,2023-10-12 11:10:00,323.93,
TBW009,2023-10-12 11:20:00,323.93,
TBW009,2023-10-12 11:30:00,323.93,
TBW009,2023-10-12 11:40:00,323.93,
TBW009,2023-10-12 11:50:00,323.93,
TBW009,2023-10-12 12:00:00,323.93,
TBW009,2023-10-12 12:10:00,323.93,
TBW009,2023-10-12 12:20:00,323.93,
TBW009,2023-10-12 12:30:00,323.93,
TBW009,2023-10-12 12:40:00,323.93,
TBW009,2023-10-12 12:50:00,323.93,
TBW009,2023-10-12 13:00:00,323.93,
TBW009,2023-10-12 13:10:00,323.93,
TBW009,2023-10-12 13:20:00,323.93,
TBW009,2023-10-12 13:30:00,323.93,
TBW009,2023-10-12 13:40:00,323.93,
TBW009,2023-10-12 13:50:00,323.93,
TBW009,2023-10-12 14:00:00,323.93,
TBW009,2023-10-12 14:10:00,323.93,
TBW009,2023-10-12 14:20:00,323.93,
TBW009,2023-10-12 14:30:00,323.93,
TBW009,2023-10-12 14:40:00,323.93,
TBW009,2023-10-12 14:50:00,323.93,
TBW009,2023-10-12 15:00:00,323.93,
TBW009,2023-10-12 15:10:00,323.93,
TBW009,2023-10-12 15:20:00,323.93,
TBW009,2023-10-12 15:30:00,323.93,
TBW009,2023-10-12 15:40:00,323.93,
TBW009,2023-10-12 15:50:00,323.93,
TBW009,2023-10-12 16:00:00,323.93,
TBW009,2023-10-12 16:10:00,323.93,
TBW009,2023-10-12 16:20:00,323.93,
TBW009,2023-10-12 16:30:00,323.93,
TBW009,2023-10-12 16:40:00,323.93,
TBW009,2023-10-12 16:50:00,323.93,
TBW009,2023-10-12 17:00:00,323.93,
TBW009,2023-10-12 17:10:00,323.93,
TBW009,2023-10-12 17:20:00,323.93,
TBW009,2023-10-12 17:30:00,323.93,
TBW009,2023-10-12 17:40:00,323.93,
TBW009,2023-10-12 17:50:00,323.93,
TBW009,2023-10-12 18:00:00,323.93,
TBW009,2023-10-12 18:10:00,323.93,
TBW009,2023-10-12 18:20:00,323.93,
TBW009,2023-10-12 18:30:00,323.93,
TBW009,2023-10-12 18:40:00,323.93,
TBW009,2023-10-12 18:50:00,323.93,
TBW009,2023-10-12 19:00:00,323.93,
TBW009,2023-10-12 19:10:00,323.93,
TBW009,2023-10-12 19:20:00,323.93,
TBW009,2023-10-12 19:30:00,323.93,
TBW009,2023-10-12 19:40:00,323.93,
TBW009,2023-10-12 19:50:00,323.93,
TBW009,2023-10-12 20:00:00,323.93,
TBW009,2023-10-12 20:10:00,323.93,
TBW009,2023-10-12 20:20:00,323.93,
TBW009,2023-10-12 20:30:00,323.93,
TBW009,2023-10-12 20:40:00,323.93,
TBW009,2023-10-12 20:50:00,323.93,
TBW009,2023-10-12 21:00:00,323.93,
TBW009,2023-10-12 21:10:00,323.93,
TBW009,2023-10-12 21:20:00,323.93,
TBW009,2023-10-12 21:30:00,323.93,
TBW009,2023-10-12 21:40:00,323.93,
TBW009,2023-10-12 21:50:00,323.93,
TBW009,2023-10-12 22:00:00,323.93,
TBW009,2023-10-12 22:10:00,323.93,
TBW009,2023-10-12 22:20:00,323.93,
TBW009,2023-10-12 22:30:00,323.93,
TBW009,2023-10-12 22:40:00,323.93,
TBW009,2023-10-12 22:50:00,323.93,
TBW009,2023-10-12 23:00:00,323.93,
TBW009,2023-10-12 23:10:00,323.93,
TBW009,2023-10-12 23:20:00,323.93,
TBW009,2023-10-12 23:30:00,323.93,
TBW009,2023-10-12 23:40:00,323.93,
TBW009,2023-10-12 23:50:00,323.93,
TBW009,2023-10-13 00:00:00,323.93,
TBW009,2023-10-13 00:10:00,323.93,
TBW009,2023-10-13 00:20:00,323.93,
TBW009,2023-10-13 00:30:00,323.93,
TBW009,2023-10-13 00:40:00,323.93,
TBW009,2023-10-13 00:50:00,323.93,
TBW009,2023-10-13 01:00:00,323.93,
TBW009,2023-10-13 01:10:00,323.93,
TBW009,2023-10-13 01:20:00,323.93,
TBW009,2023-10-13 01:30:00,323.93,
TBW009,2023-10-13 01:40:00,323.93,
TBW009,2023-10-13 01:50:00,323.93,
TBW009,2023-10-13 02:00:00,323.93,
TBW009,2023-10-13 02:10:00,323.93,
TBW009,2023-10-13 02:20:00,323.93,
TBW009,2023-10-13 02:30:00,323.93,
TBW009,2023-10-13 02:40:00,323.93,
TBW009,2023-10-13 02:50:00,323.93,
TBW009,2023-10-13 03:00:00,323.93,
TBW009,2023-10-13 03:10:00,323.93,
TBW009,2023-10-13 03:20:00,323.93,
TBW009,2023-10-13 03:30:00,323.93,
TBW009,2023-10-13 03:40:00,323.93,
TBW009,2023-10-13 03:50:00,323.93,
TBW009,2023-10-13 04:00:00,323.93,
TBW009,2023-10-13 04:10:00,323.93,
TBW009,2023-10-13 04:20:00,323.93,
TBW009,2023-10-13 04:30:00,323.93,
TBW009,2023-10-13 04:40:00,323.93,
TBW009,2023-10-13 04:50:00,323.93,
TBW009,2023-10-13 05:00:00,323.93,
TBW009,2023-10-13 05:10:00,323.93,
TBW009,2023-10-13 05:20:00,323.93,
TBW009,2023-10-13 05:30:00,323.93,
TBW009,2023-10-13 05:40:00,323.93,
TBW009,2023-10-13 05:50:00,323.93,
TBW009,2023-10-13 06:00:00,323.93,
TBW009,2023-10-13 06:10:00,323.93,
TBW009,2023-10-13 06:20:00,323.93,
TBW009,2023-10-13 06:30:00,323.93,
TBW009,2023-10-13 06:40:00,323.93,
TBW009,2023-10-13 06:50:00,323.93,
TBW009,2023-10-13 07:00:00,323.94,
TBW009,2023-10-13 07:10:00,323.93,
TBW009,2023-10-13 07:20:00,323.93,
TBW009,2023-10-13 07:30:00,323.93,
TBW009,2023-10-13 07:40:00,323.93,
TBW009,2023-10-13 07:50:00,323.93,
TBW009,2023-10-13 08:00:00,323.93,
TBW009,2023-10-13 08:10:00,323.93,
TBW009,2023-10-13 08:20:00,323.93,
TBW009,2023-10-13 08:30:00,323.93,
TBW009,2023-10-13 08:40:00,323.93,
TBW009,2023-10-13 08:50:00,323.93,
TBW009,2023-10-13 09:00:00,323.93,
TBW009,2023-10-13 09:10:00,323.93,
TBW009,2023-10-13 09:20:00,323.93,
TBW009,2023-10-13 09:30:00,323.93,
TBW009,2023-10-13 09:40:00,323.93,
TBW009,2023-10-13 09:50:00,323.93,
TBW009,2023-10-13 10:00:00,323.93,
TBW009,2023-10-13 10:10:00,323.93,
TBW009,2023-10-13 10:20:00,323.93,
TBW009,2023-10-13 10:30:00,323.93,
TBW009,2023-10-13 10:40:00,323.94,
TBW009,2023-10-13 10:50:00,323.93,
TBW009,2023-10-13 11:00:00,323.93,
TBW009,2023-10-13 11:10:00,323.93,
TBW009,2023-10-13 11:20:00,323.93,
TBW009,2023-10-13 11:30:00,323.93,
TBW009,2023-10-13 11:40:00,323.93,
TBW009,2023-10-13 11:50:00,323.93,
TBW009,2023-10-13 12:00:00,323.93,
TBW009,2023-10-13 12:10:00,323.93,
TBW009,2023-10-13 12:20:00,323.93,
TBW009,2023-10-13 12:30:00,323.93,
TBW009,2023-10-13 12:40:00,323.93,
TBW009,2023-10-13 12:50:00,323.93,
TBW009,2023-10-13 13:00:00,323.93,
TBW009,2023-10-13 13:10:00,323.93,
TBW009,2023-10-13 13:20:00,323.93,
TBW009,2023-10-13 13:30:00,323.93,
TBW009,2023-10-13 13:40:00,323.93,
TBW009,2023-10-13 13:50:00,323.93,
TBW009,2023-10-13 14:00:00,323.93,
TBW009,2023-10-13 14:10:00,323.93,
TBW009,2023-10-13 14:20:00,323.93,
TBW009,2023-10-13 14:30:00,323.93,
TBW009,2023-10-13 14:40:00,323.93,
TBW009,2023-10-13 14:50:00,323.93,
TBW009,2023-10-13 15:00:00,323.93,
TBW009,2023-10-13 15:10:00,323.93,
TBW009,2023-10-13 15:20:00,323.93,
TBW009,2023-10-13 15:30:00,323.93,
TBW009,2023-10-13 15:40:00,323.93,
TBW009,2023-10-13 15:50:00,323.93,
TBW009,2023-10-13 16:00:00,323.93,
TBW009,2023-10-13 16:10:00,323.93,
TBW009,2023-10-13 16:20:00,323.93,
TBW009,2023-10-13 16:30:00,323.93,
TBW009,2023-10-13 16:40:00,323.93,
TBW009,2023-10-13 16:50:00,323.93,
TBW009,2023-10-13 17:00:00,323.93,
TBW009,2023-10-13 17:10:00,323.93,
TBW009,2023-10-13 17:20:00,323.93,
TBW009,2023-10-13 17:30:00,323.93,
TBW009,2023-10-13 17:40:00,323.93,
TBW009,2023-10-13 17:50:00,323.93,
TBW009,2023-10-13 18:00:00,323.93,
TBW009,2023-10-13 18:10:00,323.93,
TBW009,2023-10-13 18:20:00,323.93,
TBW009,2023-10-13 18:30:00,323.93,
TBW009,2023-10-13 18:40:00,323.93,
TBW009,2023-10-13 18:50:00,323.93,
TBW009,2023-10-13 19:00:00,323.93,
TBW009,2023-10-13 19:10:00,323.93,
TBW009,2023-10-13 19:20:00,323.93,
TBW009,2023-10-13 19:30:00,323.93,
TBW009,2023-10-13 19:40:00,323.93,
TBW009,2023-10-13 19:50:00,323.93,
TBW009,2023-10-13 20:00:00,323.93,
TBW009,2023-10-13 20:10:00,323.93,
TBW009,2023-10-13 20:20:00,323.93,
TBW009,2023-10-13 20:30:00,323.93,
TBW009,2023-10-13 20:40:00,323.93,
TBW009,2023-10-13 20:50:00,323.93,
TBW009,2023-10-13 21:00:00,323.93,
TBW009,2023-10-13 21:10:00,323.93,
TBW009,2023-10-13 21:20:00,323.93,
TBW009,2023-10-13 21:30:00,323.93,
TBW009,2023-10-13 21:40:00,323.93,
TBW009,2023-10-13 21:50:00,323.93,
TBW009,2023-10-13 22:00:00,323.93,
TBW009,2023-10-13 22:10:00,323.93,
TBW009,2023-10-13 22:20:00,323.93,
TBW009,2023-10-13 22:30:00,323.93,
TBW009,2023-10-13 22:40:00,323.93,
TBW009,2023-10-13 22:50:00,323.93,
TBW009,2023-10-13 23:00:00,323.93,
TBW009,2023-10-13 23:10:00,323.93,
TBW009,2023-10-13 23:20:00,323.93,
TBW009,2023-10-13 23:30:00,323.93,
TBW009,2023-10-13 23:40:00,323.93,
TBW009,2023-10-13 23:50:00,323.93,
TBW009,2023-10-14 00:00:00,323.93,
TBW009,2023-10-14 00:10:00,323.93,
TBW009,2023-10-14 00:20:00,323.93,
TBW009,2023-10-14 00:30:00,323.93,
TBW009,2023-10-14 00:40:00,323.93,
TBW009,2023-10-14 00:50:00,323.94,
TBW009,2023-10-14 01:00:00,323.96,
TBW009,2023-10-14 01:10:00,323.97,
TBW009,2023-10-14 01:20:00,323.98,
TBW009,2023-10-14 01:30:00,323.99,
TBW009,2023-10-14 01:40:00,323.99,
TBW009,2023-10-14 01:50:00,324,
TBW009,2023-10-14 02:00:00,324,
TBW009,2023-10-14 02:10:00,324.01,
TBW009,2023-10-14 02:20:00,324,
TBW009,2023-10-14 02:30:00,324.02,
TBW009,2023-10-14 02:40:00,324.03,
TBW009,2023-10-14 02:50:00,324.02,
TBW009,2023-10-14 03:00:00,324.03,
TBW009,2023-10-14 03:10:00,324.02,
TBW009,2023-10-14 03:20:00,324.03,
TBW009,2023-10-14 03:30:00,324.03,
TBW009,2023-10-14 03:40:00,324.03,
TBW009,2023-10-14 03:50:00,324.03,
TBW009,2023-10-14 04:00:00,324.03,
TBW009,2023-10-14 04:10:00,324.03,
TBW009,2023-10-14 04:20:00,324.03,
TBW009,2023-10-14 04:30:00,324.03,
TBW009,2023-10-14 04:40:00,324.03,
TBW009,2023-10-14 04:50:00,324.03,
TBW009,2023-10-14 05:00:00,324.03,
TBW009,2023-10-14 05:10:00,324.03,
TBW009,2023-10-14 05:20:00,324.03,
TBW009,2023-10-14 05:30:00,324.03,
TBW009,2023-10-14 05:40:00,324.04,
TBW009,2023-10-14 05:50:00,324.04,
TBW009,2023-10-14 06:00:00,324.04,
TBW009,2023-10-14 06:10:00,324.04,
TBW009,2023-10-14 06:20:00,324.04,
TBW009,2023-10-14 06:30:00,324.04,
TBW009,2023-10-14 06:40:00,324.04,
TBW009,2023-10-14 06:50:00,324.04,
TBW009,2023-10-14 07:00:00,324.04,
TBW009,2023-10-14 07:10:00,324.04,
TBW009,2023-10-14 07:20:00,324.04,
TBW009,2023-10-14 07:30:00,-,
TBW009,2023-10-14 07:40:00,324.04,
TBW009,2023-10-14 07:50:00,324.04,
TBW009,2023-10-14 08:00:00,324.04,
TBW009,2023-10-14 08:10:00,324.04,
TBW009,2023-10-14 08:20:00,324.05,
TBW009,2023-10-14 08:30:00,324.04,
TBW009,2023-10-14 08:40:00,324.05,
TBW009,2023-10-14 08:50:00,324.04,
TBW009,2023-10-14 09:00:00,324.04,
TBW009,2023-10-14 09:10:00,324.04,
TBW009,2023-10-14 09:20:00,324.04,
TBW009,2023-10-14 09:30:00,324.05,
TBW009,2023-10-14 09:40:00,324.05,
TBW009,2023-10-14 09:50:00,324.05,
TBW009,2023-10-14 10:00:00,324.05,
TBW009,2023-10-14 10:10:00,324.05,
TBW009,2023-10-14 10:20:00,324.05,
TBW009,2023-10-14 10:30:00,324.05,
TBW009,2023-10-14 10:40:00,324.05,
TBW009,2023-10-14 10:50:00,324.05,
TBW009,2023-10-14 11:00:00,324.05,
TBW009,2023-10-14 11:10:00,324.05,
TBW009,2023-10-14 11:20:00,324.05,
TBW009,2023-10-14 11:30:00,324.05,
TBW009,2023-10-14 11:40:00,324.05,
TBW009,2023-10-14 11:50:00,324.05,
TBW009,2023-10-14 12:00:00,324.05,
TBW009,2023-10-14 12:10:00,324.05,
TBW009,2023-10-14 12:20:00,324.05,
TBW009,2023-10-14 12:30:00,324.05,
TBW009,2023-10-14 12:40:00,324.05,
TBW009,2023-10-14 12:50:00,324.05,
TBW009,2023-10-14 13:00:00,324.05,
TBW009,2023-10-14 13:10:00,324.05,
TBW009,2023-10-14 13:20:00,324.05,
TBW009,2023-10-14 13:30:00,324.06,
TBW009,2023-10-14 13:40:00,324.06,
TBW009,2023-10-14 13:50:00,324.05,
TBW009,2023-10-14 14:00:00,324.06,
TBW009,2023-10-14 14:10:00,324.06,
TBW009,2023-10-14 14:20:00,324.05,
TBW009,2023-10-14 14:30:00,324.06,
TBW009,2023-10-14 14:40:00,324.06,
TBW009,2023-10-14 14:50:00,324.06,
TBW009,2023-10-14 15:00:00,324.06,
TBW009,2023-10-14 15:10:00,324.06,
TBW009,2023-10-14 15:20:00,324.06,
TBW009,2023-10-14 15:30:00,324.05,
TBW009,2023-10-14 15:40:00,324.06,
TBW009,2023-10-14 15:50:00,324.06,
TBW009,2023-10-14 16:00:00,324.06,
TBW009,2023-10-14 16:10:00,324.06,
TBW009,2023-10-14 16:20:00,324.06,
TBW009,2023-10-14 16:30:00,324.06,
TBW009,2023-10-14 16:40:00,324.06,
TBW009,2023-10-14 16:50:00,324.05,
TBW009,2023-10-14 17:00:00,324.06,
TBW009,2023-10-14 17:10:00,324.06,
TBW009,2023-10-14 17:20:00,324.06,
TBW009,2023-10-14 17:30:00,324.06,
TBW009,2023-10-14 17:40:00,324.06,
TBW009,2023-10-14 17:50:00,324.06,
TBW009,2023-10-14 18:00:00,324.06,
TBW009,2023-10-14 18:10:00,324.06,
TBW009,2023-10-14 18:20:00,324.06,
TBW009,2023-10-14 18:30:00,324.06,
TBW009,2023-10-14 18:40:00,324.06,
TBW009,2023-10-14 18:50:00,324.06,
TBW009,2023-10-14 19:00:00,324.06,
TBW009,2023-10-14 19:10:00,324.06,
TBW009,2023-10-14 19:20:00,324.06,
TBW009,2023-10-14 19:30:00,324.06,
TBW009,2023-10-14 19:40:00,324.06,
TBW009,2023-10-14 19:50:00,324.06,
TBW009,2023-10-14 20:00:00,324.06,
TBW009,2023-10-14 20:10:00,324.06,
TBW009,2023-10-14 20:20:00,324.06,
TBW009,2023-10-14 20:30:00,324.06,
TBW009,2023-10-14 20:40:00,324.06,
TBW009,2023-10-14 20:50:00,324.07,
TBW009,2023-10-14 21:00:00,324.06,
TBW009,2023-10-14 21:10:00,324.06,
TBW009,2023-10-14 21:20:00,324.06,
TBW009,2023-10-14 21:30:00,324.06,
TBW009,2023-10-14 21:40:00,324.06,
TBW009,2023-10-14 21:50:00,324.06,
TBW009,2023-10-14 22:00:00,324.07,
TBW009,2023-10-14 22:10:00,324.07,
TBW009,2023-10-14 22:20:00,324.07,
TBW009,2023-10-14 22:30:00,324.07,
TBW009,2023-10-14 22:40:00,324.07,
TBW009,2023-10-14 22:50:00,324.06,
TBW009,2023-10-14 23:00:00,324.07,
TBW009,2023-10-14 23:10:00,324.07,
TBW009,2023-10-14 23:20:00,324.07,
TBW009,2023-10-14 23:30:00,324.07,
TBW009,2023-10-14 23:40:00,324.07,
TBW009,2023-10-14 23:50:00,324.07,
TBW009,2023-10-15 00:00:00,324.07,
TBW009,2023-10-15 00:10:00,324.07,
TBW009,2023-10-15 00:20:00,324.07,
TBW009,2023-10-15 00:30:00,324.07,
TBW009,2023-10-15 00:40:00,324.07,
TBW009,2023-10-15 00:50:00,324.07,
TBW009,2023-10-15 01:00:00,324.08,
TBW009,2023-10-15 01:10:00,324.08,
TBW009,2023-10-15 01:20:00,324.07,
TBW009,2023-10-15 01:30:00,324.07,
TBW009,2023-10-15 01:40:00,324.07,
TBW009,2023-10-15 01:50:00,324.08,
TBW009,2023-10-15 02:00:00,324.07,
TBW009,2023-10-15 02:10:00,324.07,
TBW009,2023-10-15 02:20:00,324.08,
TBW009,2023-10-15 02:30:00,324.07,
TBW009,2023-10-15 02:40:00,324.08,
TBW009,2023-10-15 02:50:00,324.08,
TBW009,2023-10-15 03:00:00,324.07,
TBW009,2023-10-15 03:10:00,324.07,
TBW009,2023-10-15 03:20:00,324.07,
TBW009,2023-10-15 03:30:00,324.08,
TBW009,2023-10-15 03:40:00,324.07,
TBW009,2023-10-15 03:50:00,324.07,
TBW009,2023-10-15 04:00:00,324.07,
TBW009,2023-10-15 04:10:00,324.07,
TBW009,2023-10-15 04:20:00,324.08,
TBW009,2023-10-15 04:30:00,324.08,
TBW009,2023-10-15 04:40:00,324.07,
TBW009,2023-10-15 04:50:00,324.07,
TBW009,2023-10-15 05:00:00,324.07,
TBW009,2023-10-15 05:10:00,324.07,
TBW009,2023-10-15 05:20:00,324.08,
TBW009,2023-10-15 05:30:00,324.08,
TBW009,2023-10-15 05:40:00,324.08,
TBW009,2023-10-15 05:50:00,324.07,
TBW009,2023-10-15 06:00:00,324.07,
TBW009,2023-10-15 06:10:00,324.08,
TBW009,2023-10-15 06:20:00,324.07,
TBW009,2023-10-15 06:30:00,324.08,
TBW009,2023-10-15 06:40:00,324.08,
TBW009,2023-10-15 06:50:00,324.08,
TBW009,2023-10-15 07:00:00,324.08,
TBW009,2023-10-15 07:10:00,324.08,
TBW009,2023-10-15 07:20:00,324.08,
TBW009,2023-10-15 07:30:00,324.08,
TBW009,2023-10-15 07:40:00,324.08,
TBW009,2023-10-15 07:50:00,324.08,
TBW009,2023-10-15 08:00:00,324.08,
TBW009,2023-10-15 08:10:00,324.08,
TBW009,2023-10-15 08:20:00,324.08,
TBW009,2023-10-15 08:30:00,324.08,
TBW009,2023-10-15 08:40:00,324.08,
TBW009,2023-10-15 08:50:00,324.08,
TBW009,2023-10-15 09:00:00,324.08,
TBW009,2023-10-15 09:10:00,324.08,
TBW009,2023-10-15 09:20:00,324.08,
TBW009,2023-10-15 09:30:00,324.08,
TBW009,2023-10-15 09:40:00,324.08,
TBW009,2023-10-15 09:50:00,324.08,
TBW009,2023-10-15 10:00:00,324.08,
TBW009,2023-10-15 10:10:00,324.08,
TBW009,2023-10-15 10:20:00,324.08,
TBW009,2023-10-15 10:30:00,324.08,
TBW009,2023-10-15 10:40:00,324.08,
TBW009,2023-10-15 10:50:00,324.08,
TBW009,2023-10-15 11:00:00,324.08,
TBW009,2023-10-15 11:10:00,324.08,
TBW009,2023-10-15 11:20:00,324.08,
TBW009,2023-10-15 11:30:00,324.08,
TBW009,2023-10-15 11:40:00,324.08,
TBW009,2023-10-15 11:50:00,324.08,
TBW009,2023-10-15 12:00:00,324.08,
TBW009,2023-10-15 12:10:00,324.08,
TBW009,2023-10-15 12:20:00,324.08,
TBW009,2023-10-15 12:30:00,324.08,
TBW009,2023-10-15 12:40:00,324.08,
TBW009,2023-10-15 12:50:00,324.08,
TBW009,2023-10-15 13:00:00,324.08,
TBW009,2023-10-15 13:10:00,324.08,
TBW009,2023-10-15 13:20:00,324.08,
TBW009,2023-10-15 13:30:00,324.08,
TBW009,2023-10-15 13:40:00,324.08,
TBW009,2023-10-15 13:50:00,324.08,
TBW009,2023-10-15 14:00:00,324.08,
TBW009,2023-10-15 14:10:00,324.08,
TBW009,2023-10-15 14:20:00,324.08,
TBW009,2023-10-15 14:30:00,324.08,
TBW009,2023-10-15 14:40:00,324.08,
TBW009,2023-10-15 14:50:00,324.08,
TBW009,2023-10-15 15:00:00,324.08,
TBW009,2023-10-15 15:10:00,324.08,
TBW009,2023-10-15 15:20:00,324.08,
TBW009,2023-10-15 15:30:00,324.08,
TBW009,2023-10-15 15:40:00,324.08,
TBW009,2023-10-15 15:50:00,324.08,
TBW009,2023-10-15 16:00:00,324.08,
TBW009,2023-10-15 16:10:00,324.08,
TBW009,2023-10-15 16:20:00,324.08,
TBW009,2023-10-15 16:30:00,324.09,
TBW009,2023-10-15 16:40:00,324.08,
TBW009,2023-10-15 16:50:00,324.08,
TBW009,2023-10-15 17:00:00,324.08,
TBW009,2023-10-15 17:10:00,324.08,
TBW009,2023-10-15 17:20:00,324.08,
TBW009,2023-10-15 17:30:00,324.08,
TBW009,2023-10-15 17:40:00,324.08,
TBW009,2023-10-15 17:50:00,324.08,
TBW009,2023-10-15 18:00:00,324.08,
TBW009,2023-10-15 18:10:00,324.08,
TBW009,2023-10-15 18:20:00,324.08,
TBW009,2023-10-15 18:30:00,324.09,
TBW009,2023-10-15 18:40:00,324.08,
TBW009,2023-10-15 18:50:00,324.08,
TBW009,2023-10-15 19:00:00,324.08,
TBW009,2023-10-15 19:10:00,324.08,
TBW009,2023-10-15 19:20:00,324.08,
TBW009,2023-10-15 19:30:00,324.08,
TBW009,2023-10-15 19:40:00,324.09,
TBW009,2023-10-15 19:50:00,324.08,
TBW009,2023-10-15 20:00:00,324.08,
TBW009,2023-10-15 20:10:00,324.08,
TBW009,2023-10-15 20:20:00,324.08,
TBW009,2023-10-15 20:30:00,324.08,
TBW009,2023-10-15 20:40:00,324.08,
TBW009,2023-10-15 20:50:00,324.09,
TBW009,2023-10-15 21:00:00,324.08,
TBW009,2023-10-15 21:10:00,324.09,
TBW009,2023-10-15 21:20:00,324.09,
TBW009,2023-10-15 21:30:00,324.08,
TBW009,2023-10-15 21:40:00,324.08,
TBW009,2023-10-15 21:50:00,324.08,
TBW009,2023-10-15 22:00:00,324.08,
TBW009,2023-10-15 22:10:00,324.08,
TBW009,2023-10-15 22:20:00,324.09,
TBW009,2023-10-15 22:30:00,324.08,
TBW009,2023-10-15 22:40:00,324.08,
TBW009,2023-10-15 22:50:00,324.08,
TBW009,2023-10-15 23:00:00,324.09,
TBW009,2023-10-15 23:10:00,324.08,
TBW009,2023-10-15 23:20:00,324.08,
TBW009,2023-10-15 23:30:00,324.08,
TBW009,2023-10-15 23:40:00,324.08,
TBW009,2023-10-15 23:50:00,324.08,
TBW009,2023-10-16 00:00:00,324.08,
TBW009,2023-10-16 00:10:00,324.08,
TBW009,2023-10-16 00:20:00,324.08,
TBW009,2023-10-16 00:30:00,324.08,
TBW009,2023-10-16 00:40:00,324.08,
TBW009,2023-10-16 00:50:00,324.08,
TBW009,2023-10-16 01:00:00,324.09,
TBW009,2023-10-16 01:10:00,324.08,
TBW009,2023-10-16 01:20:00,324.08,
TBW009,2023-10-16 01:30:00,324.08,
TBW009,2023-10-16 01:40:00,324.08,
TBW009,2023-10-16 01:50:00,324.09,
TBW009,2023-10-16 02:00:00,324.08,
TBW009,2023-10-16 02:10:00,324.08,
TBW009,2023-10-16 02:20:00,324.09,
TBW009,2023-10-16 02:30:00,324.09,
TBW009,2023-10-16 02:40:00,324.09,
TBW009,2023-10-16 02:50:00,324.09,
TBW009,2023-10-16 03:00:00,324.09,
TBW009,2023-10-16 03:10:00,324.09,
TBW009,2023-10-16 03:20:00,324.09,
TBW009,2023-10-16 03:30:00,324.09,
TBW009,2023-10-16 03:40:00,324.09,
TBW009,2023-10-16 03:50:00,324.09,
TBW009,2023-10-16 04:00:00,324.09,
TBW009,2023-10-16 04:10:00,324.08,
TBW009,2023-10-16 04:20:00,324.09,
TBW009,2023-10-16 04:30:00,324.1,
TBW009,2023-10-16 04:40:00,324.12,
TBW009,2023-10-16 04:50:00,324.13,
TBW009,2023-10-16 05:00:00,324.14,
TBW009,2023-10-16 05:10:00,324.15,
TBW009,2023-10-16 05:20:00,324.15,
TBW009,2023-10-16 05:30:00,324.16,
TBW009,2023-10-16 05:40:00,324.16,
TBW009,2023-10-16 05:50:00,324.17,
TBW009,2023-10-16 06:00:00,324.18,
TBW009,2023-10-16 06:10:00,324.19,
TBW009,2023-10-16 06:20:00,324.19,
TBW009,2023-10-16 06:30:00,324.2,
TBW009,2023-10-16 06:40:00,324.21,
TBW009,2023-10-16 06:50:00,324.22,
TBW009,2023-10-16 07:00:00,324.23,
TBW009,2023-10-16 07:10:00,324.23,
TBW009,2023-10-16 07:20:00,324.24,
TBW009,2023-10-16 07:30:00,324.24,
TBW009,2023-10-16 07:40:00,324.25,
TBW009,2023-10-16 07:50:00,324.25,
TBW009,2023-10-16 08:00:00,324.25,
TBW009,2023-10-16 08:10:00,324.25,
TBW009,2023-10-16 08:20:00,324.25,
TBW009,2023-10-16 08:30:00,324.25,
TBW009,2023-10-16 08:40:00,324.25,
TBW009,2023-10-16 08:50:00,324.25,
TBW009,2023-10-16 09:00:00,324.25,
TBW009,2023-10-16 09:10:00,324.25,
TBW009,2023-10-16 09:20:00,324.26,
TBW009,2023-10-16 09:30:00,324.26,
TBW009,2023-10-16 09:40:00,324.26,
TBW009,2023-10-16 09:50:00,324.26,
TBW009,2023-10-16 10:00:00,324.26,
TBW009,2023-10-16 10:10:00,324.26,
TBW009,2023-10-16 10:20:00,324.27,
TBW009,2023-10-16 10:30:00,324.27,
TBW009,2023-10-16 10:40:00,324.27,
TBW009,2023-10-16 10:50:00,324.27,
TBW009,2023-10-16 11:00:00,324.27,
TBW009,2023-10-16 11:10:00,324.27,
TBW009,2023-10-16 11:20:00,324.27,
TBW009,2023-10-16 11:30:00,324.27,
TBW009,2023-10-16 11:40:00,324.27,
TBW009,2023-10-16 11:50:00,324.28,
TBW009,2023-10-16 12:00:00,324.28,
TBW009,2023-10-16 12:10:00,324.27,
TBW009,2023-10-16 12:20:00,324.28,
TBW009,2023-10-16 12:30:00,324.28,
TBW009,2023-10-16 12:40:00,324.28,
TBW009,2023-10-16 12:50:00,324.28,
TBW009,2023-10-16 13:00:00,324.28,
TBW009,2023-10-16 13:10:00,324.28,
TBW009,2023-10-16 13:20:00,324.28,
TBW009,2023-10-16 13:30:00,324.28,
TBW009,2023-10-16 13:40:00,324.28,
TBW009,2023-10-16 13:50:00,324.29,
TBW009,2023-10-16 14:00:00,324.29,
TBW009,2023-10-16 14:10:00,324.29,
TBW009,2023-10-16 14:20:00,324.3,
TBW009,2023-10-16 14:30:00,324.31,
TBW009,2023-10-16 14:40:00,324.31,
TBW009,2023-10-16 14:50:00,324.31,
TBW009,2023-10-16 15:00:00,324.32,
TBW009,2023-10-16 15:10:00,324.32,
TBW009,2023-10-16 15:20:00,324.32,
TBW009,2023-10-16 15:30:00,324.32,
TBW009,2023-10-16 15:40:00,-,
TBW009,2023-10-16 15:50:00,324.32,
TBW009,2023-10-16 16:00:00,324.32,
TBW009,2023-10-16 16:10:00,324.33,
TBW009,2023-10-16 16:20:00,324.33,
TBW009,2023-10-16 16:30:00,324.33,
TBW009,2023-10-16 16:40:00,324.33,
TBW009,2023-10-16 16:50:00,324.33,
TBW009,2023-10-16 17:00:00,324.33,
TBW009,2023-10-16 17:10:00,324.33,
TBW009,2023-10-16 17:20:00,324.33,
TBW009,2023-10-16 17:30:00,324.33,
TBW009,2023-10-16 17:40:00,324.33,
TBW009,2023-10-16 17:50:00,324.33,
TBW009,2023-10-16 18:00:00,324.33,
TBW009,2023-10-16 18:10:00,324.33,
TBW009,2023-10-16 18:20:00,324.33,
TBW009,2023-10-16 18:30:00,324.33,
TBW009,2023-10-16 18:40:00,324.34,
TBW009,2023-10-16 18:50:00,324.33,
TBW009,2023-10-16 19:00:00,324.34,
TBW009,2023-10-16 19:10:00,324.33,
TBW009,2023-10-16 19:20:00,324.34,
TBW009,2023-10-16 19:30:00,324.34,
TBW009,2023-10-16 19:40:00,324.34,
TBW009,2023-10-16 19:50:00,324.34,
TBW009,2023-10-16 20:00:00,324.34,
TBW009,2023-10-16 20:10:00,324.34,
TBW009,2023-10-16 20:20:00,324.34,
TBW009,2023-10-16 20:30:00,324.34,
TBW009,2023-10-16 20:40:00,324.34,
TBW009,2023-10-16 20:50:00,324.35,
TBW009,2023-10-16 21:00:00,324.34,
TBW009,2023-10-16 21:10:00,324.35,
TBW009,2023-10-16 21:20:00,324.34,
TBW009,2023-10-16 21:30:00,324.35,
TBW009,2023-10-16 21:40:00,324.35,
TBW009,2023-10-16 21:50:00,324.35,
TBW009,2023-10-16 22:00:00,324.35,
TBW009,2023-10-16 22:10:00,324.35,
TBW009,2023-10-16 22:20:00,324.35,
TBW009,2023-10-16 22:30:00,324.35,
TBW009,2023-10-16 22:40:00,324.35,
TBW009,2023-10-16 22:50:00,324.36,
TBW009,2023-10-16 23:00:00,324.35,
TBW009,2023-10-16 23:10:00,324.35,
TBW009,2023-10-16 23:20:00,324.35,
TBW009,2023-10-16 23:30:00,324.36,
TBW009,2023-10-16 23:40:00,324.36,
TBW009,2023-10-16 23:50:00,324.36,
TBW009,2023-10-17 00:00:00,324.36,
TBW009,2023-10-17 00:10:00,324.35,
TBW009,2023-10-17 00:20:00,324.36,
TBW009,2023-10-17 00:30:00,324.36,
TBW009,2023-10-17 00:40:00,324.36,
TBW009,2023-10-17 00:50:00,324.36,
TBW009,2023-10-17 01:00:00,324.36,
TBW009,2023-10-17 01:10:00,324.36,
TBW009,2023-10-17 01:20:00,324.36,
TBW009,2023-10-17 01:30:00,324.36,
TBW009,2023-10-17 01:40:00,324.36,
TBW009,2023-10-17 01:50:00,324.36,
TBW009,2023-10-17 02:00:00,324.36,
TBW009,2023-10-17 02:10:00,324.36,
TBW009,2023-10-17 02:20:00,324.36,
TBW009,2023-10-17 02:30:00,324.36,
TBW009,2023-10-17 02:40:00,324.37,
TBW009,2023-10-17 02:50:00,324.36,
TBW009,2023-10-17 03:00:00,324.36,
TBW009,2023-10-17 03:10:00,324.36,
TBW009,2023-10-17 03:20:00,324.36,
TBW009,2023-10-17 03:30:00,324.36,
TBW009,2023-10-17 03:40:00,324.37,
TBW009,2023-10-17 03:50:00,324.37,
TBW009,2023-10-17 04:00:00,324.37,
TBW009,2023-10-17 04:10:00,324.37,
TBW009,2023-10-17 04:20:00,324.37,
TBW009,2023-10-17 04:30:00,324.37,
TBW009,2023-10-17 04:40:00,324.37,
TBW009,2023-10-17 04:50:00,324.37,
TBW009,2023-10-17 05:00:00,324.37,
TBW009,2023-10-17 05:10:00,324.37,
TBW009,2023-10-17 05:20:00,324.37,
TBW009,2023-10-17 05:30:00,324.37,
TBW009,2023-10-17 05:40:00,324.37,
TBW009,2023-10-17 05:50:00,324.37,
TBW009,2023-10-17 06:00:00,324.37,
TBW009,2023-10-17 06:10:00,324.37,
TBW009,2023-10-17 06:20:00,324.37,
TBW009,2023-10-17 06:30:00,-,
TBW009,2023-10-17 06:40:00,324.38,
TBW009,2023-10-17 06:50:00,324.37,
TBW009,2023-10-17 07:00:00,324.37,
TBW009,2023-10-17 07:10:00,324.37,
TBW009,2023-10-17 07:20:00,324.37,
TBW009,2023-10-17 07:30:00,324.38,
TBW009,2023-10-17 07:40:00,324.38,
TBW009,2023-10-17 07:50:00,324.37,
TBW009,2023-10-17 08:00:00,324.38,
TBW009,2023-10-17 08:10:00,324.38,
TBW009,2023-10-17 08:20:00,324.38,
TBW009,2023-10-17 08:30:00,324.37,
TBW009,2023-10-17 08:40:00,324.38,
TBW009,2023-10-17 08:50:00,324.38,
TBW009,2023-10-17 09:00:00,324.37,
TBW009,2023-10-17 09:10:00,324.37,
TBW009,2023-10-17 09:20:00,324.38,
TBW009,2023-10-17 09:30:00,324.38,
TBW009,2023-10-17 09:40:00,324.38,
TBW009,2023-10-17 09:50:00,324.38,
TBW009,2023-10-17 10:00:00,324.38,
TBW009,2023-10-17 10:10:00,324.38,
TBW009,2023-10-17 10:20:00,324.38,
TBW009,2023-10-17 10:30:00,324.38,
TBW009,2023-10-17 10:40:00,324.38,
TBW009,2023-10-17 10:50:00,324.38,
TBW009,2023-10-17 11:00:00,324.38,
TBW009,2023-10-17 11:10:00,324.38,
TBW009,2023-10-17 11:20:00,324.38,
TBW009,2023-10-17 11:30:00,324.38,
TBW009,2023-10-17 11:40:00,324.38,
TBW009,2023-10-17 11:50:00,324.38,
TBW009,2023-10-17 12:00:00,324.38,
TBW009,2023-10-17 12:10:00,324.38,
TBW009,2023-10-17 12:20:00,324.38,
TBW009,2023-10-17 12:30:00,324.38,
TBW009,2023-10-17 12:40:00,324.38,
TBW009,2023-10-17 12:50:00,324.38,
TBW009,2023-10-17 13:00:00,324.38,
TBW009,2023-10-17 13:10:00,324.38,
TBW009,2023-10-17 13:20:00,324.38,
TBW009,2023-10-17 13:30:00,324.38,
TBW009,2023-10-17 13:40:00,324.38,
TBW009,2023-10-17 13:50:00,324.38,
TBW009,2023-10-17 14:00:00,324.38,
TBW009,2023-10-17 14:10:00,324.39,
TBW009,2023-10-17 14:20:00,324.38,
TBW009,2023-10-17 14:30:00,324.39,
TBW009,2023-10-17 14:40:00,324.38,
TBW009,2023-10-17 14:50:00,324.39,
TBW009,2023-10-17 15:00:00,324.39,
TBW009,2023-10-17 15:10:00,324.39,
TBW009,2023-10-17 15:20:00,324.39,
TBW009,2023-10-17 15:30:00,324.39,
TBW009,2023-10-17 15:40:00,324.39,
TBW009,2023-10-17 15:50:00,324.39,
TBW009,2023-10-17 16:00:00,324.38,
TBW009,2023-10-17 16:10:00,324.39,
TBW009,2023-10-17 16:20:00,324.39,
TBW009,2023-10-17 16:30:00,324.39,
TBW009,2023-10-17 16:40:00,324.39,
TBW009,2023-10-17 16:50:00,324.39,
TBW009,2023-10-17 17:00:00,324.39,
TBW009,2023-10-17 17:10:00,324.38,
TBW009,2023-10-17 17:20:00,324.39,
TBW009,2023-10-17 17:30:00,324.39,
TBW009,2023-10-17 17:40:00,324.39,
TBW009,2023-10-17 17:50:00,324.39,
TBW009,2023-10-17 18:00:00,324.39,
TBW009,2023-10-17 18:10:00,324.39,
TBW009,2023-10-17 18:20:00,324.39,
TBW009,2023-10-17 18:30:00,324.39,
TBW009,2023-10-17 18:40:00,324.39,
TBW009,2023-10-17 18:50:00,324.39,
TBW009,2023-10-17 19:00:00,324.39,
TBW009,2023-10-17 19:10:00,324.39,
TBW009,2023-10-17 19:20:00,324.39,
TBW009,2023-10-17 19:30:00,324.39,
TBW009,2023-10-17 19:40:00,324.39,
TBW009,2023-10-17 19:50:00,324.39,
TBW009,2023-10-17 20:00:00,324.39,
TBW009,2023-10-17 20:10:00,324.39,
TBW009,2023-10-17 20:20:00,324.39,
TBW009,2023-10-17 20:30:00,324.39,
TBW009,2023-10-17 20:40:00,324.39,
TBW009,2023-10-17 20:50:00,324.39,
TBW009,2023-10-17 21:00:00,324.39,
TBW009,2023-10-17 21:10:00,324.39,
TBW009,2023-10-17 21:20:00,324.39,
TBW009,2023-10-17 21:30:00,324.39,
TBW009,2023-10-17 21:40:00,324.39,
TBW009,2023-10-17 21:50:00,324.4,
TBW009,2023-10-17 22:00:00,324.39,
TBW009,2023-10-17 22:10:00,324.4,
TBW009,2023-10-17 22:20:00,324.39,
TBW009,2023-10-17 22:30:00,324.39,
TBW009,2023-10-17 22:40:00,324.39,
TBW009,2023-10-17 22:50:00,324.4,
TBW009,2023-10-17 23:00:00,324.39,
TBW009,2023-10-17 23:10:00,324.4,
TBW009,2023-10-17 23:20:00,324.39,
TBW009,2023-10-17 23:30:00,324.4,
TBW009,2023-10-17 23:40:00,324.39,
TBW009,2023-10-17 23:50:00,324.39,
TBW009,2023-10-18 00:00:00,324.4,
TBW009,2023-10-18 00:10:00,324.4,
TBW009,2023-10-18 00:20:00,324.4,
TBW009,2023-10-18 00:30:00,324.39,
TBW009,2023-10-18 00:40:00,324.4,
TBW009,2023-10-18 00:50:00,324.39,
TBW009,2023-10-18 01:00:00,324.4,
TBW009,2023-10-18 01:10:00,324.4,
TBW009,2023-10-18 01:20:00,324.4,
TBW009,2023-10-18 01:30:00,324.4,
TBW009,2023-10-18 01:40:00,324.4,
TBW009,2023-10-18 01:50:00,324.4,
TBW009,2023-10-18 02:00:00,324.4,
TBW009,2023-10-18 02:10:00,324.4,
TBW009,2023-10-18 02:20:00,324.4,
TBW009,2023-10-18 02:30:00,324.4,
TBW009,2023-10-18 02:40:00,324.4,
TBW009,2023-10-18 02:50:00,324.4,
TBW009,2023-10-18 03:00:00,324.4,
TBW009,2023-10-18 03:10:00,324.4,
TBW009,2023-10-18 03:20:00,324.4,
TBW009,2023-10-18 03:30:00,324.4,
TBW009,2023-10-18 03:40:00,324.4,
TBW009,2023-10-18 03:50:00,324.4,
TBW009,2023-10-18 04:00:00,324.4,
TBW009,2023-10-18 04:10:00,324.4,
TBW009,2023-10-18 04:20:00,324.4,
TBW009,2023-10-18 04:30:00,324.4,
TBW009,2023-10-18 04:40:00,324.4,
TBW009,2023-10-18 04:50:00,324.4,
TBW009,2023-10-18 05:00:00,324.4,
TBW009,2023-10-18 05:10:00,324.4,
TBW009,2023-10-18 05:20:00,324.4,
TBW009,2023-10-18 05:30:00,324.4,
TBW009,2023-10-18 05:40:00,324.4,
TBW009,2023-10-18 05:50:00,324.4,
TBW009,2023-10-18 06:00:00,324.4,
TBW009,2023-10-18 06:10:00,324.4,
TBW009,2023-10-18 06:20:00,324.4,
TBW009,2023-10-18 06:30:00,324.4,
TBW009,2023-10-18 06:40:00,324.4,
TBW009,2023-10-18 06:50:00,324.41,
TBW009,2023-10-18 07:00:00,324.4,
TBW009,2023-10-18 07:10:00,324.41,
TBW009,2023-10-18 07:20:00,324.4,
TBW009,2023-10-18 07:30:00,324.4,
TBW009,2023-10-18 07:40:00,324.4,
TBW009,2023-10-18 07:50:00,324.4,
TBW009,2023-10-18 08:00:00,324.4,
TBW009,2023-10-18 08:10:00,324.41,
TBW009,2023-10-18 08:20:00,324.4,
TBW009,2023-10-18 08:30:00,324.4,
TBW009,2023-10-18 08:40:00,324.41,
TBW009,2023-10-18 08:50:00,324.4,
TBW009,2023-10-18 09:00:00,324.4,
TBW009,2023-10-18 09:10:00,324.4,
TBW009,2023-10-18 09:20:00,324.4,
TBW009,2023-10-18 09:30:00,324.4,
TBW009,2023-10-18 09:40:00,324.4,
TBW009,2023-10-18 09:50:00,324.4,
TBW009,2023-10-18 10:00:00,324.41,
TBW009,2023-10-18 10:10:00,324.4,
TBW009,2023-10-18 10:20:00,324.4,
TBW009,2023-10-18 10:30:00,324.41,
TBW009,2023-10-18 10:40:00,324.41,
TBW009,2023-10-18 10:50:00,324.4,
TBW009,2023-10-18 11:00:00,324.4,
TBW009,2023-10-18 11:10:00,324.4,
TBW009,2023-10-18 11:20:00,324.41,
TBW009,2023-10-18 11:30:00,324.41,
TBW009,2023-10-18 11:40:00,324.4,
TBW009,2023-10-18 11:50:00,324.41,
TBW009,2023-10-18 12:00:00,324.41,
TBW009,2023-10-18 12:10:00,324.41,
TBW009,2023-10-18 12:20:00,324.4,
TBW009,2023-10-18 12:30:00,324.41,
TBW009,2023-10-18 12:40:00,324.4,
TBW009,2023-10-18 12:50:00,324.41,
TBW009,2023-10-18 13:00:00,324.4,
TBW009,2023-10-18 13:10:00,324.41,
TBW009,2023-10-18 13:20:00,324.4,
TBW009,2023-10-18 13:30:00,324.4,
TBW009,2023-10-18 13:40:00,324.4,
TBW009,2023-10-18 13:50:00,324.41,
TBW009,2023-10-18 14:00:00,324.4,
TBW009,2023-10-18 14:10:00,324.41,
TBW009,2023-10-18 14:20:00,324.41,
TBW009,2023-10-18 14:30:00,324.4,
TBW009,2023-10-18 14:40:00,324.4,
TBW009,2023-10-18 14:50:00,324.4,
TBW009,2023-10-18 15:00:00,324.4,
TBW009,2023-10-18 15:10:00,324.4,
TBW009,2023-10-18 15:20:00,324.4,
TBW009,2023-10-18 15:30:00,324.4,
TBW009,2023-10-18 15:40:00,324.4,
TBW009,2023-10-18 15:50:00,324.4,
TBW009,2023-10-18 16:00:00,324.4,
TBW009,2023-10-18 16:10:00,324.4,
TBW009,2023-10-18 16:20:00,324.4,
TBW009,2023-10-18 16:30:00,324.4,
TBW009,2023-10-18 16:40:00,324.41,
TBW009,2023-10-18 16:50:00,324.41,
TBW009,2023-10-18 17:00:00,324.41,
TBW009,2023-10-18 17:10:00,324.41,
TBW009,2023-10-18 17:20:00,324.41,
TBW009,2023-10-18 17:30:00,324.41,
TBW009,2023-10-18 17:40:00,324.41,
TBW009,2023-10-18 17:50:00,324.41,
TBW009,2023-10-18 18:00:00,324.41,
TBW009,2023-10-18 18:10:00,324.41,
TBW009,2023-10-18 18:20:00,324.4,
TBW009,2023-10-18 18:30:00,324.41,
TBW009,2023-10-18 18:40:00,324.41,
TBW009,2023-10-18 18:50:00,324.41,
TBW009,2023-10-18 19:00:00,324.41,
TBW009,2023-10-18 19:10:00,324.41,
TBW009,2023-10-18 19:20:00,324.41,
TBW009,2023-10-18 19:30:00,324.41,
TBW009,2023-10-18 19:40:00,324.41,
TBW009,2023-10-18 19:50:00,324.41,
TBW009,2023-10-18 20:00:00,324.41,
TBW009,2023-10-18 20:10:00,324.41,
TBW009,2023-10-18 20:20:00,324.41,
TBW009,2023-10-18 20:30:00,324.41,
TBW009,2023-10-18 20:40:00,324.41,
TBW009,2023-10-18 20:50:00,324.41,
TBW009,2023-10-18 21:00:00,324.41,
TBW009,2023-10-18 21:10:00,324.41,
TBW009,2023-10-18 21:20:00,324.41,
TBW009,2023-10-18 21:30:00,324.41,
TBW009,2023-10-18 21:40:00,324.41,
TBW009,2023-10-18 21:50:00,324.41,
TBW009,2023-10-18 22:00:00,324.41,
TBW009,2023-10-18 22:10:00,324.41,
TBW009,2023-10-18 22:20:00,324.41,
TBW009,2023-10-18 22:30:00,324.41,
TBW009,2023-10-18 22:40:00,324.41,
TBW009,2023-10-18 22:50:00,324.41,
TBW009,2023-10-18 23:00:00,324.41,
TBW009,2023-10-18 23:10:00,324.41,
TBW009,2023-10-18 23:20:00,324.41,
TBW009,2023-10-18 23:30:00,324.41,
TBW009,2023-10-18 23:40:00,324.41,
TBW009,2023-10-18 23:50:00,324.41,
TBW009,2023-10-19 00:00:00,-,
TBW009,2023-10-19 00:10:00,324.41,
TBW009,2023-10-19 00:20:00,324.41,
TBW009,2023-10-19 00:30:00,324.41,
TBW009,2023-10-19 00:40:00,324.41,
TBW009,2023-10-19 00:50:00,324.41,
TBW009,2023-10-19 01:00:00,324.41,
TBW009,2023-10-19 01:10:00,324.41,
TBW009,2023-10-19 01:20:00,324.41,
TBW009,2023-10-19 01:30:00,324.41,
TBW009,2023-10-19 01:40:00,324.41,
TBW009,2023-10-19 01:50:00,324.41,
TBW009,2023-10-19 02:00:00,324.41,
TBW009,2023-10-19 02:10:00,324.41,
TBW009,2023-10-19 02:20:00,324.41,
TBW009,2023-10-19 02:30:00,324.41,
TBW009,2023-10-19 02:40:00,324.41,
TBW009,2023-10-19 02:50:00,324.41,
TBW009,2023-10-19 03:00:00,324.41,
TBW009,2023-10-19 03:10:00,324.41,
TBW009,2023-10-19 03:20:00,324.41,
TBW009,2023-10-19 03:30:00,324.41,
TBW009,2023-10-19 03:40:00,324.41,
TBW009,2023-10-19 03:50:00,324.41,
TBW009,2023-10-19 04:00:00,324.41,
TBW009,2023-10-19 04:10:00,324.42,
TBW009,2023-10-19 04:20:00,324.41,
TBW009,2023-10-19 04:30:00,324.41,
TBW009,2023-10-19 04:40:00,324.41,
TBW009,2023-10-19 04:50:00,324.41,
TBW009,2023-10-19 05:00:00,324.41,
TBW009,2023-10-19 05:10:00,324.41,
TBW009,2023-10-19 05:20:00,324.41,
TBW009,2023-10-19 05:30:00,324.41,
TBW009,2023-10-19 05:40:00,324.41,
TBW009,2023-10-19 05:50:00,324.42,
TBW009,2023-10-19 06:00:00,324.41,
TBW009,2023-10-19 06:10:00,324.41,
TBW009,2023-10-19 06:20:00,324.41,
TBW009,2023-10-19 06:30:00,324.41,
TBW009,2023-10-19 06:40:00,324.41,
TBW009,2023-10-19 06:50:00,324.41,
TBW009,2023-10-19 07:00:00,324.41,
TBW009,2023-10-19 07:10:00,324.41,
TBW009,2023-10-19 07:20:00,324.41,
TBW009,2023-10-19 07:30:00,324.41,
TBW009,2023-10-19 07:40:00,324.41,
TBW009,2023-10-19 07:50:00,324.41,
TBW009,2023-10-19 08:00:00,324.41,
TBW009,2023-10-19 08:10:00,324.41,
TBW009,2023-10-19 08:20:00,324.41,
TBW009,2023-10-19 08:30:00,324.41,
TBW009,2023-10-19 08:40:00,324.41,
TBW009,2023-10-19 08:50:00,324.41,
TBW009,2023-10-19 09:00:00,324.41,
TBW009,2023-10-19 09:10:00,324.41,
TBW009,2023-10-19 09:20:00,324.42,
TBW009,2023-10-19 09:30:00,324.41,
TBW009,2023-10-19 09:40:00,324.41,
TBW009,2023-10-19 09:50:00,324.41,
TBW009,2023-10-19 10:00:00,324.41,
TBW009,2023-10-19 10:10:00,324.41,
TBW009,2023-10-19 10:20:00,324.41,
TBW009,2023-10-19 10:30:00,324.41,
TBW009,2023-10-19 10:40:00,324.41,
TBW009,2023-10-19 10:50:00,324.41,
TBW009,2023-10-19 11:00:00,324.41,
TBW009,2023-10-19 11:10:00,324.41,
TBW009,2023-10-19 11:20:00,324.41,
TBW009,2023-10-19 11:30:00,324.41,
TBW009,2023-10-19 11:40:00,324.4,
TBW009,2023-10-19 11:50:00,324.41,
TBW009,2023-10-19 12:00:00,324.4,
TBW009,2023-10-19 12:10:00,324.41,
TBW009,2023-10-19 12:20:00,324.4,
TBW009,2023-10-19 12:30:00,324.4,
TBW009,2023-10-19 12:40:00,324.4,
TBW009,2023-10-19 12:50:00,324.4,
TBW009,2023-10-19 13:00:00,324.41,
TBW009,2023-10-19 13:10:00,324.41,
TBW009,2023-10-19 13:20:00,324.41,
TBW009,2023-10-19 13:30:00,324.41,
TBW009,2023-10-19 13:40:00,324.41,
TBW009,2023-10-19 13:50:00,324.41,
TBW009,2023-10-19 14:00:00,324.41,
TBW009,2023-10-19 14:10:00,324.41,
TBW009,2023-10-19 14:20:00,324.41,
TBW009,2023-10-19 14:30:00,324.41,
TBW009,2023-10-19 14:40:00,324.41,
TBW009,2023-10-19 14:50:00,324.41,
TBW009,2023-10-19 15:00:00,324.41,
TBW009,2023-10-19 15:10:00,324.41,
TBW009,2023-10-19 15:20:00,324.41,
TBW009,2023-10-19 15:30:00,324.41,
TBW009,2023-10-19 15:40:00,324.41,
TBW009,2023-10-19 15:50:00,324.41,
TBW009,2023-10-19 16:00:00,324.41,
TBW009,2023-10-19 16:10:00,324.41,
TBW009,2023-10-19 16:20:00,324.41,
TBW009,2023-10-19 16:30:00,324.41,
TBW009,2023-10-19 16:40:00,324.41,
TBW009,2023-10-19 16:50:00,324.41,
TBW009,2023-10-19 17:00:00,324.41,
TBW009,2023-10-19 17:10:00,324.41,
TBW009,2023-10-19 17:20:00,324.41,
TBW009,2023-10-19 17:30:00,324.41,
TBW009,2023-10-19 17:40:00,324.41,
TBW009,2023-10-19 17:50:00,324.41,
TBW009,2023-10-19 18:00:00,324.41,
TBW009,2023-10-19 18:10:00,324.41,
TBW009,2023-10-19 18:20:00,324.41,
TBW009,2023-10-19 18:30:00,324.41,
TBW009,2023-10-19 18:40:00,324.41,
TBW009,2023-10-19 18:50:00,324.41,
TBW009,2023-10-19 19:00:00,324.41,
TBW009,2023-10-19 19:10:00,324.41,
TBW009,2023-10-19 19:20:00,324.42,
TBW009,2023-10-19 19:30:00,324.42,
TBW009,2023-10-19 19:40:00,324.41,
TBW009,2023-10-19 19:50:00,324.41,
TBW009,2023-10-19 20:00:00,324.42,
TBW009,2023-10-19 20:10:00,324.41,
TBW009,2023-10-19 20:20:00,324.41,
TBW009,2023-10-19 20:30:00,324.41,
TBW009,2023-10-19 20:40:00,324.41,
TBW009,2023-10-19 20:50:00,324.42,
TBW009,2023-10-19 21:00:00,324.41,
TBW009,2023-10-19 21:10:00,324.42,
TBW009,2023-10-19 21:20:00,324.42,
TBW009,2023-10-19 21:30:00,324.41,
TBW009,2023-10-19 21:40:00,324.41,
TBW009,2023-10-19 21:50:00,324.41,
TBW009,2023-10-19 22:00:00,324.41,
TBW009,2023-10-19 22:10:00,324.42,
TBW009,2023-10-19 22:20:00,324.41,
TBW009,2023-10-19 22:30:00,324.42,
TBW009,2023-10-19 22:40:00,324.41,
TBW009,2023-10-19 22:50:00,324.41,
TBW009,2023-10-19 23:00:00,324.41,
TBW009,2023-10-19 23:10:00,324.41,
TBW009,2023-10-19 23:20:00,324.41,
TBW009,2023-10-19 23:30:00,324.41,
TBW009,2023-10-19 23:40:00,324.41,
TBW009,2023-10-19 23:50:00,324.42,
TBW009,2023-10-20 00:00:00,324.41,
TBW009,2023-10-20 00:10:00,324.42,
TBW009,2023-10-20 00:20:00,324.41,
TBW009,2023-10-20 00:30:00,324.41,
TBW009,2023-10-20 00:40:00,324.41,
TBW009,2023-10-20 00:50:00,324.41,
TBW009,2023-10-20 01:00:00,324.41,
TBW009,2023-10-20 01:10:00,324.41,
TBW009,2023-10-20 01:20:00,324.42,
TBW009,2023-10-20 01:30:00,324.42,
TBW009,2023-10-20 01:40:00,324.41,
TBW009,2023-10-20 01:50:00,324.41,
TBW009,2023-10-20 02:00:00,324.42,
TBW009,2023-10-20 02:10:00,324.41,
TBW009,2023-10-20 02:20:00,324.42,
TBW009,2023-10-20 02:30:00,324.41,
TBW009,2023-10-20 02:40:00,324.42,
TBW009,2023-10-20 02:50:00,324.42,
TBW009,2023-10-20 03:00:00,324.41,
TBW009,2023-10-20 03:10:00,324.41,
TBW009,2023-10-20 03:20:00,324.41,
TBW009,2023-10-20 03:30:00,324.41,
TBW009,2023-10-20 03:40:00,324.42,
TBW009,2023-10-20 03:50:00,324.41,
TBW009,2023-10-20 04:00:00,324.41,
TBW009,2023-10-20 04:10:00,324.42,
TBW009,2023-10-20 04:20:00,324.42,
TBW009,2023-10-20 04:30:00,324.41,
TBW009,2023-10-20 04:40:00,324.41,
TBW009,2023-10-20 04:50:00,324.42,
TBW009,2023-10-20 05:00:00,324.42,
TBW009,2023-10-20 05:10:00,324.42,
TBW009,2023-10-20 05:20:00,324.42,
TBW009,2023-10-20 05:30:00,324.42,
TBW009,2023-10-20 05:40:00,324.42,
TBW009,2023-10-20 05:50:00,324.41,
TBW009,2023-10-20 06:00:00,324.41,
TBW009,2023-10-20 06:10:00,324.41,
TBW009,2023-10-20 06:20:00,324.41,
TBW009,2023-10-20 06:30:00,324.41,
TBW009,2023-10-20 06:40:00,324.42,
TBW009,2023-10-20 06:50:00,324.41,
TBW009,2023-10-20 07:00:00,324.41,
TBW009,2023-10-20 07:10:00,324.42,
TBW009,2023-10-20 07:20:00,324.42,
TBW009,2023-10-20 07:30:00,324.42,
TBW009,2023-10-20 07:40:00,324.42,
TBW009,2023-10-20 07:50:00,324.41,
TBW009,2023-10-20 08:00:00,324.42,
TBW009,2023-10-20 08:10:00,324.41,
TBW009,2023-10-20 08:20:00,324.41,
TBW009,2023-10-20 08:30:00,324.41,
TBW009,2023-10-20 08:40:00,324.42,
TBW009,2023-10-20 08:50:00,324.42,
TBW009,2023-10-20 09:00:00,324.41,
TBW009,2023-10-20 09:10:00,324.41,
TBW009,2023-10-20 09:20:00,324.41,
TBW009,2023-10-20 09:30:00,324.41,
TBW009,2023-10-20 09:40:00,324.41,
TBW009,2023-10-20 09:50:00,324.41,
TBW009,2023-10-20 10:00:00,324.41,
TBW009,2023-10-20 10:10:00,324.41,
TBW009,2023-10-20 10:20:00,324.41,
TBW009,2023-10-20 10:30:00,324.41,
TBW009,2023-10-20 10:40:00,324.41,
TBW009,2023-10-20 10:50:00,324.41,
TBW009,2023-10-20 11:00:00,324.41,
TBW009,2023-10-20 11:10:00,324.41,
TBW009,2023-10-20 11:20:00,324.41,
TBW009,2023-10-20 11:30:00,324.41,
TBW009,2023-10-20 11:40:00,324.41,
TBW009,2023-10-20 11:50:00,324.41,
TBW009,2023-10-20 12:00:00,324.41,
TBW009,2023-10-20 12:10:00,324.41,
TBW009,2023-10-20 12:20:00,324.41,
TBW009,2023-10-20 12:30:00,324.41,
TBW009,2023-10-20 12:40:00,324.4,
TBW009,2023-10-20 12:50:00,324.41,
TBW009,2023-10-20 13:00:00,324.41,
TBW009,2023-10-20 13:10:00,324.4,
TBW009,2023-10-20 13:20:00,324.41,
TBW009,2023-10-20 13:30:00,324.4,
TBW009,2023-10-20 13:40:00,324.4,
TBW009,2023-10-20 13:50:00,324.41,
TBW009,2023-10-20 14:00:00,324.41,
TBW009,2023-10-20 14:10:00,324.41,
TBW009,2023-10-20 14:20:00,324.41,
TBW009,2023-10-20 14:30:00,324.4,
TBW009,2023-10-20 14:40:00,324.41,
TBW009,2023-10-20 14:50:00,324.4,
TBW009,2023-10-20 15:00:00,324.4,
TBW009,2023-10-20 15:10:00,324.41,
TBW009,2023-10-20 15:20:00,324.41,
TBW009,2023-10-20 15:30:00,324.41,
TBW009,2023-10-20 15:40:00,324.41,
TBW009,2023-10-20 15:50:00,324.41,
TBW009,2023-10-20 16:00:00,324.41,
TBW009,2023-10-20 16:10:00,324.41,
TBW009,2023-10-20 16:20:00,324.41,
TBW009,2023-10-20 16:30:00,324.41,
TBW009,2023-10-20 16:40:00,324.41,
TBW009,2023-10-20 16:50:00,324.41,
TBW009,2023-10-20 17:00:00,324.41,
TBW009,2023-10-20 17:10:00,324.41,
TBW009,2023-10-20 17:20:00,324.41,
TBW009,2023-10-20 17:30:00,324.41,
TBW009,2023-10-20 17:40:00,324.41,
TBW009,2023-10-20 17:50:00,324.41,
TBW009,2023-10-20 18:00:00,324.41,
TBW009,2023-10-20 18:10:00,324.41,
TBW009,2023-10-20 18:20:00,324.41,
TBW009,2023-10-20 18:30:00,324.41,
TBW009,2023-10-20 18:40:00,-,
TBW009,2023-10-20 18:50:00,324.41,
TBW009,2023-10-20 19:00:00,324.41,
TBW009,2023-10-20 19:10:00,324.41,
TBW009,2023-10-20 19:20:00,324.41,
TBW009,2023-10-20 19:30:00,324.42,
TBW009,2023-10-20 19:40:00,324.42,
TBW009,2023-10-20 19:50:00,324.42,
TBW009,2023-10-20 20:00:00,324.41,
TBW009,2023-10-20 20:10:00,324.42,
TBW009,2023-10-20 20:20:00,-,
TBW009,2023-10-20 20:30:00,324.41,
TBW009,2023-10-20 20:40:00,324.42,
TBW009,2023-10-20 20:50:00,324.42,
TBW009,2023-10-20 21:00:00,324.41,
TBW009,2023-10-20 21:10:00,324.42,
TBW009,2023-10-20 21:20:00,324.42,
TBW009,2023-10-20 21:30:00,324.41,
TBW009,2023-10-20 21:40:00,324.41,
TBW009,2023-10-20 21:50:00,324.41,
TBW009,2023-10-20 22:00:00,324.41,
TBW009,2023-10-20 22:10:00,324.42,
TBW009,2023-10-20 22:20:00,324.41,
TBW009,2023-10-20 22:30:00,324.42,
TBW009,2023-10-20 22:40:00,324.42,
TBW009,2023-10-20 22:50:00,324.42,
TBW009,2023-10-20 23:00:00,324.42,
TBW009,2023-10-20 23:10:00,324.41,
TBW009,2023-10-20 23:20:00,324.41,
TBW009,2023-10-20 23:30:00,324.42,
TBW009,2023-10-20 23:40:00,324.42,
TBW009,2023-10-20 23:50:00,324.42,
TBW009,2023-10-21 00:00:00,324.41,
TBW009,2023-10-21 00:10:00,324.42,
TBW009,2023-10-21 00:20:00,324.41,
TBW009,2023-10-21 00:30:00,324.42,
TBW009,2023-10-21 00:40:00,324.41,
TBW009,2023-10-21 00:50:00,324.41,
TBW009,2023-10-21 01:00:00,324.41,
TBW009,2023-10-21 01:10:00,324.42,
TBW009,2023-10-21 01:20:00,324.42,
TBW009,2023-10-21 01:30:00,324.41,
TBW009,2023-10-21 01:40:00,324.42,
TBW009,2023-10-21 01:50:00,324.42,
TBW009,2023-10-21 02:00:00,324.41,
TBW009,2023-10-21 02:10:00,324.41,
TBW009,2023-10-21 02:20:00,324.41,
TBW009,2023-10-21 02:30:00,324.42,
TBW009,2023-10-21 02:40:00,324.41,
TBW009,2023-10-21 02:50:00,324.42,
TBW009,2023-10-21 03:00:00,324.42,
TBW009,2023-10-21 03:10:00,324.42,
TBW009,2023-10-21 03:20:00,324.41,
TBW009,2023-10-21 03:30:00,324.42,
TBW009,2023-10-21 03:40:00,-,
TBW009,2023-10-21 03:50:00,324.42,
TBW009,2023-10-21 04:00:00,324.42,
TBW009,2023-10-21 04:10:00,324.42,
TBW009,2023-10-21 04:20:00,324.41,
TBW009,2023-10-21 04:30:00,324.42,
TBW009,2023-10-21 04:40:00,324.42,
TBW009,2023-10-21 04:50:00,324.42,
TBW009,2023-10-21 05:00:00,324.42,
TBW009,2023-10-21 05:10:00,324.42,
TBW009,2023-10-21 05:20:00,324.42,
TBW009,2023-10-21 05:30:00,324.42,
TBW009,2023-10-21 05:40:00,324.42,
TBW009,2023-10-21 05:50:00,324.42,
TBW009,2023-10-21 06:00:00,324.42,
TBW009,2023-10-21 06:10:00,324.42,
TBW009,2023-10-21 06:20:00,324.42,
TBW009,2023-10-21 06:30:00,324.42,
TBW009,2023-10-21 06:40:00,324.42,
TBW009,2023-10-21 06:50:00,324.42,
TBW009,2023-10-21 07:00:00,324.41,
TBW009,2023-10-21 07:10:00,324.42,
TBW009,2023-10-21 07:20:00,324.42,
TBW009,2023-10-21 07:30:00,324.42,
TBW009,2023-10-21 07:40:00,324.41,
TBW009,2023-10-21 07:50:00,324.42,
TBW009,2023-10-21 08:00:00,324.42,
TBW009,2023-10-21 08:10:00,324.42,
TBW009,2023-10-21 08:20:00,324.41,
TBW009,2023-10-21 08:30:00,324.42,
TBW009,2023-10-21 08:40:00,324.42,
TBW009,2023-10-21 08:50:00,324.42,
TBW009,2023-10-21 09:00:00,324.42,
TBW009,2023-10-21 09:10:00,324.42,
TBW009,2023-10-21 09:20:00,324.42,
TBW009,2023-10-21 09:30:00,324.42,
TBW009,2023-10-21 09:40:00,324.42,
TBW009,2023-10-21 09:50:00,324.41,
TBW009,2023-10-21 10:00:00,324.42,
TBW009,2023-10-21 10:10:00,324.41,
TBW009,2023-10-21 10:20:00,324.42,
TBW009,2023-10-21 10:30:00,324.41,
TBW009,2023-10-21 10:40:00,324.41,
TBW009,2023-10-21 10:50:00,324.41,
TBW009,2023-10-21 11:00:00,324.41,
TBW009,2023-10-21 11:10:00,324.41,
TBW009,2023-10-21 11:20:00,324.41,
TBW009,2023-10-21 11:30:00,324.41,
TBW009,2023-10-21 11:40:00,324.41,
TBW009,2023-10-21 11:50:00,324.41,
TBW009,2023-10-21 12:00:00,324.41,
TBW009,2023-10-21 12:10:00,324.41,
TBW009,2023-10-21 12:20:00,324.41,
TBW009,2023-10-21 12:30:00,324.41,
TBW009,2023-10-21 12:40:00,324.41,
TBW009,2023-10-21 12:50:00,324.41,
TBW009,2023-10-21 13:00:00,324.41,
TBW009,2023-10-21 13:10:00,324.41,
TBW009,2023-10-21 13:20:00,324.41,
TBW009,2023-10-21 13:30:00,324.41,
TBW009,2023-10-21 13:40:00,324.41,
TBW009,2023-10-21 13:50:00,324.41,
TBW009,2023-10-21 14:00:00,324.41,
TBW009,2023-10-21 14:10:00,324.41,
TBW009,2023-10-21 14:20:00,324.41,
TBW009,2023-10-21 14:30:00,324.41,
TBW009,2023-10-21 14:40:00,324.41,
TBW009,2023-10-21 14:50:00,324.41,
TBW009,2023-10-21 15:00:00,324.41,
TBW009,2023-10-21 15:10:00,324.41,
TBW009,2023-10-21 15:20:00,324.41,
TBW009,2023-10-21 15:30:00,324.41,
TBW009,2023-10-21 15:40:00,324.41,
TBW009,2023-10-21 15:50:00,324.41,
TBW009,2023-10-21 16:00:00,324.41,
TBW009,2023-10-21 16:10:00,324.41,
TBW009,2023-10-21 16:20:00,324.41,
TBW009,2023-10-21 16:30:00,324.41,
TBW009,2023-10-21 16:40:00,324.41,
TBW009,2023-10-21 16:50:00,324.41,
TBW009,2023-10-21 17:00:00,324.41,
TBW009,2023-10-21 17:10:00,324.41,
TBW009,2023-10-21 17:20:00,324.41,
TBW009,2023-10-21 17:30:00,324.41,
TBW009,2023-10-21 17:40:00,324.41,
TBW009,2023-10-21 17:50:00,324.41,
TBW009,2023-10-21 18:00:00,324.42,
TBW009,2023-10-21 18:10:00,324.41,
TBW009,2023-10-21 18:20:00,324.42,
TBW009,2023-10-21 18:30:00,324.42,
TBW009,2023-10-21 18:40:00,324.42,
TBW009,2023-10-21 18:50:00,324.42,
TBW009,2023-10-21 19:00:00,324.42,
TBW009,2023-10-21 19:10:00,324.42,
TBW009,2023-10-21 19:20:00,324.41,
TBW009,2023-10-21 19:30:00,324.42,
TBW009,2023-10-21 19:40:00,324.42,
TBW009,2023-10-21 19:50:00,324.42,
TBW009,2023-10-21 20:00:00,324.42,
TBW009,2023-10-21 20:10:00,324.42,
TBW009,2023-10-21 20:20:00,324.42,
TBW009,2023-10-21 20:30:00,324.42,
TBW009,2023-10-21 20:40:00,324.42,
TBW009,2023-10-21 20:50:00,324.42,
TBW009,2023-10-21 21:00:00,324.42,
TBW009,2023-10-21 21:10:00,324.42,
TBW009,2023-10-21 21:20:00,324.42,
TBW009,2023-10-21 21:30:00,324.42,
TBW009,2023-10-21 21:40:00,324.42,
TBW009,2023-10-21 21:50:00,324.42,
TBW009,2023-10-21 22:00:00,324.42,
TBW009,2023-10-21 22:10:00,324.42,
TBW009,2023-10-21 22:20:00,324.42,
TBW009,2023-10-21 22:30:00,324.42,
TBW009,2023-10-21 22:40:00,324.42,
TBW009,2023-10-21 22:50:00,324.42,
TBW009,2023-10-21 23:00:00,324.41,
TBW009,2023-10-21 23:10:00,324.42,
TBW009,2023-10-21 23:20:00,324.42,
TBW009,2023-10-21 23:30:00,324.42,
TBW009,2023-10-21 23:40:00,324.42,
TBW009,2023-10-21 23:50:00,324.42,
TBW009,2023-10-22 00:00:00,324.42,
TBW009,2023-10-22 00:10:00,324.42,
TBW009,2023-10-22 00:20:00,324.41,
TBW009,2023-10-22 00:30:00,324.42,
TBW009,2023-10-22 00:40:00,324.42,
TBW009,2023-10-22 00:50:00,324.42,
TBW009,2023-10-22 01:00:00,324.42,
TBW009,2023-10-22 01:10:00,324.42,
TBW009,2023-10-22 01:20:00,324.42,
TBW009,2023-10-22 01:30:00,324.42,
TBW009,2023-10-22 01:40:00,324.42,
TBW009,2023-10-22 01:50:00,324.42,
TBW009,2023-10-22 02:00:00,324.42,
TBW009,2023-10-22 02:10:00,324.42,
TBW009,2023-10-22 02:20:00,324.42,
TBW009,2023-10-22 02:30:00,324.41,
TBW009,2023-10-22 02:40:00,324.42,
TBW009,2023-10-22 02:50:00,324.42,
TBW009,2023-10-22 03:00:00,324.42,
TBW009,2023-10-22 03:10:00,324.42,
TBW009,2023-10-22 03:20:00,324.42,
TBW009,2023-10-22 03:30:00,324.42,
TBW009,2023-10-22 03:40:00,324.42,
TBW009,2023-10-22 03:50:00,324.42,
TBW009,2023-10-22 04:00:00,324.42,
TBW009,2023-10-22 04:10:00,324.42,
TBW009,2023-10-22 04:20:00,324.41,
TBW009,2023-10-22 04:30:00,324.42,
TBW009,2023-10-22 04:40:00,324.42,
TBW009,2023-10-22 04:50:00,-,
TBW009,2023-10-22 05:00:00,324.42,
TBW009,2023-10-22 05:10:00,324.42,
TBW009,2023-10-22 05:20:00,324.42,
TBW009,2023-10-22 05:30:00,324.42,
TBW009,2023-10-22 05:40:00,324.42,
TBW009,2023-10-22 05:50:00,324.41,
TBW009,2023-10-22 06:00:00,324.42,
TBW009,2023-10-22 06:10:00,324.41,
TBW009,2023-10-22 06:20:00,324.42,
TBW009,2023-10-22 06:30:00,324.42,
TBW009,2023-10-22 06:40:00,324.42,
TBW009,2023-10-22 06:50:00,324.42,
TBW009,2023-10-22 07:00:00,324.42,
TBW009,2023-10-22 07:10:00,324.42,
TBW009,2023-10-22 07:20:00,324.42,
TBW009,2023-10-22 07:30:00,324.42,
TBW009,2023-10-22 07:40:00,324.42,
TBW009,2023-10-22 07:50:00,324.41,
TBW009,2023-10-22 08:00:00,324.42,
TBW009,2023-10-22 08:10:00,324.41,
TBW009,2023-10-22 08:20:00,324.42,
TBW009,2023-10-22 08:30:00,324.42,
TBW009,2023-10-22 08:40:00,324.42,
TBW009,2023-10-22 08:50:00,324.42,
TBW009,2023-10-22 09:00:00,324.42,
TBW009,2023-10-22 09:10:00,324.41,
TBW009,2023-10-22 09:20:00,324.42,
TBW009,2023-10-22 09:30:00,324.41,
TBW009,2023-10-22 09:40:00,324.42,
TBW009,2023-10-22 09:50:00,324.41,
TBW009,2023-10-22 10:00:00,324.41,
TBW009,2023-10-22 10:10:00,324.41,
TBW009,2023-10-22 10:20:00,324.41,
TBW009,2023-10-22 10:30:00,324.41,
TBW009,2023-10-22 10:40:00,324.41,
TBW009,2023-10-22 10:50:00,324.41,
TBW009,2023-10-22 11:00:00,-,
TBW009,2023-10-22 11:10:00,324.41,
TBW009,2023-10-22 11:20:00,324.41,
TBW009,2023-10-22 11:30:00,324.41,
TBW009,2023-10-22 11:40:00,324.41,
TBW009,2023-10-22 11:50:00,324.41,
TBW009,2023-10-22 12:00:00,324.41,
TBW009,2023-10-22 12:10:00,324.41,
TBW009,2023-10-22 12:20:00,324.41,
TBW009,2023-10-22 12:30:00,324.41,
TBW009,2023-10-22 12:40:00,324.41,
TBW009,2023-10-22 12:50:00,324.41,
TBW009,2023-10-22 13:00:00,324.41,
TBW009,2023-10-22 13:10:00,324.41,
TBW009,2023-10-22 13:20:00,324.41,
TBW009,2023-10-22 13:30:00,324.41,
TBW009,2023-10-22 13:40:00,324.41,
TBW009,2023-10-22 13:50:00,324.41,
TBW009,2023-10-22 14:00:00,324.41,
TBW009,2023-10-22 14:10:00,324.41,
TBW009,2023-10-22 14:20:00,324.41,
TBW009,2023-10-22 14:30:00,324.41,
TBW009,2023-10-22 14:40:00,324.41,
TBW009,2023-10-22 14:50:00,324.41,
TBW009,2023-10-22 15:00:00,324.4,
TBW009,2023-10-22 15:10:00,324.41,
TBW009,2023-10-22 15:20:00,324.41,
TBW009,2023-10-22 15:30:00,324.41,
TBW009,2023-10-22 15:40:00,324.41,
TBW009,2023-10-22 15:50:00,324.41,
TBW009,2023-10-22 16:00:00,324.41,
TBW009,2023-10-22 16:10:00,324.41,
TBW009,2023-10-22 16:20:00,324.41,
TBW009,2023-10-22 16:30:00,324.41,
TBW009,2023-10-22 16:40:00,324.41,
TBW009,2023-10-22 16:50:00,324.41,
TBW009,2023-10-22 17:00:00,324.41,
TBW009,2023-10-22 17:10:00,324.41,
TBW009,2023-10-22 17:20:00,324.41,
TBW009,2023-10-22 17:30:00,324.41,
TBW009,2023-10-22 17:40:00,324.41,
TBW009,2023-10-22 17:50:00,324.41,
TBW009,2023-10-22 18:00:00,324.42,
TBW009,2023-10-22 18:10:00,324.42,
TBW009,2023-10-22 18:20:00,324.41,
TBW009,2023-10-22 18:30:00,324.42,
TBW009,2023-10-22 18:40:00,324.41,
TBW009,2023-10-22 18:50:00,324.42,
TBW009,2023-10-22 19:00:00,324.41,
TBW009,2023-10-22 19:10:00,324.42,
TBW009,2023-10-22 19:20:00,324.41,
TBW009,2023-10-22 19:30:00,324.42,
TBW009,2023-10-22 19:40:00,324.42,
TBW009,2023-10-22 19:50:00,324.42,
TBW009,2023-10-22 20:00:00,324.42,
TBW009,2023-10-22 20:10:00,324.41,
TBW009,2023-10-22 20:20:00,324.42,
TBW009,2023-10-22 20:30:00,324.42,
TBW009,2023-10-22 20:40:00,324.42,
TBW009,2023-10-22 20:50:00,324.42,
TBW009,2023-10-22 21:00:00,324.42,
TBW009,2023-10-22 21:10:00,324.42,
TBW009,2023-10-22 21:20:00,324.43,
TBW009,2023-10-22 21:30:00,324.43,
TBW009,2023-10-22 21:40:00,324.43,
TBW009,2023-10-22 21:50:00,324.43,
TBW009,2023-10-22 22:00:00,324.43,
TBW009,2023-10-22 22:10:00,324.43,
TBW009,2023-10-22 22:20:00,324.43,
TBW009,2023-10-22 22:30:00,324.43,
TBW009,2023-10-22 22:40:00,324.43,
TBW009,2023-10-22 22:50:00,324.43,
TBW009,2023-10-22 23:00:00,324.43,
TBW009,2023-10-22 23:10:00,324.43,
TBW009,2023-10-22 23:20:00,324.43,
TBW009,2023-10-22 23:30:00,324.43,
TBW009,2023-10-22 23:40:00,324.43,
TBW009,2023-10-22 23:50:00,324.44,
TBW009,2023-10-23 00:00:00,324.44,
TBW009,2023-10-23 00:10:00,324.44,
TBW009,2023-10-23 00:20:00,324.44,
TBW009,2023-10-23 00:30:00,324.44,
TBW009,2023-10-23 00:40:00,324.44,
TBW009,2023-10-23 00:50:00,324.44,
TBW009,2023-10-23 01:00:00,324.45,
TBW009,2023-10-23 01:10:00,324.45,
TBW009,2023-10-23 01:20:00,324.45,
TBW009,2023-10-23 01:30:00,324.45,
TBW009,2023-10-23 01:40:00,324.45,
TBW009,2023-10-23 01:50:00,324.45,
TBW009,2023-10-23 02:00:00,324.45,
TBW009,2023-10-23 02:10:00,324.45,
TBW009,2023-10-23 02:20:00,324.45,
TBW009,2023-10-23 02:30:00,324.45,
TBW009,2023-10-23 02:40:00,324.45,
TBW009,2023-10-23 02:50:00,324.45,
TBW009,2023-10-23 03:00:00,324.46,
TBW009,2023-10-23 03:10:00,324.45,
TBW009,2023-10-23 03:20:00,324.45,
TBW009,2023-10-23 03:30:00,324.46,
TBW009,2023-10-23 03:40:00,324.46,
TBW009,2023-10-23 03:50:00,324.46,
TBW009,2023-10-23 04:00:00,324.45,
TBW009,2023-10-23 04:10:00,324.46,
TBW009,2023-10-23 04:20:00,324.46,
TBW009,2023-10-23 04:30:00,324.46,
TBW009,2023-10-23 04:40:00,324.46,
TBW009,2023-10-23 04:50:00,324.46,
TBW009,2023-10-23 05:00:00,324.46,
TBW009,2023-10-23 05:10:00,324.46,
TBW009,2023-10-23 05:20:00,324.46,
TBW009,2023-10-23 05:30:00,324.46,
TBW009,2023-10-23 05:40:00,324.46,
TBW009,2023-10-23 05:50:00,324.46,
TBW009,2023-10-23 06:00:00,324.46,
TBW009,2023-10-23 06:10:00,324.47,
TBW009,2023-10-23 06:20:00,324.46,
TBW009,2023-10-23 06:30:00,324.46,
TBW009,2023-10-23 06:40:00,324.46,
TBW009,2023-10-23 06:50:00,324.46,
TBW009,2023-10-23 07:00:00,324.46,
TBW009,2023-10-23 07:10:00,324.46,
TBW009,2023-10-23 07:20:00,324.46,
TBW009,2023-10-23 07:30:00,324.46,
TBW009,2023-10-23 07:40:00,324.46,
TBW009,2023-10-23 07:50:00,324.46,
TBW009,2023-10-23 08:00:00,324.47,
TBW009,2023-10-23 08:10:00,324.47,
TBW009,2023-10-23 08:20:00,324.46,
TBW009,2023-10-23 08:30:00,324.47,
TBW009,2023-10-23 08:40:00,324.46,
TBW009,2023-10-23 08:50:00,324.47,
TBW009,2023-10-23 09:00:00,324.46,
TBW009,2023-10-23 09:10:00,324.46,
TBW009,2023-10-23 09:20:00,324.46,
TBW009,2023-10-23 09:30:00,324.47,
TBW009,2023-10-23 09:40:00,324.47,
TBW009,2023-10-23 09:50:00,324.47,
TBW009,2023-10-23 10:00:00,324.47,
TBW009,2023-10-23 10:10:00,324.47,
TBW009,2023-10-23 10:20:00,324.47,
TBW009,2023-10-23 10:30:00,324.46,
TBW009,2023-10-23 10:40:00,324.47,
TBW009,2023-10-23 10:50:00,324.47,
TBW009,2023-10-23 11:00:00,324.47,
TBW009,2023-10-23 11:10:00,324.47,
TBW009,2023-10-23 11:20:00,324.47,
TBW009,2023-10-23 11:30:00,324.47,
TBW009,2023-10-23 11:40:00,324.47,
TBW009,2023-10-23 11:50:00,324.47,
TBW009,2023-10-23 12:00:00,324.47,
TBW009,2023-10-23 12:10:00,324.47,
TBW009,2023-10-23 12:20:00,324.47,
TBW009,2023-10-23 12:30:00,324.47,
TBW009,2023-10-23 12:40:00,324.47,
TBW009,2023-10-23 12:50:00,324.47,
TBW009,2023-10-23 13:00:00,324.47,
TBW009,2023-10-23 13:10:00,324.47,
TBW009,2023-10-23 13:20:00,324.47,
TBW009,2023-10-23 13:30:00,324.47,
TBW009,2023-10-23 13:40:00,324.47,
TBW009,2023-10-23 13:50:00,324.47,
TBW009,2023-10-23 14:00:00,324.47,
TBW009,2023-10-23 14:10:00,324.47,
TBW009,2023-10-23 14:20:00,324.47,
TBW009,2023-10-23 14:30:00,324.47,
TBW009,2023-10-23 14:40:00,324.47,
TBW009,2023-10-23 14:50:00,324.47,
TBW009,2023-10-23 15:00:00,324.47,
TBW009,2023-10-23 15:10:00,324.47,
TBW009,2023-10-23 15:20:00,324.47,
TBW009,2023-10-23 15:30:00,324.47,
TBW009,2023-10-23 15:40:00,324.47,
TBW009,2023-10-23 15:50:00,324.47,
TBW009,2023-10-23 16:00:00,324.47,
TBW009,2023-10-23 16:10:00,324.47,
TBW009,2023-10-23 16:20:00,324.47,
TBW009,2023-10-23 16:30:00,324.47,
TBW009,2023-10-23 16:40:00,324.47,
TBW009,2023-10-23 16:50:00,324.47,
TBW009,2023-10-23 17:00:00,324.47,
TBW009,2023-10-23 17:10:00,324.47,
TBW009,2023-10-23 17:20:00,324.47,
TBW009,2023-10-23 17:30:00,324.47,
TBW009,2023-10-23 17:40:00,324.48,
TBW009,2023-10-23 17:50:00,324.48,
TBW009,2023-10-23 18:00:00,324.48,
TBW009,2023-10-23 18:10:00,324.47,
TBW009,2023-10-23 18:20:00,324.47,
TBW009,2023-10-23 18:30:00,324.47,
TBW009,2023-10-23 18:40:00,324.48,
TBW009,2023-10-23 18:50:00,324.47,
TBW009,2023-10-23 19:00:00,324.47,
TBW009,2023-10-23 19:10:00,324.47,
TBW009,2023-10-23 19:20:00,324.47,
TBW009,2023-10-23 19:30:00,324.48,
TBW009,2023-10-23 19:40:00,324.47,
TBW009,2023-10-23 19:50:00,324.48,
TBW009,2023-10-23 20:00:00,324.47,
TBW009,2023-10-23 20:10:00,324.48,
TBW009,2023-10-23 20:20:00,324.47,
TBW009,2023-10-23 20:30:00,324.48,
TBW009,2023-10-23 20:40:00,324.48,
TBW009,2023-10-23 20:50:00,324.48,
TBW009,2023-10-23 21:00:00,324.47,
TBW009,2023-10-23 21:10:00,324.47,
TBW009,2023-10-23 21:20:00,324.47,
TBW009,2023-10-23 21:30:00,324.47,
TBW009,2023-10-23 21:40:00,324.47,
TBW009,2023-10-23 21:50:00,324.48,
TBW009,2023-10-23 22:00:00,324.47,
TBW009,2023-10-23 22:10:00,324.47,
TBW009,2023-10-23 22:20:00,324.48,
TBW009,2023-10-23 22:30:00,324.47,
TBW009,2023-10-23 22:40:00,324.47,
TBW009,2023-10-23 22:50:00,324.47,
TBW009,2023-10-23 23:00:00,324.48,
TBW009,2023-10-23 23:10:00,324.47,
TBW009,2023-10-23 23:20:00,324.47,
TBW009,2023-10-23 23:30:00,324.48,
TBW009,2023-10-23 23:40:00,324.48,
TBW009,2023-10-23 23:50:00,324.48,
TBW009,2023-10-24 00:00:00,324.48,
TBW009,2023-10-24 00:10:00,324.48,
TBW009,2023-10-24 00:20:00,324.48,
TBW009,2023-10-24 00:30:00,324.48,
TBW009,2023-10-24 00:40:00,324.48,
TBW009,2023-10-24 00:50:00,324.48,
TBW009,2023-10-24 01:00:00,324.48,
TBW009,2023-10-24 01:10:00,324.48,
TBW009,2023-10-24 01:20:00,324.47,
TBW009,2023-10-24 01:30:00,324.47,
TBW009,2023-10-24 01:40:00,324.48,
TBW009,2023-10-24 01:50:00,324.48,
TBW009,2023-10-24 02:00:00,324.48,
TBW009,2023-10-24 02:10:00,324.48,
TBW009,2023-10-24 02:20:00,324.48,
TBW009,2023-10-24 02:30:00,324.48,
TBW009,2023-10-24 02:40:00,324.48,
TBW009,2023-10-24 02:50:00,324.48,
TBW009,2023-10-24 03:00:00,324.48,
TBW009,2023-10-24 03:10:00,324.48,
TBW009,2023-10-24 03:20:00,324.47,
TBW009,2023-10-24 03:30:00,324.48,
TBW009,2023-10-24 03:40:00,324.48,
TBW009,2023-10-24 03:50:00,324.48,
TBW009,2023-10-24 04:00:00,324.48,
TBW009,2023-10-24 04:10:00,324.48,
TBW009,2023-10-24 04:20:00,324.48,
TBW009,2023-10-24 04:30:00,324.48,
TBW009,2023-10-24 04:40:00,324.48,
TBW009,2023-10-24 04:50:00,324.48,
TBW009,2023-10-24 05:00:00,324.48,
TBW009,2023-10-24 05:10:00,324.48,
TBW009,2023-10-24 05:20:00,324.48,
TBW009,2023-10-24 05:30:00,324.48,
TBW009,2023-10-24 05:40:00,324.48,
TBW009,2023-10-24 05:50:00,324.48,
TBW009,2023-10-24 06:00:00,324.48,
TBW009,2023-10-24 06:10:00,324.48,
TBW009,2023-10-24 06:20:00,324.48,
TBW009,2023-10-24 06:30:00,324.48,
TBW009,2023-10-24 06:40:00,324.48,
TBW009,2023-10-24 06:50:00,324.48,
TBW009,2023-10-24 07:00:00,324.48,
TBW009,2023-10-24 07:10:00,324.48,
TBW009,2023-10-24 07:20:00,324.48,
TBW009,2023-10-24 07:30:00,324.48,
TBW009,2023-10-24 07:40:00,324.48,
TBW009,2023-10-24 07:50:00,324.48,
TBW009,2023-10-24 08:00:00,324.48,
TBW009,2023-10-24 08:10:00,324.48,
TBW009,2023-10-24 08:20:00,324.48,
TBW009,2023-10-24 08:30:00,324.48,
TBW009,2023-10-24 08:40:00,324.48,
TBW009,2023-10-24 08:50:00,324.48,
TBW009,2023-10-24 09:00:00,324.48,
TBW009,2023-10-24 09:10:00,324.48,
TBW009,2023-10-24 09:20:00,324.48,
TBW009,2023-10-24 09:30:00,324.48,
TBW009,2023-10-24 09:40:00,324.48,
TBW009,2023-10-24 09:50:00,324.48,
TBW009,2023-10-24 10:00:00,324.48,
TBW009,2023-10-24 10:10:00,324.48,
TBW009,2023-10-24 10:20:00,324.48,
TBW009,2023-10-24 10:30:00,324.48,
TBW009,2023-10-24 10:40:00,324.48,
TBW009,2023-10-24 10:50:00,324.48,
TBW009,2023-10-24 11:00:00,324.48,
TBW009,2023-10-24 11:10:00,324.48,
TBW009,2023-10-24 11:20:00,324.48,
TBW009,2023-10-24 11:30:00,324.48,
TBW009,2023-10-24 11:40:00,324.48,
TBW009,2023-10-24 11:50:00,324.48,
TBW009,2023-10-24 12:00:00,324.48,
TBW009,2023-10-24 12:10:00,324.48,
TBW009,2023-10-24 12:20:00,324.48,
TBW009,2023-10-24 12:30:00,324.48,
TBW009,2023-10-24 12:40:00,324.48,
TBW009,2023-10-24 12:50:00,324.48,
TBW009,2023-10-24 13:00:00,324.48,
TBW009,2023-10-24 13:10:00,324.48,
TBW009,2023-10-24 13:20:00,324.48,
TBW009,2023-10-24 13:30:00,324.48,
TBW009,2023-10-24 13:40:00,324.48,
TBW009,2023-10-24 13:50:00,324.48,
TBW009,2023-10-24 14:00:00,324.48,
TBW009,2023-10-24 14:10:00,324.48,
TBW009,2023-10-24 14:20:00,324.48,
TBW009,2023-10-24 14:30:00,324.48,
TBW009,2023-10-24 14:40:00,324.48,
TBW009,2023-10-24 14:50:00,324.48,
TBW009,2023-10-24 15:00:00,324.48,
TBW009,2023-10-24 15:10:00,324.48,
TBW009,2023-10-24 15:20:00,324.48,
TBW009,2023-10-24 15:30:00,324.48,
TBW009,2023-10-24 15:40:00,324.48,
TBW009,2023-10-24 15:50:00,324.48,
TBW009,2023-10-24 16:00:00,324.48,
TBW009,2023-10-24 16:10:00,324.48,
TBW009,2023-10-24 16:20:00,324.48,
TBW009,2023-10-24 16:30:00,324.48,
TBW009,2023-10-24 16:40:00,324.48,
TBW009,2023-10-24 16:50:00,324.48,
TBW009,2023-10-24 17:00:00,324.48,
TBW009,2023-10-24 17:10:00,324.48,
TBW009,2023-10-24 17:20:00,324.48,
TBW009,2023-10-24 17:30:00,324.48,
TBW009,2023-10-24 17:40:00,324.48,
TBW009,2023-10-24 17:50:00,324.48,
TBW009,2023-10-24 18:00:00,324.48,
TBW009,2023-10-24 18:10:00,324.48,
TBW009,2023-10-24 18:20:00,324.48,
TBW009,2023-10-24 18:30:00,324.48,
TBW009,2023-10-24 18:40:00,324.48,
TBW009,2023-10-24 18:50:00,324.48,
TBW009,2023-10-24 19:00:00,324.48,
TBW009,2023-10-24 19:10:00,324.48,
TBW009,2023-10-24 19:20:00,324.48,
TBW009,2023-10-24 19:30:00,324.48,
TBW009,2023-10-24 19:40:00,324.48,
TBW009,2023-10-24 19:50:00,324.48,
TBW009,2023-10-24 20:00:00,324.48,
TBW009,2023-10-24 20:10:00,324.48,
TBW009,2023-10-24 20:20:00,324.48,
TBW009,2023-10-24 20:30:00,324.48,
TBW009,2023-10-24 20:40:00,324.48,
TBW009,2023-10-24 20:50:00,324.48,
TBW009,2023-10-24 21:00:00,324.48,
TBW009,2023-10-24 21:10:00,324.48,
TBW009,2023-10-24 21:20:00,324.48,
TBW009,2023-10-24 21:30:00,324.48,
TBW009,2023-10-24 21:40:00,324.48,
TBW009,2023-10-24 21:50:00,324.48,
TBW009,2023-10-24 22:00:00,324.48,
TBW009,2023-10-24 22:10:00,324.48,
TBW009,2023-10-24 22:20:00,324.48,
TBW009,2023-10-24 22:30:00,324.48,
TBW009,2023-10-24 22:40:00,324.48,
TBW009,2023-10-24 22:50:00,324.48,
TBW009,2023-10-24 23:00:00,324.48,
TBW009,2023-10-24 23:10:00,324.48,
TBW009,2023-10-24 23:20:00,324.48,
TBW009,2023-10-24 23:30:00,324.48,
TBW009,2023-10-24 23:40:00,324.48,
TBW009,2023-10-24 23:50:00,324.48,
TBW009,2023-10-25 00:00:00,324.48,
TBW009,2023-10-25 00:10:00,324.48,
TBW009,2023-10-25 00:20:00,324.48,
TBW009,2023-10-25 00:30:00,324.48,
TBW009,2023-10-25 00:40:00,324.47,
TBW009,2023-10-25 00:50:00,324.48,
TBW009,2023-10-25 01:00:00,324.48,
TBW009,2023-10-25 01:10:00,324.48,
TBW009,2023-10-25 01:20:00,324.48,
TBW009,2023-10-25 01:30:00,324.48,
TBW009,2023-10-25 01:40:00,324.48,
TBW009,2023-10-25 01:50:00,324.48,
TBW009,2023-10-25 02:00:00,324.48,
TBW009,2023-10-25 02:10:00,324.48,
TBW009,2023-10-25 02:20:00,324.48,
TBW009,2023-10-25 02:30:00,324.48,
TBW009,2023-10-25 02:40:00,324.48,
TBW009,2023-10-25 02:50:00,324.48,
TBW009,2023-10-25 03:00:00,324.48,
TBW009,2023-10-25 03:10:00,324.48,
TBW009,2023-10-25 03:20:00,324.48,
TBW009,2023-10-25 03:30:00,324.48,
TBW009,2023-10-25 03:40:00,324.48,
TBW009,2023-10-25 03:50:00,324.48,
TBW009,2023-10-25 04:00:00,324.48,
TBW009,2023-10-25 04:10:00,324.48,
TBW009,2023-10-25 04:20:00,324.48,
TBW009,2023-10-25 04:30:00,324.48,
TBW009,2023-10-25 04:40:00,324.48,
TBW009,2023-10-25 04:50:00,324.48,
TBW009,2023-10-25 05:00:00,324.48,
TBW009,2023-10-25 05:10:00,324.48,
TBW009,2023-10-25 05:20:00,324.48,
TBW009,2023-10-25 05:30:00,324.48,
TBW009,2023-10-25 05:40:00,324.48,
TBW009,2023-10-25 05:50:00,324.48,
TBW009,2023-10-25 06:00:00,324.48,
TBW009,2023-10-25 06:10:00,324.48,
TBW009,2023-10-25 06:20:00,324.48,
TBW009,2023-10-25 06:30:00,324.48,
TBW009,2023-10-25 06:40:00,324.48,
TBW009,2023-10-25 06:50:00,324.48,
TBW009,2023-10-25 07:00:00,324.48,
TBW009,2023-10-25 07:10:00,324.48,
TBW009,2023-10-25 07:20:00,324.48,
TBW009,2023-10-25 07:30:00,324.48,
TBW009,2023-10-25 07:40:00,324.48,
TBW009,2023-10-25 07:50:00,324.48,
TBW009,2023-10-25 08:00:00,324.48,
TBW009,2023-10-25 08:10:00,324.48,
TBW009,2023-10-25 08:20:00,324.48,
TBW009,2023-10-25 08:30:00,324.48,
TBW009,2023-10-25 08:40:00,324.48,
TBW009,2023-10-25 08:50:00,324.48,
TBW009,2023-10-25 09:00:00,324.48,
TBW009,2023-10-25 09:10:00,324.48,
TBW009,2023-10-25 09:20:00,324.48,
TBW009,2023-10-25 09:30:00,324.48,
TBW009,2023-10-25 09:40:00,324.48,
TBW009,2023-10-25 09:50:00,324.48,
TBW009,2023-10-25 10:00:00,324.48,
TBW009,2023-10-25 10:10:00,324.48,
TBW009,2023-10-25 10:20:00,324.48,
TBW009,2023-10-25 10:30:00,324.48,
TBW009,2023-10-25 10:40:00,324.48,
TBW009,2023-10-25 10:50:00,324.48,
TBW009,2023-10-25 11:00:00,324.48,
TBW009,2023-10-25 11:10:00,324.48,
TBW009,2023-10-25 11:20:00,-,
TBW009,2023-10-25 11:30:00,324.48,
TBW009,2023-10-25 11:40:00,324.48,
TBW009,2023-10-25 11:50:00,324.48,
TBW009,2023-10-25 12:00:00,324.48,
TBW009,2023-10-25 12:10:00,324.48,
TBW009,2023-10-25 12:20:00,324.48,
TBW009,2023-10-25 12:30:00,324.48,
TBW009,2023-10-25 12:40:00,324.48,
TBW009,2023-10-25 12:50:00,324.48,
TBW009,2023-10-25 13:00:00,324.48,
TBW009,2023-10-25 13:10:00,324.48,
TBW009,2023-10-25 13:20:00,324.48,
TBW009,2023-10-25 13:30:00,324.48,
TBW009,2023-10-25 13:40:00,324.48,
TBW009,2023-10-25 13:50:00,324.48,
TBW009,2023-10-25 14:00:00,324.48,
TBW009,2023-10-25 14:10:00,324.48,
TBW009,2023-10-25 14:20:00,324.48,
TBW009,2023-10-25 14:30:00,324.48,
TBW009,2023-10-25 14:40:00,324.48,
TBW009,2023-10-25 14:50:00,324.48,
TBW009,2023-10-25 15:00:00,324.48,
TBW009,2023-10-25 15:10:00,324.48,
TBW009,2023-10-25 15:20:00,324.48,
TBW009,2023-10-25 15:30:00,324.48,
TBW009,2023-10-25 15:40:00,324.47,
TBW009,2023-10-25 15:50:00,324.48,
TBW009,2023-10-25 16:00:00,324.48,
TBW009,2023-10-25 16:10:00,324.48,
TBW009,2023-10-25 16:20:00,324.48,
TBW009,2023-10-25 16:30:00,324.48,
TBW009,2023-10-25 16:40:00,324.48,
TBW009,2023-10-25 16:50:00,324.48,
TBW009,2023-10-25 17:00:00,324.48,
TBW009,2023-10-25 17:10:00,324.48,
TBW009,2023-10-25 17:20:00,324.48,
TBW009,2023-10-25 17:30:00,324.48,
TBW009,2023-10-25 17:40:00,324.48,
TBW009,2023-10-25 17:50:00,324.48,
TBW009,2023-10-25 18:00:00,324.48,
TBW009,2023-10-25 18:10:00,324.48,
TBW009,2023-10-25 18:20:00,324.48,
TBW009,2023-10-25 18:30:00,324.48,
TBW009,2023-10-25 18:40:00,324.48,
TBW009,2023-10-25 18:50:00,324.48,
TBW009,2023-10-25 19:00:00,324.48,
TBW009,2023-10-25 19:10:00,324.48,
TBW009,2023-10-25 19:20:00,324.48,
TBW009,2023-10-25 19:30:00,324.48,
TBW009,2023-10-25 19:40:00,324.48,
TBW009,2023-10-25 19:50:00,324.48,
TBW009,2023-10-25 20:00:00,324.48,
TBW009,2023-10-25 20:10:00,324.48,
TBW009,2023-10-25 20:20:00,324.48,
TBW009,2023-10-25 20:30:00,324.48,
TBW009,2023-10-25 20:40:00,324.48,
TBW009,2023-10-25 20:50:00,324.48,
TBW009,2023-10-25 21:00:00,324.48,
TBW009,2023-10-25 21:10:00,324.48,
TBW009,2023-10-25 21:20:00,324.48,
TBW009,2023-10-25 21:30:00,324.48,
TBW009,2023-10-25 21:40:00,324.48,
TBW009,2023-10-25 21:50:00,324.48,
TBW009,2023-10-25 22:00:00,324.48,
TBW009,2023-10-25 22:10:00,324.48,
TBW009,2023-10-25 22:20:00,324.48,
TBW009,2023-10-25 22:30:00,324.48,
TBW009,2023-10-25 22:40:00,324.48,
TBW009,2023-10-25 22:50:00,324.48,
TBW009,2023-10-25 23:00:00,324.48,
TBW009,2023-10-25 23:10:00,324.48,
TBW009,2023-10-25 23:20:00,324.48,
TBW009,2023-10-25 23:30:00,324.48,
TBW009,2023-10-25 23:40:00,324.48,
TBW009,2023-10-25 23:50:00,324.48,
TBW009,2023-10-26 00:00:00,324.48,
TBW009,2023-10-26 00:10:00,324.48,
TBW009,2023-10-26 00:20:00,324.48,
TBW009,2023-10-26 00:30:00,324.48,
TBW009,2023-10-26 00:40:00,324.48,
TBW009,2023-10-26 00:50:00,324.48,
TBW009,2023-10-26 01:00:00,324.48,
TBW009,2023-10-26 01:10:00,324.48,
TBW009,2023-10-26 01:20:00,324.48,
TBW009,2023-10-26 01:30:00,324.48,
TBW009,2023-10-26 01:40:00,324.48,
TBW009,2023-10-26 01:50:00,324.48,
TBW009,2023-10-26 02:00:00,324.48,
TBW009,2023-10-26 02:10:00,324.48,
TBW009,2023-10-26 02:20:00,324.48,
TBW009,2023-10-26 02:30:00,324.48,
TBW009,2023-10-26 02:40:00,324.48,
TBW009,2023-10-26 02:50:00,324.48,
TBW009,2023-10-26 03:00:00,324.48,
TBW009,2023-10-26 03:10:00,324.48,
TBW009,2023-10-26 03:20:00,324.48,
TBW009,2023-10-26 03:30:00,324.48,
TBW009,2023-10-26 03:40:00,324.48,
TBW009,2023-10-26 03:50:00,324.48,
TBW009,2023-10-26 04:00:00,324.48,
TBW009,2023-10-26 04:10:00,324.48,
TBW009,2023-10-26 04:20:00,324.48,
TBW009,2023-10-26 04:30:00,324.48,
TBW009,2023-10-26 04:40:00,324.48,
TBW009,2023-10-26 04:50:00,324.48,
TBW009,2023-10-26 05:00:00,324.48,
TBW009,2023-10-26 05:10:00,324.48,
TBW009,2023-10-26 05:20:00,324.48,
TBW009,2023-10-26 05:30:00,324.48,
TBW009,2023-10-26 05:40:00,324.48,
TBW009,2023-10-26 05:50:00,324.48,
TBW009,2023-10-26 06:00:00,324.48,
TBW009,2023-10-26 06:10:00,324.48,
TBW009,2023-10-26 06:20:00,324.48,
TBW009,2023-10-26 06:30:00,324.48,
TBW009,2023-10-26 06:40:00,324.48,
TBW009,2023-10-26 06:50:00,324.48,
TBW009,2023-10-26 07:00:00,324.48,
TBW009,2023-10-26 07:10:00,324.48,
TBW009,2023-10-26 07:20:00,324.48,
TBW009,2023-10-26 07:30:00,324.48,
TBW009,2023-10-26 07:40:00,324.48,
TBW009,2023-10-26 07:50:00,324.48,
TBW009,2023-10-26 08:00:00,324.48,
TBW009,2023-10-26 08:10:00,324.48,
TBW009,2023-10-26 08:20:00,324.48,
TBW009,2023-10-26 08:30:00,324.48,
TBW009,2023-10-26 08:40:00,324.48,
TBW009,2023-10-26 08:50:00,324.48,
TBW009,2023-10-26 09:00:00,324.48,
TBW009,2023-10-26 09:10:00,324.48,
TBW009,2023-10-26 09:20:00,324.48,
TBW009,2023-10-26 09:30:00,324.48,
TBW009,2023-10-26 09:40:00,324.48,
TBW009,2023-10-26 09:50:00,324.48,
TBW009,2023-10-26 10:00:00,324.48,
TBW009,2023-10-26 10:10:00,324.48,
TBW009,2023-10-26 10:20:00,324.48,
TBW009,2023-10-26 10:30:00,324.48,
TBW009,2023-10-26 10:40:00,324.48,
TBW009,2023-10-26 10:50:00,324.48,
TBW009,2023-10-26 11:00:00,324.48,
TBW009,2023-10-26 11:10:00,324.48,
TBW009,2023-10-26 11:20:00,324.48,
TBW009,2023-10-26 11:30:00,324.48,
TBW009,2023-10-26 11:40:00,324.48,
TBW009,2023-10-26 11:50:00,324.48,
TBW009,2023-10-26 12:00:00,324.48,
TBW009,2023-10-26 12:10:00,324.48,
TBW009,2023-10-26 12:20:00,324.48,
TBW009,2023-10-26 12:30:00,324.48,
TBW009,2023-10-26 12:40:00,324.48,
TBW009,2023-10-26 12:50:00,324.47,
TBW009,2023-10-26 13:00:00,324.48,
TBW009,2023-10-26 13:10:00,324.48,
TBW009,2023-10-26 13:20:00,324.48,
TBW009,2023-10-26 13:30:00,324.48,
TBW009,2023-10-26 13:40:00,324.48,
TBW009,2023-10-26 13:50:00,324.48,
TBW009,2023-10-26 14:00:00,324.48,
TBW009,2023-10-26 14:10:00,324.48,
TBW009,2023-10-26 14:20:00,324.48,
TBW009,2023-10-26 14:30:00,324.48,
TBW009,2023-10-26 14:40:00,324.48,
TBW009,2023-10-26 14:50:00,324.48,
TBW009,2023-10-26 15:00:00,324.48,
TBW009,2023-10-26 15:10:00,324.48,
TBW009,2023-10-26 15:20:00,324.48,
TBW009,2023-10-26 15:30:00,324.48,
TBW009,2023-10-26 15:40:00,324.48,
TBW009,2023-10-26 15:50:00,324.48,
TBW009,2023-10-26 16:00:00,324.48,
TBW009,2023-10-26 16:10:00,324.48,
TBW009,2023-10-26 16:20:00,324.48,
TBW009,2023-10-26 16:30:00,324.48,
TBW009,2023-10-26 16:40:00,324.48,
TBW009,2023-10-26 16:50:00,324.48,
TBW009,2023-10-26 17:00:00,324.48,
TBW009,2023-10-26 17:10:00,324.48,
TBW009,2023-10-26 17:20:00,324.48,
TBW009,2023-10-26 17:30:00,324.48,
TBW009,2023-10-26 17:40:00,324.48,
TBW009,2023-10-26 17:50:00,324.47,
TBW009,2023-10-26 18:00:00,324.48,
TBW009,2023-10-26 18:10:00,324.48,
TBW009,2023-10-26 18:20:00,324.48,
TBW009,2023-10-26 18:30:00,324.48,
TBW009,2023-10-26 18:40:00,324.48,
TBW009,2023-10-26 18:50:00,324.48,
TBW009,2023-10-26 19:00:00,324.48,
TBW009,2023-10-26 19:10:00,324.48,
TBW009,2023-10-26 19:20:00,324.48,
TBW009,2023-10-26 19:30:00,324.48,
TBW009,2023-10-26 19:40:00,324.48,
TBW009,2023-10-26 19:50:00,324.48,
TBW009,2023-10-26 20:00:00,324.48,
TBW009,2023-10-26 20:10:00,324.48,
TBW009,2023-10-26 20:20:00,324.48,
TBW009,2023-10-26 20:30:00,324.48,
TBW009,2023-10-26 20:40:00,324.48,
TBW009,2023-10-26 20:50:00,324.48,
TBW009,2023-10-26 21:00:00,324.48,
TBW009,2023-10-26 21:10:00,324.48,
TBW009,2023-10-26 21:20:00,324.48,
TBW009,2023-10-26 21:30:00,324.48,
TBW009,2023-10-26 21:40:00,324.48,
TBW009,2023-10-26 21:50:00,324.48,
TBW009,2023-10-26 22:00:00,324.48,
TBW009,2023-10-26 22:10:00,324.48,
TBW009,2023-10-26 22:20:00,324.48,
TBW009,2023-10-26 22:30:00,324.48,
TBW009,2023-10-26 22:40:00,324.48,
TBW009,2023-10-26 22:50:00,324.48,
TBW009,2023-10-26 23:00:00,324.48,
TBW009,2023-10-26 23:10:00,324.48,
TBW009,2023-10-26 23:20:00,324.48,
TBW009,2023-10-26 23:30:00,324.48,
TBW009,2023-10-26 23:40:00,324.48,
TBW009,2023-10-26 23:50:00,324.48,
TBW009,2023-10-27 00:00:00,324.48,
TBW009,2023-10-27 00:10:00,324.48,
TBW009,2023-10-27 00:20:00,324.48,
TBW009,2023-10-27 00:30:00,324.48,
TBW009,2023-10-27 00:40:00,324.48,
TBW009,2023-10-27 00:50:00,324.48,
TBW009,2023-10-27 01:00:00,324.48,
TBW009,2023-10-27 01:10:00,324.48,
TBW009,2023-10-27 01:20:00,324.48,
TBW009,2023-10-27 01:30:00,324.48,
TBW009,2023-10-27 01:40:00,324.48,
TBW009,2023-10-27 01:50:00,324.48,
TBW009,2023-10-27 02:00:00,324.48,
TBW009,2023-10-27 02:10:00,324.48,
TBW009,2023-10-27 02:20:00,324.48,
TBW009,2023-10-27 02:30:00,324.48,
TBW009,2023-10-27 02:40:00,324.48,
TBW009,2023-10-27 02:50:00,324.48,
TBW009,2023-10-27 03:00:00,324.48,
TBW009,2023-10-27 03:10:00,324.48,
TBW009,2023-10-27 03:20:00,324.48,
TBW009,2023-10-27 03:30:00,324.48,
TBW009,2023-10-27 03:40:00,324.48,
TBW009,2023-10-27 03:50:00,324.48,
TBW009,2023-10-27 04:00:00,324.48,
TBW009,2023-10-27 04:10:00,324.48,
TBW009,2023-10-27 04:20:00,324.48,
TBW009,2023-10-27 04:30:00,324.48,
TBW009,2023-10-27 04:40:00,324.48,
TBW009,2023-10-27 04:50:00,324.48,
TBW009,2023-10-27 05:00:00,324.48,
TBW009,2023-10-27 05:10:00,324.48,
TBW009,2023-10-27 05:20:00,324.48,
TBW009,2023-10-27 05:30:00,324.48,
TBW009,2023-10-27 05:40:00,324.48,
TBW009,2023-10-27 05:50:00,324.48,
TBW009,2023-10-27 06:00:00,324.48,
TBW009,2023-10-27 06:10:00,324.48,
TBW009,2023-10-27 06:20:00,324.48,
TBW009,2023-10-27 06:30:00,324.48,
TBW009,2023-10-27 06:40:00,324.48,
TBW009,2023-10-27 06:50:00,324.48,
TBW009,2023-10-27 07:00:00,324.48,
TBW009,2023-10-27 07:10:00,324.48,
TBW009,2023-10-27 07:20:00,324.48,
TBW009,2023-10-27 07:30:00,324.48,
TBW009,2023-10-27 07:40:00,324.48,
TBW009,2023-10-27 07:50:00,324.48,
TBW009,2023-10-27 08:00:00,324.48,
TBW009,2023-10-27 08:10:00,324.48,
TBW009,2023-10-27 08:20:00,324.48,
TBW009,2023-10-27 08:30:00,324.48,
TBW009,2023-10-27 08:40:00,324.48,
TBW009,2023-10-27 08:50:00,324.48,
TBW009,2023-10-27 09:00:00,324.48,
TBW009,2023-10-27 09:10:00,324.48,
TBW009,2023-10-27 09:20:00,324.48,
TBW009,2023-10-27 09:30:00,324.48,
TBW009,2023-10-27 09:40:00,324.48,
TBW009,2023-10-27 09:50:00,324.48,
TBW009,2023-10-27 10:00:00,324.48,
TBW009,2023-10-27 10:10:00,324.48,
TBW009,2023-10-27 10:20:00,324.48,
TBW009,2023-10-27 10:30:00,324.48,
TBW009,2023-10-27 10:40:00,324.48,
TBW009,2023-10-27 10:50:00,324.48,
TBW009,2023-10-27 11:00:00,324.48,
TBW009,2023-10-27 11:10:00,324.48,
TBW009,2023-10-27 11:20:00,324.48,
TBW009,2023-10-27 11:30:00,324.48,
TBW009,2023-10-27 11:40:00,324.48,
TBW009,2023-10-27 11:50:00,324.48,
TBW009,2023-10-27 12:00:00,324.48,
TBW009,2023-10-27 12:10:00,324.48,
TBW009,2023-10-27 12:20:00,324.48,
TBW009,2023-10-27 12:30:00,324.48,
TBW009,2023-10-27 12:40:00,324.48,
TBW009,2023-10-27 12:50:00,324.48,
TBW009,2023-10-27 13:00:00,324.48,
TBW009,2023-10-27 13:10:00,324.48,
TBW009,2023-10-27 13:20:00,324.48,
TBW009,2023-10-27 13:30:00,324.48,
TBW009,2023-10-27 13:40:00,324.47,
TBW009,2023-10-27 13:50:00,324.48,
TBW009,2023-10-27 14:00:00,324.48,
TBW009,2023-10-27 14:10:00,324.48,
TBW009,2023-10-27 14:20:00,-,
TBW009,2023-10-27 14:30:00,324.48,
TBW009,2023-10-27 14:40:00,324.48,
TBW009,2023-10-27 14:50:00,324.48,
TBW009,2023-10-27 15:00:00,324.48,
TBW009,2023-10-27 15:10:00,324.48,
TBW009,2023-10-27 15:20:00,324.48,
TBW009,2023-10-27 15:30:00,324.48,
TBW009,2023-10-27 15:40:00,324.48,
TBW009,2023-10-27 15:50:00,324.48,
TBW009,2023-10-27 16:00:00,324.48,
TBW009,2023-10-27 16:10:00,324.48,
TBW009,2023-10-27 16:20:00,324.48,
TBW009,2023-10-27 16:30:00,324.48,
TBW009,2023-10-27 16:40:00,324.48,
TBW009,2023-10-27 16:50:00,324.48,
TBW009,2023-10-27 17:00:00,324.48,
TBW009,2023-10-27 17:10:00,324.48,
TBW009,2023-10-27 17:20:00,324.48,
TBW009,2023-10-27 17:30:00,324.48,
TBW009,2023-10-27 17:40:00,324.48,
TBW009,2023-10-27 17:50:00,324.48,
TBW009,2023-10-27 18:00:00,324.48,
TBW009,2023-10-27 18:10:00,324.48,
TBW009,2023-10-27 18:20:00,324.48,
TBW009,2023-10-27 18:30:00,324.48,
TBW009,2023-10-27 18:40:00,324.47,
TBW009,2023-10-27 18:50:00,-,
TBW009,2023-10-27 19:00:00,324.48,
TBW009,2023-10-27 19:10:00,324.48,
TBW009,2023-10-27 19:20:00,324.48,
TBW009,2023-10-27 19:30:00,324.48,
TBW009,2023-10-27 19:40:00,324.47,
TBW009,2023-10-27 19:50:00,324.48,
TBW009,2023-10-27 20:00:00,324.48,
TBW009,2023-10-27 20:10:00,324.48,
TBW009,2023-10-27 20:20:00,324.48,
TBW009,2023-10-27 20:30:00,324.48,
TBW009,2023-10-27 20:40:00,324.48,
TBW009,2023-10-27 20:50:00,324.48,
TBW009,2023-10-27 21:00:00,324.48,
TBW009,2023-10-27 21:10:00,324.48,
TBW009,2023-10-27 21:20:00,324.48,
TBW009,2023-10-27 21:30:00,324.48,
TBW009,2023-10-27 21:40:00,324.47,
TBW009,2023-10-27 21:50:00,324.48,
TBW009,2023-10-27 22:00:00,324.47,
TBW009,2023-10-27 22:10:00,324.47,
TBW009,2023-10-27 22:20:00,324.48,
TBW009,2023-10-27 22:30:00,324.48,
TBW009,2023-10-27 22:40:00,324.48,
TBW009,2023-10-27 22:50:00,324.48,
TBW009,2023-10-27 23:00:00,324.47,
TBW009,2023-10-27 23:10:00,324.48,
TBW009,2023-10-27 23:20:00,324.48,
TBW009,2023-10-27 23:30:00,324.48,
TBW009,2023-10-27 23:40:00,324.47,
TBW009,2023-10-27 23:50:00,324.48,
TBW009,2023-10-28 00:00:00,324.48,
TBW009,2023-10-28 00:10:00,324.48,
TBW009,2023-10-28 00:20:00,324.48,
TBW009,2023-10-28 00:30:00,-,
TBW009,2023-10-28 00:40:00,324.48,
TBW009,2023-10-28 00:50:00,324.48,
TBW009,2023-10-28 01:00:00,324.48,
TBW009,2023-10-28 01:10:00,324.48,
TBW009,2023-10-28 01:20:00,324.48,
TBW009,2023-10-28 01:30:00,324.48,
TBW009,2023-10-28 01:40:00,324.48,
TBW009,2023-10-28 01:50:00,324.48,
TBW009,2023-10-28 02:00:00,324.48,
TBW009,2023-10-28 02:10:00,324.48,
TBW009,2023-10-28 02:20:00,324.48,
TBW009,2023-10-28 02:30:00,324.48,
TBW009,2023-10-28 02:40:00,324.48,
TBW009,2023-10-28 02:50:00,324.48,
TBW009,2023-10-28 03:00:00,324.48,
TBW009,2023-10-28 03:10:00,324.48,
TBW009,2023-10-28 03:20:00,324.47,
TBW009,2023-10-28 03:30:00,324.48,
TBW009,2023-10-28 03:40:00,324.48,
TBW009,2023-10-28 03:50:00,324.48,
TBW009,2023-10-28 04:00:00,324.47,
TBW009,2023-10-28 04:10:00,324.48,
TBW009,2023-10-28 04:20:00,324.48,
TBW009,2023-10-28 04:30:00,324.48,
TBW009,2023-10-28 04:40:00,-,
TBW009,2023-10-28 04:50:00,324.48,
TBW009,2023-10-28 05:00:00,324.48,
TBW009,2023-10-28 05:10:00,324.47,
TBW009,2023-10-28 05:20:00,324.47,
TBW009,2023-10-28 05:30:00,324.48,
TBW009,2023-10-28 05:40:00,324.47,
TBW009,2023-10-28 05:50:00,324.48,
TBW009,2023-10-28 06:00:00,324.48,
TBW009,2023-10-28 06:10:00,324.48,
TBW009,2023-10-28 06:20:00,324.48,
TBW009,2023-10-28 06:30:00,324.48,
TBW009,2023-10-28 06:40:00,324.48,
TBW009,2023-10-28 06:50:00,324.48,
TBW009,2023-10-28 07:00:00,324.48,
TBW009,2023-10-28 07:10:00,324.47,
TBW009,2023-10-28 07:20:00,324.48,
TBW009,2023-10-28 07:30:00,324.47,
TBW009,2023-10-28 07:40:00,-,
TBW009,2023-10-28 07:50:00,324.47,
TBW009,2023-10-28 08:00:00,324.47,
TBW009,2023-10-28 08:10:00,324.48,
TBW009,2023-10-28 08:20:00,324.47,
TBW009,2023-10-28 08:30:00,324.47,
TBW009,2023-10-28 08:40:00,324.48,
TBW009,2023-10-28 08:50:00,324.48,
TBW009,2023-10-28 09:00:00,324.48,
TBW009,2023-10-28 09:10:00,324.47,
TBW009,2023-10-28 09:20:00,324.48,
TBW009,2023-10-28 09:30:00,324.48,
TBW009,2023-10-28 09:40:00,324.48,
TBW009,2023-10-28 09:50:00,324.48,
TBW009,2023-10-28 10:00:00,324.48,
TBW009,2023-10-28 10:10:00,324.48,
TBW009,2023-10-28 10:20:00,324.47,
TBW009,2023-10-28 10:30:00,324.47,
TBW009,2023-10-28 10:40:00,324.47,
TBW009,2023-10-28 10:50:00,324.48,
TBW009,2023-10-28 11:00:00,324.47,
TBW009,2023-10-28 11:10:00,324.48,
TBW009,2023-10-28 11:20:00,324.47,
TBW009,2023-10-28 11:30:00,324.48,
TBW009,2023-10-28 11:40:00,324.47,
TBW009,2023-10-28 11:50:00,324.48,
TBW009,2023-10-28 12:00:00,324.48,
TBW009,2023-10-28 12:10:00,324.48,
TBW009,2023-10-28 12:20:00,324.47,
TBW009,2023-10-28 12:30:00,324.47,
TBW009,2023-10-28 12:40:00,324.47,
TBW009,2023-10-28 12:50:00,324.48,
TBW009,2023-10-28 13:00:00,324.48,
TBW009,2023-10-28 13:10:00,324.48,
TBW009,2023-10-28 13:20:00,324.47,
TBW009,2023-10-28 13:30:00,324.48,
TBW009,2023-10-28 13:40:00,324.47,
TBW009,2023-10-28 13:50:00,324.48,
TBW009,2023-10-28 14:00:00,324.47,
TBW009,2023-10-28 14:10:00,324.47,
TBW009,2023-10-28 14:20:00,324.48,
TBW009,2023-10-28 14:30:00,324.47,
TBW009,2023-10-28 14:40:00,324.47,
TBW009,2023-10-28 14:50:00,324.48,
TBW009,2023-10-28 15:00:00,324.48,
TBW009,2023-10-28 15:10:00,324.48,
TBW009,2023-10-28 15:20:00,324.48,
TBW009,2023-10-28 15:30:00,324.47,
TBW009,2023-10-28 15:40:00,324.47,
TBW009,2023-10-28 15:50:00,324.47,
TBW009,2023-10-28 16:00:00,324.47,
TBW009,2023-10-28 16:10:00,324.48,
TBW009,2023-10-28 16:20:00,324.47,
TBW009,2023-10-28 16:30:00,324.47,
TBW009,2023-10-28 16:40:00,324.48,
TBW009,2023-10-28 16:50:00,324.47,
TBW009,2023-10-28 17:00:00,324.47,
TBW009,2023-10-28 17:10:00,324.48,
TBW009,2023-10-28 17:20:00,324.47,
TBW009,2023-10-28 17:30:00,324.48,
TBW009,2023-10-28 17:40:00,324.47,
TBW009,2023-10-28 17:50:00,324.47,
TBW009,2023-10-28 18:00:00,324.48,
TBW009,2023-10-28 18:10:00,324.48,
TBW009,2023-10-28 18:20:00,324.48,
TBW009,2023-10-28 18:30:00,324.48,
TBW009,2023-10-28 18:40:00,324.47,
TBW009,2023-10-28 18:50:00,324.47,
TBW009,2023-10-28 19:00:00,324.47,
TBW009,2023-10-28 19:10:00,324.48,
TBW009,2023-10-28 19:20:00,324.47,
TBW009,2023-10-28 19:30:00,324.47,
TBW009,2023-10-28 19:40:00,324.48,
TBW009,2023-10-28 19:50:00,324.48,
TBW009,2023-10-28 20:00:00,324.47,
TBW009,2023-10-28 20:10:00,324.48,
TBW009,2023-10-28 20:20:00,324.47,
TBW009,2023-10-28 20:30:00,324.48,
TBW009,2023-10-28 20:40:00,324.47,
TBW009,2023-10-28 20:50:00,324.47,
TBW009,2023-10-28 21:00:00,324.48,
TBW009,2023-10-28 21:10:00,324.48,
TBW009,2023-10-28 21:20:00,324.48,
TBW009,2023-10-28 21:30:00,324.47,
TBW009,2023-10-28 21:40:00,324.47,
TBW009,2023-10-28 21:50:00,324.47,
TBW009,2023-10-28 22:00:00,324.47,
TBW009,2023-10-28 22:10:00,324.48,
TBW009,2023-10-28 22:20:00,324.48,
TBW009,2023-10-28 22:30:00,324.47,
TBW009,2023-10-28 22:40:00,324.47,
TBW009,2023-10-28 22:50:00,324.47,
TBW009,2023-10-28 23:00:00,324.48,
TBW009,2023-10-28 23:10:00,324.47,
TBW009,2023-10-28 23:20:00,324.48,
TBW009,2023-10-28 23:30:00,324.47,
TBW009,2023-10-28 23:40:00,324.48,
TBW009,2023-10-28 23:50:00,324.47,
TBW009,2023-10-29 00:00:00,324.47,
TBW009,2023-10-29 00:10:00,324.47,
TBW009,2023-10-29 00:20:00,324.48,
TBW009,2023-10-29 00:30:00,324.47,
TBW009,2023-10-29 00:40:00,324.47,
TBW009,2023-10-29 00:50:00,324.48,
TBW009,2023-10-29 01:00:00,324.48,
TBW009,2023-10-29 01:10:00,324.48,
TBW009,2023-10-29 01:20:00,324.48,
TBW009,2023-10-29 01:30:00,324.48,
TBW009,2023-10-29 01:40:00,324.47,
TBW009,2023-10-29 01:50:00,324.47,
TBW009,2023-10-29 02:00:00,324.47,
TBW009,2023-10-29 02:10:00,324.47,
TBW009,2023-10-29 02:20:00,324.48,
TBW009,2023-10-29 02:30:00,324.48,
TBW009,2023-10-29 02:40:00,324.47,
TBW009,2023-10-29 02:50:00,324.47,
TBW009,2023-10-29 03:00:00,324.47,
TBW009,2023-10-29 03:10:00,324.47,
TBW009,2023-10-29 03:20:00,324.47,
TBW009,2023-10-29 03:30:00,324.47,
TBW009,2023-10-29 03:40:00,324.47,
TBW009,2023-10-29 03:50:00,324.48,
TBW009,2023-10-29 04:00:00,324.47,
TBW009,2023-10-29 04:10:00,324.47,
TBW009,2023-10-29 04:20:00,324.48,
TBW009,2023-10-29 04:30:00,324.48,
TBW009,2023-10-29 04:40:00,324.47,
TBW009,2023-10-29 04:50:00,324.48,
TBW009,2023-10-29 05:00:00,324.48,
TBW009,2023-10-29 05:10:00,324.47,
TBW009,2023-10-29 05:20:00,324.47,
TBW009,2023-10-29 05:30:00,324.48,
TBW009,2023-10-29 05:40:00,324.47,
TBW009,2023-10-29 05:50:00,324.47,
TBW009,2023-10-29 06:00:00,324.48,
TBW009,2023-10-29 06:10:00,324.48,
TBW009,2023-10-29 06:20:00,324.47,
TBW009,2023-10-29 06:30:00,324.48,
TBW009,2023-10-29 06:40:00,324.47,
TBW009,2023-10-29 06:50:00,324.48,
TBW009,2023-10-29 07:00:00,324.47,
TBW009,2023-10-29 07:10:00,324.47,
TBW009,2023-10-29 07:20:00,324.48,
TBW009,2023-10-29 07:30:00,324.47,
TBW009,2023-10-29 07:40:00,324.47,
TBW009,2023-10-29 07:50:00,324.47,
TBW009,2023-10-29 08:00:00,324.47,
TBW009,2023-10-29 08:10:00,324.47,
TBW009,2023-10-29 08:20:00,324.48,
TBW009,2023-10-29 08:30:00,324.47,
TBW009,2023-10-29 08:40:00,324.48,
TBW009,2023-10-29 08:50:00,324.47,
TBW009,2023-10-29 09:00:00,324.47,
TBW009,2023-10-29 09:10:00,324.47,
TBW009,2023-10-29 09:20:00,324.47,
TBW009,2023-10-29 09:30:00,324.47,
TBW009,2023-10-29 09:40:00,324.47,
TBW009,2023-10-29 09:50:00,324.47,
TBW009,2023-10-29 10:00:00,324.47,
TBW009,2023-10-29 10:10:00,324.48,
TBW009,2023-10-29 10:20:00,324.48,
TBW009,2023-10-29 10:30:00,324.47,
TBW009,2023-10-29 10:40:00,324.47,
TBW009,2023-10-29 10:50:00,324.47,
TBW009,2023-10-29 11:00:00,324.47,
TBW009,2023-10-29 11:10:00,324.47,
TBW009,2023-10-29 11:20:00,324.47,
TBW009,2023-10-29 11:30:00,324.47,
TBW009,2023-10-29 11:40:00,324.47,
TBW009,2023-10-29 11:50:00,324.47,
TBW009,2023-10-29 12:00:00,324.47,
TBW009,2023-10-29 12:10:00,324.47,
TBW009,2023-10-29 12:20:00,324.47,
TBW009,2023-10-29 12:30:00,324.48,
TBW009,2023-10-29 12:40:00,324.47,
TBW009,2023-10-29 12:50:00,324.48,
TBW009,2023-10-29 13:00:00,324.47,
TBW009,2023-10-29 13:10:00,324.47,
TBW009,2023-10-29 13:20:00,324.47,
TBW009,2023-10-29 13:30:00,324.47,
TBW009,2023-10-29 13:40:00,324.48,
TBW009,2023-10-29 13:50:00,324.47,
TBW009,2023-10-29 14:00:00,324.47,
TBW009,2023-10-29 14:10:00,324.48,
TBW009,2023-10-29 14:20:00,324.47,
TBW009,2023-10-29 14:30:00,324.47,
TBW009,2023-10-29 14:40:00,324.47,
TBW009,2023-10-29 14:50:00,324.48,
TBW009,2023-10-29 15:00:00,324.47,
TBW009,2023-10-29 15:10:00,324.48,
TBW009,2023-10-29 15:20:00,324.47,
TBW009,2023-10-29 15:30:00,324.47,
TBW009,2023-10-29 15:40:00,324.47,
TBW009,2023-10-29 15:50:00,324.47,
TBW009,2023-10-29 16:00:00,324.47,
TBW009,2023-10-29 16:10:00,324.47,
TBW009,2023-10-29 16:20:00,324.47,
TBW009,2023-10-29 16:30:00,324.47,
TBW009,2023-10-29 16:40:00,324.47,
TBW009,2023-10-29 16:50:00,324.47,
TBW009,2023-10-29 17:00:00,324.47,
TBW009,2023-10-29 17:10:00,324.47,
TBW009,2023-10-29 17:20:00,324.47,
TBW009,2023-10-29 17:30:00,324.47,
TBW009,2023-10-29 17:40:00,324.48,
TBW009,2023-10-29 17:50:00,324.47,
TBW009,2023-10-29 18:00:00,324.47,
TBW009,2023-10-29 18:10:00,324.47,
TBW009,2023-10-29 18:20:00,324.47,
TBW009,2023-10-29 18:30:00,324.47,
TBW009,2023-10-29 18:40:00,324.47,
TBW009,2023-10-29 18:50:00,324.47,
TBW009,2023-10-29 19:00:00,324.47,
TBW009,2023-10-29 19:10:00,324.47,
TBW009,2023-10-29 19:20:00,324.47,
TBW009,2023-10-29 19:30:00,324.47,
TBW009,2023-10-29 19:40:00,324.47,
TBW009,2023-10-29 19:50:00,324.47,
TBW009,2023-10-29 20:00:00,324.48,
TBW009,2023-10-29 20:10:00,324.47,
TBW009,2023-10-29 20:20:00,324.47,
TBW009,2023-10-29 20:30:00,324.48,
TBW009,2023-10-29 20:40:00,324.47,
TBW009,2023-10-29 20:50:00,324.48,
TBW009,2023-10-29 21:00:00,324.47,
TBW009,2023-10-29 21:10:00,324.47,
TBW009,2023-10-29 21:20:00,324.47,
TBW009,2023-10-29 21:30:00,324.47,
TBW009,2023-10-29 21:40:00,324.47,
TBW009,2023-10-29 21:50:00,324.47,
TBW009,2023-10-29 22:00:00,324.47,
TBW009,2023-10-29 22:10:00,324.47,
TBW009,2023-10-29 22:20:00,324.47,
TBW009,2023-10-29 22:30:00,324.48,
TBW009,2023-10-29 22:40:00,324.47,
TBW009,2023-10-29 22:50:00,324.47,
TBW009,2023-10-29 23:00:00,324.47,
TBW009,2023-10-29 23:10:00,324.48,
TBW009,2023-10-29 23:20:00,324.47,
TBW009,2023-10-29 23:30:00,324.47,
TBW009,2023-10-29 23:40:00,-,
TBW009,2023-10-29 23:50:00,324.47,
TBW009,2023-10-30 00:00:00,324.47,
TBW009,2023-10-30 00:10:00,324.47,
TBW009,2023-10-30 00:20:00,324.47,
TBW009,2023-10-30 00:30:00,324.47,
TBW009,2023-10-30 00:40:00,324.47,
TBW009,2023-10-30 00:50:00,324.47,
TBW009,2023-10-30 01:00:00,324.47,
TBW009,2023-10-30 01:10:00,324.47,
TBW009,2023-10-30 01:20:00,324.47,
TBW009,2023-10-30 01:30:00,324.47,
TBW009,2023-10-30 01:40:00,324.47,
TBW009,2023-10-30 01:50:00,324.48,
TBW009,2023-10-30 02:00:00,324.47,
TBW009,2023-10-30 02:10:00,324.48,
TBW009,2023-10-30 02:20:00,324.47,
TBW009,2023-10-30 02:30:00,324.47,
TBW009,2023-10-30 02:40:00,324.47,
TBW009,2023-10-30 02:50:00,324.47,
TBW009,2023-10-30 03:00:00,324.47,
TBW009,2023-10-30 03:10:00,324.47,
TBW009,2023-10-30 03:20:00,324.47,
TBW009,2023-10-30 03:30:00,324.47,
TBW009,2023-10-30 03:40:00,324.47,
TBW009,2023-10-30 03:50:00,324.47,
TBW009,2023-10-30 04:00:00,324.47,
TBW009,2023-10-30 04:10:00,324.47,
TBW009,2023-10-30 04:20:00,324.47,
TBW009,2023-10-30 04:30:00,324.47,
TBW009,2023-10-30 04:40:00,324.47,
TBW009,2023-10-30 04:50:00,324.47,
TBW009,2023-10-30 05:00:00,324.47,
TBW009,2023-10-30 05:10:00,324.47,
TBW009,2023-10-30 05:20:00,324.47,
TBW009,2023-10-30 05:30:00,324.47,
TBW009,2023-10-30 05:40:00,324.47,
TBW009,2023-10-30 05:50:00,324.47,
TBW009,2023-10-30 06:00:00,324.47,
TBW009,2023-10-30 06:10:00,324.47,
TBW009,2023-10-30 06:20:00,324.47,
TBW009,2023-10-30 06:30:00,324.47,
TBW009,2023-10-30 06:40:00,324.47,
TBW009,2023-10-30 06:50:00,324.47,
TBW009,2023-10-30 07:00:00,324.48,
TBW009,2023-10-30 07:10:00,324.47,
TBW009,2023-10-30 07:20:00,324.47,
TBW009,2023-10-30 07:30:00,324.47,
TBW009,2023-10-30 07:40:00,324.47,
TBW009,2023-10-30 07:50:00,324.47,
TBW009,2023-10-30 08:00:00,324.47,
TBW009,2023-10-30 08:10:00,324.47,
TBW009,2023-10-30 08:20:00,324.47,
TBW009,2023-10-30 08:30:00,324.47,
TBW009,2023-10-30 08:40:00,324.47,
TBW009,2023-10-30 08:50:00,324.47,
TBW009,2023-10-30 09:00:00,324.47,
TBW009,2023-10-30 09:10:00,324.47,
TBW009,2023-10-30 09:20:00,324.47,
TBW009,2023-10-30 09:30:00,324.47,
TBW009,2023-10-30 09:40:00,324.47,
TBW009,2023-10-30 09:50:00,324.47,
TBW009,2023-10-30 10:00:00,324.47,
TBW009,2023-10-30 10:10:00,324.47,
TBW009,2023-10-30 10:20:00,324.47,
TBW009,2023-10-30 10:30:00,324.47,
TBW009,2023-10-30 10:40:00,324.47,
TBW009,2023-10-30 10:50:00,324.47,
TBW009,2023-10-30 11:00:00,324.47,
TBW009,2023-10-30 11:10:00,324.47,
TBW009,2023-10-30 11:20:00,324.47,
TBW009,2023-10-30 11:30:00,324.47,
TBW009,2023-10-30 11:40:00,324.47,
TBW009,2023-10-30 11:50:00,324.47,
TBW009,2023-10-30 12:00:00,324.47,
TBW009,2023-10-30 12:10:00,324.47,
TBW009,2023-10-30 12:20:00,324.47,
TBW009,2023-10-30 12:30:00,324.47,
TBW009,2023-10-30 12:40:00,324.47,
TBW009,2023-10-30 12:50:00,324.47,
TBW009,2023-10-30 13:00:00,324.47,
TBW009,2023-10-30 13:10:00,324.47,
TBW009,2023-10-30 13:20:00,324.48,
TBW009,2023-10-30 13:30:00,324.47,
TBW009,2023-10-30 13:40:00,324.48,
TBW009,2023-10-30 13:50:00,324.47,
TBW009,2023-10-30 14:00:00,324.47,
TBW009,2023-10-30 14:10:00,324.47,
TBW009,2023-10-30 14:20:00,324.47,
TBW009,2023-10-30 14:30:00,324.47,
TBW009,2023-10-30 14:40:00,324.47,
TBW009,2023-10-30 14:50:00,324.47,
TBW009,2023-10-30 15:00:00,324.47,
TBW009,2023-10-30 15:10:00,324.47,
TBW009,2023-10-30 15:20:00,324.47,
TBW009,2023-10-30 15:30:00,324.47,
TBW009,2023-10-30 15:40:00,324.47,
TBW009,2023-10-30 15:50:00,324.47,
TBW009,2023-10-30 16:00:00,324.47,
TBW009,2023-10-30 16:10:00,324.47,
TBW009,2023-10-30 16:20:00,324.47,
TBW009,2023-10-30 16:30:00,324.47,
TBW009,2023-10-30 16:40:00,324.47,
TBW009,2023-10-30 16:50:00,324.47,
TBW009,2023-10-30 17:00:00,324.47,
TBW009,2023-10-30 17:10:00,324.47,
TBW009,2023-10-30 17:20:00,324.47,
TBW009,2023-10-30 17:30:00,324.47,
TBW009,2023-10-30 17:40:00,324.47,
TBW009,2023-10-30 17:50:00,324.47,
TBW009,2023-10-30 18:00:00,324.47,
TBW009,2023-10-30 18:10:00,324.47,
TBW009,2023-10-30 18:20:00,324.47,
TBW009,2023-10-30 18:30:00,324.47,
TBW009,2023-10-30 18:40:00,324.47,
TBW009,2023-10-30 18:50:00,324.47,
TBW009,2023-10-30 19:00:00,324.47,
TBW009,2023-10-30 19:10:00,324.47,
TBW009,2023-10-30 19:20:00,324.47,
TBW009,2023-10-30 19:30:00,324.47,
TBW009,2023-10-30 19:40:00,324.47,
TBW009,2023-10-30 19:50:00,324.47,
TBW009,2023-10-30 20:00:00,324.47,
TBW009,2023-10-30 20:10:00,324.47,
TBW009,2023-10-30 20:20:00,324.47,
TBW009,2023-10-30 20:30:00,324.47,
TBW009,2023-10-30 20:40:00,324.47,
TBW009,2023-10-30 20:50:00,324.47,
TBW009,2023-10-30 21:00:00,324.47,
TBW009,2023-10-30 21:10:00,324.48,
TBW009,2023-10-30 21:20:00,324.48,
TBW009,2023-10-30 21:30:00,324.47,
TBW009,2023-10-30 21:40:00,324.47,
TBW009,2023-10-30 21:50:00,324.47,
TBW009,2023-10-30 22:00:00,324.47,
TBW009,2023-10-30 22:10:00,324.47,
TBW009,2023-10-30 22:20:00,324.47,
TBW009,2023-10-30 22:30:00,324.47,
TBW009,2023-10-30 22:40:00,324.47,
TBW009,2023-10-30 22:50:00,324.47,
TBW009,2023-10-30 23:00:00,324.47,
TBW009,2023-10-30 23:10:00,324.47,
TBW009,2023-10-30 23:20:00,324.48,
TBW009,2023-10-30 23:30:00,324.47,
TBW009,2023-10-30 23:40:00,324.48,
TBW009,2023-10-30 23:50:00,324.47,
TBW009,2023-10-31 00:00:00,324.48,
TBW009,2023-10-31 00:10:00,324.48,
TBW009,2023-10-31 00:20:00,324.48,
TBW009,2023-10-31 00:30:00,324.48,
TBW009,2023-10-31 00:40:00,324.48,
TBW009,2023-10-31 00:50:00,324.47,
TBW009,2023-10-31 01:00:00,324.47,
TBW009,2023-10-31 01:10:00,324.48,
TBW009,2023-10-31 01:20:00,-,
TBW009,2023-10-31 01:30:00,324.48,
TBW009,2023-10-31 01:40:00,324.48,
TBW009,2023-10-31 01:50:00,324.48,
TBW009,2023-10-31 02:00:00,324.48,
TBW009,2023-10-31 02:10:00,324.48,
TBW009,2023-10-31 02:20:00,324.48,
TBW009,2023-10-31 02:30:00,324.48,
TBW009,2023-10-31 02:40:00,324.48,
TBW009,2023-10-31 02:50:00,324.48,
TBW009,2023-10-31 03:00:00,324.48,
TBW009,2023-10-31 03:10:00,324.48,
TBW009,2023-10-31 03:20:00,324.48,
TBW009,2023-10-31 03:30:00,324.48,
TBW009,2023-10-31 03:40:00,324.48,
TBW009,2023-10-31 03:50:00,324.48,
TBW009,2023-10-31 04:00:00,324.48,
TBW009,2023-10-31 04:10:00,324.48,
TBW009,2023-10-31 04:20:00,324.48,
TBW009,2023-10-31 04:30:00,324.48,
TBW009,2023-10-31 04:40:00,324.48,
TBW009,2023-10-31 04:50:00,324.48,
TBW009,2023-10-31 05:00:00,324.48,
TBW009,2023-10-31 05:10:00,324.48,
TBW009,2023-10-31 05:20:00,324.48,
TBW009,2023-10-31 05:30:00,324.48,
TBW009,2023-10-31 05:40:00,324.48,
TBW009,2023-10-31 05:50:00,324.48,
TBW009,2023-10-31 06:00:00,324.48,
TBW009,2023-10-31 06:10:00,324.48,
TBW009,2023-10-31 06:20:00,324.48,
TBW009,2023-10-31 06:30:00,324.48,
TBW009,2023-10-31 06:40:00,324.48,
TBW009,2023-10-31 06:50:00,324.48,
TBW009,2023-10-31 07:00:00,324.48,
TBW009,2023-10-31 07:10:00,324.48,
TBW009,2023-10-31 07:20:00,324.48,
TBW009,2023-10-31 07:30:00,324.48,
TBW009,2023-10-31 07:40:00,324.48,
TBW009,2023-10-31 07:50:00,324.48,
TBW009,2023-10-31 08:00:00,324.48,
TBW009,2023-10-31 08:10:00,324.48,
TBW009,2023-10-31 08:20:00,324.48,
TBW009,2023-10-31 08:30:00,324.48,
TBW009,2023-10-31 08:40:00,324.48,
TBW009,2023-10-31 08:50:00,324.48,
TBW009,2023-10-31 09:00:00,324.48,
TBW009,2023-10-31 09:10:00,324.48,
TBW009,2023-10-31 09:20:00,324.48,
TBW009,2023-10-31 09:30:00,324.48,
TBW009,2023-10-31 09:40:00,324.48,
TBW009,2023-10-31 09:50:00,324.48,
TBW009,2023-10-31 10:00:00,324.48,
TBW009,2023-10-31 10:10:00,324.48,
TBW009,2023-10-31 10:20:00,324.48,
TBW009,2023-10-31 10:30:00,324.48,
TBW009,2023-10-31 10:40:00,324.48,
TBW009,2023-10-31 10:50:00,324.48,
TBW009,2023-10-31 11:00:00,324.48,
TBW009,2023-10-31 11:10:00,324.48,
TBW009,2023-10-31 11:20:00,324.48,
TBW009,2023-10-31 11:30:00,324.48,
TBW009,2023-10-31 11:40:00,324.48,
TBW009,2023-10-31 11:50:00,324.48,
TBW009,2023-10-31 12:00:00,324.47,
TBW009,2023-10-31 12:10:00,324.48,
TBW009,2023-10-31 12:20:00,324.48,
TBW009,2023-10-31 12:30:00,324.48,
TBW009,2023-10-31 12:40:00,324.48,
TBW009,2023-10-31 12:50:00,324.48,
TBW009,2023-10-31 13:00:00,324.48,
TBW009,2023-10-31 13:10:00,324.48,
TBW009,2023-10-31 13:20:00,324.48,
TBW009,2023-10-31 13:30:00,324.48,
TBW009,2023-10-31 13:40:00,324.48,
TBW009,2023-10-31 13:50:00,324.48,
TBW009,2023-10-31 14:00:00,324.48,
TBW009,2023-10-31 14:10:00,324.48,
TBW009,2023-10-31 14:20:00,324.48,
TBW009,2023-10-31 14:30:00,324.48,
TBW009,2023-10-31 14:40:00,324.48,
TBW009,2023-10-31 14:50:00,324.48,
TBW009,2023-10-31 15:00:00,324.48,
TBW009,2023-10-31 15:10:00,324.48,
TBW009,2023-10-31 15:20:00,324.48,
TBW009,2023-10-31 15:30:00,324.47,
TBW009,2023-10-31 15:40:00,324.48,
TBW009,2023-10-31 15:50:00,324.48,
TBW009,2023-10-31 16:00:00,324.48,
TBW009,2023-10-31 16:10:00,324.48,
TBW009,2023-10-31 16:20:00,324.48,
TBW009,2023-10-31 16:30:00,324.48,
TBW009,2023-10-31 16:40:00,324.48,
TBW009,2023-10-31 16:50:00,324.48,
TBW009,2023-10-31 17:00:00,324.48,
TBW009,2023-10-31 17:10:00,324.48,
TBW009,2023-10-31 17:20:00,324.48,
TBW009,2023-10-31 17:30:00,324.48,
TBW009,2023-10-31 17:40:00,324.48,
TBW009,2023-10-31 17:50:00,324.48,
TBW009,2023-10-31 18:00:00,324.48,
TBW009,2023-10-31 18:10:00,324.48,
TBW009,2023-10-31 18:20:00,324.48,
TBW009,2023-10-31 18:30:00,324.48,
TBW009,2023-10-31 18:40:00,324.48,
TBW009,2023-10-31 18:50:00,324.47,
TBW009,2023-10-31 19:00:00,324.48,
TBW009,2023-10-31 19:10:00,324.48,
TBW009,2023-10-31 19:20:00,324.48,
TBW009,2023-10-31 19:30:00,324.48,
TBW009,2023-10-31 19:40:00,324.48,
TBW009,2023-10-31 19:50:00,324.48,
TBW009,2023-10-31 20:00:00,324.48,
TBW009,2023-10-31 20:10:00,324.48,
TBW009,2023-10-31 20:20:00,324.48,
TBW009,2023-10-31 20:30:00,324.48,
TBW009,2023-10-31 20:40:00,324.48,
TBW009,2023-10-31 20:50:00,324.48,
TBW009,2023-10-31 21:00:00,324.47,
TBW009,2023-10-31 21:10:00,324.48,
TBW009,2023-10-31 21:20:00,324.47,
TBW009,2023-10-31 21:30:00,324.48,
TBW009,2023-10-31 21:40:00,324.48,
TBW009,2023-10-31 21:50:00,324.48,
TBW009,2023-10-31 22:00:00,324.48,
TBW009,2023-10-31 22:10:00,324.48,
TBW009,2023-10-31 22:20:00,324.48,
TBW009,2023-10-31 22:30:00,324.47,
TBW009,2023-10-31 22:40:00,324.47,
TBW009,2023-10-31 22:50:00,324.48,
TBW009,2023-10-31 23:00:00,324.48,
TBW009,2023-10-31 23:10:00,324.48,
TBW009,2023-10-31 23:20:00,324.48,
TBW009,2023-10-31 23:30:00,324.48,
TBW009,2023-10-31 23:40:00,324.48,
TBW009,2023-10-31 23:50:00,324.47,
WAN004,2023-10-01 00:00:00,-,
WAN004,2023-10-01 00:10:00,214.66,
WAN004,2023-10-01 00:20:00,214.65,
WAN004,2023-10-01 00:30:00,214.64,
WAN004,2023-10-01 00:40:00,214.62,
WAN004,2023-10-01 00:50:00,214.62,
WAN004,2023-10-01 01:00:00,214.62,
WAN004,2023-10-01 01:10:00,214.6,
WAN004,2023-10-01 01:20:00,214.6,
WAN004,2023-10-01 01:30:00,214.59,
WAN004,2023-10-01 01:40:00,214.58,
WAN004,2023-10-01 01:50:00,214.57,
WAN004,2023-10-01 02:00:00,214.56,
WAN004,2023-10-01 02:10:00,214.55,
WAN004,2023-10-01 02:20:00,214.54,
WAN004,2023-10-01 02:30:00,214.54,
WAN004,2023-10-01 02:40:00,214.52,
WAN004,2023-10-01 02:50:00,214.52,
WAN004,2023-10-01 03:00:00,214.5,
WAN004,2023-10-01 03:10:00,214.49,
WAN004,2023-10-01 03:20:00,214.49,
WAN004,2023-10-01 03:30:00,214.48,
WAN004,2023-10-01 03:40:00,214.47,
WAN004,2023-10-01 03:50:00,214.46,
WAN004,2023-10-01 04:00:00,214.45,
WAN004,2023-10-01 04:10:00,214.44,
WAN004,2023-10-01 04:20:00,214.43,
WAN004,2023-10-01 04:30:00,214.41,
WAN004,2023-10-01 04:40:00,214.41,
WAN004,2023-10-01 04:50:00,214.4,
WAN004,2023-10-01 05:00:00,214.38,
WAN004,2023-10-01 05:10:00,214.37,
WAN004,2023-10-01 05:20:00,214.36,
WAN004,2023-10-01 05:30:00,214.35,
WAN004,2023-10-01 05:40:00,214.34,
WAN004,2023-10-01 05:50:00,214.33,
WAN004,2023-10-01 06:00:00,214.32,
WAN004,2023-10-01 06:10:00,214.3,
WAN004,2023-10-01 06:20:00,214.3,
WAN004,2023-10-01 06:30:00,214.29,
WAN004,2023-10-01 06:40:00,214.28,
WAN004,2023-10-01 06:50:00,214.25,
WAN004,2023-10-01 07:00:00,214.24,
WAN004,2023-10-01 07:10:00,214.23,
WAN004,2023-10-01 07:20:00,214.22,
WAN004,2023-10-01 07:30:00,214.2,
WAN004,2023-10-01 07:40:00,214.19,
WAN004,2023-10-01 07:50:00,214.18,
WAN004,2023-10-01 08:00:00,214.16,
WAN004,2023-10-01 08:10:00,214.14,
WAN004,2023-10-01 08:20:00,214.13,
WAN004,2023-10-01 08:30:00,214.1,
WAN004,2023-10-01 08:40:00,214.1,
WAN004,2023-10-01 08:50:00,214.07,
WAN004,2023-10-01 09:00:00,214.06,
WAN004,2023-10-01 09:10:00,214.04,
WAN004,2023-10-01 09:20:00,214.03,
WAN004,2023-10-01 09:30:00,214.01,
WAN004,2023-10-01 09:40:00,214,
WAN004,2023-10-01 09:50:00,213.97,
WAN004,2023-10-01 10:00:00,213.96,
WAN004,2023-10-01 10:10:00,213.94,
WAN004,2023-10-01 10:20:00,213.91,
WAN004,2023-10-01 10:30:00,213.9,
WAN004,2023-10-01 10:40:00,213.88,
WAN004,2023-10-01 10:50:00,213.86,
WAN004,2023-10-01 11:00:00,213.83,
WAN004,2023-10-01 11:10:00,213.82,
WAN004,2023-10-01 11:20:00,213.8,
WAN004,2023-10-01 11:30:00,213.78,
WAN004,2023-10-01 11:40:00,213.75,
WAN004,2023-10-01 11:50:00,213.73,
WAN004,2023-10-01 12:00:00,213.71,
WAN004,2023-10-01 12:10:00,213.69,
WAN004,2023-10-01 12:20:00,213.68,
WAN004,2023-10-01 12:30:00,213.65,
WAN004,2023-10-01 12:40:00,213.63,
WAN004,2023-10-01 12:50:00,213.61,
WAN004,2023-10-01 13:00:00,-,
WAN004,2023-10-01 13:10:00,213.57,
WAN004,2023-10-01 13:20:00,213.55,
WAN004,2023-10-01 13:30:00,213.53,
WAN004,2023-10-01 13:40:00,213.5,
WAN004,2023-10-01 13:50:00,213.49,
WAN004,2023-10-01 14:00:00,-,
WAN004,2023-10-01 14:10:00,213.45,
WAN004,2023-10-01 14:20:00,213.42,
WAN004,2023-10-01 14:30:00,213.4,
WAN004,2023-10-01 14:40:00,213.38,
WAN004,2023-10-01 14:50:00,213.36,
WAN004,2023-10-01 15:00:00,213.33,
WAN004,2023-10-01 15:10:00,213.32,
WAN004,2023-10-01 15:20:00,213.31,
WAN004,2023-10-01 15:30:00,213.29,
WAN004,2023-10-01 15:40:00,213.26,
WAN004,2023-10-01 15:50:00,213.25,
WAN004,2023-10-01 16:00:00,213.23,
WAN004,2023-10-01 16:10:00,213.21,
WAN004,2023-10-01 16:20:00,213.2,
WAN004,2023-10-01 16:30:00,213.18,
WAN004,2023-10-01 16:40:00,213.16,
WAN004,2023-10-01 16:50:00,213.14,
WAN004,2023-10-01 17:00:00,213.12,
WAN004,2023-10-01 17:10:00,213.1,
WAN004,2023-10-01 17:20:00,213.09,
WAN004,2023-10-01 17:30:00,213.07,
WAN004,2023-10-01 17:40:00,213.05,
WAN004,2023-10-01 17:50:00,213.03,
WAN004,2023-10-01 18:00:00,213.01,
WAN004,2023-10-01 18:10:00,213,
WAN004,2023-10-01 18:20:00,212.98,
WAN004,2023-10-01 18:30:00,212.96,
WAN004,2023-10-01 18:40:00,212.95,
WAN004,2023-10-01 18:50:00,212.93,
WAN004,2023-10-01 19:00:00,212.91,
WAN004,2023-10-01 19:10:00,212.9,
WAN004,2023-10-01 19:20:00,212.88,
WAN004,2023-10-01 19:30:00,212.87,
WAN004,2023-10-01 19:40:00,212.85,
WAN004,2023-10-01 19:50:00,212.84,
WAN004,2023-10-01 20:00:00,212.82,
WAN004,2023-10-01 20:10:00,212.81,
WAN004,2023-10-01 20:20:00,212.8,
WAN004,2023-10-01 20:30:00,212.78,
WAN004,2023-10-01 20:40:00,212.77,
WAN004,2023-10-01 20:50:00,212.76,
WAN004,2023-10-01 21:00:00,212.73,
WAN004,2023-10-01 21:10:00,212.72,
WAN004,2023-10-01 21:20:00,212.71,
WAN004,2023-10-01 21:30:00,212.7,
WAN004,2023-10-01 21:40:00,212.68,
WAN004,2023-10-01 21:50:00,212.67,
WAN004,2023-10-01 22:00:00,212.66,
WAN004,2023-10-01 22:10:00,212.65,
WAN004,2023-10-01 22:20:00,212.65,
WAN004,2023-10-01 22:30:00,212.62,
WAN004,2023-10-01 22:40:00,212.61,
WAN004,2023-10-01 22:50:00,212.6,
WAN004,2023-10-01 23:00:00,212.59,
WAN004,2023-10-01 23:10:00,212.57,
WAN004,2023-10-01 23:20:00,212.56,
WAN004,2023-10-01 23:30:00,212.55,
WAN004,2023-10-01 23:40:00,212.54,
WAN004,2023-10-01 23:50:00,212.53,
WAN004,2023-10-02 00:00:00,212.52,
WAN004,2023-10-02 00:10:00,212.5,
WAN004,2023-10-02 00:20:00,212.5,
WAN004,2023-10-02 00:30:00,212.49,
WAN004,2023-10-02 00:40:00,212.48,
WAN004,2023-10-02 00:50:00,212.47,
WAN004,2023-10-02 01:00:00,212.46,
WAN004,2023-10-02 01:10:00,212.44,
WAN004,2023-10-02 01:20:00,212.44,
WAN004,2023-10-02 01:30:00,212.43,
WAN004,2023-10-02 01:40:00,212.42,
WAN004,2023-10-02 01:50:00,212.4,
WAN004,2023-10-02 02:00:00,212.41,
WAN004,2023-10-02 02:10:00,212.39,
WAN004,2023-10-02 02:20:00,212.38,
WAN004,2023-10-02 02:30:00,212.38,
WAN004,2023-10-02 02:40:00,212.36,
WAN004,2023-10-02 02:50:00,212.36,
WAN004,2023-10-02 03:00:00,212.35,
WAN004,2023-10-02 03:10:00,212.34,
WAN004,2023-10-02 03:20:00,212.33,
WAN004,2023-10-02 03:30:00,212.33,
WAN004,2023-10-02 03:40:00,212.32,
WAN004,2023-10-02 03:50:00,212.3,
WAN004,2023-10-02 04:00:00,212.3,
WAN004,2023-10-02 04:10:00,212.29,
WAN004,2023-10-02 04:20:00,212.29,
WAN004,2023-10-02 04:30:00,212.27,
WAN004,2023-10-02 04:40:00,212.26,
WAN004,2023-10-02 04:50:00,212.26,
WAN004,2023-10-02 05:00:00,212.25,
WAN004,2023-10-02 05:10:00,212.24,
WAN004,2023-10-02 05:20:00,212.24,
WAN004,2023-10-02 05:30:00,212.23,
WAN004,2023-10-02 05:40:00,212.23,
WAN004,2023-10-02 05:50:00,212.22,
WAN004,2023-10-02 06:00:00,212.21,
WAN004,2023-10-02 06:10:00,212.19,
WAN004,2023-10-02 06:20:00,212.19,
WAN004,2023-10-02 06:30:00,212.19,
WAN004,2023-10-02 06:40:00,212.18,
WAN004,2023-10-02 06:50:00,212.17,
WAN004,2023-10-02 07:00:00,212.15,
WAN004,2023-10-02 07:10:00,212.16,
WAN004,2023-10-02 07:20:00,212.15,
WAN004,2023-10-02 07:30:00,212.15,
WAN004,2023-10-02 07:40:00,212.14,
WAN004,2023-10-02 07:50:00,212.13,
WAN004,2023-10-02 08:00:00,212.12,
WAN004,2023-10-02 08:10:00,212.12,
WAN004,2023-10-02 08:20:00,212.11,
WAN004,2023-10-02 08:30:00,212.1,
WAN004,2023-10-02 08:40:00,212.09,
WAN004,2023-10-02 08:50:00,212.09,
WAN004,2023-10-02 09:00:00,212.08,
WAN004,2023-10-02 09:10:00,212.08,
WAN004,2023-10-02 09:20:00,212.07,
WAN004,2023-10-02 09:30:00,212.06,
WAN004,2023-10-02 09:40:00,212.05,
WAN004,2023-10-02 09:50:00,212.05,
WAN004,2023-10-02 10:00:00,-,
WAN004,2023-10-02 10:10:00,-,
WAN004,2023-10-02 10:20:00,-,
WAN004,2023-10-02 10:30:00,-,
WAN004,2023-10-02 10:40:00,-,
WAN004,2023-10-02 10:50:00,-,
WAN004,2023-10-02 11:00:00,212,
WAN004,2023-10-02 11:10:00,212,
WAN004,2023-10-02 11:20:00,211.99,
WAN004,2023-10-02 11:30:00,211.99,
WAN004,2023-10-02 11:40:00,211.98,
WAN004,2023-10-02 11:50:00,211.97,
WAN004,2023-10-02 12:00:00,211.96,
WAN004,2023-10-02 12:10:00,211.96,
WAN004,2023-10-02 12:20:00,211.95,
WAN004,2023-10-02 12:30:00,211.95,
WAN004,2023-10-02 12:40:00,211.94,
WAN004,2023-10-02 12:50:00,211.94,
WAN004,2023-10-02 13:00:00,211.93,
WAN004,2023-10-02 13:10:00,211.93,
WAN004,2023-10-02 13:20:00,211.92,
WAN004,2023-10-02 13:30:00,211.91,
WAN004,2023-10-02 13:40:00,211.91,
WAN004,2023-10-02 13:50:00,211.9,
WAN004,2023-10-02 14:00:00,211.9,
WAN004,2023-10-02 14:10:00,211.89,
WAN004,2023-10-02 14:20:00,211.89,
WAN004,2023-10-02 14:30:00,211.88,
WAN004,2023-10-02 14:40:00,211.87,
WAN004,2023-10-02 14:50:00,211.87,
WAN004,2023-10-02 15:00:00,211.86,
WAN004,2023-10-02 15:10:00,211.86,
WAN004,2023-10-02 15:20:00,-,
WAN004,2023-10-02 15:30:00,211.84,
WAN004,2023-10-02 15:40:00,211.84,
WAN004,2023-10-02 15:50:00,211.84,
WAN004,2023-10-02 16:00:00,211.82,
WAN004,2023-10-02 16:10:00,211.83,
WAN004,2023-10-02 16:20:00,211.82,
WAN004,2023-10-02 16:30:00,211.82,
WAN004,2023-10-02 16:40:00,211.81,
WAN004,2023-10-02 16:50:00,211.81,
WAN004,2023-10-02 17:00:00,211.8,
WAN004,2023-10-02 17:10:00,211.8,
WAN004,2023-10-02 17:20:00,211.79,
WAN004,2023-10-02 17:30:00,211.79,
WAN004,2023-10-02 17:40:00,211.78,
WAN004,2023-10-02 17:50:00,211.78,
WAN004,2023-10-02 18:00:00,-,
WAN004,2023-10-02 18:10:00,-,
WAN004,2023-10-02 18:20:00,-,
WAN004,2023-10-02 18:30:00,-,
WAN004,2023-10-02 18:40:00,-,
WAN004,2023-10-02 18:50:00,-,
WAN004,2023-10-02 19:00:00,211.75,
WAN004,2023-10-02 19:10:00,211.75,
WAN004,2023-10-02 19:20:00,211.75,
WAN004,2023-10-02 19:30:00,211.75,
WAN004,2023-10-02 19:40:00,211.74,
WAN004,2023-10-02 19:50:00,211.74,
WAN004,2023-10-02 20:00:00,211.74,
WAN004,2023-10-02 20:10:00,211.73,
WAN004,2023-10-02 20:20:00,211.73,
WAN004,2023-10-02 20:30:00,211.73,
WAN004,2023-10-02 20:40:00,211.73,
WAN004,2023-10-02 20:50:00,211.73,
WAN004,2023-10-02 21:00:00,211.71,
WAN004,2023-10-02 21:10:00,211.72,
WAN004,2023-10-02 21:20:00,211.72,
WAN004,2023-10-02 21:30:00,211.71,
WAN004,2023-10-02 21:40:00,211.7,
WAN004,2023-10-02 21:50:00,211.71,
WAN004,2023-10-02 22:00:00,211.7,
WAN004,2023-10-02 22:10:00,211.7,
WAN004,2023-10-02 22:20:00,211.7,
WAN004,2023-10-02 22:30:00,211.69,
WAN004,2023-10-02 22:40:00,211.68,
WAN004,2023-10-02 22:50:00,211.69,
WAN004,2023-10-02 23:00:00,211.68,
WAN004,2023-10-02 23:10:00,211.68,
WAN004,2023-10-02 23:20:00,211.68,
WAN004,2023-10-02 23:30:00,211.67,
WAN004,2023-10-02 23:40:00,211.67,
WAN004,2023-10-02 23:50:00,211.66,
WAN004,2023-10-03 00:00:00,211.66,
WAN004,2023-10-03 00:10:00,211.66,
WAN004,2023-10-03 00:20:00,211.66,
WAN004,2023-10-03 00:30:00,211.65,
WAN004,2023-10-03 00:40:00,211.65,
WAN004,2023-10-03 00:50:00,211.65,
WAN004,2023-10-03 01:00:00,211.65,
WAN004,2023-10-03 01:10:00,211.64,
WAN004,2023-10-03 01:20:00,211.64,
WAN004,2023-10-03 01:30:00,211.64,
WAN004,2023-10-03 01:40:00,211.63,
WAN004,2023-10-03 01:50:00,211.64,
WAN004,2023-10-03 02:00:00,211.63,
WAN004,2023-10-03 02:10:00,211.63,
WAN004,2023-10-03 02:20:00,211.62,
WAN004,2023-10-03 02:30:00,211.62,
WAN004,2023-10-03 02:40:00,211.62,
WAN004,2023-10-03 02:50:00,211.62,
WAN004,2023-10-03 03:00:00,211.62,
WAN004,2023-10-03 03:10:00,211.61,
WAN004,2023-10-03 03:20:00,211.61,
WAN004,2023-10-03 03:30:00,211.61,
WAN004,2023-10-03 03:40:00,211.61,
WAN004,2023-10-03 03:50:00,211.6,
WAN004,2023-10-03 04:00:00,211.61,
WAN004,2023-10-03 04:10:00,211.6,
WAN004,2023-10-03 04:20:00,211.6,
WAN004,2023-10-03 04:30:00,211.6,
WAN004,2023-10-03 04:40:00,211.59,
WAN004,2023-10-03 04:50:00,211.59,
WAN004,2023-10-03 05:00:00,211.58,
WAN004,2023-10-03 05:10:00,211.59,
WAN004,2023-10-03 05:20:00,211.58,
WAN004,2023-10-03 05:30:00,211.58,
WAN004,2023-10-03 05:40:00,211.58,
WAN004,2023-10-03 05:50:00,211.58,
WAN004,2023-10-03 06:00:00,211.58,
WAN004,2023-10-03 06:10:00,211.57,
WAN004,2023-10-03 06:20:00,211.57,
WAN004,2023-10-03 06:30:00,211.57,
WAN004,2023-10-03 06:40:00,211.57,
WAN004,2023-10-03 06:50:00,211.57,
WAN004,2023-10-03 07:00:00,211.56,
WAN004,2023-10-03 07:10:00,211.56,
WAN004,2023-10-03 07:20:00,211.56,
WAN004,2023-10-03 07:30:00,211.56,
WAN004,2023-10-03 07:40:00,211.56,
WAN004,2023-10-03 07:50:00,211.55,
WAN004,2023-10-03 08:00:00,211.56,
WAN004,2023-10-03 08:10:00,211.55,
WAN004,2023-10-03 08:20:00,211.55,
WAN004,2023-10-03 08:30:00,211.54,
WAN004,2023-10-03 08:40:00,211.54,
WAN004,2023-10-03 08:50:00,211.54,
WAN004,2023-10-03 09:00:00,211.54,
WAN004,2023-10-03 09:10:00,211.54,
WAN004,2023-10-03 09:20:00,211.54,
WAN004,2023-10-03 09:30:00,211.53,
WAN004,2023-10-03 09:40:00,211.52,
WAN004,2023-10-03 09:50:00,211.53,
WAN004,2023-10-03 10:00:00,211.53,
WAN004,2023-10-03 10:10:00,211.53,
WAN004,2023-10-03 10:20:00,211.53,
WAN004,2023-10-03 10:30:00,211.52,
WAN004,2023-10-03 10:40:00,211.52,
WAN004,2023-10-03 10:50:00,211.51,
WAN004,2023-10-03 11:00:00,211.51,
WAN004,2023-10-03 11:10:00,211.51,
WAN004,2023-10-03 11:20:00,211.51,
WAN004,2023-10-03 11:30:00,211.5,
WAN004,2023-10-03 11:40:00,211.51,
WAN004,2023-10-03 11:50:00,211.5,
WAN004,2023-10-03 12:00:00,211.5,
WAN004,2023-10-03 12:10:00,211.51,
WAN004,2023-10-03 12:20:00,211.5,
WAN004,2023-10-03 12:30:00,211.5,
WAN004,2023-10-03 12:40:00,211.5,
WAN004,2023-10-03 12:50:00,211.5,
WAN004,2023-10-03 13:00:00,211.5,
WAN004,2023-10-03 13:10:00,211.5,
WAN004,2023-10-03 13:20:00,211.49,
WAN004,2023-10-03 13:30:00,211.49,
WAN004,2023-10-03 13:40:00,211.49,
WAN004,2023-10-03 13:50:00,211.49,
WAN004,2023-10-03 14:00:00,211.48,
WAN004,2023-10-03 14:10:00,211.48,
WAN004,2023-10-03 14:20:00,211.48,
WAN004,2023-10-03 14:30:00,211.48,
WAN004,2023-10-03 14:40:00,211.47,
WAN004,2023-10-03 14:50:00,211.47,
WAN004,2023-10-03 15:00:00,211.47,
WAN004,2023-10-03 15:10:00,211.47,
WAN004,2023-10-03 15:20:00,211.46,
WAN004,2023-10-03 15:30:00,211.46,
WAN004,2023-10-03 15:40:00,211.46,
WAN004,2023-10-03 15:50:00,211.45,
WAN004,2023-10-03 16:00:00,211.45,
WAN004,2023-10-03 16:10:00,211.45,
WAN004,2023-10-03 16:20:00,211.45,
WAN004,2023-10-03 16:30:00,211.44,
WAN004,2023-10-03 16:40:00,211.44,
WAN004,2023-10-03 16:50:00,211.43,
WAN004,2023-10-03 17:00:00,-,
WAN004,2023-10-03 17:10:00,211.43,
WAN004,2023-10-03 17:20:00,211.42,
WAN004,2023-10-03 17:30:00,211.42,
WAN004,2023-10-03 17:40:00,211.42,
WAN004,2023-10-03 17:50:00,211.42,
WAN004,2023-10-03 18:00:00,211.41,
WAN004,2023-10-03 18:10:00,211.41,
WAN004,2023-10-03 18:20:00,211.41,
WAN004,2023-10-03 18:30:00,211.4,
WAN004,2023-10-03 18:40:00,211.4,
WAN004,2023-10-03 18:50:00,211.39,
WAN004,2023-10-03 19:00:00,211.39,
WAN004,2023-10-03 19:10:00,211.39,
WAN004,2023-10-03 19:20:00,211.38,
WAN004,2023-10-03 19:30:00,211.38,
WAN004,2023-10-03 19:40:00,211.38,
WAN004,2023-10-03 19:50:00,211.37,
WAN004,2023-10-03 20:00:00,211.37,
WAN004,2023-10-03 20:10:00,211.37,
WAN004,2023-10-03 20:20:00,211.36,
WAN004,2023-10-03 20:30:00,211.36,
WAN004,2023-10-03 20:40:00,211.35,
WAN004,2023-10-03 20:50:00,211.35,
WAN004,2023-10-03 21:00:00,211.35,
WAN004,2023-10-03 21:10:00,211.34,
WAN004,2023-10-03 21:20:00,211.34,
WAN004,2023-10-03 21:30:00,211.33,
WAN004,2023-10-03 21:40:00,211.33,
WAN004,2023-10-03 21:50:00,211.33,
WAN004,2023-10-03 22:00:00,211.33,
WAN004,2023-10-03 22:10:00,211.32,
WAN004,2023-10-03 22:20:00,211.32,
WAN004,2023-10-03 22:30:00,211.31,
WAN004,2023-10-03 22:40:00,211.31,
WAN004,2023-10-03 22:50:00,211.3,
WAN004,2023-10-03 23:00:00,211.3,
WAN004,2023-10-03 23:10:00,211.3,
WAN004,2023-10-03 23:20:00,211.3,
WAN004,2023-10-03 23:30:00,211.29,
WAN004,2023-10-03 23:40:00,211.29,
WAN004,2023-10-03 23:50:00,211.29,
WAN004,2023-10-04 00:00:00,211.29,
WAN004,2023-10-04 00:10:00,211.28,
WAN004,2023-10-04 00:20:00,211.28,
WAN004,2023-10-04 00:30:00,211.27,
WAN004,2023-10-04 00:40:00,211.27,
WAN004,2023-10-04 00:50:00,211.26,
WAN004,2023-10-04 01:00:00,211.27,
WAN004,2023-10-04 01:10:00,211.26,
WAN004,2023-10-04 01:20:00,211.26,
WAN004,2023-10-04 01:30:00,211.26,
WAN004,2023-10-04 01:40:00,211.26,
WAN004,2023-10-04 01:50:00,211.26,
WAN004,2023-10-04 02:00:00,211.25,
WAN004,2023-10-04 02:10:00,211.25,
WAN004,2023-10-04 02:20:00,211.25,
WAN004,2023-10-04 02:30:00,211.25,
WAN004,2023-10-04 02:40:00,211.24,
WAN004,2023-10-04 02:50:00,211.24,
WAN004,2023-10-04 03:00:00,211.24,
WAN004,2023-10-04 03:10:00,211.23,
WAN004,2023-10-04 03:20:00,211.24,
WAN004,2023-10-04 03:30:00,211.23,
WAN004,2023-10-04 03:40:00,211.23,
WAN004,2023-10-04 03:50:00,211.23,
WAN004,2023-10-04 04:00:00,211.23,
WAN004,2023-10-04 04:10:00,211.22,
WAN004,2023-10-04 04:20:00,211.22,
WAN004,2023-10-04 04:30:00,211.22,
WAN004,2023-10-04 04:40:00,211.21,
WAN004,2023-10-04 04:50:00,211.21,
WAN004,2023-10-04 05:00:00,211.2,
WAN004,2023-10-04 05:10:00,211.21,
WAN004,2023-10-04 05:20:00,211.2,
WAN004,2023-10-04 05:30:00,211.2,
WAN004,2023-10-04 05:40:00,211.2,
WAN004,2023-10-04 05:50:00,211.2,
WAN004,2023-10-04 06:00:00,211.19,
WAN004,2023-10-04 06:10:00,211.19,
WAN004,2023-10-04 06:20:00,211.19,
WAN004,2023-10-04 06:30:00,211.18,
WAN004,2023-10-04 06:40:00,211.18,
WAN004,2023-10-04 06:50:00,211.18,
WAN004,2023-10-04 07:00:00,211.18,
WAN004,2023-10-04 07:10:00,211.17,
WAN004,2023-10-04 07:20:00,211.17,
WAN004,2023-10-04 07:30:00,211.17,
WAN004,2023-10-04 07:40:00,211.17,
WAN004,2023-10-04 07:50:00,211.17,
WAN004,2023-10-04 08:00:00,211.17,
WAN004,2023-10-04 08:10:00,211.16,
WAN004,2023-10-04 08:20:00,211.16,
WAN004,2023-10-04 08:30:00,211.16,
WAN004,2023-10-04 08:40:00,211.15,
WAN004,2023-10-04 08:50:00,211.15,
WAN004,2023-10-04 09:00:00,211.15,
WAN004,2023-10-04 09:10:00,211.15,
WAN004,2023-10-04 09:20:00,211.14,
WAN004,2023-10-04 09:30:00,211.14,
WAN004,2023-10-04 09:40:00,211.14,
WAN004,2023-10-04 09:50:00,211.13,
WAN004,2023-10-04 10:00:00,211.13,
WAN004,2023-10-04 10:10:00,211.13,
WAN004,2023-10-04 10:20:00,211.13,
WAN004,2023-10-04 10:30:00,211.13,
WAN004,2023-10-04 10:40:00,211.13,
WAN004,2023-10-04 10:50:00,211.12,
WAN004,2023-10-04 11:00:00,211.12,
WAN004,2023-10-04 11:10:00,211.12,
WAN004,2023-10-04 11:20:00,211.12,
WAN004,2023-10-04 11:30:00,211.11,
WAN004,2023-10-04 11:40:00,211.11,
WAN004,2023-10-04 11:50:00,211.11,
WAN004,2023-10-04 12:00:00,211.1,
WAN004,2023-10-04 12:10:00,211.1,
WAN004,2023-10-04 12:20:00,211.1,
WAN004,2023-10-04 12:30:00,211.1,
WAN004,2023-10-04 12:40:00,211.1,
WAN004,2023-10-04 12:50:00,211.09,
WAN004,2023-10-04 13:00:00,211.09,
WAN004,2023-10-04 13:10:00,211.09,
WAN004,2023-10-04 13:20:00,211.08,
WAN004,2023-10-04 13:30:00,211.09,
WAN004,2023-10-04 13:40:00,211.08,
WAN004,2023-10-04 13:50:00,211.08,
WAN004,2023-10-04 14:00:00,211.07,
WAN004,2023-10-04 14:10:00,211.08,
WAN004,2023-10-04 14:20:00,211.07,
WAN004,2023-10-04 14:30:00,211.07,
WAN004,2023-10-04 14:40:00,211.06,
WAN004,2023-10-04 14:50:00,211.07,
WAN004,2023-10-04 15:00:00,211.06,
WAN004,2023-10-04 15:10:00,211.06,
WAN004,2023-10-04 15:20:00,211.06,
WAN004,2023-10-04 15:30:00,211.06,
WAN004,2023-10-04 15:40:00,211.05,
WAN004,2023-10-04 15:50:00,211.05,
WAN004,2023-10-04 16:00:00,211.05,
WAN004,2023-10-04 16:10:00,211.04,
WAN004,2023-10-04 16:20:00,211.04,
WAN004,2023-10-04 16:30:00,211.05,
WAN004,2023-10-04 16:40:00,211.04,
WAN004,2023-10-04 16:50:00,211.04,
WAN004,2023-10-04 17:00:00,211.04,
WAN004,2023-10-04 17:10:00,211.03,
WAN004,2023-10-04 17:20:00,211.03,
WAN004,2023-10-04 17:30:00,211.02,
WAN004,2023-10-04 17:40:00,211.03,
WAN004,2023-10-04 17:50:00,211.03,
WAN004,2023-10-04 18:00:00,211.03,
WAN004,2023-10-04 18:10:00,211.02,
WAN004,2023-10-04 18:20:00,211.02,
WAN004,2023-10-04 18:30:00,211.02,
WAN004,2023-10-04 18:40:00,211.02,
WAN004,2023-10-04 18:50:00,211.01,
WAN004,2023-10-04 19:00:00,211.02,
WAN004,2023-10-04 19:10:00,211.02,
WAN004,2023-10-04 19:20:00,211.01,
WAN004,2023-10-04 19:30:00,211.01,
WAN004,2023-10-04 19:40:00,211.01,
WAN004,2023-10-04 19:50:00,211.01,
WAN004,2023-10-04 20:00:00,211,
WAN004,2023-10-04 20:10:00,210.99,
WAN004,2023-10-04 20:20:00,210.99,
WAN004,2023-10-04 20:30:00,210.99,
WAN004,2023-10-04 20:40:00,210.98,
WAN004,2023-10-04 20:50:00,210.99,
WAN004,2023-10-04 21:00:00,210.98,
WAN004,2023-10-04 21:10:00,210.98,
WAN004,2023-10-04 21:20:00,210.97,
WAN004,2023-10-04 21:30:00,210.97,
WAN004,2023-10-04 21:40:00,210.97,
WAN004,2023-10-04 21:50:00,210.96,
WAN004,2023-10-04 22:00:00,210.95,
WAN004,2023-10-04 22:10:00,210.95,
WAN004,2023-10-04 22:20:00,210.96,
WAN004,2023-10-04 22:30:00,210.95,
WAN004,2023-10-04 22:40:00,210.95,
WAN004,2023-10-04 22:50:00,210.95,
WAN004,2023-10-04 23:00:00,210.94,
WAN004,2023-10-04 23:10:00,210.94,
WAN004,2023-10-04 23:20:00,210.93,
WAN004,2023-10-04 23:30:00,210.93,
WAN004,2023-10-04 23:40:00,210.93,
WAN004,2023-10-04 23:50:00,210.93,
WAN004,2023-10-05 00:00:00,210.93,
WAN004,2023-10-05 00:10:00,210.92,
WAN004,2023-10-05 00:20:00,210.92,
WAN004,2023-10-05 00:30:00,210.92,
WAN004,2023-10-05 00:40:00,210.92,
WAN004,2023-10-05 00:50:00,210.93,
WAN004,2023-10-05 01:00:00,210.92,
WAN004,2023-10-05 01:10:00,210.92,
WAN004,2023-10-05 01:20:00,210.92,
WAN004,2023-10-05 01:30:00,210.93,
WAN004,2023-10-05 01:40:00,210.93,
WAN004,2023-10-05 01:50:00,210.93,
WAN004,2023-10-05 02:00:00,210.93,
WAN004,2023-10-05 02:10:00,210.94,
WAN004,2023-10-05 02:20:00,210.93,
WAN004,2023-10-05 02:30:00,210.94,
WAN004,2023-10-05 02:40:00,210.94,
WAN004,2023-10-05 02:50:00,210.94,
WAN004,2023-10-05 03:00:00,210.93,
WAN004,2023-10-05 03:10:00,210.94,
WAN004,2023-10-05 03:20:00,210.94,
WAN004,2023-10-05 03:30:00,210.94,
WAN004,2023-10-05 03:40:00,210.94,
WAN004,2023-10-05 03:50:00,210.94,
WAN004,2023-10-05 04:00:00,210.94,
WAN004,2023-10-05 04:10:00,210.95,
WAN004,2023-10-05 04:20:00,210.94,
WAN004,2023-10-05 04:30:00,210.93,
WAN004,2023-10-05 04:40:00,210.93,
WAN004,2023-10-05 04:50:00,210.93,
WAN004,2023-10-05 05:00:00,210.93,
WAN004,2023-10-05 05:10:00,210.94,
WAN004,2023-10-05 05:20:00,210.92,
WAN004,2023-10-05 05:30:00,210.93,
WAN004,2023-10-05 05:40:00,210.92,
WAN004,2023-10-05 05:50:00,210.93,
WAN004,2023-10-05 06:00:00,210.92,
WAN004,2023-10-05 06:10:00,210.93,
WAN004,2023-10-05 06:20:00,210.91,
WAN004,2023-10-05 06:30:00,210.92,
WAN004,2023-10-05 06:40:00,210.92,
WAN004,2023-10-05 06:50:00,210.91,
WAN004,2023-10-05 07:00:00,210.91,
WAN004,2023-10-05 07:10:00,210.91,
WAN004,2023-10-05 07:20:00,210.91,
WAN004,2023-10-05 07:30:00,210.91,
WAN004,2023-10-05 07:40:00,210.9,
WAN004,2023-10-05 07:50:00,210.9,
WAN004,2023-10-05 08:00:00,210.89,
WAN004,2023-10-05 08:10:00,210.89,
WAN004,2023-10-05 08:20:00,210.89,
WAN004,2023-10-05 08:30:00,210.89,
WAN004,2023-10-05 08:40:00,210.89,
WAN004,2023-10-05 08:50:00,210.88,
WAN004,2023-10-05 09:00:00,210.88,
WAN004,2023-10-05 09:10:00,210.88,
WAN004,2023-10-05 09:20:00,210.88,
WAN004,2023-10-05 09:30:00,210.88,
WAN004,2023-10-05 09:40:00,210.87,
WAN004,2023-10-05 09:50:00,210.87,
WAN004,2023-10-05 10:00:00,210.87,
WAN004,2023-10-05 10:10:00,210.87,
WAN004,2023-10-05 10:20:00,210.85,
WAN004,2023-10-05 10:30:00,210.87,
WAN004,2023-10-05 10:40:00,210.86,
WAN004,2023-10-05 10:50:00,210.86,
WAN004,2023-10-05 11:00:00,210.86,
WAN004,2023-10-05 11:10:00,210.86,
WAN004,2023-10-05 11:20:00,210.86,
WAN004,2023-10-05 11:30:00,210.85,
WAN004,2023-10-05 11:40:00,210.85,
WAN004,2023-10-05 11:50:00,210.84,
WAN004,2023-10-05 12:00:00,210.85,
WAN004,2023-10-05 12:10:00,210.85,
WAN004,2023-10-05 12:20:00,210.84,
WAN004,2023-10-05 12:30:00,210.85,
WAN004,2023-10-05 12:40:00,210.85,
WAN004,2023-10-05 12:50:00,210.84,
WAN004,2023-10-05 13:00:00,210.84,
WAN004,2023-10-05 13:10:00,210.84,
WAN004,2023-10-05 13:20:00,210.84,
WAN004,2023-10-05 13:30:00,210.84,
WAN004,2023-10-05 13:40:00,210.83,
WAN004,2023-10-05 13:50:00,210.84,
WAN004,2023-10-05 14:00:00,210.83,
WAN004,2023-10-05 14:10:00,210.83,
WAN004,2023-10-05 14:20:00,210.83,
WAN004,2023-10-05 14:30:00,210.83,
WAN004,2023-10-05 14:40:00,210.83,
WAN004,2023-10-05 14:50:00,210.83,
WAN004,2023-10-05 15:00:00,210.82,
WAN004,2023-10-05 15:10:00,210.82,
WAN004,2023-10-05 15:20:00,210.82,
WAN004,2023-10-05 15:30:00,210.81,
WAN004,2023-10-05 15:40:00,210.82,
WAN004,2023-10-05 15:50:00,210.82,
WAN004,2023-10-05 16:00:00,210.82,
WAN004,2023-10-05 16:10:00,210.8,
WAN004,2023-10-05 16:20:00,210.81,
WAN004,2023-10-05 16:30:00,210.81,
WAN004,2023-10-05 16:40:00,210.81,
WAN004,2023-10-05 16:50:00,210.8,
WAN004,2023-10-05 17:00:00,210.81,
WAN004,2023-10-05 17:10:00,210.8,
WAN004,2023-10-05 17:20:00,210.81,
WAN004,2023-10-05 17:30:00,210.8,
WAN004,2023-10-05 17:40:00,210.81,
WAN004,2023-10-05 17:50:00,210.81,
WAN004,2023-10-05 18:00:00,210.8,
WAN004,2023-10-05 18:10:00,210.8,
WAN004,2023-10-05 18:20:00,210.81,
WAN004,2023-10-05 18:30:00,210.8,
WAN004,2023-10-05 18:40:00,210.81,
WAN004,2023-10-05 18:50:00,210.81,
WAN004,2023-10-05 19:00:00,210.8,
WAN004,2023-10-05 19:10:00,210.81,
WAN004,2023-10-05 19:20:00,210.81,
WAN004,2023-10-05 19:30:00,210.8,
WAN004,2023-10-05 19:40:00,210.81,
WAN004,2023-10-05 19:50:00,210.81,
WAN004,2023-10-05 20:00:00,210.81,
WAN004,2023-10-05 20:10:00,210.82,
WAN004,2023-10-05 20:20:00,210.81,
WAN004,2023-10-05 20:30:00,210.8,
WAN004,2023-10-05 20:40:00,210.82,
WAN004,2023-10-05 20:50:00,210.82,
WAN004,2023-10-05 21:00:00,210.82,
WAN004,2023-10-05 21:10:00,210.81,
WAN004,2023-10-05 21:20:00,210.83,
WAN004,2023-10-05 21:30:00,210.81,
WAN004,2023-10-05 21:40:00,210.82,
WAN004,2023-10-05 21:50:00,210.83,
WAN004,2023-10-05 22:00:00,210.82,
WAN004,2023-10-05 22:10:00,210.83,
WAN004,2023-10-05 22:20:00,210.83,
WAN004,2023-10-05 22:30:00,210.82,
WAN004,2023-10-05 22:40:00,210.82,
WAN004,2023-10-05 22:50:00,210.82,
WAN004,2023-10-05 23:00:00,210.82,
WAN004,2023-10-05 23:10:00,210.82,
WAN004,2023-10-05 23:20:00,210.82,
WAN004,2023-10-05 23:30:00,210.82,
WAN004,2023-10-05 23:40:00,210.82,
WAN004,2023-10-05 23:50:00,210.83,
WAN004,2023-10-06 00:00:00,210.83,
WAN004,2023-10-06 00:10:00,210.83,
WAN004,2023-10-06 00:20:00,210.81,
WAN004,2023-10-06 00:30:00,210.83,
WAN004,2023-10-06 00:40:00,210.82,
WAN004,2023-10-06 00:50:00,210.83,
WAN004,2023-10-06 01:00:00,210.82,
WAN004,2023-10-06 01:10:00,210.83,
WAN004,2023-10-06 01:20:00,210.82,
WAN004,2023-10-06 01:30:00,210.82,
WAN004,2023-10-06 01:40:00,210.83,
WAN004,2023-10-06 01:50:00,210.83,
WAN004,2023-10-06 02:00:00,210.82,
WAN004,2023-10-06 02:10:00,210.83,
WAN004,2023-10-06 02:20:00,210.82,
WAN004,2023-10-06 02:30:00,210.82,
WAN004,2023-10-06 02:40:00,210.82,
WAN004,2023-10-06 02:50:00,210.82,
WAN004,2023-10-06 03:00:00,210.82,
WAN004,2023-10-06 03:10:00,210.82,
WAN004,2023-10-06 03:20:00,210.82,
WAN004,2023-10-06 03:30:00,210.82,
WAN004,2023-10-06 03:40:00,210.82,
WAN004,2023-10-06 03:50:00,210.81,
WAN004,2023-10-06 04:00:00,210.82,
WAN004,2023-10-06 04:10:00,210.82,
WAN004,2023-10-06 04:20:00,210.82,
WAN004,2023-10-06 04:30:00,210.81,
WAN004,2023-10-06 04:40:00,210.82,
WAN004,2023-10-06 04:50:00,210.82,
WAN004,2023-10-06 05:00:00,210.8,
WAN004,2023-10-06 05:10:00,210.82,
WAN004,2023-10-06 05:20:00,210.81,
WAN004,2023-10-06 05:30:00,210.82,
WAN004,2023-10-06 05:40:00,210.81,
WAN004,2023-10-06 05:50:00,210.81,
WAN004,2023-10-06 06:00:00,210.82,
WAN004,2023-10-06 06:10:00,210.82,
WAN004,2023-10-06 06:20:00,210.82,
WAN004,2023-10-06 06:30:00,210.82,
WAN004,2023-10-06 06:40:00,210.82,
WAN004,2023-10-06 06:50:00,210.81,
WAN004,2023-10-06 07:00:00,210.82,
WAN004,2023-10-06 07:10:00,210.81,
WAN004,2023-10-06 07:20:00,210.82,
WAN004,2023-10-06 07:30:00,210.82,
WAN004,2023-10-06 07:40:00,210.82,
WAN004,2023-10-06 07:50:00,210.82,
WAN004,2023-10-06 08:00:00,210.82,
WAN004,2023-10-06 08:10:00,210.81,
WAN004,2023-10-06 08:20:00,210.81,
WAN004,2023-10-06 08:30:00,210.8,
WAN004,2023-10-06 08:40:00,210.8,
WAN004,2023-10-06 08:50:00,210.8,
WAN004,2023-10-06 09:00:00,210.8,
WAN004,2023-10-06 09:10:00,210.79,
WAN004,2023-10-06 09:20:00,210.79,
WAN004,2023-10-06 09:30:00,210.78,
WAN004,2023-10-06 09:40:00,210.77,
WAN004,2023-10-06 09:50:00,210.77,
WAN004,2023-10-06 10:00:00,210.78,
WAN004,2023-10-06 10:10:00,210.77,
WAN004,2023-10-06 10:20:00,210.78,
WAN004,2023-10-06 10:30:00,210.78,
WAN004,2023-10-06 10:40:00,210.78,
WAN004,2023-10-06 10:50:00,210.77,
WAN004,2023-10-06 11:00:00,210.78,
WAN004,2023-10-06 11:10:00,210.78,
WAN004,2023-10-06 11:20:00,210.78,
WAN004,2023-10-06 11:30:00,210.78,
WAN004,2023-10-06 11:40:00,210.78,
WAN004,2023-10-06 11:50:00,210.78,
WAN004,2023-10-06 12:00:00,-,
WAN004,2023-10-06 12:10:00,-,
WAN004,2023-10-06 12:20:00,-,
WAN004,2023-10-06 12:30:00,210.78,
WAN004,2023-10-06 12:40:00,210.79,
WAN004,2023-10-06 12:50:00,210.78,
WAN004,2023-10-06 13:00:00,210.79,
WAN004,2023-10-06 13:10:00,210.8,
WAN004,2023-10-06 13:20:00,210.79,
WAN004,2023-10-06 13:30:00,210.79,
WAN004,2023-10-06 13:40:00,210.79,
WAN004,2023-10-06 13:50:00,210.79,
WAN004,2023-10-06 14:00:00,210.8,
WAN004,2023-10-06 14:10:00,210.81,
WAN004,2023-10-06 14:20:00,210.8,
WAN004,2023-10-06 14:30:00,210.8,
WAN004,2023-10-06 14:40:00,210.8,
WAN004,2023-10-06 14:50:00,210.8,
WAN004,2023-10-06 15:00:00,210.8,
WAN004,2023-10-06 15:10:00,210.81,
WAN004,2023-10-06 15:20:00,210.8,
WAN004,2023-10-06 15:30:00,210.8,
WAN004,2023-10-06 15:40:00,210.8,
WAN004,2023-10-06 15:50:00,210.81,
WAN004,2023-10-06 16:00:00,210.8,
WAN004,2023-10-06 16:10:00,210.81,
WAN004,2023-10-06 16:20:00,210.81,
WAN004,2023-10-06 16:30:00,210.81,
WAN004,2023-10-06 16:40:00,210.81,
WAN004,2023-10-06 16:50:00,210.81,
WAN004,2023-10-06 17:00:00,210.82,
WAN004,2023-10-06 17:10:00,210.81,
WAN004,2023-10-06 17:20:00,210.82,
WAN004,2023-10-06 17:30:00,210.82,
WAN004,2023-10-06 17:40:00,210.83,
WAN004,2023-10-06 17:50:00,210.82,
WAN004,2023-10-06 18:00:00,210.84,
WAN004,2023-10-06 18:10:00,210.84,
WAN004,2023-10-06 18:20:00,210.84,
WAN004,2023-10-06 18:30:00,210.84,
WAN004,2023-10-06 18:40:00,210.84,
WAN004,2023-10-06 18:50:00,210.85,
WAN004,2023-10-06 19:00:00,210.84,
WAN004,2023-10-06 19:10:00,210.85,
WAN004,2023-10-06 19:20:00,210.86,
WAN004,2023-10-06 19:30:00,210.85,
WAN004,2023-10-06 19:40:00,210.85,
WAN004,2023-10-06 19:50:00,210.86,
WAN004,2023-10-06 20:00:00,210.83,
WAN004,2023-10-06 20:10:00,210.85,
WAN004,2023-10-06 20:20:00,210.85,
WAN004,2023-10-06 20:30:00,210.85,
WAN004,2023-10-06 20:40:00,210.84,
WAN004,2023-10-06 20:50:00,210.85,
WAN004,2023-10-06 21:00:00,210.84,
WAN004,2023-10-06 21:10:00,210.85,
WAN004,2023-10-06 21:20:00,210.83,
WAN004,2023-10-06 21:30:00,210.85,
WAN004,2023-10-06 21:40:00,210.83,
WAN004,2023-10-06 21:50:00,210.84,
WAN004,2023-10-06 22:00:00,210.83,
WAN004,2023-10-06 22:10:00,210.83,
WAN004,2023-10-06 22:20:00,210.84,
WAN004,2023-10-06 22:30:00,210.84,
WAN004,2023-10-06 22:40:00,210.83,
WAN004,2023-10-06 22:50:00,210.83,
WAN004,2023-10-06 23:00:00,210.83,
WAN004,2023-10-06 23:10:00,210.82,
WAN004,2023-10-06 23:20:00,210.83,
WAN004,2023-10-06 23:30:00,210.83,
WAN004,2023-10-06 23:40:00,210.83,
WAN004,2023-10-06 23:50:00,210.82,
WAN004,2023-10-07 00:00:00,210.82,
WAN004,2023-10-07 00:10:00,210.82,
WAN004,2023-10-07 00:20:00,210.81,
WAN004,2023-10-07 00:30:00,210.83,
WAN004,2023-10-07 00:40:00,210.82,
WAN004,2023-10-07 00:50:00,210.82,
WAN004,2023-10-07 01:00:00,210.82,
WAN004,2023-10-07 01:10:00,210.81,
WAN004,2023-10-07 01:20:00,210.82,
WAN004,2023-10-07 01:30:00,210.82,
WAN004,2023-10-07 01:40:00,210.82,
WAN004,2023-10-07 01:50:00,210.81,
WAN004,2023-10-07 02:00:00,210.82,
WAN004,2023-10-07 02:10:00,210.81,
WAN004,2023-10-07 02:20:00,210.81,
WAN004,2023-10-07 02:30:00,210.82,
WAN004,2023-10-07 02:40:00,210.82,
WAN004,2023-10-07 02:50:00,210.82,
WAN004,2023-10-07 03:00:00,210.82,
WAN004,2023-10-07 03:10:00,210.82,
WAN004,2023-10-07 03:20:00,210.81,
WAN004,2023-10-07 03:30:00,210.82,
WAN004,2023-10-07 03:40:00,210.81,
WAN004,2023-10-07 03:50:00,210.81,
WAN004,2023-10-07 04:00:00,210.81,
WAN004,2023-10-07 04:10:00,210.82,
WAN004,2023-10-07 04:20:00,210.81,
WAN004,2023-10-07 04:30:00,210.82,
WAN004,2023-10-07 04:40:00,210.82,
WAN004,2023-10-07 04:50:00,210.82,
WAN004,2023-10-07 05:00:00,210.82,
WAN004,2023-10-07 05:10:00,210.81,
WAN004,2023-10-07 05:20:00,210.82,
WAN004,2023-10-07 05:30:00,210.81,
WAN004,2023-10-07 05:40:00,210.82,
WAN004,2023-10-07 05:50:00,210.82,
WAN004,2023-10-07 06:00:00,210.81,
WAN004,2023-10-07 06:10:00,210.81,
WAN004,2023-10-07 06:20:00,210.8,
WAN004,2023-10-07 06:30:00,210.82,
WAN004,2023-10-07 06:40:00,210.82,
WAN004,2023-10-07 06:50:00,210.82,
WAN004,2023-10-07 07:00:00,210.82,
WAN004,2023-10-07 07:10:00,210.81,
WAN004,2023-10-07 07:20:00,210.82,
WAN004,2023-10-07 07:30:00,210.82,
WAN004,2023-10-07 07:40:00,210.81,
WAN004,2023-10-07 07:50:00,210.82,
WAN004,2023-10-07 08:00:00,210.82,
WAN004,2023-10-07 08:10:00,210.82,
WAN004,2023-10-07 08:20:00,210.82,
WAN004,2023-10-07 08:30:00,210.82,
WAN004,2023-10-07 08:40:00,210.82,
WAN004,2023-10-07 08:50:00,210.82,
WAN004,2023-10-07 09:00:00,210.82,
WAN004,2023-10-07 09:10:00,210.82,
WAN004,2023-10-07 09:20:00,210.83,
WAN004,2023-10-07 09:30:00,210.83,
WAN004,2023-10-07 09:40:00,210.83,
WAN004,2023-10-07 09:50:00,210.82,
WAN004,2023-10-07 10:00:00,210.83,
WAN004,2023-10-07 10:10:00,210.84,
WAN004,2023-10-07 10:20:00,210.83,
WAN004,2023-10-07 10:30:00,210.84,
WAN004,2023-10-07 10:40:00,210.85,
WAN004,2023-10-07 10:50:00,210.85,
WAN004,2023-10-07 11:00:00,210.85,
WAN004,2023-10-07 11:10:00,210.86,
WAN004,2023-10-07 11:20:00,210.86,
WAN004,2023-10-07 11:30:00,210.87,
WAN004,2023-10-07 11:40:00,210.87,
WAN004,2023-10-07 11:50:00,210.88,
WAN004,2023-10-07 12:00:00,210.88,
WAN004,2023-10-07 12:10:00,210.88,
WAN004,2023-10-07 12:20:00,210.89,
WAN004,2023-10-07 12:30:00,210.9,
WAN004,2023-10-07 12:40:00,210.9,
WAN004,2023-10-07 12:50:00,210.91,
WAN004,2023-10-07 13:00:00,210.91,
WAN004,2023-10-07 13:10:00,210.92,
WAN004,2023-10-07 13:20:00,210.93,
WAN004,2023-10-07 13:30:00,210.93,
WAN004,2023-10-07 13:40:00,210.94,
WAN004,2023-10-07 13:50:00,210.96,
WAN004,2023-10-07 14:00:00,210.97,
WAN004,2023-10-07 14:10:00,210.98,
WAN004,2023-10-07 14:20:00,210.99,
WAN004,2023-10-07 14:30:00,211,
WAN004,2023-10-07 14:40:00,211.02,
WAN004,2023-10-07 14:50:00,211.03,
WAN004,2023-10-07 15:00:00,211.05,
WAN004,2023-10-07 15:10:00,211.07,
WAN004,2023-10-07 15:20:00,211.08,
WAN004,2023-10-07 15:30:00,211.1,
WAN004,2023-10-07 15:40:00,211.12,
WAN004,2023-10-07 15:50:00,211.13,
WAN004,2023-10-07 16:00:00,211.15,
WAN004,2023-10-07 16:10:00,211.17,
WAN004,2023-10-07 16:20:00,211.19,
WAN004,2023-10-07 16:30:00,211.2,
WAN004,2023-10-07 16:40:00,211.22,
WAN004,2023-10-07 16:50:00,211.24,
WAN004,2023-10-07 17:00:00,211.27,
WAN004,2023-10-07 17:10:00,211.3,
WAN004,2023-10-07 17:20:00,211.31,
WAN004,2023-10-07 17:30:00,211.33,
WAN004,2023-10-07 17:40:00,211.34,
WAN004,2023-10-07 17:50:00,211.36,
WAN004,2023-10-07 18:00:00,211.39,
WAN004,2023-10-07 18:10:00,211.41,
WAN004,2023-10-07 18:20:00,211.42,
WAN004,2023-10-07 18:30:00,211.44,
WAN004,2023-10-07 18:40:00,211.47,
WAN004,2023-10-07 18:50:00,211.5,
WAN004,2023-10-07 19:00:00,211.52,
WAN004,2023-10-07 19:10:00,211.54,
WAN004,2023-10-07 19:20:00,211.56,
WAN004,2023-10-07 19:30:00,211.57,
WAN004,2023-10-07 19:40:00,211.59,
WAN004,2023-10-07 19:50:00,211.6,
WAN004,2023-10-07 20:00:00,211.62,
WAN004,2023-10-07 20:10:00,211.63,
WAN004,2023-10-07 20:20:00,211.65,
WAN004,2023-10-07 20:30:00,211.67,
WAN004,2023-10-07 20:40:00,211.71,
WAN004,2023-10-07 20:50:00,211.73,
WAN004,2023-10-07 21:00:00,211.74,
WAN004,2023-10-07 21:10:00,211.75,
WAN004,2023-10-07 21:20:00,211.77,
WAN004,2023-10-07 21:30:00,211.78,
WAN004,2023-10-07 21:40:00,211.79,
WAN004,2023-10-07 21:50:00,211.8,
WAN004,2023-10-07 22:00:00,211.81,
WAN004,2023-10-07 22:10:00,211.83,
WAN004,2023-10-07 22:20:00,211.84,
WAN004,2023-10-07 22:30:00,211.85,
WAN004,2023-10-07 22:40:00,211.87,
WAN004,2023-10-07 22:50:00,211.88,
WAN004,2023-10-07 23:00:00,211.89,
WAN004,2023-10-07 23:10:00,211.91,
WAN004,2023-10-07 23:20:00,211.91,
WAN004,2023-10-07 23:30:00,211.92,
WAN004,2023-10-07 23:40:00,211.93,
WAN004,2023-10-07 23:50:00,211.95,
WAN004,2023-10-08 00:00:00,211.96,
WAN004,2023-10-08 00:10:00,211.96,
WAN004,2023-10-08 00:20:00,211.97,
WAN004,2023-10-08 00:30:00,211.98,
WAN004,2023-10-08 00:40:00,211.98,
WAN004,2023-10-08 00:50:00,211.99,
WAN004,2023-10-08 01:00:00,212,
WAN004,2023-10-08 01:10:00,212.01,
WAN004,2023-10-08 01:20:00,212.01,
WAN004,2023-10-08 01:30:00,212.02,
WAN004,2023-10-08 01:40:00,212.03,
WAN004,2023-10-08 01:50:00,212.03,
WAN004,2023-10-08 02:00:00,212.04,
WAN004,2023-10-08 02:10:00,212.04,
WAN004,2023-10-08 02:20:00,212.05,
WAN004,2023-10-08 02:30:00,212.05,
WAN004,2023-10-08 02:40:00,212.05,
WAN004,2023-10-08 02:50:00,212.06,
WAN004,2023-10-08 03:00:00,212.06,
WAN004,2023-10-08 03:10:00,212.07,
WAN004,2023-10-08 03:20:00,212.07,
WAN004,2023-10-08 03:30:00,212.07,
WAN004,2023-10-08 03:40:00,212.08,
WAN004,2023-10-08 03:50:00,212.07,
WAN004,2023-10-08 04:00:00,212.07,
WAN004,2023-10-08 04:10:00,212.07,
WAN004,2023-10-08 04:20:00,212.08,
WAN004,2023-10-08 04:30:00,212.08,
WAN004,2023-10-08 04:40:00,212.08,
WAN004,2023-10-08 04:50:00,212.08,
WAN004,2023-10-08 05:00:00,212.08,
WAN004,2023-10-08 05:10:00,212.08,
WAN004,2023-10-08 05:20:00,212.08,
WAN004,2023-10-08 05:30:00,212.08,
WAN004,2023-10-08 05:40:00,212.07,
WAN004,2023-10-08 05:50:00,212.08,
WAN004,2023-10-08 06:00:00,212.08,
WAN004,2023-10-08 06:10:00,212.08,
WAN004,2023-10-08 06:20:00,212.07,
WAN004,2023-10-08 06:30:00,212.08,
WAN004,2023-10-08 06:40:00,212.07,
WAN004,2023-10-08 06:50:00,212.08,
WAN004,2023-10-08 07:00:00,212.07,
WAN004,2023-10-08 07:10:00,212.07,
WAN004,2023-10-08 07:20:00,212.06,
WAN004,2023-10-08 07:30:00,212.06,
WAN004,2023-10-08 07:40:00,212.06,
WAN004,2023-10-08 07:50:00,212.06,
WAN004,2023-10-08 08:00:00,212.05,
WAN004,2023-10-08 08:10:00,212.05,
WAN004,2023-10-08 08:20:00,212.04,
WAN004,2023-10-08 08:30:00,212.04,
WAN004,2023-10-08 08:40:00,212.04,
WAN004,2023-10-08 08:50:00,212.04,
WAN004,2023-10-08 09:00:00,212.03,
WAN004,2023-10-08 09:10:00,212.03,
WAN004,2023-10-08 09:20:00,212.02,
WAN004,2023-10-08 09:30:00,212.02,
WAN004,2023-10-08 09:40:00,212.02,
WAN004,2023-10-08 09:50:00,212.01,
WAN004,2023-10-08 10:00:00,212.01,
WAN004,2023-10-08 10:10:00,212,
WAN004,2023-10-08 10:20:00,212,
WAN004,2023-10-08 10:30:00,211.99,
WAN004,2023-10-08 10:40:00,211.99,
WAN004,2023-10-08 10:50:00,211.98,
WAN004,2023-10-08 11:00:00,211.98,
WAN004,2023-10-08 11:10:00,211.98,
WAN004,2023-10-08 11:20:00,211.97,
WAN004,2023-10-08 11:30:00,211.97,
WAN004,2023-10-08 11:40:00,211.96,
WAN004,2023-10-08 11:50:00,211.96,
WAN004,2023-10-08 12:00:00,211.96,
WAN004,2023-10-08 12:10:00,211.95,
WAN004,2023-10-08 12:20:00,211.94,
WAN004,2023-10-08 12:30:00,211.94,
WAN004,2023-10-08 12:40:00,211.94,
WAN004,2023-10-08 12:50:00,211.94,
WAN004,2023-10-08 13:00:00,211.94,
WAN004,2023-10-08 13:10:00,211.93,
WAN004,2023-10-08 13:20:00,211.92,
WAN004,2023-10-08 13:30:00,211.91,
WAN004,2023-10-08 13:40:00,211.91,
WAN004,2023-10-08 13:50:00,211.91,
WAN004,2023-10-08 14:00:00,211.91,
WAN004,2023-10-08 14:10:00,211.9,
WAN004,2023-10-08 14:20:00,211.9,
WAN004,2023-10-08 14:30:00,211.9,
WAN004,2023-10-08 14:40:00,211.9,
WAN004,2023-10-08 14:50:00,211.89,
WAN004,2023-10-08 15:00:00,211.89,
WAN004,2023-10-08 15:10:00,211.89,
WAN004,2023-10-08 15:20:00,211.88,
WAN004,2023-10-08 15:30:00,211.88,
WAN004,2023-10-08 15:40:00,211.87,
WAN004,2023-10-08 15:50:00,211.87,
WAN004,2023-10-08 16:00:00,211.87,
WAN004,2023-10-08 16:10:00,211.86,
WAN004,2023-10-08 16:20:00,211.85,
WAN004,2023-10-08 16:30:00,211.86,
WAN004,2023-10-08 16:40:00,211.86,
WAN004,2023-10-08 16:50:00,211.85,
WAN004,2023-10-08 17:00:00,211.84,
WAN004,2023-10-08 17:10:00,211.85,
WAN004,2023-10-08 17:20:00,211.84,
WAN004,2023-10-08 17:30:00,211.84,
WAN004,2023-10-08 17:40:00,211.83,
WAN004,2023-10-08 17:50:00,211.83,
WAN004,2023-10-08 18:00:00,211.83,
WAN004,2023-10-08 18:10:00,211.83,
WAN004,2023-10-08 18:20:00,211.83,
WAN004,2023-10-08 18:30:00,211.82,
WAN004,2023-10-08 18:40:00,211.82,
WAN004,2023-10-08 18:50:00,211.82,
WAN004,2023-10-08 19:00:00,211.82,
WAN004,2023-10-08 19:10:00,211.81,
WAN004,2023-10-08 19:20:00,211.81,
WAN004,2023-10-08 19:30:00,211.81,
WAN004,2023-10-08 19:40:00,211.81,
WAN004,2023-10-08 19:50:00,211.8,
WAN004,2023-10-08 20:00:00,211.81,
WAN004,2023-10-08 20:10:00,211.8,
WAN004,2023-10-08 20:20:00,211.8,
WAN004,2023-10-08 20:30:00,211.81,
WAN004,2023-10-08 20:40:00,211.8,
WAN004,2023-10-08 20:50:00,211.81,
WAN004,2023-10-08 21:00:00,211.81,
WAN004,2023-10-08 21:10:00,211.81,
WAN004,2023-10-08 21:20:00,211.81,
WAN004,2023-10-08 21:30:00,211.81,
WAN004,2023-10-08 21:40:00,211.81,
WAN004,2023-10-08 21:50:00,211.81,
WAN004,2023-10-08 22:00:00,211.81,
WAN004,2023-10-08 22:10:00,211.81,
WAN004,2023-10-08 22:20:00,211.81,
WAN004,2023-10-08 22:30:00,211.81,
WAN004,2023-10-08 22:40:00,211.81,
WAN004,2023-10-08 22:50:00,211.81,
WAN004,2023-10-08 23:00:00,211.81,
WAN004,2023-10-08 23:10:00,211.81,
WAN004,2023-10-08 23:20:00,211.82,
WAN004,2023-10-08 23:30:00,211.81,
WAN004,2023-10-08 23:40:00,211.81,
WAN004,2023-10-08 23:50:00,211.82,
WAN004,2023-10-09 00:00:00,211.81,
WAN004,2023-10-09 00:10:00,211.82,
WAN004,2023-10-09 00:20:00,211.83,
WAN004,2023-10-09 00:30:00,211.82,
WAN004,2023-10-09 00:40:00,211.83,
WAN004,2023-10-09 00:50:00,211.84,
WAN004,2023-10-09 01:00:00,211.84,
WAN004,2023-10-09 01:10:00,211.84,
WAN004,2023-10-09 01:20:00,211.84,
WAN004,2023-10-09 01:30:00,211.85,
WAN004,2023-10-09 01:40:00,211.85,
WAN004,2023-10-09 01:50:00,211.86,
WAN004,2023-10-09 02:00:00,211.86,
WAN004,2023-10-09 02:10:00,211.87,
WAN004,2023-10-09 02:20:00,211.87,
WAN004,2023-10-09 02:30:00,211.88,
WAN004,2023-10-09 02:40:00,211.88,
WAN004,2023-10-09 02:50:00,211.89,
WAN004,2023-10-09 03:00:00,211.89,
WAN004,2023-10-09 03:10:00,211.88,
WAN004,2023-10-09 03:20:00,211.9,
WAN004,2023-10-09 03:30:00,211.91,
WAN004,2023-10-09 03:40:00,211.92,
WAN004,2023-10-09 03:50:00,211.92,
WAN004,2023-10-09 04:00:00,211.92,
WAN004,2023-10-09 04:10:00,211.93,
WAN004,2023-10-09 04:20:00,211.94,
WAN004,2023-10-09 04:30:00,211.94,
WAN004,2023-10-09 04:40:00,211.94,
WAN004,2023-10-09 04:50:00,211.95,
WAN004,2023-10-09 05:00:00,211.95,
WAN004,2023-10-09 05:10:00,211.96,
WAN004,2023-10-09 05:20:00,211.96,
WAN004,2023-10-09 05:30:00,211.98,
WAN004,2023-10-09 05:40:00,211.98,
WAN004,2023-10-09 05:50:00,211.98,
WAN004,2023-10-09 06:00:00,211.98,
WAN004,2023-10-09 06:10:00,212,
WAN004,2023-10-09 06:20:00,211.99,
WAN004,2023-10-09 06:30:00,212,
WAN004,2023-10-09 06:40:00,212,
WAN004,2023-10-09 06:50:00,212.01,
WAN004,2023-10-09 07:00:00,212.02,
WAN004,2023-10-09 07:10:00,212.02,
WAN004,2023-10-09 07:20:00,212.02,
WAN004,2023-10-09 07:30:00,212.02,
WAN004,2023-10-09 07:40:00,212.03,
WAN004,2023-10-09 07:50:00,212.03,
WAN004,2023-10-09 08:00:00,212.04,
WAN004,2023-10-09 08:10:00,212.05,
WAN004,2023-10-09 08:20:00,212.04,
WAN004,2023-10-09 08:30:00,212.05,
WAN004,2023-10-09 08:40:00,212.05,
WAN004,2023-10-09 08:50:00,212.06,
WAN004,2023-10-09 09:00:00,212.06,
WAN004,2023-10-09 09:10:00,212.06,
WAN004,2023-10-09 09:20:00,212.06,
WAN004,2023-10-09 09:30:00,212.07,
WAN004,2023-10-09 09:40:00,212.08,
WAN004,2023-10-09 09:50:00,212.08,
WAN004,2023-10-09 10:00:00,212.09,
WAN004,2023-10-09 10:10:00,212.1,
WAN004,2023-10-09 10:20:00,212.1,
WAN004,2023-10-09 10:30:00,212.1,
WAN004,2023-10-09 10:40:00,212.11,
WAN004,2023-10-09 10:50:00,212.12,
WAN004,2023-10-09 11:00:00,212.12,
WAN004,2023-10-09 11:10:00,212.13,
WAN004,2023-10-09 11:20:00,212.13,
WAN004,2023-10-09 11:30:00,212.14,
WAN004,2023-10-09 11:40:00,212.14,
WAN004,2023-10-09 11:50:00,212.14,
WAN004,2023-10-09 12:00:00,212.14,
WAN004,2023-10-09 12:10:00,212.15,
WAN004,2023-10-09 12:20:00,212.15,
WAN004,2023-10-09 12:30:00,212.15,
WAN004,2023-10-09 12:40:00,212.16,
WAN004,2023-10-09 12:50:00,212.16,
WAN004,2023-10-09 13:00:00,212.15,
WAN004,2023-10-09 13:10:00,212.17,
WAN004,2023-10-09 13:20:00,212.17,
WAN004,2023-10-09 13:30:00,212.17,
WAN004,2023-10-09 13:40:00,212.17,
WAN004,2023-10-09 13:50:00,212.17,
WAN004,2023-10-09 14:00:00,212.17,
WAN004,2023-10-09 14:10:00,212.16,
WAN004,2023-10-09 14:20:00,212.17,
WAN004,2023-10-09 14:30:00,212.17,
WAN004,2023-10-09 14:40:00,212.17,
WAN004,2023-10-09 14:50:00,212.17,
WAN004,2023-10-09 15:00:00,212.17,
WAN004,2023-10-09 15:10:00,212.16,
WAN004,2023-10-09 15:20:00,212.15,
WAN004,2023-10-09 15:30:00,212.16,
WAN004,2023-10-09 15:40:00,212.16,
WAN004,2023-10-09 15:50:00,212.17,
WAN004,2023-10-09 16:00:00,212.16,
WAN004,2023-10-09 16:10:00,212.16,
WAN004,2023-10-09 16:20:00,212.16,
WAN004,2023-10-09 16:30:00,212.16,
WAN004,2023-10-09 16:40:00,212.16,
WAN004,2023-10-09 16:50:00,212.16,
WAN004,2023-10-09 17:00:00,212.15,
WAN004,2023-10-09 17:10:00,212.16,
WAN004,2023-10-09 17:20:00,212.16,
WAN004,2023-10-09 17:30:00,212.16,
WAN004,2023-10-09 17:40:00,212.16,
WAN004,2023-10-09 17:50:00,212.16,
WAN004,2023-10-09 18:00:00,212.17,
WAN004,2023-10-09 18:10:00,212.17,
WAN004,2023-10-09 18:20:00,212.17,
WAN004,2023-10-09 18:30:00,212.18,
WAN004,2023-10-09 18:40:00,212.18,
WAN004,2023-10-09 18:50:00,212.19,
WAN004,2023-10-09 19:00:00,212.19,
WAN004,2023-10-09 19:10:00,212.19,
WAN004,2023-10-09 19:20:00,212.2,
WAN004,2023-10-09 19:30:00,212.2,
WAN004,2023-10-09 19:40:00,212.21,
WAN004,2023-10-09 19:50:00,212.22,
WAN004,2023-10-09 20:00:00,212.22,
WAN004,2023-10-09 20:10:00,212.24,
WAN004,2023-10-09 20:20:00,212.24,
WAN004,2023-10-09 20:30:00,212.25,
WAN004,2023-10-09 20:40:00,212.26,
WAN004,2023-10-09 20:50:00,212.27,
WAN004,2023-10-09 21:00:00,212.28,
WAN004,2023-10-09 21:10:00,212.28,
WAN004,2023-10-09 21:20:00,212.29,
WAN004,2023-10-09 21:30:00,212.29,
WAN004,2023-10-09 21:40:00,212.3,
WAN004,2023-10-09 21:50:00,212.3,
WAN004,2023-10-09 22:00:00,212.31,
WAN004,2023-10-09 22:10:00,212.31,
WAN004,2023-10-09 22:20:00,212.31,
WAN004,2023-10-09 22:30:00,212.33,
WAN004,2023-10-09 22:40:00,212.34,
WAN004,2023-10-09 22:50:00,212.34,
WAN004,2023-10-09 23:00:00,212.33,
WAN004,2023-10-09 23:10:00,212.34,
WAN004,2023-10-09 23:20:00,212.35,
WAN004,2023-10-09 23:30:00,212.34,
WAN004,2023-10-09 23:40:00,212.34,
WAN004,2023-10-09 23:50:00,212.35,
WAN004,2023-10-10 00:00:00,212.36,
WAN004,2023-10-10 00:10:00,212.34,
WAN004,2023-10-10 00:20:00,212.35,
WAN004,2023-10-10 00:30:00,212.35,
WAN004,2023-10-10 00:40:00,212.36,
WAN004,2023-10-10 00:50:00,212.36,
WAN004,2023-10-10 01:00:00,212.36,
WAN004,2023-10-10 01:10:00,212.36,
WAN004,2023-10-10 01:20:00,212.36,
WAN004,2023-10-10 01:30:00,212.36,
WAN004,2023-10-10 01:40:00,212.35,
WAN004,2023-10-10 01:50:00,212.36,
WAN004,2023-10-10 02:00:00,212.35,
WAN004,2023-10-10 02:10:00,212.35,
WAN004,2023-10-10 02:20:00,212.36,
WAN004,2023-10-10 02:30:00,212.35,
WAN004,2023-10-10 02:40:00,212.35,
WAN004,2023-10-10 02:50:00,212.36,
WAN004,2023-10-10 03:00:00,212.36,
WAN004,2023-10-10 03:10:00,212.36,
WAN004,2023-10-10 03:20:00,212.36,
WAN004,2023-10-10 03:30:00,212.36,
WAN004,2023-10-10 03:40:00,212.37,
WAN004,2023-10-10 03:50:00,212.36,
WAN004,2023-10-10 04:00:00,212.36,
WAN004,2023-10-10 04:10:00,212.37,
WAN004,2023-10-10 04:20:00,212.37,
WAN004,2023-10-10 04:30:00,212.37,
WAN004,2023-10-10 04:40:00,212.38,
WAN004,2023-10-10 04:50:00,212.37,
WAN004,2023-10-10 05:00:00,212.38,
WAN004,2023-10-10 05:10:00,212.38,
WAN004,2023-10-10 05:20:00,212.39,
WAN004,2023-10-10 05:30:00,212.39,
WAN004,2023-10-10 05:40:00,212.39,
WAN004,2023-10-10 05:50:00,212.4,
WAN004,2023-10-10 06:00:00,212.41,
WAN004,2023-10-10 06:10:00,212.4,
WAN004,2023-10-10 06:20:00,212.42,
WAN004,2023-10-10 06:30:00,212.42,
WAN004,2023-10-10 06:40:00,212.42,
WAN004,2023-10-10 06:50:00,212.43,
WAN004,2023-10-10 07:00:00,212.43,
WAN004,2023-10-10 07:10:00,212.43,
WAN004,2023-10-10 07:20:00,212.44,
WAN004,2023-10-10 07:30:00,212.44,
WAN004,2023-10-10 07:40:00,212.45,
WAN004,2023-10-10 07:50:00,212.45,
WAN004,2023-10-10 08:00:00,212.46,
WAN004,2023-10-10 08:10:00,212.46,
WAN004,2023-10-10 08:20:00,212.46,
WAN004,2023-10-10 08:30:00,212.47,
WAN004,2023-10-10 08:40:00,212.48,
WAN004,2023-10-10 08:50:00,212.48,
WAN004,2023-10-10 09:00:00,212.47,
WAN004,2023-10-10 09:10:00,212.49,
WAN004,2023-10-10 09:20:00,212.5,
WAN004,2023-10-10 09:30:00,212.5,
WAN004,2023-10-10 09:40:00,212.5,
WAN004,2023-10-10 09:50:00,212.5,
WAN004,2023-10-10 10:00:00,212.51,
WAN004,2023-10-10 10:10:00,212.51,
WAN004,2023-10-10 10:20:00,212.52,
WAN004,2023-10-10 10:30:00,212.53,
WAN004,2023-10-10 10:40:00,212.52,
WAN004,2023-10-10 10:50:00,212.54,
WAN004,2023-10-10 11:00:00,212.55,
WAN004,2023-10-10 11:10:00,212.55,
WAN004,2023-10-10 11:20:00,-,
WAN004,2023-10-10 11:30:00,212.57,
WAN004,2023-10-10 11:40:00,212.57,
WAN004,2023-10-10 11:50:00,212.58,
WAN004,2023-10-10 12:00:00,212.58,
WAN004,2023-10-10 12:10:00,212.57,
WAN004,2023-10-10 12:20:00,212.59,
WAN004,2023-10-10 12:30:00,212.59,
WAN004,2023-10-10 12:40:00,212.58,
WAN004,2023-10-10 12:50:00,212.59,
WAN004,2023-10-10 13:00:00,212.59,
WAN004,2023-10-10 13:10:00,212.59,
WAN004,2023-10-10 13:20:00,212.59,
WAN004,2023-10-10 13:30:00,212.59,
WAN004,2023-10-10 13:40:00,212.6,
WAN004,2023-10-10 13:50:00,212.61,
WAN004,2023-10-10 14:00:00,212.6,
WAN004,2023-10-10 14:10:00,212.6,
WAN004,2023-10-10 14:20:00,212.61,
WAN004,2023-10-10 14:30:00,212.61,
WAN004,2023-10-10 14:40:00,212.6,
WAN004,2023-10-10 14:50:00,212.6,
WAN004,2023-10-10 15:00:00,212.6,
WAN004,2023-10-10 15:10:00,212.6,
WAN004,2023-10-10 15:20:00,212.6,
WAN004,2023-10-10 15:30:00,212.61,
WAN004,2023-10-10 15:40:00,212.6,
WAN004,2023-10-10 15:50:00,212.6,
WAN004,2023-10-10 16:00:00,212.6,
WAN004,2023-10-10 16:10:00,212.61,
WAN004,2023-10-10 16:20:00,212.61,
WAN004,2023-10-10 16:30:00,212.6,
WAN004,2023-10-10 16:40:00,212.61,
WAN004,2023-10-10 16:50:00,212.6,
WAN004,2023-10-10 17:00:00,212.6,
WAN004,2023-10-10 17:10:00,212.6,
WAN004,2023-10-10 17:20:00,212.6,
WAN004,2023-10-10 17:30:00,212.6,
WAN004,2023-10-10 17:40:00,212.6,
WAN004,2023-10-10 17:50:00,212.59,
WAN004,2023-10-10 18:00:00,212.6,
WAN004,2023-10-10 18:10:00,212.61,
WAN004,2023-10-10 18:20:00,212.59,
WAN004,2023-10-10 18:30:00,212.6,
WAN004,2023-10-10 18:40:00,212.59,
WAN004,2023-10-10 18:50:00,212.59,
WAN004,2023-10-10 19:00:00,212.59,
WAN004,2023-10-10 19:10:00,212.58,
WAN004,2023-10-10 19:20:00,212.59,
WAN004,2023-10-10 19:30:00,212.58,
WAN004,2023-10-10 19:40:00,212.58,
WAN004,2023-10-10 19:50:00,212.58,
WAN004,2023-10-10 20:00:00,212.58,
WAN004,2023-10-10 20:10:00,212.58,
WAN004,2023-10-10 20:20:00,212.58,
WAN004,2023-10-10 20:30:00,212.57,
WAN004,2023-10-10 20:40:00,212.57,
WAN004,2023-10-10 20:50:00,212.58,
WAN004,2023-10-10 21:00:00,212.56,
WAN004,2023-10-10 21:10:00,212.57,
WAN004,2023-10-10 21:20:00,212.57,
WAN004,2023-10-10 21:30:00,212.56,
WAN004,2023-10-10 21:40:00,212.56,
WAN004,2023-10-10 21:50:00,212.56,
WAN004,2023-10-10 22:00:00,212.56,
WAN004,2023-10-10 22:10:00,212.56,
WAN004,2023-10-10 22:20:00,212.55,
WAN004,2023-10-10 22:30:00,212.56,
WAN004,2023-10-10 22:40:00,212.55,
WAN004,2023-10-10 22:50:00,212.55,
WAN004,2023-10-10 23:00:00,212.56,
WAN004,2023-10-10 23:10:00,212.55,
WAN004,2023-10-10 23:20:00,212.55,
WAN004,2023-10-10 23:30:00,212.55,
WAN004,2023-10-10 23:40:00,212.54,
WAN004,2023-10-10 23:50:00,212.55,
WAN004,2023-10-11 00:00:00,212.54,
WAN004,2023-10-11 00:10:00,212.54,
WAN004,2023-10-11 00:20:00,212.53,
WAN004,2023-10-11 00:30:00,212.54,
WAN004,2023-10-11 00:40:00,212.54,
WAN004,2023-10-11 00:50:00,212.55,
WAN004,2023-10-11 01:00:00,212.53,
WAN004,2023-10-11 01:10:00,212.53,
WAN004,2023-10-11 01:20:00,212.54,
WAN004,2023-10-11 01:30:00,212.53,
WAN004,2023-10-11 01:40:00,212.53,
WAN004,2023-10-11 01:50:00,212.53,
WAN004,2023-10-11 02:00:00,212.53,
WAN004,2023-10-11 02:10:00,212.52,
WAN004,2023-10-11 02:20:00,212.52,
WAN004,2023-10-11 02:30:00,212.53,
WAN004,2023-10-11 02:40:00,212.53,
WAN004,2023-10-11 02:50:00,212.52,
WAN004,2023-10-11 03:00:00,212.52,
WAN004,2023-10-11 03:10:00,212.51,
WAN004,2023-10-11 03:20:00,212.52,
WAN004,2023-10-11 03:30:00,212.52,
WAN004,2023-10-11 03:40:00,212.53,
WAN004,2023-10-11 03:50:00,212.52,
WAN004,2023-10-11 04:00:00,212.52,
WAN004,2023-10-11 04:10:00,212.51,
WAN004,2023-10-11 04:20:00,212.52,
WAN004,2023-10-11 04:30:00,212.52,
WAN004,2023-10-11 04:40:00,212.52,
WAN004,2023-10-11 04:50:00,212.5,
WAN004,2023-10-11 05:00:00,212.51,
WAN004,2023-10-11 05:10:00,212.52,
WAN004,2023-10-11 05:20:00,212.52,
WAN004,2023-10-11 05:30:00,212.51,
WAN004,2023-10-11 05:40:00,212.52,
WAN004,2023-10-11 05:50:00,212.52,
WAN004,2023-10-11 06:00:00,212.52,
WAN004,2023-10-11 06:10:00,212.52,
WAN004,2023-10-11 06:20:00,212.51,
WAN004,2023-10-11 06:30:00,212.52,
WAN004,2023-10-11 06:40:00,212.51,
WAN004,2023-10-11 06:50:00,212.52,
WAN004,2023-10-11 07:00:00,212.51,
WAN004,2023-10-11 07:10:00,212.51,
WAN004,2023-10-11 07:20:00,212.51,
WAN004,2023-10-11 07:30:00,212.51,
WAN004,2023-10-11 07:40:00,212.51,
WAN004,2023-10-11 07:50:00,212.52,
WAN004,2023-10-11 08:00:00,212.52,
WAN004,2023-10-11 08:10:00,212.51,
WAN004,2023-10-11 08:20:00,212.5,
WAN004,2023-10-11 08:30:00,212.52,
WAN004,2023-10-11 08:40:00,212.51,
WAN004,2023-10-11 08:50:00,212.51,
WAN004,2023-10-11 09:00:00,212.5,
WAN004,2023-10-11 09:10:00,212.52,
WAN004,2023-10-11 09:20:00,212.51,
WAN004,2023-10-11 09:30:00,212.51,
WAN004,2023-10-11 09:40:00,212.5,
WAN004,2023-10-11 09:50:00,212.5,
WAN004,2023-10-11 10:00:00,212.5,
WAN004,2023-10-11 10:10:00,212.5,
WAN004,2023-10-11 10:20:00,212.49,
WAN004,2023-10-11 10:30:00,212.5,
WAN004,2023-10-11 10:40:00,212.49,
WAN004,2023-10-11 10:50:00,212.48,
WAN004,2023-10-11 11:00:00,212.48,
WAN004,2023-10-11 11:10:00,212.48,
WAN004,2023-10-11 11:20:00,212.48,
WAN004,2023-10-11 11:30:00,212.48,
WAN004,2023-10-11 11:40:00,212.48,
WAN004,2023-10-11 11:50:00,212.47,
WAN004,2023-10-11 12:00:00,212.47,
WAN004,2023-10-11 12:10:00,212.46,
WAN004,2023-10-11 12:20:00,212.46,
WAN004,2023-10-11 12:30:00,212.46,
WAN004,2023-10-11 12:40:00,212.46,
WAN004,2023-10-11 12:50:00,212.45,
WAN004,2023-10-11 13:00:00,212.45,
WAN004,2023-10-11 13:10:00,212.45,
WAN004,2023-10-11 13:20:00,212.44,
WAN004,2023-10-11 13:30:00,212.44,
WAN004,2023-10-11 13:40:00,212.44,
WAN004,2023-10-11 13:50:00,212.44,
WAN004,2023-10-11 14:00:00,212.43,
WAN004,2023-10-11 14:10:00,212.43,
WAN004,2023-10-11 14:20:00,212.43,
WAN004,2023-10-11 14:30:00,212.44,
WAN004,2023-10-11 14:40:00,212.43,
WAN004,2023-10-11 14:50:00,212.42,
WAN004,2023-10-11 15:00:00,212.43,
WAN004,2023-10-11 15:10:00,212.43,
WAN004,2023-10-11 15:20:00,212.43,
WAN004,2023-10-11 15:30:00,212.43,
WAN004,2023-10-11 15:40:00,212.42,
WAN004,2023-10-11 15:50:00,212.42,
WAN004,2023-10-11 16:00:00,212.42,
WAN004,2023-10-11 16:10:00,212.42,
WAN004,2023-10-11 16:20:00,212.4,
WAN004,2023-10-11 16:30:00,212.41,
WAN004,2023-10-11 16:40:00,212.4,
WAN004,2023-10-11 16:50:00,212.4,
WAN004,2023-10-11 17:00:00,212.4,
WAN004,2023-10-11 17:10:00,212.39,
WAN004,2023-10-11 17:20:00,212.39,
WAN004,2023-10-11 17:30:00,212.39,
WAN004,2023-10-11 17:40:00,212.38,
WAN004,2023-10-11 17:50:00,212.39,
WAN004,2023-10-11 18:00:00,212.38,
WAN004,2023-10-11 18:10:00,212.37,
WAN004,2023-10-11 18:20:00,212.38,
WAN004,2023-10-11 18:30:00,212.37,
WAN004,2023-10-11 18:40:00,212.37,
WAN004,2023-10-11 18:50:00,212.36,
WAN004,2023-10-11 19:00:00,212.37,
WAN004,2023-10-11 19:10:00,212.36,
WAN004,2023-10-11 19:20:00,212.35,
WAN004,2023-10-11 19:30:00,212.35,
WAN004,2023-10-11 19:40:00,212.35,
WAN004,2023-10-11 19:50:00,212.35,
WAN004,2023-10-11 20:00:00,212.34,
WAN004,2023-10-11 20:10:00,212.33,
WAN004,2023-10-11 20:20:00,212.34,
WAN004,2023-10-11 20:30:00,212.34,
WAN004,2023-10-11 20:40:00,212.33,
WAN004,2023-10-11 20:50:00,212.33,
WAN004,2023-10-11 21:00:00,212.32,
WAN004,2023-10-11 21:10:00,212.32,
WAN004,2023-10-11 21:20:00,212.31,
WAN004,2023-10-11 21:30:00,212.31,
WAN004,2023-10-11 21:40:00,212.31,
WAN004,2023-10-11 21:50:00,212.3,
WAN004,2023-10-11 22:00:00,212.3,
WAN004,2023-10-11 22:10:00,212.3,
WAN004,2023-10-11 22:20:00,212.3,
WAN004,2023-10-11 22:30:00,212.29,
WAN004,2023-10-11 22:40:00,212.29,
WAN004,2023-10-11 22:50:00,212.29,
WAN004,2023-10-11 23:00:00,212.29,
WAN004,2023-10-11 23:10:00,212.28,
WAN004,2023-10-11 23:20:00,212.29,
WAN004,2023-10-11 23:30:00,212.3,
WAN004,2023-10-11 23:40:00,212.29,
WAN004,2023-10-11 23:50:00,212.29,
WAN004,2023-10-12 00:00:00,212.3,
WAN004,2023-10-12 00:10:00,212.29,
WAN004,2023-10-12 00:20:00,212.29,
WAN004,2023-10-12 00:30:00,212.29,
WAN004,2023-10-12 00:40:00,212.29,
WAN004,2023-10-12 00:50:00,212.29,
WAN004,2023-10-12 01:00:00,212.31,
WAN004,2023-10-12 01:10:00,212.31,
WAN004,2023-10-12 01:20:00,212.31,
WAN004,2023-10-12 01:30:00,212.32,
WAN004,2023-10-12 01:40:00,212.31,
WAN004,2023-10-12 01:50:00,212.33,
WAN004,2023-10-12 02:00:00,212.34,
WAN004,2023-10-12 02:10:00,212.34,
WAN004,2023-10-12 02:20:00,212.36,
WAN004,2023-10-12 02:30:00,212.37,
WAN004,2023-10-12 02:40:00,212.37,
WAN004,2023-10-12 02:50:00,212.4,
WAN004,2023-10-12 03:00:00,212.4,
WAN004,2023-10-12 03:10:00,212.42,
WAN004,2023-10-12 03:20:00,212.43,
WAN004,2023-10-12 03:30:00,212.45,
WAN004,2023-10-12 03:40:00,212.47,
WAN004,2023-10-12 03:50:00,212.48,
WAN004,2023-10-12 04:00:00,212.5,
WAN004,2023-10-12 04:10:00,212.52,
WAN004,2023-10-12 04:20:00,212.53,
WAN004,2023-10-12 04:30:00,212.55,
WAN004,2023-10-12 04:40:00,212.57,
WAN004,2023-10-12 04:50:00,212.59,
WAN004,2023-10-12 05:00:00,212.6,
WAN004,2023-10-12 05:10:00,212.62,
WAN004,2023-10-12 05:20:00,212.64,
WAN004,2023-10-12 05:30:00,212.65,
WAN004,2023-10-12 05:40:00,212.67,
WAN004,2023-10-12 05:50:00,212.68,
WAN004,2023-10-12 06:00:00,212.69,
WAN004,2023-10-12 06:10:00,212.7,
WAN004,2023-10-12 06:20:00,212.71,
WAN004,2023-10-12 06:30:00,212.73,
WAN004,2023-10-12 06:40:00,212.73,
WAN004,2023-10-12 06:50:00,212.74,
WAN004,2023-10-12 07:00:00,212.76,
WAN004,2023-10-12 07:10:00,212.77,
WAN004,2023-10-12 07:20:00,212.78,
WAN004,2023-10-12 07:30:00,212.78,
WAN004,2023-10-12 07:40:00,212.8,
WAN004,2023-10-12 07:50:00,212.8,
WAN004,2023-10-12 08:00:00,212.82,
WAN004,2023-10-12 08:10:00,212.82,
WAN004,2023-10-12 08:20:00,212.83,
WAN004,2023-10-12 08:30:00,212.84,
WAN004,2023-10-12 08:40:00,212.84,
WAN004,2023-10-12 08:50:00,212.84,
WAN004,2023-10-12 09:00:00,212.86,
WAN004,2023-10-12 09:10:00,212.87,
WAN004,2023-10-12 09:20:00,212.88,
WAN004,2023-10-12 09:30:00,212.89,
WAN004,2023-10-12 09:40:00,212.9,
WAN004,2023-10-12 09:50:00,212.92,
WAN004,2023-10-12 10:00:00,212.91,
WAN004,2023-10-12 10:10:00,212.92,
WAN004,2023-10-12 10:20:00,212.93,
WAN004,2023-10-12 10:30:00,212.94,
WAN004,2023-10-12 10:40:00,212.95,
WAN004,2023-10-12 10:50:00,212.96,
WAN004,2023-10-12 11:00:00,212.97,
WAN004,2023-10-12 11:10:00,212.96,
WAN004,2023-10-12 11:20:00,212.98,
WAN004,2023-10-12 11:30:00,212.99,
WAN004,2023-10-12 11:40:00,212.99,
WAN004,2023-10-12 11:50:00,212.99,
WAN004,2023-10-12 12:00:00,213.01,
WAN004,2023-10-12 12:10:00,213.01,
WAN004,2023-10-12 12:20:00,213.02,
WAN004,2023-10-12 12:30:00,213.03,
WAN004,2023-10-12 12:40:00,213.03,
WAN004,2023-10-12 12:50:00,213.05,
WAN004,2023-10-12 13:00:00,213.04,
WAN004,2023-10-12 13:10:00,213.04,
WAN004,2023-10-12 13:20:00,213.05,
WAN004,2023-10-12 13:30:00,213.04,
WAN004,2023-10-12 13:40:00,213.04,
WAN004,2023-10-12 13:50:00,213.05,
WAN004,2023-10-12 14:00:00,213.05,
WAN004,2023-10-12 14:10:00,-,
WAN004,2023-10-12 14:20:00,213.05,
WAN004,2023-10-12 14:30:00,213.05,
WAN004,2023-10-12 14:40:00,213.05,
WAN004,2023-10-12 14:50:00,213.04,
WAN004,2023-10-12 15:00:00,213.04,
WAN004,2023-10-12 15:10:00,213.04,
WAN004,2023-10-12 15:20:00,213.04,
WAN004,2023-10-12 15:30:00,213.03,
WAN004,2023-10-12 15:40:00,213.04,
WAN004,2023-10-12 15:50:00,213.03,
WAN004,2023-10-12 16:00:00,-,
WAN004,2023-10-12 16:10:00,213.03,
WAN004,2023-10-12 16:20:00,213,
WAN004,2023-10-12 16:30:00,213.01,
WAN004,2023-10-12 16:40:00,213.01,
WAN004,2023-10-12 16:50:00,213.01,
WAN004,2023-10-12 17:00:00,213,
WAN004,2023-10-12 17:10:00,213.01,
WAN004,2023-10-12 17:20:00,213,
WAN004,2023-10-12 17:30:00,212.99,
WAN004,2023-10-12 17:40:00,212.98,
WAN004,2023-10-12 17:50:00,212.98,
WAN004,2023-10-12 18:00:00,212.97,
WAN004,2023-10-12 18:10:00,212.97,
WAN004,2023-10-12 18:20:00,212.95,
WAN004,2023-10-12 18:30:00,212.94,
WAN004,2023-10-12 18:40:00,212.94,
WAN004,2023-10-12 18:50:00,212.94,
WAN004,2023-10-12 19:00:00,212.93,
WAN004,2023-10-12 19:10:00,212.9,
WAN004,2023-10-12 19:20:00,212.91,
WAN004,2023-10-12 19:30:00,212.91,
WAN004,2023-10-12 19:40:00,212.9,
WAN004,2023-10-12 19:50:00,212.9,
WAN004,2023-10-12 20:00:00,212.89,
WAN004,2023-10-12 20:10:00,212.88,
WAN004,2023-10-12 20:20:00,212.88,
WAN004,2023-10-12 20:30:00,212.87,
WAN004,2023-10-12 20:40:00,212.87,
WAN004,2023-10-12 20:50:00,212.86,
WAN004,2023-10-12 21:00:00,212.84,
WAN004,2023-10-12 21:10:00,212.84,
WAN004,2023-10-12 21:20:00,212.82,
WAN004,2023-10-12 21:30:00,212.82,
WAN004,2023-10-12 21:40:00,212.81,
WAN004,2023-10-12 21:50:00,212.81,
WAN004,2023-10-12 22:00:00,212.8,
WAN004,2023-10-12 22:10:00,212.79,
WAN004,2023-10-12 22:20:00,212.78,
WAN004,2023-10-12 22:30:00,212.77,
WAN004,2023-10-12 22:40:00,212.76,
WAN004,2023-10-12 22:50:00,212.75,
WAN004,2023-10-12 23:00:00,212.75,
WAN004,2023-10-12 23:10:00,212.75,
WAN004,2023-10-12 23:20:00,212.74,
WAN004,2023-10-12 23:30:00,212.73,
WAN004,2023-10-12 23:40:00,212.72,
WAN004,2023-10-12 23:50:00,212.72,
WAN004,2023-10-13 00:00:00,212.7,
WAN004,2023-10-13 00:10:00,212.7,
WAN004,2023-10-13 00:20:00,212.69,
WAN004,2023-10-13 00:30:00,212.68,
WAN004,2023-10-13 00:40:00,212.68,
WAN004,2023-10-13 00:50:00,212.66,
WAN004,2023-10-13 01:00:00,212.66,
WAN004,2023-10-13 01:10:00,212.64,
WAN004,2023-10-13 01:20:00,212.64,
WAN004,2023-10-13 01:30:00,212.63,
WAN004,2023-10-13 01:40:00,212.62,
WAN004,2023-10-13 01:50:00,212.62,
WAN004,2023-10-13 02:00:00,212.6,
WAN004,2023-10-13 02:10:00,212.61,
WAN004,2023-10-13 02:20:00,212.59,
WAN004,2023-10-13 02:30:00,212.58,
WAN004,2023-10-13 02:40:00,212.58,
WAN004,2023-10-13 02:50:00,212.56,
WAN004,2023-10-13 03:00:00,212.56,
WAN004,2023-10-13 03:10:00,212.55,
WAN004,2023-10-13 03:20:00,212.54,
WAN004,2023-10-13 03:30:00,212.54,
WAN004,2023-10-13 03:40:00,212.54,
WAN004,2023-10-13 03:50:00,212.53,
WAN004,2023-10-13 04:00:00,212.51,
WAN004,2023-10-13 04:10:00,212.5,
WAN004,2023-10-13 04:20:00,212.5,
WAN004,2023-10-13 04:30:00,212.5,
WAN004,2023-10-13 04:40:00,212.49,
WAN004,2023-10-13 04:50:00,212.48,
WAN004,2023-10-13 05:00:00,212.48,
WAN004,2023-10-13 05:10:00,212.48,
WAN004,2023-10-13 05:20:00,212.48,
WAN004,2023-10-13 05:30:00,212.46,
WAN004,2023-10-13 05:40:00,212.46,
WAN004,2023-10-13 05:50:00,212.46,
WAN004,2023-10-13 06:00:00,212.44,
WAN004,2023-10-13 06:10:00,212.44,
WAN004,2023-10-13 06:20:00,212.42,
WAN004,2023-10-13 06:30:00,212.44,
WAN004,2023-10-13 06:40:00,212.43,
WAN004,2023-10-13 06:50:00,212.42,
WAN004,2023-10-13 07:00:00,212.42,
WAN004,2023-10-13 07:10:00,212.42,
WAN004,2023-10-13 07:20:00,212.41,
WAN004,2023-10-13 07:30:00,212.41,
WAN004,2023-10-13 07:40:00,212.39,
WAN004,2023-10-13 07:50:00,212.38,
WAN004,2023-10-13 08:00:00,212.38,
WAN004,2023-10-13 08:10:00,212.38,
WAN004,2023-10-13 08:20:00,212.38,
WAN004,2023-10-13 08:30:00,212.37,
WAN004,2023-10-13 08:40:00,212.36,
WAN004,2023-10-13 08:50:00,212.35,
WAN004,2023-10-13 09:00:00,212.35,
WAN004,2023-10-13 09:10:00,212.35,
WAN004,2023-10-13 09:20:00,212.35,
WAN004,2023-10-13 09:30:00,212.33,
WAN004,2023-10-13 09:40:00,212.33,
WAN004,2023-10-13 09:50:00,212.34,
WAN004,2023-10-13 10:00:00,212.32,
WAN004,2023-10-13 10:10:00,212.33,
WAN004,2023-10-13 10:20:00,212.33,
WAN004,2023-10-13 10:30:00,212.32,
WAN004,2023-10-13 10:40:00,212.33,
WAN004,2023-10-13 10:50:00,212.32,
WAN004,2023-10-13 11:00:00,212.34,
WAN004,2023-10-13 11:10:00,212.32,
WAN004,2023-10-13 11:20:00,212.32,
WAN004,2023-10-13 11:30:00,212.32,
WAN004,2023-10-13 11:40:00,212.32,
WAN004,2023-10-13 11:50:00,212.33,
WAN004,2023-10-13 12:00:00,212.32,
WAN004,2023-10-13 12:10:00,212.33,
WAN004,2023-10-13 12:20:00,212.33,
WAN004,2023-10-13 12:30:00,212.32,
WAN004,2023-10-13 12:40:00,212.33,
WAN004,2023-10-13 12:50:00,212.33,
WAN004,2023-10-13 13:00:00,212.34,
WAN004,2023-10-13 13:10:00,212.31,
WAN004,2023-10-13 13:20:00,212.33,
WAN004,2023-10-13 13:30:00,212.33,
WAN004,2023-10-13 13:40:00,212.33,
WAN004,2023-10-13 13:50:00,212.33,
WAN004,2023-10-13 14:00:00,-,
WAN004,2023-10-13 14:10:00,212.34,
WAN004,2023-10-13 14:20:00,212.32,
WAN004,2023-10-13 14:30:00,212.33,
WAN004,2023-10-13 14:40:00,212.32,
WAN004,2023-10-13 14:50:00,212.33,
WAN004,2023-10-13 15:00:00,212.33,
WAN004,2023-10-13 15:10:00,212.33,
WAN004,2023-10-13 15:20:00,212.32,
WAN004,2023-10-13 15:30:00,212.32,
WAN004,2023-10-13 15:40:00,212.32,
WAN004,2023-10-13 15:50:00,212.31,
WAN004,2023-10-13 16:00:00,212.31,
WAN004,2023-10-13 16:10:00,212.31,
WAN004,2023-10-13 16:20:00,212.31,
WAN004,2023-10-13 16:30:00,212.31,
WAN004,2023-10-13 16:40:00,212.3,
WAN004,2023-10-13 16:50:00,212.29,
WAN004,2023-10-13 17:00:00,-,
WAN004,2023-10-13 17:10:00,212.29,
WAN004,2023-10-13 17:20:00,212.29,
WAN004,2023-10-13 17:30:00,212.28,
WAN004,2023-10-13 17:40:00,212.28,
WAN004,2023-10-13 17:50:00,212.27,
WAN004,2023-10-13 18:00:00,212.28,
WAN004,2023-10-13 18:10:00,212.27,
WAN004,2023-10-13 18:20:00,212.27,
WAN004,2023-10-13 18:30:00,212.27,
WAN004,2023-10-13 18:40:00,212.26,
WAN004,2023-10-13 18:50:00,212.26,
WAN004,2023-10-13 19:00:00,212.25,
WAN004,2023-10-13 19:10:00,212.25,
WAN004,2023-10-13 19:20:00,212.25,
WAN004,2023-10-13 19:30:00,212.24,
WAN004,2023-10-13 19:40:00,212.24,
WAN004,2023-10-13 19:50:00,212.24,
WAN004,2023-10-13 20:00:00,212.22,
WAN004,2023-10-13 20:10:00,212.22,
WAN004,2023-10-13 20:20:00,212.22,
WAN004,2023-10-13 20:30:00,212.21,
WAN004,2023-10-13 20:40:00,212.21,
WAN004,2023-10-13 20:50:00,212.2,
WAN004,2023-10-13 21:00:00,212.2,
WAN004,2023-10-13 21:10:00,212.19,
WAN004,2023-10-13 21:20:00,212.18,
WAN004,2023-10-13 21:30:00,212.18,
WAN004,2023-10-13 21:40:00,212.17,
WAN004,2023-10-13 21:50:00,212.17,
WAN004,2023-10-13 22:00:00,212.17,
WAN004,2023-10-13 22:10:00,212.16,
WAN004,2023-10-13 22:20:00,212.16,
WAN004,2023-10-13 22:30:00,212.15,
WAN004,2023-10-13 22:40:00,212.15,
WAN004,2023-10-13 22:50:00,212.14,
WAN004,2023-10-13 23:00:00,212.14,
WAN004,2023-10-13 23:10:00,212.14,
WAN004,2023-10-13 23:20:00,212.13,
WAN004,2023-10-13 23:30:00,212.13,
WAN004,2023-10-13 23:40:00,212.12,
WAN004,2023-10-13 23:50:00,212.12,
WAN004,2023-10-14 00:00:00,212.12,
WAN004,2023-10-14 00:10:00,212.11,
WAN004,2023-10-14 00:20:00,212.11,
WAN004,2023-10-14 00:30:00,212.1,
WAN004,2023-10-14 00:40:00,212.1,
WAN004,2023-10-14 00:50:00,212.1,
WAN004,2023-10-14 01:00:00,212.09,
WAN004,2023-10-14 01:10:00,212.08,
WAN004,2023-10-14 01:20:00,212.08,
WAN004,2023-10-14 01:30:00,212.08,
WAN004,2023-10-14 01:40:00,212.08,
WAN004,2023-10-14 01:50:00,212.07,
WAN004,2023-10-14 02:00:00,212.08,
WAN004,2023-10-14 02:10:00,212.06,
WAN004,2023-10-14 02:20:00,212.06,
WAN004,2023-10-14 02:30:00,212.06,
WAN004,2023-10-14 02:40:00,212.05,
WAN004,2023-10-14 02:50:00,212.05,
WAN004,2023-10-14 03:00:00,212.05,
WAN004,2023-10-14 03:10:00,212.05,
WAN004,2023-10-14 03:20:00,212.04,
WAN004,2023-10-14 03:30:00,212.04,
WAN004,2023-10-14 03:40:00,212.03,
WAN004,2023-10-14 03:50:00,212.04,
WAN004,2023-10-14 04:00:00,212.03,
WAN004,2023-10-14 04:10:00,212.03,
WAN004,2023-10-14 04:20:00,212.02,
WAN004,2023-10-14 04:30:00,212.02,
WAN004,2023-10-14 04:40:00,212.02,
WAN004,2023-10-14 04:50:00,212.02,
WAN004,2023-10-14 05:00:00,212.02,
WAN004,2023-10-14 05:10:00,212,
WAN004,2023-10-14 05:20:00,212.01,
WAN004,2023-10-14 05:30:00,212.01,
WAN004,2023-10-14 05:40:00,212.01,
WAN004,2023-10-14 05:50:00,212.02,
WAN004,2023-10-14 06:00:00,212.01,
WAN004,2023-10-14 06:10:00,212.02,
WAN004,2023-10-14 06:20:00,212.02,
WAN004,2023-10-14 06:30:00,212.03,
WAN004,2023-10-14 06:40:00,212.03,
WAN004,2023-10-14 06:50:00,212.03,
WAN004,2023-10-14 07:00:00,212.05,
WAN004,2023-10-14 07:10:00,212.05,
WAN004,2023-10-14 07:20:00,212.07,
WAN004,2023-10-14 07:30:00,212.08,
WAN004,2023-10-14 07:40:00,212.09,
WAN004,2023-10-14 07:50:00,212.11,
WAN004,2023-10-14 08:00:00,212.13,
WAN004,2023-10-14 08:10:00,212.14,
WAN004,2023-10-14 08:20:00,212.15,
WAN004,2023-10-14 08:30:00,212.17,
WAN004,2023-10-14 08:40:00,212.18,
WAN004,2023-10-14 08:50:00,212.19,
WAN004,2023-10-14 09:00:00,212.21,
WAN004,2023-10-14 09:10:00,212.23,
WAN004,2023-10-14 09:20:00,212.24,
WAN004,2023-10-14 09:30:00,212.25,
WAN004,2023-10-14 09:40:00,212.26,
WAN004,2023-10-14 09:50:00,212.27,
WAN004,2023-10-14 10:00:00,212.28,
WAN004,2023-10-14 10:10:00,212.29,
WAN004,2023-10-14 10:20:00,212.3,
WAN004,2023-10-14 10:30:00,212.3,
WAN004,2023-10-14 10:40:00,212.31,
WAN004,2023-10-14 10:50:00,212.32,
WAN004,2023-10-14 11:00:00,212.32,
WAN004,2023-10-14 11:10:00,212.33,
WAN004,2023-10-14 11:20:00,212.33,
WAN004,2023-10-14 11:30:00,212.33,
WAN004,2023-10-14 11:40:00,212.35,
WAN004,2023-10-14 11:50:00,212.35,
WAN004,2023-10-14 12:00:00,212.35,
WAN004,2023-10-14 12:10:00,212.36,
WAN004,2023-10-14 12:20:00,212.36,
WAN004,2023-10-14 12:30:00,212.37,
WAN004,2023-10-14 12:40:00,212.36,
WAN004,2023-10-14 12:50:00,212.36,
WAN004,2023-10-14 13:00:00,-,
WAN004,2023-10-14 13:10:00,-,
WAN004,2023-10-14 13:20:00,212.37,
WAN004,2023-10-14 13:30:00,212.38,
WAN004,2023-10-14 13:40:00,212.37,
WAN004,2023-10-14 13:50:00,212.38,
WAN004,2023-10-14 14:00:00,212.38,
WAN004,2023-10-14 14:10:00,212.37,
WAN004,2023-10-14 14:20:00,212.37,
WAN004,2023-10-14 14:30:00,212.37,
WAN004,2023-10-14 14:40:00,212.37,
WAN004,2023-10-14 14:50:00,212.37,
WAN004,2023-10-14 15:00:00,-,
WAN004,2023-10-14 15:10:00,212.37,
WAN004,2023-10-14 15:20:00,212.36,
WAN004,2023-10-14 15:30:00,212.36,
WAN004,2023-10-14 15:40:00,212.37,
WAN004,2023-10-14 15:50:00,212.36,
WAN004,2023-10-14 16:00:00,212.35,
WAN004,2023-10-14 16:10:00,212.34,
WAN004,2023-10-14 16:20:00,212.34,
WAN004,2023-10-14 16:30:00,212.34,
WAN004,2023-10-14 16:40:00,212.34,
WAN004,2023-10-14 16:50:00,212.32,
WAN004,2023-10-14 17:00:00,212.31,
WAN004,2023-10-14 17:10:00,212.31,
WAN004,2023-10-14 17:20:00,212.31,
WAN004,2023-10-14 17:30:00,212.3,
WAN004,2023-10-14 17:40:00,212.3,
WAN004,2023-10-14 17:50:00,212.3,
WAN004,2023-10-14 18:00:00,212.28,
WAN004,2023-10-14 18:10:00,212.28,
WAN004,2023-10-14 18:20:00,212.28,
WAN004,2023-10-14 18:30:00,212.28,
WAN004,2023-10-14 18:40:00,212.28,
WAN004,2023-10-14 18:50:00,212.26,
WAN004,2023-10-14 19:00:00,212.26,
WAN004,2023-10-14 19:10:00,212.25,
WAN004,2023-10-14 19:20:00,212.25,
WAN004,2023-10-14 19:30:00,212.24,
WAN004,2023-10-14 19:40:00,212.24,
WAN004,2023-10-14 19:50:00,212.23,
WAN004,2023-10-14 20:00:00,212.23,
WAN004,2023-10-14 20:10:00,212.22,
WAN004,2023-10-14 20:20:00,212.21,
WAN004,2023-10-14 20:30:00,212.23,
WAN004,2023-10-14 20:40:00,212.22,
WAN004,2023-10-14 20:50:00,212.21,
WAN004,2023-10-14 21:00:00,212.21,
WAN004,2023-10-14 21:10:00,212.21,
WAN004,2023-10-14 21:20:00,212.2,
WAN004,2023-10-14 21:30:00,212.2,
WAN004,2023-10-14 21:40:00,212.2,
WAN004,2023-10-14 21:50:00,212.2,
WAN004,2023-10-14 22:00:00,212.2,
WAN004,2023-10-14 22:10:00,212.19,
WAN004,2023-10-14 22:20:00,212.2,
WAN004,2023-10-14 22:30:00,212.2,
WAN004,2023-10-14 22:40:00,212.2,
WAN004,2023-10-14 22:50:00,212.2,
WAN004,2023-10-14 23:00:00,212.2,
WAN004,2023-10-14 23:10:00,212.22,
WAN004,2023-10-14 23:20:00,212.22,
WAN004,2023-10-14 23:30:00,212.24,
WAN004,2023-10-14 23:40:00,212.26,
WAN004,2023-10-14 23:50:00,212.26,
WAN004,2023-10-15 00:00:00,212.27,
WAN004,2023-10-15 00:10:00,212.28,
WAN004,2023-10-15 00:20:00,212.3,
WAN004,2023-10-15 00:30:00,212.3,
WAN004,2023-10-15 00:40:00,212.33,
WAN004,2023-10-15 00:50:00,212.35,
WAN004,2023-10-15 01:00:00,212.35,
WAN004,2023-10-15 01:10:00,212.36,
WAN004,2023-10-15 01:20:00,212.38,
WAN004,2023-10-15 01:30:00,212.39,
WAN004,2023-10-15 01:40:00,212.41,
WAN004,2023-10-15 01:50:00,212.42,
WAN004,2023-10-15 02:00:00,212.44,
WAN004,2023-10-15 02:10:00,212.45,
WAN004,2023-10-15 02:20:00,212.46,
WAN004,2023-10-15 02:30:00,212.48,
WAN004,2023-10-15 02:40:00,212.49,
WAN004,2023-10-15 02:50:00,212.5,
WAN004,2023-10-15 03:00:00,212.51,
WAN004,2023-10-15 03:10:00,212.53,
WAN004,2023-10-15 03:20:00,212.54,
WAN004,2023-10-15 03:30:00,212.55,
WAN004,2023-10-15 03:40:00,212.56,
WAN004,2023-10-15 03:50:00,212.57,
WAN004,2023-10-15 04:00:00,212.58,
WAN004,2023-10-15 04:10:00,212.59,
WAN004,2023-10-15 04:20:00,212.58,
WAN004,2023-10-15 04:30:00,212.6,
WAN004,2023-10-15 04:40:00,212.62,
WAN004,2023-10-15 04:50:00,212.62,
WAN004,2023-10-15 05:00:00,212.63,
WAN004,2023-10-15 05:10:00,212.65,
WAN004,2023-10-15 05:20:00,212.66,
WAN004,2023-10-15 05:30:00,212.65,
WAN004,2023-10-15 05:40:00,212.66,
WAN004,2023-10-15 05:50:00,212.66,
WAN004,2023-10-15 06:00:00,212.67,
WAN004,2023-10-15 06:10:00,212.69,
WAN004,2023-10-15 06:20:00,212.69,
WAN004,2023-10-15 06:30:00,212.71,
WAN004,2023-10-15 06:40:00,212.7,
WAN004,2023-10-15 06:50:00,212.69,
WAN004,2023-10-15 07:00:00,212.7,
WAN004,2023-10-15 07:10:00,212.7,
WAN004,2023-10-15 07:20:00,212.71,
WAN004,2023-10-15 07:30:00,212.71,
WAN004,2023-10-15 07:40:00,212.71,
WAN004,2023-10-15 07:50:00,212.71,
WAN004,2023-10-15 08:00:00,212.72,
WAN004,2023-10-15 08:10:00,212.73,
WAN004,2023-10-15 08:20:00,212.73,
WAN004,2023-10-15 08:30:00,212.74,
WAN004,2023-10-15 08:40:00,212.74,
WAN004,2023-10-15 08:50:00,212.73,
WAN004,2023-10-15 09:00:00,212.75,
WAN004,2023-10-15 09:10:00,212.74,
WAN004,2023-10-15 09:20:00,212.74,
WAN004,2023-10-15 09:30:00,212.75,
WAN004,2023-10-15 09:40:00,212.75,
WAN004,2023-10-15 09:50:00,212.74,
WAN004,2023-10-15 10:00:00,212.75,
WAN004,2023-10-15 10:10:00,212.74,
WAN004,2023-10-15 10:20:00,212.76,
WAN004,2023-10-15 10:30:00,212.76,
WAN004,2023-10-15 10:40:00,212.75,
WAN004,2023-10-15 10:50:00,212.76,
WAN004,2023-10-15 11:00:00,212.76,
WAN004,2023-10-15 11:10:00,212.77,
WAN004,2023-10-15 11:20:00,212.78,
WAN004,2023-10-15 11:30:00,212.77,
WAN004,2023-10-15 11:40:00,212.77,
WAN004,2023-10-15 11:50:00,212.78,
WAN004,2023-10-15 12:00:00,212.78,
WAN004,2023-10-15 12:10:00,212.78,
WAN004,2023-10-15 12:20:00,212.78,
WAN004,2023-10-15 12:30:00,212.79,
WAN004,2023-10-15 12:40:00,212.79,
WAN004,2023-10-15 12:50:00,212.8,
WAN004,2023-10-15 13:00:00,212.79,
WAN004,2023-10-15 13:10:00,212.79,
WAN004,2023-10-15 13:20:00,212.79,
WAN004,2023-10-15 13:30:00,212.8,
WAN004,2023-10-15 13:40:00,212.8,
WAN004,2023-10-15 13:50:00,212.8,
WAN004,2023-10-15 14:00:00,212.8,
WAN004,2023-10-15 14:10:00,212.8,
WAN004,2023-10-15 14:20:00,212.8,
WAN004,2023-10-15 14:30:00,212.81,
WAN004,2023-10-15 14:40:00,212.8,
WAN004,2023-10-15 14:50:00,212.81,
WAN004,2023-10-15 15:00:00,212.8,
WAN004,2023-10-15 15:10:00,212.81,
WAN004,2023-10-15 15:20:00,212.8,
WAN004,2023-10-15 15:30:00,212.8,
WAN004,2023-10-15 15:40:00,212.81,
WAN004,2023-10-15 15:50:00,212.79,
WAN004,2023-10-15 16:00:00,212.8,
WAN004,2023-10-15 16:10:00,212.8,
WAN004,2023-10-15 16:20:00,212.8,
WAN004,2023-10-15 16:30:00,212.79,
WAN004,2023-10-15 16:40:00,212.79,
WAN004,2023-10-15 16:50:00,212.8,
WAN004,2023-10-15 17:00:00,212.79,
WAN004,2023-10-15 17:10:00,212.78,
WAN004,2023-10-15 17:20:00,212.78,
WAN004,2023-10-15 17:30:00,212.78,
WAN004,2023-10-15 17:40:00,212.78,
WAN004,2023-10-15 17:50:00,212.78,
WAN004,2023-10-15 18:00:00,-,
WAN004,2023-10-15 18:10:00,212.77,
WAN004,2023-10-15 18:20:00,212.77,
WAN004,2023-10-15 18:30:00,212.77,
WAN004,2023-10-15 18:40:00,212.77,
WAN004,2023-10-15 18:50:00,212.76,
WAN004,2023-10-15 19:00:00,212.76,
WAN004,2023-10-15 19:10:00,212.76,
WAN004,2023-10-15 19:20:00,212.75,
WAN004,2023-10-15 19:30:00,212.75,
WAN004,2023-10-15 19:40:00,212.75,
WAN004,2023-10-15 19:50:00,212.75,
WAN004,2023-10-15 20:00:00,212.74,
WAN004,2023-10-15 20:10:00,212.73,
WAN004,2023-10-15 20:20:00,212.73,
WAN004,2023-10-15 20:30:00,212.73,
WAN004,2023-10-15 20:40:00,212.73,
WAN004,2023-10-15 20:50:00,212.72,
WAN004,2023-10-15 21:00:00,212.72,
WAN004,2023-10-15 21:10:00,212.71,
WAN004,2023-10-15 21:20:00,212.7,
WAN004,2023-10-15 21:30:00,212.7,
WAN004,2023-10-15 21:40:00,212.7,
WAN004,2023-10-15 21:50:00,212.7,
WAN004,2023-10-15 22:00:00,212.69,
WAN004,2023-10-15 22:10:00,212.69,
WAN004,2023-10-15 22:20:00,212.68,
WAN004,2023-10-15 22:30:00,212.67,
WAN004,2023-10-15 22:40:00,212.67,
WAN004,2023-10-15 22:50:00,212.66,
WAN004,2023-10-15 23:00:00,212.67,
WAN004,2023-10-15 23:10:00,212.66,
WAN004,2023-10-15 23:20:00,212.64,
WAN004,2023-10-15 23:30:00,212.64,
WAN004,2023-10-15 23:40:00,212.65,
WAN004,2023-10-15 23:50:00,212.64,
WAN004,2023-10-16 00:00:00,212.63,
WAN004,2023-10-16 00:10:00,212.62,
WAN004,2023-10-16 00:20:00,212.61,
WAN004,2023-10-16 00:30:00,212.62,
WAN004,2023-10-16 00:40:00,212.6,
WAN004,2023-10-16 00:50:00,212.61,
WAN004,2023-10-16 01:00:00,212.61,
WAN004,2023-10-16 01:10:00,212.6,
WAN004,2023-10-16 01:20:00,212.6,
WAN004,2023-10-16 01:30:00,212.59,
WAN004,2023-10-16 01:40:00,212.58,
WAN004,2023-10-16 01:50:00,212.58,
WAN004,2023-10-16 02:00:00,212.59,
WAN004,2023-10-16 02:10:00,212.58,
WAN004,2023-10-16 02:20:00,212.57,
WAN004,2023-10-16 02:30:00,212.58,
WAN004,2023-10-16 02:40:00,212.56,
WAN004,2023-10-16 02:50:00,212.57,
WAN004,2023-10-16 03:00:00,212.57,
WAN004,2023-10-16 03:10:00,212.56,
WAN004,2023-10-16 03:20:00,212.55,
WAN004,2023-10-16 03:30:00,212.56,
WAN004,2023-10-16 03:40:00,212.56,
WAN004,2023-10-16 03:50:00,212.56,
WAN004,2023-10-16 04:00:00,212.54,
WAN004,2023-10-16 04:10:00,212.55,
WAN004,2023-10-16 04:20:00,212.55,
WAN004,2023-10-16 04:30:00,212.54,
WAN004,2023-10-16 04:40:00,212.54,
WAN004,2023-10-16 04:50:00,212.54,
WAN004,2023-10-16 05:00:00,212.51,
WAN004,2023-10-16 05:10:00,212.53,
WAN004,2023-10-16 05:20:00,212.52,
WAN004,2023-10-16 05:30:00,212.52,
WAN004,2023-10-16 05:40:00,212.52,
WAN004,2023-10-16 05:50:00,212.52,
WAN004,2023-10-16 06:00:00,212.52,
WAN004,2023-10-16 06:10:00,212.52,
WAN004,2023-10-16 06:20:00,212.51,
WAN004,2023-10-16 06:30:00,212.51,
WAN004,2023-10-16 06:40:00,212.51,
WAN004,2023-10-16 06:50:00,212.51,
WAN004,2023-10-16 07:00:00,212.5,
WAN004,2023-10-16 07:10:00,212.5,
WAN004,2023-10-16 07:20:00,212.5,
WAN004,2023-10-16 07:30:00,212.5,
WAN004,2023-10-16 07:40:00,212.5,
WAN004,2023-10-16 07:50:00,212.49,
WAN004,2023-10-16 08:00:00,212.48,
WAN004,2023-10-16 08:10:00,212.49,
WAN004,2023-10-16 08:20:00,212.48,
WAN004,2023-10-16 08:30:00,212.48,
WAN004,2023-10-16 08:40:00,212.48,
WAN004,2023-10-16 08:50:00,212.47,
WAN004,2023-10-16 09:00:00,212.48,
WAN004,2023-10-16 09:10:00,212.46,
WAN004,2023-10-16 09:20:00,212.47,
WAN004,2023-10-16 09:30:00,212.47,
WAN004,2023-10-16 09:40:00,212.46,
WAN004,2023-10-16 09:50:00,212.46,
WAN004,2023-10-16 10:00:00,212.47,
WAN004,2023-10-16 10:10:00,212.47,
WAN004,2023-10-16 10:20:00,212.46,
WAN004,2023-10-16 10:30:00,212.45,
WAN004,2023-10-16 10:40:00,212.45,
WAN004,2023-10-16 10:50:00,212.45,
WAN004,2023-10-16 11:00:00,212.46,
WAN004,2023-10-16 11:10:00,212.46,
WAN004,2023-10-16 11:20:00,212.46,
WAN004,2023-10-16 11:30:00,212.46,
WAN004,2023-10-16 11:40:00,212.46,
WAN004,2023-10-16 11:50:00,212.45,
WAN004,2023-10-16 12:00:00,212.46,
WAN004,2023-10-16 12:10:00,212.45,
WAN004,2023-10-16 12:20:00,212.46,
WAN004,2023-10-16 12:30:00,212.45,
WAN004,2023-10-16 12:40:00,212.46,
WAN004,2023-10-16 12:50:00,212.45,
WAN004,2023-10-16 13:00:00,212.45,
WAN004,2023-10-16 13:10:00,212.45,
WAN004,2023-10-16 13:20:00,212.45,
WAN004,2023-10-16 13:30:00,212.45,
WAN004,2023-10-16 13:40:00,212.45,
WAN004,2023-10-16 13:50:00,212.45,
WAN004,2023-10-16 14:00:00,212.46,
WAN004,2023-10-16 14:10:00,212.46,
WAN004,2023-10-16 14:20:00,212.45,
WAN004,2023-10-16 14:30:00,212.47,
WAN004,2023-10-16 14:40:00,212.47,
WAN004,2023-10-16 14:50:00,212.47,
WAN004,2023-10-16 15:00:00,212.48,
WAN004,2023-10-16 15:10:00,212.47,
WAN004,2023-10-16 15:20:00,212.48,
WAN004,2023-10-16 15:30:00,212.48,
WAN004,2023-10-16 15:40:00,212.5,
WAN004,2023-10-16 15:50:00,212.51,
WAN004,2023-10-16 16:00:00,212.5,
WAN004,2023-10-16 16:10:00,212.51,
WAN004,2023-10-16 16:20:00,212.53,
WAN004,2023-10-16 16:30:00,212.54,
WAN004,2023-10-16 16:40:00,212.54,
WAN004,2023-10-16 16:50:00,212.56,
WAN004,2023-10-16 17:00:00,212.57,
WAN004,2023-10-16 17:10:00,212.58,
WAN004,2023-10-16 17:20:00,212.59,
WAN004,2023-10-16 17:30:00,212.6,
WAN004,2023-10-16 17:40:00,212.61,
WAN004,2023-10-16 17:50:00,212.63,
WAN004,2023-10-16 18:00:00,212.64,
WAN004,2023-10-16 18:10:00,212.66,
WAN004,2023-10-16 18:20:00,212.68,
WAN004,2023-10-16 18:30:00,212.69,
WAN004,2023-10-16 18:40:00,212.71,
WAN004,2023-10-16 18:50:00,212.73,
WAN004,2023-10-16 19:00:00,212.74,
WAN004,2023-10-16 19:10:00,212.76,
WAN004,2023-10-16 19:20:00,212.78,
WAN004,2023-10-16 19:30:00,212.8,
WAN004,2023-10-16 19:40:00,212.82,
WAN004,2023-10-16 19:50:00,212.84,
WAN004,2023-10-16 20:00:00,212.85,
WAN004,2023-10-16 20:10:00,212.88,
WAN004,2023-10-16 20:20:00,212.89,
WAN004,2023-10-16 20:30:00,212.93,
WAN004,2023-10-16 20:40:00,212.93,
WAN004,2023-10-16 20:50:00,212.96,
WAN004,2023-10-16 21:00:00,213,
WAN004,2023-10-16 21:10:00,213.01,
WAN004,2023-10-16 21:20:00,213.03,
WAN004,2023-10-16 21:30:00,213.05,
WAN004,2023-10-16 21:40:00,213.07,
WAN004,2023-10-16 21:50:00,213.08,
WAN004,2023-10-16 22:00:00,213.12,
WAN004,2023-10-16 22:10:00,213.14,
WAN004,2023-10-16 22:20:00,213.16,
WAN004,2023-10-16 22:30:00,213.18,
WAN004,2023-10-16 22:40:00,213.19,
WAN004,2023-10-16 22:50:00,213.2,
WAN004,2023-10-16 23:00:00,213.24,
WAN004,2023-10-16 23:10:00,213.26,
WAN004,2023-10-16 23:20:00,213.28,
WAN004,2023-10-16 23:30:00,213.3,
WAN004,2023-10-16 23:40:00,213.31,
WAN004,2023-10-16 23:50:00,213.34,
WAN004,2023-10-17 00:00:00,213.35,
WAN004,2023-10-17 00:10:00,213.37,
WAN004,2023-10-17 00:20:00,213.38,
WAN004,2023-10-17 00:30:00,213.4,
WAN004,2023-10-17 00:40:00,213.43,
WAN004,2023-10-17 00:50:00,213.45,
WAN004,2023-10-17 01:00:00,213.46,
WAN004,2023-10-17 01:10:00,213.47,
WAN004,2023-10-17 01:20:00,213.49,
WAN004,2023-10-17 01:30:00,213.5,
WAN004,2023-10-17 01:40:00,213.53,
WAN004,2023-10-17 01:50:00,213.53,
WAN004,2023-10-17 02:00:00,213.55,
WAN004,2023-10-17 02:10:00,213.57,
WAN004,2023-10-17 02:20:00,213.58,
WAN004,2023-10-17 02:30:00,213.59,
WAN004,2023-10-17 02:40:00,213.6,
WAN004,2023-10-17 02:50:00,213.62,
WAN004,2023-10-17 03:00:00,213.62,
WAN004,2023-10-17 03:10:00,213.63,
WAN004,2023-10-17 03:20:00,213.64,
WAN004,2023-10-17 03:30:00,213.64,
WAN004,2023-10-17 03:40:00,213.67,
WAN004,2023-10-17 03:50:00,213.67,
WAN004,2023-10-17 04:00:00,213.68,
WAN004,2023-10-17 04:10:00,213.69,
WAN004,2023-10-17 04:20:00,213.68,
WAN004,2023-10-17 04:30:00,213.69,
WAN004,2023-10-17 04:40:00,213.7,
WAN004,2023-10-17 04:50:00,213.69,
WAN004,2023-10-17 05:00:00,213.71,
WAN004,2023-10-17 05:10:00,213.71,
WAN004,2023-10-17 05:20:00,213.72,
WAN004,2023-10-17 05:30:00,213.72,
WAN004,2023-10-17 05:40:00,213.72,
WAN004,2023-10-17 05:50:00,213.72,
WAN004,2023-10-17 06:00:00,213.73,
WAN004,2023-10-17 06:10:00,213.7,
WAN004,2023-10-17 06:20:00,213.71,
WAN004,2023-10-17 06:30:00,213.72,
WAN004,2023-10-17 06:40:00,213.73,
WAN004,2023-10-17 06:50:00,213.72,
WAN004,2023-10-17 07:00:00,213.71,
WAN004,2023-10-17 07:10:00,213.71,
WAN004,2023-10-17 07:20:00,213.7,
WAN004,2023-10-17 07:30:00,213.7,
WAN004,2023-10-17 07:40:00,213.7,
WAN004,2023-10-17 07:50:00,213.7,
WAN004,2023-10-17 08:00:00,213.68,
WAN004,2023-10-17 08:10:00,213.68,
WAN004,2023-10-17 08:20:00,213.68,
WAN004,2023-10-17 08:30:00,213.67,
WAN004,2023-10-17 08:40:00,213.66,
WAN004,2023-10-17 08:50:00,213.66,
WAN004,2023-10-17 09:00:00,213.63,
WAN004,2023-10-17 09:10:00,213.63,
WAN004,2023-10-17 09:20:00,213.63,
WAN004,2023-10-17 09:30:00,213.61,
WAN004,2023-10-17 09:40:00,213.61,
WAN004,2023-10-17 09:50:00,213.6,
WAN004,2023-10-17 10:00:00,213.59,
WAN004,2023-10-17 10:10:00,213.57,
WAN004,2023-10-17 10:20:00,213.56,
WAN004,2023-10-17 10:30:00,213.56,
WAN004,2023-10-17 10:40:00,213.55,
WAN004,2023-10-17 10:50:00,213.55,
WAN004,2023-10-17 11:00:00,213.53,
WAN004,2023-10-17 11:10:00,213.51,
WAN004,2023-10-17 11:20:00,213.49,
WAN004,2023-10-17 11:30:00,213.49,
WAN004,2023-10-17 11:40:00,213.48,
WAN004,2023-10-17 11:50:00,213.47,
WAN004,2023-10-17 12:00:00,213.45,
WAN004,2023-10-17 12:10:00,213.45,
WAN004,2023-10-17 12:20:00,213.42,
WAN004,2023-10-17 12:30:00,213.4,
WAN004,2023-10-17 12:40:00,213.4,
WAN004,2023-10-17 12:50:00,213.38,
WAN004,2023-10-17 13:00:00,213.37,
WAN004,2023-10-17 13:10:00,213.36,
WAN004,2023-10-17 13:20:00,213.34,
WAN004,2023-10-17 13:30:00,213.33,
WAN004,2023-10-17 13:40:00,213.31,
WAN004,2023-10-17 13:50:00,213.31,
WAN004,2023-10-17 14:00:00,213.29,
WAN004,2023-10-17 14:10:00,213.27,
WAN004,2023-10-17 14:20:00,213.27,
WAN004,2023-10-17 14:30:00,213.26,
WAN004,2023-10-17 14:40:00,213.25,
WAN004,2023-10-17 14:50:00,213.23,
WAN004,2023-10-17 15:00:00,213.23,
WAN004,2023-10-17 15:10:00,213.21,
WAN004,2023-10-17 15:20:00,213.2,
WAN004,2023-10-17 15:30:00,213.19,
WAN004,2023-10-17 15:40:00,213.17,
WAN004,2023-10-17 15:50:00,213.16,
WAN004,2023-10-17 16:00:00,213.15,
WAN004,2023-10-17 16:10:00,213.14,
WAN004,2023-10-17 16:20:00,213.13,
WAN004,2023-10-17 16:30:00,213.12,
WAN004,2023-10-17 16:40:00,213.09,
WAN004,2023-10-17 16:50:00,213.1,
WAN004,2023-10-17 17:00:00,213.08,
WAN004,2023-10-17 17:10:00,213.08,
WAN004,2023-10-17 17:20:00,213.06,
WAN004,2023-10-17 17:30:00,213.05,
WAN004,2023-10-17 17:40:00,213.04,
WAN004,2023-10-17 17:50:00,213.03,
WAN004,2023-10-17 18:00:00,213.02,
WAN004,2023-10-17 18:10:00,213.01,
WAN004,2023-10-17 18:20:00,213.01,
WAN004,2023-10-17 18:30:00,212.99,
WAN004,2023-10-17 18:40:00,212.98,
WAN004,2023-10-17 18:50:00,212.98,
WAN004,2023-10-17 19:00:00,212.97,
WAN004,2023-10-17 19:10:00,212.95,
WAN004,2023-10-17 19:20:00,212.94,
WAN004,2023-10-17 19:30:00,212.93,
WAN004,2023-10-17 19:40:00,212.93,
WAN004,2023-10-17 19:50:00,212.92,
WAN004,2023-10-17 20:00:00,212.91,
WAN004,2023-10-17 20:10:00,212.89,
WAN004,2023-10-17 20:20:00,212.88,
WAN004,2023-10-17 20:30:00,212.87,
WAN004,2023-10-17 20:40:00,212.86,
WAN004,2023-10-17 20:50:00,212.85,
WAN004,2023-10-17 21:00:00,212.84,
WAN004,2023-10-17 21:10:00,212.83,
WAN004,2023-10-17 21:20:00,212.82,
WAN004,2023-10-17 21:30:00,212.81,
WAN004,2023-10-17 21:40:00,212.79,
WAN004,2023-10-17 21:50:00,212.78,
WAN004,2023-10-17 22:00:00,212.78,
WAN004,2023-10-17 22:10:00,212.76,
WAN004,2023-10-17 22:20:00,212.75,
WAN004,2023-10-17 22:30:00,212.75,
WAN004,2023-10-17 22:40:00,212.73,
WAN004,2023-10-17 22:50:00,212.73,
WAN004,2023-10-17 23:00:00,212.71,
WAN004,2023-10-17 23:10:00,212.7,
WAN004,2023-10-17 23:20:00,212.69,
WAN004,2023-10-17 23:30:00,212.68,
WAN004,2023-10-17 23:40:00,212.67,
WAN004,2023-10-17 23:50:00,212.66,
WAN004,2023-10-18 00:00:00,212.65,
WAN004,2023-10-18 00:10:00,212.63,
WAN004,2023-10-18 00:20:00,212.63,
WAN004,2023-10-18 00:30:00,212.62,
WAN004,2023-10-18 00:40:00,212.61,
WAN004,2023-10-18 00:50:00,212.59,
WAN004,2023-10-18 01:00:00,212.59,
WAN004,2023-10-18 01:10:00,212.58,
WAN004,2023-10-18 01:20:00,212.57,
WAN004,2023-10-18 01:30:00,212.56,
WAN004,2023-10-18 01:40:00,212.55,
WAN004,2023-10-18 01:50:00,212.54,
WAN004,2023-10-18 02:00:00,212.53,
WAN004,2023-10-18 02:10:00,212.52,
WAN004,2023-10-18 02:20:00,212.52,
WAN004,2023-10-18 02:30:00,212.51,
WAN004,2023-10-18 02:40:00,212.5,
WAN004,2023-10-18 02:50:00,212.49,
WAN004,2023-10-18 03:00:00,212.49,
WAN004,2023-10-18 03:10:00,212.48,
WAN004,2023-10-18 03:20:00,212.47,
WAN004,2023-10-18 03:30:00,212.46,
WAN004,2023-10-18 03:40:00,212.45,
WAN004,2023-10-18 03:50:00,212.45,
WAN004,2023-10-18 04:00:00,212.44,
WAN004,2023-10-18 04:10:00,212.43,
WAN004,2023-10-18 04:20:00,212.43,
WAN004,2023-10-18 04:30:00,212.42,
WAN004,2023-10-18 04:40:00,212.41,
WAN004,2023-10-18 04:50:00,212.41,
WAN004,2023-10-18 05:00:00,212.39,
WAN004,2023-10-18 05:10:00,212.39,
WAN004,2023-10-18 05:20:00,212.38,
WAN004,2023-10-18 05:30:00,212.37,
WAN004,2023-10-18 05:40:00,212.37,
WAN004,2023-10-18 05:50:00,212.36,
WAN004,2023-10-18 06:00:00,212.36,
WAN004,2023-10-18 06:10:00,212.36,
WAN004,2023-10-18 06:20:00,212.34,
WAN004,2023-10-18 06:30:00,212.34,
WAN004,2023-10-18 06:40:00,212.33,
WAN004,2023-10-18 06:50:00,212.33,
WAN004,2023-10-18 07:00:00,212.32,
WAN004,2023-10-18 07:10:00,212.32,
WAN004,2023-10-18 07:20:00,212.31,
WAN004,2023-10-18 07:30:00,212.3,
WAN004,2023-10-18 07:40:00,212.29,
WAN004,2023-10-18 07:50:00,212.29,
WAN004,2023-10-18 08:00:00,212.29,
WAN004,2023-10-18 08:10:00,212.28,
WAN004,2023-10-18 08:20:00,212.28,
WAN004,2023-10-18 08:30:00,212.27,
WAN004,2023-10-18 08:40:00,212.26,
WAN004,2023-10-18 08:50:00,212.27,
WAN004,2023-10-18 09:00:00,212.26,
WAN004,2023-10-18 09:10:00,212.25,
WAN004,2023-10-18 09:20:00,212.24,
WAN004,2023-10-18 09:30:00,212.24,
WAN004,2023-10-18 09:40:00,212.24,
WAN004,2023-10-18 09:50:00,212.23,
WAN004,2023-10-18 10:00:00,212.23,
WAN004,2023-10-18 10:10:00,212.22,
WAN004,2023-10-18 10:20:00,212.21,
WAN004,2023-10-18 10:30:00,212.21,
WAN004,2023-10-18 10:40:00,212.21,
WAN004,2023-10-18 10:50:00,212.2,
WAN004,2023-10-18 11:00:00,212.19,
WAN004,2023-10-18 11:10:00,212.2,
WAN004,2023-10-18 11:20:00,212.19,
WAN004,2023-10-18 11:30:00,212.19,
WAN004,2023-10-18 11:40:00,212.17,
WAN004,2023-10-18 11:50:00,212.17,
WAN004,2023-10-18 12:00:00,212.18,
WAN004,2023-10-18 12:10:00,212.17,
WAN004,2023-10-18 12:20:00,212.17,
WAN004,2023-10-18 12:30:00,212.16,
WAN004,2023-10-18 12:40:00,212.15,
WAN004,2023-10-18 12:50:00,212.15,
WAN004,2023-10-18 13:00:00,212.14,
WAN004,2023-10-18 13:10:00,212.14,
WAN004,2023-10-18 13:20:00,212.14,
WAN004,2023-10-18 13:30:00,212.13,
WAN004,2023-10-18 13:40:00,212.13,
WAN004,2023-10-18 13:50:00,212.12,
WAN004,2023-10-18 14:00:00,212.13,
WAN004,2023-10-18 14:10:00,212.12,
WAN004,2023-10-18 14:20:00,212.12,
WAN004,2023-10-18 14:30:00,212.11,
WAN004,2023-10-18 14:40:00,212.1,
WAN004,2023-10-18 14:50:00,212.08,
WAN004,2023-10-18 15:00:00,212.1,
WAN004,2023-10-18 15:10:00,212.09,
WAN004,2023-10-18 15:20:00,212.09,
WAN004,2023-10-18 15:30:00,212.08,
WAN004,2023-10-18 15:40:00,212.07,
WAN004,2023-10-18 15:50:00,212.08,
WAN004,2023-10-18 16:00:00,212.07,
WAN004,2023-10-18 16:10:00,212.06,
WAN004,2023-10-18 16:20:00,212.05,
WAN004,2023-10-18 16:30:00,212.05,
WAN004,2023-10-18 16:40:00,212.05,
WAN004,2023-10-18 16:50:00,212.05,
WAN004,2023-10-18 17:00:00,212.05,
WAN004,2023-10-18 17:10:00,212.03,
WAN004,2023-10-18 17:20:00,212.03,
WAN004,2023-10-18 17:30:00,212.03,
WAN004,2023-10-18 17:40:00,212.03,
WAN004,2023-10-18 17:50:00,212.02,
WAN004,2023-10-18 18:00:00,212.01,
WAN004,2023-10-18 18:10:00,212.01,
WAN004,2023-10-18 18:20:00,212.02,
WAN004,2023-10-18 18:30:00,212.01,
WAN004,2023-10-18 18:40:00,212.01,
WAN004,2023-10-18 18:50:00,212,
WAN004,2023-10-18 19:00:00,212,
WAN004,2023-10-18 19:10:00,212,
WAN004,2023-10-18 19:20:00,211.99,
WAN004,2023-10-18 19:30:00,211.99,
WAN004,2023-10-18 19:40:00,211.99,
WAN004,2023-10-18 19:50:00,211.98,
WAN004,2023-10-18 20:00:00,211.98,
WAN004,2023-10-18 20:10:00,211.98,
WAN004,2023-10-18 20:20:00,211.97,
WAN004,2023-10-18 20:30:00,211.97,
WAN004,2023-10-18 20:40:00,211.97,
WAN004,2023-10-18 20:50:00,211.95,
WAN004,2023-10-18 21:00:00,211.96,
WAN004,2023-10-18 21:10:00,211.95,
WAN004,2023-10-18 21:20:00,211.95,
WAN004,2023-10-18 21:30:00,211.94,
WAN004,2023-10-18 21:40:00,211.94,
WAN004,2023-10-18 21:50:00,211.94,
WAN004,2023-10-18 22:00:00,211.94,
WAN004,2023-10-18 22:10:00,211.93,
WAN004,2023-10-18 22:20:00,211.92,
WAN004,2023-10-18 22:30:00,211.92,
WAN004,2023-10-18 22:40:00,211.92,
WAN004,2023-10-18 22:50:00,211.91,
WAN004,2023-10-18 23:00:00,211.9,
WAN004,2023-10-18 23:10:00,211.9,
WAN004,2023-10-18 23:20:00,211.89,
WAN004,2023-10-18 23:30:00,211.89,
WAN004,2023-10-18 23:40:00,211.88,
WAN004,2023-10-18 23:50:00,211.89,
WAN004,2023-10-19 00:00:00,211.88,
WAN004,2023-10-19 00:10:00,211.87,
WAN004,2023-10-19 00:20:00,211.87,
WAN004,2023-10-19 00:30:00,211.86,
WAN004,2023-10-19 00:40:00,211.85,
WAN004,2023-10-19 00:50:00,211.85,
WAN004,2023-10-19 01:00:00,211.85,
WAN004,2023-10-19 01:10:00,211.84,
WAN004,2023-10-19 01:20:00,211.84,
WAN004,2023-10-19 01:30:00,211.83,
WAN004,2023-10-19 01:40:00,211.83,
WAN004,2023-10-19 01:50:00,211.82,
WAN004,2023-10-19 02:00:00,211.83,
WAN004,2023-10-19 02:10:00,211.81,
WAN004,2023-10-19 02:20:00,211.81,
WAN004,2023-10-19 02:30:00,211.81,
WAN004,2023-10-19 02:40:00,211.8,
WAN004,2023-10-19 02:50:00,211.79,
WAN004,2023-10-19 03:00:00,211.79,
WAN004,2023-10-19 03:10:00,211.79,
WAN004,2023-10-19 03:20:00,211.79,
WAN004,2023-10-19 03:30:00,211.78,
WAN004,2023-10-19 03:40:00,211.77,
WAN004,2023-10-19 03:50:00,211.77,
WAN004,2023-10-19 04:00:00,211.76,
WAN004,2023-10-19 04:10:00,211.76,
WAN004,2023-10-19 04:20:00,211.76,
WAN004,2023-10-19 04:30:00,211.75,
WAN004,2023-10-19 04:40:00,211.75,
WAN004,2023-10-19 04:50:00,211.74,
WAN004,2023-10-19 05:00:00,211.75,
WAN004,2023-10-19 05:10:00,211.73,
WAN004,2023-10-19 05:20:00,211.73,
WAN004,2023-10-19 05:30:00,211.72,
WAN004,2023-10-19 05:40:00,211.72,
WAN004,2023-10-19 05:50:00,211.71,
WAN004,2023-10-19 06:00:00,211.71,
WAN004,2023-10-19 06:10:00,211.7,
WAN004,2023-10-19 06:20:00,211.69,
WAN004,2023-10-19 06:30:00,211.69,
WAN004,2023-10-19 06:40:00,211.69,
WAN004,2023-10-19 06:50:00,211.68,
WAN004,2023-10-19 07:00:00,211.66,
WAN004,2023-10-19 07:10:00,211.67,
WAN004,2023-10-19 07:20:00,211.66,
WAN004,2023-10-19 07:30:00,211.66,
WAN004,2023-10-19 07:40:00,211.65,
WAN004,2023-10-19 07:50:00,211.65,
WAN004,2023-10-19 08:00:00,211.64,
WAN004,2023-10-19 08:10:00,211.63,
WAN004,2023-10-19 08:20:00,211.62,
WAN004,2023-10-19 08:30:00,211.62,
WAN004,2023-10-19 08:40:00,211.61,
WAN004,2023-10-19 08:50:00,211.61,
WAN004,2023-10-19 09:00:00,211.6,
WAN004,2023-10-19 09:10:00,211.6,
WAN004,2023-10-19 09:20:00,211.6,
WAN004,2023-10-19 09:30:00,211.58,
WAN004,2023-10-19 09:40:00,211.58,
WAN004,2023-10-19 09:50:00,211.58,
WAN004,2023-10-19 10:00:00,211.57,
WAN004,2023-10-19 10:10:00,211.56,
WAN004,2023-10-19 10:20:00,211.56,
WAN004,2023-10-19 10:30:00,211.56,
WAN004,2023-10-19 10:40:00,211.55,
WAN004,2023-10-19 10:50:00,211.54,
WAN004,2023-10-19 11:00:00,211.54,
WAN004,2023-10-19 11:10:00,211.53,
WAN004,2023-10-19 11:20:00,211.53,
WAN004,2023-10-19 11:30:00,211.52,
WAN004,2023-10-19 11:40:00,211.51,
WAN004,2023-10-19 11:50:00,211.51,
WAN004,2023-10-19 12:00:00,211.5,
WAN004,2023-10-19 12:10:00,211.5,
WAN004,2023-10-19 12:20:00,211.5,
WAN004,2023-10-19 12:30:00,211.49,
WAN004,2023-10-19 12:40:00,211.48,
WAN004,2023-10-19 12:50:00,211.48,
WAN004,2023-10-19 13:00:00,211.47,
WAN004,2023-10-19 13:10:00,211.47,
WAN004,2023-10-19 13:20:00,211.47,
WAN004,2023-10-19 13:30:00,211.46,
WAN004,2023-10-19 13:40:00,211.46,
WAN004,2023-10-19 13:50:00,211.46,
WAN004,2023-10-19 14:00:00,211.45,
WAN004,2023-10-19 14:10:00,211.45,
WAN004,2023-10-19 14:20:00,211.45,
WAN004,2023-10-19 14:30:00,211.44,
WAN004,2023-10-19 14:40:00,211.44,
WAN004,2023-10-19 14:50:00,211.43,
WAN004,2023-10-19 15:00:00,-,
WAN004,2023-10-19 15:10:00,211.43,
WAN004,2023-10-19 15:20:00,211.42,
WAN004,2023-10-19 15:30:00,211.42,
WAN004,2023-10-19 15:40:00,211.41,
WAN004,2023-10-19 15:50:00,211.41,
WAN004,2023-10-19 16:00:00,211.4,
WAN004,2023-10-19 16:10:00,211.4,
WAN004,2023-10-19 16:20:00,211.39,
WAN004,2023-10-19 16:30:00,211.39,
WAN004,2023-10-19 16:40:00,211.39,
WAN004,2023-10-19 16:50:00,211.39,
WAN004,2023-10-19 17:00:00,211.39,
WAN004,2023-10-19 17:10:00,211.39,
WAN004,2023-10-19 17:20:00,211.39,
WAN004,2023-10-19 17:30:00,211.39,
WAN004,2023-10-19 17:40:00,211.38,
WAN004,2023-10-19 17:50:00,211.38,
WAN004,2023-10-19 18:00:00,211.37,
WAN004,2023-10-19 18:10:00,211.37,
WAN004,2023-10-19 18:20:00,211.36,
WAN004,2023-10-19 18:30:00,211.36,
WAN004,2023-10-19 18:40:00,211.36,
WAN004,2023-10-19 18:50:00,211.35,
WAN004,2023-10-19 19:00:00,211.35,
WAN004,2023-10-19 19:10:00,211.34,
WAN004,2023-10-19 19:20:00,211.35,
WAN004,2023-10-19 19:30:00,211.34,
WAN004,2023-10-19 19:40:00,211.34,
WAN004,2023-10-19 19:50:00,211.34,
WAN004,2023-10-19 20:00:00,211.33,
WAN004,2023-10-19 20:10:00,211.33,
WAN004,2023-10-19 20:20:00,211.32,
WAN004,2023-10-19 20:30:00,211.33,
WAN004,2023-10-19 20:40:00,211.32,
WAN004,2023-10-19 20:50:00,211.32,
WAN004,2023-10-19 21:00:00,211.32,
WAN004,2023-10-19 21:10:00,211.31,
WAN004,2023-10-19 21:20:00,211.31,
WAN004,2023-10-19 21:30:00,211.31,
WAN004,2023-10-19 21:40:00,211.31,
WAN004,2023-10-19 21:50:00,211.31,
WAN004,2023-10-19 22:00:00,211.29,
WAN004,2023-10-19 22:10:00,211.3,
WAN004,2023-10-19 22:20:00,211.29,
WAN004,2023-10-19 22:30:00,211.29,
WAN004,2023-10-19 22:40:00,211.29,
WAN004,2023-10-19 22:50:00,211.29,
WAN004,2023-10-19 23:00:00,211.28,
WAN004,2023-10-19 23:10:00,211.28,
WAN004,2023-10-19 23:20:00,211.28,
WAN004,2023-10-19 23:30:00,211.28,
WAN004,2023-10-19 23:40:00,211.27,
WAN004,2023-10-19 23:50:00,211.28,
WAN004,2023-10-20 00:00:00,211.26,
WAN004,2023-10-20 00:10:00,211.26,
WAN004,2023-10-20 00:20:00,211.26,
WAN004,2023-10-20 00:30:00,211.25,
WAN004,2023-10-20 00:40:00,211.25,
WAN004,2023-10-20 00:50:00,211.25,
WAN004,2023-10-20 01:00:00,211.25,
WAN004,2023-10-20 01:10:00,211.25,
WAN004,2023-10-20 01:20:00,211.24,
WAN004,2023-10-20 01:30:00,211.23,
WAN004,2023-10-20 01:40:00,211.23,
WAN004,2023-10-20 01:50:00,211.23,
WAN004,2023-10-20 02:00:00,211.23,
WAN004,2023-10-20 02:10:00,211.23,
WAN004,2023-10-20 02:20:00,211.22,
WAN004,2023-10-20 02:30:00,211.22,
WAN004,2023-10-20 02:40:00,211.22,
WAN004,2023-10-20 02:50:00,211.22,
WAN004,2023-10-20 03:00:00,211.21,
WAN004,2023-10-20 03:10:00,211.21,
WAN004,2023-10-20 03:20:00,211.21,
WAN004,2023-10-20 03:30:00,211.2,
WAN004,2023-10-20 03:40:00,211.2,
WAN004,2023-10-20 03:50:00,211.2,
WAN004,2023-10-20 04:00:00,211.19,
WAN004,2023-10-20 04:10:00,211.18,
WAN004,2023-10-20 04:20:00,211.19,
WAN004,2023-10-20 04:30:00,211.19,
WAN004,2023-10-20 04:40:00,211.18,
WAN004,2023-10-20 04:50:00,211.17,
WAN004,2023-10-20 05:00:00,211.17,
WAN004,2023-10-20 05:10:00,211.16,
WAN004,2023-10-20 05:20:00,211.16,
WAN004,2023-10-20 05:30:00,211.16,
WAN004,2023-10-20 05:40:00,211.16,
WAN004,2023-10-20 05:50:00,211.16,
WAN004,2023-10-20 06:00:00,211.15,
WAN004,2023-10-20 06:10:00,211.15,
WAN004,2023-10-20 06:20:00,211.14,
WAN004,2023-10-20 06:30:00,211.14,
WAN004,2023-10-20 06:40:00,211.14,
WAN004,2023-10-20 06:50:00,211.13,
WAN004,2023-10-20 07:00:00,211.13,
WAN004,2023-10-20 07:10:00,211.13,
WAN004,2023-10-20 07:20:00,211.12,
WAN004,2023-10-20 07:30:00,211.12,
WAN004,2023-10-20 07:40:00,211.11,
WAN004,2023-10-20 07:50:00,211.11,
WAN004,2023-10-20 08:00:00,211.1,
WAN004,2023-10-20 08:10:00,211.1,
WAN004,2023-10-20 08:20:00,211.1,
WAN004,2023-10-20 08:30:00,211.09,
WAN004,2023-10-20 08:40:00,211.09,
WAN004,2023-10-20 08:50:00,211.09,
WAN004,2023-10-20 09:00:00,211.08,
WAN004,2023-10-20 09:10:00,211.08,
WAN004,2023-10-20 09:20:00,211.08,
WAN004,2023-10-20 09:30:00,211.07,
WAN004,2023-10-20 09:40:00,211.07,
WAN004,2023-10-20 09:50:00,211.07,
WAN004,2023-10-20 10:00:00,211.06,
WAN004,2023-10-20 10:10:00,211.06,
WAN004,2023-10-20 10:20:00,211.05,
WAN004,2023-10-20 10:30:00,211.05,
WAN004,2023-10-20 10:40:00,211.05,
WAN004,2023-10-20 10:50:00,211.04,
WAN004,2023-10-20 11:00:00,211.03,
WAN004,2023-10-20 11:10:00,211.03,
WAN004,2023-10-20 11:20:00,211.02,
WAN004,2023-10-20 11:30:00,211.02,
WAN004,2023-10-20 11:40:00,211.02,
WAN004,2023-10-20 11:50:00,211.02,
WAN004,2023-10-20 12:00:00,211.01,
WAN004,2023-10-20 12:10:00,211.01,
WAN004,2023-10-20 12:20:00,211,
WAN004,2023-10-20 12:30:00,211.01,
WAN004,2023-10-20 12:40:00,211,
WAN004,2023-10-20 12:50:00,211,
WAN004,2023-10-20 13:00:00,211,
WAN004,2023-10-20 13:10:00,210.99,
WAN004,2023-10-20 13:20:00,210.99,
WAN004,2023-10-20 13:30:00,210.98,
WAN004,2023-10-20 13:40:00,210.98,
WAN004,2023-10-20 13:50:00,210.97,
WAN004,2023-10-20 14:00:00,210.96,
WAN004,2023-10-20 14:10:00,210.96,
WAN004,2023-10-20 14:20:00,210.95,
WAN004,2023-10-20 14:30:00,210.94,
WAN004,2023-10-20 14:40:00,210.94,
WAN004,2023-10-20 14:50:00,210.93,
WAN004,2023-10-20 15:00:00,210.91,
WAN004,2023-10-20 15:10:00,210.91,
WAN004,2023-10-20 15:20:00,210.9,
WAN004,2023-10-20 15:30:00,210.89,
WAN004,2023-10-20 15:40:00,210.88,
WAN004,2023-10-20 15:50:00,210.87,
WAN004,2023-10-20 16:00:00,210.86,
WAN004,2023-10-20 16:10:00,210.86,
WAN004,2023-10-20 16:20:00,210.85,
WAN004,2023-10-20 16:30:00,210.85,
WAN004,2023-10-20 16:40:00,210.84,
WAN004,2023-10-20 16:50:00,210.83,
WAN004,2023-10-20 17:00:00,210.83,
WAN004,2023-10-20 17:10:00,210.82,
WAN004,2023-10-20 17:20:00,210.82,
WAN004,2023-10-20 17:30:00,210.82,
WAN004,2023-10-20 17:40:00,210.81,
WAN004,2023-10-20 17:50:00,210.81,
WAN004,2023-10-20 18:00:00,210.81,
WAN004,2023-10-20 18:10:00,210.81,
WAN004,2023-10-20 18:20:00,210.81,
WAN004,2023-10-20 18:30:00,210.81,
WAN004,2023-10-20 18:40:00,210.81,
WAN004,2023-10-20 18:50:00,210.81,
WAN004,2023-10-20 19:00:00,210.82,
WAN004,2023-10-20 19:10:00,210.82,
WAN004,2023-10-20 19:20:00,210.82,
WAN004,2023-10-20 19:30:00,210.82,
WAN004,2023-10-20 19:40:00,210.82,
WAN004,2023-10-20 19:50:00,210.83,
WAN004,2023-10-20 20:00:00,210.83,
WAN004,2023-10-20 20:10:00,210.83,
WAN004,2023-10-20 20:20:00,210.83,
WAN004,2023-10-20 20:30:00,210.84,
WAN004,2023-10-20 20:40:00,210.85,
WAN004,2023-10-20 20:50:00,210.85,
WAN004,2023-10-20 21:00:00,210.85,
WAN004,2023-10-20 21:10:00,210.85,
WAN004,2023-10-20 21:20:00,210.86,
WAN004,2023-10-20 21:30:00,210.86,
WAN004,2023-10-20 21:40:00,210.87,
WAN004,2023-10-20 21:50:00,210.86,
WAN004,2023-10-20 22:00:00,210.87,
WAN004,2023-10-20 22:10:00,210.87,
WAN004,2023-10-20 22:20:00,210.87,
WAN004,2023-10-20 22:30:00,210.88,
WAN004,2023-10-20 22:40:00,210.88,
WAN004,2023-10-20 22:50:00,210.88,
WAN004,2023-10-20 23:00:00,210.88,
WAN004,2023-10-20 23:10:00,210.89,
WAN004,2023-10-20 23:20:00,210.88,
WAN004,2023-10-20 23:30:00,210.89,
WAN004,2023-10-20 23:40:00,210.89,
WAN004,2023-10-20 23:50:00,210.89,
WAN004,2023-10-21 00:00:00,210.89,
WAN004,2023-10-21 00:10:00,210.89,
WAN004,2023-10-21 00:20:00,210.89,
WAN004,2023-10-21 00:30:00,210.89,
WAN004,2023-10-21 00:40:00,210.89,
WAN004,2023-10-21 00:50:00,210.89,
WAN004,2023-10-21 01:00:00,210.9,
WAN004,2023-10-21 01:10:00,210.9,
WAN004,2023-10-21 01:20:00,210.9,
WAN004,2023-10-21 01:30:00,210.9,
WAN004,2023-10-21 01:40:00,210.9,
WAN004,2023-10-21 01:50:00,210.9,
WAN004,2023-10-21 02:00:00,210.91,
WAN004,2023-10-21 02:10:00,210.91,
WAN004,2023-10-21 02:20:00,210.91,
WAN004,2023-10-21 02:30:00,210.91,
WAN004,2023-10-21 02:40:00,210.91,
WAN004,2023-10-21 02:50:00,210.91,
WAN004,2023-10-21 03:00:00,210.92,
WAN004,2023-10-21 03:10:00,210.92,
WAN004,2023-10-21 03:20:00,210.92,
WAN004,2023-10-21 03:30:00,210.92,
WAN004,2023-10-21 03:40:00,210.93,
WAN004,2023-10-21 03:50:00,210.93,
WAN004,2023-10-21 04:00:00,210.92,
WAN004,2023-10-21 04:10:00,210.93,
WAN004,2023-10-21 04:20:00,210.93,
WAN004,2023-10-21 04:30:00,210.93,
WAN004,2023-10-21 04:40:00,210.93,
WAN004,2023-10-21 04:50:00,210.93,
WAN004,2023-10-21 05:00:00,210.93,
WAN004,2023-10-21 05:10:00,210.93,
WAN004,2023-10-21 05:20:00,210.93,
WAN004,2023-10-21 05:30:00,210.93,
WAN004,2023-10-21 05:40:00,210.93,
WAN004,2023-10-21 05:50:00,210.93,
WAN004,2023-10-21 06:00:00,210.93,
WAN004,2023-10-21 06:10:00,210.93,
WAN004,2023-10-21 06:20:00,210.93,
WAN004,2023-10-21 06:30:00,210.93,
WAN004,2023-10-21 06:40:00,210.93,
WAN004,2023-10-21 06:50:00,210.93,
WAN004,2023-10-21 07:00:00,210.94,
WAN004,2023-10-21 07:10:00,210.93,
WAN004,2023-10-21 07:20:00,210.93,
WAN004,2023-10-21 07:30:00,210.93,
WAN004,2023-10-21 07:40:00,210.94,
WAN004,2023-10-21 07:50:00,210.94,
WAN004,2023-10-21 08:00:00,210.94,
WAN004,2023-10-21 08:10:00,210.94,
WAN004,2023-10-21 08:20:00,210.94,
WAN004,2023-10-21 08:30:00,210.94,
WAN004,2023-10-21 08:40:00,210.94,
WAN004,2023-10-21 08:50:00,210.94,
WAN004,2023-10-21 09:00:00,210.94,
WAN004,2023-10-21 09:10:00,210.94,
WAN004,2023-10-21 09:20:00,210.94,
WAN004,2023-10-21 09:30:00,210.94,
WAN004,2023-10-21 09:40:00,210.94,
WAN004,2023-10-21 09:50:00,210.94,
WAN004,2023-10-21 10:00:00,210.95,
WAN004,2023-10-21 10:10:00,210.95,
WAN004,2023-10-21 10:20:00,210.95,
WAN004,2023-10-21 10:30:00,210.96,
WAN004,2023-10-21 10:40:00,210.96,
WAN004,2023-10-21 10:50:00,210.95,
WAN004,2023-10-21 11:00:00,210.96,
WAN004,2023-10-21 11:10:00,210.96,
WAN004,2023-10-21 11:20:00,210.96,
WAN004,2023-10-21 11:30:00,210.96,
WAN004,2023-10-21 11:40:00,210.97,
WAN004,2023-10-21 11:50:00,210.97,
WAN004,2023-10-21 12:00:00,210.98,
WAN004,2023-10-21 12:10:00,210.98,
WAN004,2023-10-21 12:20:00,210.98,
WAN004,2023-10-21 12:30:00,210.98,
WAN004,2023-10-21 12:40:00,210.98,
WAN004,2023-10-21 12:50:00,210.99,
WAN004,2023-10-21 13:00:00,211,
WAN004,2023-10-21 13:10:00,211,
WAN004,2023-10-21 13:20:00,211,
WAN004,2023-10-21 13:30:00,211,
WAN004,2023-10-21 13:40:00,211.01,
WAN004,2023-10-21 13:50:00,211.01,
WAN004,2023-10-21 14:00:00,211.02,
WAN004,2023-10-21 14:10:00,211.02,
WAN004,2023-10-21 14:20:00,211.03,
WAN004,2023-10-21 14:30:00,211.03,
WAN004,2023-10-21 14:40:00,211.03,
WAN004,2023-10-21 14:50:00,211.04,
WAN004,2023-10-21 15:00:00,211.05,
WAN004,2023-10-21 15:10:00,211.04,
WAN004,2023-10-21 15:20:00,211.05,
WAN004,2023-10-21 15:30:00,211.05,
WAN004,2023-10-21 15:40:00,211.06,
WAN004,2023-10-21 15:50:00,211.06,
WAN004,2023-10-21 16:00:00,211.07,
WAN004,2023-10-21 16:10:00,211.07,
WAN004,2023-10-21 16:20:00,211.08,
WAN004,2023-10-21 16:30:00,211.07,
WAN004,2023-10-21 16:40:00,211.08,
WAN004,2023-10-21 16:50:00,211.08,
WAN004,2023-10-21 17:00:00,-,
WAN004,2023-10-21 17:10:00,211.09,
WAN004,2023-10-21 17:20:00,211.1,
WAN004,2023-10-21 17:30:00,211.1,
WAN004,2023-10-21 17:40:00,211.11,
WAN004,2023-10-21 17:50:00,211.11,
WAN004,2023-10-21 18:00:00,211.11,
WAN004,2023-10-21 18:10:00,211.12,
WAN004,2023-10-21 18:20:00,211.12,
WAN004,2023-10-21 18:30:00,211.13,
WAN004,2023-10-21 18:40:00,211.13,
WAN004,2023-10-21 18:50:00,211.13,
WAN004,2023-10-21 19:00:00,211.14,
WAN004,2023-10-21 19:10:00,211.14,
WAN004,2023-10-21 19:20:00,211.15,
WAN004,2023-10-21 19:30:00,211.15,
WAN004,2023-10-21 19:40:00,211.15,
WAN004,2023-10-21 19:50:00,211.16,
WAN004,2023-10-21 20:00:00,211.16,
WAN004,2023-10-21 20:10:00,211.17,
WAN004,2023-10-21 20:20:00,211.17,
WAN004,2023-10-21 20:30:00,211.18,
WAN004,2023-10-21 20:40:00,211.18,
WAN004,2023-10-21 20:50:00,211.18,
WAN004,2023-10-21 21:00:00,211.19,
WAN004,2023-10-21 21:10:00,211.19,
WAN004,2023-10-21 21:20:00,211.19,
WAN004,2023-10-21 21:30:00,211.19,
WAN004,2023-10-21 21:40:00,211.2,
WAN004,2023-10-21 21:50:00,211.2,
WAN004,2023-10-21 22:00:00,211.21,
WAN004,2023-10-21 22:10:00,211.21,
WAN004,2023-10-21 22:20:00,211.21,
WAN004,2023-10-21 22:30:00,211.21,
WAN004,2023-10-21 22:40:00,211.21,
WAN004,2023-10-21 22:50:00,211.22,
WAN004,2023-10-21 23:00:00,211.22,
WAN004,2023-10-21 23:10:00,211.22,
WAN004,2023-10-21 23:20:00,211.23,
WAN004,2023-10-21 23:30:00,211.22,
WAN004,2023-10-21 23:40:00,211.23,
WAN004,2023-10-21 23:50:00,211.23,
WAN004,2023-10-22 00:00:00,211.23,
WAN004,2023-10-22 00:10:00,211.23,
WAN004,2023-10-22 00:20:00,211.23,
WAN004,2023-10-22 00:30:00,211.24,
WAN004,2023-10-22 00:40:00,211.23,
WAN004,2023-10-22 00:50:00,211.24,
WAN004,2023-10-22 01:00:00,211.24,
WAN004,2023-10-22 01:10:00,211.24,
WAN004,2023-10-22 01:20:00,211.24,
WAN004,2023-10-22 01:30:00,211.24,
WAN004,2023-10-22 01:40:00,211.25,
WAN004,2023-10-22 01:50:00,211.25,
WAN004,2023-10-22 02:00:00,211.25,
WAN004,2023-10-22 02:10:00,211.25,
WAN004,2023-10-22 02:20:00,211.25,
WAN004,2023-10-22 02:30:00,211.25,
WAN004,2023-10-22 02:40:00,211.25,
WAN004,2023-10-22 02:50:00,211.25,
WAN004,2023-10-22 03:00:00,211.26,
WAN004,2023-10-22 03:10:00,211.26,
WAN004,2023-10-22 03:20:00,211.25,
WAN004,2023-10-22 03:30:00,211.26,
WAN004,2023-10-22 03:40:00,211.26,
WAN004,2023-10-22 03:50:00,211.26,
WAN004,2023-10-22 04:00:00,211.26,
WAN004,2023-10-22 04:10:00,211.26,
WAN004,2023-10-22 04:20:00,211.26,
WAN004,2023-10-22 04:30:00,211.26,
WAN004,2023-10-22 04:40:00,211.26,
WAN004,2023-10-22 04:50:00,211.26,
WAN004,2023-10-22 05:00:00,211.26,
WAN004,2023-10-22 05:10:00,211.26,
WAN004,2023-10-22 05:20:00,211.26,
WAN004,2023-10-22 05:30:00,211.26,
WAN004,2023-10-22 05:40:00,211.26,
WAN004,2023-10-22 05:50:00,211.26,
WAN004,2023-10-22 06:00:00,211.26,
WAN004,2023-10-22 06:10:00,211.26,
WAN004,2023-10-22 06:20:00,211.26,
WAN004,2023-10-22 06:30:00,211.25,
WAN004,2023-10-22 06:40:00,211.26,
WAN004,2023-10-22 06:50:00,211.25,
WAN004,2023-10-22 07:00:00,211.25,
WAN004,2023-10-22 07:10:00,211.25,
WAN004,2023-10-22 07:20:00,211.25,
WAN004,2023-10-22 07:30:00,211.25,
WAN004,2023-10-22 07:40:00,211.24,
WAN004,2023-10-22 07:50:00,211.24,
WAN004,2023-10-22 08:00:00,211.24,
WAN004,2023-10-22 08:10:00,211.24,
WAN004,2023-10-22 08:20:00,211.24,
WAN004,2023-10-22 08:30:00,211.23,
WAN004,2023-10-22 08:40:00,211.23,
WAN004,2023-10-22 08:50:00,211.23,
WAN004,2023-10-22 09:00:00,211.23,
WAN004,2023-10-22 09:10:00,211.23,
WAN004,2023-10-22 09:20:00,211.22,
WAN004,2023-10-22 09:30:00,211.22,
WAN004,2023-10-22 09:40:00,211.22,
WAN004,2023-10-22 09:50:00,211.21,
WAN004,2023-10-22 10:00:00,211.21,
WAN004,2023-10-22 10:10:00,211.21,
WAN004,2023-10-22 10:20:00,211.21,
WAN004,2023-10-22 10:30:00,211.2,
WAN004,2023-10-22 10:40:00,211.21,
WAN004,2023-10-22 10:50:00,211.2,
WAN004,2023-10-22 11:00:00,211.19,
WAN004,2023-10-22 11:10:00,211.19,
WAN004,2023-10-22 11:20:00,211.19,
WAN004,2023-10-22 11:30:00,211.19,
WAN004,2023-10-22 11:40:00,211.19,
WAN004,2023-10-22 11:50:00,211.19,
WAN004,2023-10-22 12:00:00,-,
WAN004,2023-10-22 12:10:00,211.18,
WAN004,2023-10-22 12:20:00,211.18,
WAN004,2023-10-22 12:30:00,211.17,
WAN004,2023-10-22 12:40:00,211.17,
WAN004,2023-10-22 12:50:00,211.18,
WAN004,2023-10-22 13:00:00,211.17,
WAN004,2023-10-22 13:10:00,211.17,
WAN004,2023-10-22 13:20:00,211.17,
WAN004,2023-10-22 13:30:00,211.17,
WAN004,2023-10-22 13:40:00,211.17,
WAN004,2023-10-22 13:50:00,211.17,
WAN004,2023-10-22 14:00:00,-,
WAN004,2023-10-22 14:10:00,211.17,
WAN004,2023-10-22 14:20:00,211.17,
WAN004,2023-10-22 14:30:00,211.16,
WAN004,2023-10-22 14:40:00,211.16,
WAN004,2023-10-22 14:50:00,211.17,
WAN004,2023-10-22 15:00:00,211.17,
WAN004,2023-10-22 15:10:00,211.17,
WAN004,2023-10-22 15:20:00,211.17,
WAN004,2023-10-22 15:30:00,211.17,
WAN004,2023-10-22 15:40:00,211.16,
WAN004,2023-10-22 15:50:00,211.16,
WAN004,2023-10-22 16:00:00,-,
WAN004,2023-10-22 16:10:00,211.16,
WAN004,2023-10-22 16:20:00,211.16,
WAN004,2023-10-22 16:30:00,211.17,
WAN004,2023-10-22 16:40:00,211.16,
WAN004,2023-10-22 16:50:00,211.17,
WAN004,2023-10-22 17:00:00,211.17,
WAN004,2023-10-22 17:10:00,211.17,
WAN004,2023-10-22 17:20:00,211.17,
WAN004,2023-10-22 17:30:00,211.17,
WAN004,2023-10-22 17:40:00,211.17,
WAN004,2023-10-22 17:50:00,211.17,
WAN004,2023-10-22 18:00:00,211.17,
WAN004,2023-10-22 18:10:00,211.17,
WAN004,2023-10-22 18:20:00,211.17,
WAN004,2023-10-22 18:30:00,211.17,
WAN004,2023-10-22 18:40:00,211.18,
WAN004,2023-10-22 18:50:00,211.17,
WAN004,2023-10-22 19:00:00,211.17,
WAN004,2023-10-22 19:10:00,211.17,
WAN004,2023-10-22 19:20:00,211.18,
WAN004,2023-10-22 19:30:00,211.17,
WAN004,2023-10-22 19:40:00,211.17,
WAN004,2023-10-22 19:50:00,211.17,
WAN004,2023-10-22 20:00:00,211.17,
WAN004,2023-10-22 20:10:00,211.17,
WAN004,2023-10-22 20:20:00,211.18,
WAN004,2023-10-22 20:30:00,211.17,
WAN004,2023-10-22 20:40:00,211.17,
WAN004,2023-10-22 20:50:00,211.17,
WAN004,2023-10-22 21:00:00,211.17,
WAN004,2023-10-22 21:10:00,211.17,
WAN004,2023-10-22 21:20:00,211.17,
WAN004,2023-10-22 21:30:00,211.17,
WAN004,2023-10-22 21:40:00,211.17,
WAN004,2023-10-22 21:50:00,211.17,
WAN004,2023-10-22 22:00:00,211.16,
WAN004,2023-10-22 22:10:00,211.16,
WAN004,2023-10-22 22:20:00,211.16,
WAN004,2023-10-22 22:30:00,211.16,
WAN004,2023-10-22 22:40:00,211.16,
WAN004,2023-10-22 22:50:00,211.16,
WAN004,2023-10-22 23:00:00,211.16,
WAN004,2023-10-22 23:10:00,211.16,
WAN004,2023-10-22 23:20:00,211.15,
WAN004,2023-10-22 23:30:00,211.15,
WAN004,2023-10-22 23:40:00,211.15,
WAN004,2023-10-22 23:50:00,211.15,
WAN004,2023-10-23 00:00:00,211.15,
WAN004,2023-10-23 00:10:00,211.15,
WAN004,2023-10-23 00:20:00,211.15,
WAN004,2023-10-23 00:30:00,211.15,
WAN004,2023-10-23 00:40:00,211.14,
WAN004,2023-10-23 00:50:00,211.14,
WAN004,2023-10-23 01:00:00,211.14,
WAN004,2023-10-23 01:10:00,211.14,
WAN004,2023-10-23 01:20:00,211.14,
WAN004,2023-10-23 01:30:00,211.14,
WAN004,2023-10-23 01:40:00,211.13,
WAN004,2023-10-23 01:50:00,211.13,
WAN004,2023-10-23 02:00:00,211.13,
WAN004,2023-10-23 02:10:00,211.13,
WAN004,2023-10-23 02:20:00,211.14,
WAN004,2023-10-23 02:30:00,211.14,
WAN004,2023-10-23 02:40:00,211.15,
WAN004,2023-10-23 02:50:00,211.16,
WAN004,2023-10-23 03:00:00,211.16,
WAN004,2023-10-23 03:10:00,211.16,
WAN004,2023-10-23 03:20:00,211.17,
WAN004,2023-10-23 03:30:00,211.17,
WAN004,2023-10-23 03:40:00,211.17,
WAN004,2023-10-23 03:50:00,211.18,
WAN004,2023-10-23 04:00:00,211.19,
WAN004,2023-10-23 04:10:00,211.19,
WAN004,2023-10-23 04:20:00,211.19,
WAN004,2023-10-23 04:30:00,211.2,
WAN004,2023-10-23 04:40:00,211.21,
WAN004,2023-10-23 04:50:00,211.21,
WAN004,2023-10-23 05:00:00,211.21,
WAN004,2023-10-23 05:10:00,211.22,
WAN004,2023-10-23 05:20:00,211.23,
WAN004,2023-10-23 05:30:00,211.24,
WAN004,2023-10-23 05:40:00,211.24,
WAN004,2023-10-23 05:50:00,211.26,
WAN004,2023-10-23 06:00:00,211.26,
WAN004,2023-10-23 06:10:00,211.27,
WAN004,2023-10-23 06:20:00,211.28,
WAN004,2023-10-23 06:30:00,211.29,
WAN004,2023-10-23 06:40:00,211.29,
WAN004,2023-10-23 06:50:00,211.3,
WAN004,2023-10-23 07:00:00,211.31,
WAN004,2023-10-23 07:10:00,211.32,
WAN004,2023-10-23 07:20:00,211.33,
WAN004,2023-10-23 07:30:00,211.34,
WAN004,2023-10-23 07:40:00,211.35,
WAN004,2023-10-23 07:50:00,211.36,
WAN004,2023-10-23 08:00:00,211.37,
WAN004,2023-10-23 08:10:00,211.38,
WAN004,2023-10-23 08:20:00,211.39,
WAN004,2023-10-23 08:30:00,211.39,
WAN004,2023-10-23 08:40:00,211.41,
WAN004,2023-10-23 08:50:00,211.42,
WAN004,2023-10-23 09:00:00,211.42,
WAN004,2023-10-23 09:10:00,211.44,
WAN004,2023-10-23 09:20:00,211.45,
WAN004,2023-10-23 09:30:00,211.46,
WAN004,2023-10-23 09:40:00,211.46,
WAN004,2023-10-23 09:50:00,211.47,
WAN004,2023-10-23 10:00:00,211.49,
WAN004,2023-10-23 10:10:00,211.49,
WAN004,2023-10-23 10:20:00,211.5,
WAN004,2023-10-23 10:30:00,211.51,
WAN004,2023-10-23 10:40:00,211.52,
WAN004,2023-10-23 10:50:00,211.52,
WAN004,2023-10-23 11:00:00,211.53,
WAN004,2023-10-23 11:10:00,211.55,
WAN004,2023-10-23 11:20:00,211.55,
WAN004,2023-10-23 11:30:00,211.56,
WAN004,2023-10-23 11:40:00,211.56,
WAN004,2023-10-23 11:50:00,211.58,
WAN004,2023-10-23 12:00:00,211.59,
WAN004,2023-10-23 12:10:00,-,
WAN004,2023-10-23 12:20:00,211.61,
WAN004,2023-10-23 12:30:00,211.62,
WAN004,2023-10-23 12:40:00,211.63,
WAN004,2023-10-23 12:50:00,211.63,
WAN004,2023-10-23 13:00:00,211.64,
WAN004,2023-10-23 13:10:00,211.65,
WAN004,2023-10-23 13:20:00,211.66,
WAN004,2023-10-23 13:30:00,211.68,
WAN004,2023-10-23 13:40:00,211.69,
WAN004,2023-10-23 13:50:00,211.7,
WAN004,2023-10-23 14:00:00,211.72,
WAN004,2023-10-23 14:10:00,211.74,
WAN004,2023-10-23 14:20:00,211.75,
WAN004,2023-10-23 14:30:00,211.76,
WAN004,2023-10-23 14:40:00,211.78,
WAN004,2023-10-23 14:50:00,211.8,
WAN004,2023-10-23 15:00:00,211.82,
WAN004,2023-10-23 15:10:00,211.83,
WAN004,2023-10-23 15:20:00,211.85,
WAN004,2023-10-23 15:30:00,211.87,
WAN004,2023-10-23 15:40:00,211.88,
WAN004,2023-10-23 15:50:00,211.9,
WAN004,2023-10-23 16:00:00,211.92,
WAN004,2023-10-23 16:10:00,211.94,
WAN004,2023-10-23 16:20:00,211.96,
WAN004,2023-10-23 16:30:00,211.99,
WAN004,2023-10-23 16:40:00,212,
WAN004,2023-10-23 16:50:00,212.02,
WAN004,2023-10-23 17:00:00,212.04,
WAN004,2023-10-23 17:10:00,212.06,
WAN004,2023-10-23 17:20:00,212.08,
WAN004,2023-10-23 17:30:00,212.1,
WAN004,2023-10-23 17:40:00,212.12,
WAN004,2023-10-23 17:50:00,212.14,
WAN004,2023-10-23 18:00:00,212.16,
WAN004,2023-10-23 18:10:00,212.17,
WAN004,2023-10-23 18:20:00,212.19,
WAN004,2023-10-23 18:30:00,212.21,
WAN004,2023-10-23 18:40:00,212.22,
WAN004,2023-10-23 18:50:00,212.24,
WAN004,2023-10-23 19:00:00,212.25,
WAN004,2023-10-23 19:10:00,212.27,
WAN004,2023-10-23 19:20:00,212.28,
WAN004,2023-10-23 19:30:00,212.3,
WAN004,2023-10-23 19:40:00,212.3,
WAN004,2023-10-23 19:50:00,212.32,
WAN004,2023-10-23 20:00:00,212.33,
WAN004,2023-10-23 20:10:00,212.35,
WAN004,2023-10-23 20:20:00,212.35,
WAN004,2023-10-23 20:30:00,212.37,
WAN004,2023-10-23 20:40:00,212.37,
WAN004,2023-10-23 20:50:00,212.38,
WAN004,2023-10-23 21:00:00,212.39,
WAN004,2023-10-23 21:10:00,212.4,
WAN004,2023-10-23 21:20:00,212.41,
WAN004,2023-10-23 21:30:00,212.42,
WAN004,2023-10-23 21:40:00,212.42,
WAN004,2023-10-23 21:50:00,212.43,
WAN004,2023-10-23 22:00:00,212.43,
WAN004,2023-10-23 22:10:00,212.44,
WAN004,2023-10-23 22:20:00,212.44,
WAN004,2023-10-23 22:30:00,212.45,
WAN004,2023-10-23 22:40:00,212.44,
WAN004,2023-10-23 22:50:00,212.46,
WAN004,2023-10-23 23:00:00,212.46,
WAN004,2023-10-23 23:10:00,212.46,
WAN004,2023-10-23 23:20:00,212.46,
WAN004,2023-10-23 23:30:00,212.48,
WAN004,2023-10-23 23:40:00,212.47,
WAN004,2023-10-23 23:50:00,212.47,
WAN004,2023-10-24 00:00:00,212.47,
WAN004,2023-10-24 00:10:00,212.47,
WAN004,2023-10-24 00:20:00,212.47,
WAN004,2023-10-24 00:30:00,212.47,
WAN004,2023-10-24 00:40:00,212.47,
WAN004,2023-10-24 00:50:00,212.48,
WAN004,2023-10-24 01:00:00,212.47,
WAN004,2023-10-24 01:10:00,212.47,
WAN004,2023-10-24 01:20:00,212.48,
WAN004,2023-10-24 01:30:00,212.47,
WAN004,2023-10-24 01:40:00,212.47,
WAN004,2023-10-24 01:50:00,212.47,
WAN004,2023-10-24 02:00:00,212.47,
WAN004,2023-10-24 02:10:00,212.47,
WAN004,2023-10-24 02:20:00,212.47,
WAN004,2023-10-24 02:30:00,212.47,
WAN004,2023-10-24 02:40:00,212.46,
WAN004,2023-10-24 02:50:00,212.47,
WAN004,2023-10-24 03:00:00,212.46,
WAN004,2023-10-24 03:10:00,212.46,
WAN004,2023-10-24 03:20:00,212.46,
WAN004,2023-10-24 03:30:00,212.46,
WAN004,2023-10-24 03:40:00,212.45,
WAN004,2023-10-24 03:50:00,212.45,
WAN004,2023-10-24 04:00:00,212.45,
WAN004,2023-10-24 04:10:00,212.46,
WAN004,2023-10-24 04:20:00,212.44,
WAN004,2023-10-24 04:30:00,212.44,
WAN004,2023-10-24 04:40:00,212.44,
WAN004,2023-10-24 04:50:00,212.43,
WAN004,2023-10-24 05:00:00,212.43,
WAN004,2023-10-24 05:10:00,212.43,
WAN004,2023-10-24 05:20:00,212.43,
WAN004,2023-10-24 05:30:00,212.42,
WAN004,2023-10-24 05:40:00,212.42,
WAN004,2023-10-24 05:50:00,212.42,
WAN004,2023-10-24 06:00:00,212.42,
WAN004,2023-10-24 06:10:00,212.42,
WAN004,2023-10-24 06:20:00,212.41,
WAN004,2023-10-24 06:30:00,212.41,
WAN004,2023-10-24 06:40:00,212.41,
WAN004,2023-10-24 06:50:00,212.4,
WAN004,2023-10-24 07:00:00,212.4,
WAN004,2023-10-24 07:10:00,212.39,
WAN004,2023-10-24 07:20:00,212.39,
WAN004,2023-10-24 07:30:00,212.39,
WAN004,2023-10-24 07:40:00,212.38,
WAN004,2023-10-24 07:50:00,212.38,
WAN004,2023-10-24 08:00:00,212.37,
WAN004,2023-10-24 08:10:00,212.37,
WAN004,2023-10-24 08:20:00,212.37,
WAN004,2023-10-24 08:30:00,212.36,
WAN004,2023-10-24 08:40:00,212.35,
WAN004,2023-10-24 08:50:00,212.35,
WAN004,2023-10-24 09:00:00,212.35,
WAN004,2023-10-24 09:10:00,212.34,
WAN004,2023-10-24 09:20:00,212.34,
WAN004,2023-10-24 09:30:00,212.33,
WAN004,2023-10-24 09:40:00,212.33,
WAN004,2023-10-24 09:50:00,212.33,
WAN004,2023-10-24 10:00:00,212.31,
WAN004,2023-10-24 10:10:00,212.31,
WAN004,2023-10-24 10:20:00,212.3,
WAN004,2023-10-24 10:30:00,212.29,
WAN004,2023-10-24 10:40:00,212.29,
WAN004,2023-10-24 10:50:00,212.27,
WAN004,2023-10-24 11:00:00,212.27,
WAN004,2023-10-24 11:10:00,212.27,
WAN004,2023-10-24 11:20:00,212.26,
WAN004,2023-10-24 11:30:00,212.25,
WAN004,2023-10-24 11:40:00,212.25,
WAN004,2023-10-24 11:50:00,212.24,
WAN004,2023-10-24 12:00:00,212.23,
WAN004,2023-10-24 12:10:00,212.23,
WAN004,2023-10-24 12:20:00,212.21,
WAN004,2023-10-24 12:30:00,212.21,
WAN004,2023-10-24 12:40:00,212.21,
WAN004,2023-10-24 12:50:00,212.2,
WAN004,2023-10-24 13:00:00,212.19,
WAN004,2023-10-24 13:10:00,212.18,
WAN004,2023-10-24 13:20:00,212.17,
WAN004,2023-10-24 13:30:00,212.16,
WAN004,2023-10-24 13:40:00,212.15,
WAN004,2023-10-24 13:50:00,212.15,
WAN004,2023-10-24 14:00:00,212.13,
WAN004,2023-10-24 14:10:00,212.13,
WAN004,2023-10-24 14:20:00,212.12,
WAN004,2023-10-24 14:30:00,212.11,
WAN004,2023-10-24 14:40:00,212.11,
WAN004,2023-10-24 14:50:00,212.1,
WAN004,2023-10-24 15:00:00,212.08,
WAN004,2023-10-24 15:10:00,212.08,
WAN004,2023-10-24 15:20:00,212.07,
WAN004,2023-10-24 15:30:00,212.06,
WAN004,2023-10-24 15:40:00,212.06,
WAN004,2023-10-24 15:50:00,212.05,
WAN004,2023-10-24 16:00:00,212.04,
WAN004,2023-10-24 16:10:00,212.03,
WAN004,2023-10-24 16:20:00,212.02,
WAN004,2023-10-24 16:30:00,212.01,
WAN004,2023-10-24 16:40:00,212.01,
WAN004,2023-10-24 16:50:00,212,
WAN004,2023-10-24 17:00:00,-,
WAN004,2023-10-24 17:10:00,211.99,
WAN004,2023-10-24 17:20:00,211.98,
WAN004,2023-10-24 17:30:00,211.97,
WAN004,2023-10-24 17:40:00,211.97,
WAN004,2023-10-24 17:50:00,211.96,
WAN004,2023-10-24 18:00:00,-,
WAN004,2023-10-24 18:10:00,-,
WAN004,2023-10-24 18:20:00,211.93,
WAN004,2023-10-24 18:30:00,211.93,
WAN004,2023-10-24 18:40:00,211.93,
WAN004,2023-10-24 18:50:00,211.92,
WAN004,2023-10-24 19:00:00,211.91,
WAN004,2023-10-24 19:10:00,211.91,
WAN004,2023-10-24 19:20:00,211.9,
WAN004,2023-10-24 19:30:00,211.89,
WAN004,2023-10-24 19:40:00,211.89,
WAN004,2023-10-24 19:50:00,211.88,
WAN004,2023-10-24 20:00:00,211.87,
WAN004,2023-10-24 20:10:00,211.86,
WAN004,2023-10-24 20:20:00,211.86,
WAN004,2023-10-24 20:30:00,211.85,
WAN004,2023-10-24 20:40:00,211.85,
WAN004,2023-10-24 20:50:00,211.84,
WAN004,2023-10-24 21:00:00,211.83,
WAN004,2023-10-24 21:10:00,211.83,
WAN004,2023-10-24 21:20:00,211.82,
WAN004,2023-10-24 21:30:00,211.81,
WAN004,2023-10-24 21:40:00,211.81,
WAN004,2023-10-24 21:50:00,211.8,
WAN004,2023-10-24 22:00:00,211.79,
WAN004,2023-10-24 22:10:00,211.79,
WAN004,2023-10-24 22:20:00,211.78,
WAN004,2023-10-24 22:30:00,211.77,
WAN004,2023-10-24 22:40:00,211.77,
WAN004,2023-10-24 22:50:00,211.76,
WAN004,2023-10-24 23:00:00,211.75,
WAN004,2023-10-24 23:10:00,211.74,
WAN004,2023-10-24 23:20:00,211.74,
WAN004,2023-10-24 23:30:00,211.73,
WAN004,2023-10-24 23:40:00,211.72,
WAN004,2023-10-24 23:50:00,211.72,
WAN004,2023-10-25 00:00:00,211.71,
WAN004,2023-10-25 00:10:00,211.7,
WAN004,2023-10-25 00:20:00,211.69,
WAN004,2023-10-25 00:30:00,211.68,
WAN004,2023-10-25 00:40:00,211.67,
WAN004,2023-10-25 00:50:00,211.67,
WAN004,2023-10-25 01:00:00,211.67,
WAN004,2023-10-25 01:10:00,211.65,
WAN004,2023-10-25 01:20:00,211.66,
WAN004,2023-10-25 01:30:00,211.65,
WAN004,2023-10-25 01:40:00,211.64,
WAN004,2023-10-25 01:50:00,211.63,
WAN004,2023-10-25 02:00:00,211.62,
WAN004,2023-10-25 02:10:00,211.62,
WAN004,2023-10-25 02:20:00,211.61,
WAN004,2023-10-25 02:30:00,211.6,
WAN004,2023-10-25 02:40:00,211.6,
WAN004,2023-10-25 02:50:00,211.59,
WAN004,2023-10-25 03:00:00,211.59,
WAN004,2023-10-25 03:10:00,211.58,
WAN004,2023-10-25 03:20:00,211.58,
WAN004,2023-10-25 03:30:00,211.57,
WAN004,2023-10-25 03:40:00,211.57,
WAN004,2023-10-25 03:50:00,211.56,
WAN004,2023-10-25 04:00:00,211.55,
WAN004,2023-10-25 04:10:00,211.54,
WAN004,2023-10-25 04:20:00,211.54,
WAN004,2023-10-25 04:30:00,211.53,
WAN004,2023-10-25 04:40:00,211.52,
WAN004,2023-10-25 04:50:00,211.52,
WAN004,2023-10-25 05:00:00,211.51,
WAN004,2023-10-25 05:10:00,211.5,
WAN004,2023-10-25 05:20:00,211.51,
WAN004,2023-10-25 05:30:00,211.5,
WAN004,2023-10-25 05:40:00,211.49,
WAN004,2023-10-25 05:50:00,211.48,
WAN004,2023-10-25 06:00:00,211.48,
WAN004,2023-10-25 06:10:00,211.47,
WAN004,2023-10-25 06:20:00,211.47,
WAN004,2023-10-25 06:30:00,211.47,
WAN004,2023-10-25 06:40:00,211.46,
WAN004,2023-10-25 06:50:00,211.45,
WAN004,2023-10-25 07:00:00,211.45,
WAN004,2023-10-25 07:10:00,211.44,
WAN004,2023-10-25 07:20:00,211.44,
WAN004,2023-10-25 07:30:00,211.43,
WAN004,2023-10-25 07:40:00,211.43,
WAN004,2023-10-25 07:50:00,211.42,
WAN004,2023-10-25 08:00:00,211.42,
WAN004,2023-10-25 08:10:00,211.41,
WAN004,2023-10-25 08:20:00,211.41,
WAN004,2023-10-25 08:30:00,211.41,
WAN004,2023-10-25 08:40:00,211.38,
WAN004,2023-10-25 08:50:00,211.4,
WAN004,2023-10-25 09:00:00,211.39,
WAN004,2023-10-25 09:10:00,211.39,
WAN004,2023-10-25 09:20:00,211.39,
WAN004,2023-10-25 09:30:00,211.38,
WAN004,2023-10-25 09:40:00,211.38,
WAN004,2023-10-25 09:50:00,211.37,
WAN004,2023-10-25 10:00:00,211.36,
WAN004,2023-10-25 10:10:00,211.36,
WAN004,2023-10-25 10:20:00,211.36,
WAN004,2023-10-25 10:30:00,211.36,
WAN004,2023-10-25 10:40:00,211.35,
WAN004,2023-10-25 10:50:00,211.34,
WAN004,2023-10-25 11:00:00,211.34,
WAN004,2023-10-25 11:10:00,211.34,
WAN004,2023-10-25 11:20:00,211.33,
WAN004,2023-10-25 11:30:00,211.33,
WAN004,2023-10-25 11:40:00,211.33,
WAN004,2023-10-25 11:50:00,211.32,
WAN004,2023-10-25 12:00:00,-,
WAN004,2023-10-25 12:10:00,211.31,
WAN004,2023-10-25 12:20:00,211.32,
WAN004,2023-10-25 12:30:00,211.31,
WAN004,2023-10-25 12:40:00,211.3,
WAN004,2023-10-25 12:50:00,211.3,
WAN004,2023-10-25 13:00:00,211.3,
WAN004,2023-10-25 13:10:00,211.29,
WAN004,2023-10-25 13:20:00,211.29,
WAN004,2023-10-25 13:30:00,211.29,
WAN004,2023-10-25 13:40:00,211.28,
WAN004,2023-10-25 13:50:00,211.29,
WAN004,2023-10-25 14:00:00,211.28,
WAN004,2023-10-25 14:10:00,211.28,
WAN004,2023-10-25 14:20:00,211.27,
WAN004,2023-10-25 14:30:00,211.27,
WAN004,2023-10-25 14:40:00,211.27,
WAN004,2023-10-25 14:50:00,211.26,
WAN004,2023-10-25 15:00:00,211.26,
WAN004,2023-10-25 15:10:00,211.26,
WAN004,2023-10-25 15:20:00,211.26,
WAN004,2023-10-25 15:30:00,211.25,
WAN004,2023-10-25 15:40:00,211.25,
WAN004,2023-10-25 15:50:00,211.24,
WAN004,2023-10-25 16:00:00,211.24,
WAN004,2023-10-25 16:10:00,211.24,
WAN004,2023-10-25 16:20:00,211.24,
WAN004,2023-10-25 16:30:00,211.23,
WAN004,2023-10-25 16:40:00,211.23,
WAN004,2023-10-25 16:50:00,211.23,
WAN004,2023-10-25 17:00:00,211.22,
WAN004,2023-10-25 17:10:00,211.22,
WAN004,2023-10-25 17:20:00,211.22,
WAN004,2023-10-25 17:30:00,211.22,
WAN004,2023-10-25 17:40:00,211.21,
WAN004,2023-10-25 17:50:00,211.2,
WAN004,2023-10-25 18:00:00,211.2,
WAN004,2023-10-25 18:10:00,211.19,
WAN004,2023-10-25 18:20:00,211.19,
WAN004,2023-10-25 18:30:00,211.19,
WAN004,2023-10-25 18:40:00,211.18,
WAN004,2023-10-25 18:50:00,211.18,
WAN004,2023-10-25 19:00:00,211.17,
WAN004,2023-10-25 19:10:00,211.17,
WAN004,2023-10-25 19:20:00,211.16,
WAN004,2023-10-25 19:30:00,211.16,
WAN004,2023-10-25 19:40:00,211.15,
WAN004,2023-10-25 19:50:00,211.15,
WAN004,2023-10-25 20:00:00,211.15,
WAN004,2023-10-25 20:10:00,211.14,
WAN004,2023-10-25 20:20:00,211.14,
WAN004,2023-10-25 20:30:00,211.14,
WAN004,2023-10-25 20:40:00,211.14,
WAN004,2023-10-25 20:50:00,211.13,
WAN004,2023-10-25 21:00:00,211.13,
WAN004,2023-10-25 21:10:00,211.13,
WAN004,2023-10-25 21:20:00,211.13,
WAN004,2023-10-25 21:30:00,211.13,
WAN004,2023-10-25 21:40:00,211.13,
WAN004,2023-10-25 21:50:00,211.13,
WAN004,2023-10-25 22:00:00,211.13,
WAN004,2023-10-25 22:10:00,211.13,
WAN004,2023-10-25 22:20:00,211.13,
WAN004,2023-10-25 22:30:00,211.13,
WAN004,2023-10-25 22:40:00,211.13,
WAN004,2023-10-25 22:50:00,211.12,
WAN004,2023-10-25 23:00:00,211.12,
WAN004,2023-10-25 23:10:00,211.12,
WAN004,2023-10-25 23:20:00,211.12,
WAN004,2023-10-25 23:30:00,211.13,
WAN004,2023-10-25 23:40:00,211.12,
WAN004,2023-10-25 23:50:00,211.12,
WAN004,2023-10-26 00:00:00,211.12,
WAN004,2023-10-26 00:10:00,211.11,
WAN004,2023-10-26 00:20:00,211.11,
WAN004,2023-10-26 00:30:00,211.12,
WAN004,2023-10-26 00:40:00,211.11,
WAN004,2023-10-26 00:50:00,211.11,
WAN004,2023-10-26 01:00:00,211.11,
WAN004,2023-10-26 01:10:00,211.1,
WAN004,2023-10-26 01:20:00,211.1,
WAN004,2023-10-26 01:30:00,211.1,
WAN004,2023-10-26 01:40:00,211.1,
WAN004,2023-10-26 01:50:00,211.1,
WAN004,2023-10-26 02:00:00,211.1,
WAN004,2023-10-26 02:10:00,211.1,
WAN004,2023-10-26 02:20:00,211.09,
WAN004,2023-10-26 02:30:00,211.09,
WAN004,2023-10-26 02:40:00,211.09,
WAN004,2023-10-26 02:50:00,211.09,
WAN004,2023-10-26 03:00:00,211.09,
WAN004,2023-10-26 03:10:00,211.08,
WAN004,2023-10-26 03:20:00,211.08,
WAN004,2023-10-26 03:30:00,211.08,
WAN004,2023-10-26 03:40:00,211.08,
WAN004,2023-10-26 03:50:00,211.08,
WAN004,2023-10-26 04:00:00,211.07,
WAN004,2023-10-26 04:10:00,211.08,
WAN004,2023-10-26 04:20:00,211.07,
WAN004,2023-10-26 04:30:00,211.07,
WAN004,2023-10-26 04:40:00,211.07,
WAN004,2023-10-26 04:50:00,211.07,
WAN004,2023-10-26 05:00:00,211.06,
WAN004,2023-10-26 05:10:00,211.06,
WAN004,2023-10-26 05:20:00,211.06,
WAN004,2023-10-26 05:30:00,211.06,
WAN004,2023-10-26 05:40:00,211.06,
WAN004,2023-10-26 05:50:00,211.05,
WAN004,2023-10-26 06:00:00,211.05,
WAN004,2023-10-26 06:10:00,211.05,
WAN004,2023-10-26 06:20:00,211.05,
WAN004,2023-10-26 06:30:00,211.05,
WAN004,2023-10-26 06:40:00,211.04,
WAN004,2023-10-26 06:50:00,211.04,
WAN004,2023-10-26 07:00:00,211.04,
WAN004,2023-10-26 07:10:00,211.04,
WAN004,2023-10-26 07:20:00,211.04,
WAN004,2023-10-26 07:30:00,211.03,
WAN004,2023-10-26 07:40:00,211.04,
WAN004,2023-10-26 07:50:00,211.03,
WAN004,2023-10-26 08:00:00,211.03,
WAN004,2023-10-26 08:10:00,211.02,
WAN004,2023-10-26 08:20:00,211.02,
WAN004,2023-10-26 08:30:00,211.02,
WAN004,2023-10-26 08:40:00,211.02,
WAN004,2023-10-26 08:50:00,211.01,
WAN004,2023-10-26 09:00:00,211.02,
WAN004,2023-10-26 09:10:00,211.01,
WAN004,2023-10-26 09:20:00,211.01,
WAN004,2023-10-26 09:30:00,211.01,
WAN004,2023-10-26 09:40:00,211.01,
WAN004,2023-10-26 09:50:00,211.01,
WAN004,2023-10-26 10:00:00,211.01,
WAN004,2023-10-26 10:10:00,211,
WAN004,2023-10-26 10:20:00,211,
WAN004,2023-10-26 10:30:00,211,
WAN004,2023-10-26 10:40:00,211,
WAN004,2023-10-26 10:50:00,210.99,
WAN004,2023-10-26 11:00:00,210.99,
WAN004,2023-10-26 11:10:00,210.99,
WAN004,2023-10-26 11:20:00,210.99,
WAN004,2023-10-26 11:30:00,210.99,
WAN004,2023-10-26 11:40:00,210.99,
WAN004,2023-10-26 11:50:00,210.98,
WAN004,2023-10-26 12:00:00,-,
WAN004,2023-10-26 12:10:00,210.98,
WAN004,2023-10-26 12:20:00,210.98,
WAN004,2023-10-26 12:30:00,210.98,
WAN004,2023-10-26 12:40:00,210.98,
WAN004,2023-10-26 12:50:00,210.97,
WAN004,2023-10-26 13:00:00,210.98,
WAN004,2023-10-26 13:10:00,210.96,
WAN004,2023-10-26 13:20:00,210.98,
WAN004,2023-10-26 13:30:00,210.97,
WAN004,2023-10-26 13:40:00,210.97,
WAN004,2023-10-26 13:50:00,210.97,
WAN004,2023-10-26 14:00:00,210.97,
WAN004,2023-10-26 14:10:00,210.96,
WAN004,2023-10-26 14:20:00,210.97,
WAN004,2023-10-26 14:30:00,210.96,
WAN004,2023-10-26 14:40:00,210.97,
WAN004,2023-10-26 14:50:00,210.96,
WAN004,2023-10-26 15:00:00,210.96,
WAN004,2023-10-26 15:10:00,210.96,
WAN004,2023-10-26 15:20:00,210.96,
WAN004,2023-10-26 15:30:00,210.96,
WAN004,2023-10-26 15:40:00,210.95,
WAN004,2023-10-26 15:50:00,210.96,
WAN004,2023-10-26 16:00:00,210.96,
WAN004,2023-10-26 16:10:00,210.95,
WAN004,2023-10-26 16:20:00,210.95,
WAN004,2023-10-26 16:30:00,210.95,
WAN004,2023-10-26 16:40:00,210.95,
WAN004,2023-10-26 16:50:00,210.94,
WAN004,2023-10-26 17:00:00,210.95,
WAN004,2023-10-26 17:10:00,210.95,
WAN004,2023-10-26 17:20:00,210.95,
WAN004,2023-10-26 17:30:00,210.95,
WAN004,2023-10-26 17:40:00,210.94,
WAN004,2023-10-26 17:50:00,210.95,
WAN004,2023-10-26 18:00:00,210.95,
WAN004,2023-10-26 18:10:00,210.94,
WAN004,2023-10-26 18:20:00,210.94,
WAN004,2023-10-26 18:30:00,210.94,
WAN004,2023-10-26 18:40:00,210.94,
WAN004,2023-10-26 18:50:00,210.94,
WAN004,2023-10-26 19:00:00,210.94,
WAN004,2023-10-26 19:10:00,210.94,
WAN004,2023-10-26 19:20:00,210.94,
WAN004,2023-10-26 19:30:00,210.94,
WAN004,2023-10-26 19:40:00,210.94,
WAN004,2023-10-26 19:50:00,210.94,
WAN004,2023-10-26 20:00:00,210.94,
WAN004,2023-10-26 20:10:00,210.94,
WAN004,2023-10-26 20:20:00,210.94,
WAN004,2023-10-26 20:30:00,210.93,
WAN004,2023-10-26 20:40:00,210.93,
WAN004,2023-10-26 20:50:00,210.93,
WAN004,2023-10-26 21:00:00,210.93,
WAN004,2023-10-26 21:10:00,210.92,
WAN004,2023-10-26 21:20:00,210.93,
WAN004,2023-10-26 21:30:00,210.92,
WAN004,2023-10-26 21:40:00,210.92,
WAN004,2023-10-26 21:50:00,210.92,
WAN004,2023-10-26 22:00:00,210.92,
WAN004,2023-10-26 22:10:00,210.92,
WAN004,2023-10-26 22:20:00,210.91,
WAN004,2023-10-26 22:30:00,210.92,
WAN004,2023-10-26 22:40:00,210.92,
WAN004,2023-10-26 22:50:00,210.91,
WAN004,2023-10-26 23:00:00,210.91,
WAN004,2023-10-26 23:10:00,210.91,
WAN004,2023-10-26 23:20:00,210.91,
WAN004,2023-10-26 23:30:00,210.9,
WAN004,2023-10-26 23:40:00,210.9,
WAN004,2023-10-26 23:50:00,210.91,
WAN004,2023-10-27 00:00:00,210.9,
WAN004,2023-10-27 00:10:00,210.9,
WAN004,2023-10-27 00:20:00,210.9,
WAN004,2023-10-27 00:30:00,210.9,
WAN004,2023-10-27 00:40:00,210.89,
WAN004,2023-10-27 00:50:00,210.9,
WAN004,2023-10-27 01:00:00,210.89,
WAN004,2023-10-27 01:10:00,210.9,
WAN004,2023-10-27 01:20:00,210.89,
WAN004,2023-10-27 01:30:00,210.89,
WAN004,2023-10-27 01:40:00,210.89,
WAN004,2023-10-27 01:50:00,210.89,
WAN004,2023-10-27 02:00:00,210.89,
WAN004,2023-10-27 02:10:00,210.89,
WAN004,2023-10-27 02:20:00,210.89,
WAN004,2023-10-27 02:30:00,210.88,
WAN004,2023-10-27 02:40:00,210.88,
WAN004,2023-10-27 02:50:00,210.89,
WAN004,2023-10-27 03:00:00,210.89,
WAN004,2023-10-27 03:10:00,210.88,
WAN004,2023-10-27 03:20:00,210.88,
WAN004,2023-10-27 03:30:00,210.88,
WAN004,2023-10-27 03:40:00,210.88,
WAN004,2023-10-27 03:50:00,210.88,
WAN004,2023-10-27 04:00:00,210.88,
WAN004,2023-10-27 04:10:00,210.88,
WAN004,2023-10-27 04:20:00,210.88,
WAN004,2023-10-27 04:30:00,210.88,
WAN004,2023-10-27 04:40:00,210.88,
WAN004,2023-10-27 04:50:00,210.87,
WAN004,2023-10-27 05:00:00,210.88,
WAN004,2023-10-27 05:10:00,210.88,
WAN004,2023-10-27 05:20:00,210.88,
WAN004,2023-10-27 05:30:00,210.88,
WAN004,2023-10-27 05:40:00,210.88,
WAN004,2023-10-27 05:50:00,210.88,
WAN004,2023-10-27 06:00:00,210.88,
WAN004,2023-10-27 06:10:00,210.88,
WAN004,2023-10-27 06:20:00,210.88,
WAN004,2023-10-27 06:30:00,210.88,
WAN004,2023-10-27 06:40:00,210.87,
WAN004,2023-10-27 06:50:00,210.88,
WAN004,2023-10-27 07:00:00,210.88,
WAN004,2023-10-27 07:10:00,210.88,
WAN004,2023-10-27 07:20:00,210.87,
WAN004,2023-10-27 07:30:00,210.88,
WAN004,2023-10-27 07:40:00,210.87,
WAN004,2023-10-27 07:50:00,210.88,
WAN004,2023-10-27 08:00:00,210.88,
WAN004,2023-10-27 08:10:00,210.87,
WAN004,2023-10-27 08:20:00,210.87,
WAN004,2023-10-27 08:30:00,210.87,
WAN004,2023-10-27 08:40:00,210.88,
WAN004,2023-10-27 08:50:00,210.88,
WAN004,2023-10-27 09:00:00,210.88,
WAN004,2023-10-27 09:10:00,210.88,
WAN004,2023-10-27 09:20:00,210.88,
WAN004,2023-10-27 09:30:00,210.88,
WAN004,2023-10-27 09:40:00,210.88,
WAN004,2023-10-27 09:50:00,210.87,
WAN004,2023-10-27 10:00:00,210.88,
WAN004,2023-10-27 10:10:00,210.88,
WAN004,2023-10-27 10:20:00,210.87,
WAN004,2023-10-27 10:30:00,210.89,
WAN004,2023-10-27 10:40:00,210.88,
WAN004,2023-10-27 10:50:00,210.88,
WAN004,2023-10-27 11:00:00,210.87,
WAN004,2023-10-27 11:10:00,210.88,
WAN004,2023-10-27 11:20:00,210.88,
WAN004,2023-10-27 11:30:00,210.88,
WAN004,2023-10-27 11:40:00,210.88,
WAN004,2023-10-27 11:50:00,210.88,
WAN004,2023-10-27 12:00:00,210.88,
WAN004,2023-10-27 12:10:00,210.88,
WAN004,2023-10-27 12:20:00,210.88,
WAN004,2023-10-27 12:30:00,210.88,
WAN004,2023-10-27 12:40:00,210.87,
WAN004,2023-10-27 12:50:00,210.88,
WAN004,2023-10-27 13:00:00,210.87,
WAN004,2023-10-27 13:10:00,210.88,
WAN004,2023-10-27 13:20:00,210.88,
WAN004,2023-10-27 13:30:00,210.88,
WAN004,2023-10-27 13:40:00,210.88,
WAN004,2023-10-27 13:50:00,210.87,
WAN004,2023-10-27 14:00:00,210.87,
WAN004,2023-10-27 14:10:00,210.88,
WAN004,2023-10-27 14:20:00,210.88,
WAN004,2023-10-27 14:30:00,210.88,
WAN004,2023-10-27 14:40:00,210.88,
WAN004,2023-10-27 14:50:00,210.88,
WAN004,2023-10-27 15:00:00,210.88,
WAN004,2023-10-27 15:10:00,210.88,
WAN004,2023-10-27 15:20:00,210.88,
WAN004,2023-10-27 15:30:00,210.87,
WAN004,2023-10-27 15:40:00,210.87,
WAN004,2023-10-27 15:50:00,210.88,
WAN004,2023-10-27 16:00:00,210.88,
WAN004,2023-10-27 16:10:00,210.87,
WAN004,2023-10-27 16:20:00,210.87,
WAN004,2023-10-27 16:30:00,210.87,
WAN004,2023-10-27 16:40:00,210.87,
WAN004,2023-10-27 16:50:00,210.87,
WAN004,2023-10-27 17:00:00,210.87,
WAN004,2023-10-27 17:10:00,210.87,
WAN004,2023-10-27 17:20:00,210.87,
WAN004,2023-10-27 17:30:00,210.87,
WAN004,2023-10-27 17:40:00,210.87,
WAN004,2023-10-27 17:50:00,210.87,
WAN004,2023-10-27 18:00:00,210.87,
WAN004,2023-10-27 18:10:00,210.87,
WAN004,2023-10-27 18:20:00,210.87,
WAN004,2023-10-27 18:30:00,210.87,
WAN004,2023-10-27 18:40:00,210.87,
WAN004,2023-10-27 18:50:00,210.87,
WAN004,2023-10-27 19:00:00,210.87,
WAN004,2023-10-27 19:10:00,210.87,
WAN004,2023-10-27 19:20:00,210.87,
WAN004,2023-10-27 19:30:00,210.87,
WAN004,2023-10-27 19:40:00,210.86,
WAN004,2023-10-27 19:50:00,210.87,
WAN004,2023-10-27 20:00:00,210.86,
WAN004,2023-10-27 20:10:00,210.86,
WAN004,2023-10-27 20:20:00,210.86,
WAN004,2023-10-27 20:30:00,210.86,
WAN004,2023-10-27 20:40:00,210.86,
WAN004,2023-10-27 20:50:00,210.86,
WAN004,2023-10-27 21:00:00,210.86,
WAN004,2023-10-27 21:10:00,210.85,
WAN004,2023-10-27 21:20:00,210.86,
WAN004,2023-10-27 21:30:00,210.85,
WAN004,2023-10-27 21:40:00,210.85,
WAN004,2023-10-27 21:50:00,210.86,
WAN004,2023-10-27 22:00:00,210.85,
WAN004,2023-10-27 22:10:00,210.85,
WAN004,2023-10-27 22:20:00,210.85,
WAN004,2023-10-27 22:30:00,210.85,
WAN004,2023-10-27 22:40:00,210.84,
WAN004,2023-10-27 22:50:00,210.85,
WAN004,2023-10-27 23:00:00,210.86,
WAN004,2023-10-27 23:10:00,210.85,
WAN004,2023-10-27 23:20:00,210.85,
WAN004,2023-10-27 23:30:00,210.85,
WAN004,2023-10-27 23:40:00,210.85,
WAN004,2023-10-27 23:50:00,210.85,
WAN004,2023-10-28 00:00:00,210.85,
WAN004,2023-10-28 00:10:00,210.85,
WAN004,2023-10-28 00:20:00,210.85,
WAN004,2023-10-28 00:30:00,210.85,
WAN004,2023-10-28 00:40:00,210.85,
WAN004,2023-10-28 00:50:00,210.85,
WAN004,2023-10-28 01:00:00,210.85,
WAN004,2023-10-28 01:10:00,210.84,
WAN004,2023-10-28 01:20:00,210.85,
WAN004,2023-10-28 01:30:00,210.85,
WAN004,2023-10-28 01:40:00,210.85,
WAN004,2023-10-28 01:50:00,210.85,
WAN004,2023-10-28 02:00:00,210.84,
WAN004,2023-10-28 02:10:00,210.84,
WAN004,2023-10-28 02:20:00,210.84,
WAN004,2023-10-28 02:30:00,210.84,
WAN004,2023-10-28 02:40:00,210.85,
WAN004,2023-10-28 02:50:00,210.84,
WAN004,2023-10-28 03:00:00,210.85,
WAN004,2023-10-28 03:10:00,210.85,
WAN004,2023-10-28 03:20:00,210.85,
WAN004,2023-10-28 03:30:00,210.85,
WAN004,2023-10-28 03:40:00,210.86,
WAN004,2023-10-28 03:50:00,210.86,
WAN004,2023-10-28 04:00:00,210.85,
WAN004,2023-10-28 04:10:00,210.86,
WAN004,2023-10-28 04:20:00,210.86,
WAN004,2023-10-28 04:30:00,210.87,
WAN004,2023-10-28 04:40:00,210.87,
WAN004,2023-10-28 04:50:00,210.87,
WAN004,2023-10-28 05:00:00,210.89,
WAN004,2023-10-28 05:10:00,210.89,
WAN004,2023-10-28 05:20:00,210.89,
WAN004,2023-10-28 05:30:00,210.89,
WAN004,2023-10-28 05:40:00,210.9,
WAN004,2023-10-28 05:50:00,210.91,
WAN004,2023-10-28 06:00:00,210.92,
WAN004,2023-10-28 06:10:00,210.92,
WAN004,2023-10-28 06:20:00,210.93,
WAN004,2023-10-28 06:30:00,210.93,
WAN004,2023-10-28 06:40:00,210.93,
WAN004,2023-10-28 06:50:00,210.94,
WAN004,2023-10-28 07:00:00,210.95,
WAN004,2023-10-28 07:10:00,210.95,
WAN004,2023-10-28 07:20:00,210.96,
WAN004,2023-10-28 07:30:00,210.97,
WAN004,2023-10-28 07:40:00,210.97,
WAN004,2023-10-28 07:50:00,210.98,
WAN004,2023-10-28 08:00:00,210.98,
WAN004,2023-10-28 08:10:00,210.98,
WAN004,2023-10-28 08:20:00,210.99,
WAN004,2023-10-28 08:30:00,211,
WAN004,2023-10-28 08:40:00,211,
WAN004,2023-10-28 08:50:00,211.01,
WAN004,2023-10-28 09:00:00,211.01,
WAN004,2023-10-28 09:10:00,211.01,
WAN004,2023-10-28 09:20:00,211.02,
WAN004,2023-10-28 09:30:00,211.02,
WAN004,2023-10-28 09:40:00,211.02,
WAN004,2023-10-28 09:50:00,211.03,
WAN004,2023-10-28 10:00:00,211.03,
WAN004,2023-10-28 10:10:00,211.03,
WAN004,2023-10-28 10:20:00,211.04,
WAN004,2023-10-28 10:30:00,211.04,
WAN004,2023-10-28 10:40:00,211.04,
WAN004,2023-10-28 10:50:00,211.04,
WAN004,2023-10-28 11:00:00,211.04,
WAN004,2023-10-28 11:10:00,211.04,
WAN004,2023-10-28 11:20:00,211.05,
WAN004,2023-10-28 11:30:00,211.05,
WAN004,2023-10-28 11:40:00,211.05,
WAN004,2023-10-28 11:50:00,211.05,
WAN004,2023-10-28 12:00:00,211.06,
WAN004,2023-10-28 12:10:00,211.06,
WAN004,2023-10-28 12:20:00,211.06,
WAN004,2023-10-28 12:30:00,211.06,
WAN004,2023-10-28 12:40:00,211.06,
WAN004,2023-10-28 12:50:00,211.06,
WAN004,2023-10-28 13:00:00,211.06,
WAN004,2023-10-28 13:10:00,211.06,
WAN004,2023-10-28 13:20:00,211.07,
WAN004,2023-10-28 13:30:00,211.06,
WAN004,2023-10-28 13:40:00,211.06,
WAN004,2023-10-28 13:50:00,211.07,
WAN004,2023-10-28 14:00:00,211.06,
WAN004,2023-10-28 14:10:00,211.07,
WAN004,2023-10-28 14:20:00,211.07,
WAN004,2023-10-28 14:30:00,211.07,
WAN004,2023-10-28 14:40:00,211.07,
WAN004,2023-10-28 14:50:00,211.07,
WAN004,2023-10-28 15:00:00,-,
WAN004,2023-10-28 15:10:00,-,
WAN004,2023-10-28 15:20:00,211.07,
WAN004,2023-10-28 15:30:00,211.07,
WAN004,2023-10-28 15:40:00,211.07,
WAN004,2023-10-28 15:50:00,211.07,
WAN004,2023-10-28 16:00:00,211.07,
WAN004,2023-10-28 16:10:00,211.07,
WAN004,2023-10-28 16:20:00,211.07,
WAN004,2023-10-28 16:30:00,211.07,
WAN004,2023-10-28 16:40:00,211.07,
WAN004,2023-10-28 16:50:00,211.07,
WAN004,2023-10-28 17:00:00,211.07,
WAN004,2023-10-28 17:10:00,211.07,
WAN004,2023-10-28 17:20:00,211.07,
WAN004,2023-10-28 17:30:00,211.07,
WAN004,2023-10-28 17:40:00,211.07,
WAN004,2023-10-28 17:50:00,211.07,
WAN004,2023-10-28 18:00:00,211.07,
WAN004,2023-10-28 18:10:00,211.07,
WAN004,2023-10-28 18:20:00,211.07,
WAN004,2023-10-28 18:30:00,211.07,
WAN004,2023-10-28 18:40:00,211.07,
WAN004,2023-10-28 18:50:00,211.07,
WAN004,2023-10-28 19:00:00,211.08,
WAN004,2023-10-28 19:10:00,211.07,
WAN004,2023-10-28 19:20:00,211.07,
WAN004,2023-10-28 19:30:00,211.07,
WAN004,2023-10-28 19:40:00,211.08,
WAN004,2023-10-28 19:50:00,211.08,
WAN004,2023-10-28 20:00:00,211.08,
WAN004,2023-10-28 20:10:00,211.07,
WAN004,2023-10-28 20:20:00,211.08,
WAN004,2023-10-28 20:30:00,211.07,
WAN004,2023-10-28 20:40:00,211.07,
WAN004,2023-10-28 20:50:00,211.08,
WAN004,2023-10-28 21:00:00,211.08,
WAN004,2023-10-28 21:10:00,211.07,
WAN004,2023-10-28 21:20:00,211.07,
WAN004,2023-10-28 21:30:00,211.08,
WAN004,2023-10-28 21:40:00,211.07,
WAN004,2023-10-28 21:50:00,211.07,
WAN004,2023-10-28 22:00:00,211.08,
WAN004,2023-10-28 22:10:00,211.07,
WAN004,2023-10-28 22:20:00,211.07,
WAN004,2023-10-28 22:30:00,211.07,
WAN004,2023-10-28 22:40:00,211.08,
WAN004,2023-10-28 22:50:00,211.07,
WAN004,2023-10-28 23:00:00,211.07,
WAN004,2023-10-28 23:10:00,211.07,
WAN004,2023-10-28 23:20:00,211.07,
WAN004,2023-10-28 23:30:00,211.07,
WAN004,2023-10-28 23:40:00,211.07,
WAN004,2023-10-28 23:50:00,211.07,
WAN004,2023-10-29 00:00:00,211.06,
WAN004,2023-10-29 00:10:00,211.07,
WAN004,2023-10-29 00:20:00,211.06,
WAN004,2023-10-29 00:30:00,211.06,
WAN004,2023-10-29 00:40:00,211.06,
WAN004,2023-10-29 00:50:00,211.06,
WAN004,2023-10-29 01:00:00,211.06,
WAN004,2023-10-29 01:10:00,211.06,
WAN004,2023-10-29 01:20:00,211.05,
WAN004,2023-10-29 01:30:00,211.06,
WAN004,2023-10-29 01:40:00,211.05,
WAN004,2023-10-29 01:50:00,211.05,
WAN004,2023-10-29 02:00:00,211.05,
WAN004,2023-10-29 02:10:00,211.04,
WAN004,2023-10-29 02:20:00,211.05,
WAN004,2023-10-29 02:30:00,211.04,
WAN004,2023-10-29 02:40:00,211.04,
WAN004,2023-10-29 02:50:00,211.04,
WAN004,2023-10-29 03:00:00,211.04,
WAN004,2023-10-29 03:10:00,211.03,
WAN004,2023-10-29 03:20:00,211.04,
WAN004,2023-10-29 03:30:00,211.03,
WAN004,2023-10-29 03:40:00,211.03,
WAN004,2023-10-29 03:50:00,211.03,
WAN004,2023-10-29 04:00:00,211.02,
WAN004,2023-10-29 04:10:00,211.02,
WAN004,2023-10-29 04:20:00,211.02,
WAN004,2023-10-29 04:30:00,211.02,
WAN004,2023-10-29 04:40:00,211.02,
WAN004,2023-10-29 04:50:00,211.02,
WAN004,2023-10-29 05:00:00,211.01,
WAN004,2023-10-29 05:10:00,211.01,
WAN004,2023-10-29 05:20:00,211,
WAN004,2023-10-29 05:30:00,211.01,
WAN004,2023-10-29 05:40:00,211,
WAN004,2023-10-29 05:50:00,211,
WAN004,2023-10-29 06:00:00,211,
WAN004,2023-10-29 06:10:00,211,
WAN004,2023-10-29 06:20:00,210.99,
WAN004,2023-10-29 06:30:00,211,
WAN004,2023-10-29 06:40:00,210.99,
WAN004,2023-10-29 06:50:00,210.99,
WAN004,2023-10-29 07:00:00,210.98,
WAN004,2023-10-29 07:10:00,210.99,
WAN004,2023-10-29 07:20:00,210.99,
WAN004,2023-10-29 07:30:00,210.98,
WAN004,2023-10-29 07:40:00,210.98,
WAN004,2023-10-29 07:50:00,210.98,
WAN004,2023-10-29 08:00:00,210.98,
WAN004,2023-10-29 08:10:00,210.97,
WAN004,2023-10-29 08:20:00,210.97,
WAN004,2023-10-29 08:30:00,210.97,
WAN004,2023-10-29 08:40:00,210.96,
WAN004,2023-10-29 08:50:00,210.96,
WAN004,2023-10-29 09:00:00,210.96,
WAN004,2023-10-29 09:10:00,210.96,
WAN004,2023-10-29 09:20:00,210.96,
WAN004,2023-10-29 09:30:00,210.96,
WAN004,2023-10-29 09:40:00,210.95,
WAN004,2023-10-29 09:50:00,210.95,
WAN004,2023-10-29 10:00:00,210.95,
WAN004,2023-10-29 10:10:00,210.94,
WAN004,2023-10-29 10:20:00,210.94,
WAN004,2023-10-29 10:30:00,210.94,
WAN004,2023-10-29 10:40:00,210.94,
WAN004,2023-10-29 10:50:00,210.94,
WAN004,2023-10-29 11:00:00,210.93,
WAN004,2023-10-29 11:10:00,210.93,
WAN004,2023-10-29 11:20:00,210.92,
WAN004,2023-10-29 11:30:00,210.93,
WAN004,2023-10-29 11:40:00,210.93,
WAN004,2023-10-29 11:50:00,210.92,
WAN004,2023-10-29 12:00:00,210.92,
WAN004,2023-10-29 12:10:00,210.92,
WAN004,2023-10-29 12:20:00,210.92,
WAN004,2023-10-29 12:30:00,210.91,
WAN004,2023-10-29 12:40:00,210.91,
WAN004,2023-10-29 12:50:00,210.91,
WAN004,2023-10-29 13:00:00,210.9,
WAN004,2023-10-29 13:10:00,210.91,
WAN004,2023-10-29 13:20:00,210.91,
WAN004,2023-10-29 13:30:00,210.9,
WAN004,2023-10-29 13:40:00,210.9,
WAN004,2023-10-29 13:50:00,210.9,
WAN004,2023-10-29 14:00:00,210.9,
WAN004,2023-10-29 14:10:00,210.89,
WAN004,2023-10-29 14:20:00,210.9,
WAN004,2023-10-29 14:30:00,210.89,
WAN004,2023-10-29 14:40:00,210.89,
WAN004,2023-10-29 14:50:00,210.88,
WAN004,2023-10-29 15:00:00,210.89,
WAN004,2023-10-29 15:10:00,210.88,
WAN004,2023-10-29 15:20:00,210.88,
WAN004,2023-10-29 15:30:00,210.88,
WAN004,2023-10-29 15:40:00,210.87,
WAN004,2023-10-29 15:50:00,210.87,
WAN004,2023-10-29 16:00:00,210.87,
WAN004,2023-10-29 16:10:00,210.87,
WAN004,2023-10-29 16:20:00,210.87,
WAN004,2023-10-29 16:30:00,210.86,
WAN004,2023-10-29 16:40:00,210.86,
WAN004,2023-10-29 16:50:00,210.86,
WAN004,2023-10-29 17:00:00,210.87,
WAN004,2023-10-29 17:10:00,210.86,
WAN004,2023-10-29 17:20:00,210.87,
WAN004,2023-10-29 17:30:00,210.86,
WAN004,2023-10-29 17:40:00,210.86,
WAN004,2023-10-29 17:50:00,210.86,
WAN004,2023-10-29 18:00:00,210.85,
WAN004,2023-10-29 18:10:00,210.85,
WAN004,2023-10-29 18:20:00,210.86,
WAN004,2023-10-29 18:30:00,210.85,
WAN004,2023-10-29 18:40:00,210.86,
WAN004,2023-10-29 18:50:00,210.85,
WAN004,2023-10-29 19:00:00,210.84,
WAN004,2023-10-29 19:10:00,210.85,
WAN004,2023-10-29 19:20:00,210.85,
WAN004,2023-10-29 19:30:00,210.85,
WAN004,2023-10-29 19:40:00,210.85,
WAN004,2023-10-29 19:50:00,210.85,
WAN004,2023-10-29 20:00:00,210.85,
WAN004,2023-10-29 20:10:00,210.85,
WAN004,2023-10-29 20:20:00,210.83,
WAN004,2023-10-29 20:30:00,210.84,
WAN004,2023-10-29 20:40:00,210.84,
WAN004,2023-10-29 20:50:00,210.84,
WAN004,2023-10-29 21:00:00,210.84,
WAN004,2023-10-29 21:10:00,210.84,
WAN004,2023-10-29 21:20:00,210.84,
WAN004,2023-10-29 21:30:00,210.84,
WAN004,2023-10-29 21:40:00,210.83,
WAN004,2023-10-29 21:50:00,210.84,
WAN004,2023-10-29 22:00:00,210.83,
WAN004,2023-10-29 22:10:00,210.83,
WAN004,2023-10-29 22:20:00,210.83,
WAN004,2023-10-29 22:30:00,210.83,
WAN004,2023-10-29 22:40:00,210.83,
WAN004,2023-10-29 22:50:00,210.83,
WAN004,2023-10-29 23:00:00,210.83,
WAN004,2023-10-29 23:10:00,210.83,
WAN004,2023-10-29 23:20:00,210.83,
WAN004,2023-10-29 23:30:00,210.83,
WAN004,2023-10-29 23:40:00,210.83,
WAN004,2023-10-29 23:50:00,210.83,
WAN004,2023-10-30 00:00:00,210.83,
WAN004,2023-10-30 00:10:00,210.82,
WAN004,2023-10-30 00:20:00,210.83,
WAN004,2023-10-30 00:30:00,210.82,
WAN004,2023-10-30 00:40:00,210.83,
WAN004,2023-10-30 00:50:00,210.82,
WAN004,2023-10-30 01:00:00,210.82,
WAN004,2023-10-30 01:10:00,210.82,
WAN004,2023-10-30 01:20:00,210.82,
WAN004,2023-10-30 01:30:00,210.82,
WAN004,2023-10-30 01:40:00,210.82,
WAN004,2023-10-30 01:50:00,210.83,
WAN004,2023-10-30 02:00:00,210.82,
WAN004,2023-10-30 02:10:00,210.82,
WAN004,2023-10-30 02:20:00,210.82,
WAN004,2023-10-30 02:30:00,210.82,
WAN004,2023-10-30 02:40:00,210.81,
WAN004,2023-10-30 02:50:00,210.82,
WAN004,2023-10-30 03:00:00,210.82,
WAN004,2023-10-30 03:10:00,210.82,
WAN004,2023-10-30 03:20:00,210.82,
WAN004,2023-10-30 03:30:00,210.82,
WAN004,2023-10-30 03:40:00,210.82,
WAN004,2023-10-30 03:50:00,210.82,
WAN004,2023-10-30 04:00:00,210.81,
WAN004,2023-10-30 04:10:00,210.82,
WAN004,2023-10-30 04:20:00,210.81,
WAN004,2023-10-30 04:30:00,210.82,
WAN004,2023-10-30 04:40:00,210.81,
WAN004,2023-10-30 04:50:00,210.81,
WAN004,2023-10-30 05:00:00,210.81,
WAN004,2023-10-30 05:10:00,210.81,
WAN004,2023-10-30 05:20:00,210.81,
WAN004,2023-10-30 05:30:00,210.81,
WAN004,2023-10-30 05:40:00,210.81,
WAN004,2023-10-30 05:50:00,210.81,
WAN004,2023-10-30 06:00:00,210.81,
WAN004,2023-10-30 06:10:00,210.81,
WAN004,2023-10-30 06:20:00,210.81,
WAN004,2023-10-30 06:30:00,210.8,
WAN004,2023-10-30 06:40:00,210.8,
WAN004,2023-10-30 06:50:00,210.8,
WAN004,2023-10-30 07:00:00,210.8,
WAN004,2023-10-30 07:10:00,210.8,
WAN004,2023-10-30 07:20:00,210.8,
WAN004,2023-10-30 07:30:00,210.8,
WAN004,2023-10-30 07:40:00,210.8,
WAN004,2023-10-30 07:50:00,210.79,
WAN004,2023-10-30 08:00:00,210.79,
WAN004,2023-10-30 08:10:00,210.79,
WAN004,2023-10-30 08:20:00,210.79,
WAN004,2023-10-30 08:30:00,210.79,
WAN004,2023-10-30 08:40:00,210.79,
WAN004,2023-10-30 08:50:00,210.79,
WAN004,2023-10-30 09:00:00,210.79,
WAN004,2023-10-30 09:10:00,210.79,
WAN004,2023-10-30 09:20:00,210.79,
WAN004,2023-10-30 09:30:00,210.79,
WAN004,2023-10-30 09:40:00,210.79,
WAN004,2023-10-30 09:50:00,210.79,
WAN004,2023-10-30 10:00:00,210.79,
WAN004,2023-10-30 10:10:00,210.79,
WAN004,2023-10-30 10:20:00,210.79,
WAN004,2023-10-30 10:30:00,210.79,
WAN004,2023-10-30 10:40:00,210.79,
WAN004,2023-10-30 10:50:00,210.79,
WAN004,2023-10-30 11:00:00,210.79,
WAN004,2023-10-30 11:10:00,210.78,
WAN004,2023-10-30 11:20:00,210.79,
WAN004,2023-10-30 11:30:00,210.79,
WAN004,2023-10-30 11:40:00,210.79,
WAN004,2023-10-30 11:50:00,210.79,
WAN004,2023-10-30 12:00:00,210.79,
WAN004,2023-10-30 12:10:00,210.79,
WAN004,2023-10-30 12:20:00,210.79,
WAN004,2023-10-30 12:30:00,210.79,
WAN004,2023-10-30 12:40:00,210.79,
WAN004,2023-10-30 12:50:00,210.79,
WAN004,2023-10-30 13:00:00,210.79,
WAN004,2023-10-30 13:10:00,210.8,
WAN004,2023-10-30 13:20:00,210.8,
WAN004,2023-10-30 13:30:00,210.8,
WAN004,2023-10-30 13:40:00,210.8,
WAN004,2023-10-30 13:50:00,210.8,
WAN004,2023-10-30 14:00:00,210.8,
WAN004,2023-10-30 14:10:00,210.81,
WAN004,2023-10-30 14:20:00,210.81,
WAN004,2023-10-30 14:30:00,210.81,
WAN004,2023-10-30 14:40:00,210.81,
WAN004,2023-10-30 14:50:00,210.81,
WAN004,2023-10-30 15:00:00,210.82,
WAN004,2023-10-30 15:10:00,210.82,
WAN004,2023-10-30 15:20:00,210.82,
WAN004,2023-10-30 15:30:00,210.82,
WAN004,2023-10-30 15:40:00,210.82,
WAN004,2023-10-30 15:50:00,210.82,
WAN004,2023-10-30 16:00:00,210.82,
WAN004,2023-10-30 16:10:00,210.83,
WAN004,2023-10-30 16:20:00,210.83,
WAN004,2023-10-30 16:30:00,210.83,
WAN004,2023-10-30 16:40:00,210.82,
WAN004,2023-10-30 16:50:00,210.84,
WAN004,2023-10-30 17:00:00,210.84,
WAN004,2023-10-30 17:10:00,210.84,
WAN004,2023-10-30 17:20:00,210.84,
WAN004,2023-10-30 17:30:00,210.84,
WAN004,2023-10-30 17:40:00,210.85,
WAN004,2023-10-30 17:50:00,210.85,
WAN004,2023-10-30 18:00:00,210.85,
WAN004,2023-10-30 18:10:00,210.85,
WAN004,2023-10-30 18:20:00,210.85,
WAN004,2023-10-30 18:30:00,210.85,
WAN004,2023-10-30 18:40:00,210.86,
WAN004,2023-10-30 18:50:00,210.85,
WAN004,2023-10-30 19:00:00,210.85,
WAN004,2023-10-30 19:10:00,210.85,
WAN004,2023-10-30 19:20:00,210.85,
WAN004,2023-10-30 19:30:00,210.85,
WAN004,2023-10-30 19:40:00,210.85,
WAN004,2023-10-30 19:50:00,210.85,
WAN004,2023-10-30 20:00:00,210.85,
WAN004,2023-10-30 20:10:00,210.84,
WAN004,2023-10-30 20:20:00,210.84,
WAN004,2023-10-30 20:30:00,210.84,
WAN004,2023-10-30 20:40:00,210.84,
WAN004,2023-10-30 20:50:00,210.84,
WAN004,2023-10-30 21:00:00,210.84,
WAN004,2023-10-30 21:10:00,210.83,
WAN004,2023-10-30 21:20:00,210.83,
WAN004,2023-10-30 21:30:00,210.83,
WAN004,2023-10-30 21:40:00,210.83,
WAN004,2023-10-30 21:50:00,210.83,
WAN004,2023-10-30 22:00:00,210.83,
WAN004,2023-10-30 22:10:00,210.83,
WAN004,2023-10-30 22:20:00,210.83,
WAN004,2023-10-30 22:30:00,210.82,
WAN004,2023-10-30 22:40:00,210.83,
WAN004,2023-10-30 22:50:00,210.83,
WAN004,2023-10-30 23:00:00,210.83,
WAN004,2023-10-30 23:10:00,210.83,
WAN004,2023-10-30 23:20:00,210.83,
WAN004,2023-10-30 23:30:00,210.84,
WAN004,2023-10-30 23:40:00,210.83,
WAN004,2023-10-30 23:50:00,210.83,
WAN004,2023-10-31 00:00:00,210.84,
WAN004,2023-10-31 00:10:00,210.83,
WAN004,2023-10-31 00:20:00,210.84,
WAN004,2023-10-31 00:30:00,210.84,
WAN004,2023-10-31 00:40:00,210.84,
WAN004,2023-10-31 00:50:00,210.84,
WAN004,2023-10-31 01:00:00,210.82,
WAN004,2023-10-31 01:10:00,210.84,
WAN004,2023-10-31 01:20:00,210.84,
WAN004,2023-10-31 01:30:00,210.84,
WAN004,2023-10-31 01:40:00,210.85,
WAN004,2023-10-31 01:50:00,210.84,
WAN004,2023-10-31 02:00:00,210.85,
WAN004,2023-10-31 02:10:00,210.85,
WAN004,2023-10-31 02:20:00,210.85,
WAN004,2023-10-31 02:30:00,210.85,
WAN004,2023-10-31 02:40:00,210.85,
WAN004,2023-10-31 02:50:00,210.86,
WAN004,2023-10-31 03:00:00,210.86,
WAN004,2023-10-31 03:10:00,210.86,
WAN004,2023-10-31 03:20:00,210.86,
WAN004,2023-10-31 03:30:00,210.86,
WAN004,2023-10-31 03:40:00,210.86,
WAN004,2023-10-31 03:50:00,210.86,
WAN004,2023-10-31 04:00:00,210.87,
WAN004,2023-10-31 04:10:00,210.86,
WAN004,2023-10-31 04:20:00,210.87,
WAN004,2023-10-31 04:30:00,210.87,
WAN004,2023-10-31 04:40:00,210.87,
WAN004,2023-10-31 04:50:00,210.87,
WAN004,2023-10-31 05:00:00,210.87,
WAN004,2023-10-31 05:10:00,210.88,
WAN004,2023-10-31 05:20:00,210.87,
WAN004,2023-10-31 05:30:00,210.88,
WAN004,2023-10-31 05:40:00,210.89,
WAN004,2023-10-31 05:50:00,210.89,
WAN004,2023-10-31 06:00:00,210.88,
WAN004,2023-10-31 06:10:00,210.89,
WAN004,2023-10-31 06:20:00,210.89,
WAN004,2023-10-31 06:30:00,210.9,
WAN004,2023-10-31 06:40:00,210.9,
WAN004,2023-10-31 06:50:00,210.91,
WAN004,2023-10-31 07:00:00,210.91,
WAN004,2023-10-31 07:10:00,210.91,
WAN004,2023-10-31 07:20:00,210.91,
WAN004,2023-10-31 07:30:00,210.92,
WAN004,2023-10-31 07:40:00,210.93,
WAN004,2023-10-31 07:50:00,210.93,
WAN004,2023-10-31 08:00:00,210.94,
WAN004,2023-10-31 08:10:00,210.94,
WAN004,2023-10-31 08:20:00,210.95,
WAN004,2023-10-31 08:30:00,210.95,
WAN004,2023-10-31 08:40:00,210.96,
WAN004,2023-10-31 08:50:00,210.97,
WAN004,2023-10-31 09:00:00,210.97,
WAN004,2023-10-31 09:10:00,210.98,
WAN004,2023-10-31 09:20:00,210.98,
WAN004,2023-10-31 09:30:00,211,
WAN004,2023-10-31 09:40:00,211,
WAN004,2023-10-31 09:50:00,211.01,
WAN004,2023-10-31 10:00:00,211.02,
WAN004,2023-10-31 10:10:00,211.03,
WAN004,2023-10-31 10:20:00,211.03,
WAN004,2023-10-31 10:30:00,211.04,
WAN004,2023-10-31 10:40:00,211.05,
WAN004,2023-10-31 10:50:00,211.06,
WAN004,2023-10-31 11:00:00,211.08,
WAN004,2023-10-31 11:10:00,211.09,
WAN004,2023-10-31 11:20:00,211.1,
WAN004,2023-10-31 11:30:00,211.12,
WAN004,2023-10-31 11:40:00,211.13,
WAN004,2023-10-31 11:50:00,211.15,
WAN004,2023-10-31 12:00:00,211.17,
WAN004,2023-10-31 12:10:00,211.18,
WAN004,2023-10-31 12:20:00,211.19,
WAN004,2023-10-31 12:30:00,211.21,
WAN004,2023-10-31 12:40:00,211.22,
WAN004,2023-10-31 12:50:00,211.23,
WAN004,2023-10-31 13:00:00,211.23,
WAN004,2023-10-31 13:10:00,211.24,
WAN004,2023-10-31 13:20:00,211.26,
WAN004,2023-10-31 13:30:00,211.26,
WAN004,2023-10-31 13:40:00,211.26,
WAN004,2023-10-31 13:50:00,211.27,
WAN004,2023-10-31 14:00:00,211.27,
WAN004,2023-10-31 14:10:00,211.28,
WAN004,2023-10-31 14:20:00,211.28,
WAN004,2023-10-31 14:30:00,211.29,
WAN004,2023-10-31 14:40:00,211.29,
WAN004,2023-10-31 14:50:00,211.28,
WAN004,2023-10-31 15:00:00,211.29,
WAN004,2023-10-31 15:10:00,211.29,
WAN004,2023-10-31 15:20:00,211.29,
WAN004,2023-10-31 15:30:00,211.29,
WAN004,2023-10-31 15:40:00,211.29,
WAN004,2023-10-31 15:50:00,211.29,
WAN004,2023-10-31 16:00:00,211.29,
WAN004,2023-10-31 16:10:00,211.29,
WAN004,2023-10-31 16:20:00,211.29,
WAN004,2023-10-31 16:30:00,211.29,
WAN004,2023-10-31 16:40:00,211.29,
WAN004,2023-10-31 16:50:00,211.29,
WAN004,2023-10-31 17:00:00,211.29,
WAN004,2023-10-31 17:10:00,211.29,
WAN004,2023-10-31 17:20:00,211.29,
WAN004,2023-10-31 17:30:00,211.29,
WAN004,2023-10-31 17:40:00,211.29,
WAN004,2023-10-31 17:50:00,211.29,
WAN004,2023-10-31 18:00:00,211.29,
WAN004,2023-10-31 18:10:00,211.3,
WAN004,2023-10-31 18:20:00,211.29,
WAN004,2023-10-31 18:30:00,211.3,
WAN004,2023-10-31 18:40:00,211.3,
WAN004,2023-10-31 18:50:00,211.3,
WAN004,2023-10-31 19:00:00,-,
WAN004,2023-10-31 19:10:00,211.3,
WAN004,2023-10-31 19:20:00,211.3,
WAN004,2023-10-31 19:30:00,211.3,
WAN004,2023-10-31 19:40:00,211.31,
WAN004,2023-10-31 19:50:00,211.3,
WAN004,2023-10-31 20:00:00,211.31,
WAN004,2023-10-31 20:10:00,211.31,
WAN004,2023-10-31 20:20:00,211.31,
WAN004,2023-10-31 20:30:00,211.3,
WAN004,2023-10-31 20:40:00,211.3,
WAN004,2023-10-31 20:50:00,211.31,
WAN004,2023-10-31 21:00:00,211.31,
WAN004,2023-10-31 21:10:00,211.31,
WAN004,2023-10-31 21:20:00,211.31,
WAN004,2023-10-31 21:30:00,211.31,
WAN004,2023-10-31 21:40:00,211.31,
WAN004,2023-10-31 21:50:00,211.31,
WAN004,2023-10-31 22:00:00,211.31,
WAN004,2023-10-31 22:10:00,211.31,
WAN004,2023-10-31 22:20:00,211.31,
WAN004,2023-10-31 22:30:00,211.31,
WAN004,2023-10-31 22:40:00,211.31,
WAN004,2023-10-31 22:50:00,211.31,
WAN004,2023-10-31 23:00:00,211.31,
WAN004,2023-10-31 23:10:00,211.3,
WAN004,2023-10-31 23:20:00,211.31,
WAN004,2023-10-31 23:30:00,211.3,
WAN004,2023-10-31 23:40:00,211.3,
WAN004,2023-10-31 23:50:00,211.31,
WAN001,2023-10-01 00:00:00,139.19,
WAN001,2023-10-01 00:10:00,139.2,
WAN001,2023-10-01 00:20:00,-,
WAN001,2023-10-01 00:30:00,139.19,
WAN001,2023-10-01 00:40:00,139.18,
WAN001,2023-10-01 00:50:00,139.2,
WAN001,2023-10-01 01:00:00,139.2,
WAN001,2023-10-01 01:10:00,139.19,
WAN001,2023-10-01 01:20:00,139.19,
WAN001,2023-10-01 01:30:00,139.19,
WAN001,2023-10-01 01:40:00,139.2,
WAN001,2023-10-01 01:50:00,139.2,
WAN001,2023-10-01 02:00:00,139.2,
WAN001,2023-10-01 02:10:00,139.19,
WAN001,2023-10-01 02:20:00,139.18,
WAN001,2023-10-01 02:30:00,139.19,
WAN001,2023-10-01 02:40:00,139.19,
WAN001,2023-10-01 02:50:00,139.19,
WAN001,2023-10-01 03:00:00,139.19,
WAN001,2023-10-01 03:10:00,139.19,
WAN001,2023-10-01 03:20:00,139.19,
WAN001,2023-10-01 03:30:00,139.19,
WAN001,2023-10-01 03:40:00,139.19,
WAN001,2023-10-01 03:50:00,139.19,
WAN001,2023-10-01 04:00:00,139.18,
WAN001,2023-10-01 04:10:00,139.18,
WAN001,2023-10-01 04:20:00,139.19,
WAN001,2023-10-01 04:30:00,139.19,
WAN001,2023-10-01 04:40:00,139.19,
WAN001,2023-10-01 04:50:00,139.19,
WAN001,2023-10-01 05:00:00,139.17,
WAN001,2023-10-01 05:10:00,139.19,
WAN001,2023-10-01 05:20:00,139.17,
WAN001,2023-10-01 05:30:00,139.18,
WAN001,2023-10-01 05:40:00,139.18,
WAN001,2023-10-01 05:50:00,139.19,
WAN001,2023-10-01 06:00:00,139.19,
WAN001,2023-10-01 06:10:00,139.18,
WAN001,2023-10-01 06:20:00,139.18,
WAN001,2023-10-01 06:30:00,139.2,
WAN001,2023-10-01 06:40:00,139.19,
WAN001,2023-10-01 06:50:00,139.18,
WAN001,2023-10-01 07:00:00,139.18,
WAN001,2023-10-01 07:10:00,139.18,
WAN001,2023-10-01 07:20:00,139.18,
WAN001,2023-10-01 07:30:00,139.17,
WAN001,2023-10-01 07:40:00,139.19,
WAN001,2023-10-01 07:50:00,139.18,
WAN001,2023-10-01 08:00:00,139.19,
WAN001,2023-10-01 08:10:00,139.19,
WAN001,2023-10-01 08:20:00,139.18,
WAN001,2023-10-01 08:30:00,139.17,
WAN001,2023-10-01 08:40:00,139.18,
WAN001,2023-10-01 08:50:00,139.18,
WAN001,2023-10-01 09:00:00,139.18,
WAN001,2023-10-01 09:10:00,139.18,
WAN001,2023-10-01 09:20:00,139.18,
WAN001,2023-10-01 09:30:00,139.19,
WAN001,2023-10-01 09:40:00,139.18,
WAN001,2023-10-01 09:50:00,139.18,
WAN001,2023-10-01 10:00:00,139.18,
WAN001,2023-10-01 10:10:00,139.18,
WAN001,2023-10-01 10:20:00,139.18,
WAN001,2023-10-01 10:30:00,139.19,
WAN001,2023-10-01 10:40:00,139.19,
WAN001,2023-10-01 10:50:00,139.19,
WAN001,2023-10-01 11:00:00,139.19,
WAN001,2023-10-01 11:10:00,139.19,
WAN001,2023-10-01 11:20:00,139.19,
WAN001,2023-10-01 11:30:00,139.2,
WAN001,2023-10-01 11:40:00,139.2,
WAN001,2023-10-01 11:50:00,139.19,
WAN001,2023-10-01 12:00:00,139.21,
WAN001,2023-10-01 12:10:00,139.2,
WAN001,2023-10-01 12:20:00,139.2,
WAN001,2023-10-01 12:30:00,139.2,
WAN001,2023-10-01 12:40:00,139.21,
WAN001,2023-10-01 12:50:00,139.21,
WAN001,2023-10-01 13:00:00,139.21,
WAN001,2023-10-01 13:10:00,139.22,
WAN001,2023-10-01 13:20:00,139.22,
WAN001,2023-10-01 13:30:00,139.21,
WAN001,2023-10-01 13:40:00,139.22,
WAN001,2023-10-01 13:50:00,139.22,
WAN001,2023-10-01 14:00:00,139.23,
WAN001,2023-10-01 14:10:00,139.23,
WAN001,2023-10-01 14:20:00,139.23,
WAN001,2023-10-01 14:30:00,-,
WAN001,2023-10-01 14:40:00,139.22,
WAN001,2023-10-01 14:50:00,139.24,
WAN001,2023-10-01 15:00:00,139.23,
WAN001,2023-10-01 15:10:00,139.23,
WAN001,2023-10-01 15:20:00,139.23,
WAN001,2023-10-01 15:30:00,139.23,
WAN001,2023-10-01 15:40:00,139.25,
WAN001,2023-10-01 15:50:00,139.24,
WAN001,2023-10-01 16:00:00,139.23,
WAN001,2023-10-01 16:10:00,139.24,
WAN001,2023-10-01 16:20:00,139.25,
WAN001,2023-10-01 16:30:00,139.26,
WAN001,2023-10-01 16:40:00,139.24,
WAN001,2023-10-01 16:50:00,139.25,
WAN001,2023-10-01 17:00:00,139.25,
WAN001,2023-10-01 17:10:00,139.25,
WAN001,2023-10-01 17:20:00,139.25,
WAN001,2023-10-01 17:30:00,139.25,
WAN001,2023-10-01 17:40:00,139.26,
WAN001,2023-10-01 17:50:00,139.25,
WAN001,2023-10-01 18:00:00,139.27,
WAN001,2023-10-01 18:10:00,139.26,
WAN001,2023-10-01 18:20:00,139.26,
WAN001,2023-10-01 18:30:00,139.26,
WAN001,2023-10-01 18:40:00,139.27,
WAN001,2023-10-01 18:50:00,139.27,
WAN001,2023-10-01 19:00:00,139.27,
WAN001,2023-10-01 19:10:00,139.27,
WAN001,2023-10-01 19:20:00,139.27,
WAN001,2023-10-01 19:30:00,139.27,
WAN001,2023-10-01 19:40:00,139.28,
WAN001,2023-10-01 19:50:00,139.28,
WAN001,2023-10-01 20:00:00,139.28,
WAN001,2023-10-01 20:10:00,139.28,
WAN001,2023-10-01 20:20:00,139.27,
WAN001,2023-10-01 20:30:00,139.27,
WAN001,2023-10-01 20:40:00,139.27,
WAN001,2023-10-01 20:50:00,139.27,
WAN001,2023-10-01 21:00:00,139.27,
WAN001,2023-10-01 21:10:00,139.25,
WAN001,2023-10-01 21:20:00,139.27,
WAN001,2023-10-01 21:30:00,139.26,
WAN001,2023-10-01 21:40:00,139.26,
WAN001,2023-10-01 21:50:00,139.26,
WAN001,2023-10-01 22:00:00,139.25,
WAN001,2023-10-01 22:10:00,139.24,
WAN001,2023-10-01 22:20:00,139.23,
WAN001,2023-10-01 22:30:00,139.24,
WAN001,2023-10-01 22:40:00,139.23,
WAN001,2023-10-01 22:50:00,139.22,
WAN001,2023-10-01 23:00:00,139.21,
WAN001,2023-10-01 23:10:00,139.2,
WAN001,2023-10-01 23:20:00,139.19,
WAN001,2023-10-01 23:30:00,139.19,
WAN001,2023-10-01 23:40:00,139.18,
WAN001,2023-10-01 23:50:00,139.17,
WAN001,2023-10-02 00:00:00,139.16,
WAN001,2023-10-02 00:10:00,139.15,
WAN001,2023-10-02 00:20:00,139.13,
WAN001,2023-10-02 00:30:00,139.13,
WAN001,2023-10-02 00:40:00,139.11,
WAN001,2023-10-02 00:50:00,139.1,
WAN001,2023-10-02 01:00:00,139.09,
WAN001,2023-10-02 01:10:00,139.07,
WAN001,2023-10-02 01:20:00,139.06,
WAN001,2023-10-02 01:30:00,139.05,
WAN001,2023-10-02 01:40:00,139.03,
WAN001,2023-10-02 01:50:00,139.01,
WAN001,2023-10-02 02:00:00,139,
WAN001,2023-10-02 02:10:00,138.98,
WAN001,2023-10-02 02:20:00,138.96,
WAN001,2023-10-02 02:30:00,138.96,
WAN001,2023-10-02 02:40:00,138.95,
WAN001,2023-10-02 02:50:00,138.93,
WAN001,2023-10-02 03:00:00,138.91,
WAN001,2023-10-02 03:10:00,138.9,
WAN001,2023-10-02 03:20:00,138.89,
WAN001,2023-10-02 03:30:00,138.88,
WAN001,2023-10-02 03:40:00,138.86,
WAN001,2023-10-02 03:50:00,138.84,
WAN001,2023-10-02 04:00:00,138.81,
WAN001,2023-10-02 04:10:00,138.81,
WAN001,2023-10-02 04:20:00,138.78,
WAN001,2023-10-02 04:30:00,138.77,
WAN001,2023-10-02 04:40:00,138.75,
WAN001,2023-10-02 04:50:00,138.74,
WAN001,2023-10-02 05:00:00,138.73,
WAN001,2023-10-02 05:10:00,138.72,
WAN001,2023-10-02 05:20:00,138.69,
WAN001,2023-10-02 05:30:00,138.68,
WAN001,2023-10-02 05:40:00,138.67,
WAN001,2023-10-02 05:50:00,138.65,
WAN001,2023-10-02 06:00:00,138.66,
WAN001,2023-10-02 06:10:00,138.64,
WAN001,2023-10-02 06:20:00,138.63,
WAN001,2023-10-02 06:30:00,138.61,
WAN001,2023-10-02 06:40:00,138.61,
WAN001,2023-10-02 06:50:00,138.58,
WAN001,2023-10-02 07:00:00,138.58,
WAN001,2023-10-02 07:10:00,138.57,
WAN001,2023-10-02 07:20:00,138.58,
WAN001,2023-10-02 07:30:00,138.56,
WAN001,2023-10-02 07:40:00,138.55,
WAN001,2023-10-02 07:50:00,138.55,
WAN001,2023-10-02 08:00:00,138.53,
WAN001,2023-10-02 08:10:00,138.52,
WAN001,2023-10-02 08:20:00,138.51,
WAN001,2023-10-02 08:30:00,138.5,
WAN001,2023-10-02 08:40:00,138.5,
WAN001,2023-10-02 08:50:00,138.49,
WAN001,2023-10-02 09:00:00,138.48,
WAN001,2023-10-02 09:10:00,138.48,
WAN001,2023-10-02 09:20:00,138.49,
WAN001,2023-10-02 09:30:00,138.47,
WAN001,2023-10-02 09:40:00,138.47,
WAN001,2023-10-02 09:50:00,138.49,
WAN001,2023-10-02 10:00:00,138.48,
WAN001,2023-10-02 10:10:00,138.47,
WAN001,2023-10-02 10:20:00,138.47,
WAN001,2023-10-02 10:30:00,138.46,
WAN001,2023-10-02 10:40:00,138.45,
WAN001,2023-10-02 10:50:00,138.47,
WAN001,2023-10-02 11:00:00,138.46,
WAN001,2023-10-02 11:10:00,138.47,
WAN001,2023-10-02 11:20:00,138.45,
WAN001,2023-10-02 11:30:00,138.45,
WAN001,2023-10-02 11:40:00,138.45,
WAN001,2023-10-02 11:50:00,138.45,
WAN001,2023-10-02 12:00:00,138.46,
WAN001,2023-10-02 12:10:00,138.45,
WAN001,2023-10-02 12:20:00,138.44,
WAN001,2023-10-02 12:30:00,138.44,
WAN001,2023-10-02 12:40:00,138.46,
WAN001,2023-10-02 12:50:00,138.45,
WAN001,2023-10-02 13:00:00,138.44,
WAN001,2023-10-02 13:10:00,138.45,
WAN001,2023-10-02 13:20:00,138.45,
WAN001,2023-10-02 13:30:00,138.45,
WAN001,2023-10-02 13:40:00,138.45,
WAN001,2023-10-02 13:50:00,138.44,
WAN001,2023-10-02 14:00:00,138.45,
WAN001,2023-10-02 14:10:00,138.44,
WAN001,2023-10-02 14:20:00,138.44,
WAN001,2023-10-02 14:30:00,138.46,
WAN001,2023-10-02 14:40:00,138.43,
WAN001,2023-10-02 14:50:00,138.44,
WAN001,2023-10-02 15:00:00,138.45,
WAN001,2023-10-02 15:10:00,138.44,
WAN001,2023-10-02 15:20:00,138.44,
WAN001,2023-10-02 15:30:00,138.45,
WAN001,2023-10-02 15:40:00,138.44,
WAN001,2023-10-02 15:50:00,138.43,
WAN001,2023-10-02 16:00:00,138.44,
WAN001,2023-10-02 16:10:00,138.43,
WAN001,2023-10-02 16:20:00,138.45,
WAN001,2023-10-02 16:30:00,138.44,
WAN001,2023-10-02 16:40:00,138.44,
WAN001,2023-10-02 16:50:00,138.43,
WAN001,2023-10-02 17:00:00,138.44,
WAN001,2023-10-02 17:10:00,138.42,
WAN001,2023-10-02 17:20:00,138.42,
WAN001,2023-10-02 17:30:00,138.44,
WAN001,2023-10-02 17:40:00,138.44,
WAN001,2023-10-02 17:50:00,138.45,
WAN001,2023-10-02 18:00:00,138.44,
WAN001,2023-10-02 18:10:00,138.43,
WAN001,2023-10-02 18:20:00,138.43,
WAN001,2023-10-02 18:30:00,138.43,
WAN001,2023-10-02 18:40:00,138.45,
WAN001,2023-10-02 18:50:00,138.45,
WAN001,2023-10-02 19:00:00,138.44,
WAN001,2023-10-02 19:10:00,138.42,
WAN001,2023-10-02 19:20:00,138.44,
WAN001,2023-10-02 19:30:00,138.43,
WAN001,2023-10-02 19:40:00,138.44,
WAN001,2023-10-02 19:50:00,138.43,
WAN001,2023-10-02 20:00:00,138.44,
WAN001,2023-10-02 20:10:00,138.43,
WAN001,2023-10-02 20:20:00,138.43,
WAN001,2023-10-02 20:30:00,138.42,
WAN001,2023-10-02 20:40:00,138.43,
WAN001,2023-10-02 20:50:00,138.42,
WAN001,2023-10-02 21:00:00,138.43,
WAN001,2023-10-02 21:10:00,138.43,
WAN001,2023-10-02 21:20:00,138.41,
WAN001,2023-10-02 21:30:00,138.42,
WAN001,2023-10-02 21:40:00,138.42,
WAN001,2023-10-02 21:50:00,138.42,
WAN001,2023-10-02 22:00:00,138.42,
WAN001,2023-10-02 22:10:00,138.41,
WAN001,2023-10-02 22:20:00,138.42,
WAN001,2023-10-02 22:30:00,138.41,
WAN001,2023-10-02 22:40:00,138.4,
WAN001,2023-10-02 22:50:00,138.4,
WAN001,2023-10-02 23:00:00,138.39,
WAN001,2023-10-02 23:10:00,138.4,
WAN001,2023-10-02 23:20:00,138.39,
WAN001,2023-10-02 23:30:00,138.4,
WAN001,2023-10-02 23:40:00,138.4,
WAN001,2023-10-02 23:50:00,138.38,
WAN001,2023-10-03 00:00:00,138.39,
WAN001,2023-10-03 00:10:00,138.4,
WAN001,2023-10-03 00:20:00,138.39,
WAN001,2023-10-03 00:30:00,138.39,
WAN001,2023-10-03 00:40:00,138.39,
WAN001,2023-10-03 00:50:00,138.38,
WAN001,2023-10-03 01:00:00,138.37,
WAN001,2023-10-03 01:10:00,138.35,
WAN001,2023-10-03 01:20:00,138.38,
WAN001,2023-10-03 01:30:00,138.36,
WAN001,2023-10-03 01:40:00,138.36,
WAN001,2023-10-03 01:50:00,138.36,
WAN001,2023-10-03 02:00:00,138.36,
WAN001,2023-10-03 02:10:00,138.35,
WAN001,2023-10-03 02:20:00,138.37,
WAN001,2023-10-03 02:30:00,138.35,
WAN001,2023-10-03 02:40:00,138.34,
WAN001,2023-10-03 02:50:00,138.35,
WAN001,2023-10-03 03:00:00,138.36,
WAN001,2023-10-03 03:10:00,138.34,
WAN001,2023-10-03 03:20:00,138.32,
WAN001,2023-10-03 03:30:00,138.32,
WAN001,2023-10-03 03:40:00,138.32,
WAN001,2023-10-03 03:50:00,138.32,
WAN001,2023-10-03 04:00:00,138.31,
WAN001,2023-10-03 04:10:00,138.31,
WAN001,2023-10-03 04:20:00,138.31,
WAN001,2023-10-03 04:30:00,138.3,
WAN001,2023-10-03 04:40:00,138.29,
WAN001,2023-10-03 04:50:00,138.28,
WAN001,2023-10-03 05:00:00,138.29,
WAN001,2023-10-03 05:10:00,138.3,
WAN001,2023-10-03 05:20:00,138.29,
WAN001,2023-10-03 05:30:00,138.28,
WAN001,2023-10-03 05:40:00,138.29,
WAN001,2023-10-03 05:50:00,138.27,
WAN001,2023-10-03 06:00:00,138.26,
WAN001,2023-10-03 06:10:00,138.26,
WAN001,2023-10-03 06:20:00,138.27,
WAN001,2023-10-03 06:30:00,138.25,
WAN001,2023-10-03 06:40:00,138.23,
WAN001,2023-10-03 06:50:00,138.25,
WAN001,2023-10-03 07:00:00,138.23,
WAN001,2023-10-03 07:10:00,138.24,
WAN001,2023-10-03 07:20:00,138.23,
WAN001,2023-10-03 07:30:00,138.23,
WAN001,2023-10-03 07:40:00,138.24,
WAN001,2023-10-03 07:50:00,138.23,
WAN001,2023-10-03 08:00:00,138.22,
WAN001,2023-10-03 08:10:00,138.22,
WAN001,2023-10-03 08:20:00,138.21,
WAN001,2023-10-03 08:30:00,138.21,
WAN001,2023-10-03 08:40:00,138.2,
WAN001,2023-10-03 08:50:00,138.19,
WAN001,2023-10-03 09:00:00,138.2,
WAN001,2023-10-03 09:10:00,138.18,
WAN001,2023-10-03 09:20:00,138.18,
WAN001,2023-10-03 09:30:00,138.18,
WAN001,2023-10-03 09:40:00,138.18,
WAN001,2023-10-03 09:50:00,138.17,
WAN001,2023-10-03 10:00:00,138.16,
WAN001,2023-10-03 10:10:00,138.17,
WAN001,2023-10-03 10:20:00,138.15,
WAN001,2023-10-03 10:30:00,138.17,
WAN001,2023-10-03 10:40:00,138.16,
WAN001,2023-10-03 10:50:00,138.14,
WAN001,2023-10-03 11:00:00,138.16,
WAN001,2023-10-03 11:10:00,138.14,
WAN001,2023-10-03 11:20:00,138.14,
WAN001,2023-10-03 11:30:00,138.14,
WAN001,2023-10-03 11:40:00,138.12,
WAN001,2023-10-03 11:50:00,138.13,
WAN001,2023-10-03 12:00:00,138.12,
WAN001,2023-10-03 12:10:00,138.11,
WAN001,2023-10-03 12:20:00,138.11,
WAN001,2023-10-03 12:30:00,138.1,
WAN001,2023-10-03 12:40:00,138.09,
WAN001,2023-10-03 12:50:00,138.08,
WAN001,2023-10-03 13:00:00,138.09,
WAN001,2023-10-03 13:10:00,138.07,
WAN001,2023-10-03 13:20:00,138.06,
WAN001,2023-10-03 13:30:00,138.08,
WAN001,2023-10-03 13:40:00,138.08,
WAN001,2023-10-03 13:50:00,138.07,
WAN001,2023-10-03 14:00:00,138.08,
WAN001,2023-10-03 14:10:00,138.08,
WAN001,2023-10-03 14:20:00,138.07,
WAN001,2023-10-03 14:30:00,138.06,
WAN001,2023-10-03 14:40:00,138.07,
WAN001,2023-10-03 14:50:00,138.05,
WAN001,2023-10-03 15:00:00,138.06,
WAN001,2023-10-03 15:10:00,138.06,
WAN001,2023-10-03 15:20:00,138.06,
WAN001,2023-10-03 15:30:00,138.04,
WAN001,2023-10-03 15:40:00,138.03,
WAN001,2023-10-03 15:50:00,138.03,
WAN001,2023-10-03 16:00:00,138.01,
WAN001,2023-10-03 16:10:00,138.03,
WAN001,2023-10-03 16:20:00,138.02,
WAN001,2023-10-03 16:30:00,138.02,
WAN001,2023-10-03 16:40:00,138.02,
WAN001,2023-10-03 16:50:00,137.99,
WAN001,2023-10-03 17:00:00,138.01,
WAN001,2023-10-03 17:10:00,138,
WAN001,2023-10-03 17:20:00,137.99,
WAN001,2023-10-03 17:30:00,138,
WAN001,2023-10-03 17:40:00,137.99,
WAN001,2023-10-03 17:50:00,137.98,
WAN001,2023-10-03 18:00:00,137.98,
WAN001,2023-10-03 18:10:00,137.98,
WAN001,2023-10-03 18:20:00,137.97,
WAN001,2023-10-03 18:30:00,137.97,
WAN001,2023-10-03 18:40:00,137.97,
WAN001,2023-10-03 18:50:00,137.96,
WAN001,2023-10-03 19:00:00,137.96,
WAN001,2023-10-03 19:10:00,137.96,
WAN001,2023-10-03 19:20:00,137.94,
WAN001,2023-10-03 19:30:00,137.94,
WAN001,2023-10-03 19:40:00,137.95,
WAN001,2023-10-03 19:50:00,137.94,
WAN001,2023-10-03 20:00:00,137.93,
WAN001,2023-10-03 20:10:00,137.93,
WAN001,2023-10-03 20:20:00,137.92,
WAN001,2023-10-03 20:30:00,137.9,
WAN001,2023-10-03 20:40:00,137.9,
WAN001,2023-10-03 20:50:00,137.9,
WAN001,2023-10-03 21:00:00,137.89,
WAN001,2023-10-03 21:10:00,137.89,
WAN001,2023-10-03 21:20:00,137.88,
WAN001,2023-10-03 21:30:00,137.87,
WAN001,2023-10-03 21:40:00,137.88,
WAN001,2023-10-03 21:50:00,137.87,
WAN001,2023-10-03 22:00:00,137.86,
WAN001,2023-10-03 22:10:00,137.87,
WAN001,2023-10-03 22:20:00,137.85,
WAN001,2023-10-03 22:30:00,137.86,
WAN001,2023-10-03 22:40:00,137.86,
WAN001,2023-10-03 22:50:00,137.85,
WAN001,2023-10-03 23:00:00,137.81,
WAN001,2023-10-03 23:10:00,137.85,
WAN001,2023-10-03 23:20:00,137.83,
WAN001,2023-10-03 23:30:00,137.82,
WAN001,2023-10-03 23:40:00,137.82,
WAN001,2023-10-03 23:50:00,137.82,
WAN001,2023-10-04 00:00:00,137.81,
WAN001,2023-10-04 00:10:00,137.81,
WAN001,2023-10-04 00:20:00,137.81,
WAN001,2023-10-04 00:30:00,137.79,
WAN001,2023-10-04 00:40:00,137.79,
WAN001,2023-10-04 00:50:00,137.77,
WAN001,2023-10-04 01:00:00,137.79,
WAN001,2023-10-04 01:10:00,137.78,
WAN001,2023-10-04 01:20:00,137.78,
WAN001,2023-10-04 01:30:00,137.75,
WAN001,2023-10-04 01:40:00,137.77,
WAN001,2023-10-04 01:50:00,137.75,
WAN001,2023-10-04 02:00:00,137.76,
WAN001,2023-10-04 02:10:00,137.75,
WAN001,2023-10-04 02:20:00,137.74,
WAN001,2023-10-04 02:30:00,137.73,
WAN001,2023-10-04 02:40:00,137.73,
WAN001,2023-10-04 02:50:00,137.72,
WAN001,2023-10-04 03:00:00,137.72,
WAN001,2023-10-04 03:10:00,137.71,
WAN001,2023-10-04 03:20:00,137.7,
WAN001,2023-10-04 03:30:00,137.71,
WAN001,2023-10-04 03:40:00,137.7,
WAN001,2023-10-04 03:50:00,137.69,
WAN001,2023-10-04 04:00:00,137.69,
WAN001,2023-10-04 04:10:00,137.68,
WAN001,2023-10-04 04:20:00,137.67,
WAN001,2023-10-04 04:30:00,137.67,
WAN001,2023-10-04 04:40:00,137.66,
WAN001,2023-10-04 04:50:00,137.66,
WAN001,2023-10-04 05:00:00,137.64,
WAN001,2023-10-04 05:10:00,137.65,
WAN001,2023-10-04 05:20:00,137.64,
WAN001,2023-10-04 05:30:00,137.61,
WAN001,2023-10-04 05:40:00,137.62,
WAN001,2023-10-04 05:50:00,137.62,
WAN001,2023-10-04 06:00:00,137.6,
WAN001,2023-10-04 06:10:00,137.61,
WAN001,2023-10-04 06:20:00,137.61,
WAN001,2023-10-04 06:30:00,137.6,
WAN001,2023-10-04 06:40:00,137.6,
WAN001,2023-10-04 06:50:00,137.58,
WAN001,2023-10-04 07:00:00,137.58,
WAN001,2023-10-04 07:10:00,137.57,
WAN001,2023-10-04 07:20:00,137.56,
WAN001,2023-10-04 07:30:00,137.56,
WAN001,2023-10-04 07:40:00,137.55,
WAN001,2023-10-04 07:50:00,137.54,
WAN001,2023-10-04 08:00:00,137.54,
WAN001,2023-10-04 08:10:00,137.53,
WAN001,2023-10-04 08:20:00,137.52,
WAN001,2023-10-04 08:30:00,137.52,
WAN001,2023-10-04 08:40:00,137.51,
WAN001,2023-10-04 08:50:00,137.49,
WAN001,2023-10-04 09:00:00,137.49,
WAN001,2023-10-04 09:10:00,137.5,
WAN001,2023-10-04 09:20:00,137.48,
WAN001,2023-10-04 09:30:00,137.48,
WAN001,2023-10-04 09:40:00,137.48,
WAN001,2023-10-04 09:50:00,137.47,
WAN001,2023-10-04 10:00:00,137.47,
WAN001,2023-10-04 10:10:00,137.44,
WAN001,2023-10-04 10:20:00,137.44,
WAN001,2023-10-04 10:30:00,137.45,
WAN001,2023-10-04 10:40:00,137.43,
WAN001,2023-10-04 10:50:00,137.43,
WAN001,2023-10-04 11:00:00,137.42,
WAN001,2023-10-04 11:10:00,137.42,
WAN001,2023-10-04 11:20:00,137.4,
WAN001,2023-10-04 11:30:00,137.41,
WAN001,2023-10-04 11:40:00,137.4,
WAN001,2023-10-04 11:50:00,137.39,
WAN001,2023-10-04 12:00:00,137.38,
WAN001,2023-10-04 12:10:00,137.36,
WAN001,2023-10-04 12:20:00,137.37,
WAN001,2023-10-04 12:30:00,137.36,
WAN001,2023-10-04 12:40:00,137.34,
WAN001,2023-10-04 12:50:00,137.35,
WAN001,2023-10-04 13:00:00,137.34,
WAN001,2023-10-04 13:10:00,137.32,
WAN001,2023-10-04 13:20:00,137.32,
WAN001,2023-10-04 13:30:00,137.31,
WAN001,2023-10-04 13:40:00,137.32,
WAN001,2023-10-04 13:50:00,137.3,
WAN001,2023-10-04 14:00:00,137.28,
WAN001,2023-10-04 14:10:00,137.28,
WAN001,2023-10-04 14:20:00,137.27,
WAN001,2023-10-04 14:30:00,137.26,
WAN001,2023-10-04 14:40:00,137.24,
WAN001,2023-10-04 14:50:00,137.24,
WAN001,2023-10-04 15:00:00,137.23,
WAN001,2023-10-04 15:10:00,137.23,
WAN001,2023-10-04 15:20:00,137.22,
WAN001,2023-10-04 15:30:00,137.21,
WAN001,2023-10-04 15:40:00,137.2,
WAN001,2023-10-04 15:50:00,137.19,
WAN001,2023-10-04 16:00:00,137.19,
WAN001,2023-10-04 16:10:00,137.18,
WAN001,2023-10-04 16:20:00,137.18,
WAN001,2023-10-04 16:30:00,137.16,
WAN001,2023-10-04 16:40:00,137.15,
WAN001,2023-10-04 16:50:00,137.15,
WAN001,2023-10-04 17:00:00,137.13,
WAN001,2023-10-04 17:10:00,137.13,
WAN001,2023-10-04 17:20:00,137.13,
WAN001,2023-10-04 17:30:00,137.11,
WAN001,2023-10-04 17:40:00,137.11,
WAN001,2023-10-04 17:50:00,137.1,
WAN001,2023-10-04 18:00:00,137.09,
WAN001,2023-10-04 18:10:00,137.09,
WAN001,2023-10-04 18:20:00,137.08,
WAN001,2023-10-04 18:30:00,137.07,
WAN001,2023-10-04 18:40:00,137.05,
WAN001,2023-10-04 18:50:00,137.05,
WAN001,2023-10-04 19:00:00,137.04,
WAN001,2023-10-04 19:10:00,137.04,
WAN001,2023-10-04 19:20:00,137.03,
WAN001,2023-10-04 19:30:00,137.01,
WAN001,2023-10-04 19:40:00,137,
WAN001,2023-10-04 19:50:00,136.99,
WAN001,2023-10-04 20:00:00,136.98,
WAN001,2023-10-04 20:10:00,136.98,
WAN001,2023-10-04 20:20:00,136.98,
WAN001,2023-10-04 20:30:00,136.96,
WAN001,2023-10-04 20:40:00,136.96,
WAN001,2023-10-04 20:50:00,136.95,
WAN001,2023-10-04 21:00:00,136.94,
WAN001,2023-10-04 21:10:00,136.93,
WAN001,2023-10-04 21:20:00,136.93,
WAN001,2023-10-04 21:30:00,136.9,
WAN001,2023-10-04 21:40:00,136.9,
WAN001,2023-10-04 21:50:00,136.9,
WAN001,2023-10-04 22:00:00,136.89,
WAN001,2023-10-04 22:10:00,136.88,
WAN001,2023-10-04 22:20:00,136.87,
WAN001,2023-10-04 22:30:00,136.86,
WAN001,2023-10-04 22:40:00,136.85,
WAN001,2023-10-04 22:50:00,136.85,
WAN001,2023-10-04 23:00:00,136.84,
WAN001,2023-10-04 23:10:00,136.84,
WAN001,2023-10-04 23:20:00,136.83,
WAN001,2023-10-04 23:30:00,136.81,
WAN001,2023-10-04 23:40:00,136.81,
WAN001,2023-10-04 23:50:00,136.79,
WAN001,2023-10-05 00:00:00,136.79,
WAN001,2023-10-05 00:10:00,136.78,
WAN001,2023-10-05 00:20:00,136.77,
WAN001,2023-10-05 00:30:00,136.77,
WAN001,2023-10-05 00:40:00,136.76,
WAN001,2023-10-05 00:50:00,136.75,
WAN001,2023-10-05 01:00:00,136.74,
WAN001,2023-10-05 01:10:00,136.74,
WAN001,2023-10-05 01:20:00,136.72,
WAN001,2023-10-05 01:30:00,136.71,
WAN001,2023-10-05 01:40:00,136.7,
WAN001,2023-10-05 01:50:00,136.7,
WAN001,2023-10-05 02:00:00,136.69,
WAN001,2023-10-05 02:10:00,136.68,
WAN001,2023-10-05 02:20:00,136.68,
WAN001,2023-10-05 02:30:00,136.66,
WAN001,2023-10-05 02:40:00,136.66,
WAN001,2023-10-05 02:50:00,136.66,
WAN001,2023-10-05 03:00:00,136.65,
WAN001,2023-10-05 03:10:00,136.63,
WAN001,2023-10-05 03:20:00,136.64,
WAN001,2023-10-05 03:30:00,136.64,
WAN001,2023-10-05 03:40:00,136.62,
WAN001,2023-10-05 03:50:00,136.63,
WAN001,2023-10-05 04:00:00,136.62,
WAN001,2023-10-05 04:10:00,136.61,
WAN001,2023-10-05 04:20:00,136.6,
WAN001,2023-10-05 04:30:00,136.6,
WAN001,2023-10-05 04:40:00,136.59,
WAN001,2023-10-05 04:50:00,136.59,
WAN001,2023-10-05 05:00:00,136.59,
WAN001,2023-10-05 05:10:00,136.58,
WAN001,2023-10-05 05:20:00,136.58,
WAN001,2023-10-05 05:30:00,136.57,
WAN001,2023-10-05 05:40:00,136.57,
WAN001,2023-10-05 05:50:00,136.56,
WAN001,2023-10-05 06:00:00,136.56,
WAN001,2023-10-05 06:10:00,136.55,
WAN001,2023-10-05 06:20:00,136.55,
WAN001,2023-10-05 06:30:00,136.55,
WAN001,2023-10-05 06:40:00,136.54,
WAN001,2023-10-05 06:50:00,136.55,
WAN001,2023-10-05 07:00:00,136.54,
WAN001,2023-10-05 07:10:00,136.54,
WAN001,2023-10-05 07:20:00,136.54,
WAN001,2023-10-05 07:30:00,136.52,
WAN001,2023-10-05 07:40:00,136.53,
WAN001,2023-10-05 07:50:00,136.52,
WAN001,2023-10-05 08:00:00,136.52,
WAN001,2023-10-05 08:10:00,136.52,
WAN001,2023-10-05 08:20:00,136.51,
WAN001,2023-10-05 08:30:00,136.5,
WAN001,2023-10-05 08:40:00,136.49,
WAN001,2023-10-05 08:50:00,136.49,
WAN001,2023-10-05 09:00:00,136.5,
WAN001,2023-10-05 09:10:00,136.48,
WAN001,2023-10-05 09:20:00,136.48,
WAN001,2023-10-05 09:30:00,136.48,
WAN001,2023-10-05 09:40:00,136.47,
WAN001,2023-10-05 09:50:00,136.47,
WAN001,2023-10-05 10:00:00,136.46,
WAN001,2023-10-05 10:10:00,136.47,
WAN001,2023-10-05 10:20:00,136.45,
WAN001,2023-10-05 10:30:00,136.46,
WAN001,2023-10-05 10:40:00,136.44,
WAN001,2023-10-05 10:50:00,136.45,
WAN001,2023-10-05 11:00:00,136.44,
WAN001,2023-10-05 11:10:00,136.44,
WAN001,2023-10-05 11:20:00,136.42,
WAN001,2023-10-05 11:30:00,136.43,
WAN001,2023-10-05 11:40:00,136.41,
WAN001,2023-10-05 11:50:00,136.41,
WAN001,2023-10-05 12:00:00,136.4,
WAN001,2023-10-05 12:10:00,136.4,
WAN001,2023-10-05 12:20:00,136.4,
WAN001,2023-10-05 12:30:00,136.39,
WAN001,2023-10-05 12:40:00,136.38,
WAN001,2023-10-05 12:50:00,136.38,
WAN001,2023-10-05 13:00:00,136.38,
WAN001,2023-10-05 13:10:00,136.37,
WAN001,2023-10-05 13:20:00,136.37,
WAN001,2023-10-05 13:30:00,136.37,
WAN001,2023-10-05 13:40:00,136.36,
WAN001,2023-10-05 13:50:00,136.36,
WAN001,2023-10-05 14:00:00,136.36,
WAN001,2023-10-05 14:10:00,136.36,
WAN001,2023-10-05 14:20:00,136.34,
WAN001,2023-10-05 14:30:00,136.34,
WAN001,2023-10-05 14:40:00,136.34,
WAN001,2023-10-05 14:50:00,136.33,
WAN001,2023-10-05 15:00:00,136.32,
WAN001,2023-10-05 15:10:00,136.33,
WAN001,2023-10-05 15:20:00,136.33,
WAN001,2023-10-05 15:30:00,136.32,
WAN001,2023-10-05 15:40:00,136.31,
WAN001,2023-10-05 15:50:00,136.31,
WAN001,2023-10-05 16:00:00,136.31,
WAN001,2023-10-05 16:10:00,136.3,
WAN001,2023-10-05 16:20:00,136.3,
WAN001,2023-10-05 16:30:00,136.29,
WAN001,2023-10-05 16:40:00,136.29,
WAN001,2023-10-05 16:50:00,136.3,
WAN001,2023-10-05 17:00:00,136.3,
WAN001,2023-10-05 17:10:00,136.3,
WAN001,2023-10-05 17:20:00,136.29,
WAN001,2023-10-05 17:30:00,136.29,
WAN001,2023-10-05 17:40:00,136.3,
WAN001,2023-10-05 17:50:00,136.3,
WAN001,2023-10-05 18:00:00,136.29,
WAN001,2023-10-05 18:10:00,-,
WAN001,2023-10-05 18:20:00,136.29,
WAN001,2023-10-05 18:30:00,136.28,
WAN001,2023-10-05 18:40:00,136.29,
WAN001,2023-10-05 18:50:00,136.29,
WAN001,2023-10-05 19:00:00,136.29,
WAN001,2023-10-05 19:10:00,136.28,
WAN001,2023-10-05 19:20:00,136.28,
WAN001,2023-10-05 19:30:00,136.28,
WAN001,2023-10-05 19:40:00,136.28,
WAN001,2023-10-05 19:50:00,136.28,
WAN001,2023-10-05 20:00:00,136.28,
WAN001,2023-10-05 20:10:00,136.28,
WAN001,2023-10-05 20:20:00,136.27,
WAN001,2023-10-05 20:30:00,136.28,
WAN001,2023-10-05 20:40:00,136.27,
WAN001,2023-10-05 20:50:00,136.29,
WAN001,2023-10-05 21:00:00,136.28,
WAN001,2023-10-05 21:10:00,136.29,
WAN001,2023-10-05 21:20:00,136.29,
WAN001,2023-10-05 21:30:00,136.29,
WAN001,2023-10-05 21:40:00,136.28,
WAN001,2023-10-05 21:50:00,136.28,
WAN001,2023-10-05 22:00:00,136.27,
WAN001,2023-10-05 22:10:00,136.28,
WAN001,2023-10-05 22:20:00,136.27,
WAN001,2023-10-05 22:30:00,136.27,
WAN001,2023-10-05 22:40:00,136.27,
WAN001,2023-10-05 22:50:00,136.26,
WAN001,2023-10-05 23:00:00,136.26,
WAN001,2023-10-05 23:10:00,136.26,
WAN001,2023-10-05 23:20:00,136.25,
WAN001,2023-10-05 23:30:00,136.25,
WAN001,2023-10-05 23:40:00,136.25,
WAN001,2023-10-05 23:50:00,136.23,
WAN001,2023-10-06 00:00:00,136.23,
WAN001,2023-10-06 00:10:00,136.23,
WAN001,2023-10-06 00:20:00,136.23,
WAN001,2023-10-06 00:30:00,136.22,
WAN001,2023-10-06 00:40:00,136.22,
WAN001,2023-10-06 00:50:00,136.21,
WAN001,2023-10-06 01:00:00,136.21,
WAN001,2023-10-06 01:10:00,136.2,
WAN001,2023-10-06 01:20:00,136.2,
WAN001,2023-10-06 01:30:00,136.19,
WAN001,2023-10-06 01:40:00,136.2,
WAN001,2023-10-06 01:50:00,136.19,
WAN001,2023-10-06 02:00:00,136.18,
WAN001,2023-10-06 02:10:00,136.17,
WAN001,2023-10-06 02:20:00,136.17,
WAN001,2023-10-06 02:30:00,136.16,
WAN001,2023-10-06 02:40:00,136.16,
WAN001,2023-10-06 02:50:00,136.15,
WAN001,2023-10-06 03:00:00,136.15,
WAN001,2023-10-06 03:10:00,136.14,
WAN001,2023-10-06 03:20:00,136.14,
WAN001,2023-10-06 03:30:00,136.13,
WAN001,2023-10-06 03:40:00,136.12,
WAN001,2023-10-06 03:50:00,136.12,
WAN001,2023-10-06 04:00:00,136.11,
WAN001,2023-10-06 04:10:00,136.1,
WAN001,2023-10-06 04:20:00,136.1,
WAN001,2023-10-06 04:30:00,136.1,
WAN001,2023-10-06 04:40:00,136.1,
WAN001,2023-10-06 04:50:00,136.08,
WAN001,2023-10-06 05:00:00,136.07,
WAN001,2023-10-06 05:10:00,136.08,
WAN001,2023-10-06 05:20:00,136.07,
WAN001,2023-10-06 05:30:00,136.07,
WAN001,2023-10-06 05:40:00,136.06,
WAN001,2023-10-06 05:50:00,136.07,
WAN001,2023-10-06 06:00:00,136.06,
WAN001,2023-10-06 06:10:00,136.06,
WAN001,2023-10-06 06:20:00,136.05,
WAN001,2023-10-06 06:30:00,136.05,
WAN001,2023-10-06 06:40:00,136.04,
WAN001,2023-10-06 06:50:00,136.04,
WAN001,2023-10-06 07:00:00,136.03,
WAN001,2023-10-06 07:10:00,136.03,
WAN001,2023-10-06 07:20:00,136.01,
WAN001,2023-10-06 07:30:00,136.02,
WAN001,2023-10-06 07:40:00,136.01,
WAN001,2023-10-06 07:50:00,136.01,
WAN001,2023-10-06 08:00:00,136,
WAN001,2023-10-06 08:10:00,136,
WAN001,2023-10-06 08:20:00,135.99,
WAN001,2023-10-06 08:30:00,135.97,
WAN001,2023-10-06 08:40:00,135.98,
WAN001,2023-10-06 08:50:00,135.99,
WAN001,2023-10-06 09:00:00,135.98,
WAN001,2023-10-06 09:10:00,135.97,
WAN001,2023-10-06 09:20:00,135.97,
WAN001,2023-10-06 09:30:00,135.97,
WAN001,2023-10-06 09:40:00,135.96,
WAN001,2023-10-06 09:50:00,135.96,
WAN001,2023-10-06 10:00:00,135.96,
WAN001,2023-10-06 10:10:00,135.96,
WAN001,2023-10-06 10:20:00,135.96,
WAN001,2023-10-06 10:30:00,135.95,
WAN001,2023-10-06 10:40:00,135.95,
WAN001,2023-10-06 10:50:00,135.95,
WAN001,2023-10-06 11:00:00,135.96,
WAN001,2023-10-06 11:10:00,135.96,
WAN001,2023-10-06 11:20:00,135.96,
WAN001,2023-10-06 11:30:00,135.97,
WAN001,2023-10-06 11:40:00,135.97,
WAN001,2023-10-06 11:50:00,135.97,
WAN001,2023-10-06 12:00:00,135.98,
WAN001,2023-10-06 12:10:00,135.98,
WAN001,2023-10-06 12:20:00,135.98,
WAN001,2023-10-06 12:30:00,135.99,
WAN001,2023-10-06 12:40:00,135.99,
WAN001,2023-10-06 12:50:00,135.99,
WAN001,2023-10-06 13:00:00,136,
WAN001,2023-10-06 13:10:00,136,
WAN001,2023-10-06 13:20:00,136,
WAN001,2023-10-06 13:30:00,136,
WAN001,2023-10-06 13:40:00,136.01,
WAN001,2023-10-06 13:50:00,136.01,
WAN001,2023-10-06 14:00:00,136.01,
WAN001,2023-10-06 14:10:00,136.02,
WAN001,2023-10-06 14:20:00,136.02,
WAN001,2023-10-06 14:30:00,136.02,
WAN001,2023-10-06 14:40:00,136.03,
WAN001,2023-10-06 14:50:00,136.02,
WAN001,2023-10-06 15:00:00,136.02,
WAN001,2023-10-06 15:10:00,136.02,
WAN001,2023-10-06 15:20:00,136.03,
WAN001,2023-10-06 15:30:00,136.02,
WAN001,2023-10-06 15:40:00,136.03,
WAN001,2023-10-06 15:50:00,136.03,
WAN001,2023-10-06 16:00:00,136.02,
WAN001,2023-10-06 16:10:00,136.02,
WAN001,2023-10-06 16:20:00,136.02,
WAN001,2023-10-06 16:30:00,136.03,
WAN001,2023-10-06 16:40:00,136.03,
WAN001,2023-10-06 16:50:00,136.03,
WAN001,2023-10-06 17:00:00,136.02,
WAN001,2023-10-06 17:10:00,136.02,
WAN001,2023-10-06 17:20:00,136.02,
WAN001,2023-10-06 17:30:00,136.03,
WAN001,2023-10-06 17:40:00,136.03,
WAN001,2023-10-06 17:50:00,136.02,
WAN001,2023-10-06 18:00:00,136.02,
WAN001,2023-10-06 18:10:00,136.02,
WAN001,2023-10-06 18:20:00,136.02,
WAN001,2023-10-06 18:30:00,136.02,
WAN001,2023-10-06 18:40:00,136.02,
WAN001,2023-10-06 18:50:00,136.01,
WAN001,2023-10-06 19:00:00,136.01,
WAN001,2023-10-06 19:10:00,136.02,
WAN001,2023-10-06 19:20:00,136.02,
WAN001,2023-10-06 19:30:00,136.01,
WAN001,2023-10-06 19:40:00,136.01,
WAN001,2023-10-06 19:50:00,136.01,
WAN001,2023-10-06 20:00:00,136.01,
WAN001,2023-10-06 20:10:00,136.01,
WAN001,2023-10-06 20:20:00,136.01,
WAN001,2023-10-06 20:30:00,136.01,
WAN001,2023-10-06 20:40:00,136.01,
WAN001,2023-10-06 20:50:00,136.01,
WAN001,2023-10-06 21:00:00,136.01,
WAN001,2023-10-06 21:10:00,136.01,
WAN001,2023-10-06 21:20:00,136.01,
WAN001,2023-10-06 21:30:00,136.01,
WAN001,2023-10-06 21:40:00,136.01,
WAN001,2023-10-06 21:50:00,136.01,
WAN001,2023-10-06 22:00:00,136.01,
WAN001,2023-10-06 22:10:00,136,
WAN001,2023-10-06 22:20:00,136.01,
WAN001,2023-10-06 22:30:00,136,
WAN001,2023-10-06 22:40:00,136,
WAN001,2023-10-06 22:50:00,136,
WAN001,2023-10-06 23:00:00,136,
WAN001,2023-10-06 23:10:00,136,
WAN001,2023-10-06 23:20:00,135.99,
WAN001,2023-10-06 23:30:00,135.99,
WAN001,2023-10-06 23:40:00,135.99,
WAN001,2023-10-06 23:50:00,135.99,
WAN001,2023-10-07 00:00:00,136,
WAN001,2023-10-07 00:10:00,135.99,
WAN001,2023-10-07 00:20:00,135.99,
WAN001,2023-10-07 00:30:00,135.98,
WAN001,2023-10-07 00:40:00,135.99,
WAN001,2023-10-07 00:50:00,135.98,
WAN001,2023-10-07 01:00:00,135.98,
WAN001,2023-10-07 01:10:00,135.98,
WAN001,2023-10-07 01:20:00,135.99,
WAN001,2023-10-07 01:30:00,135.97,
WAN001,2023-10-07 01:40:00,135.97,
WAN001,2023-10-07 01:50:00,135.97,
WAN001,2023-10-07 02:00:00,135.97,
WAN001,2023-10-07 02:10:00,135.97,
WAN001,2023-10-07 02:20:00,135.97,
WAN001,2023-10-07 02:30:00,135.97,
WAN001,2023-10-07 02:40:00,135.96,
WAN001,2023-10-07 02:50:00,135.96,
WAN001,2023-10-07 03:00:00,-,
WAN001,2023-10-07 03:10:00,135.96,
WAN001,2023-10-07 03:20:00,135.95,
WAN001,2023-10-07 03:30:00,135.95,
WAN001,2023-10-07 03:40:00,135.95,
WAN001,2023-10-07 03:50:00,135.95,
WAN001,2023-10-07 04:00:00,135.95,
WAN001,2023-10-07 04:10:00,135.94,
WAN001,2023-10-07 04:20:00,135.94,
WAN001,2023-10-07 04:30:00,135.93,
WAN001,2023-10-07 04:40:00,135.94,
WAN001,2023-10-07 04:50:00,135.93,
WAN001,2023-10-07 05:00:00,135.93,
WAN001,2023-10-07 05:10:00,135.91,
WAN001,2023-10-07 05:20:00,135.92,
WAN001,2023-10-07 05:30:00,135.91,
WAN001,2023-10-07 05:40:00,135.92,
WAN001,2023-10-07 05:50:00,135.91,
WAN001,2023-10-07 06:00:00,135.91,
WAN001,2023-10-07 06:10:00,135.9,
WAN001,2023-10-07 06:20:00,135.9,
WAN001,2023-10-07 06:30:00,135.89,
WAN001,2023-10-07 06:40:00,135.89,
WAN001,2023-10-07 06:50:00,135.89,
WAN001,2023-10-07 07:00:00,135.88,
WAN001,2023-10-07 07:10:00,135.87,
WAN001,2023-10-07 07:20:00,135.87,
WAN001,2023-10-07 07:30:00,135.87,
WAN001,2023-10-07 07:40:00,135.86,
WAN001,2023-10-07 07:50:00,135.86,
WAN001,2023-10-07 08:00:00,135.86,
WAN001,2023-10-07 08:10:00,135.85,
WAN001,2023-10-07 08:20:00,135.84,
WAN001,2023-10-07 08:30:00,135.84,
WAN001,2023-10-07 08:40:00,135.84,
WAN001,2023-10-07 08:50:00,135.83,
WAN001,2023-10-07 09:00:00,135.83,
WAN001,2023-10-07 09:10:00,135.82,
WAN001,2023-10-07 09:20:00,135.82,
WAN001,2023-10-07 09:30:00,135.81,
WAN001,2023-10-07 09:40:00,135.81,
WAN001,2023-10-07 09:50:00,135.8,
WAN001,2023-10-07 10:00:00,135.81,
WAN001,2023-10-07 10:10:00,135.8,
WAN001,2023-10-07 10:20:00,135.79,
WAN001,2023-10-07 10:30:00,135.79,
WAN001,2023-10-07 10:40:00,135.79,
WAN001,2023-10-07 10:50:00,135.78,
WAN001,2023-10-07 11:00:00,135.78,
WAN001,2023-10-07 11:10:00,135.78,
WAN001,2023-10-07 11:20:00,135.77,
WAN001,2023-10-07 11:30:00,135.77,
WAN001,2023-10-07 11:40:00,135.76,
WAN001,2023-10-07 11:50:00,135.76,
WAN001,2023-10-07 12:00:00,135.76,
WAN001,2023-10-07 12:10:00,135.75,
WAN001,2023-10-07 12:20:00,135.74,
WAN001,2023-10-07 12:30:00,135.74,
WAN001,2023-10-07 12:40:00,135.74,
WAN001,2023-10-07 12:50:00,135.73,
WAN001,2023-10-07 13:00:00,135.73,
WAN001,2023-10-07 13:10:00,135.72,
WAN001,2023-10-07 13:20:00,135.72,
WAN001,2023-10-07 13:30:00,135.71,
WAN001,2023-10-07 13:40:00,135.71,
WAN001,2023-10-07 13:50:00,135.71,
WAN001,2023-10-07 14:00:00,135.7,
WAN001,2023-10-07 14:10:00,135.7,
WAN001,2023-10-07 14:20:00,135.69,
WAN001,2023-10-07 14:30:00,135.69,
WAN001,2023-10-07 14:40:00,135.69,
WAN001,2023-10-07 14:50:00,135.68,
WAN001,2023-10-07 15:00:00,135.68,
WAN001,2023-10-07 15:10:00,135.68,
WAN001,2023-10-07 15:20:00,135.67,
WAN001,2023-10-07 15:30:00,135.66,
WAN001,2023-10-07 15:40:00,135.67,
WAN001,2023-10-07 15:50:00,135.66,
WAN001,2023-10-07 16:00:00,135.66,
WAN001,2023-10-07 16:10:00,135.65,
WAN001,2023-10-07 16:20:00,135.65,
WAN001,2023-10-07 16:30:00,135.64,
WAN001,2023-10-07 16:40:00,135.63,
WAN001,2023-10-07 16:50:00,135.63,
WAN001,2023-10-07 17:00:00,135.63,
WAN001,2023-10-07 17:10:00,135.63,
WAN001,2023-10-07 17:20:00,135.61,
WAN001,2023-10-07 17:30:00,135.62,
WAN001,2023-10-07 17:40:00,135.61,
WAN001,2023-10-07 17:50:00,135.61,
WAN001,2023-10-07 18:00:00,135.6,
WAN001,2023-10-07 18:10:00,135.6,
WAN001,2023-10-07 18:20:00,135.59,
WAN001,2023-10-07 18:30:00,135.59,
WAN001,2023-10-07 18:40:00,135.59,
WAN001,2023-10-07 18:50:00,135.58,
WAN001,2023-10-07 19:00:00,135.58,
WAN001,2023-10-07 19:10:00,135.57,
WAN001,2023-10-07 19:20:00,135.57,
WAN001,2023-10-07 19:30:00,135.57,
WAN001,2023-10-07 19:40:00,135.56,
WAN001,2023-10-07 19:50:00,135.55,
WAN001,2023-10-07 20:00:00,135.55,
WAN001,2023-10-07 20:10:00,135.54,
WAN001,2023-10-07 20:20:00,135.54,
WAN001,2023-10-07 20:30:00,135.54,
WAN001,2023-10-07 20:40:00,135.54,
WAN001,2023-10-07 20:50:00,135.53,
WAN001,2023-10-07 21:00:00,135.52,
WAN001,2023-10-07 21:10:00,135.52,
WAN001,2023-10-07 21:20:00,135.52,
WAN001,2023-10-07 21:30:00,135.52,
WAN001,2023-10-07 21:40:00,135.51,
WAN001,2023-10-07 21:50:00,135.51,
WAN001,2023-10-07 22:00:00,135.5,
WAN001,2023-10-07 22:10:00,135.5,
WAN001,2023-10-07 22:20:00,135.5,
WAN001,2023-10-07 22:30:00,135.5,
WAN001,2023-10-07 22:40:00,135.49,
WAN001,2023-10-07 22:50:00,135.49,
WAN001,2023-10-07 23:00:00,135.48,
WAN001,2023-10-07 23:10:00,135.48,
WAN001,2023-10-07 23:20:00,135.47,
WAN001,2023-10-07 23:30:00,135.48,
WAN001,2023-10-07 23:40:00,135.47,
WAN001,2023-10-07 23:50:00,135.46,
WAN001,2023-10-08 00:00:00,135.46,
WAN001,2023-10-08 00:10:00,135.46,
WAN001,2023-10-08 00:20:00,135.45,
WAN001,2023-10-08 00:30:00,135.45,
WAN001,2023-10-08 00:40:00,135.45,
WAN001,2023-10-08 00:50:00,135.44,
WAN001,2023-10-08 01:00:00,135.44,
WAN001,2023-10-08 01:10:00,135.44,
WAN001,2023-10-08 01:20:00,135.43,
WAN001,2023-10-08 01:30:00,135.43,
WAN001,2023-10-08 01:40:00,135.43,
WAN001,2023-10-08 01:50:00,135.42,
WAN001,2023-10-08 02:00:00,135.42,
WAN001,2023-10-08 02:10:00,135.42,
WAN001,2023-10-08 02:20:00,135.42,
WAN001,2023-10-08 02:30:00,135.42,
WAN001,2023-10-08 02:40:00,135.41,
WAN001,2023-10-08 02:50:00,135.41,
WAN001,2023-10-08 03:00:00,135.4,
WAN001,2023-10-08 03:10:00,135.4,
WAN001,2023-10-08 03:20:00,135.4,
WAN001,2023-10-08 03:30:00,135.4,
WAN001,2023-10-08 03:40:00,135.4,
WAN001,2023-10-08 03:50:00,135.39,
WAN001,2023-10-08 04:00:00,135.39,
WAN001,2023-10-08 04:10:00,135.38,
WAN001,2023-10-08 04:20:00,135.39,
WAN001,2023-10-08 04:30:00,135.38,
WAN001,2023-10-08 04:40:00,135.38,
WAN001,2023-10-08 04:50:00,135.38,
WAN001,2023-10-08 05:00:00,135.37,
WAN001,2023-10-08 05:10:00,135.37,
WAN001,2023-10-08 05:20:00,135.37,
WAN001,2023-10-08 05:30:00,135.37,
WAN001,2023-10-08 05:40:00,135.37,
WAN001,2023-10-08 05:50:00,135.36,
WAN001,2023-10-08 06:00:00,135.35,
WAN001,2023-10-08 06:10:00,135.35,
WAN001,2023-10-08 06:20:00,135.35,
WAN001,2023-10-08 06:30:00,135.35,
WAN001,2023-10-08 06:40:00,135.35,
WAN001,2023-10-08 06:50:00,135.35,
WAN001,2023-10-08 07:00:00,135.34,
WAN001,2023-10-08 07:10:00,135.34,
WAN001,2023-10-08 07:20:00,135.34,
WAN001,2023-10-08 07:30:00,135.35,
WAN001,2023-10-08 07:40:00,135.34,
WAN001,2023-10-08 07:50:00,135.34,
WAN001,2023-10-08 08:00:00,135.34,
WAN001,2023-10-08 08:10:00,135.33,
WAN001,2023-10-08 08:20:00,135.33,
WAN001,2023-10-08 08:30:00,135.33,
WAN001,2023-10-08 08:40:00,135.33,
WAN001,2023-10-08 08:50:00,135.34,
WAN001,2023-10-08 09:00:00,135.33,
WAN001,2023-10-08 09:10:00,135.34,
WAN001,2023-10-08 09:20:00,135.34,
WAN001,2023-10-08 09:30:00,135.34,
WAN001,2023-10-08 09:40:00,135.33,
WAN001,2023-10-08 09:50:00,135.34,
WAN001,2023-10-08 10:00:00,135.34,
WAN001,2023-10-08 10:10:00,135.34,
WAN001,2023-10-08 10:20:00,135.35,
WAN001,2023-10-08 10:30:00,135.35,
WAN001,2023-10-08 10:40:00,135.36,
WAN001,2023-10-08 10:50:00,135.36,
WAN001,2023-10-08 11:00:00,135.36,
WAN001,2023-10-08 11:10:00,135.37,
WAN001,2023-10-08 11:20:00,135.38,
WAN001,2023-10-08 11:30:00,135.38,
WAN001,2023-10-08 11:40:00,135.39,
WAN001,2023-10-08 11:50:00,135.4,
WAN001,2023-10-08 12:00:00,135.41,
WAN001,2023-10-08 12:10:00,135.42,
WAN001,2023-10-08 12:20:00,135.42,
WAN001,2023-10-08 12:30:00,135.43,
WAN001,2023-10-08 12:40:00,135.44,
WAN001,2023-10-08 12:50:00,135.44,
WAN001,2023-10-08 13:00:00,135.46,
WAN001,2023-10-08 13:10:00,135.47,
WAN001,2023-10-08 13:20:00,135.48,
WAN001,2023-10-08 13:30:00,135.49,
WAN001,2023-10-08 13:40:00,135.5,
WAN001,2023-10-08 13:50:00,135.5,
WAN001,2023-10-08 14:00:00,135.52,
WAN001,2023-10-08 14:10:00,135.53,
WAN001,2023-10-08 14:20:00,135.53,
WAN001,2023-10-08 14:30:00,135.55,
WAN001,2023-10-08 14:40:00,135.55,
WAN001,2023-10-08 14:50:00,135.56,
WAN001,2023-10-08 15:00:00,135.58,
WAN001,2023-10-08 15:10:00,135.58,
WAN001,2023-10-08 15:20:00,135.6,
WAN001,2023-10-08 15:30:00,135.6,
WAN001,2023-10-08 15:40:00,135.61,
WAN001,2023-10-08 15:50:00,135.62,
WAN001,2023-10-08 16:00:00,135.63,
WAN001,2023-10-08 16:10:00,135.65,
WAN001,2023-10-08 16:20:00,135.66,
WAN001,2023-10-08 16:30:00,135.66,
WAN001,2023-10-08 16:40:00,135.68,
WAN001,2023-10-08 16:50:00,135.69,
WAN001,2023-10-08 17:00:00,135.69,
WAN001,2023-10-08 17:10:00,135.7,
WAN001,2023-10-08 17:20:00,135.71,
WAN001,2023-10-08 17:30:00,135.72,
WAN001,2023-10-08 17:40:00,135.73,
WAN001,2023-10-08 17:50:00,135.74,
WAN001,2023-10-08 18:00:00,135.75,
WAN001,2023-10-08 18:10:00,135.77,
WAN001,2023-10-08 18:20:00,135.77,
WAN001,2023-10-08 18:30:00,135.78,
WAN001,2023-10-08 18:40:00,135.79,
WAN001,2023-10-08 18:50:00,135.8,
WAN001,2023-10-08 19:00:00,135.8,
WAN001,2023-10-08 19:10:00,135.81,
WAN001,2023-10-08 19:20:00,135.82,
WAN001,2023-10-08 19:30:00,135.83,
WAN001,2023-10-08 19:40:00,135.84,
WAN001,2023-10-08 19:50:00,135.85,
WAN001,2023-10-08 20:00:00,135.85,
WAN001,2023-10-08 20:10:00,135.86,
WAN001,2023-10-08 20:20:00,135.88,
WAN001,2023-10-08 20:30:00,135.87,
WAN001,2023-10-08 20:40:00,135.88,
WAN001,2023-10-08 20:50:00,135.89,
WAN001,2023-10-08 21:00:00,135.9,
WAN001,2023-10-08 21:10:00,135.9,
WAN001,2023-10-08 21:20:00,135.91,
WAN001,2023-10-08 21:30:00,135.92,
WAN001,2023-10-08 21:40:00,135.92,
WAN001,2023-10-08 21:50:00,135.93,
WAN001,2023-10-08 22:00:00,135.93,
WAN001,2023-10-08 22:10:00,135.94,
WAN001,2023-10-08 22:20:00,135.95,
WAN001,2023-10-08 22:30:00,135.95,
WAN001,2023-10-08 22:40:00,135.96,
WAN001,2023-10-08 22:50:00,135.97,
WAN001,2023-10-08 23:00:00,135.97,
WAN001,2023-10-08 23:10:00,135.97,
WAN001,2023-10-08 23:20:00,135.98,
WAN001,2023-10-08 23:30:00,135.99,
WAN001,2023-10-08 23:40:00,136,
WAN001,2023-10-08 23:50:00,136.01,
WAN001,2023-10-09 00:00:00,136.01,
WAN001,2023-10-09 00:10:00,136.01,
WAN001,2023-10-09 00:20:00,136.02,
WAN001,2023-10-09 00:30:00,136.04,
WAN001,2023-10-09 00:40:00,136.04,
WAN001,2023-10-09 00:50:00,136.04,
WAN001,2023-10-09 01:00:00,136.05,
WAN001,2023-10-09 01:10:00,136.05,
WAN001,2023-10-09 01:20:00,136.05,
WAN001,2023-10-09 01:30:00,136.07,
WAN001,2023-10-09 01:40:00,136.07,
WAN001,2023-10-09 01:50:00,136.08,
WAN001,2023-10-09 02:00:00,136.08,
WAN001,2023-10-09 02:10:00,136.09,
WAN001,2023-10-09 02:20:00,136.1,
WAN001,2023-10-09 02:30:00,136.1,
WAN001,2023-10-09 02:40:00,136.11,
WAN001,2023-10-09 02:50:00,136.11,
WAN001,2023-10-09 03:00:00,136.12,
WAN001,2023-10-09 03:10:00,136.13,
WAN001,2023-10-09 03:20:00,136.14,
WAN001,2023-10-09 03:30:00,136.14,
WAN001,2023-10-09 03:40:00,136.14,
WAN001,2023-10-09 03:50:00,136.15,
WAN001,2023-10-09 04:00:00,136.16,
WAN001,2023-10-09 04:10:00,136.15,
WAN001,2023-10-09 04:20:00,136.17,
WAN001,2023-10-09 04:30:00,136.17,
WAN001,2023-10-09 04:40:00,136.17,
WAN001,2023-10-09 04:50:00,136.18,
WAN001,2023-10-09 05:00:00,136.18,
WAN001,2023-10-09 05:10:00,136.19,
WAN001,2023-10-09 05:20:00,136.19,
WAN001,2023-10-09 05:30:00,136.21,
WAN001,2023-10-09 05:40:00,136.2,
WAN001,2023-10-09 05:50:00,136.21,
WAN001,2023-10-09 06:00:00,136.21,
WAN001,2023-10-09 06:10:00,136.21,
WAN001,2023-10-09 06:20:00,136.23,
WAN001,2023-10-09 06:30:00,136.23,
WAN001,2023-10-09 06:40:00,136.23,
WAN001,2023-10-09 06:50:00,136.24,
WAN001,2023-10-09 07:00:00,136.24,
WAN001,2023-10-09 07:10:00,136.25,
WAN001,2023-10-09 07:20:00,136.25,
WAN001,2023-10-09 07:30:00,136.26,
WAN001,2023-10-09 07:40:00,136.27,
WAN001,2023-10-09 07:50:00,136.26,
WAN001,2023-10-09 08:00:00,136.26,
WAN001,2023-10-09 08:10:00,136.27,
WAN001,2023-10-09 08:20:00,136.28,
WAN001,2023-10-09 08:30:00,136.28,
WAN001,2023-10-09 08:40:00,136.29,
WAN001,2023-10-09 08:50:00,136.28,
WAN001,2023-10-09 09:00:00,136.29,
WAN001,2023-10-09 09:10:00,136.29,
WAN001,2023-10-09 09:20:00,136.3,
WAN001,2023-10-09 09:30:00,136.3,
WAN001,2023-10-09 09:40:00,136.3,
WAN001,2023-10-09 09:50:00,136.3,
WAN001,2023-10-09 10:00:00,136.31,
WAN001,2023-10-09 10:10:00,136.31,
WAN001,2023-10-09 10:20:00,136.31,
WAN001,2023-10-09 10:30:00,136.31,
WAN001,2023-10-09 10:40:00,136.31,
WAN001,2023-10-09 10:50:00,136.32,
WAN001,2023-10-09 11:00:00,136.32,
WAN001,2023-10-09 11:10:00,136.33,
WAN001,2023-10-09 11:20:00,136.33,
WAN001,2023-10-09 11:30:00,136.34,
WAN001,2023-10-09 11:40:00,136.33,
WAN001,2023-10-09 11:50:00,136.33,
WAN001,2023-10-09 12:00:00,136.33,
WAN001,2023-10-09 12:10:00,136.33,
WAN001,2023-10-09 12:20:00,136.33,
WAN001,2023-10-09 12:30:00,136.33,
WAN001,2023-10-09 12:40:00,136.34,
WAN001,2023-10-09 12:50:00,136.34,
WAN001,2023-10-09 13:00:00,136.34,
WAN001,2023-10-09 13:10:00,136.34,
WAN001,2023-10-09 13:20:00,136.34,
WAN001,2023-10-09 13:30:00,136.35,
WAN001,2023-10-09 13:40:00,136.35,
WAN001,2023-10-09 13:50:00,136.34,
WAN001,2023-10-09 14:00:00,136.35,
WAN001,2023-10-09 14:10:00,136.35,
WAN001,2023-10-09 14:20:00,136.35,
WAN001,2023-10-09 14:30:00,136.34,
WAN001,2023-10-09 14:40:00,136.34,
WAN001,2023-10-09 14:50:00,136.34,
WAN001,2023-10-09 15:00:00,136.35,
WAN001,2023-10-09 15:10:00,136.34,
WAN001,2023-10-09 15:20:00,136.35,
WAN001,2023-10-09 15:30:00,136.35,
WAN001,2023-10-09 15:40:00,136.35,
WAN001,2023-10-09 15:50:00,136.35,
WAN001,2023-10-09 16:00:00,136.35,
WAN001,2023-10-09 16:10:00,136.35,
WAN001,2023-10-09 16:20:00,136.35,
WAN001,2023-10-09 16:30:00,136.35,
WAN001,2023-10-09 16:40:00,136.35,
WAN001,2023-10-09 16:50:00,136.35,
WAN001,2023-10-09 17:00:00,136.35,
WAN001,2023-10-09 17:10:00,136.36,
WAN001,2023-10-09 17:20:00,136.35,
WAN001,2023-10-09 17:30:00,136.35,
WAN001,2023-10-09 17:40:00,136.34,
WAN001,2023-10-09 17:50:00,136.34,
WAN001,2023-10-09 18:00:00,136.35,
WAN001,2023-10-09 18:10:00,136.34,
WAN001,2023-10-09 18:20:00,136.34,
WAN001,2023-10-09 18:30:00,136.33,
WAN001,2023-10-09 18:40:00,136.33,
WAN001,2023-10-09 18:50:00,136.34,
WAN001,2023-10-09 19:00:00,136.33,
WAN001,2023-10-09 19:10:00,136.33,
WAN001,2023-10-09 19:20:00,136.34,
WAN001,2023-10-09 19:30:00,136.33,
WAN001,2023-10-09 19:40:00,136.33,
WAN001,2023-10-09 19:50:00,136.32,
WAN001,2023-10-09 20:00:00,136.32,
WAN001,2023-10-09 20:10:00,136.31,
WAN001,2023-10-09 20:20:00,136.32,
WAN001,2023-10-09 20:30:00,136.31,
WAN001,2023-10-09 20:40:00,136.32,
WAN001,2023-10-09 20:50:00,136.31,
WAN001,2023-10-09 21:00:00,136.31,
WAN001,2023-10-09 21:10:00,136.31,
WAN001,2023-10-09 21:20:00,136.31,
WAN001,2023-10-09 21:30:00,136.3,
WAN001,2023-10-09 21:40:00,136.3,
WAN001,2023-10-09 21:50:00,136.3,
WAN001,2023-10-09 22:00:00,136.29,
WAN001,2023-10-09 22:10:00,136.29,
WAN001,2023-10-09 22:20:00,136.29,
WAN001,2023-10-09 22:30:00,136.29,
WAN001,2023-10-09 22:40:00,136.29,
WAN001,2023-10-09 22:50:00,136.29,
WAN001,2023-10-09 23:00:00,136.28,
WAN001,2023-10-09 23:10:00,136.28,
WAN001,2023-10-09 23:20:00,136.28,
WAN001,2023-10-09 23:30:00,136.27,
WAN001,2023-10-09 23:40:00,136.27,
WAN001,2023-10-09 23:50:00,136.27,
WAN001,2023-10-10 00:00:00,136.26,
WAN001,2023-10-10 00:10:00,136.27,
WAN001,2023-10-10 00:20:00,136.27,
WAN001,2023-10-10 00:30:00,136.25,
WAN001,2023-10-10 00:40:00,136.26,
WAN001,2023-10-10 00:50:00,136.25,
WAN001,2023-10-10 01:00:00,136.25,
WAN001,2023-10-10 01:10:00,136.25,
WAN001,2023-10-10 01:20:00,136.25,
WAN001,2023-10-10 01:30:00,136.24,
WAN001,2023-10-10 01:40:00,136.24,
WAN001,2023-10-10 01:50:00,136.23,
WAN001,2023-10-10 02:00:00,136.23,
WAN001,2023-10-10 02:10:00,136.23,
WAN001,2023-10-10 02:20:00,136.22,
WAN001,2023-10-10 02:30:00,136.23,
WAN001,2023-10-10 02:40:00,136.23,
WAN001,2023-10-10 02:50:00,136.22,
WAN001,2023-10-10 03:00:00,136.22,
WAN001,2023-10-10 03:10:00,136.23,
WAN001,2023-10-10 03:20:00,136.22,
WAN001,2023-10-10 03:30:00,136.23,
WAN001,2023-10-10 03:40:00,136.23,
WAN001,2023-10-10 03:50:00,136.22,
WAN001,2023-10-10 04:00:00,136.23,
WAN001,2023-10-10 04:10:00,136.22,
WAN001,2023-10-10 04:20:00,136.22,
WAN001,2023-10-10 04:30:00,136.22,
WAN001,2023-10-10 04:40:00,136.21,
WAN001,2023-10-10 04:50:00,136.21,
WAN001,2023-10-10 05:00:00,136.22,
WAN001,2023-10-10 05:10:00,136.21,
WAN001,2023-10-10 05:20:00,136.21,
WAN001,2023-10-10 05:30:00,136.21,
WAN001,2023-10-10 05:40:00,136.2,
WAN001,2023-10-10 05:50:00,136.2,
WAN001,2023-10-10 06:00:00,136.2,
WAN001,2023-10-10 06:10:00,136.2,
WAN001,2023-10-10 06:20:00,136.21,
WAN001,2023-10-10 06:30:00,136.2,
WAN001,2023-10-10 06:40:00,136.21,
WAN001,2023-10-10 06:50:00,136.2,
WAN001,2023-10-10 07:00:00,136.2,
WAN001,2023-10-10 07:10:00,136.21,
WAN001,2023-10-10 07:20:00,136.2,
WAN001,2023-10-10 07:30:00,136.2,
WAN001,2023-10-10 07:40:00,136.21,
WAN001,2023-10-10 07:50:00,136.21,
WAN001,2023-10-10 08:00:00,136.21,
WAN001,2023-10-10 08:10:00,136.21,
WAN001,2023-10-10 08:20:00,136.21,
WAN001,2023-10-10 08:30:00,136.21,
WAN001,2023-10-10 08:40:00,136.21,
WAN001,2023-10-10 08:50:00,136.21,
WAN001,2023-10-10 09:00:00,136.21,
WAN001,2023-10-10 09:10:00,136.21,
WAN001,2023-10-10 09:20:00,136.22,
WAN001,2023-10-10 09:30:00,136.22,
WAN001,2023-10-10 09:40:00,136.22,
WAN001,2023-10-10 09:50:00,136.22,
WAN001,2023-10-10 10:00:00,136.22,
WAN001,2023-10-10 10:10:00,136.22,
WAN001,2023-10-10 10:20:00,136.22,
WAN001,2023-10-10 10:30:00,136.23,
WAN001,2023-10-10 10:40:00,136.23,
WAN001,2023-10-10 10:50:00,136.22,
WAN001,2023-10-10 11:00:00,136.22,
WAN001,2023-10-10 11:10:00,136.23,
WAN001,2023-10-10 11:20:00,136.23,
WAN001,2023-10-10 11:30:00,136.23,
WAN001,2023-10-10 11:40:00,136.23,
WAN001,2023-10-10 11:50:00,136.24,
WAN001,2023-10-10 12:00:00,136.24,
WAN001,2023-10-10 12:10:00,136.24,
WAN001,2023-10-10 12:20:00,136.24,
WAN001,2023-10-10 12:30:00,136.24,
WAN001,2023-10-10 12:40:00,136.24,
WAN001,2023-10-10 12:50:00,136.25,
WAN001,2023-10-10 13:00:00,136.25,
WAN001,2023-10-10 13:10:00,136.26,
WAN001,2023-10-10 13:20:00,136.26,
WAN001,2023-10-10 13:30:00,136.27,
WAN001,2023-10-10 13:40:00,136.27,
WAN001,2023-10-10 13:50:00,136.27,
WAN001,2023-10-10 14:00:00,136.28,
WAN001,2023-10-10 14:10:00,136.28,
WAN001,2023-10-10 14:20:00,136.28,
WAN001,2023-10-10 14:30:00,136.29,
WAN001,2023-10-10 14:40:00,136.28,
WAN001,2023-10-10 14:50:00,136.28,
WAN001,2023-10-10 15:00:00,136.29,
WAN001,2023-10-10 15:10:00,136.29,
WAN001,2023-10-10 15:20:00,136.29,
WAN001,2023-10-10 15:30:00,136.3,
WAN001,2023-10-10 15:40:00,136.3,
WAN001,2023-10-10 15:50:00,136.3,
WAN001,2023-10-10 16:00:00,136.3,
WAN001,2023-10-10 16:10:00,136.3,
WAN001,2023-10-10 16:20:00,136.3,
WAN001,2023-10-10 16:30:00,136.31,
WAN001,2023-10-10 16:40:00,136.31,
WAN001,2023-10-10 16:50:00,136.32,
WAN001,2023-10-10 17:00:00,136.31,
WAN001,2023-10-10 17:10:00,136.32,
WAN001,2023-10-10 17:20:00,136.32,
WAN001,2023-10-10 17:30:00,136.32,
WAN001,2023-10-10 17:40:00,136.32,
WAN001,2023-10-10 17:50:00,136.33,
WAN001,2023-10-10 18:00:00,136.33,
WAN001,2023-10-10 18:10:00,136.33,
WAN001,2023-10-10 18:20:00,136.34,
WAN001,2023-10-10 18:30:00,136.34,
WAN001,2023-10-10 18:40:00,136.34,
WAN001,2023-10-10 18:50:00,136.34,
WAN001,2023-10-10 19:00:00,136.34,
WAN001,2023-10-10 19:10:00,136.35,
WAN001,2023-10-10 19:20:00,136.35,
WAN001,2023-10-10 19:30:00,136.35,
WAN001,2023-10-10 19:40:00,136.36,
WAN001,2023-10-10 19:50:00,136.36,
WAN001,2023-10-10 20:00:00,136.36,
WAN001,2023-10-10 20:10:00,136.36,
WAN001,2023-10-10 20:20:00,136.36,
WAN001,2023-10-10 20:30:00,136.37,
WAN001,2023-10-10 20:40:00,136.37,
WAN001,2023-10-10 20:50:00,136.37,
WAN001,2023-10-10 21:00:00,136.38,
WAN001,2023-10-10 21:10:00,136.38,
WAN001,2023-10-10 21:20:00,136.38,
WAN001,2023-10-10 21:30:00,136.38,
WAN001,2023-10-10 21:40:00,136.39,
WAN001,2023-10-10 21:50:00,136.39,
WAN001,2023-10-10 22:00:00,136.38,
WAN001,2023-10-10 22:10:00,136.39,
WAN001,2023-10-10 22:20:00,136.39,
WAN001,2023-10-10 22:30:00,136.4,
WAN001,2023-10-10 22:40:00,136.4,
WAN001,2023-10-10 22:50:00,136.4,
WAN001,2023-10-10 23:00:00,136.41,
WAN001,2023-10-10 23:10:00,136.41,
WAN001,2023-10-10 23:20:00,136.41,
WAN001,2023-10-10 23:30:00,136.41,
WAN001,2023-10-10 23:40:00,136.42,
WAN001,2023-10-10 23:50:00,136.42,
WAN001,2023-10-11 00:00:00,136.42,
WAN001,2023-10-11 00:10:00,136.42,
WAN001,2023-10-11 00:20:00,136.43,
WAN001,2023-10-11 00:30:00,136.42,
WAN001,2023-10-11 00:40:00,136.43,
WAN001,2023-10-11 00:50:00,136.43,
WAN001,2023-10-11 01:00:00,136.43,
WAN001,2023-10-11 01:10:00,136.43,
WAN001,2023-10-11 01:20:00,136.44,
WAN001,2023-10-11 01:30:00,136.43,
WAN001,2023-10-11 01:40:00,136.44,
WAN001,2023-10-11 01:50:00,136.44,
WAN001,2023-10-11 02:00:00,136.44,
WAN001,2023-10-11 02:10:00,136.45,
WAN001,2023-10-11 02:20:00,136.45,
WAN001,2023-10-11 02:30:00,136.45,
WAN001,2023-10-11 02:40:00,136.45,
WAN001,2023-10-11 02:50:00,136.46,
WAN001,2023-10-11 03:00:00,136.46,
WAN001,2023-10-11 03:10:00,136.47,
WAN001,2023-10-11 03:20:00,136.47,
WAN001,2023-10-11 03:30:00,136.47,
WAN001,2023-10-11 03:40:00,136.47,
WAN001,2023-10-11 03:50:00,136.48,
WAN001,2023-10-11 04:00:00,136.47,
WAN001,2023-10-11 04:10:00,136.48,
WAN001,2023-10-11 04:20:00,136.48,
WAN001,2023-10-11 04:30:00,136.49,
WAN001,2023-10-11 04:40:00,136.49,
WAN001,2023-10-11 04:50:00,136.5,
WAN001,2023-10-11 05:00:00,136.5,
WAN001,2023-10-11 05:10:00,136.5,
WAN001,2023-10-11 05:20:00,136.51,
WAN001,2023-10-11 05:30:00,136.51,
WAN001,2023-10-11 05:40:00,136.51,
WAN001,2023-10-11 05:50:00,136.52,
WAN001,2023-10-11 06:00:00,136.52,
WAN001,2023-10-11 06:10:00,136.53,
WAN001,2023-10-11 06:20:00,136.53,
WAN001,2023-10-11 06:30:00,136.54,
WAN001,2023-10-11 06:40:00,136.53,
WAN001,2023-10-11 06:50:00,136.55,
WAN001,2023-10-11 07:00:00,136.55,
WAN001,2023-10-11 07:10:00,136.55,
WAN001,2023-10-11 07:20:00,136.56,
WAN001,2023-10-11 07:30:00,136.56,
WAN001,2023-10-11 07:40:00,136.56,
WAN001,2023-10-11 07:50:00,136.57,
WAN001,2023-10-11 08:00:00,136.58,
WAN001,2023-10-11 08:10:00,136.59,
WAN001,2023-10-11 08:20:00,136.59,
WAN001,2023-10-11 08:30:00,136.59,
WAN001,2023-10-11 08:40:00,136.6,
WAN001,2023-10-11 08:50:00,136.6,
WAN001,2023-10-11 09:00:00,136.61,
WAN001,2023-10-11 09:10:00,136.61,
WAN001,2023-10-11 09:20:00,136.61,
WAN001,2023-10-11 09:30:00,136.63,
WAN001,2023-10-11 09:40:00,136.63,
WAN001,2023-10-11 09:50:00,136.63,
WAN001,2023-10-11 10:00:00,136.63,
WAN001,2023-10-11 10:10:00,136.63,
WAN001,2023-10-11 10:20:00,136.64,
WAN001,2023-10-11 10:30:00,136.64,
WAN001,2023-10-11 10:40:00,136.64,
WAN001,2023-10-11 10:50:00,136.65,
WAN001,2023-10-11 11:00:00,136.65,
WAN001,2023-10-11 11:10:00,136.66,
WAN001,2023-10-11 11:20:00,136.66,
WAN001,2023-10-11 11:30:00,136.67,
WAN001,2023-10-11 11:40:00,136.66,
WAN001,2023-10-11 11:50:00,136.68,
WAN001,2023-10-11 12:00:00,136.67,
WAN001,2023-10-11 12:10:00,136.68,
WAN001,2023-10-11 12:20:00,136.68,
WAN001,2023-10-11 12:30:00,136.69,
WAN001,2023-10-11 12:40:00,136.69,
WAN001,2023-10-11 12:50:00,136.7,
WAN001,2023-10-11 13:00:00,136.7,
WAN001,2023-10-11 13:10:00,136.7,
WAN001,2023-10-11 13:20:00,136.7,
WAN001,2023-10-11 13:30:00,136.7,
WAN001,2023-10-11 13:40:00,136.7,
WAN001,2023-10-11 13:50:00,136.71,
WAN001,2023-10-11 14:00:00,136.72,
WAN001,2023-10-11 14:10:00,136.72,
WAN001,2023-10-11 14:20:00,136.71,
WAN001,2023-10-11 14:30:00,136.72,
WAN001,2023-10-11 14:40:00,136.72,
WAN001,2023-10-11 14:50:00,136.73,
WAN001,2023-10-11 15:00:00,136.73,
WAN001,2023-10-11 15:10:00,136.73,
WAN001,2023-10-11 15:20:00,136.75,
WAN001,2023-10-11 15:30:00,136.74,
WAN001,2023-10-11 15:40:00,136.76,
WAN001,2023-10-11 15:50:00,136.75,
WAN001,2023-10-11 16:00:00,136.77,
WAN001,2023-10-11 16:10:00,136.76,
WAN001,2023-10-11 16:20:00,136.76,
WAN001,2023-10-11 16:30:00,136.77,
WAN001,2023-10-11 16:40:00,136.77,
WAN001,2023-10-11 16:50:00,136.78,
WAN001,2023-10-11 17:00:00,136.79,
WAN001,2023-10-11 17:10:00,136.79,
WAN001,2023-10-11 17:20:00,136.79,
WAN001,2023-10-11 17:30:00,136.79,
WAN001,2023-10-11 17:40:00,136.8,
WAN001,2023-10-11 17:50:00,136.81,
WAN001,2023-10-11 18:00:00,136.81,
WAN001,2023-10-11 18:10:00,136.81,
WAN001,2023-10-11 18:20:00,136.81,
WAN001,2023-10-11 18:30:00,136.82,
WAN001,2023-10-11 18:40:00,136.82,
WAN001,2023-10-11 18:50:00,136.83,
WAN001,2023-10-11 19:00:00,136.83,
WAN001,2023-10-11 19:10:00,136.84,
WAN001,2023-10-11 19:20:00,136.84,
WAN001,2023-10-11 19:30:00,136.85,
WAN001,2023-10-11 19:40:00,136.86,
WAN001,2023-10-11 19:50:00,136.86,
WAN001,2023-10-11 20:00:00,136.86,
WAN001,2023-10-11 20:10:00,136.87,
WAN001,2023-10-11 20:20:00,136.87,
WAN001,2023-10-11 20:30:00,136.87,
WAN001,2023-10-11 20:40:00,136.88,
WAN001,2023-10-11 20:50:00,136.88,
WAN001,2023-10-11 21:00:00,136.89,
WAN001,2023-10-11 21:10:00,136.89,
WAN001,2023-10-11 21:20:00,136.9,
WAN001,2023-10-11 21:30:00,136.91,
WAN001,2023-10-11 21:40:00,136.91,
WAN001,2023-10-11 21:50:00,136.91,
WAN001,2023-10-11 22:00:00,136.92,
WAN001,2023-10-11 22:10:00,136.91,
WAN001,2023-10-11 22:20:00,136.93,
WAN001,2023-10-11 22:30:00,136.93,
WAN001,2023-10-11 22:40:00,136.93,
WAN001,2023-10-11 22:50:00,136.94,
WAN001,2023-10-11 23:00:00,136.94,
WAN001,2023-10-11 23:10:00,136.94,
WAN001,2023-10-11 23:20:00,136.94,
WAN001,2023-10-11 23:30:00,136.94,
WAN001,2023-10-11 23:40:00,136.94,
WAN001,2023-10-11 23:50:00,136.94,
WAN001,2023-10-12 00:00:00,136.94,
WAN001,2023-10-12 00:10:00,136.94,
WAN001,2023-10-12 00:20:00,136.95,
WAN001,2023-10-12 00:30:00,136.95,
WAN001,2023-10-12 00:40:00,136.94,
WAN001,2023-10-12 00:50:00,136.95,
WAN001,2023-10-12 01:00:00,136.95,
WAN001,2023-10-12 01:10:00,136.95,
WAN001,2023-10-12 01:20:00,136.96,
WAN001,2023-10-12 01:30:00,136.95,
WAN001,2023-10-12 01:40:00,136.96,
WAN001,2023-10-12 01:50:00,136.96,
WAN001,2023-10-12 02:00:00,136.96,
WAN001,2023-10-12 02:10:00,136.97,
WAN001,2023-10-12 02:20:00,136.96,
WAN001,2023-10-12 02:30:00,136.97,
WAN001,2023-10-12 02:40:00,136.97,
WAN001,2023-10-12 02:50:00,136.96,
WAN001,2023-10-12 03:00:00,136.97,
WAN001,2023-10-12 03:10:00,136.97,
WAN001,2023-10-12 03:20:00,136.99,
WAN001,2023-10-12 03:30:00,136.96,
WAN001,2023-10-12 03:40:00,136.98,
WAN001,2023-10-12 03:50:00,136.98,
WAN001,2023-10-12 04:00:00,136.98,
WAN001,2023-10-12 04:10:00,136.98,
WAN001,2023-10-12 04:20:00,136.99,
WAN001,2023-10-12 04:30:00,137.01,
WAN001,2023-10-12 04:40:00,136.99,
WAN001,2023-10-12 04:50:00,136.99,
WAN001,2023-10-12 05:00:00,137,
WAN001,2023-10-12 05:10:00,136.99,
WAN001,2023-10-12 05:20:00,136.99,
WAN001,2023-10-12 05:30:00,136.99,
WAN001,2023-10-12 05:40:00,137.01,
WAN001,2023-10-12 05:50:00,137,
WAN001,2023-10-12 06:00:00,137,
WAN001,2023-10-12 06:10:00,-,
WAN001,2023-10-12 06:20:00,136.99,
WAN001,2023-10-12 06:30:00,137.01,
WAN001,2023-10-12 06:40:00,137,
WAN001,2023-10-12 06:50:00,137.01,
WAN001,2023-10-12 07:00:00,137.01,
WAN001,2023-10-12 07:10:00,137.01,
WAN001,2023-10-12 07:20:00,137.02,
WAN001,2023-10-12 07:30:00,137.03,
WAN001,2023-10-12 07:40:00,137.01,
WAN001,2023-10-12 07:50:00,137.02,
WAN001,2023-10-12 08:00:00,137.01,
WAN001,2023-10-12 08:10:00,137.02,
WAN001,2023-10-12 08:20:00,137.03,
WAN001,2023-10-12 08:30:00,137.02,
WAN001,2023-10-12 08:40:00,137.02,
WAN001,2023-10-12 08:50:00,137.02,
WAN001,2023-10-12 09:00:00,137.02,
WAN001,2023-10-12 09:10:00,137.02,
WAN001,2023-10-12 09:20:00,137.03,
WAN001,2023-10-12 09:30:00,-,
WAN001,2023-10-12 09:40:00,137.03,
WAN001,2023-10-12 09:50:00,137.02,
WAN001,2023-10-12 10:00:00,137.02,
WAN001,2023-10-12 10:10:00,137.02,
WAN001,2023-10-12 10:20:00,137.03,
WAN001,2023-10-12 10:30:00,137.04,
WAN001,2023-10-12 10:40:00,137,
WAN001,2023-10-12 10:50:00,137.02,
WAN001,2023-10-12 11:00:00,137.02,
WAN001,2023-10-12 11:10:00,137.02,
WAN001,2023-10-12 11:20:00,137.02,
WAN001,2023-10-12 11:30:00,137.03,
WAN001,2023-10-12 11:40:00,137.01,
WAN001,2023-10-12 11:50:00,137.03,
WAN001,2023-10-12 12:00:00,137.02,
WAN001,2023-10-12 12:10:00,137.03,
WAN001,2023-10-12 12:20:00,137.02,
WAN001,2023-10-12 12:30:00,137.03,
WAN001,2023-10-12 12:40:00,137.02,
WAN001,2023-10-12 12:50:00,137.02,
WAN001,2023-10-12 13:00:00,137.03,
WAN001,2023-10-12 13:10:00,137.02,
WAN001,2023-10-12 13:20:00,137.03,
WAN001,2023-10-12 13:30:00,137.02,
WAN001,2023-10-12 13:40:00,137.02,
WAN001,2023-10-12 13:50:00,137.02,
WAN001,2023-10-12 14:00:00,137.02,
WAN001,2023-10-12 14:10:00,137.03,
WAN001,2023-10-12 14:20:00,137.02,
WAN001,2023-10-12 14:30:00,137.01,
WAN001,2023-10-12 14:40:00,137.02,
WAN001,2023-10-12 14:50:00,137.02,
WAN001,2023-10-12 15:00:00,137.02,
WAN001,2023-10-12 15:10:00,137.01,
WAN001,2023-10-12 15:20:00,137.02,
WAN001,2023-10-12 15:30:00,137.02,
WAN001,2023-10-12 15:40:00,137.01,
WAN001,2023-10-12 15:50:00,137.02,
WAN001,2023-10-12 16:00:00,137.01,
WAN001,2023-10-12 16:10:00,137,
WAN001,2023-10-12 16:20:00,137.01,
WAN001,2023-10-12 16:30:00,137.01,
WAN001,2023-10-12 16:40:00,137.01,
WAN001,2023-10-12 16:50:00,137,
WAN001,2023-10-12 17:00:00,137.01,
WAN001,2023-10-12 17:10:00,137,
WAN001,2023-10-12 17:20:00,137.01,
WAN001,2023-10-12 17:30:00,137.01,
WAN001,2023-10-12 17:40:00,137,
WAN001,2023-10-12 17:50:00,137.01,
WAN001,2023-10-12 18:00:00,137.01,
WAN001,2023-10-12 18:10:00,137.01,
WAN001,2023-10-12 18:20:00,137,
WAN001,2023-10-12 18:30:00,137.01,
WAN001,2023-10-12 18:40:00,137.01,
WAN001,2023-10-12 18:50:00,137.01,
WAN001,2023-10-12 19:00:00,136.99,
WAN001,2023-10-12 19:10:00,137.01,
WAN001,2023-10-12 19:20:00,137,
WAN001,2023-10-12 19:30:00,136.99,
WAN001,2023-10-12 19:40:00,137.01,
WAN001,2023-10-12 19:50:00,137.01,
WAN001,2023-10-12 20:00:00,137,
WAN001,2023-10-12 20:10:00,137,
WAN001,2023-10-12 20:20:00,137.01,
WAN001,2023-10-12 20:30:00,137.01,
WAN001,2023-10-12 20:40:00,137,
WAN001,2023-10-12 20:50:00,136.99,
WAN001,2023-10-12 21:00:00,136.99,
WAN001,2023-10-12 21:10:00,137,
WAN001,2023-10-12 21:20:00,136.99,
WAN001,2023-10-12 21:30:00,137,
WAN001,2023-10-12 21:40:00,137,
WAN001,2023-10-12 21:50:00,137,
WAN001,2023-10-12 22:00:00,137,
WAN001,2023-10-12 22:10:00,136.99,
WAN001,2023-10-12 22:20:00,136.99,
WAN001,2023-10-12 22:30:00,136.97,
WAN001,2023-10-12 22:40:00,137,
WAN001,2023-10-12 22:50:00,137,
WAN001,2023-10-12 23:00:00,137,
WAN001,2023-10-12 23:10:00,137.01,
WAN001,2023-10-12 23:20:00,136.99,
WAN001,2023-10-12 23:30:00,137,
WAN001,2023-10-12 23:40:00,136.99,
WAN001,2023-10-12 23:50:00,136.99,
WAN001,2023-10-13 00:00:00,136.99,
WAN001,2023-10-13 00:10:00,137,
WAN001,2023-10-13 00:20:00,137,
WAN001,2023-10-13 00:30:00,136.99,
WAN001,2023-10-13 00:40:00,136.99,
WAN001,2023-10-13 00:50:00,137,
WAN001,2023-10-13 01:00:00,137,
WAN001,2023-10-13 01:10:00,137,
WAN001,2023-10-13 01:20:00,137,
WAN001,2023-10-13 01:30:00,137,
WAN001,2023-10-13 01:40:00,137,
WAN001,2023-10-13 01:50:00,137,
WAN001,2023-10-13 02:00:00,136.99,
WAN001,2023-10-13 02:10:00,137,
WAN001,2023-10-13 02:20:00,137,
WAN001,2023-10-13 02:30:00,136.99,
WAN001,2023-10-13 02:40:00,137,
WAN001,2023-10-13 02:50:00,137,
WAN001,2023-10-13 03:00:00,137,
WAN001,2023-10-13 03:10:00,137,
WAN001,2023-10-13 03:20:00,137.01,
WAN001,2023-10-13 03:30:00,137,
WAN001,2023-10-13 03:40:00,137,
WAN001,2023-10-13 03:50:00,136.99,
WAN001,2023-10-13 04:00:00,137,
WAN001,2023-10-13 04:10:00,137,
WAN001,2023-10-13 04:20:00,136.99,
WAN001,2023-10-13 04:30:00,137,
WAN001,2023-10-13 04:40:00,137,
WAN001,2023-10-13 04:50:00,136.99,
WAN001,2023-10-13 05:00:00,137,
WAN001,2023-10-13 05:10:00,137,
WAN001,2023-10-13 05:20:00,137,
WAN001,2023-10-13 05:30:00,137,
WAN001,2023-10-13 05:40:00,137,
WAN001,2023-10-13 05:50:00,137,
WAN001,2023-10-13 06:00:00,137,
WAN001,2023-10-13 06:10:00,137,
WAN001,2023-10-13 06:20:00,137,
WAN001,2023-10-13 06:30:00,137,
WAN001,2023-10-13 06:40:00,137,
WAN001,2023-10-13 06:50:00,137.02,
WAN001,2023-10-13 07:00:00,137.01,
WAN001,2023-10-13 07:10:00,137.01,
WAN001,2023-10-13 07:20:00,137.01,
WAN001,2023-10-13 07:30:00,137.02,
WAN001,2023-10-13 07:40:00,137.01,
WAN001,2023-10-13 07:50:00,137.02,
WAN001,2023-10-13 08:00:00,137.02,
WAN001,2023-10-13 08:10:00,137.01,
WAN001,2023-10-13 08:20:00,137.02,
WAN001,2023-10-13 08:30:00,137.01,
WAN001,2023-10-13 08:40:00,-,
WAN001,2023-10-13 08:50:00,137.02,
WAN001,2023-10-13 09:00:00,137.01,
WAN001,2023-10-13 09:10:00,137.03,
WAN001,2023-10-13 09:20:00,137.03,
WAN001,2023-10-13 09:30:00,137.03,
WAN001,2023-10-13 09:40:00,137.01,
WAN001,2023-10-13 09:50:00,137.02,
WAN001,2023-10-13 10:00:00,137.03,
WAN001,2023-10-13 10:10:00,137.03,
WAN001,2023-10-13 10:20:00,137.02,
WAN001,2023-10-13 10:30:00,137.04,
WAN001,2023-10-13 10:40:00,137.04,
WAN001,2023-10-13 10:50:00,137.03,
WAN001,2023-10-13 11:00:00,137.04,
WAN001,2023-10-13 11:10:00,137.04,
WAN001,2023-10-13 11:20:00,137.04,
WAN001,2023-10-13 11:30:00,137.04,
WAN001,2023-10-13 11:40:00,137.05,
WAN001,2023-10-13 11:50:00,137.04,
WAN001,2023-10-13 12:00:00,137.04,
WAN001,2023-10-13 12:10:00,137.05,
WAN001,2023-10-13 12:20:00,137.05,
WAN001,2023-10-13 12:30:00,137.05,
WAN001,2023-10-13 12:40:00,137.05,
WAN001,2023-10-13 12:50:00,137.04,
WAN001,2023-10-13 13:00:00,137.05,
WAN001,2023-10-13 13:10:00,137.05,
WAN001,2023-10-13 13:20:00,137.05,
WAN001,2023-10-13 13:30:00,137.06,
WAN001,2023-10-13 13:40:00,137.06,
WAN001,2023-10-13 13:50:00,137.06,
WAN001,2023-10-13 14:00:00,137.06,
WAN001,2023-10-13 14:10:00,137.07,
WAN001,2023-10-13 14:20:00,137.06,
WAN001,2023-10-13 14:30:00,137.06,
WAN001,2023-10-13 14:40:00,137.06,
WAN001,2023-10-13 14:50:00,137.07,
WAN001,2023-10-13 15:00:00,137.06,
WAN001,2023-10-13 15:10:00,137.07,
WAN001,2023-10-13 15:20:00,137.06,
WAN001,2023-10-13 15:30:00,137.07,
WAN001,2023-10-13 15:40:00,137.08,
WAN001,2023-10-13 15:50:00,137.08,
WAN001,2023-10-13 16:00:00,137.07,
WAN001,2023-10-13 16:10:00,137.07,
WAN001,2023-10-13 16:20:00,137.08,
WAN001,2023-10-13 16:30:00,137.09,
WAN001,2023-10-13 16:40:00,137.08,
WAN001,2023-10-13 16:50:00,137.08,
WAN001,2023-10-13 17:00:00,137.08,
WAN001,2023-10-13 17:10:00,137.08,
WAN001,2023-10-13 17:20:00,137.09,
WAN001,2023-10-13 17:30:00,137.09,
WAN001,2023-10-13 17:40:00,137.09,
WAN001,2023-10-13 17:50:00,137.09,
WAN001,2023-10-13 18:00:00,137.09,
WAN001,2023-10-13 18:10:00,137.1,
WAN001,2023-10-13 18:20:00,137.1,
WAN001,2023-10-13 18:30:00,137.1,
WAN001,2023-10-13 18:40:00,137.11,
WAN001,2023-10-13 18:50:00,137.1,
WAN001,2023-10-13 19:00:00,137.1,
WAN001,2023-10-13 19:10:00,137.1,
WAN001,2023-10-13 19:20:00,137.1,
WAN001,2023-10-13 19:30:00,137.1,
WAN001,2023-10-13 19:40:00,137.08,
WAN001,2023-10-13 19:50:00,137.11,
WAN001,2023-10-13 20:00:00,137.11,
WAN001,2023-10-13 20:10:00,137.11,
WAN001,2023-10-13 20:20:00,137.1,
WAN001,2023-10-13 20:30:00,137.11,
WAN001,2023-10-13 20:40:00,137.11,
WAN001,2023-10-13 20:50:00,137.11,
WAN001,2023-10-13 21:00:00,137.12,
WAN001,2023-10-13 21:10:00,137.1,
WAN001,2023-10-13 21:20:00,137.11,
WAN001,2023-10-13 21:30:00,137.12,
WAN001,2023-10-13 21:40:00,137.12,
WAN001,2023-10-13 21:50:00,137.12,
WAN001,2023-10-13 22:00:00,137.12,
WAN001,2023-10-13 22:10:00,137.1,
WAN001,2023-10-13 22:20:00,137.13,
WAN001,2023-10-13 22:30:00,137.1,
WAN001,2023-10-13 22:40:00,137.11,
WAN001,2023-10-13 22:50:00,137.11,
WAN001,2023-10-13 23:00:00,137.12,
WAN001,2023-10-13 23:10:00,137.13,
WAN001,2023-10-13 23:20:00,137.13,
WAN001,2023-10-13 23:30:00,137.12,
WAN001,2023-10-13 23:40:00,137.12,
WAN001,2023-10-13 23:50:00,137.13,
WAN001,2023-10-14 00:00:00,137.13,
WAN001,2023-10-14 00:10:00,137.13,
WAN001,2023-10-14 00:20:00,137.13,
WAN001,2023-10-14 00:30:00,137.13,
WAN001,2023-10-14 00:40:00,137.13,
WAN001,2023-10-14 00:50:00,137.13,
WAN001,2023-10-14 01:00:00,137.13,
WAN001,2023-10-14 01:10:00,137.13,
WAN001,2023-10-14 01:20:00,137.13,
WAN001,2023-10-14 01:30:00,137.14,
WAN001,2023-10-14 01:40:00,137.12,
WAN001,2023-10-14 01:50:00,137.13,
WAN001,2023-10-14 02:00:00,137.14,
WAN001,2023-10-14 02:10:00,137.13,
WAN001,2023-10-14 02:20:00,137.13,
WAN001,2023-10-14 02:30:00,137.12,
WAN001,2023-10-14 02:40:00,137.12,
WAN001,2023-10-14 02:50:00,137.14,
WAN001,2023-10-14 03:00:00,137.13,
WAN001,2023-10-14 03:10:00,137.13,
WAN001,2023-10-14 03:20:00,137.13,
WAN001,2023-10-14 03:30:00,137.14,
WAN001,2023-10-14 03:40:00,137.14,
WAN001,2023-10-14 03:50:00,137.14,
WAN001,2023-10-14 04:00:00,137.14,
WAN001,2023-10-14 04:10:00,137.14,
WAN001,2023-10-14 04:20:00,137.13,
WAN001,2023-10-14 04:30:00,137.15,
WAN001,2023-10-14 04:40:00,137.15,
WAN001,2023-10-14 04:50:00,137.15,
WAN001,2023-10-14 05:00:00,137.15,
WAN001,2023-10-14 05:10:00,137.16,
WAN001,2023-10-14 05:20:00,137.16,
WAN001,2023-10-14 05:30:00,137.15,
WAN001,2023-10-14 05:40:00,137.16,
WAN001,2023-10-14 05:50:00,137.16,
WAN001,2023-10-14 06:00:00,137.16,
WAN001,2023-10-14 06:10:00,137.17,
WAN001,2023-10-14 06:20:00,137.16,
WAN001,2023-10-14 06:30:00,137.17,
WAN001,2023-10-14 06:40:00,137.17,
WAN001,2023-10-14 06:50:00,137.17,
WAN001,2023-10-14 07:00:00,137.18,
WAN001,2023-10-14 07:10:00,137.17,
WAN001,2023-10-14 07:20:00,137.2,
WAN001,2023-10-14 07:30:00,137.19,
WAN001,2023-10-14 07:40:00,137.19,
WAN001,2023-10-14 07:50:00,137.18,
WAN001,2023-10-14 08:00:00,137.19,
WAN001,2023-10-14 08:10:00,137.2,
WAN001,2023-10-14 08:20:00,137.18,
WAN001,2023-10-14 08:30:00,137.19,
WAN001,2023-10-14 08:40:00,137.2,
WAN001,2023-10-14 08:50:00,137.19,
WAN001,2023-10-14 09:00:00,137.21,
WAN001,2023-10-14 09:10:00,137.2,
WAN001,2023-10-14 09:20:00,137.21,
WAN001,2023-10-14 09:30:00,137.21,
WAN001,2023-10-14 09:40:00,137.21,
WAN001,2023-10-14 09:50:00,137.22,
WAN001,2023-10-14 10:00:00,137.22,
WAN001,2023-10-14 10:10:00,137.23,
WAN001,2023-10-14 10:20:00,137.22,
WAN001,2023-10-14 10:30:00,137.23,
WAN001,2023-10-14 10:40:00,137.23,
WAN001,2023-10-14 10:50:00,137.23,
WAN001,2023-10-14 11:00:00,137.25,
WAN001,2023-10-14 11:10:00,137.24,
WAN001,2023-10-14 11:20:00,137.24,
WAN001,2023-10-14 11:30:00,137.25,
WAN001,2023-10-14 11:40:00,137.25,
WAN001,2023-10-14 11:50:00,137.24,
WAN001,2023-10-14 12:00:00,137.24,
WAN001,2023-10-14 12:10:00,137.24,
WAN001,2023-10-14 12:20:00,137.24,
WAN001,2023-10-14 12:30:00,137.24,
WAN001,2023-10-14 12:40:00,137.25,
WAN001,2023-10-14 12:50:00,137.25,
WAN001,2023-10-14 13:00:00,137.23,
WAN001,2023-10-14 13:10:00,137.25,
WAN001,2023-10-14 13:20:00,137.25,
WAN001,2023-10-14 13:30:00,137.25,
WAN001,2023-10-14 13:40:00,137.24,
WAN001,2023-10-14 13:50:00,137.25,
WAN001,2023-10-14 14:00:00,137.24,
WAN001,2023-10-14 14:10:00,137.26,
WAN001,2023-10-14 14:20:00,137.27,
WAN001,2023-10-14 14:30:00,137.26,
WAN001,2023-10-14 14:40:00,137.26,
WAN001,2023-10-14 14:50:00,137.26,
WAN001,2023-10-14 15:00:00,137.26,
WAN001,2023-10-14 15:10:00,137.27,
WAN001,2023-10-14 15:20:00,137.27,
WAN001,2023-10-14 15:30:00,137.27,
WAN001,2023-10-14 15:40:00,137.27,
WAN001,2023-10-14 15:50:00,137.27,
WAN001,2023-10-14 16:00:00,137.27,
WAN001,2023-10-14 16:10:00,137.28,
WAN001,2023-10-14 16:20:00,137.28,
WAN001,2023-10-14 16:30:00,137.28,
WAN001,2023-10-14 16:40:00,137.28,
WAN001,2023-10-14 16:50:00,137.28,
WAN001,2023-10-14 17:00:00,137.28,
WAN001,2023-10-14 17:10:00,137.28,
WAN001,2023-10-14 17:20:00,137.27,
WAN001,2023-10-14 17:30:00,137.27,
WAN001,2023-10-14 17:40:00,137.29,
WAN001,2023-10-14 17:50:00,137.28,
WAN001,2023-10-14 18:00:00,137.28,
WAN001,2023-10-14 18:10:00,137.28,
WAN001,2023-10-14 18:20:00,137.28,
WAN001,2023-10-14 18:30:00,137.28,
WAN001,2023-10-14 18:40:00,137.28,
WAN001,2023-10-14 18:50:00,137.28,
WAN001,2023-10-14 19:00:00,137.28,
WAN001,2023-10-14 19:10:00,137.28,
WAN001,2023-10-14 19:20:00,137.29,
WAN001,2023-10-14 19:30:00,137.28,
WAN001,2023-10-14 19:40:00,137.26,
WAN001,2023-10-14 19:50:00,137.27,
WAN001,2023-10-14 20:00:00,137.28,
WAN001,2023-10-14 20:10:00,137.28,
WAN001,2023-10-14 20:20:00,137.28,
WAN001,2023-10-14 20:30:00,137.27,
WAN001,2023-10-14 20:40:00,137.27,
WAN001,2023-10-14 20:50:00,137.28,
WAN001,2023-10-14 21:00:00,137.28,
WAN001,2023-10-14 21:10:00,137.28,
WAN001,2023-10-14 21:20:00,137.28,
WAN001,2023-10-14 21:30:00,137.28,
WAN001,2023-10-14 21:40:00,137.27,
WAN001,2023-10-14 21:50:00,137.28,
WAN001,2023-10-14 22:00:00,137.28,
WAN001,2023-10-14 22:10:00,137.27,
WAN001,2023-10-14 22:20:00,137.28,
WAN001,2023-10-14 22:30:00,137.28,
WAN001,2023-10-14 22:40:00,137.27,
WAN001,2023-10-14 22:50:00,137.28,
WAN001,2023-10-14 23:00:00,137.29,
WAN001,2023-10-14 23:10:00,137.27,
WAN001,2023-10-14 23:20:00,137.27,
WAN001,2023-10-14 23:30:00,137.27,
WAN001,2023-10-14 23:40:00,137.27,
WAN001,2023-10-14 23:50:00,137.27,
WAN001,2023-10-15 00:00:00,137.26,
WAN001,2023-10-15 00:10:00,137.27,
WAN001,2023-10-15 00:20:00,137.27,
WAN001,2023-10-15 00:30:00,137.26,
WAN001,2023-10-15 00:40:00,137.26,
WAN001,2023-10-15 00:50:00,137.27,
WAN001,2023-10-15 01:00:00,137.25,
WAN001,2023-10-15 01:10:00,137.26,
WAN001,2023-10-15 01:20:00,137.26,
WAN001,2023-10-15 01:30:00,137.26,
WAN001,2023-10-15 01:40:00,137.25,
WAN001,2023-10-15 01:50:00,137.25,
WAN001,2023-10-15 02:00:00,137.25,
WAN001,2023-10-15 02:10:00,137.24,
WAN001,2023-10-15 02:20:00,137.25,
WAN001,2023-10-15 02:30:00,137.25,
WAN001,2023-10-15 02:40:00,137.24,
WAN001,2023-10-15 02:50:00,137.25,
WAN001,2023-10-15 03:00:00,137.24,
WAN001,2023-10-15 03:10:00,137.25,
WAN001,2023-10-15 03:20:00,137.24,
WAN001,2023-10-15 03:30:00,137.24,
WAN001,2023-10-15 03:40:00,137.24,
WAN001,2023-10-15 03:50:00,137.24,
WAN001,2023-10-15 04:00:00,137.23,
WAN001,2023-10-15 04:10:00,137.23,
WAN001,2023-10-15 04:20:00,137.24,
WAN001,2023-10-15 04:30:00,137.23,
WAN001,2023-10-15 04:40:00,137.24,
WAN001,2023-10-15 04:50:00,137.24,
WAN001,2023-10-15 05:00:00,137.23,
WAN001,2023-10-15 05:10:00,137.23,
WAN001,2023-10-15 05:20:00,137.23,
WAN001,2023-10-15 05:30:00,137.23,
WAN001,2023-10-15 05:40:00,137.23,
WAN001,2023-10-15 05:50:00,137.23,
WAN001,2023-10-15 06:00:00,137.22,
WAN001,2023-10-15 06:10:00,137.22,
WAN001,2023-10-15 06:20:00,137.22,
WAN001,2023-10-15 06:30:00,137.22,
WAN001,2023-10-15 06:40:00,137.23,
WAN001,2023-10-15 06:50:00,137.21,
WAN001,2023-10-15 07:00:00,137.22,
WAN001,2023-10-15 07:10:00,137.22,
WAN001,2023-10-15 07:20:00,137.21,
WAN001,2023-10-15 07:30:00,137.2,
WAN001,2023-10-15 07:40:00,137.21,
WAN001,2023-10-15 07:50:00,137.2,
WAN001,2023-10-15 08:00:00,137.2,
WAN001,2023-10-15 08:10:00,137.2,
WAN001,2023-10-15 08:20:00,137.19,
WAN001,2023-10-15 08:30:00,137.2,
WAN001,2023-10-15 08:40:00,137.21,
WAN001,2023-10-15 08:50:00,137.19,
WAN001,2023-10-15 09:00:00,137.21,
WAN001,2023-10-15 09:10:00,137.2,
WAN001,2023-10-15 09:20:00,137.2,
WAN001,2023-10-15 09:30:00,137.2,
WAN001,2023-10-15 09:40:00,137.18,
WAN001,2023-10-15 09:50:00,137.18,
WAN001,2023-10-15 10:00:00,137.17,
WAN001,2023-10-15 10:10:00,137.18,
WAN001,2023-10-15 10:20:00,137.18,
WAN001,2023-10-15 10:30:00,137.18,
WAN001,2023-10-15 10:40:00,137.17,
WAN001,2023-10-15 10:50:00,137.17,
WAN001,2023-10-15 11:00:00,137.17,
WAN001,2023-10-15 11:10:00,137.17,
WAN001,2023-10-15 11:20:00,137.17,
WAN001,2023-10-15 11:30:00,137.17,
WAN001,2023-10-15 11:40:00,137.16,
WAN001,2023-10-15 11:50:00,137.15,
WAN001,2023-10-15 12:00:00,137.16,
WAN001,2023-10-15 12:10:00,137.16,
WAN001,2023-10-15 12:20:00,137.16,
WAN001,2023-10-15 12:30:00,137.14,
WAN001,2023-10-15 12:40:00,137.16,
WAN001,2023-10-15 12:50:00,137.15,
WAN001,2023-10-15 13:00:00,137.16,
WAN001,2023-10-15 13:10:00,137.15,
WAN001,2023-10-15 13:20:00,137.15,
WAN001,2023-10-15 13:30:00,137.16,
WAN001,2023-10-15 13:40:00,137.14,
WAN001,2023-10-15 13:50:00,137.14,
WAN001,2023-10-15 14:00:00,137.14,
WAN001,2023-10-15 14:10:00,137.14,
WAN001,2023-10-15 14:20:00,137.14,
WAN001,2023-10-15 14:30:00,137.15,
WAN001,2023-10-15 14:40:00,137.14,
WAN001,2023-10-15 14:50:00,137.12,
WAN001,2023-10-15 15:00:00,137.13,
WAN001,2023-10-15 15:10:00,137.13,
WAN001,2023-10-15 15:20:00,137.12,
WAN001,2023-10-15 15:30:00,137.13,
WAN001,2023-10-15 15:40:00,137.13,
WAN001,2023-10-15 15:50:00,137.13,
WAN001,2023-10-15 16:00:00,137.12,
WAN001,2023-10-15 16:10:00,137.13,
WAN001,2023-10-15 16:20:00,137.12,
WAN001,2023-10-15 16:30:00,137.12,
WAN001,2023-10-15 16:40:00,137.1,
WAN001,2023-10-15 16:50:00,137.12,
WAN001,2023-10-15 17:00:00,137.11,
WAN001,2023-10-15 17:10:00,137.11,
WAN001,2023-10-15 17:20:00,137.11,
WAN001,2023-10-15 17:30:00,137.11,
WAN001,2023-10-15 17:40:00,137.11,
WAN001,2023-10-15 17:50:00,137.1,
WAN001,2023-10-15 18:00:00,137.1,
WAN001,2023-10-15 18:10:00,137.1,
WAN001,2023-10-15 18:20:00,137.1,
WAN001,2023-10-15 18:30:00,137.1,
WAN001,2023-10-15 18:40:00,137.1,
WAN001,2023-10-15 18:50:00,137.09,
WAN001,2023-10-15 19:00:00,137.09,
WAN001,2023-10-15 19:10:00,137.1,
WAN001,2023-10-15 19:20:00,137.09,
WAN001,2023-10-15 19:30:00,137.1,
WAN001,2023-10-15 19:40:00,137.08,
WAN001,2023-10-15 19:50:00,137.08,
WAN001,2023-10-15 20:00:00,137.07,
WAN001,2023-10-15 20:10:00,137.08,
WAN001,2023-10-15 20:20:00,137.07,
WAN001,2023-10-15 20:30:00,137.07,
WAN001,2023-10-15 20:40:00,137.06,
WAN001,2023-10-15 20:50:00,137.07,
WAN001,2023-10-15 21:00:00,137.07,
WAN001,2023-10-15 21:10:00,137.07,
WAN001,2023-10-15 21:20:00,137.06,
WAN001,2023-10-15 21:30:00,137.07,
WAN001,2023-10-15 21:40:00,137.05,
WAN001,2023-10-15 21:50:00,137.06,
WAN001,2023-10-15 22:00:00,137.04,
WAN001,2023-10-15 22:10:00,137.06,
WAN001,2023-10-15 22:20:00,137.05,
WAN001,2023-10-15 22:30:00,137.05,
WAN001,2023-10-15 22:40:00,137.05,
WAN001,2023-10-15 22:50:00,137.05,
WAN001,2023-10-15 23:00:00,137.04,
WAN001,2023-10-15 23:10:00,137.04,
WAN001,2023-10-15 23:20:00,137.04,
WAN001,2023-10-15 23:30:00,137.04,
WAN001,2023-10-15 23:40:00,137.04,
WAN001,2023-10-15 23:50:00,137.04,
WAN001,2023-10-16 00:00:00,137.04,
WAN001,2023-10-16 00:10:00,137.04,
WAN001,2023-10-16 00:20:00,137.04,
WAN001,2023-10-16 00:30:00,137.03,
WAN001,2023-10-16 00:40:00,137.02,
WAN001,2023-10-16 00:50:00,137.03,
WAN001,2023-10-16 01:00:00,137.03,
WAN001,2023-10-16 01:10:00,137.04,
WAN001,2023-10-16 01:20:00,137.02,
WAN001,2023-10-16 01:30:00,137.04,
WAN001,2023-10-16 01:40:00,137.02,
WAN001,2023-10-16 01:50:00,137.02,
WAN001,2023-10-16 02:00:00,137.03,
WAN001,2023-10-16 02:10:00,137.03,
WAN001,2023-10-16 02:20:00,137.02,
WAN001,2023-10-16 02:30:00,137.02,
WAN001,2023-10-16 02:40:00,137.03,
WAN001,2023-10-16 02:50:00,137.03,
WAN001,2023-10-16 03:00:00,137.03,
WAN001,2023-10-16 03:10:00,137.01,
WAN001,2023-10-16 03:20:00,137.02,
WAN001,2023-10-16 03:30:00,137.02,
WAN001,2023-10-16 03:40:00,137.02,
WAN001,2023-10-16 03:50:00,137.03,
WAN001,2023-10-16 04:00:00,137.02,
WAN001,2023-10-16 04:10:00,137.02,
WAN001,2023-10-16 04:20:00,137.02,
WAN001,2023-10-16 04:30:00,137.02,
WAN001,2023-10-16 04:40:00,137.03,
WAN001,2023-10-16 04:50:00,137.02,
WAN001,2023-10-16 05:00:00,137.02,
WAN001,2023-10-16 05:10:00,-,
WAN001,2023-10-16 05:20:00,137.03,
WAN001,2023-10-16 05:30:00,137.03,
WAN001,2023-10-16 05:40:00,137.04,
WAN001,2023-10-16 05:50:00,137.03,
WAN001,2023-10-16 06:00:00,137.04,
WAN001,2023-10-16 06:10:00,137.04,
WAN001,2023-10-16 06:20:00,137.04,
WAN001,2023-10-16 06:30:00,137.03,
WAN001,2023-10-16 06:40:00,137.04,
WAN001,2023-10-16 06:50:00,137.04,
WAN001,2023-10-16 07:00:00,137.04,
WAN001,2023-10-16 07:10:00,137.04,
WAN001,2023-10-16 07:20:00,137.04,
WAN001,2023-10-16 07:30:00,137.05,
WAN001,2023-10-16 07:40:00,137.04,
WAN001,2023-10-16 07:50:00,137.04,
WAN001,2023-10-16 08:00:00,137.04,
WAN001,2023-10-16 08:10:00,137.05,
WAN001,2023-10-16 08:20:00,137.05,
WAN001,2023-10-16 08:30:00,137.05,
WAN001,2023-10-16 08:40:00,137.06,
WAN001,2023-10-16 08:50:00,137.07,
WAN001,2023-10-16 09:00:00,137.07,
WAN001,2023-10-16 09:10:00,137.06,
WAN001,2023-10-16 09:20:00,137.06,
WAN001,2023-10-16 09:30:00,137.07,
WAN001,2023-10-16 09:40:00,137.08,
WAN001,2023-10-16 09:50:00,137.09,
WAN001,2023-10-16 10:00:00,137.07,
WAN001,2023-10-16 10:10:00,137.08,
WAN001,2023-10-16 10:20:00,137.08,
WAN001,2023-10-16 10:30:00,137.08,
WAN001,2023-10-16 10:40:00,137.08,
WAN001,2023-10-16 10:50:00,137.09,
WAN001,2023-10-16 11:00:00,137.08,
WAN001,2023-10-16 11:10:00,137.09,
WAN001,2023-10-16 11:20:00,137.09,
WAN001,2023-10-16 11:30:00,137.08,
WAN001,2023-10-16 11:40:00,137.09,
WAN001,2023-10-16 11:50:00,137.1,
WAN001,2023-10-16 12:00:00,137.1,
WAN001,2023-10-16 12:10:00,137.1,
WAN001,2023-10-16 12:20:00,137.1,
WAN001,2023-10-16 12:30:00,137.1,
WAN001,2023-10-16 12:40:00,137.11,
WAN001,2023-10-16 12:50:00,137.1,
WAN001,2023-10-16 13:00:00,137.1,
WAN001,2023-10-16 13:10:00,137.11,
WAN001,2023-10-16 13:20:00,137.1,
WAN001,2023-10-16 13:30:00,137.11,
WAN001,2023-10-16 13:40:00,137.11,
WAN001,2023-10-16 13:50:00,137.12,
WAN001,2023-10-16 14:00:00,137.12,
WAN001,2023-10-16 14:10:00,137.12,
WAN001,2023-10-16 14:20:00,137.13,
WAN001,2023-10-16 14:30:00,137.13,
WAN001,2023-10-16 14:40:00,137.13,
WAN001,2023-10-16 14:50:00,137.13,
WAN001,2023-10-16 15:00:00,137.14,
WAN001,2023-10-16 15:10:00,137.14,
WAN001,2023-10-16 15:20:00,137.14,
WAN001,2023-10-16 15:30:00,137.15,
WAN001,2023-10-16 15:40:00,137.15,
WAN001,2023-10-16 15:50:00,137.16,
WAN001,2023-10-16 16:00:00,137.15,
WAN001,2023-10-16 16:10:00,137.16,
WAN001,2023-10-16 16:20:00,137.15,
WAN001,2023-10-16 16:30:00,137.16,
WAN001,2023-10-16 16:40:00,137.17,
WAN001,2023-10-16 16:50:00,137.16,
WAN001,2023-10-16 17:00:00,137.17,
WAN001,2023-10-16 17:10:00,137.17,
WAN001,2023-10-16 17:20:00,137.18,
WAN001,2023-10-16 17:30:00,137.19,
WAN001,2023-10-16 17:40:00,137.17,
WAN001,2023-10-16 17:50:00,137.18,
WAN001,2023-10-16 18:00:00,137.18,
WAN001,2023-10-16 18:10:00,137.18,
WAN001,2023-10-16 18:20:00,137.18,
WAN001,2023-10-16 18:30:00,137.19,
WAN001,2023-10-16 18:40:00,137.18,
WAN001,2023-10-16 18:50:00,137.18,
WAN001,2023-10-16 19:00:00,137.2,
WAN001,2023-10-16 19:10:00,137.2,
WAN001,2023-10-16 19:20:00,137.19,
WAN001,2023-10-16 19:30:00,137.2,
WAN001,2023-10-16 19:40:00,137.19,
WAN001,2023-10-16 19:50:00,137.2,
WAN001,2023-10-16 20:00:00,137.19,
WAN001,2023-10-16 20:10:00,137.21,
WAN001,2023-10-16 20:20:00,137.2,
WAN001,2023-10-16 20:30:00,137.22,
WAN001,2023-10-16 20:40:00,137.2,
WAN001,2023-10-16 20:50:00,137.21,
WAN001,2023-10-16 21:00:00,137.22,
WAN001,2023-10-16 21:10:00,137.22,
WAN001,2023-10-16 21:20:00,137.22,
WAN001,2023-10-16 21:30:00,137.21,
WAN001,2023-10-16 21:40:00,137.22,
WAN001,2023-10-16 21:50:00,137.21,
WAN001,2023-10-16 22:00:00,137.22,
WAN001,2023-10-16 22:10:00,137.24,
WAN001,2023-10-16 22:20:00,137.24,
WAN001,2023-10-16 22:30:00,137.24,
WAN001,2023-10-16 22:40:00,137.23,
WAN001,2023-10-16 22:50:00,137.24,
WAN001,2023-10-16 23:00:00,137.24,
WAN001,2023-10-16 23:10:00,137.24,
WAN001,2023-10-16 23:20:00,137.23,
WAN001,2023-10-16 23:30:00,137.23,
WAN001,2023-10-16 23:40:00,137.25,
WAN001,2023-10-16 23:50:00,137.24,
WAN001,2023-10-17 00:00:00,137.24,
WAN001,2023-10-17 00:10:00,137.25,
WAN001,2023-10-17 00:20:00,137.25,
WAN001,2023-10-17 00:30:00,137.25,
WAN001,2023-10-17 00:40:00,137.24,
WAN001,2023-10-17 00:50:00,137.26,
WAN001,2023-10-17 01:00:00,137.26,
WAN001,2023-10-17 01:10:00,137.26,
WAN001,2023-10-17 01:20:00,137.25,
WAN001,2023-10-17 01:30:00,137.27,
WAN001,2023-10-17 01:40:00,137.27,
WAN001,2023-10-17 01:50:00,137.26,
WAN001,2023-10-17 02:00:00,137.25,
WAN001,2023-10-17 02:10:00,137.24,
WAN001,2023-10-17 02:20:00,137.26,
WAN001,2023-10-17 02:30:00,137.28,
WAN001,2023-10-17 02:40:00,137.26,
WAN001,2023-10-17 02:50:00,137.27,
WAN001,2023-10-17 03:00:00,137.27,
WAN001,2023-10-17 03:10:00,137.27,
WAN001,2023-10-17 03:20:00,137.28,
WAN001,2023-10-17 03:30:00,137.27,
WAN001,2023-10-17 03:40:00,137.28,
WAN001,2023-10-17 03:50:00,137.29,
WAN001,2023-10-17 04:00:00,137.29,
WAN001,2023-10-17 04:10:00,137.28,
WAN001,2023-10-17 04:20:00,137.28,
WAN001,2023-10-17 04:30:00,137.29,
WAN001,2023-10-17 04:40:00,137.28,
WAN001,2023-10-17 04:50:00,137.29,
WAN001,2023-10-17 05:00:00,137.29,
WAN001,2023-10-17 05:10:00,137.29,
WAN001,2023-10-17 05:20:00,137.29,
WAN001,2023-10-17 05:30:00,137.3,
WAN001,2023-10-17 05:40:00,137.29,
WAN001,2023-10-17 05:50:00,137.28,
WAN001,2023-10-17 06:00:00,137.29,
WAN001,2023-10-17 06:10:00,137.3,
WAN001,2023-10-17 06:20:00,137.3,
WAN001,2023-10-17 06:30:00,137.3,
WAN001,2023-10-17 06:40:00,137.29,
WAN001,2023-10-17 06:50:00,137.29,
WAN001,2023-10-17 07:00:00,137.28,
WAN001,2023-10-17 07:10:00,137.3,
WAN001,2023-10-17 07:20:00,137.29,
WAN001,2023-10-17 07:30:00,137.28,
WAN001,2023-10-17 07:40:00,137.3,
WAN001,2023-10-17 07:50:00,137.3,
WAN001,2023-10-17 08:00:00,137.31,
WAN001,2023-10-17 08:10:00,137.3,
WAN001,2023-10-17 08:20:00,137.3,
WAN001,2023-10-17 08:30:00,137.3,
WAN001,2023-10-17 08:40:00,137.31,
WAN001,2023-10-17 08:50:00,137.29,
WAN001,2023-10-17 09:00:00,137.31,
WAN001,2023-10-17 09:10:00,137.29,
WAN001,2023-10-17 09:20:00,137.3,
WAN001,2023-10-17 09:30:00,137.29,
WAN001,2023-10-17 09:40:00,137.29,
WAN001,2023-10-17 09:50:00,137.28,
WAN001,2023-10-17 10:00:00,137.28,
WAN001,2023-10-17 10:10:00,-,
WAN001,2023-10-17 10:20:00,137.27,
WAN001,2023-10-17 10:30:00,137.26,
WAN001,2023-10-17 10:40:00,137.25,
WAN001,2023-10-17 10:50:00,137.24,
WAN001,2023-10-17 11:00:00,137.24,
WAN001,2023-10-17 11:10:00,137.24,
WAN001,2023-10-17 11:20:00,137.25,
WAN001,2023-10-17 11:30:00,137.24,
WAN001,2023-10-17 11:40:00,137.24,
WAN001,2023-10-17 11:50:00,137.23,
WAN001,2023-10-17 12:00:00,137.24,
WAN001,2023-10-17 12:10:00,137.23,
WAN001,2023-10-17 12:20:00,137.24,
WAN001,2023-10-17 12:30:00,137.23,
WAN001,2023-10-17 12:40:00,137.23,
WAN001,2023-10-17 12:50:00,137.21,
WAN001,2023-10-17 13:00:00,137.22,
WAN001,2023-10-17 13:10:00,137.22,
WAN001,2023-10-17 13:20:00,137.23,
WAN001,2023-10-17 13:30:00,137.22,
WAN001,2023-10-17 13:40:00,137.21,
WAN001,2023-10-17 13:50:00,137.22,
WAN001,2023-10-17 14:00:00,137.21,
WAN001,2023-10-17 14:10:00,137.22,
WAN001,2023-10-17 14:20:00,137.21,
WAN001,2023-10-17 14:30:00,137.21,
WAN001,2023-10-17 14:40:00,137.22,
WAN001,2023-10-17 14:50:00,137.21,
WAN001,2023-10-17 15:00:00,137.21,
WAN001,2023-10-17 15:10:00,137.21,
WAN001,2023-10-17 15:20:00,137.22,
WAN001,2023-10-17 15:30:00,137.21,
WAN001,2023-10-17 15:40:00,137.2,
WAN001,2023-10-17 15:50:00,137.21,
WAN001,2023-10-17 16:00:00,137.21,
WAN001,2023-10-17 16:10:00,137.21,
WAN001,2023-10-17 16:20:00,137.21,
WAN001,2023-10-17 16:30:00,137.2,
WAN001,2023-10-17 16:40:00,137.2,
WAN001,2023-10-17 16:50:00,137.21,
WAN001,2023-10-17 17:00:00,137.19,
WAN001,2023-10-17 17:10:00,137.2,
WAN001,2023-10-17 17:20:00,137.21,
WAN001,2023-10-17 17:30:00,137.21,
WAN001,2023-10-17 17:40:00,137.2,
WAN001,2023-10-17 17:50:00,137.21,
WAN001,2023-10-17 18:00:00,137.23,
WAN001,2023-10-17 18:10:00,137.2,
WAN001,2023-10-17 18:20:00,137.21,
WAN001,2023-10-17 18:30:00,137.21,
WAN001,2023-10-17 18:40:00,137.21,
WAN001,2023-10-17 18:50:00,137.21,
WAN001,2023-10-17 19:00:00,137.21,
WAN001,2023-10-17 19:10:00,137.22,
WAN001,2023-10-17 19:20:00,137.2,
WAN001,2023-10-17 19:30:00,137.21,
WAN001,2023-10-17 19:40:00,137.21,
WAN001,2023-10-17 19:50:00,137.21,
WAN001,2023-10-17 20:00:00,137.2,
WAN001,2023-10-17 20:10:00,137.2,
WAN001,2023-10-17 20:20:00,137.19,
WAN001,2023-10-17 20:30:00,137.19,
WAN001,2023-10-17 20:40:00,137.2,
WAN001,2023-10-17 20:50:00,137.19,
WAN001,2023-10-17 21:00:00,137.19,
WAN001,2023-10-17 21:10:00,137.2,
WAN001,2023-10-17 21:20:00,137.19,
WAN001,2023-10-17 21:30:00,137.2,
WAN001,2023-10-17 21:40:00,137.19,
WAN001,2023-10-17 21:50:00,137.2,
WAN001,2023-10-17 22:00:00,137.2,
WAN001,2023-10-17 22:10:00,137.2,
WAN001,2023-10-17 22:20:00,137.2,
WAN001,2023-10-17 22:30:00,137.19,
WAN001,2023-10-17 22:40:00,137.2,
WAN001,2023-10-17 22:50:00,137.21,
WAN001,2023-10-17 23:00:00,137.19,
WAN001,2023-10-17 23:10:00,137.19,
WAN001,2023-10-17 23:20:00,137.19,
WAN001,2023-10-17 23:30:00,137.19,
WAN001,2023-10-17 23:40:00,137.19,
WAN001,2023-10-17 23:50:00,137.2,
WAN001,2023-10-18 00:00:00,137.18,
WAN001,2023-10-18 00:10:00,137.19,
WAN001,2023-10-18 00:20:00,137.19,
WAN001,2023-10-18 00:30:00,137.19,
WAN001,2023-10-18 00:40:00,137.19,
WAN001,2023-10-18 00:50:00,137.19,
WAN001,2023-10-18 01:00:00,137.19,
WAN001,2023-10-18 01:10:00,137.2,
WAN001,2023-10-18 01:20:00,137.2,
WAN001,2023-10-18 01:30:00,137.18,
WAN001,2023-10-18 01:40:00,137.2,
WAN001,2023-10-18 01:50:00,137.19,
WAN001,2023-10-18 02:00:00,137.19,
WAN001,2023-10-18 02:10:00,137.2,
WAN001,2023-10-18 02:20:00,137.19,
WAN001,2023-10-18 02:30:00,137.19,
WAN001,2023-10-18 02:40:00,137.19,
WAN001,2023-10-18 02:50:00,137.19,
WAN001,2023-10-18 03:00:00,137.18,
WAN001,2023-10-18 03:10:00,137.19,
WAN001,2023-10-18 03:20:00,137.18,
WAN001,2023-10-18 03:30:00,137.19,
WAN001,2023-10-18 03:40:00,137.2,
WAN001,2023-10-18 03:50:00,137.2,
WAN001,2023-10-18 04:00:00,137.2,
WAN001,2023-10-18 04:10:00,137.2,
WAN001,2023-10-18 04:20:00,137.2,
WAN001,2023-10-18 04:30:00,137.19,
WAN001,2023-10-18 04:40:00,137.19,
WAN001,2023-10-18 04:50:00,137.19,
WAN001,2023-10-18 05:00:00,137.19,
WAN001,2023-10-18 05:10:00,137.2,
WAN001,2023-10-18 05:20:00,137.2,
WAN001,2023-10-18 05:30:00,137.2,
WAN001,2023-10-18 05:40:00,137.19,
WAN001,2023-10-18 05:50:00,137.19,
WAN001,2023-10-18 06:00:00,137.2,
WAN001,2023-10-18 06:10:00,137.18,
WAN001,2023-10-18 06:20:00,137.19,
WAN001,2023-10-18 06:30:00,137.19,
WAN001,2023-10-18 06:40:00,137.19,
WAN001,2023-10-18 06:50:00,137.2,
WAN001,2023-10-18 07:00:00,137.19,
WAN001,2023-10-18 07:10:00,137.2,
WAN001,2023-10-18 07:20:00,137.2,
WAN001,2023-10-18 07:30:00,137.2,
WAN001,2023-10-18 07:40:00,137.2,
WAN001,2023-10-18 07:50:00,137.2,
WAN001,2023-10-18 08:00:00,137.2,
WAN001,2023-10-18 08:10:00,137.2,
WAN001,2023-10-18 08:20:00,137.2,
WAN001,2023-10-18 08:30:00,137.2,
WAN001,2023-10-18 08:40:00,137.21,
WAN001,2023-10-18 08:50:00,137.2,
WAN001,2023-10-18 09:00:00,137.21,
WAN001,2023-10-18 09:10:00,137.2,
WAN001,2023-10-18 09:20:00,137.2,
WAN001,2023-10-18 09:30:00,137.19,
WAN001,2023-10-18 09:40:00,137.2,
WAN001,2023-10-18 09:50:00,137.19,
WAN001,2023-10-18 10:00:00,137.2,
WAN001,2023-10-18 10:10:00,137.19,
WAN001,2023-10-18 10:20:00,137.19,
WAN001,2023-10-18 10:30:00,137.19,
WAN001,2023-10-18 10:40:00,137.2,
WAN001,2023-10-18 10:50:00,137.2,
WAN001,2023-10-18 11:00:00,137.2,
WAN001,2023-10-18 11:10:00,137.19,
WAN001,2023-10-18 11:20:00,137.2,
WAN001,2023-10-18 11:30:00,137.2,
WAN001,2023-10-18 11:40:00,137.19,
WAN001,2023-10-18 11:50:00,137.2,
WAN001,2023-10-18 12:00:00,137.21,
WAN001,2023-10-18 12:10:00,137.2,
WAN001,2023-10-18 12:20:00,137.2,
WAN001,2023-10-18 12:30:00,137.2,
WAN001,2023-10-18 12:40:00,137.19,
WAN001,2023-10-18 12:50:00,137.19,
WAN001,2023-10-18 13:00:00,137.19,
WAN001,2023-10-18 13:10:00,137.19,
WAN001,2023-10-18 13:20:00,137.19,
WAN001,2023-10-18 13:30:00,137.2,
WAN001,2023-10-18 13:40:00,137.19,
WAN001,2023-10-18 13:50:00,137.19,
WAN001,2023-10-18 14:00:00,137.19,
WAN001,2023-10-18 14:10:00,137.19,
WAN001,2023-10-18 14:20:00,137.19,
WAN001,2023-10-18 14:30:00,137.19,
WAN001,2023-10-18 14:40:00,137.2,
WAN001,2023-10-18 14:50:00,137.19,
WAN001,2023-10-18 15:00:00,137.19,
WAN001,2023-10-18 15:10:00,137.19,
WAN001,2023-10-18 15:20:00,137.19,
WAN001,2023-10-18 15:30:00,137.2,
WAN001,2023-10-18 15:40:00,137.19,
WAN001,2023-10-18 15:50:00,137.19,
WAN001,2023-10-18 16:00:00,137.19,
WAN001,2023-10-18 16:10:00,137.18,
WAN001,2023-10-18 16:20:00,137.19,
WAN001,2023-10-18 16:30:00,137.18,
WAN001,2023-10-18 16:40:00,137.19,
WAN001,2023-10-18 16:50:00,137.19,
WAN001,2023-10-18 17:00:00,137.2,
WAN001,2023-10-18 17:10:00,137.19,
WAN001,2023-10-18 17:20:00,137.19,
WAN001,2023-10-18 17:30:00,137.19,
WAN001,2023-10-18 17:40:00,137.19,
WAN001,2023-10-18 17:50:00,137.19,
WAN001,2023-10-18 18:00:00,137.2,
WAN001,2023-10-18 18:10:00,137.2,
WAN001,2023-10-18 18:20:00,137.2,
WAN001,2023-10-18 18:30:00,137.18,
WAN001,2023-10-18 18:40:00,137.2,
WAN001,2023-10-18 18:50:00,137.19,
WAN001,2023-10-18 19:00:00,137.19,
WAN001,2023-10-18 19:10:00,-,
WAN001,2023-10-18 19:20:00,137.2,
WAN001,2023-10-18 19:30:00,137.2,
WAN001,2023-10-18 19:40:00,137.18,
WAN001,2023-10-18 19:50:00,137.19,
WAN001,2023-10-18 20:00:00,137.2,
WAN001,2023-10-18 20:10:00,-,
WAN001,2023-10-18 20:20:00,137.19,
WAN001,2023-10-18 20:30:00,137.19,
WAN001,2023-10-18 20:40:00,137.19,
WAN001,2023-10-18 20:50:00,137.18,
WAN001,2023-10-18 21:00:00,137.19,
WAN001,2023-10-18 21:10:00,137.18,
WAN001,2023-10-18 21:20:00,137.19,
WAN001,2023-10-18 21:30:00,137.19,
WAN001,2023-10-18 21:40:00,137.19,
WAN001,2023-10-18 21:50:00,137.19,
WAN001,2023-10-18 22:00:00,137.18,
WAN001,2023-10-18 22:10:00,137.18,
WAN001,2023-10-18 22:20:00,137.18,
WAN001,2023-10-18 22:30:00,137.18,
WAN001,2023-10-18 22:40:00,137.18,
WAN001,2023-10-18 22:50:00,137.17,
WAN001,2023-10-18 23:00:00,-,
WAN001,2023-10-18 23:10:00,137.18,
WAN001,2023-10-18 23:20:00,137.18,
WAN001,2023-10-18 23:30:00,137.18,
WAN001,2023-10-18 23:40:00,137.17,
WAN001,2023-10-18 23:50:00,137.17,
WAN001,2023-10-19 00:00:00,137.17,
WAN001,2023-10-19 00:10:00,137.17,
WAN001,2023-10-19 00:20:00,137.17,
WAN001,2023-10-19 00:30:00,137.16,
WAN001,2023-10-19 00:40:00,137.16,
WAN001,2023-10-19 00:50:00,137.16,
WAN001,2023-10-19 01:00:00,137.15,
WAN001,2023-10-19 01:10:00,137.14,
WAN001,2023-10-19 01:20:00,137.15,
WAN001,2023-10-19 01:30:00,137.14,
WAN001,2023-10-19 01:40:00,137.14,
WAN001,2023-10-19 01:50:00,137.15,
WAN001,2023-10-19 02:00:00,137.15,
WAN001,2023-10-19 02:10:00,137.14,
WAN001,2023-10-19 02:20:00,137.13,
WAN001,2023-10-19 02:30:00,137.13,
WAN001,2023-10-19 02:40:00,-,
WAN001,2023-10-19 02:50:00,137.13,
WAN001,2023-10-19 03:00:00,137.12,
WAN001,2023-10-19 03:10:00,137.12,
WAN001,2023-10-19 03:20:00,137.12,
WAN001,2023-10-19 03:30:00,137.11,
WAN001,2023-10-19 03:40:00,137.11,
WAN001,2023-10-19 03:50:00,137.11,
WAN001,2023-10-19 04:00:00,137.11,
WAN001,2023-10-19 04:10:00,137.11,
WAN001,2023-10-19 04:20:00,137.1,
WAN001,2023-10-19 04:30:00,137.1,
WAN001,2023-10-19 04:40:00,137.09,
WAN001,2023-10-19 04:50:00,137.1,
WAN001,2023-10-19 05:00:00,137.09,
WAN001,2023-10-19 05:10:00,137.09,
WAN001,2023-10-19 05:20:00,137.09,
WAN001,2023-10-19 05:30:00,137.08,
WAN001,2023-10-19 05:40:00,137.08,
WAN001,2023-10-19 05:50:00,137.08,
WAN001,2023-10-19 06:00:00,137.08,
WAN001,2023-10-19 06:10:00,137.07,
WAN001,2023-10-19 06:20:00,137.06,
WAN001,2023-10-19 06:30:00,137.06,
WAN001,2023-10-19 06:40:00,137.06,
WAN001,2023-10-19 06:50:00,137.05,
WAN001,2023-10-19 07:00:00,137.06,
WAN001,2023-10-19 07:10:00,137.05,
WAN001,2023-10-19 07:20:00,137.05,
WAN001,2023-10-19 07:30:00,137.05,
WAN001,2023-10-19 07:40:00,137.04,
WAN001,2023-10-19 07:50:00,137.02,
WAN001,2023-10-19 08:00:00,137.03,
WAN001,2023-10-19 08:10:00,137.03,
WAN001,2023-10-19 08:20:00,137.01,
WAN001,2023-10-19 08:30:00,137.01,
WAN001,2023-10-19 08:40:00,137.01,
WAN001,2023-10-19 08:50:00,137,
WAN001,2023-10-19 09:00:00,136.99,
WAN001,2023-10-19 09:10:00,136.99,
WAN001,2023-10-19 09:20:00,136.99,
WAN001,2023-10-19 09:30:00,136.98,
WAN001,2023-10-19 09:40:00,136.97,
WAN001,2023-10-19 09:50:00,136.97,
WAN001,2023-10-19 10:00:00,136.96,
WAN001,2023-10-19 10:10:00,136.95,
WAN001,2023-10-19 10:20:00,136.95,
WAN001,2023-10-19 10:30:00,136.94,
WAN001,2023-10-19 10:40:00,136.93,
WAN001,2023-10-19 10:50:00,136.92,
WAN001,2023-10-19 11:00:00,136.93,
WAN001,2023-10-19 11:10:00,136.92,
WAN001,2023-10-19 11:20:00,136.91,
WAN001,2023-10-19 11:30:00,136.91,
WAN001,2023-10-19 11:40:00,136.89,
WAN001,2023-10-19 11:50:00,136.89,
WAN001,2023-10-19 12:00:00,136.87,
WAN001,2023-10-19 12:10:00,136.87,
WAN001,2023-10-19 12:20:00,136.87,
WAN001,2023-10-19 12:30:00,136.86,
WAN001,2023-10-19 12:40:00,136.85,
WAN001,2023-10-19 12:50:00,136.84,
WAN001,2023-10-19 13:00:00,136.84,
WAN001,2023-10-19 13:10:00,136.83,
WAN001,2023-10-19 13:20:00,136.82,
WAN001,2023-10-19 13:30:00,136.82,
WAN001,2023-10-19 13:40:00,136.81,
WAN001,2023-10-19 13:50:00,136.8,
WAN001,2023-10-19 14:00:00,136.78,
WAN001,2023-10-19 14:10:00,136.78,
WAN001,2023-10-19 14:20:00,136.78,
WAN001,2023-10-19 14:30:00,136.76,
WAN001,2023-10-19 14:40:00,136.76,
WAN001,2023-10-19 14:50:00,136.75,
WAN001,2023-10-19 15:00:00,136.75,
WAN001,2023-10-19 15:10:00,136.74,
WAN001,2023-10-19 15:20:00,136.73,
WAN001,2023-10-19 15:30:00,136.72,
WAN001,2023-10-19 15:40:00,136.72,
WAN001,2023-10-19 15:50:00,136.71,
WAN001,2023-10-19 16:00:00,136.7,
WAN001,2023-10-19 16:10:00,136.69,
WAN001,2023-10-19 16:20:00,136.69,
WAN001,2023-10-19 16:30:00,136.67,
WAN001,2023-10-19 16:40:00,136.68,
WAN001,2023-10-19 16:50:00,136.67,
WAN001,2023-10-19 17:00:00,136.66,
WAN001,2023-10-19 17:10:00,136.64,
WAN001,2023-10-19 17:20:00,136.64,
WAN001,2023-10-19 17:30:00,136.63,
WAN001,2023-10-19 17:40:00,136.63,
WAN001,2023-10-19 17:50:00,136.62,
WAN001,2023-10-19 18:00:00,136.61,
WAN001,2023-10-19 18:10:00,136.61,
WAN001,2023-10-19 18:20:00,136.61,
WAN001,2023-10-19 18:30:00,136.59,
WAN001,2023-10-19 18:40:00,136.59,
WAN001,2023-10-19 18:50:00,136.58,
WAN001,2023-10-19 19:00:00,136.57,
WAN001,2023-10-19 19:10:00,136.57,
WAN001,2023-10-19 19:20:00,136.55,
WAN001,2023-10-19 19:30:00,136.55,
WAN001,2023-10-19 19:40:00,136.55,
WAN001,2023-10-19 19:50:00,136.54,
WAN001,2023-10-19 20:00:00,136.54,
WAN001,2023-10-19 20:10:00,136.52,
WAN001,2023-10-19 20:20:00,136.52,
WAN001,2023-10-19 20:30:00,136.51,
WAN001,2023-10-19 20:40:00,136.5,
WAN001,2023-10-19 20:50:00,136.5,
WAN001,2023-10-19 21:00:00,136.49,
WAN001,2023-10-19 21:10:00,136.49,
WAN001,2023-10-19 21:20:00,136.48,
WAN001,2023-10-19 21:30:00,136.48,
WAN001,2023-10-19 21:40:00,136.47,
WAN001,2023-10-19 21:50:00,136.46,
WAN001,2023-10-19 22:00:00,136.45,
WAN001,2023-10-19 22:10:00,136.45,
WAN001,2023-10-19 22:20:00,136.44,
WAN001,2023-10-19 22:30:00,136.44,
WAN001,2023-10-19 22:40:00,136.42,
WAN001,2023-10-19 22:50:00,136.41,
WAN001,2023-10-19 23:00:00,136.41,
WAN001,2023-10-19 23:10:00,136.41,
WAN001,2023-10-19 23:20:00,136.41,
WAN001,2023-10-19 23:30:00,136.39,
WAN001,2023-10-19 23:40:00,136.38,
WAN001,2023-10-19 23:50:00,136.38,
WAN001,2023-10-20 00:00:00,136.37,
WAN001,2023-10-20 00:10:00,136.36,
WAN001,2023-10-20 00:20:00,136.36,
WAN001,2023-10-20 00:30:00,136.34,
WAN001,2023-10-20 00:40:00,136.34,
WAN001,2023-10-20 00:50:00,136.33,
WAN001,2023-10-20 01:00:00,136.34,
WAN001,2023-10-20 01:10:00,136.32,
WAN001,2023-10-20 01:20:00,136.32,
WAN001,2023-10-20 01:30:00,136.32,
WAN001,2023-10-20 01:40:00,136.31,
WAN001,2023-10-20 01:50:00,136.3,
WAN001,2023-10-20 02:00:00,136.29,
WAN001,2023-10-20 02:10:00,136.29,
WAN001,2023-10-20 02:20:00,136.28,
WAN001,2023-10-20 02:30:00,136.28,
WAN001,2023-10-20 02:40:00,136.28,
WAN001,2023-10-20 02:50:00,136.27,
WAN001,2023-10-20 03:00:00,136.26,
WAN001,2023-10-20 03:10:00,136.26,
WAN001,2023-10-20 03:20:00,136.25,
WAN001,2023-10-20 03:30:00,136.24,
WAN001,2023-10-20 03:40:00,136.23,
WAN001,2023-10-20 03:50:00,136.23,
WAN001,2023-10-20 04:00:00,136.23,
WAN001,2023-10-20 04:10:00,136.22,
WAN001,2023-10-20 04:20:00,136.21,
WAN001,2023-10-20 04:30:00,136.21,
WAN001,2023-10-20 04:40:00,136.2,
WAN001,2023-10-20 04:50:00,136.2,
WAN001,2023-10-20 05:00:00,136.19,
WAN001,2023-10-20 05:10:00,136.18,
WAN001,2023-10-20 05:20:00,136.17,
WAN001,2023-10-20 05:30:00,136.18,
WAN001,2023-10-20 05:40:00,136.16,
WAN001,2023-10-20 05:50:00,136.16,
WAN001,2023-10-20 06:00:00,136.15,
WAN001,2023-10-20 06:10:00,136.15,
WAN001,2023-10-20 06:20:00,136.14,
WAN001,2023-10-20 06:30:00,136.14,
WAN001,2023-10-20 06:40:00,136.13,
WAN001,2023-10-20 06:50:00,136.12,
WAN001,2023-10-20 07:00:00,136.12,
WAN001,2023-10-20 07:10:00,136.11,
WAN001,2023-10-20 07:20:00,136.11,
WAN001,2023-10-20 07:30:00,136.09,
WAN001,2023-10-20 07:40:00,136.1,
WAN001,2023-10-20 07:50:00,136.1,
WAN001,2023-10-20 08:00:00,136.08,
WAN001,2023-10-20 08:10:00,136.08,
WAN001,2023-10-20 08:20:00,136.08,
WAN001,2023-10-20 08:30:00,136.06,
WAN001,2023-10-20 08:40:00,136.06,
WAN001,2023-10-20 08:50:00,136.05,
WAN001,2023-10-20 09:00:00,136.04,
WAN001,2023-10-20 09:10:00,136.03,
WAN001,2023-10-20 09:20:00,136.03,
WAN001,2023-10-20 09:30:00,136.03,
WAN001,2023-10-20 09:40:00,136.02,
WAN001,2023-10-20 09:50:00,136.02,
WAN001,2023-10-20 10:00:00,136.01,
WAN001,2023-10-20 10:10:00,136.01,
WAN001,2023-10-20 10:20:00,136,
WAN001,2023-10-20 10:30:00,136,
WAN001,2023-10-20 10:40:00,135.99,
WAN001,2023-10-20 10:50:00,135.99,
WAN001,2023-10-20 11:00:00,135.98,
WAN001,2023-10-20 11:10:00,135.98,
WAN001,2023-10-20 11:20:00,135.97,
WAN001,2023-10-20 11:30:00,-,
WAN001,2023-10-20 11:40:00,135.96,
WAN001,2023-10-20 11:50:00,135.95,
WAN001,2023-10-20 12:00:00,135.95,
WAN001,2023-10-20 12:10:00,135.94,
WAN001,2023-10-20 12:20:00,135.94,
WAN001,2023-10-20 12:30:00,135.93,
WAN001,2023-10-20 12:40:00,135.94,
WAN001,2023-10-20 12:50:00,135.92,
WAN001,2023-10-20 13:00:00,135.92,
WAN001,2023-10-20 13:10:00,135.91,
WAN001,2023-10-20 13:20:00,135.91,
WAN001,2023-10-20 13:30:00,135.91,
WAN001,2023-10-20 13:40:00,135.91,
WAN001,2023-10-20 13:50:00,135.9,
WAN001,2023-10-20 14:00:00,135.89,
WAN001,2023-10-20 14:10:00,135.88,
WAN001,2023-10-20 14:20:00,135.88,
WAN001,2023-10-20 14:30:00,135.87,
WAN001,2023-10-20 14:40:00,135.86,
WAN001,2023-10-20 14:50:00,135.86,
WAN001,2023-10-20 15:00:00,135.85,
WAN001,2023-10-20 15:10:00,135.85,
WAN001,2023-10-20 15:20:00,135.84,
WAN001,2023-10-20 15:30:00,135.84,
WAN001,2023-10-20 15:40:00,135.83,
WAN001,2023-10-20 15:50:00,135.83,
WAN001,2023-10-20 16:00:00,135.82,
WAN001,2023-10-20 16:10:00,135.81,
WAN001,2023-10-20 16:20:00,135.81,
WAN001,2023-10-20 16:30:00,135.81,
WAN001,2023-10-20 16:40:00,135.8,
WAN001,2023-10-20 16:50:00,135.79,
WAN001,2023-10-20 17:00:00,135.79,
WAN001,2023-10-20 17:10:00,135.79,
WAN001,2023-10-20 17:20:00,135.79,
WAN001,2023-10-20 17:30:00,135.78,
WAN001,2023-10-20 17:40:00,135.77,
WAN001,2023-10-20 17:50:00,135.77,
WAN001,2023-10-20 18:00:00,135.76,
WAN001,2023-10-20 18:10:00,135.76,
WAN001,2023-10-20 18:20:00,135.74,
WAN001,2023-10-20 18:30:00,135.75,
WAN001,2023-10-20 18:40:00,135.74,
WAN001,2023-10-20 18:50:00,135.74,
WAN001,2023-10-20 19:00:00,135.74,
WAN001,2023-10-20 19:10:00,135.73,
WAN001,2023-10-20 19:20:00,135.73,
WAN001,2023-10-20 19:30:00,135.72,
WAN001,2023-10-20 19:40:00,135.72,
WAN001,2023-10-20 19:50:00,135.71,
WAN001,2023-10-20 20:00:00,135.71,
WAN001,2023-10-20 20:10:00,135.7,
WAN001,2023-10-20 20:20:00,135.7,
WAN001,2023-10-20 20:30:00,135.69,
WAN001,2023-10-20 20:40:00,135.69,
WAN001,2023-10-20 20:50:00,135.67,
WAN001,2023-10-20 21:00:00,135.68,
WAN001,2023-10-20 21:10:00,135.67,
WAN001,2023-10-20 21:20:00,135.67,
WAN001,2023-10-20 21:30:00,135.66,
WAN001,2023-10-20 21:40:00,135.65,
WAN001,2023-10-20 21:50:00,135.65,
WAN001,2023-10-20 22:00:00,135.64,
WAN001,2023-10-20 22:10:00,135.64,
WAN001,2023-10-20 22:20:00,135.63,
WAN001,2023-10-20 22:30:00,135.62,
WAN001,2023-10-20 22:40:00,135.63,
WAN001,2023-10-20 22:50:00,135.62,
WAN001,2023-10-20 23:00:00,135.62,
WAN001,2023-10-20 23:10:00,135.61,
WAN001,2023-10-20 23:20:00,135.6,
WAN001,2023-10-20 23:30:00,135.61,
WAN001,2023-10-20 23:40:00,135.6,
WAN001,2023-10-20 23:50:00,135.6,
WAN001,2023-10-21 00:00:00,135.59,
WAN001,2023-10-21 00:10:00,135.58,
WAN001,2023-10-21 00:20:00,135.58,
WAN001,2023-10-21 00:30:00,135.58,
WAN001,2023-10-21 00:40:00,135.57,
WAN001,2023-10-21 00:50:00,135.57,
WAN001,2023-10-21 01:00:00,135.57,
WAN001,2023-10-21 01:10:00,135.56,
WAN001,2023-10-21 01:20:00,135.56,
WAN001,2023-10-21 01:30:00,135.55,
WAN001,2023-10-21 01:40:00,135.55,
WAN001,2023-10-21 01:50:00,135.55,
WAN001,2023-10-21 02:00:00,135.55,
WAN001,2023-10-21 02:10:00,135.54,
WAN001,2023-10-21 02:20:00,135.54,
WAN001,2023-10-21 02:30:00,135.53,
WAN001,2023-10-21 02:40:00,135.53,
WAN001,2023-10-21 02:50:00,135.53,
WAN001,2023-10-21 03:00:00,135.53,
WAN001,2023-10-21 03:10:00,135.52,
WAN001,2023-10-21 03:20:00,135.52,
WAN001,2023-10-21 03:30:00,135.52,
WAN001,2023-10-21 03:40:00,135.5,
WAN001,2023-10-21 03:50:00,135.51,
WAN001,2023-10-21 04:00:00,135.5,
WAN001,2023-10-21 04:10:00,135.5,
WAN001,2023-10-21 04:20:00,135.5,
WAN001,2023-10-21 04:30:00,135.49,
WAN001,2023-10-21 04:40:00,135.49,
WAN001,2023-10-21 04:50:00,135.49,
WAN001,2023-10-21 05:00:00,135.48,
WAN001,2023-10-21 05:10:00,135.48,
WAN001,2023-10-21 05:20:00,135.47,
WAN001,2023-10-21 05:30:00,135.47,
WAN001,2023-10-21 05:40:00,135.46,
WAN001,2023-10-21 05:50:00,135.47,
WAN001,2023-10-21 06:00:00,135.46,
WAN001,2023-10-21 06:10:00,135.46,
WAN001,2023-10-21 06:20:00,135.46,
WAN001,2023-10-21 06:30:00,135.45,
WAN001,2023-10-21 06:40:00,135.45,
WAN001,2023-10-21 06:50:00,135.45,
WAN001,2023-10-21 07:00:00,135.44,
WAN001,2023-10-21 07:10:00,135.43,
WAN001,2023-10-21 07:20:00,135.43,
WAN001,2023-10-21 07:30:00,135.43,
WAN001,2023-10-21 07:40:00,135.43,
WAN001,2023-10-21 07:50:00,135.42,
WAN001,2023-10-21 08:00:00,135.42,
WAN001,2023-10-21 08:10:00,135.41,
WAN001,2023-10-21 08:20:00,135.41,
WAN001,2023-10-21 08:30:00,135.4,
WAN001,2023-10-21 08:40:00,135.41,
WAN001,2023-10-21 08:50:00,135.4,
WAN001,2023-10-21 09:00:00,135.4,
WAN001,2023-10-21 09:10:00,135.39,
WAN001,2023-10-21 09:20:00,135.39,
WAN001,2023-10-21 09:30:00,135.39,
WAN001,2023-10-21 09:40:00,135.39,
WAN001,2023-10-21 09:50:00,135.38,
WAN001,2023-10-21 10:00:00,135.38,
WAN001,2023-10-21 10:10:00,135.37,
WAN001,2023-10-21 10:20:00,135.37,
WAN001,2023-10-21 10:30:00,135.38,
WAN001,2023-10-21 10:40:00,135.38,
WAN001,2023-10-21 10:50:00,135.36,
WAN001,2023-10-21 11:00:00,135.37,
WAN001,2023-10-21 11:10:00,135.37,
WAN001,2023-10-21 11:20:00,135.37,
WAN001,2023-10-21 11:30:00,135.36,
WAN001,2023-10-21 11:40:00,135.36,
WAN001,2023-10-21 11:50:00,135.36,
WAN001,2023-10-21 12:00:00,135.36,
WAN001,2023-10-21 12:10:00,135.35,
WAN001,2023-10-21 12:20:00,135.35,
WAN001,2023-10-21 12:30:00,135.35,
WAN001,2023-10-21 12:40:00,135.35,
WAN001,2023-10-21 12:50:00,135.35,
WAN001,2023-10-21 13:00:00,135.35,
WAN001,2023-10-21 13:10:00,135.34,
WAN001,2023-10-21 13:20:00,135.35,
WAN001,2023-10-21 13:30:00,135.34,
WAN001,2023-10-21 13:40:00,135.34,
WAN001,2023-10-21 13:50:00,135.34,
WAN001,2023-10-21 14:00:00,135.33,
WAN001,2023-10-21 14:10:00,135.34,
WAN001,2023-10-21 14:20:00,135.34,
WAN001,2023-10-21 14:30:00,135.34,
WAN001,2023-10-21 14:40:00,135.33,
WAN001,2023-10-21 14:50:00,135.34,
WAN001,2023-10-21 15:00:00,135.33,
WAN001,2023-10-21 15:10:00,135.33,
WAN001,2023-10-21 15:20:00,135.34,
WAN001,2023-10-21 15:30:00,-,
WAN001,2023-10-21 15:40:00,135.33,
WAN001,2023-10-21 15:50:00,135.34,
WAN001,2023-10-21 16:00:00,135.34,
WAN001,2023-10-21 16:10:00,135.34,
WAN001,2023-10-21 16:20:00,135.34,
WAN001,2023-10-21 16:30:00,135.34,
WAN001,2023-10-21 16:40:00,135.34,
WAN001,2023-10-21 16:50:00,135.34,
WAN001,2023-10-21 17:00:00,135.34,
WAN001,2023-10-21 17:10:00,135.34,
WAN001,2023-10-21 17:20:00,135.35,
WAN001,2023-10-21 17:30:00,135.35,
WAN001,2023-10-21 17:40:00,135.35,
WAN001,2023-10-21 17:50:00,135.35,
WAN001,2023-10-21 18:00:00,135.34,
WAN001,2023-10-21 18:10:00,135.35,
WAN001,2023-10-21 18:20:00,135.35,
WAN001,2023-10-21 18:30:00,135.36,
WAN001,2023-10-21 18:40:00,135.36,
WAN001,2023-10-21 18:50:00,135.35,
WAN001,2023-10-21 19:00:00,135.36,
WAN001,2023-10-21 19:10:00,135.36,
WAN001,2023-10-21 19:20:00,135.36,
WAN001,2023-10-21 19:30:00,135.36,
WAN001,2023-10-21 19:40:00,135.37,
WAN001,2023-10-21 19:50:00,135.36,
WAN001,2023-10-21 20:00:00,135.36,
WAN001,2023-10-21 20:10:00,135.36,
WAN001,2023-10-21 20:20:00,135.37,
WAN001,2023-10-21 20:30:00,135.37,
WAN001,2023-10-21 20:40:00,135.37,
WAN001,2023-10-21 20:50:00,135.38,
WAN001,2023-10-21 21:00:00,135.38,
WAN001,2023-10-21 21:10:00,135.39,
WAN001,2023-10-21 21:20:00,135.4,
WAN001,2023-10-21 21:30:00,135.39,
WAN001,2023-10-21 21:40:00,135.4,
WAN001,2023-10-21 21:50:00,135.4,
WAN001,2023-10-21 22:00:00,135.4,
WAN001,2023-10-21 22:10:00,135.41,
WAN001,2023-10-21 22:20:00,135.41,
WAN001,2023-10-21 22:30:00,135.42,
WAN001,2023-10-21 22:40:00,135.41,
WAN001,2023-10-21 22:50:00,135.42,
WAN001,2023-10-21 23:00:00,135.42,
WAN001,2023-10-21 23:10:00,135.43,
WAN001,2023-10-21 23:20:00,135.42,
WAN001,2023-10-21 23:30:00,135.43,
WAN001,2023-10-21 23:40:00,135.43,
WAN001,2023-10-21 23:50:00,135.44,
WAN001,2023-10-22 00:00:00,135.44,
WAN001,2023-10-22 00:10:00,135.44,
WAN001,2023-10-22 00:20:00,135.45,
WAN001,2023-10-22 00:30:00,135.45,
WAN001,2023-10-22 00:40:00,135.45,
WAN001,2023-10-22 00:50:00,135.45,
WAN001,2023-10-22 01:00:00,135.46,
WAN001,2023-10-22 01:10:00,135.46,
WAN001,2023-10-22 01:20:00,135.47,
WAN001,2023-10-22 01:30:00,135.48,
WAN001,2023-10-22 01:40:00,135.48,
WAN001,2023-10-22 01:50:00,135.48,
WAN001,2023-10-22 02:00:00,135.48,
WAN001,2023-10-22 02:10:00,135.49,
WAN001,2023-10-22 02:20:00,135.5,
WAN001,2023-10-22 02:30:00,135.51,
WAN001,2023-10-22 02:40:00,135.52,
WAN001,2023-10-22 02:50:00,135.52,
WAN001,2023-10-22 03:00:00,135.53,
WAN001,2023-10-22 03:10:00,135.53,
WAN001,2023-10-22 03:20:00,135.53,
WAN001,2023-10-22 03:30:00,135.54,
WAN001,2023-10-22 03:40:00,135.54,
WAN001,2023-10-22 03:50:00,135.55,
WAN001,2023-10-22 04:00:00,135.55,
WAN001,2023-10-22 04:10:00,135.56,
WAN001,2023-10-22 04:20:00,135.56,
WAN001,2023-10-22 04:30:00,135.56,
WAN001,2023-10-22 04:40:00,135.56,
WAN001,2023-10-22 04:50:00,135.57,
WAN001,2023-10-22 05:00:00,135.57,
WAN001,2023-10-22 05:10:00,135.57,
WAN001,2023-10-22 05:20:00,135.58,
WAN001,2023-10-22 05:30:00,135.58,
WAN001,2023-10-22 05:40:00,135.59,
WAN001,2023-10-22 05:50:00,135.59,
WAN001,2023-10-22 06:00:00,135.59,
WAN001,2023-10-22 06:10:00,135.59,
WAN001,2023-10-22 06:20:00,135.59,
WAN001,2023-10-22 06:30:00,135.6,
WAN001,2023-10-22 06:40:00,135.6,
WAN001,2023-10-22 06:50:00,135.61,
WAN001,2023-10-22 07:00:00,135.6,
WAN001,2023-10-22 07:10:00,135.61,
WAN001,2023-10-22 07:20:00,135.61,
WAN001,2023-10-22 07:30:00,135.62,
WAN001,2023-10-22 07:40:00,135.62,
WAN001,2023-10-22 07:50:00,135.62,
WAN001,2023-10-22 08:00:00,135.63,
WAN001,2023-10-22 08:10:00,135.62,
WAN001,2023-10-22 08:20:00,135.62,
WAN001,2023-10-22 08:30:00,135.63,
WAN001,2023-10-22 08:40:00,135.63,
WAN001,2023-10-22 08:50:00,135.63,
WAN001,2023-10-22 09:00:00,135.62,
WAN001,2023-10-22 09:10:00,135.63,
WAN001,2023-10-22 09:20:00,135.63,
WAN001,2023-10-22 09:30:00,135.63,
WAN001,2023-10-22 09:40:00,135.64,
WAN001,2023-10-22 09:50:00,135.63,
WAN001,2023-10-22 10:00:00,135.64,
WAN001,2023-10-22 10:10:00,135.64,
WAN001,2023-10-22 10:20:00,135.63,
WAN001,2023-10-22 10:30:00,135.64,
WAN001,2023-10-22 10:40:00,135.64,
WAN001,2023-10-22 10:50:00,135.64,
WAN001,2023-10-22 11:00:00,135.64,
WAN001,2023-10-22 11:10:00,135.64,
WAN001,2023-10-22 11:20:00,135.64,
WAN001,2023-10-22 11:30:00,135.64,
WAN001,2023-10-22 11:40:00,135.65,
WAN001,2023-10-22 11:50:00,135.65,
WAN001,2023-10-22 12:00:00,135.65,
WAN001,2023-10-22 12:10:00,135.64,
WAN001,2023-10-22 12:20:00,135.64,
WAN001,2023-10-22 12:30:00,135.65,
WAN001,2023-10-22 12:40:00,135.65,
WAN001,2023-10-22 12:50:00,135.66,
WAN001,2023-10-22 13:00:00,135.66,
WAN001,2023-10-22 13:10:00,135.66,
WAN001,2023-10-22 13:20:00,135.66,
WAN001,2023-10-22 13:30:00,135.67,
WAN001,2023-10-22 13:40:00,135.67,
WAN001,2023-10-22 13:50:00,135.67,
WAN001,2023-10-22 14:00:00,135.67,
WAN001,2023-10-22 14:10:00,135.67,
WAN001,2023-10-22 14:20:00,135.68,
WAN001,2023-10-22 14:30:00,135.68,
WAN001,2023-10-22 14:40:00,135.69,
WAN001,2023-10-22 14:50:00,135.69,
WAN001,2023-10-22 15:00:00,135.69,
WAN001,2023-10-22 15:10:00,135.7,
WAN001,2023-10-22 15:20:00,135.71,
WAN001,2023-10-22 15:30:00,135.73,
WAN001,2023-10-22 15:40:00,135.74,
WAN001,2023-10-22 15:50:00,135.74,
WAN001,2023-10-22 16:00:00,135.75,
WAN001,2023-10-22 16:10:00,135.74,
WAN001,2023-10-22 16:20:00,135.75,
WAN001,2023-10-22 16:30:00,135.75,
WAN001,2023-10-22 16:40:00,135.76,
WAN001,2023-10-22 16:50:00,135.76,
WAN001,2023-10-22 17:00:00,135.77,
WAN001,2023-10-22 17:10:00,135.77,
WAN001,2023-10-22 17:20:00,135.79,
WAN001,2023-10-22 17:30:00,135.79,
WAN001,2023-10-22 17:40:00,135.8,
WAN001,2023-10-22 17:50:00,135.8,
WAN001,2023-10-22 18:00:00,135.81,
WAN001,2023-10-22 18:10:00,135.81,
WAN001,2023-10-22 18:20:00,135.82,
WAN001,2023-10-22 18:30:00,135.83,
WAN001,2023-10-22 18:40:00,135.83,
WAN001,2023-10-22 18:50:00,135.84,
WAN001,2023-10-22 19:00:00,135.84,
WAN001,2023-10-22 19:10:00,135.85,
WAN001,2023-10-22 19:20:00,135.85,
WAN001,2023-10-22 19:30:00,135.86,
WAN001,2023-10-22 19:40:00,135.87,
WAN001,2023-10-22 19:50:00,135.87,
WAN001,2023-10-22 20:00:00,135.89,
WAN001,2023-10-22 20:10:00,135.89,
WAN001,2023-10-22 20:20:00,135.9,
WAN001,2023-10-22 20:30:00,135.9,
WAN001,2023-10-22 20:40:00,135.9,
WAN001,2023-10-22 20:50:00,135.91,
WAN001,2023-10-22 21:00:00,135.92,
WAN001,2023-10-22 21:10:00,135.92,
WAN001,2023-10-22 21:20:00,135.93,
WAN001,2023-10-22 21:30:00,135.94,
WAN001,2023-10-22 21:40:00,135.95,
WAN001,2023-10-22 21:50:00,135.95,
WAN001,2023-10-22 22:00:00,135.96,
WAN001,2023-10-22 22:10:00,135.97,
WAN001,2023-10-22 22:20:00,135.97,
WAN001,2023-10-22 22:30:00,135.98,
WAN001,2023-10-22 22:40:00,135.99,
WAN001,2023-10-22 22:50:00,135.99,
WAN001,2023-10-22 23:00:00,136,
WAN001,2023-10-22 23:10:00,136.01,
WAN001,2023-10-22 23:20:00,136.01,
WAN001,2023-10-22 23:30:00,136.02,
WAN001,2023-10-22 23:40:00,136.01,
WAN001,2023-10-22 23:50:00,136.03,
WAN001,2023-10-23 00:00:00,136.04,
WAN001,2023-10-23 00:10:00,-,
WAN001,2023-10-23 00:20:00,136.04,
WAN001,2023-10-23 00:30:00,136.05,
WAN001,2023-10-23 00:40:00,136.05,
WAN001,2023-10-23 00:50:00,136.05,
WAN001,2023-10-23 01:00:00,136.06,
WAN001,2023-10-23 01:10:00,136.07,
WAN001,2023-10-23 01:20:00,136.07,
WAN001,2023-10-23 01:30:00,136.07,
WAN001,2023-10-23 01:40:00,136.08,
WAN001,2023-10-23 01:50:00,136.08,
WAN001,2023-10-23 02:00:00,136.09,
WAN001,2023-10-23 02:10:00,136.09,
WAN001,2023-10-23 02:20:00,136.1,
WAN001,2023-10-23 02:30:00,136.1,
WAN001,2023-10-23 02:40:00,136.1,
WAN001,2023-10-23 02:50:00,136.1,
WAN001,2023-10-23 03:00:00,136.11,
WAN001,2023-10-23 03:10:00,136.11,
WAN001,2023-10-23 03:20:00,136.11,
WAN001,2023-10-23 03:30:00,136.12,
WAN001,2023-10-23 03:40:00,136.13,
WAN001,2023-10-23 03:50:00,136.13,
WAN001,2023-10-23 04:00:00,136.13,
WAN001,2023-10-23 04:10:00,136.14,
WAN001,2023-10-23 04:20:00,136.14,
WAN001,2023-10-23 04:30:00,136.14,
WAN001,2023-10-23 04:40:00,136.14,
WAN001,2023-10-23 04:50:00,136.15,
WAN001,2023-10-23 05:00:00,136.15,
WAN001,2023-10-23 05:10:00,136.15,
WAN001,2023-10-23 05:20:00,136.15,
WAN001,2023-10-23 05:30:00,136.15,
WAN001,2023-10-23 05:40:00,136.16,
WAN001,2023-10-23 05:50:00,136.16,
WAN001,2023-10-23 06:00:00,136.17,
WAN001,2023-10-23 06:10:00,136.16,
WAN001,2023-10-23 06:20:00,136.16,
WAN001,2023-10-23 06:30:00,136.17,
WAN001,2023-10-23 06:40:00,136.16,
WAN001,2023-10-23 06:50:00,136.17,
WAN001,2023-10-23 07:00:00,136.17,
WAN001,2023-10-23 07:10:00,136.17,
WAN001,2023-10-23 07:20:00,136.18,
WAN001,2023-10-23 07:30:00,136.17,
WAN001,2023-10-23 07:40:00,136.18,
WAN001,2023-10-23 07:50:00,136.17,
WAN001,2023-10-23 08:00:00,136.18,
WAN001,2023-10-23 08:10:00,136.17,
WAN001,2023-10-23 08:20:00,136.18,
WAN001,2023-10-23 08:30:00,136.17,
WAN001,2023-10-23 08:40:00,136.17,
WAN001,2023-10-23 08:50:00,136.18,
WAN001,2023-10-23 09:00:00,136.17,
WAN001,2023-10-23 09:10:00,136.18,
WAN001,2023-10-23 09:20:00,136.17,
WAN001,2023-10-23 09:30:00,136.18,
WAN001,2023-10-23 09:40:00,136.18,
WAN001,2023-10-23 09:50:00,136.17,
WAN001,2023-10-23 10:00:00,136.17,
WAN001,2023-10-23 10:10:00,136.17,
WAN001,2023-10-23 10:20:00,136.18,
WAN001,2023-10-23 10:30:00,136.16,
WAN001,2023-10-23 10:40:00,136.17,
WAN001,2023-10-23 10:50:00,136.17,
WAN001,2023-10-23 11:00:00,136.17,
WAN001,2023-10-23 11:10:00,136.17,
WAN001,2023-10-23 11:20:00,136.17,
WAN001,2023-10-23 11:30:00,136.17,
WAN001,2023-10-23 11:40:00,136.16,
WAN001,2023-10-23 11:50:00,136.16,
WAN001,2023-10-23 12:00:00,136.17,
WAN001,2023-10-23 12:10:00,136.16,
WAN001,2023-10-23 12:20:00,136.15,
WAN001,2023-10-23 12:30:00,136.16,
WAN001,2023-10-23 12:40:00,136.16,
WAN001,2023-10-23 12:50:00,136.16,
WAN001,2023-10-23 13:00:00,136.15,
WAN001,2023-10-23 13:10:00,136.15,
WAN001,2023-10-23 13:20:00,136.15,
WAN001,2023-10-23 13:30:00,136.15,
WAN001,2023-10-23 13:40:00,136.15,
WAN001,2023-10-23 13:50:00,136.14,
WAN001,2023-10-23 14:00:00,136.14,
WAN001,2023-10-23 14:10:00,136.14,
WAN001,2023-10-23 14:20:00,136.13,
WAN001,2023-10-23 14:30:00,136.13,
WAN001,2023-10-23 14:40:00,136.14,
WAN001,2023-10-23 14:50:00,136.13,
WAN001,2023-10-23 15:00:00,136.14,
WAN001,2023-10-23 15:10:00,136.13,
WAN001,2023-10-23 15:20:00,136.13,
WAN001,2023-10-23 15:30:00,136.13,
WAN001,2023-10-23 15:40:00,136.12,
WAN001,2023-10-23 15:50:00,136.13,
WAN001,2023-10-23 16:00:00,136.14,
WAN001,2023-10-23 16:10:00,136.14,
WAN001,2023-10-23 16:20:00,136.14,
WAN001,2023-10-23 16:30:00,136.13,
WAN001,2023-10-23 16:40:00,136.13,
WAN001,2023-10-23 16:50:00,136.12,
WAN001,2023-10-23 17:00:00,136.13,
WAN001,2023-10-23 17:10:00,136.12,
WAN001,2023-10-23 17:20:00,136.12,
WAN001,2023-10-23 17:30:00,136.12,
WAN001,2023-10-23 17:40:00,136.12,
WAN001,2023-10-23 17:50:00,136.11,
WAN001,2023-10-23 18:00:00,136.11,
WAN001,2023-10-23 18:10:00,136.11,
WAN001,2023-10-23 18:20:00,136.1,
WAN001,2023-10-23 18:30:00,136.1,
WAN001,2023-10-23 18:40:00,136.1,
WAN001,2023-10-23 18:50:00,136.1,
WAN001,2023-10-23 19:00:00,136.09,
WAN001,2023-10-23 19:10:00,136.09,
WAN001,2023-10-23 19:20:00,136.09,
WAN001,2023-10-23 19:30:00,136.09,
WAN001,2023-10-23 19:40:00,136.08,
WAN001,2023-10-23 19:50:00,136.08,
WAN001,2023-10-23 20:00:00,136.07,
WAN001,2023-10-23 20:10:00,136.08,
WAN001,2023-10-23 20:20:00,136.08,
WAN001,2023-10-23 20:30:00,136.08,
WAN001,2023-10-23 20:40:00,136.07,
WAN001,2023-10-23 20:50:00,136.07,
WAN001,2023-10-23 21:00:00,-,
WAN001,2023-10-23 21:10:00,136.07,
WAN001,2023-10-23 21:20:00,136.07,
WAN001,2023-10-23 21:30:00,136.07,
WAN001,2023-10-23 21:40:00,136.06,
WAN001,2023-10-23 21:50:00,136.06,
WAN001,2023-10-23 22:00:00,136.06,
WAN001,2023-10-23 22:10:00,136.07,
WAN001,2023-10-23 22:20:00,136.06,
WAN001,2023-10-23 22:30:00,136.06,
WAN001,2023-10-23 22:40:00,136.05,
WAN001,2023-10-23 22:50:00,136.05,
WAN001,2023-10-23 23:00:00,136.05,
WAN001,2023-10-23 23:10:00,136.05,
WAN001,2023-10-23 23:20:00,136.05,
WAN001,2023-10-23 23:30:00,136.05,
WAN001,2023-10-23 23:40:00,136.04,
WAN001,2023-10-23 23:50:00,136.05,
WAN001,2023-10-24 00:00:00,136.04,
WAN001,2023-10-24 00:10:00,136.04,
WAN001,2023-10-24 00:20:00,136.04,
WAN001,2023-10-24 00:30:00,136.04,
WAN001,2023-10-24 00:40:00,136.03,
WAN001,2023-10-24 00:50:00,136.03,
WAN001,2023-10-24 01:00:00,136.03,
WAN001,2023-10-24 01:10:00,136.02,
WAN001,2023-10-24 01:20:00,136.02,
WAN001,2023-10-24 01:30:00,136.02,
WAN001,2023-10-24 01:40:00,136.02,
WAN001,2023-10-24 01:50:00,136.02,
WAN001,2023-10-24 02:00:00,136.01,
WAN001,2023-10-24 02:10:00,136.01,
WAN001,2023-10-24 02:20:00,136.01,
WAN001,2023-10-24 02:30:00,136,
WAN001,2023-10-24 02:40:00,136,
WAN001,2023-10-24 02:50:00,136,
WAN001,2023-10-24 03:00:00,135.98,
WAN001,2023-10-24 03:10:00,136,
WAN001,2023-10-24 03:20:00,135.98,
WAN001,2023-10-24 03:30:00,135.99,
WAN001,2023-10-24 03:40:00,135.99,
WAN001,2023-10-24 03:50:00,135.98,
WAN001,2023-10-24 04:00:00,135.99,
WAN001,2023-10-24 04:10:00,135.97,
WAN001,2023-10-24 04:20:00,135.98,
WAN001,2023-10-24 04:30:00,135.97,
WAN001,2023-10-24 04:40:00,135.97,
WAN001,2023-10-24 04:50:00,135.97,
WAN001,2023-10-24 05:00:00,135.97,
WAN001,2023-10-24 05:10:00,135.97,
WAN001,2023-10-24 05:20:00,135.96,
WAN001,2023-10-24 05:30:00,135.97,
WAN001,2023-10-24 05:40:00,135.95,
WAN001,2023-10-24 05:50:00,135.96,
WAN001,2023-10-24 06:00:00,-,
WAN001,2023-10-24 06:10:00,135.95,
WAN001,2023-10-24 06:20:00,135.95,
WAN001,2023-10-24 06:30:00,135.95,
WAN001,2023-10-24 06:40:00,135.95,
WAN001,2023-10-24 06:50:00,135.95,
WAN001,2023-10-24 07:00:00,135.95,
WAN001,2023-10-24 07:10:00,135.95,
WAN001,2023-10-24 07:20:00,135.95,
WAN001,2023-10-24 07:30:00,135.95,
WAN001,2023-10-24 07:40:00,135.94,
WAN001,2023-10-24 07:50:00,135.94,
WAN001,2023-10-24 08:00:00,135.95,
WAN001,2023-10-24 08:10:00,135.95,
WAN001,2023-10-24 08:20:00,135.95,
WAN001,2023-10-24 08:30:00,135.94,
WAN001,2023-10-24 08:40:00,135.95,
WAN001,2023-10-24 08:50:00,135.95,
WAN001,2023-10-24 09:00:00,135.95,
WAN001,2023-10-24 09:10:00,135.95,
WAN001,2023-10-24 09:20:00,135.95,
WAN001,2023-10-24 09:30:00,135.96,
WAN001,2023-10-24 09:40:00,135.97,
WAN001,2023-10-24 09:50:00,135.97,
WAN001,2023-10-24 10:00:00,135.96,
WAN001,2023-10-24 10:10:00,135.97,
WAN001,2023-10-24 10:20:00,135.98,
WAN001,2023-10-24 10:30:00,135.97,
WAN001,2023-10-24 10:40:00,135.98,
WAN001,2023-10-24 10:50:00,135.99,
WAN001,2023-10-24 11:00:00,135.99,
WAN001,2023-10-24 11:10:00,135.99,
WAN001,2023-10-24 11:20:00,136,
WAN001,2023-10-24 11:30:00,136.01,
WAN001,2023-10-24 11:40:00,136.02,
WAN001,2023-10-24 11:50:00,136.01,
WAN001,2023-10-24 12:00:00,136.02,
WAN001,2023-10-24 12:10:00,136.03,
WAN001,2023-10-24 12:20:00,136.04,
WAN001,2023-10-24 12:30:00,136.04,
WAN001,2023-10-24 12:40:00,136.05,
WAN001,2023-10-24 12:50:00,136.06,
WAN001,2023-10-24 13:00:00,136.07,
WAN001,2023-10-24 13:10:00,136.07,
WAN001,2023-10-24 13:20:00,136.07,
WAN001,2023-10-24 13:30:00,136.08,
WAN001,2023-10-24 13:40:00,136.09,
WAN001,2023-10-24 13:50:00,136.09,
WAN001,2023-10-24 14:00:00,136.1,
WAN001,2023-10-24 14:10:00,136.12,
WAN001,2023-10-24 14:20:00,136.13,
WAN001,2023-10-24 14:30:00,136.12,
WAN001,2023-10-24 14:40:00,136.14,
WAN001,2023-10-24 14:50:00,136.14,
WAN001,2023-10-24 15:00:00,136.15,
WAN001,2023-10-24 15:10:00,136.16,
WAN001,2023-10-24 15:20:00,136.17,
WAN001,2023-10-24 15:30:00,136.17,
WAN001,2023-10-24 15:40:00,136.18,
WAN001,2023-10-24 15:50:00,136.19,
WAN001,2023-10-24 16:00:00,136.2,
WAN001,2023-10-24 16:10:00,136.21,
WAN001,2023-10-24 16:20:00,136.21,
WAN001,2023-10-24 16:30:00,136.23,
WAN001,2023-10-24 16:40:00,136.23,
WAN001,2023-10-24 16:50:00,136.24,
WAN001,2023-10-24 17:00:00,136.25,
WAN001,2023-10-24 17:10:00,136.25,
WAN001,2023-10-24 17:20:00,136.26,
WAN001,2023-10-24 17:30:00,136.27,
WAN001,2023-10-24 17:40:00,136.28,
WAN001,2023-10-24 17:50:00,136.28,
WAN001,2023-10-24 18:00:00,136.29,
WAN001,2023-10-24 18:10:00,136.31,
WAN001,2023-10-24 18:20:00,136.31,
WAN001,2023-10-24 18:30:00,136.32,
WAN001,2023-10-24 18:40:00,136.32,
WAN001,2023-10-24 18:50:00,136.33,
WAN001,2023-10-24 19:00:00,136.35,
WAN001,2023-10-24 19:10:00,136.34,
WAN001,2023-10-24 19:20:00,136.36,
WAN001,2023-10-24 19:30:00,136.36,
WAN001,2023-10-24 19:40:00,136.37,
WAN001,2023-10-24 19:50:00,136.38,
WAN001,2023-10-24 20:00:00,136.38,
WAN001,2023-10-24 20:10:00,136.38,
WAN001,2023-10-24 20:20:00,-,
WAN001,2023-10-24 20:30:00,136.41,
WAN001,2023-10-24 20:40:00,136.4,
WAN001,2023-10-24 20:50:00,136.41,
WAN001,2023-10-24 21:00:00,136.42,
WAN001,2023-10-24 21:10:00,136.42,
WAN001,2023-10-24 21:20:00,136.43,
WAN001,2023-10-24 21:30:00,136.44,
WAN001,2023-10-24 21:40:00,136.44,
WAN001,2023-10-24 21:50:00,136.44,
WAN001,2023-10-24 22:00:00,136.45,
WAN001,2023-10-24 22:10:00,136.46,
WAN001,2023-10-24 22:20:00,136.46,
WAN001,2023-10-24 22:30:00,136.47,
WAN001,2023-10-24 22:40:00,136.47,
WAN001,2023-10-24 22:50:00,136.48,
WAN001,2023-10-24 23:00:00,136.48,
WAN001,2023-10-24 23:10:00,136.48,
WAN001,2023-10-24 23:20:00,136.5,
WAN001,2023-10-24 23:30:00,136.48,
WAN001,2023-10-24 23:40:00,136.5,
WAN001,2023-10-24 23:50:00,136.5,
WAN001,2023-10-25 00:00:00,136.51,
WAN001,2023-10-25 00:10:00,136.51,
WAN001,2023-10-25 00:20:00,136.51,
WAN001,2023-10-25 00:30:00,136.52,
WAN001,2023-10-25 00:40:00,136.52,
WAN001,2023-10-25 00:50:00,136.52,
WAN001,2023-10-25 01:00:00,136.52,
WAN001,2023-10-25 01:10:00,136.53,
WAN001,2023-10-25 01:20:00,136.53,
WAN001,2023-10-25 01:30:00,136.54,
WAN001,2023-10-25 01:40:00,136.55,
WAN001,2023-10-25 01:50:00,136.56,
WAN001,2023-10-25 02:00:00,-,
WAN001,2023-10-25 02:10:00,136.56,
WAN001,2023-10-25 02:20:00,136.55,
WAN001,2023-10-25 02:30:00,136.56,
WAN001,2023-10-25 02:40:00,136.56,
WAN001,2023-10-25 02:50:00,136.56,
WAN001,2023-10-25 03:00:00,136.57,
WAN001,2023-10-25 03:10:00,136.57,
WAN001,2023-10-25 03:20:00,136.58,
WAN001,2023-10-25 03:30:00,136.58,
WAN001,2023-10-25 03:40:00,136.57,
WAN001,2023-10-25 03:50:00,136.57,
WAN001,2023-10-25 04:00:00,136.58,
WAN001,2023-10-25 04:10:00,136.58,
WAN001,2023-10-25 04:20:00,136.58,
WAN001,2023-10-25 04:30:00,136.59,
WAN001,2023-10-25 04:40:00,136.59,
WAN001,2023-10-25 04:50:00,136.58,
WAN001,2023-10-25 05:00:00,136.59,
WAN001,2023-10-25 05:10:00,136.59,
WAN001,2023-10-25 05:20:00,136.6,
WAN001,2023-10-25 05:30:00,136.59,
WAN001,2023-10-25 05:40:00,136.6,
WAN001,2023-10-25 05:50:00,136.61,
WAN001,2023-10-25 06:00:00,136.6,
WAN001,2023-10-25 06:10:00,136.6,
WAN001,2023-10-25 06:20:00,136.6,
WAN001,2023-10-25 06:30:00,136.6,
WAN001,2023-10-25 06:40:00,136.6,
WAN001,2023-10-25 06:50:00,136.6,
WAN001,2023-10-25 07:00:00,136.6,
WAN001,2023-10-25 07:10:00,136.61,
WAN001,2023-10-25 07:20:00,136.61,
WAN001,2023-10-25 07:30:00,136.61,
WAN001,2023-10-25 07:40:00,136.61,
WAN001,2023-10-25 07:50:00,136.61,
WAN001,2023-10-25 08:00:00,136.61,
WAN001,2023-10-25 08:10:00,136.61,
WAN001,2023-10-25 08:20:00,136.61,
WAN001,2023-10-25 08:30:00,136.61,
WAN001,2023-10-25 08:40:00,136.62,
WAN001,2023-10-25 08:50:00,136.61,
WAN001,2023-10-25 09:00:00,136.61,
WAN001,2023-10-25 09:10:00,136.6,
WAN001,2023-10-25 09:20:00,136.6,
WAN001,2023-10-25 09:30:00,136.6,
WAN001,2023-10-25 09:40:00,136.6,
WAN001,2023-10-25 09:50:00,136.6,
WAN001,2023-10-25 10:00:00,136.6,
WAN001,2023-10-25 10:10:00,136.6,
WAN001,2023-10-25 10:20:00,136.61,
WAN001,2023-10-25 10:30:00,136.6,
WAN001,2023-10-25 10:40:00,136.61,
WAN001,2023-10-25 10:50:00,136.6,
WAN001,2023-10-25 11:00:00,136.6,
WAN001,2023-10-25 11:10:00,136.6,
WAN001,2023-10-25 11:20:00,136.6,
WAN001,2023-10-25 11:30:00,136.59,
WAN001,2023-10-25 11:40:00,136.58,
WAN001,2023-10-25 11:50:00,136.58,
WAN001,2023-10-25 12:00:00,136.58,
WAN001,2023-10-25 12:10:00,136.58,
WAN001,2023-10-25 12:20:00,136.59,
WAN001,2023-10-25 12:30:00,136.59,
WAN001,2023-10-25 12:40:00,136.58,
WAN001,2023-10-25 12:50:00,136.57,
WAN001,2023-10-25 13:00:00,136.58,
WAN001,2023-10-25 13:10:00,136.57,
WAN001,2023-10-25 13:20:00,136.58,
WAN001,2023-10-25 13:30:00,136.57,
WAN001,2023-10-25 13:40:00,136.58,
WAN001,2023-10-25 13:50:00,136.56,
WAN001,2023-10-25 14:00:00,136.55,
WAN001,2023-10-25 14:10:00,136.57,
WAN001,2023-10-25 14:20:00,136.56,
WAN001,2023-10-25 14:30:00,136.56,
WAN001,2023-10-25 14:40:00,136.56,
WAN001,2023-10-25 14:50:00,136.55,
WAN001,2023-10-25 15:00:00,136.54,
WAN001,2023-10-25 15:10:00,136.55,
WAN001,2023-10-25 15:20:00,136.55,
WAN001,2023-10-25 15:30:00,136.54,
WAN001,2023-10-25 15:40:00,136.53,
WAN001,2023-10-25 15:50:00,136.54,
WAN001,2023-10-25 16:00:00,136.53,
WAN001,2023-10-25 16:10:00,136.53,
WAN001,2023-10-25 16:20:00,136.53,
WAN001,2023-10-25 16:30:00,136.53,
WAN001,2023-10-25 16:40:00,136.52,
WAN001,2023-10-25 16:50:00,136.53,
WAN001,2023-10-25 17:00:00,136.52,
WAN001,2023-10-25 17:10:00,136.52,
WAN001,2023-10-25 17:20:00,136.5,
WAN001,2023-10-25 17:30:00,136.51,
WAN001,2023-10-25 17:40:00,136.49,
WAN001,2023-10-25 17:50:00,136.5,
WAN001,2023-10-25 18:00:00,136.5,
WAN001,2023-10-25 18:10:00,136.49,
WAN001,2023-10-25 18:20:00,136.48,
WAN001,2023-10-25 18:30:00,136.48,
WAN001,2023-10-25 18:40:00,136.48,
WAN001,2023-10-25 18:50:00,136.48,
WAN001,2023-10-25 19:00:00,136.47,
WAN001,2023-10-25 19:10:00,136.47,
WAN001,2023-10-25 19:20:00,136.47,
WAN001,2023-10-25 19:30:00,136.46,
WAN001,2023-10-25 19:40:00,136.45,
WAN001,2023-10-25 19:50:00,136.46,
WAN001,2023-10-25 20:00:00,136.45,
WAN001,2023-10-25 20:10:00,136.44,
WAN001,2023-10-25 20:20:00,136.43,
WAN001,2023-10-25 20:30:00,136.43,
WAN001,2023-10-25 20:40:00,136.43,
WAN001,2023-10-25 20:50:00,136.43,
WAN001,2023-10-25 21:00:00,136.42,
WAN001,2023-10-25 21:10:00,136.41,
WAN001,2023-10-25 21:20:00,136.41,
WAN001,2023-10-25 21:30:00,136.4,
WAN001,2023-10-25 21:40:00,136.39,
WAN001,2023-10-25 21:50:00,136.38,
WAN001,2023-10-25 22:00:00,136.37,
WAN001,2023-10-25 22:10:00,136.38,
WAN001,2023-10-25 22:20:00,136.38,
WAN001,2023-10-25 22:30:00,136.37,
WAN001,2023-10-25 22:40:00,136.36,
WAN001,2023-10-25 22:50:00,136.35,
WAN001,2023-10-25 23:00:00,136.34,
WAN001,2023-10-25 23:10:00,136.34,
WAN001,2023-10-25 23:20:00,136.34,
WAN001,2023-10-25 23:30:00,136.33,
WAN001,2023-10-25 23:40:00,136.33,
WAN001,2023-10-25 23:50:00,136.32,
WAN001,2023-10-26 00:00:00,136.31,
WAN001,2023-10-26 00:10:00,136.31,
WAN001,2023-10-26 00:20:00,136.3,
WAN001,2023-10-26 00:30:00,136.29,
WAN001,2023-10-26 00:40:00,136.28,
WAN001,2023-10-26 00:50:00,136.28,
WAN001,2023-10-26 01:00:00,136.27,
WAN001,2023-10-26 01:10:00,136.27,
WAN001,2023-10-26 01:20:00,136.27,
WAN001,2023-10-26 01:30:00,136.26,
WAN001,2023-10-26 01:40:00,136.24,
WAN001,2023-10-26 01:50:00,136.24,
WAN001,2023-10-26 02:00:00,-,
WAN001,2023-10-26 02:10:00,136.23,
WAN001,2023-10-26 02:20:00,136.22,
WAN001,2023-10-26 02:30:00,136.22,
WAN001,2023-10-26 02:40:00,136.21,
WAN001,2023-10-26 02:50:00,136.21,
WAN001,2023-10-26 03:00:00,136.2,
WAN001,2023-10-26 03:10:00,136.18,
WAN001,2023-10-26 03:20:00,136.19,
WAN001,2023-10-26 03:30:00,136.18,
WAN001,2023-10-26 03:40:00,136.16,
WAN001,2023-10-26 03:50:00,136.16,
WAN001,2023-10-26 04:00:00,136.16,
WAN001,2023-10-26 04:10:00,136.15,
WAN001,2023-10-26 04:20:00,136.14,
WAN001,2023-10-26 04:30:00,136.12,
WAN001,2023-10-26 04:40:00,136.13,
WAN001,2023-10-26 04:50:00,136.12,
WAN001,2023-10-26 05:00:00,136.11,
WAN001,2023-10-26 05:10:00,136.1,
WAN001,2023-10-26 05:20:00,136.1,
WAN001,2023-10-26 05:30:00,136.1,
WAN001,2023-10-26 05:40:00,136.09,
WAN001,2023-10-26 05:50:00,136.08,
WAN001,2023-10-26 06:00:00,136.07,
WAN001,2023-10-26 06:10:00,136.07,
WAN001,2023-10-26 06:20:00,136.06,
WAN001,2023-10-26 06:30:00,136.05,
WAN001,2023-10-26 06:40:00,136.05,
WAN001,2023-10-26 06:50:00,136.04,
WAN001,2023-10-26 07:00:00,136.04,
WAN001,2023-10-26 07:10:00,136.03,
WAN001,2023-10-26 07:20:00,136.02,
WAN001,2023-10-26 07:30:00,136.01,
WAN001,2023-10-26 07:40:00,136.01,
WAN001,2023-10-26 07:50:00,136,
WAN001,2023-10-26 08:00:00,135.99,
WAN001,2023-10-26 08:10:00,135.98,
WAN001,2023-10-26 08:20:00,135.99,
WAN001,2023-10-26 08:30:00,135.97,
WAN001,2023-10-26 08:40:00,135.96,
WAN001,2023-10-26 08:50:00,135.96,
WAN001,2023-10-26 09:00:00,135.95,
WAN001,2023-10-26 09:10:00,135.94,
WAN001,2023-10-26 09:20:00,135.94,
WAN001,2023-10-26 09:30:00,135.93,
WAN001,2023-10-26 09:40:00,135.92,
WAN001,2023-10-26 09:50:00,135.92,
WAN001,2023-10-26 10:00:00,135.91,
WAN001,2023-10-26 10:10:00,135.9,
WAN001,2023-10-26 10:20:00,135.89,
WAN001,2023-10-26 10:30:00,135.88,
WAN001,2023-10-26 10:40:00,135.87,
WAN001,2023-10-26 10:50:00,135.88,
WAN001,2023-10-26 11:00:00,135.87,
WAN001,2023-10-26 11:10:00,135.86,
WAN001,2023-10-26 11:20:00,135.86,
WAN001,2023-10-26 11:30:00,135.85,
WAN001,2023-10-26 11:40:00,135.84,
WAN001,2023-10-26 11:50:00,135.84,
WAN001,2023-10-26 12:00:00,135.83,
WAN001,2023-10-26 12:10:00,135.82,
WAN001,2023-10-26 12:20:00,135.81,
WAN001,2023-10-26 12:30:00,135.81,
WAN001,2023-10-26 12:40:00,135.8,
WAN001,2023-10-26 12:50:00,135.79,
WAN001,2023-10-26 13:00:00,135.79,
WAN001,2023-10-26 13:10:00,135.78,
WAN001,2023-10-26 13:20:00,135.77,
WAN001,2023-10-26 13:30:00,135.77,
WAN001,2023-10-26 13:40:00,135.76,
WAN001,2023-10-26 13:50:00,135.76,
WAN001,2023-10-26 14:00:00,135.75,
WAN001,2023-10-26 14:10:00,135.74,
WAN001,2023-10-26 14:20:00,135.74,
WAN001,2023-10-26 14:30:00,135.73,
WAN001,2023-10-26 14:40:00,135.73,
WAN001,2023-10-26 14:50:00,135.72,
WAN001,2023-10-26 15:00:00,135.71,
WAN001,2023-10-26 15:10:00,135.71,
WAN001,2023-10-26 15:20:00,135.7,
WAN001,2023-10-26 15:30:00,135.7,
WAN001,2023-10-26 15:40:00,135.69,
WAN001,2023-10-26 15:50:00,135.68,
WAN001,2023-10-26 16:00:00,135.68,
WAN001,2023-10-26 16:10:00,135.67,
WAN001,2023-10-26 16:20:00,135.67,
WAN001,2023-10-26 16:30:00,135.66,
WAN001,2023-10-26 16:40:00,135.65,
WAN001,2023-10-26 16:50:00,135.65,
WAN001,2023-10-26 17:00:00,135.64,
WAN001,2023-10-26 17:10:00,135.63,
WAN001,2023-10-26 17:20:00,135.63,
WAN001,2023-10-26 17:30:00,135.62,
WAN001,2023-10-26 17:40:00,135.62,
WAN001,2023-10-26 17:50:00,135.61,
WAN001,2023-10-26 18:00:00,-,
WAN001,2023-10-26 18:10:00,135.59,
WAN001,2023-10-26 18:20:00,135.59,
WAN001,2023-10-26 18:30:00,135.59,
WAN001,2023-10-26 18:40:00,135.58,
WAN001,2023-10-26 18:50:00,135.58,
WAN001,2023-10-26 19:00:00,-,
WAN001,2023-10-26 19:10:00,135.56,
WAN001,2023-10-26 19:20:00,135.56,
WAN001,2023-10-26 19:30:00,135.55,
WAN001,2023-10-26 19:40:00,135.55,
WAN001,2023-10-26 19:50:00,135.54,
WAN001,2023-10-26 20:00:00,135.53,
WAN001,2023-10-26 20:10:00,135.53,
WAN001,2023-10-26 20:20:00,135.52,
WAN001,2023-10-26 20:30:00,135.52,
WAN001,2023-10-26 20:40:00,135.51,
WAN001,2023-10-26 20:50:00,135.51,
WAN001,2023-10-26 21:00:00,135.5,
WAN001,2023-10-26 21:10:00,135.5,
WAN001,2023-10-26 21:20:00,135.49,
WAN001,2023-10-26 21:30:00,135.49,
WAN001,2023-10-26 21:40:00,135.48,
WAN001,2023-10-26 21:50:00,135.48,
WAN001,2023-10-26 22:00:00,135.48,
WAN001,2023-10-26 22:10:00,135.47,
WAN001,2023-10-26 22:20:00,135.46,
WAN001,2023-10-26 22:30:00,135.46,
WAN001,2023-10-26 22:40:00,135.45,
WAN001,2023-10-26 22:50:00,135.45,
WAN001,2023-10-26 23:00:00,135.45,
WAN001,2023-10-26 23:10:00,135.45,
WAN001,2023-10-26 23:20:00,135.44,
WAN001,2023-10-26 23:30:00,135.43,
WAN001,2023-10-26 23:40:00,135.44,
WAN001,2023-10-26 23:50:00,135.43,
WAN001,2023-10-27 00:00:00,135.43,
WAN001,2023-10-27 00:10:00,135.42,
WAN001,2023-10-27 00:20:00,135.41,
WAN001,2023-10-27 00:30:00,135.41,
WAN001,2023-10-27 00:40:00,135.41,
WAN001,2023-10-27 00:50:00,135.41,
WAN001,2023-10-27 01:00:00,135.4,
WAN001,2023-10-27 01:10:00,135.4,
WAN001,2023-10-27 01:20:00,135.39,
WAN001,2023-10-27 01:30:00,135.38,
WAN001,2023-10-27 01:40:00,135.38,
WAN001,2023-10-27 01:50:00,135.38,
WAN001,2023-10-27 02:00:00,135.38,
WAN001,2023-10-27 02:10:00,135.37,
WAN001,2023-10-27 02:20:00,135.37,
WAN001,2023-10-27 02:30:00,135.36,
WAN001,2023-10-27 02:40:00,135.36,
WAN001,2023-10-27 02:50:00,135.35,
WAN001,2023-10-27 03:00:00,135.35,
WAN001,2023-10-27 03:10:00,135.35,
WAN001,2023-10-27 03:20:00,135.35,
WAN001,2023-10-27 03:30:00,135.35,
WAN001,2023-10-27 03:40:00,135.34,
WAN001,2023-10-27 03:50:00,135.33,
WAN001,2023-10-27 04:00:00,135.33,
WAN001,2023-10-27 04:10:00,135.32,
WAN001,2023-10-27 04:20:00,135.32,
WAN001,2023-10-27 04:30:00,135.32,
WAN001,2023-10-27 04:40:00,135.32,
WAN001,2023-10-27 04:50:00,135.31,
WAN001,2023-10-27 05:00:00,-,
WAN001,2023-10-27 05:10:00,135.31,
WAN001,2023-10-27 05:20:00,135.3,
WAN001,2023-10-27 05:30:00,135.31,
WAN001,2023-10-27 05:40:00,135.3,
WAN001,2023-10-27 05:50:00,135.29,
WAN001,2023-10-27 06:00:00,135.29,
WAN001,2023-10-27 06:10:00,135.29,
WAN001,2023-10-27 06:20:00,135.28,
WAN001,2023-10-27 06:30:00,135.28,
WAN001,2023-10-27 06:40:00,135.28,
WAN001,2023-10-27 06:50:00,135.28,
WAN001,2023-10-27 07:00:00,135.27,
WAN001,2023-10-27 07:10:00,135.27,
WAN001,2023-10-27 07:20:00,135.27,
WAN001,2023-10-27 07:30:00,135.27,
WAN001,2023-10-27 07:40:00,135.25,
WAN001,2023-10-27 07:50:00,135.26,
WAN001,2023-10-27 08:00:00,135.25,
WAN001,2023-10-27 08:10:00,135.25,
WAN001,2023-10-27 08:20:00,135.24,
WAN001,2023-10-27 08:30:00,135.25,
WAN001,2023-10-27 08:40:00,135.24,
WAN001,2023-10-27 08:50:00,135.24,
WAN001,2023-10-27 09:00:00,135.24,
WAN001,2023-10-27 09:10:00,135.23,
WAN001,2023-10-27 09:20:00,135.22,
WAN001,2023-10-27 09:30:00,135.22,
WAN001,2023-10-27 09:40:00,135.22,
WAN001,2023-10-27 09:50:00,135.21,
WAN001,2023-10-27 10:00:00,135.21,
WAN001,2023-10-27 10:10:00,135.2,
WAN001,2023-10-27 10:20:00,135.21,
WAN001,2023-10-27 10:30:00,135.2,
WAN001,2023-10-27 10:40:00,135.2,
WAN001,2023-10-27 10:50:00,135.2,
WAN001,2023-10-27 11:00:00,135.19,
WAN001,2023-10-27 11:10:00,135.19,
WAN001,2023-10-27 11:20:00,135.18,
WAN001,2023-10-27 11:30:00,135.17,
WAN001,2023-10-27 11:40:00,135.17,
WAN001,2023-10-27 11:50:00,135.17,
WAN001,2023-10-27 12:00:00,135.17,
WAN001,2023-10-27 12:10:00,135.17,
WAN001,2023-10-27 12:20:00,135.16,
WAN001,2023-10-27 12:30:00,135.16,
WAN001,2023-10-27 12:40:00,135.16,
WAN001,2023-10-27 12:50:00,135.15,
WAN001,2023-10-27 13:00:00,135.14,
WAN001,2023-10-27 13:10:00,135.14,
WAN001,2023-10-27 13:20:00,135.14,
WAN001,2023-10-27 13:30:00,135.14,
WAN001,2023-10-27 13:40:00,135.13,
WAN001,2023-10-27 13:50:00,135.13,
WAN001,2023-10-27 14:00:00,135.13,
WAN001,2023-10-27 14:10:00,135.12,
WAN001,2023-10-27 14:20:00,135.12,
WAN001,2023-10-27 14:30:00,135.12,
WAN001,2023-10-27 14:40:00,135.11,
WAN001,2023-10-27 14:50:00,135.11,
WAN001,2023-10-27 15:00:00,135.11,
WAN001,2023-10-27 15:10:00,135.1,
WAN001,2023-10-27 15:20:00,135.1,
WAN001,2023-10-27 15:30:00,135.09,
WAN001,2023-10-27 15:40:00,135.09,
WAN001,2023-10-27 15:50:00,135.09,
WAN001,2023-10-27 16:00:00,135.08,
WAN001,2023-10-27 16:10:00,135.09,
WAN001,2023-10-27 16:20:00,135.08,
WAN001,2023-10-27 16:30:00,135.08,
WAN001,2023-10-27 16:40:00,135.08,
WAN001,2023-10-27 16:50:00,135.08,
WAN001,2023-10-27 17:00:00,135.07,
WAN001,2023-10-27 17:10:00,135.07,
WAN001,2023-10-27 17:20:00,135.07,
WAN001,2023-10-27 17:30:00,135.06,
WAN001,2023-10-27 17:40:00,135.06,
WAN001,2023-10-27 17:50:00,135.06,
WAN001,2023-10-27 18:00:00,135.06,
WAN001,2023-10-27 18:10:00,135.05,
WAN001,2023-10-27 18:20:00,135.05,
WAN001,2023-10-27 18:30:00,135.04,
WAN001,2023-10-27 18:40:00,135.04,
WAN001,2023-10-27 18:50:00,135.03,
WAN001,2023-10-27 19:00:00,135.03,
WAN001,2023-10-27 19:10:00,135.03,
WAN001,2023-10-27 19:20:00,135.02,
WAN001,2023-10-27 19:30:00,135.02,
WAN001,2023-10-27 19:40:00,135.02,
WAN001,2023-10-27 19:50:00,135.02,
WAN001,2023-10-27 20:00:00,135.01,
WAN001,2023-10-27 20:10:00,135.01,
WAN001,2023-10-27 20:20:00,135.01,
WAN001,2023-10-27 20:30:00,135,
WAN001,2023-10-27 20:40:00,135,
WAN001,2023-10-27 20:50:00,135,
WAN001,2023-10-27 21:00:00,134.99,
WAN001,2023-10-27 21:10:00,134.99,
WAN001,2023-10-27 21:20:00,134.99,
WAN001,2023-10-27 21:30:00,134.98,
WAN001,2023-10-27 21:40:00,134.98,
WAN001,2023-10-27 21:50:00,134.98,
WAN001,2023-10-27 22:00:00,134.97,
WAN001,2023-10-27 22:10:00,134.97,
WAN001,2023-10-27 22:20:00,134.97,
WAN001,2023-10-27 22:30:00,134.97,
WAN001,2023-10-27 22:40:00,134.96,
WAN001,2023-10-27 22:50:00,134.96,
WAN001,2023-10-27 23:00:00,134.96,
WAN001,2023-10-27 23:10:00,134.95,
WAN001,2023-10-27 23:20:00,134.95,
WAN001,2023-10-27 23:30:00,134.95,
WAN001,2023-10-27 23:40:00,134.94,
WAN001,2023-10-27 23:50:00,134.94,
WAN001,2023-10-28 00:00:00,134.94,
WAN001,2023-10-28 00:10:00,134.93,
WAN001,2023-10-28 00:20:00,134.93,
WAN001,2023-10-28 00:30:00,134.93,
WAN001,2023-10-28 00:40:00,134.92,
WAN001,2023-10-28 00:50:00,134.91,
WAN001,2023-10-28 01:00:00,134.91,
WAN001,2023-10-28 01:10:00,134.9,
WAN001,2023-10-28 01:20:00,134.92,
WAN001,2023-10-28 01:30:00,134.92,
WAN001,2023-10-28 01:40:00,134.92,
WAN001,2023-10-28 01:50:00,134.92,
WAN001,2023-10-28 02:00:00,134.91,
WAN001,2023-10-28 02:10:00,134.91,
WAN001,2023-10-28 02:20:00,134.91,
WAN001,2023-10-28 02:30:00,134.91,
WAN001,2023-10-28 02:40:00,134.91,
WAN001,2023-10-28 02:50:00,134.9,
WAN001,2023-10-28 03:00:00,134.9,
WAN001,2023-10-28 03:10:00,134.9,
WAN001,2023-10-28 03:20:00,134.9,
WAN001,2023-10-28 03:30:00,134.89,
WAN001,2023-10-28 03:40:00,134.89,
WAN001,2023-10-28 03:50:00,134.89,
WAN001,2023-10-28 04:00:00,134.89,
WAN001,2023-10-28 04:10:00,134.89,
WAN001,2023-10-28 04:20:00,134.88,
WAN001,2023-10-28 04:30:00,134.88,
WAN001,2023-10-28 04:40:00,134.88,
WAN001,2023-10-28 04:50:00,134.88,
WAN001,2023-10-28 05:00:00,134.87,
WAN001,2023-10-28 05:10:00,134.87,
WAN001,2023-10-28 05:20:00,134.87,
WAN001,2023-10-28 05:30:00,134.87,
WAN001,2023-10-28 05:40:00,134.87,
WAN001,2023-10-28 05:50:00,134.87,
WAN001,2023-10-28 06:00:00,134.86,
WAN001,2023-10-28 06:10:00,134.87,
WAN001,2023-10-28 06:20:00,134.86,
WAN001,2023-10-28 06:30:00,134.86,
WAN001,2023-10-28 06:40:00,134.85,
WAN001,2023-10-28 06:50:00,134.85,
WAN001,2023-10-28 07:00:00,134.85,
WAN001,2023-10-28 07:10:00,134.84,
WAN001,2023-10-28 07:20:00,134.84,
WAN001,2023-10-28 07:30:00,134.84,
WAN001,2023-10-28 07:40:00,134.84,
WAN001,2023-10-28 07:50:00,134.84,
WAN001,2023-10-28 08:00:00,134.84,
WAN001,2023-10-28 08:10:00,134.83,
WAN001,2023-10-28 08:20:00,134.83,
WAN001,2023-10-28 08:30:00,134.83,
WAN001,2023-10-28 08:40:00,134.83,
WAN001,2023-10-28 08:50:00,134.83,
WAN001,2023-10-28 09:00:00,134.82,
WAN001,2023-10-28 09:10:00,134.82,
WAN001,2023-10-28 09:20:00,134.82,
WAN001,2023-10-28 09:30:00,134.82,
WAN001,2023-10-28 09:40:00,134.81,
WAN001,2023-10-28 09:50:00,134.81,
WAN001,2023-10-28 10:00:00,134.81,
WAN001,2023-10-28 10:10:00,-,
WAN001,2023-10-28 10:20:00,134.81,
WAN001,2023-10-28 10:30:00,134.81,
WAN001,2023-10-28 10:40:00,134.81,
WAN001,2023-10-28 10:50:00,134.81,
WAN001,2023-10-28 11:00:00,134.81,
WAN001,2023-10-28 11:10:00,134.81,
WAN001,2023-10-28 11:20:00,134.81,
WAN001,2023-10-28 11:30:00,134.81,
WAN001,2023-10-28 11:40:00,134.81,
WAN001,2023-10-28 11:50:00,134.81,
WAN001,2023-10-28 12:00:00,134.81,
WAN001,2023-10-28 12:10:00,134.81,
WAN001,2023-10-28 12:20:00,134.81,
WAN001,2023-10-28 12:30:00,134.8,
WAN001,2023-10-28 12:40:00,134.81,
WAN001,2023-10-28 12:50:00,134.81,
WAN001,2023-10-28 13:00:00,134.81,
WAN001,2023-10-28 13:10:00,134.81,
WAN001,2023-10-28 13:20:00,134.81,
WAN001,2023-10-28 13:30:00,134.81,
WAN001,2023-10-28 13:40:00,134.81,
WAN001,2023-10-28 13:50:00,134.82,
WAN001,2023-10-28 14:00:00,134.82,
WAN001,2023-10-28 14:10:00,134.82,
WAN001,2023-10-28 14:20:00,134.82,
WAN001,2023-10-28 14:30:00,134.83,
WAN001,2023-10-28 14:40:00,134.83,
WAN001,2023-10-28 14:50:00,134.83,
WAN001,2023-10-28 15:00:00,134.84,
WAN001,2023-10-28 15:10:00,134.84,
WAN001,2023-10-28 15:20:00,134.84,
WAN001,2023-10-28 15:30:00,134.85,
WAN001,2023-10-28 15:40:00,134.85,
WAN001,2023-10-28 15:50:00,134.86,
WAN001,2023-10-28 16:00:00,134.86,
WAN001,2023-10-28 16:10:00,134.87,
WAN001,2023-10-28 16:20:00,134.88,
WAN001,2023-10-28 16:30:00,134.88,
WAN001,2023-10-28 16:40:00,134.88,
WAN001,2023-10-28 16:50:00,134.89,
WAN001,2023-10-28 17:00:00,134.91,
WAN001,2023-10-28 17:10:00,134.92,
WAN001,2023-10-28 17:20:00,134.92,
WAN001,2023-10-28 17:30:00,134.93,
WAN001,2023-10-28 17:40:00,134.94,
WAN001,2023-10-28 17:50:00,134.96,
WAN001,2023-10-28 18:00:00,134.96,
WAN001,2023-10-28 18:10:00,134.97,
WAN001,2023-10-28 18:20:00,134.98,
WAN001,2023-10-28 18:30:00,135,
WAN001,2023-10-28 18:40:00,135.01,
WAN001,2023-10-28 18:50:00,135.02,
WAN001,2023-10-28 19:00:00,135.03,
WAN001,2023-10-28 19:10:00,135.04,
WAN001,2023-10-28 19:20:00,135.05,
WAN001,2023-10-28 19:30:00,135.06,
WAN001,2023-10-28 19:40:00,135.07,
WAN001,2023-10-28 19:50:00,135.08,
WAN001,2023-10-28 20:00:00,135.09,
WAN001,2023-10-28 20:10:00,135.1,
WAN001,2023-10-28 20:20:00,135.12,
WAN001,2023-10-28 20:30:00,135.13,
WAN001,2023-10-28 20:40:00,135.13,
WAN001,2023-10-28 20:50:00,135.15,
WAN001,2023-10-28 21:00:00,135.16,
WAN001,2023-10-28 21:10:00,135.17,
WAN001,2023-10-28 21:20:00,135.18,
WAN001,2023-10-28 21:30:00,135.19,
WAN001,2023-10-28 21:40:00,135.19,
WAN001,2023-10-28 21:50:00,135.2,
WAN001,2023-10-28 22:00:00,135.22,
WAN001,2023-10-28 22:10:00,135.22,
WAN001,2023-10-28 22:20:00,135.23,
WAN001,2023-10-28 22:30:00,135.24,
WAN001,2023-10-28 22:40:00,135.24,
WAN001,2023-10-28 22:50:00,135.26,
WAN001,2023-10-28 23:00:00,135.26,
WAN001,2023-10-28 23:10:00,135.27,
WAN001,2023-10-28 23:20:00,135.27,
WAN001,2023-10-28 23:30:00,135.28,
WAN001,2023-10-28 23:40:00,135.28,
WAN001,2023-10-28 23:50:00,135.29,
WAN001,2023-10-29 00:00:00,135.29,
WAN001,2023-10-29 00:10:00,135.29,
WAN001,2023-10-29 00:20:00,135.3,
WAN001,2023-10-29 00:30:00,135.31,
WAN001,2023-10-29 00:40:00,135.3,
WAN001,2023-10-29 00:50:00,135.31,
WAN001,2023-10-29 01:00:00,135.31,
WAN001,2023-10-29 01:10:00,135.31,
WAN001,2023-10-29 01:20:00,135.32,
WAN001,2023-10-29 01:30:00,135.32,
WAN001,2023-10-29 01:40:00,135.32,
WAN001,2023-10-29 01:50:00,135.32,
WAN001,2023-10-29 02:00:00,135.32,
WAN001,2023-10-29 02:10:00,135.32,
WAN001,2023-10-29 02:20:00,135.31,
WAN001,2023-10-29 02:30:00,135.32,
WAN001,2023-10-29 02:40:00,135.32,
WAN001,2023-10-29 02:50:00,135.32,
WAN001,2023-10-29 03:00:00,135.32,
WAN001,2023-10-29 03:10:00,135.31,
WAN001,2023-10-29 03:20:00,135.32,
WAN001,2023-10-29 03:30:00,135.32,
WAN001,2023-10-29 03:40:00,135.32,
WAN001,2023-10-29 03:50:00,135.32,
WAN001,2023-10-29 04:00:00,135.31,
WAN001,2023-10-29 04:10:00,135.31,
WAN001,2023-10-29 04:20:00,135.31,
WAN001,2023-10-29 04:30:00,135.31,
WAN001,2023-10-29 04:40:00,135.3,
WAN001,2023-10-29 04:50:00,135.3,
WAN001,2023-10-29 05:00:00,135.3,
WAN001,2023-10-29 05:10:00,135.3,
WAN001,2023-10-29 05:20:00,135.29,
WAN001,2023-10-29 05:30:00,135.29,
WAN001,2023-10-29 05:40:00,135.28,
WAN001,2023-10-29 05:50:00,135.28,
WAN001,2023-10-29 06:00:00,135.28,
WAN001,2023-10-29 06:10:00,135.27,
WAN001,2023-10-29 06:20:00,135.27,
WAN001,2023-10-29 06:30:00,135.26,
WAN001,2023-10-29 06:40:00,135.27,
WAN001,2023-10-29 06:50:00,135.25,
WAN001,2023-10-29 07:00:00,135.25,
WAN001,2023-10-29 07:10:00,135.24,
WAN001,2023-10-29 07:20:00,135.24,
WAN001,2023-10-29 07:30:00,135.23,
WAN001,2023-10-29 07:40:00,135.23,
WAN001,2023-10-29 07:50:00,135.22,
WAN001,2023-10-29 08:00:00,135.22,
WAN001,2023-10-29 08:10:00,135.22,
WAN001,2023-10-29 08:20:00,135.21,
WAN001,2023-10-29 08:30:00,135.21,
WAN001,2023-10-29 08:40:00,135.22,
WAN001,2023-10-29 08:50:00,135.23,
WAN001,2023-10-29 09:00:00,135.23,
WAN001,2023-10-29 09:10:00,135.24,
WAN001,2023-10-29 09:20:00,135.24,
WAN001,2023-10-29 09:30:00,135.23,
WAN001,2023-10-29 09:40:00,135.24,
WAN001,2023-10-29 09:50:00,135.23,
WAN001,2023-10-29 10:00:00,135.24,
WAN001,2023-10-29 10:10:00,135.23,
WAN001,2023-10-29 10:20:00,135.23,
WAN001,2023-10-29 10:30:00,135.23,
WAN001,2023-10-29 10:40:00,135.23,
WAN001,2023-10-29 10:50:00,135.23,
WAN001,2023-10-29 11:00:00,135.22,
WAN001,2023-10-29 11:10:00,135.22,
WAN001,2023-10-29 11:20:00,135.22,
WAN001,2023-10-29 11:30:00,135.22,
WAN001,2023-10-29 11:40:00,135.22,
WAN001,2023-10-29 11:50:00,135.22,
WAN001,2023-10-29 12:00:00,135.22,
WAN001,2023-10-29 12:10:00,135.22,
WAN001,2023-10-29 12:20:00,135.21,
WAN001,2023-10-29 12:30:00,135.22,
WAN001,2023-10-29 12:40:00,135.22,
WAN001,2023-10-29 12:50:00,135.22,
WAN001,2023-10-29 13:00:00,135.23,
WAN001,2023-10-29 13:10:00,135.22,
WAN001,2023-10-29 13:20:00,135.23,
WAN001,2023-10-29 13:30:00,135.22,
WAN001,2023-10-29 13:40:00,135.22,
WAN001,2023-10-29 13:50:00,135.23,
WAN001,2023-10-29 14:00:00,135.23,
WAN001,2023-10-29 14:10:00,135.23,
WAN001,2023-10-29 14:20:00,135.23,
WAN001,2023-10-29 14:30:00,135.23,
WAN001,2023-10-29 14:40:00,135.23,
WAN001,2023-10-29 14:50:00,135.24,
WAN001,2023-10-29 15:00:00,135.24,
WAN001,2023-10-29 15:10:00,135.24,
WAN001,2023-10-29 15:20:00,135.24,
WAN001,2023-10-29 15:30:00,135.25,
WAN001,2023-10-29 15:40:00,135.25,
WAN001,2023-10-29 15:50:00,135.25,
WAN001,2023-10-29 16:00:00,135.25,
WAN001,2023-10-29 16:10:00,135.26,
WAN001,2023-10-29 16:20:00,135.26,
WAN001,2023-10-29 16:30:00,135.27,
WAN001,2023-10-29 16:40:00,135.26,
WAN001,2023-10-29 16:50:00,135.26,
WAN001,2023-10-29 17:00:00,135.27,
WAN001,2023-10-29 17:10:00,135.26,
WAN001,2023-10-29 17:20:00,135.27,
WAN001,2023-10-29 17:30:00,135.28,
WAN001,2023-10-29 17:40:00,135.27,
WAN001,2023-10-29 17:50:00,135.28,
WAN001,2023-10-29 18:00:00,135.28,
WAN001,2023-10-29 18:10:00,135.28,
WAN001,2023-10-29 18:20:00,135.29,
WAN001,2023-10-29 18:30:00,135.29,
WAN001,2023-10-29 18:40:00,135.29,
WAN001,2023-10-29 18:50:00,135.29,
WAN001,2023-10-29 19:00:00,135.29,
WAN001,2023-10-29 19:10:00,135.29,
WAN001,2023-10-29 19:20:00,135.29,
WAN001,2023-10-29 19:30:00,135.29,
WAN001,2023-10-29 19:40:00,135.29,
WAN001,2023-10-29 19:50:00,135.29,
WAN001,2023-10-29 20:00:00,135.3,
WAN001,2023-10-29 20:10:00,135.3,
WAN001,2023-10-29 20:20:00,135.3,
WAN001,2023-10-29 20:30:00,135.29,
WAN001,2023-10-29 20:40:00,135.29,
WAN001,2023-10-29 20:50:00,135.3,
WAN001,2023-10-29 21:00:00,135.3,
WAN001,2023-10-29 21:10:00,135.29,
WAN001,2023-10-29 21:20:00,135.3,
WAN001,2023-10-29 21:30:00,135.3,
WAN001,2023-10-29 21:40:00,135.3,
WAN001,2023-10-29 21:50:00,135.3,
WAN001,2023-10-29 22:00:00,135.3,
WAN001,2023-10-29 22:10:00,135.3,
WAN001,2023-10-29 22:20:00,135.31,
WAN001,2023-10-29 22:30:00,135.3,
WAN001,2023-10-29 22:40:00,135.3,
WAN001,2023-10-29 22:50:00,135.3,
WAN001,2023-10-29 23:00:00,135.31,
WAN001,2023-10-29 23:10:00,135.31,
WAN001,2023-10-29 23:20:00,135.31,
WAN001,2023-10-29 23:30:00,135.3,
WAN001,2023-10-29 23:40:00,135.31,
WAN001,2023-10-29 23:50:00,135.3,
WAN001,2023-10-30 00:00:00,135.31,
WAN001,2023-10-30 00:10:00,135.3,
WAN001,2023-10-30 00:20:00,135.3,
WAN001,2023-10-30 00:30:00,135.31,
WAN001,2023-10-30 00:40:00,135.31,
WAN001,2023-10-30 00:50:00,135.31,
WAN001,2023-10-30 01:00:00,135.31,
WAN001,2023-10-30 01:10:00,135.31,
WAN001,2023-10-30 01:20:00,135.31,
WAN001,2023-10-30 01:30:00,135.31,
WAN001,2023-10-30 01:40:00,135.31,
WAN001,2023-10-30 01:50:00,135.31,
WAN001,2023-10-30 02:00:00,135.31,
WAN001,2023-10-30 02:10:00,135.31,
WAN001,2023-10-30 02:20:00,135.31,
WAN001,2023-10-30 02:30:00,135.31,
WAN001,2023-10-30 02:40:00,135.31,
WAN001,2023-10-30 02:50:00,135.31,
WAN001,2023-10-30 03:00:00,135.32,
WAN001,2023-10-30 03:10:00,135.32,
WAN001,2023-10-30 03:20:00,135.32,
WAN001,2023-10-30 03:30:00,135.32,
WAN001,2023-10-30 03:40:00,135.33,
WAN001,2023-10-30 03:50:00,135.33,
WAN001,2023-10-30 04:00:00,135.33,
WAN001,2023-10-30 04:10:00,135.33,
WAN001,2023-10-30 04:20:00,135.33,
WAN001,2023-10-30 04:30:00,135.33,
WAN001,2023-10-30 04:40:00,135.34,
WAN001,2023-10-30 04:50:00,135.33,
WAN001,2023-10-30 05:00:00,135.33,
WAN001,2023-10-30 05:10:00,135.32,
WAN001,2023-10-30 05:20:00,135.34,
WAN001,2023-10-30 05:30:00,135.34,
WAN001,2023-10-30 05:40:00,135.34,
WAN001,2023-10-30 05:50:00,135.34,
WAN001,2023-10-30 06:00:00,135.34,
WAN001,2023-10-30 06:10:00,135.34,
WAN001,2023-10-30 06:20:00,135.35,
WAN001,2023-10-30 06:30:00,135.35,
WAN001,2023-10-30 06:40:00,135.34,
WAN001,2023-10-30 06:50:00,135.35,
WAN001,2023-10-30 07:00:00,135.35,
WAN001,2023-10-30 07:10:00,135.35,
WAN001,2023-10-30 07:20:00,135.35,
WAN001,2023-10-30 07:30:00,135.35,
WAN001,2023-10-30 07:40:00,135.36,
WAN001,2023-10-30 07:50:00,135.35,
WAN001,2023-10-30 08:00:00,135.36,
WAN001,2023-10-30 08:10:00,135.36,
WAN001,2023-10-30 08:20:00,135.36,
WAN001,2023-10-30 08:30:00,135.35,
WAN001,2023-10-30 08:40:00,135.35,
WAN001,2023-10-30 08:50:00,135.36,
WAN001,2023-10-30 09:00:00,135.36,
WAN001,2023-10-30 09:10:00,135.35,
WAN001,2023-10-30 09:20:00,135.35,
WAN001,2023-10-30 09:30:00,135.36,
WAN001,2023-10-30 09:40:00,135.36,
WAN001,2023-10-30 09:50:00,135.36,
WAN001,2023-10-30 10:00:00,135.36,
WAN001,2023-10-30 10:10:00,135.36,
WAN001,2023-10-30 10:20:00,135.36,
WAN001,2023-10-30 10:30:00,135.36,
WAN001,2023-10-30 10:40:00,135.36,
WAN001,2023-10-30 10:50:00,135.36,
WAN001,2023-10-30 11:00:00,135.35,
WAN001,2023-10-30 11:10:00,135.35,
WAN001,2023-10-30 11:20:00,135.35,
WAN001,2023-10-30 11:30:00,135.35,
WAN001,2023-10-30 11:40:00,135.35,
WAN001,2023-10-30 11:50:00,135.35,
WAN001,2023-10-30 12:00:00,135.35,
WAN001,2023-10-30 12:10:00,135.35,
WAN001,2023-10-30 12:20:00,135.34,
WAN001,2023-10-30 12:30:00,135.35,
WAN001,2023-10-30 12:40:00,135.35,
WAN001,2023-10-30 12:50:00,135.35,
WAN001,2023-10-30 13:00:00,135.34,
WAN001,2023-10-30 13:10:00,135.34,
WAN001,2023-10-30 13:20:00,135.35,
WAN001,2023-10-30 13:30:00,135.35,
WAN001,2023-10-30 13:40:00,135.34,
WAN001,2023-10-30 13:50:00,135.35,
WAN001,2023-10-30 14:00:00,135.34,
WAN001,2023-10-30 14:10:00,135.34,
WAN001,2023-10-30 14:20:00,135.33,
WAN001,2023-10-30 14:30:00,135.33,
WAN001,2023-10-30 14:40:00,135.33,
WAN001,2023-10-30 14:50:00,135.32,
WAN001,2023-10-30 15:00:00,135.33,
WAN001,2023-10-30 15:10:00,135.33,
WAN001,2023-10-30 15:20:00,135.32,
WAN001,2023-10-30 15:30:00,135.32,
WAN001,2023-10-30 15:40:00,135.32,
WAN001,2023-10-30 15:50:00,135.32,
WAN001,2023-10-30 16:00:00,135.32,
WAN001,2023-10-30 16:10:00,135.32,
WAN001,2023-10-30 16:20:00,135.31,
WAN001,2023-10-30 16:30:00,135.31,
WAN001,2023-10-30 16:40:00,135.31,
WAN001,2023-10-30 16:50:00,135.31,
WAN001,2023-10-30 17:00:00,135.3,
WAN001,2023-10-30 17:10:00,135.3,
WAN001,2023-10-30 17:20:00,135.3,
WAN001,2023-10-30 17:30:00,135.29,
WAN001,2023-10-30 17:40:00,135.3,
WAN001,2023-10-30 17:50:00,135.29,
WAN001,2023-10-30 18:00:00,135.29,
WAN001,2023-10-30 18:10:00,-,
WAN001,2023-10-30 18:20:00,135.28,
WAN001,2023-10-30 18:30:00,135.28,
WAN001,2023-10-30 18:40:00,135.28,
WAN001,2023-10-30 18:50:00,135.28,
WAN001,2023-10-30 19:00:00,135.28,
WAN001,2023-10-30 19:10:00,135.27,
WAN001,2023-10-30 19:20:00,135.27,
WAN001,2023-10-30 19:30:00,135.27,
WAN001,2023-10-30 19:40:00,135.27,
WAN001,2023-10-30 19:50:00,135.27,
WAN001,2023-10-30 20:00:00,135.26,
WAN001,2023-10-30 20:10:00,135.25,
WAN001,2023-10-30 20:20:00,135.25,
WAN001,2023-10-30 20:30:00,135.26,
WAN001,2023-10-30 20:40:00,135.25,
WAN001,2023-10-30 20:50:00,135.25,
WAN001,2023-10-30 21:00:00,135.24,
WAN001,2023-10-30 21:10:00,135.24,
WAN001,2023-10-30 21:20:00,135.24,
WAN001,2023-10-30 21:30:00,135.23,
WAN001,2023-10-30 21:40:00,135.22,
WAN001,2023-10-30 21:50:00,135.23,
WAN001,2023-10-30 22:00:00,135.22,
WAN001,2023-10-30 22:10:00,135.23,
WAN001,2023-10-30 22:20:00,135.23,
WAN001,2023-10-30 22:30:00,135.2,
WAN001,2023-10-30 22:40:00,135.23,
WAN001,2023-10-30 22:50:00,135.24,
WAN001,2023-10-30 23:00:00,135.24,
WAN001,2023-10-30 23:10:00,135.24,
WAN001,2023-10-30 23:20:00,135.24,
WAN001,2023-10-30 23:30:00,135.24,
WAN001,2023-10-30 23:40:00,135.24,
WAN001,2023-10-30 23:50:00,135.24,
WAN001,2023-10-31 00:00:00,135.24,
WAN001,2023-10-31 00:10:00,135.24,
WAN001,2023-10-31 00:20:00,135.24,
WAN001,2023-10-31 00:30:00,135.24,
WAN001,2023-10-31 00:40:00,135.24,
WAN001,2023-10-31 00:50:00,135.24,
WAN001,2023-10-31 01:00:00,135.24,
WAN001,2023-10-31 01:10:00,135.23,
WAN001,2023-10-31 01:20:00,135.22,
WAN001,2023-10-31 01:30:00,135.24,
WAN001,2023-10-31 01:40:00,135.25,
WAN001,2023-10-31 01:50:00,135.24,
WAN001,2023-10-31 02:00:00,135.25,
WAN001,2023-10-31 02:10:00,135.25,
WAN001,2023-10-31 02:20:00,135.25,
WAN001,2023-10-31 02:30:00,135.25,
WAN001,2023-10-31 02:40:00,135.25,
WAN001,2023-10-31 02:50:00,135.26,
WAN001,2023-10-31 03:00:00,135.26,
WAN001,2023-10-31 03:10:00,135.26,
WAN001,2023-10-31 03:20:00,135.27,
WAN001,2023-10-31 03:30:00,135.27,
WAN001,2023-10-31 03:40:00,135.28,
WAN001,2023-10-31 03:50:00,135.29,
WAN001,2023-10-31 04:00:00,135.29,
WAN001,2023-10-31 04:10:00,135.3,
WAN001,2023-10-31 04:20:00,135.31,
WAN001,2023-10-31 04:30:00,135.31,
WAN001,2023-10-31 04:40:00,135.32,
WAN001,2023-10-31 04:50:00,135.32,
WAN001,2023-10-31 05:00:00,135.33,
WAN001,2023-10-31 05:10:00,135.34,
WAN001,2023-10-31 05:20:00,135.35,
WAN001,2023-10-31 05:30:00,135.36,
WAN001,2023-10-31 05:40:00,135.37,
WAN001,2023-10-31 05:50:00,135.38,
WAN001,2023-10-31 06:00:00,135.38,
WAN001,2023-10-31 06:10:00,135.39,
WAN001,2023-10-31 06:20:00,135.39,
WAN001,2023-10-31 06:30:00,135.41,
WAN001,2023-10-31 06:40:00,135.41,
WAN001,2023-10-31 06:50:00,135.4,
WAN001,2023-10-31 07:00:00,135.42,
WAN001,2023-10-31 07:10:00,135.43,
WAN001,2023-10-31 07:20:00,135.43,
WAN001,2023-10-31 07:30:00,135.44,
WAN001,2023-10-31 07:40:00,135.45,
WAN001,2023-10-31 07:50:00,135.46,
WAN001,2023-10-31 08:00:00,135.46,
WAN001,2023-10-31 08:10:00,135.46,
WAN001,2023-10-31 08:20:00,135.47,
WAN001,2023-10-31 08:30:00,135.48,
WAN001,2023-10-31 08:40:00,135.48,
WAN001,2023-10-31 08:50:00,135.49,
WAN001,2023-10-31 09:00:00,135.5,
WAN001,2023-10-31 09:10:00,135.5,
WAN001,2023-10-31 09:20:00,135.51,
WAN001,2023-10-31 09:30:00,135.51,
WAN001,2023-10-31 09:40:00,135.51,
WAN001,2023-10-31 09:50:00,135.52,
WAN001,2023-10-31 10:00:00,135.53,
WAN001,2023-10-31 10:10:00,135.54,
WAN001,2023-10-31 10:20:00,135.54,
WAN001,2023-10-31 10:30:00,135.55,
WAN001,2023-10-31 10:40:00,135.55,
WAN001,2023-10-31 10:50:00,135.57,
WAN001,2023-10-31 11:00:00,135.57,
WAN001,2023-10-31 11:10:00,135.58,
WAN001,2023-10-31 11:20:00,135.58,
WAN001,2023-10-31 11:30:00,135.59,
WAN001,2023-10-31 11:40:00,135.6,
WAN001,2023-10-31 11:50:00,135.61,
WAN001,2023-10-31 12:00:00,135.62,
WAN001,2023-10-31 12:10:00,135.62,
WAN001,2023-10-31 12:20:00,135.62,
WAN001,2023-10-31 12:30:00,135.64,
WAN001,2023-10-31 12:40:00,135.65,
WAN001,2023-10-31 12:50:00,135.65,
WAN001,2023-10-31 13:00:00,135.66,
WAN001,2023-10-31 13:10:00,135.68,
WAN001,2023-10-31 13:20:00,135.68,
WAN001,2023-10-31 13:30:00,135.69,
WAN001,2023-10-31 13:40:00,135.7,
WAN001,2023-10-31 13:50:00,135.71,
WAN001,2023-10-31 14:00:00,135.71,
WAN001,2023-10-31 14:10:00,135.72,
WAN001,2023-10-31 14:20:00,135.73,
WAN001,2023-10-31 14:30:00,135.74,
WAN001,2023-10-31 14:40:00,135.75,
WAN001,2023-10-31 14:50:00,135.76,
WAN001,2023-10-31 15:00:00,135.77,
WAN001,2023-10-31 15:10:00,135.77,
WAN001,2023-10-31 15:20:00,135.78,
WAN001,2023-10-31 15:30:00,135.78,
WAN001,2023-10-31 15:40:00,135.8,
WAN001,2023-10-31 15:50:00,135.8,
WAN001,2023-10-31 16:00:00,135.81,
WAN001,2023-10-31 16:10:00,135.82,
WAN001,2023-10-31 16:20:00,-,
WAN001,2023-10-31 16:30:00,135.83,
WAN001,2023-10-31 16:40:00,135.84,
WAN001,2023-10-31 16:50:00,135.84,
WAN001,2023-10-31 17:00:00,135.85,
WAN001,2023-10-31 17:10:00,135.86,
WAN001,2023-10-31 17:20:00,135.87,
WAN001,2023-10-31 17:30:00,135.87,
WAN001,2023-10-31 17:40:00,135.88,
WAN001,2023-10-31 17:50:00,135.88,
WAN001,2023-10-31 18:00:00,135.89,
WAN001,2023-10-31 18:10:00,135.89,
WAN001,2023-10-31 18:20:00,135.91,
WAN001,2023-10-31 18:30:00,135.91,
WAN001,2023-10-31 18:40:00,135.91,
WAN001,2023-10-31 18:50:00,135.92,
WAN001,2023-10-31 19:00:00,135.92,
WAN001,2023-10-31 19:10:00,135.92,
WAN001,2023-10-31 19:20:00,135.93,
WAN001,2023-10-31 19:30:00,135.93,
WAN001,2023-10-31 19:40:00,135.94,
WAN001,2023-10-31 19:50:00,135.94,
WAN001,2023-10-31 20:00:00,135.94,
WAN001,2023-10-31 20:10:00,135.94,
WAN001,2023-10-31 20:20:00,135.95,
WAN001,2023-10-31 20:30:00,135.95,
WAN001,2023-10-31 20:40:00,-,
WAN001,2023-10-31 20:50:00,135.96,
WAN001,2023-10-31 21:00:00,135.96,
WAN001,2023-10-31 21:10:00,135.97,
WAN001,2023-10-31 21:20:00,135.97,
WAN001,2023-10-31 21:30:00,135.97,
WAN001,2023-10-31 21:40:00,135.97,
WAN001,2023-10-31 21:50:00,135.97,
WAN001,2023-10-31 22:00:00,135.98,
WAN001,2023-10-31 22:10:00,135.97,
WAN001,2023-10-31 22:20:00,135.98,
WAN001,2023-10-31 22:30:00,135.98,
WAN001,2023-10-31 22:40:00,135.98,
WAN001,2023-10-31 22:50:00,135.98,
WAN001,2023-10-31 23:00:00,135.98,
WAN001,2023-10-31 23:10:00,135.98,
WAN001,2023-10-31 23:20:00,135.97,
WAN001,2023-10-31 23:30:00,135.98,
WAN001,2023-10-31 23:40:00,135.98,
WAN001,2023-10-31 23:50:00,135.98,
WAN002,2023-10-01 00:00:00,154.36,
WAN002,2023-10-01 00:10:00,154.34,
WAN002,2023-10-01 00:20:00,154.35,
WAN002,2023-10-01 00:30:00,154.36,
WAN002,2023-10-01 00:40:00,154.36,
WAN002,2023-10-01 00:50:00,154.35,
WAN002,2023-10-01 01:00:00,154.36,
WAN002,2023-10-01 01:10:00,154.36,
WAN002,2023-10-01 01:20:00,154.35,
WAN002,2023-10-01 01:30:00,154.36,
WAN002,2023-10-01 01:40:00,154.36,
WAN002,2023-10-01 01:50:00,154.35,
WAN002,2023-10-01 02:00:00,154.34,
WAN002,2023-10-01 02:10:00,154.35,
WAN002,2023-10-01 02:20:00,154.35,
WAN002,2023-10-01 02:30:00,154.35,
WAN002,2023-10-01 02:40:00,154.34,
WAN002,2023-10-01 02:50:00,154.33,
WAN002,2023-10-01 03:00:00,154.33,
WAN002,2023-10-01 03:10:00,154.34,
WAN002,2023-10-01 03:20:00,154.35,
WAN002,2023-10-01 03:30:00,154.34,
WAN002,2023-10-01 03:40:00,154.32,
WAN002,2023-10-01 03:50:00,154.33,
WAN002,2023-10-01 04:00:00,154.33,
WAN002,2023-10-01 04:10:00,154.35,
WAN002,2023-10-01 04:20:00,154.33,
WAN002,2023-10-01 04:30:00,154.33,
WAN002,2023-10-01 04:40:00,154.35,
WAN002,2023-10-01 04:50:00,154.32,
WAN002,2023-10-01 05:00:00,154.33,
WAN002,2023-10-01 05:10:00,154.33,
WAN002,2023-10-01 05:20:00,154.34,
WAN002,2023-10-01 05:30:00,154.34,
WAN002,2023-10-01 05:40:00,154.32,
WAN002,2023-10-01 05:50:00,154.33,
WAN002,2023-10-01 06:00:00,154.32,
WAN002,2023-10-01 06:10:00,154.3,
WAN002,2023-10-01 06:20:00,154.33,
WAN002,2023-10-01 06:30:00,154.33,
WAN002,2023-10-01 06:40:00,154.33,
WAN002,2023-10-01 06:50:00,154.32,
WAN002,2023-10-01 07:00:00,154.3,
WAN002,2023-10-01 07:10:00,154.32,
WAN002,2023-10-01 07:20:00,154.34,
WAN002,2023-10-01 07:30:00,154.31,
WAN002,2023-10-01 07:40:00,154.31,
WAN002,2023-10-01 07:50:00,154.31,
WAN002,2023-10-01 08:00:00,154.31,
WAN002,2023-10-01 08:10:00,154.31,
WAN002,2023-10-01 08:20:00,154.31,
WAN002,2023-10-01 08:30:00,154.32,
WAN002,2023-10-01 08:40:00,154.31,
WAN002,2023-10-01 08:50:00,154.32,
WAN002,2023-10-01 09:00:00,154.31,
WAN002,2023-10-01 09:10:00,154.29,
WAN002,2023-10-01 09:20:00,154.31,
WAN002,2023-10-01 09:30:00,154.3,
WAN002,2023-10-01 09:40:00,154.32,
WAN002,2023-10-01 09:50:00,154.3,
WAN002,2023-10-01 10:00:00,154.3,
WAN002,2023-10-01 10:10:00,154.31,
WAN002,2023-10-01 10:20:00,154.31,
WAN002,2023-10-01 10:30:00,154.31,
WAN002,2023-10-01 10:40:00,154.31,
WAN002,2023-10-01 10:50:00,154.33,
WAN002,2023-10-01 11:00:00,154.32,
WAN002,2023-10-01 11:10:00,154.31,
WAN002,2023-10-01 11:20:00,154.3,
WAN002,2023-10-01 11:30:00,154.31,
WAN002,2023-10-01 11:40:00,154.31,
WAN002,2023-10-01 11:50:00,154.3,
WAN002,2023-10-01 12:00:00,154.31,
WAN002,2023-10-01 12:10:00,154.31,
WAN002,2023-10-01 12:20:00,154.32,
WAN002,2023-10-01 12:30:00,154.31,
WAN002,2023-10-01 12:40:00,154.31,
WAN002,2023-10-01 12:50:00,154.31,
WAN002,2023-10-01 13:00:00,154.3,
WAN002,2023-10-01 13:10:00,154.31,
WAN002,2023-10-01 13:20:00,154.31,
WAN002,2023-10-01 13:30:00,154.32,
WAN002,2023-10-01 13:40:00,154.31,
WAN002,2023-10-01 13:50:00,154.31,
WAN002,2023-10-01 14:00:00,154.31,
WAN002,2023-10-01 14:10:00,154.3,
WAN002,2023-10-01 14:20:00,154.31,
WAN002,2023-10-01 14:30:00,154.3,
WAN002,2023-10-01 14:40:00,154.31,
WAN002,2023-10-01 14:50:00,154.31,
WAN002,2023-10-01 15:00:00,154.31,
WAN002,2023-10-01 15:10:00,154.31,
WAN002,2023-10-01 15:20:00,154.32,
WAN002,2023-10-01 15:30:00,154.31,
WAN002,2023-10-01 15:40:00,154.3,
WAN002,2023-10-01 15:50:00,154.32,
WAN002,2023-10-01 16:00:00,154.32,
WAN002,2023-10-01 16:10:00,154.32,
WAN002,2023-10-01 16:20:00,154.33,
WAN002,2023-10-01 16:30:00,154.34,
WAN002,2023-10-01 16:40:00,154.33,
WAN002,2023-10-01 16:50:00,154.33,
WAN002,2023-10-01 17:00:00,154.33,
WAN002,2023-10-01 17:10:00,154.33,
WAN002,2023-10-01 17:20:00,154.33,
WAN002,2023-10-01 17:30:00,154.4,
WAN002,2023-10-01 17:40:00,154.4,
WAN002,2023-10-01 17:50:00,154.36,
WAN002,2023-10-01 18:00:00,154.4,
WAN002,2023-10-01 18:10:00,154.37,
WAN002,2023-10-01 18:20:00,154.35,
WAN002,2023-10-01 18:30:00,154.33,
WAN002,2023-10-01 18:40:00,154.39,
WAN002,2023-10-01 18:50:00,154.36,
WAN002,2023-10-01 19:00:00,154.26,
WAN002,2023-10-01 19:10:00,154.33,
WAN002,2023-10-01 19:20:00,154.31,
WAN002,2023-10-01 19:30:00,154.32,
WAN002,2023-10-01 19:40:00,154.34,
WAN002,2023-10-01 19:50:00,154.37,
WAN002,2023-10-01 20:00:00,154.34,
WAN002,2023-10-01 20:10:00,154.34,
WAN002,2023-10-01 20:20:00,154.33,
WAN002,2023-10-01 20:30:00,154.38,
WAN002,2023-10-01 20:40:00,154.37,
WAN002,2023-10-01 20:50:00,154.34,
WAN002,2023-10-01 21:00:00,154.36,
WAN002,2023-10-01 21:10:00,154.37,
WAN002,2023-10-01 21:20:00,154.4,
WAN002,2023-10-01 21:30:00,154.47,
WAN002,2023-10-01 21:40:00,154.37,
WAN002,2023-10-01 21:50:00,154.47,
WAN002,2023-10-01 22:00:00,154.37,
WAN002,2023-10-01 22:10:00,154.4,
WAN002,2023-10-01 22:20:00,154.4,
WAN002,2023-10-01 22:30:00,154.47,
WAN002,2023-10-01 22:40:00,154.43,
WAN002,2023-10-01 22:50:00,154.38,
WAN002,2023-10-01 23:00:00,154.36,
WAN002,2023-10-01 23:10:00,154.37,
WAN002,2023-10-01 23:20:00,154.45,
WAN002,2023-10-01 23:30:00,154.38,
WAN002,2023-10-01 23:40:00,154.41,
WAN002,2023-10-01 23:50:00,154.45,
WAN002,2023-10-02 00:00:00,154.42,
WAN002,2023-10-02 00:10:00,154.48,
WAN002,2023-10-02 00:20:00,154.46,
WAN002,2023-10-02 00:30:00,154.45,
WAN002,2023-10-02 00:40:00,154.45,
WAN002,2023-10-02 00:50:00,154.43,
WAN002,2023-10-02 01:00:00,154.45,
WAN002,2023-10-02 01:10:00,154.43,
WAN002,2023-10-02 01:20:00,154.41,
WAN002,2023-10-02 01:30:00,154.39,
WAN002,2023-10-02 01:40:00,154.46,
WAN002,2023-10-02 01:50:00,154.42,
WAN002,2023-10-02 02:00:00,154.42,
WAN002,2023-10-02 02:10:00,154.41,
WAN002,2023-10-02 02:20:00,154.38,
WAN002,2023-10-02 02:30:00,154.4,
WAN002,2023-10-02 02:40:00,154.38,
WAN002,2023-10-02 02:50:00,154.39,
WAN002,2023-10-02 03:00:00,154.4,
WAN002,2023-10-02 03:10:00,154.37,
WAN002,2023-10-02 03:20:00,154.39,
WAN002,2023-10-02 03:30:00,154.38,
WAN002,2023-10-02 03:40:00,154.38,
WAN002,2023-10-02 03:50:00,154.4,
WAN002,2023-10-02 04:00:00,154.39,
WAN002,2023-10-02 04:10:00,154.38,
WAN002,2023-10-02 04:20:00,154.39,
WAN002,2023-10-02 04:30:00,154.36,
WAN002,2023-10-02 04:40:00,154.37,
WAN002,2023-10-02 04:50:00,154.4,
WAN002,2023-10-02 05:00:00,154.37,
WAN002,2023-10-02 05:10:00,154.38,
WAN002,2023-10-02 05:20:00,154.39,
WAN002,2023-10-02 05:30:00,154.37,
WAN002,2023-10-02 05:40:00,154.38,
WAN002,2023-10-02 05:50:00,154.35,
WAN002,2023-10-02 06:00:00,154.36,
WAN002,2023-10-02 06:10:00,154.36,
WAN002,2023-10-02 06:20:00,154.38,
WAN002,2023-10-02 06:30:00,154.34,
WAN002,2023-10-02 06:40:00,154.35,
WAN002,2023-10-02 06:50:00,154.35,
WAN002,2023-10-02 07:00:00,154.34,
WAN002,2023-10-02 07:10:00,154.3,
WAN002,2023-10-02 07:20:00,154.32,
WAN002,2023-10-02 07:30:00,154.33,
WAN002,2023-10-02 07:40:00,154.31,
WAN002,2023-10-02 07:50:00,154.33,
WAN002,2023-10-02 08:00:00,154.33,
WAN002,2023-10-02 08:10:00,154.33,
WAN002,2023-10-02 08:20:00,154.33,
WAN002,2023-10-02 08:30:00,154.32,
WAN002,2023-10-02 08:40:00,154.38,
WAN002,2023-10-02 08:50:00,154.38,
WAN002,2023-10-02 09:00:00,154.3,
WAN002,2023-10-02 09:10:00,154.29,
WAN002,2023-10-02 09:20:00,154.3,
WAN002,2023-10-02 09:30:00,154.32,
WAN002,2023-10-02 09:40:00,154.32,
WAN002,2023-10-02 09:50:00,154.31,
WAN002,2023-10-02 10:00:00,154.32,
WAN002,2023-10-02 10:10:00,154.37,
WAN002,2023-10-02 10:20:00,154.34,
WAN002,2023-10-02 10:30:00,154.29,
WAN002,2023-10-02 10:40:00,154.29,
WAN002,2023-10-02 10:50:00,154.27,
WAN002,2023-10-02 11:00:00,154.33,
WAN002,2023-10-02 11:10:00,154.31,
WAN002,2023-10-02 11:20:00,154.22,
WAN002,2023-10-02 11:30:00,154.28,
WAN002,2023-10-02 11:40:00,154.27,
WAN002,2023-10-02 11:50:00,154.32,
WAN002,2023-10-02 12:00:00,154.3,
WAN002,2023-10-02 12:10:00,154.25,
WAN002,2023-10-02 12:20:00,154.24,
WAN002,2023-10-02 12:30:00,154.26,
WAN002,2023-10-02 12:40:00,154.23,
WAN002,2023-10-02 12:50:00,154.19,
WAN002,2023-10-02 13:00:00,154.26,
WAN002,2023-10-02 13:10:00,154.23,
WAN002,2023-10-02 13:20:00,154.23,
WAN002,2023-10-02 13:30:00,154.21,
WAN002,2023-10-02 13:40:00,154.22,
WAN002,2023-10-02 13:50:00,154.2,
WAN002,2023-10-02 14:00:00,154.18,
WAN002,2023-10-02 14:10:00,154.16,
WAN002,2023-10-02 14:20:00,154.16,
WAN002,2023-10-02 14:30:00,154.16,
WAN002,2023-10-02 14:40:00,154.16,
WAN002,2023-10-02 14:50:00,154.14,
WAN002,2023-10-02 15:00:00,154.12,
WAN002,2023-10-02 15:10:00,154.16,
WAN002,2023-10-02 15:20:00,154.13,
WAN002,2023-10-02 15:30:00,154.1,
WAN002,2023-10-02 15:40:00,154.09,
WAN002,2023-10-02 15:50:00,154.12,
WAN002,2023-10-02 16:00:00,154.09,
WAN002,2023-10-02 16:10:00,154.08,
WAN002,2023-10-02 16:20:00,154.06,
WAN002,2023-10-02 16:30:00,154.04,
WAN002,2023-10-02 16:40:00,154.06,
WAN002,2023-10-02 16:50:00,154.05,
WAN002,2023-10-02 17:00:00,154.04,
WAN002,2023-10-02 17:10:00,154.02,
WAN002,2023-10-02 17:20:00,154.02,
WAN002,2023-10-02 17:30:00,154,
WAN002,2023-10-02 17:40:00,154,
WAN002,2023-10-02 17:50:00,154.02,
WAN002,2023-10-02 18:00:00,154.04,
WAN002,2023-10-02 18:10:00,153.98,
WAN002,2023-10-02 18:20:00,153.97,
WAN002,2023-10-02 18:30:00,153.92,
WAN002,2023-10-02 18:40:00,153.94,
WAN002,2023-10-02 18:50:00,153.97,
WAN002,2023-10-02 19:00:00,153.94,
WAN002,2023-10-02 19:10:00,153.93,
WAN002,2023-10-02 19:20:00,153.93,
WAN002,2023-10-02 19:30:00,153.93,
WAN002,2023-10-02 19:40:00,153.93,
WAN002,2023-10-02 19:50:00,153.96,
WAN002,2023-10-02 20:00:00,153.93,
WAN002,2023-10-02 20:10:00,153.91,
WAN002,2023-10-02 20:20:00,153.85,
WAN002,2023-10-02 20:30:00,153.88,
WAN002,2023-10-02 20:40:00,153.84,
WAN002,2023-10-02 20:50:00,153.84,
WAN002,2023-10-02 21:00:00,153.84,
WAN002,2023-10-02 21:10:00,153.79,
WAN002,2023-10-02 21:20:00,153.79,
WAN002,2023-10-02 21:30:00,153.82,
WAN002,2023-10-02 21:40:00,153.77,
WAN002,2023-10-02 21:50:00,153.8,
WAN002,2023-10-02 22:00:00,153.76,
WAN002,2023-10-02 22:10:00,153.74,
WAN002,2023-10-02 22:20:00,153.71,
WAN002,2023-10-02 22:30:00,153.7,
WAN002,2023-10-02 22:40:00,153.7,
WAN002,2023-10-02 22:50:00,153.68,
WAN002,2023-10-02 23:00:00,153.67,
WAN002,2023-10-02 23:10:00,153.66,
WAN002,2023-10-02 23:20:00,153.64,
WAN002,2023-10-02 23:30:00,153.64,
WAN002,2023-10-02 23:40:00,153.59,
WAN002,2023-10-02 23:50:00,153.61,
WAN002,2023-10-03 00:00:00,153.58,
WAN002,2023-10-03 00:10:00,153.57,
WAN002,2023-10-03 00:20:00,153.54,
WAN002,2023-10-03 00:30:00,153.53,
WAN002,2023-10-03 00:40:00,153.52,
WAN002,2023-10-03 00:50:00,153.51,
WAN002,2023-10-03 01:00:00,153.49,
WAN002,2023-10-03 01:10:00,153.49,
WAN002,2023-10-03 01:20:00,153.49,
WAN002,2023-10-03 01:30:00,153.45,
WAN002,2023-10-03 01:40:00,153.45,
WAN002,2023-10-03 01:50:00,153.42,
WAN002,2023-10-03 02:00:00,153.4,
WAN002,2023-10-03 02:10:00,153.39,
WAN002,2023-10-03 02:20:00,153.36,
WAN002,2023-10-03 02:30:00,153.37,
WAN002,2023-10-03 02:40:00,153.36,
WAN002,2023-10-03 02:50:00,153.33,
WAN002,2023-10-03 03:00:00,153.33,
WAN002,2023-10-03 03:10:00,153.32,
WAN002,2023-10-03 03:20:00,153.26,
WAN002,2023-10-03 03:30:00,153.26,
WAN002,2023-10-03 03:40:00,153.24,
WAN002,2023-10-03 03:50:00,153.22,
WAN002,2023-10-03 04:00:00,153.21,
WAN002,2023-10-03 04:10:00,153.17,
WAN002,2023-10-03 04:20:00,153.17,
WAN002,2023-10-03 04:30:00,153.15,
WAN002,2023-10-03 04:40:00,153.13,
WAN002,2023-10-03 04:50:00,153.1,
WAN002,2023-10-03 05:00:00,153.09,
WAN002,2023-10-03 05:10:00,153.08,
WAN002,2023-10-03 05:20:00,153.06,
WAN002,2023-10-03 05:30:00,153.04,
WAN002,2023-10-03 05:40:00,153.01,
WAN002,2023-10-03 05:50:00,153,
WAN002,2023-10-03 06:00:00,152.98,
WAN002,2023-10-03 06:10:00,152.96,
WAN002,2023-10-03 06:20:00,152.94,
WAN002,2023-10-03 06:30:00,152.93,
WAN002,2023-10-03 06:40:00,152.89,
WAN002,2023-10-03 06:50:00,152.88,
WAN002,2023-10-03 07:00:00,152.86,
WAN002,2023-10-03 07:10:00,152.83,
WAN002,2023-10-03 07:20:00,152.82,
WAN002,2023-10-03 07:30:00,152.8,
WAN002,2023-10-03 07:40:00,152.78,
WAN002,2023-10-03 07:50:00,152.75,
WAN002,2023-10-03 08:00:00,152.74,
WAN002,2023-10-03 08:10:00,152.72,
WAN002,2023-10-03 08:20:00,152.7,
WAN002,2023-10-03 08:30:00,152.66,
WAN002,2023-10-03 08:40:00,152.64,
WAN002,2023-10-03 08:50:00,152.63,
WAN002,2023-10-03 09:00:00,152.6,
WAN002,2023-10-03 09:10:00,152.59,
WAN002,2023-10-03 09:20:00,152.56,
WAN002,2023-10-03 09:30:00,152.54,
WAN002,2023-10-03 09:40:00,152.52,
WAN002,2023-10-03 09:50:00,152.49,
WAN002,2023-10-03 10:00:00,152.47,
WAN002,2023-10-03 10:10:00,152.46,
WAN002,2023-10-03 10:20:00,152.44,
WAN002,2023-10-03 10:30:00,152.42,
WAN002,2023-10-03 10:40:00,152.39,
WAN002,2023-10-03 10:50:00,152.37,
WAN002,2023-10-03 11:00:00,152.33,
WAN002,2023-10-03 11:10:00,152.33,
WAN002,2023-10-03 11:20:00,152.3,
WAN002,2023-10-03 11:30:00,152.29,
WAN002,2023-10-03 11:40:00,152.27,
WAN002,2023-10-03 11:50:00,152.26,
WAN002,2023-10-03 12:00:00,152.24,
WAN002,2023-10-03 12:10:00,152.22,
WAN002,2023-10-03 12:20:00,152.21,
WAN002,2023-10-03 12:30:00,152.19,
WAN002,2023-10-03 12:40:00,152.17,
WAN002,2023-10-03 12:50:00,152.16,
WAN002,2023-10-03 13:00:00,152.15,
WAN002,2023-10-03 13:10:00,152.13,
WAN002,2023-10-03 13:20:00,152.11,
WAN002,2023-10-03 13:30:00,152.08,
WAN002,2023-10-03 13:40:00,152.07,
WAN002,2023-10-03 13:50:00,152.05,
WAN002,2023-10-03 14:00:00,152.03,
WAN002,2023-10-03 14:10:00,152.02,
WAN002,2023-10-03 14:20:00,151.99,
WAN002,2023-10-03 14:30:00,151.99,
WAN002,2023-10-03 14:40:00,151.97,
WAN002,2023-10-03 14:50:00,151.94,
WAN002,2023-10-03 15:00:00,151.93,
WAN002,2023-10-03 15:10:00,151.9,
WAN002,2023-10-03 15:20:00,151.89,
WAN002,2023-10-03 15:30:00,151.88,
WAN002,2023-10-03 15:40:00,151.85,
WAN002,2023-10-03 15:50:00,151.84,
WAN002,2023-10-03 16:00:00,151.81,
WAN002,2023-10-03 16:10:00,151.81,
WAN002,2023-10-03 16:20:00,151.78,
WAN002,2023-10-03 16:30:00,151.75,
WAN002,2023-10-03 16:40:00,151.75,
WAN002,2023-10-03 16:50:00,151.73,
WAN002,2023-10-03 17:00:00,151.71,
WAN002,2023-10-03 17:10:00,151.69,
WAN002,2023-10-03 17:20:00,151.66,
WAN002,2023-10-03 17:30:00,151.65,
WAN002,2023-10-03 17:40:00,151.63,
WAN002,2023-10-03 17:50:00,151.61,
WAN002,2023-10-03 18:00:00,151.59,
WAN002,2023-10-03 18:10:00,151.58,
WAN002,2023-10-03 18:20:00,151.56,
WAN002,2023-10-03 18:30:00,151.55,
WAN002,2023-10-03 18:40:00,151.52,
WAN002,2023-10-03 18:50:00,151.5,
WAN002,2023-10-03 19:00:00,151.49,
WAN002,2023-10-03 19:10:00,151.47,
WAN002,2023-10-03 19:20:00,151.46,
WAN002,2023-10-03 19:30:00,151.44,
WAN002,2023-10-03 19:40:00,151.42,
WAN002,2023-10-03 19:50:00,151.4,
WAN002,2023-10-03 20:00:00,151.39,
WAN002,2023-10-03 20:10:00,151.38,
WAN002,2023-10-03 20:20:00,151.36,
WAN002,2023-10-03 20:30:00,151.34,
WAN002,2023-10-03 20:40:00,151.32,
WAN002,2023-10-03 20:50:00,151.31,
WAN002,2023-10-03 21:00:00,151.29,
WAN002,2023-10-03 21:10:00,151.27,
WAN002,2023-10-03 21:20:00,151.25,
WAN002,2023-10-03 21:30:00,151.25,
WAN002,2023-10-03 21:40:00,151.22,
WAN002,2023-10-03 21:50:00,151.21,
WAN002,2023-10-03 22:00:00,151.2,
WAN002,2023-10-03 22:10:00,151.18,
WAN002,2023-10-03 22:20:00,151.16,
WAN002,2023-10-03 22:30:00,151.14,
WAN002,2023-10-03 22:40:00,151.13,
WAN002,2023-10-03 22:50:00,151.12,
WAN002,2023-10-03 23:00:00,151.1,
WAN002,2023-10-03 23:10:00,151.08,
WAN002,2023-10-03 23:20:00,151.07,
WAN002,2023-10-03 23:30:00,151.06,
WAN002,2023-10-03 23:40:00,151.04,
WAN002,2023-10-03 23:50:00,151.03,
WAN002,2023-10-04 00:00:00,151.01,
WAN002,2023-10-04 00:10:00,151,
WAN002,2023-10-04 00:20:00,150.98,
WAN002,2023-10-04 00:30:00,150.98,
WAN002,2023-10-04 00:40:00,150.96,
WAN002,2023-10-04 00:50:00,150.95,
WAN002,2023-10-04 01:00:00,150.93,
WAN002,2023-10-04 01:10:00,150.92,
WAN002,2023-10-04 01:20:00,150.9,
WAN002,2023-10-04 01:30:00,150.88,
WAN002,2023-10-04 01:40:00,150.88,
WAN002,2023-10-04 01:50:00,150.86,
WAN002,2023-10-04 02:00:00,150.84,
WAN002,2023-10-04 02:10:00,150.82,
WAN002,2023-10-04 02:20:00,150.82,
WAN002,2023-10-04 02:30:00,150.81,
WAN002,2023-10-04 02:40:00,150.79,
WAN002,2023-10-04 02:50:00,150.77,
WAN002,2023-10-04 03:00:00,150.76,
WAN002,2023-10-04 03:10:00,150.75,
WAN002,2023-10-04 03:20:00,150.73,
WAN002,2023-10-04 03:30:00,150.73,
WAN002,2023-10-04 03:40:00,150.71,
WAN002,2023-10-04 03:50:00,150.7,
WAN002,2023-10-04 04:00:00,150.69,
WAN002,2023-10-04 04:10:00,150.67,
WAN002,2023-10-04 04:20:00,150.65,
WAN002,2023-10-04 04:30:00,150.64,
WAN002,2023-10-04 04:40:00,150.63,
WAN002,2023-10-04 04:50:00,150.61,
WAN002,2023-10-04 05:00:00,150.6,
WAN002,2023-10-04 05:10:00,150.59,
WAN002,2023-10-04 05:20:00,150.58,
WAN002,2023-10-04 05:30:00,150.57,
WAN002,2023-10-04 05:40:00,150.55,
WAN002,2023-10-04 05:50:00,150.54,
WAN002,2023-10-04 06:00:00,150.53,
WAN002,2023-10-04 06:10:00,150.52,
WAN002,2023-10-04 06:20:00,150.49,
WAN002,2023-10-04 06:30:00,150.49,
WAN002,2023-10-04 06:40:00,150.48,
WAN002,2023-10-04 06:50:00,150.47,
WAN002,2023-10-04 07:00:00,150.44,
WAN002,2023-10-04 07:10:00,150.44,
WAN002,2023-10-04 07:20:00,150.42,
WAN002,2023-10-04 07:30:00,150.4,
WAN002,2023-10-04 07:40:00,150.4,
WAN002,2023-10-04 07:50:00,150.4,
WAN002,2023-10-04 08:00:00,150.37,
WAN002,2023-10-04 08:10:00,150.36,
WAN002,2023-10-04 08:20:00,150.36,
WAN002,2023-10-04 08:30:00,150.34,
WAN002,2023-10-04 08:40:00,150.33,
WAN002,2023-10-04 08:50:00,150.32,
WAN002,2023-10-04 09:00:00,150.3,
WAN002,2023-10-04 09:10:00,150.28,
WAN002,2023-10-04 09:20:00,150.26,
WAN002,2023-10-04 09:30:00,150.27,
WAN002,2023-10-04 09:40:00,150.25,
WAN002,2023-10-04 09:50:00,150.25,
WAN002,2023-10-04 10:00:00,150.24,
WAN002,2023-10-04 10:10:00,150.22,
WAN002,2023-10-04 10:20:00,150.21,
WAN002,2023-10-04 10:30:00,150.2,
WAN002,2023-10-04 10:40:00,150.17,
WAN002,2023-10-04 10:50:00,150.17,
WAN002,2023-10-04 11:00:00,150.16,
WAN002,2023-10-04 11:10:00,150.15,
WAN002,2023-10-04 11:20:00,150.14,
WAN002,2023-10-04 11:30:00,150.12,
WAN002,2023-10-04 11:40:00,150.11,
WAN002,2023-10-04 11:50:00,150.1,
WAN002,2023-10-04 12:00:00,150.09,
WAN002,2023-10-04 12:10:00,150.09,
WAN002,2023-10-04 12:20:00,150.07,
WAN002,2023-10-04 12:30:00,150.06,
WAN002,2023-10-04 12:40:00,150.05,
WAN002,2023-10-04 12:50:00,150.04,
WAN002,2023-10-04 13:00:00,150.03,
WAN002,2023-10-04 13:10:00,150.02,
WAN002,2023-10-04 13:20:00,150,
WAN002,2023-10-04 13:30:00,150.01,
WAN002,2023-10-04 13:40:00,149.99,
WAN002,2023-10-04 13:50:00,149.98,
WAN002,2023-10-04 14:00:00,149.97,
WAN002,2023-10-04 14:10:00,149.95,
WAN002,2023-10-04 14:20:00,149.95,
WAN002,2023-10-04 14:30:00,149.94,
WAN002,2023-10-04 14:40:00,149.93,
WAN002,2023-10-04 14:50:00,149.93,
WAN002,2023-10-04 15:00:00,149.92,
WAN002,2023-10-04 15:10:00,149.91,
WAN002,2023-10-04 15:20:00,149.9,
WAN002,2023-10-04 15:30:00,149.89,
WAN002,2023-10-04 15:40:00,149.88,
WAN002,2023-10-04 15:50:00,149.87,
WAN002,2023-10-04 16:00:00,149.86,
WAN002,2023-10-04 16:10:00,149.86,
WAN002,2023-10-04 16:20:00,149.84,
WAN002,2023-10-04 16:30:00,149.83,
WAN002,2023-10-04 16:40:00,149.82,
WAN002,2023-10-04 16:50:00,149.81,
WAN002,2023-10-04 17:00:00,149.81,
WAN002,2023-10-04 17:10:00,149.8,
WAN002,2023-10-04 17:20:00,149.79,
WAN002,2023-10-04 17:30:00,149.78,
WAN002,2023-10-04 17:40:00,149.78,
WAN002,2023-10-04 17:50:00,149.77,
WAN002,2023-10-04 18:00:00,149.76,
WAN002,2023-10-04 18:10:00,149.75,
WAN002,2023-10-04 18:20:00,149.73,
WAN002,2023-10-04 18:30:00,149.73,
WAN002,2023-10-04 18:40:00,149.7,
WAN002,2023-10-04 18:50:00,149.71,
WAN002,2023-10-04 19:00:00,149.7,
WAN002,2023-10-04 19:10:00,149.7,
WAN002,2023-10-04 19:20:00,149.68,
WAN002,2023-10-04 19:30:00,149.68,
WAN002,2023-10-04 19:40:00,149.68,
WAN002,2023-10-04 19:50:00,149.66,
WAN002,2023-10-04 20:00:00,149.66,
WAN002,2023-10-04 20:10:00,149.64,
WAN002,2023-10-04 20:20:00,149.64,
WAN002,2023-10-04 20:30:00,149.62,
WAN002,2023-10-04 20:40:00,149.62,
WAN002,2023-10-04 20:50:00,149.61,
WAN002,2023-10-04 21:00:00,149.6,
WAN002,2023-10-04 21:10:00,149.59,
WAN002,2023-10-04 21:20:00,149.59,
WAN002,2023-10-04 21:30:00,149.58,
WAN002,2023-10-04 21:40:00,149.58,
WAN002,2023-10-04 21:50:00,149.56,
WAN002,2023-10-04 22:00:00,149.56,
WAN002,2023-10-04 22:10:00,149.54,
WAN002,2023-10-04 22:20:00,149.54,
WAN002,2023-10-04 22:30:00,149.53,
WAN002,2023-10-04 22:40:00,149.53,
WAN002,2023-10-04 22:50:00,149.52,
WAN002,2023-10-04 23:00:00,149.51,
WAN002,2023-10-04 23:10:00,149.5,
WAN002,2023-10-04 23:20:00,149.49,
WAN002,2023-10-04 23:30:00,149.49,
WAN002,2023-10-04 23:40:00,149.49,
WAN002,2023-10-04 23:50:00,149.47,
WAN002,2023-10-05 00:00:00,149.47,
WAN002,2023-10-05 00:10:00,149.45,
WAN002,2023-10-05 00:20:00,149.45,
WAN002,2023-10-05 00:30:00,149.44,
WAN002,2023-10-05 00:40:00,149.44,
WAN002,2023-10-05 00:50:00,149.43,
WAN002,2023-10-05 01:00:00,149.42,
WAN002,2023-10-05 01:10:00,149.42,
WAN002,2023-10-05 01:20:00,149.41,
WAN002,2023-10-05 01:30:00,149.4,
WAN002,2023-10-05 01:40:00,149.39,
WAN002,2023-10-05 01:50:00,149.38,
WAN002,2023-10-05 02:00:00,149.38,
WAN002,2023-10-05 02:10:00,149.37,
WAN002,2023-10-05 02:20:00,149.38,
WAN002,2023-10-05 02:30:00,149.37,
WAN002,2023-10-05 02:40:00,149.38,
WAN002,2023-10-05 02:50:00,149.37,
WAN002,2023-10-05 03:00:00,149.36,
WAN002,2023-10-05 03:10:00,149.37,
WAN002,2023-10-05 03:20:00,149.37,
WAN002,2023-10-05 03:30:00,149.36,
WAN002,2023-10-05 03:40:00,149.35,
WAN002,2023-10-05 03:50:00,149.35,
WAN002,2023-10-05 04:00:00,149.34,
WAN002,2023-10-05 04:10:00,149.34,
WAN002,2023-10-05 04:20:00,149.34,
WAN002,2023-10-05 04:30:00,149.33,
WAN002,2023-10-05 04:40:00,149.32,
WAN002,2023-10-05 04:50:00,149.32,
WAN002,2023-10-05 05:00:00,149.31,
WAN002,2023-10-05 05:10:00,149.31,
WAN002,2023-10-05 05:20:00,149.31,
WAN002,2023-10-05 05:30:00,149.29,
WAN002,2023-10-05 05:40:00,149.28,
WAN002,2023-10-05 05:50:00,149.28,
WAN002,2023-10-05 06:00:00,149.28,
WAN002,2023-10-05 06:10:00,149.28,
WAN002,2023-10-05 06:20:00,149.28,
WAN002,2023-10-05 06:30:00,149.26,
WAN002,2023-10-05 06:40:00,149.28,
WAN002,2023-10-05 06:50:00,149.27,
WAN002,2023-10-05 07:00:00,149.26,
WAN002,2023-10-05 07:10:00,149.25,
WAN002,2023-10-05 07:20:00,149.26,
WAN002,2023-10-05 07:30:00,149.27,
WAN002,2023-10-05 07:40:00,149.26,
WAN002,2023-10-05 07:50:00,149.26,
WAN002,2023-10-05 08:00:00,149.26,
WAN002,2023-10-05 08:10:00,149.25,
WAN002,2023-10-05 08:20:00,149.26,
WAN002,2023-10-05 08:30:00,149.27,
WAN002,2023-10-05 08:40:00,149.27,
WAN002,2023-10-05 08:50:00,149.26,
WAN002,2023-10-05 09:00:00,149.27,
WAN002,2023-10-05 09:10:00,149.28,
WAN002,2023-10-05 09:20:00,149.28,
WAN002,2023-10-05 09:30:00,149.28,
WAN002,2023-10-05 09:40:00,149.29,
WAN002,2023-10-05 09:50:00,149.3,
WAN002,2023-10-05 10:00:00,149.31,
WAN002,2023-10-05 10:10:00,149.32,
WAN002,2023-10-05 10:20:00,149.33,
WAN002,2023-10-05 10:30:00,149.33,
WAN002,2023-10-05 10:40:00,149.34,
WAN002,2023-10-05 10:50:00,149.33,
WAN002,2023-10-05 11:00:00,149.36,
WAN002,2023-10-05 11:10:00,149.38,
WAN002,2023-10-05 11:20:00,149.39,
WAN002,2023-10-05 11:30:00,149.4,
WAN002,2023-10-05 11:40:00,149.41,
WAN002,2023-10-05 11:50:00,149.4,
WAN002,2023-10-05 12:00:00,149.43,
WAN002,2023-10-05 12:10:00,149.44,
WAN002,2023-10-05 12:20:00,149.44,
WAN002,2023-10-05 12:30:00,149.45,
WAN002,2023-10-05 12:40:00,149.46,
WAN002,2023-10-05 12:50:00,149.46,
WAN002,2023-10-05 13:00:00,149.47,
WAN002,2023-10-05 13:10:00,149.47,
WAN002,2023-10-05 13:20:00,149.48,
WAN002,2023-10-05 13:30:00,149.47,
WAN002,2023-10-05 13:40:00,149.48,
WAN002,2023-10-05 13:50:00,149.48,
WAN002,2023-10-05 14:00:00,149.49,
WAN002,2023-10-05 14:10:00,149.49,
WAN002,2023-10-05 14:20:00,149.49,
WAN002,2023-10-05 14:30:00,149.5,
WAN002,2023-10-05 14:40:00,149.49,
WAN002,2023-10-05 14:50:00,149.49,
WAN002,2023-10-05 15:00:00,149.48,
WAN002,2023-10-05 15:10:00,149.49,
WAN002,2023-10-05 15:20:00,149.48,
WAN002,2023-10-05 15:30:00,149.48,
WAN002,2023-10-05 15:40:00,149.47,
WAN002,2023-10-05 15:50:00,149.46,
WAN002,2023-10-05 16:00:00,149.46,
WAN002,2023-10-05 16:10:00,149.46,
WAN002,2023-10-05 16:20:00,149.45,
WAN002,2023-10-05 16:30:00,149.44,
WAN002,2023-10-05 16:40:00,149.43,
WAN002,2023-10-05 16:50:00,149.43,
WAN002,2023-10-05 17:00:00,149.43,
WAN002,2023-10-05 17:10:00,149.41,
WAN002,2023-10-05 17:20:00,149.41,
WAN002,2023-10-05 17:30:00,149.4,
WAN002,2023-10-05 17:40:00,149.4,
WAN002,2023-10-05 17:50:00,149.38,
WAN002,2023-10-05 18:00:00,149.38,
WAN002,2023-10-05 18:10:00,149.36,
WAN002,2023-10-05 18:20:00,149.37,
WAN002,2023-10-05 18:30:00,149.35,
WAN002,2023-10-05 18:40:00,149.34,
WAN002,2023-10-05 18:50:00,149.33,
WAN002,2023-10-05 19:00:00,149.33,
WAN002,2023-10-05 19:10:00,149.32,
WAN002,2023-10-05 19:20:00,149.31,
WAN002,2023-10-05 19:30:00,149.29,
WAN002,2023-10-05 19:40:00,149.3,
WAN002,2023-10-05 19:50:00,149.28,
WAN002,2023-10-05 20:00:00,149.28,
WAN002,2023-10-05 20:10:00,149.27,
WAN002,2023-10-05 20:20:00,149.25,
WAN002,2023-10-05 20:30:00,149.25,
WAN002,2023-10-05 20:40:00,149.23,
WAN002,2023-10-05 20:50:00,149.24,
WAN002,2023-10-05 21:00:00,149.23,
WAN002,2023-10-05 21:10:00,149.22,
WAN002,2023-10-05 21:20:00,149.21,
WAN002,2023-10-05 21:30:00,149.21,
WAN002,2023-10-05 21:40:00,149.2,
WAN002,2023-10-05 21:50:00,149.19,
WAN002,2023-10-05 22:00:00,149.18,
WAN002,2023-10-05 22:10:00,149.17,
WAN002,2023-10-05 22:20:00,149.17,
WAN002,2023-10-05 22:30:00,149.16,
WAN002,2023-10-05 22:40:00,149.15,
WAN002,2023-10-05 22:50:00,149.14,
WAN002,2023-10-05 23:00:00,149.15,
WAN002,2023-10-05 23:10:00,149.13,
WAN002,2023-10-05 23:20:00,149.13,
WAN002,2023-10-05 23:30:00,149.12,
WAN002,2023-10-05 23:40:00,149.11,
WAN002,2023-10-05 23:50:00,149.1,
WAN002,2023-10-06 00:00:00,149.1,
WAN002,2023-10-06 00:10:00,149.1,
WAN002,2023-10-06 00:20:00,149.09,
WAN002,2023-10-06 00:30:00,149.09,
WAN002,2023-10-06 00:40:00,149.08,
WAN002,2023-10-06 00:50:00,149.08,
WAN002,2023-10-06 01:00:00,149.07,
WAN002,2023-10-06 01:10:00,149.08,
WAN002,2023-10-06 01:20:00,149.07,
WAN002,2023-10-06 01:30:00,149.08,
WAN002,2023-10-06 01:40:00,149.06,
WAN002,2023-10-06 01:50:00,149.07,
WAN002,2023-10-06 02:00:00,149.07,
WAN002,2023-10-06 02:10:00,149.06,
WAN002,2023-10-06 02:20:00,149.05,
WAN002,2023-10-06 02:30:00,149.06,
WAN002,2023-10-06 02:40:00,149.06,
WAN002,2023-10-06 02:50:00,149.06,
WAN002,2023-10-06 03:00:00,149.07,
WAN002,2023-10-06 03:10:00,149.06,
WAN002,2023-10-06 03:20:00,149.06,
WAN002,2023-10-06 03:30:00,149.07,
WAN002,2023-10-06 03:40:00,149.06,
WAN002,2023-10-06 03:50:00,149.06,
WAN002,2023-10-06 04:00:00,149.06,
WAN002,2023-10-06 04:10:00,149.05,
WAN002,2023-10-06 04:20:00,149.05,
WAN002,2023-10-06 04:30:00,149.05,
WAN002,2023-10-06 04:40:00,149.05,
WAN002,2023-10-06 04:50:00,149.04,
WAN002,2023-10-06 05:00:00,149.04,
WAN002,2023-10-06 05:10:00,149.04,
WAN002,2023-10-06 05:20:00,149.04,
WAN002,2023-10-06 05:30:00,149.04,
WAN002,2023-10-06 05:40:00,149.05,
WAN002,2023-10-06 05:50:00,149.05,
WAN002,2023-10-06 06:00:00,149.04,
WAN002,2023-10-06 06:10:00,149.05,
WAN002,2023-10-06 06:20:00,149.05,
WAN002,2023-10-06 06:30:00,149.06,
WAN002,2023-10-06 06:40:00,149.06,
WAN002,2023-10-06 06:50:00,149.06,
WAN002,2023-10-06 07:00:00,149.06,
WAN002,2023-10-06 07:10:00,149.06,
WAN002,2023-10-06 07:20:00,149.07,
WAN002,2023-10-06 07:30:00,149.07,
WAN002,2023-10-06 07:40:00,149.08,
WAN002,2023-10-06 07:50:00,149.07,
WAN002,2023-10-06 08:00:00,149.08,
WAN002,2023-10-06 08:10:00,149.07,
WAN002,2023-10-06 08:20:00,149.08,
WAN002,2023-10-06 08:30:00,149.07,
WAN002,2023-10-06 08:40:00,149.07,
WAN002,2023-10-06 08:50:00,149.07,
WAN002,2023-10-06 09:00:00,149.07,
WAN002,2023-10-06 09:10:00,149.06,
WAN002,2023-10-06 09:20:00,149.07,
WAN002,2023-10-06 09:30:00,149.07,
WAN002,2023-10-06 09:40:00,149.07,
WAN002,2023-10-06 09:50:00,149.07,
WAN002,2023-10-06 10:00:00,149.08,
WAN002,2023-10-06 10:10:00,149.08,
WAN002,2023-10-06 10:20:00,149.08,
WAN002,2023-10-06 10:30:00,149.08,
WAN002,2023-10-06 10:40:00,149.09,
WAN002,2023-10-06 10:50:00,149.09,
WAN002,2023-10-06 11:00:00,149.1,
WAN002,2023-10-06 11:10:00,149.11,
WAN002,2023-10-06 11:20:00,149.1,
WAN002,2023-10-06 11:30:00,149.12,
WAN002,2023-10-06 11:40:00,149.12,
WAN002,2023-10-06 11:50:00,149.13,
WAN002,2023-10-06 12:00:00,149.14,
WAN002,2023-10-06 12:10:00,149.15,
WAN002,2023-10-06 12:20:00,149.14,
WAN002,2023-10-06 12:30:00,149.16,
WAN002,2023-10-06 12:40:00,149.17,
WAN002,2023-10-06 12:50:00,149.17,
WAN002,2023-10-06 13:00:00,149.18,
WAN002,2023-10-06 13:10:00,149.19,
WAN002,2023-10-06 13:20:00,149.19,
WAN002,2023-10-06 13:30:00,149.21,
WAN002,2023-10-06 13:40:00,149.21,
WAN002,2023-10-06 13:50:00,149.21,
WAN002,2023-10-06 14:00:00,149.21,
WAN002,2023-10-06 14:10:00,149.22,
WAN002,2023-10-06 14:20:00,149.23,
WAN002,2023-10-06 14:30:00,149.22,
WAN002,2023-10-06 14:40:00,149.23,
WAN002,2023-10-06 14:50:00,149.23,
WAN002,2023-10-06 15:00:00,149.24,
WAN002,2023-10-06 15:10:00,149.23,
WAN002,2023-10-06 15:20:00,149.25,
WAN002,2023-10-06 15:30:00,149.23,
WAN002,2023-10-06 15:40:00,149.24,
WAN002,2023-10-06 15:50:00,149.24,
WAN002,2023-10-06 16:00:00,149.24,
WAN002,2023-10-06 16:10:00,149.24,
WAN002,2023-10-06 16:20:00,149.25,
WAN002,2023-10-06 16:30:00,149.24,
WAN002,2023-10-06 16:40:00,149.24,
WAN002,2023-10-06 16:50:00,149.25,
WAN002,2023-10-06 17:00:00,149.24,
WAN002,2023-10-06 17:10:00,149.24,
WAN002,2023-10-06 17:20:00,149.25,
WAN002,2023-10-06 17:30:00,149.24,
WAN002,2023-10-06 17:40:00,149.24,
WAN002,2023-10-06 17:50:00,149.24,
WAN002,2023-10-06 18:00:00,149.24,
WAN002,2023-10-06 18:10:00,149.24,
WAN002,2023-10-06 18:20:00,149.23,
WAN002,2023-10-06 18:30:00,149.23,
WAN002,2023-10-06 18:40:00,149.22,
WAN002,2023-10-06 18:50:00,149.22,
WAN002,2023-10-06 19:00:00,149.22,
WAN002,2023-10-06 19:10:00,149.22,
WAN002,2023-10-06 19:20:00,149.21,
WAN002,2023-10-06 19:30:00,149.21,
WAN002,2023-10-06 19:40:00,149.21,
WAN002,2023-10-06 19:50:00,149.2,
WAN002,2023-10-06 20:00:00,149.19,
WAN002,2023-10-06 20:10:00,149.19,
WAN002,2023-10-06 20:20:00,149.19,
WAN002,2023-10-06 20:30:00,149.18,
WAN002,2023-10-06 20:40:00,149.17,
WAN002,2023-10-06 20:50:00,149.17,
WAN002,2023-10-06 21:00:00,149.17,
WAN002,2023-10-06 21:10:00,149.17,
WAN002,2023-10-06 21:20:00,149.16,
WAN002,2023-10-06 21:30:00,149.16,
WAN002,2023-10-06 21:40:00,149.15,
WAN002,2023-10-06 21:50:00,149.14,
WAN002,2023-10-06 22:00:00,149.14,
WAN002,2023-10-06 22:10:00,149.14,
WAN002,2023-10-06 22:20:00,149.14,
WAN002,2023-10-06 22:30:00,149.12,
WAN002,2023-10-06 22:40:00,149.12,
WAN002,2023-10-06 22:50:00,149.11,
WAN002,2023-10-06 23:00:00,149.11,
WAN002,2023-10-06 23:10:00,149.11,
WAN002,2023-10-06 23:20:00,149.1,
WAN002,2023-10-06 23:30:00,149.1,
WAN002,2023-10-06 23:40:00,149.09,
WAN002,2023-10-06 23:50:00,149.08,
WAN002,2023-10-07 00:00:00,149.08,
WAN002,2023-10-07 00:10:00,149.08,
WAN002,2023-10-07 00:20:00,149.08,
WAN002,2023-10-07 00:30:00,149.06,
WAN002,2023-10-07 00:40:00,149.06,
WAN002,2023-10-07 00:50:00,149.06,
WAN002,2023-10-07 01:00:00,149.05,
WAN002,2023-10-07 01:10:00,149.05,
WAN002,2023-10-07 01:20:00,149.04,
WAN002,2023-10-07 01:30:00,149.04,
WAN002,2023-10-07 01:40:00,149.03,
WAN002,2023-10-07 01:50:00,149.03,
WAN002,2023-10-07 02:00:00,149.02,
WAN002,2023-10-07 02:10:00,149.02,
WAN002,2023-10-07 02:20:00,149.03,
WAN002,2023-10-07 02:30:00,149.01,
WAN002,2023-10-07 02:40:00,149,
WAN002,2023-10-07 02:50:00,149,
WAN002,2023-10-07 03:00:00,149.01,
WAN002,2023-10-07 03:10:00,148.99,
WAN002,2023-10-07 03:20:00,148.99,
WAN002,2023-10-07 03:30:00,148.99,
WAN002,2023-10-07 03:40:00,148.98,
WAN002,2023-10-07 03:50:00,148.97,
WAN002,2023-10-07 04:00:00,148.97,
WAN002,2023-10-07 04:10:00,148.96,
WAN002,2023-10-07 04:20:00,148.97,
WAN002,2023-10-07 04:30:00,148.95,
WAN002,2023-10-07 04:40:00,148.95,
WAN002,2023-10-07 04:50:00,148.95,
WAN002,2023-10-07 05:00:00,148.94,
WAN002,2023-10-07 05:10:00,148.94,
WAN002,2023-10-07 05:20:00,148.93,
WAN002,2023-10-07 05:30:00,148.92,
WAN002,2023-10-07 05:40:00,148.92,
WAN002,2023-10-07 05:50:00,148.92,
WAN002,2023-10-07 06:00:00,148.91,
WAN002,2023-10-07 06:10:00,148.91,
WAN002,2023-10-07 06:20:00,148.91,
WAN002,2023-10-07 06:30:00,148.89,
WAN002,2023-10-07 06:40:00,148.89,
WAN002,2023-10-07 06:50:00,148.89,
WAN002,2023-10-07 07:00:00,148.89,
WAN002,2023-10-07 07:10:00,148.88,
WAN002,2023-10-07 07:20:00,148.88,
WAN002,2023-10-07 07:30:00,148.87,
WAN002,2023-10-07 07:40:00,148.86,
WAN002,2023-10-07 07:50:00,148.86,
WAN002,2023-10-07 08:00:00,148.85,
WAN002,2023-10-07 08:10:00,148.85,
WAN002,2023-10-07 08:20:00,148.84,
WAN002,2023-10-07 08:30:00,148.84,
WAN002,2023-10-07 08:40:00,148.84,
WAN002,2023-10-07 08:50:00,148.83,
WAN002,2023-10-07 09:00:00,148.83,
WAN002,2023-10-07 09:10:00,148.82,
WAN002,2023-10-07 09:20:00,148.81,
WAN002,2023-10-07 09:30:00,148.81,
WAN002,2023-10-07 09:40:00,148.8,
WAN002,2023-10-07 09:50:00,148.79,
WAN002,2023-10-07 10:00:00,148.8,
WAN002,2023-10-07 10:10:00,148.77,
WAN002,2023-10-07 10:20:00,148.78,
WAN002,2023-10-07 10:30:00,148.78,
WAN002,2023-10-07 10:40:00,148.78,
WAN002,2023-10-07 10:50:00,148.77,
WAN002,2023-10-07 11:00:00,148.76,
WAN002,2023-10-07 11:10:00,148.75,
WAN002,2023-10-07 11:20:00,148.75,
WAN002,2023-10-07 11:30:00,148.75,
WAN002,2023-10-07 11:40:00,148.74,
WAN002,2023-10-07 11:50:00,148.74,
WAN002,2023-10-07 12:00:00,148.74,
WAN002,2023-10-07 12:10:00,148.73,
WAN002,2023-10-07 12:20:00,148.73,
WAN002,2023-10-07 12:30:00,148.72,
WAN002,2023-10-07 12:40:00,148.71,
WAN002,2023-10-07 12:50:00,148.71,
WAN002,2023-10-07 13:00:00,148.71,
WAN002,2023-10-07 13:10:00,148.71,
WAN002,2023-10-07 13:20:00,148.7,
WAN002,2023-10-07 13:30:00,148.7,
WAN002,2023-10-07 13:40:00,148.69,
WAN002,2023-10-07 13:50:00,148.68,
WAN002,2023-10-07 14:00:00,148.68,
WAN002,2023-10-07 14:10:00,148.68,
WAN002,2023-10-07 14:20:00,148.67,
WAN002,2023-10-07 14:30:00,148.66,
WAN002,2023-10-07 14:40:00,148.67,
WAN002,2023-10-07 14:50:00,148.67,
WAN002,2023-10-07 15:00:00,148.66,
WAN002,2023-10-07 15:10:00,148.65,
WAN002,2023-10-07 15:20:00,148.65,
WAN002,2023-10-07 15:30:00,148.65,
WAN002,2023-10-07 15:40:00,148.65,
WAN002,2023-10-07 15:50:00,148.64,
WAN002,2023-10-07 16:00:00,148.64,
WAN002,2023-10-07 16:10:00,148.64,
WAN002,2023-10-07 16:20:00,148.63,
WAN002,2023-10-07 16:30:00,148.62,
WAN002,2023-10-07 16:40:00,148.63,
WAN002,2023-10-07 16:50:00,148.62,
WAN002,2023-10-07 17:00:00,148.62,
WAN002,2023-10-07 17:10:00,148.62,
WAN002,2023-10-07 17:20:00,148.61,
WAN002,2023-10-07 17:30:00,148.61,
WAN002,2023-10-07 17:40:00,148.6,
WAN002,2023-10-07 17:50:00,148.6,
WAN002,2023-10-07 18:00:00,148.6,
WAN002,2023-10-07 18:10:00,148.59,
WAN002,2023-10-07 18:20:00,148.6,
WAN002,2023-10-07 18:30:00,148.58,
WAN002,2023-10-07 18:40:00,148.58,
WAN002,2023-10-07 18:50:00,148.58,
WAN002,2023-10-07 19:00:00,148.58,
WAN002,2023-10-07 19:10:00,148.58,
WAN002,2023-10-07 19:20:00,148.58,
WAN002,2023-10-07 19:30:00,148.58,
WAN002,2023-10-07 19:40:00,148.56,
WAN002,2023-10-07 19:50:00,148.57,
WAN002,2023-10-07 20:00:00,148.56,
WAN002,2023-10-07 20:10:00,148.55,
WAN002,2023-10-07 20:20:00,148.56,
WAN002,2023-10-07 20:30:00,148.57,
WAN002,2023-10-07 20:40:00,148.56,
WAN002,2023-10-07 20:50:00,148.56,
WAN002,2023-10-07 21:00:00,148.56,
WAN002,2023-10-07 21:10:00,148.56,
WAN002,2023-10-07 21:20:00,148.53,
WAN002,2023-10-07 21:30:00,148.54,
WAN002,2023-10-07 21:40:00,148.54,
WAN002,2023-10-07 21:50:00,148.54,
WAN002,2023-10-07 22:00:00,148.54,
WAN002,2023-10-07 22:10:00,148.54,
WAN002,2023-10-07 22:20:00,148.53,
WAN002,2023-10-07 22:30:00,148.53,
WAN002,2023-10-07 22:40:00,148.53,
WAN002,2023-10-07 22:50:00,148.53,
WAN002,2023-10-07 23:00:00,148.53,
WAN002,2023-10-07 23:10:00,148.52,
WAN002,2023-10-07 23:20:00,148.53,
WAN002,2023-10-07 23:30:00,148.53,
WAN002,2023-10-07 23:40:00,148.52,
WAN002,2023-10-07 23:50:00,148.52,
WAN002,2023-10-08 00:00:00,148.52,
WAN002,2023-10-08 00:10:00,148.51,
WAN002,2023-10-08 00:20:00,148.51,
WAN002,2023-10-08 00:30:00,148.51,
WAN002,2023-10-08 00:40:00,148.51,
WAN002,2023-10-08 00:50:00,148.52,
WAN002,2023-10-08 01:00:00,148.52,
WAN002,2023-10-08 01:10:00,148.52,
WAN002,2023-10-08 01:20:00,148.52,
WAN002,2023-10-08 01:30:00,148.52,
WAN002,2023-10-08 01:40:00,148.52,
WAN002,2023-10-08 01:50:00,148.53,
WAN002,2023-10-08 02:00:00,148.53,
WAN002,2023-10-08 02:10:00,148.53,
WAN002,2023-10-08 02:20:00,148.54,
WAN002,2023-10-08 02:30:00,148.55,
WAN002,2023-10-08 02:40:00,148.55,
WAN002,2023-10-08 02:50:00,148.56,
WAN002,2023-10-08 03:00:00,148.56,
WAN002,2023-10-08 03:10:00,148.58,
WAN002,2023-10-08 03:20:00,148.58,
WAN002,2023-10-08 03:30:00,148.6,
WAN002,2023-10-08 03:40:00,148.61,
WAN002,2023-10-08 03:50:00,148.62,
WAN002,2023-10-08 04:00:00,148.64,
WAN002,2023-10-08 04:10:00,148.66,
WAN002,2023-10-08 04:20:00,148.67,
WAN002,2023-10-08 04:30:00,148.69,
WAN002,2023-10-08 04:40:00,148.7,
WAN002,2023-10-08 04:50:00,148.73,
WAN002,2023-10-08 05:00:00,148.74,
WAN002,2023-10-08 05:10:00,148.77,
WAN002,2023-10-08 05:20:00,148.79,
WAN002,2023-10-08 05:30:00,148.81,
WAN002,2023-10-08 05:40:00,148.83,
WAN002,2023-10-08 05:50:00,148.85,
WAN002,2023-10-08 06:00:00,148.87,
WAN002,2023-10-08 06:10:00,148.9,
WAN002,2023-10-08 06:20:00,148.92,
WAN002,2023-10-08 06:30:00,148.93,
WAN002,2023-10-08 06:40:00,148.95,
WAN002,2023-10-08 06:50:00,148.98,
WAN002,2023-10-08 07:00:00,149,
WAN002,2023-10-08 07:10:00,149.02,
WAN002,2023-10-08 07:20:00,149.04,
WAN002,2023-10-08 07:30:00,149.05,
WAN002,2023-10-08 07:40:00,149.08,
WAN002,2023-10-08 07:50:00,149.09,
WAN002,2023-10-08 08:00:00,149.13,
WAN002,2023-10-08 08:10:00,149.13,
WAN002,2023-10-08 08:20:00,149.15,
WAN002,2023-10-08 08:30:00,149.16,
WAN002,2023-10-08 08:40:00,149.19,
WAN002,2023-10-08 08:50:00,149.2,
WAN002,2023-10-08 09:00:00,149.22,
WAN002,2023-10-08 09:10:00,149.23,
WAN002,2023-10-08 09:20:00,149.23,
WAN002,2023-10-08 09:30:00,149.23,
WAN002,2023-10-08 09:40:00,149.27,
WAN002,2023-10-08 09:50:00,149.29,
WAN002,2023-10-08 10:00:00,149.28,
WAN002,2023-10-08 10:10:00,149.3,
WAN002,2023-10-08 10:20:00,149.31,
WAN002,2023-10-08 10:30:00,149.32,
WAN002,2023-10-08 10:40:00,149.33,
WAN002,2023-10-08 10:50:00,149.34,
WAN002,2023-10-08 11:00:00,149.35,
WAN002,2023-10-08 11:10:00,149.36,
WAN002,2023-10-08 11:20:00,149.36,
WAN002,2023-10-08 11:30:00,149.37,
WAN002,2023-10-08 11:40:00,149.38,
WAN002,2023-10-08 11:50:00,149.39,
WAN002,2023-10-08 12:00:00,149.4,
WAN002,2023-10-08 12:10:00,149.41,
WAN002,2023-10-08 12:20:00,149.42,
WAN002,2023-10-08 12:30:00,149.42,
WAN002,2023-10-08 12:40:00,149.43,
WAN002,2023-10-08 12:50:00,149.44,
WAN002,2023-10-08 13:00:00,149.46,
WAN002,2023-10-08 13:10:00,149.45,
WAN002,2023-10-08 13:20:00,149.45,
WAN002,2023-10-08 13:30:00,149.48,
WAN002,2023-10-08 13:40:00,149.46,
WAN002,2023-10-08 13:50:00,149.48,
WAN002,2023-10-08 14:00:00,149.49,
WAN002,2023-10-08 14:10:00,149.5,
WAN002,2023-10-08 14:20:00,149.5,
WAN002,2023-10-08 14:30:00,149.51,
WAN002,2023-10-08 14:40:00,149.52,
WAN002,2023-10-08 14:50:00,149.52,
WAN002,2023-10-08 15:00:00,149.54,
WAN002,2023-10-08 15:10:00,149.54,
WAN002,2023-10-08 15:20:00,149.55,
WAN002,2023-10-08 15:30:00,149.57,
WAN002,2023-10-08 15:40:00,149.56,
WAN002,2023-10-08 15:50:00,149.58,
WAN002,2023-10-08 16:00:00,149.6,
WAN002,2023-10-08 16:10:00,149.6,
WAN002,2023-10-08 16:20:00,149.6,
WAN002,2023-10-08 16:30:00,149.61,
WAN002,2023-10-08 16:40:00,149.61,
WAN002,2023-10-08 16:50:00,149.63,
WAN002,2023-10-08 17:00:00,149.63,
WAN002,2023-10-08 17:10:00,149.64,
WAN002,2023-10-08 17:20:00,149.65,
WAN002,2023-10-08 17:30:00,149.66,
WAN002,2023-10-08 17:40:00,149.66,
WAN002,2023-10-08 17:50:00,149.67,
WAN002,2023-10-08 18:00:00,149.69,
WAN002,2023-10-08 18:10:00,149.69,
WAN002,2023-10-08 18:20:00,149.71,
WAN002,2023-10-08 18:30:00,149.71,
WAN002,2023-10-08 18:40:00,149.72,
WAN002,2023-10-08 18:50:00,149.73,
WAN002,2023-10-08 19:00:00,149.74,
WAN002,2023-10-08 19:10:00,149.74,
WAN002,2023-10-08 19:20:00,149.75,
WAN002,2023-10-08 19:30:00,149.77,
WAN002,2023-10-08 19:40:00,149.78,
WAN002,2023-10-08 19:50:00,149.79,
WAN002,2023-10-08 20:00:00,149.77,
WAN002,2023-10-08 20:10:00,149.8,
WAN002,2023-10-08 20:20:00,149.8,
WAN002,2023-10-08 20:30:00,149.81,
WAN002,2023-10-08 20:40:00,149.81,
WAN002,2023-10-08 20:50:00,149.83,
WAN002,2023-10-08 21:00:00,149.83,
WAN002,2023-10-08 21:10:00,149.85,
WAN002,2023-10-08 21:20:00,149.84,
WAN002,2023-10-08 21:30:00,149.86,
WAN002,2023-10-08 21:40:00,149.86,
WAN002,2023-10-08 21:50:00,149.87,
WAN002,2023-10-08 22:00:00,149.88,
WAN002,2023-10-08 22:10:00,149.88,
WAN002,2023-10-08 22:20:00,149.9,
WAN002,2023-10-08 22:30:00,149.89,
WAN002,2023-10-08 22:40:00,149.91,
WAN002,2023-10-08 22:50:00,149.93,
WAN002,2023-10-08 23:00:00,149.92,
WAN002,2023-10-08 23:10:00,149.93,
WAN002,2023-10-08 23:20:00,149.93,
WAN002,2023-10-08 23:30:00,149.94,
WAN002,2023-10-08 23:40:00,149.94,
WAN002,2023-10-08 23:50:00,149.95,
WAN002,2023-10-09 00:00:00,149.95,
WAN002,2023-10-09 00:10:00,149.96,
WAN002,2023-10-09 00:20:00,149.97,
WAN002,2023-10-09 00:30:00,149.97,
WAN002,2023-10-09 00:40:00,149.97,
WAN002,2023-10-09 00:50:00,149.98,
WAN002,2023-10-09 01:00:00,149.99,
WAN002,2023-10-09 01:10:00,149.99,
WAN002,2023-10-09 01:20:00,150,
WAN002,2023-10-09 01:30:00,150,
WAN002,2023-10-09 01:40:00,150.01,
WAN002,2023-10-09 01:50:00,150.01,
WAN002,2023-10-09 02:00:00,150.02,
WAN002,2023-10-09 02:10:00,150.02,
WAN002,2023-10-09 02:20:00,150.02,
WAN002,2023-10-09 02:30:00,150.02,
WAN002,2023-10-09 02:40:00,150.03,
WAN002,2023-10-09 02:50:00,150.04,
WAN002,2023-10-09 03:00:00,150.03,
WAN002,2023-10-09 03:10:00,150.04,
WAN002,2023-10-09 03:20:00,150.04,
WAN002,2023-10-09 03:30:00,150.03,
WAN002,2023-10-09 03:40:00,150.05,
WAN002,2023-10-09 03:50:00,150.05,
WAN002,2023-10-09 04:00:00,150.04,
WAN002,2023-10-09 04:10:00,150.05,
WAN002,2023-10-09 04:20:00,150.05,
WAN002,2023-10-09 04:30:00,150.05,
WAN002,2023-10-09 04:40:00,150.06,
WAN002,2023-10-09 04:50:00,150.07,
WAN002,2023-10-09 05:00:00,150.06,
WAN002,2023-10-09 05:10:00,150.05,
WAN002,2023-10-09 05:20:00,150.06,
WAN002,2023-10-09 05:30:00,150.05,
WAN002,2023-10-09 05:40:00,150.06,
WAN002,2023-10-09 05:50:00,150.06,
WAN002,2023-10-09 06:00:00,150.06,
WAN002,2023-10-09 06:10:00,150.07,
WAN002,2023-10-09 06:20:00,150.06,
WAN002,2023-10-09 06:30:00,150.05,
WAN002,2023-10-09 06:40:00,150.06,
WAN002,2023-10-09 06:50:00,150.07,
WAN002,2023-10-09 07:00:00,150.06,
WAN002,2023-10-09 07:10:00,150.06,
WAN002,2023-10-09 07:20:00,150.06,
WAN002,2023-10-09 07:30:00,150.06,
WAN002,2023-10-09 07:40:00,150.05,
WAN002,2023-10-09 07:50:00,150.05,
WAN002,2023-10-09 08:00:00,150.05,
WAN002,2023-10-09 08:10:00,150.05,
WAN002,2023-10-09 08:20:00,150.04,
WAN002,2023-10-09 08:30:00,150.05,
WAN002,2023-10-09 08:40:00,150.04,
WAN002,2023-10-09 08:50:00,150.05,
WAN002,2023-10-09 09:00:00,150.04,
WAN002,2023-10-09 09:10:00,150.04,
WAN002,2023-10-09 09:20:00,150.03,
WAN002,2023-10-09 09:30:00,150.03,
WAN002,2023-10-09 09:40:00,150.02,
WAN002,2023-10-09 09:50:00,150.03,
WAN002,2023-10-09 10:00:00,150.01,
WAN002,2023-10-09 10:10:00,150.01,
WAN002,2023-10-09 10:20:00,150.02,
WAN002,2023-10-09 10:30:00,150.02,
WAN002,2023-10-09 10:40:00,150,
WAN002,2023-10-09 10:50:00,150.01,
WAN002,2023-10-09 11:00:00,150,
WAN002,2023-10-09 11:10:00,150,
WAN002,2023-10-09 11:20:00,149.98,
WAN002,2023-10-09 11:30:00,149.99,
WAN002,2023-10-09 11:40:00,150,
WAN002,2023-10-09 11:50:00,149.99,
WAN002,2023-10-09 12:00:00,149.98,
WAN002,2023-10-09 12:10:00,149.97,
WAN002,2023-10-09 12:20:00,149.97,
WAN002,2023-10-09 12:30:00,149.96,
WAN002,2023-10-09 12:40:00,149.96,
WAN002,2023-10-09 12:50:00,149.95,
WAN002,2023-10-09 13:00:00,149.95,
WAN002,2023-10-09 13:10:00,149.95,
WAN002,2023-10-09 13:20:00,149.94,
WAN002,2023-10-09 13:30:00,149.94,
WAN002,2023-10-09 13:40:00,149.94,
WAN002,2023-10-09 13:50:00,149.93,
WAN002,2023-10-09 14:00:00,149.93,
WAN002,2023-10-09 14:10:00,149.92,
WAN002,2023-10-09 14:20:00,149.91,
WAN002,2023-10-09 14:30:00,149.91,
WAN002,2023-10-09 14:40:00,149.9,
WAN002,2023-10-09 14:50:00,149.9,
WAN002,2023-10-09 15:00:00,149.89,
WAN002,2023-10-09 15:10:00,149.9,
WAN002,2023-10-09 15:20:00,149.9,
WAN002,2023-10-09 15:30:00,149.88,
WAN002,2023-10-09 15:40:00,149.89,
WAN002,2023-10-09 15:50:00,149.87,
WAN002,2023-10-09 16:00:00,149.87,
WAN002,2023-10-09 16:10:00,149.86,
WAN002,2023-10-09 16:20:00,149.86,
WAN002,2023-10-09 16:30:00,149.86,
WAN002,2023-10-09 16:40:00,149.85,
WAN002,2023-10-09 16:50:00,149.85,
WAN002,2023-10-09 17:00:00,149.85,
WAN002,2023-10-09 17:10:00,149.83,
WAN002,2023-10-09 17:20:00,149.84,
WAN002,2023-10-09 17:30:00,149.83,
WAN002,2023-10-09 17:40:00,149.83,
WAN002,2023-10-09 17:50:00,149.83,
WAN002,2023-10-09 18:00:00,149.81,
WAN002,2023-10-09 18:10:00,149.82,
WAN002,2023-10-09 18:20:00,149.81,
WAN002,2023-10-09 18:30:00,149.8,
WAN002,2023-10-09 18:40:00,149.81,
WAN002,2023-10-09 18:50:00,149.79,
WAN002,2023-10-09 19:00:00,149.81,
WAN002,2023-10-09 19:10:00,149.79,
WAN002,2023-10-09 19:20:00,149.8,
WAN002,2023-10-09 19:30:00,149.8,
WAN002,2023-10-09 19:40:00,149.79,
WAN002,2023-10-09 19:50:00,149.78,
WAN002,2023-10-09 20:00:00,149.78,
WAN002,2023-10-09 20:10:00,149.78,
WAN002,2023-10-09 20:20:00,149.77,
WAN002,2023-10-09 20:30:00,149.77,
WAN002,2023-10-09 20:40:00,149.79,
WAN002,2023-10-09 20:50:00,149.78,
WAN002,2023-10-09 21:00:00,149.78,
WAN002,2023-10-09 21:10:00,149.78,
WAN002,2023-10-09 21:20:00,149.77,
WAN002,2023-10-09 21:30:00,149.78,
WAN002,2023-10-09 21:40:00,149.78,
WAN002,2023-10-09 21:50:00,149.77,
WAN002,2023-10-09 22:00:00,149.78,
WAN002,2023-10-09 22:10:00,149.77,
WAN002,2023-10-09 22:20:00,149.78,
WAN002,2023-10-09 22:30:00,149.77,
WAN002,2023-10-09 22:40:00,149.78,
WAN002,2023-10-09 22:50:00,149.78,
WAN002,2023-10-09 23:00:00,149.78,
WAN002,2023-10-09 23:10:00,149.76,
WAN002,2023-10-09 23:20:00,149.78,
WAN002,2023-10-09 23:30:00,149.79,
WAN002,2023-10-09 23:40:00,149.78,
WAN002,2023-10-09 23:50:00,149.78,
WAN002,2023-10-10 00:00:00,149.79,
WAN002,2023-10-10 00:10:00,149.78,
WAN002,2023-10-10 00:20:00,149.79,
WAN002,2023-10-10 00:30:00,149.79,
WAN002,2023-10-10 00:40:00,149.79,
WAN002,2023-10-10 00:50:00,149.79,
WAN002,2023-10-10 01:00:00,149.79,
WAN002,2023-10-10 01:10:00,149.81,
WAN002,2023-10-10 01:20:00,149.8,
WAN002,2023-10-10 01:30:00,149.81,
WAN002,2023-10-10 01:40:00,149.81,
WAN002,2023-10-10 01:50:00,149.81,
WAN002,2023-10-10 02:00:00,149.81,
WAN002,2023-10-10 02:10:00,149.81,
WAN002,2023-10-10 02:20:00,149.82,
WAN002,2023-10-10 02:30:00,149.81,
WAN002,2023-10-10 02:40:00,149.82,
WAN002,2023-10-10 02:50:00,149.82,
WAN002,2023-10-10 03:00:00,149.83,
WAN002,2023-10-10 03:10:00,149.83,
WAN002,2023-10-10 03:20:00,149.83,
WAN002,2023-10-10 03:30:00,149.84,
WAN002,2023-10-10 03:40:00,149.85,
WAN002,2023-10-10 03:50:00,149.85,
WAN002,2023-10-10 04:00:00,149.85,
WAN002,2023-10-10 04:10:00,149.85,
WAN002,2023-10-10 04:20:00,149.86,
WAN002,2023-10-10 04:30:00,149.86,
WAN002,2023-10-10 04:40:00,149.86,
WAN002,2023-10-10 04:50:00,149.86,
WAN002,2023-10-10 05:00:00,149.88,
WAN002,2023-10-10 05:10:00,149.87,
WAN002,2023-10-10 05:20:00,149.88,
WAN002,2023-10-10 05:30:00,149.88,
WAN002,2023-10-10 05:40:00,149.9,
WAN002,2023-10-10 05:50:00,149.9,
WAN002,2023-10-10 06:00:00,149.9,
WAN002,2023-10-10 06:10:00,149.89,
WAN002,2023-10-10 06:20:00,149.9,
WAN002,2023-10-10 06:30:00,149.91,
WAN002,2023-10-10 06:40:00,149.91,
WAN002,2023-10-10 06:50:00,149.92,
WAN002,2023-10-10 07:00:00,149.93,
WAN002,2023-10-10 07:10:00,149.93,
WAN002,2023-10-10 07:20:00,149.93,
WAN002,2023-10-10 07:30:00,149.92,
WAN002,2023-10-10 07:40:00,149.94,
WAN002,2023-10-10 07:50:00,149.94,
WAN002,2023-10-10 08:00:00,149.94,
WAN002,2023-10-10 08:10:00,149.95,
WAN002,2023-10-10 08:20:00,149.94,
WAN002,2023-10-10 08:30:00,149.95,
WAN002,2023-10-10 08:40:00,149.96,
WAN002,2023-10-10 08:50:00,149.96,
WAN002,2023-10-10 09:00:00,149.97,
WAN002,2023-10-10 09:10:00,149.96,
WAN002,2023-10-10 09:20:00,149.96,
WAN002,2023-10-10 09:30:00,149.96,
WAN002,2023-10-10 09:40:00,149.97,
WAN002,2023-10-10 09:50:00,149.98,
WAN002,2023-10-10 10:00:00,149.98,
WAN002,2023-10-10 10:10:00,149.98,
WAN002,2023-10-10 10:20:00,149.98,
WAN002,2023-10-10 10:30:00,149.98,
WAN002,2023-10-10 10:40:00,149.98,
WAN002,2023-10-10 10:50:00,149.98,
WAN002,2023-10-10 11:00:00,149.99,
WAN002,2023-10-10 11:10:00,149.99,
WAN002,2023-10-10 11:20:00,149.99,
WAN002,2023-10-10 11:30:00,149.99,
WAN002,2023-10-10 11:40:00,149.99,
WAN002,2023-10-10 11:50:00,150,
WAN002,2023-10-10 12:00:00,150,
WAN002,2023-10-10 12:10:00,150,
WAN002,2023-10-10 12:20:00,150.01,
WAN002,2023-10-10 12:30:00,150.01,
WAN002,2023-10-10 12:40:00,150.02,
WAN002,2023-10-10 12:50:00,150.03,
WAN002,2023-10-10 13:00:00,150.02,
WAN002,2023-10-10 13:10:00,150.01,
WAN002,2023-10-10 13:20:00,150.02,
WAN002,2023-10-10 13:30:00,150.03,
WAN002,2023-10-10 13:40:00,150.03,
WAN002,2023-10-10 13:50:00,150.03,
WAN002,2023-10-10 14:00:00,150.03,
WAN002,2023-10-10 14:10:00,150.03,
WAN002,2023-10-10 14:20:00,150.04,
WAN002,2023-10-10 14:30:00,150.04,
WAN002,2023-10-10 14:40:00,150.04,
WAN002,2023-10-10 14:50:00,150.04,
WAN002,2023-10-10 15:00:00,150.04,
WAN002,2023-10-10 15:10:00,150.05,
WAN002,2023-10-10 15:20:00,150.04,
WAN002,2023-10-10 15:30:00,150.06,
WAN002,2023-10-10 15:40:00,150.06,
WAN002,2023-10-10 15:50:00,150.06,
WAN002,2023-10-10 16:00:00,150.06,
WAN002,2023-10-10 16:10:00,150.08,
WAN002,2023-10-10 16:20:00,150.08,
WAN002,2023-10-10 16:30:00,150.08,
WAN002,2023-10-10 16:40:00,150.08,
WAN002,2023-10-10 16:50:00,150.08,
WAN002,2023-10-10 17:00:00,150.09,
WAN002,2023-10-10 17:10:00,150.09,
WAN002,2023-10-10 17:20:00,150.1,
WAN002,2023-10-10 17:30:00,150.1,
WAN002,2023-10-10 17:40:00,150.1,
WAN002,2023-10-10 17:50:00,150.1,
WAN002,2023-10-10 18:00:00,150.11,
WAN002,2023-10-10 18:10:00,150.11,
WAN002,2023-10-10 18:20:00,150.11,
WAN002,2023-10-10 18:30:00,150.12,
WAN002,2023-10-10 18:40:00,150.12,
WAN002,2023-10-10 18:50:00,150.12,
WAN002,2023-10-10 19:00:00,150.11,
WAN002,2023-10-10 19:10:00,150.14,
WAN002,2023-10-10 19:20:00,150.14,
WAN002,2023-10-10 19:30:00,150.15,
WAN002,2023-10-10 19:40:00,150.17,
WAN002,2023-10-10 19:50:00,150.14,
WAN002,2023-10-10 20:00:00,150.15,
WAN002,2023-10-10 20:10:00,150.16,
WAN002,2023-10-10 20:20:00,150.17,
WAN002,2023-10-10 20:30:00,150.17,
WAN002,2023-10-10 20:40:00,150.17,
WAN002,2023-10-10 20:50:00,150.17,
WAN002,2023-10-10 21:00:00,150.19,
WAN002,2023-10-10 21:10:00,150.17,
WAN002,2023-10-10 21:20:00,150.19,
WAN002,2023-10-10 21:30:00,150.19,
WAN002,2023-10-10 21:40:00,150.2,
WAN002,2023-10-10 21:50:00,150.19,
WAN002,2023-10-10 22:00:00,150.21,
WAN002,2023-10-10 22:10:00,150.23,
WAN002,2023-10-10 22:20:00,150.23,
WAN002,2023-10-10 22:30:00,150.23,
WAN002,2023-10-10 22:40:00,150.24,
WAN002,2023-10-10 22:50:00,150.24,
WAN002,2023-10-10 23:00:00,150.24,
WAN002,2023-10-10 23:10:00,150.26,
WAN002,2023-10-10 23:20:00,150.26,
WAN002,2023-10-10 23:30:00,150.27,
WAN002,2023-10-10 23:40:00,150.28,
WAN002,2023-10-10 23:50:00,150.29,
WAN002,2023-10-11 00:00:00,150.3,
WAN002,2023-10-11 00:10:00,150.3,
WAN002,2023-10-11 00:20:00,150.32,
WAN002,2023-10-11 00:30:00,150.33,
WAN002,2023-10-11 00:40:00,150.33,
WAN002,2023-10-11 00:50:00,150.35,
WAN002,2023-10-11 01:00:00,150.37,
WAN002,2023-10-11 01:10:00,150.37,
WAN002,2023-10-11 01:20:00,150.39,
WAN002,2023-10-11 01:30:00,150.4,
WAN002,2023-10-11 01:40:00,150.4,
WAN002,2023-10-11 01:50:00,150.41,
WAN002,2023-10-11 02:00:00,150.43,
WAN002,2023-10-11 02:10:00,150.43,
WAN002,2023-10-11 02:20:00,150.44,
WAN002,2023-10-11 02:30:00,150.45,
WAN002,2023-10-11 02:40:00,150.47,
WAN002,2023-10-11 02:50:00,150.47,
WAN002,2023-10-11 03:00:00,150.48,
WAN002,2023-10-11 03:10:00,150.5,
WAN002,2023-10-11 03:20:00,150.51,
WAN002,2023-10-11 03:30:00,150.52,
WAN002,2023-10-11 03:40:00,150.52,
WAN002,2023-10-11 03:50:00,150.52,
WAN002,2023-10-11 04:00:00,150.53,
WAN002,2023-10-11 04:10:00,150.54,
WAN002,2023-10-11 04:20:00,150.55,
WAN002,2023-10-11 04:30:00,150.55,
WAN002,2023-10-11 04:40:00,150.57,
WAN002,2023-10-11 04:50:00,150.57,
WAN002,2023-10-11 05:00:00,150.58,
WAN002,2023-10-11 05:10:00,150.59,
WAN002,2023-10-11 05:20:00,150.58,
WAN002,2023-10-11 05:30:00,150.59,
WAN002,2023-10-11 05:40:00,150.59,
WAN002,2023-10-11 05:50:00,150.61,
WAN002,2023-10-11 06:00:00,150.61,
WAN002,2023-10-11 06:10:00,150.62,
WAN002,2023-10-11 06:20:00,150.62,
WAN002,2023-10-11 06:30:00,150.63,
WAN002,2023-10-11 06:40:00,150.63,
WAN002,2023-10-11 06:50:00,150.63,
WAN002,2023-10-11 07:00:00,150.62,
WAN002,2023-10-11 07:10:00,150.63,
WAN002,2023-10-11 07:20:00,150.64,
WAN002,2023-10-11 07:30:00,150.64,
WAN002,2023-10-11 07:40:00,150.64,
WAN002,2023-10-11 07:50:00,150.65,
WAN002,2023-10-11 08:00:00,150.64,
WAN002,2023-10-11 08:10:00,150.65,
WAN002,2023-10-11 08:20:00,150.65,
WAN002,2023-10-11 08:30:00,150.65,
WAN002,2023-10-11 08:40:00,150.66,
WAN002,2023-10-11 08:50:00,150.66,
WAN002,2023-10-11 09:00:00,150.66,
WAN002,2023-10-11 09:10:00,150.66,
WAN002,2023-10-11 09:20:00,150.67,
WAN002,2023-10-11 09:30:00,150.66,
WAN002,2023-10-11 09:40:00,150.67,
WAN002,2023-10-11 09:50:00,150.67,
WAN002,2023-10-11 10:00:00,150.67,
WAN002,2023-10-11 10:10:00,150.67,
WAN002,2023-10-11 10:20:00,150.68,
WAN002,2023-10-11 10:30:00,150.68,
WAN002,2023-10-11 10:40:00,150.67,
WAN002,2023-10-11 10:50:00,150.67,
WAN002,2023-10-11 11:00:00,150.68,
WAN002,2023-10-11 11:10:00,150.67,
WAN002,2023-10-11 11:20:00,150.69,
WAN002,2023-10-11 11:30:00,150.69,
WAN002,2023-10-11 11:40:00,150.68,
WAN002,2023-10-11 11:50:00,150.68,
WAN002,2023-10-11 12:00:00,150.7,
WAN002,2023-10-11 12:10:00,150.7,
WAN002,2023-10-11 12:20:00,150.71,
WAN002,2023-10-11 12:30:00,150.7,
WAN002,2023-10-11 12:40:00,150.72,
WAN002,2023-10-11 12:50:00,150.7,
WAN002,2023-10-11 13:00:00,150.71,
WAN002,2023-10-11 13:10:00,150.72,
WAN002,2023-10-11 13:20:00,150.71,
WAN002,2023-10-11 13:30:00,150.71,
WAN002,2023-10-11 13:40:00,150.72,
WAN002,2023-10-11 13:50:00,150.73,
WAN002,2023-10-11 14:00:00,150.73,
WAN002,2023-10-11 14:10:00,150.73,
WAN002,2023-10-11 14:20:00,150.75,
WAN002,2023-10-11 14:30:00,150.76,
WAN002,2023-10-11 14:40:00,150.75,
WAN002,2023-10-11 14:50:00,150.76,
WAN002,2023-10-11 15:00:00,150.78,
WAN002,2023-10-11 15:10:00,150.78,
WAN002,2023-10-11 15:20:00,150.78,
WAN002,2023-10-11 15:30:00,150.79,
WAN002,2023-10-11 15:40:00,150.8,
WAN002,2023-10-11 15:50:00,150.81,
WAN002,2023-10-11 16:00:00,150.83,
WAN002,2023-10-11 16:10:00,150.81,
WAN002,2023-10-11 16:20:00,150.83,
WAN002,2023-10-11 16:30:00,150.82,
WAN002,2023-10-11 16:40:00,150.8,
WAN002,2023-10-11 16:50:00,150.84,
WAN002,2023-10-11 17:00:00,150.85,
WAN002,2023-10-11 17:10:00,150.85,
WAN002,2023-10-11 17:20:00,150.85,
WAN002,2023-10-11 17:30:00,150.85,
WAN002,2023-10-11 17:40:00,150.86,
WAN002,2023-10-11 17:50:00,150.87,
WAN002,2023-10-11 18:00:00,150.88,
WAN002,2023-10-11 18:10:00,150.88,
WAN002,2023-10-11 18:20:00,150.88,
WAN002,2023-10-11 18:30:00,150.89,
WAN002,2023-10-11 18:40:00,150.9,
WAN002,2023-10-11 18:50:00,150.9,
WAN002,2023-10-11 19:00:00,150.9,
WAN002,2023-10-11 19:10:00,150.92,
WAN002,2023-10-11 19:20:00,150.93,
WAN002,2023-10-11 19:30:00,150.92,
WAN002,2023-10-11 19:40:00,150.94,
WAN002,2023-10-11 19:50:00,150.94,
WAN002,2023-10-11 20:00:00,150.94,
WAN002,2023-10-11 20:10:00,150.95,
WAN002,2023-10-11 20:20:00,150.96,
WAN002,2023-10-11 20:30:00,150.97,
WAN002,2023-10-11 20:40:00,150.96,
WAN002,2023-10-11 20:50:00,150.98,
WAN002,2023-10-11 21:00:00,150.98,
WAN002,2023-10-11 21:10:00,150.97,
WAN002,2023-10-11 21:20:00,150.99,
WAN002,2023-10-11 21:30:00,150.99,
WAN002,2023-10-11 21:40:00,150.98,
WAN002,2023-10-11 21:50:00,151,
WAN002,2023-10-11 22:00:00,151,
WAN002,2023-10-11 22:10:00,151.01,
WAN002,2023-10-11 22:20:00,150.99,
WAN002,2023-10-11 22:30:00,151.01,
WAN002,2023-10-11 22:40:00,151.01,
WAN002,2023-10-11 22:50:00,151.01,
WAN002,2023-10-11 23:00:00,151.02,
WAN002,2023-10-11 23:10:00,151.02,
WAN002,2023-10-11 23:20:00,151.02,
WAN002,2023-10-11 23:30:00,151.02,
WAN002,2023-10-11 23:40:00,151.02,
WAN002,2023-10-11 23:50:00,151.03,
WAN002,2023-10-12 00:00:00,151.03,
WAN002,2023-10-12 00:10:00,151.03,
WAN002,2023-10-12 00:20:00,151.03,
WAN002,2023-10-12 00:30:00,151.04,
WAN002,2023-10-12 00:40:00,151.04,
WAN002,2023-10-12 00:50:00,151.04,
WAN002,2023-10-12 01:00:00,151.03,
WAN002,2023-10-12 01:10:00,151.04,
WAN002,2023-10-12 01:20:00,151.04,
WAN002,2023-10-12 01:30:00,151.04,
WAN002,2023-10-12 01:40:00,151.04,
WAN002,2023-10-12 01:50:00,151.04,
WAN002,2023-10-12 02:00:00,151.04,
WAN002,2023-10-12 02:10:00,151.04,
WAN002,2023-10-12 02:20:00,151.04,
WAN002,2023-10-12 02:30:00,151.04,
WAN002,2023-10-12 02:40:00,151.04,
WAN002,2023-10-12 02:50:00,151.05,
WAN002,2023-10-12 03:00:00,151.04,
WAN002,2023-10-12 03:10:00,151.05,
WAN002,2023-10-12 03:20:00,151.03,
WAN002,2023-10-12 03:30:00,151.03,
WAN002,2023-10-12 03:40:00,151.04,
WAN002,2023-10-12 03:50:00,151.04,
WAN002,2023-10-12 04:00:00,151.04,
WAN002,2023-10-12 04:10:00,151.04,
WAN002,2023-10-12 04:20:00,151.03,
WAN002,2023-10-12 04:30:00,151.03,
WAN002,2023-10-12 04:40:00,151.04,
WAN002,2023-10-12 04:50:00,151.03,
WAN002,2023-10-12 05:00:00,151.03,
WAN002,2023-10-12 05:10:00,151.03,
WAN002,2023-10-12 05:20:00,151.03,
WAN002,2023-10-12 05:30:00,151.03,
WAN002,2023-10-12 05:40:00,151.03,
WAN002,2023-10-12 05:50:00,151.03,
WAN002,2023-10-12 06:00:00,151.03,
WAN002,2023-10-12 06:10:00,151.02,
WAN002,2023-10-12 06:20:00,151.03,
WAN002,2023-10-12 06:30:00,151.02,
WAN002,2023-10-12 06:40:00,151.02,
WAN002,2023-10-12 06:50:00,151.02,
WAN002,2023-10-12 07:00:00,151.01,
WAN002,2023-10-12 07:10:00,151.01,
WAN002,2023-10-12 07:20:00,151.01,
WAN002,2023-10-12 07:30:00,151.01,
WAN002,2023-10-12 07:40:00,151,
WAN002,2023-10-12 07:50:00,151,
WAN002,2023-10-12 08:00:00,151,
WAN002,2023-10-12 08:10:00,151,
WAN002,2023-10-12 08:20:00,151,
WAN002,2023-10-12 08:30:00,150.99,
WAN002,2023-10-12 08:40:00,150.99,
WAN002,2023-10-12 08:50:00,150.99,
WAN002,2023-10-12 09:00:00,150.99,
WAN002,2023-10-12 09:10:00,150.98,
WAN002,2023-10-12 09:20:00,150.98,
WAN002,2023-10-12 09:30:00,150.97,
WAN002,2023-10-12 09:40:00,150.97,
WAN002,2023-10-12 09:50:00,150.97,
WAN002,2023-10-12 10:00:00,150.97,
WAN002,2023-10-12 10:10:00,150.97,
WAN002,2023-10-12 10:20:00,150.97,
WAN002,2023-10-12 10:30:00,150.96,
WAN002,2023-10-12 10:40:00,150.95,
WAN002,2023-10-12 10:50:00,150.95,
WAN002,2023-10-12 11:00:00,150.95,
WAN002,2023-10-12 11:10:00,150.94,
WAN002,2023-10-12 11:20:00,150.94,
WAN002,2023-10-12 11:30:00,150.95,
WAN002,2023-10-12 11:40:00,150.94,
WAN002,2023-10-12 11:50:00,150.94,
WAN002,2023-10-12 12:00:00,150.94,
WAN002,2023-10-12 12:10:00,150.94,
WAN002,2023-10-12 12:20:00,150.94,
WAN002,2023-10-12 12:30:00,150.94,
WAN002,2023-10-12 12:40:00,150.93,
WAN002,2023-10-12 12:50:00,150.94,
WAN002,2023-10-12 13:00:00,150.94,
WAN002,2023-10-12 13:10:00,150.94,
WAN002,2023-10-12 13:20:00,150.93,
WAN002,2023-10-12 13:30:00,150.93,
WAN002,2023-10-12 13:40:00,150.93,
WAN002,2023-10-12 13:50:00,150.92,
WAN002,2023-10-12 14:00:00,150.92,
WAN002,2023-10-12 14:10:00,150.91,
WAN002,2023-10-12 14:20:00,150.91,
WAN002,2023-10-12 14:30:00,150.92,
WAN002,2023-10-12 14:40:00,150.91,
WAN002,2023-10-12 14:50:00,150.9,
WAN002,2023-10-12 15:00:00,150.9,
WAN002,2023-10-12 15:10:00,150.9,
WAN002,2023-10-12 15:20:00,150.9,
WAN002,2023-10-12 15:30:00,150.89,
WAN002,2023-10-12 15:40:00,150.9,
WAN002,2023-10-12 15:50:00,150.89,
WAN002,2023-10-12 16:00:00,150.89,
WAN002,2023-10-12 16:10:00,150.89,
WAN002,2023-10-12 16:20:00,150.88,
WAN002,2023-10-12 16:30:00,150.89,
WAN002,2023-10-12 16:40:00,150.88,
WAN002,2023-10-12 16:50:00,150.88,
WAN002,2023-10-12 17:00:00,150.87,
WAN002,2023-10-12 17:10:00,150.88,
WAN002,2023-10-12 17:20:00,150.87,
WAN002,2023-10-12 17:30:00,150.87,
WAN002,2023-10-12 17:40:00,150.88,
WAN002,2023-10-12 17:50:00,150.87,
WAN002,2023-10-12 18:00:00,150.88,
WAN002,2023-10-12 18:10:00,150.88,
WAN002,2023-10-12 18:20:00,150.87,
WAN002,2023-10-12 18:30:00,150.87,
WAN002,2023-10-12 18:40:00,150.88,
WAN002,2023-10-12 18:50:00,150.87,
WAN002,2023-10-12 19:00:00,150.87,
WAN002,2023-10-12 19:10:00,150.87,
WAN002,2023-10-12 19:20:00,150.87,
WAN002,2023-10-12 19:30:00,150.88,
WAN002,2023-10-12 19:40:00,150.87,
WAN002,2023-10-12 19:50:00,150.87,
WAN002,2023-10-12 20:00:00,150.88,
WAN002,2023-10-12 20:10:00,150.88,
WAN002,2023-10-12 20:20:00,150.88,
WAN002,2023-10-12 20:30:00,150.89,
WAN002,2023-10-12 20:40:00,150.88,
WAN002,2023-10-12 20:50:00,150.88,
WAN002,2023-10-12 21:00:00,150.88,
WAN002,2023-10-12 21:10:00,150.87,
WAN002,2023-10-12 21:20:00,150.88,
WAN002,2023-10-12 21:30:00,150.88,
WAN002,2023-10-12 21:40:00,150.88,
WAN002,2023-10-12 21:50:00,150.88,
WAN002,2023-10-12 22:00:00,150.88,
WAN002,2023-10-12 22:10:00,150.88,
WAN002,2023-10-12 22:20:00,150.88,
WAN002,2023-10-12 22:30:00,150.89,
WAN002,2023-10-12 22:40:00,150.89,
WAN002,2023-10-12 22:50:00,150.89,
WAN002,2023-10-12 23:00:00,150.89,
WAN002,2023-10-12 23:10:00,150.89,
WAN002,2023-10-12 23:20:00,150.9,
WAN002,2023-10-12 23:30:00,150.9,
WAN002,2023-10-12 23:40:00,150.9,
WAN002,2023-10-12 23:50:00,150.89,
WAN002,2023-10-13 00:00:00,150.91,
WAN002,2023-10-13 00:10:00,150.91,
WAN002,2023-10-13 00:20:00,150.91,
WAN002,2023-10-13 00:30:00,150.91,
WAN002,2023-10-13 00:40:00,150.91,
WAN002,2023-10-13 00:50:00,150.92,
WAN002,2023-10-13 01:00:00,150.92,
WAN002,2023-10-13 01:10:00,150.92,
WAN002,2023-10-13 01:20:00,150.93,
WAN002,2023-10-13 01:30:00,150.94,
WAN002,2023-10-13 01:40:00,150.94,
WAN002,2023-10-13 01:50:00,150.94,
WAN002,2023-10-13 02:00:00,150.94,
WAN002,2023-10-13 02:10:00,150.95,
WAN002,2023-10-13 02:20:00,150.96,
WAN002,2023-10-13 02:30:00,150.96,
WAN002,2023-10-13 02:40:00,150.96,
WAN002,2023-10-13 02:50:00,150.97,
WAN002,2023-10-13 03:00:00,150.97,
WAN002,2023-10-13 03:10:00,150.98,
WAN002,2023-10-13 03:20:00,150.98,
WAN002,2023-10-13 03:30:00,150.99,
WAN002,2023-10-13 03:40:00,150.99,
WAN002,2023-10-13 03:50:00,150.99,
WAN002,2023-10-13 04:00:00,151,
WAN002,2023-10-13 04:10:00,150.99,
WAN002,2023-10-13 04:20:00,151,
WAN002,2023-10-13 04:30:00,151.01,
WAN002,2023-10-13 04:40:00,151.02,
WAN002,2023-10-13 04:50:00,151.03,
WAN002,2023-10-13 05:00:00,151.03,
WAN002,2023-10-13 05:10:00,151.03,
WAN002,2023-10-13 05:20:00,151.04,
WAN002,2023-10-13 05:30:00,151.04,
WAN002,2023-10-13 05:40:00,151.05,
WAN002,2023-10-13 05:50:00,151.06,
WAN002,2023-10-13 06:00:00,151.05,
WAN002,2023-10-13 06:10:00,151.07,
WAN002,2023-10-13 06:20:00,151.07,
WAN002,2023-10-13 06:30:00,151.08,
WAN002,2023-10-13 06:40:00,151.09,
WAN002,2023-10-13 06:50:00,151.09,
WAN002,2023-10-13 07:00:00,151.09,
WAN002,2023-10-13 07:10:00,151.1,
WAN002,2023-10-13 07:20:00,151.12,
WAN002,2023-10-13 07:30:00,151.1,
WAN002,2023-10-13 07:40:00,151.11,
WAN002,2023-10-13 07:50:00,151.12,
WAN002,2023-10-13 08:00:00,151.13,
WAN002,2023-10-13 08:10:00,151.13,
WAN002,2023-10-13 08:20:00,151.14,
WAN002,2023-10-13 08:30:00,151.13,
WAN002,2023-10-13 08:40:00,151.15,
WAN002,2023-10-13 08:50:00,151.13,
WAN002,2023-10-13 09:00:00,151.14,
WAN002,2023-10-13 09:10:00,151.16,
WAN002,2023-10-13 09:20:00,151.16,
WAN002,2023-10-13 09:30:00,151.16,
WAN002,2023-10-13 09:40:00,151.16,
WAN002,2023-10-13 09:50:00,151.18,
WAN002,2023-10-13 10:00:00,151.17,
WAN002,2023-10-13 10:10:00,151.17,
WAN002,2023-10-13 10:20:00,151.17,
WAN002,2023-10-13 10:30:00,151.18,
WAN002,2023-10-13 10:40:00,151.19,
WAN002,2023-10-13 10:50:00,151.18,
WAN002,2023-10-13 11:00:00,151.19,
WAN002,2023-10-13 11:10:00,151.19,
WAN002,2023-10-13 11:20:00,151.19,
WAN002,2023-10-13 11:30:00,151.21,
WAN002,2023-10-13 11:40:00,151.21,
WAN002,2023-10-13 11:50:00,151.21,
WAN002,2023-10-13 12:00:00,151.2,
WAN002,2023-10-13 12:10:00,151.21,
WAN002,2023-10-13 12:20:00,151.21,
WAN002,2023-10-13 12:30:00,151.21,
WAN002,2023-10-13 12:40:00,151.21,
WAN002,2023-10-13 12:50:00,151.22,
WAN002,2023-10-13 13:00:00,151.21,
WAN002,2023-10-13 13:10:00,151.22,
WAN002,2023-10-13 13:20:00,151.22,
WAN002,2023-10-13 13:30:00,151.23,
WAN002,2023-10-13 13:40:00,151.22,
WAN002,2023-10-13 13:50:00,151.22,
WAN002,2023-10-13 14:00:00,151.22,
WAN002,2023-10-13 14:10:00,151.23,
WAN002,2023-10-13 14:20:00,151.23,
WAN002,2023-10-13 14:30:00,151.23,
WAN002,2023-10-13 14:40:00,151.24,
WAN002,2023-10-13 14:50:00,151.21,
WAN002,2023-10-13 15:00:00,151.24,
WAN002,2023-10-13 15:10:00,151.22,
WAN002,2023-10-13 15:20:00,151.24,
WAN002,2023-10-13 15:30:00,151.22,
WAN002,2023-10-13 15:40:00,151.22,
WAN002,2023-10-13 15:50:00,151.25,
WAN002,2023-10-13 16:00:00,151.23,
WAN002,2023-10-13 16:10:00,151.22,
WAN002,2023-10-13 16:20:00,151.21,
WAN002,2023-10-13 16:30:00,151.24,
WAN002,2023-10-13 16:40:00,151.22,
WAN002,2023-10-13 16:50:00,151.23,
WAN002,2023-10-13 17:00:00,151.2,
WAN002,2023-10-13 17:10:00,151.21,
WAN002,2023-10-13 17:20:00,151.21,
WAN002,2023-10-13 17:30:00,151.21,
WAN002,2023-10-13 17:40:00,151.21,
WAN002,2023-10-13 17:50:00,151.2,
WAN002,2023-10-13 18:00:00,151.2,
WAN002,2023-10-13 18:10:00,151.2,
WAN002,2023-10-13 18:20:00,151.19,
WAN002,2023-10-13 18:30:00,151.19,
WAN002,2023-10-13 18:40:00,151.19,
WAN002,2023-10-13 18:50:00,151.18,
WAN002,2023-10-13 19:00:00,151.18,
WAN002,2023-10-13 19:10:00,151.19,
WAN002,2023-10-13 19:20:00,151.18,
WAN002,2023-10-13 19:30:00,151.17,
WAN002,2023-10-13 19:40:00,151.18,
WAN002,2023-10-13 19:50:00,151.19,
WAN002,2023-10-13 20:00:00,151.16,
WAN002,2023-10-13 20:10:00,151.16,
WAN002,2023-10-13 20:20:00,151.16,
WAN002,2023-10-13 20:30:00,151.14,
WAN002,2023-10-13 20:40:00,151.15,
WAN002,2023-10-13 20:50:00,151.17,
WAN002,2023-10-13 21:00:00,151.14,
WAN002,2023-10-13 21:10:00,151.14,
WAN002,2023-10-13 21:20:00,151.14,
WAN002,2023-10-13 21:30:00,151.14,
WAN002,2023-10-13 21:40:00,151.13,
WAN002,2023-10-13 21:50:00,151.12,
WAN002,2023-10-13 22:00:00,151.11,
WAN002,2023-10-13 22:10:00,151.11,
WAN002,2023-10-13 22:20:00,151.11,
WAN002,2023-10-13 22:30:00,151.09,
WAN002,2023-10-13 22:40:00,151.09,
WAN002,2023-10-13 22:50:00,151.1,
WAN002,2023-10-13 23:00:00,151.11,
WAN002,2023-10-13 23:10:00,151.14,
WAN002,2023-10-13 23:20:00,151.15,
WAN002,2023-10-13 23:30:00,151.16,
WAN002,2023-10-13 23:40:00,151.18,
WAN002,2023-10-13 23:50:00,151.2,
WAN002,2023-10-14 00:00:00,151.21,
WAN002,2023-10-14 00:10:00,151.22,
WAN002,2023-10-14 00:20:00,151.22,
WAN002,2023-10-14 00:30:00,151.24,
WAN002,2023-10-14 00:40:00,151.26,
WAN002,2023-10-14 00:50:00,151.26,
WAN002,2023-10-14 01:00:00,151.27,
WAN002,2023-10-14 01:10:00,151.27,
WAN002,2023-10-14 01:20:00,151.27,
WAN002,2023-10-14 01:30:00,151.28,
WAN002,2023-10-14 01:40:00,151.28,
WAN002,2023-10-14 01:50:00,151.27,
WAN002,2023-10-14 02:00:00,151.28,
WAN002,2023-10-14 02:10:00,151.28,
WAN002,2023-10-14 02:20:00,151.29,
WAN002,2023-10-14 02:30:00,151.31,
WAN002,2023-10-14 02:40:00,151.32,
WAN002,2023-10-14 02:50:00,151.33,
WAN002,2023-10-14 03:00:00,151.35,
WAN002,2023-10-14 03:10:00,151.37,
WAN002,2023-10-14 03:20:00,151.39,
WAN002,2023-10-14 03:30:00,151.42,
WAN002,2023-10-14 03:40:00,151.44,
WAN002,2023-10-14 03:50:00,151.45,
WAN002,2023-10-14 04:00:00,151.47,
WAN002,2023-10-14 04:10:00,151.49,
WAN002,2023-10-14 04:20:00,151.51,
WAN002,2023-10-14 04:30:00,151.53,
WAN002,2023-10-14 04:40:00,151.55,
WAN002,2023-10-14 04:50:00,151.56,
WAN002,2023-10-14 05:00:00,151.6,
WAN002,2023-10-14 05:10:00,151.6,
WAN002,2023-10-14 05:20:00,151.62,
WAN002,2023-10-14 05:30:00,151.63,
WAN002,2023-10-14 05:40:00,151.66,
WAN002,2023-10-14 05:50:00,151.67,
WAN002,2023-10-14 06:00:00,151.69,
WAN002,2023-10-14 06:10:00,151.7,
WAN002,2023-10-14 06:20:00,151.72,
WAN002,2023-10-14 06:30:00,151.74,
WAN002,2023-10-14 06:40:00,151.75,
WAN002,2023-10-14 06:50:00,151.76,
WAN002,2023-10-14 07:00:00,151.78,
WAN002,2023-10-14 07:10:00,151.79,
WAN002,2023-10-14 07:20:00,151.8,
WAN002,2023-10-14 07:30:00,151.82,
WAN002,2023-10-14 07:40:00,151.83,
WAN002,2023-10-14 07:50:00,151.84,
WAN002,2023-10-14 08:00:00,151.84,
WAN002,2023-10-14 08:10:00,151.88,
WAN002,2023-10-14 08:20:00,151.86,
WAN002,2023-10-14 08:30:00,151.87,
WAN002,2023-10-14 08:40:00,151.88,
WAN002,2023-10-14 08:50:00,151.88,
WAN002,2023-10-14 09:00:00,151.88,
WAN002,2023-10-14 09:10:00,151.89,
WAN002,2023-10-14 09:20:00,151.89,
WAN002,2023-10-14 09:30:00,151.9,
WAN002,2023-10-14 09:40:00,151.9,
WAN002,2023-10-14 09:50:00,151.9,
WAN002,2023-10-14 10:00:00,151.9,
WAN002,2023-10-14 10:10:00,151.9,
WAN002,2023-10-14 10:20:00,151.9,
WAN002,2023-10-14 10:30:00,151.9,
WAN002,2023-10-14 10:40:00,151.9,
WAN002,2023-10-14 10:50:00,151.9,
WAN002,2023-10-14 11:00:00,151.9,
WAN002,2023-10-14 11:10:00,151.9,
WAN002,2023-10-14 11:20:00,151.89,
WAN002,2023-10-14 11:30:00,151.9,
WAN002,2023-10-14 11:40:00,151.89,
WAN002,2023-10-14 11:50:00,151.88,
WAN002,2023-10-14 12:00:00,151.89,
WAN002,2023-10-14 12:10:00,151.88,
WAN002,2023-10-14 12:20:00,151.88,
WAN002,2023-10-14 12:30:00,151.86,
WAN002,2023-10-14 12:40:00,151.86,
WAN002,2023-10-14 12:50:00,151.86,
WAN002,2023-10-14 13:00:00,151.85,
WAN002,2023-10-14 13:10:00,151.86,
WAN002,2023-10-14 13:20:00,151.83,
WAN002,2023-10-14 13:30:00,151.84,
WAN002,2023-10-14 13:40:00,151.83,
WAN002,2023-10-14 13:50:00,151.82,
WAN002,2023-10-14 14:00:00,151.82,
WAN002,2023-10-14 14:10:00,151.81,
WAN002,2023-10-14 14:20:00,151.8,
WAN002,2023-10-14 14:30:00,151.8,
WAN002,2023-10-14 14:40:00,151.78,
WAN002,2023-10-14 14:50:00,151.78,
WAN002,2023-10-14 15:00:00,151.77,
WAN002,2023-10-14 15:10:00,151.76,
WAN002,2023-10-14 15:20:00,151.76,
WAN002,2023-10-14 15:30:00,151.75,
WAN002,2023-10-14 15:40:00,151.74,
WAN002,2023-10-14 15:50:00,151.72,
WAN002,2023-10-14 16:00:00,151.73,
WAN002,2023-10-14 16:10:00,151.71,
WAN002,2023-10-14 16:20:00,151.69,
WAN002,2023-10-14 16:30:00,151.7,
WAN002,2023-10-14 16:40:00,151.69,
WAN002,2023-10-14 16:50:00,151.67,
WAN002,2023-10-14 17:00:00,151.66,
WAN002,2023-10-14 17:10:00,151.66,
WAN002,2023-10-14 17:20:00,151.65,
WAN002,2023-10-14 17:30:00,151.64,
WAN002,2023-10-14 17:40:00,151.63,
WAN002,2023-10-14 17:50:00,151.62,
WAN002,2023-10-14 18:00:00,151.62,
WAN002,2023-10-14 18:10:00,151.6,
WAN002,2023-10-14 18:20:00,151.6,
WAN002,2023-10-14 18:30:00,151.59,
WAN002,2023-10-14 18:40:00,151.58,
WAN002,2023-10-14 18:50:00,151.57,
WAN002,2023-10-14 19:00:00,151.56,
WAN002,2023-10-14 19:10:00,151.55,
WAN002,2023-10-14 19:20:00,151.54,
WAN002,2023-10-14 19:30:00,151.54,
WAN002,2023-10-14 19:40:00,151.52,
WAN002,2023-10-14 19:50:00,151.52,
WAN002,2023-10-14 20:00:00,151.51,
WAN002,2023-10-14 20:10:00,151.5,
WAN002,2023-10-14 20:20:00,151.5,
WAN002,2023-10-14 20:30:00,151.49,
WAN002,2023-10-14 20:40:00,151.48,
WAN002,2023-10-14 20:50:00,151.47,
WAN002,2023-10-14 21:00:00,151.46,
WAN002,2023-10-14 21:10:00,151.45,
WAN002,2023-10-14 21:20:00,151.44,
WAN002,2023-10-14 21:30:00,151.44,
WAN002,2023-10-14 21:40:00,151.43,
WAN002,2023-10-14 21:50:00,151.42,
WAN002,2023-10-14 22:00:00,151.41,
WAN002,2023-10-14 22:10:00,151.4,
WAN002,2023-10-14 22:20:00,151.39,
WAN002,2023-10-14 22:30:00,151.39,
WAN002,2023-10-14 22:40:00,151.38,
WAN002,2023-10-14 22:50:00,151.37,
WAN002,2023-10-14 23:00:00,151.35,
WAN002,2023-10-14 23:10:00,151.35,
WAN002,2023-10-14 23:20:00,151.34,
WAN002,2023-10-14 23:30:00,151.33,
WAN002,2023-10-14 23:40:00,151.33,
WAN002,2023-10-14 23:50:00,151.32,
WAN002,2023-10-15 00:00:00,151.3,
WAN002,2023-10-15 00:10:00,151.3,
WAN002,2023-10-15 00:20:00,151.3,
WAN002,2023-10-15 00:30:00,151.29,
WAN002,2023-10-15 00:40:00,151.28,
WAN002,2023-10-15 00:50:00,151.27,
WAN002,2023-10-15 01:00:00,151.26,
WAN002,2023-10-15 01:10:00,151.26,
WAN002,2023-10-15 01:20:00,151.25,
WAN002,2023-10-15 01:30:00,151.25,
WAN002,2023-10-15 01:40:00,151.24,
WAN002,2023-10-15 01:50:00,151.24,
WAN002,2023-10-15 02:00:00,151.23,
WAN002,2023-10-15 02:10:00,151.22,
WAN002,2023-10-15 02:20:00,151.21,
WAN002,2023-10-15 02:30:00,151.21,
WAN002,2023-10-15 02:40:00,151.2,
WAN002,2023-10-15 02:50:00,151.2,
WAN002,2023-10-15 03:00:00,151.19,
WAN002,2023-10-15 03:10:00,151.19,
WAN002,2023-10-15 03:20:00,151.18,
WAN002,2023-10-15 03:30:00,151.17,
WAN002,2023-10-15 03:40:00,151.17,
WAN002,2023-10-15 03:50:00,151.17,
WAN002,2023-10-15 04:00:00,151.16,
WAN002,2023-10-15 04:10:00,151.16,
WAN002,2023-10-15 04:20:00,151.15,
WAN002,2023-10-15 04:30:00,151.15,
WAN002,2023-10-15 04:40:00,151.14,
WAN002,2023-10-15 04:50:00,151.13,
WAN002,2023-10-15 05:00:00,151.14,
WAN002,2023-10-15 05:10:00,151.13,
WAN002,2023-10-15 05:20:00,151.13,
WAN002,2023-10-15 05:30:00,151.12,
WAN002,2023-10-15 05:40:00,151.12,
WAN002,2023-10-15 05:50:00,151.12,
WAN002,2023-10-15 06:00:00,151.11,
WAN002,2023-10-15 06:10:00,151.11,
WAN002,2023-10-15 06:20:00,151.11,
WAN002,2023-10-15 06:30:00,151.1,
WAN002,2023-10-15 06:40:00,151.1,
WAN002,2023-10-15 06:50:00,151.1,
WAN002,2023-10-15 07:00:00,151.09,
WAN002,2023-10-15 07:10:00,151.09,
WAN002,2023-10-15 07:20:00,151.09,
WAN002,2023-10-15 07:30:00,151.09,
WAN002,2023-10-15 07:40:00,151.08,
WAN002,2023-10-15 07:50:00,151.08,
WAN002,2023-10-15 08:00:00,151.08,
WAN002,2023-10-15 08:10:00,151.07,
WAN002,2023-10-15 08:20:00,151.07,
WAN002,2023-10-15 08:30:00,151.06,
WAN002,2023-10-15 08:40:00,151.06,
WAN002,2023-10-15 08:50:00,151.07,
WAN002,2023-10-15 09:00:00,151.05,
WAN002,2023-10-15 09:10:00,151.05,
WAN002,2023-10-15 09:20:00,151.05,
WAN002,2023-10-15 09:30:00,151.05,
WAN002,2023-10-15 09:40:00,151.04,
WAN002,2023-10-15 09:50:00,151.04,
WAN002,2023-10-15 10:00:00,151.04,
WAN002,2023-10-15 10:10:00,151.04,
WAN002,2023-10-15 10:20:00,151.03,
WAN002,2023-10-15 10:30:00,151.03,
WAN002,2023-10-15 10:40:00,151.02,
WAN002,2023-10-15 10:50:00,151.02,
WAN002,2023-10-15 11:00:00,151.02,
WAN002,2023-10-15 11:10:00,151.02,
WAN002,2023-10-15 11:20:00,151.01,
WAN002,2023-10-15 11:30:00,151.01,
WAN002,2023-10-15 11:40:00,151.01,
WAN002,2023-10-15 11:50:00,151.01,
WAN002,2023-10-15 12:00:00,151.01,
WAN002,2023-10-15 12:10:00,151,
WAN002,2023-10-15 12:20:00,150.99,
WAN002,2023-10-15 12:30:00,150.99,
WAN002,2023-10-15 12:40:00,150.98,
WAN002,2023-10-15 12:50:00,150.99,
WAN002,2023-10-15 13:00:00,150.98,
WAN002,2023-10-15 13:10:00,150.97,
WAN002,2023-10-15 13:20:00,-,
WAN002,2023-10-15 13:30:00,150.97,
WAN002,2023-10-15 13:40:00,150.97,
WAN002,2023-10-15 13:50:00,150.96,
WAN002,2023-10-15 14:00:00,150.96,
WAN002,2023-10-15 14:10:00,150.95,
WAN002,2023-10-15 14:20:00,150.95,
WAN002,2023-10-15 14:30:00,150.95,
WAN002,2023-10-15 14:40:00,150.95,
WAN002,2023-10-15 14:50:00,150.94,
WAN002,2023-10-15 15:00:00,150.94,
WAN002,2023-10-15 15:10:00,150.94,
WAN002,2023-10-15 15:20:00,150.93,
WAN002,2023-10-15 15:30:00,150.93,
WAN002,2023-10-15 15:40:00,150.92,
WAN002,2023-10-15 15:50:00,150.91,
WAN002,2023-10-15 16:00:00,150.91,
WAN002,2023-10-15 16:10:00,150.91,
WAN002,2023-10-15 16:20:00,150.91,
WAN002,2023-10-15 16:30:00,150.91,
WAN002,2023-10-15 16:40:00,150.91,
WAN002,2023-10-15 16:50:00,150.9,
WAN002,2023-10-15 17:00:00,150.9,
WAN002,2023-10-15 17:10:00,150.9,
WAN002,2023-10-15 17:20:00,150.89,
WAN002,2023-10-15 17:30:00,150.89,
WAN002,2023-10-15 17:40:00,150.89,
WAN002,2023-10-15 17:50:00,150.89,
WAN002,2023-10-15 18:00:00,150.89,
WAN002,2023-10-15 18:10:00,150.88,
WAN002,2023-10-15 18:20:00,150.89,
WAN002,2023-10-15 18:30:00,150.88,
WAN002,2023-10-15 18:40:00,150.88,
WAN002,2023-10-15 18:50:00,150.88,
WAN002,2023-10-15 19:00:00,150.89,
WAN002,2023-10-15 19:10:00,150.89,
WAN002,2023-10-15 19:20:00,150.87,
WAN002,2023-10-15 19:30:00,150.89,
WAN002,2023-10-15 19:40:00,150.89,
WAN002,2023-10-15 19:50:00,150.88,
WAN002,2023-10-15 20:00:00,150.89,
WAN002,2023-10-15 20:10:00,150.89,
WAN002,2023-10-15 20:20:00,150.9,
WAN002,2023-10-15 20:30:00,150.89,
WAN002,2023-10-15 20:40:00,150.9,
WAN002,2023-10-15 20:50:00,150.89,
WAN002,2023-10-15 21:00:00,150.91,
WAN002,2023-10-15 21:10:00,150.91,
WAN002,2023-10-15 21:20:00,150.9,
WAN002,2023-10-15 21:30:00,150.91,
WAN002,2023-10-15 21:40:00,150.92,
WAN002,2023-10-15 21:50:00,150.92,
WAN002,2023-10-15 22:00:00,150.93,
WAN002,2023-10-15 22:10:00,150.93,
WAN002,2023-10-15 22:20:00,150.93,
WAN002,2023-10-15 22:30:00,150.94,
WAN002,2023-10-15 22:40:00,150.94,
WAN002,2023-10-15 22:50:00,150.95,
WAN002,2023-10-15 23:00:00,150.96,
WAN002,2023-10-15 23:10:00,150.96,
WAN002,2023-10-15 23:20:00,150.97,
WAN002,2023-10-15 23:30:00,150.98,
WAN002,2023-10-15 23:40:00,150.98,
WAN002,2023-10-15 23:50:00,150.99,
WAN002,2023-10-16 00:00:00,151.01,
WAN002,2023-10-16 00:10:00,151.02,
WAN002,2023-10-16 00:20:00,151.03,
WAN002,2023-10-16 00:30:00,151.03,
WAN002,2023-10-16 00:40:00,151.04,
WAN002,2023-10-16 00:50:00,151.04,
WAN002,2023-10-16 01:00:00,151.05,
WAN002,2023-10-16 01:10:00,151.06,
WAN002,2023-10-16 01:20:00,151.07,
WAN002,2023-10-16 01:30:00,151.07,
WAN002,2023-10-16 01:40:00,151.09,
WAN002,2023-10-16 01:50:00,151.08,
WAN002,2023-10-16 02:00:00,151.1,
WAN002,2023-10-16 02:10:00,151.11,
WAN002,2023-10-16 02:20:00,151.11,
WAN002,2023-10-16 02:30:00,151.11,
WAN002,2023-10-16 02:40:00,151.13,
WAN002,2023-10-16 02:50:00,151.12,
WAN002,2023-10-16 03:00:00,151.14,
WAN002,2023-10-16 03:10:00,151.13,
WAN002,2023-10-16 03:20:00,151.15,
WAN002,2023-10-16 03:30:00,151.15,
WAN002,2023-10-16 03:40:00,151.16,
WAN002,2023-10-16 03:50:00,151.16,
WAN002,2023-10-16 04:00:00,151.16,
WAN002,2023-10-16 04:10:00,151.17,
WAN002,2023-10-16 04:20:00,151.17,
WAN002,2023-10-16 04:30:00,151.18,
WAN002,2023-10-16 04:40:00,151.18,
WAN002,2023-10-16 04:50:00,151.17,
WAN002,2023-10-16 05:00:00,151.19,
WAN002,2023-10-16 05:10:00,151.19,
WAN002,2023-10-16 05:20:00,151.2,
WAN002,2023-10-16 05:30:00,151.2,
WAN002,2023-10-16 05:40:00,151.2,
WAN002,2023-10-16 05:50:00,151.2,
WAN002,2023-10-16 06:00:00,151.21,
WAN002,2023-10-16 06:10:00,151.2,
WAN002,2023-10-16 06:20:00,151.21,
WAN002,2023-10-16 06:30:00,151.21,
WAN002,2023-10-16 06:40:00,151.21,
WAN002,2023-10-16 06:50:00,151.21,
WAN002,2023-10-16 07:00:00,151.22,
WAN002,2023-10-16 07:10:00,151.22,
WAN002,2023-10-16 07:20:00,151.22,
WAN002,2023-10-16 07:30:00,151.22,
WAN002,2023-10-16 07:40:00,151.22,
WAN002,2023-10-16 07:50:00,151.22,
WAN002,2023-10-16 08:00:00,151.23,
WAN002,2023-10-16 08:10:00,151.22,
WAN002,2023-10-16 08:20:00,151.22,
WAN002,2023-10-16 08:30:00,151.23,
WAN002,2023-10-16 08:40:00,151.23,
WAN002,2023-10-16 08:50:00,151.22,
WAN002,2023-10-16 09:00:00,151.23,
WAN002,2023-10-16 09:10:00,151.22,
WAN002,2023-10-16 09:20:00,151.23,
WAN002,2023-10-16 09:30:00,151.23,
WAN002,2023-10-16 09:40:00,151.22,
WAN002,2023-10-16 09:50:00,151.23,
WAN002,2023-10-16 10:00:00,151.23,
WAN002,2023-10-16 10:10:00,151.22,
WAN002,2023-10-16 10:20:00,151.22,
WAN002,2023-10-16 10:30:00,151.24,
WAN002,2023-10-16 10:40:00,151.26,
WAN002,2023-10-16 10:50:00,151.25,
WAN002,2023-10-16 11:00:00,151.27,
WAN002,2023-10-16 11:10:00,151.29,
WAN002,2023-10-16 11:20:00,151.32,
WAN002,2023-10-16 11:30:00,151.33,
WAN002,2023-10-16 11:40:00,151.35,
WAN002,2023-10-16 11:50:00,151.37,
WAN002,2023-10-16 12:00:00,151.38,
WAN002,2023-10-16 12:10:00,151.39,
WAN002,2023-10-16 12:20:00,151.4,
WAN002,2023-10-16 12:30:00,151.41,
WAN002,2023-10-16 12:40:00,151.43,
WAN002,2023-10-16 12:50:00,151.43,
WAN002,2023-10-16 13:00:00,151.44,
WAN002,2023-10-16 13:10:00,151.45,
WAN002,2023-10-16 13:20:00,151.45,
WAN002,2023-10-16 13:30:00,151.46,
WAN002,2023-10-16 13:40:00,151.47,
WAN002,2023-10-16 13:50:00,151.47,
WAN002,2023-10-16 14:00:00,151.48,
WAN002,2023-10-16 14:10:00,151.49,
WAN002,2023-10-16 14:20:00,151.49,
WAN002,2023-10-16 14:30:00,151.49,
WAN002,2023-10-16 14:40:00,151.5,
WAN002,2023-10-16 14:50:00,151.51,
WAN002,2023-10-16 15:00:00,151.52,
WAN002,2023-10-16 15:10:00,151.53,
WAN002,2023-10-16 15:20:00,151.54,
WAN002,2023-10-16 15:30:00,151.55,
WAN002,2023-10-16 15:40:00,151.55,
WAN002,2023-10-16 15:50:00,151.57,
WAN002,2023-10-16 16:00:00,151.58,
WAN002,2023-10-16 16:10:00,151.59,
WAN002,2023-10-16 16:20:00,151.61,
WAN002,2023-10-16 16:30:00,151.62,
WAN002,2023-10-16 16:40:00,151.62,
WAN002,2023-10-16 16:50:00,151.63,
WAN002,2023-10-16 17:00:00,151.66,
WAN002,2023-10-16 17:10:00,151.66,
WAN002,2023-10-16 17:20:00,151.68,
WAN002,2023-10-16 17:30:00,151.69,
WAN002,2023-10-16 17:40:00,151.71,
WAN002,2023-10-16 17:50:00,151.72,
WAN002,2023-10-16 18:00:00,151.73,
WAN002,2023-10-16 18:10:00,151.75,
WAN002,2023-10-16 18:20:00,151.75,
WAN002,2023-10-16 18:30:00,151.77,
WAN002,2023-10-16 18:40:00,151.79,
WAN002,2023-10-16 18:50:00,151.8,
WAN002,2023-10-16 19:00:00,151.8,
WAN002,2023-10-16 19:10:00,151.81,
WAN002,2023-10-16 19:20:00,151.84,
WAN002,2023-10-16 19:30:00,151.83,
WAN002,2023-10-16 19:40:00,151.84,
WAN002,2023-10-16 19:50:00,151.86,
WAN002,2023-10-16 20:00:00,151.87,
WAN002,2023-10-16 20:10:00,151.88,
WAN002,2023-10-16 20:20:00,151.89,
WAN002,2023-10-16 20:30:00,151.89,
WAN002,2023-10-16 20:40:00,151.9,
WAN002,2023-10-16 20:50:00,151.92,
WAN002,2023-10-16 21:00:00,151.93,
WAN002,2023-10-16 21:10:00,151.93,
WAN002,2023-10-16 21:20:00,151.93,
WAN002,2023-10-16 21:30:00,151.94,
WAN002,2023-10-16 21:40:00,151.94,
WAN002,2023-10-16 21:50:00,151.96,
WAN002,2023-10-16 22:00:00,151.97,
WAN002,2023-10-16 22:10:00,151.96,
WAN002,2023-10-16 22:20:00,151.98,
WAN002,2023-10-16 22:30:00,151.97,
WAN002,2023-10-16 22:40:00,151.99,
WAN002,2023-10-16 22:50:00,151.98,
WAN002,2023-10-16 23:00:00,152.01,
WAN002,2023-10-16 23:10:00,152.01,
WAN002,2023-10-16 23:20:00,152,
WAN002,2023-10-16 23:30:00,152.02,
WAN002,2023-10-16 23:40:00,151.99,
WAN002,2023-10-16 23:50:00,152.02,
WAN002,2023-10-17 00:00:00,152,
WAN002,2023-10-17 00:10:00,152.03,
WAN002,2023-10-17 00:20:00,152.03,
WAN002,2023-10-17 00:30:00,152.01,
WAN002,2023-10-17 00:40:00,152.01,
WAN002,2023-10-17 00:50:00,152.01,
WAN002,2023-10-17 01:00:00,152.02,
WAN002,2023-10-17 01:10:00,152.01,
WAN002,2023-10-17 01:20:00,152.02,
WAN002,2023-10-17 01:30:00,151.99,
WAN002,2023-10-17 01:40:00,152.01,
WAN002,2023-10-17 01:50:00,152.02,
WAN002,2023-10-17 02:00:00,152.01,
WAN002,2023-10-17 02:10:00,152,
WAN002,2023-10-17 02:20:00,152.01,
WAN002,2023-10-17 02:30:00,152.02,
WAN002,2023-10-17 02:40:00,152.01,
WAN002,2023-10-17 02:50:00,152.01,
WAN002,2023-10-17 03:00:00,152.01,
WAN002,2023-10-17 03:10:00,152.01,
WAN002,2023-10-17 03:20:00,152,
WAN002,2023-10-17 03:30:00,151.99,
WAN002,2023-10-17 03:40:00,151.99,
WAN002,2023-10-17 03:50:00,152,
WAN002,2023-10-17 04:00:00,151.99,
WAN002,2023-10-17 04:10:00,151.99,
WAN002,2023-10-17 04:20:00,151.98,
WAN002,2023-10-17 04:30:00,151.99,
WAN002,2023-10-17 04:40:00,151.99,
WAN002,2023-10-17 04:50:00,151.98,
WAN002,2023-10-17 05:00:00,151.98,
WAN002,2023-10-17 05:10:00,151.98,
WAN002,2023-10-17 05:20:00,151.96,
WAN002,2023-10-17 05:30:00,151.96,
WAN002,2023-10-17 05:40:00,151.95,
WAN002,2023-10-17 05:50:00,151.94,
WAN002,2023-10-17 06:00:00,151.96,
WAN002,2023-10-17 06:10:00,151.96,
WAN002,2023-10-17 06:20:00,151.95,
WAN002,2023-10-17 06:30:00,151.94,
WAN002,2023-10-17 06:40:00,151.95,
WAN002,2023-10-17 06:50:00,151.94,
WAN002,2023-10-17 07:00:00,151.93,
WAN002,2023-10-17 07:10:00,151.92,
WAN002,2023-10-17 07:20:00,151.92,
WAN002,2023-10-17 07:30:00,151.91,
WAN002,2023-10-17 07:40:00,151.9,
WAN002,2023-10-17 07:50:00,151.89,
WAN002,2023-10-17 08:00:00,151.89,
WAN002,2023-10-17 08:10:00,151.88,
WAN002,2023-10-17 08:20:00,151.89,
WAN002,2023-10-17 08:30:00,151.87,
WAN002,2023-10-17 08:40:00,151.88,
WAN002,2023-10-17 08:50:00,151.86,
WAN002,2023-10-17 09:00:00,151.86,
WAN002,2023-10-17 09:10:00,151.87,
WAN002,2023-10-17 09:20:00,151.85,
WAN002,2023-10-17 09:30:00,151.85,
WAN002,2023-10-17 09:40:00,151.84,
WAN002,2023-10-17 09:50:00,151.83,
WAN002,2023-10-17 10:00:00,151.82,
WAN002,2023-10-17 10:10:00,151.82,
WAN002,2023-10-17 10:20:00,151.81,
WAN002,2023-10-17 10:30:00,151.78,
WAN002,2023-10-17 10:40:00,151.79,
WAN002,2023-10-17 10:50:00,151.8,
WAN002,2023-10-17 11:00:00,151.79,
WAN002,2023-10-17 11:10:00,151.78,
WAN002,2023-10-17 11:20:00,151.77,
WAN002,2023-10-17 11:30:00,151.77,
WAN002,2023-10-17 11:40:00,151.77,
WAN002,2023-10-17 11:50:00,151.75,
WAN002,2023-10-17 12:00:00,151.76,
WAN002,2023-10-17 12:10:00,151.75,
WAN002,2023-10-17 12:20:00,151.73,
WAN002,2023-10-17 12:30:00,151.74,
WAN002,2023-10-17 12:40:00,151.73,
WAN002,2023-10-17 12:50:00,151.72,
WAN002,2023-10-17 13:00:00,151.73,
WAN002,2023-10-17 13:10:00,151.71,
WAN002,2023-10-17 13:20:00,151.71,
WAN002,2023-10-17 13:30:00,151.7,
WAN002,2023-10-17 13:40:00,151.68,
WAN002,2023-10-17 13:50:00,151.68,
WAN002,2023-10-17 14:00:00,151.69,
WAN002,2023-10-17 14:10:00,151.68,
WAN002,2023-10-17 14:20:00,151.67,
WAN002,2023-10-17 14:30:00,151.68,
WAN002,2023-10-17 14:40:00,151.66,
WAN002,2023-10-17 14:50:00,151.67,
WAN002,2023-10-17 15:00:00,151.66,
WAN002,2023-10-17 15:10:00,151.66,
WAN002,2023-10-17 15:20:00,151.66,
WAN002,2023-10-17 15:30:00,151.65,
WAN002,2023-10-17 15:40:00,151.66,
WAN002,2023-10-17 15:50:00,151.63,
WAN002,2023-10-17 16:00:00,151.63,
WAN002,2023-10-17 16:10:00,151.63,
WAN002,2023-10-17 16:20:00,151.63,
WAN002,2023-10-17 16:30:00,151.63,
WAN002,2023-10-17 16:40:00,151.62,
WAN002,2023-10-17 16:50:00,151.63,
WAN002,2023-10-17 17:00:00,151.63,
WAN002,2023-10-17 17:10:00,151.61,
WAN002,2023-10-17 17:20:00,151.62,
WAN002,2023-10-17 17:30:00,151.63,
WAN002,2023-10-17 17:40:00,151.62,
WAN002,2023-10-17 17:50:00,151.62,
WAN002,2023-10-17 18:00:00,151.62,
WAN002,2023-10-17 18:10:00,151.61,
WAN002,2023-10-17 18:20:00,151.63,
WAN002,2023-10-17 18:30:00,151.62,
WAN002,2023-10-17 18:40:00,151.61,
WAN002,2023-10-17 18:50:00,151.64,
WAN002,2023-10-17 19:00:00,151.61,
WAN002,2023-10-17 19:10:00,151.63,
WAN002,2023-10-17 19:20:00,151.62,
WAN002,2023-10-17 19:30:00,151.61,
WAN002,2023-10-17 19:40:00,151.62,
WAN002,2023-10-17 19:50:00,151.63,
WAN002,2023-10-17 20:00:00,151.62,
WAN002,2023-10-17 20:10:00,151.63,
WAN002,2023-10-17 20:20:00,151.63,
WAN002,2023-10-17 20:30:00,151.64,
WAN002,2023-10-17 20:40:00,151.63,
WAN002,2023-10-17 20:50:00,151.64,
WAN002,2023-10-17 21:00:00,151.62,
WAN002,2023-10-17 21:10:00,151.65,
WAN002,2023-10-17 21:20:00,151.66,
WAN002,2023-10-17 21:30:00,151.66,
WAN002,2023-10-17 21:40:00,151.65,
WAN002,2023-10-17 21:50:00,151.66,
WAN002,2023-10-17 22:00:00,151.65,
WAN002,2023-10-17 22:10:00,151.66,
WAN002,2023-10-17 22:20:00,151.67,
WAN002,2023-10-17 22:30:00,151.67,
WAN002,2023-10-17 22:40:00,151.67,
WAN002,2023-10-17 22:50:00,151.67,
WAN002,2023-10-17 23:00:00,151.68,
WAN002,2023-10-17 23:10:00,151.69,
WAN002,2023-10-17 23:20:00,151.68,
WAN002,2023-10-17 23:30:00,151.69,
WAN002,2023-10-17 23:40:00,151.71,
WAN002,2023-10-17 23:50:00,151.7,
WAN002,2023-10-18 00:00:00,151.71,
WAN002,2023-10-18 00:10:00,151.7,
WAN002,2023-10-18 00:20:00,151.7,
WAN002,2023-10-18 00:30:00,151.73,
WAN002,2023-10-18 00:40:00,151.74,
WAN002,2023-10-18 00:50:00,151.73,
WAN002,2023-10-18 01:00:00,151.73,
WAN002,2023-10-18 01:10:00,151.72,
WAN002,2023-10-18 01:20:00,151.73,
WAN002,2023-10-18 01:30:00,151.76,
WAN002,2023-10-18 01:40:00,151.76,
WAN002,2023-10-18 01:50:00,151.76,
WAN002,2023-10-18 02:00:00,151.75,
WAN002,2023-10-18 02:10:00,151.74,
WAN002,2023-10-18 02:20:00,151.74,
WAN002,2023-10-18 02:30:00,151.78,
WAN002,2023-10-18 02:40:00,151.77,
WAN002,2023-10-18 02:50:00,151.78,
WAN002,2023-10-18 03:00:00,151.77,
WAN002,2023-10-18 03:10:00,151.79,
WAN002,2023-10-18 03:20:00,151.78,
WAN002,2023-10-18 03:30:00,151.79,
WAN002,2023-10-18 03:40:00,151.79,
WAN002,2023-10-18 03:50:00,151.8,
WAN002,2023-10-18 04:00:00,151.8,
WAN002,2023-10-18 04:10:00,151.81,
WAN002,2023-10-18 04:20:00,151.81,
WAN002,2023-10-18 04:30:00,151.83,
WAN002,2023-10-18 04:40:00,151.82,
WAN002,2023-10-18 04:50:00,151.84,
WAN002,2023-10-18 05:00:00,151.83,
WAN002,2023-10-18 05:10:00,151.84,
WAN002,2023-10-18 05:20:00,151.82,
WAN002,2023-10-18 05:30:00,151.83,
WAN002,2023-10-18 05:40:00,151.82,
WAN002,2023-10-18 05:50:00,151.83,
WAN002,2023-10-18 06:00:00,151.82,
WAN002,2023-10-18 06:10:00,151.84,
WAN002,2023-10-18 06:20:00,151.83,
WAN002,2023-10-18 06:30:00,151.84,
WAN002,2023-10-18 06:40:00,151.84,
WAN002,2023-10-18 06:50:00,151.84,
WAN002,2023-10-18 07:00:00,151.84,
WAN002,2023-10-18 07:10:00,151.85,
WAN002,2023-10-18 07:20:00,151.84,
WAN002,2023-10-18 07:30:00,151.84,
WAN002,2023-10-18 07:40:00,151.84,
WAN002,2023-10-18 07:50:00,151.83,
WAN002,2023-10-18 08:00:00,151.84,
WAN002,2023-10-18 08:10:00,151.84,
WAN002,2023-10-18 08:20:00,151.84,
WAN002,2023-10-18 08:30:00,151.84,
WAN002,2023-10-18 08:40:00,151.85,
WAN002,2023-10-18 08:50:00,151.84,
WAN002,2023-10-18 09:00:00,151.85,
WAN002,2023-10-18 09:10:00,151.85,
WAN002,2023-10-18 09:20:00,151.84,
WAN002,2023-10-18 09:30:00,151.83,
WAN002,2023-10-18 09:40:00,151.83,
WAN002,2023-10-18 09:50:00,151.83,
WAN002,2023-10-18 10:00:00,151.83,
WAN002,2023-10-18 10:10:00,151.83,
WAN002,2023-10-18 10:20:00,151.82,
WAN002,2023-10-18 10:30:00,151.81,
WAN002,2023-10-18 10:40:00,151.81,
WAN002,2023-10-18 10:50:00,151.81,
WAN002,2023-10-18 11:00:00,151.82,
WAN002,2023-10-18 11:10:00,151.79,
WAN002,2023-10-18 11:20:00,151.79,
WAN002,2023-10-18 11:30:00,151.8,
WAN002,2023-10-18 11:40:00,151.79,
WAN002,2023-10-18 11:50:00,151.78,
WAN002,2023-10-18 12:00:00,151.78,
WAN002,2023-10-18 12:10:00,151.77,
WAN002,2023-10-18 12:20:00,151.78,
WAN002,2023-10-18 12:30:00,151.77,
WAN002,2023-10-18 12:40:00,151.77,
WAN002,2023-10-18 12:50:00,151.76,
WAN002,2023-10-18 13:00:00,151.76,
WAN002,2023-10-18 13:10:00,151.75,
WAN002,2023-10-18 13:20:00,151.75,
WAN002,2023-10-18 13:30:00,151.75,
WAN002,2023-10-18 13:40:00,151.73,
WAN002,2023-10-18 13:50:00,151.74,
WAN002,2023-10-18 14:00:00,151.73,
WAN002,2023-10-18 14:10:00,151.72,
WAN002,2023-10-18 14:20:00,151.72,
WAN002,2023-10-18 14:30:00,151.7,
WAN002,2023-10-18 14:40:00,151.7,
WAN002,2023-10-18 14:50:00,151.68,
WAN002,2023-10-18 15:00:00,151.7,
WAN002,2023-10-18 15:10:00,151.69,
WAN002,2023-10-18 15:20:00,151.67,
WAN002,2023-10-18 15:30:00,151.66,
WAN002,2023-10-18 15:40:00,151.66,
WAN002,2023-10-18 15:50:00,151.64,
WAN002,2023-10-18 16:00:00,151.65,
WAN002,2023-10-18 16:10:00,151.64,
WAN002,2023-10-18 16:20:00,151.63,
WAN002,2023-10-18 16:30:00,151.62,
WAN002,2023-10-18 16:40:00,151.6,
WAN002,2023-10-18 16:50:00,151.6,
WAN002,2023-10-18 17:00:00,151.59,
WAN002,2023-10-18 17:10:00,151.59,
WAN002,2023-10-18 17:20:00,151.57,
WAN002,2023-10-18 17:30:00,151.57,
WAN002,2023-10-18 17:40:00,151.56,
WAN002,2023-10-18 17:50:00,151.55,
WAN002,2023-10-18 18:00:00,151.55,
WAN002,2023-10-18 18:10:00,151.53,
WAN002,2023-10-18 18:20:00,151.52,
WAN002,2023-10-18 18:30:00,151.51,
WAN002,2023-10-18 18:40:00,151.5,
WAN002,2023-10-18 18:50:00,151.5,
WAN002,2023-10-18 19:00:00,151.48,
WAN002,2023-10-18 19:10:00,151.47,
WAN002,2023-10-18 19:20:00,151.45,
WAN002,2023-10-18 19:30:00,151.45,
WAN002,2023-10-18 19:40:00,151.43,
WAN002,2023-10-18 19:50:00,151.43,
WAN002,2023-10-18 20:00:00,151.41,
WAN002,2023-10-18 20:10:00,151.4,
WAN002,2023-10-18 20:20:00,151.38,
WAN002,2023-10-18 20:30:00,151.39,
WAN002,2023-10-18 20:40:00,151.36,
WAN002,2023-10-18 20:50:00,151.35,
WAN002,2023-10-18 21:00:00,151.34,
WAN002,2023-10-18 21:10:00,151.33,
WAN002,2023-10-18 21:20:00,151.32,
WAN002,2023-10-18 21:30:00,151.31,
WAN002,2023-10-18 21:40:00,151.3,
WAN002,2023-10-18 21:50:00,151.27,
WAN002,2023-10-18 22:00:00,151.26,
WAN002,2023-10-18 22:10:00,151.25,
WAN002,2023-10-18 22:20:00,151.23,
WAN002,2023-10-18 22:30:00,151.23,
WAN002,2023-10-18 22:40:00,151.21,
WAN002,2023-10-18 22:50:00,151.2,
WAN002,2023-10-18 23:00:00,151.18,
WAN002,2023-10-18 23:10:00,151.17,
WAN002,2023-10-18 23:20:00,151.16,
WAN002,2023-10-18 23:30:00,151.14,
WAN002,2023-10-18 23:40:00,151.13,
WAN002,2023-10-18 23:50:00,151.12,
WAN002,2023-10-19 00:00:00,151.11,
WAN002,2023-10-19 00:10:00,151.09,
WAN002,2023-10-19 00:20:00,151.07,
WAN002,2023-10-19 00:30:00,151.06,
WAN002,2023-10-19 00:40:00,151.05,
WAN002,2023-10-19 00:50:00,151.03,
WAN002,2023-10-19 01:00:00,151.02,
WAN002,2023-10-19 01:10:00,151,
WAN002,2023-10-19 01:20:00,151,
WAN002,2023-10-19 01:30:00,150.96,
WAN002,2023-10-19 01:40:00,150.96,
WAN002,2023-10-19 01:50:00,150.96,
WAN002,2023-10-19 02:00:00,150.93,
WAN002,2023-10-19 02:10:00,150.92,
WAN002,2023-10-19 02:20:00,150.91,
WAN002,2023-10-19 02:30:00,150.89,
WAN002,2023-10-19 02:40:00,150.87,
WAN002,2023-10-19 02:50:00,150.87,
WAN002,2023-10-19 03:00:00,150.85,
WAN002,2023-10-19 03:10:00,150.83,
WAN002,2023-10-19 03:20:00,150.83,
WAN002,2023-10-19 03:30:00,150.81,
WAN002,2023-10-19 03:40:00,150.8,
WAN002,2023-10-19 03:50:00,150.79,
WAN002,2023-10-19 04:00:00,150.78,
WAN002,2023-10-19 04:10:00,150.75,
WAN002,2023-10-19 04:20:00,150.75,
WAN002,2023-10-19 04:30:00,150.73,
WAN002,2023-10-19 04:40:00,150.72,
WAN002,2023-10-19 04:50:00,150.7,
WAN002,2023-10-19 05:00:00,150.7,
WAN002,2023-10-19 05:10:00,150.68,
WAN002,2023-10-19 05:20:00,150.66,
WAN002,2023-10-19 05:30:00,150.65,
WAN002,2023-10-19 05:40:00,150.64,
WAN002,2023-10-19 05:50:00,150.63,
WAN002,2023-10-19 06:00:00,150.62,
WAN002,2023-10-19 06:10:00,150.6,
WAN002,2023-10-19 06:20:00,150.59,
WAN002,2023-10-19 06:30:00,150.57,
WAN002,2023-10-19 06:40:00,150.57,
WAN002,2023-10-19 06:50:00,150.56,
WAN002,2023-10-19 07:00:00,150.54,
WAN002,2023-10-19 07:10:00,150.53,
WAN002,2023-10-19 07:20:00,150.53,
WAN002,2023-10-19 07:30:00,150.51,
WAN002,2023-10-19 07:40:00,150.49,
WAN002,2023-10-19 07:50:00,150.48,
WAN002,2023-10-19 08:00:00,150.47,
WAN002,2023-10-19 08:10:00,150.46,
WAN002,2023-10-19 08:20:00,150.45,
WAN002,2023-10-19 08:30:00,150.44,
WAN002,2023-10-19 08:40:00,150.42,
WAN002,2023-10-19 08:50:00,150.41,
WAN002,2023-10-19 09:00:00,150.41,
WAN002,2023-10-19 09:10:00,150.4,
WAN002,2023-10-19 09:20:00,150.38,
WAN002,2023-10-19 09:30:00,150.37,
WAN002,2023-10-19 09:40:00,150.35,
WAN002,2023-10-19 09:50:00,150.34,
WAN002,2023-10-19 10:00:00,150.34,
WAN002,2023-10-19 10:10:00,150.32,
WAN002,2023-10-19 10:20:00,150.28,
WAN002,2023-10-19 10:30:00,150.3,
WAN002,2023-10-19 10:40:00,150.29,
WAN002,2023-10-19 10:50:00,150.28,
WAN002,2023-10-19 11:00:00,150.25,
WAN002,2023-10-19 11:10:00,150.25,
WAN002,2023-10-19 11:20:00,150.25,
WAN002,2023-10-19 11:30:00,150.24,
WAN002,2023-10-19 11:40:00,150.23,
WAN002,2023-10-19 11:50:00,150.23,
WAN002,2023-10-19 12:00:00,150.2,
WAN002,2023-10-19 12:10:00,150.2,
WAN002,2023-10-19 12:20:00,150.19,
WAN002,2023-10-19 12:30:00,150.17,
WAN002,2023-10-19 12:40:00,150.16,
WAN002,2023-10-19 12:50:00,150.15,
WAN002,2023-10-19 13:00:00,150.13,
WAN002,2023-10-19 13:10:00,150.14,
WAN002,2023-10-19 13:20:00,150.13,
WAN002,2023-10-19 13:30:00,150.12,
WAN002,2023-10-19 13:40:00,150.11,
WAN002,2023-10-19 13:50:00,150.1,
WAN002,2023-10-19 14:00:00,150.1,
WAN002,2023-10-19 14:10:00,150.09,
WAN002,2023-10-19 14:20:00,150.07,
WAN002,2023-10-19 14:30:00,150.07,
WAN002,2023-10-19 14:40:00,150.05,
WAN002,2023-10-19 14:50:00,150.05,
WAN002,2023-10-19 15:00:00,150.05,
WAN002,2023-10-19 15:10:00,150.03,
WAN002,2023-10-19 15:20:00,150.03,
WAN002,2023-10-19 15:30:00,150.01,
WAN002,2023-10-19 15:40:00,150.01,
WAN002,2023-10-19 15:50:00,149.99,
WAN002,2023-10-19 16:00:00,149.98,
WAN002,2023-10-19 16:10:00,149.98,
WAN002,2023-10-19 16:20:00,149.96,
WAN002,2023-10-19 16:30:00,149.97,
WAN002,2023-10-19 16:40:00,149.95,
WAN002,2023-10-19 16:50:00,149.96,
WAN002,2023-10-19 17:00:00,149.95,
WAN002,2023-10-19 17:10:00,149.93,
WAN002,2023-10-19 17:20:00,149.93,
WAN002,2023-10-19 17:30:00,149.92,
WAN002,2023-10-19 17:40:00,149.91,
WAN002,2023-10-19 17:50:00,149.9,
WAN002,2023-10-19 18:00:00,149.9,
WAN002,2023-10-19 18:10:00,149.89,
WAN002,2023-10-19 18:20:00,149.88,
WAN002,2023-10-19 18:30:00,149.88,
WAN002,2023-10-19 18:40:00,149.86,
WAN002,2023-10-19 18:50:00,149.86,
WAN002,2023-10-19 19:00:00,149.85,
WAN002,2023-10-19 19:10:00,149.85,
WAN002,2023-10-19 19:20:00,149.84,
WAN002,2023-10-19 19:30:00,149.83,
WAN002,2023-10-19 19:40:00,149.82,
WAN002,2023-10-19 19:50:00,149.82,
WAN002,2023-10-19 20:00:00,149.8,
WAN002,2023-10-19 20:10:00,149.81,
WAN002,2023-10-19 20:20:00,149.8,
WAN002,2023-10-19 20:30:00,149.79,
WAN002,2023-10-19 20:40:00,149.78,
WAN002,2023-10-19 20:50:00,149.77,
WAN002,2023-10-19 21:00:00,149.76,
WAN002,2023-10-19 21:10:00,149.76,
WAN002,2023-10-19 21:20:00,149.75,
WAN002,2023-10-19 21:30:00,149.74,
WAN002,2023-10-19 21:40:00,149.73,
WAN002,2023-10-19 21:50:00,149.74,
WAN002,2023-10-19 22:00:00,149.72,
WAN002,2023-10-19 22:10:00,149.72,
WAN002,2023-10-19 22:20:00,149.71,
WAN002,2023-10-19 22:30:00,149.7,
WAN002,2023-10-19 22:40:00,149.7,
WAN002,2023-10-19 22:50:00,149.69,
WAN002,2023-10-19 23:00:00,149.68,
WAN002,2023-10-19 23:10:00,149.67,
WAN002,2023-10-19 23:20:00,149.67,
WAN002,2023-10-19 23:30:00,149.66,
WAN002,2023-10-19 23:40:00,149.65,
WAN002,2023-10-19 23:50:00,149.64,
WAN002,2023-10-20 00:00:00,149.63,
WAN002,2023-10-20 00:10:00,149.64,
WAN002,2023-10-20 00:20:00,149.62,
WAN002,2023-10-20 00:30:00,149.61,
WAN002,2023-10-20 00:40:00,149.6,
WAN002,2023-10-20 00:50:00,149.61,
WAN002,2023-10-20 01:00:00,149.59,
WAN002,2023-10-20 01:10:00,149.58,
WAN002,2023-10-20 01:20:00,149.59,
WAN002,2023-10-20 01:30:00,149.57,
WAN002,2023-10-20 01:40:00,149.57,
WAN002,2023-10-20 01:50:00,149.56,
WAN002,2023-10-20 02:00:00,149.55,
WAN002,2023-10-20 02:10:00,149.55,
WAN002,2023-10-20 02:20:00,149.54,
WAN002,2023-10-20 02:30:00,149.53,
WAN002,2023-10-20 02:40:00,149.51,
WAN002,2023-10-20 02:50:00,149.53,
WAN002,2023-10-20 03:00:00,149.52,
WAN002,2023-10-20 03:10:00,149.49,
WAN002,2023-10-20 03:20:00,149.5,
WAN002,2023-10-20 03:30:00,149.5,
WAN002,2023-10-20 03:40:00,149.49,
WAN002,2023-10-20 03:50:00,149.48,
WAN002,2023-10-20 04:00:00,149.47,
WAN002,2023-10-20 04:10:00,149.45,
WAN002,2023-10-20 04:20:00,149.46,
WAN002,2023-10-20 04:30:00,149.45,
WAN002,2023-10-20 04:40:00,149.44,
WAN002,2023-10-20 04:50:00,149.44,
WAN002,2023-10-20 05:00:00,149.42,
WAN002,2023-10-20 05:10:00,149.42,
WAN002,2023-10-20 05:20:00,149.42,
WAN002,2023-10-20 05:30:00,149.4,
WAN002,2023-10-20 05:40:00,149.4,
WAN002,2023-10-20 05:50:00,149.39,
WAN002,2023-10-20 06:00:00,149.39,
WAN002,2023-10-20 06:10:00,149.39,
WAN002,2023-10-20 06:20:00,149.38,
WAN002,2023-10-20 06:30:00,149.37,
WAN002,2023-10-20 06:40:00,149.36,
WAN002,2023-10-20 06:50:00,149.36,
WAN002,2023-10-20 07:00:00,149.35,
WAN002,2023-10-20 07:10:00,149.33,
WAN002,2023-10-20 07:20:00,149.33,
WAN002,2023-10-20 07:30:00,149.33,
WAN002,2023-10-20 07:40:00,149.33,
WAN002,2023-10-20 07:50:00,149.31,
WAN002,2023-10-20 08:00:00,149.3,
WAN002,2023-10-20 08:10:00,149.3,
WAN002,2023-10-20 08:20:00,149.3,
WAN002,2023-10-20 08:30:00,149.29,
WAN002,2023-10-20 08:40:00,149.27,
WAN002,2023-10-20 08:50:00,149.27,
WAN002,2023-10-20 09:00:00,149.27,
WAN002,2023-10-20 09:10:00,149.26,
WAN002,2023-10-20 09:20:00,149.25,
WAN002,2023-10-20 09:30:00,149.25,
WAN002,2023-10-20 09:40:00,149.25,
WAN002,2023-10-20 09:50:00,149.23,
WAN002,2023-10-20 10:00:00,149.22,
WAN002,2023-10-20 10:10:00,149.22,
WAN002,2023-10-20 10:20:00,149.21,
WAN002,2023-10-20 10:30:00,149.21,
WAN002,2023-10-20 10:40:00,149.19,
WAN002,2023-10-20 10:50:00,149.19,
WAN002,2023-10-20 11:00:00,149.18,
WAN002,2023-10-20 11:10:00,149.17,
WAN002,2023-10-20 11:20:00,149.18,
WAN002,2023-10-20 11:30:00,149.16,
WAN002,2023-10-20 11:40:00,149.16,
WAN002,2023-10-20 11:50:00,149.15,
WAN002,2023-10-20 12:00:00,149.15,
WAN002,2023-10-20 12:10:00,149.14,
WAN002,2023-10-20 12:20:00,149.14,
WAN002,2023-10-20 12:30:00,149.13,
WAN002,2023-10-20 12:40:00,149.12,
WAN002,2023-10-20 12:50:00,149.12,
WAN002,2023-10-20 13:00:00,149.11,
WAN002,2023-10-20 13:10:00,149.1,
WAN002,2023-10-20 13:20:00,149.09,
WAN002,2023-10-20 13:30:00,149.09,
WAN002,2023-10-20 13:40:00,149.09,
WAN002,2023-10-20 13:50:00,149.08,
WAN002,2023-10-20 14:00:00,149.07,
WAN002,2023-10-20 14:10:00,149.07,
WAN002,2023-10-20 14:20:00,149.05,
WAN002,2023-10-20 14:30:00,149.05,
WAN002,2023-10-20 14:40:00,149.05,
WAN002,2023-10-20 14:50:00,149.05,
WAN002,2023-10-20 15:00:00,149.03,
WAN002,2023-10-20 15:10:00,149.03,
WAN002,2023-10-20 15:20:00,149.03,
WAN002,2023-10-20 15:30:00,149.02,
WAN002,2023-10-20 15:40:00,149.01,
WAN002,2023-10-20 15:50:00,149.01,
WAN002,2023-10-20 16:00:00,149,
WAN002,2023-10-20 16:10:00,149,
WAN002,2023-10-20 16:20:00,148.99,
WAN002,2023-10-20 16:30:00,148.99,
WAN002,2023-10-20 16:40:00,148.99,
WAN002,2023-10-20 16:50:00,148.97,
WAN002,2023-10-20 17:00:00,148.97,
WAN002,2023-10-20 17:10:00,148.96,
WAN002,2023-10-20 17:20:00,148.96,
WAN002,2023-10-20 17:30:00,148.96,
WAN002,2023-10-20 17:40:00,148.95,
WAN002,2023-10-20 17:50:00,148.95,
WAN002,2023-10-20 18:00:00,148.94,
WAN002,2023-10-20 18:10:00,148.93,
WAN002,2023-10-20 18:20:00,148.92,
WAN002,2023-10-20 18:30:00,148.93,
WAN002,2023-10-20 18:40:00,148.92,
WAN002,2023-10-20 18:50:00,148.91,
WAN002,2023-10-20 19:00:00,148.91,
WAN002,2023-10-20 19:10:00,148.89,
WAN002,2023-10-20 19:20:00,148.89,
WAN002,2023-10-20 19:30:00,148.9,
WAN002,2023-10-20 19:40:00,148.89,
WAN002,2023-10-20 19:50:00,148.88,
WAN002,2023-10-20 20:00:00,148.88,
WAN002,2023-10-20 20:10:00,148.87,
WAN002,2023-10-20 20:20:00,148.87,
WAN002,2023-10-20 20:30:00,148.86,
WAN002,2023-10-20 20:40:00,148.86,
WAN002,2023-10-20 20:50:00,148.84,
WAN002,2023-10-20 21:00:00,148.84,
WAN002,2023-10-20 21:10:00,148.84,
WAN002,2023-10-20 21:20:00,148.85,
WAN002,2023-10-20 21:30:00,148.83,
WAN002,2023-10-20 21:40:00,148.83,
WAN002,2023-10-20 21:50:00,148.83,
WAN002,2023-10-20 22:00:00,148.81,
WAN002,2023-10-20 22:10:00,148.82,
WAN002,2023-10-20 22:20:00,148.81,
WAN002,2023-10-20 22:30:00,148.81,
WAN002,2023-10-20 22:40:00,148.79,
WAN002,2023-10-20 22:50:00,148.8,
WAN002,2023-10-20 23:00:00,148.8,
WAN002,2023-10-20 23:10:00,148.8,
WAN002,2023-10-20 23:20:00,148.8,
WAN002,2023-10-20 23:30:00,148.79,
WAN002,2023-10-20 23:40:00,148.79,
WAN002,2023-10-20 23:50:00,148.79,
WAN002,2023-10-21 00:00:00,148.8,
WAN002,2023-10-21 00:10:00,148.8,
WAN002,2023-10-21 00:20:00,148.79,
WAN002,2023-10-21 00:30:00,148.78,
WAN002,2023-10-21 00:40:00,148.79,
WAN002,2023-10-21 00:50:00,148.78,
WAN002,2023-10-21 01:00:00,148.78,
WAN002,2023-10-21 01:10:00,148.78,
WAN002,2023-10-21 01:20:00,148.77,
WAN002,2023-10-21 01:30:00,148.78,
WAN002,2023-10-21 01:40:00,148.77,
WAN002,2023-10-21 01:50:00,148.76,
WAN002,2023-10-21 02:00:00,148.76,
WAN002,2023-10-21 02:10:00,148.76,
WAN002,2023-10-21 02:20:00,148.75,
WAN002,2023-10-21 02:30:00,148.75,
WAN002,2023-10-21 02:40:00,148.75,
WAN002,2023-10-21 02:50:00,148.75,
WAN002,2023-10-21 03:00:00,148.74,
WAN002,2023-10-21 03:10:00,148.74,
WAN002,2023-10-21 03:20:00,148.74,
WAN002,2023-10-21 03:30:00,148.73,
WAN002,2023-10-21 03:40:00,148.73,
WAN002,2023-10-21 03:50:00,148.71,
WAN002,2023-10-21 04:00:00,148.72,
WAN002,2023-10-21 04:10:00,148.73,
WAN002,2023-10-21 04:20:00,148.73,
WAN002,2023-10-21 04:30:00,148.73,
WAN002,2023-10-21 04:40:00,148.73,
WAN002,2023-10-21 04:50:00,148.71,
WAN002,2023-10-21 05:00:00,148.72,
WAN002,2023-10-21 05:10:00,148.73,
WAN002,2023-10-21 05:20:00,148.71,
WAN002,2023-10-21 05:30:00,148.73,
WAN002,2023-10-21 05:40:00,148.71,
WAN002,2023-10-21 05:50:00,148.71,
WAN002,2023-10-21 06:00:00,148.73,
WAN002,2023-10-21 06:10:00,148.73,
WAN002,2023-10-21 06:20:00,148.73,
WAN002,2023-10-21 06:30:00,148.72,
WAN002,2023-10-21 06:40:00,148.71,
WAN002,2023-10-21 06:50:00,148.73,
WAN002,2023-10-21 07:00:00,148.72,
WAN002,2023-10-21 07:10:00,148.73,
WAN002,2023-10-21 07:20:00,148.73,
WAN002,2023-10-21 07:30:00,148.73,
WAN002,2023-10-21 07:40:00,148.73,
WAN002,2023-10-21 07:50:00,148.74,
WAN002,2023-10-21 08:00:00,148.73,
WAN002,2023-10-21 08:10:00,148.74,
WAN002,2023-10-21 08:20:00,148.74,
WAN002,2023-10-21 08:30:00,148.74,
WAN002,2023-10-21 08:40:00,148.73,
WAN002,2023-10-21 08:50:00,148.75,
WAN002,2023-10-21 09:00:00,148.76,
WAN002,2023-10-21 09:10:00,148.76,
WAN002,2023-10-21 09:20:00,148.76,
WAN002,2023-10-21 09:30:00,148.76,
WAN002,2023-10-21 09:40:00,148.77,
WAN002,2023-10-21 09:50:00,148.77,
WAN002,2023-10-21 10:00:00,148.77,
WAN002,2023-10-21 10:10:00,148.78,
WAN002,2023-10-21 10:20:00,148.79,
WAN002,2023-10-21 10:30:00,148.8,
WAN002,2023-10-21 10:40:00,148.78,
WAN002,2023-10-21 10:50:00,148.8,
WAN002,2023-10-21 11:00:00,148.81,
WAN002,2023-10-21 11:10:00,148.82,
WAN002,2023-10-21 11:20:00,148.82,
WAN002,2023-10-21 11:30:00,148.82,
WAN002,2023-10-21 11:40:00,148.81,
WAN002,2023-10-21 11:50:00,148.83,
WAN002,2023-10-21 12:00:00,148.83,
WAN002,2023-10-21 12:10:00,148.84,
WAN002,2023-10-21 12:20:00,148.83,
WAN002,2023-10-21 12:30:00,148.83,
WAN002,2023-10-21 12:40:00,148.84,
WAN002,2023-10-21 12:50:00,148.84,
WAN002,2023-10-21 13:00:00,148.84,
WAN002,2023-10-21 13:10:00,148.84,
WAN002,2023-10-21 13:20:00,148.84,
WAN002,2023-10-21 13:30:00,148.83,
WAN002,2023-10-21 13:40:00,148.84,
WAN002,2023-10-21 13:50:00,148.84,
WAN002,2023-10-21 14:00:00,148.85,
WAN002,2023-10-21 14:10:00,148.84,
WAN002,2023-10-21 14:20:00,148.83,
WAN002,2023-10-21 14:30:00,148.84,
WAN002,2023-10-21 14:40:00,148.85,
WAN002,2023-10-21 14:50:00,148.84,
WAN002,2023-10-21 15:00:00,148.85,
WAN002,2023-10-21 15:10:00,148.84,
WAN002,2023-10-21 15:20:00,148.85,
WAN002,2023-10-21 15:30:00,148.84,
WAN002,2023-10-21 15:40:00,148.85,
WAN002,2023-10-21 15:50:00,148.84,
WAN002,2023-10-21 16:00:00,148.86,
WAN002,2023-10-21 16:10:00,148.85,
WAN002,2023-10-21 16:20:00,148.86,
WAN002,2023-10-21 16:30:00,148.85,
WAN002,2023-10-21 16:40:00,148.87,
WAN002,2023-10-21 16:50:00,148.87,
WAN002,2023-10-21 17:00:00,148.88,
WAN002,2023-10-21 17:10:00,148.89,
WAN002,2023-10-21 17:20:00,148.9,
WAN002,2023-10-21 17:30:00,148.91,
WAN002,2023-10-21 17:40:00,148.91,
WAN002,2023-10-21 17:50:00,148.93,
WAN002,2023-10-21 18:00:00,148.94,
WAN002,2023-10-21 18:10:00,148.95,
WAN002,2023-10-21 18:20:00,148.97,
WAN002,2023-10-21 18:30:00,148.97,
WAN002,2023-10-21 18:40:00,148.97,
WAN002,2023-10-21 18:50:00,148.98,
WAN002,2023-10-21 19:00:00,149,
WAN002,2023-10-21 19:10:00,149.01,
WAN002,2023-10-21 19:20:00,149.03,
WAN002,2023-10-21 19:30:00,149.04,
WAN002,2023-10-21 19:40:00,149.04,
WAN002,2023-10-21 19:50:00,149.05,
WAN002,2023-10-21 20:00:00,149.06,
WAN002,2023-10-21 20:10:00,149.07,
WAN002,2023-10-21 20:20:00,149.08,
WAN002,2023-10-21 20:30:00,149.08,
WAN002,2023-10-21 20:40:00,149.1,
WAN002,2023-10-21 20:50:00,149.09,
WAN002,2023-10-21 21:00:00,149.11,
WAN002,2023-10-21 21:10:00,149.12,
WAN002,2023-10-21 21:20:00,149.13,
WAN002,2023-10-21 21:30:00,149.12,
WAN002,2023-10-21 21:40:00,149.13,
WAN002,2023-10-21 21:50:00,149.14,
WAN002,2023-10-21 22:00:00,149.15,
WAN002,2023-10-21 22:10:00,149.14,
WAN002,2023-10-21 22:20:00,149.15,
WAN002,2023-10-21 22:30:00,149.15,
WAN002,2023-10-21 22:40:00,149.17,
WAN002,2023-10-21 22:50:00,149.16,
WAN002,2023-10-21 23:00:00,149.16,
WAN002,2023-10-21 23:10:00,149.16,
WAN002,2023-10-21 23:20:00,149.17,
WAN002,2023-10-21 23:30:00,149.16,
WAN002,2023-10-21 23:40:00,149.16,
WAN002,2023-10-21 23:50:00,149.16,
WAN002,2023-10-22 00:00:00,149.17,
WAN002,2023-10-22 00:10:00,149.16,
WAN002,2023-10-22 00:20:00,149.16,
WAN002,2023-10-22 00:30:00,149.16,
WAN002,2023-10-22 00:40:00,149.16,
WAN002,2023-10-22 00:50:00,149.15,
WAN002,2023-10-22 01:00:00,149.16,
WAN002,2023-10-22 01:10:00,149.16,
WAN002,2023-10-22 01:20:00,149.17,
WAN002,2023-10-22 01:30:00,149.15,
WAN002,2023-10-22 01:40:00,149.16,
WAN002,2023-10-22 01:50:00,149.14,
WAN002,2023-10-22 02:00:00,149.15,
WAN002,2023-10-22 02:10:00,149.15,
WAN002,2023-10-22 02:20:00,149.14,
WAN002,2023-10-22 02:30:00,149.13,
WAN002,2023-10-22 02:40:00,149.14,
WAN002,2023-10-22 02:50:00,149.14,
WAN002,2023-10-22 03:00:00,149.14,
WAN002,2023-10-22 03:10:00,149.14,
WAN002,2023-10-22 03:20:00,149.12,
WAN002,2023-10-22 03:30:00,149.13,
WAN002,2023-10-22 03:40:00,149.13,
WAN002,2023-10-22 03:50:00,149.13,
WAN002,2023-10-22 04:00:00,149.13,
WAN002,2023-10-22 04:10:00,149.13,
WAN002,2023-10-22 04:20:00,149.13,
WAN002,2023-10-22 04:30:00,149.13,
WAN002,2023-10-22 04:40:00,149.13,
WAN002,2023-10-22 04:50:00,149.13,
WAN002,2023-10-22 05:00:00,149.13,
WAN002,2023-10-22 05:10:00,149.14,
WAN002,2023-10-22 05:20:00,149.14,
WAN002,2023-10-22 05:30:00,149.13,
WAN002,2023-10-22 05:40:00,149.15,
WAN002,2023-10-22 05:50:00,149.14,
WAN002,2023-10-22 06:00:00,149.15,
WAN002,2023-10-22 06:10:00,149.14,
WAN002,2023-10-22 06:20:00,149.14,
WAN002,2023-10-22 06:30:00,149.15,
WAN002,2023-10-22 06:40:00,149.16,
WAN002,2023-10-22 06:50:00,149.16,
WAN002,2023-10-22 07:00:00,149.18,
WAN002,2023-10-22 07:10:00,149.19,
WAN002,2023-10-22 07:20:00,149.19,
WAN002,2023-10-22 07:30:00,149.19,
WAN002,2023-10-22 07:40:00,149.2,
WAN002,2023-10-22 07:50:00,149.2,
WAN002,2023-10-22 08:00:00,149.23,
WAN002,2023-10-22 08:10:00,149.23,
WAN002,2023-10-22 08:20:00,149.23,
WAN002,2023-10-22 08:30:00,149.25,
WAN002,2023-10-22 08:40:00,149.26,
WAN002,2023-10-22 08:50:00,149.27,
WAN002,2023-10-22 09:00:00,149.28,
WAN002,2023-10-22 09:10:00,149.29,
WAN002,2023-10-22 09:20:00,149.32,
WAN002,2023-10-22 09:30:00,149.32,
WAN002,2023-10-22 09:40:00,149.34,
WAN002,2023-10-22 09:50:00,149.35,
WAN002,2023-10-22 10:00:00,149.36,
WAN002,2023-10-22 10:10:00,149.37,
WAN002,2023-10-22 10:20:00,149.38,
WAN002,2023-10-22 10:30:00,149.4,
WAN002,2023-10-22 10:40:00,149.4,
WAN002,2023-10-22 10:50:00,149.42,
WAN002,2023-10-22 11:00:00,149.44,
WAN002,2023-10-22 11:10:00,149.45,
WAN002,2023-10-22 11:20:00,149.46,
WAN002,2023-10-22 11:30:00,149.47,
WAN002,2023-10-22 11:40:00,149.48,
WAN002,2023-10-22 11:50:00,149.49,
WAN002,2023-10-22 12:00:00,149.51,
WAN002,2023-10-22 12:10:00,149.52,
WAN002,2023-10-22 12:20:00,149.53,
WAN002,2023-10-22 12:30:00,149.54,
WAN002,2023-10-22 12:40:00,149.56,
WAN002,2023-10-22 12:50:00,149.57,
WAN002,2023-10-22 13:00:00,149.58,
WAN002,2023-10-22 13:10:00,149.6,
WAN002,2023-10-22 13:20:00,149.61,
WAN002,2023-10-22 13:30:00,149.61,
WAN002,2023-10-22 13:40:00,149.63,
WAN002,2023-10-22 13:50:00,149.63,
WAN002,2023-10-22 14:00:00,149.65,
WAN002,2023-10-22 14:10:00,149.65,
WAN002,2023-10-22 14:20:00,149.66,
WAN002,2023-10-22 14:30:00,149.68,
WAN002,2023-10-22 14:40:00,149.68,
WAN002,2023-10-22 14:50:00,149.68,
WAN002,2023-10-22 15:00:00,149.7,
WAN002,2023-10-22 15:10:00,149.7,
WAN002,2023-10-22 15:20:00,149.72,
WAN002,2023-10-22 15:30:00,149.73,
WAN002,2023-10-22 15:40:00,149.73,
WAN002,2023-10-22 15:50:00,149.74,
WAN002,2023-10-22 16:00:00,149.75,
WAN002,2023-10-22 16:10:00,149.76,
WAN002,2023-10-22 16:20:00,149.76,
WAN002,2023-10-22 16:30:00,149.77,
WAN002,2023-10-22 16:40:00,149.78,
WAN002,2023-10-22 16:50:00,149.79,
WAN002,2023-10-22 17:00:00,149.79,
WAN002,2023-10-22 17:10:00,149.8,
WAN002,2023-10-22 17:20:00,149.81,
WAN002,2023-10-22 17:30:00,149.81,
WAN002,2023-10-22 17:40:00,149.82,
WAN002,2023-10-22 17:50:00,149.82,
WAN002,2023-10-22 18:00:00,149.82,
WAN002,2023-10-22 18:10:00,149.84,
WAN002,2023-10-22 18:20:00,149.84,
WAN002,2023-10-22 18:30:00,149.85,
WAN002,2023-10-22 18:40:00,149.86,
WAN002,2023-10-22 18:50:00,149.86,
WAN002,2023-10-22 19:00:00,149.87,
WAN002,2023-10-22 19:10:00,149.87,
WAN002,2023-10-22 19:20:00,149.88,
WAN002,2023-10-22 19:30:00,149.89,
WAN002,2023-10-22 19:40:00,149.89,
WAN002,2023-10-22 19:50:00,149.89,
WAN002,2023-10-22 20:00:00,149.89,
WAN002,2023-10-22 20:10:00,149.89,
WAN002,2023-10-22 20:20:00,149.92,
WAN002,2023-10-22 20:30:00,149.91,
WAN002,2023-10-22 20:40:00,149.91,
WAN002,2023-10-22 20:50:00,149.91,
WAN002,2023-10-22 21:00:00,149.91,
WAN002,2023-10-22 21:10:00,149.91,
WAN002,2023-10-22 21:20:00,149.93,
WAN002,2023-10-22 21:30:00,149.93,
WAN002,2023-10-22 21:40:00,149.93,
WAN002,2023-10-22 21:50:00,149.93,
WAN002,2023-10-22 22:00:00,149.94,
WAN002,2023-10-22 22:10:00,149.94,
WAN002,2023-10-22 22:20:00,149.94,
WAN002,2023-10-22 22:30:00,149.95,
WAN002,2023-10-22 22:40:00,149.95,
WAN002,2023-10-22 22:50:00,149.95,
WAN002,2023-10-22 23:00:00,149.95,
WAN002,2023-10-22 23:10:00,149.95,
WAN002,2023-10-22 23:20:00,149.96,
WAN002,2023-10-22 23:30:00,149.96,
WAN002,2023-10-22 23:40:00,149.96,
WAN002,2023-10-22 23:50:00,149.96,
WAN002,2023-10-23 00:00:00,149.97,
WAN002,2023-10-23 00:10:00,149.97,
WAN002,2023-10-23 00:20:00,149.97,
WAN002,2023-10-23 00:30:00,149.98,
WAN002,2023-10-23 00:40:00,149.97,
WAN002,2023-10-23 00:50:00,149.97,
WAN002,2023-10-23 01:00:00,149.97,
WAN002,2023-10-23 01:10:00,149.96,
WAN002,2023-10-23 01:20:00,149.97,
WAN002,2023-10-23 01:30:00,149.97,
WAN002,2023-10-23 01:40:00,149.97,
WAN002,2023-10-23 01:50:00,149.97,
WAN002,2023-10-23 02:00:00,149.96,
WAN002,2023-10-23 02:10:00,149.96,
WAN002,2023-10-23 02:20:00,149.96,
WAN002,2023-10-23 02:30:00,149.96,
WAN002,2023-10-23 02:40:00,149.96,
WAN002,2023-10-23 02:50:00,149.96,
WAN002,2023-10-23 03:00:00,149.96,
WAN002,2023-10-23 03:10:00,149.95,
WAN002,2023-10-23 03:20:00,149.95,
WAN002,2023-10-23 03:30:00,149.94,
WAN002,2023-10-23 03:40:00,149.95,
WAN002,2023-10-23 03:50:00,149.93,
WAN002,2023-10-23 04:00:00,149.94,
WAN002,2023-10-23 04:10:00,149.93,
WAN002,2023-10-23 04:20:00,149.92,
WAN002,2023-10-23 04:30:00,149.93,
WAN002,2023-10-23 04:40:00,149.92,
WAN002,2023-10-23 04:50:00,149.92,
WAN002,2023-10-23 05:00:00,149.91,
WAN002,2023-10-23 05:10:00,149.92,
WAN002,2023-10-23 05:20:00,149.91,
WAN002,2023-10-23 05:30:00,149.91,
WAN002,2023-10-23 05:40:00,149.91,
WAN002,2023-10-23 05:50:00,149.91,
WAN002,2023-10-23 06:00:00,149.9,
WAN002,2023-10-23 06:10:00,149.9,
WAN002,2023-10-23 06:20:00,149.9,
WAN002,2023-10-23 06:30:00,149.89,
WAN002,2023-10-23 06:40:00,149.88,
WAN002,2023-10-23 06:50:00,149.89,
WAN002,2023-10-23 07:00:00,149.88,
WAN002,2023-10-23 07:10:00,149.88,
WAN002,2023-10-23 07:20:00,149.89,
WAN002,2023-10-23 07:30:00,149.87,
WAN002,2023-10-23 07:40:00,149.87,
WAN002,2023-10-23 07:50:00,149.86,
WAN002,2023-10-23 08:00:00,149.87,
WAN002,2023-10-23 08:10:00,149.86,
WAN002,2023-10-23 08:20:00,149.85,
WAN002,2023-10-23 08:30:00,149.85,
WAN002,2023-10-23 08:40:00,149.85,
WAN002,2023-10-23 08:50:00,149.85,
WAN002,2023-10-23 09:00:00,149.84,
WAN002,2023-10-23 09:10:00,149.84,
WAN002,2023-10-23 09:20:00,149.83,
WAN002,2023-10-23 09:30:00,149.82,
WAN002,2023-10-23 09:40:00,149.83,
WAN002,2023-10-23 09:50:00,149.82,
WAN002,2023-10-23 10:00:00,149.82,
WAN002,2023-10-23 10:10:00,149.81,
WAN002,2023-10-23 10:20:00,149.81,
WAN002,2023-10-23 10:30:00,149.81,
WAN002,2023-10-23 10:40:00,149.81,
WAN002,2023-10-23 10:50:00,149.8,
WAN002,2023-10-23 11:00:00,149.8,
WAN002,2023-10-23 11:10:00,149.79,
WAN002,2023-10-23 11:20:00,149.78,
WAN002,2023-10-23 11:30:00,149.78,
WAN002,2023-10-23 11:40:00,149.77,
WAN002,2023-10-23 11:50:00,149.79,
WAN002,2023-10-23 12:00:00,149.78,
WAN002,2023-10-23 12:10:00,149.76,
WAN002,2023-10-23 12:20:00,149.76,
WAN002,2023-10-23 12:30:00,149.77,
WAN002,2023-10-23 12:40:00,149.76,
WAN002,2023-10-23 12:50:00,149.76,
WAN002,2023-10-23 13:00:00,149.75,
WAN002,2023-10-23 13:10:00,149.74,
WAN002,2023-10-23 13:20:00,149.73,
WAN002,2023-10-23 13:30:00,149.74,
WAN002,2023-10-23 13:40:00,149.73,
WAN002,2023-10-23 13:50:00,149.73,
WAN002,2023-10-23 14:00:00,149.73,
WAN002,2023-10-23 14:10:00,149.71,
WAN002,2023-10-23 14:20:00,149.71,
WAN002,2023-10-23 14:30:00,149.71,
WAN002,2023-10-23 14:40:00,149.7,
WAN002,2023-10-23 14:50:00,149.7,
WAN002,2023-10-23 15:00:00,149.69,
WAN002,2023-10-23 15:10:00,149.69,
WAN002,2023-10-23 15:20:00,149.68,
WAN002,2023-10-23 15:30:00,149.68,
WAN002,2023-10-23 15:40:00,149.68,
WAN002,2023-10-23 15:50:00,149.66,
WAN002,2023-10-23 16:00:00,149.66,
WAN002,2023-10-23 16:10:00,149.66,
WAN002,2023-10-23 16:20:00,149.66,
WAN002,2023-10-23 16:30:00,149.66,
WAN002,2023-10-23 16:40:00,149.66,
WAN002,2023-10-23 16:50:00,149.66,
WAN002,2023-10-23 17:00:00,149.66,
WAN002,2023-10-23 17:10:00,149.66,
WAN002,2023-10-23 17:20:00,149.65,
WAN002,2023-10-23 17:30:00,149.64,
WAN002,2023-10-23 17:40:00,149.64,
WAN002,2023-10-23 17:50:00,149.64,
WAN002,2023-10-23 18:00:00,149.64,
WAN002,2023-10-23 18:10:00,149.63,
WAN002,2023-10-23 18:20:00,149.63,
WAN002,2023-10-23 18:30:00,149.63,
WAN002,2023-10-23 18:40:00,149.63,
WAN002,2023-10-23 18:50:00,149.63,
WAN002,2023-10-23 19:00:00,149.61,
WAN002,2023-10-23 19:10:00,149.61,
WAN002,2023-10-23 19:20:00,149.61,
WAN002,2023-10-23 19:30:00,149.61,
WAN002,2023-10-23 19:40:00,149.6,
WAN002,2023-10-23 19:50:00,149.59,
WAN002,2023-10-23 20:00:00,149.6,
WAN002,2023-10-23 20:10:00,149.59,
WAN002,2023-10-23 20:20:00,149.59,
WAN002,2023-10-23 20:30:00,149.59,
WAN002,2023-10-23 20:40:00,149.57,
WAN002,2023-10-23 20:50:00,149.58,
WAN002,2023-10-23 21:00:00,149.57,
WAN002,2023-10-23 21:10:00,149.57,
WAN002,2023-10-23 21:20:00,149.56,
WAN002,2023-10-23 21:30:00,149.56,
WAN002,2023-10-23 21:40:00,149.56,
WAN002,2023-10-23 21:50:00,149.55,
WAN002,2023-10-23 22:00:00,149.55,
WAN002,2023-10-23 22:10:00,149.56,
WAN002,2023-10-23 22:20:00,149.55,
WAN002,2023-10-23 22:30:00,149.54,
WAN002,2023-10-23 22:40:00,149.54,
WAN002,2023-10-23 22:50:00,149.54,
WAN002,2023-10-23 23:00:00,149.55,
WAN002,2023-10-23 23:10:00,149.53,
WAN002,2023-10-23 23:20:00,149.54,
WAN002,2023-10-23 23:30:00,149.53,
WAN002,2023-10-23 23:40:00,149.53,
WAN002,2023-10-23 23:50:00,149.52,
WAN002,2023-10-24 00:00:00,149.52,
WAN002,2023-10-24 00:10:00,149.53,
WAN002,2023-10-24 00:20:00,149.53,
WAN002,2023-10-24 00:30:00,149.53,
WAN002,2023-10-24 00:40:00,149.53,
WAN002,2023-10-24 00:50:00,149.53,
WAN002,2023-10-24 01:00:00,149.52,
WAN002,2023-10-24 01:10:00,149.53,
WAN002,2023-10-24 01:20:00,149.53,
WAN002,2023-10-24 01:30:00,149.54,
WAN002,2023-10-24 01:40:00,149.54,
WAN002,2023-10-24 01:50:00,149.56,
WAN002,2023-10-24 02:00:00,149.55,
WAN002,2023-10-24 02:10:00,149.56,
WAN002,2023-10-24 02:20:00,149.57,
WAN002,2023-10-24 02:30:00,149.57,
WAN002,2023-10-24 02:40:00,149.58,
WAN002,2023-10-24 02:50:00,149.59,
WAN002,2023-10-24 03:00:00,149.6,
WAN002,2023-10-24 03:10:00,149.61,
WAN002,2023-10-24 03:20:00,149.62,
WAN002,2023-10-24 03:30:00,149.62,
WAN002,2023-10-24 03:40:00,149.64,
WAN002,2023-10-24 03:50:00,149.65,
WAN002,2023-10-24 04:00:00,149.65,
WAN002,2023-10-24 04:10:00,149.67,
WAN002,2023-10-24 04:20:00,149.69,
WAN002,2023-10-24 04:30:00,149.68,
WAN002,2023-10-24 04:40:00,149.71,
WAN002,2023-10-24 04:50:00,149.72,
WAN002,2023-10-24 05:00:00,149.74,
WAN002,2023-10-24 05:10:00,149.76,
WAN002,2023-10-24 05:20:00,149.77,
WAN002,2023-10-24 05:30:00,149.78,
WAN002,2023-10-24 05:40:00,149.8,
WAN002,2023-10-24 05:50:00,149.82,
WAN002,2023-10-24 06:00:00,149.83,
WAN002,2023-10-24 06:10:00,149.84,
WAN002,2023-10-24 06:20:00,149.87,
WAN002,2023-10-24 06:30:00,149.89,
WAN002,2023-10-24 06:40:00,149.9,
WAN002,2023-10-24 06:50:00,149.92,
WAN002,2023-10-24 07:00:00,149.94,
WAN002,2023-10-24 07:10:00,149.94,
WAN002,2023-10-24 07:20:00,149.97,
WAN002,2023-10-24 07:30:00,149.98,
WAN002,2023-10-24 07:40:00,150,
WAN002,2023-10-24 07:50:00,150.01,
WAN002,2023-10-24 08:00:00,150.02,
WAN002,2023-10-24 08:10:00,150.04,
WAN002,2023-10-24 08:20:00,150.06,
WAN002,2023-10-24 08:30:00,150.08,
WAN002,2023-10-24 08:40:00,150.09,
WAN002,2023-10-24 08:50:00,150.1,
WAN002,2023-10-24 09:00:00,150.11,
WAN002,2023-10-24 09:10:00,150.12,
WAN002,2023-10-24 09:20:00,150.15,
WAN002,2023-10-24 09:30:00,150.16,
WAN002,2023-10-24 09:40:00,150.17,
WAN002,2023-10-24 09:50:00,150.18,
WAN002,2023-10-24 10:00:00,150.2,
WAN002,2023-10-24 10:10:00,150.21,
WAN002,2023-10-24 10:20:00,150.22,
WAN002,2023-10-24 10:30:00,150.22,
WAN002,2023-10-24 10:40:00,150.24,
WAN002,2023-10-24 10:50:00,150.25,
WAN002,2023-10-24 11:00:00,150.27,
WAN002,2023-10-24 11:10:00,150.26,
WAN002,2023-10-24 11:20:00,150.29,
WAN002,2023-10-24 11:30:00,150.29,
WAN002,2023-10-24 11:40:00,150.31,
WAN002,2023-10-24 11:50:00,150.32,
WAN002,2023-10-24 12:00:00,150.33,
WAN002,2023-10-24 12:10:00,150.33,
WAN002,2023-10-24 12:20:00,150.36,
WAN002,2023-10-24 12:30:00,150.36,
WAN002,2023-10-24 12:40:00,150.36,
WAN002,2023-10-24 12:50:00,150.36,
WAN002,2023-10-24 13:00:00,150.37,
WAN002,2023-10-24 13:10:00,150.39,
WAN002,2023-10-24 13:20:00,150.39,
WAN002,2023-10-24 13:30:00,150.41,
WAN002,2023-10-24 13:40:00,150.42,
WAN002,2023-10-24 13:50:00,150.43,
WAN002,2023-10-24 14:00:00,150.43,
WAN002,2023-10-24 14:10:00,150.44,
WAN002,2023-10-24 14:20:00,150.45,
WAN002,2023-10-24 14:30:00,150.45,
WAN002,2023-10-24 14:40:00,150.45,
WAN002,2023-10-24 14:50:00,150.45,
WAN002,2023-10-24 15:00:00,150.47,
WAN002,2023-10-24 15:10:00,150.48,
WAN002,2023-10-24 15:20:00,150.49,
WAN002,2023-10-24 15:30:00,150.48,
WAN002,2023-10-24 15:40:00,150.5,
WAN002,2023-10-24 15:50:00,150.5,
WAN002,2023-10-24 16:00:00,150.53,
WAN002,2023-10-24 16:10:00,150.51,
WAN002,2023-10-24 16:20:00,150.52,
WAN002,2023-10-24 16:30:00,150.53,
WAN002,2023-10-24 16:40:00,150.52,
WAN002,2023-10-24 16:50:00,150.54,
WAN002,2023-10-24 17:00:00,150.55,
WAN002,2023-10-24 17:10:00,150.55,
WAN002,2023-10-24 17:20:00,150.56,
WAN002,2023-10-24 17:30:00,150.55,
WAN002,2023-10-24 17:40:00,150.57,
WAN002,2023-10-24 17:50:00,150.56,
WAN002,2023-10-24 18:00:00,150.56,
WAN002,2023-10-24 18:10:00,150.56,
WAN002,2023-10-24 18:20:00,150.58,
WAN002,2023-10-24 18:30:00,150.58,
WAN002,2023-10-24 18:40:00,150.59,
WAN002,2023-10-24 18:50:00,150.59,
WAN002,2023-10-24 19:00:00,150.58,
WAN002,2023-10-24 19:10:00,150.59,
WAN002,2023-10-24 19:20:00,150.6,
WAN002,2023-10-24 19:30:00,150.6,
WAN002,2023-10-24 19:40:00,150.6,
WAN002,2023-10-24 19:50:00,150.6,
WAN002,2023-10-24 20:00:00,150.61,
WAN002,2023-10-24 20:10:00,150.61,
WAN002,2023-10-24 20:20:00,150.61,
WAN002,2023-10-24 20:30:00,150.62,
WAN002,2023-10-24 20:40:00,150.63,
WAN002,2023-10-24 20:50:00,150.62,
WAN002,2023-10-24 21:00:00,150.62,
WAN002,2023-10-24 21:10:00,150.63,
WAN002,2023-10-24 21:20:00,150.63,
WAN002,2023-10-24 21:30:00,150.64,
WAN002,2023-10-24 21:40:00,150.62,
WAN002,2023-10-24 21:50:00,150.63,
WAN002,2023-10-24 22:00:00,150.63,
WAN002,2023-10-24 22:10:00,150.64,
WAN002,2023-10-24 22:20:00,150.63,
WAN002,2023-10-24 22:30:00,150.63,
WAN002,2023-10-24 22:40:00,150.65,
WAN002,2023-10-24 22:50:00,150.64,
WAN002,2023-10-24 23:00:00,150.64,
WAN002,2023-10-24 23:10:00,150.66,
WAN002,2023-10-24 23:20:00,150.64,
WAN002,2023-10-24 23:30:00,150.64,
WAN002,2023-10-24 23:40:00,150.64,
WAN002,2023-10-24 23:50:00,150.64,
WAN002,2023-10-25 00:00:00,150.64,
WAN002,2023-10-25 00:10:00,150.64,
WAN002,2023-10-25 00:20:00,150.64,
WAN002,2023-10-25 00:30:00,150.64,
WAN002,2023-10-25 00:40:00,150.64,
WAN002,2023-10-25 00:50:00,150.63,
WAN002,2023-10-25 01:00:00,150.63,
WAN002,2023-10-25 01:10:00,150.63,
WAN002,2023-10-25 01:20:00,150.63,
WAN002,2023-10-25 01:30:00,150.64,
WAN002,2023-10-25 01:40:00,150.64,
WAN002,2023-10-25 01:50:00,150.63,
WAN002,2023-10-25 02:00:00,150.64,
WAN002,2023-10-25 02:10:00,150.63,
WAN002,2023-10-25 02:20:00,150.63,
WAN002,2023-10-25 02:30:00,150.63,
WAN002,2023-10-25 02:40:00,150.62,
WAN002,2023-10-25 02:50:00,150.62,
WAN002,2023-10-25 03:00:00,150.61,
WAN002,2023-10-25 03:10:00,150.61,
WAN002,2023-10-25 03:20:00,150.61,
WAN002,2023-10-25 03:30:00,150.61,
WAN002,2023-10-25 03:40:00,150.63,
WAN002,2023-10-25 03:50:00,150.6,
WAN002,2023-10-25 04:00:00,150.6,
WAN002,2023-10-25 04:10:00,150.6,
WAN002,2023-10-25 04:20:00,150.6,
WAN002,2023-10-25 04:30:00,150.57,
WAN002,2023-10-25 04:40:00,150.6,
WAN002,2023-10-25 04:50:00,150.59,
WAN002,2023-10-25 05:00:00,150.58,
WAN002,2023-10-25 05:10:00,150.58,
WAN002,2023-10-25 05:20:00,150.58,
WAN002,2023-10-25 05:30:00,150.56,
WAN002,2023-10-25 05:40:00,150.57,
WAN002,2023-10-25 05:50:00,150.56,
WAN002,2023-10-25 06:00:00,150.56,
WAN002,2023-10-25 06:10:00,150.54,
WAN002,2023-10-25 06:20:00,150.55,
WAN002,2023-10-25 06:30:00,150.53,
WAN002,2023-10-25 06:40:00,150.53,
WAN002,2023-10-25 06:50:00,150.53,
WAN002,2023-10-25 07:00:00,150.51,
WAN002,2023-10-25 07:10:00,150.5,
WAN002,2023-10-25 07:20:00,150.51,
WAN002,2023-10-25 07:30:00,150.51,
WAN002,2023-10-25 07:40:00,150.5,
WAN002,2023-10-25 07:50:00,150.51,
WAN002,2023-10-25 08:00:00,150.5,
WAN002,2023-10-25 08:10:00,150.47,
WAN002,2023-10-25 08:20:00,150.48,
WAN002,2023-10-25 08:30:00,150.47,
WAN002,2023-10-25 08:40:00,150.46,
WAN002,2023-10-25 08:50:00,150.46,
WAN002,2023-10-25 09:00:00,150.44,
WAN002,2023-10-25 09:10:00,150.44,
WAN002,2023-10-25 09:20:00,150.43,
WAN002,2023-10-25 09:30:00,150.42,
WAN002,2023-10-25 09:40:00,150.42,
WAN002,2023-10-25 09:50:00,150.42,
WAN002,2023-10-25 10:00:00,150.4,
WAN002,2023-10-25 10:10:00,150.4,
WAN002,2023-10-25 10:20:00,150.39,
WAN002,2023-10-25 10:30:00,150.39,
WAN002,2023-10-25 10:40:00,150.38,
WAN002,2023-10-25 10:50:00,150.36,
WAN002,2023-10-25 11:00:00,150.35,
WAN002,2023-10-25 11:10:00,150.36,
WAN002,2023-10-25 11:20:00,150.34,
WAN002,2023-10-25 11:30:00,150.34,
WAN002,2023-10-25 11:40:00,150.33,
WAN002,2023-10-25 11:50:00,150.32,
WAN002,2023-10-25 12:00:00,150.3,
WAN002,2023-10-25 12:10:00,150.3,
WAN002,2023-10-25 12:20:00,150.29,
WAN002,2023-10-25 12:30:00,150.29,
WAN002,2023-10-25 12:40:00,150.28,
WAN002,2023-10-25 12:50:00,150.26,
WAN002,2023-10-25 13:00:00,150.26,
WAN002,2023-10-25 13:10:00,150.25,
WAN002,2023-10-25 13:20:00,150.24,
WAN002,2023-10-25 13:30:00,150.24,
WAN002,2023-10-25 13:40:00,150.21,
WAN002,2023-10-25 13:50:00,-,
WAN002,2023-10-25 14:00:00,150.21,
WAN002,2023-10-25 14:10:00,150.21,
WAN002,2023-10-25 14:20:00,150.19,
WAN002,2023-10-25 14:30:00,150.18,
WAN002,2023-10-25 14:40:00,150.17,
WAN002,2023-10-25 14:50:00,150.17,
WAN002,2023-10-25 15:00:00,150.15,
WAN002,2023-10-25 15:10:00,150.14,
WAN002,2023-10-25 15:20:00,150.14,
WAN002,2023-10-25 15:30:00,150.12,
WAN002,2023-10-25 15:40:00,150.12,
WAN002,2023-10-25 15:50:00,150.1,
WAN002,2023-10-25 16:00:00,150.08,
WAN002,2023-10-25 16:10:00,150.07,
WAN002,2023-10-25 16:20:00,150.08,
WAN002,2023-10-25 16:30:00,150.07,
WAN002,2023-10-25 16:40:00,150.05,
WAN002,2023-10-25 16:50:00,150.05,
WAN002,2023-10-25 17:00:00,150.03,
WAN002,2023-10-25 17:10:00,150.03,
WAN002,2023-10-25 17:20:00,150.01,
WAN002,2023-10-25 17:30:00,150.02,
WAN002,2023-10-25 17:40:00,150,
WAN002,2023-10-25 17:50:00,149.99,
WAN002,2023-10-25 18:00:00,149.98,
WAN002,2023-10-25 18:10:00,149.97,
WAN002,2023-10-25 18:20:00,149.96,
WAN002,2023-10-25 18:30:00,149.93,
WAN002,2023-10-25 18:40:00,149.94,
WAN002,2023-10-25 18:50:00,149.93,
WAN002,2023-10-25 19:00:00,149.91,
WAN002,2023-10-25 19:10:00,149.92,
WAN002,2023-10-25 19:20:00,149.9,
WAN002,2023-10-25 19:30:00,149.89,
WAN002,2023-10-25 19:40:00,149.88,
WAN002,2023-10-25 19:50:00,149.87,
WAN002,2023-10-25 20:00:00,149.86,
WAN002,2023-10-25 20:10:00,149.85,
WAN002,2023-10-25 20:20:00,149.84,
WAN002,2023-10-25 20:30:00,149.83,
WAN002,2023-10-25 20:40:00,149.82,
WAN002,2023-10-25 20:50:00,149.81,
WAN002,2023-10-25 21:00:00,149.8,
WAN002,2023-10-25 21:10:00,149.79,
WAN002,2023-10-25 21:20:00,149.79,
WAN002,2023-10-25 21:30:00,149.77,
WAN002,2023-10-25 21:40:00,149.76,
WAN002,2023-10-25 21:50:00,149.76,
WAN002,2023-10-25 22:00:00,149.75,
WAN002,2023-10-25 22:10:00,149.72,
WAN002,2023-10-25 22:20:00,149.73,
WAN002,2023-10-25 22:30:00,149.7,
WAN002,2023-10-25 22:40:00,149.7,
WAN002,2023-10-25 22:50:00,149.69,
WAN002,2023-10-25 23:00:00,149.68,
WAN002,2023-10-25 23:10:00,149.67,
WAN002,2023-10-25 23:20:00,149.66,
WAN002,2023-10-25 23:30:00,149.65,
WAN002,2023-10-25 23:40:00,149.64,
WAN002,2023-10-25 23:50:00,149.63,
WAN002,2023-10-26 00:00:00,149.62,
WAN002,2023-10-26 00:10:00,149.6,
WAN002,2023-10-26 00:20:00,149.61,
WAN002,2023-10-26 00:30:00,149.59,
WAN002,2023-10-26 00:40:00,149.58,
WAN002,2023-10-26 00:50:00,149.57,
WAN002,2023-10-26 01:00:00,149.56,
WAN002,2023-10-26 01:10:00,149.57,
WAN002,2023-10-26 01:20:00,149.55,
WAN002,2023-10-26 01:30:00,149.54,
WAN002,2023-10-26 01:40:00,149.53,
WAN002,2023-10-26 01:50:00,149.52,
WAN002,2023-10-26 02:00:00,149.51,
WAN002,2023-10-26 02:10:00,149.51,
WAN002,2023-10-26 02:20:00,149.49,
WAN002,2023-10-26 02:30:00,149.47,
WAN002,2023-10-26 02:40:00,149.47,
WAN002,2023-10-26 02:50:00,149.45,
WAN002,2023-10-26 03:00:00,149.45,
WAN002,2023-10-26 03:10:00,149.46,
WAN002,2023-10-26 03:20:00,149.43,
WAN002,2023-10-26 03:30:00,149.42,
WAN002,2023-10-26 03:40:00,149.42,
WAN002,2023-10-26 03:50:00,149.41,
WAN002,2023-10-26 04:00:00,149.4,
WAN002,2023-10-26 04:10:00,149.4,
WAN002,2023-10-26 04:20:00,149.39,
WAN002,2023-10-26 04:30:00,149.36,
WAN002,2023-10-26 04:40:00,149.36,
WAN002,2023-10-26 04:50:00,149.36,
WAN002,2023-10-26 05:00:00,149.35,
WAN002,2023-10-26 05:10:00,149.35,
WAN002,2023-10-26 05:20:00,149.33,
WAN002,2023-10-26 05:30:00,149.33,
WAN002,2023-10-26 05:40:00,149.32,
WAN002,2023-10-26 05:50:00,149.31,
WAN002,2023-10-26 06:00:00,149.31,
WAN002,2023-10-26 06:10:00,149.29,
WAN002,2023-10-26 06:20:00,149.29,
WAN002,2023-10-26 06:30:00,149.28,
WAN002,2023-10-26 06:40:00,149.27,
WAN002,2023-10-26 06:50:00,149.26,
WAN002,2023-10-26 07:00:00,149.25,
WAN002,2023-10-26 07:10:00,149.26,
WAN002,2023-10-26 07:20:00,149.25,
WAN002,2023-10-26 07:30:00,149.23,
WAN002,2023-10-26 07:40:00,149.23,
WAN002,2023-10-26 07:50:00,149.22,
WAN002,2023-10-26 08:00:00,149.2,
WAN002,2023-10-26 08:10:00,149.2,
WAN002,2023-10-26 08:20:00,149.19,
WAN002,2023-10-26 08:30:00,149.19,
WAN002,2023-10-26 08:40:00,149.18,
WAN002,2023-10-26 08:50:00,149.18,
WAN002,2023-10-26 09:00:00,149.15,
WAN002,2023-10-26 09:10:00,149.15,
WAN002,2023-10-26 09:20:00,149.14,
WAN002,2023-10-26 09:30:00,149.14,
WAN002,2023-10-26 09:40:00,149.13,
WAN002,2023-10-26 09:50:00,149.12,
WAN002,2023-10-26 10:00:00,149.12,
WAN002,2023-10-26 10:10:00,149.11,
WAN002,2023-10-26 10:20:00,149.11,
WAN002,2023-10-26 10:30:00,149.1,
WAN002,2023-10-26 10:40:00,149.1,
WAN002,2023-10-26 10:50:00,149.1,
WAN002,2023-10-26 11:00:00,149.08,
WAN002,2023-10-26 11:10:00,149.07,
WAN002,2023-10-26 11:20:00,149.06,
WAN002,2023-10-26 11:30:00,149.05,
WAN002,2023-10-26 11:40:00,149.06,
WAN002,2023-10-26 11:50:00,149.04,
WAN002,2023-10-26 12:00:00,149.03,
WAN002,2023-10-26 12:10:00,149.02,
WAN002,2023-10-26 12:20:00,149.01,
WAN002,2023-10-26 12:30:00,149.01,
WAN002,2023-10-26 12:40:00,149.01,
WAN002,2023-10-26 12:50:00,148.99,
WAN002,2023-10-26 13:00:00,148.98,
WAN002,2023-10-26 13:10:00,148.98,
WAN002,2023-10-26 13:20:00,148.98,
WAN002,2023-10-26 13:30:00,148.96,
WAN002,2023-10-26 13:40:00,148.95,
WAN002,2023-10-26 13:50:00,148.95,
WAN002,2023-10-26 14:00:00,148.94,
WAN002,2023-10-26 14:10:00,148.94,
WAN002,2023-10-26 14:20:00,148.93,
WAN002,2023-10-26 14:30:00,148.94,
WAN002,2023-10-26 14:40:00,148.93,
WAN002,2023-10-26 14:50:00,148.92,
WAN002,2023-10-26 15:00:00,148.92,
WAN002,2023-10-26 15:10:00,148.91,
WAN002,2023-10-26 15:20:00,148.91,
WAN002,2023-10-26 15:30:00,148.9,
WAN002,2023-10-26 15:40:00,148.89,
WAN002,2023-10-26 15:50:00,148.89,
WAN002,2023-10-26 16:00:00,148.88,
WAN002,2023-10-26 16:10:00,148.87,
WAN002,2023-10-26 16:20:00,148.88,
WAN002,2023-10-26 16:30:00,148.86,
WAN002,2023-10-26 16:40:00,148.86,
WAN002,2023-10-26 16:50:00,148.86,
WAN002,2023-10-26 17:00:00,148.86,
WAN002,2023-10-26 17:10:00,148.85,
WAN002,2023-10-26 17:20:00,148.85,
WAN002,2023-10-26 17:30:00,148.84,
WAN002,2023-10-26 17:40:00,148.83,
WAN002,2023-10-26 17:50:00,148.83,
WAN002,2023-10-26 18:00:00,148.83,
WAN002,2023-10-26 18:10:00,148.82,
WAN002,2023-10-26 18:20:00,148.82,
WAN002,2023-10-26 18:30:00,148.81,
WAN002,2023-10-26 18:40:00,148.81,
WAN002,2023-10-26 18:50:00,148.81,
WAN002,2023-10-26 19:00:00,148.81,
WAN002,2023-10-26 19:10:00,148.8,
WAN002,2023-10-26 19:20:00,148.78,
WAN002,2023-10-26 19:30:00,148.79,
WAN002,2023-10-26 19:40:00,148.8,
WAN002,2023-10-26 19:50:00,148.79,
WAN002,2023-10-26 20:00:00,148.78,
WAN002,2023-10-26 20:10:00,148.78,
WAN002,2023-10-26 20:20:00,148.78,
WAN002,2023-10-26 20:30:00,148.78,
WAN002,2023-10-26 20:40:00,148.78,
WAN002,2023-10-26 20:50:00,148.77,
WAN002,2023-10-26 21:00:00,148.77,
WAN002,2023-10-26 21:10:00,148.78,
WAN002,2023-10-26 21:20:00,148.76,
WAN002,2023-10-26 21:30:00,148.77,
WAN002,2023-10-26 21:40:00,148.77,
WAN002,2023-10-26 21:50:00,148.76,
WAN002,2023-10-26 22:00:00,148.75,
WAN002,2023-10-26 22:10:00,148.76,
WAN002,2023-10-26 22:20:00,148.76,
WAN002,2023-10-26 22:30:00,148.75,
WAN002,2023-10-26 22:40:00,148.74,
WAN002,2023-10-26 22:50:00,148.74,
WAN002,2023-10-26 23:00:00,148.74,
WAN002,2023-10-26 23:10:00,148.74,
WAN002,2023-10-26 23:20:00,148.74,
WAN002,2023-10-26 23:30:00,148.74,
WAN002,2023-10-26 23:40:00,148.73,
WAN002,2023-10-26 23:50:00,148.73,
WAN002,2023-10-27 00:00:00,148.73,
WAN002,2023-10-27 00:10:00,148.72,
WAN002,2023-10-27 00:20:00,148.72,
WAN002,2023-10-27 00:30:00,148.71,
WAN002,2023-10-27 00:40:00,148.71,
WAN002,2023-10-27 00:50:00,148.71,
WAN002,2023-10-27 01:00:00,148.7,
WAN002,2023-10-27 01:10:00,148.7,
WAN002,2023-10-27 01:20:00,148.69,
WAN002,2023-10-27 01:30:00,148.69,
WAN002,2023-10-27 01:40:00,148.69,
WAN002,2023-10-27 01:50:00,148.68,
WAN002,2023-10-27 02:00:00,148.68,
WAN002,2023-10-27 02:10:00,148.67,
WAN002,2023-10-27 02:20:00,148.67,
WAN002,2023-10-27 02:30:00,148.67,
WAN002,2023-10-27 02:40:00,148.66,
WAN002,2023-10-27 02:50:00,148.67,
WAN002,2023-10-27 03:00:00,148.66,
WAN002,2023-10-27 03:10:00,148.65,
WAN002,2023-10-27 03:20:00,148.64,
WAN002,2023-10-27 03:30:00,148.64,
WAN002,2023-10-27 03:40:00,148.64,
WAN002,2023-10-27 03:50:00,148.63,
WAN002,2023-10-27 04:00:00,148.64,
WAN002,2023-10-27 04:10:00,148.63,
WAN002,2023-10-27 04:20:00,148.63,
WAN002,2023-10-27 04:30:00,148.62,
WAN002,2023-10-27 04:40:00,148.62,
WAN002,2023-10-27 04:50:00,148.62,
WAN002,2023-10-27 05:00:00,148.62,
WAN002,2023-10-27 05:10:00,148.61,
WAN002,2023-10-27 05:20:00,148.61,
WAN002,2023-10-27 05:30:00,148.59,
WAN002,2023-10-27 05:40:00,148.6,
WAN002,2023-10-27 05:50:00,148.6,
WAN002,2023-10-27 06:00:00,148.59,
WAN002,2023-10-27 06:10:00,148.58,
WAN002,2023-10-27 06:20:00,148.57,
WAN002,2023-10-27 06:30:00,148.58,
WAN002,2023-10-27 06:40:00,148.57,
WAN002,2023-10-27 06:50:00,148.56,
WAN002,2023-10-27 07:00:00,148.56,
WAN002,2023-10-27 07:10:00,148.56,
WAN002,2023-10-27 07:20:00,148.56,
WAN002,2023-10-27 07:30:00,148.55,
WAN002,2023-10-27 07:40:00,148.54,
WAN002,2023-10-27 07:50:00,148.54,
WAN002,2023-10-27 08:00:00,148.54,
WAN002,2023-10-27 08:10:00,148.54,
WAN002,2023-10-27 08:20:00,148.54,
WAN002,2023-10-27 08:30:00,148.53,
WAN002,2023-10-27 08:40:00,148.52,
WAN002,2023-10-27 08:50:00,148.52,
WAN002,2023-10-27 09:00:00,148.52,
WAN002,2023-10-27 09:10:00,148.51,
WAN002,2023-10-27 09:20:00,148.51,
WAN002,2023-10-27 09:30:00,148.5,
WAN002,2023-10-27 09:40:00,148.5,
WAN002,2023-10-27 09:50:00,148.49,
WAN002,2023-10-27 10:00:00,148.48,
WAN002,2023-10-27 10:10:00,148.49,
WAN002,2023-10-27 10:20:00,148.49,
WAN002,2023-10-27 10:30:00,148.48,
WAN002,2023-10-27 10:40:00,148.47,
WAN002,2023-10-27 10:50:00,148.47,
WAN002,2023-10-27 11:00:00,148.46,
WAN002,2023-10-27 11:10:00,148.47,
WAN002,2023-10-27 11:20:00,148.47,
WAN002,2023-10-27 11:30:00,148.46,
WAN002,2023-10-27 11:40:00,148.46,
WAN002,2023-10-27 11:50:00,148.45,
WAN002,2023-10-27 12:00:00,148.46,
WAN002,2023-10-27 12:10:00,148.44,
WAN002,2023-10-27 12:20:00,148.45,
WAN002,2023-10-27 12:30:00,148.44,
WAN002,2023-10-27 12:40:00,148.44,
WAN002,2023-10-27 12:50:00,148.43,
WAN002,2023-10-27 13:00:00,148.42,
WAN002,2023-10-27 13:10:00,148.43,
WAN002,2023-10-27 13:20:00,148.43,
WAN002,2023-10-27 13:30:00,148.41,
WAN002,2023-10-27 13:40:00,148.4,
WAN002,2023-10-27 13:50:00,148.41,
WAN002,2023-10-27 14:00:00,148.4,
WAN002,2023-10-27 14:10:00,148.4,
WAN002,2023-10-27 14:20:00,148.4,
WAN002,2023-10-27 14:30:00,148.39,
WAN002,2023-10-27 14:40:00,148.39,
WAN002,2023-10-27 14:50:00,148.38,
WAN002,2023-10-27 15:00:00,148.38,
WAN002,2023-10-27 15:10:00,148.38,
WAN002,2023-10-27 15:20:00,148.38,
WAN002,2023-10-27 15:30:00,148.37,
WAN002,2023-10-27 15:40:00,148.37,
WAN002,2023-10-27 15:50:00,148.37,
WAN002,2023-10-27 16:00:00,148.37,
WAN002,2023-10-27 16:10:00,148.36,
WAN002,2023-10-27 16:20:00,148.36,
WAN002,2023-10-27 16:30:00,148.35,
WAN002,2023-10-27 16:40:00,148.35,
WAN002,2023-10-27 16:50:00,148.35,
WAN002,2023-10-27 17:00:00,148.34,
WAN002,2023-10-27 17:10:00,148.34,
WAN002,2023-10-27 17:20:00,148.34,
WAN002,2023-10-27 17:30:00,148.33,
WAN002,2023-10-27 17:40:00,148.33,
WAN002,2023-10-27 17:50:00,148.33,
WAN002,2023-10-27 18:00:00,148.32,
WAN002,2023-10-27 18:10:00,148.32,
WAN002,2023-10-27 18:20:00,148.32,
WAN002,2023-10-27 18:30:00,148.32,
WAN002,2023-10-27 18:40:00,148.31,
WAN002,2023-10-27 18:50:00,148.31,
WAN002,2023-10-27 19:00:00,148.31,
WAN002,2023-10-27 19:10:00,148.3,
WAN002,2023-10-27 19:20:00,148.3,
WAN002,2023-10-27 19:30:00,148.3,
WAN002,2023-10-27 19:40:00,148.3,
WAN002,2023-10-27 19:50:00,148.3,
WAN002,2023-10-27 20:00:00,148.29,
WAN002,2023-10-27 20:10:00,148.29,
WAN002,2023-10-27 20:20:00,148.29,
WAN002,2023-10-27 20:30:00,148.29,
WAN002,2023-10-27 20:40:00,148.28,
WAN002,2023-10-27 20:50:00,148.28,
WAN002,2023-10-27 21:00:00,148.28,
WAN002,2023-10-27 21:10:00,148.28,
WAN002,2023-10-27 21:20:00,148.28,
WAN002,2023-10-27 21:30:00,148.27,
WAN002,2023-10-27 21:40:00,148.28,
WAN002,2023-10-27 21:50:00,148.27,
WAN002,2023-10-27 22:00:00,148.26,
WAN002,2023-10-27 22:10:00,148.26,
WAN002,2023-10-27 22:20:00,148.26,
WAN002,2023-10-27 22:30:00,148.26,
WAN002,2023-10-27 22:40:00,148.26,
WAN002,2023-10-27 22:50:00,148.26,
WAN002,2023-10-27 23:00:00,148.26,
WAN002,2023-10-27 23:10:00,148.25,
WAN002,2023-10-27 23:20:00,148.25,
WAN002,2023-10-27 23:30:00,148.25,
WAN002,2023-10-27 23:40:00,148.24,
WAN002,2023-10-27 23:50:00,148.25,
WAN002,2023-10-28 00:00:00,148.25,
WAN002,2023-10-28 00:10:00,148.25,
WAN002,2023-10-28 00:20:00,148.24,
WAN002,2023-10-28 00:30:00,148.24,
WAN002,2023-10-28 00:40:00,148.24,
WAN002,2023-10-28 00:50:00,148.24,
WAN002,2023-10-28 01:00:00,148.23,
WAN002,2023-10-28 01:10:00,148.22,
WAN002,2023-10-28 01:20:00,148.23,
WAN002,2023-10-28 01:30:00,148.23,
WAN002,2023-10-28 01:40:00,148.22,
WAN002,2023-10-28 01:50:00,148.23,
WAN002,2023-10-28 02:00:00,148.22,
WAN002,2023-10-28 02:10:00,148.22,
WAN002,2023-10-28 02:20:00,148.22,
WAN002,2023-10-28 02:30:00,148.23,
WAN002,2023-10-28 02:40:00,148.22,
WAN002,2023-10-28 02:50:00,148.22,
WAN002,2023-10-28 03:00:00,148.21,
WAN002,2023-10-28 03:10:00,148.21,
WAN002,2023-10-28 03:20:00,148.22,
WAN002,2023-10-28 03:30:00,148.21,
WAN002,2023-10-28 03:40:00,148.21,
WAN002,2023-10-28 03:50:00,148.21,
WAN002,2023-10-28 04:00:00,148.22,
WAN002,2023-10-28 04:10:00,148.21,
WAN002,2023-10-28 04:20:00,148.2,
WAN002,2023-10-28 04:30:00,148.2,
WAN002,2023-10-28 04:40:00,148.2,
WAN002,2023-10-28 04:50:00,148.2,
WAN002,2023-10-28 05:00:00,148.2,
WAN002,2023-10-28 05:10:00,148.19,
WAN002,2023-10-28 05:20:00,148.19,
WAN002,2023-10-28 05:30:00,148.19,
WAN002,2023-10-28 05:40:00,148.19,
WAN002,2023-10-28 05:50:00,148.19,
WAN002,2023-10-28 06:00:00,148.19,
WAN002,2023-10-28 06:10:00,148.18,
WAN002,2023-10-28 06:20:00,148.19,
WAN002,2023-10-28 06:30:00,148.19,
WAN002,2023-10-28 06:40:00,148.19,
WAN002,2023-10-28 06:50:00,148.18,
WAN002,2023-10-28 07:00:00,148.18,
WAN002,2023-10-28 07:10:00,148.19,
WAN002,2023-10-28 07:20:00,148.19,
WAN002,2023-10-28 07:30:00,148.19,
WAN002,2023-10-28 07:40:00,148.19,
WAN002,2023-10-28 07:50:00,148.2,
WAN002,2023-10-28 08:00:00,148.2,
WAN002,2023-10-28 08:10:00,148.21,
WAN002,2023-10-28 08:20:00,148.21,
WAN002,2023-10-28 08:30:00,148.22,
WAN002,2023-10-28 08:40:00,148.22,
WAN002,2023-10-28 08:50:00,148.23,
WAN002,2023-10-28 09:00:00,148.25,
WAN002,2023-10-28 09:10:00,148.26,
WAN002,2023-10-28 09:20:00,148.28,
WAN002,2023-10-28 09:30:00,148.29,
WAN002,2023-10-28 09:40:00,148.31,
WAN002,2023-10-28 09:50:00,148.33,
WAN002,2023-10-28 10:00:00,148.37,
WAN002,2023-10-28 10:10:00,148.36,
WAN002,2023-10-28 10:20:00,148.39,
WAN002,2023-10-28 10:30:00,148.41,
WAN002,2023-10-28 10:40:00,148.45,
WAN002,2023-10-28 10:50:00,148.47,
WAN002,2023-10-28 11:00:00,148.51,
WAN002,2023-10-28 11:10:00,148.52,
WAN002,2023-10-28 11:20:00,148.55,
WAN002,2023-10-28 11:30:00,148.58,
WAN002,2023-10-28 11:40:00,148.6,
WAN002,2023-10-28 11:50:00,148.65,
WAN002,2023-10-28 12:00:00,148.66,
WAN002,2023-10-28 12:10:00,148.68,
WAN002,2023-10-28 12:20:00,148.71,
WAN002,2023-10-28 12:30:00,148.73,
WAN002,2023-10-28 12:40:00,148.74,
WAN002,2023-10-28 12:50:00,148.77,
WAN002,2023-10-28 13:00:00,148.78,
WAN002,2023-10-28 13:10:00,148.8,
WAN002,2023-10-28 13:20:00,148.81,
WAN002,2023-10-28 13:30:00,148.84,
WAN002,2023-10-28 13:40:00,148.85,
WAN002,2023-10-28 13:50:00,148.86,
WAN002,2023-10-28 14:00:00,148.88,
WAN002,2023-10-28 14:10:00,148.9,
WAN002,2023-10-28 14:20:00,148.9,
WAN002,2023-10-28 14:30:00,148.92,
WAN002,2023-10-28 14:40:00,148.92,
WAN002,2023-10-28 14:50:00,148.93,
WAN002,2023-10-28 15:00:00,148.94,
WAN002,2023-10-28 15:10:00,148.94,
WAN002,2023-10-28 15:20:00,148.96,
WAN002,2023-10-28 15:30:00,148.97,
WAN002,2023-10-28 15:40:00,148.96,
WAN002,2023-10-28 15:50:00,148.97,
WAN002,2023-10-28 16:00:00,148.97,
WAN002,2023-10-28 16:10:00,148.98,
WAN002,2023-10-28 16:20:00,148.95,
WAN002,2023-10-28 16:30:00,148.98,
WAN002,2023-10-28 16:40:00,148.97,
WAN002,2023-10-28 16:50:00,148.98,
WAN002,2023-10-28 17:00:00,148.97,
WAN002,2023-10-28 17:10:00,148.97,
WAN002,2023-10-28 17:20:00,148.96,
WAN002,2023-10-28 17:30:00,148.97,
WAN002,2023-10-28 17:40:00,148.96,
WAN002,2023-10-28 17:50:00,148.94,
WAN002,2023-10-28 18:00:00,148.95,
WAN002,2023-10-28 18:10:00,148.95,
WAN002,2023-10-28 18:20:00,148.94,
WAN002,2023-10-28 18:30:00,148.93,
WAN002,2023-10-28 18:40:00,148.93,
WAN002,2023-10-28 18:50:00,148.93,
WAN002,2023-10-28 19:00:00,148.92,
WAN002,2023-10-28 19:10:00,148.91,
WAN002,2023-10-28 19:20:00,148.91,
WAN002,2023-10-28 19:30:00,148.89,
WAN002,2023-10-28 19:40:00,148.88,
WAN002,2023-10-28 19:50:00,148.88,
WAN002,2023-10-28 20:00:00,148.87,
WAN002,2023-10-28 20:10:00,148.86,
WAN002,2023-10-28 20:20:00,148.86,
WAN002,2023-10-28 20:30:00,148.84,
WAN002,2023-10-28 20:40:00,148.83,
WAN002,2023-10-28 20:50:00,148.84,
WAN002,2023-10-28 21:00:00,148.82,
WAN002,2023-10-28 21:10:00,148.82,
WAN002,2023-10-28 21:20:00,148.8,
WAN002,2023-10-28 21:30:00,148.81,
WAN002,2023-10-28 21:40:00,148.79,
WAN002,2023-10-28 21:50:00,148.78,
WAN002,2023-10-28 22:00:00,148.77,
WAN002,2023-10-28 22:10:00,148.77,
WAN002,2023-10-28 22:20:00,148.75,
WAN002,2023-10-28 22:30:00,148.74,
WAN002,2023-10-28 22:40:00,148.73,
WAN002,2023-10-28 22:50:00,148.73,
WAN002,2023-10-28 23:00:00,148.72,
WAN002,2023-10-28 23:10:00,148.71,
WAN002,2023-10-28 23:20:00,148.71,
WAN002,2023-10-28 23:30:00,148.7,
WAN002,2023-10-28 23:40:00,148.69,
WAN002,2023-10-28 23:50:00,148.68,
WAN002,2023-10-29 00:00:00,148.67,
WAN002,2023-10-29 00:10:00,148.68,
WAN002,2023-10-29 00:20:00,148.66,
WAN002,2023-10-29 00:30:00,148.66,
WAN002,2023-10-29 00:40:00,148.65,
WAN002,2023-10-29 00:50:00,148.64,
WAN002,2023-10-29 01:00:00,148.64,
WAN002,2023-10-29 01:10:00,148.63,
WAN002,2023-10-29 01:20:00,148.62,
WAN002,2023-10-29 01:30:00,148.62,
WAN002,2023-10-29 01:40:00,148.61,
WAN002,2023-10-29 01:50:00,148.6,
WAN002,2023-10-29 02:00:00,148.6,
WAN002,2023-10-29 02:10:00,148.59,
WAN002,2023-10-29 02:20:00,148.58,
WAN002,2023-10-29 02:30:00,148.59,
WAN002,2023-10-29 02:40:00,148.58,
WAN002,2023-10-29 02:50:00,148.57,
WAN002,2023-10-29 03:00:00,148.57,
WAN002,2023-10-29 03:10:00,148.59,
WAN002,2023-10-29 03:20:00,148.57,
WAN002,2023-10-29 03:30:00,148.58,
WAN002,2023-10-29 03:40:00,148.59,
WAN002,2023-10-29 03:50:00,148.59,
WAN002,2023-10-29 04:00:00,148.59,
WAN002,2023-10-29 04:10:00,148.59,
WAN002,2023-10-29 04:20:00,148.6,
WAN002,2023-10-29 04:30:00,148.59,
WAN002,2023-10-29 04:40:00,148.58,
WAN002,2023-10-29 04:50:00,148.59,
WAN002,2023-10-29 05:00:00,148.59,
WAN002,2023-10-29 05:10:00,148.58,
WAN002,2023-10-29 05:20:00,148.59,
WAN002,2023-10-29 05:30:00,148.59,
WAN002,2023-10-29 05:40:00,148.59,
WAN002,2023-10-29 05:50:00,148.59,
WAN002,2023-10-29 06:00:00,148.59,
WAN002,2023-10-29 06:10:00,148.59,
WAN002,2023-10-29 06:20:00,148.59,
WAN002,2023-10-29 06:30:00,148.58,
WAN002,2023-10-29 06:40:00,148.59,
WAN002,2023-10-29 06:50:00,148.59,
WAN002,2023-10-29 07:00:00,148.59,
WAN002,2023-10-29 07:10:00,148.59,
WAN002,2023-10-29 07:20:00,148.59,
WAN002,2023-10-29 07:30:00,148.59,
WAN002,2023-10-29 07:40:00,148.59,
WAN002,2023-10-29 07:50:00,148.6,
WAN002,2023-10-29 08:00:00,148.6,
WAN002,2023-10-29 08:10:00,148.6,
WAN002,2023-10-29 08:20:00,148.6,
WAN002,2023-10-29 08:30:00,148.59,
WAN002,2023-10-29 08:40:00,148.6,
WAN002,2023-10-29 08:50:00,148.59,
WAN002,2023-10-29 09:00:00,148.58,
WAN002,2023-10-29 09:10:00,148.61,
WAN002,2023-10-29 09:20:00,148.61,
WAN002,2023-10-29 09:30:00,148.63,
WAN002,2023-10-29 09:40:00,148.62,
WAN002,2023-10-29 09:50:00,148.63,
WAN002,2023-10-29 10:00:00,148.64,
WAN002,2023-10-29 10:10:00,148.65,
WAN002,2023-10-29 10:20:00,148.64,
WAN002,2023-10-29 10:30:00,148.65,
WAN002,2023-10-29 10:40:00,148.65,
WAN002,2023-10-29 10:50:00,148.65,
WAN002,2023-10-29 11:00:00,148.66,
WAN002,2023-10-29 11:10:00,148.65,
WAN002,2023-10-29 11:20:00,148.65,
WAN002,2023-10-29 11:30:00,148.64,
WAN002,2023-10-29 11:40:00,148.64,
WAN002,2023-10-29 11:50:00,148.65,
WAN002,2023-10-29 12:00:00,148.66,
WAN002,2023-10-29 12:10:00,148.65,
WAN002,2023-10-29 12:20:00,148.65,
WAN002,2023-10-29 12:30:00,148.65,
WAN002,2023-10-29 12:40:00,148.65,
WAN002,2023-10-29 12:50:00,148.65,
WAN002,2023-10-29 13:00:00,148.65,
WAN002,2023-10-29 13:10:00,148.66,
WAN002,2023-10-29 13:20:00,148.66,
WAN002,2023-10-29 13:30:00,148.66,
WAN002,2023-10-29 13:40:00,148.65,
WAN002,2023-10-29 13:50:00,148.66,
WAN002,2023-10-29 14:00:00,148.66,
WAN002,2023-10-29 14:10:00,148.66,
WAN002,2023-10-29 14:20:00,148.66,
WAN002,2023-10-29 14:30:00,148.66,
WAN002,2023-10-29 14:40:00,148.66,
WAN002,2023-10-29 14:50:00,148.66,
WAN002,2023-10-29 15:00:00,148.66,
WAN002,2023-10-29 15:10:00,148.66,
WAN002,2023-10-29 15:20:00,148.66,
WAN002,2023-10-29 15:30:00,148.66,
WAN002,2023-10-29 15:40:00,148.66,
WAN002,2023-10-29 15:50:00,148.67,
WAN002,2023-10-29 16:00:00,148.67,
WAN002,2023-10-29 16:10:00,148.66,
WAN002,2023-10-29 16:20:00,148.67,
WAN002,2023-10-29 16:30:00,148.67,
WAN002,2023-10-29 16:40:00,148.66,
WAN002,2023-10-29 16:50:00,148.66,
WAN002,2023-10-29 17:00:00,148.67,
WAN002,2023-10-29 17:10:00,148.67,
WAN002,2023-10-29 17:20:00,148.67,
WAN002,2023-10-29 17:30:00,148.67,
WAN002,2023-10-29 17:40:00,148.67,
WAN002,2023-10-29 17:50:00,148.67,
WAN002,2023-10-29 18:00:00,148.67,
WAN002,2023-10-29 18:10:00,148.67,
WAN002,2023-10-29 18:20:00,148.68,
WAN002,2023-10-29 18:30:00,148.68,
WAN002,2023-10-29 18:40:00,148.68,
WAN002,2023-10-29 18:50:00,148.69,
WAN002,2023-10-29 19:00:00,148.69,
WAN002,2023-10-29 19:10:00,148.7,
WAN002,2023-10-29 19:20:00,148.7,
WAN002,2023-10-29 19:30:00,148.7,
WAN002,2023-10-29 19:40:00,148.71,
WAN002,2023-10-29 19:50:00,148.7,
WAN002,2023-10-29 20:00:00,148.71,
WAN002,2023-10-29 20:10:00,148.71,
WAN002,2023-10-29 20:20:00,148.72,
WAN002,2023-10-29 20:30:00,148.73,
WAN002,2023-10-29 20:40:00,148.72,
WAN002,2023-10-29 20:50:00,148.73,
WAN002,2023-10-29 21:00:00,148.74,
WAN002,2023-10-29 21:10:00,148.75,
WAN002,2023-10-29 21:20:00,148.75,
WAN002,2023-10-29 21:30:00,148.76,
WAN002,2023-10-29 21:40:00,148.77,
WAN002,2023-10-29 21:50:00,148.76,
WAN002,2023-10-29 22:00:00,148.77,
WAN002,2023-10-29 22:10:00,148.77,
WAN002,2023-10-29 22:20:00,148.78,
WAN002,2023-10-29 22:30:00,148.79,
WAN002,2023-10-29 22:40:00,148.79,
WAN002,2023-10-29 22:50:00,148.79,
WAN002,2023-10-29 23:00:00,148.8,
WAN002,2023-10-29 23:10:00,148.8,
WAN002,2023-10-29 23:20:00,148.8,
WAN002,2023-10-29 23:30:00,148.81,
WAN002,2023-10-29 23:40:00,148.81,
WAN002,2023-10-29 23:50:00,148.81,
WAN002,2023-10-30 00:00:00,148.81,
WAN002,2023-10-30 00:10:00,148.8,
WAN002,2023-10-30 00:20:00,148.82,
WAN002,2023-10-30 00:30:00,148.82,
WAN002,2023-10-30 00:40:00,148.82,
WAN002,2023-10-30 00:50:00,148.82,
WAN002,2023-10-30 01:00:00,148.82,
WAN002,2023-10-30 01:10:00,148.83,
WAN002,2023-10-30 01:20:00,148.82,
WAN002,2023-10-30 01:30:00,148.83,
WAN002,2023-10-30 01:40:00,148.83,
WAN002,2023-10-30 01:50:00,148.82,
WAN002,2023-10-30 02:00:00,148.83,
WAN002,2023-10-30 02:10:00,148.83,
WAN002,2023-10-30 02:20:00,148.82,
WAN002,2023-10-30 02:30:00,148.83,
WAN002,2023-10-30 02:40:00,148.82,
WAN002,2023-10-30 02:50:00,148.82,
WAN002,2023-10-30 03:00:00,148.82,
WAN002,2023-10-30 03:10:00,148.83,
WAN002,2023-10-30 03:20:00,148.81,
WAN002,2023-10-30 03:30:00,148.82,
WAN002,2023-10-30 03:40:00,148.82,
WAN002,2023-10-30 03:50:00,148.81,
WAN002,2023-10-30 04:00:00,148.82,
WAN002,2023-10-30 04:10:00,148.82,
WAN002,2023-10-30 04:20:00,148.82,
WAN002,2023-10-30 04:30:00,148.82,
WAN002,2023-10-30 04:40:00,148.81,
WAN002,2023-10-30 04:50:00,148.81,
WAN002,2023-10-30 05:00:00,148.81,
WAN002,2023-10-30 05:10:00,148.81,
WAN002,2023-10-30 05:20:00,148.81,
WAN002,2023-10-30 05:30:00,148.8,
WAN002,2023-10-30 05:40:00,148.8,
WAN002,2023-10-30 05:50:00,148.8,
WAN002,2023-10-30 06:00:00,148.79,
WAN002,2023-10-30 06:10:00,148.79,
WAN002,2023-10-30 06:20:00,148.79,
WAN002,2023-10-30 06:30:00,148.81,
WAN002,2023-10-30 06:40:00,148.79,
WAN002,2023-10-30 06:50:00,148.8,
WAN002,2023-10-30 07:00:00,148.78,
WAN002,2023-10-30 07:10:00,148.78,
WAN002,2023-10-30 07:20:00,148.78,
WAN002,2023-10-30 07:30:00,148.78,
WAN002,2023-10-30 07:40:00,148.77,
WAN002,2023-10-30 07:50:00,148.77,
WAN002,2023-10-30 08:00:00,148.77,
WAN002,2023-10-30 08:10:00,148.76,
WAN002,2023-10-30 08:20:00,148.76,
WAN002,2023-10-30 08:30:00,148.76,
WAN002,2023-10-30 08:40:00,148.76,
WAN002,2023-10-30 08:50:00,148.75,
WAN002,2023-10-30 09:00:00,148.75,
WAN002,2023-10-30 09:10:00,148.74,
WAN002,2023-10-30 09:20:00,148.72,
WAN002,2023-10-30 09:30:00,148.73,
WAN002,2023-10-30 09:40:00,148.74,
WAN002,2023-10-30 09:50:00,148.73,
WAN002,2023-10-30 10:00:00,148.73,
WAN002,2023-10-30 10:10:00,148.73,
WAN002,2023-10-30 10:20:00,148.72,
WAN002,2023-10-30 10:30:00,148.72,
WAN002,2023-10-30 10:40:00,148.71,
WAN002,2023-10-30 10:50:00,148.71,
WAN002,2023-10-30 11:00:00,148.7,
WAN002,2023-10-30 11:10:00,148.69,
WAN002,2023-10-30 11:20:00,148.7,
WAN002,2023-10-30 11:30:00,148.68,
WAN002,2023-10-30 11:40:00,148.67,
WAN002,2023-10-30 11:50:00,148.67,
WAN002,2023-10-30 12:00:00,148.67,
WAN002,2023-10-30 12:10:00,148.66,
WAN002,2023-10-30 12:20:00,148.66,
WAN002,2023-10-30 12:30:00,148.66,
WAN002,2023-10-30 12:40:00,148.65,
WAN002,2023-10-30 12:50:00,148.65,
WAN002,2023-10-30 13:00:00,148.64,
WAN002,2023-10-30 13:10:00,148.64,
WAN002,2023-10-30 13:20:00,148.64,
WAN002,2023-10-30 13:30:00,148.63,
WAN002,2023-10-30 13:40:00,148.62,
WAN002,2023-10-30 13:50:00,148.62,
WAN002,2023-10-30 14:00:00,148.62,
WAN002,2023-10-30 14:10:00,148.61,
WAN002,2023-10-30 14:20:00,148.61,
WAN002,2023-10-30 14:30:00,148.6,
WAN002,2023-10-30 14:40:00,148.6,
WAN002,2023-10-30 14:50:00,148.59,
WAN002,2023-10-30 15:00:00,148.59,
WAN002,2023-10-30 15:10:00,148.58,
WAN002,2023-10-30 15:20:00,148.57,
WAN002,2023-10-30 15:30:00,148.57,
WAN002,2023-10-30 15:40:00,148.56,
WAN002,2023-10-30 15:50:00,148.56,
WAN002,2023-10-30 16:00:00,148.55,
WAN002,2023-10-30 16:10:00,148.55,
WAN002,2023-10-30 16:20:00,148.54,
WAN002,2023-10-30 16:30:00,148.55,
WAN002,2023-10-30 16:40:00,148.54,
WAN002,2023-10-30 16:50:00,148.53,
WAN002,2023-10-30 17:00:00,148.53,
WAN002,2023-10-30 17:10:00,148.53,
WAN002,2023-10-30 17:20:00,148.53,
WAN002,2023-10-30 17:30:00,148.52,
WAN002,2023-10-30 17:40:00,148.52,
WAN002,2023-10-30 17:50:00,148.51,
WAN002,2023-10-30 18:00:00,148.51,
WAN002,2023-10-30 18:10:00,148.51,
WAN002,2023-10-30 18:20:00,148.5,
WAN002,2023-10-30 18:30:00,148.51,
WAN002,2023-10-30 18:40:00,148.5,
WAN002,2023-10-30 18:50:00,148.5,
WAN002,2023-10-30 19:00:00,148.5,
WAN002,2023-10-30 19:10:00,148.49,
WAN002,2023-10-30 19:20:00,148.5,
WAN002,2023-10-30 19:30:00,148.49,
WAN002,2023-10-30 19:40:00,148.48,
WAN002,2023-10-30 19:50:00,148.49,
WAN002,2023-10-30 20:00:00,148.47,
WAN002,2023-10-30 20:10:00,148.48,
WAN002,2023-10-30 20:20:00,148.47,
WAN002,2023-10-30 20:30:00,148.48,
WAN002,2023-10-30 20:40:00,148.46,
WAN002,2023-10-30 20:50:00,148.47,
WAN002,2023-10-30 21:00:00,148.48,
WAN002,2023-10-30 21:10:00,148.46,
WAN002,2023-10-30 21:20:00,148.47,
WAN002,2023-10-30 21:30:00,148.46,
WAN002,2023-10-30 21:40:00,148.46,
WAN002,2023-10-30 21:50:00,148.46,
WAN002,2023-10-30 22:00:00,148.47,
WAN002,2023-10-30 22:10:00,148.48,
WAN002,2023-10-30 22:20:00,148.48,
WAN002,2023-10-30 22:30:00,148.48,
WAN002,2023-10-30 22:40:00,148.49,
WAN002,2023-10-30 22:50:00,148.48,
WAN002,2023-10-30 23:00:00,148.48,
WAN002,2023-10-30 23:10:00,148.5,
WAN002,2023-10-30 23:20:00,148.5,
WAN002,2023-10-30 23:30:00,148.5,
WAN002,2023-10-30 23:40:00,148.51,
WAN002,2023-10-30 23:50:00,148.51,
WAN002,2023-10-31 00:00:00,148.51,
WAN002,2023-10-31 00:10:00,148.52,
WAN002,2023-10-31 00:20:00,148.52,
WAN002,2023-10-31 00:30:00,148.52,
WAN002,2023-10-31 00:40:00,148.53,
WAN002,2023-10-31 00:50:00,148.52,
WAN002,2023-10-31 01:00:00,148.54,
WAN002,2023-10-31 01:10:00,148.54,
WAN002,2023-10-31 01:20:00,148.55,
WAN002,2023-10-31 01:30:00,148.56,
WAN002,2023-10-31 01:40:00,148.57,
WAN002,2023-10-31 01:50:00,148.58,
WAN002,2023-10-31 02:00:00,148.59,
WAN002,2023-10-31 02:10:00,148.6,
WAN002,2023-10-31 02:20:00,148.6,
WAN002,2023-10-31 02:30:00,148.62,
WAN002,2023-10-31 02:40:00,148.63,
WAN002,2023-10-31 02:50:00,148.65,
WAN002,2023-10-31 03:00:00,148.68,
WAN002,2023-10-31 03:10:00,148.69,
WAN002,2023-10-31 03:20:00,148.7,
WAN002,2023-10-31 03:30:00,148.72,
WAN002,2023-10-31 03:40:00,148.74,
WAN002,2023-10-31 03:50:00,148.76,
WAN002,2023-10-31 04:00:00,148.78,
WAN002,2023-10-31 04:10:00,148.8,
WAN002,2023-10-31 04:20:00,148.82,
WAN002,2023-10-31 04:30:00,148.84,
WAN002,2023-10-31 04:40:00,148.86,
WAN002,2023-10-31 04:50:00,148.88,
WAN002,2023-10-31 05:00:00,148.9,
WAN002,2023-10-31 05:10:00,148.92,
WAN002,2023-10-31 05:20:00,148.95,
WAN002,2023-10-31 05:30:00,148.97,
WAN002,2023-10-31 05:40:00,148.99,
WAN002,2023-10-31 05:50:00,149.01,
WAN002,2023-10-31 06:00:00,149.02,
WAN002,2023-10-31 06:10:00,149.05,
WAN002,2023-10-31 06:20:00,149.07,
WAN002,2023-10-31 06:30:00,149.09,
WAN002,2023-10-31 06:40:00,149.11,
WAN002,2023-10-31 06:50:00,149.13,
WAN002,2023-10-31 07:00:00,149.15,
WAN002,2023-10-31 07:10:00,149.17,
WAN002,2023-10-31 07:20:00,149.18,
WAN002,2023-10-31 07:30:00,149.19,
WAN002,2023-10-31 07:40:00,149.22,
WAN002,2023-10-31 07:50:00,149.23,
WAN002,2023-10-31 08:00:00,149.25,
WAN002,2023-10-31 08:10:00,149.26,
WAN002,2023-10-31 08:20:00,149.28,
WAN002,2023-10-31 08:30:00,149.28,
WAN002,2023-10-31 08:40:00,149.31,
WAN002,2023-10-31 08:50:00,149.32,
WAN002,2023-10-31 09:00:00,149.33,
WAN002,2023-10-31 09:10:00,149.34,
WAN002,2023-10-31 09:20:00,149.35,
WAN002,2023-10-31 09:30:00,149.36,
WAN002,2023-10-31 09:40:00,149.37,
WAN002,2023-10-31 09:50:00,149.39,
WAN002,2023-10-31 10:00:00,149.39,
WAN002,2023-10-31 10:10:00,149.4,
WAN002,2023-10-31 10:20:00,149.41,
WAN002,2023-10-31 10:30:00,149.41,
WAN002,2023-10-31 10:40:00,149.42,
WAN002,2023-10-31 10:50:00,149.43,
WAN002,2023-10-31 11:00:00,149.44,
WAN002,2023-10-31 11:10:00,149.44,
WAN002,2023-10-31 11:20:00,149.44,
WAN002,2023-10-31 11:30:00,149.45,
WAN002,2023-10-31 11:40:00,149.46,
WAN002,2023-10-31 11:50:00,149.46,
WAN002,2023-10-31 12:00:00,149.45,
WAN002,2023-10-31 12:10:00,149.48,
WAN002,2023-10-31 12:20:00,149.47,
WAN002,2023-10-31 12:30:00,149.49,
WAN002,2023-10-31 12:40:00,149.49,
WAN002,2023-10-31 12:50:00,149.48,
WAN002,2023-10-31 13:00:00,149.5,
WAN002,2023-10-31 13:10:00,149.49,
WAN002,2023-10-31 13:20:00,149.5,
WAN002,2023-10-31 13:30:00,149.5,
WAN002,2023-10-31 13:40:00,149.5,
WAN002,2023-10-31 13:50:00,149.49,
WAN002,2023-10-31 14:00:00,149.51,
WAN002,2023-10-31 14:10:00,149.51,
WAN002,2023-10-31 14:20:00,149.5,
WAN002,2023-10-31 14:30:00,149.5,
WAN002,2023-10-31 14:40:00,149.49,
WAN002,2023-10-31 14:50:00,149.5,
WAN002,2023-10-31 15:00:00,149.51,
WAN002,2023-10-31 15:10:00,149.5,
WAN002,2023-10-31 15:20:00,149.5,
WAN002,2023-10-31 15:30:00,149.49,
WAN002,2023-10-31 15:40:00,149.5,
WAN002,2023-10-31 15:50:00,149.49,
WAN002,2023-10-31 16:00:00,149.49,
WAN002,2023-10-31 16:10:00,-,
WAN002,2023-10-31 16:20:00,149.49,
WAN002,2023-10-31 16:30:00,149.49,
WAN002,2023-10-31 16:40:00,149.49,
WAN002,2023-10-31 16:50:00,149.48,
WAN002,2023-10-31 17:00:00,149.48,
WAN002,2023-10-31 17:10:00,149.48,
WAN002,2023-10-31 17:20:00,-,
WAN002,2023-10-31 17:30:00,-,
WAN002,2023-10-31 17:40:00,149.48,
WAN002,2023-10-31 17:50:00,149.47,
WAN002,2023-10-31 18:00:00,149.46,
WAN002,2023-10-31 18:10:00,149.47,
WAN002,2023-10-31 18:20:00,149.47,
WAN002,2023-10-31 18:30:00,149.45,
WAN002,2023-10-31 18:40:00,-,
WAN002,2023-10-31 18:50:00,149.46,
WAN002,2023-10-31 19:00:00,149.44,
WAN002,2023-10-31 19:10:00,149.44,
WAN002,2023-10-31 19:20:00,149.44,
WAN002,2023-10-31 19:30:00,149.43,
WAN002,2023-10-31 19:40:00,149.43,
WAN002,2023-10-31 19:50:00,149.42,
WAN002,2023-10-31 20:00:00,149.43,
WAN002,2023-10-31 20:10:00,149.43,
WAN002,2023-10-31 20:20:00,149.42,
WAN002,2023-10-31 20:30:00,149.41,
WAN002,2023-10-31 20:40:00,149.41,
WAN002,2023-10-31 20:50:00,149.4,
WAN002,2023-10-31 21:00:00,149.4,
WAN002,2023-10-31 21:10:00,149.4,
WAN002,2023-10-31 21:20:00,149.4,
WAN002,2023-10-31 21:30:00,149.39,
WAN002,2023-10-31 21:40:00,149.39,
WAN002,2023-10-31 21:50:00,149.39,
WAN002,2023-10-31 22:00:00,149.38,
WAN002,2023-10-31 22:10:00,149.37,
WAN002,2023-10-31 22:20:00,149.37,
WAN002,2023-10-31 22:30:00,149.37,
WAN002,2023-10-31 22:40:00,149.36,
WAN002,2023-10-31 22:50:00,149.37,
WAN002,2023-10-31 23:00:00,149.36,
WAN002,2023-10-31 23:10:00,149.37,
WAN002,2023-10-31 23:20:00,149.36,
WAN002,2023-10-31 23:30:00,149.36,
WAN002,2023-10-31 23:40:00,149.36,
WAN002,2023-10-31 23:50:00,149.35,
WAN003,2023-10-01 00:00:00,178.13,
WAN003,2023-10-01 00:10:00,178.05,
WAN003,2023-10-01 00:20:00,178.13,
WAN003,2023-10-01 00:30:00,178.13,
WAN003,2023-10-01 00:40:00,178.08,
WAN003,2023-10-01 00:50:00,178.15,
WAN003,2023-10-01 01:00:00,178.11,
WAN003,2023-10-01 01:10:00,178.12,
WAN003,2023-10-01 01:20:00,178.12,
WAN003,2023-10-01 01:30:00,178.08,
WAN003,2023-10-01 01:40:00,178.08,
WAN003,2023-10-01 01:50:00,178.13,
WAN003,2023-10-01 02:00:00,178.1,
WAN003,2023-10-01 02:10:00,178.03,
WAN003,2023-10-01 02:20:00,178.12,
WAN003,2023-10-01 02:30:00,178.09,
WAN003,2023-10-01 02:40:00,178.04,
WAN003,2023-10-01 02:50:00,178.03,
WAN003,2023-10-01 03:00:00,178.04,
WAN003,2023-10-01 03:10:00,178.06,
WAN003,2023-10-01 03:20:00,178.12,
WAN003,2023-10-01 03:30:00,178.04,
WAN003,2023-10-01 03:40:00,178.1,
WAN003,2023-10-01 03:50:00,178.09,
WAN003,2023-10-01 04:00:00,177.95,
WAN003,2023-10-01 04:10:00,177.97,
WAN003,2023-10-01 04:20:00,178.03,
WAN003,2023-10-01 04:30:00,178.08,
WAN003,2023-10-01 04:40:00,178.01,
WAN003,2023-10-01 04:50:00,178.04,
WAN003,2023-10-01 05:00:00,178.01,
WAN003,2023-10-01 05:10:00,178,
WAN003,2023-10-01 05:20:00,177.95,
WAN003,2023-10-01 05:30:00,177.89,
WAN003,2023-10-01 05:40:00,177.88,
WAN003,2023-10-01 05:50:00,177.88,
WAN003,2023-10-01 06:00:00,177.91,
WAN003,2023-10-01 06:10:00,177.92,
WAN003,2023-10-01 06:20:00,177.82,
WAN003,2023-10-01 06:30:00,177.8,
WAN003,2023-10-01 06:40:00,177.88,
WAN003,2023-10-01 06:50:00,177.84,
WAN003,2023-10-01 07:00:00,177.8,
WAN003,2023-10-01 07:10:00,177.81,
WAN003,2023-10-01 07:20:00,177.82,
WAN003,2023-10-01 07:30:00,177.77,
WAN003,2023-10-01 07:40:00,177.75,
WAN003,2023-10-01 07:50:00,177.71,
WAN003,2023-10-01 08:00:00,177.74,
WAN003,2023-10-01 08:10:00,177.71,
WAN003,2023-10-01 08:20:00,177.69,
WAN003,2023-10-01 08:30:00,177.63,
WAN003,2023-10-01 08:40:00,-,
WAN003,2023-10-01 08:50:00,177.59,
WAN003,2023-10-01 09:00:00,177.61,
WAN003,2023-10-01 09:10:00,177.61,
WAN003,2023-10-01 09:20:00,177.6,
WAN003,2023-10-01 09:30:00,177.53,
WAN003,2023-10-01 09:40:00,177.56,
WAN003,2023-10-01 09:50:00,177.51,
WAN003,2023-10-01 10:00:00,177.51,
WAN003,2023-10-01 10:10:00,177.5,
WAN003,2023-10-01 10:20:00,177.48,
WAN003,2023-10-01 10:30:00,177.44,
WAN003,2023-10-01 10:40:00,177.45,
WAN003,2023-10-01 10:50:00,177.4,
WAN003,2023-10-01 11:00:00,177.4,
WAN003,2023-10-01 11:10:00,177.38,
WAN003,2023-10-01 11:20:00,177.36,
WAN003,2023-10-01 11:30:00,177.37,
WAN003,2023-10-01 11:40:00,177.34,
WAN003,2023-10-01 11:50:00,177.31,
WAN003,2023-10-01 12:00:00,177.3,
WAN003,2023-10-01 12:10:00,177.29,
WAN003,2023-10-01 12:20:00,177.26,
WAN003,2023-10-01 12:30:00,177.23,
WAN003,2023-10-01 12:40:00,177.22,
WAN003,2023-10-01 12:50:00,177.21,
WAN003,2023-10-01 13:00:00,177.2,
WAN003,2023-10-01 13:10:00,177.18,
WAN003,2023-10-01 13:20:00,177.17,
WAN003,2023-10-01 13:30:00,177.14,
WAN003,2023-10-01 13:40:00,177.13,
WAN003,2023-10-01 13:50:00,177.1,
WAN003,2023-10-01 14:00:00,177.08,
WAN003,2023-10-01 14:10:00,177.07,
WAN003,2023-10-01 14:20:00,177.04,
WAN003,2023-10-01 14:30:00,177.04,
WAN003,2023-10-01 14:40:00,177,
WAN003,2023-10-01 14:50:00,176.98,
WAN003,2023-10-01 15:00:00,176.96,
WAN003,2023-10-01 15:10:00,176.93,
WAN003,2023-10-01 15:20:00,176.91,
WAN003,2023-10-01 15:30:00,-,
WAN003,2023-10-01 15:40:00,176.87,
WAN003,2023-10-01 15:50:00,176.84,
WAN003,2023-10-01 16:00:00,176.83,
WAN003,2023-10-01 16:10:00,176.8,
WAN003,2023-10-01 16:20:00,176.79,
WAN003,2023-10-01 16:30:00,176.76,
WAN003,2023-10-01 16:40:00,176.74,
WAN003,2023-10-01 16:50:00,176.72,
WAN003,2023-10-01 17:00:00,176.71,
WAN003,2023-10-01 17:10:00,176.68,
WAN003,2023-10-01 17:20:00,176.65,
WAN003,2023-10-01 17:30:00,176.64,
WAN003,2023-10-01 17:40:00,176.61,
WAN003,2023-10-01 17:50:00,176.58,
WAN003,2023-10-01 18:00:00,176.55,
WAN003,2023-10-01 18:10:00,176.54,
WAN003,2023-10-01 18:20:00,176.5,
WAN003,2023-10-01 18:30:00,176.5,
WAN003,2023-10-01 18:40:00,176.46,
WAN003,2023-10-01 18:50:00,176.44,
WAN003,2023-10-01 19:00:00,176.41,
WAN003,2023-10-01 19:10:00,176.39,
WAN003,2023-10-01 19:20:00,176.37,
WAN003,2023-10-01 19:30:00,176.35,
WAN003,2023-10-01 19:40:00,176.31,
WAN003,2023-10-01 19:50:00,176.31,
WAN003,2023-10-01 20:00:00,176.26,
WAN003,2023-10-01 20:10:00,176.24,
WAN003,2023-10-01 20:20:00,176.22,
WAN003,2023-10-01 20:30:00,176.2,
WAN003,2023-10-01 20:40:00,176.18,
WAN003,2023-10-01 20:50:00,176.15,
WAN003,2023-10-01 21:00:00,176.13,
WAN003,2023-10-01 21:10:00,176.11,
WAN003,2023-10-01 21:20:00,176.08,
WAN003,2023-10-01 21:30:00,176.06,
WAN003,2023-10-01 21:40:00,176.03,
WAN003,2023-10-01 21:50:00,176.01,
WAN003,2023-10-01 22:00:00,175.99,
WAN003,2023-10-01 22:10:00,175.94,
WAN003,2023-10-01 22:20:00,175.94,
WAN003,2023-10-01 22:30:00,175.91,
WAN003,2023-10-01 22:40:00,175.89,
WAN003,2023-10-01 22:50:00,175.87,
WAN003,2023-10-01 23:00:00,175.84,
WAN003,2023-10-01 23:10:00,175.8,
WAN003,2023-10-01 23:20:00,175.79,
WAN003,2023-10-01 23:30:00,175.76,
WAN003,2023-10-01 23:40:00,175.72,
WAN003,2023-10-01 23:50:00,175.68,
WAN003,2023-10-02 00:00:00,175.67,
WAN003,2023-10-02 00:10:00,175.64,
WAN003,2023-10-02 00:20:00,175.63,
WAN003,2023-10-02 00:30:00,175.62,
WAN003,2023-10-02 00:40:00,175.58,
WAN003,2023-10-02 00:50:00,175.56,
WAN003,2023-10-02 01:00:00,175.54,
WAN003,2023-10-02 01:10:00,175.5,
WAN003,2023-10-02 01:20:00,175.48,
WAN003,2023-10-02 01:30:00,175.46,
WAN003,2023-10-02 01:40:00,175.42,
WAN003,2023-10-02 01:50:00,175.41,
WAN003,2023-10-02 02:00:00,175.38,
WAN003,2023-10-02 02:10:00,175.36,
WAN003,2023-10-02 02:20:00,175.33,
WAN003,2023-10-02 02:30:00,175.31,
WAN003,2023-10-02 02:40:00,175.27,
WAN003,2023-10-02 02:50:00,175.25,
WAN003,2023-10-02 03:00:00,175.23,
WAN003,2023-10-02 03:10:00,175.19,
WAN003,2023-10-02 03:20:00,175.17,
WAN003,2023-10-02 03:30:00,175.14,
WAN003,2023-10-02 03:40:00,175.11,
WAN003,2023-10-02 03:50:00,175.08,
WAN003,2023-10-02 04:00:00,175.06,
WAN003,2023-10-02 04:10:00,175.04,
WAN003,2023-10-02 04:20:00,175.01,
WAN003,2023-10-02 04:30:00,175,
WAN003,2023-10-02 04:40:00,174.96,
WAN003,2023-10-02 04:50:00,174.93,
WAN003,2023-10-02 05:00:00,174.91,
WAN003,2023-10-02 05:10:00,174.89,
WAN003,2023-10-02 05:20:00,174.88,
WAN003,2023-10-02 05:30:00,174.83,
WAN003,2023-10-02 05:40:00,174.8,
WAN003,2023-10-02 05:50:00,174.79,
WAN003,2023-10-02 06:00:00,174.76,
WAN003,2023-10-02 06:10:00,174.75,
WAN003,2023-10-02 06:20:00,174.72,
WAN003,2023-10-02 06:30:00,174.69,
WAN003,2023-10-02 06:40:00,174.65,
WAN003,2023-10-02 06:50:00,174.64,
WAN003,2023-10-02 07:00:00,174.61,
WAN003,2023-10-02 07:10:00,174.58,
WAN003,2023-10-02 07:20:00,174.55,
WAN003,2023-10-02 07:30:00,174.54,
WAN003,2023-10-02 07:40:00,174.53,
WAN003,2023-10-02 07:50:00,174.5,
WAN003,2023-10-02 08:00:00,174.47,
WAN003,2023-10-02 08:10:00,174.44,
WAN003,2023-10-02 08:20:00,174.42,
WAN003,2023-10-02 08:30:00,174.4,
WAN003,2023-10-02 08:40:00,174.37,
WAN003,2023-10-02 08:50:00,174.37,
WAN003,2023-10-02 09:00:00,174.35,
WAN003,2023-10-02 09:10:00,174.31,
WAN003,2023-10-02 09:20:00,174.29,
WAN003,2023-10-02 09:30:00,174.27,
WAN003,2023-10-02 09:40:00,174.25,
WAN003,2023-10-02 09:50:00,174.23,
WAN003,2023-10-02 10:00:00,174.21,
WAN003,2023-10-02 10:10:00,174.2,
WAN003,2023-10-02 10:20:00,174.17,
WAN003,2023-10-02 10:30:00,174.14,
WAN003,2023-10-02 10:40:00,174.13,
WAN003,2023-10-02 10:50:00,174.1,
WAN003,2023-10-02 11:00:00,174.09,
WAN003,2023-10-02 11:10:00,174.07,
WAN003,2023-10-02 11:20:00,174.04,
WAN003,2023-10-02 11:30:00,174.04,
WAN003,2023-10-02 11:40:00,174.03,
WAN003,2023-10-02 11:50:00,174.01,
WAN003,2023-10-02 12:00:00,173.98,
WAN003,2023-10-02 12:10:00,173.95,
WAN003,2023-10-02 12:20:00,173.94,
WAN003,2023-10-02 12:30:00,173.92,
WAN003,2023-10-02 12:40:00,173.91,
WAN003,2023-10-02 12:50:00,173.89,
WAN003,2023-10-02 13:00:00,173.87,
WAN003,2023-10-02 13:10:00,173.84,
WAN003,2023-10-02 13:20:00,173.83,
WAN003,2023-10-02 13:30:00,173.82,
WAN003,2023-10-02 13:40:00,173.8,
WAN003,2023-10-02 13:50:00,173.79,
WAN003,2023-10-02 14:00:00,173.77,
WAN003,2023-10-02 14:10:00,173.75,
WAN003,2023-10-02 14:20:00,173.72,
WAN003,2023-10-02 14:30:00,173.73,
WAN003,2023-10-02 14:40:00,173.72,
WAN003,2023-10-02 14:50:00,173.7,
WAN003,2023-10-02 15:00:00,173.68,
WAN003,2023-10-02 15:10:00,-,
WAN003,2023-10-02 15:20:00,173.65,
WAN003,2023-10-02 15:30:00,173.65,
WAN003,2023-10-02 15:40:00,173.63,
WAN003,2023-10-02 15:50:00,173.6,
WAN003,2023-10-02 16:00:00,173.61,
WAN003,2023-10-02 16:10:00,173.59,
WAN003,2023-10-02 16:20:00,173.58,
WAN003,2023-10-02 16:30:00,173.56,
WAN003,2023-10-02 16:40:00,173.54,
WAN003,2023-10-02 16:50:00,173.54,
WAN003,2023-10-02 17:00:00,173.52,
WAN003,2023-10-02 17:10:00,173.51,
WAN003,2023-10-02 17:20:00,173.49,
WAN003,2023-10-02 17:30:00,173.5,
WAN003,2023-10-02 17:40:00,173.48,
WAN003,2023-10-02 17:50:00,173.47,
WAN003,2023-10-02 18:00:00,173.47,
WAN003,2023-10-02 18:10:00,173.45,
WAN003,2023-10-02 18:20:00,173.43,
WAN003,2023-10-02 18:30:00,173.43,
WAN003,2023-10-02 18:40:00,173.41,
WAN003,2023-10-02 18:50:00,173.4,
WAN003,2023-10-02 19:00:00,173.4,
WAN003,2023-10-02 19:10:00,173.39,
WAN003,2023-10-02 19:20:00,173.38,
WAN003,2023-10-02 19:30:00,173.37,
WAN003,2023-10-02 19:40:00,173.35,
WAN003,2023-10-02 19:50:00,173.34,
WAN003,2023-10-02 20:00:00,173.35,
WAN003,2023-10-02 20:10:00,173.34,
WAN003,2023-10-02 20:20:00,173.33,
WAN003,2023-10-02 20:30:00,173.32,
WAN003,2023-10-02 20:40:00,173.3,
WAN003,2023-10-02 20:50:00,173.28,
WAN003,2023-10-02 21:00:00,173.28,
WAN003,2023-10-02 21:10:00,173.26,
WAN003,2023-10-02 21:20:00,173.26,
WAN003,2023-10-02 21:30:00,173.25,
WAN003,2023-10-02 21:40:00,173.23,
WAN003,2023-10-02 21:50:00,173.23,
WAN003,2023-10-02 22:00:00,173.23,
WAN003,2023-10-02 22:10:00,173.21,
WAN003,2023-10-02 22:20:00,173.21,
WAN003,2023-10-02 22:30:00,173.2,
WAN003,2023-10-02 22:40:00,173.19,
WAN003,2023-10-02 22:50:00,173.18,
WAN003,2023-10-02 23:00:00,173.17,
WAN003,2023-10-02 23:10:00,173.17,
WAN003,2023-10-02 23:20:00,173.15,
WAN003,2023-10-02 23:30:00,173.14,
WAN003,2023-10-02 23:40:00,173.14,
WAN003,2023-10-02 23:50:00,173.12,
WAN003,2023-10-03 00:00:00,173.13,
WAN003,2023-10-03 00:10:00,173.11,
WAN003,2023-10-03 00:20:00,173.11,
WAN003,2023-10-03 00:30:00,173.1,
WAN003,2023-10-03 00:40:00,173.08,
WAN003,2023-10-03 00:50:00,173.09,
WAN003,2023-10-03 01:00:00,173.06,
WAN003,2023-10-03 01:10:00,173.07,
WAN003,2023-10-03 01:20:00,173.06,
WAN003,2023-10-03 01:30:00,173.06,
WAN003,2023-10-03 01:40:00,173.05,
WAN003,2023-10-03 01:50:00,173.05,
WAN003,2023-10-03 02:00:00,173.04,
WAN003,2023-10-03 02:10:00,173.03,
WAN003,2023-10-03 02:20:00,173.02,
WAN003,2023-10-03 02:30:00,173.01,
WAN003,2023-10-03 02:40:00,173,
WAN003,2023-10-03 02:50:00,173,
WAN003,2023-10-03 03:00:00,172.99,
WAN003,2023-10-03 03:10:00,172.98,
WAN003,2023-10-03 03:20:00,172.99,
WAN003,2023-10-03 03:30:00,172.97,
WAN003,2023-10-03 03:40:00,172.95,
WAN003,2023-10-03 03:50:00,172.96,
WAN003,2023-10-03 04:00:00,172.94,
WAN003,2023-10-03 04:10:00,172.94,
WAN003,2023-10-03 04:20:00,172.94,
WAN003,2023-10-03 04:30:00,172.93,
WAN003,2023-10-03 04:40:00,172.92,
WAN003,2023-10-03 04:50:00,172.91,
WAN003,2023-10-03 05:00:00,172.92,
WAN003,2023-10-03 05:10:00,172.9,
WAN003,2023-10-03 05:20:00,172.89,
WAN003,2023-10-03 05:30:00,172.88,
WAN003,2023-10-03 05:40:00,172.88,
WAN003,2023-10-03 05:50:00,172.87,
WAN003,2023-10-03 06:00:00,172.86,
WAN003,2023-10-03 06:10:00,172.86,
WAN003,2023-10-03 06:20:00,172.84,
WAN003,2023-10-03 06:30:00,172.85,
WAN003,2023-10-03 06:40:00,172.84,
WAN003,2023-10-03 06:50:00,172.84,
WAN003,2023-10-03 07:00:00,172.84,
WAN003,2023-10-03 07:10:00,172.82,
WAN003,2023-10-03 07:20:00,172.82,
WAN003,2023-10-03 07:30:00,172.83,
WAN003,2023-10-03 07:40:00,172.81,
WAN003,2023-10-03 07:50:00,172.81,
WAN003,2023-10-03 08:00:00,172.8,
WAN003,2023-10-03 08:10:00,172.81,
WAN003,2023-10-03 08:20:00,172.81,
WAN003,2023-10-03 08:30:00,172.8,
WAN003,2023-10-03 08:40:00,172.81,
WAN003,2023-10-03 08:50:00,172.8,
WAN003,2023-10-03 09:00:00,172.79,
WAN003,2023-10-03 09:10:00,172.8,
WAN003,2023-10-03 09:20:00,172.8,
WAN003,2023-10-03 09:30:00,172.79,
WAN003,2023-10-03 09:40:00,172.79,
WAN003,2023-10-03 09:50:00,172.8,
WAN003,2023-10-03 10:00:00,172.8,
WAN003,2023-10-03 10:10:00,172.8,
WAN003,2023-10-03 10:20:00,172.81,
WAN003,2023-10-03 10:30:00,172.81,
WAN003,2023-10-03 10:40:00,172.81,
WAN003,2023-10-03 10:50:00,172.82,
WAN003,2023-10-03 11:00:00,172.81,
WAN003,2023-10-03 11:10:00,172.81,
WAN003,2023-10-03 11:20:00,172.82,
WAN003,2023-10-03 11:30:00,172.81,
WAN003,2023-10-03 11:40:00,172.83,
WAN003,2023-10-03 11:50:00,172.84,
WAN003,2023-10-03 12:00:00,172.83,
WAN003,2023-10-03 12:10:00,172.84,
WAN003,2023-10-03 12:20:00,172.83,
WAN003,2023-10-03 12:30:00,172.84,
WAN003,2023-10-03 12:40:00,172.84,
WAN003,2023-10-03 12:50:00,172.85,
WAN003,2023-10-03 13:00:00,172.85,
WAN003,2023-10-03 13:10:00,172.84,
WAN003,2023-10-03 13:20:00,172.83,
WAN003,2023-10-03 13:30:00,172.85,
WAN003,2023-10-03 13:40:00,172.85,
WAN003,2023-10-03 13:50:00,172.85,
WAN003,2023-10-03 14:00:00,172.85,
WAN003,2023-10-03 14:10:00,172.84,
WAN003,2023-10-03 14:20:00,172.85,
WAN003,2023-10-03 14:30:00,172.84,
WAN003,2023-10-03 14:40:00,172.84,
WAN003,2023-10-03 14:50:00,172.85,
WAN003,2023-10-03 15:00:00,172.82,
WAN003,2023-10-03 15:10:00,172.81,
WAN003,2023-10-03 15:20:00,172.84,
WAN003,2023-10-03 15:30:00,172.82,
WAN003,2023-10-03 15:40:00,172.83,
WAN003,2023-10-03 15:50:00,172.81,
WAN003,2023-10-03 16:00:00,172.8,
WAN003,2023-10-03 16:10:00,172.8,
WAN003,2023-10-03 16:20:00,172.8,
WAN003,2023-10-03 16:30:00,172.8,
WAN003,2023-10-03 16:40:00,172.79,
WAN003,2023-10-03 16:50:00,172.8,
WAN003,2023-10-03 17:00:00,172.78,
WAN003,2023-10-03 17:10:00,172.79,
WAN003,2023-10-03 17:20:00,172.77,
WAN003,2023-10-03 17:30:00,172.77,
WAN003,2023-10-03 17:40:00,172.77,
WAN003,2023-10-03 17:50:00,172.76,
WAN003,2023-10-03 18:00:00,172.76,
WAN003,2023-10-03 18:10:00,172.74,
WAN003,2023-10-03 18:20:00,172.74,
WAN003,2023-10-03 18:30:00,172.74,
WAN003,2023-10-03 18:40:00,172.73,
WAN003,2023-10-03 18:50:00,172.73,
WAN003,2023-10-03 19:00:00,172.72,
WAN003,2023-10-03 19:10:00,172.71,
WAN003,2023-10-03 19:20:00,172.71,
WAN003,2023-10-03 19:30:00,172.7,
WAN003,2023-10-03 19:40:00,172.7,
WAN003,2023-10-03 19:50:00,172.69,
WAN003,2023-10-03 20:00:00,172.68,
WAN003,2023-10-03 20:10:00,172.69,
WAN003,2023-10-03 20:20:00,172.67,
WAN003,2023-10-03 20:30:00,172.66,
WAN003,2023-10-03 20:40:00,172.66,
WAN003,2023-10-03 20:50:00,172.65,
WAN003,2023-10-03 21:00:00,172.64,
WAN003,2023-10-03 21:10:00,172.64,
WAN003,2023-10-03 21:20:00,172.63,
WAN003,2023-10-03 21:30:00,172.62,
WAN003,2023-10-03 21:40:00,172.62,
WAN003,2023-10-03 21:50:00,172.62,
WAN003,2023-10-03 22:00:00,172.6,
WAN003,2023-10-03 22:10:00,172.62,
WAN003,2023-10-03 22:20:00,172.6,
WAN003,2023-10-03 22:30:00,172.6,
WAN003,2023-10-03 22:40:00,172.6,
WAN003,2023-10-03 22:50:00,172.58,
WAN003,2023-10-03 23:00:00,172.59,
WAN003,2023-10-03 23:10:00,172.57,
WAN003,2023-10-03 23:20:00,172.57,
WAN003,2023-10-03 23:30:00,172.57,
WAN003,2023-10-03 23:40:00,172.56,
WAN003,2023-10-03 23:50:00,172.57,
WAN003,2023-10-04 00:00:00,172.55,
WAN003,2023-10-04 00:10:00,172.55,
WAN003,2023-10-04 00:20:00,172.54,
WAN003,2023-10-04 00:30:00,172.54,
WAN003,2023-10-04 00:40:00,172.52,
WAN003,2023-10-04 00:50:00,172.53,
WAN003,2023-10-04 01:00:00,172.52,
WAN003,2023-10-04 01:10:00,172.52,
WAN003,2023-10-04 01:20:00,172.49,
WAN003,2023-10-04 01:30:00,172.51,
WAN003,2023-10-04 01:40:00,172.51,
WAN003,2023-10-04 01:50:00,172.48,
WAN003,2023-10-04 02:00:00,172.49,
WAN003,2023-10-04 02:10:00,172.49,
WAN003,2023-10-04 02:20:00,172.48,
WAN003,2023-10-04 02:30:00,172.49,
WAN003,2023-10-04 02:40:00,172.48,
WAN003,2023-10-04 02:50:00,172.46,
WAN003,2023-10-04 03:00:00,172.46,
WAN003,2023-10-04 03:10:00,172.47,
WAN003,2023-10-04 03:20:00,172.46,
WAN003,2023-10-04 03:30:00,172.44,
WAN003,2023-10-04 03:40:00,172.45,
WAN003,2023-10-04 03:50:00,172.44,
WAN003,2023-10-04 04:00:00,172.44,
WAN003,2023-10-04 04:10:00,172.44,
WAN003,2023-10-04 04:20:00,172.42,
WAN003,2023-10-04 04:30:00,172.42,
WAN003,2023-10-04 04:40:00,172.42,
WAN003,2023-10-04 04:50:00,172.43,
WAN003,2023-10-04 05:00:00,172.42,
WAN003,2023-10-04 05:10:00,172.41,
WAN003,2023-10-04 05:20:00,172.41,
WAN003,2023-10-04 05:30:00,172.41,
WAN003,2023-10-04 05:40:00,172.4,
WAN003,2023-10-04 05:50:00,172.39,
WAN003,2023-10-04 06:00:00,172.38,
WAN003,2023-10-04 06:10:00,172.39,
WAN003,2023-10-04 06:20:00,172.38,
WAN003,2023-10-04 06:30:00,172.37,
WAN003,2023-10-04 06:40:00,172.38,
WAN003,2023-10-04 06:50:00,172.37,
WAN003,2023-10-04 07:00:00,172.36,
WAN003,2023-10-04 07:10:00,172.36,
WAN003,2023-10-04 07:20:00,172.35,
WAN003,2023-10-04 07:30:00,172.36,
WAN003,2023-10-04 07:40:00,172.34,
WAN003,2023-10-04 07:50:00,172.35,
WAN003,2023-10-04 08:00:00,172.35,
WAN003,2023-10-04 08:10:00,172.34,
WAN003,2023-10-04 08:20:00,172.33,
WAN003,2023-10-04 08:30:00,172.34,
WAN003,2023-10-04 08:40:00,172.33,
WAN003,2023-10-04 08:50:00,172.32,
WAN003,2023-10-04 09:00:00,172.32,
WAN003,2023-10-04 09:10:00,172.32,
WAN003,2023-10-04 09:20:00,172.31,
WAN003,2023-10-04 09:30:00,172.31,
WAN003,2023-10-04 09:40:00,172.3,
WAN003,2023-10-04 09:50:00,172.29,
WAN003,2023-10-04 10:00:00,172.29,
WAN003,2023-10-04 10:10:00,172.28,
WAN003,2023-10-04 10:20:00,172.27,
WAN003,2023-10-04 10:30:00,172.27,
WAN003,2023-10-04 10:40:00,172.28,
WAN003,2023-10-04 10:50:00,172.27,
WAN003,2023-10-04 11:00:00,172.26,
WAN003,2023-10-04 11:10:00,172.25,
WAN003,2023-10-04 11:20:00,172.27,
WAN003,2023-10-04 11:30:00,172.25,
WAN003,2023-10-04 11:40:00,172.25,
WAN003,2023-10-04 11:50:00,172.23,
WAN003,2023-10-04 12:00:00,172.23,
WAN003,2023-10-04 12:10:00,172.23,
WAN003,2023-10-04 12:20:00,172.23,
WAN003,2023-10-04 12:30:00,172.23,
WAN003,2023-10-04 12:40:00,172.21,
WAN003,2023-10-04 12:50:00,172.22,
WAN003,2023-10-04 13:00:00,172.21,
WAN003,2023-10-04 13:10:00,172.2,
WAN003,2023-10-04 13:20:00,172.21,
WAN003,2023-10-04 13:30:00,172.21,
WAN003,2023-10-04 13:40:00,172.2,
WAN003,2023-10-04 13:50:00,172.19,
WAN003,2023-10-04 14:00:00,172.18,
WAN003,2023-10-04 14:10:00,172.19,
WAN003,2023-10-04 14:20:00,172.19,
WAN003,2023-10-04 14:30:00,172.18,
WAN003,2023-10-04 14:40:00,172.18,
WAN003,2023-10-04 14:50:00,172.17,
WAN003,2023-10-04 15:00:00,172.17,
WAN003,2023-10-04 15:10:00,172.17,
WAN003,2023-10-04 15:20:00,172.16,
WAN003,2023-10-04 15:30:00,172.15,
WAN003,2023-10-04 15:40:00,172.14,
WAN003,2023-10-04 15:50:00,172.15,
WAN003,2023-10-04 16:00:00,172.15,
WAN003,2023-10-04 16:10:00,172.15,
WAN003,2023-10-04 16:20:00,172.14,
WAN003,2023-10-04 16:30:00,172.12,
WAN003,2023-10-04 16:40:00,172.13,
WAN003,2023-10-04 16:50:00,172.13,
WAN003,2023-10-04 17:00:00,172.12,
WAN003,2023-10-04 17:10:00,172.12,
WAN003,2023-10-04 17:20:00,172.13,
WAN003,2023-10-04 17:30:00,172.11,
WAN003,2023-10-04 17:40:00,172.11,
WAN003,2023-10-04 17:50:00,172.11,
WAN003,2023-10-04 18:00:00,172.11,
WAN003,2023-10-04 18:10:00,172.11,
WAN003,2023-10-04 18:20:00,172.1,
WAN003,2023-10-04 18:30:00,172.1,
WAN003,2023-10-04 18:40:00,172.08,
WAN003,2023-10-04 18:50:00,172.09,
WAN003,2023-10-04 19:00:00,172.1,
WAN003,2023-10-04 19:10:00,172.09,
WAN003,2023-10-04 19:20:00,172.08,
WAN003,2023-10-04 19:30:00,172.09,
WAN003,2023-10-04 19:40:00,172.07,
WAN003,2023-10-04 19:50:00,172.07,
WAN003,2023-10-04 20:00:00,172.07,
WAN003,2023-10-04 20:10:00,172.07,
WAN003,2023-10-04 20:20:00,172.05,
WAN003,2023-10-04 20:30:00,172.06,
WAN003,2023-10-04 20:40:00,172.06,
WAN003,2023-10-04 20:50:00,172.06,
WAN003,2023-10-04 21:00:00,172.05,
WAN003,2023-10-04 21:10:00,172.06,
WAN003,2023-10-04 21:20:00,172.05,
WAN003,2023-10-04 21:30:00,172.04,
WAN003,2023-10-04 21:40:00,172.02,
WAN003,2023-10-04 21:50:00,172.03,
WAN003,2023-10-04 22:00:00,172.02,
WAN003,2023-10-04 22:10:00,172.02,
WAN003,2023-10-04 22:20:00,172.04,
WAN003,2023-10-04 22:30:00,172.02,
WAN003,2023-10-04 22:40:00,172.02,
WAN003,2023-10-04 22:50:00,172.02,
WAN003,2023-10-04 23:00:00,172.01,
WAN003,2023-10-04 23:10:00,172,
WAN003,2023-10-04 23:20:00,172.01,
WAN003,2023-10-04 23:30:00,172.01,
WAN003,2023-10-04 23:40:00,171.99,
WAN003,2023-10-04 23:50:00,171.99,
WAN003,2023-10-05 00:00:00,172,
WAN003,2023-10-05 00:10:00,171.99,
WAN003,2023-10-05 00:20:00,171.99,
WAN003,2023-10-05 00:30:00,171.99,
WAN003,2023-10-05 00:40:00,171.98,
WAN003,2023-10-05 00:50:00,171.97,
WAN003,2023-10-05 01:00:00,171.97,
WAN003,2023-10-05 01:10:00,171.97,
WAN003,2023-10-05 01:20:00,171.97,
WAN003,2023-10-05 01:30:00,171.98,
WAN003,2023-10-05 01:40:00,171.97,
WAN003,2023-10-05 01:50:00,171.99,
WAN003,2023-10-05 02:00:00,172,
WAN003,2023-10-05 02:10:00,172.02,
WAN003,2023-10-05 02:20:00,172.04,
WAN003,2023-10-05 02:30:00,172.11,
WAN003,2023-10-05 02:40:00,172.19,
WAN003,2023-10-05 02:50:00,172.22,
WAN003,2023-10-05 03:00:00,172.26,
WAN003,2023-10-05 03:10:00,172.28,
WAN003,2023-10-05 03:20:00,172.31,
WAN003,2023-10-05 03:30:00,172.3,
WAN003,2023-10-05 03:40:00,172.29,
WAN003,2023-10-05 03:50:00,172.28,
WAN003,2023-10-05 04:00:00,172.26,
WAN003,2023-10-05 04:10:00,172.23,
WAN003,2023-10-05 04:20:00,172.23,
WAN003,2023-10-05 04:30:00,172.2,
WAN003,2023-10-05 04:40:00,172.18,
WAN003,2023-10-05 04:50:00,172.17,
WAN003,2023-10-05 05:00:00,172.15,
WAN003,2023-10-05 05:10:00,172.13,
WAN003,2023-10-05 05:20:00,172.12,
WAN003,2023-10-05 05:30:00,172.11,
WAN003,2023-10-05 05:40:00,172.11,
WAN003,2023-10-05 05:50:00,172.09,
WAN003,2023-10-05 06:00:00,172.08,
WAN003,2023-10-05 06:10:00,172.07,
WAN003,2023-10-05 06:20:00,172.06,
WAN003,2023-10-05 06:30:00,172.04,
WAN003,2023-10-05 06:40:00,172.05,
WAN003,2023-10-05 06:50:00,172.03,
WAN003,2023-10-05 07:00:00,172.03,
WAN003,2023-10-05 07:10:00,172.02,
WAN003,2023-10-05 07:20:00,172.02,
WAN003,2023-10-05 07:30:00,172,
WAN003,2023-10-05 07:40:00,-,
WAN003,2023-10-05 07:50:00,172,
WAN003,2023-10-05 08:00:00,171.99,
WAN003,2023-10-05 08:10:00,171.98,
WAN003,2023-10-05 08:20:00,171.98,
WAN003,2023-10-05 08:30:00,171.96,
WAN003,2023-10-05 08:40:00,171.96,
WAN003,2023-10-05 08:50:00,171.97,
WAN003,2023-10-05 09:00:00,171.95,
WAN003,2023-10-05 09:10:00,171.96,
WAN003,2023-10-05 09:20:00,171.95,
WAN003,2023-10-05 09:30:00,171.95,
WAN003,2023-10-05 09:40:00,171.94,
WAN003,2023-10-05 09:50:00,171.94,
WAN003,2023-10-05 10:00:00,171.93,
WAN003,2023-10-05 10:10:00,171.93,
WAN003,2023-10-05 10:20:00,171.93,
WAN003,2023-10-05 10:30:00,171.93,
WAN003,2023-10-05 10:40:00,171.92,
WAN003,2023-10-05 10:50:00,171.91,
WAN003,2023-10-05 11:00:00,171.91,
WAN003,2023-10-05 11:10:00,-,
WAN003,2023-10-05 11:20:00,171.91,
WAN003,2023-10-05 11:30:00,171.92,
WAN003,2023-10-05 11:40:00,171.93,
WAN003,2023-10-05 11:50:00,171.91,
WAN003,2023-10-05 12:00:00,171.9,
WAN003,2023-10-05 12:10:00,171.9,
WAN003,2023-10-05 12:20:00,171.89,
WAN003,2023-10-05 12:30:00,171.89,
WAN003,2023-10-05 12:40:00,171.87,
WAN003,2023-10-05 12:50:00,171.9,
WAN003,2023-10-05 13:00:00,171.87,
WAN003,2023-10-05 13:10:00,171.88,
WAN003,2023-10-05 13:20:00,171.89,
WAN003,2023-10-05 13:30:00,171.89,
WAN003,2023-10-05 13:40:00,171.89,
WAN003,2023-10-05 13:50:00,171.89,
WAN003,2023-10-05 14:00:00,171.87,
WAN003,2023-10-05 14:10:00,171.87,
WAN003,2023-10-05 14:20:00,171.87,
WAN003,2023-10-05 14:30:00,171.87,
WAN003,2023-10-05 14:40:00,171.86,
WAN003,2023-10-05 14:50:00,171.85,
WAN003,2023-10-05 15:00:00,171.87,
WAN003,2023-10-05 15:10:00,171.85,
WAN003,2023-10-05 15:20:00,171.85,
WAN003,2023-10-05 15:30:00,171.86,
WAN003,2023-10-05 15:40:00,171.85,
WAN003,2023-10-05 15:50:00,171.85,
WAN003,2023-10-05 16:00:00,171.84,
WAN003,2023-10-05 16:10:00,171.85,
WAN003,2023-10-05 16:20:00,171.84,
WAN003,2023-10-05 16:30:00,171.84,
WAN003,2023-10-05 16:40:00,171.83,
WAN003,2023-10-05 16:50:00,171.83,
WAN003,2023-10-05 17:00:00,171.82,
WAN003,2023-10-05 17:10:00,171.83,
WAN003,2023-10-05 17:20:00,171.83,
WAN003,2023-10-05 17:30:00,171.82,
WAN003,2023-10-05 17:40:00,171.83,
WAN003,2023-10-05 17:50:00,171.84,
WAN003,2023-10-05 18:00:00,171.82,
WAN003,2023-10-05 18:10:00,171.83,
WAN003,2023-10-05 18:20:00,171.86,
WAN003,2023-10-05 18:30:00,171.86,
WAN003,2023-10-05 18:40:00,171.89,
WAN003,2023-10-05 18:50:00,171.87,
WAN003,2023-10-05 19:00:00,171.87,
WAN003,2023-10-05 19:10:00,171.86,
WAN003,2023-10-05 19:20:00,171.85,
WAN003,2023-10-05 19:30:00,171.84,
WAN003,2023-10-05 19:40:00,171.85,
WAN003,2023-10-05 19:50:00,171.83,
WAN003,2023-10-05 20:00:00,171.83,
WAN003,2023-10-05 20:10:00,171.84,
WAN003,2023-10-05 20:20:00,171.82,
WAN003,2023-10-05 20:30:00,171.83,
WAN003,2023-10-05 20:40:00,171.82,
WAN003,2023-10-05 20:50:00,171.82,
WAN003,2023-10-05 21:00:00,171.81,
WAN003,2023-10-05 21:10:00,171.81,
WAN003,2023-10-05 21:20:00,171.81,
WAN003,2023-10-05 21:30:00,171.81,
WAN003,2023-10-05 21:40:00,171.8,
WAN003,2023-10-05 21:50:00,171.8,
WAN003,2023-10-05 22:00:00,171.79,
WAN003,2023-10-05 22:10:00,171.79,
WAN003,2023-10-05 22:20:00,171.79,
WAN003,2023-10-05 22:30:00,171.79,
WAN003,2023-10-05 22:40:00,171.79,
WAN003,2023-10-05 22:50:00,171.79,
WAN003,2023-10-05 23:00:00,171.78,
WAN003,2023-10-05 23:10:00,171.77,
WAN003,2023-10-05 23:20:00,171.78,
WAN003,2023-10-05 23:30:00,171.78,
WAN003,2023-10-05 23:40:00,171.78,
WAN003,2023-10-05 23:50:00,171.78,
WAN003,2023-10-06 00:00:00,171.78,
WAN003,2023-10-06 00:10:00,171.78,
WAN003,2023-10-06 00:20:00,171.76,
WAN003,2023-10-06 00:30:00,171.77,
WAN003,2023-10-06 00:40:00,171.77,
WAN003,2023-10-06 00:50:00,171.77,
WAN003,2023-10-06 01:00:00,171.76,
WAN003,2023-10-06 01:10:00,171.76,
WAN003,2023-10-06 01:20:00,171.77,
WAN003,2023-10-06 01:30:00,171.77,
WAN003,2023-10-06 01:40:00,171.76,
WAN003,2023-10-06 01:50:00,171.75,
WAN003,2023-10-06 02:00:00,171.76,
WAN003,2023-10-06 02:10:00,171.76,
WAN003,2023-10-06 02:20:00,171.76,
WAN003,2023-10-06 02:30:00,171.76,
WAN003,2023-10-06 02:40:00,171.74,
WAN003,2023-10-06 02:50:00,171.75,
WAN003,2023-10-06 03:00:00,171.75,
WAN003,2023-10-06 03:10:00,171.76,
WAN003,2023-10-06 03:20:00,171.74,
WAN003,2023-10-06 03:30:00,171.76,
WAN003,2023-10-06 03:40:00,171.76,
WAN003,2023-10-06 03:50:00,171.74,
WAN003,2023-10-06 04:00:00,171.74,
WAN003,2023-10-06 04:10:00,171.74,
WAN003,2023-10-06 04:20:00,171.74,
WAN003,2023-10-06 04:30:00,171.73,
WAN003,2023-10-06 04:40:00,171.73,
WAN003,2023-10-06 04:50:00,171.74,
WAN003,2023-10-06 05:00:00,171.74,
WAN003,2023-10-06 05:10:00,171.73,
WAN003,2023-10-06 05:20:00,171.72,
WAN003,2023-10-06 05:30:00,171.72,
WAN003,2023-10-06 05:40:00,171.73,
WAN003,2023-10-06 05:50:00,171.71,
WAN003,2023-10-06 06:00:00,171.72,
WAN003,2023-10-06 06:10:00,171.72,
WAN003,2023-10-06 06:20:00,171.71,
WAN003,2023-10-06 06:30:00,171.72,
WAN003,2023-10-06 06:40:00,171.71,
WAN003,2023-10-06 06:50:00,171.72,
WAN003,2023-10-06 07:00:00,171.72,
WAN003,2023-10-06 07:10:00,171.71,
WAN003,2023-10-06 07:20:00,171.72,
WAN003,2023-10-06 07:30:00,171.71,
WAN003,2023-10-06 07:40:00,171.72,
WAN003,2023-10-06 07:50:00,171.71,
WAN003,2023-10-06 08:00:00,171.71,
WAN003,2023-10-06 08:10:00,171.71,
WAN003,2023-10-06 08:20:00,171.71,
WAN003,2023-10-06 08:30:00,171.71,
WAN003,2023-10-06 08:40:00,171.71,
WAN003,2023-10-06 08:50:00,171.7,
WAN003,2023-10-06 09:00:00,171.7,
WAN003,2023-10-06 09:10:00,171.72,
WAN003,2023-10-06 09:20:00,-,
WAN003,2023-10-06 09:30:00,171.7,
WAN003,2023-10-06 09:40:00,171.72,
WAN003,2023-10-06 09:50:00,171.69,
WAN003,2023-10-06 10:00:00,171.69,
WAN003,2023-10-06 10:10:00,-,
WAN003,2023-10-06 10:20:00,-,
WAN003,2023-10-06 10:30:00,-,
WAN003,2023-10-06 10:40:00,171.68,
WAN003,2023-10-06 10:50:00,171.69,
WAN003,2023-10-06 11:00:00,171.68,
WAN003,2023-10-06 11:10:00,171.68,
WAN003,2023-10-06 11:20:00,171.68,
WAN003,2023-10-06 11:30:00,171.67,
WAN003,2023-10-06 11:40:00,-,
WAN003,2023-10-06 11:50:00,171.68,
WAN003,2023-10-06 12:00:00,171.67,
WAN003,2023-10-06 12:10:00,171.66,
WAN003,2023-10-06 12:20:00,171.67,
WAN003,2023-10-06 12:30:00,171.66,
WAN003,2023-10-06 12:40:00,171.65,
WAN003,2023-10-06 12:50:00,171.67,
WAN003,2023-10-06 13:00:00,171.66,
WAN003,2023-10-06 13:10:00,171.65,
WAN003,2023-10-06 13:20:00,171.65,
WAN003,2023-10-06 13:30:00,171.66,
WAN003,2023-10-06 13:40:00,171.65,
WAN003,2023-10-06 13:50:00,171.65,
WAN003,2023-10-06 14:00:00,171.64,
WAN003,2023-10-06 14:10:00,171.65,
WAN003,2023-10-06 14:20:00,171.64,
WAN003,2023-10-06 14:30:00,171.64,
WAN003,2023-10-06 14:40:00,171.64,
WAN003,2023-10-06 14:50:00,171.65,
WAN003,2023-10-06 15:00:00,171.64,
WAN003,2023-10-06 15:10:00,171.65,
WAN003,2023-10-06 15:20:00,171.66,
WAN003,2023-10-06 15:30:00,171.65,
WAN003,2023-10-06 15:40:00,171.66,
WAN003,2023-10-06 15:50:00,171.65,
WAN003,2023-10-06 16:00:00,171.65,
WAN003,2023-10-06 16:10:00,171.64,
WAN003,2023-10-06 16:20:00,171.64,
WAN003,2023-10-06 16:30:00,171.64,
WAN003,2023-10-06 16:40:00,171.63,
WAN003,2023-10-06 16:50:00,171.63,
WAN003,2023-10-06 17:00:00,171.64,
WAN003,2023-10-06 17:10:00,171.63,
WAN003,2023-10-06 17:20:00,171.65,
WAN003,2023-10-06 17:30:00,171.63,
WAN003,2023-10-06 17:40:00,171.64,
WAN003,2023-10-06 17:50:00,171.64,
WAN003,2023-10-06 18:00:00,171.64,
WAN003,2023-10-06 18:10:00,171.62,
WAN003,2023-10-06 18:20:00,171.63,
WAN003,2023-10-06 18:30:00,171.63,
WAN003,2023-10-06 18:40:00,171.62,
WAN003,2023-10-06 18:50:00,171.62,
WAN003,2023-10-06 19:00:00,171.63,
WAN003,2023-10-06 19:10:00,171.62,
WAN003,2023-10-06 19:20:00,171.63,
WAN003,2023-10-06 19:30:00,171.63,
WAN003,2023-10-06 19:40:00,171.62,
WAN003,2023-10-06 19:50:00,171.62,
WAN003,2023-10-06 20:00:00,171.62,
WAN003,2023-10-06 20:10:00,171.62,
WAN003,2023-10-06 20:20:00,171.61,
WAN003,2023-10-06 20:30:00,171.62,
WAN003,2023-10-06 20:40:00,171.62,
WAN003,2023-10-06 20:50:00,171.61,
WAN003,2023-10-06 21:00:00,171.61,
WAN003,2023-10-06 21:10:00,171.61,
WAN003,2023-10-06 21:20:00,171.61,
WAN003,2023-10-06 21:30:00,171.6,
WAN003,2023-10-06 21:40:00,171.61,
WAN003,2023-10-06 21:50:00,171.6,
WAN003,2023-10-06 22:00:00,171.61,
WAN003,2023-10-06 22:10:00,171.57,
WAN003,2023-10-06 22:20:00,171.59,
WAN003,2023-10-06 22:30:00,171.59,
WAN003,2023-10-06 22:40:00,171.59,
WAN003,2023-10-06 22:50:00,171.6,
WAN003,2023-10-06 23:00:00,171.57,
WAN003,2023-10-06 23:10:00,171.59,
WAN003,2023-10-06 23:20:00,171.59,
WAN003,2023-10-06 23:30:00,171.59,
WAN003,2023-10-06 23:40:00,171.59,
WAN003,2023-10-06 23:50:00,171.58,
WAN003,2023-10-07 00:00:00,171.57,
WAN003,2023-10-07 00:10:00,171.58,
WAN003,2023-10-07 00:20:00,171.58,
WAN003,2023-10-07 00:30:00,171.57,
WAN003,2023-10-07 00:40:00,171.57,
WAN003,2023-10-07 00:50:00,171.56,
WAN003,2023-10-07 01:00:00,171.56,
WAN003,2023-10-07 01:10:00,171.56,
WAN003,2023-10-07 01:20:00,171.57,
WAN003,2023-10-07 01:30:00,171.55,
WAN003,2023-10-07 01:40:00,171.56,
WAN003,2023-10-07 01:50:00,171.55,
WAN003,2023-10-07 02:00:00,171.55,
WAN003,2023-10-07 02:10:00,171.55,
WAN003,2023-10-07 02:20:00,171.55,
WAN003,2023-10-07 02:30:00,171.55,
WAN003,2023-10-07 02:40:00,171.55,
WAN003,2023-10-07 02:50:00,171.56,
WAN003,2023-10-07 03:00:00,171.56,
WAN003,2023-10-07 03:10:00,171.54,
WAN003,2023-10-07 03:20:00,171.54,
WAN003,2023-10-07 03:30:00,171.55,
WAN003,2023-10-07 03:40:00,171.55,
WAN003,2023-10-07 03:50:00,171.55,
WAN003,2023-10-07 04:00:00,171.56,
WAN003,2023-10-07 04:10:00,171.54,
WAN003,2023-10-07 04:20:00,171.55,
WAN003,2023-10-07 04:30:00,171.54,
WAN003,2023-10-07 04:40:00,171.55,
WAN003,2023-10-07 04:50:00,171.54,
WAN003,2023-10-07 05:00:00,171.55,
WAN003,2023-10-07 05:10:00,171.54,
WAN003,2023-10-07 05:20:00,171.52,
WAN003,2023-10-07 05:30:00,171.55,
WAN003,2023-10-07 05:40:00,171.54,
WAN003,2023-10-07 05:50:00,171.55,
WAN003,2023-10-07 06:00:00,171.55,
WAN003,2023-10-07 06:10:00,171.54,
WAN003,2023-10-07 06:20:00,171.55,
WAN003,2023-10-07 06:30:00,171.54,
WAN003,2023-10-07 06:40:00,171.55,
WAN003,2023-10-07 06:50:00,171.55,
WAN003,2023-10-07 07:00:00,171.55,
WAN003,2023-10-07 07:10:00,171.55,
WAN003,2023-10-07 07:20:00,171.54,
WAN003,2023-10-07 07:30:00,171.56,
WAN003,2023-10-07 07:40:00,171.55,
WAN003,2023-10-07 07:50:00,171.55,
WAN003,2023-10-07 08:00:00,171.55,
WAN003,2023-10-07 08:10:00,171.55,
WAN003,2023-10-07 08:20:00,171.54,
WAN003,2023-10-07 08:30:00,171.55,
WAN003,2023-10-07 08:40:00,171.56,
WAN003,2023-10-07 08:50:00,171.55,
WAN003,2023-10-07 09:00:00,171.54,
WAN003,2023-10-07 09:10:00,171.55,
WAN003,2023-10-07 09:20:00,171.55,
WAN003,2023-10-07 09:30:00,171.55,
WAN003,2023-10-07 09:40:00,171.55,
WAN003,2023-10-07 09:50:00,171.55,
WAN003,2023-10-07 10:00:00,171.55,
WAN003,2023-10-07 10:10:00,171.55,
WAN003,2023-10-07 10:20:00,171.56,
WAN003,2023-10-07 10:30:00,171.56,
WAN003,2023-10-07 10:40:00,171.55,
WAN003,2023-10-07 10:50:00,171.56,
WAN003,2023-10-07 11:00:00,171.56,
WAN003,2023-10-07 11:10:00,171.56,
WAN003,2023-10-07 11:20:00,171.55,
WAN003,2023-10-07 11:30:00,171.56,
WAN003,2023-10-07 11:40:00,171.55,
WAN003,2023-10-07 11:50:00,171.55,
WAN003,2023-10-07 12:00:00,171.55,
WAN003,2023-10-07 12:10:00,171.55,
WAN003,2023-10-07 12:20:00,171.54,
WAN003,2023-10-07 12:30:00,171.55,
WAN003,2023-10-07 12:40:00,171.55,
WAN003,2023-10-07 12:50:00,171.55,
WAN003,2023-10-07 13:00:00,171.55,
WAN003,2023-10-07 13:10:00,171.54,
WAN003,2023-10-07 13:20:00,171.55,
WAN003,2023-10-07 13:30:00,171.55,
WAN003,2023-10-07 13:40:00,171.54,
WAN003,2023-10-07 13:50:00,171.54,
WAN003,2023-10-07 14:00:00,171.54,
WAN003,2023-10-07 14:10:00,171.55,
WAN003,2023-10-07 14:20:00,171.54,
WAN003,2023-10-07 14:30:00,171.56,
WAN003,2023-10-07 14:40:00,171.55,
WAN003,2023-10-07 14:50:00,171.54,
WAN003,2023-10-07 15:00:00,171.56,
WAN003,2023-10-07 15:10:00,171.56,
WAN003,2023-10-07 15:20:00,171.57,
WAN003,2023-10-07 15:30:00,171.56,
WAN003,2023-10-07 15:40:00,-,
WAN003,2023-10-07 15:50:00,-,
WAN003,2023-10-07 16:00:00,171.56,
WAN003,2023-10-07 16:10:00,171.56,
WAN003,2023-10-07 16:20:00,171.56,
WAN003,2023-10-07 16:30:00,171.55,
WAN003,2023-10-07 16:40:00,171.56,
WAN003,2023-10-07 16:50:00,171.56,
WAN003,2023-10-07 17:00:00,171.55,
WAN003,2023-10-07 17:10:00,171.55,
WAN003,2023-10-07 17:20:00,171.56,
WAN003,2023-10-07 17:30:00,171.57,
WAN003,2023-10-07 17:40:00,171.54,
WAN003,2023-10-07 17:50:00,171.57,
WAN003,2023-10-07 18:00:00,171.57,
WAN003,2023-10-07 18:10:00,171.57,
WAN003,2023-10-07 18:20:00,171.56,
WAN003,2023-10-07 18:30:00,171.59,
WAN003,2023-10-07 18:40:00,171.59,
WAN003,2023-10-07 18:50:00,171.6,
WAN003,2023-10-07 19:00:00,171.61,
WAN003,2023-10-07 19:10:00,171.63,
WAN003,2023-10-07 19:20:00,171.64,
WAN003,2023-10-07 19:30:00,171.67,
WAN003,2023-10-07 19:40:00,171.73,
WAN003,2023-10-07 19:50:00,171.76,
WAN003,2023-10-07 20:00:00,171.81,
WAN003,2023-10-07 20:10:00,171.86,
WAN003,2023-10-07 20:20:00,171.88,
WAN003,2023-10-07 20:30:00,171.9,
WAN003,2023-10-07 20:40:00,171.93,
WAN003,2023-10-07 20:50:00,171.98,
WAN003,2023-10-07 21:00:00,172.01,
WAN003,2023-10-07 21:10:00,172.03,
WAN003,2023-10-07 21:20:00,172.05,
WAN003,2023-10-07 21:30:00,172.07,
WAN003,2023-10-07 21:40:00,172.08,
WAN003,2023-10-07 21:50:00,172.09,
WAN003,2023-10-07 22:00:00,172.13,
WAN003,2023-10-07 22:10:00,172.12,
WAN003,2023-10-07 22:20:00,172.11,
WAN003,2023-10-07 22:30:00,172.13,
WAN003,2023-10-07 22:40:00,172.12,
WAN003,2023-10-07 22:50:00,172.13,
WAN003,2023-10-07 23:00:00,172.13,
WAN003,2023-10-07 23:10:00,172.13,
WAN003,2023-10-07 23:20:00,172.14,
WAN003,2023-10-07 23:30:00,172.13,
WAN003,2023-10-07 23:40:00,172.13,
WAN003,2023-10-07 23:50:00,172.13,
WAN003,2023-10-08 00:00:00,172.14,
WAN003,2023-10-08 00:10:00,172.13,
WAN003,2023-10-08 00:20:00,172.12,
WAN003,2023-10-08 00:30:00,172.12,
WAN003,2023-10-08 00:40:00,172.11,
WAN003,2023-10-08 00:50:00,172.12,
WAN003,2023-10-08 01:00:00,172.12,
WAN003,2023-10-08 01:10:00,172.12,
WAN003,2023-10-08 01:20:00,172.13,
WAN003,2023-10-08 01:30:00,172.13,
WAN003,2023-10-08 01:40:00,172.14,
WAN003,2023-10-08 01:50:00,172.14,
WAN003,2023-10-08 02:00:00,172.14,
WAN003,2023-10-08 02:10:00,172.15,
WAN003,2023-10-08 02:20:00,172.17,
WAN003,2023-10-08 02:30:00,172.17,
WAN003,2023-10-08 02:40:00,172.18,
WAN003,2023-10-08 02:50:00,172.21,
WAN003,2023-10-08 03:00:00,172.2,
WAN003,2023-10-08 03:10:00,172.23,
WAN003,2023-10-08 03:20:00,172.23,
WAN003,2023-10-08 03:30:00,172.25,
WAN003,2023-10-08 03:40:00,172.27,
WAN003,2023-10-08 03:50:00,172.27,
WAN003,2023-10-08 04:00:00,172.29,
WAN003,2023-10-08 04:10:00,172.31,
WAN003,2023-10-08 04:20:00,172.33,
WAN003,2023-10-08 04:30:00,172.34,
WAN003,2023-10-08 04:40:00,172.36,
WAN003,2023-10-08 04:50:00,172.38,
WAN003,2023-10-08 05:00:00,172.38,
WAN003,2023-10-08 05:10:00,172.39,
WAN003,2023-10-08 05:20:00,172.41,
WAN003,2023-10-08 05:30:00,172.43,
WAN003,2023-10-08 05:40:00,172.44,
WAN003,2023-10-08 05:50:00,172.46,
WAN003,2023-10-08 06:00:00,172.47,
WAN003,2023-10-08 06:10:00,172.49,
WAN003,2023-10-08 06:20:00,172.5,
WAN003,2023-10-08 06:30:00,172.5,
WAN003,2023-10-08 06:40:00,172.52,
WAN003,2023-10-08 06:50:00,172.53,
WAN003,2023-10-08 07:00:00,172.54,
WAN003,2023-10-08 07:10:00,172.55,
WAN003,2023-10-08 07:20:00,172.57,
WAN003,2023-10-08 07:30:00,172.58,
WAN003,2023-10-08 07:40:00,172.59,
WAN003,2023-10-08 07:50:00,172.6,
WAN003,2023-10-08 08:00:00,172.62,
WAN003,2023-10-08 08:10:00,172.63,
WAN003,2023-10-08 08:20:00,172.64,
WAN003,2023-10-08 08:30:00,172.64,
WAN003,2023-10-08 08:40:00,-,
WAN003,2023-10-08 08:50:00,-,
WAN003,2023-10-08 09:00:00,172.68,
WAN003,2023-10-08 09:10:00,172.7,
WAN003,2023-10-08 09:20:00,172.7,
WAN003,2023-10-08 09:30:00,172.72,
WAN003,2023-10-08 09:40:00,172.71,
WAN003,2023-10-08 09:50:00,172.72,
WAN003,2023-10-08 10:00:00,172.74,
WAN003,2023-10-08 10:10:00,172.75,
WAN003,2023-10-08 10:20:00,172.75,
WAN003,2023-10-08 10:30:00,172.77,
WAN003,2023-10-08 10:40:00,172.77,
WAN003,2023-10-08 10:50:00,172.79,
WAN003,2023-10-08 11:00:00,172.78,
WAN003,2023-10-08 11:10:00,172.8,
WAN003,2023-10-08 11:20:00,172.82,
WAN003,2023-10-08 11:30:00,172.82,
WAN003,2023-10-08 11:40:00,172.83,
WAN003,2023-10-08 11:50:00,172.83,
WAN003,2023-10-08 12:00:00,172.83,
WAN003,2023-10-08 12:10:00,172.84,
WAN003,2023-10-08 12:20:00,172.85,
WAN003,2023-10-08 12:30:00,172.87,
WAN003,2023-10-08 12:40:00,172.88,
WAN003,2023-10-08 12:50:00,172.86,
WAN003,2023-10-08 13:00:00,172.88,
WAN003,2023-10-08 13:10:00,172.88,
WAN003,2023-10-08 13:20:00,172.89,
WAN003,2023-10-08 13:30:00,172.9,
WAN003,2023-10-08 13:40:00,172.9,
WAN003,2023-10-08 13:50:00,172.91,
WAN003,2023-10-08 14:00:00,172.92,
WAN003,2023-10-08 14:10:00,172.92,
WAN003,2023-10-08 14:20:00,172.94,
WAN003,2023-10-08 14:30:00,172.92,
WAN003,2023-10-08 14:40:00,-,
WAN003,2023-10-08 14:50:00,172.95,
WAN003,2023-10-08 15:00:00,172.93,
WAN003,2023-10-08 15:10:00,172.93,
WAN003,2023-10-08 15:20:00,172.94,
WAN003,2023-10-08 15:30:00,172.95,
WAN003,2023-10-08 15:40:00,172.95,
WAN003,2023-10-08 15:50:00,172.94,
WAN003,2023-10-08 16:00:00,172.96,
WAN003,2023-10-08 16:10:00,172.97,
WAN003,2023-10-08 16:20:00,172.96,
WAN003,2023-10-08 16:30:00,172.96,
WAN003,2023-10-08 16:40:00,172.96,
WAN003,2023-10-08 16:50:00,172.96,
WAN003,2023-10-08 17:00:00,172.96,
WAN003,2023-10-08 17:10:00,172.97,
WAN003,2023-10-08 17:20:00,172.97,
WAN003,2023-10-08 17:30:00,172.97,
WAN003,2023-10-08 17:40:00,172.97,
WAN003,2023-10-08 17:50:00,172.97,
WAN003,2023-10-08 18:00:00,172.98,
WAN003,2023-10-08 18:10:00,172.98,
WAN003,2023-10-08 18:20:00,172.99,
WAN003,2023-10-08 18:30:00,172.98,
WAN003,2023-10-08 18:40:00,172.98,
WAN003,2023-10-08 18:50:00,172.97,
WAN003,2023-10-08 19:00:00,172.95,
WAN003,2023-10-08 19:10:00,172.97,
WAN003,2023-10-08 19:20:00,172.96,
WAN003,2023-10-08 19:30:00,172.97,
WAN003,2023-10-08 19:40:00,172.97,
WAN003,2023-10-08 19:50:00,172.96,
WAN003,2023-10-08 20:00:00,172.97,
WAN003,2023-10-08 20:10:00,172.95,
WAN003,2023-10-08 20:20:00,172.96,
WAN003,2023-10-08 20:30:00,172.96,
WAN003,2023-10-08 20:40:00,172.95,
WAN003,2023-10-08 20:50:00,172.95,
WAN003,2023-10-08 21:00:00,172.94,
WAN003,2023-10-08 21:10:00,172.94,
WAN003,2023-10-08 21:20:00,172.95,
WAN003,2023-10-08 21:30:00,172.94,
WAN003,2023-10-08 21:40:00,172.94,
WAN003,2023-10-08 21:50:00,172.94,
WAN003,2023-10-08 22:00:00,172.93,
WAN003,2023-10-08 22:10:00,172.92,
WAN003,2023-10-08 22:20:00,172.94,
WAN003,2023-10-08 22:30:00,172.93,
WAN003,2023-10-08 22:40:00,172.92,
WAN003,2023-10-08 22:50:00,172.92,
WAN003,2023-10-08 23:00:00,172.91,
WAN003,2023-10-08 23:10:00,172.91,
WAN003,2023-10-08 23:20:00,172.9,
WAN003,2023-10-08 23:30:00,172.91,
WAN003,2023-10-08 23:40:00,172.9,
WAN003,2023-10-08 23:50:00,172.9,
WAN003,2023-10-09 00:00:00,172.9,
WAN003,2023-10-09 00:10:00,172.86,
WAN003,2023-10-09 00:20:00,172.87,
WAN003,2023-10-09 00:30:00,172.87,
WAN003,2023-10-09 00:40:00,172.86,
WAN003,2023-10-09 00:50:00,172.88,
WAN003,2023-10-09 01:00:00,172.87,
WAN003,2023-10-09 01:10:00,172.87,
WAN003,2023-10-09 01:20:00,172.85,
WAN003,2023-10-09 01:30:00,172.85,
WAN003,2023-10-09 01:40:00,172.84,
WAN003,2023-10-09 01:50:00,172.85,
WAN003,2023-10-09 02:00:00,172.83,
WAN003,2023-10-09 02:10:00,172.83,
WAN003,2023-10-09 02:20:00,172.81,
WAN003,2023-10-09 02:30:00,172.81,
WAN003,2023-10-09 02:40:00,172.8,
WAN003,2023-10-09 02:50:00,172.81,
WAN003,2023-10-09 03:00:00,172.82,
WAN003,2023-10-09 03:10:00,172.8,
WAN003,2023-10-09 03:20:00,172.8,
WAN003,2023-10-09 03:30:00,172.8,
WAN003,2023-10-09 03:40:00,172.79,
WAN003,2023-10-09 03:50:00,172.78,
WAN003,2023-10-09 04:00:00,172.78,
WAN003,2023-10-09 04:10:00,172.79,
WAN003,2023-10-09 04:20:00,172.78,
WAN003,2023-10-09 04:30:00,172.78,
WAN003,2023-10-09 04:40:00,172.77,
WAN003,2023-10-09 04:50:00,172.77,
WAN003,2023-10-09 05:00:00,172.77,
WAN003,2023-10-09 05:10:00,172.77,
WAN003,2023-10-09 05:20:00,172.75,
WAN003,2023-10-09 05:30:00,172.74,
WAN003,2023-10-09 05:40:00,172.74,
WAN003,2023-10-09 05:50:00,172.73,
WAN003,2023-10-09 06:00:00,172.72,
WAN003,2023-10-09 06:10:00,172.73,
WAN003,2023-10-09 06:20:00,172.72,
WAN003,2023-10-09 06:30:00,172.72,
WAN003,2023-10-09 06:40:00,172.72,
WAN003,2023-10-09 06:50:00,172.71,
WAN003,2023-10-09 07:00:00,172.71,
WAN003,2023-10-09 07:10:00,172.71,
WAN003,2023-10-09 07:20:00,172.7,
WAN003,2023-10-09 07:30:00,172.7,
WAN003,2023-10-09 07:40:00,172.7,
WAN003,2023-10-09 07:50:00,172.7,
WAN003,2023-10-09 08:00:00,172.71,
WAN003,2023-10-09 08:10:00,172.71,
WAN003,2023-10-09 08:20:00,172.7,
WAN003,2023-10-09 08:30:00,172.69,
WAN003,2023-10-09 08:40:00,172.71,
WAN003,2023-10-09 08:50:00,172.69,
WAN003,2023-10-09 09:00:00,172.69,
WAN003,2023-10-09 09:10:00,-,
WAN003,2023-10-09 09:20:00,-,
WAN003,2023-10-09 09:30:00,-,
WAN003,2023-10-09 09:40:00,172.69,
WAN003,2023-10-09 09:50:00,172.68,
WAN003,2023-10-09 10:00:00,172.69,
WAN003,2023-10-09 10:10:00,172.69,
WAN003,2023-10-09 10:20:00,172.7,
WAN003,2023-10-09 10:30:00,172.69,
WAN003,2023-10-09 10:40:00,172.7,
WAN003,2023-10-09 10:50:00,172.71,
WAN003,2023-10-09 11:00:00,172.7,
WAN003,2023-10-09 11:10:00,172.7,
WAN003,2023-10-09 11:20:00,172.71,
WAN003,2023-10-09 11:30:00,172.7,
WAN003,2023-10-09 11:40:00,172.69,
WAN003,2023-10-09 11:50:00,172.71,
WAN003,2023-10-09 12:00:00,172.72,
WAN003,2023-10-09 12:10:00,172.72,
WAN003,2023-10-09 12:20:00,172.73,
WAN003,2023-10-09 12:30:00,172.73,
WAN003,2023-10-09 12:40:00,172.73,
WAN003,2023-10-09 12:50:00,-,
WAN003,2023-10-09 13:00:00,172.72,
WAN003,2023-10-09 13:10:00,172.74,
WAN003,2023-10-09 13:20:00,172.74,
WAN003,2023-10-09 13:30:00,-,
WAN003,2023-10-09 13:40:00,-,
WAN003,2023-10-09 13:50:00,172.77,
WAN003,2023-10-09 14:00:00,172.76,
WAN003,2023-10-09 14:10:00,172.76,
WAN003,2023-10-09 14:20:00,172.76,
WAN003,2023-10-09 14:30:00,172.76,
WAN003,2023-10-09 14:40:00,172.76,
WAN003,2023-10-09 14:50:00,172.76,
WAN003,2023-10-09 15:00:00,172.77,
WAN003,2023-10-09 15:10:00,172.77,
WAN003,2023-10-09 15:20:00,-,
WAN003,2023-10-09 15:30:00,172.77,
WAN003,2023-10-09 15:40:00,172.78,
WAN003,2023-10-09 15:50:00,172.79,
WAN003,2023-10-09 16:00:00,172.78,
WAN003,2023-10-09 16:10:00,172.8,
WAN003,2023-10-09 16:20:00,172.81,
WAN003,2023-10-09 16:30:00,172.8,
WAN003,2023-10-09 16:40:00,172.81,
WAN003,2023-10-09 16:50:00,172.8,
WAN003,2023-10-09 17:00:00,172.81,
WAN003,2023-10-09 17:10:00,172.83,
WAN003,2023-10-09 17:20:00,172.82,
WAN003,2023-10-09 17:30:00,172.81,
WAN003,2023-10-09 17:40:00,172.82,
WAN003,2023-10-09 17:50:00,172.82,
WAN003,2023-10-09 18:00:00,172.83,
WAN003,2023-10-09 18:10:00,172.84,
WAN003,2023-10-09 18:20:00,172.82,
WAN003,2023-10-09 18:30:00,172.84,
WAN003,2023-10-09 18:40:00,172.84,
WAN003,2023-10-09 18:50:00,172.83,
WAN003,2023-10-09 19:00:00,172.84,
WAN003,2023-10-09 19:10:00,172.84,
WAN003,2023-10-09 19:20:00,172.84,
WAN003,2023-10-09 19:30:00,172.85,
WAN003,2023-10-09 19:40:00,172.84,
WAN003,2023-10-09 19:50:00,172.87,
WAN003,2023-10-09 20:00:00,172.86,
WAN003,2023-10-09 20:10:00,172.87,
WAN003,2023-10-09 20:20:00,172.85,
WAN003,2023-10-09 20:30:00,172.87,
WAN003,2023-10-09 20:40:00,172.87,
WAN003,2023-10-09 20:50:00,172.87,
WAN003,2023-10-09 21:00:00,172.85,
WAN003,2023-10-09 21:10:00,172.87,
WAN003,2023-10-09 21:20:00,172.86,
WAN003,2023-10-09 21:30:00,172.88,
WAN003,2023-10-09 21:40:00,172.89,
WAN003,2023-10-09 21:50:00,172.89,
WAN003,2023-10-09 22:00:00,172.89,
WAN003,2023-10-09 22:10:00,172.9,
WAN003,2023-10-09 22:20:00,172.89,
WAN003,2023-10-09 22:30:00,172.9,
WAN003,2023-10-09 22:40:00,172.88,
WAN003,2023-10-09 22:50:00,172.88,
WAN003,2023-10-09 23:00:00,172.9,
WAN003,2023-10-09 23:10:00,172.89,
WAN003,2023-10-09 23:20:00,172.9,
WAN003,2023-10-09 23:30:00,172.92,
WAN003,2023-10-09 23:40:00,172.9,
WAN003,2023-10-09 23:50:00,172.91,
WAN003,2023-10-10 00:00:00,172.92,
WAN003,2023-10-10 00:10:00,172.94,
WAN003,2023-10-10 00:20:00,172.91,
WAN003,2023-10-10 00:30:00,172.9,
WAN003,2023-10-10 00:40:00,172.91,
WAN003,2023-10-10 00:50:00,172.91,
WAN003,2023-10-10 01:00:00,172.92,
WAN003,2023-10-10 01:10:00,172.9,
WAN003,2023-10-10 01:20:00,172.93,
WAN003,2023-10-10 01:30:00,172.91,
WAN003,2023-10-10 01:40:00,172.93,
WAN003,2023-10-10 01:50:00,172.92,
WAN003,2023-10-10 02:00:00,172.91,
WAN003,2023-10-10 02:10:00,172.91,
WAN003,2023-10-10 02:20:00,172.92,
WAN003,2023-10-10 02:30:00,172.92,
WAN003,2023-10-10 02:40:00,172.93,
WAN003,2023-10-10 02:50:00,172.94,
WAN003,2023-10-10 03:00:00,172.93,
WAN003,2023-10-10 03:10:00,172.93,
WAN003,2023-10-10 03:20:00,172.94,
WAN003,2023-10-10 03:30:00,172.94,
WAN003,2023-10-10 03:40:00,172.93,
WAN003,2023-10-10 03:50:00,172.94,
WAN003,2023-10-10 04:00:00,172.93,
WAN003,2023-10-10 04:10:00,172.93,
WAN003,2023-10-10 04:20:00,172.94,
WAN003,2023-10-10 04:30:00,172.94,
WAN003,2023-10-10 04:40:00,172.95,
WAN003,2023-10-10 04:50:00,172.95,
WAN003,2023-10-10 05:00:00,172.96,
WAN003,2023-10-10 05:10:00,172.95,
WAN003,2023-10-10 05:20:00,172.95,
WAN003,2023-10-10 05:30:00,172.95,
WAN003,2023-10-10 05:40:00,172.96,
WAN003,2023-10-10 05:50:00,172.95,
WAN003,2023-10-10 06:00:00,172.95,
WAN003,2023-10-10 06:10:00,172.97,
WAN003,2023-10-10 06:20:00,172.97,
WAN003,2023-10-10 06:30:00,172.96,
WAN003,2023-10-10 06:40:00,172.96,
WAN003,2023-10-10 06:50:00,172.96,
WAN003,2023-10-10 07:00:00,172.97,
WAN003,2023-10-10 07:10:00,172.98,
WAN003,2023-10-10 07:20:00,172.98,
WAN003,2023-10-10 07:30:00,172.98,
WAN003,2023-10-10 07:40:00,172.97,
WAN003,2023-10-10 07:50:00,172.99,
WAN003,2023-10-10 08:00:00,172.97,
WAN003,2023-10-10 08:10:00,172.99,
WAN003,2023-10-10 08:20:00,172.99,
WAN003,2023-10-10 08:30:00,173,
WAN003,2023-10-10 08:40:00,173,
WAN003,2023-10-10 08:50:00,173.01,
WAN003,2023-10-10 09:00:00,172.99,
WAN003,2023-10-10 09:10:00,173.01,
WAN003,2023-10-10 09:20:00,173.01,
WAN003,2023-10-10 09:30:00,173.01,
WAN003,2023-10-10 09:40:00,173.02,
WAN003,2023-10-10 09:50:00,173.01,
WAN003,2023-10-10 10:00:00,173,
WAN003,2023-10-10 10:10:00,-,
WAN003,2023-10-10 10:20:00,173.01,
WAN003,2023-10-10 10:30:00,173.02,
WAN003,2023-10-10 10:40:00,173.03,
WAN003,2023-10-10 10:50:00,173.04,
WAN003,2023-10-10 11:00:00,173.04,
WAN003,2023-10-10 11:10:00,-,
WAN003,2023-10-10 11:20:00,173.04,
WAN003,2023-10-10 11:30:00,173.04,
WAN003,2023-10-10 11:40:00,173.04,
WAN003,2023-10-10 11:50:00,173.05,
WAN003,2023-10-10 12:00:00,173.04,
WAN003,2023-10-10 12:10:00,173.07,
WAN003,2023-10-10 12:20:00,173.06,
WAN003,2023-10-10 12:30:00,173.06,
WAN003,2023-10-10 12:40:00,173.06,
WAN003,2023-10-10 12:50:00,173.07,
WAN003,2023-10-10 13:00:00,173.1,
WAN003,2023-10-10 13:10:00,173.07,
WAN003,2023-10-10 13:20:00,173.07,
WAN003,2023-10-10 13:30:00,173.06,
WAN003,2023-10-10 13:40:00,173.08,
WAN003,2023-10-10 13:50:00,173.09,
WAN003,2023-10-10 14:00:00,173.09,
WAN003,2023-10-10 14:10:00,-,
WAN003,2023-10-10 14:20:00,-,
WAN003,2023-10-10 14:30:00,173.11,
WAN003,2023-10-10 14:40:00,173.11,
WAN003,2023-10-10 14:50:00,173.1,
WAN003,2023-10-10 15:00:00,173.1,
WAN003,2023-10-10 15:10:00,173.12,
WAN003,2023-10-10 15:20:00,173.1,
WAN003,2023-10-10 15:30:00,173.11,
WAN003,2023-10-10 15:40:00,173.1,
WAN003,2023-10-10 15:50:00,173.11,
WAN003,2023-10-10 16:00:00,173.13,
WAN003,2023-10-10 16:10:00,173.12,
WAN003,2023-10-10 16:20:00,173.12,
WAN003,2023-10-10 16:30:00,173.13,
WAN003,2023-10-10 16:40:00,173.14,
WAN003,2023-10-10 16:50:00,173.12,
WAN003,2023-10-10 17:00:00,173.15,
WAN003,2023-10-10 17:10:00,173.16,
WAN003,2023-10-10 17:20:00,173.16,
WAN003,2023-10-10 17:30:00,173.17,
WAN003,2023-10-10 17:40:00,173.19,
WAN003,2023-10-10 17:50:00,173.2,
WAN003,2023-10-10 18:00:00,173.22,
WAN003,2023-10-10 18:10:00,173.22,
WAN003,2023-10-10 18:20:00,173.23,
WAN003,2023-10-10 18:30:00,173.21,
WAN003,2023-10-10 18:40:00,173.22,
WAN003,2023-10-10 18:50:00,173.23,
WAN003,2023-10-10 19:00:00,173.23,
WAN003,2023-10-10 19:10:00,173.23,
WAN003,2023-10-10 19:20:00,173.23,
WAN003,2023-10-10 19:30:00,173.25,
WAN003,2023-10-10 19:40:00,173.24,
WAN003,2023-10-10 19:50:00,173.23,
WAN003,2023-10-10 20:00:00,173.25,
WAN003,2023-10-10 20:10:00,173.23,
WAN003,2023-10-10 20:20:00,173.24,
WAN003,2023-10-10 20:30:00,173.25,
WAN003,2023-10-10 20:40:00,173.26,
WAN003,2023-10-10 20:50:00,173.24,
WAN003,2023-10-10 21:00:00,173.26,
WAN003,2023-10-10 21:10:00,173.27,
WAN003,2023-10-10 21:20:00,173.27,
WAN003,2023-10-10 21:30:00,173.28,
WAN003,2023-10-10 21:40:00,173.27,
WAN003,2023-10-10 21:50:00,173.28,
WAN003,2023-10-10 22:00:00,173.27,
WAN003,2023-10-10 22:10:00,173.28,
WAN003,2023-10-10 22:20:00,173.28,
WAN003,2023-10-10 22:30:00,173.29,
WAN003,2023-10-10 22:40:00,173.28,
WAN003,2023-10-10 22:50:00,173.3,
WAN003,2023-10-10 23:00:00,173.29,
WAN003,2023-10-10 23:10:00,173.28,
WAN003,2023-10-10 23:20:00,173.3,
WAN003,2023-10-10 23:30:00,173.29,
WAN003,2023-10-10 23:40:00,173.3,
WAN003,2023-10-10 23:50:00,173.3,
WAN003,2023-10-11 00:00:00,173.3,
WAN003,2023-10-11 00:10:00,173.32,
WAN003,2023-10-11 00:20:00,173.3,
WAN003,2023-10-11 00:30:00,173.32,
WAN003,2023-10-11 00:40:00,173.32,
WAN003,2023-10-11 00:50:00,173.32,
WAN003,2023-10-11 01:00:00,173.31,
WAN003,2023-10-11 01:10:00,173.32,
WAN003,2023-10-11 01:20:00,173.33,
WAN003,2023-10-11 01:30:00,173.33,
WAN003,2023-10-11 01:40:00,173.33,
WAN003,2023-10-11 01:50:00,173.34,
WAN003,2023-10-11 02:00:00,173.34,
WAN003,2023-10-11 02:10:00,173.33,
WAN003,2023-10-11 02:20:00,173.34,
WAN003,2023-10-11 02:30:00,173.35,
WAN003,2023-10-11 02:40:00,173.33,
WAN003,2023-10-11 02:50:00,173.35,
WAN003,2023-10-11 03:00:00,173.35,
WAN003,2023-10-11 03:10:00,173.35,
WAN003,2023-10-11 03:20:00,173.34,
WAN003,2023-10-11 03:30:00,173.35,
WAN003,2023-10-11 03:40:00,173.36,
WAN003,2023-10-11 03:50:00,173.35,
WAN003,2023-10-11 04:00:00,173.35,
WAN003,2023-10-11 04:10:00,173.35,
WAN003,2023-10-11 04:20:00,173.36,
WAN003,2023-10-11 04:30:00,173.36,
WAN003,2023-10-11 04:40:00,173.36,
WAN003,2023-10-11 04:50:00,173.37,
WAN003,2023-10-11 05:00:00,173.39,
WAN003,2023-10-11 05:10:00,173.38,
WAN003,2023-10-11 05:20:00,173.36,
WAN003,2023-10-11 05:30:00,173.38,
WAN003,2023-10-11 05:40:00,173.38,
WAN003,2023-10-11 05:50:00,173.38,
WAN003,2023-10-11 06:00:00,173.39,
WAN003,2023-10-11 06:10:00,173.4,
WAN003,2023-10-11 06:20:00,173.4,
WAN003,2023-10-11 06:30:00,173.39,
WAN003,2023-10-11 06:40:00,173.41,
WAN003,2023-10-11 06:50:00,173.39,
WAN003,2023-10-11 07:00:00,173.39,
WAN003,2023-10-11 07:10:00,173.39,
WAN003,2023-10-11 07:20:00,173.4,
WAN003,2023-10-11 07:30:00,173.41,
WAN003,2023-10-11 07:40:00,173.41,
WAN003,2023-10-11 07:50:00,173.41,
WAN003,2023-10-11 08:00:00,173.41,
WAN003,2023-10-11 08:10:00,173.41,
WAN003,2023-10-11 08:20:00,173.42,
WAN003,2023-10-11 08:30:00,173.42,
WAN003,2023-10-11 08:40:00,173.43,
WAN003,2023-10-11 08:50:00,173.42,
WAN003,2023-10-11 09:00:00,173.44,
WAN003,2023-10-11 09:10:00,173.43,
WAN003,2023-10-11 09:20:00,173.43,
WAN003,2023-10-11 09:30:00,173.44,
WAN003,2023-10-11 09:40:00,173.44,
WAN003,2023-10-11 09:50:00,173.43,
WAN003,2023-10-11 10:00:00,173.43,
WAN003,2023-10-11 10:10:00,173.46,
WAN003,2023-10-11 10:20:00,173.44,
WAN003,2023-10-11 10:30:00,173.44,
WAN003,2023-10-11 10:40:00,173.45,
WAN003,2023-10-11 10:50:00,173.43,
WAN003,2023-10-11 11:00:00,173.44,
WAN003,2023-10-11 11:10:00,173.43,
WAN003,2023-10-11 11:20:00,173.44,
WAN003,2023-10-11 11:30:00,173.43,
WAN003,2023-10-11 11:40:00,173.46,
WAN003,2023-10-11 11:50:00,173.45,
WAN003,2023-10-11 12:00:00,173.44,
WAN003,2023-10-11 12:10:00,173.45,
WAN003,2023-10-11 12:20:00,173.46,
WAN003,2023-10-11 12:30:00,173.44,
WAN003,2023-10-11 12:40:00,173.44,
WAN003,2023-10-11 12:50:00,173.44,
WAN003,2023-10-11 13:00:00,173.43,
WAN003,2023-10-11 13:10:00,173.45,
WAN003,2023-10-11 13:20:00,-,
WAN003,2023-10-11 13:30:00,173.45,
WAN003,2023-10-11 13:40:00,173.43,
WAN003,2023-10-11 13:50:00,173.44,
WAN003,2023-10-11 14:00:00,173.46,
WAN003,2023-10-11 14:10:00,173.44,
WAN003,2023-10-11 14:20:00,173.43,
WAN003,2023-10-11 14:30:00,173.44,
WAN003,2023-10-11 14:40:00,173.44,
WAN003,2023-10-11 14:50:00,173.44,
WAN003,2023-10-11 15:00:00,173.42,
WAN003,2023-10-11 15:10:00,-,
WAN003,2023-10-11 15:20:00,173.43,
WAN003,2023-10-11 15:30:00,173.44,
WAN003,2023-10-11 15:40:00,173.44,
WAN003,2023-10-11 15:50:00,173.43,
WAN003,2023-10-11 16:00:00,173.42,
WAN003,2023-10-11 16:10:00,173.43,
WAN003,2023-10-11 16:20:00,173.44,
WAN003,2023-10-11 16:30:00,173.43,
WAN003,2023-10-11 16:40:00,173.42,
WAN003,2023-10-11 16:50:00,173.41,
WAN003,2023-10-11 17:00:00,173.42,
WAN003,2023-10-11 17:10:00,173.42,
WAN003,2023-10-11 17:20:00,173.42,
WAN003,2023-10-11 17:30:00,173.4,
WAN003,2023-10-11 17:40:00,173.4,
WAN003,2023-10-11 17:50:00,173.4,
WAN003,2023-10-11 18:00:00,173.4,
WAN003,2023-10-11 18:10:00,173.41,
WAN003,2023-10-11 18:20:00,173.39,
WAN003,2023-10-11 18:30:00,173.39,
WAN003,2023-10-11 18:40:00,173.4,
WAN003,2023-10-11 18:50:00,173.39,
WAN003,2023-10-11 19:00:00,173.38,
WAN003,2023-10-11 19:10:00,173.39,
WAN003,2023-10-11 19:20:00,173.38,
WAN003,2023-10-11 19:30:00,173.39,
WAN003,2023-10-11 19:40:00,173.39,
WAN003,2023-10-11 19:50:00,173.37,
WAN003,2023-10-11 20:00:00,173.37,
WAN003,2023-10-11 20:10:00,173.36,
WAN003,2023-10-11 20:20:00,173.35,
WAN003,2023-10-11 20:30:00,173.36,
WAN003,2023-10-11 20:40:00,173.36,
WAN003,2023-10-11 20:50:00,173.35,
WAN003,2023-10-11 21:00:00,173.35,
WAN003,2023-10-11 21:10:00,173.35,
WAN003,2023-10-11 21:20:00,173.34,
WAN003,2023-10-11 21:30:00,173.35,
WAN003,2023-10-11 21:40:00,173.34,
WAN003,2023-10-11 21:50:00,173.34,
WAN003,2023-10-11 22:00:00,173.33,
WAN003,2023-10-11 22:10:00,173.33,
WAN003,2023-10-11 22:20:00,173.33,
WAN003,2023-10-11 22:30:00,173.33,
WAN003,2023-10-11 22:40:00,173.34,
WAN003,2023-10-11 22:50:00,173.32,
WAN003,2023-10-11 23:00:00,173.32,
WAN003,2023-10-11 23:10:00,173.32,
WAN003,2023-10-11 23:20:00,173.32,
WAN003,2023-10-11 23:30:00,173.32,
WAN003,2023-10-11 23:40:00,173.31,
WAN003,2023-10-11 23:50:00,173.31,
WAN003,2023-10-12 00:00:00,173.31,
WAN003,2023-10-12 00:10:00,173.3,
WAN003,2023-10-12 00:20:00,173.3,
WAN003,2023-10-12 00:30:00,173.3,
WAN003,2023-10-12 00:40:00,173.29,
WAN003,2023-10-12 00:50:00,173.3,
WAN003,2023-10-12 01:00:00,173.28,
WAN003,2023-10-12 01:10:00,173.3,
WAN003,2023-10-12 01:20:00,173.29,
WAN003,2023-10-12 01:30:00,173.28,
WAN003,2023-10-12 01:40:00,173.28,
WAN003,2023-10-12 01:50:00,173.29,
WAN003,2023-10-12 02:00:00,173.28,
WAN003,2023-10-12 02:10:00,173.28,
WAN003,2023-10-12 02:20:00,173.28,
WAN003,2023-10-12 02:30:00,173.27,
WAN003,2023-10-12 02:40:00,173.26,
WAN003,2023-10-12 02:50:00,173.27,
WAN003,2023-10-12 03:00:00,173.27,
WAN003,2023-10-12 03:10:00,173.25,
WAN003,2023-10-12 03:20:00,173.26,
WAN003,2023-10-12 03:30:00,173.25,
WAN003,2023-10-12 03:40:00,173.25,
WAN003,2023-10-12 03:50:00,173.24,
WAN003,2023-10-12 04:00:00,173.24,
WAN003,2023-10-12 04:10:00,173.25,
WAN003,2023-10-12 04:20:00,173.23,
WAN003,2023-10-12 04:30:00,173.22,
WAN003,2023-10-12 04:40:00,173.23,
WAN003,2023-10-12 04:50:00,173.22,
WAN003,2023-10-12 05:00:00,173.21,
WAN003,2023-10-12 05:10:00,173.24,
WAN003,2023-10-12 05:20:00,173.21,
WAN003,2023-10-12 05:30:00,173.22,
WAN003,2023-10-12 05:40:00,173.22,
WAN003,2023-10-12 05:50:00,173.22,
WAN003,2023-10-12 06:00:00,173.23,
WAN003,2023-10-12 06:10:00,173.22,
WAN003,2023-10-12 06:20:00,173.22,
WAN003,2023-10-12 06:30:00,173.23,
WAN003,2023-10-12 06:40:00,173.23,
WAN003,2023-10-12 06:50:00,173.23,
WAN003,2023-10-12 07:00:00,173.22,
WAN003,2023-10-12 07:10:00,173.23,
WAN003,2023-10-12 07:20:00,173.24,
WAN003,2023-10-12 07:30:00,173.24,
WAN003,2023-10-12 07:40:00,173.24,
WAN003,2023-10-12 07:50:00,173.24,
WAN003,2023-10-12 08:00:00,173.24,
WAN003,2023-10-12 08:10:00,-,
WAN003,2023-10-12 08:20:00,173.24,
WAN003,2023-10-12 08:30:00,173.24,
WAN003,2023-10-12 08:40:00,173.23,
WAN003,2023-10-12 08:50:00,173.24,
WAN003,2023-10-12 09:00:00,173.26,
WAN003,2023-10-12 09:10:00,-,
WAN003,2023-10-12 09:20:00,173.24,
WAN003,2023-10-12 09:30:00,173.25,
WAN003,2023-10-12 09:40:00,173.25,
WAN003,2023-10-12 09:50:00,173.24,
WAN003,2023-10-12 10:00:00,173.24,
WAN003,2023-10-12 10:10:00,173.26,
WAN003,2023-10-12 10:20:00,173.24,
WAN003,2023-10-12 10:30:00,173.26,
WAN003,2023-10-12 10:40:00,173.24,
WAN003,2023-10-12 10:50:00,173.24,
WAN003,2023-10-12 11:00:00,173.25,
WAN003,2023-10-12 11:10:00,173.24,
WAN003,2023-10-12 11:20:00,173.24,
WAN003,2023-10-12 11:30:00,173.25,
WAN003,2023-10-12 11:40:00,173.25,
WAN003,2023-10-12 11:50:00,173.24,
WAN003,2023-10-12 12:00:00,173.25,
WAN003,2023-10-12 12:10:00,173.26,
WAN003,2023-10-12 12:20:00,173.26,
WAN003,2023-10-12 12:30:00,173.27,
WAN003,2023-10-12 12:40:00,173.26,
WAN003,2023-10-12 12:50:00,173.26,
WAN003,2023-10-12 13:00:00,173.27,
WAN003,2023-10-12 13:10:00,173.28,
WAN003,2023-10-12 13:20:00,173.28,
WAN003,2023-10-12 13:30:00,173.28,
WAN003,2023-10-12 13:40:00,173.29,
WAN003,2023-10-12 13:50:00,173.28,
WAN003,2023-10-12 14:00:00,173.3,
WAN003,2023-10-12 14:10:00,173.3,
WAN003,2023-10-12 14:20:00,-,
WAN003,2023-10-12 14:30:00,173.33,
WAN003,2023-10-12 14:40:00,173.32,
WAN003,2023-10-12 14:50:00,173.32,
WAN003,2023-10-12 15:00:00,173.32,
WAN003,2023-10-12 15:10:00,173.35,
WAN003,2023-10-12 15:20:00,173.35,
WAN003,2023-10-12 15:30:00,173.35,
WAN003,2023-10-12 15:40:00,173.37,
WAN003,2023-10-12 15:50:00,173.37,
WAN003,2023-10-12 16:00:00,173.37,
WAN003,2023-10-12 16:10:00,173.37,
WAN003,2023-10-12 16:20:00,173.39,
WAN003,2023-10-12 16:30:00,173.39,
WAN003,2023-10-12 16:40:00,173.4,
WAN003,2023-10-12 16:50:00,173.41,
WAN003,2023-10-12 17:00:00,173.42,
WAN003,2023-10-12 17:10:00,173.45,
WAN003,2023-10-12 17:20:00,173.45,
WAN003,2023-10-12 17:30:00,173.45,
WAN003,2023-10-12 17:40:00,173.47,
WAN003,2023-10-12 17:50:00,173.46,
WAN003,2023-10-12 18:00:00,173.49,
WAN003,2023-10-12 18:10:00,173.49,
WAN003,2023-10-12 18:20:00,173.51,
WAN003,2023-10-12 18:30:00,173.52,
WAN003,2023-10-12 18:40:00,173.52,
WAN003,2023-10-12 18:50:00,173.52,
WAN003,2023-10-12 19:00:00,173.55,
WAN003,2023-10-12 19:10:00,173.55,
WAN003,2023-10-12 19:20:00,173.55,
WAN003,2023-10-12 19:30:00,173.57,
WAN003,2023-10-12 19:40:00,173.58,
WAN003,2023-10-12 19:50:00,173.56,
WAN003,2023-10-12 20:00:00,173.58,
WAN003,2023-10-12 20:10:00,173.6,
WAN003,2023-10-12 20:20:00,173.6,
WAN003,2023-10-12 20:30:00,173.61,
WAN003,2023-10-12 20:40:00,173.63,
WAN003,2023-10-12 20:50:00,173.64,
WAN003,2023-10-12 21:00:00,173.64,
WAN003,2023-10-12 21:10:00,173.65,
WAN003,2023-10-12 21:20:00,173.65,
WAN003,2023-10-12 21:30:00,173.64,
WAN003,2023-10-12 21:40:00,173.68,
WAN003,2023-10-12 21:50:00,173.67,
WAN003,2023-10-12 22:00:00,173.67,
WAN003,2023-10-12 22:10:00,173.69,
WAN003,2023-10-12 22:20:00,173.69,
WAN003,2023-10-12 22:30:00,173.69,
WAN003,2023-10-12 22:40:00,173.71,
WAN003,2023-10-12 22:50:00,173.71,
WAN003,2023-10-12 23:00:00,173.71,
WAN003,2023-10-12 23:10:00,173.71,
WAN003,2023-10-12 23:20:00,173.72,
WAN003,2023-10-12 23:30:00,173.72,
WAN003,2023-10-12 23:40:00,173.73,
WAN003,2023-10-12 23:50:00,173.73,
WAN003,2023-10-13 00:00:00,173.73,
WAN003,2023-10-13 00:10:00,173.74,
WAN003,2023-10-13 00:20:00,173.75,
WAN003,2023-10-13 00:30:00,173.74,
WAN003,2023-10-13 00:40:00,173.75,
WAN003,2023-10-13 00:50:00,173.76,
WAN003,2023-10-13 01:00:00,173.77,
WAN003,2023-10-13 01:10:00,173.78,
WAN003,2023-10-13 01:20:00,173.76,
WAN003,2023-10-13 01:30:00,173.78,
WAN003,2023-10-13 01:40:00,173.79,
WAN003,2023-10-13 01:50:00,173.78,
WAN003,2023-10-13 02:00:00,173.77,
WAN003,2023-10-13 02:10:00,173.77,
WAN003,2023-10-13 02:20:00,173.78,
WAN003,2023-10-13 02:30:00,173.78,
WAN003,2023-10-13 02:40:00,173.78,
WAN003,2023-10-13 02:50:00,173.79,
WAN003,2023-10-13 03:00:00,173.79,
WAN003,2023-10-13 03:10:00,173.77,
WAN003,2023-10-13 03:20:00,173.79,
WAN003,2023-10-13 03:30:00,173.78,
WAN003,2023-10-13 03:40:00,173.8,
WAN003,2023-10-13 03:50:00,173.79,
WAN003,2023-10-13 04:00:00,173.78,
WAN003,2023-10-13 04:10:00,173.77,
WAN003,2023-10-13 04:20:00,173.78,
WAN003,2023-10-13 04:30:00,173.79,
WAN003,2023-10-13 04:40:00,173.78,
WAN003,2023-10-13 04:50:00,173.76,
WAN003,2023-10-13 05:00:00,173.79,
WAN003,2023-10-13 05:10:00,173.78,
WAN003,2023-10-13 05:20:00,173.78,
WAN003,2023-10-13 05:30:00,173.77,
WAN003,2023-10-13 05:40:00,173.77,
WAN003,2023-10-13 05:50:00,173.76,
WAN003,2023-10-13 06:00:00,173.77,
WAN003,2023-10-13 06:10:00,173.76,
WAN003,2023-10-13 06:20:00,173.76,
WAN003,2023-10-13 06:30:00,173.76,
WAN003,2023-10-13 06:40:00,173.75,
WAN003,2023-10-13 06:50:00,173.76,
WAN003,2023-10-13 07:00:00,173.73,
WAN003,2023-10-13 07:10:00,173.74,
WAN003,2023-10-13 07:20:00,173.74,
WAN003,2023-10-13 07:30:00,173.73,
WAN003,2023-10-13 07:40:00,173.73,
WAN003,2023-10-13 07:50:00,173.73,
WAN003,2023-10-13 08:00:00,173.72,
WAN003,2023-10-13 08:10:00,173.71,
WAN003,2023-10-13 08:20:00,-,
WAN003,2023-10-13 08:30:00,173.72,
WAN003,2023-10-13 08:40:00,173.71,
WAN003,2023-10-13 08:50:00,173.7,
WAN003,2023-10-13 09:00:00,173.69,
WAN003,2023-10-13 09:10:00,173.7,
WAN003,2023-10-13 09:20:00,173.69,
WAN003,2023-10-13 09:30:00,173.68,
WAN003,2023-10-13 09:40:00,173.69,
WAN003,2023-10-13 09:50:00,173.66,
WAN003,2023-10-13 10:00:00,173.66,
WAN003,2023-10-13 10:10:00,173.67,
WAN003,2023-10-13 10:20:00,173.64,
WAN003,2023-10-13 10:30:00,173.65,
WAN003,2023-10-13 10:40:00,173.63,
WAN003,2023-10-13 10:50:00,173.64,
WAN003,2023-10-13 11:00:00,173.62,
WAN003,2023-10-13 11:10:00,173.62,
WAN003,2023-10-13 11:20:00,173.61,
WAN003,2023-10-13 11:30:00,173.61,
WAN003,2023-10-13 11:40:00,173.61,
WAN003,2023-10-13 11:50:00,173.59,
WAN003,2023-10-13 12:00:00,173.56,
WAN003,2023-10-13 12:10:00,173.57,
WAN003,2023-10-13 12:20:00,173.57,
WAN003,2023-10-13 12:30:00,173.56,
WAN003,2023-10-13 12:40:00,173.57,
WAN003,2023-10-13 12:50:00,173.56,
WAN003,2023-10-13 13:00:00,173.54,
WAN003,2023-10-13 13:10:00,173.53,
WAN003,2023-10-13 13:20:00,-,
WAN003,2023-10-13 13:30:00,173.52,
WAN003,2023-10-13 13:40:00,173.51,
WAN003,2023-10-13 13:50:00,173.51,
WAN003,2023-10-13 14:00:00,173.52,
WAN003,2023-10-13 14:10:00,173.49,
WAN003,2023-10-13 14:20:00,173.49,
WAN003,2023-10-13 14:30:00,-,
WAN003,2023-10-13 14:40:00,173.49,
WAN003,2023-10-13 14:50:00,-,
WAN003,2023-10-13 15:00:00,173.45,
WAN003,2023-10-13 15:10:00,-,
WAN003,2023-10-13 15:20:00,173.45,
WAN003,2023-10-13 15:30:00,-,
WAN003,2023-10-13 15:40:00,173.46,
WAN003,2023-10-13 15:50:00,173.44,
WAN003,2023-10-13 16:00:00,173.44,
WAN003,2023-10-13 16:10:00,173.44,
WAN003,2023-10-13 16:20:00,173.43,
WAN003,2023-10-13 16:30:00,173.44,
WAN003,2023-10-13 16:40:00,173.43,
WAN003,2023-10-13 16:50:00,173.41,
WAN003,2023-10-13 17:00:00,173.43,
WAN003,2023-10-13 17:10:00,173.41,
WAN003,2023-10-13 17:20:00,173.41,
WAN003,2023-10-13 17:30:00,173.41,
WAN003,2023-10-13 17:40:00,173.4,
WAN003,2023-10-13 17:50:00,173.39,
WAN003,2023-10-13 18:00:00,173.39,
WAN003,2023-10-13 18:10:00,173.38,
WAN003,2023-10-13 18:20:00,173.39,
WAN003,2023-10-13 18:30:00,173.36,
WAN003,2023-10-13 18:40:00,173.37,
WAN003,2023-10-13 18:50:00,173.36,
WAN003,2023-10-13 19:00:00,173.36,
WAN003,2023-10-13 19:10:00,173.36,
WAN003,2023-10-13 19:20:00,173.36,
WAN003,2023-10-13 19:30:00,173.36,
WAN003,2023-10-13 19:40:00,173.34,
WAN003,2023-10-13 19:50:00,173.34,
WAN003,2023-10-13 20:00:00,173.33,
WAN003,2023-10-13 20:10:00,173.32,
WAN003,2023-10-13 20:20:00,173.32,
WAN003,2023-10-13 20:30:00,173.32,
WAN003,2023-10-13 20:40:00,173.3,
WAN003,2023-10-13 20:50:00,173.3,
WAN003,2023-10-13 21:00:00,173.3,
WAN003,2023-10-13 21:10:00,173.29,
WAN003,2023-10-13 21:20:00,173.28,
WAN003,2023-10-13 21:30:00,173.28,
WAN003,2023-10-13 21:40:00,173.27,
WAN003,2023-10-13 21:50:00,173.26,
WAN003,2023-10-13 22:00:00,173.26,
WAN003,2023-10-13 22:10:00,173.26,
WAN003,2023-10-13 22:20:00,173.26,
WAN003,2023-10-13 22:30:00,173.29,
WAN003,2023-10-13 22:40:00,173.3,
WAN003,2023-10-13 22:50:00,173.35,
WAN003,2023-10-13 23:00:00,173.44,
WAN003,2023-10-13 23:10:00,173.49,
WAN003,2023-10-13 23:20:00,173.5,
WAN003,2023-10-13 23:30:00,173.5,
WAN003,2023-10-13 23:40:00,173.51,
WAN003,2023-10-13 23:50:00,173.5,
WAN003,2023-10-14 00:00:00,173.49,
WAN003,2023-10-14 00:10:00,173.51,
WAN003,2023-10-14 00:20:00,173.49,
WAN003,2023-10-14 00:30:00,173.49,
WAN003,2023-10-14 00:40:00,173.48,
WAN003,2023-10-14 00:50:00,173.45,
WAN003,2023-10-14 01:00:00,173.46,
WAN003,2023-10-14 01:10:00,173.43,
WAN003,2023-10-14 01:20:00,173.42,
WAN003,2023-10-14 01:30:00,173.4,
WAN003,2023-10-14 01:40:00,173.4,
WAN003,2023-10-14 01:50:00,173.38,
WAN003,2023-10-14 02:00:00,173.36,
WAN003,2023-10-14 02:10:00,173.34,
WAN003,2023-10-14 02:20:00,173.33,
WAN003,2023-10-14 02:30:00,173.33,
WAN003,2023-10-14 02:40:00,173.32,
WAN003,2023-10-14 02:50:00,173.32,
WAN003,2023-10-14 03:00:00,173.3,
WAN003,2023-10-14 03:10:00,173.3,
WAN003,2023-10-14 03:20:00,173.3,
WAN003,2023-10-14 03:30:00,173.28,
WAN003,2023-10-14 03:40:00,173.28,
WAN003,2023-10-14 03:50:00,173.28,
WAN003,2023-10-14 04:00:00,173.26,
WAN003,2023-10-14 04:10:00,173.26,
WAN003,2023-10-14 04:20:00,173.25,
WAN003,2023-10-14 04:30:00,173.24,
WAN003,2023-10-14 04:40:00,173.22,
WAN003,2023-10-14 04:50:00,173.23,
WAN003,2023-10-14 05:00:00,173.24,
WAN003,2023-10-14 05:10:00,173.23,
WAN003,2023-10-14 05:20:00,173.21,
WAN003,2023-10-14 05:30:00,173.19,
WAN003,2023-10-14 05:40:00,173.22,
WAN003,2023-10-14 05:50:00,173.2,
WAN003,2023-10-14 06:00:00,173.21,
WAN003,2023-10-14 06:10:00,173.19,
WAN003,2023-10-14 06:20:00,173.2,
WAN003,2023-10-14 06:30:00,173.2,
WAN003,2023-10-14 06:40:00,173.21,
WAN003,2023-10-14 06:50:00,173.2,
WAN003,2023-10-14 07:00:00,173.2,
WAN003,2023-10-14 07:10:00,173.2,
WAN003,2023-10-14 07:20:00,173.2,
WAN003,2023-10-14 07:30:00,173.2,
WAN003,2023-10-14 07:40:00,173.2,
WAN003,2023-10-14 07:50:00,-,
WAN003,2023-10-14 08:00:00,173.21,
WAN003,2023-10-14 08:10:00,173.19,
WAN003,2023-10-14 08:20:00,173.2,
WAN003,2023-10-14 08:30:00,173.2,
WAN003,2023-10-14 08:40:00,173.2,
WAN003,2023-10-14 08:50:00,173.19,
WAN003,2023-10-14 09:00:00,173.19,
WAN003,2023-10-14 09:10:00,173.19,
WAN003,2023-10-14 09:20:00,173.19,
WAN003,2023-10-14 09:30:00,173.19,
WAN003,2023-10-14 09:40:00,173.18,
WAN003,2023-10-14 09:50:00,173.18,
WAN003,2023-10-14 10:00:00,173.18,
WAN003,2023-10-14 10:10:00,173.17,
WAN003,2023-10-14 10:20:00,173.16,
WAN003,2023-10-14 10:30:00,173.16,
WAN003,2023-10-14 10:40:00,173.15,
WAN003,2023-10-14 10:50:00,173.16,
WAN003,2023-10-14 11:00:00,173.15,
WAN003,2023-10-14 11:10:00,173.15,
WAN003,2023-10-14 11:20:00,173.14,
WAN003,2023-10-14 11:30:00,173.13,
WAN003,2023-10-14 11:40:00,173.12,
WAN003,2023-10-14 11:50:00,173.11,
WAN003,2023-10-14 12:00:00,173.1,
WAN003,2023-10-14 12:10:00,173.11,
WAN003,2023-10-14 12:20:00,173.1,
WAN003,2023-10-14 12:30:00,173.11,
WAN003,2023-10-14 12:40:00,173.09,
WAN003,2023-10-14 12:50:00,173.09,
WAN003,2023-10-14 13:00:00,173.08,
WAN003,2023-10-14 13:10:00,173.08,
WAN003,2023-10-14 13:20:00,173.08,
WAN003,2023-10-14 13:30:00,173.07,
WAN003,2023-10-14 13:40:00,173.07,
WAN003,2023-10-14 13:50:00,173.05,
WAN003,2023-10-14 14:00:00,173.06,
WAN003,2023-10-14 14:10:00,173.04,
WAN003,2023-10-14 14:20:00,173.05,
WAN003,2023-10-14 14:30:00,173.04,
WAN003,2023-10-14 14:40:00,173.04,
WAN003,2023-10-14 14:50:00,173.03,
WAN003,2023-10-14 15:00:00,173.03,
WAN003,2023-10-14 15:10:00,173.04,
WAN003,2023-10-14 15:20:00,173.04,
WAN003,2023-10-14 15:30:00,173.02,
WAN003,2023-10-14 15:40:00,173.03,
WAN003,2023-10-14 15:50:00,173.03,
WAN003,2023-10-14 16:00:00,173.04,
WAN003,2023-10-14 16:10:00,173.04,
WAN003,2023-10-14 16:20:00,173.03,
WAN003,2023-10-14 16:30:00,173.04,
WAN003,2023-10-14 16:40:00,173.03,
WAN003,2023-10-14 16:50:00,173.03,
WAN003,2023-10-14 17:00:00,173.05,
WAN003,2023-10-14 17:10:00,173.04,
WAN003,2023-10-14 17:20:00,173.06,
WAN003,2023-10-14 17:30:00,173.05,
WAN003,2023-10-14 17:40:00,173.06,
WAN003,2023-10-14 17:50:00,173.06,
WAN003,2023-10-14 18:00:00,173.07,
WAN003,2023-10-14 18:10:00,173.07,
WAN003,2023-10-14 18:20:00,173.08,
WAN003,2023-10-14 18:30:00,173.08,
WAN003,2023-10-14 18:40:00,173.1,
WAN003,2023-10-14 18:50:00,173.1,
WAN003,2023-10-14 19:00:00,173.11,
WAN003,2023-10-14 19:10:00,173.11,
WAN003,2023-10-14 19:20:00,173.12,
WAN003,2023-10-14 19:30:00,173.12,
WAN003,2023-10-14 19:40:00,173.13,
WAN003,2023-10-14 19:50:00,173.12,
WAN003,2023-10-14 20:00:00,173.14,
WAN003,2023-10-14 20:10:00,173.15,
WAN003,2023-10-14 20:20:00,173.15,
WAN003,2023-10-14 20:30:00,173.18,
WAN003,2023-10-14 20:40:00,173.17,
WAN003,2023-10-14 20:50:00,173.18,
WAN003,2023-10-14 21:00:00,173.19,
WAN003,2023-10-14 21:10:00,173.19,
WAN003,2023-10-14 21:20:00,173.2,
WAN003,2023-10-14 21:30:00,173.2,
WAN003,2023-10-14 21:40:00,173.21,
WAN003,2023-10-14 21:50:00,173.21,
WAN003,2023-10-14 22:00:00,173.21,
WAN003,2023-10-14 22:10:00,173.21,
WAN003,2023-10-14 22:20:00,173.22,
WAN003,2023-10-14 22:30:00,173.23,
WAN003,2023-10-14 22:40:00,173.23,
WAN003,2023-10-14 22:50:00,173.23,
WAN003,2023-10-14 23:00:00,173.23,
WAN003,2023-10-14 23:10:00,173.23,
WAN003,2023-10-14 23:20:00,173.24,
WAN003,2023-10-14 23:30:00,173.23,
WAN003,2023-10-14 23:40:00,173.24,
WAN003,2023-10-14 23:50:00,173.25,
WAN003,2023-10-15 00:00:00,173.24,
WAN003,2023-10-15 00:10:00,173.26,
WAN003,2023-10-15 00:20:00,173.26,
WAN003,2023-10-15 00:30:00,173.26,
WAN003,2023-10-15 00:40:00,173.27,
WAN003,2023-10-15 00:50:00,173.26,
WAN003,2023-10-15 01:00:00,173.27,
WAN003,2023-10-15 01:10:00,173.27,
WAN003,2023-10-15 01:20:00,173.27,
WAN003,2023-10-15 01:30:00,173.27,
WAN003,2023-10-15 01:40:00,173.28,
WAN003,2023-10-15 01:50:00,173.28,
WAN003,2023-10-15 02:00:00,173.28,
WAN003,2023-10-15 02:10:00,173.28,
WAN003,2023-10-15 02:20:00,173.26,
WAN003,2023-10-15 02:30:00,173.28,
WAN003,2023-10-15 02:40:00,173.26,
WAN003,2023-10-15 02:50:00,173.26,
WAN003,2023-10-15 03:00:00,173.26,
WAN003,2023-10-15 03:10:00,173.26,
WAN003,2023-10-15 03:20:00,173.27,
WAN003,2023-10-15 03:30:00,173.27,
WAN003,2023-10-15 03:40:00,173.27,
WAN003,2023-10-15 03:50:00,173.26,
WAN003,2023-10-15 04:00:00,173.28,
WAN003,2023-10-15 04:10:00,173.26,
WAN003,2023-10-15 04:20:00,173.27,
WAN003,2023-10-15 04:30:00,173.27,
WAN003,2023-10-15 04:40:00,173.27,
WAN003,2023-10-15 04:50:00,173.26,
WAN003,2023-10-15 05:00:00,173.26,
WAN003,2023-10-15 05:10:00,173.27,
WAN003,2023-10-15 05:20:00,173.26,
WAN003,2023-10-15 05:30:00,173.25,
WAN003,2023-10-15 05:40:00,173.25,
WAN003,2023-10-15 05:50:00,173.26,
WAN003,2023-10-15 06:00:00,173.24,
WAN003,2023-10-15 06:10:00,173.24,
WAN003,2023-10-15 06:20:00,173.24,
WAN003,2023-10-15 06:30:00,173.23,
WAN003,2023-10-15 06:40:00,173.24,
WAN003,2023-10-15 06:50:00,173.21,
WAN003,2023-10-15 07:00:00,173.23,
WAN003,2023-10-15 07:10:00,173.21,
WAN003,2023-10-15 07:20:00,173.22,
WAN003,2023-10-15 07:30:00,173.23,
WAN003,2023-10-15 07:40:00,173.21,
WAN003,2023-10-15 07:50:00,173.21,
WAN003,2023-10-15 08:00:00,173.22,
WAN003,2023-10-15 08:10:00,173.22,
WAN003,2023-10-15 08:20:00,173.21,
WAN003,2023-10-15 08:30:00,173.22,
WAN003,2023-10-15 08:40:00,173.22,
WAN003,2023-10-15 08:50:00,173.23,
WAN003,2023-10-15 09:00:00,173.23,
WAN003,2023-10-15 09:10:00,173.23,
WAN003,2023-10-15 09:20:00,173.23,
WAN003,2023-10-15 09:30:00,173.25,
WAN003,2023-10-15 09:40:00,173.24,
WAN003,2023-10-15 09:50:00,173.26,
WAN003,2023-10-15 10:00:00,173.25,
WAN003,2023-10-15 10:10:00,173.26,
WAN003,2023-10-15 10:20:00,173.27,
WAN003,2023-10-15 10:30:00,173.27,
WAN003,2023-10-15 10:40:00,173.28,
WAN003,2023-10-15 10:50:00,173.3,
WAN003,2023-10-15 11:00:00,173.32,
WAN003,2023-10-15 11:10:00,173.31,
WAN003,2023-10-15 11:20:00,173.32,
WAN003,2023-10-15 11:30:00,173.34,
WAN003,2023-10-15 11:40:00,173.35,
WAN003,2023-10-15 11:50:00,173.36,
WAN003,2023-10-15 12:00:00,173.4,
WAN003,2023-10-15 12:10:00,173.4,
WAN003,2023-10-15 12:20:00,173.4,
WAN003,2023-10-15 12:30:00,173.42,
WAN003,2023-10-15 12:40:00,173.41,
WAN003,2023-10-15 12:50:00,173.44,
WAN003,2023-10-15 13:00:00,173.46,
WAN003,2023-10-15 13:10:00,173.47,
WAN003,2023-10-15 13:20:00,173.48,
WAN003,2023-10-15 13:30:00,173.5,
WAN003,2023-10-15 13:40:00,173.5,
WAN003,2023-10-15 13:50:00,173.54,
WAN003,2023-10-15 14:00:00,173.52,
WAN003,2023-10-15 14:10:00,173.54,
WAN003,2023-10-15 14:20:00,173.53,
WAN003,2023-10-15 14:30:00,173.56,
WAN003,2023-10-15 14:40:00,173.57,
WAN003,2023-10-15 14:50:00,173.58,
WAN003,2023-10-15 15:00:00,173.6,
WAN003,2023-10-15 15:10:00,173.6,
WAN003,2023-10-15 15:20:00,173.61,
WAN003,2023-10-15 15:30:00,173.61,
WAN003,2023-10-15 15:40:00,173.63,
WAN003,2023-10-15 15:50:00,173.63,
WAN003,2023-10-15 16:00:00,173.64,
WAN003,2023-10-15 16:10:00,173.64,
WAN003,2023-10-15 16:20:00,173.64,
WAN003,2023-10-15 16:30:00,173.65,
WAN003,2023-10-15 16:40:00,173.67,
WAN003,2023-10-15 16:50:00,173.67,
WAN003,2023-10-15 17:00:00,173.67,
WAN003,2023-10-15 17:10:00,173.66,
WAN003,2023-10-15 17:20:00,173.66,
WAN003,2023-10-15 17:30:00,173.69,
WAN003,2023-10-15 17:40:00,173.7,
WAN003,2023-10-15 17:50:00,173.67,
WAN003,2023-10-15 18:00:00,173.71,
WAN003,2023-10-15 18:10:00,173.64,
WAN003,2023-10-15 18:20:00,173.69,
WAN003,2023-10-15 18:30:00,173.68,
WAN003,2023-10-15 18:40:00,173.69,
WAN003,2023-10-15 18:50:00,173.69,
WAN003,2023-10-15 19:00:00,173.69,
WAN003,2023-10-15 19:10:00,173.7,
WAN003,2023-10-15 19:20:00,173.69,
WAN003,2023-10-15 19:30:00,173.7,
WAN003,2023-10-15 19:40:00,173.7,
WAN003,2023-10-15 19:50:00,173.7,
WAN003,2023-10-15 20:00:00,173.7,
WAN003,2023-10-15 20:10:00,173.69,
WAN003,2023-10-15 20:20:00,173.7,
WAN003,2023-10-15 20:30:00,173.69,
WAN003,2023-10-15 20:40:00,173.69,
WAN003,2023-10-15 20:50:00,173.69,
WAN003,2023-10-15 21:00:00,173.7,
WAN003,2023-10-15 21:10:00,173.69,
WAN003,2023-10-15 21:20:00,173.69,
WAN003,2023-10-15 21:30:00,173.69,
WAN003,2023-10-15 21:40:00,173.67,
WAN003,2023-10-15 21:50:00,173.7,
WAN003,2023-10-15 22:00:00,173.68,
WAN003,2023-10-15 22:10:00,173.67,
WAN003,2023-10-15 22:20:00,173.68,
WAN003,2023-10-15 22:30:00,173.67,
WAN003,2023-10-15 22:40:00,173.68,
WAN003,2023-10-15 22:50:00,173.67,
WAN003,2023-10-15 23:00:00,173.66,
WAN003,2023-10-15 23:10:00,173.67,
WAN003,2023-10-15 23:20:00,173.67,
WAN003,2023-10-15 23:30:00,173.67,
WAN003,2023-10-15 23:40:00,173.68,
WAN003,2023-10-15 23:50:00,173.66,
WAN003,2023-10-16 00:00:00,173.67,
WAN003,2023-10-16 00:10:00,173.68,
WAN003,2023-10-16 00:20:00,173.66,
WAN003,2023-10-16 00:30:00,173.66,
WAN003,2023-10-16 00:40:00,173.68,
WAN003,2023-10-16 00:50:00,173.65,
WAN003,2023-10-16 01:00:00,173.65,
WAN003,2023-10-16 01:10:00,173.65,
WAN003,2023-10-16 01:20:00,173.66,
WAN003,2023-10-16 01:30:00,173.68,
WAN003,2023-10-16 01:40:00,173.65,
WAN003,2023-10-16 01:50:00,173.65,
WAN003,2023-10-16 02:00:00,173.66,
WAN003,2023-10-16 02:10:00,173.64,
WAN003,2023-10-16 02:20:00,173.64,
WAN003,2023-10-16 02:30:00,173.65,
WAN003,2023-10-16 02:40:00,173.65,
WAN003,2023-10-16 02:50:00,173.64,
WAN003,2023-10-16 03:00:00,173.63,
WAN003,2023-10-16 03:10:00,173.63,
WAN003,2023-10-16 03:20:00,173.63,
WAN003,2023-10-16 03:30:00,173.64,
WAN003,2023-10-16 03:40:00,173.62,
WAN003,2023-10-16 03:50:00,173.64,
WAN003,2023-10-16 04:00:00,173.63,
WAN003,2023-10-16 04:10:00,173.63,
WAN003,2023-10-16 04:20:00,173.62,
WAN003,2023-10-16 04:30:00,173.62,
WAN003,2023-10-16 04:40:00,173.63,
WAN003,2023-10-16 04:50:00,173.63,
WAN003,2023-10-16 05:00:00,173.63,
WAN003,2023-10-16 05:10:00,173.62,
WAN003,2023-10-16 05:20:00,173.61,
WAN003,2023-10-16 05:30:00,173.6,
WAN003,2023-10-16 05:40:00,173.62,
WAN003,2023-10-16 05:50:00,173.61,
WAN003,2023-10-16 06:00:00,173.6,
WAN003,2023-10-16 06:10:00,173.61,
WAN003,2023-10-16 06:20:00,173.6,
WAN003,2023-10-16 06:30:00,173.59,
WAN003,2023-10-16 06:40:00,173.59,
WAN003,2023-10-16 06:50:00,173.57,
WAN003,2023-10-16 07:00:00,173.59,
WAN003,2023-10-16 07:10:00,173.6,
WAN003,2023-10-16 07:20:00,173.57,
WAN003,2023-10-16 07:30:00,173.58,
WAN003,2023-10-16 07:40:00,173.57,
WAN003,2023-10-16 07:50:00,173.56,
WAN003,2023-10-16 08:00:00,173.56,
WAN003,2023-10-16 08:10:00,173.58,
WAN003,2023-10-16 08:20:00,173.57,
WAN003,2023-10-16 08:30:00,173.56,
WAN003,2023-10-16 08:40:00,173.55,
WAN003,2023-10-16 08:50:00,173.55,
WAN003,2023-10-16 09:00:00,173.55,
WAN003,2023-10-16 09:10:00,173.53,
WAN003,2023-10-16 09:20:00,173.54,
WAN003,2023-10-16 09:30:00,173.52,
WAN003,2023-10-16 09:40:00,173.51,
WAN003,2023-10-16 09:50:00,173.52,
WAN003,2023-10-16 10:00:00,173.52,
WAN003,2023-10-16 10:10:00,173.53,
WAN003,2023-10-16 10:20:00,173.52,
WAN003,2023-10-16 10:30:00,173.52,
WAN003,2023-10-16 10:40:00,173.51,
WAN003,2023-10-16 10:50:00,173.51,
WAN003,2023-10-16 11:00:00,173.49,
WAN003,2023-10-16 11:10:00,173.49,
WAN003,2023-10-16 11:20:00,173.48,
WAN003,2023-10-16 11:30:00,173.49,
WAN003,2023-10-16 11:40:00,173.49,
WAN003,2023-10-16 11:50:00,173.48,
WAN003,2023-10-16 12:00:00,173.48,
WAN003,2023-10-16 12:10:00,173.49,
WAN003,2023-10-16 12:20:00,173.48,
WAN003,2023-10-16 12:30:00,173.49,
WAN003,2023-10-16 12:40:00,173.49,
WAN003,2023-10-16 12:50:00,173.49,
WAN003,2023-10-16 13:00:00,173.51,
WAN003,2023-10-16 13:10:00,173.52,
WAN003,2023-10-16 13:20:00,173.5,
WAN003,2023-10-16 13:30:00,173.52,
WAN003,2023-10-16 13:40:00,173.53,
WAN003,2023-10-16 13:50:00,173.51,
WAN003,2023-10-16 14:00:00,173.52,
WAN003,2023-10-16 14:10:00,173.53,
WAN003,2023-10-16 14:20:00,173.51,
WAN003,2023-10-16 14:30:00,173.54,
WAN003,2023-10-16 14:40:00,173.53,
WAN003,2023-10-16 14:50:00,173.54,
WAN003,2023-10-16 15:00:00,173.53,
WAN003,2023-10-16 15:10:00,173.52,
WAN003,2023-10-16 15:20:00,-,
WAN003,2023-10-16 15:30:00,-,
WAN003,2023-10-16 15:40:00,173.53,
WAN003,2023-10-16 15:50:00,173.52,
WAN003,2023-10-16 16:00:00,173.53,
WAN003,2023-10-16 16:10:00,173.53,
WAN003,2023-10-16 16:20:00,173.54,
WAN003,2023-10-16 16:30:00,173.53,
WAN003,2023-10-16 16:40:00,173.51,
WAN003,2023-10-16 16:50:00,173.51,
WAN003,2023-10-16 17:00:00,173.52,
WAN003,2023-10-16 17:10:00,173.52,
WAN003,2023-10-16 17:20:00,173.52,
WAN003,2023-10-16 17:30:00,173.52,
WAN003,2023-10-16 17:40:00,173.51,
WAN003,2023-10-16 17:50:00,173.51,
WAN003,2023-10-16 18:00:00,173.5,
WAN003,2023-10-16 18:10:00,173.5,
WAN003,2023-10-16 18:20:00,173.51,
WAN003,2023-10-16 18:30:00,173.5,
WAN003,2023-10-16 18:40:00,173.5,
WAN003,2023-10-16 18:50:00,173.49,
WAN003,2023-10-16 19:00:00,173.49,
WAN003,2023-10-16 19:10:00,173.48,
WAN003,2023-10-16 19:20:00,173.49,
WAN003,2023-10-16 19:30:00,173.49,
WAN003,2023-10-16 19:40:00,173.48,
WAN003,2023-10-16 19:50:00,173.48,
WAN003,2023-10-16 20:00:00,173.47,
WAN003,2023-10-16 20:10:00,173.47,
WAN003,2023-10-16 20:20:00,173.48,
WAN003,2023-10-16 20:30:00,173.44,
WAN003,2023-10-16 20:40:00,173.45,
WAN003,2023-10-16 20:50:00,173.45,
WAN003,2023-10-16 21:00:00,173.45,
WAN003,2023-10-16 21:10:00,173.45,
WAN003,2023-10-16 21:20:00,173.45,
WAN003,2023-10-16 21:30:00,173.43,
WAN003,2023-10-16 21:40:00,173.43,
WAN003,2023-10-16 21:50:00,173.43,
WAN003,2023-10-16 22:00:00,173.43,
WAN003,2023-10-16 22:10:00,173.42,
WAN003,2023-10-16 22:20:00,173.42,
WAN003,2023-10-16 22:30:00,173.41,
WAN003,2023-10-16 22:40:00,173.43,
WAN003,2023-10-16 22:50:00,173.39,
WAN003,2023-10-16 23:00:00,173.41,
WAN003,2023-10-16 23:10:00,173.39,
WAN003,2023-10-16 23:20:00,173.4,
WAN003,2023-10-16 23:30:00,173.39,
WAN003,2023-10-16 23:40:00,173.38,
WAN003,2023-10-16 23:50:00,173.39,
WAN003,2023-10-17 00:00:00,173.38,
WAN003,2023-10-17 00:10:00,173.39,
WAN003,2023-10-17 00:20:00,173.38,
WAN003,2023-10-17 00:30:00,173.38,
WAN003,2023-10-17 00:40:00,173.38,
WAN003,2023-10-17 00:50:00,173.37,
WAN003,2023-10-17 01:00:00,173.37,
WAN003,2023-10-17 01:10:00,173.37,
WAN003,2023-10-17 01:20:00,173.37,
WAN003,2023-10-17 01:30:00,173.37,
WAN003,2023-10-17 01:40:00,173.36,
WAN003,2023-10-17 01:50:00,173.37,
WAN003,2023-10-17 02:00:00,173.36,
WAN003,2023-10-17 02:10:00,173.38,
WAN003,2023-10-17 02:20:00,173.36,
WAN003,2023-10-17 02:30:00,173.37,
WAN003,2023-10-17 02:40:00,173.35,
WAN003,2023-10-17 02:50:00,173.38,
WAN003,2023-10-17 03:00:00,173.37,
WAN003,2023-10-17 03:10:00,173.38,
WAN003,2023-10-17 03:20:00,173.38,
WAN003,2023-10-17 03:30:00,173.38,
WAN003,2023-10-17 03:40:00,173.38,
WAN003,2023-10-17 03:50:00,173.39,
WAN003,2023-10-17 04:00:00,173.38,
WAN003,2023-10-17 04:10:00,173.38,
WAN003,2023-10-17 04:20:00,173.36,
WAN003,2023-10-17 04:30:00,173.39,
WAN003,2023-10-17 04:40:00,173.38,
WAN003,2023-10-17 04:50:00,173.41,
WAN003,2023-10-17 05:00:00,173.39,
WAN003,2023-10-17 05:10:00,173.4,
WAN003,2023-10-17 05:20:00,173.41,
WAN003,2023-10-17 05:30:00,173.41,
WAN003,2023-10-17 05:40:00,173.41,
WAN003,2023-10-17 05:50:00,173.43,
WAN003,2023-10-17 06:00:00,173.43,
WAN003,2023-10-17 06:10:00,173.44,
WAN003,2023-10-17 06:20:00,173.45,
WAN003,2023-10-17 06:30:00,173.45,
WAN003,2023-10-17 06:40:00,173.47,
WAN003,2023-10-17 06:50:00,173.47,
WAN003,2023-10-17 07:00:00,173.47,
WAN003,2023-10-17 07:10:00,173.48,
WAN003,2023-10-17 07:20:00,173.49,
WAN003,2023-10-17 07:30:00,173.49,
WAN003,2023-10-17 07:40:00,173.5,
WAN003,2023-10-17 07:50:00,173.52,
WAN003,2023-10-17 08:00:00,173.53,
WAN003,2023-10-17 08:10:00,173.53,
WAN003,2023-10-17 08:20:00,173.54,
WAN003,2023-10-17 08:30:00,-,
WAN003,2023-10-17 08:40:00,173.57,
WAN003,2023-10-17 08:50:00,173.57,
WAN003,2023-10-17 09:00:00,173.58,
WAN003,2023-10-17 09:10:00,173.61,
WAN003,2023-10-17 09:20:00,173.61,
WAN003,2023-10-17 09:30:00,173.63,
WAN003,2023-10-17 09:40:00,173.62,
WAN003,2023-10-17 09:50:00,173.63,
WAN003,2023-10-17 10:00:00,173.65,
WAN003,2023-10-17 10:10:00,173.67,
WAN003,2023-10-17 10:20:00,173.69,
WAN003,2023-10-17 10:30:00,-,
WAN003,2023-10-17 10:40:00,173.69,
WAN003,2023-10-17 10:50:00,173.7,
WAN003,2023-10-17 11:00:00,173.73,
WAN003,2023-10-17 11:10:00,173.73,
WAN003,2023-10-17 11:20:00,173.73,
WAN003,2023-10-17 11:30:00,173.74,
WAN003,2023-10-17 11:40:00,173.75,
WAN003,2023-10-17 11:50:00,173.78,
WAN003,2023-10-17 12:00:00,173.79,
WAN003,2023-10-17 12:10:00,173.79,
WAN003,2023-10-17 12:20:00,173.79,
WAN003,2023-10-17 12:30:00,173.82,
WAN003,2023-10-17 12:40:00,173.83,
WAN003,2023-10-17 12:50:00,173.85,
WAN003,2023-10-17 13:00:00,-,
WAN003,2023-10-17 13:10:00,173.86,
WAN003,2023-10-17 13:20:00,173.87,
WAN003,2023-10-17 13:30:00,173.89,
WAN003,2023-10-17 13:40:00,-,
WAN003,2023-10-17 13:50:00,173.91,
WAN003,2023-10-17 14:00:00,173.91,
WAN003,2023-10-17 14:10:00,173.94,
WAN003,2023-10-17 14:20:00,173.93,
WAN003,2023-10-17 14:30:00,173.94,
WAN003,2023-10-17 14:40:00,173.96,
WAN003,2023-10-17 14:50:00,173.96,
WAN003,2023-10-17 15:00:00,173.98,
WAN003,2023-10-17 15:10:00,173.97,
WAN003,2023-10-17 15:20:00,174,
WAN003,2023-10-17 15:30:00,173.98,
WAN003,2023-10-17 15:40:00,174.01,
WAN003,2023-10-17 15:50:00,174.04,
WAN003,2023-10-17 16:00:00,174.02,
WAN003,2023-10-17 16:10:00,174.03,
WAN003,2023-10-17 16:20:00,174.04,
WAN003,2023-10-17 16:30:00,174.05,
WAN003,2023-10-17 16:40:00,174.05,
WAN003,2023-10-17 16:50:00,174.06,
WAN003,2023-10-17 17:00:00,174.08,
WAN003,2023-10-17 17:10:00,174.07,
WAN003,2023-10-17 17:20:00,174.08,
WAN003,2023-10-17 17:30:00,174.1,
WAN003,2023-10-17 17:40:00,174.09,
WAN003,2023-10-17 17:50:00,174.09,
WAN003,2023-10-17 18:00:00,174.09,
WAN003,2023-10-17 18:10:00,174.1,
WAN003,2023-10-17 18:20:00,174.08,
WAN003,2023-10-17 18:30:00,174.13,
WAN003,2023-10-17 18:40:00,174.13,
WAN003,2023-10-17 18:50:00,174.12,
WAN003,2023-10-17 19:00:00,174.13,
WAN003,2023-10-17 19:10:00,174.14,
WAN003,2023-10-17 19:20:00,174.13,
WAN003,2023-10-17 19:30:00,174.15,
WAN003,2023-10-17 19:40:00,174.16,
WAN003,2023-10-17 19:50:00,174.15,
WAN003,2023-10-17 20:00:00,174.15,
WAN003,2023-10-17 20:10:00,174.16,
WAN003,2023-10-17 20:20:00,174.15,
WAN003,2023-10-17 20:30:00,174.18,
WAN003,2023-10-17 20:40:00,174.16,
WAN003,2023-10-17 20:50:00,174.17,
WAN003,2023-10-17 21:00:00,174.16,
WAN003,2023-10-17 21:10:00,174.16,
WAN003,2023-10-17 21:20:00,174.16,
WAN003,2023-10-17 21:30:00,174.18,
WAN003,2023-10-17 21:40:00,174.18,
WAN003,2023-10-17 21:50:00,174.17,
WAN003,2023-10-17 22:00:00,174.16,
WAN003,2023-10-17 22:10:00,174.17,
WAN003,2023-10-17 22:20:00,174.13,
WAN003,2023-10-17 22:30:00,174.17,
WAN003,2023-10-17 22:40:00,174.16,
WAN003,2023-10-17 22:50:00,174.17,
WAN003,2023-10-17 23:00:00,174.14,
WAN003,2023-10-17 23:10:00,174.14,
WAN003,2023-10-17 23:20:00,174.14,
WAN003,2023-10-17 23:30:00,174.15,
WAN003,2023-10-17 23:40:00,174.14,
WAN003,2023-10-17 23:50:00,174.12,
WAN003,2023-10-18 00:00:00,174.12,
WAN003,2023-10-18 00:10:00,174.12,
WAN003,2023-10-18 00:20:00,174.12,
WAN003,2023-10-18 00:30:00,174.11,
WAN003,2023-10-18 00:40:00,174.11,
WAN003,2023-10-18 00:50:00,174.12,
WAN003,2023-10-18 01:00:00,174.11,
WAN003,2023-10-18 01:10:00,174.09,
WAN003,2023-10-18 01:20:00,174.1,
WAN003,2023-10-18 01:30:00,174.1,
WAN003,2023-10-18 01:40:00,174.06,
WAN003,2023-10-18 01:50:00,174.08,
WAN003,2023-10-18 02:00:00,174.08,
WAN003,2023-10-18 02:10:00,174.08,
WAN003,2023-10-18 02:20:00,174.07,
WAN003,2023-10-18 02:30:00,174.07,
WAN003,2023-10-18 02:40:00,174.05,
WAN003,2023-10-18 02:50:00,174.04,
WAN003,2023-10-18 03:00:00,174.03,
WAN003,2023-10-18 03:10:00,174.03,
WAN003,2023-10-18 03:20:00,174.01,
WAN003,2023-10-18 03:30:00,174.01,
WAN003,2023-10-18 03:40:00,174,
WAN003,2023-10-18 03:50:00,173.98,
WAN003,2023-10-18 04:00:00,173.99,
WAN003,2023-10-18 04:10:00,173.96,
WAN003,2023-10-18 04:20:00,173.99,
WAN003,2023-10-18 04:30:00,173.95,
WAN003,2023-10-18 04:40:00,173.96,
WAN003,2023-10-18 04:50:00,173.95,
WAN003,2023-10-18 05:00:00,173.94,
WAN003,2023-10-18 05:10:00,173.91,
WAN003,2023-10-18 05:20:00,173.92,
WAN003,2023-10-18 05:30:00,173.89,
WAN003,2023-10-18 05:40:00,173.9,
WAN003,2023-10-18 05:50:00,173.89,
WAN003,2023-10-18 06:00:00,173.88,
WAN003,2023-10-18 06:10:00,173.87,
WAN003,2023-10-18 06:20:00,173.86,
WAN003,2023-10-18 06:30:00,173.87,
WAN003,2023-10-18 06:40:00,173.84,
WAN003,2023-10-18 06:50:00,173.83,
WAN003,2023-10-18 07:00:00,173.82,
WAN003,2023-10-18 07:10:00,173.82,
WAN003,2023-10-18 07:20:00,173.8,
WAN003,2023-10-18 07:30:00,173.79,
WAN003,2023-10-18 07:40:00,173.78,
WAN003,2023-10-18 07:50:00,173.76,
WAN003,2023-10-18 08:00:00,173.76,
WAN003,2023-10-18 08:10:00,173.75,
WAN003,2023-10-18 08:20:00,173.73,
WAN003,2023-10-18 08:30:00,-,
WAN003,2023-10-18 08:40:00,173.72,
WAN003,2023-10-18 08:50:00,173.71,
WAN003,2023-10-18 09:00:00,173.69,
WAN003,2023-10-18 09:10:00,173.68,
WAN003,2023-10-18 09:20:00,173.67,
WAN003,2023-10-18 09:30:00,173.66,
WAN003,2023-10-18 09:40:00,173.64,
WAN003,2023-10-18 09:50:00,173.65,
WAN003,2023-10-18 10:00:00,173.63,
WAN003,2023-10-18 10:10:00,173.61,
WAN003,2023-10-18 10:20:00,173.6,
WAN003,2023-10-18 10:30:00,173.6,
WAN003,2023-10-18 10:40:00,173.57,
WAN003,2023-10-18 10:50:00,173.58,
WAN003,2023-10-18 11:00:00,173.56,
WAN003,2023-10-18 11:10:00,173.55,
WAN003,2023-10-18 11:20:00,173.55,
WAN003,2023-10-18 11:30:00,173.55,
WAN003,2023-10-18 11:40:00,173.52,
WAN003,2023-10-18 11:50:00,173.5,
WAN003,2023-10-18 12:00:00,173.5,
WAN003,2023-10-18 12:10:00,173.49,
WAN003,2023-10-18 12:20:00,173.47,
WAN003,2023-10-18 12:30:00,173.47,
WAN003,2023-10-18 12:40:00,173.47,
WAN003,2023-10-18 12:50:00,173.45,
WAN003,2023-10-18 13:00:00,173.44,
WAN003,2023-10-18 13:10:00,173.41,
WAN003,2023-10-18 13:20:00,173.41,
WAN003,2023-10-18 13:30:00,173.4,
WAN003,2023-10-18 13:40:00,173.4,
WAN003,2023-10-18 13:50:00,173.38,
WAN003,2023-10-18 14:00:00,173.37,
WAN003,2023-10-18 14:10:00,173.36,
WAN003,2023-10-18 14:20:00,173.35,
WAN003,2023-10-18 14:30:00,173.35,
WAN003,2023-10-18 14:40:00,173.33,
WAN003,2023-10-18 14:50:00,173.32,
WAN003,2023-10-18 15:00:00,173.3,
WAN003,2023-10-18 15:10:00,173.32,
WAN003,2023-10-18 15:20:00,173.28,
WAN003,2023-10-18 15:30:00,173.3,
WAN003,2023-10-18 15:40:00,173.26,
WAN003,2023-10-18 15:50:00,173.26,
WAN003,2023-10-18 16:00:00,173.26,
WAN003,2023-10-18 16:10:00,173.24,
WAN003,2023-10-18 16:20:00,173.24,
WAN003,2023-10-18 16:30:00,173.23,
WAN003,2023-10-18 16:40:00,173.22,
WAN003,2023-10-18 16:50:00,173.22,
WAN003,2023-10-18 17:00:00,173.2,
WAN003,2023-10-18 17:10:00,173.2,
WAN003,2023-10-18 17:20:00,173.17,
WAN003,2023-10-18 17:30:00,173.19,
WAN003,2023-10-18 17:40:00,173.18,
WAN003,2023-10-18 17:50:00,173.17,
WAN003,2023-10-18 18:00:00,173.17,
WAN003,2023-10-18 18:10:00,173.15,
WAN003,2023-10-18 18:20:00,173.14,
WAN003,2023-10-18 18:30:00,173.13,
WAN003,2023-10-18 18:40:00,173.13,
WAN003,2023-10-18 18:50:00,173.11,
WAN003,2023-10-18 19:00:00,173.12,
WAN003,2023-10-18 19:10:00,173.11,
WAN003,2023-10-18 19:20:00,173.09,
WAN003,2023-10-18 19:30:00,173.09,
WAN003,2023-10-18 19:40:00,173.09,
WAN003,2023-10-18 19:50:00,173.08,
WAN003,2023-10-18 20:00:00,173.06,
WAN003,2023-10-18 20:10:00,173.06,
WAN003,2023-10-18 20:20:00,173.07,
WAN003,2023-10-18 20:30:00,173.06,
WAN003,2023-10-18 20:40:00,173.05,
WAN003,2023-10-18 20:50:00,173.04,
WAN003,2023-10-18 21:00:00,173.03,
WAN003,2023-10-18 21:10:00,173.02,
WAN003,2023-10-18 21:20:00,173.02,
WAN003,2023-10-18 21:30:00,173.02,
WAN003,2023-10-18 21:40:00,173.01,
WAN003,2023-10-18 21:50:00,173,
WAN003,2023-10-18 22:00:00,173,
WAN003,2023-10-18 22:10:00,172.99,
WAN003,2023-10-18 22:20:00,172.98,
WAN003,2023-10-18 22:30:00,172.98,
WAN003,2023-10-18 22:40:00,172.97,
WAN003,2023-10-18 22:50:00,172.97,
WAN003,2023-10-18 23:00:00,172.97,
WAN003,2023-10-18 23:10:00,172.96,
WAN003,2023-10-18 23:20:00,172.95,
WAN003,2023-10-18 23:30:00,172.95,
WAN003,2023-10-18 23:40:00,172.95,
WAN003,2023-10-18 23:50:00,172.93,
WAN003,2023-10-19 00:00:00,172.93,
WAN003,2023-10-19 00:10:00,172.92,
WAN003,2023-10-19 00:20:00,172.91,
WAN003,2023-10-19 00:30:00,172.92,
WAN003,2023-10-19 00:40:00,172.91,
WAN003,2023-10-19 00:50:00,172.9,
WAN003,2023-10-19 01:00:00,172.88,
WAN003,2023-10-19 01:10:00,172.9,
WAN003,2023-10-19 01:20:00,172.89,
WAN003,2023-10-19 01:30:00,172.86,
WAN003,2023-10-19 01:40:00,172.87,
WAN003,2023-10-19 01:50:00,172.86,
WAN003,2023-10-19 02:00:00,172.87,
WAN003,2023-10-19 02:10:00,172.85,
WAN003,2023-10-19 02:20:00,172.85,
WAN003,2023-10-19 02:30:00,172.86,
WAN003,2023-10-19 02:40:00,172.85,
WAN003,2023-10-19 02:50:00,172.84,
WAN003,2023-10-19 03:00:00,172.84,
WAN003,2023-10-19 03:10:00,172.84,
WAN003,2023-10-19 03:20:00,172.84,
WAN003,2023-10-19 03:30:00,172.83,
WAN003,2023-10-19 03:40:00,172.83,
WAN003,2023-10-19 03:50:00,172.82,
WAN003,2023-10-19 04:00:00,172.81,
WAN003,2023-10-19 04:10:00,172.81,
WAN003,2023-10-19 04:20:00,172.8,
WAN003,2023-10-19 04:30:00,172.81,
WAN003,2023-10-19 04:40:00,172.79,
WAN003,2023-10-19 04:50:00,172.79,
WAN003,2023-10-19 05:00:00,172.78,
WAN003,2023-10-19 05:10:00,172.77,
WAN003,2023-10-19 05:20:00,172.78,
WAN003,2023-10-19 05:30:00,172.77,
WAN003,2023-10-19 05:40:00,172.76,
WAN003,2023-10-19 05:50:00,172.75,
WAN003,2023-10-19 06:00:00,172.75,
WAN003,2023-10-19 06:10:00,172.75,
WAN003,2023-10-19 06:20:00,172.75,
WAN003,2023-10-19 06:30:00,172.75,
WAN003,2023-10-19 06:40:00,172.74,
WAN003,2023-10-19 06:50:00,172.73,
WAN003,2023-10-19 07:00:00,172.73,
WAN003,2023-10-19 07:10:00,172.73,
WAN003,2023-10-19 07:20:00,172.72,
WAN003,2023-10-19 07:30:00,172.71,
WAN003,2023-10-19 07:40:00,172.71,
WAN003,2023-10-19 07:50:00,172.71,
WAN003,2023-10-19 08:00:00,172.7,
WAN003,2023-10-19 08:10:00,172.7,
WAN003,2023-10-19 08:20:00,172.69,
WAN003,2023-10-19 08:30:00,172.69,
WAN003,2023-10-19 08:40:00,172.69,
WAN003,2023-10-19 08:50:00,172.7,
WAN003,2023-10-19 09:00:00,172.68,
WAN003,2023-10-19 09:10:00,172.68,
WAN003,2023-10-19 09:20:00,172.67,
WAN003,2023-10-19 09:30:00,172.67,
WAN003,2023-10-19 09:40:00,172.67,
WAN003,2023-10-19 09:50:00,172.65,
WAN003,2023-10-19 10:00:00,172.66,
WAN003,2023-10-19 10:10:00,172.66,
WAN003,2023-10-19 10:20:00,172.64,
WAN003,2023-10-19 10:30:00,172.64,
WAN003,2023-10-19 10:40:00,172.63,
WAN003,2023-10-19 10:50:00,172.64,
WAN003,2023-10-19 11:00:00,172.61,
WAN003,2023-10-19 11:10:00,172.61,
WAN003,2023-10-19 11:20:00,172.61,
WAN003,2023-10-19 11:30:00,172.61,
WAN003,2023-10-19 11:40:00,172.6,
WAN003,2023-10-19 11:50:00,172.61,
WAN003,2023-10-19 12:00:00,172.61,
WAN003,2023-10-19 12:10:00,172.6,
WAN003,2023-10-19 12:20:00,172.58,
WAN003,2023-10-19 12:30:00,172.59,
WAN003,2023-10-19 12:40:00,-,
WAN003,2023-10-19 12:50:00,172.57,
WAN003,2023-10-19 13:00:00,172.57,
WAN003,2023-10-19 13:10:00,-,
WAN003,2023-10-19 13:20:00,172.57,
WAN003,2023-10-19 13:30:00,172.55,
WAN003,2023-10-19 13:40:00,172.54,
WAN003,2023-10-19 13:50:00,172.53,
WAN003,2023-10-19 14:00:00,172.54,
WAN003,2023-10-19 14:10:00,-,
WAN003,2023-10-19 14:20:00,-,
WAN003,2023-10-19 14:30:00,172.53,
WAN003,2023-10-19 14:40:00,172.53,
WAN003,2023-10-19 14:50:00,172.52,
WAN003,2023-10-19 15:00:00,172.51,
WAN003,2023-10-19 15:10:00,172.51,
WAN003,2023-10-19 15:20:00,172.5,
WAN003,2023-10-19 15:30:00,172.49,
WAN003,2023-10-19 15:40:00,172.49,
WAN003,2023-10-19 15:50:00,172.48,
WAN003,2023-10-19 16:00:00,172.47,
WAN003,2023-10-19 16:10:00,172.48,
WAN003,2023-10-19 16:20:00,172.47,
WAN003,2023-10-19 16:30:00,172.48,
WAN003,2023-10-19 16:40:00,172.47,
WAN003,2023-10-19 16:50:00,172.46,
WAN003,2023-10-19 17:00:00,172.47,
WAN003,2023-10-19 17:10:00,172.44,
WAN003,2023-10-19 17:20:00,172.46,
WAN003,2023-10-19 17:30:00,172.45,
WAN003,2023-10-19 17:40:00,172.45,
WAN003,2023-10-19 17:50:00,172.45,
WAN003,2023-10-19 18:00:00,172.43,
WAN003,2023-10-19 18:10:00,172.42,
WAN003,2023-10-19 18:20:00,172.42,
WAN003,2023-10-19 18:30:00,172.42,
WAN003,2023-10-19 18:40:00,172.42,
WAN003,2023-10-19 18:50:00,172.42,
WAN003,2023-10-19 19:00:00,172.4,
WAN003,2023-10-19 19:10:00,172.41,
WAN003,2023-10-19 19:20:00,172.39,
WAN003,2023-10-19 19:30:00,172.4,
WAN003,2023-10-19 19:40:00,172.39,
WAN003,2023-10-19 19:50:00,172.39,
WAN003,2023-10-19 20:00:00,172.37,
WAN003,2023-10-19 20:10:00,172.37,
WAN003,2023-10-19 20:20:00,172.37,
WAN003,2023-10-19 20:30:00,172.37,
WAN003,2023-10-19 20:40:00,172.36,
WAN003,2023-10-19 20:50:00,172.35,
WAN003,2023-10-19 21:00:00,172.35,
WAN003,2023-10-19 21:10:00,172.36,
WAN003,2023-10-19 21:20:00,172.35,
WAN003,2023-10-19 21:30:00,172.34,
WAN003,2023-10-19 21:40:00,172.34,
WAN003,2023-10-19 21:50:00,172.33,
WAN003,2023-10-19 22:00:00,172.32,
WAN003,2023-10-19 22:10:00,172.33,
WAN003,2023-10-19 22:20:00,172.31,
WAN003,2023-10-19 22:30:00,172.32,
WAN003,2023-10-19 22:40:00,172.31,
WAN003,2023-10-19 22:50:00,172.3,
WAN003,2023-10-19 23:00:00,172.28,
WAN003,2023-10-19 23:10:00,172.29,
WAN003,2023-10-19 23:20:00,172.29,
WAN003,2023-10-19 23:30:00,172.28,
WAN003,2023-10-19 23:40:00,172.27,
WAN003,2023-10-19 23:50:00,172.28,
WAN003,2023-10-20 00:00:00,172.27,
WAN003,2023-10-20 00:10:00,172.26,
WAN003,2023-10-20 00:20:00,172.26,
WAN003,2023-10-20 00:30:00,172.25,
WAN003,2023-10-20 00:40:00,172.25,
WAN003,2023-10-20 00:50:00,172.24,
WAN003,2023-10-20 01:00:00,172.23,
WAN003,2023-10-20 01:10:00,172.22,
WAN003,2023-10-20 01:20:00,172.23,
WAN003,2023-10-20 01:30:00,172.24,
WAN003,2023-10-20 01:40:00,172.22,
WAN003,2023-10-20 01:50:00,172.22,
WAN003,2023-10-20 02:00:00,172.21,
WAN003,2023-10-20 02:10:00,172.22,
WAN003,2023-10-20 02:20:00,172.2,
WAN003,2023-10-20 02:30:00,172.2,
WAN003,2023-10-20 02:40:00,172.2,
WAN003,2023-10-20 02:50:00,172.19,
WAN003,2023-10-20 03:00:00,172.19,
WAN003,2023-10-20 03:10:00,172.19,
WAN003,2023-10-20 03:20:00,172.19,
WAN003,2023-10-20 03:30:00,172.18,
WAN003,2023-10-20 03:40:00,172.18,
WAN003,2023-10-20 03:50:00,172.18,
WAN003,2023-10-20 04:00:00,172.17,
WAN003,2023-10-20 04:10:00,172.17,
WAN003,2023-10-20 04:20:00,172.15,
WAN003,2023-10-20 04:30:00,172.15,
WAN003,2023-10-20 04:40:00,172.15,
WAN003,2023-10-20 04:50:00,172.15,
WAN003,2023-10-20 05:00:00,172.15,
WAN003,2023-10-20 05:10:00,172.14,
WAN003,2023-10-20 05:20:00,172.15,
WAN003,2023-10-20 05:30:00,172.13,
WAN003,2023-10-20 05:40:00,172.14,
WAN003,2023-10-20 05:50:00,172.12,
WAN003,2023-10-20 06:00:00,172.12,
WAN003,2023-10-20 06:10:00,172.12,
WAN003,2023-10-20 06:20:00,172.12,
WAN003,2023-10-20 06:30:00,172.12,
WAN003,2023-10-20 06:40:00,172.11,
WAN003,2023-10-20 06:50:00,172.1,
WAN003,2023-10-20 07:00:00,172.1,
WAN003,2023-10-20 07:10:00,172.1,
WAN003,2023-10-20 07:20:00,172.09,
WAN003,2023-10-20 07:30:00,172.1,
WAN003,2023-10-20 07:40:00,172.08,
WAN003,2023-10-20 07:50:00,172.08,
WAN003,2023-10-20 08:00:00,172.07,
WAN003,2023-10-20 08:10:00,172.06,
WAN003,2023-10-20 08:20:00,172.08,
WAN003,2023-10-20 08:30:00,172.07,
WAN003,2023-10-20 08:40:00,172.06,
WAN003,2023-10-20 08:50:00,172.05,
WAN003,2023-10-20 09:00:00,172.06,
WAN003,2023-10-20 09:10:00,172.06,
WAN003,2023-10-20 09:20:00,172.05,
WAN003,2023-10-20 09:30:00,172.05,
WAN003,2023-10-20 09:40:00,172.03,
WAN003,2023-10-20 09:50:00,172.04,
WAN003,2023-10-20 10:00:00,172.04,
WAN003,2023-10-20 10:10:00,172.02,
WAN003,2023-10-20 10:20:00,172.03,
WAN003,2023-10-20 10:30:00,172.03,
WAN003,2023-10-20 10:40:00,172.02,
WAN003,2023-10-20 10:50:00,172.01,
WAN003,2023-10-20 11:00:00,172,
WAN003,2023-10-20 11:10:00,172.01,
WAN003,2023-10-20 11:20:00,172.01,
WAN003,2023-10-20 11:30:00,171.99,
WAN003,2023-10-20 11:40:00,172,
WAN003,2023-10-20 11:50:00,172,
WAN003,2023-10-20 12:00:00,171.99,
WAN003,2023-10-20 12:10:00,172,
WAN003,2023-10-20 12:20:00,172,
WAN003,2023-10-20 12:30:00,171.98,
WAN003,2023-10-20 12:40:00,171.98,
WAN003,2023-10-20 12:50:00,171.98,
WAN003,2023-10-20 13:00:00,171.97,
WAN003,2023-10-20 13:10:00,171.98,
WAN003,2023-10-20 13:20:00,171.98,
WAN003,2023-10-20 13:30:00,171.97,
WAN003,2023-10-20 13:40:00,171.96,
WAN003,2023-10-20 13:50:00,171.95,
WAN003,2023-10-20 14:00:00,171.96,
WAN003,2023-10-20 14:10:00,171.96,
WAN003,2023-10-20 14:20:00,171.95,
WAN003,2023-10-20 14:30:00,171.95,
WAN003,2023-10-20 14:40:00,171.93,
WAN003,2023-10-20 14:50:00,171.94,
WAN003,2023-10-20 15:00:00,171.95,
WAN003,2023-10-20 15:10:00,171.93,
WAN003,2023-10-20 15:20:00,171.94,
WAN003,2023-10-20 15:30:00,171.93,
WAN003,2023-10-20 15:40:00,171.92,
WAN003,2023-10-20 15:50:00,171.92,
WAN003,2023-10-20 16:00:00,171.92,
WAN003,2023-10-20 16:10:00,171.91,
WAN003,2023-10-20 16:20:00,171.9,
WAN003,2023-10-20 16:30:00,171.91,
WAN003,2023-10-20 16:40:00,171.9,
WAN003,2023-10-20 16:50:00,171.92,
WAN003,2023-10-20 17:00:00,171.91,
WAN003,2023-10-20 17:10:00,171.91,
WAN003,2023-10-20 17:20:00,171.89,
WAN003,2023-10-20 17:30:00,171.9,
WAN003,2023-10-20 17:40:00,171.88,
WAN003,2023-10-20 17:50:00,171.88,
WAN003,2023-10-20 18:00:00,171.88,
WAN003,2023-10-20 18:10:00,171.88,
WAN003,2023-10-20 18:20:00,171.87,
WAN003,2023-10-20 18:30:00,171.87,
WAN003,2023-10-20 18:40:00,171.86,
WAN003,2023-10-20 18:50:00,171.87,
WAN003,2023-10-20 19:00:00,171.87,
WAN003,2023-10-20 19:10:00,171.86,
WAN003,2023-10-20 19:20:00,171.84,
WAN003,2023-10-20 19:30:00,171.86,
WAN003,2023-10-20 19:40:00,171.84,
WAN003,2023-10-20 19:50:00,171.85,
WAN003,2023-10-20 20:00:00,171.84,
WAN003,2023-10-20 20:10:00,171.84,
WAN003,2023-10-20 20:20:00,171.84,
WAN003,2023-10-20 20:30:00,171.84,
WAN003,2023-10-20 20:40:00,171.83,
WAN003,2023-10-20 20:50:00,171.83,
WAN003,2023-10-20 21:00:00,171.82,
WAN003,2023-10-20 21:10:00,171.83,
WAN003,2023-10-20 21:20:00,171.82,
WAN003,2023-10-20 21:30:00,171.82,
WAN003,2023-10-20 21:40:00,171.81,
WAN003,2023-10-20 21:50:00,171.81,
WAN003,2023-10-20 22:00:00,171.81,
WAN003,2023-10-20 22:10:00,171.78,
WAN003,2023-10-20 22:20:00,171.8,
WAN003,2023-10-20 22:30:00,171.8,
WAN003,2023-10-20 22:40:00,171.79,
WAN003,2023-10-20 22:50:00,171.78,
WAN003,2023-10-20 23:00:00,171.78,
WAN003,2023-10-20 23:10:00,171.78,
WAN003,2023-10-20 23:20:00,171.77,
WAN003,2023-10-20 23:30:00,171.77,
WAN003,2023-10-20 23:40:00,171.77,
WAN003,2023-10-20 23:50:00,171.75,
WAN003,2023-10-21 00:00:00,171.77,
WAN003,2023-10-21 00:10:00,171.76,
WAN003,2023-10-21 00:20:00,171.76,
WAN003,2023-10-21 00:30:00,171.76,
WAN003,2023-10-21 00:40:00,171.75,
WAN003,2023-10-21 00:50:00,171.77,
WAN003,2023-10-21 01:00:00,171.77,
WAN003,2023-10-21 01:10:00,171.81,
WAN003,2023-10-21 01:20:00,171.82,
WAN003,2023-10-21 01:30:00,171.84,
WAN003,2023-10-21 01:40:00,171.9,
WAN003,2023-10-21 01:50:00,171.95,
WAN003,2023-10-21 02:00:00,171.98,
WAN003,2023-10-21 02:10:00,171.99,
WAN003,2023-10-21 02:20:00,172.01,
WAN003,2023-10-21 02:30:00,172.03,
WAN003,2023-10-21 02:40:00,172.01,
WAN003,2023-10-21 02:50:00,172,
WAN003,2023-10-21 03:00:00,171.99,
WAN003,2023-10-21 03:10:00,171.95,
WAN003,2023-10-21 03:20:00,171.95,
WAN003,2023-10-21 03:30:00,171.92,
WAN003,2023-10-21 03:40:00,171.9,
WAN003,2023-10-21 03:50:00,171.89,
WAN003,2023-10-21 04:00:00,171.88,
WAN003,2023-10-21 04:10:00,171.87,
WAN003,2023-10-21 04:20:00,171.85,
WAN003,2023-10-21 04:30:00,171.84,
WAN003,2023-10-21 04:40:00,171.83,
WAN003,2023-10-21 04:50:00,171.83,
WAN003,2023-10-21 05:00:00,171.82,
WAN003,2023-10-21 05:10:00,171.82,
WAN003,2023-10-21 05:20:00,171.8,
WAN003,2023-10-21 05:30:00,171.81,
WAN003,2023-10-21 05:40:00,171.81,
WAN003,2023-10-21 05:50:00,171.8,
WAN003,2023-10-21 06:00:00,171.81,
WAN003,2023-10-21 06:10:00,171.82,
WAN003,2023-10-21 06:20:00,171.85,
WAN003,2023-10-21 06:30:00,171.85,
WAN003,2023-10-21 06:40:00,171.88,
WAN003,2023-10-21 06:50:00,171.9,
WAN003,2023-10-21 07:00:00,171.93,
WAN003,2023-10-21 07:10:00,171.96,
WAN003,2023-10-21 07:20:00,171.98,
WAN003,2023-10-21 07:30:00,172,
WAN003,2023-10-21 07:40:00,172.01,
WAN003,2023-10-21 07:50:00,172.01,
WAN003,2023-10-21 08:00:00,172.01,
WAN003,2023-10-21 08:10:00,171.99,
WAN003,2023-10-21 08:20:00,171.97,
WAN003,2023-10-21 08:30:00,171.96,
WAN003,2023-10-21 08:40:00,171.93,
WAN003,2023-10-21 08:50:00,171.93,
WAN003,2023-10-21 09:00:00,171.91,
WAN003,2023-10-21 09:10:00,171.91,
WAN003,2023-10-21 09:20:00,171.88,
WAN003,2023-10-21 09:30:00,171.87,
WAN003,2023-10-21 09:40:00,171.85,
WAN003,2023-10-21 09:50:00,171.87,
WAN003,2023-10-21 10:00:00,171.86,
WAN003,2023-10-21 10:10:00,171.84,
WAN003,2023-10-21 10:20:00,171.85,
WAN003,2023-10-21 10:30:00,171.85,
WAN003,2023-10-21 10:40:00,171.84,
WAN003,2023-10-21 10:50:00,171.85,
WAN003,2023-10-21 11:00:00,171.85,
WAN003,2023-10-21 11:10:00,171.86,
WAN003,2023-10-21 11:20:00,171.88,
WAN003,2023-10-21 11:30:00,171.91,
WAN003,2023-10-21 11:40:00,-,
WAN003,2023-10-21 11:50:00,-,
WAN003,2023-10-21 12:00:00,172,
WAN003,2023-10-21 12:10:00,172.03,
WAN003,2023-10-21 12:20:00,172.04,
WAN003,2023-10-21 12:30:00,172.05,
WAN003,2023-10-21 12:40:00,172.06,
WAN003,2023-10-21 12:50:00,172.06,
WAN003,2023-10-21 13:00:00,172.05,
WAN003,2023-10-21 13:10:00,172.03,
WAN003,2023-10-21 13:20:00,172.03,
WAN003,2023-10-21 13:30:00,172,
WAN003,2023-10-21 13:40:00,171.98,
WAN003,2023-10-21 13:50:00,171.96,
WAN003,2023-10-21 14:00:00,171.94,
WAN003,2023-10-21 14:10:00,171.94,
WAN003,2023-10-21 14:20:00,171.93,
WAN003,2023-10-21 14:30:00,171.92,
WAN003,2023-10-21 14:40:00,171.91,
WAN003,2023-10-21 14:50:00,171.91,
WAN003,2023-10-21 15:00:00,171.91,
WAN003,2023-10-21 15:10:00,171.91,
WAN003,2023-10-21 15:20:00,171.9,
WAN003,2023-10-21 15:30:00,171.91,
WAN003,2023-10-21 15:40:00,171.9,
WAN003,2023-10-21 15:50:00,171.9,
WAN003,2023-10-21 16:00:00,171.89,
WAN003,2023-10-21 16:10:00,171.87,
WAN003,2023-10-21 16:20:00,171.89,
WAN003,2023-10-21 16:30:00,171.89,
WAN003,2023-10-21 16:40:00,171.89,
WAN003,2023-10-21 16:50:00,171.89,
WAN003,2023-10-21 17:00:00,171.88,
WAN003,2023-10-21 17:10:00,171.88,
WAN003,2023-10-21 17:20:00,171.88,
WAN003,2023-10-21 17:30:00,171.88,
WAN003,2023-10-21 17:40:00,171.87,
WAN003,2023-10-21 17:50:00,171.88,
WAN003,2023-10-21 18:00:00,171.88,
WAN003,2023-10-21 18:10:00,171.89,
WAN003,2023-10-21 18:20:00,171.89,
WAN003,2023-10-21 18:30:00,171.88,
WAN003,2023-10-21 18:40:00,171.88,
WAN003,2023-10-21 18:50:00,171.87,
WAN003,2023-10-21 19:00:00,171.87,
WAN003,2023-10-21 19:10:00,171.89,
WAN003,2023-10-21 19:20:00,171.88,
WAN003,2023-10-21 19:30:00,171.88,
WAN003,2023-10-21 19:40:00,171.89,
WAN003,2023-10-21 19:50:00,171.88,
WAN003,2023-10-21 20:00:00,171.89,
WAN003,2023-10-21 20:10:00,171.89,
WAN003,2023-10-21 20:20:00,171.89,
WAN003,2023-10-21 20:30:00,171.89,
WAN003,2023-10-21 20:40:00,171.89,
WAN003,2023-10-21 20:50:00,171.89,
WAN003,2023-10-21 21:00:00,171.88,
WAN003,2023-10-21 21:10:00,171.9,
WAN003,2023-10-21 21:20:00,171.89,
WAN003,2023-10-21 21:30:00,171.9,
WAN003,2023-10-21 21:40:00,171.91,
WAN003,2023-10-21 21:50:00,171.89,
WAN003,2023-10-21 22:00:00,171.91,
WAN003,2023-10-21 22:10:00,171.89,
WAN003,2023-10-21 22:20:00,171.91,
WAN003,2023-10-21 22:30:00,171.91,
WAN003,2023-10-21 22:40:00,171.92,
WAN003,2023-10-21 22:50:00,171.92,
WAN003,2023-10-21 23:00:00,171.93,
WAN003,2023-10-21 23:10:00,171.93,
WAN003,2023-10-21 23:20:00,171.94,
WAN003,2023-10-21 23:30:00,171.95,
WAN003,2023-10-21 23:40:00,171.96,
WAN003,2023-10-21 23:50:00,171.95,
WAN003,2023-10-22 00:00:00,171.96,
WAN003,2023-10-22 00:10:00,171.97,
WAN003,2023-10-22 00:20:00,171.99,
WAN003,2023-10-22 00:30:00,171.99,
WAN003,2023-10-22 00:40:00,172,
WAN003,2023-10-22 00:50:00,172.02,
WAN003,2023-10-22 01:00:00,172.03,
WAN003,2023-10-22 01:10:00,172.03,
WAN003,2023-10-22 01:20:00,172.04,
WAN003,2023-10-22 01:30:00,172.05,
WAN003,2023-10-22 01:40:00,172.04,
WAN003,2023-10-22 01:50:00,172.05,
WAN003,2023-10-22 02:00:00,172.08,
WAN003,2023-10-22 02:10:00,172.09,
WAN003,2023-10-22 02:20:00,172.08,
WAN003,2023-10-22 02:30:00,172.11,
WAN003,2023-10-22 02:40:00,172.1,
WAN003,2023-10-22 02:50:00,172.12,
WAN003,2023-10-22 03:00:00,172.13,
WAN003,2023-10-22 03:10:00,172.13,
WAN003,2023-10-22 03:20:00,172.15,
WAN003,2023-10-22 03:30:00,172.15,
WAN003,2023-10-22 03:40:00,172.17,
WAN003,2023-10-22 03:50:00,172.18,
WAN003,2023-10-22 04:00:00,172.17,
WAN003,2023-10-22 04:10:00,172.19,
WAN003,2023-10-22 04:20:00,172.21,
WAN003,2023-10-22 04:30:00,172.22,
WAN003,2023-10-22 04:40:00,172.21,
WAN003,2023-10-22 04:50:00,172.24,
WAN003,2023-10-22 05:00:00,172.24,
WAN003,2023-10-22 05:10:00,172.25,
WAN003,2023-10-22 05:20:00,172.27,
WAN003,2023-10-22 05:30:00,172.27,
WAN003,2023-10-22 05:40:00,172.26,
WAN003,2023-10-22 05:50:00,172.27,
WAN003,2023-10-22 06:00:00,172.29,
WAN003,2023-10-22 06:10:00,172.29,
WAN003,2023-10-22 06:20:00,172.29,
WAN003,2023-10-22 06:30:00,172.3,
WAN003,2023-10-22 06:40:00,172.31,
WAN003,2023-10-22 06:50:00,172.31,
WAN003,2023-10-22 07:00:00,172.32,
WAN003,2023-10-22 07:10:00,172.33,
WAN003,2023-10-22 07:20:00,172.32,
WAN003,2023-10-22 07:30:00,172.33,
WAN003,2023-10-22 07:40:00,172.34,
WAN003,2023-10-22 07:50:00,172.34,
WAN003,2023-10-22 08:00:00,172.32,
WAN003,2023-10-22 08:10:00,172.36,
WAN003,2023-10-22 08:20:00,172.36,
WAN003,2023-10-22 08:30:00,172.37,
WAN003,2023-10-22 08:40:00,172.37,
WAN003,2023-10-22 08:50:00,172.38,
WAN003,2023-10-22 09:00:00,172.38,
WAN003,2023-10-22 09:10:00,172.39,
WAN003,2023-10-22 09:20:00,172.4,
WAN003,2023-10-22 09:30:00,172.42,
WAN003,2023-10-22 09:40:00,-,
WAN003,2023-10-22 09:50:00,172.43,
WAN003,2023-10-22 10:00:00,172.45,
WAN003,2023-10-22 10:10:00,172.46,
WAN003,2023-10-22 10:20:00,172.46,
WAN003,2023-10-22 10:30:00,172.47,
WAN003,2023-10-22 10:40:00,172.5,
WAN003,2023-10-22 10:50:00,172.49,
WAN003,2023-10-22 11:00:00,172.51,
WAN003,2023-10-22 11:10:00,172.52,
WAN003,2023-10-22 11:20:00,172.54,
WAN003,2023-10-22 11:30:00,172.54,
WAN003,2023-10-22 11:40:00,172.55,
WAN003,2023-10-22 11:50:00,172.56,
WAN003,2023-10-22 12:00:00,172.55,
WAN003,2023-10-22 12:10:00,-,
WAN003,2023-10-22 12:20:00,172.57,
WAN003,2023-10-22 12:30:00,172.57,
WAN003,2023-10-22 12:40:00,172.58,
WAN003,2023-10-22 12:50:00,-,
WAN003,2023-10-22 13:00:00,172.57,
WAN003,2023-10-22 13:10:00,172.58,
WAN003,2023-10-22 13:20:00,172.57,
WAN003,2023-10-22 13:30:00,172.57,
WAN003,2023-10-22 13:40:00,172.58,
WAN003,2023-10-22 13:50:00,172.57,
WAN003,2023-10-22 14:00:00,172.57,
WAN003,2023-10-22 14:10:00,172.56,
WAN003,2023-10-22 14:20:00,172.56,
WAN003,2023-10-22 14:30:00,172.56,
WAN003,2023-10-22 14:40:00,172.55,
WAN003,2023-10-22 14:50:00,172.55,
WAN003,2023-10-22 15:00:00,172.55,
WAN003,2023-10-22 15:10:00,172.55,
WAN003,2023-10-22 15:20:00,172.54,
WAN003,2023-10-22 15:30:00,172.55,
WAN003,2023-10-22 15:40:00,172.54,
WAN003,2023-10-22 15:50:00,172.53,
WAN003,2023-10-22 16:00:00,172.53,
WAN003,2023-10-22 16:10:00,172.53,
WAN003,2023-10-22 16:20:00,172.52,
WAN003,2023-10-22 16:30:00,172.52,
WAN003,2023-10-22 16:40:00,172.51,
WAN003,2023-10-22 16:50:00,172.5,
WAN003,2023-10-22 17:00:00,172.5,
WAN003,2023-10-22 17:10:00,172.5,
WAN003,2023-10-22 17:20:00,172.49,
WAN003,2023-10-22 17:30:00,172.5,
WAN003,2023-10-22 17:40:00,172.5,
WAN003,2023-10-22 17:50:00,172.49,
WAN003,2023-10-22 18:00:00,172.49,
WAN003,2023-10-22 18:10:00,172.49,
WAN003,2023-10-22 18:20:00,172.48,
WAN003,2023-10-22 18:30:00,172.49,
WAN003,2023-10-22 18:40:00,172.48,
WAN003,2023-10-22 18:50:00,172.49,
WAN003,2023-10-22 19:00:00,172.48,
WAN003,2023-10-22 19:10:00,172.49,
WAN003,2023-10-22 19:20:00,172.48,
WAN003,2023-10-22 19:30:00,172.48,
WAN003,2023-10-22 19:40:00,172.48,
WAN003,2023-10-22 19:50:00,172.48,
WAN003,2023-10-22 20:00:00,172.47,
WAN003,2023-10-22 20:10:00,172.46,
WAN003,2023-10-22 20:20:00,172.47,
WAN003,2023-10-22 20:30:00,172.47,
WAN003,2023-10-22 20:40:00,172.47,
WAN003,2023-10-22 20:50:00,172.46,
WAN003,2023-10-22 21:00:00,172.46,
WAN003,2023-10-22 21:10:00,172.47,
WAN003,2023-10-22 21:20:00,172.46,
WAN003,2023-10-22 21:30:00,172.45,
WAN003,2023-10-22 21:40:00,172.47,
WAN003,2023-10-22 21:50:00,172.46,
WAN003,2023-10-22 22:00:00,172.47,
WAN003,2023-10-22 22:10:00,172.47,
WAN003,2023-10-22 22:20:00,172.46,
WAN003,2023-10-22 22:30:00,172.47,
WAN003,2023-10-22 22:40:00,172.46,
WAN003,2023-10-22 22:50:00,172.48,
WAN003,2023-10-22 23:00:00,172.47,
WAN003,2023-10-22 23:10:00,172.47,
WAN003,2023-10-22 23:20:00,172.47,
WAN003,2023-10-22 23:30:00,172.47,
WAN003,2023-10-22 23:40:00,172.47,
WAN003,2023-10-22 23:50:00,172.47,
WAN003,2023-10-23 00:00:00,172.47,
WAN003,2023-10-23 00:10:00,172.46,
WAN003,2023-10-23 00:20:00,172.47,
WAN003,2023-10-23 00:30:00,172.47,
WAN003,2023-10-23 00:40:00,172.46,
WAN003,2023-10-23 00:50:00,172.47,
WAN003,2023-10-23 01:00:00,172.47,
WAN003,2023-10-23 01:10:00,172.44,
WAN003,2023-10-23 01:20:00,172.45,
WAN003,2023-10-23 01:30:00,172.45,
WAN003,2023-10-23 01:40:00,172.45,
WAN003,2023-10-23 01:50:00,172.46,
WAN003,2023-10-23 02:00:00,172.45,
WAN003,2023-10-23 02:10:00,172.45,
WAN003,2023-10-23 02:20:00,172.45,
WAN003,2023-10-23 02:30:00,172.45,
WAN003,2023-10-23 02:40:00,172.45,
WAN003,2023-10-23 02:50:00,172.44,
WAN003,2023-10-23 03:00:00,172.43,
WAN003,2023-10-23 03:10:00,172.43,
WAN003,2023-10-23 03:20:00,172.43,
WAN003,2023-10-23 03:30:00,172.43,
WAN003,2023-10-23 03:40:00,172.43,
WAN003,2023-10-23 03:50:00,172.42,
WAN003,2023-10-23 04:00:00,172.41,
WAN003,2023-10-23 04:10:00,172.42,
WAN003,2023-10-23 04:20:00,172.42,
WAN003,2023-10-23 04:30:00,172.4,
WAN003,2023-10-23 04:40:00,172.39,
WAN003,2023-10-23 04:50:00,172.42,
WAN003,2023-10-23 05:00:00,172.4,
WAN003,2023-10-23 05:10:00,172.4,
WAN003,2023-10-23 05:20:00,172.39,
WAN003,2023-10-23 05:30:00,172.39,
WAN003,2023-10-23 05:40:00,172.39,
WAN003,2023-10-23 05:50:00,172.38,
WAN003,2023-10-23 06:00:00,172.38,
WAN003,2023-10-23 06:10:00,172.37,
WAN003,2023-10-23 06:20:00,172.38,
WAN003,2023-10-23 06:30:00,172.37,
WAN003,2023-10-23 06:40:00,172.36,
WAN003,2023-10-23 06:50:00,172.34,
WAN003,2023-10-23 07:00:00,172.35,
WAN003,2023-10-23 07:10:00,172.35,
WAN003,2023-10-23 07:20:00,172.35,
WAN003,2023-10-23 07:30:00,172.35,
WAN003,2023-10-23 07:40:00,172.34,
WAN003,2023-10-23 07:50:00,172.34,
WAN003,2023-10-23 08:00:00,172.34,
WAN003,2023-10-23 08:10:00,172.33,
WAN003,2023-10-23 08:20:00,172.34,
WAN003,2023-10-23 08:30:00,172.31,
WAN003,2023-10-23 08:40:00,172.31,
WAN003,2023-10-23 08:50:00,172.32,
WAN003,2023-10-23 09:00:00,172.32,
WAN003,2023-10-23 09:10:00,-,
WAN003,2023-10-23 09:20:00,172.31,
WAN003,2023-10-23 09:30:00,172.31,
WAN003,2023-10-23 09:40:00,172.29,
WAN003,2023-10-23 09:50:00,172.3,
WAN003,2023-10-23 10:00:00,172.3,
WAN003,2023-10-23 10:10:00,172.3,
WAN003,2023-10-23 10:20:00,172.31,
WAN003,2023-10-23 10:30:00,172.3,
WAN003,2023-10-23 10:40:00,172.3,
WAN003,2023-10-23 10:50:00,172.28,
WAN003,2023-10-23 11:00:00,172.3,
WAN003,2023-10-23 11:10:00,172.3,
WAN003,2023-10-23 11:20:00,172.29,
WAN003,2023-10-23 11:30:00,172.29,
WAN003,2023-10-23 11:40:00,172.29,
WAN003,2023-10-23 11:50:00,172.3,
WAN003,2023-10-23 12:00:00,172.29,
WAN003,2023-10-23 12:10:00,172.29,
WAN003,2023-10-23 12:20:00,172.29,
WAN003,2023-10-23 12:30:00,172.29,
WAN003,2023-10-23 12:40:00,172.3,
WAN003,2023-10-23 12:50:00,-,
WAN003,2023-10-23 13:00:00,172.29,
WAN003,2023-10-23 13:10:00,172.3,
WAN003,2023-10-23 13:20:00,172.3,
WAN003,2023-10-23 13:30:00,172.29,
WAN003,2023-10-23 13:40:00,172.3,
WAN003,2023-10-23 13:50:00,172.29,
WAN003,2023-10-23 14:00:00,172.3,
WAN003,2023-10-23 14:10:00,172.3,
WAN003,2023-10-23 14:20:00,172.3,
WAN003,2023-10-23 14:30:00,172.31,
WAN003,2023-10-23 14:40:00,172.31,
WAN003,2023-10-23 14:50:00,172.31,
WAN003,2023-10-23 15:00:00,172.31,
WAN003,2023-10-23 15:10:00,172.32,
WAN003,2023-10-23 15:20:00,172.31,
WAN003,2023-10-23 15:30:00,172.32,
WAN003,2023-10-23 15:40:00,172.32,
WAN003,2023-10-23 15:50:00,172.33,
WAN003,2023-10-23 16:00:00,172.33,
WAN003,2023-10-23 16:10:00,172.34,
WAN003,2023-10-23 16:20:00,172.34,
WAN003,2023-10-23 16:30:00,172.36,
WAN003,2023-10-23 16:40:00,172.36,
WAN003,2023-10-23 16:50:00,172.37,
WAN003,2023-10-23 17:00:00,172.36,
WAN003,2023-10-23 17:10:00,172.39,
WAN003,2023-10-23 17:20:00,172.42,
WAN003,2023-10-23 17:30:00,172.42,
WAN003,2023-10-23 17:40:00,172.44,
WAN003,2023-10-23 17:50:00,172.47,
WAN003,2023-10-23 18:00:00,172.48,
WAN003,2023-10-23 18:10:00,172.5,
WAN003,2023-10-23 18:20:00,172.54,
WAN003,2023-10-23 18:30:00,172.55,
WAN003,2023-10-23 18:40:00,172.57,
WAN003,2023-10-23 18:50:00,172.61,
WAN003,2023-10-23 19:00:00,172.64,
WAN003,2023-10-23 19:10:00,172.67,
WAN003,2023-10-23 19:20:00,172.69,
WAN003,2023-10-23 19:30:00,172.71,
WAN003,2023-10-23 19:40:00,172.76,
WAN003,2023-10-23 19:50:00,172.79,
WAN003,2023-10-23 20:00:00,172.78,
WAN003,2023-10-23 20:10:00,172.82,
WAN003,2023-10-23 20:20:00,172.85,
WAN003,2023-10-23 20:30:00,172.89,
WAN003,2023-10-23 20:40:00,172.91,
WAN003,2023-10-23 20:50:00,172.93,
WAN003,2023-10-23 21:00:00,172.97,
WAN003,2023-10-23 21:10:00,172.98,
WAN003,2023-10-23 21:20:00,173.02,
WAN003,2023-10-23 21:30:00,173.03,
WAN003,2023-10-23 21:40:00,173.04,
WAN003,2023-10-23 21:50:00,173.08,
WAN003,2023-10-23 22:00:00,173.1,
WAN003,2023-10-23 22:10:00,173.12,
WAN003,2023-10-23 22:20:00,173.13,
WAN003,2023-10-23 22:30:00,173.15,
WAN003,2023-10-23 22:40:00,173.17,
WAN003,2023-10-23 22:50:00,173.2,
WAN003,2023-10-23 23:00:00,173.2,
WAN003,2023-10-23 23:10:00,173.22,
WAN003,2023-10-23 23:20:00,173.24,
WAN003,2023-10-23 23:30:00,173.24,
WAN003,2023-10-23 23:40:00,173.26,
WAN003,2023-10-23 23:50:00,173.27,
WAN003,2023-10-24 00:00:00,173.29,
WAN003,2023-10-24 00:10:00,173.28,
WAN003,2023-10-24 00:20:00,173.3,
WAN003,2023-10-24 00:30:00,173.3,
WAN003,2023-10-24 00:40:00,173.3,
WAN003,2023-10-24 00:50:00,173.32,
WAN003,2023-10-24 01:00:00,173.32,
WAN003,2023-10-24 01:10:00,173.34,
WAN003,2023-10-24 01:20:00,173.35,
WAN003,2023-10-24 01:30:00,173.35,
WAN003,2023-10-24 01:40:00,173.35,
WAN003,2023-10-24 01:50:00,173.35,
WAN003,2023-10-24 02:00:00,173.36,
WAN003,2023-10-24 02:10:00,173.36,
WAN003,2023-10-24 02:20:00,173.36,
WAN003,2023-10-24 02:30:00,173.37,
WAN003,2023-10-24 02:40:00,173.37,
WAN003,2023-10-24 02:50:00,173.37,
WAN003,2023-10-24 03:00:00,173.37,
WAN003,2023-10-24 03:10:00,173.37,
WAN003,2023-10-24 03:20:00,173.38,
WAN003,2023-10-24 03:30:00,173.39,
WAN003,2023-10-24 03:40:00,173.38,
WAN003,2023-10-24 03:50:00,173.38,
WAN003,2023-10-24 04:00:00,173.37,
WAN003,2023-10-24 04:10:00,173.39,
WAN003,2023-10-24 04:20:00,173.39,
WAN003,2023-10-24 04:30:00,173.39,
WAN003,2023-10-24 04:40:00,173.39,
WAN003,2023-10-24 04:50:00,173.4,
WAN003,2023-10-24 05:00:00,173.39,
WAN003,2023-10-24 05:10:00,173.39,
WAN003,2023-10-24 05:20:00,173.4,
WAN003,2023-10-24 05:30:00,173.39,
WAN003,2023-10-24 05:40:00,173.41,
WAN003,2023-10-24 05:50:00,173.4,
WAN003,2023-10-24 06:00:00,173.42,
WAN003,2023-10-24 06:10:00,173.42,
WAN003,2023-10-24 06:20:00,173.43,
WAN003,2023-10-24 06:30:00,173.42,
WAN003,2023-10-24 06:40:00,173.43,
WAN003,2023-10-24 06:50:00,173.43,
WAN003,2023-10-24 07:00:00,173.44,
WAN003,2023-10-24 07:10:00,173.44,
WAN003,2023-10-24 07:20:00,173.44,
WAN003,2023-10-24 07:30:00,173.44,
WAN003,2023-10-24 07:40:00,173.44,
WAN003,2023-10-24 07:50:00,173.45,
WAN003,2023-10-24 08:00:00,173.45,
WAN003,2023-10-24 08:10:00,173.44,
WAN003,2023-10-24 08:20:00,173.46,
WAN003,2023-10-24 08:30:00,173.45,
WAN003,2023-10-24 08:40:00,173.46,
WAN003,2023-10-24 08:50:00,173.47,
WAN003,2023-10-24 09:00:00,173.45,
WAN003,2023-10-24 09:10:00,173.46,
WAN003,2023-10-24 09:20:00,173.47,
WAN003,2023-10-24 09:30:00,-,
WAN003,2023-10-24 09:40:00,173.48,
WAN003,2023-10-24 09:50:00,173.47,
WAN003,2023-10-24 10:00:00,173.47,
WAN003,2023-10-24 10:10:00,173.48,
WAN003,2023-10-24 10:20:00,173.49,
WAN003,2023-10-24 10:30:00,173.49,
WAN003,2023-10-24 10:40:00,173.48,
WAN003,2023-10-24 10:50:00,173.49,
WAN003,2023-10-24 11:00:00,173.49,
WAN003,2023-10-24 11:10:00,173.49,
WAN003,2023-10-24 11:20:00,173.48,
WAN003,2023-10-24 11:30:00,173.48,
WAN003,2023-10-24 11:40:00,173.48,
WAN003,2023-10-24 11:50:00,173.49,
WAN003,2023-10-24 12:00:00,173.48,
WAN003,2023-10-24 12:10:00,173.49,
WAN003,2023-10-24 12:20:00,173.49,
WAN003,2023-10-24 12:30:00,173.48,
WAN003,2023-10-24 12:40:00,173.48,
WAN003,2023-10-24 12:50:00,173.48,
WAN003,2023-10-24 13:00:00,173.48,
WAN003,2023-10-24 13:10:00,173.47,
WAN003,2023-10-24 13:20:00,-,
WAN003,2023-10-24 13:30:00,173.48,
WAN003,2023-10-24 13:40:00,173.45,
WAN003,2023-10-24 13:50:00,173.48,
WAN003,2023-10-24 14:00:00,173.46,
WAN003,2023-10-24 14:10:00,173.47,
WAN003,2023-10-24 14:20:00,173.46,
WAN003,2023-10-24 14:30:00,173.47,
WAN003,2023-10-24 14:40:00,173.47,
WAN003,2023-10-24 14:50:00,173.46,
WAN003,2023-10-24 15:00:00,173.47,
WAN003,2023-10-24 15:10:00,173.45,
WAN003,2023-10-24 15:20:00,173.46,
WAN003,2023-10-24 15:30:00,173.45,
WAN003,2023-10-24 15:40:00,173.46,
WAN003,2023-10-24 15:50:00,173.45,
WAN003,2023-10-24 16:00:00,173.45,
WAN003,2023-10-24 16:10:00,173.45,
WAN003,2023-10-24 16:20:00,173.45,
WAN003,2023-10-24 16:30:00,173.44,
WAN003,2023-10-24 16:40:00,173.44,
WAN003,2023-10-24 16:50:00,173.43,
WAN003,2023-10-24 17:00:00,173.45,
WAN003,2023-10-24 17:10:00,173.43,
WAN003,2023-10-24 17:20:00,173.43,
WAN003,2023-10-24 17:30:00,173.43,
WAN003,2023-10-24 17:40:00,173.42,
WAN003,2023-10-24 17:50:00,173.41,
WAN003,2023-10-24 18:00:00,173.42,
WAN003,2023-10-24 18:10:00,173.42,
WAN003,2023-10-24 18:20:00,173.42,
WAN003,2023-10-24 18:30:00,173.4,
WAN003,2023-10-24 18:40:00,173.4,
WAN003,2023-10-24 18:50:00,173.4,
WAN003,2023-10-24 19:00:00,173.39,
WAN003,2023-10-24 19:10:00,173.39,
WAN003,2023-10-24 19:20:00,173.38,
WAN003,2023-10-24 19:30:00,173.37,
WAN003,2023-10-24 19:40:00,173.38,
WAN003,2023-10-24 19:50:00,173.37,
WAN003,2023-10-24 20:00:00,173.36,
WAN003,2023-10-24 20:10:00,173.36,
WAN003,2023-10-24 20:20:00,173.35,
WAN003,2023-10-24 20:30:00,173.35,
WAN003,2023-10-24 20:40:00,173.33,
WAN003,2023-10-24 20:50:00,173.34,
WAN003,2023-10-24 21:00:00,173.34,
WAN003,2023-10-24 21:10:00,173.34,
WAN003,2023-10-24 21:20:00,173.33,
WAN003,2023-10-24 21:30:00,173.32,
WAN003,2023-10-24 21:40:00,173.3,
WAN003,2023-10-24 21:50:00,173.31,
WAN003,2023-10-24 22:00:00,173.31,
WAN003,2023-10-24 22:10:00,173.28,
WAN003,2023-10-24 22:20:00,173.28,
WAN003,2023-10-24 22:30:00,173.29,
WAN003,2023-10-24 22:40:00,173.27,
WAN003,2023-10-24 22:50:00,173.27,
WAN003,2023-10-24 23:00:00,173.26,
WAN003,2023-10-24 23:10:00,173.25,
WAN003,2023-10-24 23:20:00,173.26,
WAN003,2023-10-24 23:30:00,173.24,
WAN003,2023-10-24 23:40:00,173.23,
WAN003,2023-10-24 23:50:00,173.22,
WAN003,2023-10-25 00:00:00,173.22,
WAN003,2023-10-25 00:10:00,173.22,
WAN003,2023-10-25 00:20:00,173.21,
WAN003,2023-10-25 00:30:00,173.2,
WAN003,2023-10-25 00:40:00,173.19,
WAN003,2023-10-25 00:50:00,173.19,
WAN003,2023-10-25 01:00:00,173.17,
WAN003,2023-10-25 01:10:00,173.16,
WAN003,2023-10-25 01:20:00,173.15,
WAN003,2023-10-25 01:30:00,173.16,
WAN003,2023-10-25 01:40:00,173.14,
WAN003,2023-10-25 01:50:00,173.13,
WAN003,2023-10-25 02:00:00,173.13,
WAN003,2023-10-25 02:10:00,173.13,
WAN003,2023-10-25 02:20:00,173.12,
WAN003,2023-10-25 02:30:00,173.11,
WAN003,2023-10-25 02:40:00,173.1,
WAN003,2023-10-25 02:50:00,173.1,
WAN003,2023-10-25 03:00:00,173.09,
WAN003,2023-10-25 03:10:00,173.09,
WAN003,2023-10-25 03:20:00,173.07,
WAN003,2023-10-25 03:30:00,173.06,
WAN003,2023-10-25 03:40:00,173.06,
WAN003,2023-10-25 03:50:00,173.04,
WAN003,2023-10-25 04:00:00,173.04,
WAN003,2023-10-25 04:10:00,173.02,
WAN003,2023-10-25 04:20:00,173.01,
WAN003,2023-10-25 04:30:00,173.02,
WAN003,2023-10-25 04:40:00,173.02,
WAN003,2023-10-25 04:50:00,173.01,
WAN003,2023-10-25 05:00:00,172.98,
WAN003,2023-10-25 05:10:00,172.97,
WAN003,2023-10-25 05:20:00,172.98,
WAN003,2023-10-25 05:30:00,172.97,
WAN003,2023-10-25 05:40:00,172.97,
WAN003,2023-10-25 05:50:00,172.95,
WAN003,2023-10-25 06:00:00,172.94,
WAN003,2023-10-25 06:10:00,172.94,
WAN003,2023-10-25 06:20:00,172.93,
WAN003,2023-10-25 06:30:00,172.92,
WAN003,2023-10-25 06:40:00,172.93,
WAN003,2023-10-25 06:50:00,172.9,
WAN003,2023-10-25 07:00:00,172.9,
WAN003,2023-10-25 07:10:00,172.89,
WAN003,2023-10-25 07:20:00,172.88,
WAN003,2023-10-25 07:30:00,172.87,
WAN003,2023-10-25 07:40:00,172.87,
WAN003,2023-10-25 07:50:00,172.86,
WAN003,2023-10-25 08:00:00,172.85,
WAN003,2023-10-25 08:10:00,-,
WAN003,2023-10-25 08:20:00,172.84,
WAN003,2023-10-25 08:30:00,-,
WAN003,2023-10-25 08:40:00,172.83,
WAN003,2023-10-25 08:50:00,172.82,
WAN003,2023-10-25 09:00:00,172.8,
WAN003,2023-10-25 09:10:00,172.8,
WAN003,2023-10-25 09:20:00,172.78,
WAN003,2023-10-25 09:30:00,172.79,
WAN003,2023-10-25 09:40:00,172.77,
WAN003,2023-10-25 09:50:00,172.78,
WAN003,2023-10-25 10:00:00,172.76,
WAN003,2023-10-25 10:10:00,172.76,
WAN003,2023-10-25 10:20:00,172.74,
WAN003,2023-10-25 10:30:00,172.75,
WAN003,2023-10-25 10:40:00,172.73,
WAN003,2023-10-25 10:50:00,172.73,
WAN003,2023-10-25 11:00:00,172.71,
WAN003,2023-10-25 11:10:00,172.71,
WAN003,2023-10-25 11:20:00,172.71,
WAN003,2023-10-25 11:30:00,172.69,
WAN003,2023-10-25 11:40:00,172.7,
WAN003,2023-10-25 11:50:00,172.69,
WAN003,2023-10-25 12:00:00,172.66,
WAN003,2023-10-25 12:10:00,172.66,
WAN003,2023-10-25 12:20:00,172.66,
WAN003,2023-10-25 12:30:00,172.65,
WAN003,2023-10-25 12:40:00,172.64,
WAN003,2023-10-25 12:50:00,172.65,
WAN003,2023-10-25 13:00:00,172.62,
WAN003,2023-10-25 13:10:00,172.61,
WAN003,2023-10-25 13:20:00,172.61,
WAN003,2023-10-25 13:30:00,172.6,
WAN003,2023-10-25 13:40:00,172.6,
WAN003,2023-10-25 13:50:00,172.59,
WAN003,2023-10-25 14:00:00,172.6,
WAN003,2023-10-25 14:10:00,172.58,
WAN003,2023-10-25 14:20:00,172.56,
WAN003,2023-10-25 14:30:00,172.57,
WAN003,2023-10-25 14:40:00,172.56,
WAN003,2023-10-25 14:50:00,172.57,
WAN003,2023-10-25 15:00:00,172.54,
WAN003,2023-10-25 15:10:00,172.54,
WAN003,2023-10-25 15:20:00,172.53,
WAN003,2023-10-25 15:30:00,172.53,
WAN003,2023-10-25 15:40:00,172.52,
WAN003,2023-10-25 15:50:00,172.51,
WAN003,2023-10-25 16:00:00,172.5,
WAN003,2023-10-25 16:10:00,172.5,
WAN003,2023-10-25 16:20:00,172.51,
WAN003,2023-10-25 16:30:00,172.48,
WAN003,2023-10-25 16:40:00,172.48,
WAN003,2023-10-25 16:50:00,172.48,
WAN003,2023-10-25 17:00:00,172.46,
WAN003,2023-10-25 17:10:00,172.46,
WAN003,2023-10-25 17:20:00,172.45,
WAN003,2023-10-25 17:30:00,172.45,
WAN003,2023-10-25 17:40:00,172.45,
WAN003,2023-10-25 17:50:00,172.44,
WAN003,2023-10-25 18:00:00,172.43,
WAN003,2023-10-25 18:10:00,172.43,
WAN003,2023-10-25 18:20:00,172.42,
WAN003,2023-10-25 18:30:00,172.42,
WAN003,2023-10-25 18:40:00,172.42,
WAN003,2023-10-25 18:50:00,172.4,
WAN003,2023-10-25 19:00:00,172.41,
WAN003,2023-10-25 19:10:00,172.39,
WAN003,2023-10-25 19:20:00,172.39,
WAN003,2023-10-25 19:30:00,172.38,
WAN003,2023-10-25 19:40:00,172.38,
WAN003,2023-10-25 19:50:00,172.38,
WAN003,2023-10-25 20:00:00,172.37,
WAN003,2023-10-25 20:10:00,172.37,
WAN003,2023-10-25 20:20:00,172.36,
WAN003,2023-10-25 20:30:00,172.36,
WAN003,2023-10-25 20:40:00,172.34,
WAN003,2023-10-25 20:50:00,172.33,
WAN003,2023-10-25 21:00:00,172.34,
WAN003,2023-10-25 21:10:00,172.34,
WAN003,2023-10-25 21:20:00,172.34,
WAN003,2023-10-25 21:30:00,172.33,
WAN003,2023-10-25 21:40:00,172.32,
WAN003,2023-10-25 21:50:00,172.31,
WAN003,2023-10-25 22:00:00,172.31,
WAN003,2023-10-25 22:10:00,172.3,
WAN003,2023-10-25 22:20:00,172.31,
WAN003,2023-10-25 22:30:00,172.3,
WAN003,2023-10-25 22:40:00,172.29,
WAN003,2023-10-25 22:50:00,172.3,
WAN003,2023-10-25 23:00:00,172.29,
WAN003,2023-10-25 23:10:00,172.29,
WAN003,2023-10-25 23:20:00,172.28,
WAN003,2023-10-25 23:30:00,172.26,
WAN003,2023-10-25 23:40:00,172.26,
WAN003,2023-10-25 23:50:00,172.27,
WAN003,2023-10-26 00:00:00,172.25,
WAN003,2023-10-26 00:10:00,172.25,
WAN003,2023-10-26 00:20:00,172.25,
WAN003,2023-10-26 00:30:00,172.25,
WAN003,2023-10-26 00:40:00,172.24,
WAN003,2023-10-26 00:50:00,172.23,
WAN003,2023-10-26 01:00:00,172.23,
WAN003,2023-10-26 01:10:00,172.22,
WAN003,2023-10-26 01:20:00,172.23,
WAN003,2023-10-26 01:30:00,172.21,
WAN003,2023-10-26 01:40:00,172.22,
WAN003,2023-10-26 01:50:00,172.21,
WAN003,2023-10-26 02:00:00,172.21,
WAN003,2023-10-26 02:10:00,172.2,
WAN003,2023-10-26 02:20:00,172.21,
WAN003,2023-10-26 02:30:00,172.2,
WAN003,2023-10-26 02:40:00,172.19,
WAN003,2023-10-26 02:50:00,172.19,
WAN003,2023-10-26 03:00:00,172.19,
WAN003,2023-10-26 03:10:00,172.17,
WAN003,2023-10-26 03:20:00,172.18,
WAN003,2023-10-26 03:30:00,172.17,
WAN003,2023-10-26 03:40:00,172.16,
WAN003,2023-10-26 03:50:00,172.16,
WAN003,2023-10-26 04:00:00,172.17,
WAN003,2023-10-26 04:10:00,172.16,
WAN003,2023-10-26 04:20:00,172.15,
WAN003,2023-10-26 04:30:00,172.15,
WAN003,2023-10-26 04:40:00,172.15,
WAN003,2023-10-26 04:50:00,172.14,
WAN003,2023-10-26 05:00:00,172.13,
WAN003,2023-10-26 05:10:00,172.13,
WAN003,2023-10-26 05:20:00,172.12,
WAN003,2023-10-26 05:30:00,172.12,
WAN003,2023-10-26 05:40:00,172.12,
WAN003,2023-10-26 05:50:00,172.11,
WAN003,2023-10-26 06:00:00,172.12,
WAN003,2023-10-26 06:10:00,172.11,
WAN003,2023-10-26 06:20:00,172.1,
WAN003,2023-10-26 06:30:00,172.1,
WAN003,2023-10-26 06:40:00,172.1,
WAN003,2023-10-26 06:50:00,172.09,
WAN003,2023-10-26 07:00:00,172.09,
WAN003,2023-10-26 07:10:00,172.08,
WAN003,2023-10-26 07:20:00,172.06,
WAN003,2023-10-26 07:30:00,172.07,
WAN003,2023-10-26 07:40:00,172.07,
WAN003,2023-10-26 07:50:00,172.07,
WAN003,2023-10-26 08:00:00,172.06,
WAN003,2023-10-26 08:10:00,-,
WAN003,2023-10-26 08:20:00,172.05,
WAN003,2023-10-26 08:30:00,172.06,
WAN003,2023-10-26 08:40:00,172.05,
WAN003,2023-10-26 08:50:00,172.04,
WAN003,2023-10-26 09:00:00,172.04,
WAN003,2023-10-26 09:10:00,172.04,
WAN003,2023-10-26 09:20:00,172.04,
WAN003,2023-10-26 09:30:00,172.03,
WAN003,2023-10-26 09:40:00,172.03,
WAN003,2023-10-26 09:50:00,172.02,
WAN003,2023-10-26 10:00:00,172.01,
WAN003,2023-10-26 10:10:00,172.02,
WAN003,2023-10-26 10:20:00,172.01,
WAN003,2023-10-26 10:30:00,172.03,
WAN003,2023-10-26 10:40:00,172.01,
WAN003,2023-10-26 10:50:00,172.02,
WAN003,2023-10-26 11:00:00,172.02,
WAN003,2023-10-26 11:10:00,172,
WAN003,2023-10-26 11:20:00,172.02,
WAN003,2023-10-26 11:30:00,172,
WAN003,2023-10-26 11:40:00,172,
WAN003,2023-10-26 11:50:00,172,
WAN003,2023-10-26 12:00:00,171.99,
WAN003,2023-10-26 12:10:00,171.99,
WAN003,2023-10-26 12:20:00,171.99,
WAN003,2023-10-26 12:30:00,171.99,
WAN003,2023-10-26 12:40:00,171.98,
WAN003,2023-10-26 12:50:00,171.97,
WAN003,2023-10-26 13:00:00,171.98,
WAN003,2023-10-26 13:10:00,171.97,
WAN003,2023-10-26 13:20:00,171.97,
WAN003,2023-10-26 13:30:00,171.96,
WAN003,2023-10-26 13:40:00,171.96,
WAN003,2023-10-26 13:50:00,-,
WAN003,2023-10-26 14:00:00,-,
WAN003,2023-10-26 14:10:00,171.95,
WAN003,2023-10-26 14:20:00,171.96,
WAN003,2023-10-26 14:30:00,171.95,
WAN003,2023-10-26 14:40:00,171.94,
WAN003,2023-10-26 14:50:00,171.95,
WAN003,2023-10-26 15:00:00,171.94,
WAN003,2023-10-26 15:10:00,171.93,
WAN003,2023-10-26 15:20:00,171.93,
WAN003,2023-10-26 15:30:00,171.92,
WAN003,2023-10-26 15:40:00,171.92,
WAN003,2023-10-26 15:50:00,171.93,
WAN003,2023-10-26 16:00:00,171.93,
WAN003,2023-10-26 16:10:00,171.92,
WAN003,2023-10-26 16:20:00,171.91,
WAN003,2023-10-26 16:30:00,171.91,
WAN003,2023-10-26 16:40:00,171.91,
WAN003,2023-10-26 16:50:00,171.91,
WAN003,2023-10-26 17:00:00,171.91,
WAN003,2023-10-26 17:10:00,171.91,
WAN003,2023-10-26 17:20:00,171.91,
WAN003,2023-10-26 17:30:00,171.89,
WAN003,2023-10-26 17:40:00,171.9,
WAN003,2023-10-26 17:50:00,171.9,
WAN003,2023-10-26 18:00:00,171.89,
WAN003,2023-10-26 18:10:00,171.89,
WAN003,2023-10-26 18:20:00,171.89,
WAN003,2023-10-26 18:30:00,171.87,
WAN003,2023-10-26 18:40:00,171.88,
WAN003,2023-10-26 18:50:00,171.88,
WAN003,2023-10-26 19:00:00,171.88,
WAN003,2023-10-26 19:10:00,171.88,
WAN003,2023-10-26 19:20:00,171.87,
WAN003,2023-10-26 19:30:00,171.88,
WAN003,2023-10-26 19:40:00,171.87,
WAN003,2023-10-26 19:50:00,171.87,
WAN003,2023-10-26 20:00:00,171.87,
WAN003,2023-10-26 20:10:00,171.86,
WAN003,2023-10-26 20:20:00,171.85,
WAN003,2023-10-26 20:30:00,171.86,
WAN003,2023-10-26 20:40:00,171.86,
WAN003,2023-10-26 20:50:00,171.84,
WAN003,2023-10-26 21:00:00,171.85,
WAN003,2023-10-26 21:10:00,171.86,
WAN003,2023-10-26 21:20:00,171.83,
WAN003,2023-10-26 21:30:00,171.84,
WAN003,2023-10-26 21:40:00,171.84,
WAN003,2023-10-26 21:50:00,171.83,
WAN003,2023-10-26 22:00:00,171.85,
WAN003,2023-10-26 22:10:00,171.83,
WAN003,2023-10-26 22:20:00,171.82,
WAN003,2023-10-26 22:30:00,171.83,
WAN003,2023-10-26 22:40:00,171.83,
WAN003,2023-10-26 22:50:00,171.83,
WAN003,2023-10-26 23:00:00,171.83,
WAN003,2023-10-26 23:10:00,171.83,
WAN003,2023-10-26 23:20:00,171.82,
WAN003,2023-10-26 23:30:00,171.82,
WAN003,2023-10-26 23:40:00,171.81,
WAN003,2023-10-26 23:50:00,171.82,
WAN003,2023-10-27 00:00:00,171.81,
WAN003,2023-10-27 00:10:00,171.81,
WAN003,2023-10-27 00:20:00,171.81,
WAN003,2023-10-27 00:30:00,171.8,
WAN003,2023-10-27 00:40:00,171.8,
WAN003,2023-10-27 00:50:00,171.8,
WAN003,2023-10-27 01:00:00,171.8,
WAN003,2023-10-27 01:10:00,171.8,
WAN003,2023-10-27 01:20:00,171.8,
WAN003,2023-10-27 01:30:00,171.8,
WAN003,2023-10-27 01:40:00,171.79,
WAN003,2023-10-27 01:50:00,171.79,
WAN003,2023-10-27 02:00:00,171.78,
WAN003,2023-10-27 02:10:00,171.78,
WAN003,2023-10-27 02:20:00,171.78,
WAN003,2023-10-27 02:30:00,171.78,
WAN003,2023-10-27 02:40:00,171.78,
WAN003,2023-10-27 02:50:00,171.77,
WAN003,2023-10-27 03:00:00,171.77,
WAN003,2023-10-27 03:10:00,171.77,
WAN003,2023-10-27 03:20:00,171.77,
WAN003,2023-10-27 03:30:00,171.78,
WAN003,2023-10-27 03:40:00,171.77,
WAN003,2023-10-27 03:50:00,171.76,
WAN003,2023-10-27 04:00:00,171.76,
WAN003,2023-10-27 04:10:00,171.76,
WAN003,2023-10-27 04:20:00,171.76,
WAN003,2023-10-27 04:30:00,171.76,
WAN003,2023-10-27 04:40:00,171.75,
WAN003,2023-10-27 04:50:00,171.75,
WAN003,2023-10-27 05:00:00,171.73,
WAN003,2023-10-27 05:10:00,171.74,
WAN003,2023-10-27 05:20:00,171.74,
WAN003,2023-10-27 05:30:00,171.73,
WAN003,2023-10-27 05:40:00,171.75,
WAN003,2023-10-27 05:50:00,171.74,
WAN003,2023-10-27 06:00:00,171.72,
WAN003,2023-10-27 06:10:00,171.73,
WAN003,2023-10-27 06:20:00,171.71,
WAN003,2023-10-27 06:30:00,171.73,
WAN003,2023-10-27 06:40:00,171.73,
WAN003,2023-10-27 06:50:00,171.72,
WAN003,2023-10-27 07:00:00,171.72,
WAN003,2023-10-27 07:10:00,171.72,
WAN003,2023-10-27 07:20:00,171.71,
WAN003,2023-10-27 07:30:00,171.71,
WAN003,2023-10-27 07:40:00,171.72,
WAN003,2023-10-27 07:50:00,171.72,
WAN003,2023-10-27 08:00:00,171.71,
WAN003,2023-10-27 08:10:00,171.71,
WAN003,2023-10-27 08:20:00,171.71,
WAN003,2023-10-27 08:30:00,171.7,
WAN003,2023-10-27 08:40:00,171.71,
WAN003,2023-10-27 08:50:00,171.69,
WAN003,2023-10-27 09:00:00,171.69,
WAN003,2023-10-27 09:10:00,171.7,
WAN003,2023-10-27 09:20:00,171.7,
WAN003,2023-10-27 09:30:00,171.69,
WAN003,2023-10-27 09:40:00,171.69,
WAN003,2023-10-27 09:50:00,171.68,
WAN003,2023-10-27 10:00:00,171.69,
WAN003,2023-10-27 10:10:00,171.69,
WAN003,2023-10-27 10:20:00,171.67,
WAN003,2023-10-27 10:30:00,171.68,
WAN003,2023-10-27 10:40:00,171.67,
WAN003,2023-10-27 10:50:00,171.67,
WAN003,2023-10-27 11:00:00,171.68,
WAN003,2023-10-27 11:10:00,171.67,
WAN003,2023-10-27 11:20:00,171.67,
WAN003,2023-10-27 11:30:00,171.65,
WAN003,2023-10-27 11:40:00,171.67,
WAN003,2023-10-27 11:50:00,171.67,
WAN003,2023-10-27 12:00:00,171.67,
WAN003,2023-10-27 12:10:00,171.67,
WAN003,2023-10-27 12:20:00,171.65,
WAN003,2023-10-27 12:30:00,171.65,
WAN003,2023-10-27 12:40:00,171.67,
WAN003,2023-10-27 12:50:00,171.66,
WAN003,2023-10-27 13:00:00,171.65,
WAN003,2023-10-27 13:10:00,171.67,
WAN003,2023-10-27 13:20:00,171.66,
WAN003,2023-10-27 13:30:00,171.66,
WAN003,2023-10-27 13:40:00,171.65,
WAN003,2023-10-27 13:50:00,171.65,
WAN003,2023-10-27 14:00:00,171.66,
WAN003,2023-10-27 14:10:00,171.66,
WAN003,2023-10-27 14:20:00,171.67,
WAN003,2023-10-27 14:30:00,171.65,
WAN003,2023-10-27 14:40:00,171.66,
WAN003,2023-10-27 14:50:00,171.65,
WAN003,2023-10-27 15:00:00,171.65,
WAN003,2023-10-27 15:10:00,171.65,
WAN003,2023-10-27 15:20:00,171.65,
WAN003,2023-10-27 15:30:00,171.65,
WAN003,2023-10-27 15:40:00,171.64,
WAN003,2023-10-27 15:50:00,171.65,
WAN003,2023-10-27 16:00:00,171.64,
WAN003,2023-10-27 16:10:00,171.61,
WAN003,2023-10-27 16:20:00,171.63,
WAN003,2023-10-27 16:30:00,171.64,
WAN003,2023-10-27 16:40:00,171.63,
WAN003,2023-10-27 16:50:00,171.63,
WAN003,2023-10-27 17:00:00,171.63,
WAN003,2023-10-27 17:10:00,171.63,
WAN003,2023-10-27 17:20:00,171.64,
WAN003,2023-10-27 17:30:00,171.62,
WAN003,2023-10-27 17:40:00,171.63,
WAN003,2023-10-27 17:50:00,171.62,
WAN003,2023-10-27 18:00:00,171.62,
WAN003,2023-10-27 18:10:00,171.62,
WAN003,2023-10-27 18:20:00,171.6,
WAN003,2023-10-27 18:30:00,171.62,
WAN003,2023-10-27 18:40:00,171.62,
WAN003,2023-10-27 18:50:00,171.61,
WAN003,2023-10-27 19:00:00,171.61,
WAN003,2023-10-27 19:10:00,171.61,
WAN003,2023-10-27 19:20:00,171.6,
WAN003,2023-10-27 19:30:00,171.61,
WAN003,2023-10-27 19:40:00,171.6,
WAN003,2023-10-27 19:50:00,171.6,
WAN003,2023-10-27 20:00:00,171.6,
WAN003,2023-10-27 20:10:00,171.61,
WAN003,2023-10-27 20:20:00,171.61,
WAN003,2023-10-27 20:30:00,171.6,
WAN003,2023-10-27 20:40:00,171.6,
WAN003,2023-10-27 20:50:00,171.61,
WAN003,2023-10-27 21:00:00,171.6,
WAN003,2023-10-27 21:10:00,171.59,
WAN003,2023-10-27 21:20:00,171.61,
WAN003,2023-10-27 21:30:00,171.6,
WAN003,2023-10-27 21:40:00,171.59,
WAN003,2023-10-27 21:50:00,171.59,
WAN003,2023-10-27 22:00:00,171.6,
WAN003,2023-10-27 22:10:00,171.6,
WAN003,2023-10-27 22:20:00,171.6,
WAN003,2023-10-27 22:30:00,171.59,
WAN003,2023-10-27 22:40:00,171.6,
WAN003,2023-10-27 22:50:00,171.6,
WAN003,2023-10-27 23:00:00,171.59,
WAN003,2023-10-27 23:10:00,171.59,
WAN003,2023-10-27 23:20:00,171.59,
WAN003,2023-10-27 23:30:00,171.59,
WAN003,2023-10-27 23:40:00,171.59,
WAN003,2023-10-27 23:50:00,171.59,
WAN003,2023-10-28 00:00:00,171.59,
WAN003,2023-10-28 00:10:00,171.59,
WAN003,2023-10-28 00:20:00,171.59,
WAN003,2023-10-28 00:30:00,171.6,
WAN003,2023-10-28 00:40:00,171.6,
WAN003,2023-10-28 00:50:00,171.59,
WAN003,2023-10-28 01:00:00,171.58,
WAN003,2023-10-28 01:10:00,171.58,
WAN003,2023-10-28 01:20:00,171.59,
WAN003,2023-10-28 01:30:00,171.59,
WAN003,2023-10-28 01:40:00,171.59,
WAN003,2023-10-28 01:50:00,171.59,
WAN003,2023-10-28 02:00:00,171.58,
WAN003,2023-10-28 02:10:00,171.59,
WAN003,2023-10-28 02:20:00,171.58,
WAN003,2023-10-28 02:30:00,171.57,
WAN003,2023-10-28 02:40:00,171.57,
WAN003,2023-10-28 02:50:00,171.59,
WAN003,2023-10-28 03:00:00,171.58,
WAN003,2023-10-28 03:10:00,171.58,
WAN003,2023-10-28 03:20:00,171.59,
WAN003,2023-10-28 03:30:00,171.59,
WAN003,2023-10-28 03:40:00,171.58,
WAN003,2023-10-28 03:50:00,171.59,
WAN003,2023-10-28 04:00:00,171.59,
WAN003,2023-10-28 04:10:00,171.59,
WAN003,2023-10-28 04:20:00,171.59,
WAN003,2023-10-28 04:30:00,171.62,
WAN003,2023-10-28 04:40:00,171.63,
WAN003,2023-10-28 04:50:00,171.64,
WAN003,2023-10-28 05:00:00,171.63,
WAN003,2023-10-28 05:10:00,171.63,
WAN003,2023-10-28 05:20:00,171.66,
WAN003,2023-10-28 05:30:00,171.69,
WAN003,2023-10-28 05:40:00,171.7,
WAN003,2023-10-28 05:50:00,171.7,
WAN003,2023-10-28 06:00:00,171.69,
WAN003,2023-10-28 06:10:00,171.69,
WAN003,2023-10-28 06:20:00,171.69,
WAN003,2023-10-28 06:30:00,171.67,
WAN003,2023-10-28 06:40:00,171.67,
WAN003,2023-10-28 06:50:00,171.67,
WAN003,2023-10-28 07:00:00,171.67,
WAN003,2023-10-28 07:10:00,171.67,
WAN003,2023-10-28 07:20:00,171.67,
WAN003,2023-10-28 07:30:00,171.66,
WAN003,2023-10-28 07:40:00,171.65,
WAN003,2023-10-28 07:50:00,171.66,
WAN003,2023-10-28 08:00:00,171.65,
WAN003,2023-10-28 08:10:00,171.65,
WAN003,2023-10-28 08:20:00,171.65,
WAN003,2023-10-28 08:30:00,171.65,
WAN003,2023-10-28 08:40:00,171.64,
WAN003,2023-10-28 08:50:00,171.64,
WAN003,2023-10-28 09:00:00,171.64,
WAN003,2023-10-28 09:10:00,171.63,
WAN003,2023-10-28 09:20:00,171.63,
WAN003,2023-10-28 09:30:00,171.61,
WAN003,2023-10-28 09:40:00,171.63,
WAN003,2023-10-28 09:50:00,171.63,
WAN003,2023-10-28 10:00:00,171.62,
WAN003,2023-10-28 10:10:00,171.61,
WAN003,2023-10-28 10:20:00,171.61,
WAN003,2023-10-28 10:30:00,171.6,
WAN003,2023-10-28 10:40:00,171.6,
WAN003,2023-10-28 10:50:00,171.61,
WAN003,2023-10-28 11:00:00,171.61,
WAN003,2023-10-28 11:10:00,171.6,
WAN003,2023-10-28 11:20:00,171.59,
WAN003,2023-10-28 11:30:00,171.59,
WAN003,2023-10-28 11:40:00,171.59,
WAN003,2023-10-28 11:50:00,171.6,
WAN003,2023-10-28 12:00:00,171.58,
WAN003,2023-10-28 12:10:00,171.59,
WAN003,2023-10-28 12:20:00,171.58,
WAN003,2023-10-28 12:30:00,171.59,
WAN003,2023-10-28 12:40:00,171.58,
WAN003,2023-10-28 12:50:00,171.58,
WAN003,2023-10-28 13:00:00,171.59,
WAN003,2023-10-28 13:10:00,171.59,
WAN003,2023-10-28 13:20:00,171.58,
WAN003,2023-10-28 13:30:00,171.58,
WAN003,2023-10-28 13:40:00,171.59,
WAN003,2023-10-28 13:50:00,171.59,
WAN003,2023-10-28 14:00:00,171.59,
WAN003,2023-10-28 14:10:00,171.59,
WAN003,2023-10-28 14:20:00,171.59,
WAN003,2023-10-28 14:30:00,171.59,
WAN003,2023-10-28 14:40:00,171.59,
WAN003,2023-10-28 14:50:00,171.59,
WAN003,2023-10-28 15:00:00,171.59,
WAN003,2023-10-28 15:10:00,171.6,
WAN003,2023-10-28 15:20:00,171.59,
WAN003,2023-10-28 15:30:00,171.59,
WAN003,2023-10-28 15:40:00,171.6,
WAN003,2023-10-28 15:50:00,171.59,
WAN003,2023-10-28 16:00:00,171.6,
WAN003,2023-10-28 16:10:00,171.6,
WAN003,2023-10-28 16:20:00,171.6,
WAN003,2023-10-28 16:30:00,171.61,
WAN003,2023-10-28 16:40:00,171.6,
WAN003,2023-10-28 16:50:00,171.6,
WAN003,2023-10-28 17:00:00,171.61,
WAN003,2023-10-28 17:10:00,171.6,
WAN003,2023-10-28 17:20:00,171.61,
WAN003,2023-10-28 17:30:00,171.6,
WAN003,2023-10-28 17:40:00,171.61,
WAN003,2023-10-28 17:50:00,171.61,
WAN003,2023-10-28 18:00:00,171.63,
WAN003,2023-10-28 18:10:00,171.62,
WAN003,2023-10-28 18:20:00,171.63,
WAN003,2023-10-28 18:30:00,171.63,
WAN003,2023-10-28 18:40:00,171.63,
WAN003,2023-10-28 18:50:00,171.64,
WAN003,2023-10-28 19:00:00,171.63,
WAN003,2023-10-28 19:10:00,171.64,
WAN003,2023-10-28 19:20:00,171.65,
WAN003,2023-10-28 19:30:00,171.65,
WAN003,2023-10-28 19:40:00,171.65,
WAN003,2023-10-28 19:50:00,171.67,
WAN003,2023-10-28 20:00:00,171.66,
WAN003,2023-10-28 20:10:00,171.67,
WAN003,2023-10-28 20:20:00,171.67,
WAN003,2023-10-28 20:30:00,171.68,
WAN003,2023-10-28 20:40:00,171.68,
WAN003,2023-10-28 20:50:00,171.68,
WAN003,2023-10-28 21:00:00,171.68,
WAN003,2023-10-28 21:10:00,171.69,
WAN003,2023-10-28 21:20:00,171.7,
WAN003,2023-10-28 21:30:00,171.69,
WAN003,2023-10-28 21:40:00,171.69,
WAN003,2023-10-28 21:50:00,171.7,
WAN003,2023-10-28 22:00:00,171.7,
WAN003,2023-10-28 22:10:00,171.7,
WAN003,2023-10-28 22:20:00,171.71,
WAN003,2023-10-28 22:30:00,171.7,
WAN003,2023-10-28 22:40:00,171.71,
WAN003,2023-10-28 22:50:00,171.72,
WAN003,2023-10-28 23:00:00,171.72,
WAN003,2023-10-28 23:10:00,171.72,
WAN003,2023-10-28 23:20:00,171.72,
WAN003,2023-10-28 23:30:00,171.74,
WAN003,2023-10-28 23:40:00,171.73,
WAN003,2023-10-28 23:50:00,171.74,
WAN003,2023-10-29 00:00:00,171.73,
WAN003,2023-10-29 00:10:00,171.74,
WAN003,2023-10-29 00:20:00,171.73,
WAN003,2023-10-29 00:30:00,171.74,
WAN003,2023-10-29 00:40:00,171.74,
WAN003,2023-10-29 00:50:00,171.74,
WAN003,2023-10-29 01:00:00,171.74,
WAN003,2023-10-29 01:10:00,171.75,
WAN003,2023-10-29 01:20:00,171.75,
WAN003,2023-10-29 01:30:00,171.75,
WAN003,2023-10-29 01:40:00,171.76,
WAN003,2023-10-29 01:50:00,171.74,
WAN003,2023-10-29 02:00:00,171.76,
WAN003,2023-10-29 02:10:00,171.76,
WAN003,2023-10-29 02:20:00,171.77,
WAN003,2023-10-29 02:30:00,171.76,
WAN003,2023-10-29 02:40:00,171.77,
WAN003,2023-10-29 02:50:00,171.76,
WAN003,2023-10-29 03:00:00,171.76,
WAN003,2023-10-29 03:10:00,171.77,
WAN003,2023-10-29 03:20:00,171.77,
WAN003,2023-10-29 03:30:00,171.77,
WAN003,2023-10-29 03:40:00,171.77,
WAN003,2023-10-29 03:50:00,171.77,
WAN003,2023-10-29 04:00:00,171.77,
WAN003,2023-10-29 04:10:00,171.78,
WAN003,2023-10-29 04:20:00,171.77,
WAN003,2023-10-29 04:30:00,171.79,
WAN003,2023-10-29 04:40:00,171.78,
WAN003,2023-10-29 04:50:00,171.78,
WAN003,2023-10-29 05:00:00,171.78,
WAN003,2023-10-29 05:10:00,171.79,
WAN003,2023-10-29 05:20:00,171.79,
WAN003,2023-10-29 05:30:00,171.79,
WAN003,2023-10-29 05:40:00,171.78,
WAN003,2023-10-29 05:50:00,171.78,
WAN003,2023-10-29 06:00:00,171.78,
WAN003,2023-10-29 06:10:00,171.78,
WAN003,2023-10-29 06:20:00,171.78,
WAN003,2023-10-29 06:30:00,171.79,
WAN003,2023-10-29 06:40:00,171.79,
WAN003,2023-10-29 06:50:00,171.79,
WAN003,2023-10-29 07:00:00,171.79,
WAN003,2023-10-29 07:10:00,171.78,
WAN003,2023-10-29 07:20:00,171.78,
WAN003,2023-10-29 07:30:00,171.78,
WAN003,2023-10-29 07:40:00,171.79,
WAN003,2023-10-29 07:50:00,171.79,
WAN003,2023-10-29 08:00:00,171.79,
WAN003,2023-10-29 08:10:00,171.79,
WAN003,2023-10-29 08:20:00,171.78,
WAN003,2023-10-29 08:30:00,171.77,
WAN003,2023-10-29 08:40:00,171.78,
WAN003,2023-10-29 08:50:00,171.77,
WAN003,2023-10-29 09:00:00,171.78,
WAN003,2023-10-29 09:10:00,171.78,
WAN003,2023-10-29 09:20:00,171.78,
WAN003,2023-10-29 09:30:00,171.77,
WAN003,2023-10-29 09:40:00,171.78,
WAN003,2023-10-29 09:50:00,171.78,
WAN003,2023-10-29 10:00:00,171.78,
WAN003,2023-10-29 10:10:00,171.79,
WAN003,2023-10-29 10:20:00,171.81,
WAN003,2023-10-29 10:30:00,171.83,
WAN003,2023-10-29 10:40:00,171.84,
WAN003,2023-10-29 10:50:00,171.87,
WAN003,2023-10-29 11:00:00,171.87,
WAN003,2023-10-29 11:10:00,171.87,
WAN003,2023-10-29 11:20:00,171.89,
WAN003,2023-10-29 11:30:00,171.89,
WAN003,2023-10-29 11:40:00,171.91,
WAN003,2023-10-29 11:50:00,171.94,
WAN003,2023-10-29 12:00:00,171.97,
WAN003,2023-10-29 12:10:00,171.99,
WAN003,2023-10-29 12:20:00,172.01,
WAN003,2023-10-29 12:30:00,172.03,
WAN003,2023-10-29 12:40:00,172.04,
WAN003,2023-10-29 12:50:00,172.05,
WAN003,2023-10-29 13:00:00,172.05,
WAN003,2023-10-29 13:10:00,172.04,
WAN003,2023-10-29 13:20:00,172.04,
WAN003,2023-10-29 13:30:00,172.03,
WAN003,2023-10-29 13:40:00,172.01,
WAN003,2023-10-29 13:50:00,172.01,
WAN003,2023-10-29 14:00:00,172.01,
WAN003,2023-10-29 14:10:00,172,
WAN003,2023-10-29 14:20:00,-,
WAN003,2023-10-29 14:30:00,171.98,
WAN003,2023-10-29 14:40:00,171.98,
WAN003,2023-10-29 14:50:00,171.97,
WAN003,2023-10-29 15:00:00,171.97,
WAN003,2023-10-29 15:10:00,-,
WAN003,2023-10-29 15:20:00,171.95,
WAN003,2023-10-29 15:30:00,171.94,
WAN003,2023-10-29 15:40:00,171.93,
WAN003,2023-10-29 15:50:00,171.91,
WAN003,2023-10-29 16:00:00,171.92,
WAN003,2023-10-29 16:10:00,171.92,
WAN003,2023-10-29 16:20:00,171.92,
WAN003,2023-10-29 16:30:00,171.9,
WAN003,2023-10-29 16:40:00,171.91,
WAN003,2023-10-29 16:50:00,171.9,
WAN003,2023-10-29 17:00:00,171.91,
WAN003,2023-10-29 17:10:00,171.9,
WAN003,2023-10-29 17:20:00,171.89,
WAN003,2023-10-29 17:30:00,171.89,
WAN003,2023-10-29 17:40:00,171.89,
WAN003,2023-10-29 17:50:00,171.9,
WAN003,2023-10-29 18:00:00,171.89,
WAN003,2023-10-29 18:10:00,171.9,
WAN003,2023-10-29 18:20:00,171.89,
WAN003,2023-10-29 18:30:00,171.89,
WAN003,2023-10-29 18:40:00,171.9,
WAN003,2023-10-29 18:50:00,171.89,
WAN003,2023-10-29 19:00:00,171.89,
WAN003,2023-10-29 19:10:00,171.9,
WAN003,2023-10-29 19:20:00,171.91,
WAN003,2023-10-29 19:30:00,171.91,
WAN003,2023-10-29 19:40:00,171.92,
WAN003,2023-10-29 19:50:00,171.92,
WAN003,2023-10-29 20:00:00,171.92,
WAN003,2023-10-29 20:10:00,171.92,
WAN003,2023-10-29 20:20:00,171.92,
WAN003,2023-10-29 20:30:00,171.92,
WAN003,2023-10-29 20:40:00,171.93,
WAN003,2023-10-29 20:50:00,171.92,
WAN003,2023-10-29 21:00:00,171.9,
WAN003,2023-10-29 21:10:00,171.94,
WAN003,2023-10-29 21:20:00,171.92,
WAN003,2023-10-29 21:30:00,171.93,
WAN003,2023-10-29 21:40:00,171.93,
WAN003,2023-10-29 21:50:00,171.93,
WAN003,2023-10-29 22:00:00,171.93,
WAN003,2023-10-29 22:10:00,171.92,
WAN003,2023-10-29 22:20:00,171.92,
WAN003,2023-10-29 22:30:00,171.93,
WAN003,2023-10-29 22:40:00,171.91,
WAN003,2023-10-29 22:50:00,171.92,
WAN003,2023-10-29 23:00:00,171.92,
WAN003,2023-10-29 23:10:00,171.91,
WAN003,2023-10-29 23:20:00,171.9,
WAN003,2023-10-29 23:30:00,171.9,
WAN003,2023-10-29 23:40:00,171.9,
WAN003,2023-10-29 23:50:00,171.89,
WAN003,2023-10-30 00:00:00,171.87,
WAN003,2023-10-30 00:10:00,171.89,
WAN003,2023-10-30 00:20:00,171.87,
WAN003,2023-10-30 00:30:00,171.88,
WAN003,2023-10-30 00:40:00,171.88,
WAN003,2023-10-30 00:50:00,171.87,
WAN003,2023-10-30 01:00:00,171.87,
WAN003,2023-10-30 01:10:00,171.86,
WAN003,2023-10-30 01:20:00,171.85,
WAN003,2023-10-30 01:30:00,171.84,
WAN003,2023-10-30 01:40:00,171.85,
WAN003,2023-10-30 01:50:00,171.84,
WAN003,2023-10-30 02:00:00,171.84,
WAN003,2023-10-30 02:10:00,171.84,
WAN003,2023-10-30 02:20:00,171.83,
WAN003,2023-10-30 02:30:00,171.83,
WAN003,2023-10-30 02:40:00,171.83,
WAN003,2023-10-30 02:50:00,171.81,
WAN003,2023-10-30 03:00:00,171.82,
WAN003,2023-10-30 03:10:00,171.82,
WAN003,2023-10-30 03:20:00,171.81,
WAN003,2023-10-30 03:30:00,171.8,
WAN003,2023-10-30 03:40:00,171.79,
WAN003,2023-10-30 03:50:00,171.79,
WAN003,2023-10-30 04:00:00,171.79,
WAN003,2023-10-30 04:10:00,171.78,
WAN003,2023-10-30 04:20:00,171.79,
WAN003,2023-10-30 04:30:00,171.78,
WAN003,2023-10-30 04:40:00,171.78,
WAN003,2023-10-30 04:50:00,171.76,
WAN003,2023-10-30 05:00:00,171.77,
WAN003,2023-10-30 05:10:00,171.76,
WAN003,2023-10-30 05:20:00,171.77,
WAN003,2023-10-30 05:30:00,171.76,
WAN003,2023-10-30 05:40:00,171.75,
WAN003,2023-10-30 05:50:00,171.76,
WAN003,2023-10-30 06:00:00,171.76,
WAN003,2023-10-30 06:10:00,171.75,
WAN003,2023-10-30 06:20:00,171.74,
WAN003,2023-10-30 06:30:00,171.75,
WAN003,2023-10-30 06:40:00,171.74,
WAN003,2023-10-30 06:50:00,171.74,
WAN003,2023-10-30 07:00:00,171.73,
WAN003,2023-10-30 07:10:00,171.73,
WAN003,2023-10-30 07:20:00,171.74,
WAN003,2023-10-30 07:30:00,171.73,
WAN003,2023-10-30 07:40:00,171.72,
WAN003,2023-10-30 07:50:00,171.71,
WAN003,2023-10-30 08:00:00,171.72,
WAN003,2023-10-30 08:10:00,-,
WAN003,2023-10-30 08:20:00,171.71,
WAN003,2023-10-30 08:30:00,-,
WAN003,2023-10-30 08:40:00,171.72,
WAN003,2023-10-30 08:50:00,171.71,
WAN003,2023-10-30 09:00:00,171.71,
WAN003,2023-10-30 09:10:00,171.71,
WAN003,2023-10-30 09:20:00,171.7,
WAN003,2023-10-30 09:30:00,171.7,
WAN003,2023-10-30 09:40:00,171.69,
WAN003,2023-10-30 09:50:00,171.7,
WAN003,2023-10-30 10:00:00,171.7,
WAN003,2023-10-30 10:10:00,171.69,
WAN003,2023-10-30 10:20:00,171.7,
WAN003,2023-10-30 10:30:00,171.7,
WAN003,2023-10-30 10:40:00,171.69,
WAN003,2023-10-30 10:50:00,171.69,
WAN003,2023-10-30 11:00:00,171.68,
WAN003,2023-10-30 11:10:00,171.69,
WAN003,2023-10-30 11:20:00,171.69,
WAN003,2023-10-30 11:30:00,171.68,
WAN003,2023-10-30 11:40:00,171.68,
WAN003,2023-10-30 11:50:00,171.69,
WAN003,2023-10-30 12:00:00,171.69,
WAN003,2023-10-30 12:10:00,171.68,
WAN003,2023-10-30 12:20:00,171.68,
WAN003,2023-10-30 12:30:00,171.67,
WAN003,2023-10-30 12:40:00,171.68,
WAN003,2023-10-30 12:50:00,171.68,
WAN003,2023-10-30 13:00:00,171.67,
WAN003,2023-10-30 13:10:00,171.69,
WAN003,2023-10-30 13:20:00,171.68,
WAN003,2023-10-30 13:30:00,171.69,
WAN003,2023-10-30 13:40:00,171.67,
WAN003,2023-10-30 13:50:00,171.67,
WAN003,2023-10-30 14:00:00,171.67,
WAN003,2023-10-30 14:10:00,171.68,
WAN003,2023-10-30 14:20:00,171.66,
WAN003,2023-10-30 14:30:00,-,
WAN003,2023-10-30 14:40:00,-,
WAN003,2023-10-30 14:50:00,171.68,
WAN003,2023-10-30 15:00:00,171.68,
WAN003,2023-10-30 15:10:00,171.66,
WAN003,2023-10-30 15:20:00,171.67,
WAN003,2023-10-30 15:30:00,171.67,
WAN003,2023-10-30 15:40:00,171.67,
WAN003,2023-10-30 15:50:00,171.68,
WAN003,2023-10-30 16:00:00,171.67,
WAN003,2023-10-30 16:10:00,171.67,
WAN003,2023-10-30 16:20:00,171.67,
WAN003,2023-10-30 16:30:00,171.66,
WAN003,2023-10-30 16:40:00,171.67,
WAN003,2023-10-30 16:50:00,171.66,
WAN003,2023-10-30 17:00:00,171.66,
WAN003,2023-10-30 17:10:00,171.66,
WAN003,2023-10-30 17:20:00,171.66,
WAN003,2023-10-30 17:30:00,171.66,
WAN003,2023-10-30 17:40:00,171.66,
WAN003,2023-10-30 17:50:00,171.66,
WAN003,2023-10-30 18:00:00,171.65,
WAN003,2023-10-30 18:10:00,171.66,
WAN003,2023-10-30 18:20:00,171.65,
WAN003,2023-10-30 18:30:00,171.66,
WAN003,2023-10-30 18:40:00,171.65,
WAN003,2023-10-30 18:50:00,171.65,
WAN003,2023-10-30 19:00:00,171.65,
WAN003,2023-10-30 19:10:00,171.64,
WAN003,2023-10-30 19:20:00,171.65,
WAN003,2023-10-30 19:30:00,171.65,
WAN003,2023-10-30 19:40:00,171.65,
WAN003,2023-10-30 19:50:00,171.63,
WAN003,2023-10-30 20:00:00,171.65,
WAN003,2023-10-30 20:10:00,171.64,
WAN003,2023-10-30 20:20:00,171.64,
WAN003,2023-10-30 20:30:00,171.64,
WAN003,2023-10-30 20:40:00,171.66,
WAN003,2023-10-30 20:50:00,171.66,
WAN003,2023-10-30 21:00:00,171.65,
WAN003,2023-10-30 21:10:00,171.66,
WAN003,2023-10-30 21:20:00,171.68,
WAN003,2023-10-30 21:30:00,171.71,
WAN003,2023-10-30 21:40:00,171.71,
WAN003,2023-10-30 21:50:00,171.76,
WAN003,2023-10-30 22:00:00,171.82,
WAN003,2023-10-30 22:10:00,171.84,
WAN003,2023-10-30 22:20:00,171.87,
WAN003,2023-10-30 22:30:00,171.87,
WAN003,2023-10-30 22:40:00,171.88,
WAN003,2023-10-30 22:50:00,171.87,
WAN003,2023-10-30 23:00:00,171.88,
WAN003,2023-10-30 23:10:00,171.87,
WAN003,2023-10-30 23:20:00,171.86,
WAN003,2023-10-30 23:30:00,171.85,
WAN003,2023-10-30 23:40:00,171.85,
WAN003,2023-10-30 23:50:00,171.84,
WAN003,2023-10-31 00:00:00,171.84,
WAN003,2023-10-31 00:10:00,171.83,
WAN003,2023-10-31 00:20:00,171.84,
WAN003,2023-10-31 00:30:00,171.82,
WAN003,2023-10-31 00:40:00,171.84,
WAN003,2023-10-31 00:50:00,171.83,
WAN003,2023-10-31 01:00:00,171.83,
WAN003,2023-10-31 01:10:00,171.83,
WAN003,2023-10-31 01:20:00,171.83,
WAN003,2023-10-31 01:30:00,171.83,
WAN003,2023-10-31 01:40:00,171.81,
WAN003,2023-10-31 01:50:00,171.83,
WAN003,2023-10-31 02:00:00,171.83,
WAN003,2023-10-31 02:10:00,171.83,
WAN003,2023-10-31 02:20:00,171.83,
WAN003,2023-10-31 02:30:00,171.84,
WAN003,2023-10-31 02:40:00,171.85,
WAN003,2023-10-31 02:50:00,171.86,
WAN003,2023-10-31 03:00:00,171.85,
WAN003,2023-10-31 03:10:00,171.86,
WAN003,2023-10-31 03:20:00,171.86,
WAN003,2023-10-31 03:30:00,171.88,
WAN003,2023-10-31 03:40:00,171.87,
WAN003,2023-10-31 03:50:00,171.89,
WAN003,2023-10-31 04:00:00,171.89,
WAN003,2023-10-31 04:10:00,171.89,
WAN003,2023-10-31 04:20:00,171.89,
WAN003,2023-10-31 04:30:00,171.91,
WAN003,2023-10-31 04:40:00,171.9,
WAN003,2023-10-31 04:50:00,171.91,
WAN003,2023-10-31 05:00:00,171.91,
WAN003,2023-10-31 05:10:00,171.92,
WAN003,2023-10-31 05:20:00,171.93,
WAN003,2023-10-31 05:30:00,171.93,
WAN003,2023-10-31 05:40:00,171.92,
WAN003,2023-10-31 05:50:00,171.93,
WAN003,2023-10-31 06:00:00,171.93,
WAN003,2023-10-31 06:10:00,171.93,
WAN003,2023-10-31 06:20:00,171.93,
WAN003,2023-10-31 06:30:00,171.94,
WAN003,2023-10-31 06:40:00,171.93,
WAN003,2023-10-31 06:50:00,171.94,
WAN003,2023-10-31 07:00:00,171.94,
WAN003,2023-10-31 07:10:00,171.93,
WAN003,2023-10-31 07:20:00,171.94,
WAN003,2023-10-31 07:30:00,171.93,
WAN003,2023-10-31 07:40:00,171.95,
WAN003,2023-10-31 07:50:00,171.94,
WAN003,2023-10-31 08:00:00,171.94,
WAN003,2023-10-31 08:10:00,-,
WAN003,2023-10-31 08:20:00,171.94,
WAN003,2023-10-31 08:30:00,171.94,
WAN003,2023-10-31 08:40:00,171.93,
WAN003,2023-10-31 08:50:00,171.94,
WAN003,2023-10-31 09:00:00,171.94,
WAN003,2023-10-31 09:10:00,171.94,
WAN003,2023-10-31 09:20:00,171.93,
WAN003,2023-10-31 09:30:00,171.94,
WAN003,2023-10-31 09:40:00,171.93,
WAN003,2023-10-31 09:50:00,171.93,
WAN003,2023-10-31 10:00:00,171.92,
WAN003,2023-10-31 10:10:00,171.92,
WAN003,2023-10-31 10:20:00,171.93,
WAN003,2023-10-31 10:30:00,171.92,
WAN003,2023-10-31 10:40:00,171.93,
WAN003,2023-10-31 10:50:00,171.91,
WAN003,2023-10-31 11:00:00,171.92,
WAN003,2023-10-31 11:10:00,171.92,
WAN003,2023-10-31 11:20:00,171.92,
WAN003,2023-10-31 11:30:00,171.91,
WAN003,2023-10-31 11:40:00,171.93,
WAN003,2023-10-31 11:50:00,171.91,
WAN003,2023-10-31 12:00:00,171.94,
WAN003,2023-10-31 12:10:00,171.91,
WAN003,2023-10-31 12:20:00,171.92,
WAN003,2023-10-31 12:30:00,171.92,
WAN003,2023-10-31 12:40:00,171.92,
WAN003,2023-10-31 12:50:00,171.93,
WAN003,2023-10-31 13:00:00,171.93,
WAN003,2023-10-31 13:10:00,171.94,
WAN003,2023-10-31 13:20:00,171.93,
WAN003,2023-10-31 13:30:00,171.93,
WAN003,2023-10-31 13:40:00,171.95,
WAN003,2023-10-31 13:50:00,171.94,
WAN003,2023-10-31 14:00:00,171.96,
WAN003,2023-10-31 14:10:00,171.95,
WAN003,2023-10-31 14:20:00,171.95,
WAN003,2023-10-31 14:30:00,171.97,
WAN003,2023-10-31 14:40:00,-,
WAN003,2023-10-31 14:50:00,171.98,
WAN003,2023-10-31 15:00:00,172,
WAN003,2023-10-31 15:10:00,171.99,
WAN003,2023-10-31 15:20:00,-,
WAN003,2023-10-31 15:30:00,172.01,
WAN003,2023-10-31 15:40:00,172.01,
WAN003,2023-10-31 15:50:00,172.03,
WAN003,2023-10-31 16:00:00,172.03,
WAN003,2023-10-31 16:10:00,172.03,
WAN003,2023-10-31 16:20:00,172.04,
WAN003,2023-10-31 16:30:00,172.05,
WAN003,2023-10-31 16:40:00,172.07,
WAN003,2023-10-31 16:50:00,172.06,
WAN003,2023-10-31 17:00:00,172.07,
WAN003,2023-10-31 17:10:00,172.09,
WAN003,2023-10-31 17:20:00,172.1,
WAN003,2023-10-31 17:30:00,172.1,
WAN003,2023-10-31 17:40:00,172.1,
WAN003,2023-10-31 17:50:00,172.12,
WAN003,2023-10-31 18:00:00,172.13,
WAN003,2023-10-31 18:10:00,172.13,
WAN003,2023-10-31 18:20:00,172.15,
WAN003,2023-10-31 18:30:00,172.16,
WAN003,2023-10-31 18:40:00,172.16,
WAN003,2023-10-31 18:50:00,172.18,
WAN003,2023-10-31 19:00:00,172.2,
WAN003,2023-10-31 19:10:00,172.21,
WAN003,2023-10-31 19:20:00,172.22,
WAN003,2023-10-31 19:30:00,172.22,
WAN003,2023-10-31 19:40:00,172.23,
WAN003,2023-10-31 19:50:00,172.24,
WAN003,2023-10-31 20:00:00,172.25,
WAN003,2023-10-31 20:10:00,172.25,
WAN003,2023-10-31 20:20:00,172.28,
WAN003,2023-10-31 20:30:00,172.28,
WAN003,2023-10-31 20:40:00,172.3,
WAN003,2023-10-31 20:50:00,172.3,
WAN003,2023-10-31 21:00:00,172.31,
WAN003,2023-10-31 21:10:00,172.33,
WAN003,2023-10-31 21:20:00,172.33,
WAN003,2023-10-31 21:30:00,172.34,
WAN003,2023-10-31 21:40:00,172.35,
WAN003,2023-10-31 21:50:00,172.36,
WAN003,2023-10-31 22:00:00,172.36,
WAN003,2023-10-31 22:10:00,172.37,
WAN003,2023-10-31 22:20:00,172.38,
WAN003,2023-10-31 22:30:00,172.39,
WAN003,2023-10-31 22:40:00,172.4,
WAN003,2023-10-31 22:50:00,172.41,
WAN003,2023-10-31 23:00:00,172.42,
WAN003,2023-10-31 23:10:00,172.43,
WAN003,2023-10-31 23:20:00,172.44,
WAN003,2023-10-31 23:30:00,172.44,
WAN003,2023-10-31 23:40:00,172.46,
WAN003,2023-10-31 23:50:00,172.45,
