station_code,measure_datetime,rainfall_1h,quality_flag
NAN003,2019-07-01 00:00:00,0,
NAN003,2019-07-01 01:00:00,0,
NAN003,2019-07-01 02:00:00,0,
NAN003,2019-07-01 03:00:00,0,
NAN003,2019-07-01 04:00:00,0,
NAN003,2019-07-01 05:00:00,0,
NAN003,2019-07-01 06:00:00,0,
NAN003,2019-07-01 07:00:00,0,
NAN003,2019-07-01 08:00:00,0,
NAN003,2019-07-01 09:00:00,0,
NAN003,2019-07-01 10:00:00,0,
NAN003,2019-07-01 11:00:00,0,
NAN003,2019-07-01 12:00:00,0,
NAN003,2019-07-01 13:00:00,0,
NAN003,2019-07-01 14:00:00,0,
NAN003,2019-07-01 15:00:00,0,
NAN003,2019-07-01 16:00:00,0,
NAN003,2019-07-01 17:00:00,0,
NAN003,2019-07-01 18:00:00,0.6,
NAN003,2019-07-01 19:00:00,12.8,
NAN003,2019-07-01 20:00:00,1.6,
NAN003,2019-07-01 21:00:00,0,
NAN003,2019-07-01 22:00:00,0,
NAN003,2019-07-01 23:00:00,0,
NAN003,2019-07-02 00:00:00,0,
NAN003,2019-07-02 01:00:00,0,
NAN003,2019-07-02 02:00:00,0,
NAN003,2019-07-02 03:00:00,0,
NAN003,2019-07-02 04:00:00,0,
NAN003,2019-07-02 05:00:00,0.2,
NAN003,2019-07-02 06:00:00,0,
NAN003,2019-07-02 07:00:00,0.6,
NAN003,2019-07-02 08:00:00,1.2,
NAN003,2019-07-02 09:00:00,0,
NAN003,2019-07-02 10:00:00,0.2,
NAN003,2019-07-02 11:00:00,0.8,
NAN003,2019-07-02 12:00:00,0.8,
NAN003,2019-07-02 13:00:00,0,
NAN003,2019-07-02 14:00:00,0.2,
NAN003,2019-07-02 15:00:00,0,
NAN003,2019-07-02 16:00:00,0,
NAN003,2019-07-02 17:00:00,0.2,
NAN003,2019-07-02 18:00:00,0,
NAN003,2019-07-02 19:00:00,0,
NAN003,2019-07-02 20:00:00,0,
NAN003,2019-07-02 21:00:00,0,
NAN003,2019-07-02 22:00:00,0,
NAN003,2019-07-02 23:00:00,0,
NAN003,2019-07-03 00:00:00,0,
NAN003,2019-07-03 01:00:00,0,
NAN003,2019-07-03 02:00:00,0,
NAN003,2019-07-03 03:00:00,0,
NAN003,2019-07-03 04:00:00,0,
NAN003,2019-07-03 05:00:00,0,
NAN003,2019-07-03 06:00:00,0,
NAN003,2019-07-03 07:00:00,0,
NAN003,2019-07-03 08:00:00,0,
NAN003,2019-07-03 09:00:00,0,
NAN003,2019-07-03 10:00:00,0,
NAN003,2019-07-03 11:00:00,0,
NAN003,2019-07-03 12:00:00,0,
NAN003,2019-07-03 13:00:00,0,
NAN003,2019-07-03 14:00:00,0,
NAN003,2019-07-03 15:00:00,0,
NAN003,2019-07-03 16:00:00,0,
NAN003,2019-07-03 17:00:00,0,
NAN003,2019-07-03 18:00:00,0,
NAN003,2019-07-03 19:00:00,0,
NAN003,2019-07-03 20:00:00,0,
NAN003,2019-07-03 21:00:00,0,
NAN003,2019-07-03 22:00:00,0,
NAN003,2019-07-03 23:00:00,0,
NAN003,2019-07-04 00:00:00,0,
NAN003,2019-07-04 01:00:00,0,
NAN003,2019-07-04 02:00:00,0,
NAN003,2019-07-04 03:00:00,0,
NAN003,2019-07-04 04:00:00,0,
NAN003,2019-07-04 05:00:00,0,
NAN003,2019-07-04 06:00:00,0,
NAN003,2019-07-04 07:00:00,0,
NAN003,2019-07-04 08:00:00,0,
NAN003,2019-07-04 09:00:00,0,
NAN003,2019-07-04 10:00:00,0,
NAN003,2019-07-04 11:00:00,0,
NAN003,2019-07-04 12:00:00,0,
NAN003,2019-07-04 13:00:00,0,
NAN003,2019-07-04 14:00:00,0,
NAN003,2019-07-04 15:00:00,0,
NAN003,2019-07-04 16:00:00,0,
NAN003,2019-07-04 17:00:00,0,
NAN003,2019-07-04 18:00:00,0,
NAN003,2019-07-04 19:00:00,0,
NAN003,2019-07-04 20:00:00,0,
NAN003,2019-07-04 21:00:00,0,
NAN003,2019-07-04 22:00:00,0,
NAN003,2019-07-04 23:00:00,0,
NAN003,2019-07-05 00:00:00,0,
NAN003,2019-07-05 01:00:00,0,
NAN003,2019-07-05 02:00:00,0,
NAN003,2019-07-05 03:00:00,0,
NAN003,2019-07-05 04:00:00,0,
NAN003,2019-07-05 05:00:00,0,
NAN003,2019-07-05 06:00:00,0,
NAN003,2019-07-05 07:00:00,0,
NAN003,2019-07-05 08:00:00,0,
NAN003,2019-07-05 09:00:00,0,
NAN003,2019-07-05 10:00:00,0,
NAN003,2019-07-05 11:00:00,-999,
NAN003,2019-07-05 12:00:00,0,
NAN003,2019-07-05 13:00:00,0,
NAN003,2019-07-05 14:00:00,0,
NAN003,2019-07-05 15:00:00,-999,
NAN003,2019-07-05 16:00:00,0,
NAN003,2019-07-05 17:00:00,0,
NAN003,2019-07-05 18:00:00,0,
NAN003,2019-07-05 19:00:00,0,
NAN003,2019-07-05 20:00:00,0,
NAN003,2019-07-05 21:00:00,0,
NAN003,2019-07-05 22:00:00,0,
NAN003,2019-07-05 23:00:00,0,
NAN003,2019-07-06 00:00:00,0,
NAN003,2019-07-06 01:00:00,0,
NAN003,2019-07-06 02:00:00,0,
NAN003,2019-07-06 03:00:00,0,
NAN003,2019-07-06 04:00:00,0,
NAN003,2019-07-06 05:00:00,0,
NAN003,2019-07-06 06:00:00,0,
NAN003,2019-07-06 07:00:00,0,
NAN003,2019-07-06 08:00:00,0,
NAN003,2019-07-06 09:00:00,0,
NAN003,2019-07-06 10:00:00,0,
NAN003,2019-07-06 11:00:00,0,
NAN003,2019-07-06 12:00:00,0,
NAN003,2019-07-06 13:00:00,0,
NAN003,2019-07-06 14:00:00,0,
NAN003,2019-07-06 15:00:00,0,
NAN003,2019-07-06 16:00:00,0,
NAN003,2019-07-06 17:00:00,0,
NAN003,2019-07-06 18:00:00,0,
NAN003,2019-07-06 19:00:00,0,
NAN003,2019-07-06 20:00:00,0,
NAN003,2019-07-06 21:00:00,0,
NAN003,2019-07-06 22:00:00,0,
NAN003,2019-07-06 23:00:00,0,
NAN003,2019-07-07 00:00:00,0,
NAN003,2019-07-07 01:00:00,0,
NAN003,2019-07-07 02:00:00,0,
NAN003,2019-07-07 03:00:00,0,
NAN003,2019-07-07 04:00:00,0,
NAN003,2019-07-07 05:00:00,0,
NAN003,2019-07-07 06:00:00,0,
NAN003,2019-07-07 07:00:00,0,
NAN003,2019-07-07 08:00:00,0,
NAN003,2019-07-07 09:00:00,0,
NAN003,2019-07-07 10:00:00,0,
NAN003,2019-07-07 11:00:00,0,
NAN003,2019-07-07 12:00:00,0,
NAN003,2019-07-07 13:00:00,0,
NAN003,2019-07-07 14:00:00,0,
NAN003,2019-07-07 15:00:00,0,
NAN003,2019-07-07 16:00:00,0,
NAN003,2019-07-07 17:00:00,0,
NAN003,2019-07-07 18:00:00,0,
NAN003,2019-07-07 19:00:00,0,
NAN003,2019-07-07 20:00:00,0,
NAN003,2019-07-07 21:00:00,0,
NAN003,2019-07-07 22:00:00,0,
NAN003,2019-07-07 23:00:00,0,
NAN003,2019-07-08 00:00:00,0,
NAN003,2019-07-08 01:00:00,0,
NAN003,2019-07-08 02:00:00,0,
NAN003,2019-07-08 03:00:00,0,
NAN003,2019-07-08 04:00:00,0,
NAN003,2019-07-08 05:00:00,0,
NAN003,2019-07-08 06:00:00,0,
NAN003,2019-07-08 07:00:00,0,
NAN003,2019-07-08 08:00:00,0,
NAN003,2019-07-08 09:00:00,0,
NAN003,2019-07-08 10:00:00,0,
NAN003,2019-07-08 11:00:00,0,
NAN003,2019-07-08 12:00:00,0,
NAN003,2019-07-08 13:00:00,0,
NAN003,2019-07-08 14:00:00,0,
NAN003,2019-07-08 15:00:00,0,
NAN003,2019-07-08 16:00:00,0,
NAN003,2019-07-08 17:00:00,0,
NAN003,2019-07-08 18:00:00,0,
NAN003,2019-07-08 19:00:00,0,
NAN003,2019-07-08 20:00:00,0,
NAN003,2019-07-08 21:00:00,0,
NAN003,2019-07-08 22:00:00,0,
NAN003,2019-07-08 23:00:00,0,
NAN003,2019-07-09 00:00:00,0,
NAN003,2019-07-09 01:00:00,0,
NAN003,2019-07-09 02:00:00,0,
NAN003,2019-07-09 03:00:00,0,
NAN003,2019-07-09 04:00:00,0,
NAN003,2019-07-09 05:00:00,0,
NAN003,2019-07-09 06:00:00,0,
NAN003,2019-07-09 07:00:00,0,
NAN003,2019-07-09 08:00:00,0,
NAN003,2019-07-09 09:00:00,0,
NAN003,2019-07-09 10:00:00,0,
NAN003,2019-07-09 11:00:00,0,
NAN003,2019-07-09 12:00:00,0,
NAN003,2019-07-09 13:00:00,0,
NAN003,2019-07-09 14:00:00,0,
NAN003,2019-07-09 15:00:00,0,
NAN003,2019-07-09 16:00:00,0,
NAN003,2019-07-09 17:00:00,0,
NAN003,2019-07-09 18:00:00,0,
NAN003,2019-07-09 19:00:00,0,
NAN003,2019-07-09 20:00:00,0,
NAN003,2019-07-09 21:00:00,0,
NAN003,2019-07-09 22:00:00,0,
NAN003,2019-07-09 23:00:00,0.4,
NAN003,2019-07-10 00:00:00,0,
NAN003,2019-07-10 01:00:00,0,
NAN003,2019-07-10 02:00:00,0,
NAN003,2019-07-10 03:00:00,0,
NAN003,2019-07-10 04:00:00,0,
NAN003,2019-07-10 05:00:00,0,
NAN003,2019-07-10 06:00:00,0.2,
NAN003,2019-07-10 07:00:00,0,
NAN003,2019-07-10 08:00:00,0,
NAN003,2019-07-10 09:00:00,0,
NAN003,2019-07-10 10:00:00,0,
NAN003,2019-07-10 11:00:00,0,
NAN003,2019-07-10 12:00:00,0,
NAN003,2019-07-10 13:00:00,0,
NAN003,2019-07-10 14:00:00,0,
NAN003,2019-07-10 15:00:00,0,
NAN003,2019-07-10 16:00:00,0,
NAN003,2019-07-10 17:00:00,0,
NAN003,2019-07-10 18:00:00,0,
NAN003,2019-07-10 19:00:00,0.2,
NAN003,2019-07-10 20:00:00,0,
NAN003,2019-07-10 21:00:00,0,
NAN003,2019-07-10 22:00:00,0,
NAN003,2019-07-10 23:00:00,0,
NAN003,2019-07-11 00:00:00,0,
NAN003,2019-07-11 01:00:00,0,
NAN003,2019-07-11 02:00:00,0,
NAN003,2019-07-11 03:00:00,0,
NAN003,2019-07-11 04:00:00,0,
NAN003,2019-07-11 05:00:00,0,
NAN003,2019-07-11 06:00:00,0,
NAN003,2019-07-11 07:00:00,0,
NAN003,2019-07-11 08:00:00,0,
NAN003,2019-07-11 09:00:00,0,
NAN003,2019-07-11 10:00:00,0,
NAN003,2019-07-11 11:00:00,0,
NAN003,2019-07-11 12:00:00,0,
NAN003,2019-07-11 13:00:00,0,
NAN003,2019-07-11 14:00:00,0,
NAN003,2019-07-11 15:00:00,0,
NAN003,2019-07-11 16:00:00,0,
NAN003,2019-07-11 17:00:00,0,
NAN003,2019-07-11 18:00:00,0,
NAN003,2019-07-11 19:00:00,0,
NAN003,2019-07-11 20:00:00,0,
NAN003,2019-07-11 21:00:00,0,
NAN003,2019-07-11 22:00:00,0,
NAN003,2019-07-11 23:00:00,0,
NAN003,2019-07-12 00:00:00,0,
NAN003,2019-07-12 01:00:00,0,
NAN003,2019-07-12 02:00:00,0,
NAN003,2019-07-12 03:00:00,0,
NAN003,2019-07-12 04:00:00,0,
NAN003,2019-07-12 05:00:00,0,
NAN003,2019-07-12 06:00:00,0,
NAN003,2019-07-12 07:00:00,0,
NAN003,2019-07-12 08:00:00,0,
NAN003,2019-07-12 09:00:00,0,
NAN003,2019-07-12 10:00:00,0,
NAN003,2019-07-12 11:00:00,0,
NAN003,2019-07-12 12:00:00,0,
NAN003,2019-07-12 13:00:00,0,
NAN003,2019-07-12 14:00:00,0,
NAN003,2019-07-12 15:00:00,0,
NAN003,2019-07-12 16:00:00,0,
NAN003,2019-07-12 17:00:00,0,
NAN003,2019-07-12 18:00:00,0,
NAN003,2019-07-12 19:00:00,0,
NAN003,2019-07-12 20:00:00,0,
NAN003,2019-07-12 21:00:00,0,
NAN003,2019-07-12 22:00:00,0,
NAN003,2019-07-12 23:00:00,0,
NAN003,2019-07-13 00:00:00,0,
NAN003,2019-07-13 01:00:00,0,
NAN003,2019-07-13 02:00:00,0,
NAN003,2019-07-13 03:00:00,0,
NAN003,2019-07-13 04:00:00,0,
NAN003,2019-07-13 05:00:00,0,
NAN003,2019-07-13 06:00:00,0,
NAN003,2019-07-13 07:00:00,0,
NAN003,2019-07-13 08:00:00,0,
NAN003,2019-07-13 09:00:00,0,
NAN003,2019-07-13 10:00:00,0,
NAN003,2019-07-13 11:00:00,0,
NAN003,2019-07-13 12:00:00,0,
NAN003,2019-07-13 13:00:00,0,
NAN003,2019-07-13 14:00:00,0,
NAN003,2019-07-13 15:00:00,0,
NAN003,2019-07-13 16:00:00,0,
NAN003,2019-07-13 17:00:00,0,
NAN003,2019-07-13 18:00:00,0,
NAN003,2019-07-13 19:00:00,0,
NAN003,2019-07-13 20:00:00,0,
NAN003,2019-07-13 21:00:00,0,
NAN003,2019-07-13 22:00:00,0,
NAN003,2019-07-13 23:00:00,0,
NAN003,2019-07-14 00:00:00,0,
NAN003,2019-07-14 01:00:00,0,
NAN003,2019-07-14 02:00:00,0,
NAN003,2019-07-14 03:00:00,0,
NAN003,2019-07-14 04:00:00,0,
NAN003,2019-07-14 05:00:00,0,
NAN003,2019-07-14 06:00:00,0,
NAN003,2019-07-14 07:00:00,0,
NAN003,2019-07-14 08:00:00,0,
NAN003,2019-07-14 09:00:00,0,
NAN003,2019-07-14 10:00:00,0,
NAN003,2019-07-14 11:00:00,0,
NAN003,2019-07-14 12:00:00,0,
NAN003,2019-07-14 13:00:00,0,
NAN003,2019-07-14 14:00:00,0,
NAN003,2019-07-14 15:00:00,0,
NAN003,2019-07-14 16:00:00,0,
NAN003,2019-07-14 17:00:00,0,
NAN003,2019-07-14 18:00:00,0,
NAN003,2019-07-14 19:00:00,0,
NAN003,2019-07-14 20:00:00,0,
NAN003,2019-07-14 21:00:00,0,
NAN003,2019-07-14 22:00:00,0,
NAN003,2019-07-14 23:00:00,0,
NAN003,2019-07-15 00:00:00,0,
NAN003,2019-07-15 01:00:00,0,
NAN003,2019-07-15 02:00:00,0,
NAN003,2019-07-15 03:00:00,0,
NAN003,2019-07-15 04:00:00,0,
NAN003,2019-07-15 05:00:00,0,
NAN003,2019-07-15 06:00:00,0,
NAN003,2019-07-15 07:00:00,0,
NAN003,2019-07-15 08:00:00,0,
NAN003,2019-07-15 09:00:00,0,
NAN003,2019-07-15 10:00:00,0,
NAN003,2019-07-15 11:00:00,0,
NAN003,2019-07-15 12:00:00,0,
NAN003,2019-07-15 13:00:00,0,
NAN003,2019-07-15 14:00:00,0,
NAN003,2019-07-15 15:00:00,0,
NAN003,2019-07-15 16:00:00,0,
NAN003,2019-07-15 17:00:00,0,
NAN003,2019-07-15 18:00:00,0,
NAN003,2019-07-15 19:00:00,0,
NAN003,2019-07-15 20:00:00,0,
NAN003,2019-07-15 21:00:00,0,
NAN003,2019-07-15 22:00:00,0,
NAN003,2019-07-15 23:00:00,0,
NAN003,2019-07-16 00:00:00,0,
NAN003,2019-07-16 01:00:00,0,
NAN003,2019-07-16 02:00:00,0,
NAN003,2019-07-16 03:00:00,0,
NAN003,2019-07-16 04:00:00,0,
NAN003,2019-07-16 05:00:00,0,
NAN003,2019-07-16 06:00:00,0,
NAN003,2019-07-16 07:00:00,0,
NAN003,2019-07-16 08:00:00,0,
NAN003,2019-07-16 09:00:00,0,
NAN003,2019-07-16 10:00:00,0,
NAN003,2019-07-16 11:00:00,0,
NAN003,2019-07-16 12:00:00,0,
NAN003,2019-07-16 13:00:00,0,
NAN003,2019-07-16 14:00:00,0,
NAN003,2019-07-16 15:00:00,0,
NAN003,2019-07-16 16:00:00,0,
NAN003,2019-07-16 17:00:00,0,
NAN003,2019-07-16 18:00:00,0,
NAN003,2019-07-16 19:00:00,0,
NAN003,2019-07-16 20:00:00,0,
NAN003,2019-07-16 21:00:00,0,
NAN003,2019-07-16 22:00:00,0,
NAN003,2019-07-16 23:00:00,0,
NAN003,2019-07-17 00:00:00,0,
NAN003,2019-07-17 01:00:00,0,
NAN003,2019-07-17 02:00:00,0,
NAN003,2019-07-17 03:00:00,0,
NAN003,2019-07-17 04:00:00,0,
NAN003,2019-07-17 05:00:00,0,
NAN003,2019-07-17 06:00:00,0,
NAN003,2019-07-17 07:00:00,0,
NAN003,2019-07-17 08:00:00,0,
NAN003,2019-07-17 09:00:00,0,
NAN003,2019-07-17 10:00:00,0,
NAN003,2019-07-17 11:00:00,0,
NAN003,2019-07-17 12:00:00,0,
NAN003,2019-07-17 13:00:00,0,
NAN003,2019-07-17 14:00:00,0,
NAN003,2019-07-17 15:00:00,0,
NAN003,2019-07-17 16:00:00,0,
NAN003,2019-07-17 17:00:00,0,
NAN003,2019-07-17 18:00:00,0,
NAN003,2019-07-17 19:00:00,0,
NAN003,2019-07-17 20:00:00,0,
NAN003,2019-07-17 21:00:00,0,
NAN003,2019-07-17 22:00:00,0,
NAN003,2019-07-17 23:00:00,0,
NAN003,2019-07-18 00:00:00,0,
NAN003,2019-07-18 01:00:00,0,
NAN003,2019-07-18 02:00:00,0,
NAN003,2019-07-18 03:00:00,0,
NAN003,2019-07-18 04:00:00,0,
NAN003,2019-07-18 05:00:00,0,
NAN003,2019-07-18 06:00:00,0,
NAN003,2019-07-18 07:00:00,0,
NAN003,2019-07-18 08:00:00,0,
NAN003,2019-07-18 09:00:00,0,
NAN003,2019-07-18 10:00:00,0,
NAN003,2019-07-18 11:00:00,0,
NAN003,2019-07-18 12:00:00,0,
NAN003,2019-07-18 13:00:00,0,
NAN003,2019-07-18 14:00:00,0,
NAN003,2019-07-18 15:00:00,0,
NAN003,2019-07-18 16:00:00,0,
NAN003,2019-07-18 17:00:00,0,
NAN003,2019-07-18 18:00:00,0,
NAN003,2019-07-18 19:00:00,0,
NAN003,2019-07-18 20:00:00,0,
NAN003,2019-07-18 21:00:00,0,
NAN003,2019-07-18 22:00:00,0,
NAN003,2019-07-18 23:00:00,0,
NAN003,2019-07-19 00:00:00,0,
NAN003,2019-07-19 01:00:00,0,
NAN003,2019-07-19 02:00:00,0,
NAN003,2019-07-19 03:00:00,0,
NAN003,2019-07-19 04:00:00,0,
NAN003,2019-07-19 05:00:00,0,
NAN003,2019-07-19 06:00:00,0,
NAN003,2019-07-19 07:00:00,0,
NAN003,2019-07-19 08:00:00,0,
NAN003,2019-07-19 09:00:00,0,
NAN003,2019-07-19 10:00:00,0,
NAN003,2019-07-19 11:00:00,0,
NAN003,2019-07-19 12:00:00,0,
NAN003,2019-07-19 13:00:00,0,
NAN003,2019-07-19 14:00:00,0,
NAN003,2019-07-19 15:00:00,0,
NAN003,2019-07-19 16:00:00,0,
NAN003,2019-07-19 17:00:00,0,
NAN003,2019-07-19 18:00:00,0,
NAN003,2019-07-19 19:00:00,0,
NAN003,2019-07-19 20:00:00,0,
NAN003,2019-07-19 21:00:00,0,
NAN003,2019-07-19 22:00:00,0,
NAN003,2019-07-19 23:00:00,0,
NAN003,2019-07-20 00:00:00,0,
NAN003,2019-07-20 01:00:00,0,
NAN003,2019-07-20 02:00:00,0,
NAN003,2019-07-20 03:00:00,0,
NAN003,2019-07-20 04:00:00,0,
NAN003,2019-07-20 05:00:00,0,
NAN003,2019-07-20 06:00:00,0,
NAN003,2019-07-20 07:00:00,0,
NAN003,2019-07-20 08:00:00,0,
NAN003,2019-07-20 09:00:00,0,
NAN003,2019-07-20 10:00:00,0,
NAN003,2019-07-20 11:00:00,0,
NAN003,2019-07-20 12:00:00,0,
NAN003,2019-07-20 13:00:00,0,
NAN003,2019-07-20 14:00:00,0,
NAN003,2019-07-20 15:00:00,0,
NAN003,2019-07-20 16:00:00,0,
NAN003,2019-07-20 17:00:00,0,
NAN003,2019-07-20 18:00:00,0,
NAN003,2019-07-20 19:00:00,0,
NAN003,2019-07-20 20:00:00,0,
NAN003,2019-07-20 21:00:00,0,
NAN003,2019-07-20 22:00:00,0,
NAN003,2019-07-20 23:00:00,0,
NAN003,2019-07-21 00:00:00,0,
NAN003,2019-07-21 01:00:00,0,
NAN003,2019-07-21 02:00:00,0,
NAN003,2019-07-21 03:00:00,0,
NAN003,2019-07-21 04:00:00,0,
NAN003,2019-07-21 05:00:00,0,
NAN003,2019-07-21 06:00:00,0,
NAN003,2019-07-21 07:00:00,0,
NAN003,2019-07-21 08:00:00,0,
NAN003,2019-07-21 09:00:00,0,
NAN003,2019-07-21 10:00:00,0,
NAN003,2019-07-21 11:00:00,0,
NAN003,2019-07-21 12:00:00,0,
NAN003,2019-07-21 13:00:00,0,
NAN003,2019-07-21 14:00:00,0,
NAN003,2019-07-21 15:00:00,0,
NAN003,2019-07-21 16:00:00,0,
NAN003,2019-07-21 17:00:00,0,
NAN003,2019-07-21 18:00:00,0,
NAN003,2019-07-21 19:00:00,0,
NAN003,2019-07-21 20:00:00,0,
NAN003,2019-07-21 21:00:00,0,
NAN003,2019-07-21 22:00:00,0,
NAN003,2019-07-21 23:00:00,0,
NAN003,2019-07-22 00:00:00,0.6,
NAN003,2019-07-22 01:00:00,1,
NAN003,2019-07-22 02:00:00,0,
NAN003,2019-07-22 03:00:00,0,
NAN003,2019-07-22 04:00:00,0,
NAN003,2019-07-22 05:00:00,0,
NAN003,2019-07-22 06:00:00,0,
NAN003,2019-07-22 07:00:00,0,
NAN003,2019-07-22 08:00:00,0,
NAN003,2019-07-22 09:00:00,0,
NAN003,2019-07-22 10:00:00,0,
NAN003,2019-07-22 11:00:00,0,
NAN003,2019-07-22 12:00:00,0,
NAN003,2019-07-22 13:00:00,0,
NAN003,2019-07-22 14:00:00,0,
NAN003,2019-07-22 15:00:00,0,
NAN003,2019-07-22 16:00:00,0,
NAN003,2019-07-22 17:00:00,0,
NAN003,2019-07-22 18:00:00,0,
NAN003,2019-07-22 19:00:00,0,
NAN003,2019-07-22 20:00:00,0,
NAN003,2019-07-22 21:00:00,0,
NAN003,2019-07-22 22:00:00,0,
NAN003,2019-07-22 23:00:00,0,
NAN003,2019-07-23 00:00:00,0,
NAN003,2019-07-23 01:00:00,0,
NAN003,2019-07-23 02:00:00,0,
NAN003,2019-07-23 03:00:00,0,
NAN003,2019-07-23 04:00:00,0,
NAN003,2019-07-23 05:00:00,0,
NAN003,2019-07-23 06:00:00,0,
NAN003,2019-07-23 07:00:00,0,
NAN003,2019-07-23 08:00:00,0,
NAN003,2019-07-23 09:00:00,0,
NAN003,2019-07-23 10:00:00,4.2,
NAN003,2019-07-23 11:00:00,1.4,
NAN003,2019-07-23 12:00:00,1.2,
NAN003,2019-07-23 13:00:00,0.2,
NAN003,2019-07-23 14:00:00,0,
NAN003,2019-07-23 15:00:00,0,
NAN003,2019-07-23 16:00:00,0,
NAN003,2019-07-23 17:00:00,0,
NAN003,2019-07-23 18:00:00,6.8,
NAN003,2019-07-23 19:00:00,19,
NAN003,2019-07-23 20:00:00,1,
NAN003,2019-07-23 21:00:00,0.4,
NAN003,2019-07-23 22:00:00,0.8,
NAN003,2019-07-23 23:00:00,0,
NAN003,2019-07-24 00:00:00,0,
NAN003,2019-07-24 01:00:00,0,
NAN003,2019-07-24 02:00:00,0,
NAN003,2019-07-24 03:00:00,0,
NAN003,2019-07-24 04:00:00,0,
NAN003,2019-07-24 05:00:00,0.2,
NAN003,2019-07-24 06:00:00,0.2,
NAN003,2019-07-24 07:00:00,0.2,
NAN003,2019-07-24 08:00:00,0.4,
NAN003,2019-07-24 09:00:00,0,
NAN003,2019-07-24 10:00:00,0,
NAN003,2019-07-24 11:00:00,0,
NAN003,2019-07-24 12:00:00,0,
NAN003,2019-07-24 13:00:00,0,
NAN003,2019-07-24 14:00:00,0,
NAN003,2019-07-24 15:00:00,0,
NAN003,2019-07-24 16:00:00,0,
NAN003,2019-07-24 17:00:00,11.2,
NAN003,2019-07-24 18:00:00,0.6,
NAN003,2019-07-24 19:00:00,0,
NAN003,2019-07-24 20:00:00,0,
NAN003,2019-07-24 21:00:00,0,
NAN003,2019-07-24 22:00:00,0,
NAN003,2019-07-24 23:00:00,0,
NAN003,2019-07-25 00:00:00,0,
NAN003,2019-07-25 01:00:00,0,
NAN003,2019-07-25 02:00:00,0,
NAN003,2019-07-25 03:00:00,0,
NAN003,2019-07-25 04:00:00,0,
NAN003,2019-07-25 05:00:00,0,
NAN003,2019-07-25 06:00:00,0.2,
NAN003,2019-07-25 07:00:00,0,
NAN003,2019-07-25 08:00:00,0,
NAN003,2019-07-25 09:00:00,0,
NAN003,2019-07-25 10:00:00,0,
NAN003,2019-07-25 11:00:00,0,
NAN003,2019-07-25 12:00:00,0,
NAN003,2019-07-25 13:00:00,0,
NAN003,2019-07-25 14:00:00,0,
NAN003,2019-07-25 15:00:00,0,
NAN003,2019-07-25 16:00:00,0.2,
NAN003,2019-07-25 17:00:00,0.2,
NAN003,2019-07-25 18:00:00,0,
NAN003,2019-07-25 19:00:00,0.2,
NAN003,2019-07-25 20:00:00,0,
NAN003,2019-07-25 21:00:00,0.2,
NAN003,2019-07-25 22:00:00,2,
NAN003,2019-07-25 23:00:00,1,
NAN003,2019-07-26 00:00:00,0,
NAN003,2019-07-26 01:00:00,0.2,
NAN003,2019-07-26 02:00:00,0,
NAN003,2019-07-26 03:00:00,0,
NAN003,2019-07-26 04:00:00,0,
NAN003,2019-07-26 05:00:00,0,
NAN003,2019-07-26 06:00:00,0,
NAN003,2019-07-26 07:00:00,0,
NAN003,2019-07-26 08:00:00,0.4,
NAN003,2019-07-26 09:00:00,0.8,
NAN003,2019-07-26 10:00:00,0,
NAN003,2019-07-26 11:00:00,0,
NAN003,2019-07-26 12:00:00,0,
NAN003,2019-07-26 13:00:00,0,
NAN003,2019-07-26 14:00:00,0,
NAN003,2019-07-26 15:00:00,0,
NAN003,2019-07-26 16:00:00,0,
NAN003,2019-07-26 17:00:00,0,
NAN003,2019-07-26 18:00:00,0,
NAN003,2019-07-26 19:00:00,0,
NAN003,2019-07-26 20:00:00,0,
NAN003,2019-07-26 21:00:00,0,
NAN003,2019-07-26 22:00:00,0,
NAN003,2019-07-26 23:00:00,0,
NAN003,2019-07-27 00:00:00,0,
NAN003,2019-07-27 01:00:00,0.6,
NAN003,2019-07-27 02:00:00,1.6,
NAN003,2019-07-27 03:00:00,1.2,
NAN003,2019-07-27 04:00:00,0,
NAN003,2019-07-27 05:00:00,0.2,
NAN003,2019-07-27 06:00:00,0,
NAN003,2019-07-27 07:00:00,0.8,
NAN003,2019-07-27 08:00:00,0,
NAN003,2019-07-27 09:00:00,0,
NAN003,2019-07-27 10:00:00,0,
NAN003,2019-07-27 11:00:00,0.4,
NAN003,2019-07-27 12:00:00,0,
NAN003,2019-07-27 13:00:00,0,
NAN003,2019-07-27 14:00:00,0,
NAN003,2019-07-27 15:00:00,0,
NAN003,2019-07-27 16:00:00,0,
NAN003,2019-07-27 17:00:00,0,
NAN003,2019-07-27 18:00:00,0,
NAN003,2019-07-27 19:00:00,0,
NAN003,2019-07-27 20:00:00,0,
NAN003,2019-07-27 21:00:00,0,
NAN003,2019-07-27 22:00:00,0,
NAN003,2019-07-27 23:00:00,0,
NAN003,2019-07-28 00:00:00,0,
NAN003,2019-07-28 01:00:00,0,
NAN003,2019-07-28 02:00:00,0,
NAN003,2019-07-28 03:00:00,0,
NAN003,2019-07-28 04:00:00,0,
NAN003,2019-07-28 05:00:00,0,
NAN003,2019-07-28 06:00:00,0,
NAN003,2019-07-28 07:00:00,0,
NAN003,2019-07-28 08:00:00,0,
NAN003,2019-07-28 09:00:00,0,
NAN003,2019-07-28 10:00:00,0,
NAN003,2019-07-28 11:00:00,0,
NAN003,2019-07-28 12:00:00,0,
NAN003,2019-07-28 13:00:00,0,
NAN003,2019-07-28 14:00:00,0,
NAN003,2019-07-28 15:00:00,0,
NAN003,2019-07-28 16:00:00,0,
NAN003,2019-07-28 17:00:00,0,
NAN003,2019-07-28 18:00:00,0,
NAN003,2019-07-28 19:00:00,0,
NAN003,2019-07-28 20:00:00,0,
NAN003,2019-07-28 21:00:00,0,
NAN003,2019-07-28 22:00:00,0,
NAN003,2019-07-28 23:00:00,0,
NAN003,2019-07-29 00:00:00,0,
NAN003,2019-07-29 01:00:00,0,
NAN003,2019-07-29 02:00:00,0,
NAN003,2019-07-29 03:00:00,0,
NAN003,2019-07-29 04:00:00,0,
NAN003,2019-07-29 05:00:00,0,
NAN003,2019-07-29 06:00:00,0,
NAN003,2019-07-29 07:00:00,0,
NAN003,2019-07-29 08:00:00,0,
NAN003,2019-07-29 09:00:00,0,
NAN003,2019-07-29 10:00:00,0,
NAN003,2019-07-29 11:00:00,0,
NAN003,2019-07-29 12:00:00,0,
NAN003,2019-07-29 13:00:00,0,
NAN003,2019-07-29 14:00:00,0,
NAN003,2019-07-29 15:00:00,0,
NAN003,2019-07-29 16:00:00,0,
NAN003,2019-07-29 17:00:00,0,
NAN003,2019-07-29 18:00:00,0,
NAN003,2019-07-29 19:00:00,0,
NAN003,2019-07-29 20:00:00,0,
NAN003,2019-07-29 21:00:00,0,
NAN003,2019-07-29 22:00:00,0,
NAN003,2019-07-29 23:00:00,0,
NAN003,2019-07-30 00:00:00,0,
NAN003,2019-07-30 01:00:00,0,
NAN003,2019-07-30 02:00:00,0.4,
NAN003,2019-07-30 03:00:00,1.8,
NAN003,2019-07-30 04:00:00,0.6,
NAN003,2019-07-30 05:00:00,0,
NAN003,2019-07-30 06:00:00,0,
NAN003,2019-07-30 07:00:00,0.2,
NAN003,2019-07-30 08:00:00,2.2,
NAN003,2019-07-30 09:00:00,1,
NAN003,2019-07-30 10:00:00,1.6,
NAN003,2019-07-30 11:00:00,0.8,
NAN003,2019-07-30 12:00:00,0.2,
NAN003,2019-07-30 13:00:00,0,
NAN003,2019-07-30 14:00:00,0,
NAN003,2019-07-30 15:00:00,0,
NAN003,2019-07-30 16:00:00,0,
NAN003,2019-07-30 17:00:00,0,
NAN003,2019-07-30 18:00:00,0,
NAN003,2019-07-30 19:00:00,0,
NAN003,2019-07-30 20:00:00,0.2,
NAN003,2019-07-30 21:00:00,0,
NAN003,2019-07-30 22:00:00,17.6,
NAN003,2019-07-30 23:00:00,2.8,
NAN003,2019-07-31 00:00:00,3,
NAN003,2019-07-31 01:00:00,4.6,
NAN003,2019-07-31 02:00:00,2.2,
NAN003,2019-07-31 03:00:00,1,
NAN003,2019-07-31 04:00:00,0.4,
NAN003,2019-07-31 05:00:00,3.4,
NAN003,2019-07-31 06:00:00,4,
NAN003,2019-07-31 07:00:00,3.8,
NAN003,2019-07-31 08:00:00,3.6,
NAN003,2019-07-31 09:00:00,2,
NAN003,2019-07-31 10:00:00,3.2,
NAN003,2019-07-31 11:00:00,3.8,
NAN003,2019-07-31 12:00:00,2,
NAN003,2019-07-31 13:00:00,0.4,
NAN003,2019-07-31 14:00:00,0,
NAN003,2019-07-31 15:00:00,0,
NAN003,2019-07-31 16:00:00,0,
NAN003,2019-07-31 17:00:00,0,
NAN003,2019-07-31 18:00:00,0,
NAN003,2019-07-31 19:00:00,0,
NAN003,2019-07-31 20:00:00,0,
NAN003,2019-07-31 21:00:00,5.4,
NAN003,2019-07-31 22:00:00,4,
NAN003,2019-07-31 23:00:00,8.2,
STWN,2019-07-01 00:00:00,0,
STWN,2019-07-01 01:00:00,0,
STWN,2019-07-01 02:00:00,0,
STWN,2019-07-01 03:00:00,0,
STWN,2019-07-01 04:00:00,0,
STWN,2019-07-01 05:00:00,0,
STWN,2019-07-01 06:00:00,0,
STWN,2019-07-01 07:00:00,0,
STWN,2019-07-01 08:00:00,0,
STWN,2019-07-01 09:00:00,0,
STWN,2019-07-01 10:00:00,0,
STWN,2019-07-01 11:00:00,0,
STWN,2019-07-01 12:00:00,0,
STWN,2019-07-01 13:00:00,0,
STWN,2019-07-01 14:00:00,0,
STWN,2019-07-01 15:00:00,0,
STWN,2019-07-01 16:00:00,0,
STWN,2019-07-01 17:00:00,0,
STWN,2019-07-01 18:00:00,0,
STWN,2019-07-01 19:00:00,0,
STWN,2019-07-01 20:00:00,0,
STWN,2019-07-01 21:00:00,0,
STWN,2019-07-01 22:00:00,0,
STWN,2019-07-01 23:00:00,0,
STWN,2019-07-02 00:00:00,0,
STWN,2019-07-02 01:00:00,0,
STWN,2019-07-02 02:00:00,0,
STWN,2019-07-02 03:00:00,0,
STWN,2019-07-02 04:00:00,0,
STWN,2019-07-02 05:00:00,0,
STWN,2019-07-02 06:00:00,0,
STWN,2019-07-02 07:00:00,0,
STWN,2019-07-02 08:00:00,0,
STWN,2019-07-02 09:00:00,0,
STWN,2019-07-02 10:00:00,0,
STWN,2019-07-02 11:00:00,0,
STWN,2019-07-02 12:00:00,0,
STWN,2019-07-02 13:00:00,0,
STWN,2019-07-02 14:00:00,0,
STWN,2019-07-02 15:00:00,0,
STWN,2019-07-02 16:00:00,0,
STWN,2019-07-02 17:00:00,0,
STWN,2019-07-02 18:00:00,0,
STWN,2019-07-02 19:00:00,0,
STWN,2019-07-02 20:00:00,0,
STWN,2019-07-02 21:00:00,0,
STWN,2019-07-02 22:00:00,0,
STWN,2019-07-02 23:00:00,0,
STWN,2019-07-03 00:00:00,0,
STWN,2019-07-03 01:00:00,0,
STWN,2019-07-03 02:00:00,0,
STWN,2019-07-03 03:00:00,0,
STWN,2019-07-03 04:00:00,0,
STWN,2019-07-03 05:00:00,0,
STWN,2019-07-03 06:00:00,0,
STWN,2019-07-03 07:00:00,0,
STWN,2019-07-03 08:00:00,0,
STWN,2019-07-03 09:00:00,0,
STWN,2019-07-03 10:00:00,0,
STWN,2019-07-03 11:00:00,0,
STWN,2019-07-03 12:00:00,0,
STWN,2019-07-03 13:00:00,0,
STWN,2019-07-03 14:00:00,0,
STWN,2019-07-03 15:00:00,0,
STWN,2019-07-03 16:00:00,0,
STWN,2019-07-03 17:00:00,0,
STWN,2019-07-03 18:00:00,0,
STWN,2019-07-03 19:00:00,0,
STWN,2019-07-03 20:00:00,0,
STWN,2019-07-03 21:00:00,0,
STWN,2019-07-03 22:00:00,0,
STWN,2019-07-03 23:00:00,0,
STWN,2019-07-04 00:00:00,0,
STWN,2019-07-04 01:00:00,0,
STWN,2019-07-04 02:00:00,0,
STWN,2019-07-04 03:00:00,0,
STWN,2019-07-04 04:00:00,0,
STWN,2019-07-04 05:00:00,0,
STWN,2019-07-04 06:00:00,0,
STWN,2019-07-04 07:00:00,0,
STWN,2019-07-04 08:00:00,0,
STWN,2019-07-04 09:00:00,0,
STWN,2019-07-04 10:00:00,0,
STWN,2019-07-04 11:00:00,0,
STWN,2019-07-04 12:00:00,0,
STWN,2019-07-04 13:00:00,0,
STWN,2019-07-04 14:00:00,0,
STWN,2019-07-04 15:00:00,0,
STWN,2019-07-04 16:00:00,0,
STWN,2019-07-04 17:00:00,0,
STWN,2019-07-04 18:00:00,0,
STWN,2019-07-04 19:00:00,0,
STWN,2019-07-04 20:00:00,0,
STWN,2019-07-04 21:00:00,0,
STWN,2019-07-04 22:00:00,0,
STWN,2019-07-04 23:00:00,0,
STWN,2019-07-05 00:00:00,0,
STWN,2019-07-05 01:00:00,0,
STWN,2019-07-05 02:00:00,0,
STWN,2019-07-05 03:00:00,0,
STWN,2019-07-05 04:00:00,0,
STWN,2019-07-05 05:00:00,0,
STWN,2019-07-05 06:00:00,0,
STWN,2019-07-05 07:00:00,0,
STWN,2019-07-05 08:00:00,0,
STWN,2019-07-05 09:00:00,0,
STWN,2019-07-05 10:00:00,0,
STWN,2019-07-05 11:00:00,-999,
STWN,2019-07-05 12:00:00,0,
STWN,2019-07-05 13:00:00,0,
STWN,2019-07-05 14:00:00,0,
STWN,2019-07-05 15:00:00,-999,
STWN,2019-07-05 16:00:00,-999,
STWN,2019-07-05 17:00:00,-999,
STWN,2019-07-05 18:00:00,0,
STWN,2019-07-05 19:00:00,0,
STWN,2019-07-05 20:00:00,0,
STWN,2019-07-05 21:00:00,0,
STWN,2019-07-05 22:00:00,0,
STWN,2019-07-05 23:00:00,0,
STWN,2019-07-06 00:00:00,0,
STWN,2019-07-06 01:00:00,0,
STWN,2019-07-06 02:00:00,0,
STWN,2019-07-06 03:00:00,0,
STWN,2019-07-06 04:00:00,0,
STWN,2019-07-06 05:00:00,0,
STWN,2019-07-06 06:00:00,0,
STWN,2019-07-06 07:00:00,0,
STWN,2019-07-06 08:00:00,0,
STWN,2019-07-06 09:00:00,0,
STWN,2019-07-06 10:00:00,0,
STWN,2019-07-06 11:00:00,0,
STWN,2019-07-06 12:00:00,0,
STWN,2019-07-06 13:00:00,0,
STWN,2019-07-06 14:00:00,0,
STWN,2019-07-06 15:00:00,0,
STWN,2019-07-06 16:00:00,0,
STWN,2019-07-06 17:00:00,0,
STWN,2019-07-06 18:00:00,0,
STWN,2019-07-06 19:00:00,0,
STWN,2019-07-06 20:00:00,0,
STWN,2019-07-06 21:00:00,0,
STWN,2019-07-06 22:00:00,0,
STWN,2019-07-06 23:00:00,0,
STWN,2019-07-07 00:00:00,0,
STWN,2019-07-07 01:00:00,0,
STWN,2019-07-07 02:00:00,0,
STWN,2019-07-07 03:00:00,0,
STWN,2019-07-07 04:00:00,0,
STWN,2019-07-07 05:00:00,0,
STWN,2019-07-07 06:00:00,0,
STWN,2019-07-07 07:00:00,0,
STWN,2019-07-07 08:00:00,0,
STWN,2019-07-07 09:00:00,0,
STWN,2019-07-07 10:00:00,0,
STWN,2019-07-07 11:00:00,0,
STWN,2019-07-07 12:00:00,0,
STWN,2019-07-07 13:00:00,0,
STWN,2019-07-07 14:00:00,0,
STWN,2019-07-07 15:00:00,0,
STWN,2019-07-07 16:00:00,0,
STWN,2019-07-07 17:00:00,0,
STWN,2019-07-07 18:00:00,0,
STWN,2019-07-07 19:00:00,0,
STWN,2019-07-07 20:00:00,0,
STWN,2019-07-07 21:00:00,0,
STWN,2019-07-07 22:00:00,0,
STWN,2019-07-07 23:00:00,0,
STWN,2019-07-08 00:00:00,0,
STWN,2019-07-08 01:00:00,0,
STWN,2019-07-08 02:00:00,0,
STWN,2019-07-08 03:00:00,0,
STWN,2019-07-08 04:00:00,0,
STWN,2019-07-08 05:00:00,0,
STWN,2019-07-08 06:00:00,0,
STWN,2019-07-08 07:00:00,0,
STWN,2019-07-08 08:00:00,0,
STWN,2019-07-08 09:00:00,0,
STWN,2019-07-08 10:00:00,0,
STWN,2019-07-08 11:00:00,0,
STWN,2019-07-08 12:00:00,0,
STWN,2019-07-08 13:00:00,0,
STWN,2019-07-08 14:00:00,0,
STWN,2019-07-08 15:00:00,0,
STWN,2019-07-08 16:00:00,0,
STWN,2019-07-08 17:00:00,0,
STWN,2019-07-08 18:00:00,0,
STWN,2019-07-08 19:00:00,0,
STWN,2019-07-08 20:00:00,0,
STWN,2019-07-08 21:00:00,0,
STWN,2019-07-08 22:00:00,0,
STWN,2019-07-08 23:00:00,0,
STWN,2019-07-09 00:00:00,0,
STWN,2019-07-09 01:00:00,0,
STWN,2019-07-09 02:00:00,0,
STWN,2019-07-09 03:00:00,0,
STWN,2019-07-09 04:00:00,0,
STWN,2019-07-09 05:00:00,0,
STWN,2019-07-09 06:00:00,0,
STWN,2019-07-09 07:00:00,0,
STWN,2019-07-09 08:00:00,0,
STWN,2019-07-09 09:00:00,0,
STWN,2019-07-09 10:00:00,0,
STWN,2019-07-09 11:00:00,0,
STWN,2019-07-09 12:00:00,0,
STWN,2019-07-09 13:00:00,0,
STWN,2019-07-09 14:00:00,0,
STWN,2019-07-09 15:00:00,0,
STWN,2019-07-09 16:00:00,0,
STWN,2019-07-09 17:00:00,0,
STWN,2019-07-09 18:00:00,0,
STWN,2019-07-09 19:00:00,0,
STWN,2019-07-09 20:00:00,0,
STWN,2019-07-09 21:00:00,0,
STWN,2019-07-09 22:00:00,0,
STWN,2019-07-09 23:00:00,0,
STWN,2019-07-10 00:00:00,0,
STWN,2019-07-10 01:00:00,0,
STWN,2019-07-10 02:00:00,0,
STWN,2019-07-10 03:00:00,0,
STWN,2019-07-10 04:00:00,0,
STWN,2019-07-10 05:00:00,0,
STWN,2019-07-10 06:00:00,0,
STWN,2019-07-10 07:00:00,0,
STWN,2019-07-10 08:00:00,0,
STWN,2019-07-10 09:00:00,0,
STWN,2019-07-10 10:00:00,0,
STWN,2019-07-10 11:00:00,0,
STWN,2019-07-10 12:00:00,0,
STWN,2019-07-10 13:00:00,0,
STWN,2019-07-10 14:00:00,0,
STWN,2019-07-10 15:00:00,0,
STWN,2019-07-10 16:00:00,0,
STWN,2019-07-10 17:00:00,0,
STWN,2019-07-10 18:00:00,0,
STWN,2019-07-10 19:00:00,0,
STWN,2019-07-10 20:00:00,0,
STWN,2019-07-10 21:00:00,0,
STWN,2019-07-10 22:00:00,0,
STWN,2019-07-10 23:00:00,0,
STWN,2019-07-11 00:00:00,0,
STWN,2019-07-11 01:00:00,0,
STWN,2019-07-11 02:00:00,0,
STWN,2019-07-11 03:00:00,0,
STWN,2019-07-11 04:00:00,0,
STWN,2019-07-11 05:00:00,0,
STWN,2019-07-11 06:00:00,0,
STWN,2019-07-11 07:00:00,0,
STWN,2019-07-11 08:00:00,0,
STWN,2019-07-11 09:00:00,0,
STWN,2019-07-11 10:00:00,0,
STWN,2019-07-11 11:00:00,0,
STWN,2019-07-11 12:00:00,0,
STWN,2019-07-11 13:00:00,0,
STWN,2019-07-11 14:00:00,0,
STWN,2019-07-11 15:00:00,0,
STWN,2019-07-11 16:00:00,0,
STWN,2019-07-11 17:00:00,0,
STWN,2019-07-11 18:00:00,0,
STWN,2019-07-11 19:00:00,0,
STWN,2019-07-11 20:00:00,0,
STWN,2019-07-11 21:00:00,0,
STWN,2019-07-11 22:00:00,0,
STWN,2019-07-11 23:00:00,0,
STWN,2019-07-12 00:00:00,0,
STWN,2019-07-12 01:00:00,0,
STWN,2019-07-12 02:00:00,0,
STWN,2019-07-12 03:00:00,0,
STWN,2019-07-12 04:00:00,0,
STWN,2019-07-12 05:00:00,0,
STWN,2019-07-12 06:00:00,0,
STWN,2019-07-12 07:00:00,0,
STWN,2019-07-12 08:00:00,0,
STWN,2019-07-12 09:00:00,0,
STWN,2019-07-12 10:00:00,0,
STWN,2019-07-12 11:00:00,0,
STWN,2019-07-12 12:00:00,0,
STWN,2019-07-12 13:00:00,0,
STWN,2019-07-12 14:00:00,0,
STWN,2019-07-12 15:00:00,0,
STWN,2019-07-12 16:00:00,0,
STWN,2019-07-12 17:00:00,0,
STWN,2019-07-12 18:00:00,0,
STWN,2019-07-12 19:00:00,0,
STWN,2019-07-12 20:00:00,0,
STWN,2019-07-12 21:00:00,0,
STWN,2019-07-12 22:00:00,0,
STWN,2019-07-12 23:00:00,0,
STWN,2019-07-13 00:00:00,0,
STWN,2019-07-13 01:00:00,0,
STWN,2019-07-13 02:00:00,0,
STWN,2019-07-13 03:00:00,0,
STWN,2019-07-13 04:00:00,0,
STWN,2019-07-13 05:00:00,0,
STWN,2019-07-13 06:00:00,0,
STWN,2019-07-13 07:00:00,0,
STWN,2019-07-13 08:00:00,0,
STWN,2019-07-13 09:00:00,0,
STWN,2019-07-13 10:00:00,0,
STWN,2019-07-13 11:00:00,0,
STWN,2019-07-13 12:00:00,0,
STWN,2019-07-13 13:00:00,0,
STWN,2019-07-13 14:00:00,0,
STWN,2019-07-13 15:00:00,0,
STWN,2019-07-13 16:00:00,0,
STWN,2019-07-13 17:00:00,0,
STWN,2019-07-13 18:00:00,0,
STWN,2019-07-13 19:00:00,0,
STWN,2019-07-13 20:00:00,0,
STWN,2019-07-13 21:00:00,0,
STWN,2019-07-13 22:00:00,0,
STWN,2019-07-13 23:00:00,0,
STWN,2019-07-14 00:00:00,0,
STWN,2019-07-14 01:00:00,0,
STWN,2019-07-14 02:00:00,0,
STWN,2019-07-14 03:00:00,0,
STWN,2019-07-14 04:00:00,0,
STWN,2019-07-14 05:00:00,0,
STWN,2019-07-14 06:00:00,0,
STWN,2019-07-14 07:00:00,0,
STWN,2019-07-14 08:00:00,0,
STWN,2019-07-14 09:00:00,0,
STWN,2019-07-14 10:00:00,0,
STWN,2019-07-14 11:00:00,0,
STWN,2019-07-14 12:00:00,0,
STWN,2019-07-14 13:00:00,0,
STWN,2019-07-14 14:00:00,0,
STWN,2019-07-14 15:00:00,0,
STWN,2019-07-14 16:00:00,0,
STWN,2019-07-14 17:00:00,0,
STWN,2019-07-14 18:00:00,0,
STWN,2019-07-14 19:00:00,0,
STWN,2019-07-14 20:00:00,0,
STWN,2019-07-14 21:00:00,0,
STWN,2019-07-14 22:00:00,0,
STWN,2019-07-14 23:00:00,0,
STWN,2019-07-15 00:00:00,0,
STWN,2019-07-15 01:00:00,0,
STWN,2019-07-15 02:00:00,0,
STWN,2019-07-15 03:00:00,0,
STWN,2019-07-15 04:00:00,0,
STWN,2019-07-15 05:00:00,0,
STWN,2019-07-15 06:00:00,0,
STWN,2019-07-15 07:00:00,0,
STWN,2019-07-15 08:00:00,0,
STWN,2019-07-15 09:00:00,0,
STWN,2019-07-15 10:00:00,-999,
STWN,2019-07-15 11:00:00,0,
STWN,2019-07-15 12:00:00,0,
STWN,2019-07-15 13:00:00,0,
STWN,2019-07-15 14:00:00,0,
STWN,2019-07-15 15:00:00,0,
STWN,2019-07-15 16:00:00,0,
STWN,2019-07-15 17:00:00,0,
STWN,2019-07-15 18:00:00,0,
STWN,2019-07-15 19:00:00,0,
STWN,2019-07-15 20:00:00,0,
STWN,2019-07-15 21:00:00,0,
STWN,2019-07-15 22:00:00,0,
STWN,2019-07-15 23:00:00,0,
STWN,2019-07-16 00:00:00,0,
STWN,2019-07-16 01:00:00,0,
STWN,2019-07-16 02:00:00,0,
STWN,2019-07-16 03:00:00,0,
STWN,2019-07-16 04:00:00,0,
STWN,2019-07-16 05:00:00,0,
STWN,2019-07-16 06:00:00,0,
STWN,2019-07-16 07:00:00,0,
STWN,2019-07-16 08:00:00,0,
STWN,2019-07-16 09:00:00,0,
STWN,2019-07-16 10:00:00,0,
STWN,2019-07-16 11:00:00,0,
STWN,2019-07-16 12:00:00,0,
STWN,2019-07-16 13:00:00,0,
STWN,2019-07-16 14:00:00,0,
STWN,2019-07-16 15:00:00,0,
STWN,2019-07-16 16:00:00,0,
STWN,2019-07-16 17:00:00,0,
STWN,2019-07-16 18:00:00,0,
STWN,2019-07-16 19:00:00,0,
STWN,2019-07-16 20:00:00,0,
STWN,2019-07-16 21:00:00,0,
STWN,2019-07-16 22:00:00,0,
STWN,2019-07-16 23:00:00,0,
STWN,2019-07-17 00:00:00,0,
STWN,2019-07-17 01:00:00,0,
STWN,2019-07-17 02:00:00,0,
STWN,2019-07-17 03:00:00,0,
STWN,2019-07-17 04:00:00,0,
STWN,2019-07-17 05:00:00,0,
STWN,2019-07-17 06:00:00,0,
STWN,2019-07-17 07:00:00,0,
STWN,2019-07-17 08:00:00,0,
STWN,2019-07-17 09:00:00,0,
STWN,2019-07-17 10:00:00,0,
STWN,2019-07-17 11:00:00,0,
STWN,2019-07-17 12:00:00,0,
STWN,2019-07-17 13:00:00,0,
STWN,2019-07-17 14:00:00,0,
STWN,2019-07-17 15:00:00,0,
STWN,2019-07-17 16:00:00,0,
STWN,2019-07-17 17:00:00,0,
STWN,2019-07-17 18:00:00,0,
STWN,2019-07-17 19:00:00,0,
STWN,2019-07-17 20:00:00,0,
STWN,2019-07-17 21:00:00,0,
STWN,2019-07-17 22:00:00,0,
STWN,2019-07-17 23:00:00,0,
STWN,2019-07-18 00:00:00,0,
STWN,2019-07-18 01:00:00,0,
STWN,2019-07-18 02:00:00,0,
STWN,2019-07-18 03:00:00,0,
STWN,2019-07-18 04:00:00,0,
STWN,2019-07-18 05:00:00,0,
STWN,2019-07-18 06:00:00,0,
STWN,2019-07-18 07:00:00,0,
STWN,2019-07-18 08:00:00,0,
STWN,2019-07-18 09:00:00,0,
STWN,2019-07-18 10:00:00,0,
STWN,2019-07-18 11:00:00,0,
STWN,2019-07-18 12:00:00,0,
STWN,2019-07-18 13:00:00,0,
STWN,2019-07-18 14:00:00,0,
STWN,2019-07-18 15:00:00,0,
STWN,2019-07-18 16:00:00,0,
STWN,2019-07-18 17:00:00,0,
STWN,2019-07-18 18:00:00,0,
STWN,2019-07-18 19:00:00,0,
STWN,2019-07-18 20:00:00,0,
STWN,2019-07-18 21:00:00,0,
STWN,2019-07-18 22:00:00,-999,
STWN,2019-07-18 23:00:00,0,
STWN,2019-07-19 00:00:00,0,
STWN,2019-07-19 01:00:00,0,
STWN,2019-07-19 02:00:00,0,
STWN,2019-07-19 03:00:00,0,
STWN,2019-07-19 04:00:00,0,
STWN,2019-07-19 05:00:00,0,
STWN,2019-07-19 06:00:00,0,
STWN,2019-07-19 07:00:00,0,
STWN,2019-07-19 08:00:00,0,
STWN,2019-07-19 09:00:00,0,
STWN,2019-07-19 10:00:00,0,
STWN,2019-07-19 11:00:00,0,
STWN,2019-07-19 12:00:00,0,
STWN,2019-07-19 13:00:00,0,
STWN,2019-07-19 14:00:00,0,
STWN,2019-07-19 15:00:00,0,
STWN,2019-07-19 16:00:00,0,
STWN,2019-07-19 17:00:00,0,
STWN,2019-07-19 18:00:00,0,
STWN,2019-07-19 19:00:00,0,
STWN,2019-07-19 20:00:00,0,
STWN,2019-07-19 21:00:00,0,
STWN,2019-07-19 22:00:00,-999,
STWN,2019-07-19 23:00:00,0,
STWN,2019-07-20 00:00:00,0,
STWN,2019-07-20 01:00:00,0,
STWN,2019-07-20 02:00:00,0,
STWN,2019-07-20 03:00:00,0,
STWN,2019-07-20 04:00:00,0,
STWN,2019-07-20 05:00:00,0,
STWN,2019-07-20 06:00:00,0,
STWN,2019-07-20 07:00:00,0,
STWN,2019-07-20 08:00:00,0,
STWN,2019-07-20 09:00:00,0,
STWN,2019-07-20 10:00:00,0,
STWN,2019-07-20 11:00:00,0,
STWN,2019-07-20 12:00:00,0,
STWN,2019-07-20 13:00:00,0,
STWN,2019-07-20 14:00:00,0,
STWN,2019-07-20 15:00:00,0,
STWN,2019-07-20 16:00:00,0,
STWN,2019-07-20 17:00:00,0,
STWN,2019-07-20 18:00:00,0,
STWN,2019-07-20 19:00:00,0,
STWN,2019-07-20 20:00:00,0,
STWN,2019-07-20 21:00:00,0,
STWN,2019-07-20 22:00:00,0,
STWN,2019-07-20 23:00:00,0,
STWN,2019-07-21 00:00:00,0,
STWN,2019-07-21 01:00:00,0,
STWN,2019-07-21 02:00:00,0,
STWN,2019-07-21 03:00:00,0,
STWN,2019-07-21 04:00:00,0,
STWN,2019-07-21 05:00:00,0,
STWN,2019-07-21 06:00:00,0,
STWN,2019-07-21 07:00:00,0,
STWN,2019-07-21 08:00:00,0,
STWN,2019-07-21 09:00:00,0,
STWN,2019-07-21 10:00:00,0,
STWN,2019-07-21 11:00:00,0,
STWN,2019-07-21 12:00:00,0,
STWN,2019-07-21 13:00:00,0,
STWN,2019-07-21 14:00:00,0,
STWN,2019-07-21 15:00:00,0,
STWN,2019-07-21 16:00:00,0,
STWN,2019-07-21 17:00:00,0,
STWN,2019-07-21 18:00:00,0,
STWN,2019-07-21 19:00:00,0,
STWN,2019-07-21 20:00:00,1,
STWN,2019-07-21 21:00:00,0.4,
STWN,2019-07-21 22:00:00,0.2,
STWN,2019-07-21 23:00:00,0,
STWN,2019-07-22 00:00:00,0,
STWN,2019-07-22 01:00:00,0,
STWN,2019-07-22 02:00:00,0,
STWN,2019-07-22 03:00:00,0,
STWN,2019-07-22 04:00:00,0,
STWN,2019-07-22 05:00:00,0,
STWN,2019-07-22 06:00:00,0,
STWN,2019-07-22 07:00:00,0,
STWN,2019-07-22 08:00:00,0,
STWN,2019-07-22 09:00:00,0,
STWN,2019-07-22 10:00:00,0,
STWN,2019-07-22 11:00:00,0,
STWN,2019-07-22 12:00:00,0,
STWN,2019-07-22 13:00:00,0,
STWN,2019-07-22 14:00:00,0,
STWN,2019-07-22 15:00:00,0,
STWN,2019-07-22 16:00:00,0,
STWN,2019-07-22 17:00:00,0,
STWN,2019-07-22 18:00:00,0,
STWN,2019-07-22 19:00:00,0,
STWN,2019-07-22 20:00:00,0,
STWN,2019-07-22 21:00:00,0,
STWN,2019-07-22 22:00:00,0,
STWN,2019-07-22 23:00:00,0,
STWN,2019-07-23 00:00:00,0,
STWN,2019-07-23 01:00:00,0,
STWN,2019-07-23 02:00:00,0,
STWN,2019-07-23 03:00:00,0,
STWN,2019-07-23 04:00:00,0,
STWN,2019-07-23 05:00:00,0,
STWN,2019-07-23 06:00:00,0,
STWN,2019-07-23 07:00:00,0,
STWN,2019-07-23 08:00:00,0,
STWN,2019-07-23 09:00:00,0,
STWN,2019-07-23 10:00:00,0,
STWN,2019-07-23 11:00:00,0,
STWN,2019-07-23 12:00:00,0,
STWN,2019-07-23 13:00:00,0,
STWN,2019-07-23 14:00:00,0,
STWN,2019-07-23 15:00:00,0,
STWN,2019-07-23 16:00:00,0,
STWN,2019-07-23 17:00:00,0,
STWN,2019-07-23 18:00:00,0,
STWN,2019-07-23 19:00:00,0,
STWN,2019-07-23 20:00:00,0,
STWN,2019-07-23 21:00:00,0,
STWN,2019-07-23 22:00:00,0,
STWN,2019-07-23 23:00:00,0,
STWN,2019-07-24 00:00:00,0,
STWN,2019-07-24 01:00:00,0,
STWN,2019-07-24 02:00:00,0,
STWN,2019-07-24 03:00:00,0,
STWN,2019-07-24 04:00:00,0,
STWN,2019-07-24 05:00:00,0,
STWN,2019-07-24 06:00:00,0,
STWN,2019-07-24 07:00:00,0,
STWN,2019-07-24 08:00:00,0.2,
STWN,2019-07-24 09:00:00,0,
STWN,2019-07-24 10:00:00,0,
STWN,2019-07-24 11:00:00,0,
STWN,2019-07-24 12:00:00,0,
STWN,2019-07-24 13:00:00,0,
STWN,2019-07-24 14:00:00,0,
STWN,2019-07-24 15:00:00,0,
STWN,2019-07-24 16:00:00,0,
STWN,2019-07-24 17:00:00,0,
STWN,2019-07-24 18:00:00,0,
STWN,2019-07-24 19:00:00,0,
STWN,2019-07-24 20:00:00,0,
STWN,2019-07-24 21:00:00,0,
STWN,2019-07-24 22:00:00,0,
STWN,2019-07-24 23:00:00,0,
STWN,2019-07-25 00:00:00,0,
STWN,2019-07-25 01:00:00,0,
STWN,2019-07-25 02:00:00,0,
STWN,2019-07-25 03:00:00,0,
STWN,2019-07-25 04:00:00,0,
STWN,2019-07-25 05:00:00,0,
STWN,2019-07-25 06:00:00,0,
STWN,2019-07-25 07:00:00,0,
STWN,2019-07-25 08:00:00,0,
STWN,2019-07-25 09:00:00,0,
STWN,2019-07-25 10:00:00,0,
STWN,2019-07-25 11:00:00,0,
STWN,2019-07-25 12:00:00,0,
STWN,2019-07-25 13:00:00,0,
STWN,2019-07-25 14:00:00,0,
STWN,2019-07-25 15:00:00,0,
STWN,2019-07-25 16:00:00,0,
STWN,2019-07-25 17:00:00,0,
STWN,2019-07-25 18:00:00,0,
STWN,2019-07-25 19:00:00,0,
STWN,2019-07-25 20:00:00,0,
STWN,2019-07-25 21:00:00,1,
STWN,2019-07-25 22:00:00,0.2,
STWN,2019-07-25 23:00:00,0.2,
STWN,2019-07-26 00:00:00,0,
STWN,2019-07-26 01:00:00,0,
STWN,2019-07-26 02:00:00,0,
STWN,2019-07-26 03:00:00,0,
STWN,2019-07-26 04:00:00,0,
STWN,2019-07-26 05:00:00,0,
STWN,2019-07-26 06:00:00,0,
STWN,2019-07-26 07:00:00,0,
STWN,2019-07-26 08:00:00,0.4,
STWN,2019-07-26 09:00:00,0.4,
STWN,2019-07-26 10:00:00,0,
STWN,2019-07-26 11:00:00,0,
STWN,2019-07-26 12:00:00,0,
STWN,2019-07-26 13:00:00,0,
STWN,2019-07-26 14:00:00,0,
STWN,2019-07-26 15:00:00,0,
STWN,2019-07-26 16:00:00,0,
STWN,2019-07-26 17:00:00,0,
STWN,2019-07-26 18:00:00,0,
STWN,2019-07-26 19:00:00,0,
STWN,2019-07-26 20:00:00,0,
STWN,2019-07-26 21:00:00,0,
STWN,2019-07-26 22:00:00,0,
STWN,2019-07-26 23:00:00,0,
STWN,2019-07-27 00:00:00,0,
STWN,2019-07-27 01:00:00,0,
STWN,2019-07-27 02:00:00,0,
STWN,2019-07-27 03:00:00,0,
STWN,2019-07-27 04:00:00,0,
STWN,2019-07-27 05:00:00,2.6,
STWN,2019-07-27 06:00:00,0.2,
STWN,2019-07-27 07:00:00,0.6,
STWN,2019-07-27 08:00:00,0.4,
STWN,2019-07-27 09:00:00,0.2,
STWN,2019-07-27 10:00:00,0,
STWN,2019-07-27 11:00:00,0,
STWN,2019-07-27 12:00:00,0,
STWN,2019-07-27 13:00:00,0,
STWN,2019-07-27 14:00:00,0,
STWN,2019-07-27 15:00:00,0,
STWN,2019-07-27 16:00:00,0,
STWN,2019-07-27 17:00:00,0,
STWN,2019-07-27 18:00:00,0,
STWN,2019-07-27 19:00:00,0,
STWN,2019-07-27 20:00:00,0,
STWN,2019-07-27 21:00:00,0,
STWN,2019-07-27 22:00:00,0,
STWN,2019-07-27 23:00:00,0,
STWN,2019-07-28 00:00:00,0,
STWN,2019-07-28 01:00:00,0,
STWN,2019-07-28 02:00:00,0,
STWN,2019-07-28 03:00:00,0,
STWN,2019-07-28 04:00:00,0,
STWN,2019-07-28 05:00:00,0,
STWN,2019-07-28 06:00:00,0,
STWN,2019-07-28 07:00:00,0,
STWN,2019-07-28 08:00:00,0,
STWN,2019-07-28 09:00:00,0,
STWN,2019-07-28 10:00:00,0,
STWN,2019-07-28 11:00:00,0,
STWN,2019-07-28 12:00:00,0,
STWN,2019-07-28 13:00:00,0,
STWN,2019-07-28 14:00:00,0,
STWN,2019-07-28 15:00:00,0,
STWN,2019-07-28 16:00:00,0,
STWN,2019-07-28 17:00:00,0,
STWN,2019-07-28 18:00:00,0,
STWN,2019-07-28 19:00:00,0,
STWN,2019-07-28 20:00:00,0,
STWN,2019-07-28 21:00:00,0,
STWN,2019-07-28 22:00:00,0,
STWN,2019-07-28 23:00:00,0,
STWN,2019-07-29 00:00:00,0,
STWN,2019-07-29 01:00:00,0,
STWN,2019-07-29 02:00:00,0,
STWN,2019-07-29 03:00:00,0,
STWN,2019-07-29 04:00:00,0,
STWN,2019-07-29 05:00:00,0,
STWN,2019-07-29 06:00:00,0,
STWN,2019-07-29 07:00:00,0,
STWN,2019-07-29 08:00:00,0,
STWN,2019-07-29 09:00:00,0,
STWN,2019-07-29 10:00:00,0,
STWN,2019-07-29 11:00:00,0,
STWN,2019-07-29 12:00:00,0,
STWN,2019-07-29 13:00:00,0,
STWN,2019-07-29 14:00:00,0,
STWN,2019-07-29 15:00:00,0,
STWN,2019-07-29 16:00:00,0,
STWN,2019-07-29 17:00:00,0,
STWN,2019-07-29 18:00:00,0,
STWN,2019-07-29 19:00:00,0,
STWN,2019-07-29 20:00:00,0,
STWN,2019-07-29 21:00:00,0,
STWN,2019-07-29 22:00:00,0,
STWN,2019-07-29 23:00:00,0,
STWN,2019-07-30 00:00:00,0,
STWN,2019-07-30 01:00:00,0,
STWN,2019-07-30 02:00:00,0,
STWN,2019-07-30 03:00:00,0,
STWN,2019-07-30 04:00:00,0,
STWN,2019-07-30 05:00:00,0,
STWN,2019-07-30 06:00:00,0,
STWN,2019-07-30 07:00:00,0,
STWN,2019-07-30 08:00:00,0,
STWN,2019-07-30 09:00:00,0,
STWN,2019-07-30 10:00:00,0,
STWN,2019-07-30 11:00:00,0,
STWN,2019-07-30 12:00:00,0,
STWN,2019-07-30 13:00:00,0,
STWN,2019-07-30 14:00:00,0,
STWN,2019-07-30 15:00:00,0,
STWN,2019-07-30 16:00:00,0,
STWN,2019-07-30 17:00:00,0,
STWN,2019-07-30 18:00:00,0,
STWN,2019-07-30 19:00:00,0,
STWN,2019-07-30 20:00:00,0,
STWN,2019-07-30 21:00:00,0,
STWN,2019-07-30 22:00:00,0,
STWN,2019-07-30 23:00:00,0,
STWN,2019-07-31 00:00:00,0,
STWN,2019-07-31 01:00:00,0,
STWN,2019-07-31 02:00:00,0,
STWN,2019-07-31 03:00:00,0,
STWN,2019-07-31 04:00:00,0,
STWN,2019-07-31 05:00:00,0,
STWN,2019-07-31 06:00:00,0,
STWN,2019-07-31 07:00:00,0,
STWN,2019-07-31 08:00:00,0,
STWN,2019-07-31 09:00:00,0,
STWN,2019-07-31 10:00:00,0,
STWN,2019-07-31 11:00:00,0,
STWN,2019-07-31 12:00:00,0,
STWN,2019-07-31 13:00:00,0,
STWN,2019-07-31 14:00:00,0,
STWN,2019-07-31 15:00:00,0,
STWN,2019-07-31 16:00:00,0,
STWN,2019-07-31 17:00:00,0,
STWN,2019-07-31 18:00:00,0,
STWN,2019-07-31 19:00:00,0,
STWN,2019-07-31 20:00:00,0,
STWN,2019-07-31 21:00:00,0,
STWN,2019-07-31 22:00:00,0,
STWN,2019-07-31 23:00:00,0,
TGCG,2019-07-01 00:00:00,0,
TGCG,2019-07-01 01:00:00,0,
TGCG,2019-07-01 02:00:00,0,
TGCG,2019-07-01 03:00:00,0.2,
TGCG,2019-07-01 04:00:00,0.2,
TGCG,2019-07-01 05:00:00,0,
TGCG,2019-07-01 06:00:00,0,
TGCG,2019-07-01 07:00:00,0,
TGCG,2019-07-01 08:00:00,0,
TGCG,2019-07-01 09:00:00,0,
TGCG,2019-07-01 10:00:00,0,
TGCG,2019-07-01 11:00:00,0,
TGCG,2019-07-01 12:00:00,0,
TGCG,2019-07-01 13:00:00,0,
TGCG,2019-07-01 14:00:00,0,
TGCG,2019-07-01 15:00:00,-999,
TGCG,2019-07-01 16:00:00,0,
TGCG,2019-07-01 17:00:00,0,
TGCG,2019-07-01 18:00:00,0,
TGCG,2019-07-01 19:00:00,0,
TGCG,2019-07-01 20:00:00,0,
TGCG,2019-07-01 21:00:00,0,
TGCG,2019-07-01 22:00:00,0,
TGCG,2019-07-01 23:00:00,0,
TGCG,2019-07-02 00:00:00,0,
TGCG,2019-07-02 01:00:00,0.6,
TGCG,2019-07-02 02:00:00,0,
TGCG,2019-07-02 03:00:00,0.6,
TGCG,2019-07-02 04:00:00,0.8,
TGCG,2019-07-02 05:00:00,0.2,
TGCG,2019-07-02 06:00:00,0,
TGCG,2019-07-02 07:00:00,0,
TGCG,2019-07-02 08:00:00,0.2,
TGCG,2019-07-02 09:00:00,0,
TGCG,2019-07-02 10:00:00,0,
TGCG,2019-07-02 11:00:00,0.4,
TGCG,2019-07-02 12:00:00,0,
TGCG,2019-07-02 13:00:00,0.6,
TGCG,2019-07-02 14:00:00,0.6,
TGCG,2019-07-02 15:00:00,0,
TGCG,2019-07-02 16:00:00,0,
TGCG,2019-07-02 17:00:00,0,
TGCG,2019-07-02 18:00:00,0,
TGCG,2019-07-02 19:00:00,0,
TGCG,2019-07-02 20:00:00,0,
TGCG,2019-07-02 21:00:00,0,
TGCG,2019-07-02 22:00:00,0,
TGCG,2019-07-02 23:00:00,0,
TGCG,2019-07-03 00:00:00,0,
TGCG,2019-07-03 01:00:00,0,
TGCG,2019-07-03 02:00:00,0,
TGCG,2019-07-03 03:00:00,0,
TGCG,2019-07-03 04:00:00,0,
TGCG,2019-07-03 05:00:00,0,
TGCG,2019-07-03 06:00:00,0,
TGCG,2019-07-03 07:00:00,0,
TGCG,2019-07-03 08:00:00,0,
TGCG,2019-07-03 09:00:00,0,
TGCG,2019-07-03 10:00:00,0,
TGCG,2019-07-03 11:00:00,0,
TGCG,2019-07-03 12:00:00,0,
TGCG,2019-07-03 13:00:00,0,
TGCG,2019-07-03 14:00:00,0,
TGCG,2019-07-03 15:00:00,0,
TGCG,2019-07-03 16:00:00,0,
TGCG,2019-07-03 17:00:00,0,
TGCG,2019-07-03 18:00:00,0,
TGCG,2019-07-03 19:00:00,0,
TGCG,2019-07-03 20:00:00,0,
TGCG,2019-07-03 21:00:00,0,
TGCG,2019-07-03 22:00:00,0,
TGCG,2019-07-03 23:00:00,0,
TGCG,2019-07-04 00:00:00,0,
TGCG,2019-07-04 01:00:00,0,
TGCG,2019-07-04 02:00:00,0,
TGCG,2019-07-04 03:00:00,0,
TGCG,2019-07-04 04:00:00,0,
TGCG,2019-07-04 05:00:00,0,
TGCG,2019-07-04 06:00:00,-999,
TGCG,2019-07-04 07:00:00,0,
TGCG,2019-07-04 08:00:00,0,
TGCG,2019-07-04 09:00:00,0,
TGCG,2019-07-04 10:00:00,0,
TGCG,2019-07-04 11:00:00,0.2,
TGCG,2019-07-04 12:00:00,0,
TGCG,2019-07-04 13:00:00,0,
TGCG,2019-07-04 14:00:00,0,
TGCG,2019-07-04 15:00:00,0,
TGCG,2019-07-04 16:00:00,0.2,
TGCG,2019-07-04 17:00:00,0,
TGCG,2019-07-04 18:00:00,0,
TGCG,2019-07-04 19:00:00,0,
TGCG,2019-07-04 20:00:00,0,
TGCG,2019-07-04 21:00:00,0,
TGCG,2019-07-04 22:00:00,0,
TGCG,2019-07-04 23:00:00,0,
TGCG,2019-07-05 00:00:00,0,
TGCG,2019-07-05 01:00:00,0,
TGCG,2019-07-05 02:00:00,0,
TGCG,2019-07-05 03:00:00,0,
TGCG,2019-07-05 04:00:00,0,
TGCG,2019-07-05 05:00:00,0,
TGCG,2019-07-05 06:00:00,0,
TGCG,2019-07-05 07:00:00,0,
TGCG,2019-07-05 08:00:00,0.2,
TGCG,2019-07-05 09:00:00,0,
TGCG,2019-07-05 10:00:00,0,
TGCG,2019-07-05 11:00:00,-999,
TGCG,2019-07-05 12:00:00,-999,
TGCG,2019-07-05 13:00:00,-999,
TGCG,2019-07-05 14:00:00,-999,
TGCG,2019-07-05 15:00:00,-999,
TGCG,2019-07-05 16:00:00,-999,
TGCG,2019-07-05 17:00:00,-999,
TGCG,2019-07-05 18:00:00,0.2,
TGCG,2019-07-05 19:00:00,0,
TGCG,2019-07-05 20:00:00,0,
TGCG,2019-07-05 21:00:00,0.4,
TGCG,2019-07-05 22:00:00,0,
TGCG,2019-07-05 23:00:00,0,
TGCG,2019-07-06 00:00:00,-999,
TGCG,2019-07-06 01:00:00,0,
TGCG,2019-07-06 02:00:00,0,
TGCG,2019-07-06 03:00:00,0,
TGCG,2019-07-06 04:00:00,0,
TGCG,2019-07-06 05:00:00,0,
TGCG,2019-07-06 06:00:00,0,
TGCG,2019-07-06 07:00:00,0,
TGCG,2019-07-06 08:00:00,0,
TGCG,2019-07-06 09:00:00,0,
TGCG,2019-07-06 10:00:00,0,
TGCG,2019-07-06 11:00:00,0,
TGCG,2019-07-06 12:00:00,0,
TGCG,2019-07-06 13:00:00,0,
TGCG,2019-07-06 14:00:00,0,
TGCG,2019-07-06 15:00:00,0,
TGCG,2019-07-06 16:00:00,0,
TGCG,2019-07-06 17:00:00,0,
TGCG,2019-07-06 18:00:00,0,
TGCG,2019-07-06 19:00:00,0,
TGCG,2019-07-06 20:00:00,0,
TGCG,2019-07-06 21:00:00,0,
TGCG,2019-07-06 22:00:00,0,
TGCG,2019-07-06 23:00:00,0,
TGCG,2019-07-07 00:00:00,0,
TGCG,2019-07-07 01:00:00,0,
TGCG,2019-07-07 02:00:00,0,
TGCG,2019-07-07 03:00:00,0,
TGCG,2019-07-07 04:00:00,0,
TGCG,2019-07-07 05:00:00,0,
TGCG,2019-07-07 06:00:00,0,
TGCG,2019-07-07 07:00:00,0,
TGCG,2019-07-07 08:00:00,0,
TGCG,2019-07-07 09:00:00,0,
TGCG,2019-07-07 10:00:00,0,
TGCG,2019-07-07 11:00:00,0,
TGCG,2019-07-07 12:00:00,0,
TGCG,2019-07-07 13:00:00,0,
TGCG,2019-07-07 14:00:00,0,
TGCG,2019-07-07 15:00:00,0,
TGCG,2019-07-07 16:00:00,0,
TGCG,2019-07-07 17:00:00,0,
TGCG,2019-07-07 18:00:00,0,
TGCG,2019-07-07 19:00:00,0,
TGCG,2019-07-07 20:00:00,0,
TGCG,2019-07-07 21:00:00,0,
TGCG,2019-07-07 22:00:00,0,
TGCG,2019-07-07 23:00:00,1.2,
TGCG,2019-07-08 00:00:00,2.8,
TGCG,2019-07-08 01:00:00,0,
TGCG,2019-07-08 02:00:00,0,
TGCG,2019-07-08 03:00:00,0,
TGCG,2019-07-08 04:00:00,0,
TGCG,2019-07-08 05:00:00,0,
TGCG,2019-07-08 06:00:00,0,
TGCG,2019-07-08 07:00:00,0,
TGCG,2019-07-08 08:00:00,0,
TGCG,2019-07-08 09:00:00,0,
TGCG,2019-07-08 10:00:00,0,
TGCG,2019-07-08 11:00:00,0,
TGCG,2019-07-08 12:00:00,0,
TGCG,2019-07-08 13:00:00,0,
TGCG,2019-07-08 14:00:00,0,
TGCG,2019-07-08 15:00:00,0,
TGCG,2019-07-08 16:00:00,0,
TGCG,2019-07-08 17:00:00,0,
TGCG,2019-07-08 18:00:00,0,
TGCG,2019-07-08 19:00:00,5.8,
TGCG,2019-07-08 20:00:00,4.2,
TGCG,2019-07-08 21:00:00,0.2,
TGCG,2019-07-08 22:00:00,0,
TGCG,2019-07-08 23:00:00,0,
TGCG,2019-07-09 00:00:00,0,
TGCG,2019-07-09 01:00:00,0,
TGCG,2019-07-09 02:00:00,0,
TGCG,2019-07-09 03:00:00,0,
TGCG,2019-07-09 04:00:00,0,
TGCG,2019-07-09 05:00:00,0,
TGCG,2019-07-09 06:00:00,0,
TGCG,2019-07-09 07:00:00,0,
TGCG,2019-07-09 08:00:00,0,
TGCG,2019-07-09 09:00:00,0,
TGCG,2019-07-09 10:00:00,0,
TGCG,2019-07-09 11:00:00,0,
TGCG,2019-07-09 12:00:00,0,
TGCG,2019-07-09 13:00:00,0,
TGCG,2019-07-09 14:00:00,0,
TGCG,2019-07-09 15:00:00,0,
TGCG,2019-07-09 16:00:00,0,
TGCG,2019-07-09 17:00:00,0,
TGCG,2019-07-09 18:00:00,0,
TGCG,2019-07-09 19:00:00,0,
TGCG,2019-07-09 20:00:00,0,
TGCG,2019-07-09 21:00:00,0,
TGCG,2019-07-09 22:00:00,0,
TGCG,2019-07-09 23:00:00,0.6,
TGCG,2019-07-10 00:00:00,0.2,
TGCG,2019-07-10 01:00:00,0,
TGCG,2019-07-10 02:00:00,0,
TGCG,2019-07-10 03:00:00,0,
TGCG,2019-07-10 04:00:00,0,
TGCG,2019-07-10 05:00:00,0,
TGCG,2019-07-10 06:00:00,0,
TGCG,2019-07-10 07:00:00,0,
TGCG,2019-07-10 08:00:00,0,
TGCG,2019-07-10 09:00:00,0,
TGCG,2019-07-10 10:00:00,0,
TGCG,2019-07-10 11:00:00,0,
TGCG,2019-07-10 12:00:00,0,
TGCG,2019-07-10 13:00:00,0,
TGCG,2019-07-10 14:00:00,0,
TGCG,2019-07-10 15:00:00,0,
TGCG,2019-07-10 16:00:00,0,
TGCG,2019-07-10 17:00:00,0,
TGCG,2019-07-10 18:00:00,0,
TGCG,2019-07-10 19:00:00,0,
TGCG,2019-07-10 20:00:00,0,
TGCG,2019-07-10 21:00:00,0,
TGCG,2019-07-10 22:00:00,2.4,
TGCG,2019-07-10 23:00:00,5.6,
TGCG,2019-07-11 00:00:00,0.6,
TGCG,2019-07-11 01:00:00,0,
TGCG,2019-07-11 02:00:00,0,
TGCG,2019-07-11 03:00:00,0,
TGCG,2019-07-11 04:00:00,0,
TGCG,2019-07-11 05:00:00,0,
TGCG,2019-07-11 06:00:00,0,
TGCG,2019-07-11 07:00:00,0,
TGCG,2019-07-11 08:00:00,0.2,
TGCG,2019-07-11 09:00:00,0,
TGCG,2019-07-11 10:00:00,0,
TGCG,2019-07-11 11:00:00,0,
TGCG,2019-07-11 12:00:00,0,
TGCG,2019-07-11 13:00:00,0,
TGCG,2019-07-11 14:00:00,0,
TGCG,2019-07-11 15:00:00,0,
TGCG,2019-07-11 16:00:00,0,
TGCG,2019-07-11 17:00:00,0,
TGCG,2019-07-11 18:00:00,0,
TGCG,2019-07-11 19:00:00,0,
TGCG,2019-07-11 20:00:00,0,
TGCG,2019-07-11 21:00:00,0,
TGCG,2019-07-11 22:00:00,0.2,
TGCG,2019-07-11 23:00:00,0,
TGCG,2019-07-12 00:00:00,0,
TGCG,2019-07-12 01:00:00,0,
TGCG,2019-07-12 02:00:00,0,
TGCG,2019-07-12 03:00:00,0,
TGCG,2019-07-12 04:00:00,0,
TGCG,2019-07-12 05:00:00,0,
TGCG,2019-07-12 06:00:00,0,
TGCG,2019-07-12 07:00:00,0,
TGCG,2019-07-12 08:00:00,0,
TGCG,2019-07-12 09:00:00,0,
TGCG,2019-07-12 10:00:00,0,
TGCG,2019-07-12 11:00:00,0,
TGCG,2019-07-12 12:00:00,0,
TGCG,2019-07-12 13:00:00,0,
TGCG,2019-07-12 14:00:00,0,
TGCG,2019-07-12 15:00:00,0,
TGCG,2019-07-12 16:00:00,1.6,
TGCG,2019-07-12 17:00:00,0.2,
TGCG,2019-07-12 18:00:00,0,
TGCG,2019-07-12 19:00:00,0,
TGCG,2019-07-12 20:00:00,0,
TGCG,2019-07-12 21:00:00,0,
TGCG,2019-07-12 22:00:00,0,
TGCG,2019-07-12 23:00:00,0,
TGCG,2019-07-13 00:00:00,0,
TGCG,2019-07-13 01:00:00,0,
TGCG,2019-07-13 02:00:00,0,
TGCG,2019-07-13 03:00:00,0,
TGCG,2019-07-13 04:00:00,0,
TGCG,2019-07-13 05:00:00,0,
TGCG,2019-07-13 06:00:00,0,
TGCG,2019-07-13 07:00:00,0,
TGCG,2019-07-13 08:00:00,0,
TGCG,2019-07-13 09:00:00,0,
TGCG,2019-07-13 10:00:00,0,
TGCG,2019-07-13 11:00:00,0,
TGCG,2019-07-13 12:00:00,0,
TGCG,2019-07-13 13:00:00,0,
TGCG,2019-07-13 14:00:00,0,
TGCG,2019-07-13 15:00:00,0,
TGCG,2019-07-13 16:00:00,0,
TGCG,2019-07-13 17:00:00,0,
TGCG,2019-07-13 18:00:00,0,
TGCG,2019-07-13 19:00:00,0,
TGCG,2019-07-13 20:00:00,0,
TGCG,2019-07-13 21:00:00,0,
TGCG,2019-07-13 22:00:00,0,
TGCG,2019-07-13 23:00:00,0,
TGCG,2019-07-14 00:00:00,0,
TGCG,2019-07-14 01:00:00,0,
TGCG,2019-07-14 02:00:00,0,
TGCG,2019-07-14 03:00:00,0,
TGCG,2019-07-14 04:00:00,0,
TGCG,2019-07-14 05:00:00,0,
TGCG,2019-07-14 06:00:00,0,
TGCG,2019-07-14 07:00:00,0,
TGCG,2019-07-14 08:00:00,0,
TGCG,2019-07-14 09:00:00,0,
TGCG,2019-07-14 10:00:00,0,
TGCG,2019-07-14 11:00:00,0,
TGCG,2019-07-14 12:00:00,0,
TGCG,2019-07-14 13:00:00,0,
TGCG,2019-07-14 14:00:00,0,
TGCG,2019-07-14 15:00:00,0,
TGCG,2019-07-14 16:00:00,0,
TGCG,2019-07-14 17:00:00,1.6,
TGCG,2019-07-14 18:00:00,0,
TGCG,2019-07-14 19:00:00,0.2,
TGCG,2019-07-14 20:00:00,0,
TGCG,2019-07-14 21:00:00,0,
TGCG,2019-07-14 22:00:00,0,
TGCG,2019-07-14 23:00:00,0,
TGCG,2019-07-15 00:00:00,0,
TGCG,2019-07-15 01:00:00,0,
TGCG,2019-07-15 02:00:00,0,
TGCG,2019-07-15 03:00:00,0,
TGCG,2019-07-15 04:00:00,0,
TGCG,2019-07-15 05:00:00,0.2,
TGCG,2019-07-15 06:00:00,0,
TGCG,2019-07-15 07:00:00,0,
TGCG,2019-07-15 08:00:00,0,
TGCG,2019-07-15 09:00:00,0,
TGCG,2019-07-15 10:00:00,0,
TGCG,2019-07-15 11:00:00,0,
TGCG,2019-07-15 12:00:00,0,
TGCG,2019-07-15 13:00:00,0,
TGCG,2019-07-15 14:00:00,0,
TGCG,2019-07-15 15:00:00,0,
TGCG,2019-07-15 16:00:00,0,
TGCG,2019-07-15 17:00:00,0,
TGCG,2019-07-15 18:00:00,0,
TGCG,2019-07-15 19:00:00,0,
TGCG,2019-07-15 20:00:00,0,
TGCG,2019-07-15 21:00:00,0,
TGCG,2019-07-15 22:00:00,0,
TGCG,2019-07-15 23:00:00,0,
TGCG,2019-07-16 00:00:00,0,
TGCG,2019-07-16 01:00:00,0,
TGCG,2019-07-16 02:00:00,0,
TGCG,2019-07-16 03:00:00,0,
TGCG,2019-07-16 04:00:00,0,
TGCG,2019-07-16 05:00:00,0,
TGCG,2019-07-16 06:00:00,0,
TGCG,2019-07-16 07:00:00,0,
TGCG,2019-07-16 08:00:00,0,
TGCG,2019-07-16 09:00:00,0,
TGCG,2019-07-16 10:00:00,0,
TGCG,2019-07-16 11:00:00,0,
TGCG,2019-07-16 12:00:00,0,
TGCG,2019-07-16 13:00:00,0,
TGCG,2019-07-16 14:00:00,0,
TGCG,2019-07-16 15:00:00,0,
TGCG,2019-07-16 16:00:00,0,
TGCG,2019-07-16 17:00:00,0,
TGCG,2019-07-16 18:00:00,0,
TGCG,2019-07-16 19:00:00,0,
TGCG,2019-07-16 20:00:00,0,
TGCG,2019-07-16 21:00:00,0,
TGCG,2019-07-16 22:00:00,0,
TGCG,2019-07-16 23:00:00,0,
TGCG,2019-07-17 00:00:00,0,
TGCG,2019-07-17 01:00:00,0,
TGCG,2019-07-17 02:00:00,0,
TGCG,2019-07-17 03:00:00,0,
TGCG,2019-07-17 04:00:00,0,
TGCG,2019-07-17 05:00:00,0,
TGCG,2019-07-17 06:00:00,0,
TGCG,2019-07-17 07:00:00,0,
TGCG,2019-07-17 08:00:00,0,
TGCG,2019-07-17 09:00:00,0,
TGCG,2019-07-17 10:00:00,0,
TGCG,2019-07-17 11:00:00,0,
TGCG,2019-07-17 12:00:00,0,
TGCG,2019-07-17 13:00:00,0,
TGCG,2019-07-17 14:00:00,0,
TGCG,2019-07-17 15:00:00,0,
TGCG,2019-07-17 16:00:00,0,
TGCG,2019-07-17 17:00:00,0,
TGCG,2019-07-17 18:00:00,0,
TGCG,2019-07-17 19:00:00,0,
TGCG,2019-07-17 20:00:00,0,
TGCG,2019-07-17 21:00:00,0,
TGCG,2019-07-17 22:00:00,0,
TGCG,2019-07-17 23:00:00,0,
TGCG,2019-07-18 00:00:00,0,
TGCG,2019-07-18 01:00:00,0,
TGCG,2019-07-18 02:00:00,0,
TGCG,2019-07-18 03:00:00,0,
TGCG,2019-07-18 04:00:00,0,
TGCG,2019-07-18 05:00:00,0,
TGCG,2019-07-18 06:00:00,0,
TGCG,2019-07-18 07:00:00,0,
TGCG,2019-07-18 08:00:00,0,
TGCG,2019-07-18 09:00:00,0,
TGCG,2019-07-18 10:00:00,0,
TGCG,2019-07-18 11:00:00,0,
TGCG,2019-07-18 12:00:00,0,
TGCG,2019-07-18 13:00:00,0,
TGCG,2019-07-18 14:00:00,0,
TGCG,2019-07-18 15:00:00,0,
TGCG,2019-07-18 16:00:00,0,
TGCG,2019-07-18 17:00:00,0,
TGCG,2019-07-18 18:00:00,0,
TGCG,2019-07-18 19:00:00,0,
TGCG,2019-07-18 20:00:00,0,
TGCG,2019-07-18 21:00:00,0,
TGCG,2019-07-18 22:00:00,-999,
TGCG,2019-07-18 23:00:00,0,
TGCG,2019-07-19 00:00:00,0,
TGCG,2019-07-19 01:00:00,0,
TGCG,2019-07-19 02:00:00,0,
TGCG,2019-07-19 03:00:00,0,
TGCG,2019-07-19 04:00:00,0,
TGCG,2019-07-19 05:00:00,0,
TGCG,2019-07-19 06:00:00,0,
TGCG,2019-07-19 07:00:00,0,
TGCG,2019-07-19 08:00:00,0,
TGCG,2019-07-19 09:00:00,0,
TGCG,2019-07-19 10:00:00,0,
TGCG,2019-07-19 11:00:00,0,
TGCG,2019-07-19 12:00:00,0,
TGCG,2019-07-19 13:00:00,0,
TGCG,2019-07-19 14:00:00,0,
TGCG,2019-07-19 15:00:00,0,
TGCG,2019-07-19 16:00:00,0,
TGCG,2019-07-19 17:00:00,0,
TGCG,2019-07-19 18:00:00,0,
TGCG,2019-07-19 19:00:00,0,
TGCG,2019-07-19 20:00:00,0,
TGCG,2019-07-19 21:00:00,0,
TGCG,2019-07-19 22:00:00,0,
TGCG,2019-07-19 23:00:00,0,
TGCG,2019-07-20 00:00:00,0,
TGCG,2019-07-20 01:00:00,0,
TGCG,2019-07-20 02:00:00,0,
TGCG,2019-07-20 03:00:00,0,
TGCG,2019-07-20 04:00:00,0,
TGCG,2019-07-20 05:00:00,0,
TGCG,2019-07-20 06:00:00,0,
TGCG,2019-07-20 07:00:00,0,
TGCG,2019-07-20 08:00:00,0,
TGCG,2019-07-20 09:00:00,0,
TGCG,2019-07-20 10:00:00,0,
TGCG,2019-07-20 11:00:00,0,
TGCG,2019-07-20 12:00:00,0,
TGCG,2019-07-20 13:00:00,0,
TGCG,2019-07-20 14:00:00,0,
TGCG,2019-07-20 15:00:00,0,
TGCG,2019-07-20 16:00:00,0,
TGCG,2019-07-20 17:00:00,0,
TGCG,2019-07-20 18:00:00,0,
TGCG,2019-07-20 19:00:00,0,
TGCG,2019-07-20 20:00:00,0,
TGCG,2019-07-20 21:00:00,0,
TGCG,2019-07-20 22:00:00,0,
TGCG,2019-07-20 23:00:00,0,
TGCG,2019-07-21 00:00:00,0,
TGCG,2019-07-21 01:00:00,0,
TGCG,2019-07-21 02:00:00,0,
TGCG,2019-07-21 03:00:00,0,
TGCG,2019-07-21 04:00:00,0,
TGCG,2019-07-21 05:00:00,0,
TGCG,2019-07-21 06:00:00,0,
TGCG,2019-07-21 07:00:00,0,
TGCG,2019-07-21 08:00:00,0,
TGCG,2019-07-21 09:00:00,0,
TGCG,2019-07-21 10:00:00,0,
TGCG,2019-07-21 11:00:00,0,
TGCG,2019-07-21 12:00:00,0,
TGCG,2019-07-21 13:00:00,1.6,
TGCG,2019-07-21 14:00:00,8.6,
TGCG,2019-07-21 15:00:00,0.8,
TGCG,2019-07-21 16:00:00,0,
TGCG,2019-07-21 17:00:00,0,
TGCG,2019-07-21 18:00:00,0,
TGCG,2019-07-21 19:00:00,0,
TGCG,2019-07-21 20:00:00,0.2,
TGCG,2019-07-21 21:00:00,15.4,
TGCG,2019-07-21 22:00:00,2.2,
TGCG,2019-07-21 23:00:00,0,
TGCG,2019-07-22 00:00:00,5.4,
TGCG,2019-07-22 01:00:00,0.2,
TGCG,2019-07-22 02:00:00,0,
TGCG,2019-07-22 03:00:00,0,
TGCG,2019-07-22 04:00:00,0,
TGCG,2019-07-22 05:00:00,0,
TGCG,2019-07-22 06:00:00,0,
TGCG,2019-07-22 07:00:00,0,
TGCG,2019-07-22 08:00:00,0,
TGCG,2019-07-22 09:00:00,0,
TGCG,2019-07-22 10:00:00,0,
TGCG,2019-07-22 11:00:00,0,
TGCG,2019-07-22 12:00:00,0,
TGCG,2019-07-22 13:00:00,0,
TGCG,2019-07-22 14:00:00,0,
TGCG,2019-07-22 15:00:00,0,
TGCG,2019-07-22 16:00:00,0,
TGCG,2019-07-22 17:00:00,0,
TGCG,2019-07-22 18:00:00,0,
TGCG,2019-07-22 19:00:00,0,
TGCG,2019-07-22 20:00:00,0.2,
TGCG,2019-07-22 21:00:00,0,
TGCG,2019-07-22 22:00:00,0,
TGCG,2019-07-22 23:00:00,0,
TGCG,2019-07-23 00:00:00,0,
TGCG,2019-07-23 01:00:00,0,
TGCG,2019-07-23 02:00:00,0,
TGCG,2019-07-23 03:00:00,0,
TGCG,2019-07-23 04:00:00,0,
TGCG,2019-07-23 05:00:00,0,
TGCG,2019-07-23 06:00:00,0,
TGCG,2019-07-23 07:00:00,0,
TGCG,2019-07-23 08:00:00,0.2,
TGCG,2019-07-23 09:00:00,0,
TGCG,2019-07-23 10:00:00,0,
TGCG,2019-07-23 11:00:00,0,
TGCG,2019-07-23 12:00:00,1,
TGCG,2019-07-23 13:00:00,0,
TGCG,2019-07-23 14:00:00,0.2,
TGCG,2019-07-23 15:00:00,0,
TGCG,2019-07-23 16:00:00,0,
TGCG,2019-07-23 17:00:00,2.8,
TGCG,2019-07-23 18:00:00,1.4,
TGCG,2019-07-23 19:00:00,0.6,
TGCG,2019-07-23 20:00:00,1,
TGCG,2019-07-23 21:00:00,0.6,
TGCG,2019-07-23 22:00:00,0.4,
TGCG,2019-07-23 23:00:00,0.2,
TGCG,2019-07-24 00:00:00,0.4,
TGCG,2019-07-24 01:00:00,0,
TGCG,2019-07-24 02:00:00,0,
TGCG,2019-07-24 03:00:00,0,
TGCG,2019-07-24 04:00:00,0,
TGCG,2019-07-24 05:00:00,0,
TGCG,2019-07-24 06:00:00,0,
TGCG,2019-07-24 07:00:00,0.2,
TGCG,2019-07-24 08:00:00,0,
TGCG,2019-07-24 09:00:00,0,
TGCG,2019-07-24 10:00:00,0.4,
TGCG,2019-07-24 11:00:00,0.2,
TGCG,2019-07-24 12:00:00,2.6,
TGCG,2019-07-24 13:00:00,0.6,
TGCG,2019-07-24 14:00:00,0,
TGCG,2019-07-24 15:00:00,0,
TGCG,2019-07-24 16:00:00,0.2,
TGCG,2019-07-24 17:00:00,2,
TGCG,2019-07-24 18:00:00,2.8,
TGCG,2019-07-24 19:00:00,2.2,
TGCG,2019-07-24 20:00:00,0,
TGCG,2019-07-24 21:00:00,1.8,
TGCG,2019-07-24 22:00:00,0,
TGCG,2019-07-24 23:00:00,0,
TGCG,2019-07-25 00:00:00,1.2,
TGCG,2019-07-25 01:00:00,0.2,
TGCG,2019-07-25 02:00:00,0.2,
TGCG,2019-07-25 03:00:00,0,
TGCG,2019-07-25 04:00:00,0.4,
TGCG,2019-07-25 05:00:00,0,
TGCG,2019-07-25 06:00:00,0,
TGCG,2019-07-25 07:00:00,0,
TGCG,2019-07-25 08:00:00,0,
TGCG,2019-07-25 09:00:00,0,
TGCG,2019-07-25 10:00:00,0,
TGCG,2019-07-25 11:00:00,0,
TGCG,2019-07-25 12:00:00,0,
TGCG,2019-07-25 13:00:00,0,
TGCG,2019-07-25 14:00:00,0,
TGCG,2019-07-25 15:00:00,0,
TGCG,2019-07-25 16:00:00,0,
TGCG,2019-07-25 17:00:00,0,
TGCG,2019-07-25 18:00:00,0,
TGCG,2019-07-25 19:00:00,0,
TGCG,2019-07-25 20:00:00,0,
TGCG,2019-07-25 21:00:00,0,
TGCG,2019-07-25 22:00:00,13,
TGCG,2019-07-25 23:00:00,3.8,
TGCG,2019-07-26 00:00:00,2.8,
TGCG,2019-07-26 01:00:00,0.2,
TGCG,2019-07-26 02:00:00,0,
TGCG,2019-07-26 03:00:00,0.4,
TGCG,2019-07-26 04:00:00,0,
TGCG,2019-07-26 05:00:00,0.2,
TGCG,2019-07-26 06:00:00,0,
TGCG,2019-07-26 07:00:00,0,
TGCG,2019-07-26 08:00:00,0.2,
TGCG,2019-07-26 09:00:00,1.2,
TGCG,2019-07-26 10:00:00,1.2,
TGCG,2019-07-26 11:00:00,0.8,
TGCG,2019-07-26 12:00:00,0.6,
TGCG,2019-07-26 13:00:00,0.4,
TGCG,2019-07-26 14:00:00,0.2,
TGCG,2019-07-26 15:00:00,0.2,
TGCG,2019-07-26 16:00:00,0,
TGCG,2019-07-26 17:00:00,0.2,
TGCG,2019-07-26 18:00:00,0,
TGCG,2019-07-26 19:00:00,0,
TGCG,2019-07-26 20:00:00,0,
TGCG,2019-07-26 21:00:00,0,
TGCG,2019-07-26 22:00:00,0,
TGCG,2019-07-26 23:00:00,0,
TGCG,2019-07-27 00:00:00,0,
TGCG,2019-07-27 01:00:00,0,
TGCG,2019-07-27 02:00:00,0,
TGCG,2019-07-27 03:00:00,0,
TGCG,2019-07-27 04:00:00,0,
TGCG,2019-07-27 05:00:00,0,
TGCG,2019-07-27 06:00:00,0,
TGCG,2019-07-27 07:00:00,0,
TGCG,2019-07-27 08:00:00,0,
TGCG,2019-07-27 09:00:00,0,
TGCG,2019-07-27 10:00:00,0,
TGCG,2019-07-27 11:00:00,0,
TGCG,2019-07-27 12:00:00,0,
TGCG,2019-07-27 13:00:00,0,
TGCG,2019-07-27 14:00:00,0,
TGCG,2019-07-27 15:00:00,0,
TGCG,2019-07-27 16:00:00,0,
TGCG,2019-07-27 17:00:00,0,
TGCG,2019-07-27 18:00:00,0,
TGCG,2019-07-27 19:00:00,0,
TGCG,2019-07-27 20:00:00,0,
TGCG,2019-07-27 21:00:00,0,
TGCG,2019-07-27 22:00:00,0,
TGCG,2019-07-27 23:00:00,0,
TGCG,2019-07-28 00:00:00,0,
TGCG,2019-07-28 01:00:00,0,
TGCG,2019-07-28 02:00:00,0,
TGCG,2019-07-28 03:00:00,0,
TGCG,2019-07-28 04:00:00,0,
TGCG,2019-07-28 05:00:00,0,
TGCG,2019-07-28 06:00:00,0,
TGCG,2019-07-28 07:00:00,0,
TGCG,2019-07-28 08:00:00,0,
TGCG,2019-07-28 09:00:00,0,
TGCG,2019-07-28 10:00:00,0,
TGCG,2019-07-28 11:00:00,0,
TGCG,2019-07-28 12:00:00,0,
TGCG,2019-07-28 13:00:00,0,
TGCG,2019-07-28 14:00:00,0,
TGCG,2019-07-28 15:00:00,0,
TGCG,2019-07-28 16:00:00,0,
TGCG,2019-07-28 17:00:00,0,
TGCG,2019-07-28 18:00:00,0,
TGCG,2019-07-28 19:00:00,0,
TGCG,2019-07-28 20:00:00,0,
TGCG,2019-07-28 21:00:00,0,
TGCG,2019-07-28 22:00:00,0,
TGCG,2019-07-28 23:00:00,0,
TGCG,2019-07-29 00:00:00,0,
TGCG,2019-07-29 01:00:00,0,
TGCG,2019-07-29 02:00:00,0,
TGCG,2019-07-29 03:00:00,0,
TGCG,2019-07-29 04:00:00,0,
TGCG,2019-07-29 05:00:00,0,
TGCG,2019-07-29 06:00:00,0,
TGCG,2019-07-29 07:00:00,0,
TGCG,2019-07-29 08:00:00,0,
TGCG,2019-07-29 09:00:00,0,
TGCG,2019-07-29 10:00:00,0,
TGCG,2019-07-29 11:00:00,0,
TGCG,2019-07-29 12:00:00,0,
TGCG,2019-07-29 13:00:00,0,
TGCG,2019-07-29 14:00:00,0,
TGCG,2019-07-29 15:00:00,0,
TGCG,2019-07-29 16:00:00,0,
TGCG,2019-07-29 17:00:00,0,
TGCG,2019-07-29 18:00:00,0,
TGCG,2019-07-29 19:00:00,0,
TGCG,2019-07-29 20:00:00,0,
TGCG,2019-07-29 21:00:00,0,
TGCG,2019-07-29 22:00:00,0,
TGCG,2019-07-29 23:00:00,0.2,
TGCG,2019-07-30 00:00:00,0,
TGCG,2019-07-30 01:00:00,3,
TGCG,2019-07-30 02:00:00,1.4,
TGCG,2019-07-30 03:00:00,0.2,
TGCG,2019-07-30 04:00:00,0,
TGCG,2019-07-30 05:00:00,1.2,
TGCG,2019-07-30 06:00:00,9.2,
TGCG,2019-07-30 07:00:00,2.8,
TGCG,2019-07-30 08:00:00,0,
TGCG,2019-07-30 09:00:00,0.2,
TGCG,2019-07-30 10:00:00,0,
TGCG,2019-07-30 11:00:00,0,
TGCG,2019-07-30 12:00:00,0.4,
TGCG,2019-07-30 13:00:00,0,
TGCG,2019-07-30 14:00:00,0,
TGCG,2019-07-30 15:00:00,0,
TGCG,2019-07-30 16:00:00,0,
TGCG,2019-07-30 17:00:00,0,
TGCG,2019-07-30 18:00:00,0,
TGCG,2019-07-30 19:00:00,0,
TGCG,2019-07-30 20:00:00,0,
TGCG,2019-07-30 21:00:00,0.6,
TGCG,2019-07-30 22:00:00,1,
TGCG,2019-07-30 23:00:00,1.2,
TGCG,2019-07-31 00:00:00,1.2,
TGCG,2019-07-31 01:00:00,0,
TGCG,2019-07-31 02:00:00,3,
TGCG,2019-07-31 03:00:00,9.8,
TGCG,2019-07-31 04:00:00,0.6,
TGCG,2019-07-31 05:00:00,0.6,
TGCG,2019-07-31 06:00:00,0,
TGCG,2019-07-31 07:00:00,0,
TGCG,2019-07-31 08:00:00,14.8,
TGCG,2019-07-31 09:00:00,8,
TGCG,2019-07-31 10:00:00,1.4,
TGCG,2019-07-31 11:00:00,0,
TGCG,2019-07-31 12:00:00,0,
TGCG,2019-07-31 13:00:00,0,
TGCG,2019-07-31 14:00:00,0,
TGCG,2019-07-31 15:00:00,0,
TGCG,2019-07-31 16:00:00,0,
TGCG,2019-07-31 17:00:00,0,
TGCG,2019-07-31 18:00:00,1.6,
TGCG,2019-07-31 19:00:00,1.6,
TGCG,2019-07-31 20:00:00,0.8,
TGCG,2019-07-31 21:00:00,9.6,
TGCG,2019-07-31 22:00:00,4.4,
TGCG,2019-07-31 23:00:00,11.2,
PPRM,2019-07-01 00:00:00,0,
PPRM,2019-07-01 01:00:00,0,
PPRM,2019-07-01 02:00:00,0,
PPRM,2019-07-01 03:00:00,0,
PPRM,2019-07-01 04:00:00,0,
PPRM,2019-07-01 05:00:00,0,
PPRM,2019-07-01 06:00:00,0,
PPRM,2019-07-01 07:00:00,0,
PPRM,2019-07-01 08:00:00,0,
PPRM,2019-07-01 09:00:00,0,
PPRM,2019-07-01 10:00:00,0,
PPRM,2019-07-01 11:00:00,0,
PPRM,2019-07-01 12:00:00,0,
PPRM,2019-07-01 13:00:00,0,
PPRM,2019-07-01 14:00:00,0,
PPRM,2019-07-01 15:00:00,0,
PPRM,2019-07-01 16:00:00,0,
PPRM,2019-07-01 17:00:00,0,
PPRM,2019-07-01 18:00:00,0,
PPRM,2019-07-01 19:00:00,0,
PPRM,2019-07-01 20:00:00,0,
PPRM,2019-07-01 21:00:00,0,
PPRM,2019-07-01 22:00:00,0,
PPRM,2019-07-01 23:00:00,0,
PPRM,2019-07-02 00:00:00,0,
PPRM,2019-07-02 01:00:00,0,
PPRM,2019-07-02 02:00:00,0,
PPRM,2019-07-02 03:00:00,0,
PPRM,2019-07-02 04:00:00,0,
PPRM,2019-07-02 05:00:00,0,
PPRM,2019-07-02 06:00:00,0,
PPRM,2019-07-02 07:00:00,0,
PPRM,2019-07-02 08:00:00,0,
PPRM,2019-07-02 09:00:00,0,
PPRM,2019-07-02 10:00:00,0,
PPRM,2019-07-02 11:00:00,0,
PPRM,2019-07-02 12:00:00,0,
PPRM,2019-07-02 13:00:00,0,
PPRM,2019-07-02 14:00:00,0,
PPRM,2019-07-02 15:00:00,0,
PPRM,2019-07-02 16:00:00,0,
PPRM,2019-07-02 17:00:00,0,
PPRM,2019-07-02 18:00:00,0,
PPRM,2019-07-02 19:00:00,0,
PPRM,2019-07-02 20:00:00,0,
PPRM,2019-07-02 21:00:00,0,
PPRM,2019-07-02 22:00:00,0,
PPRM,2019-07-02 23:00:00,0,
PPRM,2019-07-03 00:00:00,0,
PPRM,2019-07-03 01:00:00,0,
PPRM,2019-07-03 02:00:00,0,
PPRM,2019-07-03 03:00:00,0,
PPRM,2019-07-03 04:00:00,0,
PPRM,2019-07-03 05:00:00,0,
PPRM,2019-07-03 06:00:00,0,
PPRM,2019-07-03 07:00:00,0,
PPRM,2019-07-03 08:00:00,0,
PPRM,2019-07-03 09:00:00,0,
PPRM,2019-07-03 10:00:00,0,
PPRM,2019-07-03 11:00:00,0,
PPRM,2019-07-03 12:00:00,0,
PPRM,2019-07-03 13:00:00,0,
PPRM,2019-07-03 14:00:00,0,
PPRM,2019-07-03 15:00:00,0,
PPRM,2019-07-03 16:00:00,0,
PPRM,2019-07-03 17:00:00,0,
PPRM,2019-07-03 18:00:00,0,
PPRM,2019-07-03 19:00:00,0,
PPRM,2019-07-03 20:00:00,0,
PPRM,2019-07-03 21:00:00,0,
PPRM,2019-07-03 22:00:00,0,
PPRM,2019-07-03 23:00:00,0,
PPRM,2019-07-04 00:00:00,0,
PPRM,2019-07-04 01:00:00,0,
PPRM,2019-07-04 02:00:00,0,
PPRM,2019-07-04 03:00:00,0,
PPRM,2019-07-04 04:00:00,0,
PPRM,2019-07-04 05:00:00,0,
PPRM,2019-07-04 06:00:00,0,
PPRM,2019-07-04 07:00:00,0,
PPRM,2019-07-04 08:00:00,0,
PPRM,2019-07-04 09:00:00,0,
PPRM,2019-07-04 10:00:00,0,
PPRM,2019-07-04 11:00:00,0,
PPRM,2019-07-04 12:00:00,0,
PPRM,2019-07-04 13:00:00,0,
PPRM,2019-07-04 14:00:00,0,
PPRM,2019-07-04 15:00:00,0,
PPRM,2019-07-04 16:00:00,0,
PPRM,2019-07-04 17:00:00,0,
PPRM,2019-07-04 18:00:00,0,
PPRM,2019-07-04 19:00:00,0,
PPRM,2019-07-04 20:00:00,0,
PPRM,2019-07-04 21:00:00,0,
PPRM,2019-07-04 22:00:00,0,
PPRM,2019-07-04 23:00:00,0,
PPRM,2019-07-05 00:00:00,0,
PPRM,2019-07-05 01:00:00,0,
PPRM,2019-07-05 02:00:00,0,
PPRM,2019-07-05 03:00:00,0,
PPRM,2019-07-05 04:00:00,0,
PPRM,2019-07-05 05:00:00,0,
PPRM,2019-07-05 06:00:00,0,
PPRM,2019-07-05 07:00:00,0,
PPRM,2019-07-05 08:00:00,0,
PPRM,2019-07-05 09:00:00,0,
PPRM,2019-07-05 10:00:00,0,
PPRM,2019-07-05 11:00:00,-999,
PPRM,2019-07-05 12:00:00,0,
PPRM,2019-07-05 13:00:00,0,
PPRM,2019-07-05 14:00:00,0,
PPRM,2019-07-05 15:00:00,-999,
PPRM,2019-07-05 16:00:00,0,
PPRM,2019-07-05 17:00:00,-999,
PPRM,2019-07-05 18:00:00,0,
PPRM,2019-07-05 19:00:00,0,
PPRM,2019-07-05 20:00:00,0,
PPRM,2019-07-05 21:00:00,0,
PPRM,2019-07-05 22:00:00,0,
PPRM,2019-07-05 23:00:00,0,
PPRM,2019-07-06 00:00:00,0,
PPRM,2019-07-06 01:00:00,0,
PPRM,2019-07-06 02:00:00,0,
PPRM,2019-07-06 03:00:00,0,
PPRM,2019-07-06 04:00:00,0,
PPRM,2019-07-06 05:00:00,0,
PPRM,2019-07-06 06:00:00,0,
PPRM,2019-07-06 07:00:00,0,
PPRM,2019-07-06 08:00:00,0,
PPRM,2019-07-06 09:00:00,0,
PPRM,2019-07-06 10:00:00,0,
PPRM,2019-07-06 11:00:00,0,
PPRM,2019-07-06 12:00:00,0,
PPRM,2019-07-06 13:00:00,0,
PPRM,2019-07-06 14:00:00,0,
PPRM,2019-07-06 15:00:00,0,
PPRM,2019-07-06 16:00:00,0,
PPRM,2019-07-06 17:00:00,0,
PPRM,2019-07-06 18:00:00,0,
PPRM,2019-07-06 19:00:00,0,
PPRM,2019-07-06 20:00:00,0,
PPRM,2019-07-06 21:00:00,0,
PPRM,2019-07-06 22:00:00,0,
PPRM,2019-07-06 23:00:00,0,
PPRM,2019-07-07 00:00:00,0,
PPRM,2019-07-07 01:00:00,0,
PPRM,2019-07-07 02:00:00,0,
PPRM,2019-07-07 03:00:00,0,
PPRM,2019-07-07 04:00:00,0,
PPRM,2019-07-07 05:00:00,0,
PPRM,2019-07-07 06:00:00,0,
PPRM,2019-07-07 07:00:00,0,
PPRM,2019-07-07 08:00:00,0,
PPRM,2019-07-07 09:00:00,0,
PPRM,2019-07-07 10:00:00,0,
PPRM,2019-07-07 11:00:00,0,
PPRM,2019-07-07 12:00:00,0,
PPRM,2019-07-07 13:00:00,0,
PPRM,2019-07-07 14:00:00,0,
PPRM,2019-07-07 15:00:00,0,
PPRM,2019-07-07 16:00:00,0,
PPRM,2019-07-07 17:00:00,0,
PPRM,2019-07-07 18:00:00,0,
PPRM,2019-07-07 19:00:00,0,
PPRM,2019-07-07 20:00:00,0,
PPRM,2019-07-07 21:00:00,0,
PPRM,2019-07-07 22:00:00,0,
PPRM,2019-07-07 23:00:00,0,
PPRM,2019-07-08 00:00:00,0,
PPRM,2019-07-08 01:00:00,0,
PPRM,2019-07-08 02:00:00,0,
PPRM,2019-07-08 03:00:00,0,
PPRM,2019-07-08 04:00:00,0,
PPRM,2019-07-08 05:00:00,0,
PPRM,2019-07-08 06:00:00,0,
PPRM,2019-07-08 07:00:00,0,
PPRM,2019-07-08 08:00:00,0,
PPRM,2019-07-08 09:00:00,0,
PPRM,2019-07-08 10:00:00,0,
PPRM,2019-07-08 11:00:00,0,
PPRM,2019-07-08 12:00:00,0,
PPRM,2019-07-08 13:00:00,0,
PPRM,2019-07-08 14:00:00,0,
PPRM,2019-07-08 15:00:00,0,
PPRM,2019-07-08 16:00:00,0,
PPRM,2019-07-08 17:00:00,0,
PPRM,2019-07-08 18:00:00,0,
PPRM,2019-07-08 19:00:00,0,
PPRM,2019-07-08 20:00:00,0,
PPRM,2019-07-08 21:00:00,0,
PPRM,2019-07-08 22:00:00,0,
PPRM,2019-07-08 23:00:00,0,
PPRM,2019-07-09 00:00:00,0,
PPRM,2019-07-09 01:00:00,0,
PPRM,2019-07-09 02:00:00,0,
PPRM,2019-07-09 03:00:00,0,
PPRM,2019-07-09 04:00:00,0,
PPRM,2019-07-09 05:00:00,0,
PPRM,2019-07-09 06:00:00,0,
PPRM,2019-07-09 07:00:00,0,
PPRM,2019-07-09 08:00:00,0,
PPRM,2019-07-09 09:00:00,0,
PPRM,2019-07-09 10:00:00,0,
PPRM,2019-07-09 11:00:00,0,
PPRM,2019-07-09 12:00:00,0,
PPRM,2019-07-09 13:00:00,0,
PPRM,2019-07-09 14:00:00,0,
PPRM,2019-07-09 15:00:00,0,
PPRM,2019-07-09 16:00:00,0,
PPRM,2019-07-09 17:00:00,0,
PPRM,2019-07-09 18:00:00,0,
PPRM,2019-07-09 19:00:00,0,
PPRM,2019-07-09 20:00:00,0,
PPRM,2019-07-09 21:00:00,0,
PPRM,2019-07-09 22:00:00,0,
PPRM,2019-07-09 23:00:00,0,
PPRM,2019-07-10 00:00:00,0,
PPRM,2019-07-10 01:00:00,0,
PPRM,2019-07-10 02:00:00,0,
PPRM,2019-07-10 03:00:00,0,
PPRM,2019-07-10 04:00:00,0,
PPRM,2019-07-10 05:00:00,0,
PPRM,2019-07-10 06:00:00,0,
PPRM,2019-07-10 07:00:00,0,
PPRM,2019-07-10 08:00:00,0,
PPRM,2019-07-10 09:00:00,0,
PPRM,2019-07-10 10:00:00,0,
PPRM,2019-07-10 11:00:00,0,
PPRM,2019-07-10 12:00:00,0,
PPRM,2019-07-10 13:00:00,0,
PPRM,2019-07-10 14:00:00,0,
PPRM,2019-07-10 15:00:00,0,
PPRM,2019-07-10 16:00:00,0,
PPRM,2019-07-10 17:00:00,0,
PPRM,2019-07-10 18:00:00,0,
PPRM,2019-07-10 19:00:00,0,
PPRM,2019-07-10 20:00:00,0,
PPRM,2019-07-10 21:00:00,0,
PPRM,2019-07-10 22:00:00,0,
PPRM,2019-07-10 23:00:00,0,
PPRM,2019-07-11 00:00:00,0,
PPRM,2019-07-11 01:00:00,0,
PPRM,2019-07-11 02:00:00,0,
PPRM,2019-07-11 03:00:00,0,
PPRM,2019-07-11 04:00:00,0,
PPRM,2019-07-11 05:00:00,0,
PPRM,2019-07-11 06:00:00,0,
PPRM,2019-07-11 07:00:00,0,
PPRM,2019-07-11 08:00:00,0,
PPRM,2019-07-11 09:00:00,0,
PPRM,2019-07-11 10:00:00,0,
PPRM,2019-07-11 11:00:00,0,
PPRM,2019-07-11 12:00:00,0,
PPRM,2019-07-11 13:00:00,0,
PPRM,2019-07-11 14:00:00,0,
PPRM,2019-07-11 15:00:00,0,
PPRM,2019-07-11 16:00:00,0,
PPRM,2019-07-11 17:00:00,0,
PPRM,2019-07-11 18:00:00,0,
PPRM,2019-07-11 19:00:00,0,
PPRM,2019-07-11 20:00:00,0,
PPRM,2019-07-11 21:00:00,0,
PPRM,2019-07-11 22:00:00,0,
PPRM,2019-07-11 23:00:00,0,
PPRM,2019-07-12 00:00:00,0,
PPRM,2019-07-12 01:00:00,0,
PPRM,2019-07-12 02:00:00,0,
PPRM,2019-07-12 03:00:00,0,
PPRM,2019-07-12 04:00:00,0,
PPRM,2019-07-12 05:00:00,0,
PPRM,2019-07-12 06:00:00,0,
PPRM,2019-07-12 07:00:00,0,
PPRM,2019-07-12 08:00:00,0,
PPRM,2019-07-12 09:00:00,0,
PPRM,2019-07-12 10:00:00,0,
PPRM,2019-07-12 11:00:00,0,
PPRM,2019-07-12 12:00:00,0,
PPRM,2019-07-12 13:00:00,0,
PPRM,2019-07-12 14:00:00,0,
PPRM,2019-07-12 15:00:00,0,
PPRM,2019-07-12 16:00:00,0,
PPRM,2019-07-12 17:00:00,0,
PPRM,2019-07-12 18:00:00,0,
PPRM,2019-07-12 19:00:00,0,
PPRM,2019-07-12 20:00:00,0,
PPRM,2019-07-12 21:00:00,0,
PPRM,2019-07-12 22:00:00,0,
PPRM,2019-07-12 23:00:00,0,
PPRM,2019-07-13 00:00:00,0,
PPRM,2019-07-13 01:00:00,0,
PPRM,2019-07-13 02:00:00,0,
PPRM,2019-07-13 03:00:00,0,
PPRM,2019-07-13 04:00:00,0,
PPRM,2019-07-13 05:00:00,0,
PPRM,2019-07-13 06:00:00,0,
PPRM,2019-07-13 07:00:00,0,
PPRM,2019-07-13 08:00:00,0,
PPRM,2019-07-13 09:00:00,-999,
PPRM,2019-07-13 10:00:00,0,
PPRM,2019-07-13 11:00:00,0,
PPRM,2019-07-13 12:00:00,0,
PPRM,2019-07-13 13:00:00,0,
PPRM,2019-07-13 14:00:00,0,
PPRM,2019-07-13 15:00:00,0,
PPRM,2019-07-13 16:00:00,0,
PPRM,2019-07-13 17:00:00,0,
PPRM,2019-07-13 18:00:00,0,
PPRM,2019-07-13 19:00:00,0,
PPRM,2019-07-13 20:00:00,0,
PPRM,2019-07-13 21:00:00,0,
PPRM,2019-07-13 22:00:00,0,
PPRM,2019-07-13 23:00:00,0,
PPRM,2019-07-14 00:00:00,0,
PPRM,2019-07-14 01:00:00,0,
PPRM,2019-07-14 02:00:00,0,
PPRM,2019-07-14 03:00:00,0,
PPRM,2019-07-14 04:00:00,0,
PPRM,2019-07-14 05:00:00,0,
PPRM,2019-07-14 06:00:00,0,
PPRM,2019-07-14 07:00:00,0,
PPRM,2019-07-14 08:00:00,0,
PPRM,2019-07-14 09:00:00,0,
PPRM,2019-07-14 10:00:00,0,
PPRM,2019-07-14 11:00:00,0,
PPRM,2019-07-14 12:00:00,0,
PPRM,2019-07-14 13:00:00,0,
PPRM,2019-07-14 14:00:00,0,
PPRM,2019-07-14 15:00:00,0,
PPRM,2019-07-14 16:00:00,0,
PPRM,2019-07-14 17:00:00,-999,
PPRM,2019-07-14 18:00:00,0,
PPRM,2019-07-14 19:00:00,0,
PPRM,2019-07-14 20:00:00,0,
PPRM,2019-07-14 21:00:00,0,
PPRM,2019-07-14 22:00:00,0,
PPRM,2019-07-14 23:00:00,0,
PPRM,2019-07-15 00:00:00,0,
PPRM,2019-07-15 01:00:00,0,
PPRM,2019-07-15 02:00:00,0,
PPRM,2019-07-15 03:00:00,0,
PPRM,2019-07-15 04:00:00,0,
PPRM,2019-07-15 05:00:00,0,
PPRM,2019-07-15 06:00:00,0,
PPRM,2019-07-15 07:00:00,0,
PPRM,2019-07-15 08:00:00,0,
PPRM,2019-07-15 09:00:00,0,
PPRM,2019-07-15 10:00:00,0,
PPRM,2019-07-15 11:00:00,0,
PPRM,2019-07-15 12:00:00,0,
PPRM,2019-07-15 13:00:00,0,
PPRM,2019-07-15 14:00:00,0,
PPRM,2019-07-15 15:00:00,0,
PPRM,2019-07-15 16:00:00,0,
PPRM,2019-07-15 17:00:00,0,
PPRM,2019-07-15 18:00:00,0,
PPRM,2019-07-15 19:00:00,0,
PPRM,2019-07-15 20:00:00,0,
PPRM,2019-07-15 21:00:00,0,
PPRM,2019-07-15 22:00:00,0,
PPRM,2019-07-15 23:00:00,0,
PPRM,2019-07-16 00:00:00,0,
PPRM,2019-07-16 01:00:00,0,
PPRM,2019-07-16 02:00:00,0,
PPRM,2019-07-16 03:00:00,0,
PPRM,2019-07-16 04:00:00,0,
PPRM,2019-07-16 05:00:00,0,
PPRM,2019-07-16 06:00:00,0,
PPRM,2019-07-16 07:00:00,0,
PPRM,2019-07-16 08:00:00,0,
PPRM,2019-07-16 09:00:00,0,
PPRM,2019-07-16 10:00:00,0,
PPRM,2019-07-16 11:00:00,0,
PPRM,2019-07-16 12:00:00,0,
PPRM,2019-07-16 13:00:00,0,
PPRM,2019-07-16 14:00:00,0,
PPRM,2019-07-16 15:00:00,0,
PPRM,2019-07-16 16:00:00,0,
PPRM,2019-07-16 17:00:00,0,
PPRM,2019-07-16 18:00:00,0,
PPRM,2019-07-16 19:00:00,0,
PPRM,2019-07-16 20:00:00,0,
PPRM,2019-07-16 21:00:00,0,
PPRM,2019-07-16 22:00:00,0,
PPRM,2019-07-16 23:00:00,0,
PPRM,2019-07-17 00:00:00,0,
PPRM,2019-07-17 01:00:00,0,
PPRM,2019-07-17 02:00:00,0,
PPRM,2019-07-17 03:00:00,0,
PPRM,2019-07-17 04:00:00,0,
PPRM,2019-07-17 05:00:00,0,
PPRM,2019-07-17 06:00:00,0,
PPRM,2019-07-17 07:00:00,0,
PPRM,2019-07-17 08:00:00,0,
PPRM,2019-07-17 09:00:00,0,
PPRM,2019-07-17 10:00:00,0,
PPRM,2019-07-17 11:00:00,0,
PPRM,2019-07-17 12:00:00,0,
PPRM,2019-07-17 13:00:00,0,
PPRM,2019-07-17 14:00:00,0,
PPRM,2019-07-17 15:00:00,0,
PPRM,2019-07-17 16:00:00,0,
PPRM,2019-07-17 17:00:00,0,
PPRM,2019-07-17 18:00:00,0,
PPRM,2019-07-17 19:00:00,0,
PPRM,2019-07-17 20:00:00,0,
PPRM,2019-07-17 21:00:00,0,
PPRM,2019-07-17 22:00:00,0,
PPRM,2019-07-17 23:00:00,0,
PPRM,2019-07-18 00:00:00,0,
PPRM,2019-07-18 01:00:00,0,
PPRM,2019-07-18 02:00:00,0,
PPRM,2019-07-18 03:00:00,0,
PPRM,2019-07-18 04:00:00,0,
PPRM,2019-07-18 05:00:00,0,
PPRM,2019-07-18 06:00:00,0,
PPRM,2019-07-18 07:00:00,0,
PPRM,2019-07-18 08:00:00,0,
PPRM,2019-07-18 09:00:00,0,
PPRM,2019-07-18 10:00:00,0,
PPRM,2019-07-18 11:00:00,0,
PPRM,2019-07-18 12:00:00,0,
PPRM,2019-07-18 13:00:00,0,
PPRM,2019-07-18 14:00:00,0,
PPRM,2019-07-18 15:00:00,0,
PPRM,2019-07-18 16:00:00,0,
PPRM,2019-07-18 17:00:00,0,
PPRM,2019-07-18 18:00:00,0,
PPRM,2019-07-18 19:00:00,0,
PPRM,2019-07-18 20:00:00,0,
PPRM,2019-07-18 21:00:00,0,
PPRM,2019-07-18 22:00:00,-999,
PPRM,2019-07-18 23:00:00,0,
PPRM,2019-07-19 00:00:00,0,
PPRM,2019-07-19 01:00:00,0,
PPRM,2019-07-19 02:00:00,0,
PPRM,2019-07-19 03:00:00,0,
PPRM,2019-07-19 04:00:00,0,
PPRM,2019-07-19 05:00:00,0,
PPRM,2019-07-19 06:00:00,0,
PPRM,2019-07-19 07:00:00,0,
PPRM,2019-07-19 08:00:00,0,
PPRM,2019-07-19 09:00:00,0,
PPRM,2019-07-19 10:00:00,0,
PPRM,2019-07-19 11:00:00,0,
PPRM,2019-07-19 12:00:00,0,
PPRM,2019-07-19 13:00:00,0,
PPRM,2019-07-19 14:00:00,0,
PPRM,2019-07-19 15:00:00,0,
PPRM,2019-07-19 16:00:00,0,
PPRM,2019-07-19 17:00:00,0,
PPRM,2019-07-19 18:00:00,0,
PPRM,2019-07-19 19:00:00,0,
PPRM,2019-07-19 20:00:00,0,
PPRM,2019-07-19 21:00:00,0,
PPRM,2019-07-19 22:00:00,0,
PPRM,2019-07-19 23:00:00,0,
PPRM,2019-07-20 00:00:00,0,
PPRM,2019-07-20 01:00:00,0,
PPRM,2019-07-20 02:00:00,0,
PPRM,2019-07-20 03:00:00,0,
PPRM,2019-07-20 04:00:00,0,
PPRM,2019-07-20 05:00:00,0,
PPRM,2019-07-20 06:00:00,0,
PPRM,2019-07-20 07:00:00,0,
PPRM,2019-07-20 08:00:00,0,
PPRM,2019-07-20 09:00:00,0,
PPRM,2019-07-20 10:00:00,-999,
PPRM,2019-07-20 11:00:00,0,
PPRM,2019-07-20 12:00:00,0,
PPRM,2019-07-20 13:00:00,0,
PPRM,2019-07-20 14:00:00,0,
PPRM,2019-07-20 15:00:00,0,
PPRM,2019-07-20 16:00:00,0,
PPRM,2019-07-20 17:00:00,0,
PPRM,2019-07-20 18:00:00,0,
PPRM,2019-07-20 19:00:00,0,
PPRM,2019-07-20 20:00:00,0,
PPRM,2019-07-20 21:00:00,0,
PPRM,2019-07-20 22:00:00,0,
PPRM,2019-07-20 23:00:00,0,
PPRM,2019-07-21 00:00:00,0,
PPRM,2019-07-21 01:00:00,0,
PPRM,2019-07-21 02:00:00,0,
PPRM,2019-07-21 03:00:00,0,
PPRM,2019-07-21 04:00:00,0,
PPRM,2019-07-21 05:00:00,0,
PPRM,2019-07-21 06:00:00,0,
PPRM,2019-07-21 07:00:00,0,
PPRM,2019-07-21 08:00:00,0,
PPRM,2019-07-21 09:00:00,0,
PPRM,2019-07-21 10:00:00,0,
PPRM,2019-07-21 11:00:00,0,
PPRM,2019-07-21 12:00:00,0,
PPRM,2019-07-21 13:00:00,0,
PPRM,2019-07-21 14:00:00,0,
PPRM,2019-07-21 15:00:00,0,
PPRM,2019-07-21 16:00:00,0,
PPRM,2019-07-21 17:00:00,0,
PPRM,2019-07-21 18:00:00,0,
PPRM,2019-07-21 19:00:00,0,
PPRM,2019-07-21 20:00:00,0,
PPRM,2019-07-21 21:00:00,0,
PPRM,2019-07-21 22:00:00,0,
PPRM,2019-07-21 23:00:00,0,
PPRM,2019-07-22 00:00:00,0,
PPRM,2019-07-22 01:00:00,0,
PPRM,2019-07-22 02:00:00,0,
PPRM,2019-07-22 03:00:00,0,
PPRM,2019-07-22 04:00:00,0,
PPRM,2019-07-22 05:00:00,0,
PPRM,2019-07-22 06:00:00,0,
PPRM,2019-07-22 07:00:00,0,
PPRM,2019-07-22 08:00:00,0,
PPRM,2019-07-22 09:00:00,0,
PPRM,2019-07-22 10:00:00,0,
PPRM,2019-07-22 11:00:00,0,
PPRM,2019-07-22 12:00:00,0,
PPRM,2019-07-22 13:00:00,0,
PPRM,2019-07-22 14:00:00,0,
PPRM,2019-07-22 15:00:00,0,
PPRM,2019-07-22 16:00:00,0,
PPRM,2019-07-22 17:00:00,0,
PPRM,2019-07-22 18:00:00,0,
PPRM,2019-07-22 19:00:00,0,
PPRM,2019-07-22 20:00:00,0,
PPRM,2019-07-22 21:00:00,0,
PPRM,2019-07-22 22:00:00,0,
PPRM,2019-07-22 23:00:00,0,
PPRM,2019-07-23 00:00:00,0,
PPRM,2019-07-23 01:00:00,0,
PPRM,2019-07-23 02:00:00,0,
PPRM,2019-07-23 03:00:00,0,
PPRM,2019-07-23 04:00:00,0,
PPRM,2019-07-23 05:00:00,0,
PPRM,2019-07-23 06:00:00,0,
PPRM,2019-07-23 07:00:00,0,
PPRM,2019-07-23 08:00:00,0,
PPRM,2019-07-23 09:00:00,0,
PPRM,2019-07-23 10:00:00,0,
PPRM,2019-07-23 11:00:00,0,
PPRM,2019-07-23 12:00:00,0,
PPRM,2019-07-23 13:00:00,0,
PPRM,2019-07-23 14:00:00,0,
PPRM,2019-07-23 15:00:00,0,
PPRM,2019-07-23 16:00:00,0,
PPRM,2019-07-23 17:00:00,0,
PPRM,2019-07-23 18:00:00,0,
PPRM,2019-07-23 19:00:00,0,
PPRM,2019-07-23 20:00:00,0,
PPRM,2019-07-23 21:00:00,0,
PPRM,2019-07-23 22:00:00,0,
PPRM,2019-07-23 23:00:00,0,
PPRM,2019-07-24 00:00:00,0,
PPRM,2019-07-24 01:00:00,0,
PPRM,2019-07-24 02:00:00,0,
PPRM,2019-07-24 03:00:00,0,
PPRM,2019-07-24 04:00:00,0,
PPRM,2019-07-24 05:00:00,0,
PPRM,2019-07-24 06:00:00,0,
PPRM,2019-07-24 07:00:00,0,
PPRM,2019-07-24 08:00:00,0,
PPRM,2019-07-24 09:00:00,0,
PPRM,2019-07-24 10:00:00,0,
PPRM,2019-07-24 11:00:00,0,
PPRM,2019-07-24 12:00:00,-999,
PPRM,2019-07-24 13:00:00,0,
PPRM,2019-07-24 14:00:00,0,
PPRM,2019-07-24 15:00:00,0,
PPRM,2019-07-24 16:00:00,0,
PPRM,2019-07-24 17:00:00,-999,
PPRM,2019-07-24 18:00:00,-999,
PPRM,2019-07-24 19:00:00,0,
PPRM,2019-07-24 20:00:00,0,
PPRM,2019-07-24 21:00:00,0,
PPRM,2019-07-24 22:00:00,0,
PPRM,2019-07-24 23:00:00,0,
PPRM,2019-07-25 00:00:00,0,
PPRM,2019-07-25 01:00:00,0,
PPRM,2019-07-25 02:00:00,0,
PPRM,2019-07-25 03:00:00,0,
PPRM,2019-07-25 04:00:00,0,
PPRM,2019-07-25 05:00:00,0,
PPRM,2019-07-25 06:00:00,0,
PPRM,2019-07-25 07:00:00,0,
PPRM,2019-07-25 08:00:00,0,
PPRM,2019-07-25 09:00:00,0,
PPRM,2019-07-25 10:00:00,0,
PPRM,2019-07-25 11:00:00,0,
PPRM,2019-07-25 12:00:00,0,
PPRM,2019-07-25 13:00:00,0,
PPRM,2019-07-25 14:00:00,0,
PPRM,2019-07-25 15:00:00,0,
PPRM,2019-07-25 16:00:00,0,
PPRM,2019-07-25 17:00:00,0,
PPRM,2019-07-25 18:00:00,0,
PPRM,2019-07-25 19:00:00,0,
PPRM,2019-07-25 20:00:00,0,
PPRM,2019-07-25 21:00:00,0,
PPRM,2019-07-25 22:00:00,0,
PPRM,2019-07-25 23:00:00,0,
PPRM,2019-07-26 00:00:00,0,
PPRM,2019-07-26 01:00:00,0,
PPRM,2019-07-26 02:00:00,0,
PPRM,2019-07-26 03:00:00,0,
PPRM,2019-07-26 04:00:00,0,
PPRM,2019-07-26 05:00:00,0,
PPRM,2019-07-26 06:00:00,0,
PPRM,2019-07-26 07:00:00,0,
PPRM,2019-07-26 08:00:00,0,
PPRM,2019-07-26 09:00:00,0,
PPRM,2019-07-26 10:00:00,0,
PPRM,2019-07-26 11:00:00,0,
PPRM,2019-07-26 12:00:00,0.4,
PPRM,2019-07-26 13:00:00,0,
PPRM,2019-07-26 14:00:00,0,
PPRM,2019-07-26 15:00:00,0,
PPRM,2019-07-26 16:00:00,0,
PPRM,2019-07-26 17:00:00,0,
PPRM,2019-07-26 18:00:00,0,
PPRM,2019-07-26 19:00:00,0,
PPRM,2019-07-26 20:00:00,0,
PPRM,2019-07-26 21:00:00,0,
PPRM,2019-07-26 22:00:00,0,
PPRM,2019-07-26 23:00:00,0,
PPRM,2019-07-27 00:00:00,0,
PPRM,2019-07-27 01:00:00,0,
PPRM,2019-07-27 02:00:00,0,
PPRM,2019-07-27 03:00:00,0,
PPRM,2019-07-27 04:00:00,0.4,
PPRM,2019-07-27 05:00:00,0,
PPRM,2019-07-27 06:00:00,0,
PPRM,2019-07-27 07:00:00,0,
PPRM,2019-07-27 08:00:00,0,
PPRM,2019-07-27 09:00:00,0,
PPRM,2019-07-27 10:00:00,0,
PPRM,2019-07-27 11:00:00,0,
PPRM,2019-07-27 12:00:00,0,
PPRM,2019-07-27 13:00:00,0,
PPRM,2019-07-27 14:00:00,0,
PPRM,2019-07-27 15:00:00,0,
PPRM,2019-07-27 16:00:00,0,
PPRM,2019-07-27 17:00:00,0,
PPRM,2019-07-27 18:00:00,0,
PPRM,2019-07-27 19:00:00,0,
PPRM,2019-07-27 20:00:00,0,
PPRM,2019-07-27 21:00:00,0,
PPRM,2019-07-27 22:00:00,0,
PPRM,2019-07-27 23:00:00,0,
PPRM,2019-07-28 00:00:00,0,
PPRM,2019-07-28 01:00:00,0,
PPRM,2019-07-28 02:00:00,0,
PPRM,2019-07-28 03:00:00,0,
PPRM,2019-07-28 04:00:00,0,
PPRM,2019-07-28 05:00:00,0,
PPRM,2019-07-28 06:00:00,0,
PPRM,2019-07-28 07:00:00,0,
PPRM,2019-07-28 08:00:00,0,
PPRM,2019-07-28 09:00:00,0,
PPRM,2019-07-28 10:00:00,0,
PPRM,2019-07-28 11:00:00,0,
PPRM,2019-07-28 12:00:00,0,
PPRM,2019-07-28 13:00:00,0,
PPRM,2019-07-28 14:00:00,0,
PPRM,2019-07-28 15:00:00,0,
PPRM,2019-07-28 16:00:00,0,
PPRM,2019-07-28 17:00:00,0,
PPRM,2019-07-28 18:00:00,0,
PPRM,2019-07-28 19:00:00,0,
PPRM,2019-07-28 20:00:00,0,
PPRM,2019-07-28 21:00:00,0,
PPRM,2019-07-28 22:00:00,0,
PPRM,2019-07-28 23:00:00,0,
PPRM,2019-07-29 00:00:00,0,
PPRM,2019-07-29 01:00:00,0,
PPRM,2019-07-29 02:00:00,0,
PPRM,2019-07-29 03:00:00,0,
PPRM,2019-07-29 04:00:00,0,
PPRM,2019-07-29 05:00:00,0,
PPRM,2019-07-29 06:00:00,0,
PPRM,2019-07-29 07:00:00,0,
PPRM,2019-07-29 08:00:00,0,
PPRM,2019-07-29 09:00:00,0,
PPRM,2019-07-29 10:00:00,0,
PPRM,2019-07-29 11:00:00,0,
PPRM,2019-07-29 12:00:00,0,
PPRM,2019-07-29 13:00:00,0,
PPRM,2019-07-29 14:00:00,0,
PPRM,2019-07-29 15:00:00,0,
PPRM,2019-07-29 16:00:00,0,
PPRM,2019-07-29 17:00:00,0,
PPRM,2019-07-29 18:00:00,0,
PPRM,2019-07-29 19:00:00,0,
PPRM,2019-07-29 20:00:00,0,
PPRM,2019-07-29 21:00:00,0,
PPRM,2019-07-29 22:00:00,0,
PPRM,2019-07-29 23:00:00,0,
PPRM,2019-07-30 00:00:00,0,
PPRM,2019-07-30 01:00:00,0,
PPRM,2019-07-30 02:00:00,0,
PPRM,2019-07-30 03:00:00,0,
PPRM,2019-07-30 04:00:00,0,
PPRM,2019-07-30 05:00:00,0,
PPRM,2019-07-30 06:00:00,0,
PPRM,2019-07-30 07:00:00,0,
PPRM,2019-07-30 08:00:00,0,
PPRM,2019-07-30 09:00:00,0,
PPRM,2019-07-30 10:00:00,0,
PPRM,2019-07-30 11:00:00,0,
PPRM,2019-07-30 12:00:00,0,
PPRM,2019-07-30 13:00:00,0,
PPRM,2019-07-30 14:00:00,0,
PPRM,2019-07-30 15:00:00,0,
PPRM,2019-07-30 16:00:00,0,
PPRM,2019-07-30 17:00:00,0,
PPRM,2019-07-30 18:00:00,0.2,
PPRM,2019-07-30 19:00:00,0,
PPRM,2019-07-30 20:00:00,0,
PPRM,2019-07-30 21:00:00,0,
PPRM,2019-07-30 22:00:00,0,
PPRM,2019-07-30 23:00:00,0,
PPRM,2019-07-31 00:00:00,0,
PPRM,2019-07-31 01:00:00,0,
PPRM,2019-07-31 02:00:00,0,
PPRM,2019-07-31 03:00:00,0,
PPRM,2019-07-31 04:00:00,0.2,
PPRM,2019-07-31 05:00:00,0,
PPRM,2019-07-31 06:00:00,0,
PPRM,2019-07-31 07:00:00,0,
PPRM,2019-07-31 08:00:00,0,
PPRM,2019-07-31 09:00:00,0,
PPRM,2019-07-31 10:00:00,0,
PPRM,2019-07-31 11:00:00,0,
PPRM,2019-07-31 12:00:00,0,
PPRM,2019-07-31 13:00:00,0,
PPRM,2019-07-31 14:00:00,0,
PPRM,2019-07-31 15:00:00,0,
PPRM,2019-07-31 16:00:00,0,
PPRM,2019-07-31 17:00:00,0,
PPRM,2019-07-31 18:00:00,0,
PPRM,2019-07-31 19:00:00,2.6,
PPRM,2019-07-31 20:00:00,0,
PPRM,2019-07-31 21:00:00,0,
PPRM,2019-07-31 22:00:00,0.2,
PPRM,2019-07-31 23:00:00,0.2,
TGSK,2019-07-01 00:00:00,0,
TGSK,2019-07-01 01:00:00,0,
TGSK,2019-07-01 02:00:00,0,
TGSK,2019-07-01 03:00:00,0,
TGSK,2019-07-01 04:00:00,0,
TGSK,2019-07-01 05:00:00,0,
TGSK,2019-07-01 06:00:00,0,
TGSK,2019-07-01 07:00:00,0,
TGSK,2019-07-01 08:00:00,0,
TGSK,2019-07-01 09:00:00,0,
TGSK,2019-07-01 10:00:00,0,
TGSK,2019-07-01 11:00:00,0,
TGSK,2019-07-01 12:00:00,0,
TGSK,2019-07-01 13:00:00,0,
TGSK,2019-07-01 14:00:00,0,
TGSK,2019-07-01 15:00:00,2.2,
TGSK,2019-07-01 16:00:00,0,
TGSK,2019-07-01 17:00:00,0,
TGSK,2019-07-01 18:00:00,0,
TGSK,2019-07-01 19:00:00,0,
TGSK,2019-07-01 20:00:00,0,
TGSK,2019-07-01 21:00:00,0,
TGSK,2019-07-01 22:00:00,0,
TGSK,2019-07-01 23:00:00,0,
TGSK,2019-07-02 00:00:00,0,
TGSK,2019-07-02 01:00:00,0,
TGSK,2019-07-02 02:00:00,0,
TGSK,2019-07-02 03:00:00,0,
TGSK,2019-07-02 04:00:00,0,
TGSK,2019-07-02 05:00:00,0,
TGSK,2019-07-02 06:00:00,0,
TGSK,2019-07-02 07:00:00,0,
TGSK,2019-07-02 08:00:00,1.2,
TGSK,2019-07-02 09:00:00,0.4,
TGSK,2019-07-02 10:00:00,0.4,
TGSK,2019-07-02 11:00:00,0.6,
TGSK,2019-07-02 12:00:00,0,
TGSK,2019-07-02 13:00:00,0,
TGSK,2019-07-02 14:00:00,0,
TGSK,2019-07-02 15:00:00,0,
TGSK,2019-07-02 16:00:00,0.6,
TGSK,2019-07-02 17:00:00,0.8,
TGSK,2019-07-02 18:00:00,0.8,
TGSK,2019-07-02 19:00:00,0,
TGSK,2019-07-02 20:00:00,0,
TGSK,2019-07-02 21:00:00,0,
TGSK,2019-07-02 22:00:00,0,
TGSK,2019-07-02 23:00:00,0,
TGSK,2019-07-03 00:00:00,0.2,
TGSK,2019-07-03 01:00:00,0,
TGSK,2019-07-03 02:00:00,0.2,
TGSK,2019-07-03 03:00:00,0,
TGSK,2019-07-03 04:00:00,0,
TGSK,2019-07-03 05:00:00,0,
TGSK,2019-07-03 06:00:00,0.4,
TGSK,2019-07-03 07:00:00,0.2,
TGSK,2019-07-03 08:00:00,0,
TGSK,2019-07-03 09:00:00,0.8,
TGSK,2019-07-03 10:00:00,0.4,
TGSK,2019-07-03 11:00:00,0.8,
TGSK,2019-07-03 12:00:00,0.8,
TGSK,2019-07-03 13:00:00,2.8,
TGSK,2019-07-03 14:00:00,0.2,
TGSK,2019-07-03 15:00:00,0,
TGSK,2019-07-03 16:00:00,0,
TGSK,2019-07-03 17:00:00,0,
TGSK,2019-07-03 18:00:00,0,
TGSK,2019-07-03 19:00:00,0,
TGSK,2019-07-03 20:00:00,0,
TGSK,2019-07-03 21:00:00,0,
TGSK,2019-07-03 22:00:00,0,
TGSK,2019-07-03 23:00:00,0.4,
TGSK,2019-07-04 00:00:00,0,
TGSK,2019-07-04 01:00:00,0,
TGSK,2019-07-04 02:00:00,0,
TGSK,2019-07-04 03:00:00,0,
TGSK,2019-07-04 04:00:00,0,
TGSK,2019-07-04 05:00:00,0,
TGSK,2019-07-04 06:00:00,0,
TGSK,2019-07-04 07:00:00,0,
TGSK,2019-07-04 08:00:00,0,
TGSK,2019-07-04 09:00:00,0,
TGSK,2019-07-04 10:00:00,0,
TGSK,2019-07-04 11:00:00,0,
TGSK,2019-07-04 12:00:00,0,
TGSK,2019-07-04 13:00:00,0,
TGSK,2019-07-04 14:00:00,0,
TGSK,2019-07-04 15:00:00,0,
TGSK,2019-07-04 16:00:00,0,
TGSK,2019-07-04 17:00:00,0,
TGSK,2019-07-04 18:00:00,0,
TGSK,2019-07-04 19:00:00,2.2,
TGSK,2019-07-04 20:00:00,0,
TGSK,2019-07-04 21:00:00,0,
TGSK,2019-07-04 22:00:00,0,
TGSK,2019-07-04 23:00:00,0,
TGSK,2019-07-05 00:00:00,0,
TGSK,2019-07-05 01:00:00,0,
TGSK,2019-07-05 02:00:00,0,
TGSK,2019-07-05 03:00:00,0.2,
TGSK,2019-07-05 04:00:00,0,
TGSK,2019-07-05 05:00:00,0,
TGSK,2019-07-05 06:00:00,0,
TGSK,2019-07-05 07:00:00,0,
TGSK,2019-07-05 08:00:00,0,
TGSK,2019-07-05 09:00:00,0,
TGSK,2019-07-05 10:00:00,0,
TGSK,2019-07-05 11:00:00,-999,
TGSK,2019-07-05 12:00:00,0,
TGSK,2019-07-05 13:00:00,0,
TGSK,2019-07-05 14:00:00,0,
TGSK,2019-07-05 15:00:00,-999,
TGSK,2019-07-05 16:00:00,-999,
TGSK,2019-07-05 17:00:00,-999,
TGSK,2019-07-05 18:00:00,0,
TGSK,2019-07-05 19:00:00,0,
TGSK,2019-07-05 20:00:00,0,
TGSK,2019-07-05 21:00:00,0,
TGSK,2019-07-05 22:00:00,0,
TGSK,2019-07-05 23:00:00,0,
TGSK,2019-07-06 00:00:00,0,
TGSK,2019-07-06 01:00:00,0,
TGSK,2019-07-06 02:00:00,0,
TGSK,2019-07-06 03:00:00,0,
TGSK,2019-07-06 04:00:00,0,
TGSK,2019-07-06 05:00:00,0,
TGSK,2019-07-06 06:00:00,0,
TGSK,2019-07-06 07:00:00,0,
TGSK,2019-07-06 08:00:00,0,
TGSK,2019-07-06 09:00:00,0,
TGSK,2019-07-06 10:00:00,0,
TGSK,2019-07-06 11:00:00,0,
TGSK,2019-07-06 12:00:00,0,
TGSK,2019-07-06 13:00:00,0,
TGSK,2019-07-06 14:00:00,0,
TGSK,2019-07-06 15:00:00,0,
TGSK,2019-07-06 16:00:00,0,
TGSK,2019-07-06 17:00:00,0,
TGSK,2019-07-06 18:00:00,0,
TGSK,2019-07-06 19:00:00,0,
TGSK,2019-07-06 20:00:00,0,
TGSK,2019-07-06 21:00:00,0,
TGSK,2019-07-06 22:00:00,0,
TGSK,2019-07-06 23:00:00,0,
TGSK,2019-07-07 00:00:00,0,
TGSK,2019-07-07 01:00:00,0,
TGSK,2019-07-07 02:00:00,0,
TGSK,2019-07-07 03:00:00,0,
TGSK,2019-07-07 04:00:00,0.2,
TGSK,2019-07-07 05:00:00,0.8,
TGSK,2019-07-07 06:00:00,0.4,
TGSK,2019-07-07 07:00:00,0,
TGSK,2019-07-07 08:00:00,0,
TGSK,2019-07-07 09:00:00,0,
TGSK,2019-07-07 10:00:00,0,
TGSK,2019-07-07 11:00:00,0,
TGSK,2019-07-07 12:00:00,0,
TGSK,2019-07-07 13:00:00,0,
TGSK,2019-07-07 14:00:00,0,
TGSK,2019-07-07 15:00:00,0,
TGSK,2019-07-07 16:00:00,0,
TGSK,2019-07-07 17:00:00,0,
TGSK,2019-07-07 18:00:00,0,
TGSK,2019-07-07 19:00:00,0,
TGSK,2019-07-07 20:00:00,0,
TGSK,2019-07-07 21:00:00,0,
TGSK,2019-07-07 22:00:00,0,
TGSK,2019-07-07 23:00:00,0,
TGSK,2019-07-08 00:00:00,0,
TGSK,2019-07-08 01:00:00,0,
TGSK,2019-07-08 02:00:00,0,
TGSK,2019-07-08 03:00:00,0,
TGSK,2019-07-08 04:00:00,0,
TGSK,2019-07-08 05:00:00,0,
TGSK,2019-07-08 06:00:00,0,
TGSK,2019-07-08 07:00:00,0,
TGSK,2019-07-08 08:00:00,0,
TGSK,2019-07-08 09:00:00,0,
TGSK,2019-07-08 10:00:00,0,
TGSK,2019-07-08 11:00:00,0,
TGSK,2019-07-08 12:00:00,0,
TGSK,2019-07-08 13:00:00,0,
TGSK,2019-07-08 14:00:00,0,
TGSK,2019-07-08 15:00:00,0,
TGSK,2019-07-08 16:00:00,2.4,
TGSK,2019-07-08 17:00:00,3,
TGSK,2019-07-08 18:00:00,0,
TGSK,2019-07-08 19:00:00,0,
TGSK,2019-07-08 20:00:00,0,
TGSK,2019-07-08 21:00:00,0,
TGSK,2019-07-08 22:00:00,0,
TGSK,2019-07-08 23:00:00,0,
TGSK,2019-07-09 00:00:00,0,
TGSK,2019-07-09 01:00:00,0,
TGSK,2019-07-09 02:00:00,0,
TGSK,2019-07-09 03:00:00,0,
TGSK,2019-07-09 04:00:00,0,
TGSK,2019-07-09 05:00:00,0,
TGSK,2019-07-09 06:00:00,0,
TGSK,2019-07-09 07:00:00,0,
TGSK,2019-07-09 08:00:00,0,
TGSK,2019-07-09 09:00:00,0,
TGSK,2019-07-09 10:00:00,0,
TGSK,2019-07-09 11:00:00,0,
TGSK,2019-07-09 12:00:00,0,
TGSK,2019-07-09 13:00:00,0,
TGSK,2019-07-09 14:00:00,0,
TGSK,2019-07-09 15:00:00,0,
TGSK,2019-07-09 16:00:00,0,
TGSK,2019-07-09 17:00:00,0,
TGSK,2019-07-09 18:00:00,0,
TGSK,2019-07-09 19:00:00,0,
TGSK,2019-07-09 20:00:00,0,
TGSK,2019-07-09 21:00:00,0,
TGSK,2019-07-09 22:00:00,0,
TGSK,2019-07-09 23:00:00,0,
TGSK,2019-07-10 00:00:00,0,
TGSK,2019-07-10 01:00:00,0,
TGSK,2019-07-10 02:00:00,0,
TGSK,2019-07-10 03:00:00,0,
TGSK,2019-07-10 04:00:00,0,
TGSK,2019-07-10 05:00:00,0,
TGSK,2019-07-10 06:00:00,0,
TGSK,2019-07-10 07:00:00,0,
TGSK,2019-07-10 08:00:00,0,
TGSK,2019-07-10 09:00:00,0,
TGSK,2019-07-10 10:00:00,0,
TGSK,2019-07-10 11:00:00,0,
TGSK,2019-07-10 12:00:00,0,
TGSK,2019-07-10 13:00:00,0,
TGSK,2019-07-10 14:00:00,0,
TGSK,2019-07-10 15:00:00,0,
TGSK,2019-07-10 16:00:00,0,
TGSK,2019-07-10 17:00:00,0,
TGSK,2019-07-10 18:00:00,0,
TGSK,2019-07-10 19:00:00,0,
TGSK,2019-07-10 20:00:00,0,
TGSK,2019-07-10 21:00:00,0,
TGSK,2019-07-10 22:00:00,0,
TGSK,2019-07-10 23:00:00,0,
TGSK,2019-07-11 00:00:00,0,
TGSK,2019-07-11 01:00:00,0,
TGSK,2019-07-11 02:00:00,0,
TGSK,2019-07-11 03:00:00,0,
TGSK,2019-07-11 04:00:00,0,
TGSK,2019-07-11 05:00:00,0,
TGSK,2019-07-11 06:00:00,0,
TGSK,2019-07-11 07:00:00,0,
TGSK,2019-07-11 08:00:00,0,
TGSK,2019-07-11 09:00:00,0,
TGSK,2019-07-11 10:00:00,0,
TGSK,2019-07-11 11:00:00,0,
TGSK,2019-07-11 12:00:00,0,
TGSK,2019-07-11 13:00:00,0,
TGSK,2019-07-11 14:00:00,0,
TGSK,2019-07-11 15:00:00,0,
TGSK,2019-07-11 16:00:00,0,
TGSK,2019-07-11 17:00:00,0,
TGSK,2019-07-11 18:00:00,0,
TGSK,2019-07-11 19:00:00,0,
TGSK,2019-07-11 20:00:00,0,
TGSK,2019-07-11 21:00:00,0,
TGSK,2019-07-11 22:00:00,0,
TGSK,2019-07-11 23:00:00,0,
TGSK,2019-07-12 00:00:00,0,
TGSK,2019-07-12 01:00:00,0,
TGSK,2019-07-12 02:00:00,0,
TGSK,2019-07-12 03:00:00,0,
TGSK,2019-07-12 04:00:00,0,
TGSK,2019-07-12 05:00:00,0,
TGSK,2019-07-12 06:00:00,0,
TGSK,2019-07-12 07:00:00,0,
TGSK,2019-07-12 08:00:00,0,
TGSK,2019-07-12 09:00:00,0,
TGSK,2019-07-12 10:00:00,0,
TGSK,2019-07-12 11:00:00,0,
TGSK,2019-07-12 12:00:00,0,
TGSK,2019-07-12 13:00:00,0,
TGSK,2019-07-12 14:00:00,0,
TGSK,2019-07-12 15:00:00,0,
TGSK,2019-07-12 16:00:00,0,
TGSK,2019-07-12 17:00:00,0,
TGSK,2019-07-12 18:00:00,0,
TGSK,2019-07-12 19:00:00,0,
TGSK,2019-07-12 20:00:00,0,
TGSK,2019-07-12 21:00:00,0,
TGSK,2019-07-12 22:00:00,0,
TGSK,2019-07-12 23:00:00,0,
TGSK,2019-07-13 00:00:00,0,
TGSK,2019-07-13 01:00:00,0,
TGSK,2019-07-13 02:00:00,0,
TGSK,2019-07-13 03:00:00,0,
TGSK,2019-07-13 04:00:00,0,
TGSK,2019-07-13 05:00:00,0,
TGSK,2019-07-13 06:00:00,0,
TGSK,2019-07-13 07:00:00,0,
TGSK,2019-07-13 08:00:00,0,
TGSK,2019-07-13 09:00:00,0,
TGSK,2019-07-13 10:00:00,0,
TGSK,2019-07-13 11:00:00,0,
TGSK,2019-07-13 12:00:00,0,
TGSK,2019-07-13 13:00:00,0,
TGSK,2019-07-13 14:00:00,0,
TGSK,2019-07-13 15:00:00,0,
TGSK,2019-07-13 16:00:00,0,
TGSK,2019-07-13 17:00:00,0,
TGSK,2019-07-13 18:00:00,0,
TGSK,2019-07-13 19:00:00,0,
TGSK,2019-07-13 20:00:00,0,
TGSK,2019-07-13 21:00:00,0,
TGSK,2019-07-13 22:00:00,0.6,
TGSK,2019-07-13 23:00:00,0,
TGSK,2019-07-14 00:00:00,0,
TGSK,2019-07-14 01:00:00,0,
TGSK,2019-07-14 02:00:00,0,
TGSK,2019-07-14 03:00:00,0,
TGSK,2019-07-14 04:00:00,0,
TGSK,2019-07-14 05:00:00,0,
TGSK,2019-07-14 06:00:00,0,
TGSK,2019-07-14 07:00:00,0,
TGSK,2019-07-14 08:00:00,0,
TGSK,2019-07-14 09:00:00,0,
TGSK,2019-07-14 10:00:00,0,
TGSK,2019-07-14 11:00:00,0,
TGSK,2019-07-14 12:00:00,0,
TGSK,2019-07-14 13:00:00,0,
TGSK,2019-07-14 14:00:00,0,
TGSK,2019-07-14 15:00:00,0,
TGSK,2019-07-14 16:00:00,0.8,
TGSK,2019-07-14 17:00:00,0,
TGSK,2019-07-14 18:00:00,0,
TGSK,2019-07-14 19:00:00,0,
TGSK,2019-07-14 20:00:00,0,
TGSK,2019-07-14 21:00:00,0,
TGSK,2019-07-14 22:00:00,0,
TGSK,2019-07-14 23:00:00,0,
TGSK,2019-07-15 00:00:00,0,
TGSK,2019-07-15 01:00:00,0,
TGSK,2019-07-15 02:00:00,0,
TGSK,2019-07-15 03:00:00,0,
TGSK,2019-07-15 04:00:00,0,
TGSK,2019-07-15 05:00:00,0,
TGSK,2019-07-15 06:00:00,0,
TGSK,2019-07-15 07:00:00,0,
TGSK,2019-07-15 08:00:00,0,
TGSK,2019-07-15 09:00:00,0,
TGSK,2019-07-15 10:00:00,0,
TGSK,2019-07-15 11:00:00,0,
TGSK,2019-07-15 12:00:00,0,
TGSK,2019-07-15 13:00:00,0,
TGSK,2019-07-15 14:00:00,0,
TGSK,2019-07-15 15:00:00,0,
TGSK,2019-07-15 16:00:00,0,
TGSK,2019-07-15 17:00:00,0,
TGSK,2019-07-15 18:00:00,0,
TGSK,2019-07-15 19:00:00,0,
TGSK,2019-07-15 20:00:00,0,
TGSK,2019-07-15 21:00:00,0,
TGSK,2019-07-15 22:00:00,0,
TGSK,2019-07-15 23:00:00,0,
TGSK,2019-07-16 00:00:00,0,
TGSK,2019-07-16 01:00:00,0,
TGSK,2019-07-16 02:00:00,0,
TGSK,2019-07-16 03:00:00,0,
TGSK,2019-07-16 04:00:00,0,
TGSK,2019-07-16 05:00:00,0,
TGSK,2019-07-16 06:00:00,0,
TGSK,2019-07-16 07:00:00,0,
TGSK,2019-07-16 08:00:00,0,
TGSK,2019-07-16 09:00:00,0,
TGSK,2019-07-16 10:00:00,0,
TGSK,2019-07-16 11:00:00,0,
TGSK,2019-07-16 12:00:00,0,
TGSK,2019-07-16 13:00:00,0,
TGSK,2019-07-16 14:00:00,0,
TGSK,2019-07-16 15:00:00,0,
TGSK,2019-07-16 16:00:00,0,
TGSK,2019-07-16 17:00:00,0,
TGSK,2019-07-16 18:00:00,0,
TGSK,2019-07-16 19:00:00,0,
TGSK,2019-07-16 20:00:00,0,
TGSK,2019-07-16 21:00:00,0,
TGSK,2019-07-16 22:00:00,0,
TGSK,2019-07-16 23:00:00,0,
TGSK,2019-07-17 00:00:00,0,
TGSK,2019-07-17 01:00:00,0,
TGSK,2019-07-17 02:00:00,0,
TGSK,2019-07-17 03:00:00,0,
TGSK,2019-07-17 04:00:00,0,
TGSK,2019-07-17 05:00:00,0,
TGSK,2019-07-17 06:00:00,0,
TGSK,2019-07-17 07:00:00,0,
TGSK,2019-07-17 08:00:00,0,
TGSK,2019-07-17 09:00:00,0,
TGSK,2019-07-17 10:00:00,0,
TGSK,2019-07-17 11:00:00,0,
TGSK,2019-07-17 12:00:00,0,
TGSK,2019-07-17 13:00:00,0,
TGSK,2019-07-17 14:00:00,0,
TGSK,2019-07-17 15:00:00,0,
TGSK,2019-07-17 16:00:00,0,
TGSK,2019-07-17 17:00:00,0,
TGSK,2019-07-17 18:00:00,0,
TGSK,2019-07-17 19:00:00,0,
TGSK,2019-07-17 20:00:00,0,
TGSK,2019-07-17 21:00:00,0,
TGSK,2019-07-17 22:00:00,0,
TGSK,2019-07-17 23:00:00,0,
TGSK,2019-07-18 00:00:00,0,
TGSK,2019-07-18 01:00:00,0,
TGSK,2019-07-18 02:00:00,0,
TGSK,2019-07-18 03:00:00,0,
TGSK,2019-07-18 04:00:00,0,
TGSK,2019-07-18 05:00:00,0,
TGSK,2019-07-18 06:00:00,0,
TGSK,2019-07-18 07:00:00,0,
TGSK,2019-07-18 08:00:00,0,
TGSK,2019-07-18 09:00:00,0,
TGSK,2019-07-18 10:00:00,0,
TGSK,2019-07-18 11:00:00,0,
TGSK,2019-07-18 12:00:00,0,
TGSK,2019-07-18 13:00:00,0,
TGSK,2019-07-18 14:00:00,0,
TGSK,2019-07-18 15:00:00,0,
TGSK,2019-07-18 16:00:00,0,
TGSK,2019-07-18 17:00:00,0,
TGSK,2019-07-18 18:00:00,0,
TGSK,2019-07-18 19:00:00,0,
TGSK,2019-07-18 20:00:00,0,
TGSK,2019-07-18 21:00:00,0,
TGSK,2019-07-18 22:00:00,0,
TGSK,2019-07-18 23:00:00,0,
TGSK,2019-07-19 00:00:00,0,
TGSK,2019-07-19 01:00:00,0,
TGSK,2019-07-19 02:00:00,0,
TGSK,2019-07-19 03:00:00,0,
TGSK,2019-07-19 04:00:00,0,
TGSK,2019-07-19 05:00:00,0,
TGSK,2019-07-19 06:00:00,0,
TGSK,2019-07-19 07:00:00,0,
TGSK,2019-07-19 08:00:00,0,
TGSK,2019-07-19 09:00:00,0,
TGSK,2019-07-19 10:00:00,0,
TGSK,2019-07-19 11:00:00,0,
TGSK,2019-07-19 12:00:00,0,
TGSK,2019-07-19 13:00:00,0,
TGSK,2019-07-19 14:00:00,0,
TGSK,2019-07-19 15:00:00,0,
TGSK,2019-07-19 16:00:00,0,
TGSK,2019-07-19 17:00:00,0,
TGSK,2019-07-19 18:00:00,0,
TGSK,2019-07-19 19:00:00,0,
TGSK,2019-07-19 20:00:00,0,
TGSK,2019-07-19 21:00:00,0,
TGSK,2019-07-19 22:00:00,0,
TGSK,2019-07-19 23:00:00,0,
TGSK,2019-07-20 00:00:00,0,
TGSK,2019-07-20 01:00:00,0,
TGSK,2019-07-20 02:00:00,0,
TGSK,2019-07-20 03:00:00,0,
TGSK,2019-07-20 04:00:00,0,
TGSK,2019-07-20 05:00:00,0,
TGSK,2019-07-20 06:00:00,0,
TGSK,2019-07-20 07:00:00,0,
TGSK,2019-07-20 08:00:00,0,
TGSK,2019-07-20 09:00:00,0,
TGSK,2019-07-20 10:00:00,0,
TGSK,2019-07-20 11:00:00,0,
TGSK,2019-07-20 12:00:00,0,
TGSK,2019-07-20 13:00:00,0,
TGSK,2019-07-20 14:00:00,0,
TGSK,2019-07-20 15:00:00,0,
TGSK,2019-07-20 16:00:00,0,
TGSK,2019-07-20 17:00:00,0,
TGSK,2019-07-20 18:00:00,0,
TGSK,2019-07-20 19:00:00,0,
TGSK,2019-07-20 20:00:00,0,
TGSK,2019-07-20 21:00:00,0,
TGSK,2019-07-20 22:00:00,0,
TGSK,2019-07-20 23:00:00,0,
TGSK,2019-07-21 00:00:00,0,
TGSK,2019-07-21 01:00:00,0,
TGSK,2019-07-21 02:00:00,0,
TGSK,2019-07-21 03:00:00,0,
TGSK,2019-07-21 04:00:00,0,
TGSK,2019-07-21 05:00:00,0,
TGSK,2019-07-21 06:00:00,0,
TGSK,2019-07-21 07:00:00,0,
TGSK,2019-07-21 08:00:00,0,
TGSK,2019-07-21 09:00:00,0,
TGSK,2019-07-21 10:00:00,0,
TGSK,2019-07-21 11:00:00,0,
TGSK,2019-07-21 12:00:00,0,
TGSK,2019-07-21 13:00:00,0,
TGSK,2019-07-21 14:00:00,0,
TGSK,2019-07-21 15:00:00,0,
TGSK,2019-07-21 16:00:00,0,
TGSK,2019-07-21 17:00:00,0,
TGSK,2019-07-21 18:00:00,0,
TGSK,2019-07-21 19:00:00,0.2,
TGSK,2019-07-21 20:00:00,0,
TGSK,2019-07-21 21:00:00,0,
TGSK,2019-07-21 22:00:00,0,
TGSK,2019-07-21 23:00:00,0,
TGSK,2019-07-22 00:00:00,0,
TGSK,2019-07-22 01:00:00,0,
TGSK,2019-07-22 02:00:00,0,
TGSK,2019-07-22 03:00:00,0,
TGSK,2019-07-22 04:00:00,0,
TGSK,2019-07-22 05:00:00,0,
TGSK,2019-07-22 06:00:00,0,
TGSK,2019-07-22 07:00:00,0,
TGSK,2019-07-22 08:00:00,0,
TGSK,2019-07-22 09:00:00,0,
TGSK,2019-07-22 10:00:00,0,
TGSK,2019-07-22 11:00:00,0,
TGSK,2019-07-22 12:00:00,0,
TGSK,2019-07-22 13:00:00,0,
TGSK,2019-07-22 14:00:00,0,
TGSK,2019-07-22 15:00:00,0,
TGSK,2019-07-22 16:00:00,0,
TGSK,2019-07-22 17:00:00,0,
TGSK,2019-07-22 18:00:00,0,
TGSK,2019-07-22 19:00:00,0,
TGSK,2019-07-22 20:00:00,0,
TGSK,2019-07-22 21:00:00,0,
TGSK,2019-07-22 22:00:00,0,
TGSK,2019-07-22 23:00:00,0,
TGSK,2019-07-23 00:00:00,0,
TGSK,2019-07-23 01:00:00,0,
TGSK,2019-07-23 02:00:00,0,
TGSK,2019-07-23 03:00:00,0,
TGSK,2019-07-23 04:00:00,0,
TGSK,2019-07-23 05:00:00,0,
TGSK,2019-07-23 06:00:00,0,
TGSK,2019-07-23 07:00:00,0,
TGSK,2019-07-23 08:00:00,0,
TGSK,2019-07-23 09:00:00,0,
TGSK,2019-07-23 10:00:00,0,
TGSK,2019-07-23 11:00:00,0,
TGSK,2019-07-23 12:00:00,0,
TGSK,2019-07-23 13:00:00,0,
TGSK,2019-07-23 14:00:00,0,
TGSK,2019-07-23 15:00:00,0,
TGSK,2019-07-23 16:00:00,0,
TGSK,2019-07-23 17:00:00,0,
TGSK,2019-07-23 18:00:00,0,
TGSK,2019-07-23 19:00:00,0,
TGSK,2019-07-23 20:00:00,0,
TGSK,2019-07-23 21:00:00,0,
TGSK,2019-07-23 22:00:00,0,
TGSK,2019-07-23 23:00:00,0,
TGSK,2019-07-24 00:00:00,0,
TGSK,2019-07-24 01:00:00,0,
TGSK,2019-07-24 02:00:00,0,
TGSK,2019-07-24 03:00:00,0,
TGSK,2019-07-24 04:00:00,0,
TGSK,2019-07-24 05:00:00,0,
TGSK,2019-07-24 06:00:00,0,
TGSK,2019-07-24 07:00:00,0,
TGSK,2019-07-24 08:00:00,0,
TGSK,2019-07-24 09:00:00,0,
TGSK,2019-07-24 10:00:00,0,
TGSK,2019-07-24 11:00:00,0,
TGSK,2019-07-24 12:00:00,0,
TGSK,2019-07-24 13:00:00,0,
TGSK,2019-07-24 14:00:00,0,
TGSK,2019-07-24 15:00:00,0,
TGSK,2019-07-24 16:00:00,0.2,
TGSK,2019-07-24 17:00:00,0,
TGSK,2019-07-24 18:00:00,0,
TGSK,2019-07-24 19:00:00,0,
TGSK,2019-07-24 20:00:00,0,
TGSK,2019-07-24 21:00:00,0,
TGSK,2019-07-24 22:00:00,0,
TGSK,2019-07-24 23:00:00,0,
TGSK,2019-07-25 00:00:00,0,
TGSK,2019-07-25 01:00:00,0,
TGSK,2019-07-25 02:00:00,0,
TGSK,2019-07-25 03:00:00,0.2,
TGSK,2019-07-25 04:00:00,0.8,
TGSK,2019-07-25 05:00:00,0,
TGSK,2019-07-25 06:00:00,0.2,
TGSK,2019-07-25 07:00:00,0,
TGSK,2019-07-25 08:00:00,0,
TGSK,2019-07-25 09:00:00,0,
TGSK,2019-07-25 10:00:00,0.2,
TGSK,2019-07-25 11:00:00,0,
TGSK,2019-07-25 12:00:00,0,
TGSK,2019-07-25 13:00:00,0,
TGSK,2019-07-25 14:00:00,0,
TGSK,2019-07-25 15:00:00,0.8,
TGSK,2019-07-25 16:00:00,3.2,
TGSK,2019-07-25 17:00:00,0.2,
TGSK,2019-07-25 18:00:00,0,
TGSK,2019-07-25 19:00:00,0,
TGSK,2019-07-25 20:00:00,0,
TGSK,2019-07-25 21:00:00,0,
TGSK,2019-07-25 22:00:00,0,
TGSK,2019-07-25 23:00:00,0,
TGSK,2019-07-26 00:00:00,0,
TGSK,2019-07-26 01:00:00,0,
TGSK,2019-07-26 02:00:00,0,
TGSK,2019-07-26 03:00:00,0,
TGSK,2019-07-26 04:00:00,0,
TGSK,2019-07-26 05:00:00,0,
TGSK,2019-07-26 06:00:00,0,
TGSK,2019-07-26 07:00:00,0,
TGSK,2019-07-26 08:00:00,0,
TGSK,2019-07-26 09:00:00,0,
TGSK,2019-07-26 10:00:00,0,
TGSK,2019-07-26 11:00:00,0,
TGSK,2019-07-26 12:00:00,0,
TGSK,2019-07-26 13:00:00,0,
TGSK,2019-07-26 14:00:00,0,
TGSK,2019-07-26 15:00:00,0,
TGSK,2019-07-26 16:00:00,0,
TGSK,2019-07-26 17:00:00,0,
TGSK,2019-07-26 18:00:00,0,
TGSK,2019-07-26 19:00:00,0,
TGSK,2019-07-26 20:00:00,0,
TGSK,2019-07-26 21:00:00,0,
TGSK,2019-07-26 22:00:00,0,
TGSK,2019-07-26 23:00:00,0,
TGSK,2019-07-27 00:00:00,0,
TGSK,2019-07-27 01:00:00,0,
TGSK,2019-07-27 02:00:00,0.2,
TGSK,2019-07-27 03:00:00,1.2,
TGSK,2019-07-27 04:00:00,0.4,
TGSK,2019-07-27 05:00:00,0,
TGSK,2019-07-27 06:00:00,0,
TGSK,2019-07-27 07:00:00,0,
TGSK,2019-07-27 08:00:00,0,
TGSK,2019-07-27 09:00:00,0,
TGSK,2019-07-27 10:00:00,0,
TGSK,2019-07-27 11:00:00,0.4,
TGSK,2019-07-27 12:00:00,0.6,
TGSK,2019-07-27 13:00:00,0.6,
TGSK,2019-07-27 14:00:00,0,
TGSK,2019-07-27 15:00:00,0,
TGSK,2019-07-27 16:00:00,0,
TGSK,2019-07-27 17:00:00,0,
TGSK,2019-07-27 18:00:00,0,
TGSK,2019-07-27 19:00:00,0,
TGSK,2019-07-27 20:00:00,0,
TGSK,2019-07-27 21:00:00,0,
TGSK,2019-07-27 22:00:00,0,
TGSK,2019-07-27 23:00:00,0,
TGSK,2019-07-28 00:00:00,0,
TGSK,2019-07-28 01:00:00,0,
TGSK,2019-07-28 02:00:00,0,
TGSK,2019-07-28 03:00:00,0,
TGSK,2019-07-28 04:00:00,0,
TGSK,2019-07-28 05:00:00,0,
TGSK,2019-07-28 06:00:00,0,
TGSK,2019-07-28 07:00:00,0,
TGSK,2019-07-28 08:00:00,0,
TGSK,2019-07-28 09:00:00,0,
TGSK,2019-07-28 10:00:00,0,
TGSK,2019-07-28 11:00:00,0,
TGSK,2019-07-28 12:00:00,0,
TGSK,2019-07-28 13:00:00,0,
TGSK,2019-07-28 14:00:00,0,
TGSK,2019-07-28 15:00:00,0,
TGSK,2019-07-28 16:00:00,0,
TGSK,2019-07-28 17:00:00,0,
TGSK,2019-07-28 18:00:00,0,
TGSK,2019-07-28 19:00:00,0,
TGSK,2019-07-28 20:00:00,0,
TGSK,2019-07-28 21:00:00,0,
TGSK,2019-07-28 22:00:00,0,
TGSK,2019-07-28 23:00:00,0,
TGSK,2019-07-29 00:00:00,0,
TGSK,2019-07-29 01:00:00,0,
TGSK,2019-07-29 02:00:00,0,
TGSK,2019-07-29 03:00:00,0,
TGSK,2019-07-29 04:00:00,0,
TGSK,2019-07-29 05:00:00,0,
TGSK,2019-07-29 06:00:00,0,
TGSK,2019-07-29 07:00:00,0,
TGSK,2019-07-29 08:00:00,0,
TGSK,2019-07-29 09:00:00,0,
TGSK,2019-07-29 10:00:00,0,
TGSK,2019-07-29 11:00:00,0,
TGSK,2019-07-29 12:00:00,0,
TGSK,2019-07-29 13:00:00,0,
TGSK,2019-07-29 14:00:00,0,
TGSK,2019-07-29 15:00:00,0,
TGSK,2019-07-29 16:00:00,0,
TGSK,2019-07-29 17:00:00,0,
TGSK,2019-07-29 18:00:00,0,
TGSK,2019-07-29 19:00:00,0,
TGSK,2019-07-29 20:00:00,0,
TGSK,2019-07-29 21:00:00,0,
TGSK,2019-07-29 22:00:00,0,
TGSK,2019-07-29 23:00:00,0,
TGSK,2019-07-30 00:00:00,0,
TGSK,2019-07-30 01:00:00,0,
TGSK,2019-07-30 02:00:00,0,
TGSK,2019-07-30 03:00:00,0,
TGSK,2019-07-30 04:00:00,0,
TGSK,2019-07-30 05:00:00,0,
TGSK,2019-07-30 06:00:00,0,
TGSK,2019-07-30 07:00:00,0,
TGSK,2019-07-30 08:00:00,0,
TGSK,2019-07-30 09:00:00,0,
TGSK,2019-07-30 10:00:00,0,
TGSK,2019-07-30 11:00:00,0,
TGSK,2019-07-30 12:00:00,0,
TGSK,2019-07-30 13:00:00,0,
TGSK,2019-07-30 14:00:00,0,
TGSK,2019-07-30 15:00:00,0,
TGSK,2019-07-30 16:00:00,0,
TGSK,2019-07-30 17:00:00,0,
TGSK,2019-07-30 18:00:00,0,
TGSK,2019-07-30 19:00:00,0,
TGSK,2019-07-30 20:00:00,0,
TGSK,2019-07-30 21:00:00,0,
TGSK,2019-07-30 22:00:00,0,
TGSK,2019-07-30 23:00:00,0,
TGSK,2019-07-31 00:00:00,1.6,
TGSK,2019-07-31 01:00:00,0.2,
TGSK,2019-07-31 02:00:00,1.2,
TGSK,2019-07-31 03:00:00,1.2,
TGSK,2019-07-31 04:00:00,1,
TGSK,2019-07-31 05:00:00,1,
TGSK,2019-07-31 06:00:00,0.4,
TGSK,2019-07-31 07:00:00,0.2,
TGSK,2019-07-31 08:00:00,0,
TGSK,2019-07-31 09:00:00,0,
TGSK,2019-07-31 10:00:00,0,
TGSK,2019-07-31 11:00:00,0,
TGSK,2019-07-31 12:00:00,0,
TGSK,2019-07-31 13:00:00,0,
TGSK,2019-07-31 14:00:00,0,
TGSK,2019-07-31 15:00:00,0,
TGSK,2019-07-31 16:00:00,0,
TGSK,2019-07-31 17:00:00,0,
TGSK,2019-07-31 18:00:00,0,
TGSK,2019-07-31 19:00:00,0,
TGSK,2019-07-31 20:00:00,0,
TGSK,2019-07-31 21:00:00,1.2,
TGSK,2019-07-31 22:00:00,0.2,
TGSK,2019-07-31 23:00:00,0.2,
NAMN,2019-07-01 00:00:00,0,
NAMN,2019-07-01 01:00:00,0,
NAMN,2019-07-01 02:00:00,0,
NAMN,2019-07-01 03:00:00,0,
NAMN,2019-07-01 04:00:00,0,
NAMN,2019-07-01 05:00:00,0.2,
NAMN,2019-07-01 06:00:00,0,
NAMN,2019-07-01 07:00:00,0,
NAMN,2019-07-01 08:00:00,0,
NAMN,2019-07-01 09:00:00,0,
NAMN,2019-07-01 10:00:00,0,
NAMN,2019-07-01 11:00:00,0,
NAMN,2019-07-01 12:00:00,0,
NAMN,2019-07-01 13:00:00,0,
NAMN,2019-07-01 14:00:00,0,
NAMN,2019-07-01 15:00:00,0,
NAMN,2019-07-01 16:00:00,0,
NAMN,2019-07-01 17:00:00,0,
NAMN,2019-07-01 18:00:00,0,
NAMN,2019-07-01 19:00:00,0,
NAMN,2019-07-01 20:00:00,0,
NAMN,2019-07-01 21:00:00,0,
NAMN,2019-07-01 22:00:00,0,
NAMN,2019-07-01 23:00:00,0.2,
NAMN,2019-07-02 00:00:00,0.2,
NAMN,2019-07-02 01:00:00,0,
NAMN,2019-07-02 02:00:00,0,
NAMN,2019-07-02 03:00:00,1,
NAMN,2019-07-02 04:00:00,0.6,
NAMN,2019-07-02 05:00:00,0.8,
NAMN,2019-07-02 06:00:00,0.6,
NAMN,2019-07-02 07:00:00,0.2,
NAMN,2019-07-02 08:00:00,0.2,
NAMN,2019-07-02 09:00:00,0.2,
NAMN,2019-07-02 10:00:00,0,
NAMN,2019-07-02 11:00:00,0.2,
NAMN,2019-07-02 12:00:00,0,
NAMN,2019-07-02 13:00:00,0,
NAMN,2019-07-02 14:00:00,0,
NAMN,2019-07-02 15:00:00,0,
NAMN,2019-07-02 16:00:00,0.2,
NAMN,2019-07-02 17:00:00,0,
NAMN,2019-07-02 18:00:00,0,
NAMN,2019-07-02 19:00:00,0,
NAMN,2019-07-02 20:00:00,0,
NAMN,2019-07-02 21:00:00,0,
NAMN,2019-07-02 22:00:00,0,
NAMN,2019-07-02 23:00:00,0,
NAMN,2019-07-03 00:00:00,0,
NAMN,2019-07-03 01:00:00,0,
NAMN,2019-07-03 02:00:00,0,
NAMN,2019-07-03 03:00:00,0,
NAMN,2019-07-03 04:00:00,0,
NAMN,2019-07-03 05:00:00,0,
NAMN,2019-07-03 06:00:00,0,
NAMN,2019-07-03 07:00:00,0,
NAMN,2019-07-03 08:00:00,0,
NAMN,2019-07-03 09:00:00,0.2,
NAMN,2019-07-03 10:00:00,0,
NAMN,2019-07-03 11:00:00,0,
NAMN,2019-07-03 12:00:00,0,
NAMN,2019-07-03 13:00:00,0,
NAMN,2019-07-03 14:00:00,0,
NAMN,2019-07-03 15:00:00,0,
NAMN,2019-07-03 16:00:00,0,
NAMN,2019-07-03 17:00:00,0,
NAMN,2019-07-03 18:00:00,0,
NAMN,2019-07-03 19:00:00,0.2,
NAMN,2019-07-03 20:00:00,0,
NAMN,2019-07-03 21:00:00,0,
NAMN,2019-07-03 22:00:00,0,
NAMN,2019-07-03 23:00:00,0,
NAMN,2019-07-04 00:00:00,0,
NAMN,2019-07-04 01:00:00,0,
NAMN,2019-07-04 02:00:00,0,
NAMN,2019-07-04 03:00:00,0,
NAMN,2019-07-04 04:00:00,0,
NAMN,2019-07-04 05:00:00,0,
NAMN,2019-07-04 06:00:00,0,
NAMN,2019-07-04 07:00:00,0,
NAMN,2019-07-04 08:00:00,0.2,
NAMN,2019-07-04 09:00:00,0,
NAMN,2019-07-04 10:00:00,0,
NAMN,2019-07-04 11:00:00,0,
NAMN,2019-07-04 12:00:00,0,
NAMN,2019-07-04 13:00:00,0,
NAMN,2019-07-04 14:00:00,0,
NAMN,2019-07-04 15:00:00,0,
NAMN,2019-07-04 16:00:00,0,
NAMN,2019-07-04 17:00:00,0,
NAMN,2019-07-04 18:00:00,0,
NAMN,2019-07-04 19:00:00,0,
NAMN,2019-07-04 20:00:00,0,
NAMN,2019-07-04 21:00:00,0.2,
NAMN,2019-07-04 22:00:00,0,
NAMN,2019-07-04 23:00:00,0,
NAMN,2019-07-05 00:00:00,-999,
NAMN,2019-07-05 01:00:00,-999,
NAMN,2019-07-05 02:00:00,-999,
NAMN,2019-07-05 03:00:00,-999,
NAMN,2019-07-05 04:00:00,-999,
NAMN,2019-07-05 05:00:00,-999,
NAMN,2019-07-05 06:00:00,0,
NAMN,2019-07-05 07:00:00,0,
NAMN,2019-07-05 08:00:00,0,
NAMN,2019-07-05 09:00:00,0.2,
NAMN,2019-07-05 10:00:00,0,
NAMN,2019-07-05 11:00:00,-999,
NAMN,2019-07-05 12:00:00,0,
NAMN,2019-07-05 13:00:00,0,
NAMN,2019-07-05 14:00:00,0,
NAMN,2019-07-05 15:00:00,-999,
NAMN,2019-07-05 16:00:00,-999,
NAMN,2019-07-05 17:00:00,-999,
NAMN,2019-07-05 18:00:00,0,
NAMN,2019-07-05 19:00:00,0,
NAMN,2019-07-05 20:00:00,-999,
NAMN,2019-07-05 21:00:00,0,
NAMN,2019-07-05 22:00:00,0,
NAMN,2019-07-05 23:00:00,0,
NAMN,2019-07-06 00:00:00,0,
NAMN,2019-07-06 01:00:00,0,
NAMN,2019-07-06 02:00:00,0,
NAMN,2019-07-06 03:00:00,0,
NAMN,2019-07-06 04:00:00,0,
NAMN,2019-07-06 05:00:00,0,
NAMN,2019-07-06 06:00:00,0,
NAMN,2019-07-06 07:00:00,0,
NAMN,2019-07-06 08:00:00,0,
NAMN,2019-07-06 09:00:00,0,
NAMN,2019-07-06 10:00:00,0,
NAMN,2019-07-06 11:00:00,0,
NAMN,2019-07-06 12:00:00,0,
NAMN,2019-07-06 13:00:00,0,
NAMN,2019-07-06 14:00:00,0,
NAMN,2019-07-06 15:00:00,0,
NAMN,2019-07-06 16:00:00,0,
NAMN,2019-07-06 17:00:00,0,
NAMN,2019-07-06 18:00:00,0,
NAMN,2019-07-06 19:00:00,0,
NAMN,2019-07-06 20:00:00,0,
NAMN,2019-07-06 21:00:00,0,
NAMN,2019-07-06 22:00:00,0,
NAMN,2019-07-06 23:00:00,0,
NAMN,2019-07-07 00:00:00,0,
NAMN,2019-07-07 01:00:00,0,
NAMN,2019-07-07 02:00:00,0,
NAMN,2019-07-07 03:00:00,0,
NAMN,2019-07-07 04:00:00,0,
NAMN,2019-07-07 05:00:00,0,
NAMN,2019-07-07 06:00:00,0,
NAMN,2019-07-07 07:00:00,0.2,
NAMN,2019-07-07 08:00:00,0,
NAMN,2019-07-07 09:00:00,0,
NAMN,2019-07-07 10:00:00,0,
NAMN,2019-07-07 11:00:00,0,
NAMN,2019-07-07 12:00:00,0,
NAMN,2019-07-07 13:00:00,0,
NAMN,2019-07-07 14:00:00,0,
NAMN,2019-07-07 15:00:00,0,
NAMN,2019-07-07 16:00:00,0,
NAMN,2019-07-07 17:00:00,0,
NAMN,2019-07-07 18:00:00,0,
NAMN,2019-07-07 19:00:00,-999,
NAMN,2019-07-07 20:00:00,-999,
NAMN,2019-07-07 21:00:00,0,
NAMN,2019-07-07 22:00:00,0,
NAMN,2019-07-07 23:00:00,0,
NAMN,2019-07-08 00:00:00,0,
NAMN,2019-07-08 01:00:00,0,
NAMN,2019-07-08 02:00:00,0,
NAMN,2019-07-08 03:00:00,0,
NAMN,2019-07-08 04:00:00,0,
NAMN,2019-07-08 05:00:00,0,
NAMN,2019-07-08 06:00:00,0,
NAMN,2019-07-08 07:00:00,0,
NAMN,2019-07-08 08:00:00,0,
NAMN,2019-07-08 09:00:00,0,
NAMN,2019-07-08 10:00:00,0,
NAMN,2019-07-08 11:00:00,0,
NAMN,2019-07-08 12:00:00,0,
NAMN,2019-07-08 13:00:00,0,
NAMN,2019-07-08 14:00:00,0,
NAMN,2019-07-08 15:00:00,0,
NAMN,2019-07-08 16:00:00,1.6,
NAMN,2019-07-08 17:00:00,0.8,
NAMN,2019-07-08 18:00:00,0.2,
NAMN,2019-07-08 19:00:00,0.2,
NAMN,2019-07-08 20:00:00,0,
NAMN,2019-07-08 21:00:00,0,
NAMN,2019-07-08 22:00:00,0.2,
NAMN,2019-07-08 23:00:00,0,
NAMN,2019-07-09 00:00:00,0,
NAMN,2019-07-09 01:00:00,0,
NAMN,2019-07-09 02:00:00,0,
NAMN,2019-07-09 03:00:00,0,
NAMN,2019-07-09 04:00:00,0,
NAMN,2019-07-09 05:00:00,0,
NAMN,2019-07-09 06:00:00,0,
NAMN,2019-07-09 07:00:00,0,
NAMN,2019-07-09 08:00:00,0,
NAMN,2019-07-09 09:00:00,0.2,
NAMN,2019-07-09 10:00:00,0,
NAMN,2019-07-09 11:00:00,0,
NAMN,2019-07-09 12:00:00,0,
NAMN,2019-07-09 13:00:00,0,
NAMN,2019-07-09 14:00:00,0,
NAMN,2019-07-09 15:00:00,0,
NAMN,2019-07-09 16:00:00,0,
NAMN,2019-07-09 17:00:00,0,
NAMN,2019-07-09 18:00:00,0,
NAMN,2019-07-09 19:00:00,0,
NAMN,2019-07-09 20:00:00,0,
NAMN,2019-07-09 21:00:00,0,
NAMN,2019-07-09 22:00:00,0,
NAMN,2019-07-09 23:00:00,0,
NAMN,2019-07-10 00:00:00,0,
NAMN,2019-07-10 01:00:00,0,
NAMN,2019-07-10 02:00:00,0,
NAMN,2019-07-10 03:00:00,0,
NAMN,2019-07-10 04:00:00,0,
NAMN,2019-07-10 05:00:00,0,
NAMN,2019-07-10 06:00:00,0.2,
NAMN,2019-07-10 07:00:00,0,
NAMN,2019-07-10 08:00:00,0,
NAMN,2019-07-10 09:00:00,0,
NAMN,2019-07-10 10:00:00,0,
NAMN,2019-07-10 11:00:00,0,
NAMN,2019-07-10 12:00:00,0,
NAMN,2019-07-10 13:00:00,-999,
NAMN,2019-07-10 14:00:00,0,
NAMN,2019-07-10 15:00:00,0,
NAMN,2019-07-10 16:00:00,0,
NAMN,2019-07-10 17:00:00,0,
NAMN,2019-07-10 18:00:00,0,
NAMN,2019-07-10 19:00:00,0,
NAMN,2019-07-10 20:00:00,0,
NAMN,2019-07-10 21:00:00,0,
NAMN,2019-07-10 22:00:00,0,
NAMN,2019-07-10 23:00:00,0,
NAMN,2019-07-11 00:00:00,0,
NAMN,2019-07-11 01:00:00,0,
NAMN,2019-07-11 02:00:00,0,
NAMN,2019-07-11 03:00:00,0,
NAMN,2019-07-11 04:00:00,0,
NAMN,2019-07-11 05:00:00,0,
NAMN,2019-07-11 06:00:00,0,
NAMN,2019-07-11 07:00:00,0,
NAMN,2019-07-11 08:00:00,0,
NAMN,2019-07-11 09:00:00,0,
NAMN,2019-07-11 10:00:00,0,
NAMN,2019-07-11 11:00:00,0,
NAMN,2019-07-11 12:00:00,0,
NAMN,2019-07-11 13:00:00,0,
NAMN,2019-07-11 14:00:00,0,
NAMN,2019-07-11 15:00:00,0,
NAMN,2019-07-11 16:00:00,0,
NAMN,2019-07-11 17:00:00,0,
NAMN,2019-07-11 18:00:00,0,
NAMN,2019-07-11 19:00:00,0,
NAMN,2019-07-11 20:00:00,0,
NAMN,2019-07-11 21:00:00,0,
NAMN,2019-07-11 22:00:00,0,
NAMN,2019-07-11 23:00:00,0,
NAMN,2019-07-12 00:00:00,0,
NAMN,2019-07-12 01:00:00,0,
NAMN,2019-07-12 02:00:00,0,
NAMN,2019-07-12 03:00:00,0,
NAMN,2019-07-12 04:00:00,0,
NAMN,2019-07-12 05:00:00,0,
NAMN,2019-07-12 06:00:00,0,
NAMN,2019-07-12 07:00:00,0,
NAMN,2019-07-12 08:00:00,0,
NAMN,2019-07-12 09:00:00,0,
NAMN,2019-07-12 10:00:00,0,
NAMN,2019-07-12 11:00:00,0,
NAMN,2019-07-12 12:00:00,0,
NAMN,2019-07-12 13:00:00,0,
NAMN,2019-07-12 14:00:00,0,
NAMN,2019-07-12 15:00:00,0,
NAMN,2019-07-12 16:00:00,0,
NAMN,2019-07-12 17:00:00,0,
NAMN,2019-07-12 18:00:00,0,
NAMN,2019-07-12 19:00:00,0,
NAMN,2019-07-12 20:00:00,0,
NAMN,2019-07-12 21:00:00,0,
NAMN,2019-07-12 22:00:00,0,
NAMN,2019-07-12 23:00:00,0,
NAMN,2019-07-13 00:00:00,0,
NAMN,2019-07-13 01:00:00,0,
NAMN,2019-07-13 02:00:00,0,
NAMN,2019-07-13 03:00:00,0,
NAMN,2019-07-13 04:00:00,0,
NAMN,2019-07-13 05:00:00,0,
NAMN,2019-07-13 06:00:00,0,
NAMN,2019-07-13 07:00:00,0,
NAMN,2019-07-13 08:00:00,0,
NAMN,2019-07-13 09:00:00,0,
NAMN,2019-07-13 10:00:00,0,
NAMN,2019-07-13 11:00:00,0,
NAMN,2019-07-13 12:00:00,0,
NAMN,2019-07-13 13:00:00,0,
NAMN,2019-07-13 14:00:00,0,
NAMN,2019-07-13 15:00:00,0,
NAMN,2019-07-13 16:00:00,0,
NAMN,2019-07-13 17:00:00,0,
NAMN,2019-07-13 18:00:00,0,
NAMN,2019-07-13 19:00:00,0,
NAMN,2019-07-13 20:00:00,0,
NAMN,2019-07-13 21:00:00,0,
NAMN,2019-07-13 22:00:00,0,
NAMN,2019-07-13 23:00:00,0,
NAMN,2019-07-14 00:00:00,0,
NAMN,2019-07-14 01:00:00,0,
NAMN,2019-07-14 02:00:00,0,
NAMN,2019-07-14 03:00:00,0,
NAMN,2019-07-14 04:00:00,0,
NAMN,2019-07-14 05:00:00,0,
NAMN,2019-07-14 06:00:00,0,
NAMN,2019-07-14 07:00:00,0,
NAMN,2019-07-14 08:00:00,0,
NAMN,2019-07-14 09:00:00,0,
NAMN,2019-07-14 10:00:00,0,
NAMN,2019-07-14 11:00:00,0,
NAMN,2019-07-14 12:00:00,0,
NAMN,2019-07-14 13:00:00,0,
NAMN,2019-07-14 14:00:00,0,
NAMN,2019-07-14 15:00:00,0,
NAMN,2019-07-14 16:00:00,0,
NAMN,2019-07-14 17:00:00,-999,
NAMN,2019-07-14 18:00:00,0,
NAMN,2019-07-14 19:00:00,0,
NAMN,2019-07-14 20:00:00,0,
NAMN,2019-07-14 21:00:00,0,
NAMN,2019-07-14 22:00:00,0,
NAMN,2019-07-14 23:00:00,0,
NAMN,2019-07-15 00:00:00,0,
NAMN,2019-07-15 01:00:00,0,
NAMN,2019-07-15 02:00:00,0,
NAMN,2019-07-15 03:00:00,0,
NAMN,2019-07-15 04:00:00,0,
NAMN,2019-07-15 05:00:00,0,
NAMN,2019-07-15 06:00:00,0,
NAMN,2019-07-15 07:00:00,0,
NAMN,2019-07-15 08:00:00,0,
NAMN,2019-07-15 09:00:00,0,
NAMN,2019-07-15 10:00:00,0,
NAMN,2019-07-15 11:00:00,0,
NAMN,2019-07-15 12:00:00,0,
NAMN,2019-07-15 13:00:00,0,
NAMN,2019-07-15 14:00:00,0,
NAMN,2019-07-15 15:00:00,0,
NAMN,2019-07-15 16:00:00,0,
NAMN,2019-07-15 17:00:00,-999,
NAMN,2019-07-15 18:00:00,0,
NAMN,2019-07-15 19:00:00,-999,
NAMN,2019-07-15 20:00:00,-999,
NAMN,2019-07-15 21:00:00,0,
NAMN,2019-07-15 22:00:00,0,
NAMN,2019-07-15 23:00:00,0,
NAMN,2019-07-16 00:00:00,0,
NAMN,2019-07-16 01:00:00,0,
NAMN,2019-07-16 02:00:00,0,
NAMN,2019-07-16 03:00:00,0,
NAMN,2019-07-16 04:00:00,0,
NAMN,2019-07-16 05:00:00,0,
NAMN,2019-07-16 06:00:00,0,
NAMN,2019-07-16 07:00:00,0,
NAMN,2019-07-16 08:00:00,0,
NAMN,2019-07-16 09:00:00,0,
NAMN,2019-07-16 10:00:00,0,
NAMN,2019-07-16 11:00:00,0,
NAMN,2019-07-16 12:00:00,0,
NAMN,2019-07-16 13:00:00,0,
NAMN,2019-07-16 14:00:00,0,
NAMN,2019-07-16 15:00:00,0,
NAMN,2019-07-16 16:00:00,0,
NAMN,2019-07-16 17:00:00,0,
NAMN,2019-07-16 18:00:00,0,
NAMN,2019-07-16 19:00:00,0,
NAMN,2019-07-16 20:00:00,0,
NAMN,2019-07-16 21:00:00,0,
NAMN,2019-07-16 22:00:00,0,
NAMN,2019-07-16 23:00:00,0,
NAMN,2019-07-17 00:00:00,0,
NAMN,2019-07-17 01:00:00,0,
NAMN,2019-07-17 02:00:00,0,
NAMN,2019-07-17 03:00:00,0,
NAMN,2019-07-17 04:00:00,0,
NAMN,2019-07-17 05:00:00,0,
NAMN,2019-07-17 06:00:00,0,
NAMN,2019-07-17 07:00:00,0,
NAMN,2019-07-17 08:00:00,0,
NAMN,2019-07-17 09:00:00,0,
NAMN,2019-07-17 10:00:00,0,
NAMN,2019-07-17 11:00:00,0,
NAMN,2019-07-17 12:00:00,0,
NAMN,2019-07-17 13:00:00,0,
NAMN,2019-07-17 14:00:00,0,
NAMN,2019-07-17 15:00:00,0,
NAMN,2019-07-17 16:00:00,0,
NAMN,2019-07-17 17:00:00,0,
NAMN,2019-07-17 18:00:00,0,
NAMN,2019-07-17 19:00:00,0,
NAMN,2019-07-17 20:00:00,0,
NAMN,2019-07-17 21:00:00,0,
NAMN,2019-07-17 22:00:00,0,
NAMN,2019-07-17 23:00:00,0,
NAMN,2019-07-18 00:00:00,0,
NAMN,2019-07-18 01:00:00,0,
NAMN,2019-07-18 02:00:00,0,
NAMN,2019-07-18 03:00:00,0,
NAMN,2019-07-18 04:00:00,0,
NAMN,2019-07-18 05:00:00,0,
NAMN,2019-07-18 06:00:00,0,
NAMN,2019-07-18 07:00:00,0,
NAMN,2019-07-18 08:00:00,0,
NAMN,2019-07-18 09:00:00,0,
NAMN,2019-07-18 10:00:00,0,
NAMN,2019-07-18 11:00:00,0,
NAMN,2019-07-18 12:00:00,0,
NAMN,2019-07-18 13:00:00,0,
NAMN,2019-07-18 14:00:00,0,
NAMN,2019-07-18 15:00:00,0,
NAMN,2019-07-18 16:00:00,0,
NAMN,2019-07-18 17:00:00,0,
NAMN,2019-07-18 18:00:00,0,
NAMN,2019-07-18 19:00:00,0,
NAMN,2019-07-18 20:00:00,0,
NAMN,2019-07-18 21:00:00,0,
NAMN,2019-07-18 22:00:00,-999,
NAMN,2019-07-18 23:00:00,0,
NAMN,2019-07-19 00:00:00,0,
NAMN,2019-07-19 01:00:00,0,
NAMN,2019-07-19 02:00:00,0,
NAMN,2019-07-19 03:00:00,0,
NAMN,2019-07-19 04:00:00,0,
NAMN,2019-07-19 05:00:00,0,
NAMN,2019-07-19 06:00:00,0,
NAMN,2019-07-19 07:00:00,0,
NAMN,2019-07-19 08:00:00,0,
NAMN,2019-07-19 09:00:00,0,
NAMN,2019-07-19 10:00:00,0,
NAMN,2019-07-19 11:00:00,0,
NAMN,2019-07-19 12:00:00,0,
NAMN,2019-07-19 13:00:00,0,
NAMN,2019-07-19 14:00:00,0,
NAMN,2019-07-19 15:00:00,0,
NAMN,2019-07-19 16:00:00,0,
NAMN,2019-07-19 17:00:00,0,
NAMN,2019-07-19 18:00:00,0,
NAMN,2019-07-19 19:00:00,0,
NAMN,2019-07-19 20:00:00,0,
NAMN,2019-07-19 21:00:00,0,
NAMN,2019-07-19 22:00:00,0,
NAMN,2019-07-19 23:00:00,0,
NAMN,2019-07-20 00:00:00,0,
NAMN,2019-07-20 01:00:00,0,
NAMN,2019-07-20 02:00:00,0,
NAMN,2019-07-20 03:00:00,0,
NAMN,2019-07-20 04:00:00,0,
NAMN,2019-07-20 05:00:00,0,
NAMN,2019-07-20 06:00:00,0,
NAMN,2019-07-20 07:00:00,0,
NAMN,2019-07-20 08:00:00,0,
NAMN,2019-07-20 09:00:00,0,
NAMN,2019-07-20 10:00:00,0,
NAMN,2019-07-20 11:00:00,0,
NAMN,2019-07-20 12:00:00,0,
NAMN,2019-07-20 13:00:00,0,
NAMN,2019-07-20 14:00:00,0,
NAMN,2019-07-20 15:00:00,0,
NAMN,2019-07-20 16:00:00,0,
NAMN,2019-07-20 17:00:00,0,
NAMN,2019-07-20 18:00:00,0,
NAMN,2019-07-20 19:00:00,0,
NAMN,2019-07-20 20:00:00,-999,
NAMN,2019-07-20 21:00:00,0,
NAMN,2019-07-20 22:00:00,0,
NAMN,2019-07-20 23:00:00,0,
NAMN,2019-07-21 00:00:00,0,
NAMN,2019-07-21 01:00:00,0,
NAMN,2019-07-21 02:00:00,0,
NAMN,2019-07-21 03:00:00,0,
NAMN,2019-07-21 04:00:00,0,
NAMN,2019-07-21 05:00:00,0,
NAMN,2019-07-21 06:00:00,0,
NAMN,2019-07-21 07:00:00,0,
NAMN,2019-07-21 08:00:00,0,
NAMN,2019-07-21 09:00:00,0,
NAMN,2019-07-21 10:00:00,0,
NAMN,2019-07-21 11:00:00,0,
NAMN,2019-07-21 12:00:00,0,
NAMN,2019-07-21 13:00:00,0,
NAMN,2019-07-21 14:00:00,0,
NAMN,2019-07-21 15:00:00,0,
NAMN,2019-07-21 16:00:00,0,
NAMN,2019-07-21 17:00:00,0,
NAMN,2019-07-21 18:00:00,0,
NAMN,2019-07-21 19:00:00,0,
NAMN,2019-07-21 20:00:00,0,
NAMN,2019-07-21 21:00:00,0,
NAMN,2019-07-21 22:00:00,0,
NAMN,2019-07-21 23:00:00,0,
NAMN,2019-07-22 00:00:00,0,
NAMN,2019-07-22 01:00:00,0,
NAMN,2019-07-22 02:00:00,0,
NAMN,2019-07-22 03:00:00,0,
NAMN,2019-07-22 04:00:00,0,
NAMN,2019-07-22 05:00:00,0,
NAMN,2019-07-22 06:00:00,0,
NAMN,2019-07-22 07:00:00,0,
NAMN,2019-07-22 08:00:00,0,
NAMN,2019-07-22 09:00:00,0,
NAMN,2019-07-22 10:00:00,0,
NAMN,2019-07-22 11:00:00,0,
NAMN,2019-07-22 12:00:00,0,
NAMN,2019-07-22 13:00:00,0,
NAMN,2019-07-22 14:00:00,0,
NAMN,2019-07-22 15:00:00,0,
NAMN,2019-07-22 16:00:00,0,
NAMN,2019-07-22 17:00:00,0,
NAMN,2019-07-22 18:00:00,0,
NAMN,2019-07-22 19:00:00,0,
NAMN,2019-07-22 20:00:00,0,
NAMN,2019-07-22 21:00:00,0,
NAMN,2019-07-22 22:00:00,0,
NAMN,2019-07-22 23:00:00,0,
NAMN,2019-07-23 00:00:00,0,
NAMN,2019-07-23 01:00:00,0,
NAMN,2019-07-23 02:00:00,0,
NAMN,2019-07-23 03:00:00,0,
NAMN,2019-07-23 04:00:00,0,
NAMN,2019-07-23 05:00:00,0,
NAMN,2019-07-23 06:00:00,0,
NAMN,2019-07-23 07:00:00,0,
NAMN,2019-07-23 08:00:00,0,
NAMN,2019-07-23 09:00:00,0,
NAMN,2019-07-23 10:00:00,0,
NAMN,2019-07-23 11:00:00,0,
NAMN,2019-07-23 12:00:00,0,
NAMN,2019-07-23 13:00:00,0,
NAMN,2019-07-23 14:00:00,0,
NAMN,2019-07-23 15:00:00,0,
NAMN,2019-07-23 16:00:00,0,
NAMN,2019-07-23 17:00:00,0,
NAMN,2019-07-23 18:00:00,0.4,
NAMN,2019-07-23 19:00:00,1,
NAMN,2019-07-23 20:00:00,0.4,
NAMN,2019-07-23 21:00:00,0.4,
NAMN,2019-07-23 22:00:00,0.2,
NAMN,2019-07-23 23:00:00,0,
NAMN,2019-07-24 00:00:00,0.2,
NAMN,2019-07-24 01:00:00,0,
NAMN,2019-07-24 02:00:00,0,
NAMN,2019-07-24 03:00:00,0.2,
NAMN,2019-07-24 04:00:00,0,
NAMN,2019-07-24 05:00:00,0,
NAMN,2019-07-24 06:00:00,0,
NAMN,2019-07-24 07:00:00,0,
NAMN,2019-07-24 08:00:00,0,
NAMN,2019-07-24 09:00:00,0,
NAMN,2019-07-24 10:00:00,0.2,
NAMN,2019-07-24 11:00:00,0,
NAMN,2019-07-24 12:00:00,0,
NAMN,2019-07-24 13:00:00,0,
NAMN,2019-07-24 14:00:00,0,
NAMN,2019-07-24 15:00:00,0,
NAMN,2019-07-24 16:00:00,0,
NAMN,2019-07-24 17:00:00,0.2,
NAMN,2019-07-24 18:00:00,0,
NAMN,2019-07-24 19:00:00,0,
NAMN,2019-07-24 20:00:00,0,
NAMN,2019-07-24 21:00:00,0,
NAMN,2019-07-24 22:00:00,0,
NAMN,2019-07-24 23:00:00,0,
NAMN,2019-07-25 00:00:00,0,
NAMN,2019-07-25 01:00:00,0,
NAMN,2019-07-25 02:00:00,0,
NAMN,2019-07-25 03:00:00,0,
NAMN,2019-07-25 04:00:00,0.2,
NAMN,2019-07-25 05:00:00,0,
NAMN,2019-07-25 06:00:00,0,
NAMN,2019-07-25 07:00:00,0,
NAMN,2019-07-25 08:00:00,0,
NAMN,2019-07-25 09:00:00,0,
NAMN,2019-07-25 10:00:00,0,
NAMN,2019-07-25 11:00:00,0,
NAMN,2019-07-25 12:00:00,0.6,
NAMN,2019-07-25 13:00:00,0,
NAMN,2019-07-25 14:00:00,0,
NAMN,2019-07-25 15:00:00,0,
NAMN,2019-07-25 16:00:00,0,
NAMN,2019-07-25 17:00:00,3.4,
NAMN,2019-07-25 18:00:00,0,
NAMN,2019-07-25 19:00:00,7,
NAMN,2019-07-25 20:00:00,0.2,
NAMN,2019-07-25 21:00:00,0,
NAMN,2019-07-25 22:00:00,0,
NAMN,2019-07-25 23:00:00,0,
NAMN,2019-07-26 00:00:00,0,
NAMN,2019-07-26 01:00:00,0.2,
NAMN,2019-07-26 02:00:00,0,
NAMN,2019-07-26 03:00:00,0,
NAMN,2019-07-26 04:00:00,0,
NAMN,2019-07-26 05:00:00,0,
NAMN,2019-07-26 06:00:00,0,
NAMN,2019-07-26 07:00:00,0,
NAMN,2019-07-26 08:00:00,0,
NAMN,2019-07-26 09:00:00,0,
NAMN,2019-07-26 10:00:00,0,
NAMN,2019-07-26 11:00:00,0,
NAMN,2019-07-26 12:00:00,0,
NAMN,2019-07-26 13:00:00,0,
NAMN,2019-07-26 14:00:00,0,
NAMN,2019-07-26 15:00:00,0,
NAMN,2019-07-26 16:00:00,0,
NAMN,2019-07-26 17:00:00,0,
NAMN,2019-07-26 18:00:00,2,
NAMN,2019-07-26 19:00:00,0.6,
NAMN,2019-07-26 20:00:00,0.6,
NAMN,2019-07-26 21:00:00,0,
NAMN,2019-07-26 22:00:00,0.2,
NAMN,2019-07-26 23:00:00,0.2,
NAMN,2019-07-27 00:00:00,0.2,
NAMN,2019-07-27 01:00:00,0.2,
NAMN,2019-07-27 02:00:00,0.8,
NAMN,2019-07-27 03:00:00,0.4,
NAMN,2019-07-27 04:00:00,0.4,
NAMN,2019-07-27 05:00:00,0,
NAMN,2019-07-27 06:00:00,0,
NAMN,2019-07-27 07:00:00,0,
NAMN,2019-07-27 08:00:00,0.2,
NAMN,2019-07-27 09:00:00,0.4,
NAMN,2019-07-27 10:00:00,0.2,
NAMN,2019-07-27 11:00:00,0.2,
NAMN,2019-07-27 12:00:00,0.6,
NAMN,2019-07-27 13:00:00,0.2,
NAMN,2019-07-27 14:00:00,0,
NAMN,2019-07-27 15:00:00,0,
NAMN,2019-07-27 16:00:00,0,
NAMN,2019-07-27 17:00:00,0,
NAMN,2019-07-27 18:00:00,0,
NAMN,2019-07-27 19:00:00,0,
NAMN,2019-07-27 20:00:00,0,
NAMN,2019-07-27 21:00:00,0.2,
NAMN,2019-07-27 22:00:00,0,
NAMN,2019-07-27 23:00:00,0,
NAMN,2019-07-28 00:00:00,0,
NAMN,2019-07-28 01:00:00,0,
NAMN,2019-07-28 02:00:00,0,
NAMN,2019-07-28 03:00:00,0,
NAMN,2019-07-28 04:00:00,0,
NAMN,2019-07-28 05:00:00,0,
NAMN,2019-07-28 06:00:00,0,
NAMN,2019-07-28 07:00:00,0,
NAMN,2019-07-28 08:00:00,0,
NAMN,2019-07-28 09:00:00,0,
NAMN,2019-07-28 10:00:00,0,
NAMN,2019-07-28 11:00:00,0,
NAMN,2019-07-28 12:00:00,0,
NAMN,2019-07-28 13:00:00,0,
NAMN,2019-07-28 14:00:00,0,
NAMN,2019-07-28 15:00:00,0,
NAMN,2019-07-28 16:00:00,0,
NAMN,2019-07-28 17:00:00,0,
NAMN,2019-07-28 18:00:00,0,
NAMN,2019-07-28 19:00:00,0,
NAMN,2019-07-28 20:00:00,0,
NAMN,2019-07-28 21:00:00,0,
NAMN,2019-07-28 22:00:00,0,
NAMN,2019-07-28 23:00:00,0,
NAMN,2019-07-29 00:00:00,0,
NAMN,2019-07-29 01:00:00,0,
NAMN,2019-07-29 02:00:00,0,
NAMN,2019-07-29 03:00:00,0,
NAMN,2019-07-29 04:00:00,0,
NAMN,2019-07-29 05:00:00,0,
NAMN,2019-07-29 06:00:00,0,
NAMN,2019-07-29 07:00:00,0,
NAMN,2019-07-29 08:00:00,0,
NAMN,2019-07-29 09:00:00,0,
NAMN,2019-07-29 10:00:00,0,
NAMN,2019-07-29 11:00:00,0,
NAMN,2019-07-29 12:00:00,0,
NAMN,2019-07-29 13:00:00,0,
NAMN,2019-07-29 14:00:00,0,
NAMN,2019-07-29 15:00:00,0,
NAMN,2019-07-29 16:00:00,0,
NAMN,2019-07-29 17:00:00,0,
NAMN,2019-07-29 18:00:00,0,
NAMN,2019-07-29 19:00:00,0,
NAMN,2019-07-29 20:00:00,0,
NAMN,2019-07-29 21:00:00,0,
NAMN,2019-07-29 22:00:00,0,
NAMN,2019-07-29 23:00:00,0,
NAMN,2019-07-30 00:00:00,0,
NAMN,2019-07-30 01:00:00,0,
NAMN,2019-07-30 02:00:00,0,
NAMN,2019-07-30 03:00:00,0,
NAMN,2019-07-30 04:00:00,0,
NAMN,2019-07-30 05:00:00,0,
NAMN,2019-07-30 06:00:00,0,
NAMN,2019-07-30 07:00:00,0,
NAMN,2019-07-30 08:00:00,0,
NAMN,2019-07-30 09:00:00,0,
NAMN,2019-07-30 10:00:00,0,
NAMN,2019-07-30 11:00:00,0,
NAMN,2019-07-30 12:00:00,0,
NAMN,2019-07-30 13:00:00,0,
NAMN,2019-07-30 14:00:00,0,
NAMN,2019-07-30 15:00:00,0,
NAMN,2019-07-30 16:00:00,0,
NAMN,2019-07-30 17:00:00,0,
NAMN,2019-07-30 18:00:00,0,
NAMN,2019-07-30 19:00:00,0,
NAMN,2019-07-30 20:00:00,0,
NAMN,2019-07-30 21:00:00,0,
NAMN,2019-07-30 22:00:00,0,
NAMN,2019-07-30 23:00:00,0.8,
NAMN,2019-07-31 00:00:00,10.2,
NAMN,2019-07-31 01:00:00,10.8,
NAMN,2019-07-31 02:00:00,3.2,
NAMN,2019-07-31 03:00:00,1.4,
NAMN,2019-07-31 04:00:00,0.4,
NAMN,2019-07-31 05:00:00,0.6,
NAMN,2019-07-31 06:00:00,0.2,
NAMN,2019-07-31 07:00:00,0,
NAMN,2019-07-31 08:00:00,0,
NAMN,2019-07-31 09:00:00,0,
NAMN,2019-07-31 10:00:00,0.4,
NAMN,2019-07-31 11:00:00,0,
NAMN,2019-07-31 12:00:00,0,
NAMN,2019-07-31 13:00:00,0,
NAMN,2019-07-31 14:00:00,0,
NAMN,2019-07-31 15:00:00,0,
NAMN,2019-07-31 16:00:00,0.2,
NAMN,2019-07-31 17:00:00,0,
NAMN,2019-07-31 18:00:00,0,
NAMN,2019-07-31 19:00:00,0,
NAMN,2019-07-31 20:00:00,0,
NAMN,2019-07-31 21:00:00,0,
NAMN,2019-07-31 22:00:00,0,
NAMN,2019-07-31 23:00:00,0,
NAN009,2019-07-01 00:00:00,0,
NAN009,2019-07-01 01:00:00,0,
NAN009,2019-07-01 02:00:00,0,
NAN009,2019-07-01 03:00:00,0,
NAN009,2019-07-01 04:00:00,0,
NAN009,2019-07-01 05:00:00,0,
NAN009,2019-07-01 06:00:00,0,
NAN009,2019-07-01 07:00:00,0,
NAN009,2019-07-01 08:00:00,0,
NAN009,2019-07-01 09:00:00,0,
NAN009,2019-07-01 10:00:00,0,
NAN009,2019-07-01 11:00:00,0,
NAN009,2019-07-01 12:00:00,0,
NAN009,2019-07-01 13:00:00,0,
NAN009,2019-07-01 14:00:00,0,
NAN009,2019-07-01 15:00:00,0,
NAN009,2019-07-01 16:00:00,0,
NAN009,2019-07-01 17:00:00,0,
NAN009,2019-07-01 18:00:00,0,
NAN009,2019-07-01 19:00:00,-999,
NAN009,2019-07-01 20:00:00,0,
NAN009,2019-07-01 21:00:00,0,
NAN009,2019-07-01 22:00:00,0,
NAN009,2019-07-01 23:00:00,0,
NAN009,2019-07-02 00:00:00,0,
NAN009,2019-07-02 01:00:00,0,
NAN009,2019-07-02 02:00:00,0,
NAN009,2019-07-02 03:00:00,0,
NAN009,2019-07-02 04:00:00,0,
NAN009,2019-07-02 05:00:00,0,
NAN009,2019-07-02 06:00:00,0,
NAN009,2019-07-02 07:00:00,0,
NAN009,2019-07-02 08:00:00,0,
NAN009,2019-07-02 09:00:00,0,
NAN009,2019-07-02 10:00:00,0,
NAN009,2019-07-02 11:00:00,0,
NAN009,2019-07-02 12:00:00,0,
NAN009,2019-07-02 13:00:00,0,
NAN009,2019-07-02 14:00:00,0,
NAN009,2019-07-02 15:00:00,0,
NAN009,2019-07-02 16:00:00,0,
NAN009,2019-07-02 17:00:00,0,
NAN009,2019-07-02 18:00:00,0,
NAN009,2019-07-02 19:00:00,0,
NAN009,2019-07-02 20:00:00,0,
NAN009,2019-07-02 21:00:00,0,
NAN009,2019-07-02 22:00:00,0,
NAN009,2019-07-02 23:00:00,0,
NAN009,2019-07-03 00:00:00,0,
NAN009,2019-07-03 01:00:00,0,
NAN009,2019-07-03 02:00:00,0,
NAN009,2019-07-03 03:00:00,0,
NAN009,2019-07-03 04:00:00,0,
NAN009,2019-07-03 05:00:00,0,
NAN009,2019-07-03 06:00:00,0,
NAN009,2019-07-03 07:00:00,0,
NAN009,2019-07-03 08:00:00,0,
NAN009,2019-07-03 09:00:00,0,
NAN009,2019-07-03 10:00:00,0,
NAN009,2019-07-03 11:00:00,0,
NAN009,2019-07-03 12:00:00,0,
NAN009,2019-07-03 13:00:00,0,
NAN009,2019-07-03 14:00:00,0,
NAN009,2019-07-03 15:00:00,0,
NAN009,2019-07-03 16:00:00,0,
NAN009,2019-07-03 17:00:00,0,
NAN009,2019-07-03 18:00:00,0,
NAN009,2019-07-03 19:00:00,0,
NAN009,2019-07-03 20:00:00,0,
NAN009,2019-07-03 21:00:00,0,
NAN009,2019-07-03 22:00:00,0,
NAN009,2019-07-03 23:00:00,0,
NAN009,2019-07-04 00:00:00,0,
NAN009,2019-07-04 01:00:00,0,
NAN009,2019-07-04 02:00:00,0,
NAN009,2019-07-04 03:00:00,0,
NAN009,2019-07-04 04:00:00,0,
NAN009,2019-07-04 05:00:00,0,
NAN009,2019-07-04 06:00:00,0,
NAN009,2019-07-04 07:00:00,0,
NAN009,2019-07-04 08:00:00,0,
NAN009,2019-07-04 09:00:00,0,
NAN009,2019-07-04 10:00:00,0,
NAN009,2019-07-04 11:00:00,0,
NAN009,2019-07-04 12:00:00,0,
NAN009,2019-07-04 13:00:00,0,
NAN009,2019-07-04 14:00:00,0,
NAN009,2019-07-04 15:00:00,0,
NAN009,2019-07-04 16:00:00,0,
NAN009,2019-07-04 17:00:00,0,
NAN009,2019-07-04 18:00:00,0,
NAN009,2019-07-04 19:00:00,-999,
NAN009,2019-07-04 20:00:00,-999,
NAN009,2019-07-04 21:00:00,-999,
NAN009,2019-07-04 22:00:00,-999,
NAN009,2019-07-04 23:00:00,-999,
NAN009,2019-07-05 00:00:00,0,
NAN009,2019-07-05 01:00:00,-999,
NAN009,2019-07-05 02:00:00,-999,
NAN009,2019-07-05 03:00:00,-999,
NAN009,2019-07-05 04:00:00,-999,
NAN009,2019-07-05 05:00:00,-999,
NAN009,2019-07-05 06:00:00,-999,
NAN009,2019-07-05 07:00:00,-999,
NAN009,2019-07-05 08:00:00,-999,
NAN009,2019-07-05 09:00:00,-999,
NAN009,2019-07-05 10:00:00,-999,
NAN009,2019-07-05 11:00:00,-999,
NAN009,2019-07-05 12:00:00,0,
NAN009,2019-07-05 13:00:00,-999,
NAN009,2019-07-05 14:00:00,-999,
NAN009,2019-07-05 15:00:00,-999,
NAN009,2019-07-05 16:00:00,0,
NAN009,2019-07-05 17:00:00,0,
NAN009,2019-07-05 18:00:00,0,
NAN009,2019-07-05 19:00:00,0,
NAN009,2019-07-05 20:00:00,0,
NAN009,2019-07-05 21:00:00,0,
NAN009,2019-07-05 22:00:00,0,
NAN009,2019-07-05 23:00:00,0,
NAN009,2019-07-06 00:00:00,0,
NAN009,2019-07-06 01:00:00,0,
NAN009,2019-07-06 02:00:00,0,
NAN009,2019-07-06 03:00:00,0,
NAN009,2019-07-06 04:00:00,0,
NAN009,2019-07-06 05:00:00,0,
NAN009,2019-07-06 06:00:00,0,
NAN009,2019-07-06 07:00:00,0,
NAN009,2019-07-06 08:00:00,0,
NAN009,2019-07-06 09:00:00,0,
NAN009,2019-07-06 10:00:00,0,
NAN009,2019-07-06 11:00:00,0,
NAN009,2019-07-06 12:00:00,0,
NAN009,2019-07-06 13:00:00,0,
NAN009,2019-07-06 14:00:00,0,
NAN009,2019-07-06 15:00:00,0,
NAN009,2019-07-06 16:00:00,0,
NAN009,2019-07-06 17:00:00,0,
NAN009,2019-07-06 18:00:00,0,
NAN009,2019-07-06 19:00:00,0,
NAN009,2019-07-06 20:00:00,0,
NAN009,2019-07-06 21:00:00,0,
NAN009,2019-07-06 22:00:00,0,
NAN009,2019-07-06 23:00:00,0,
NAN009,2019-07-07 00:00:00,0,
NAN009,2019-07-07 01:00:00,0,
NAN009,2019-07-07 02:00:00,0,
NAN009,2019-07-07 03:00:00,0,
NAN009,2019-07-07 04:00:00,0,
NAN009,2019-07-07 05:00:00,0,
NAN009,2019-07-07 06:00:00,0,
NAN009,2019-07-07 07:00:00,0,
NAN009,2019-07-07 08:00:00,0,
NAN009,2019-07-07 09:00:00,0,
NAN009,2019-07-07 10:00:00,0,
NAN009,2019-07-07 11:00:00,-999,
NAN009,2019-07-07 12:00:00,0,
NAN009,2019-07-07 13:00:00,0,
NAN009,2019-07-07 14:00:00,0,
NAN009,2019-07-07 15:00:00,0,
NAN009,2019-07-07 16:00:00,0,
NAN009,2019-07-07 17:00:00,0,
NAN009,2019-07-07 18:00:00,0,
NAN009,2019-07-07 19:00:00,0,
NAN009,2019-07-07 20:00:00,0,
NAN009,2019-07-07 21:00:00,0,
NAN009,2019-07-07 22:00:00,0,
NAN009,2019-07-07 23:00:00,0,
NAN009,2019-07-08 00:00:00,0,
NAN009,2019-07-08 01:00:00,0,
NAN009,2019-07-08 02:00:00,0,
NAN009,2019-07-08 03:00:00,0,
NAN009,2019-07-08 04:00:00,0,
NAN009,2019-07-08 05:00:00,0,
NAN009,2019-07-08 06:00:00,0,
NAN009,2019-07-08 07:00:00,0,
NAN009,2019-07-08 08:00:00,0,
NAN009,2019-07-08 09:00:00,0,
NAN009,2019-07-08 10:00:00,0,
NAN009,2019-07-08 11:00:00,0,
NAN009,2019-07-08 12:00:00,0,
NAN009,2019-07-08 13:00:00,0,
NAN009,2019-07-08 14:00:00,0,
NAN009,2019-07-08 15:00:00,0,
NAN009,2019-07-08 16:00:00,0,
NAN009,2019-07-08 17:00:00,0,
NAN009,2019-07-08 18:00:00,0,
NAN009,2019-07-08 19:00:00,0,
NAN009,2019-07-08 20:00:00,0,
NAN009,2019-07-08 21:00:00,0,
NAN009,2019-07-08 22:00:00,0,
NAN009,2019-07-08 23:00:00,0,
NAN009,2019-07-09 00:00:00,0,
NAN009,2019-07-09 01:00:00,0,
NAN009,2019-07-09 02:00:00,0,
NAN009,2019-07-09 03:00:00,0,
NAN009,2019-07-09 04:00:00,0,
NAN009,2019-07-09 05:00:00,0,
NAN009,2019-07-09 06:00:00,0,
NAN009,2019-07-09 07:00:00,0,
NAN009,2019-07-09 08:00:00,0,
NAN009,2019-07-09 09:00:00,0,
NAN009,2019-07-09 10:00:00,0,
NAN009,2019-07-09 11:00:00,0,
NAN009,2019-07-09 12:00:00,0,
NAN009,2019-07-09 13:00:00,0,
NAN009,2019-07-09 14:00:00,0,
NAN009,2019-07-09 15:00:00,0,
NAN009,2019-07-09 16:00:00,0,
NAN009,2019-07-09 17:00:00,0,
NAN009,2019-07-09 18:00:00,0,
NAN009,2019-07-09 19:00:00,0,
NAN009,2019-07-09 20:00:00,0,
NAN009,2019-07-09 21:00:00,0,
NAN009,2019-07-09 22:00:00,0,
NAN009,2019-07-09 23:00:00,0,
NAN009,2019-07-10 00:00:00,0,
NAN009,2019-07-10 01:00:00,0,
NAN009,2019-07-10 02:00:00,0,
NAN009,2019-07-10 03:00:00,0,
NAN009,2019-07-10 04:00:00,0,
NAN009,2019-07-10 05:00:00,0,
NAN009,2019-07-10 06:00:00,0,
NAN009,2019-07-10 07:00:00,0,
NAN009,2019-07-10 08:00:00,0,
NAN009,2019-07-10 09:00:00,0,
NAN009,2019-07-10 10:00:00,0,
NAN009,2019-07-10 11:00:00,0,
NAN009,2019-07-10 12:00:00,0,
NAN009,2019-07-10 13:00:00,0,
NAN009,2019-07-10 14:00:00,0,
NAN009,2019-07-10 15:00:00,0,
NAN009,2019-07-10 16:00:00,0,
NAN009,2019-07-10 17:00:00,0,
NAN009,2019-07-10 18:00:00,0,
NAN009,2019-07-10 19:00:00,0,
NAN009,2019-07-10 20:00:00,0,
NAN009,2019-07-10 21:00:00,0,
NAN009,2019-07-10 22:00:00,0,
NAN009,2019-07-10 23:00:00,0,
NAN009,2019-07-11 00:00:00,0,
NAN009,2019-07-11 01:00:00,0,
NAN009,2019-07-11 02:00:00,0,
NAN009,2019-07-11 03:00:00,0,
NAN009,2019-07-11 04:00:00,0,
NAN009,2019-07-11 05:00:00,0,
NAN009,2019-07-11 06:00:00,0,
NAN009,2019-07-11 07:00:00,0,
NAN009,2019-07-11 08:00:00,0,
NAN009,2019-07-11 09:00:00,0,
NAN009,2019-07-11 10:00:00,0,
NAN009,2019-07-11 11:00:00,0,
NAN009,2019-07-11 12:00:00,0,
NAN009,2019-07-11 13:00:00,0,
NAN009,2019-07-11 14:00:00,0,
NAN009,2019-07-11 15:00:00,0,
NAN009,2019-07-11 16:00:00,0,
NAN009,2019-07-11 17:00:00,0,
NAN009,2019-07-11 18:00:00,0,
NAN009,2019-07-11 19:00:00,0,
NAN009,2019-07-11 20:00:00,0,
NAN009,2019-07-11 21:00:00,0,
NAN009,2019-07-11 22:00:00,0,
NAN009,2019-07-11 23:00:00,0,
NAN009,2019-07-12 00:00:00,0,
NAN009,2019-07-12 01:00:00,0,
NAN009,2019-07-12 02:00:00,0,
NAN009,2019-07-12 03:00:00,0,
NAN009,2019-07-12 04:00:00,0,
NAN009,2019-07-12 05:00:00,0,
NAN009,2019-07-12 06:00:00,0,
NAN009,2019-07-12 07:00:00,-999,
NAN009,2019-07-12 08:00:00,-999,
NAN009,2019-07-12 09:00:00,0,
NAN009,2019-07-12 10:00:00,0,
NAN009,2019-07-12 11:00:00,0,
NAN009,2019-07-12 12:00:00,0,
NAN009,2019-07-12 13:00:00,0,
NAN009,2019-07-12 14:00:00,0,
NAN009,2019-07-12 15:00:00,0,
NAN009,2019-07-12 16:00:00,0,
NAN009,2019-07-12 17:00:00,0,
NAN009,2019-07-12 18:00:00,0,
NAN009,2019-07-12 19:00:00,0,
NAN009,2019-07-12 20:00:00,0,
NAN009,2019-07-12 21:00:00,0,
NAN009,2019-07-12 22:00:00,0,
NAN009,2019-07-12 23:00:00,0,
NAN009,2019-07-13 00:00:00,0,
NAN009,2019-07-13 01:00:00,0,
NAN009,2019-07-13 02:00:00,0,
NAN009,2019-07-13 03:00:00,0,
NAN009,2019-07-13 04:00:00,0,
NAN009,2019-07-13 05:00:00,0,
NAN009,2019-07-13 06:00:00,0,
NAN009,2019-07-13 07:00:00,0,
NAN009,2019-07-13 08:00:00,0,
NAN009,2019-07-13 09:00:00,0,
NAN009,2019-07-13 10:00:00,0,
NAN009,2019-07-13 11:00:00,0,
NAN009,2019-07-13 12:00:00,0,
NAN009,2019-07-13 13:00:00,0,
NAN009,2019-07-13 14:00:00,0,
NAN009,2019-07-13 15:00:00,0,
NAN009,2019-07-13 16:00:00,0,
NAN009,2019-07-13 17:00:00,0,
NAN009,2019-07-13 18:00:00,0,
NAN009,2019-07-13 19:00:00,0,
NAN009,2019-07-13 20:00:00,0,
NAN009,2019-07-13 21:00:00,0,
NAN009,2019-07-13 22:00:00,0,
NAN009,2019-07-13 23:00:00,0,
NAN009,2019-07-14 00:00:00,0,
NAN009,2019-07-14 01:00:00,0,
NAN009,2019-07-14 02:00:00,0,
NAN009,2019-07-14 03:00:00,0,
NAN009,2019-07-14 04:00:00,0,
NAN009,2019-07-14 05:00:00,0,
NAN009,2019-07-14 06:00:00,0,
NAN009,2019-07-14 07:00:00,0,
NAN009,2019-07-14 08:00:00,0,
NAN009,2019-07-14 09:00:00,0,
NAN009,2019-07-14 10:00:00,0,
NAN009,2019-07-14 11:00:00,0,
NAN009,2019-07-14 12:00:00,0,
NAN009,2019-07-14 13:00:00,0,
NAN009,2019-07-14 14:00:00,0,
NAN009,2019-07-14 15:00:00,0,
NAN009,2019-07-14 16:00:00,0,
NAN009,2019-07-14 17:00:00,0,
NAN009,2019-07-14 18:00:00,0,
NAN009,2019-07-14 19:00:00,0,
NAN009,2019-07-14 20:00:00,0,
NAN009,2019-07-14 21:00:00,0,
NAN009,2019-07-14 22:00:00,0,
NAN009,2019-07-14 23:00:00,0,
NAN009,2019-07-15 00:00:00,0,
NAN009,2019-07-15 01:00:00,0,
NAN009,2019-07-15 02:00:00,0,
NAN009,2019-07-15 03:00:00,0,
NAN009,2019-07-15 04:00:00,0,
NAN009,2019-07-15 05:00:00,0,
NAN009,2019-07-15 06:00:00,0,
NAN009,2019-07-15 07:00:00,-999,
NAN009,2019-07-15 08:00:00,0,
NAN009,2019-07-15 09:00:00,0,
NAN009,2019-07-15 10:00:00,0,
NAN009,2019-07-15 11:00:00,0,
NAN009,2019-07-15 12:00:00,0,
NAN009,2019-07-15 13:00:00,0,
NAN009,2019-07-15 14:00:00,0,
NAN009,2019-07-15 15:00:00,0,
NAN009,2019-07-15 16:00:00,0,
NAN009,2019-07-15 17:00:00,0,
NAN009,2019-07-15 18:00:00,0,
NAN009,2019-07-15 19:00:00,-999,
NAN009,2019-07-15 20:00:00,0,
NAN009,2019-07-15 21:00:00,0,
NAN009,2019-07-15 22:00:00,0,
NAN009,2019-07-15 23:00:00,0,
NAN009,2019-07-16 00:00:00,0,
NAN009,2019-07-16 01:00:00,0,
NAN009,2019-07-16 02:00:00,0,
NAN009,2019-07-16 03:00:00,0,
NAN009,2019-07-16 04:00:00,0,
NAN009,2019-07-16 05:00:00,0,
NAN009,2019-07-16 06:00:00,0,
NAN009,2019-07-16 07:00:00,0,
NAN009,2019-07-16 08:00:00,0,
NAN009,2019-07-16 09:00:00,0,
NAN009,2019-07-16 10:00:00,0,
NAN009,2019-07-16 11:00:00,0,
NAN009,2019-07-16 12:00:00,0,
NAN009,2019-07-16 13:00:00,0,
NAN009,2019-07-16 14:00:00,0,
NAN009,2019-07-16 15:00:00,0,
NAN009,2019-07-16 16:00:00,0,
NAN009,2019-07-16 17:00:00,0,
NAN009,2019-07-16 18:00:00,0,
NAN009,2019-07-16 19:00:00,0,
NAN009,2019-07-16 20:00:00,0,
NAN009,2019-07-16 21:00:00,0,
NAN009,2019-07-16 22:00:00,0,
NAN009,2019-07-16 23:00:00,0,
NAN009,2019-07-17 00:00:00,0,
NAN009,2019-07-17 01:00:00,0,
NAN009,2019-07-17 02:00:00,0,
NAN009,2019-07-17 03:00:00,0,
NAN009,2019-07-17 04:00:00,0,
NAN009,2019-07-17 05:00:00,0,
NAN009,2019-07-17 06:00:00,0,
NAN009,2019-07-17 07:00:00,0,
NAN009,2019-07-17 08:00:00,0,
NAN009,2019-07-17 09:00:00,0,
NAN009,2019-07-17 10:00:00,0,
NAN009,2019-07-17 11:00:00,0,
NAN009,2019-07-17 12:00:00,0,
NAN009,2019-07-17 13:00:00,0,
NAN009,2019-07-17 14:00:00,0,
NAN009,2019-07-17 15:00:00,0,
NAN009,2019-07-17 16:00:00,0,
NAN009,2019-07-17 17:00:00,0,
NAN009,2019-07-17 18:00:00,0,
NAN009,2019-07-17 19:00:00,0,
NAN009,2019-07-17 20:00:00,0,
NAN009,2019-07-17 21:00:00,0,
NAN009,2019-07-17 22:00:00,0,
NAN009,2019-07-17 23:00:00,0,
NAN009,2019-07-18 00:00:00,0,
NAN009,2019-07-18 01:00:00,0.2,
NAN009,2019-07-18 02:00:00,0,
NAN009,2019-07-18 03:00:00,0,
NAN009,2019-07-18 04:00:00,0,
NAN009,2019-07-18 05:00:00,0,
NAN009,2019-07-18 06:00:00,0,
NAN009,2019-07-18 07:00:00,0,
NAN009,2019-07-18 08:00:00,0,
NAN009,2019-07-18 09:00:00,0,
NAN009,2019-07-18 10:00:00,0,
NAN009,2019-07-18 11:00:00,0,
NAN009,2019-07-18 12:00:00,0,
NAN009,2019-07-18 13:00:00,0,
NAN009,2019-07-18 14:00:00,0,
NAN009,2019-07-18 15:00:00,0,
NAN009,2019-07-18 16:00:00,0,
NAN009,2019-07-18 17:00:00,0.2,
NAN009,2019-07-18 18:00:00,0,
NAN009,2019-07-18 19:00:00,0,
NAN009,2019-07-18 20:00:00,0,
NAN009,2019-07-18 21:00:00,0,
NAN009,2019-07-18 22:00:00,0,
NAN009,2019-07-18 23:00:00,0,
NAN009,2019-07-19 00:00:00,0,
NAN009,2019-07-19 01:00:00,0.2,
NAN009,2019-07-19 02:00:00,0,
NAN009,2019-07-19 03:00:00,0,
NAN009,2019-07-19 04:00:00,0,
NAN009,2019-07-19 05:00:00,0,
NAN009,2019-07-19 06:00:00,0,
NAN009,2019-07-19 07:00:00,0,
NAN009,2019-07-19 08:00:00,0,
NAN009,2019-07-19 09:00:00,0,
NAN009,2019-07-19 10:00:00,0,
NAN009,2019-07-19 11:00:00,0,
NAN009,2019-07-19 12:00:00,0,
NAN009,2019-07-19 13:00:00,-999,
NAN009,2019-07-19 14:00:00,0,
NAN009,2019-07-19 15:00:00,0,
NAN009,2019-07-19 16:00:00,0,
NAN009,2019-07-19 17:00:00,0,
NAN009,2019-07-19 18:00:00,0,
NAN009,2019-07-19 19:00:00,-999,
NAN009,2019-07-19 20:00:00,0,
NAN009,2019-07-19 21:00:00,0,
NAN009,2019-07-19 22:00:00,0,
NAN009,2019-07-19 23:00:00,0,
NAN009,2019-07-20 00:00:00,0,
NAN009,2019-07-20 01:00:00,0.2,
NAN009,2019-07-20 02:00:00,0,
NAN009,2019-07-20 03:00:00,0,
NAN009,2019-07-20 04:00:00,0,
NAN009,2019-07-20 05:00:00,0,
NAN009,2019-07-20 06:00:00,0,
NAN009,2019-07-20 07:00:00,-999,
NAN009,2019-07-20 08:00:00,-999,
NAN009,2019-07-20 09:00:00,0,
NAN009,2019-07-20 10:00:00,0,
NAN009,2019-07-20 11:00:00,0,
NAN009,2019-07-20 12:00:00,0,
NAN009,2019-07-20 13:00:00,0,
NAN009,2019-07-20 14:00:00,0,
NAN009,2019-07-20 15:00:00,0,
NAN009,2019-07-20 16:00:00,0,
NAN009,2019-07-20 17:00:00,0,
NAN009,2019-07-20 18:00:00,0,
NAN009,2019-07-20 19:00:00,0,
NAN009,2019-07-20 20:00:00,0,
NAN009,2019-07-20 21:00:00,0,
NAN009,2019-07-20 22:00:00,0,
NAN009,2019-07-20 23:00:00,0,
NAN009,2019-07-21 00:00:00,0,
NAN009,2019-07-21 01:00:00,-999,
NAN009,2019-07-21 02:00:00,-999,
NAN009,2019-07-21 03:00:00,0,
NAN009,2019-07-21 04:00:00,0,
NAN009,2019-07-21 05:00:00,0,
NAN009,2019-07-21 06:00:00,0,
NAN009,2019-07-21 07:00:00,0,
NAN009,2019-07-21 08:00:00,0,
NAN009,2019-07-21 09:00:00,0,
NAN009,2019-07-21 10:00:00,0,
NAN009,2019-07-21 11:00:00,0,
NAN009,2019-07-21 12:00:00,0,
NAN009,2019-07-21 13:00:00,0,
NAN009,2019-07-21 14:00:00,0,
NAN009,2019-07-21 15:00:00,0,
NAN009,2019-07-21 16:00:00,0,
NAN009,2019-07-21 17:00:00,0,
NAN009,2019-07-21 18:00:00,0,
NAN009,2019-07-21 19:00:00,0,
NAN009,2019-07-21 20:00:00,0,
NAN009,2019-07-21 21:00:00,0,
NAN009,2019-07-21 22:00:00,0,
NAN009,2019-07-21 23:00:00,0,
NAN009,2019-07-22 00:00:00,0,
NAN009,2019-07-22 01:00:00,0,
NAN009,2019-07-22 02:00:00,0,
NAN009,2019-07-22 03:00:00,0,
NAN009,2019-07-22 04:00:00,0,
NAN009,2019-07-22 05:00:00,0,
NAN009,2019-07-22 06:00:00,0,
NAN009,2019-07-22 07:00:00,-999,
NAN009,2019-07-22 08:00:00,0,
NAN009,2019-07-22 09:00:00,0,
NAN009,2019-07-22 10:00:00,0,
NAN009,2019-07-22 11:00:00,0,
NAN009,2019-07-22 12:00:00,0,
NAN009,2019-07-22 13:00:00,0,
NAN009,2019-07-22 14:00:00,0,
NAN009,2019-07-22 15:00:00,0,
NAN009,2019-07-22 16:00:00,0,
NAN009,2019-07-22 17:00:00,0,
NAN009,2019-07-22 18:00:00,0,
NAN009,2019-07-22 19:00:00,0,
NAN009,2019-07-22 20:00:00,0,
NAN009,2019-07-22 21:00:00,0,
NAN009,2019-07-22 22:00:00,0,
NAN009,2019-07-22 23:00:00,0,
NAN009,2019-07-23 00:00:00,0,
NAN009,2019-07-23 01:00:00,0,
NAN009,2019-07-23 02:00:00,0,
NAN009,2019-07-23 03:00:00,0,
NAN009,2019-07-23 04:00:00,0,
NAN009,2019-07-23 05:00:00,0,
NAN009,2019-07-23 06:00:00,0,
NAN009,2019-07-23 07:00:00,0,
NAN009,2019-07-23 08:00:00,0,
NAN009,2019-07-23 09:00:00,0,
NAN009,2019-07-23 10:00:00,0,
NAN009,2019-07-23 11:00:00,0.2,
NAN009,2019-07-23 12:00:00,0,
NAN009,2019-07-23 13:00:00,0,
NAN009,2019-07-23 14:00:00,0,
NAN009,2019-07-23 15:00:00,0,
NAN009,2019-07-23 16:00:00,0,
NAN009,2019-07-23 17:00:00,0,
NAN009,2019-07-23 18:00:00,0,
NAN009,2019-07-23 19:00:00,0,
NAN009,2019-07-23 20:00:00,0,
NAN009,2019-07-23 21:00:00,0,
NAN009,2019-07-23 22:00:00,0,
NAN009,2019-07-23 23:00:00,0,
NAN009,2019-07-24 00:00:00,0,
NAN009,2019-07-24 01:00:00,0.2,
NAN009,2019-07-24 02:00:00,0,
NAN009,2019-07-24 03:00:00,0,
NAN009,2019-07-24 04:00:00,0,
NAN009,2019-07-24 05:00:00,0,
NAN009,2019-07-24 06:00:00,0,
NAN009,2019-07-24 07:00:00,0,
NAN009,2019-07-24 08:00:00,0,
NAN009,2019-07-24 09:00:00,0,
NAN009,2019-07-24 10:00:00,0,
NAN009,2019-07-24 11:00:00,0,
NAN009,2019-07-24 12:00:00,0,
NAN009,2019-07-24 13:00:00,0,
NAN009,2019-07-24 14:00:00,0,
NAN009,2019-07-24 15:00:00,0,
NAN009,2019-07-24 16:00:00,0,
NAN009,2019-07-24 17:00:00,0,
NAN009,2019-07-24 18:00:00,0,
NAN009,2019-07-24 19:00:00,0,
NAN009,2019-07-24 20:00:00,0,
NAN009,2019-07-24 21:00:00,0,
NAN009,2019-07-24 22:00:00,0,
NAN009,2019-07-24 23:00:00,0,
NAN009,2019-07-25 00:00:00,0,
NAN009,2019-07-25 01:00:00,0,
NAN009,2019-07-25 02:00:00,0,
NAN009,2019-07-25 03:00:00,0,
NAN009,2019-07-25 04:00:00,0,
NAN009,2019-07-25 05:00:00,0,
NAN009,2019-07-25 06:00:00,0,
NAN009,2019-07-25 07:00:00,0,
NAN009,2019-07-25 08:00:00,0,
NAN009,2019-07-25 09:00:00,0,
NAN009,2019-07-25 10:00:00,0,
NAN009,2019-07-25 11:00:00,0,
NAN009,2019-07-25 12:00:00,-999,
NAN009,2019-07-25 13:00:00,-999,
NAN009,2019-07-25 14:00:00,-999,
NAN009,2019-07-25 15:00:00,-999,
NAN009,2019-07-25 16:00:00,-999,
NAN009,2019-07-25 17:00:00,-999,
NAN009,2019-07-25 18:00:00,-999,
NAN009,2019-07-25 19:00:00,-999,
NAN009,2019-07-25 20:00:00,-999,
NAN009,2019-07-25 21:00:00,-999,
NAN009,2019-07-25 22:00:00,-999,
NAN009,2019-07-25 23:00:00,-999,
NAN009,2019-07-26 00:00:00,-999,
NAN009,2019-07-26 01:00:00,-999,
NAN009,2019-07-26 02:00:00,-999,
NAN009,2019-07-26 03:00:00,-999,
NAN009,2019-07-26 04:00:00,-999,
NAN009,2019-07-26 05:00:00,-999,
NAN009,2019-07-26 06:00:00,-999,
NAN009,2019-07-26 07:00:00,-999,
NAN009,2019-07-26 08:00:00,-999,
NAN009,2019-07-26 09:00:00,-999,
NAN009,2019-07-26 10:00:00,-999,
NAN009,2019-07-26 11:00:00,-999,
NAN009,2019-07-26 12:00:00,-999,
NAN009,2019-07-26 13:00:00,-999,
NAN009,2019-07-26 14:00:00,-999,
NAN009,2019-07-26 15:00:00,-999,
NAN009,2019-07-26 16:00:00,-999,
NAN009,2019-07-26 17:00:00,-999,
NAN009,2019-07-26 18:00:00,-999,
NAN009,2019-07-26 19:00:00,-999,
NAN009,2019-07-26 20:00:00,-999,
NAN009,2019-07-26 21:00:00,-999,
NAN009,2019-07-26 22:00:00,-999,
NAN009,2019-07-26 23:00:00,-999,
NAN009,2019-07-27 00:00:00,-999,
NAN009,2019-07-27 01:00:00,-999,
NAN009,2019-07-27 02:00:00,-999,
NAN009,2019-07-27 03:00:00,-999,
NAN009,2019-07-27 04:00:00,-999,
NAN009,2019-07-27 05:00:00,-999,
NAN009,2019-07-27 06:00:00,-999,
NAN009,2019-07-27 07:00:00,-999,
NAN009,2019-07-27 08:00:00,-999,
NAN009,2019-07-27 09:00:00,-999,
NAN009,2019-07-27 10:00:00,-999,
NAN009,2019-07-27 11:00:00,-999,
NAN009,2019-07-27 12:00:00,-999,
NAN009,2019-07-27 13:00:00,-999,
NAN009,2019-07-27 14:00:00,-999,
NAN009,2019-07-27 15:00:00,-999,
NAN009,2019-07-27 16:00:00,-999,
NAN009,2019-07-27 17:00:00,-999,
NAN009,2019-07-27 18:00:00,-999,
NAN009,2019-07-27 19:00:00,-999,
NAN009,2019-07-27 20:00:00,-999,
NAN009,2019-07-27 21:00:00,-999,
NAN009,2019-07-27 22:00:00,-999,
NAN009,2019-07-27 23:00:00,-999,
NAN009,2019-07-28 00:00:00,-999,
NAN009,2019-07-28 01:00:00,-999,
NAN009,2019-07-28 02:00:00,-999,
NAN009,2019-07-28 03:00:00,-999,
NAN009,2019-07-28 04:00:00,-999,
NAN009,2019-07-28 05:00:00,-999,
NAN009,2019-07-28 06:00:00,-999,
NAN009,2019-07-28 07:00:00,-999,
NAN009,2019-07-28 08:00:00,-999,
NAN009,2019-07-28 09:00:00,-999,
NAN009,2019-07-28 10:00:00,-999,
NAN009,2019-07-28 11:00:00,-999,
NAN009,2019-07-28 12:00:00,-999,
NAN009,2019-07-28 13:00:00,-999,
NAN009,2019-07-28 14:00:00,-999,
NAN009,2019-07-28 15:00:00,-999,
NAN009,2019-07-28 16:00:00,-999,
NAN009,2019-07-28 17:00:00,-999,
NAN009,2019-07-28 18:00:00,0.4,
NAN009,2019-07-28 19:00:00,0,
NAN009,2019-07-28 20:00:00,0,
NAN009,2019-07-28 21:00:00,0,
NAN009,2019-07-28 22:00:00,0,
NAN009,2019-07-28 23:00:00,0,
NAN009,2019-07-29 00:00:00,0,
NAN009,2019-07-29 01:00:00,0,
NAN009,2019-07-29 02:00:00,0,
NAN009,2019-07-29 03:00:00,0,
NAN009,2019-07-29 04:00:00,0,
NAN009,2019-07-29 05:00:00,0,
NAN009,2019-07-29 06:00:00,0,
NAN009,2019-07-29 07:00:00,0,
NAN009,2019-07-29 08:00:00,0,
NAN009,2019-07-29 09:00:00,0,
NAN009,2019-07-29 10:00:00,0,
NAN009,2019-07-29 11:00:00,0,
NAN009,2019-07-29 12:00:00,0,
NAN009,2019-07-29 13:00:00,0,
NAN009,2019-07-29 14:00:00,0,
NAN009,2019-07-29 15:00:00,0,
NAN009,2019-07-29 16:00:00,0,
NAN009,2019-07-29 17:00:00,0,
NAN009,2019-07-29 18:00:00,0,
NAN009,2019-07-29 19:00:00,0,
NAN009,2019-07-29 20:00:00,0,
NAN009,2019-07-29 21:00:00,0,
NAN009,2019-07-29 22:00:00,0,
NAN009,2019-07-29 23:00:00,0,
NAN009,2019-07-30 00:00:00,0,
NAN009,2019-07-30 01:00:00,0,
NAN009,2019-07-30 02:00:00,0,
NAN009,2019-07-30 03:00:00,0,
NAN009,2019-07-30 04:00:00,0,
NAN009,2019-07-30 05:00:00,0.2,
NAN009,2019-07-30 06:00:00,0,
NAN009,2019-07-30 07:00:00,0,
NAN009,2019-07-30 08:00:00,0.6,
NAN009,2019-07-30 09:00:00,2.4,
NAN009,2019-07-30 10:00:00,0.8,
NAN009,2019-07-30 11:00:00,0,
NAN009,2019-07-30 12:00:00,0,
NAN009,2019-07-30 13:00:00,0,
NAN009,2019-07-30 14:00:00,0,
NAN009,2019-07-30 15:00:00,0,
NAN009,2019-07-30 16:00:00,0,
NAN009,2019-07-30 17:00:00,0,
NAN009,2019-07-30 18:00:00,0,
NAN009,2019-07-30 19:00:00,0,
NAN009,2019-07-30 20:00:00,0,
NAN009,2019-07-30 21:00:00,0,
NAN009,2019-07-30 22:00:00,0,
NAN009,2019-07-30 23:00:00,13.2,
NAN009,2019-07-31 00:00:00,3,
NAN009,2019-07-31 01:00:00,6.8,
NAN009,2019-07-31 02:00:00,2,
NAN009,2019-07-31 03:00:00,1,
NAN009,2019-07-31 04:00:00,0.4,
NAN009,2019-07-31 05:00:00,0.8,
NAN009,2019-07-31 06:00:00,2.8,
NAN009,2019-07-31 07:00:00,2,
NAN009,2019-07-31 08:00:00,2.2,
NAN009,2019-07-31 09:00:00,1.4,
NAN009,2019-07-31 10:00:00,0.6,
NAN009,2019-07-31 11:00:00,1.2,
NAN009,2019-07-31 12:00:00,0.8,
NAN009,2019-07-31 13:00:00,0,
NAN009,2019-07-31 14:00:00,0,
NAN009,2019-07-31 15:00:00,0,
NAN009,2019-07-31 16:00:00,0,
NAN009,2019-07-31 17:00:00,0,
NAN009,2019-07-31 18:00:00,0,
NAN009,2019-07-31 19:00:00,0,
NAN009,2019-07-31 20:00:00,0,
NAN009,2019-07-31 21:00:00,0,
NAN009,2019-07-31 22:00:00,0,
NAN009,2019-07-31 23:00:00,0,
TPKO,2019-07-01 00:00:00,0,
TPKO,2019-07-01 01:00:00,0,
TPKO,2019-07-01 02:00:00,0,
TPKO,2019-07-01 03:00:00,0,
TPKO,2019-07-01 04:00:00,0,
TPKO,2019-07-01 05:00:00,0,
TPKO,2019-07-01 06:00:00,0,
TPKO,2019-07-01 07:00:00,0,
TPKO,2019-07-01 08:00:00,0,
TPKO,2019-07-01 09:00:00,0,
TPKO,2019-07-01 10:00:00,0,
TPKO,2019-07-01 11:00:00,0,
TPKO,2019-07-01 12:00:00,0,
TPKO,2019-07-01 13:00:00,0,
TPKO,2019-07-01 14:00:00,0,
TPKO,2019-07-01 15:00:00,0,
TPKO,2019-07-01 16:00:00,0,
TPKO,2019-07-01 17:00:00,0,
TPKO,2019-07-01 18:00:00,0,
TPKO,2019-07-01 19:00:00,0,
TPKO,2019-07-01 20:00:00,0,
TPKO,2019-07-01 21:00:00,0,
TPKO,2019-07-01 22:00:00,0,
TPKO,2019-07-01 23:00:00,0,
TPKO,2019-07-02 00:00:00,0,
TPKO,2019-07-02 01:00:00,0,
TPKO,2019-07-02 02:00:00,0,
TPKO,2019-07-02 03:00:00,0,
TPKO,2019-07-02 04:00:00,0,
TPKO,2019-07-02 05:00:00,0,
TPKO,2019-07-02 06:00:00,0,
TPKO,2019-07-02 07:00:00,0,
TPKO,2019-07-02 08:00:00,0,
TPKO,2019-07-02 09:00:00,0,
TPKO,2019-07-02 10:00:00,0,
TPKO,2019-07-02 11:00:00,0,
TPKO,2019-07-02 12:00:00,0,
TPKO,2019-07-02 13:00:00,0,
TPKO,2019-07-02 14:00:00,0,
TPKO,2019-07-02 15:00:00,0,
TPKO,2019-07-02 16:00:00,0.6,
TPKO,2019-07-02 17:00:00,0.4,
TPKO,2019-07-02 18:00:00,0,
TPKO,2019-07-02 19:00:00,0,
TPKO,2019-07-02 20:00:00,0,
TPKO,2019-07-02 21:00:00,0.2,
TPKO,2019-07-02 22:00:00,0,
TPKO,2019-07-02 23:00:00,0,
TPKO,2019-07-03 00:00:00,0,
TPKO,2019-07-03 01:00:00,0,
TPKO,2019-07-03 02:00:00,0.2,
TPKO,2019-07-03 03:00:00,0,
TPKO,2019-07-03 04:00:00,0,
TPKO,2019-07-03 05:00:00,0.2,
TPKO,2019-07-03 06:00:00,0,
TPKO,2019-07-03 07:00:00,0,
TPKO,2019-07-03 08:00:00,0,
TPKO,2019-07-03 09:00:00,0,
TPKO,2019-07-03 10:00:00,0,
TPKO,2019-07-03 11:00:00,0,
TPKO,2019-07-03 12:00:00,0.2,
TPKO,2019-07-03 13:00:00,0,
TPKO,2019-07-03 14:00:00,0,
TPKO,2019-07-03 15:00:00,0,
TPKO,2019-07-03 16:00:00,0,
TPKO,2019-07-03 17:00:00,0,
TPKO,2019-07-03 18:00:00,0,
TPKO,2019-07-03 19:00:00,0,
TPKO,2019-07-03 20:00:00,0,
TPKO,2019-07-03 21:00:00,0,
TPKO,2019-07-03 22:00:00,0,
TPKO,2019-07-03 23:00:00,0,
TPKO,2019-07-04 00:00:00,0,
TPKO,2019-07-04 01:00:00,0,
TPKO,2019-07-04 02:00:00,0.2,
TPKO,2019-07-04 03:00:00,0,
TPKO,2019-07-04 04:00:00,0,
TPKO,2019-07-04 05:00:00,0,
TPKO,2019-07-04 06:00:00,-999,
TPKO,2019-07-04 07:00:00,-999,
TPKO,2019-07-04 08:00:00,0,
TPKO,2019-07-04 09:00:00,0,
TPKO,2019-07-04 10:00:00,0,
TPKO,2019-07-04 11:00:00,0,
TPKO,2019-07-04 12:00:00,0,
TPKO,2019-07-04 13:00:00,0,
TPKO,2019-07-04 14:00:00,0,
TPKO,2019-07-04 15:00:00,0,
TPKO,2019-07-04 16:00:00,0,
TPKO,2019-07-04 17:00:00,0,
TPKO,2019-07-04 18:00:00,0,
TPKO,2019-07-04 19:00:00,0,
TPKO,2019-07-04 20:00:00,0,
TPKO,2019-07-04 21:00:00,0,
TPKO,2019-07-04 22:00:00,0,
TPKO,2019-07-04 23:00:00,0,
TPKO,2019-07-05 00:00:00,0,
TPKO,2019-07-05 01:00:00,0,
TPKO,2019-07-05 02:00:00,0,
TPKO,2019-07-05 03:00:00,0,
TPKO,2019-07-05 04:00:00,0,
TPKO,2019-07-05 05:00:00,0,
TPKO,2019-07-05 06:00:00,0,
TPKO,2019-07-05 07:00:00,0.2,
TPKO,2019-07-05 08:00:00,0,
TPKO,2019-07-05 09:00:00,0,
TPKO,2019-07-05 10:00:00,0,
TPKO,2019-07-05 11:00:00,-999,
TPKO,2019-07-05 12:00:00,0,
TPKO,2019-07-05 13:00:00,0,
TPKO,2019-07-05 14:00:00,0,
TPKO,2019-07-05 15:00:00,-999,
TPKO,2019-07-05 16:00:00,-999,
TPKO,2019-07-05 17:00:00,-999,
TPKO,2019-07-05 18:00:00,0,
TPKO,2019-07-05 19:00:00,0,
TPKO,2019-07-05 20:00:00,0,
TPKO,2019-07-05 21:00:00,0,
TPKO,2019-07-05 22:00:00,0,
TPKO,2019-07-05 23:00:00,0,
TPKO,2019-07-06 00:00:00,0,
TPKO,2019-07-06 01:00:00,0,
TPKO,2019-07-06 02:00:00,0,
TPKO,2019-07-06 03:00:00,-999,
TPKO,2019-07-06 04:00:00,-999,
TPKO,2019-07-06 05:00:00,-999,
TPKO,2019-07-06 06:00:00,-999,
TPKO,2019-07-06 07:00:00,0,
TPKO,2019-07-06 08:00:00,0,
TPKO,2019-07-06 09:00:00,0,
TPKO,2019-07-06 10:00:00,0,
TPKO,2019-07-06 11:00:00,0,
TPKO,2019-07-06 12:00:00,0,
TPKO,2019-07-06 13:00:00,0,
TPKO,2019-07-06 14:00:00,0,
TPKO,2019-07-06 15:00:00,0,
TPKO,2019-07-06 16:00:00,0,
TPKO,2019-07-06 17:00:00,0,
TPKO,2019-07-06 18:00:00,0,
TPKO,2019-07-06 19:00:00,0,
TPKO,2019-07-06 20:00:00,0,
TPKO,2019-07-06 21:00:00,0,
TPKO,2019-07-06 22:00:00,0,
TPKO,2019-07-06 23:00:00,0,
TPKO,2019-07-07 00:00:00,0,
TPKO,2019-07-07 01:00:00,0,
TPKO,2019-07-07 02:00:00,-999,
TPKO,2019-07-07 03:00:00,-999,
TPKO,2019-07-07 04:00:00,-999,
TPKO,2019-07-07 05:00:00,-999,
TPKO,2019-07-07 06:00:00,-999,
TPKO,2019-07-07 07:00:00,-999,
TPKO,2019-07-07 08:00:00,0,
TPKO,2019-07-07 09:00:00,0,
TPKO,2019-07-07 10:00:00,0,
TPKO,2019-07-07 11:00:00,0,
TPKO,2019-07-07 12:00:00,0,
TPKO,2019-07-07 13:00:00,0,
TPKO,2019-07-07 14:00:00,0,
TPKO,2019-07-07 15:00:00,0,
TPKO,2019-07-07 16:00:00,0,
TPKO,2019-07-07 17:00:00,0,
TPKO,2019-07-07 18:00:00,0,
TPKO,2019-07-07 19:00:00,0,
TPKO,2019-07-07 20:00:00,0,
TPKO,2019-07-07 21:00:00,0,
TPKO,2019-07-07 22:00:00,0.2,
TPKO,2019-07-07 23:00:00,0,
TPKO,2019-07-08 00:00:00,0,
TPKO,2019-07-08 01:00:00,-999,
TPKO,2019-07-08 02:00:00,-999,
TPKO,2019-07-08 03:00:00,-999,
TPKO,2019-07-08 04:00:00,-999,
TPKO,2019-07-08 05:00:00,-999,
TPKO,2019-07-08 06:00:00,-999,
TPKO,2019-07-08 07:00:00,0,
TPKO,2019-07-08 08:00:00,0,
TPKO,2019-07-08 09:00:00,0,
TPKO,2019-07-08 10:00:00,0,
TPKO,2019-07-08 11:00:00,0,
TPKO,2019-07-08 12:00:00,0,
TPKO,2019-07-08 13:00:00,0,
TPKO,2019-07-08 14:00:00,0,
TPKO,2019-07-08 15:00:00,0,
TPKO,2019-07-08 16:00:00,0,
TPKO,2019-07-08 17:00:00,0,
TPKO,2019-07-08 18:00:00,0,
TPKO,2019-07-08 19:00:00,0,
TPKO,2019-07-08 20:00:00,0,
TPKO,2019-07-08 21:00:00,0,
TPKO,2019-07-08 22:00:00,0,
TPKO,2019-07-08 23:00:00,0,
TPKO,2019-07-09 00:00:00,0,
TPKO,2019-07-09 01:00:00,-999,
TPKO,2019-07-09 02:00:00,-999,
TPKO,2019-07-09 03:00:00,-999,
TPKO,2019-07-09 04:00:00,-999,
TPKO,2019-07-09 05:00:00,-999,
TPKO,2019-07-09 06:00:00,-999,
TPKO,2019-07-09 07:00:00,0,
TPKO,2019-07-09 08:00:00,0,
TPKO,2019-07-09 09:00:00,0,
TPKO,2019-07-09 10:00:00,0,
TPKO,2019-07-09 11:00:00,0,
TPKO,2019-07-09 12:00:00,0,
TPKO,2019-07-09 13:00:00,0,
TPKO,2019-07-09 14:00:00,0,
TPKO,2019-07-09 15:00:00,0,
TPKO,2019-07-09 16:00:00,0,
TPKO,2019-07-09 17:00:00,0,
TPKO,2019-07-09 18:00:00,0,
TPKO,2019-07-09 19:00:00,0,
TPKO,2019-07-09 20:00:00,0,
TPKO,2019-07-09 21:00:00,0,
TPKO,2019-07-09 22:00:00,0,
TPKO,2019-07-09 23:00:00,0,
TPKO,2019-07-10 00:00:00,0,
TPKO,2019-07-10 01:00:00,0,
TPKO,2019-07-10 02:00:00,-999,
TPKO,2019-07-10 03:00:00,-999,
TPKO,2019-07-10 04:00:00,-999,
TPKO,2019-07-10 05:00:00,-999,
TPKO,2019-07-10 06:00:00,-999,
TPKO,2019-07-10 07:00:00,0,
TPKO,2019-07-10 08:00:00,0,
TPKO,2019-07-10 09:00:00,0,
TPKO,2019-07-10 10:00:00,0,
TPKO,2019-07-10 11:00:00,0,
TPKO,2019-07-10 12:00:00,0,
TPKO,2019-07-10 13:00:00,0,
TPKO,2019-07-10 14:00:00,0,
TPKO,2019-07-10 15:00:00,0,
TPKO,2019-07-10 16:00:00,0,
TPKO,2019-07-10 17:00:00,0,
TPKO,2019-07-10 18:00:00,0,
TPKO,2019-07-10 19:00:00,0,
TPKO,2019-07-10 20:00:00,0,
TPKO,2019-07-10 21:00:00,0,
TPKO,2019-07-10 22:00:00,0,
TPKO,2019-07-10 23:00:00,0,
TPKO,2019-07-11 00:00:00,-999,
TPKO,2019-07-11 01:00:00,-999,
TPKO,2019-07-11 02:00:00,-999,
TPKO,2019-07-11 03:00:00,-999,
TPKO,2019-07-11 04:00:00,-999,
TPKO,2019-07-11 05:00:00,-999,
TPKO,2019-07-11 06:00:00,-999,
TPKO,2019-07-11 07:00:00,0,
TPKO,2019-07-11 08:00:00,-999,
TPKO,2019-07-11 09:00:00,1,
TPKO,2019-07-11 10:00:00,0,
TPKO,2019-07-11 11:00:00,0,
TPKO,2019-07-11 12:00:00,0,
TPKO,2019-07-11 13:00:00,0,
TPKO,2019-07-11 14:00:00,0,
TPKO,2019-07-11 15:00:00,0,
TPKO,2019-07-11 16:00:00,0,
TPKO,2019-07-11 17:00:00,0,
TPKO,2019-07-11 18:00:00,0,
TPKO,2019-07-11 19:00:00,0,
TPKO,2019-07-11 20:00:00,0,
TPKO,2019-07-11 21:00:00,0,
TPKO,2019-07-11 22:00:00,0,
TPKO,2019-07-11 23:00:00,1,
TPKO,2019-07-12 00:00:00,0,
TPKO,2019-07-12 01:00:00,0,
TPKO,2019-07-12 02:00:00,0,
TPKO,2019-07-12 03:00:00,0,
TPKO,2019-07-12 04:00:00,0,
TPKO,2019-07-12 05:00:00,0,
TPKO,2019-07-12 06:00:00,0,
TPKO,2019-07-12 07:00:00,0,
TPKO,2019-07-12 08:00:00,0,
TPKO,2019-07-12 09:00:00,0,
TPKO,2019-07-12 10:00:00,0,
TPKO,2019-07-12 11:00:00,0,
TPKO,2019-07-12 12:00:00,0,
TPKO,2019-07-12 13:00:00,0,
TPKO,2019-07-12 14:00:00,0,
TPKO,2019-07-12 15:00:00,0,
TPKO,2019-07-12 16:00:00,0,
TPKO,2019-07-12 17:00:00,0,
TPKO,2019-07-12 18:00:00,0,
TPKO,2019-07-12 19:00:00,0,
TPKO,2019-07-12 20:00:00,0,
TPKO,2019-07-12 21:00:00,0,
TPKO,2019-07-12 22:00:00,0,
TPKO,2019-07-12 23:00:00,0,
TPKO,2019-07-13 00:00:00,0,
TPKO,2019-07-13 01:00:00,2.6,
TPKO,2019-07-13 02:00:00,6,
TPKO,2019-07-13 03:00:00,0,
TPKO,2019-07-13 04:00:00,0,
TPKO,2019-07-13 05:00:00,0,
TPKO,2019-07-13 06:00:00,0,
TPKO,2019-07-13 07:00:00,0,
TPKO,2019-07-13 08:00:00,0,
TPKO,2019-07-13 09:00:00,0,
TPKO,2019-07-13 10:00:00,0,
TPKO,2019-07-13 11:00:00,0,
TPKO,2019-07-13 12:00:00,0,
TPKO,2019-07-13 13:00:00,0,
TPKO,2019-07-13 14:00:00,0,
TPKO,2019-07-13 15:00:00,0,
TPKO,2019-07-13 16:00:00,0,
TPKO,2019-07-13 17:00:00,0,
TPKO,2019-07-13 18:00:00,0,
TPKO,2019-07-13 19:00:00,0,
TPKO,2019-07-13 20:00:00,0,
TPKO,2019-07-13 21:00:00,0,
TPKO,2019-07-13 22:00:00,0,
TPKO,2019-07-13 23:00:00,0,
TPKO,2019-07-14 00:00:00,0,
TPKO,2019-07-14 01:00:00,0,
TPKO,2019-07-14 02:00:00,0.2,
TPKO,2019-07-14 03:00:00,0.2,
TPKO,2019-07-14 04:00:00,0.4,
TPKO,2019-07-14 05:00:00,0,
TPKO,2019-07-14 06:00:00,0,
TPKO,2019-07-14 07:00:00,0.2,
TPKO,2019-07-14 08:00:00,0,
TPKO,2019-07-14 09:00:00,0,
TPKO,2019-07-14 10:00:00,0,
TPKO,2019-07-14 11:00:00,0,
TPKO,2019-07-14 12:00:00,0,
TPKO,2019-07-14 13:00:00,0,
TPKO,2019-07-14 14:00:00,0,
TPKO,2019-07-14 15:00:00,0,
TPKO,2019-07-14 16:00:00,0,
TPKO,2019-07-14 17:00:00,0,
TPKO,2019-07-14 18:00:00,0,
TPKO,2019-07-14 19:00:00,0,
TPKO,2019-07-14 20:00:00,0,
TPKO,2019-07-14 21:00:00,0,
TPKO,2019-07-14 22:00:00,0,
TPKO,2019-07-14 23:00:00,0,
TPKO,2019-07-15 00:00:00,0,
TPKO,2019-07-15 01:00:00,0,
TPKO,2019-07-15 02:00:00,0,
TPKO,2019-07-15 03:00:00,0,
TPKO,2019-07-15 04:00:00,0,
TPKO,2019-07-15 05:00:00,0,
TPKO,2019-07-15 06:00:00,0,
TPKO,2019-07-15 07:00:00,0,
TPKO,2019-07-15 08:00:00,0,
TPKO,2019-07-15 09:00:00,0,
TPKO,2019-07-15 10:00:00,0,
TPKO,2019-07-15 11:00:00,0,
TPKO,2019-07-15 12:00:00,0,
TPKO,2019-07-15 13:00:00,0,
TPKO,2019-07-15 14:00:00,0,
TPKO,2019-07-15 15:00:00,0,
TPKO,2019-07-15 16:00:00,0,
TPKO,2019-07-15 17:00:00,0,
TPKO,2019-07-15 18:00:00,0,
TPKO,2019-07-15 19:00:00,0,
TPKO,2019-07-15 20:00:00,0,
TPKO,2019-07-15 21:00:00,0,
TPKO,2019-07-15 22:00:00,0,
TPKO,2019-07-15 23:00:00,0,
TPKO,2019-07-16 00:00:00,0,
TPKO,2019-07-16 01:00:00,0,
TPKO,2019-07-16 02:00:00,0,
TPKO,2019-07-16 03:00:00,0,
TPKO,2019-07-16 04:00:00,0,
TPKO,2019-07-16 05:00:00,0,
TPKO,2019-07-16 06:00:00,0,
TPKO,2019-07-16 07:00:00,0,
TPKO,2019-07-16 08:00:00,0,
TPKO,2019-07-16 09:00:00,0,
TPKO,2019-07-16 10:00:00,0,
TPKO,2019-07-16 11:00:00,0,
TPKO,2019-07-16 12:00:00,0,
TPKO,2019-07-16 13:00:00,0,
TPKO,2019-07-16 14:00:00,0,
TPKO,2019-07-16 15:00:00,0,
TPKO,2019-07-16 16:00:00,0,
TPKO,2019-07-16 17:00:00,0,
TPKO,2019-07-16 18:00:00,0,
TPKO,2019-07-16 19:00:00,0,
TPKO,2019-07-16 20:00:00,0,
TPKO,2019-07-16 21:00:00,0,
TPKO,2019-07-16 22:00:00,0,
TPKO,2019-07-16 23:00:00,0,
TPKO,2019-07-17 00:00:00,0,
TPKO,2019-07-17 01:00:00,0,
TPKO,2019-07-17 02:00:00,0,
TPKO,2019-07-17 03:00:00,0,
TPKO,2019-07-17 04:00:00,0,
TPKO,2019-07-17 05:00:00,0,
TPKO,2019-07-17 06:00:00,0,
TPKO,2019-07-17 07:00:00,0,
TPKO,2019-07-17 08:00:00,0,
TPKO,2019-07-17 09:00:00,0,
TPKO,2019-07-17 10:00:00,0,
TPKO,2019-07-17 11:00:00,0,
TPKO,2019-07-17 12:00:00,0,
TPKO,2019-07-17 13:00:00,0,
TPKO,2019-07-17 14:00:00,0,
TPKO,2019-07-17 15:00:00,0,
TPKO,2019-07-17 16:00:00,0,
TPKO,2019-07-17 17:00:00,0,
TPKO,2019-07-17 18:00:00,0,
TPKO,2019-07-17 19:00:00,0,
TPKO,2019-07-17 20:00:00,0,
TPKO,2019-07-17 21:00:00,0,
TPKO,2019-07-17 22:00:00,0,
TPKO,2019-07-17 23:00:00,0,
TPKO,2019-07-18 00:00:00,0,
TPKO,2019-07-18 01:00:00,0,
TPKO,2019-07-18 02:00:00,0,
TPKO,2019-07-18 03:00:00,0,
TPKO,2019-07-18 04:00:00,0,
TPKO,2019-07-18 05:00:00,0,
TPKO,2019-07-18 06:00:00,0,
TPKO,2019-07-18 07:00:00,0,
TPKO,2019-07-18 08:00:00,0,
TPKO,2019-07-18 09:00:00,-999,
TPKO,2019-07-18 10:00:00,0,
TPKO,2019-07-18 11:00:00,0,
TPKO,2019-07-18 12:00:00,0,
TPKO,2019-07-18 13:00:00,0,
TPKO,2019-07-18 14:00:00,0,
TPKO,2019-07-18 15:00:00,0,
TPKO,2019-07-18 16:00:00,0,
TPKO,2019-07-18 17:00:00,0,
TPKO,2019-07-18 18:00:00,0,
TPKO,2019-07-18 19:00:00,0,
TPKO,2019-07-18 20:00:00,0,
TPKO,2019-07-18 21:00:00,0,
TPKO,2019-07-18 22:00:00,-999,
TPKO,2019-07-18 23:00:00,0,
TPKO,2019-07-19 00:00:00,0,
TPKO,2019-07-19 01:00:00,0,
TPKO,2019-07-19 02:00:00,0,
TPKO,2019-07-19 03:00:00,0,
TPKO,2019-07-19 04:00:00,0,
TPKO,2019-07-19 05:00:00,0,
TPKO,2019-07-19 06:00:00,0,
TPKO,2019-07-19 07:00:00,0,
TPKO,2019-07-19 08:00:00,0,
TPKO,2019-07-19 09:00:00,0,
TPKO,2019-07-19 10:00:00,0,
TPKO,2019-07-19 11:00:00,0,
TPKO,2019-07-19 12:00:00,0,
TPKO,2019-07-19 13:00:00,0,
TPKO,2019-07-19 14:00:00,0,
TPKO,2019-07-19 15:00:00,0,
TPKO,2019-07-19 16:00:00,0,
TPKO,2019-07-19 17:00:00,0,
TPKO,2019-07-19 18:00:00,0,
TPKO,2019-07-19 19:00:00,0,
TPKO,2019-07-19 20:00:00,0,
TPKO,2019-07-19 21:00:00,0,
TPKO,2019-07-19 22:00:00,-999,
TPKO,2019-07-19 23:00:00,0,
TPKO,2019-07-20 00:00:00,0,
TPKO,2019-07-20 01:00:00,0,
TPKO,2019-07-20 02:00:00,0,
TPKO,2019-07-20 03:00:00,0,
TPKO,2019-07-20 04:00:00,0,
TPKO,2019-07-20 05:00:00,0,
TPKO,2019-07-20 06:00:00,0,
TPKO,2019-07-20 07:00:00,0,
TPKO,2019-07-20 08:00:00,0,
TPKO,2019-07-20 09:00:00,0,
TPKO,2019-07-20 10:00:00,0,
TPKO,2019-07-20 11:00:00,0,
TPKO,2019-07-20 12:00:00,0,
TPKO,2019-07-20 13:00:00,0,
TPKO,2019-07-20 14:00:00,0,
TPKO,2019-07-20 15:00:00,0,
TPKO,2019-07-20 16:00:00,0,
TPKO,2019-07-20 17:00:00,0,
TPKO,2019-07-20 18:00:00,0,
TPKO,2019-07-20 19:00:00,0,
TPKO,2019-07-20 20:00:00,0,
TPKO,2019-07-20 21:00:00,0,
TPKO,2019-07-20 22:00:00,0,
TPKO,2019-07-20 23:00:00,0,
TPKO,2019-07-21 00:00:00,0,
TPKO,2019-07-21 01:00:00,0,
TPKO,2019-07-21 02:00:00,0,
TPKO,2019-07-21 03:00:00,0,
TPKO,2019-07-21 04:00:00,0,
TPKO,2019-07-21 05:00:00,0,
TPKO,2019-07-21 06:00:00,0,
TPKO,2019-07-21 07:00:00,0,
TPKO,2019-07-21 08:00:00,0,
TPKO,2019-07-21 09:00:00,0,
TPKO,2019-07-21 10:00:00,0,
TPKO,2019-07-21 11:00:00,0,
TPKO,2019-07-21 12:00:00,0,
TPKO,2019-07-21 13:00:00,0,
TPKO,2019-07-21 14:00:00,0,
TPKO,2019-07-21 15:00:00,0,
TPKO,2019-07-21 16:00:00,0,
TPKO,2019-07-21 17:00:00,0,
TPKO,2019-07-21 18:00:00,0,
TPKO,2019-07-21 19:00:00,0,
TPKO,2019-07-21 20:00:00,0,
TPKO,2019-07-21 21:00:00,0,
TPKO,2019-07-21 22:00:00,0,
TPKO,2019-07-21 23:00:00,0,
TPKO,2019-07-22 00:00:00,0,
TPKO,2019-07-22 01:00:00,0,
TPKO,2019-07-22 02:00:00,0,
TPKO,2019-07-22 03:00:00,0,
TPKO,2019-07-22 04:00:00,0,
TPKO,2019-07-22 05:00:00,0,
TPKO,2019-07-22 06:00:00,0,
TPKO,2019-07-22 07:00:00,0,
TPKO,2019-07-22 08:00:00,0,
TPKO,2019-07-22 09:00:00,0,
TPKO,2019-07-22 10:00:00,0,
TPKO,2019-07-22 11:00:00,0,
TPKO,2019-07-22 12:00:00,0,
TPKO,2019-07-22 13:00:00,0,
TPKO,2019-07-22 14:00:00,0,
TPKO,2019-07-22 15:00:00,0,
TPKO,2019-07-22 16:00:00,0,
TPKO,2019-07-22 17:00:00,0,
TPKO,2019-07-22 18:00:00,0,
TPKO,2019-07-22 19:00:00,0,
TPKO,2019-07-22 20:00:00,0,
TPKO,2019-07-22 21:00:00,0,
TPKO,2019-07-22 22:00:00,0,
TPKO,2019-07-22 23:00:00,0,
TPKO,2019-07-23 00:00:00,0,
TPKO,2019-07-23 01:00:00,0,
TPKO,2019-07-23 02:00:00,0,
TPKO,2019-07-23 03:00:00,0,
TPKO,2019-07-23 04:00:00,0,
TPKO,2019-07-23 05:00:00,0,
TPKO,2019-07-23 06:00:00,0,
TPKO,2019-07-23 07:00:00,0,
TPKO,2019-07-23 08:00:00,0,
TPKO,2019-07-23 09:00:00,0,
TPKO,2019-07-23 10:00:00,0,
TPKO,2019-07-23 11:00:00,0,
TPKO,2019-07-23 12:00:00,0,
TPKO,2019-07-23 13:00:00,0,
TPKO,2019-07-23 14:00:00,0,
TPKO,2019-07-23 15:00:00,0,
TPKO,2019-07-23 16:00:00,0,
TPKO,2019-07-23 17:00:00,0,
TPKO,2019-07-23 18:00:00,0,
TPKO,2019-07-23 19:00:00,0,
TPKO,2019-07-23 20:00:00,0,
TPKO,2019-07-23 21:00:00,0,
TPKO,2019-07-23 22:00:00,0,
TPKO,2019-07-23 23:00:00,0,
TPKO,2019-07-24 00:00:00,0,
TPKO,2019-07-24 01:00:00,0,
TPKO,2019-07-24 02:00:00,0,
TPKO,2019-07-24 03:00:00,0,
TPKO,2019-07-24 04:00:00,0,
TPKO,2019-07-24 05:00:00,0,
TPKO,2019-07-24 06:00:00,0,
TPKO,2019-07-24 07:00:00,0,
TPKO,2019-07-24 08:00:00,0,
TPKO,2019-07-24 09:00:00,0,
TPKO,2019-07-24 10:00:00,0,
TPKO,2019-07-24 11:00:00,0,
TPKO,2019-07-24 12:00:00,0,
TPKO,2019-07-24 13:00:00,0,
TPKO,2019-07-24 14:00:00,0,
TPKO,2019-07-24 15:00:00,0,
TPKO,2019-07-24 16:00:00,0,
TPKO,2019-07-24 17:00:00,0,
TPKO,2019-07-24 18:00:00,0,
TPKO,2019-07-24 19:00:00,0,
TPKO,2019-07-24 20:00:00,0,
TPKO,2019-07-24 21:00:00,0,
TPKO,2019-07-24 22:00:00,0,
TPKO,2019-07-24 23:00:00,0,
TPKO,2019-07-25 00:00:00,0,
TPKO,2019-07-25 01:00:00,0,
TPKO,2019-07-25 02:00:00,0,
TPKO,2019-07-25 03:00:00,0,
TPKO,2019-07-25 04:00:00,0,
TPKO,2019-07-25 05:00:00,0,
TPKO,2019-07-25 06:00:00,0,
TPKO,2019-07-25 07:00:00,0,
TPKO,2019-07-25 08:00:00,0,
TPKO,2019-07-25 09:00:00,0,
TPKO,2019-07-25 10:00:00,0,
TPKO,2019-07-25 11:00:00,0,
TPKO,2019-07-25 12:00:00,0,
TPKO,2019-07-25 13:00:00,0,
TPKO,2019-07-25 14:00:00,0.2,
TPKO,2019-07-25 15:00:00,0.4,
TPKO,2019-07-25 16:00:00,0,
TPKO,2019-07-25 17:00:00,0,
TPKO,2019-07-25 18:00:00,0,
TPKO,2019-07-25 19:00:00,5.8,
TPKO,2019-07-25 20:00:00,4.4,
TPKO,2019-07-25 21:00:00,0.2,
TPKO,2019-07-25 22:00:00,2.4,
TPKO,2019-07-25 23:00:00,2.4,
TPKO,2019-07-26 00:00:00,1.2,
TPKO,2019-07-26 01:00:00,0.6,
TPKO,2019-07-26 02:00:00,0.2,
TPKO,2019-07-26 03:00:00,0.4,
TPKO,2019-07-26 04:00:00,0.4,
TPKO,2019-07-26 05:00:00,0.4,
TPKO,2019-07-26 06:00:00,0.8,
TPKO,2019-07-26 07:00:00,0.4,
TPKO,2019-07-26 08:00:00,0.8,
TPKO,2019-07-26 09:00:00,1.2,
TPKO,2019-07-26 10:00:00,1,
TPKO,2019-07-26 11:00:00,0.2,
TPKO,2019-07-26 12:00:00,0,
TPKO,2019-07-26 13:00:00,0,
TPKO,2019-07-26 14:00:00,0,
TPKO,2019-07-26 15:00:00,0,
TPKO,2019-07-26 16:00:00,0,
TPKO,2019-07-26 17:00:00,0,
TPKO,2019-07-26 18:00:00,0,
TPKO,2019-07-26 19:00:00,0,
TPKO,2019-07-26 20:00:00,0,
TPKO,2019-07-26 21:00:00,0,
TPKO,2019-07-26 22:00:00,0,
TPKO,2019-07-26 23:00:00,0,
TPKO,2019-07-27 00:00:00,0,
TPKO,2019-07-27 01:00:00,0,
TPKO,2019-07-27 02:00:00,0,
TPKO,2019-07-27 03:00:00,0,
TPKO,2019-07-27 04:00:00,0.2,
TPKO,2019-07-27 05:00:00,0,
TPKO,2019-07-27 06:00:00,0,
TPKO,2019-07-27 07:00:00,0,
TPKO,2019-07-27 08:00:00,0,
TPKO,2019-07-27 09:00:00,0,
TPKO,2019-07-27 10:00:00,0,
TPKO,2019-07-27 11:00:00,0,
TPKO,2019-07-27 12:00:00,0,
TPKO,2019-07-27 13:00:00,0,
TPKO,2019-07-27 14:00:00,0,
TPKO,2019-07-27 15:00:00,0,
TPKO,2019-07-27 16:00:00,0,
TPKO,2019-07-27 17:00:00,0,
TPKO,2019-07-27 18:00:00,0,
TPKO,2019-07-27 19:00:00,0,
TPKO,2019-07-27 20:00:00,0,
TPKO,2019-07-27 21:00:00,0,
TPKO,2019-07-27 22:00:00,0,
TPKO,2019-07-27 23:00:00,0,
TPKO,2019-07-28 00:00:00,0,
TPKO,2019-07-28 01:00:00,0,
TPKO,2019-07-28 02:00:00,0,
TPKO,2019-07-28 03:00:00,0,
TPKO,2019-07-28 04:00:00,0,
TPKO,2019-07-28 05:00:00,0,
TPKO,2019-07-28 06:00:00,0,
TPKO,2019-07-28 07:00:00,0,
TPKO,2019-07-28 08:00:00,0,
TPKO,2019-07-28 09:00:00,0,
TPKO,2019-07-28 10:00:00,0,
TPKO,2019-07-28 11:00:00,0,
TPKO,2019-07-28 12:00:00,0,
TPKO,2019-07-28 13:00:00,0,
TPKO,2019-07-28 14:00:00,0,
TPKO,2019-07-28 15:00:00,0,
TPKO,2019-07-28 16:00:00,0,
TPKO,2019-07-28 17:00:00,0,
TPKO,2019-07-28 18:00:00,0,
TPKO,2019-07-28 19:00:00,0,
TPKO,2019-07-28 20:00:00,0,
TPKO,2019-07-28 21:00:00,0,
TPKO,2019-07-28 22:00:00,0,
TPKO,2019-07-28 23:00:00,0,
TPKO,2019-07-29 00:00:00,0,
TPKO,2019-07-29 01:00:00,0,
TPKO,2019-07-29 02:00:00,0,
TPKO,2019-07-29 03:00:00,0,
TPKO,2019-07-29 04:00:00,0,
TPKO,2019-07-29 05:00:00,0,
TPKO,2019-07-29 06:00:00,0,
TPKO,2019-07-29 07:00:00,0,
TPKO,2019-07-29 08:00:00,0,
TPKO,2019-07-29 09:00:00,0,
TPKO,2019-07-29 10:00:00,0,
TPKO,2019-07-29 11:00:00,0,
TPKO,2019-07-29 12:00:00,0,
TPKO,2019-07-29 13:00:00,0,
TPKO,2019-07-29 14:00:00,0,
TPKO,2019-07-29 15:00:00,0,
TPKO,2019-07-29 16:00:00,0,
TPKO,2019-07-29 17:00:00,0,
TPKO,2019-07-29 18:00:00,0,
TPKO,2019-07-29 19:00:00,0,
TPKO,2019-07-29 20:00:00,0,
TPKO,2019-07-29 21:00:00,0,
TPKO,2019-07-29 22:00:00,0,
TPKO,2019-07-29 23:00:00,0,
TPKO,2019-07-30 00:00:00,0,
TPKO,2019-07-30 01:00:00,0,
TPKO,2019-07-30 02:00:00,0,
TPKO,2019-07-30 03:00:00,0,
TPKO,2019-07-30 04:00:00,0,
TPKO,2019-07-30 05:00:00,0,
TPKO,2019-07-30 06:00:00,0,
TPKO,2019-07-30 07:00:00,0,
TPKO,2019-07-30 08:00:00,0,
TPKO,2019-07-30 09:00:00,0,
TPKO,2019-07-30 10:00:00,0,
TPKO,2019-07-30 11:00:00,0,
TPKO,2019-07-30 12:00:00,0,
TPKO,2019-07-30 13:00:00,0,
TPKO,2019-07-30 14:00:00,0,
TPKO,2019-07-30 15:00:00,0,
TPKO,2019-07-30 16:00:00,0,
TPKO,2019-07-30 17:00:00,0,
TPKO,2019-07-30 18:00:00,0,
TPKO,2019-07-30 19:00:00,0,
TPKO,2019-07-30 20:00:00,0,
TPKO,2019-07-30 21:00:00,0,
TPKO,2019-07-30 22:00:00,0,
TPKO,2019-07-30 23:00:00,0,
TPKO,2019-07-31 00:00:00,0,
TPKO,2019-07-31 01:00:00,0,
TPKO,2019-07-31 02:00:00,0,
TPKO,2019-07-31 03:00:00,0,
TPKO,2019-07-31 04:00:00,0,
TPKO,2019-07-31 05:00:00,0,
TPKO,2019-07-31 06:00:00,0,
TPKO,2019-07-31 07:00:00,0,
TPKO,2019-07-31 08:00:00,0,
TPKO,2019-07-31 09:00:00,0,
TPKO,2019-07-31 10:00:00,0,
TPKO,2019-07-31 11:00:00,0,
TPKO,2019-07-31 12:00:00,0,
TPKO,2019-07-31 13:00:00,0,
TPKO,2019-07-31 14:00:00,0,
TPKO,2019-07-31 15:00:00,0,
TPKO,2019-07-31 16:00:00,0,
TPKO,2019-07-31 17:00:00,0,
TPKO,2019-07-31 18:00:00,0,
TPKO,2019-07-31 19:00:00,0,
TPKO,2019-07-31 20:00:00,0,
TPKO,2019-07-31 21:00:00,0,
TPKO,2019-07-31 22:00:00,0,
TPKO,2019-07-31 23:00:00,0,
CNDN,2019-07-01 00:00:00,0,
CNDN,2019-07-01 01:00:00,0,
CNDN,2019-07-01 02:00:00,0,
CNDN,2019-07-01 03:00:00,0,
CNDN,2019-07-01 04:00:00,0,
CNDN,2019-07-01 05:00:00,0,
CNDN,2019-07-01 06:00:00,0,
CNDN,2019-07-01 07:00:00,0,
CNDN,2019-07-01 08:00:00,0,
CNDN,2019-07-01 09:00:00,0,
CNDN,2019-07-01 10:00:00,0,
CNDN,2019-07-01 11:00:00,0,
CNDN,2019-07-01 12:00:00,0,
CNDN,2019-07-01 13:00:00,0,
CNDN,2019-07-01 14:00:00,0,
CNDN,2019-07-01 15:00:00,0,
CNDN,2019-07-01 16:00:00,0,
CNDN,2019-07-01 17:00:00,0,
CNDN,2019-07-01 18:00:00,0,
CNDN,2019-07-01 19:00:00,0,
CNDN,2019-07-01 20:00:00,0,
CNDN,2019-07-01 21:00:00,0,
CNDN,2019-07-01 22:00:00,0,
CNDN,2019-07-01 23:00:00,0,
CNDN,2019-07-02 00:00:00,0,
CNDN,2019-07-02 01:00:00,0,
CNDN,2019-07-02 02:00:00,0,
CNDN,2019-07-02 03:00:00,0,
CNDN,2019-07-02 04:00:00,0,
CNDN,2019-07-02 05:00:00,0,
CNDN,2019-07-02 06:00:00,0,
CNDN,2019-07-02 07:00:00,0,
CNDN,2019-07-02 08:00:00,0,
CNDN,2019-07-02 09:00:00,0,
CNDN,2019-07-02 10:00:00,0,
CNDN,2019-07-02 11:00:00,0,
CNDN,2019-07-02 12:00:00,0,
CNDN,2019-07-02 13:00:00,0,
CNDN,2019-07-02 14:00:00,0,
CNDN,2019-07-02 15:00:00,0,
CNDN,2019-07-02 16:00:00,0,
CNDN,2019-07-02 17:00:00,0,
CNDN,2019-07-02 18:00:00,1,
CNDN,2019-07-02 19:00:00,0.2,
CNDN,2019-07-02 20:00:00,0,
CNDN,2019-07-02 21:00:00,0,
CNDN,2019-07-02 22:00:00,0.2,
CNDN,2019-07-02 23:00:00,1,
CNDN,2019-07-03 00:00:00,0.4,
CNDN,2019-07-03 01:00:00,0.2,
CNDN,2019-07-03 02:00:00,0,
CNDN,2019-07-03 03:00:00,0.6,
CNDN,2019-07-03 04:00:00,1,
CNDN,2019-07-03 05:00:00,0,
CNDN,2019-07-03 06:00:00,0.2,
CNDN,2019-07-03 07:00:00,3.2,
CNDN,2019-07-03 08:00:00,18,
CNDN,2019-07-03 09:00:00,3.4,
CNDN,2019-07-03 10:00:00,6.6,
CNDN,2019-07-03 11:00:00,7,
CNDN,2019-07-03 12:00:00,4.4,
CNDN,2019-07-03 13:00:00,7.4,
CNDN,2019-07-03 14:00:00,5.2,
CNDN,2019-07-03 15:00:00,5.4,
CNDN,2019-07-03 16:00:00,2.4,
CNDN,2019-07-03 17:00:00,0.8,
CNDN,2019-07-03 18:00:00,0.2,
CNDN,2019-07-03 19:00:00,0,
CNDN,2019-07-03 20:00:00,0,
CNDN,2019-07-03 21:00:00,0,
CNDN,2019-07-03 22:00:00,0,
CNDN,2019-07-03 23:00:00,0,
CNDN,2019-07-04 00:00:00,0,
CNDN,2019-07-04 01:00:00,0,
CNDN,2019-07-04 02:00:00,0,
CNDN,2019-07-04 03:00:00,0,
CNDN,2019-07-04 04:00:00,0,
CNDN,2019-07-04 05:00:00,0,
CNDN,2019-07-04 06:00:00,0,
CNDN,2019-07-04 07:00:00,0,
CNDN,2019-07-04 08:00:00,0,
CNDN,2019-07-04 09:00:00,0,
CNDN,2019-07-04 10:00:00,0,
CNDN,2019-07-04 11:00:00,0,
CNDN,2019-07-04 12:00:00,0,
CNDN,2019-07-04 13:00:00,0,
CNDN,2019-07-04 14:00:00,0,
CNDN,2019-07-04 15:00:00,0.2,
CNDN,2019-07-04 16:00:00,0,
CNDN,2019-07-04 17:00:00,0,
CNDN,2019-07-04 18:00:00,0,
CNDN,2019-07-04 19:00:00,0,
CNDN,2019-07-04 20:00:00,0,
CNDN,2019-07-04 21:00:00,0,
CNDN,2019-07-04 22:00:00,0,
CNDN,2019-07-04 23:00:00,0,
CNDN,2019-07-05 00:00:00,0,
CNDN,2019-07-05 01:00:00,0,
CNDN,2019-07-05 02:00:00,0,
CNDN,2019-07-05 03:00:00,0,
CNDN,2019-07-05 04:00:00,0,
CNDN,2019-07-05 05:00:00,0,
CNDN,2019-07-05 06:00:00,0,
CNDN,2019-07-05 07:00:00,0,
CNDN,2019-07-05 08:00:00,0,
CNDN,2019-07-05 09:00:00,0,
CNDN,2019-07-05 10:00:00,0,
CNDN,2019-07-05 11:00:00,-999,
CNDN,2019-07-05 12:00:00,0,
CNDN,2019-07-05 13:00:00,0,
CNDN,2019-07-05 14:00:00,0,
CNDN,2019-07-05 15:00:00,-999,
CNDN,2019-07-05 16:00:00,-999,
CNDN,2019-07-05 17:00:00,-999,
CNDN,2019-07-05 18:00:00,0,
CNDN,2019-07-05 19:00:00,0,
CNDN,2019-07-05 20:00:00,0,
CNDN,2019-07-05 21:00:00,0,
CNDN,2019-07-05 22:00:00,0,
CNDN,2019-07-05 23:00:00,0,
CNDN,2019-07-06 00:00:00,0,
CNDN,2019-07-06 01:00:00,0,
CNDN,2019-07-06 02:00:00,0,
CNDN,2019-07-06 03:00:00,0,
CNDN,2019-07-06 04:00:00,0,
CNDN,2019-07-06 05:00:00,0,
CNDN,2019-07-06 06:00:00,0,
CNDN,2019-07-06 07:00:00,0,
CNDN,2019-07-06 08:00:00,0,
CNDN,2019-07-06 09:00:00,0,
CNDN,2019-07-06 10:00:00,0,
CNDN,2019-07-06 11:00:00,0,
CNDN,2019-07-06 12:00:00,0,
CNDN,2019-07-06 13:00:00,0,
CNDN,2019-07-06 14:00:00,0,
CNDN,2019-07-06 15:00:00,0,
CNDN,2019-07-06 16:00:00,0,
CNDN,2019-07-06 17:00:00,4.4,
CNDN,2019-07-06 18:00:00,0,
CNDN,2019-07-06 19:00:00,3.2,
CNDN,2019-07-06 20:00:00,0,
CNDN,2019-07-06 21:00:00,0,
CNDN,2019-07-06 22:00:00,0,
CNDN,2019-07-06 23:00:00,0,
CNDN,2019-07-07 00:00:00,0,
CNDN,2019-07-07 01:00:00,0,
CNDN,2019-07-07 02:00:00,0,
CNDN,2019-07-07 03:00:00,0,
CNDN,2019-07-07 04:00:00,0,
CNDN,2019-07-07 05:00:00,0,
CNDN,2019-07-07 06:00:00,0,
CNDN,2019-07-07 07:00:00,0.2,
CNDN,2019-07-07 08:00:00,0,
CNDN,2019-07-07 09:00:00,0,
CNDN,2019-07-07 10:00:00,0,
CNDN,2019-07-07 11:00:00,0,
CNDN,2019-07-07 12:00:00,0,
CNDN,2019-07-07 13:00:00,0,
CNDN,2019-07-07 14:00:00,0,
CNDN,2019-07-07 15:00:00,0,
CNDN,2019-07-07 16:00:00,0,
CNDN,2019-07-07 17:00:00,0,
CNDN,2019-07-07 18:00:00,0,
CNDN,2019-07-07 19:00:00,0,
CNDN,2019-07-07 20:00:00,0,
CNDN,2019-07-07 21:00:00,0,
CNDN,2019-07-07 22:00:00,0,
CNDN,2019-07-07 23:00:00,0,
CNDN,2019-07-08 00:00:00,0,
CNDN,2019-07-08 01:00:00,0,
CNDN,2019-07-08 02:00:00,0,
CNDN,2019-07-08 03:00:00,0,
CNDN,2019-07-08 04:00:00,0,
CNDN,2019-07-08 05:00:00,0,
CNDN,2019-07-08 06:00:00,0,
CNDN,2019-07-08 07:00:00,0,
CNDN,2019-07-08 08:00:00,0,
CNDN,2019-07-08 09:00:00,0,
CNDN,2019-07-08 10:00:00,0,
CNDN,2019-07-08 11:00:00,0,
CNDN,2019-07-08 12:00:00,0,
CNDN,2019-07-08 13:00:00,0,
CNDN,2019-07-08 14:00:00,0,
CNDN,2019-07-08 15:00:00,0,
CNDN,2019-07-08 16:00:00,0,
CNDN,2019-07-08 17:00:00,0,
CNDN,2019-07-08 18:00:00,0,
CNDN,2019-07-08 19:00:00,0,
CNDN,2019-07-08 20:00:00,0,
CNDN,2019-07-08 21:00:00,7,
CNDN,2019-07-08 22:00:00,1.2,
CNDN,2019-07-08 23:00:00,0,
CNDN,2019-07-09 00:00:00,0,
CNDN,2019-07-09 01:00:00,0,
CNDN,2019-07-09 02:00:00,0,
CNDN,2019-07-09 03:00:00,0,
CNDN,2019-07-09 04:00:00,0,
CNDN,2019-07-09 05:00:00,0,
CNDN,2019-07-09 06:00:00,0,
CNDN,2019-07-09 07:00:00,0,
CNDN,2019-07-09 08:00:00,0,
CNDN,2019-07-09 09:00:00,0,
CNDN,2019-07-09 10:00:00,0,
CNDN,2019-07-09 11:00:00,0,
CNDN,2019-07-09 12:00:00,0,
CNDN,2019-07-09 13:00:00,0,
CNDN,2019-07-09 14:00:00,0,
CNDN,2019-07-09 15:00:00,0,
CNDN,2019-07-09 16:00:00,0,
CNDN,2019-07-09 17:00:00,0,
CNDN,2019-07-09 18:00:00,0,
CNDN,2019-07-09 19:00:00,0,
CNDN,2019-07-09 20:00:00,0,
CNDN,2019-07-09 21:00:00,0,
CNDN,2019-07-09 22:00:00,0,
CNDN,2019-07-09 23:00:00,0,
CNDN,2019-07-10 00:00:00,0,
CNDN,2019-07-10 01:00:00,0,
CNDN,2019-07-10 02:00:00,0,
CNDN,2019-07-10 03:00:00,0,
CNDN,2019-07-10 04:00:00,0,
CNDN,2019-07-10 05:00:00,0,
CNDN,2019-07-10 06:00:00,0,
CNDN,2019-07-10 07:00:00,0,
CNDN,2019-07-10 08:00:00,0,
CNDN,2019-07-10 09:00:00,0,
CNDN,2019-07-10 10:00:00,0,
CNDN,2019-07-10 11:00:00,0,
CNDN,2019-07-10 12:00:00,0,
CNDN,2019-07-10 13:00:00,0,
CNDN,2019-07-10 14:00:00,0,
CNDN,2019-07-10 15:00:00,0,
CNDN,2019-07-10 16:00:00,0,
CNDN,2019-07-10 17:00:00,0,
CNDN,2019-07-10 18:00:00,0,
CNDN,2019-07-10 19:00:00,0,
CNDN,2019-07-10 20:00:00,0,
CNDN,2019-07-10 21:00:00,0,
CNDN,2019-07-10 22:00:00,0,
CNDN,2019-07-10 23:00:00,0,
CNDN,2019-07-11 00:00:00,0,
CNDN,2019-07-11 01:00:00,0,
CNDN,2019-07-11 02:00:00,0,
CNDN,2019-07-11 03:00:00,0,
CNDN,2019-07-11 04:00:00,0,
CNDN,2019-07-11 05:00:00,0,
CNDN,2019-07-11 06:00:00,0,
CNDN,2019-07-11 07:00:00,0,
CNDN,2019-07-11 08:00:00,0,
CNDN,2019-07-11 09:00:00,0,
CNDN,2019-07-11 10:00:00,0,
CNDN,2019-07-11 11:00:00,0,
CNDN,2019-07-11 12:00:00,0,
CNDN,2019-07-11 13:00:00,0,
CNDN,2019-07-11 14:00:00,-999,
CNDN,2019-07-11 15:00:00,0.4,
CNDN,2019-07-11 16:00:00,0,
CNDN,2019-07-11 17:00:00,0,
CNDN,2019-07-11 18:00:00,0,
CNDN,2019-07-11 19:00:00,0,
CNDN,2019-07-11 20:00:00,0,
CNDN,2019-07-11 21:00:00,0,
CNDN,2019-07-11 22:00:00,0,
CNDN,2019-07-11 23:00:00,0,
CNDN,2019-07-12 00:00:00,1,
CNDN,2019-07-12 01:00:00,0.6,
CNDN,2019-07-12 02:00:00,0.2,
CNDN,2019-07-12 03:00:00,0,
CNDN,2019-07-12 04:00:00,0,
CNDN,2019-07-12 05:00:00,0,
CNDN,2019-07-12 06:00:00,0,
CNDN,2019-07-12 07:00:00,0,
CNDN,2019-07-12 08:00:00,0,
CNDN,2019-07-12 09:00:00,0,
CNDN,2019-07-12 10:00:00,0,
CNDN,2019-07-12 11:00:00,0,
CNDN,2019-07-12 12:00:00,0,
CNDN,2019-07-12 13:00:00,0,
CNDN,2019-07-12 14:00:00,0,
CNDN,2019-07-12 15:00:00,0,
CNDN,2019-07-12 16:00:00,0,
CNDN,2019-07-12 17:00:00,0,
CNDN,2019-07-12 18:00:00,0,
CNDN,2019-07-12 19:00:00,0,
CNDN,2019-07-12 20:00:00,0,
CNDN,2019-07-12 21:00:00,0,
CNDN,2019-07-12 22:00:00,0,
CNDN,2019-07-12 23:00:00,0,
CNDN,2019-07-13 00:00:00,0,
CNDN,2019-07-13 01:00:00,0,
CNDN,2019-07-13 02:00:00,0,
CNDN,2019-07-13 03:00:00,0,
CNDN,2019-07-13 04:00:00,0,
CNDN,2019-07-13 05:00:00,0,
CNDN,2019-07-13 06:00:00,0,
CNDN,2019-07-13 07:00:00,0,
CNDN,2019-07-13 08:00:00,0,
CNDN,2019-07-13 09:00:00,0,
CNDN,2019-07-13 10:00:00,0,
CNDN,2019-07-13 11:00:00,0,
CNDN,2019-07-13 12:00:00,0,
CNDN,2019-07-13 13:00:00,0,
CNDN,2019-07-13 14:00:00,0,
CNDN,2019-07-13 15:00:00,0,
CNDN,2019-07-13 16:00:00,0,
CNDN,2019-07-13 17:00:00,0,
CNDN,2019-07-13 18:00:00,0,
CNDN,2019-07-13 19:00:00,0,
CNDN,2019-07-13 20:00:00,0,
CNDN,2019-07-13 21:00:00,0,
CNDN,2019-07-13 22:00:00,0,
CNDN,2019-07-13 23:00:00,2,
CNDN,2019-07-14 00:00:00,2.2,
CNDN,2019-07-14 01:00:00,6,
CNDN,2019-07-14 02:00:00,8.2,
CNDN,2019-07-14 03:00:00,14.4,
CNDN,2019-07-14 04:00:00,2.2,
CNDN,2019-07-14 05:00:00,1,
CNDN,2019-07-14 06:00:00,0,
CNDN,2019-07-14 07:00:00,0,
CNDN,2019-07-14 08:00:00,0,
CNDN,2019-07-14 09:00:00,0,
CNDN,2019-07-14 10:00:00,0,
CNDN,2019-07-14 11:00:00,0,
CNDN,2019-07-14 12:00:00,0,
CNDN,2019-07-14 13:00:00,0.2,
CNDN,2019-07-14 14:00:00,0,
CNDN,2019-07-14 15:00:00,0,
CNDN,2019-07-14 16:00:00,0,
CNDN,2019-07-14 17:00:00,0,
CNDN,2019-07-14 18:00:00,0,
CNDN,2019-07-14 19:00:00,0,
CNDN,2019-07-14 20:00:00,0,
CNDN,2019-07-14 21:00:00,0,
CNDN,2019-07-14 22:00:00,0,
CNDN,2019-07-14 23:00:00,0,
CNDN,2019-07-15 00:00:00,0,
CNDN,2019-07-15 01:00:00,0,
CNDN,2019-07-15 02:00:00,0,
CNDN,2019-07-15 03:00:00,0,
CNDN,2019-07-15 04:00:00,0,
CNDN,2019-07-15 05:00:00,0,
CNDN,2019-07-15 06:00:00,0,
CNDN,2019-07-15 07:00:00,0,
CNDN,2019-07-15 08:00:00,0,
CNDN,2019-07-15 09:00:00,0,
CNDN,2019-07-15 10:00:00,0,
CNDN,2019-07-15 11:00:00,0,
CNDN,2019-07-15 12:00:00,0,
CNDN,2019-07-15 13:00:00,0,
CNDN,2019-07-15 14:00:00,0,
CNDN,2019-07-15 15:00:00,0,
CNDN,2019-07-15 16:00:00,0,
CNDN,2019-07-15 17:00:00,0,
CNDN,2019-07-15 18:00:00,0,
CNDN,2019-07-15 19:00:00,0,
CNDN,2019-07-15 20:00:00,0,
CNDN,2019-07-15 21:00:00,0,
CNDN,2019-07-15 22:00:00,0,
CNDN,2019-07-15 23:00:00,0,
CNDN,2019-07-16 00:00:00,0,
CNDN,2019-07-16 01:00:00,0,
CNDN,2019-07-16 02:00:00,0,
CNDN,2019-07-16 03:00:00,0,
CNDN,2019-07-16 04:00:00,0,
CNDN,2019-07-16 05:00:00,0,
CNDN,2019-07-16 06:00:00,0,
CNDN,2019-07-16 07:00:00,0,
CNDN,2019-07-16 08:00:00,0,
CNDN,2019-07-16 09:00:00,0,
CNDN,2019-07-16 10:00:00,0,
CNDN,2019-07-16 11:00:00,0,
CNDN,2019-07-16 12:00:00,0,
CNDN,2019-07-16 13:00:00,0,
CNDN,2019-07-16 14:00:00,0,
CNDN,2019-07-16 15:00:00,0,
CNDN,2019-07-16 16:00:00,0,
CNDN,2019-07-16 17:00:00,0,
CNDN,2019-07-16 18:00:00,0,
CNDN,2019-07-16 19:00:00,0,
CNDN,2019-07-16 20:00:00,0,
CNDN,2019-07-16 21:00:00,0,
CNDN,2019-07-16 22:00:00,0,
CNDN,2019-07-16 23:00:00,0,
CNDN,2019-07-17 00:00:00,0,
CNDN,2019-07-17 01:00:00,0,
CNDN,2019-07-17 02:00:00,0,
CNDN,2019-07-17 03:00:00,0,
CNDN,2019-07-17 04:00:00,0,
CNDN,2019-07-17 05:00:00,0,
CNDN,2019-07-17 06:00:00,0,
CNDN,2019-07-17 07:00:00,0,
CNDN,2019-07-17 08:00:00,0,
CNDN,2019-07-17 09:00:00,0,
CNDN,2019-07-17 10:00:00,0,
CNDN,2019-07-17 11:00:00,0,
CNDN,2019-07-17 12:00:00,0,
CNDN,2019-07-17 13:00:00,0,
CNDN,2019-07-17 14:00:00,0,
CNDN,2019-07-17 15:00:00,0,
CNDN,2019-07-17 16:00:00,0,
CNDN,2019-07-17 17:00:00,0,
CNDN,2019-07-17 18:00:00,0,
CNDN,2019-07-17 19:00:00,0,
CNDN,2019-07-17 20:00:00,0,
CNDN,2019-07-17 21:00:00,0,
CNDN,2019-07-17 22:00:00,0,
CNDN,2019-07-17 23:00:00,0,
CNDN,2019-07-18 00:00:00,0,
CNDN,2019-07-18 01:00:00,0,
CNDN,2019-07-18 02:00:00,0,
CNDN,2019-07-18 03:00:00,0,
CNDN,2019-07-18 04:00:00,0,
CNDN,2019-07-18 05:00:00,0,
CNDN,2019-07-18 06:00:00,0,
CNDN,2019-07-18 07:00:00,0,
CNDN,2019-07-18 08:00:00,0,
CNDN,2019-07-18 09:00:00,0,
CNDN,2019-07-18 10:00:00,0,
CNDN,2019-07-18 11:00:00,0,
CNDN,2019-07-18 12:00:00,0,
CNDN,2019-07-18 13:00:00,0,
CNDN,2019-07-18 14:00:00,0,
CNDN,2019-07-18 15:00:00,-999,
CNDN,2019-07-18 16:00:00,0,
CNDN,2019-07-18 17:00:00,0,
CNDN,2019-07-18 18:00:00,0,
CNDN,2019-07-18 19:00:00,0,
CNDN,2019-07-18 20:00:00,0,
CNDN,2019-07-18 21:00:00,0,
CNDN,2019-07-18 22:00:00,0,
CNDN,2019-07-18 23:00:00,0,
CNDN,2019-07-19 00:00:00,0,
CNDN,2019-07-19 01:00:00,0,
CNDN,2019-07-19 02:00:00,0,
CNDN,2019-07-19 03:00:00,0,
CNDN,2019-07-19 04:00:00,0,
CNDN,2019-07-19 05:00:00,0,
CNDN,2019-07-19 06:00:00,0,
CNDN,2019-07-19 07:00:00,0,
CNDN,2019-07-19 08:00:00,0,
CNDN,2019-07-19 09:00:00,0,
CNDN,2019-07-19 10:00:00,0,
CNDN,2019-07-19 11:00:00,0,
CNDN,2019-07-19 12:00:00,0,
CNDN,2019-07-19 13:00:00,0,
CNDN,2019-07-19 14:00:00,0,
CNDN,2019-07-19 15:00:00,0,
CNDN,2019-07-19 16:00:00,0,
CNDN,2019-07-19 17:00:00,0,
CNDN,2019-07-19 18:00:00,0,
CNDN,2019-07-19 19:00:00,0,
CNDN,2019-07-19 20:00:00,0,
CNDN,2019-07-19 21:00:00,0,
CNDN,2019-07-19 22:00:00,0,
CNDN,2019-07-19 23:00:00,0,
CNDN,2019-07-20 00:00:00,0,
CNDN,2019-07-20 01:00:00,0,
CNDN,2019-07-20 02:00:00,0,
CNDN,2019-07-20 03:00:00,0,
CNDN,2019-07-20 04:00:00,0,
CNDN,2019-07-20 05:00:00,0,
CNDN,2019-07-20 06:00:00,0,
CNDN,2019-07-20 07:00:00,0,
CNDN,2019-07-20 08:00:00,0,
CNDN,2019-07-20 09:00:00,0,
CNDN,2019-07-20 10:00:00,0,
CNDN,2019-07-20 11:00:00,0,
CNDN,2019-07-20 12:00:00,0,
CNDN,2019-07-20 13:00:00,0,
CNDN,2019-07-20 14:00:00,0,
CNDN,2019-07-20 15:00:00,0,
CNDN,2019-07-20 16:00:00,0,
CNDN,2019-07-20 17:00:00,0,
CNDN,2019-07-20 18:00:00,0,
CNDN,2019-07-20 19:00:00,0,
CNDN,2019-07-20 20:00:00,0,
CNDN,2019-07-20 21:00:00,0,
CNDN,2019-07-20 22:00:00,0,
CNDN,2019-07-20 23:00:00,0,
CNDN,2019-07-21 00:00:00,0,
CNDN,2019-07-21 01:00:00,0,
CNDN,2019-07-21 02:00:00,0,
CNDN,2019-07-21 03:00:00,0,
CNDN,2019-07-21 04:00:00,0,
CNDN,2019-07-21 05:00:00,0,
CNDN,2019-07-21 06:00:00,0,
CNDN,2019-07-21 07:00:00,0,
CNDN,2019-07-21 08:00:00,0,
CNDN,2019-07-21 09:00:00,0,
CNDN,2019-07-21 10:00:00,0,
CNDN,2019-07-21 11:00:00,0,
CNDN,2019-07-21 12:00:00,0,
CNDN,2019-07-21 13:00:00,0,
CNDN,2019-07-21 14:00:00,0,
CNDN,2019-07-21 15:00:00,0,
CNDN,2019-07-21 16:00:00,0,
CNDN,2019-07-21 17:00:00,0,
CNDN,2019-07-21 18:00:00,0,
CNDN,2019-07-21 19:00:00,0,
CNDN,2019-07-21 20:00:00,0,
CNDN,2019-07-21 21:00:00,0,
CNDN,2019-07-21 22:00:00,0,
CNDN,2019-07-21 23:00:00,0,
CNDN,2019-07-22 00:00:00,0,
CNDN,2019-07-22 01:00:00,0,
CNDN,2019-07-22 02:00:00,0,
CNDN,2019-07-22 03:00:00,0,
CNDN,2019-07-22 04:00:00,0,
CNDN,2019-07-22 05:00:00,0,
CNDN,2019-07-22 06:00:00,0,
CNDN,2019-07-22 07:00:00,0,
CNDN,2019-07-22 08:00:00,0,
CNDN,2019-07-22 09:00:00,0,
CNDN,2019-07-22 10:00:00,0,
CNDN,2019-07-22 11:00:00,0,
CNDN,2019-07-22 12:00:00,0,
CNDN,2019-07-22 13:00:00,0,
CNDN,2019-07-22 14:00:00,0,
CNDN,2019-07-22 15:00:00,0,
CNDN,2019-07-22 16:00:00,0,
CNDN,2019-07-22 17:00:00,0,
CNDN,2019-07-22 18:00:00,0,
CNDN,2019-07-22 19:00:00,0,
CNDN,2019-07-22 20:00:00,0,
CNDN,2019-07-22 21:00:00,0,
CNDN,2019-07-22 22:00:00,0,
CNDN,2019-07-22 23:00:00,0,
CNDN,2019-07-23 00:00:00,0,
CNDN,2019-07-23 01:00:00,0,
CNDN,2019-07-23 02:00:00,0,
CNDN,2019-07-23 03:00:00,0,
CNDN,2019-07-23 04:00:00,0,
CNDN,2019-07-23 05:00:00,0,
CNDN,2019-07-23 06:00:00,0,
CNDN,2019-07-23 07:00:00,0,
CNDN,2019-07-23 08:00:00,0,
CNDN,2019-07-23 09:00:00,0,
CNDN,2019-07-23 10:00:00,0,
CNDN,2019-07-23 11:00:00,0,
CNDN,2019-07-23 12:00:00,0,
CNDN,2019-07-23 13:00:00,0,
CNDN,2019-07-23 14:00:00,0,
CNDN,2019-07-23 15:00:00,0,
CNDN,2019-07-23 16:00:00,0,
CNDN,2019-07-23 17:00:00,0,
CNDN,2019-07-23 18:00:00,0,
CNDN,2019-07-23 19:00:00,0,
CNDN,2019-07-23 20:00:00,0,
CNDN,2019-07-23 21:00:00,0,
CNDN,2019-07-23 22:00:00,0,
CNDN,2019-07-23 23:00:00,0,
CNDN,2019-07-24 00:00:00,0,
CNDN,2019-07-24 01:00:00,0,
CNDN,2019-07-24 02:00:00,0,
CNDN,2019-07-24 03:00:00,0,
CNDN,2019-07-24 04:00:00,0,
CNDN,2019-07-24 05:00:00,0,
CNDN,2019-07-24 06:00:00,0,
CNDN,2019-07-24 07:00:00,0,
CNDN,2019-07-24 08:00:00,0,
CNDN,2019-07-24 09:00:00,0,
CNDN,2019-07-24 10:00:00,0,
CNDN,2019-07-24 11:00:00,0,
CNDN,2019-07-24 12:00:00,0,
CNDN,2019-07-24 13:00:00,0,
CNDN,2019-07-24 14:00:00,1,
CNDN,2019-07-24 15:00:00,0,
CNDN,2019-07-24 16:00:00,0,
CNDN,2019-07-24 17:00:00,0,
CNDN,2019-07-24 18:00:00,0,
CNDN,2019-07-24 19:00:00,0,
CNDN,2019-07-24 20:00:00,0,
CNDN,2019-07-24 21:00:00,0,
CNDN,2019-07-24 22:00:00,0,
CNDN,2019-07-24 23:00:00,0,
CNDN,2019-07-25 00:00:00,0,
CNDN,2019-07-25 01:00:00,0,
CNDN,2019-07-25 02:00:00,0,
CNDN,2019-07-25 03:00:00,0.2,
CNDN,2019-07-25 04:00:00,0.4,
CNDN,2019-07-25 05:00:00,0,
CNDN,2019-07-25 06:00:00,0.2,
CNDN,2019-07-25 07:00:00,0,
CNDN,2019-07-25 08:00:00,0,
CNDN,2019-07-25 09:00:00,0,
CNDN,2019-07-25 10:00:00,0,
CNDN,2019-07-25 11:00:00,0,
CNDN,2019-07-25 12:00:00,0.2,
CNDN,2019-07-25 13:00:00,0.6,
CNDN,2019-07-25 14:00:00,0.8,
CNDN,2019-07-25 15:00:00,0,
CNDN,2019-07-25 16:00:00,0,
CNDN,2019-07-25 17:00:00,0,
CNDN,2019-07-25 18:00:00,0,
CNDN,2019-07-25 19:00:00,0,
CNDN,2019-07-25 20:00:00,0.2,
CNDN,2019-07-25 21:00:00,6.6,
CNDN,2019-07-25 22:00:00,3,
CNDN,2019-07-25 23:00:00,5.2,
CNDN,2019-07-26 00:00:00,1.2,
CNDN,2019-07-26 01:00:00,1.2,
CNDN,2019-07-26 02:00:00,0.6,
CNDN,2019-07-26 03:00:00,1,
CNDN,2019-07-26 04:00:00,0.8,
CNDN,2019-07-26 05:00:00,1.4,
CNDN,2019-07-26 06:00:00,1,
CNDN,2019-07-26 07:00:00,1.6,
CNDN,2019-07-26 08:00:00,2,
CNDN,2019-07-26 09:00:00,1.6,
CNDN,2019-07-26 10:00:00,1,
CNDN,2019-07-26 11:00:00,0.6,
CNDN,2019-07-26 12:00:00,0.4,
CNDN,2019-07-26 13:00:00,0,
CNDN,2019-07-26 14:00:00,0.2,
CNDN,2019-07-26 15:00:00,0,
CNDN,2019-07-26 16:00:00,0,
CNDN,2019-07-26 17:00:00,0,
CNDN,2019-07-26 18:00:00,0,
CNDN,2019-07-26 19:00:00,0,
CNDN,2019-07-26 20:00:00,0,
CNDN,2019-07-26 21:00:00,0,
CNDN,2019-07-26 22:00:00,0,
CNDN,2019-07-26 23:00:00,0,
CNDN,2019-07-27 00:00:00,0,
CNDN,2019-07-27 01:00:00,0,
CNDN,2019-07-27 02:00:00,0,
CNDN,2019-07-27 03:00:00,0,
CNDN,2019-07-27 04:00:00,0,
CNDN,2019-07-27 05:00:00,0,
CNDN,2019-07-27 06:00:00,0,
CNDN,2019-07-27 07:00:00,0,
CNDN,2019-07-27 08:00:00,0,
CNDN,2019-07-27 09:00:00,0,
CNDN,2019-07-27 10:00:00,0,
CNDN,2019-07-27 11:00:00,0,
CNDN,2019-07-27 12:00:00,0,
CNDN,2019-07-27 13:00:00,0,
CNDN,2019-07-27 14:00:00,0,
CNDN,2019-07-27 15:00:00,0,
CNDN,2019-07-27 16:00:00,0,
CNDN,2019-07-27 17:00:00,0,
CNDN,2019-07-27 18:00:00,0,
CNDN,2019-07-27 19:00:00,0,
CNDN,2019-07-27 20:00:00,0,
CNDN,2019-07-27 21:00:00,0,
CNDN,2019-07-27 22:00:00,0,
CNDN,2019-07-27 23:00:00,0,
CNDN,2019-07-28 00:00:00,0,
CNDN,2019-07-28 01:00:00,0,
CNDN,2019-07-28 02:00:00,0,
CNDN,2019-07-28 03:00:00,0,
CNDN,2019-07-28 04:00:00,0,
CNDN,2019-07-28 05:00:00,0,
CNDN,2019-07-28 06:00:00,0,
CNDN,2019-07-28 07:00:00,0,
CNDN,2019-07-28 08:00:00,0,
CNDN,2019-07-28 09:00:00,0,
CNDN,2019-07-28 10:00:00,0,
CNDN,2019-07-28 11:00:00,0,
CNDN,2019-07-28 12:00:00,0,
CNDN,2019-07-28 13:00:00,0,
CNDN,2019-07-28 14:00:00,0,
CNDN,2019-07-28 15:00:00,0,
CNDN,2019-07-28 16:00:00,0,
CNDN,2019-07-28 17:00:00,0,
CNDN,2019-07-28 18:00:00,0,
CNDN,2019-07-28 19:00:00,0,
CNDN,2019-07-28 20:00:00,0,
CNDN,2019-07-28 21:00:00,0,
CNDN,2019-07-28 22:00:00,0,
CNDN,2019-07-28 23:00:00,0,
CNDN,2019-07-29 00:00:00,0,
CNDN,2019-07-29 01:00:00,0,
CNDN,2019-07-29 02:00:00,0,
CNDN,2019-07-29 03:00:00,0,
CNDN,2019-07-29 04:00:00,0,
CNDN,2019-07-29 05:00:00,0,
CNDN,2019-07-29 06:00:00,0,
CNDN,2019-07-29 07:00:00,0,
CNDN,2019-07-29 08:00:00,0,
CNDN,2019-07-29 09:00:00,0,
CNDN,2019-07-29 10:00:00,0,
CNDN,2019-07-29 11:00:00,0,
CNDN,2019-07-29 12:00:00,0,
CNDN,2019-07-29 13:00:00,0,
CNDN,2019-07-29 14:00:00,0,
CNDN,2019-07-29 15:00:00,0,
CNDN,2019-07-29 16:00:00,0,
CNDN,2019-07-29 17:00:00,0,
CNDN,2019-07-29 18:00:00,0,
CNDN,2019-07-29 19:00:00,0,
CNDN,2019-07-29 20:00:00,0,
CNDN,2019-07-29 21:00:00,0,
CNDN,2019-07-29 22:00:00,0,
CNDN,2019-07-29 23:00:00,0,
CNDN,2019-07-30 00:00:00,0,
CNDN,2019-07-30 01:00:00,0,
CNDN,2019-07-30 02:00:00,0,
CNDN,2019-07-30 03:00:00,0,
CNDN,2019-07-30 04:00:00,0,
CNDN,2019-07-30 05:00:00,0,
CNDN,2019-07-30 06:00:00,0,
CNDN,2019-07-30 07:00:00,0,
CNDN,2019-07-30 08:00:00,0,
CNDN,2019-07-30 09:00:00,0,
CNDN,2019-07-30 10:00:00,0,
CNDN,2019-07-30 11:00:00,0,
CNDN,2019-07-30 12:00:00,0,
CNDN,2019-07-30 13:00:00,0,
CNDN,2019-07-30 14:00:00,0,
CNDN,2019-07-30 15:00:00,0,
CNDN,2019-07-30 16:00:00,0,
CNDN,2019-07-30 17:00:00,0,
CNDN,2019-07-30 18:00:00,0,
CNDN,2019-07-30 19:00:00,0,
CNDN,2019-07-30 20:00:00,0,
CNDN,2019-07-30 21:00:00,3.6,
CNDN,2019-07-30 22:00:00,3,
CNDN,2019-07-30 23:00:00,1.2,
CNDN,2019-07-31 00:00:00,0,
CNDN,2019-07-31 01:00:00,0,
CNDN,2019-07-31 02:00:00,0,
CNDN,2019-07-31 03:00:00,0,
CNDN,2019-07-31 04:00:00,0,
CNDN,2019-07-31 05:00:00,0,
CNDN,2019-07-31 06:00:00,0,
CNDN,2019-07-31 07:00:00,0,
CNDN,2019-07-31 08:00:00,0,
CNDN,2019-07-31 09:00:00,0,
CNDN,2019-07-31 10:00:00,0,
CNDN,2019-07-31 11:00:00,0,
CNDN,2019-07-31 12:00:00,0,
CNDN,2019-07-31 13:00:00,0,
CNDN,2019-07-31 14:00:00,0,
CNDN,2019-07-31 15:00:00,0,
CNDN,2019-07-31 16:00:00,0,
CNDN,2019-07-31 17:00:00,0,
CNDN,2019-07-31 18:00:00,0,
CNDN,2019-07-31 19:00:00,0,
CNDN,2019-07-31 20:00:00,3.8,
CNDN,2019-07-31 21:00:00,3.4,
CNDN,2019-07-31 22:00:00,2,
CNDN,2019-07-31 23:00:00,0,
TRON,2019-07-01 00:00:00,0,
TRON,2019-07-01 01:00:00,0,
TRON,2019-07-01 02:00:00,0,
TRON,2019-07-01 03:00:00,0,
TRON,2019-07-01 04:00:00,0,
TRON,2019-07-01 05:00:00,0,
TRON,2019-07-01 06:00:00,0,
TRON,2019-07-01 07:00:00,0,
TRON,2019-07-01 08:00:00,0,
TRON,2019-07-01 09:00:00,0,
TRON,2019-07-01 10:00:00,0,
TRON,2019-07-01 11:00:00,0,
TRON,2019-07-01 12:00:00,0,
TRON,2019-07-01 13:00:00,0,
TRON,2019-07-01 14:00:00,0,
TRON,2019-07-01 15:00:00,0,
TRON,2019-07-01 16:00:00,0,
TRON,2019-07-01 17:00:00,0,
TRON,2019-07-01 18:00:00,0,
TRON,2019-07-01 19:00:00,0,
TRON,2019-07-01 20:00:00,-999,
TRON,2019-07-01 21:00:00,0,
TRON,2019-07-01 22:00:00,0,
TRON,2019-07-01 23:00:00,-999,
TRON,2019-07-02 00:00:00,-999,
TRON,2019-07-02 01:00:00,0,
TRON,2019-07-02 02:00:00,0,
TRON,2019-07-02 03:00:00,0,
TRON,2019-07-02 04:00:00,0,
TRON,2019-07-02 05:00:00,0,
TRON,2019-07-02 06:00:00,0,
TRON,2019-07-02 07:00:00,0.6,
TRON,2019-07-02 08:00:00,0.4,
TRON,2019-07-02 09:00:00,0.2,
TRON,2019-07-02 10:00:00,0.2,
TRON,2019-07-02 11:00:00,0,
TRON,2019-07-02 12:00:00,0.2,
TRON,2019-07-02 13:00:00,0.6,
TRON,2019-07-02 14:00:00,0,
TRON,2019-07-02 15:00:00,0,
TRON,2019-07-02 16:00:00,0,
TRON,2019-07-02 17:00:00,0.2,
TRON,2019-07-02 18:00:00,0,
TRON,2019-07-02 19:00:00,0,
TRON,2019-07-02 20:00:00,0,
TRON,2019-07-02 21:00:00,0,
TRON,2019-07-02 22:00:00,0,
TRON,2019-07-02 23:00:00,0,
TRON,2019-07-03 00:00:00,0,
TRON,2019-07-03 01:00:00,0,
TRON,2019-07-03 02:00:00,0,
TRON,2019-07-03 03:00:00,0,
TRON,2019-07-03 04:00:00,0,
TRON,2019-07-03 05:00:00,0,
TRON,2019-07-03 06:00:00,1,
TRON,2019-07-03 07:00:00,0.4,
TRON,2019-07-03 08:00:00,0,
TRON,2019-07-03 09:00:00,0,
TRON,2019-07-03 10:00:00,0.4,
TRON,2019-07-03 11:00:00,0.4,
TRON,2019-07-03 12:00:00,0,
TRON,2019-07-03 13:00:00,3,
TRON,2019-07-03 14:00:00,2.2,
TRON,2019-07-03 15:00:00,0.2,
TRON,2019-07-03 16:00:00,0,
TRON,2019-07-03 17:00:00,0,
TRON,2019-07-03 18:00:00,0,
TRON,2019-07-03 19:00:00,0,
TRON,2019-07-03 20:00:00,0,
TRON,2019-07-03 21:00:00,0,
TRON,2019-07-03 22:00:00,0,
TRON,2019-07-03 23:00:00,0,
TRON,2019-07-04 00:00:00,0,
TRON,2019-07-04 01:00:00,0,
TRON,2019-07-04 02:00:00,0,
TRON,2019-07-04 03:00:00,0,
TRON,2019-07-04 04:00:00,0,
TRON,2019-07-04 05:00:00,0,
TRON,2019-07-04 06:00:00,0,
TRON,2019-07-04 07:00:00,0,
TRON,2019-07-04 08:00:00,0,
TRON,2019-07-04 09:00:00,0,
TRON,2019-07-04 10:00:00,0,
TRON,2019-07-04 11:00:00,0,
TRON,2019-07-04 12:00:00,0,
TRON,2019-07-04 13:00:00,0,
TRON,2019-07-04 14:00:00,0,
TRON,2019-07-04 15:00:00,0,
TRON,2019-07-04 16:00:00,0,
TRON,2019-07-04 17:00:00,0,
TRON,2019-07-04 18:00:00,0,
TRON,2019-07-04 19:00:00,0,
TRON,2019-07-04 20:00:00,0,
TRON,2019-07-04 21:00:00,0,
TRON,2019-07-04 22:00:00,0,
TRON,2019-07-04 23:00:00,0,
TRON,2019-07-05 00:00:00,0,
TRON,2019-07-05 01:00:00,0,
TRON,2019-07-05 02:00:00,0,
TRON,2019-07-05 03:00:00,0,
TRON,2019-07-05 04:00:00,0,
TRON,2019-07-05 05:00:00,0,
TRON,2019-07-05 06:00:00,0,
TRON,2019-07-05 07:00:00,0,
TRON,2019-07-05 08:00:00,0,
TRON,2019-07-05 09:00:00,0,
TRON,2019-07-05 10:00:00,0,
TRON,2019-07-05 11:00:00,-999,
TRON,2019-07-05 12:00:00,0,
TRON,2019-07-05 13:00:00,0,
TRON,2019-07-05 14:00:00,0,
TRON,2019-07-05 15:00:00,-999,
TRON,2019-07-05 16:00:00,-999,
TRON,2019-07-05 17:00:00,-999,
TRON,2019-07-05 18:00:00,0,
TRON,2019-07-05 19:00:00,0,
TRON,2019-07-05 20:00:00,0,
TRON,2019-07-05 21:00:00,0,
TRON,2019-07-05 22:00:00,0,
TRON,2019-07-05 23:00:00,0,
TRON,2019-07-06 00:00:00,0,
TRON,2019-07-06 01:00:00,0,
TRON,2019-07-06 02:00:00,0,
TRON,2019-07-06 03:00:00,0,
TRON,2019-07-06 04:00:00,0,
TRON,2019-07-06 05:00:00,0,
TRON,2019-07-06 06:00:00,0,
TRON,2019-07-06 07:00:00,0,
TRON,2019-07-06 08:00:00,0,
TRON,2019-07-06 09:00:00,0,
TRON,2019-07-06 10:00:00,0,
TRON,2019-07-06 11:00:00,0,
TRON,2019-07-06 12:00:00,0,
TRON,2019-07-06 13:00:00,0,
TRON,2019-07-06 14:00:00,0,
TRON,2019-07-06 15:00:00,0,
TRON,2019-07-06 16:00:00,0,
TRON,2019-07-06 17:00:00,0,
TRON,2019-07-06 18:00:00,0,
TRON,2019-07-06 19:00:00,0,
TRON,2019-07-06 20:00:00,0,
TRON,2019-07-06 21:00:00,0,
TRON,2019-07-06 22:00:00,0,
TRON,2019-07-06 23:00:00,0,
TRON,2019-07-07 00:00:00,0,
TRON,2019-07-07 01:00:00,0,
TRON,2019-07-07 02:00:00,0,
TRON,2019-07-07 03:00:00,0,
TRON,2019-07-07 04:00:00,1.4,
TRON,2019-07-07 05:00:00,0.6,
TRON,2019-07-07 06:00:00,0,
TRON,2019-07-07 07:00:00,1.4,
TRON,2019-07-07 08:00:00,0.4,
TRON,2019-07-07 09:00:00,0,
TRON,2019-07-07 10:00:00,0,
TRON,2019-07-07 11:00:00,0,
TRON,2019-07-07 12:00:00,0,
TRON,2019-07-07 13:00:00,0,
TRON,2019-07-07 14:00:00,0,
TRON,2019-07-07 15:00:00,0,
TRON,2019-07-07 16:00:00,0,
TRON,2019-07-07 17:00:00,0,
TRON,2019-07-07 18:00:00,0,
TRON,2019-07-07 19:00:00,0,
TRON,2019-07-07 20:00:00,0,
TRON,2019-07-07 21:00:00,0,
TRON,2019-07-07 22:00:00,0,
TRON,2019-07-07 23:00:00,0,
TRON,2019-07-08 00:00:00,0,
TRON,2019-07-08 01:00:00,0,
TRON,2019-07-08 02:00:00,0,
TRON,2019-07-08 03:00:00,0,
TRON,2019-07-08 04:00:00,0,
TRON,2019-07-08 05:00:00,0,
TRON,2019-07-08 06:00:00,0,
TRON,2019-07-08 07:00:00,0,
TRON,2019-07-08 08:00:00,0,
TRON,2019-07-08 09:00:00,0,
TRON,2019-07-08 10:00:00,0,
TRON,2019-07-08 11:00:00,0,
TRON,2019-07-08 12:00:00,0,
TRON,2019-07-08 13:00:00,0,
TRON,2019-07-08 14:00:00,0,
TRON,2019-07-08 15:00:00,0,
TRON,2019-07-08 16:00:00,2.8,
TRON,2019-07-08 17:00:00,0,
TRON,2019-07-08 18:00:00,0,
TRON,2019-07-08 19:00:00,0,
TRON,2019-07-08 20:00:00,0,
TRON,2019-07-08 21:00:00,0,
TRON,2019-07-08 22:00:00,0,
TRON,2019-07-08 23:00:00,0,
TRON,2019-07-09 00:00:00,0,
TRON,2019-07-09 01:00:00,0,
TRON,2019-07-09 02:00:00,0,
TRON,2019-07-09 03:00:00,0,
TRON,2019-07-09 04:00:00,0,
TRON,2019-07-09 05:00:00,0,
TRON,2019-07-09 06:00:00,0,
TRON,2019-07-09 07:00:00,0,
TRON,2019-07-09 08:00:00,0,
TRON,2019-07-09 09:00:00,0,
TRON,2019-07-09 10:00:00,0,
TRON,2019-07-09 11:00:00,0,
TRON,2019-07-09 12:00:00,0,
TRON,2019-07-09 13:00:00,0,
TRON,2019-07-09 14:00:00,0,
TRON,2019-07-09 15:00:00,0,
TRON,2019-07-09 16:00:00,0,
TRON,2019-07-09 17:00:00,0,
TRON,2019-07-09 18:00:00,0,
TRON,2019-07-09 19:00:00,0,
TRON,2019-07-09 20:00:00,0,
TRON,2019-07-09 21:00:00,0,
TRON,2019-07-09 22:00:00,0,
TRON,2019-07-09 23:00:00,0,
TRON,2019-07-10 00:00:00,0,
TRON,2019-07-10 01:00:00,0,
TRON,2019-07-10 02:00:00,0,
TRON,2019-07-10 03:00:00,0,
TRON,2019-07-10 04:00:00,0,
TRON,2019-07-10 05:00:00,0,
TRON,2019-07-10 06:00:00,0,
TRON,2019-07-10 07:00:00,0,
TRON,2019-07-10 08:00:00,0,
TRON,2019-07-10 09:00:00,0,
TRON,2019-07-10 10:00:00,0,
TRON,2019-07-10 11:00:00,0,
TRON,2019-07-10 12:00:00,0,
TRON,2019-07-10 13:00:00,0,
TRON,2019-07-10 14:00:00,0,
TRON,2019-07-10 15:00:00,0,
TRON,2019-07-10 16:00:00,0,
TRON,2019-07-10 17:00:00,0.2,
TRON,2019-07-10 18:00:00,0,
TRON,2019-07-10 19:00:00,0,
TRON,2019-07-10 20:00:00,0,
TRON,2019-07-10 21:00:00,0,
TRON,2019-07-10 22:00:00,0,
TRON,2019-07-10 23:00:00,0,
TRON,2019-07-11 00:00:00,0,
TRON,2019-07-11 01:00:00,0,
TRON,2019-07-11 02:00:00,0.2,
TRON,2019-07-11 03:00:00,0,
TRON,2019-07-11 04:00:00,0,
TRON,2019-07-11 05:00:00,0,
TRON,2019-07-11 06:00:00,0,
TRON,2019-07-11 07:00:00,0,
TRON,2019-07-11 08:00:00,0,
TRON,2019-07-11 09:00:00,0,
TRON,2019-07-11 10:00:00,0,
TRON,2019-07-11 11:00:00,0,
TRON,2019-07-11 12:00:00,0,
TRON,2019-07-11 13:00:00,0,
TRON,2019-07-11 14:00:00,0,
TRON,2019-07-11 15:00:00,0,
TRON,2019-07-11 16:00:00,0,
TRON,2019-07-11 17:00:00,0,
TRON,2019-07-11 18:00:00,0,
TRON,2019-07-11 19:00:00,-999,
TRON,2019-07-11 20:00:00,0,
TRON,2019-07-11 21:00:00,0,
TRON,2019-07-11 22:00:00,0,
TRON,2019-07-11 23:00:00,0,
TRON,2019-07-12 00:00:00,0,
TRON,2019-07-12 01:00:00,0,
TRON,2019-07-12 02:00:00,0,
TRON,2019-07-12 03:00:00,0,
TRON,2019-07-12 04:00:00,0,
TRON,2019-07-12 05:00:00,0,
TRON,2019-07-12 06:00:00,0,
TRON,2019-07-12 07:00:00,0,
TRON,2019-07-12 08:00:00,0,
TRON,2019-07-12 09:00:00,0,
TRON,2019-07-12 10:00:00,0,
TRON,2019-07-12 11:00:00,0,
TRON,2019-07-12 12:00:00,0,
TRON,2019-07-12 13:00:00,0,
TRON,2019-07-12 14:00:00,0,
TRON,2019-07-12 15:00:00,0,
TRON,2019-07-12 16:00:00,0,
TRON,2019-07-12 17:00:00,0,
TRON,2019-07-12 18:00:00,0,
TRON,2019-07-12 19:00:00,0,
TRON,2019-07-12 20:00:00,0,
TRON,2019-07-12 21:00:00,0,
TRON,2019-07-12 22:00:00,0,
TRON,2019-07-12 23:00:00,0,
TRON,2019-07-13 00:00:00,0,
TRON,2019-07-13 01:00:00,0,
TRON,2019-07-13 02:00:00,0,
TRON,2019-07-13 03:00:00,0,
TRON,2019-07-13 04:00:00,0,
TRON,2019-07-13 05:00:00,0,
TRON,2019-07-13 06:00:00,0,
TRON,2019-07-13 07:00:00,0,
TRON,2019-07-13 08:00:00,0,
TRON,2019-07-13 09:00:00,0,
TRON,2019-07-13 10:00:00,0,
TRON,2019-07-13 11:00:00,0,
TRON,2019-07-13 12:00:00,0,
TRON,2019-07-13 13:00:00,0,
TRON,2019-07-13 14:00:00,0,
TRON,2019-07-13 15:00:00,0,
TRON,2019-07-13 16:00:00,0,
TRON,2019-07-13 17:00:00,0,
TRON,2019-07-13 18:00:00,0,
TRON,2019-07-13 19:00:00,0,
TRON,2019-07-13 20:00:00,0,
TRON,2019-07-13 21:00:00,0,
TRON,2019-07-13 22:00:00,0,
TRON,2019-07-13 23:00:00,0,
TRON,2019-07-14 00:00:00,0,
TRON,2019-07-14 01:00:00,0,
TRON,2019-07-14 02:00:00,0,
TRON,2019-07-14 03:00:00,0,
TRON,2019-07-14 04:00:00,0,
TRON,2019-07-14 05:00:00,0,
TRON,2019-07-14 06:00:00,0,
TRON,2019-07-14 07:00:00,0,
TRON,2019-07-14 08:00:00,0,
TRON,2019-07-14 09:00:00,0,
TRON,2019-07-14 10:00:00,0,
TRON,2019-07-14 11:00:00,0,
TRON,2019-07-14 12:00:00,0.2,
TRON,2019-07-14 13:00:00,0,
TRON,2019-07-14 14:00:00,0,
TRON,2019-07-14 15:00:00,0,
TRON,2019-07-14 16:00:00,0,
TRON,2019-07-14 17:00:00,0,
TRON,2019-07-14 18:00:00,0,
TRON,2019-07-14 19:00:00,0,
TRON,2019-07-14 20:00:00,0,
TRON,2019-07-14 21:00:00,0,
TRON,2019-07-14 22:00:00,0,
TRON,2019-07-14 23:00:00,0,
TRON,2019-07-15 00:00:00,0,
TRON,2019-07-15 01:00:00,0,
TRON,2019-07-15 02:00:00,0,
TRON,2019-07-15 03:00:00,0,
TRON,2019-07-15 04:00:00,0,
TRON,2019-07-15 05:00:00,0,
TRON,2019-07-15 06:00:00,0,
TRON,2019-07-15 07:00:00,0,
TRON,2019-07-15 08:00:00,0,
TRON,2019-07-15 09:00:00,0,
TRON,2019-07-15 10:00:00,0,
TRON,2019-07-15 11:00:00,0,
TRON,2019-07-15 12:00:00,0,
TRON,2019-07-15 13:00:00,0,
TRON,2019-07-15 14:00:00,0,
TRON,2019-07-15 15:00:00,0,
TRON,2019-07-15 16:00:00,0,
TRON,2019-07-15 17:00:00,0,
TRON,2019-07-15 18:00:00,1.6,
TRON,2019-07-15 19:00:00,2.2,
TRON,2019-07-15 20:00:00,0,
TRON,2019-07-15 21:00:00,0,
TRON,2019-07-15 22:00:00,0,
TRON,2019-07-15 23:00:00,0,
TRON,2019-07-16 00:00:00,0,
TRON,2019-07-16 01:00:00,0,
TRON,2019-07-16 02:00:00,0,
TRON,2019-07-16 03:00:00,0,
TRON,2019-07-16 04:00:00,0,
TRON,2019-07-16 05:00:00,0,
TRON,2019-07-16 06:00:00,0,
TRON,2019-07-16 07:00:00,0,
TRON,2019-07-16 08:00:00,0,
TRON,2019-07-16 09:00:00,0,
TRON,2019-07-16 10:00:00,0,
TRON,2019-07-16 11:00:00,0,
TRON,2019-07-16 12:00:00,0,
TRON,2019-07-16 13:00:00,0,
TRON,2019-07-16 14:00:00,0,
TRON,2019-07-16 15:00:00,0,
TRON,2019-07-16 16:00:00,0,
TRON,2019-07-16 17:00:00,0,
TRON,2019-07-16 18:00:00,0,
TRON,2019-07-16 19:00:00,0,
TRON,2019-07-16 20:00:00,0,
TRON,2019-07-16 21:00:00,0,
TRON,2019-07-16 22:00:00,0,
TRON,2019-07-16 23:00:00,0,
TRON,2019-07-17 00:00:00,0,
TRON,2019-07-17 01:00:00,0,
TRON,2019-07-17 02:00:00,0,
TRON,2019-07-17 03:00:00,0,
TRON,2019-07-17 04:00:00,0,
TRON,2019-07-17 05:00:00,0,
TRON,2019-07-17 06:00:00,0,
TRON,2019-07-17 07:00:00,0,
TRON,2019-07-17 08:00:00,0,
TRON,2019-07-17 09:00:00,0,
TRON,2019-07-17 10:00:00,0,
TRON,2019-07-17 11:00:00,0,
TRON,2019-07-17 12:00:00,0,
TRON,2019-07-17 13:00:00,0,
TRON,2019-07-17 14:00:00,0,
TRON,2019-07-17 15:00:00,0,
TRON,2019-07-17 16:00:00,0,
TRON,2019-07-17 17:00:00,0,
TRON,2019-07-17 18:00:00,0,
TRON,2019-07-17 19:00:00,0,
TRON,2019-07-17 20:00:00,0,
TRON,2019-07-17 21:00:00,0,
TRON,2019-07-17 22:00:00,0,
TRON,2019-07-17 23:00:00,0,
TRON,2019-07-18 00:00:00,0,
TRON,2019-07-18 01:00:00,0,
TRON,2019-07-18 02:00:00,0,
TRON,2019-07-18 03:00:00,0,
TRON,2019-07-18 04:00:00,0,
TRON,2019-07-18 05:00:00,0,
TRON,2019-07-18 06:00:00,0,
TRON,2019-07-18 07:00:00,0,
TRON,2019-07-18 08:00:00,0,
TRON,2019-07-18 09:00:00,0,
TRON,2019-07-18 10:00:00,0,
TRON,2019-07-18 11:00:00,0,
TRON,2019-07-18 12:00:00,0,
TRON,2019-07-18 13:00:00,0,
TRON,2019-07-18 14:00:00,0,
TRON,2019-07-18 15:00:00,0,
TRON,2019-07-18 16:00:00,0,
TRON,2019-07-18 17:00:00,0,
TRON,2019-07-18 18:00:00,0,
TRON,2019-07-18 19:00:00,0,
TRON,2019-07-18 20:00:00,0,
TRON,2019-07-18 21:00:00,0,
TRON,2019-07-18 22:00:00,-999,
TRON,2019-07-18 23:00:00,0,
TRON,2019-07-19 00:00:00,0,
TRON,2019-07-19 01:00:00,0,
TRON,2019-07-19 02:00:00,0,
TRON,2019-07-19 03:00:00,0,
TRON,2019-07-19 04:00:00,0,
TRON,2019-07-19 05:00:00,0,
TRON,2019-07-19 06:00:00,0,
TRON,2019-07-19 07:00:00,0,
TRON,2019-07-19 08:00:00,0,
TRON,2019-07-19 09:00:00,0,
TRON,2019-07-19 10:00:00,0,
TRON,2019-07-19 11:00:00,0,
TRON,2019-07-19 12:00:00,0,
TRON,2019-07-19 13:00:00,0,
TRON,2019-07-19 14:00:00,0,
TRON,2019-07-19 15:00:00,0,
TRON,2019-07-19 16:00:00,0,
TRON,2019-07-19 17:00:00,0,
TRON,2019-07-19 18:00:00,0,
TRON,2019-07-19 19:00:00,0,
TRON,2019-07-19 20:00:00,0,
TRON,2019-07-19 21:00:00,0,
TRON,2019-07-19 22:00:00,0,
TRON,2019-07-19 23:00:00,0,
TRON,2019-07-20 00:00:00,0,
TRON,2019-07-20 01:00:00,0,
TRON,2019-07-20 02:00:00,0,
TRON,2019-07-20 03:00:00,0,
TRON,2019-07-20 04:00:00,0,
TRON,2019-07-20 05:00:00,0,
TRON,2019-07-20 06:00:00,0,
TRON,2019-07-20 07:00:00,0,
TRON,2019-07-20 08:00:00,0,
TRON,2019-07-20 09:00:00,0,
TRON,2019-07-20 10:00:00,0,
TRON,2019-07-20 11:00:00,0,
TRON,2019-07-20 12:00:00,0,
TRON,2019-07-20 13:00:00,0,
TRON,2019-07-20 14:00:00,0,
TRON,2019-07-20 15:00:00,0,
TRON,2019-07-20 16:00:00,0,
TRON,2019-07-20 17:00:00,0,
TRON,2019-07-20 18:00:00,0,
TRON,2019-07-20 19:00:00,0,
TRON,2019-07-20 20:00:00,0,
TRON,2019-07-20 21:00:00,0,
TRON,2019-07-20 22:00:00,0,
TRON,2019-07-20 23:00:00,0,
TRON,2019-07-21 00:00:00,0,
TRON,2019-07-21 01:00:00,0,
TRON,2019-07-21 02:00:00,0,
TRON,2019-07-21 03:00:00,0,
TRON,2019-07-21 04:00:00,0,
TRON,2019-07-21 05:00:00,0,
TRON,2019-07-21 06:00:00,0,
TRON,2019-07-21 07:00:00,0,
TRON,2019-07-21 08:00:00,0,
TRON,2019-07-21 09:00:00,0,
TRON,2019-07-21 10:00:00,0,
TRON,2019-07-21 11:00:00,0,
TRON,2019-07-21 12:00:00,0,
TRON,2019-07-21 13:00:00,0,
TRON,2019-07-21 14:00:00,0,
TRON,2019-07-21 15:00:00,0,
TRON,2019-07-21 16:00:00,0,
TRON,2019-07-21 17:00:00,0,
TRON,2019-07-21 18:00:00,3.2,
TRON,2019-07-21 19:00:00,0,
TRON,2019-07-21 20:00:00,0,
TRON,2019-07-21 21:00:00,0,
TRON,2019-07-21 22:00:00,0,
TRON,2019-07-21 23:00:00,0,
TRON,2019-07-22 00:00:00,0,
TRON,2019-07-22 01:00:00,0,
TRON,2019-07-22 02:00:00,0,
TRON,2019-07-22 03:00:00,0,
TRON,2019-07-22 04:00:00,0,
TRON,2019-07-22 05:00:00,0,
TRON,2019-07-22 06:00:00,0,
TRON,2019-07-22 07:00:00,0,
TRON,2019-07-22 08:00:00,0,
TRON,2019-07-22 09:00:00,0,
TRON,2019-07-22 10:00:00,0,
TRON,2019-07-22 11:00:00,0,
TRON,2019-07-22 12:00:00,0,
TRON,2019-07-22 13:00:00,0,
TRON,2019-07-22 14:00:00,0,
TRON,2019-07-22 15:00:00,0,
TRON,2019-07-22 16:00:00,0,
TRON,2019-07-22 17:00:00,0,
TRON,2019-07-22 18:00:00,0,
TRON,2019-07-22 19:00:00,0,
TRON,2019-07-22 20:00:00,0,
TRON,2019-07-22 21:00:00,0,
TRON,2019-07-22 22:00:00,0,
TRON,2019-07-22 23:00:00,0,
TRON,2019-07-23 00:00:00,0,
TRON,2019-07-23 01:00:00,0,
TRON,2019-07-23 02:00:00,0,
TRON,2019-07-23 03:00:00,0,
TRON,2019-07-23 04:00:00,0,
TRON,2019-07-23 05:00:00,0,
TRON,2019-07-23 06:00:00,0,
TRON,2019-07-23 07:00:00,0,
TRON,2019-07-23 08:00:00,0,
TRON,2019-07-23 09:00:00,0,
TRON,2019-07-23 10:00:00,0,
TRON,2019-07-23 11:00:00,0,
TRON,2019-07-23 12:00:00,0,
TRON,2019-07-23 13:00:00,0,
TRON,2019-07-23 14:00:00,0,
TRON,2019-07-23 15:00:00,0,
TRON,2019-07-23 16:00:00,0,
TRON,2019-07-23 17:00:00,0,
TRON,2019-07-23 18:00:00,0,
TRON,2019-07-23 19:00:00,0,
TRON,2019-07-23 20:00:00,0,
TRON,2019-07-23 21:00:00,0,
TRON,2019-07-23 22:00:00,0,
TRON,2019-07-23 23:00:00,0,
TRON,2019-07-24 00:00:00,0,
TRON,2019-07-24 01:00:00,0,
TRON,2019-07-24 02:00:00,0,
TRON,2019-07-24 03:00:00,0,
TRON,2019-07-24 04:00:00,0,
TRON,2019-07-24 05:00:00,0,
TRON,2019-07-24 06:00:00,0,
TRON,2019-07-24 07:00:00,0,
TRON,2019-07-24 08:00:00,0,
TRON,2019-07-24 09:00:00,0,
TRON,2019-07-24 10:00:00,0,
TRON,2019-07-24 11:00:00,0,
TRON,2019-07-24 12:00:00,0,
TRON,2019-07-24 13:00:00,0.2,
TRON,2019-07-24 14:00:00,0.8,
TRON,2019-07-24 15:00:00,0,
TRON,2019-07-24 16:00:00,0,
TRON,2019-07-24 17:00:00,0,
TRON,2019-07-24 18:00:00,0,
TRON,2019-07-24 19:00:00,0,
TRON,2019-07-24 20:00:00,0,
TRON,2019-07-24 21:00:00,0,
TRON,2019-07-24 22:00:00,0,
TRON,2019-07-24 23:00:00,0,
TRON,2019-07-25 00:00:00,0,
TRON,2019-07-25 01:00:00,0,
TRON,2019-07-25 02:00:00,0.6,
TRON,2019-07-25 03:00:00,0,
TRON,2019-07-25 04:00:00,0,
TRON,2019-07-25 05:00:00,0,
TRON,2019-07-25 06:00:00,0,
TRON,2019-07-25 07:00:00,0,
TRON,2019-07-25 08:00:00,0,
TRON,2019-07-25 09:00:00,0,
TRON,2019-07-25 10:00:00,0,
TRON,2019-07-25 11:00:00,0,
TRON,2019-07-25 12:00:00,0,
TRON,2019-07-25 13:00:00,0,
TRON,2019-07-25 14:00:00,0,
TRON,2019-07-25 15:00:00,0,
TRON,2019-07-25 16:00:00,0,
TRON,2019-07-25 17:00:00,0,
TRON,2019-07-25 18:00:00,0,
TRON,2019-07-25 19:00:00,0,
TRON,2019-07-25 20:00:00,0,
TRON,2019-07-25 21:00:00,0,
TRON,2019-07-25 22:00:00,0,
TRON,2019-07-25 23:00:00,0,
TRON,2019-07-26 00:00:00,0,
TRON,2019-07-26 01:00:00,0,
TRON,2019-07-26 02:00:00,0,
TRON,2019-07-26 03:00:00,0,
TRON,2019-07-26 04:00:00,0,
TRON,2019-07-26 05:00:00,0,
TRON,2019-07-26 06:00:00,0,
TRON,2019-07-26 07:00:00,0,
TRON,2019-07-26 08:00:00,0,
TRON,2019-07-26 09:00:00,0,
TRON,2019-07-26 10:00:00,0,
TRON,2019-07-26 11:00:00,0,
TRON,2019-07-26 12:00:00,0,
TRON,2019-07-26 13:00:00,0,
TRON,2019-07-26 14:00:00,0,
TRON,2019-07-26 15:00:00,0,
TRON,2019-07-26 16:00:00,0,
TRON,2019-07-26 17:00:00,0,
TRON,2019-07-26 18:00:00,0,
TRON,2019-07-26 19:00:00,0,
TRON,2019-07-26 20:00:00,0,
TRON,2019-07-26 21:00:00,0,
TRON,2019-07-26 22:00:00,0,
TRON,2019-07-26 23:00:00,0,
TRON,2019-07-27 00:00:00,0,
TRON,2019-07-27 01:00:00,0,
TRON,2019-07-27 02:00:00,0,
TRON,2019-07-27 03:00:00,0,
TRON,2019-07-27 04:00:00,0,
TRON,2019-07-27 05:00:00,0,
TRON,2019-07-27 06:00:00,0,
TRON,2019-07-27 07:00:00,0,
TRON,2019-07-27 08:00:00,0.2,
TRON,2019-07-27 09:00:00,0,
TRON,2019-07-27 10:00:00,0.2,
TRON,2019-07-27 11:00:00,0.2,
TRON,2019-07-27 12:00:00,0,
TRON,2019-07-27 13:00:00,0.2,
TRON,2019-07-27 14:00:00,0.2,
TRON,2019-07-27 15:00:00,0,
TRON,2019-07-27 16:00:00,0,
TRON,2019-07-27 17:00:00,0,
TRON,2019-07-27 18:00:00,0,
TRON,2019-07-27 19:00:00,0,
TRON,2019-07-27 20:00:00,0,
TRON,2019-07-27 21:00:00,0,
TRON,2019-07-27 22:00:00,0,
TRON,2019-07-27 23:00:00,0,
TRON,2019-07-28 00:00:00,0,
TRON,2019-07-28 01:00:00,0,
TRON,2019-07-28 02:00:00,0,
TRON,2019-07-28 03:00:00,0,
TRON,2019-07-28 04:00:00,0,
TRON,2019-07-28 05:00:00,0,
TRON,2019-07-28 06:00:00,0,
TRON,2019-07-28 07:00:00,0,
TRON,2019-07-28 08:00:00,0,
TRON,2019-07-28 09:00:00,0,
TRON,2019-07-28 10:00:00,0,
TRON,2019-07-28 11:00:00,0,
TRON,2019-07-28 12:00:00,0,
TRON,2019-07-28 13:00:00,0,
TRON,2019-07-28 14:00:00,0,
TRON,2019-07-28 15:00:00,0,
TRON,2019-07-28 16:00:00,0,
TRON,2019-07-28 17:00:00,0,
TRON,2019-07-28 18:00:00,0,
TRON,2019-07-28 19:00:00,0,
TRON,2019-07-28 20:00:00,0,
TRON,2019-07-28 21:00:00,0,
TRON,2019-07-28 22:00:00,0,
TRON,2019-07-28 23:00:00,0,
TRON,2019-07-29 00:00:00,0,
TRON,2019-07-29 01:00:00,0,
TRON,2019-07-29 02:00:00,0,
TRON,2019-07-29 03:00:00,0,
TRON,2019-07-29 04:00:00,0,
TRON,2019-07-29 05:00:00,0,
TRON,2019-07-29 06:00:00,0,
TRON,2019-07-29 07:00:00,0,
TRON,2019-07-29 08:00:00,0,
TRON,2019-07-29 09:00:00,0,
TRON,2019-07-29 10:00:00,0,
TRON,2019-07-29 11:00:00,0,
TRON,2019-07-29 12:00:00,0,
TRON,2019-07-29 13:00:00,0,
TRON,2019-07-29 14:00:00,0,
TRON,2019-07-29 15:00:00,0,
TRON,2019-07-29 16:00:00,0,
TRON,2019-07-29 17:00:00,0,
TRON,2019-07-29 18:00:00,0,
TRON,2019-07-29 19:00:00,0,
TRON,2019-07-29 20:00:00,0,
TRON,2019-07-29 21:00:00,0,
TRON,2019-07-29 22:00:00,0,
TRON,2019-07-29 23:00:00,0,
TRON,2019-07-30 00:00:00,0,
TRON,2019-07-30 01:00:00,0,
TRON,2019-07-30 02:00:00,0,
TRON,2019-07-30 03:00:00,0,
TRON,2019-07-30 04:00:00,0,
TRON,2019-07-30 05:00:00,0,
TRON,2019-07-30 06:00:00,0,
TRON,2019-07-30 07:00:00,0,
TRON,2019-07-30 08:00:00,0,
TRON,2019-07-30 09:00:00,0,
TRON,2019-07-30 10:00:00,0,
TRON,2019-07-30 11:00:00,0,
TRON,2019-07-30 12:00:00,0,
TRON,2019-07-30 13:00:00,0,
TRON,2019-07-30 14:00:00,0,
TRON,2019-07-30 15:00:00,0,
TRON,2019-07-30 16:00:00,0,
TRON,2019-07-30 17:00:00,0,
TRON,2019-07-30 18:00:00,0,
TRON,2019-07-30 19:00:00,0,
TRON,2019-07-30 20:00:00,0,
TRON,2019-07-30 21:00:00,0,
TRON,2019-07-30 22:00:00,0,
TRON,2019-07-30 23:00:00,0.2,
TRON,2019-07-31 00:00:00,0.2,
TRON,2019-07-31 01:00:00,0.6,
TRON,2019-07-31 02:00:00,2,
TRON,2019-07-31 03:00:00,0.2,
TRON,2019-07-31 04:00:00,0.8,
TRON,2019-07-31 05:00:00,0.4,
TRON,2019-07-31 06:00:00,0.4,
TRON,2019-07-31 07:00:00,0,
TRON,2019-07-31 08:00:00,0,
TRON,2019-07-31 09:00:00,0,
TRON,2019-07-31 10:00:00,0,
TRON,2019-07-31 11:00:00,0,
TRON,2019-07-31 12:00:00,0,
TRON,2019-07-31 13:00:00,0,
TRON,2019-07-31 14:00:00,0,
TRON,2019-07-31 15:00:00,0,
TRON,2019-07-31 16:00:00,0,
TRON,2019-07-31 17:00:00,0,
TRON,2019-07-31 18:00:00,0,
TRON,2019-07-31 19:00:00,0,
TRON,2019-07-31 20:00:00,0,
TRON,2019-07-31 21:00:00,0,
TRON,2019-07-31 22:00:00,0.2,
TRON,2019-07-31 23:00:00,0.6,
NAN010,2019-07-01 00:00:00,0,
NAN010,2019-07-01 01:00:00,0,
NAN010,2019-07-01 02:00:00,0,
NAN010,2019-07-01 03:00:00,0,
NAN010,2019-07-01 04:00:00,0,
NAN010,2019-07-01 05:00:00,0,
NAN010,2019-07-01 06:00:00,0,
NAN010,2019-07-01 07:00:00,0,
NAN010,2019-07-01 08:00:00,0,
NAN010,2019-07-01 09:00:00,0,
NAN010,2019-07-01 10:00:00,0,
NAN010,2019-07-01 11:00:00,0,
NAN010,2019-07-01 12:00:00,0,
NAN010,2019-07-01 13:00:00,0,
NAN010,2019-07-01 14:00:00,0,
NAN010,2019-07-01 15:00:00,0,
NAN010,2019-07-01 16:00:00,0,
NAN010,2019-07-01 17:00:00,0,
NAN010,2019-07-01 18:00:00,7.4,
NAN010,2019-07-01 19:00:00,0.8,
NAN010,2019-07-01 20:00:00,0,
NAN010,2019-07-01 21:00:00,0.2,
NAN010,2019-07-01 22:00:00,0,
NAN010,2019-07-01 23:00:00,0,
NAN010,2019-07-02 00:00:00,0,
NAN010,2019-07-02 01:00:00,0,
NAN010,2019-07-02 02:00:00,0,
NAN010,2019-07-02 03:00:00,0,
NAN010,2019-07-02 04:00:00,0,
NAN010,2019-07-02 05:00:00,0.2,
NAN010,2019-07-02 06:00:00,0.2,
NAN010,2019-07-02 07:00:00,0.4,
NAN010,2019-07-02 08:00:00,0.4,
NAN010,2019-07-02 09:00:00,0.6,
NAN010,2019-07-02 10:00:00,0,
NAN010,2019-07-02 11:00:00,0,
NAN010,2019-07-02 12:00:00,0,
NAN010,2019-07-02 13:00:00,2.2,
NAN010,2019-07-02 14:00:00,2.4,
NAN010,2019-07-02 15:00:00,2.6,
NAN010,2019-07-02 16:00:00,1.8,
NAN010,2019-07-02 17:00:00,0.4,
NAN010,2019-07-02 18:00:00,0.2,
NAN010,2019-07-02 19:00:00,0,
NAN010,2019-07-02 20:00:00,0.2,
NAN010,2019-07-02 21:00:00,0,
NAN010,2019-07-02 22:00:00,0,
NAN010,2019-07-02 23:00:00,0,
NAN010,2019-07-03 00:00:00,0,
NAN010,2019-07-03 01:00:00,0,
NAN010,2019-07-03 02:00:00,0.2,
NAN010,2019-07-03 03:00:00,1.8,
NAN010,2019-07-03 04:00:00,0.6,
NAN010,2019-07-03 05:00:00,0,
NAN010,2019-07-03 06:00:00,0.2,
NAN010,2019-07-03 07:00:00,0.2,
NAN010,2019-07-03 08:00:00,0,
NAN010,2019-07-03 09:00:00,0,
NAN010,2019-07-03 10:00:00,0.2,
NAN010,2019-07-03 11:00:00,0,
NAN010,2019-07-03 12:00:00,0.2,
NAN010,2019-07-03 13:00:00,0.8,
NAN010,2019-07-03 14:00:00,0.4,
NAN010,2019-07-03 15:00:00,0,
NAN010,2019-07-03 16:00:00,0,
NAN010,2019-07-03 17:00:00,0,
NAN010,2019-07-03 18:00:00,0,
NAN010,2019-07-03 19:00:00,0,
NAN010,2019-07-03 20:00:00,0,
NAN010,2019-07-03 21:00:00,0,
NAN010,2019-07-03 22:00:00,0,
NAN010,2019-07-03 23:00:00,0,
NAN010,2019-07-04 00:00:00,0,
NAN010,2019-07-04 01:00:00,0,
NAN010,2019-07-04 02:00:00,0,
NAN010,2019-07-04 03:00:00,0,
NAN010,2019-07-04 04:00:00,0,
NAN010,2019-07-04 05:00:00,0,
NAN010,2019-07-04 06:00:00,0,
NAN010,2019-07-04 07:00:00,0,
NAN010,2019-07-04 08:00:00,0,
NAN010,2019-07-04 09:00:00,0,
NAN010,2019-07-04 10:00:00,0,
NAN010,2019-07-04 11:00:00,0,
NAN010,2019-07-04 12:00:00,0,
NAN010,2019-07-04 13:00:00,0,
NAN010,2019-07-04 14:00:00,0,
NAN010,2019-07-04 15:00:00,0,
NAN010,2019-07-04 16:00:00,0,
NAN010,2019-07-04 17:00:00,0,
NAN010,2019-07-04 18:00:00,0,
NAN010,2019-07-04 19:00:00,0,
NAN010,2019-07-04 20:00:00,0,
NAN010,2019-07-04 21:00:00,0,
NAN010,2019-07-04 22:00:00,0,
NAN010,2019-07-04 23:00:00,0,
NAN010,2019-07-05 00:00:00,0,
NAN010,2019-07-05 01:00:00,0,
NAN010,2019-07-05 02:00:00,0,
NAN010,2019-07-05 03:00:00,0,
NAN010,2019-07-05 04:00:00,0,
NAN010,2019-07-05 05:00:00,0,
NAN010,2019-07-05 06:00:00,0,
NAN010,2019-07-05 07:00:00,0,
NAN010,2019-07-05 08:00:00,0,
NAN010,2019-07-05 09:00:00,0,
NAN010,2019-07-05 10:00:00,0,
NAN010,2019-07-05 11:00:00,0,
NAN010,2019-07-05 12:00:00,0,
NAN010,2019-07-05 13:00:00,0,
NAN010,2019-07-05 14:00:00,0,
NAN010,2019-07-05 15:00:00,0,
NAN010,2019-07-05 16:00:00,0,
NAN010,2019-07-05 17:00:00,0,
NAN010,2019-07-05 18:00:00,0,
NAN010,2019-07-05 19:00:00,0,
NAN010,2019-07-05 20:00:00,0,
NAN010,2019-07-05 21:00:00,0,
NAN010,2019-07-05 22:00:00,0,
NAN010,2019-07-05 23:00:00,0,
NAN010,2019-07-06 00:00:00,0,
NAN010,2019-07-06 01:00:00,0,
NAN010,2019-07-06 02:00:00,0,
NAN010,2019-07-06 03:00:00,0,
NAN010,2019-07-06 04:00:00,0,
NAN010,2019-07-06 05:00:00,0,
NAN010,2019-07-06 06:00:00,0,
NAN010,2019-07-06 07:00:00,0,
NAN010,2019-07-06 08:00:00,0,
NAN010,2019-07-06 09:00:00,0,
NAN010,2019-07-06 10:00:00,0,
NAN010,2019-07-06 11:00:00,0,
NAN010,2019-07-06 12:00:00,0,
NAN010,2019-07-06 13:00:00,0,
NAN010,2019-07-06 14:00:00,0,
NAN010,2019-07-06 15:00:00,0,
NAN010,2019-07-06 16:00:00,0,
NAN010,2019-07-06 17:00:00,0,
NAN010,2019-07-06 18:00:00,0,
NAN010,2019-07-06 19:00:00,0,
NAN010,2019-07-06 20:00:00,0,
NAN010,2019-07-06 21:00:00,0,
NAN010,2019-07-06 22:00:00,0,
NAN010,2019-07-06 23:00:00,0,
NAN010,2019-07-07 00:00:00,0,
NAN010,2019-07-07 01:00:00,0,
NAN010,2019-07-07 02:00:00,0,
NAN010,2019-07-07 03:00:00,0,
NAN010,2019-07-07 04:00:00,0,
NAN010,2019-07-07 05:00:00,0.6,
NAN010,2019-07-07 06:00:00,0.2,
NAN010,2019-07-07 07:00:00,0,
NAN010,2019-07-07 08:00:00,0,
NAN010,2019-07-07 09:00:00,0,
NAN010,2019-07-07 10:00:00,0,
NAN010,2019-07-07 11:00:00,0,
NAN010,2019-07-07 12:00:00,0,
NAN010,2019-07-07 13:00:00,0,
NAN010,2019-07-07 14:00:00,0,
NAN010,2019-07-07 15:00:00,0,
NAN010,2019-07-07 16:00:00,0,
NAN010,2019-07-07 17:00:00,0,
NAN010,2019-07-07 18:00:00,0,
NAN010,2019-07-07 19:00:00,0,
NAN010,2019-07-07 20:00:00,0,
NAN010,2019-07-07 21:00:00,0,
NAN010,2019-07-07 22:00:00,0,
NAN010,2019-07-07 23:00:00,0,
NAN010,2019-07-08 00:00:00,0,
NAN010,2019-07-08 01:00:00,0,
NAN010,2019-07-08 02:00:00,0,
NAN010,2019-07-08 03:00:00,0,
NAN010,2019-07-08 04:00:00,0,
NAN010,2019-07-08 05:00:00,0,
NAN010,2019-07-08 06:00:00,0,
NAN010,2019-07-08 07:00:00,0,
NAN010,2019-07-08 08:00:00,0,
NAN010,2019-07-08 09:00:00,0,
NAN010,2019-07-08 10:00:00,0,
NAN010,2019-07-08 11:00:00,0,
NAN010,2019-07-08 12:00:00,0,
NAN010,2019-07-08 13:00:00,0,
NAN010,2019-07-08 14:00:00,0,
NAN010,2019-07-08 15:00:00,0.4,
NAN010,2019-07-08 16:00:00,0,
NAN010,2019-07-08 17:00:00,1.2,
NAN010,2019-07-08 18:00:00,1.6,
NAN010,2019-07-08 19:00:00,0,
NAN010,2019-07-08 20:00:00,0.2,
NAN010,2019-07-08 21:00:00,0,
NAN010,2019-07-08 22:00:00,0,
NAN010,2019-07-08 23:00:00,0,
NAN010,2019-07-09 00:00:00,0,
NAN010,2019-07-09 01:00:00,0,
NAN010,2019-07-09 02:00:00,0,
NAN010,2019-07-09 03:00:00,0,
NAN010,2019-07-09 04:00:00,0,
NAN010,2019-07-09 05:00:00,0,
NAN010,2019-07-09 06:00:00,0,
NAN010,2019-07-09 07:00:00,0,
NAN010,2019-07-09 08:00:00,0,
NAN010,2019-07-09 09:00:00,0,
NAN010,2019-07-09 10:00:00,0,
NAN010,2019-07-09 11:00:00,0,
NAN010,2019-07-09 12:00:00,0,
NAN010,2019-07-09 13:00:00,0,
NAN010,2019-07-09 14:00:00,0,
NAN010,2019-07-09 15:00:00,0,
NAN010,2019-07-09 16:00:00,0,
NAN010,2019-07-09 17:00:00,0,
NAN010,2019-07-09 18:00:00,0,
NAN010,2019-07-09 19:00:00,0,
NAN010,2019-07-09 20:00:00,0,
NAN010,2019-07-09 21:00:00,0,
NAN010,2019-07-09 22:00:00,0,
NAN010,2019-07-09 23:00:00,0,
NAN010,2019-07-10 00:00:00,0,
NAN010,2019-07-10 01:00:00,0,
NAN010,2019-07-10 02:00:00,0,
NAN010,2019-07-10 03:00:00,0,
NAN010,2019-07-10 04:00:00,0,
NAN010,2019-07-10 05:00:00,0,
NAN010,2019-07-10 06:00:00,0,
NAN010,2019-07-10 07:00:00,0,
NAN010,2019-07-10 08:00:00,0,
NAN010,2019-07-10 09:00:00,0,
NAN010,2019-07-10 10:00:00,0,
NAN010,2019-07-10 11:00:00,0,
NAN010,2019-07-10 12:00:00,0,
NAN010,2019-07-10 13:00:00,0,
NAN010,2019-07-10 14:00:00,0,
NAN010,2019-07-10 15:00:00,0,
NAN010,2019-07-10 16:00:00,0,
NAN010,2019-07-10 17:00:00,0,
NAN010,2019-07-10 18:00:00,0,
NAN010,2019-07-10 19:00:00,0,
NAN010,2019-07-10 20:00:00,0,
NAN010,2019-07-10 21:00:00,0,
NAN010,2019-07-10 22:00:00,0,
NAN010,2019-07-10 23:00:00,0,
NAN010,2019-07-11 00:00:00,0,
NAN010,2019-07-11 01:00:00,0,
NAN010,2019-07-11 02:00:00,0,
NAN010,2019-07-11 03:00:00,0,
NAN010,2019-07-11 04:00:00,0,
NAN010,2019-07-11 05:00:00,0,
NAN010,2019-07-11 06:00:00,0,
NAN010,2019-07-11 07:00:00,0,
NAN010,2019-07-11 08:00:00,0,
NAN010,2019-07-11 09:00:00,0,
NAN010,2019-07-11 10:00:00,0,
NAN010,2019-07-11 11:00:00,0,
NAN010,2019-07-11 12:00:00,0,
NAN010,2019-07-11 13:00:00,0,
NAN010,2019-07-11 14:00:00,0,
NAN010,2019-07-11 15:00:00,0,
NAN010,2019-07-11 16:00:00,0,
NAN010,2019-07-11 17:00:00,0,
NAN010,2019-07-11 18:00:00,0,
NAN010,2019-07-11 19:00:00,0,
NAN010,2019-07-11 20:00:00,0,
NAN010,2019-07-11 21:00:00,0,
NAN010,2019-07-11 22:00:00,0,
NAN010,2019-07-11 23:00:00,0,
NAN010,2019-07-12 00:00:00,0,
NAN010,2019-07-12 01:00:00,0,
NAN010,2019-07-12 02:00:00,0,
NAN010,2019-07-12 03:00:00,0,
NAN010,2019-07-12 04:00:00,0,
NAN010,2019-07-12 05:00:00,0,
NAN010,2019-07-12 06:00:00,0,
NAN010,2019-07-12 07:00:00,0,
NAN010,2019-07-12 08:00:00,0,
NAN010,2019-07-12 09:00:00,0,
NAN010,2019-07-12 10:00:00,0,
NAN010,2019-07-12 11:00:00,0,
NAN010,2019-07-12 12:00:00,0,
NAN010,2019-07-12 13:00:00,0,
NAN010,2019-07-12 14:00:00,0,
NAN010,2019-07-12 15:00:00,0,
NAN010,2019-07-12 16:00:00,0,
NAN010,2019-07-12 17:00:00,0,
NAN010,2019-07-12 18:00:00,0,
NAN010,2019-07-12 19:00:00,0,
NAN010,2019-07-12 20:00:00,0,
NAN010,2019-07-12 21:00:00,0,
NAN010,2019-07-12 22:00:00,0,
NAN010,2019-07-12 23:00:00,0,
NAN010,2019-07-13 00:00:00,0,
NAN010,2019-07-13 01:00:00,0,
NAN010,2019-07-13 02:00:00,0,
NAN010,2019-07-13 03:00:00,0,
NAN010,2019-07-13 04:00:00,0,
NAN010,2019-07-13 05:00:00,0,
NAN010,2019-07-13 06:00:00,0,
NAN010,2019-07-13 07:00:00,0,
NAN010,2019-07-13 08:00:00,0,
NAN010,2019-07-13 09:00:00,0,
NAN010,2019-07-13 10:00:00,0,
NAN010,2019-07-13 11:00:00,0,
NAN010,2019-07-13 12:00:00,0,
NAN010,2019-07-13 13:00:00,0,
NAN010,2019-07-13 14:00:00,0,
NAN010,2019-07-13 15:00:00,0,
NAN010,2019-07-13 16:00:00,0,
NAN010,2019-07-13 17:00:00,0,
NAN010,2019-07-13 18:00:00,0,
NAN010,2019-07-13 19:00:00,0,
NAN010,2019-07-13 20:00:00,0,
NAN010,2019-07-13 21:00:00,0,
NAN010,2019-07-13 22:00:00,0,
NAN010,2019-07-13 23:00:00,0,
NAN010,2019-07-14 00:00:00,0,
NAN010,2019-07-14 01:00:00,0,
NAN010,2019-07-14 02:00:00,0,
NAN010,2019-07-14 03:00:00,0,
NAN010,2019-07-14 04:00:00,0,
NAN010,2019-07-14 05:00:00,0,
NAN010,2019-07-14 06:00:00,0,
NAN010,2019-07-14 07:00:00,0,
NAN010,2019-07-14 08:00:00,0,
NAN010,2019-07-14 09:00:00,0,
NAN010,2019-07-14 10:00:00,0,
NAN010,2019-07-14 11:00:00,0,
NAN010,2019-07-14 12:00:00,0,
NAN010,2019-07-14 13:00:00,0,
NAN010,2019-07-14 14:00:00,0,
NAN010,2019-07-14 15:00:00,0,
NAN010,2019-07-14 16:00:00,0,
NAN010,2019-07-14 17:00:00,0,
NAN010,2019-07-14 18:00:00,0,
NAN010,2019-07-14 19:00:00,0,
NAN010,2019-07-14 20:00:00,0,
NAN010,2019-07-14 21:00:00,0,
NAN010,2019-07-14 22:00:00,0,
NAN010,2019-07-14 23:00:00,0,
NAN010,2019-07-15 00:00:00,0,
NAN010,2019-07-15 01:00:00,0,
NAN010,2019-07-15 02:00:00,0,
NAN010,2019-07-15 03:00:00,0,
NAN010,2019-07-15 04:00:00,0,
NAN010,2019-07-15 05:00:00,0,
NAN010,2019-07-15 06:00:00,0,
NAN010,2019-07-15 07:00:00,0,
NAN010,2019-07-15 08:00:00,0,
NAN010,2019-07-15 09:00:00,0,
NAN010,2019-07-15 10:00:00,0,
NAN010,2019-07-15 11:00:00,0,
NAN010,2019-07-15 12:00:00,0,
NAN010,2019-07-15 13:00:00,0,
NAN010,2019-07-15 14:00:00,0,
NAN010,2019-07-15 15:00:00,0,
NAN010,2019-07-15 16:00:00,0,
NAN010,2019-07-15 17:00:00,0,
NAN010,2019-07-15 18:00:00,0,
NAN010,2019-07-15 19:00:00,0,
NAN010,2019-07-15 20:00:00,0,
NAN010,2019-07-15 21:00:00,0,
NAN010,2019-07-15 22:00:00,0,
NAN010,2019-07-15 23:00:00,0,
NAN010,2019-07-16 00:00:00,0,
NAN010,2019-07-16 01:00:00,0,
NAN010,2019-07-16 02:00:00,0,
NAN010,2019-07-16 03:00:00,0,
NAN010,2019-07-16 04:00:00,0,
NAN010,2019-07-16 05:00:00,0,
NAN010,2019-07-16 06:00:00,0,
NAN010,2019-07-16 07:00:00,0,
NAN010,2019-07-16 08:00:00,0,
NAN010,2019-07-16 09:00:00,0,
NAN010,2019-07-16 10:00:00,0,
NAN010,2019-07-16 11:00:00,0,
NAN010,2019-07-16 12:00:00,0,
NAN010,2019-07-16 13:00:00,0,
NAN010,2019-07-16 14:00:00,0,
NAN010,2019-07-16 15:00:00,0,
NAN010,2019-07-16 16:00:00,0,
NAN010,2019-07-16 17:00:00,0,
NAN010,2019-07-16 18:00:00,0,
NAN010,2019-07-16 19:00:00,0,
NAN010,2019-07-16 20:00:00,0,
NAN010,2019-07-16 21:00:00,0,
NAN010,2019-07-16 22:00:00,0,
NAN010,2019-07-16 23:00:00,0,
NAN010,2019-07-17 00:00:00,0,
NAN010,2019-07-17 01:00:00,0,
NAN010,2019-07-17 02:00:00,0,
NAN010,2019-07-17 03:00:00,0,
NAN010,2019-07-17 04:00:00,0,
NAN010,2019-07-17 05:00:00,0,
NAN010,2019-07-17 06:00:00,0,
NAN010,2019-07-17 07:00:00,0,
NAN010,2019-07-17 08:00:00,0,
NAN010,2019-07-17 09:00:00,0,
NAN010,2019-07-17 10:00:00,0,
NAN010,2019-07-17 11:00:00,0,
NAN010,2019-07-17 12:00:00,0,
NAN010,2019-07-17 13:00:00,0,
NAN010,2019-07-17 14:00:00,0,
NAN010,2019-07-17 15:00:00,0,
NAN010,2019-07-17 16:00:00,0,
NAN010,2019-07-17 17:00:00,0,
NAN010,2019-07-17 18:00:00,0,
NAN010,2019-07-17 19:00:00,0,
NAN010,2019-07-17 20:00:00,0,
NAN010,2019-07-17 21:00:00,0,
NAN010,2019-07-17 22:00:00,0,
NAN010,2019-07-17 23:00:00,0,
NAN010,2019-07-18 00:00:00,0,
NAN010,2019-07-18 01:00:00,0,
NAN010,2019-07-18 02:00:00,0,
NAN010,2019-07-18 03:00:00,0,
NAN010,2019-07-18 04:00:00,0,
NAN010,2019-07-18 05:00:00,0,
NAN010,2019-07-18 06:00:00,0,
NAN010,2019-07-18 07:00:00,0,
NAN010,2019-07-18 08:00:00,0,
NAN010,2019-07-18 09:00:00,0,
NAN010,2019-07-18 10:00:00,0,
NAN010,2019-07-18 11:00:00,0,
NAN010,2019-07-18 12:00:00,0,
NAN010,2019-07-18 13:00:00,0,
NAN010,2019-07-18 14:00:00,0,
NAN010,2019-07-18 15:00:00,0.2,
NAN010,2019-07-18 16:00:00,0.2,
NAN010,2019-07-18 17:00:00,0,
NAN010,2019-07-18 18:00:00,0,
NAN010,2019-07-18 19:00:00,0,
NAN010,2019-07-18 20:00:00,0,
NAN010,2019-07-18 21:00:00,0,
NAN010,2019-07-18 22:00:00,0,
NAN010,2019-07-18 23:00:00,0,
NAN010,2019-07-19 00:00:00,0,
NAN010,2019-07-19 01:00:00,0,
NAN010,2019-07-19 02:00:00,0,
NAN010,2019-07-19 03:00:00,0,
NAN010,2019-07-19 04:00:00,0,
NAN010,2019-07-19 05:00:00,0,
NAN010,2019-07-19 06:00:00,0,
NAN010,2019-07-19 07:00:00,0,
NAN010,2019-07-19 08:00:00,0,
NAN010,2019-07-19 09:00:00,0,
NAN010,2019-07-19 10:00:00,0,
NAN010,2019-07-19 11:00:00,0,
NAN010,2019-07-19 12:00:00,0,
NAN010,2019-07-19 13:00:00,0,
NAN010,2019-07-19 14:00:00,-999,
NAN010,2019-07-19 15:00:00,-999,
NAN010,2019-07-19 16:00:00,-999,
NAN010,2019-07-19 17:00:00,-999,
NAN010,2019-07-19 18:00:00,-999,
NAN010,2019-07-19 19:00:00,-999,
NAN010,2019-07-19 20:00:00,-999,
NAN010,2019-07-19 21:00:00,-999,
NAN010,2019-07-19 22:00:00,-999,
NAN010,2019-07-19 23:00:00,-999,
NAN010,2019-07-20 00:00:00,-999,
NAN010,2019-07-20 01:00:00,0,
NAN010,2019-07-20 02:00:00,0,
NAN010,2019-07-20 03:00:00,0,
NAN010,2019-07-20 04:00:00,0,
NAN010,2019-07-20 05:00:00,0,
NAN010,2019-07-20 06:00:00,0,
NAN010,2019-07-20 07:00:00,0,
NAN010,2019-07-20 08:00:00,0,
NAN010,2019-07-20 09:00:00,0,
NAN010,2019-07-20 10:00:00,0,
NAN010,2019-07-20 11:00:00,0,
NAN010,2019-07-20 12:00:00,0,
NAN010,2019-07-20 13:00:00,0,
NAN010,2019-07-20 14:00:00,0,
NAN010,2019-07-20 15:00:00,0,
NAN010,2019-07-20 16:00:00,0,
NAN010,2019-07-20 17:00:00,0,
NAN010,2019-07-20 18:00:00,0,
NAN010,2019-07-20 19:00:00,0,
NAN010,2019-07-20 20:00:00,0,
NAN010,2019-07-20 21:00:00,0,
NAN010,2019-07-20 22:00:00,0,
NAN010,2019-07-20 23:00:00,0,
NAN010,2019-07-21 00:00:00,0,
NAN010,2019-07-21 01:00:00,0,
NAN010,2019-07-21 02:00:00,0,
NAN010,2019-07-21 03:00:00,0,
NAN010,2019-07-21 04:00:00,0,
NAN010,2019-07-21 05:00:00,0,
NAN010,2019-07-21 06:00:00,0,
NAN010,2019-07-21 07:00:00,0,
NAN010,2019-07-21 08:00:00,0,
NAN010,2019-07-21 09:00:00,0,
NAN010,2019-07-21 10:00:00,0,
NAN010,2019-07-21 11:00:00,0,
NAN010,2019-07-21 12:00:00,0,
NAN010,2019-07-21 13:00:00,0,
NAN010,2019-07-21 14:00:00,0,
NAN010,2019-07-21 15:00:00,0,
NAN010,2019-07-21 16:00:00,0,
NAN010,2019-07-21 17:00:00,0,
NAN010,2019-07-21 18:00:00,0,
NAN010,2019-07-21 19:00:00,0,
NAN010,2019-07-21 20:00:00,0,
NAN010,2019-07-21 21:00:00,0,
NAN010,2019-07-21 22:00:00,0,
NAN010,2019-07-21 23:00:00,0,
NAN010,2019-07-22 00:00:00,0,
NAN010,2019-07-22 01:00:00,0,
NAN010,2019-07-22 02:00:00,0,
NAN010,2019-07-22 03:00:00,0,
NAN010,2019-07-22 04:00:00,0,
NAN010,2019-07-22 05:00:00,0,
NAN010,2019-07-22 06:00:00,0,
NAN010,2019-07-22 07:00:00,0,
NAN010,2019-07-22 08:00:00,0,
NAN010,2019-07-22 09:00:00,0,
NAN010,2019-07-22 10:00:00,0,
NAN010,2019-07-22 11:00:00,0,
NAN010,2019-07-22 12:00:00,0,
NAN010,2019-07-22 13:00:00,0,
NAN010,2019-07-22 14:00:00,0,
NAN010,2019-07-22 15:00:00,0,
NAN010,2019-07-22 16:00:00,0,
NAN010,2019-07-22 17:00:00,0,
NAN010,2019-07-22 18:00:00,0,
NAN010,2019-07-22 19:00:00,0,
NAN010,2019-07-22 20:00:00,0,
NAN010,2019-07-22 21:00:00,0,
NAN010,2019-07-22 22:00:00,0,
NAN010,2019-07-22 23:00:00,0,
NAN010,2019-07-23 00:00:00,0,
NAN010,2019-07-23 01:00:00,0,
NAN010,2019-07-23 02:00:00,0,
NAN010,2019-07-23 03:00:00,0,
NAN010,2019-07-23 04:00:00,0,
NAN010,2019-07-23 05:00:00,0,
NAN010,2019-07-23 06:00:00,0,
NAN010,2019-07-23 07:00:00,0,
NAN010,2019-07-23 08:00:00,0,
NAN010,2019-07-23 09:00:00,0,
NAN010,2019-07-23 10:00:00,0,
NAN010,2019-07-23 11:00:00,0,
NAN010,2019-07-23 12:00:00,0,
NAN010,2019-07-23 13:00:00,0,
NAN010,2019-07-23 14:00:00,0,
NAN010,2019-07-23 15:00:00,0,
NAN010,2019-07-23 16:00:00,0,
NAN010,2019-07-23 17:00:00,0,
NAN010,2019-07-23 18:00:00,0,
NAN010,2019-07-23 19:00:00,0,
NAN010,2019-07-23 20:00:00,0,
NAN010,2019-07-23 21:00:00,0,
NAN010,2019-07-23 22:00:00,0,
NAN010,2019-07-23 23:00:00,0,
NAN010,2019-07-24 00:00:00,0,
NAN010,2019-07-24 01:00:00,0,
NAN010,2019-07-24 02:00:00,0,
NAN010,2019-07-24 03:00:00,0,
NAN010,2019-07-24 04:00:00,0,
NAN010,2019-07-24 05:00:00,0,
NAN010,2019-07-24 06:00:00,0,
NAN010,2019-07-24 07:00:00,0,
NAN010,2019-07-24 08:00:00,0,
NAN010,2019-07-24 09:00:00,1.4,
NAN010,2019-07-24 10:00:00,1.2,
NAN010,2019-07-24 11:00:00,0.2,
NAN010,2019-07-24 12:00:00,0,
NAN010,2019-07-24 13:00:00,3.2,
NAN010,2019-07-24 14:00:00,1,
NAN010,2019-07-24 15:00:00,0,
NAN010,2019-07-24 16:00:00,0,
NAN010,2019-07-24 17:00:00,0.2,
NAN010,2019-07-24 18:00:00,0,
NAN010,2019-07-24 19:00:00,0,
NAN010,2019-07-24 20:00:00,0,
NAN010,2019-07-24 21:00:00,0,
NAN010,2019-07-24 22:00:00,0,
NAN010,2019-07-24 23:00:00,0,
NAN010,2019-07-25 00:00:00,0,
NAN010,2019-07-25 01:00:00,0,
NAN010,2019-07-25 02:00:00,0.4,
NAN010,2019-07-25 03:00:00,0,
NAN010,2019-07-25 04:00:00,0.2,
NAN010,2019-07-25 05:00:00,0,
NAN010,2019-07-25 06:00:00,0.2,
NAN010,2019-07-25 07:00:00,0,
NAN010,2019-07-25 08:00:00,0,
NAN010,2019-07-25 09:00:00,0,
NAN010,2019-07-25 10:00:00,0,
NAN010,2019-07-25 11:00:00,0,
NAN010,2019-07-25 12:00:00,0,
NAN010,2019-07-25 13:00:00,0,
NAN010,2019-07-25 14:00:00,0,
NAN010,2019-07-25 15:00:00,0,
NAN010,2019-07-25 16:00:00,0,
NAN010,2019-07-25 17:00:00,4.8,
NAN010,2019-07-25 18:00:00,0,
NAN010,2019-07-25 19:00:00,0.4,
NAN010,2019-07-25 20:00:00,0,
NAN010,2019-07-25 21:00:00,0,
NAN010,2019-07-25 22:00:00,0,
NAN010,2019-07-25 23:00:00,0,
NAN010,2019-07-26 00:00:00,0,
NAN010,2019-07-26 01:00:00,0,
NAN010,2019-07-26 02:00:00,0,
NAN010,2019-07-26 03:00:00,0,
NAN010,2019-07-26 04:00:00,0,
NAN010,2019-07-26 05:00:00,0,
NAN010,2019-07-26 06:00:00,0,
NAN010,2019-07-26 07:00:00,0,
NAN010,2019-07-26 08:00:00,0,
NAN010,2019-07-26 09:00:00,0,
NAN010,2019-07-26 10:00:00,0,
NAN010,2019-07-26 11:00:00,0,
NAN010,2019-07-26 12:00:00,0,
NAN010,2019-07-26 13:00:00,0,
NAN010,2019-07-26 14:00:00,0,
NAN010,2019-07-26 15:00:00,0,
NAN010,2019-07-26 16:00:00,0,
NAN010,2019-07-26 17:00:00,0,
NAN010,2019-07-26 18:00:00,0,
NAN010,2019-07-26 19:00:00,0,
NAN010,2019-07-26 20:00:00,0,
NAN010,2019-07-26 21:00:00,0,
NAN010,2019-07-26 22:00:00,0,
NAN010,2019-07-26 23:00:00,0,
NAN010,2019-07-27 00:00:00,0.2,
NAN010,2019-07-27 01:00:00,0.4,
NAN010,2019-07-27 02:00:00,0,
NAN010,2019-07-27 03:00:00,0.4,
NAN010,2019-07-27 04:00:00,0.8,
NAN010,2019-07-27 05:00:00,0.2,
NAN010,2019-07-27 06:00:00,0,
NAN010,2019-07-27 07:00:00,0,
NAN010,2019-07-27 08:00:00,-999,
NAN010,2019-07-27 09:00:00,-999,
NAN010,2019-07-27 10:00:00,-999,
NAN010,2019-07-27 11:00:00,0.2,
NAN010,2019-07-27 12:00:00,0,
NAN010,2019-07-27 13:00:00,0,
NAN010,2019-07-27 14:00:00,0,
NAN010,2019-07-27 15:00:00,0,
NAN010,2019-07-27 16:00:00,0,
NAN010,2019-07-27 17:00:00,0,
NAN010,2019-07-27 18:00:00,0,
NAN010,2019-07-27 19:00:00,0,
NAN010,2019-07-27 20:00:00,0,
NAN010,2019-07-27 21:00:00,0,
NAN010,2019-07-27 22:00:00,0,
NAN010,2019-07-27 23:00:00,0,
NAN010,2019-07-28 00:00:00,0,
NAN010,2019-07-28 01:00:00,0,
NAN010,2019-07-28 02:00:00,0,
NAN010,2019-07-28 03:00:00,0,
NAN010,2019-07-28 04:00:00,0,
NAN010,2019-07-28 05:00:00,0,
NAN010,2019-07-28 06:00:00,0,
NAN010,2019-07-28 07:00:00,0,
NAN010,2019-07-28 08:00:00,0,
NAN010,2019-07-28 09:00:00,0,
NAN010,2019-07-28 10:00:00,0,
NAN010,2019-07-28 11:00:00,0,
NAN010,2019-07-28 12:00:00,0,
NAN010,2019-07-28 13:00:00,0,
NAN010,2019-07-28 14:00:00,0,
NAN010,2019-07-28 15:00:00,0,
NAN010,2019-07-28 16:00:00,0,
NAN010,2019-07-28 17:00:00,0,
NAN010,2019-07-28 18:00:00,0,
NAN010,2019-07-28 19:00:00,0,
NAN010,2019-07-28 20:00:00,0,
NAN010,2019-07-28 21:00:00,0,
NAN010,2019-07-28 22:00:00,0,
NAN010,2019-07-28 23:00:00,0,
NAN010,2019-07-29 00:00:00,0,
NAN010,2019-07-29 01:00:00,0,
NAN010,2019-07-29 02:00:00,0,
NAN010,2019-07-29 03:00:00,0,
NAN010,2019-07-29 04:00:00,0,
NAN010,2019-07-29 05:00:00,0,
NAN010,2019-07-29 06:00:00,0,
NAN010,2019-07-29 07:00:00,0,
NAN010,2019-07-29 08:00:00,0,
NAN010,2019-07-29 09:00:00,0,
NAN010,2019-07-29 10:00:00,0,
NAN010,2019-07-29 11:00:00,0,
NAN010,2019-07-29 12:00:00,0,
NAN010,2019-07-29 13:00:00,0,
NAN010,2019-07-29 14:00:00,0,
NAN010,2019-07-29 15:00:00,0,
NAN010,2019-07-29 16:00:00,0,
NAN010,2019-07-29 17:00:00,0,
NAN010,2019-07-29 18:00:00,0,
NAN010,2019-07-29 19:00:00,0,
NAN010,2019-07-29 20:00:00,0,
NAN010,2019-07-29 21:00:00,0,
NAN010,2019-07-29 22:00:00,0,
NAN010,2019-07-29 23:00:00,0,
NAN010,2019-07-30 00:00:00,0,
NAN010,2019-07-30 01:00:00,0,
NAN010,2019-07-30 02:00:00,0,
NAN010,2019-07-30 03:00:00,0,
NAN010,2019-07-30 04:00:00,0,
NAN010,2019-07-30 05:00:00,0,
NAN010,2019-07-30 06:00:00,0,
NAN010,2019-07-30 07:00:00,0,
NAN010,2019-07-30 08:00:00,0,
NAN010,2019-07-30 09:00:00,0,
NAN010,2019-07-30 10:00:00,0,
NAN010,2019-07-30 11:00:00,0,
NAN010,2019-07-30 12:00:00,0,
NAN010,2019-07-30 13:00:00,0,
NAN010,2019-07-30 14:00:00,0,
NAN010,2019-07-30 15:00:00,0,
NAN010,2019-07-30 16:00:00,0,
NAN010,2019-07-30 17:00:00,0,
NAN010,2019-07-30 18:00:00,0,
NAN010,2019-07-30 19:00:00,0,
NAN010,2019-07-30 20:00:00,0,
NAN010,2019-07-30 21:00:00,0,
NAN010,2019-07-30 22:00:00,0,
NAN010,2019-07-30 23:00:00,0,
NAN010,2019-07-31 00:00:00,0.8,
NAN010,2019-07-31 01:00:00,4.4,
NAN010,2019-07-31 02:00:00,6.4,
NAN010,2019-07-31 03:00:00,4.2,
NAN010,2019-07-31 04:00:00,2.8,
NAN010,2019-07-31 05:00:00,1,
NAN010,2019-07-31 06:00:00,0.2,
NAN010,2019-07-31 07:00:00,0,
NAN010,2019-07-31 08:00:00,0,
NAN010,2019-07-31 09:00:00,0,
NAN010,2019-07-31 10:00:00,0,
NAN010,2019-07-31 11:00:00,0,
NAN010,2019-07-31 12:00:00,0,
NAN010,2019-07-31 13:00:00,0.2,
NAN010,2019-07-31 14:00:00,0,
NAN010,2019-07-31 15:00:00,0,
NAN010,2019-07-31 16:00:00,0,
NAN010,2019-07-31 17:00:00,0,
NAN010,2019-07-31 18:00:00,0,
NAN010,2019-07-31 19:00:00,0,
NAN010,2019-07-31 20:00:00,0,
NAN010,2019-07-31 21:00:00,0,
NAN010,2019-07-31 22:00:00,0,
NAN010,2019-07-31 23:00:00,0.6,
NANT,2019-07-01 00:00:00,0,
NANT,2019-07-01 01:00:00,0,
NANT,2019-07-01 02:00:00,0,
NANT,2019-07-01 03:00:00,0,
NANT,2019-07-01 04:00:00,0,
NANT,2019-07-01 05:00:00,0,
NANT,2019-07-01 06:00:00,0,
NANT,2019-07-01 07:00:00,0,
NANT,2019-07-01 08:00:00,0,
NANT,2019-07-01 09:00:00,0,
NANT,2019-07-01 10:00:00,0,
NANT,2019-07-01 11:00:00,0,
NANT,2019-07-01 12:00:00,0,
NANT,2019-07-01 13:00:00,0,
NANT,2019-07-01 14:00:00,-999,
NANT,2019-07-01 15:00:00,0,
NANT,2019-07-01 16:00:00,0,
NANT,2019-07-01 17:00:00,0,
NANT,2019-07-01 18:00:00,0,
NANT,2019-07-01 19:00:00,3.4,
NANT,2019-07-01 20:00:00,0.2,
NANT,2019-07-01 21:00:00,0,
NANT,2019-07-01 22:00:00,0,
NANT,2019-07-01 23:00:00,0,
NANT,2019-07-02 00:00:00,0,
NANT,2019-07-02 01:00:00,0,
NANT,2019-07-02 02:00:00,0,
NANT,2019-07-02 03:00:00,0,
NANT,2019-07-02 04:00:00,0.2,
NANT,2019-07-02 05:00:00,0.2,
NANT,2019-07-02 06:00:00,0.2,
NANT,2019-07-02 07:00:00,1,
NANT,2019-07-02 08:00:00,1.4,
NANT,2019-07-02 09:00:00,0,
NANT,2019-07-02 10:00:00,0.6,
NANT,2019-07-02 11:00:00,0.8,
NANT,2019-07-02 12:00:00,0.4,
NANT,2019-07-02 13:00:00,0.6,
NANT,2019-07-02 14:00:00,0.2,
NANT,2019-07-02 15:00:00,0,
NANT,2019-07-02 16:00:00,0,
NANT,2019-07-02 17:00:00,0,
NANT,2019-07-02 18:00:00,0,
NANT,2019-07-02 19:00:00,0,
NANT,2019-07-02 20:00:00,0,
NANT,2019-07-02 21:00:00,0,
NANT,2019-07-02 22:00:00,0,
NANT,2019-07-02 23:00:00,0,
NANT,2019-07-03 00:00:00,0,
NANT,2019-07-03 01:00:00,0,
NANT,2019-07-03 02:00:00,0,
NANT,2019-07-03 03:00:00,0,
NANT,2019-07-03 04:00:00,0,
NANT,2019-07-03 05:00:00,0,
NANT,2019-07-03 06:00:00,0,
NANT,2019-07-03 07:00:00,0,
NANT,2019-07-03 08:00:00,0,
NANT,2019-07-03 09:00:00,0,
NANT,2019-07-03 10:00:00,0,
NANT,2019-07-03 11:00:00,0,
NANT,2019-07-03 12:00:00,0,
NANT,2019-07-03 13:00:00,0,
NANT,2019-07-03 14:00:00,0,
NANT,2019-07-03 15:00:00,0,
NANT,2019-07-03 16:00:00,0,
NANT,2019-07-03 17:00:00,0,
NANT,2019-07-03 18:00:00,0,
NANT,2019-07-03 19:00:00,0,
NANT,2019-07-03 20:00:00,0,
NANT,2019-07-03 21:00:00,0,
NANT,2019-07-03 22:00:00,0,
NANT,2019-07-03 23:00:00,0,
NANT,2019-07-04 00:00:00,0,
NANT,2019-07-04 01:00:00,0,
NANT,2019-07-04 02:00:00,0,
NANT,2019-07-04 03:00:00,0,
NANT,2019-07-04 04:00:00,0,
NANT,2019-07-04 05:00:00,0,
NANT,2019-07-04 06:00:00,0,
NANT,2019-07-04 07:00:00,0,
NANT,2019-07-04 08:00:00,0,
NANT,2019-07-04 09:00:00,0,
NANT,2019-07-04 10:00:00,0,
NANT,2019-07-04 11:00:00,0,
NANT,2019-07-04 12:00:00,0,
NANT,2019-07-04 13:00:00,0,
NANT,2019-07-04 14:00:00,0,
NANT,2019-07-04 15:00:00,0,
NANT,2019-07-04 16:00:00,0,
NANT,2019-07-04 17:00:00,0,
NANT,2019-07-04 18:00:00,0,
NANT,2019-07-04 19:00:00,0,
NANT,2019-07-04 20:00:00,0,
NANT,2019-07-04 21:00:00,0,
NANT,2019-07-04 22:00:00,0,
NANT,2019-07-04 23:00:00,0,
NANT,2019-07-05 00:00:00,0,
NANT,2019-07-05 01:00:00,0,
NANT,2019-07-05 02:00:00,0,
NANT,2019-07-05 03:00:00,0,
NANT,2019-07-05 04:00:00,0,
NANT,2019-07-05 05:00:00,0,
NANT,2019-07-05 06:00:00,0,
NANT,2019-07-05 07:00:00,0,
NANT,2019-07-05 08:00:00,0,
NANT,2019-07-05 09:00:00,0,
NANT,2019-07-05 10:00:00,0,
NANT,2019-07-05 11:00:00,-999,
NANT,2019-07-05 12:00:00,0,
NANT,2019-07-05 13:00:00,-999,
NANT,2019-07-05 14:00:00,0,
NANT,2019-07-05 15:00:00,-999,
NANT,2019-07-05 16:00:00,0,
NANT,2019-07-05 17:00:00,-999,
NANT,2019-07-05 18:00:00,0,
NANT,2019-07-05 19:00:00,0,
NANT,2019-07-05 20:00:00,0,
NANT,2019-07-05 21:00:00,0,
NANT,2019-07-05 22:00:00,0,
NANT,2019-07-05 23:00:00,0,
NANT,2019-07-06 00:00:00,0,
NANT,2019-07-06 01:00:00,0,
NANT,2019-07-06 02:00:00,0,
NANT,2019-07-06 03:00:00,0,
NANT,2019-07-06 04:00:00,0,
NANT,2019-07-06 05:00:00,0,
NANT,2019-07-06 06:00:00,0,
NANT,2019-07-06 07:00:00,-999,
NANT,2019-07-06 08:00:00,0,
NANT,2019-07-06 09:00:00,0,
NANT,2019-07-06 10:00:00,0,
NANT,2019-07-06 11:00:00,0,
NANT,2019-07-06 12:00:00,0,
NANT,2019-07-06 13:00:00,0,
NANT,2019-07-06 14:00:00,0,
NANT,2019-07-06 15:00:00,0,
NANT,2019-07-06 16:00:00,0,
NANT,2019-07-06 17:00:00,0,
NANT,2019-07-06 18:00:00,0,
NANT,2019-07-06 19:00:00,0,
NANT,2019-07-06 20:00:00,0,
NANT,2019-07-06 21:00:00,0,
NANT,2019-07-06 22:00:00,0,
NANT,2019-07-06 23:00:00,0,
NANT,2019-07-07 00:00:00,0,
NANT,2019-07-07 01:00:00,0,
NANT,2019-07-07 02:00:00,0,
NANT,2019-07-07 03:00:00,0,
NANT,2019-07-07 04:00:00,0,
NANT,2019-07-07 05:00:00,0,
NANT,2019-07-07 06:00:00,0,
NANT,2019-07-07 07:00:00,0,
NANT,2019-07-07 08:00:00,0,
NANT,2019-07-07 09:00:00,0,
NANT,2019-07-07 10:00:00,0,
NANT,2019-07-07 11:00:00,0,
NANT,2019-07-07 12:00:00,0,
NANT,2019-07-07 13:00:00,-999,
NANT,2019-07-07 14:00:00,-999,
NANT,2019-07-07 15:00:00,0,
NANT,2019-07-07 16:00:00,0,
NANT,2019-07-07 17:00:00,0,
NANT,2019-07-07 18:00:00,0,
NANT,2019-07-07 19:00:00,0,
NANT,2019-07-07 20:00:00,0,
NANT,2019-07-07 21:00:00,0,
NANT,2019-07-07 22:00:00,0,
NANT,2019-07-07 23:00:00,0,
NANT,2019-07-08 00:00:00,0,
NANT,2019-07-08 01:00:00,0,
NANT,2019-07-08 02:00:00,0,
NANT,2019-07-08 03:00:00,0,
NANT,2019-07-08 04:00:00,0,
NANT,2019-07-08 05:00:00,0,
NANT,2019-07-08 06:00:00,0,
NANT,2019-07-08 07:00:00,-999,
NANT,2019-07-08 08:00:00,0,
NANT,2019-07-08 09:00:00,0,
NANT,2019-07-08 10:00:00,0,
NANT,2019-07-08 11:00:00,0,
NANT,2019-07-08 12:00:00,0,
NANT,2019-07-08 13:00:00,0,
NANT,2019-07-08 14:00:00,0,
NANT,2019-07-08 15:00:00,0,
NANT,2019-07-08 16:00:00,0,
NANT,2019-07-08 17:00:00,0,
NANT,2019-07-08 18:00:00,0,
NANT,2019-07-08 19:00:00,0,
NANT,2019-07-08 20:00:00,0,
NANT,2019-07-08 21:00:00,0,
NANT,2019-07-08 22:00:00,0,
NANT,2019-07-08 23:00:00,0,
NANT,2019-07-09 00:00:00,0,
NANT,2019-07-09 01:00:00,0,
NANT,2019-07-09 02:00:00,0,
NANT,2019-07-09 03:00:00,0,
NANT,2019-07-09 04:00:00,0,
NANT,2019-07-09 05:00:00,0,
NANT,2019-07-09 06:00:00,0,
NANT,2019-07-09 07:00:00,0,
NANT,2019-07-09 08:00:00,0,
NANT,2019-07-09 09:00:00,0,
NANT,2019-07-09 10:00:00,0,
NANT,2019-07-09 11:00:00,0,
NANT,2019-07-09 12:00:00,0,
NANT,2019-07-09 13:00:00,0,
NANT,2019-07-09 14:00:00,0,
NANT,2019-07-09 15:00:00,0,
NANT,2019-07-09 16:00:00,0,
NANT,2019-07-09 17:00:00,0,
NANT,2019-07-09 18:00:00,0,
NANT,2019-07-09 19:00:00,0,
NANT,2019-07-09 20:00:00,0,
NANT,2019-07-09 21:00:00,0,
NANT,2019-07-09 22:00:00,0,
NANT,2019-07-09 23:00:00,1,
NANT,2019-07-10 00:00:00,0,
NANT,2019-07-10 01:00:00,0,
NANT,2019-07-10 02:00:00,0,
NANT,2019-07-10 03:00:00,0,
NANT,2019-07-10 04:00:00,0,
NANT,2019-07-10 05:00:00,0,
NANT,2019-07-10 06:00:00,0,
NANT,2019-07-10 07:00:00,0,
NANT,2019-07-10 08:00:00,0.2,
NANT,2019-07-10 09:00:00,0,
NANT,2019-07-10 10:00:00,0,
NANT,2019-07-10 11:00:00,0,
NANT,2019-07-10 12:00:00,0,
NANT,2019-07-10 13:00:00,0,
NANT,2019-07-10 14:00:00,0,
NANT,2019-07-10 15:00:00,0,
NANT,2019-07-10 16:00:00,0,
NANT,2019-07-10 17:00:00,0,
NANT,2019-07-10 18:00:00,0,
NANT,2019-07-10 19:00:00,0.4,
NANT,2019-07-10 20:00:00,0,
NANT,2019-07-10 21:00:00,0,
NANT,2019-07-10 22:00:00,0,
NANT,2019-07-10 23:00:00,0,
NANT,2019-07-11 00:00:00,0,
NANT,2019-07-11 01:00:00,0,
NANT,2019-07-11 02:00:00,0,
NANT,2019-07-11 03:00:00,0,
NANT,2019-07-11 04:00:00,0,
NANT,2019-07-11 05:00:00,0,
NANT,2019-07-11 06:00:00,0,
NANT,2019-07-11 07:00:00,0,
NANT,2019-07-11 08:00:00,0,
NANT,2019-07-11 09:00:00,0,
NANT,2019-07-11 10:00:00,0,
NANT,2019-07-11 11:00:00,0,
NANT,2019-07-11 12:00:00,0,
NANT,2019-07-11 13:00:00,0,
NANT,2019-07-11 14:00:00,0,
NANT,2019-07-11 15:00:00,0,
NANT,2019-07-11 16:00:00,0,
NANT,2019-07-11 17:00:00,0,
NANT,2019-07-11 18:00:00,0,
NANT,2019-07-11 19:00:00,0,
NANT,2019-07-11 20:00:00,0,
NANT,2019-07-11 21:00:00,0,
NANT,2019-07-11 22:00:00,0,
NANT,2019-07-11 23:00:00,0,
NANT,2019-07-12 00:00:00,0,
NANT,2019-07-12 01:00:00,0,
NANT,2019-07-12 02:00:00,0,
NANT,2019-07-12 03:00:00,0,
NANT,2019-07-12 04:00:00,0,
NANT,2019-07-12 05:00:00,0,
NANT,2019-07-12 06:00:00,0,
NANT,2019-07-12 07:00:00,0,
NANT,2019-07-12 08:00:00,0,
NANT,2019-07-12 09:00:00,0,
NANT,2019-07-12 10:00:00,0,
NANT,2019-07-12 11:00:00,0,
NANT,2019-07-12 12:00:00,0,
NANT,2019-07-12 13:00:00,0,
NANT,2019-07-12 14:00:00,0,
NANT,2019-07-12 15:00:00,0,
NANT,2019-07-12 16:00:00,0,
NANT,2019-07-12 17:00:00,0,
NANT,2019-07-12 18:00:00,0,
NANT,2019-07-12 19:00:00,0,
NANT,2019-07-12 20:00:00,0,
NANT,2019-07-12 21:00:00,0,
NANT,2019-07-12 22:00:00,0,
NANT,2019-07-12 23:00:00,0,
NANT,2019-07-13 00:00:00,0,
NANT,2019-07-13 01:00:00,0,
NANT,2019-07-13 02:00:00,0,
NANT,2019-07-13 03:00:00,0,
NANT,2019-07-13 04:00:00,0,
NANT,2019-07-13 05:00:00,0,
NANT,2019-07-13 06:00:00,0,
NANT,2019-07-13 07:00:00,0,
NANT,2019-07-13 08:00:00,0,
NANT,2019-07-13 09:00:00,0,
NANT,2019-07-13 10:00:00,0,
NANT,2019-07-13 11:00:00,0,
NANT,2019-07-13 12:00:00,0,
NANT,2019-07-13 13:00:00,0,
NANT,2019-07-13 14:00:00,0,
NANT,2019-07-13 15:00:00,0,
NANT,2019-07-13 16:00:00,0,
NANT,2019-07-13 17:00:00,0,
NANT,2019-07-13 18:00:00,0,
NANT,2019-07-13 19:00:00,0,
NANT,2019-07-13 20:00:00,0,
NANT,2019-07-13 21:00:00,0,
NANT,2019-07-13 22:00:00,0,
NANT,2019-07-13 23:00:00,0,
NANT,2019-07-14 00:00:00,0,
NANT,2019-07-14 01:00:00,0,
NANT,2019-07-14 02:00:00,0,
NANT,2019-07-14 03:00:00,0,
NANT,2019-07-14 04:00:00,0,
NANT,2019-07-14 05:00:00,0,
NANT,2019-07-14 06:00:00,0,
NANT,2019-07-14 07:00:00,0,
NANT,2019-07-14 08:00:00,0,
NANT,2019-07-14 09:00:00,0,
NANT,2019-07-14 10:00:00,0,
NANT,2019-07-14 11:00:00,0,
NANT,2019-07-14 12:00:00,0,
NANT,2019-07-14 13:00:00,0,
NANT,2019-07-14 14:00:00,0,
NANT,2019-07-14 15:00:00,0,
NANT,2019-07-14 16:00:00,0,
NANT,2019-07-14 17:00:00,-999,
NANT,2019-07-14 18:00:00,0,
NANT,2019-07-14 19:00:00,0,
NANT,2019-07-14 20:00:00,0,
NANT,2019-07-14 21:00:00,0,
NANT,2019-07-14 22:00:00,0,
NANT,2019-07-14 23:00:00,0,
NANT,2019-07-15 00:00:00,0,
NANT,2019-07-15 01:00:00,0,
NANT,2019-07-15 02:00:00,0,
NANT,2019-07-15 03:00:00,0,
NANT,2019-07-15 04:00:00,0,
NANT,2019-07-15 05:00:00,0,
NANT,2019-07-15 06:00:00,0,
NANT,2019-07-15 07:00:00,0,
NANT,2019-07-15 08:00:00,0,
NANT,2019-07-15 09:00:00,0,
NANT,2019-07-15 10:00:00,0,
NANT,2019-07-15 11:00:00,0,
NANT,2019-07-15 12:00:00,0,
NANT,2019-07-15 13:00:00,0,
NANT,2019-07-15 14:00:00,0,
NANT,2019-07-15 15:00:00,0,
NANT,2019-07-15 16:00:00,0,
NANT,2019-07-15 17:00:00,0,
NANT,2019-07-15 18:00:00,0,
NANT,2019-07-15 19:00:00,0,
NANT,2019-07-15 20:00:00,0,
NANT,2019-07-15 21:00:00,0,
NANT,2019-07-15 22:00:00,0,
NANT,2019-07-15 23:00:00,0,
NANT,2019-07-16 00:00:00,0,
NANT,2019-07-16 01:00:00,0,
NANT,2019-07-16 02:00:00,0,
NANT,2019-07-16 03:00:00,0,
NANT,2019-07-16 04:00:00,0,
NANT,2019-07-16 05:00:00,0,
NANT,2019-07-16 06:00:00,0,
NANT,2019-07-16 07:00:00,0,
NANT,2019-07-16 08:00:00,0,
NANT,2019-07-16 09:00:00,0,
NANT,2019-07-16 10:00:00,0,
NANT,2019-07-16 11:00:00,0,
NANT,2019-07-16 12:00:00,-999,
NANT,2019-07-16 13:00:00,-999,
NANT,2019-07-16 14:00:00,-999,
NANT,2019-07-16 15:00:00,-999,
NANT,2019-07-16 16:00:00,-999,
NANT,2019-07-16 17:00:00,-999,
NANT,2019-07-16 18:00:00,-999,
NANT,2019-07-16 19:00:00,0,
NANT,2019-07-16 20:00:00,0,
NANT,2019-07-16 21:00:00,0,
NANT,2019-07-16 22:00:00,0,
NANT,2019-07-16 23:00:00,0,
NANT,2019-07-17 00:00:00,0,
NANT,2019-07-17 01:00:00,0,
NANT,2019-07-17 02:00:00,0,
NANT,2019-07-17 03:00:00,0,
NANT,2019-07-17 04:00:00,0,
NANT,2019-07-17 05:00:00,0,
NANT,2019-07-17 06:00:00,0,
NANT,2019-07-17 07:00:00,0,
NANT,2019-07-17 08:00:00,0,
NANT,2019-07-17 09:00:00,0,
NANT,2019-07-17 10:00:00,0,
NANT,2019-07-17 11:00:00,0,
NANT,2019-07-17 12:00:00,0,
NANT,2019-07-17 13:00:00,0,
NANT,2019-07-17 14:00:00,0,
NANT,2019-07-17 15:00:00,0,
NANT,2019-07-17 16:00:00,0,
NANT,2019-07-17 17:00:00,-999,
NANT,2019-07-17 18:00:00,-999,
NANT,2019-07-17 19:00:00,0,
NANT,2019-07-17 20:00:00,0,
NANT,2019-07-17 21:00:00,0,
NANT,2019-07-17 22:00:00,0,
NANT,2019-07-17 23:00:00,0,
NANT,2019-07-18 00:00:00,0,
NANT,2019-07-18 01:00:00,0,
NANT,2019-07-18 02:00:00,0,
NANT,2019-07-18 03:00:00,0,
NANT,2019-07-18 04:00:00,0,
NANT,2019-07-18 05:00:00,0,
NANT,2019-07-18 06:00:00,0,
NANT,2019-07-18 07:00:00,0,
NANT,2019-07-18 08:00:00,0,
NANT,2019-07-18 09:00:00,0,
NANT,2019-07-18 10:00:00,0,
NANT,2019-07-18 11:00:00,-999,
NANT,2019-07-18 12:00:00,-999,
NANT,2019-07-18 13:00:00,0,
NANT,2019-07-18 14:00:00,0,
NANT,2019-07-18 15:00:00,0,
NANT,2019-07-18 16:00:00,0,
NANT,2019-07-18 17:00:00,0,
NANT,2019-07-18 18:00:00,0,
NANT,2019-07-18 19:00:00,0,
NANT,2019-07-18 20:00:00,0,
NANT,2019-07-18 21:00:00,0,
NANT,2019-07-18 22:00:00,0,
NANT,2019-07-18 23:00:00,0,
NANT,2019-07-19 00:00:00,0,
NANT,2019-07-19 01:00:00,0,
NANT,2019-07-19 02:00:00,0,
NANT,2019-07-19 03:00:00,0,
NANT,2019-07-19 04:00:00,0,
NANT,2019-07-19 05:00:00,0,
NANT,2019-07-19 06:00:00,0,
NANT,2019-07-19 07:00:00,-999,
NANT,2019-07-19 08:00:00,-999,
NANT,2019-07-19 09:00:00,0,
NANT,2019-07-19 10:00:00,0,
NANT,2019-07-19 11:00:00,0,
NANT,2019-07-19 12:00:00,0,
NANT,2019-07-19 13:00:00,0,
NANT,2019-07-19 14:00:00,0,
NANT,2019-07-19 15:00:00,0,
NANT,2019-07-19 16:00:00,0,
NANT,2019-07-19 17:00:00,-999,
NANT,2019-07-19 18:00:00,-999,
NANT,2019-07-19 19:00:00,0,
NANT,2019-07-19 20:00:00,0,
NANT,2019-07-19 21:00:00,0,
NANT,2019-07-19 22:00:00,0,
NANT,2019-07-19 23:00:00,0,
NANT,2019-07-20 00:00:00,0,
NANT,2019-07-20 01:00:00,0,
NANT,2019-07-20 02:00:00,0,
NANT,2019-07-20 03:00:00,0,
NANT,2019-07-20 04:00:00,0,
NANT,2019-07-20 05:00:00,0,
NANT,2019-07-20 06:00:00,0,
NANT,2019-07-20 07:00:00,0,
NANT,2019-07-20 08:00:00,0,
NANT,2019-07-20 09:00:00,0,
NANT,2019-07-20 10:00:00,0,
NANT,2019-07-20 11:00:00,0,
NANT,2019-07-20 12:00:00,0,
NANT,2019-07-20 13:00:00,0,
NANT,2019-07-20 14:00:00,0,
NANT,2019-07-20 15:00:00,0,
NANT,2019-07-20 16:00:00,0,
NANT,2019-07-20 17:00:00,0,
NANT,2019-07-20 18:00:00,0,
NANT,2019-07-20 19:00:00,0,
NANT,2019-07-20 20:00:00,0,
NANT,2019-07-20 21:00:00,0,
NANT,2019-07-20 22:00:00,0,
NANT,2019-07-20 23:00:00,0,
NANT,2019-07-21 00:00:00,0,
NANT,2019-07-21 01:00:00,0,
NANT,2019-07-21 02:00:00,0,
NANT,2019-07-21 03:00:00,0,
NANT,2019-07-21 04:00:00,0,
NANT,2019-07-21 05:00:00,0,
NANT,2019-07-21 06:00:00,0,
NANT,2019-07-21 07:00:00,0,
NANT,2019-07-21 08:00:00,0,
NANT,2019-07-21 09:00:00,0,
NANT,2019-07-21 10:00:00,0,
NANT,2019-07-21 11:00:00,0,
NANT,2019-07-21 12:00:00,0,
NANT,2019-07-21 13:00:00,0,
NANT,2019-07-21 14:00:00,0,
NANT,2019-07-21 15:00:00,0,
NANT,2019-07-21 16:00:00,0,
NANT,2019-07-21 17:00:00,0,
NANT,2019-07-21 18:00:00,0,
NANT,2019-07-21 19:00:00,0,
NANT,2019-07-21 20:00:00,0,
NANT,2019-07-21 21:00:00,0.2,
NANT,2019-07-21 22:00:00,1.8,
NANT,2019-07-21 23:00:00,1.8,
NANT,2019-07-22 00:00:00,1.2,
NANT,2019-07-22 01:00:00,0.6,
NANT,2019-07-22 02:00:00,0.2,
NANT,2019-07-22 03:00:00,0,
NANT,2019-07-22 04:00:00,0,
NANT,2019-07-22 05:00:00,0,
NANT,2019-07-22 06:00:00,0,
NANT,2019-07-22 07:00:00,0,
NANT,2019-07-22 08:00:00,0,
NANT,2019-07-22 09:00:00,0,
NANT,2019-07-22 10:00:00,0,
NANT,2019-07-22 11:00:00,0,
NANT,2019-07-22 12:00:00,0,
NANT,2019-07-22 13:00:00,0,
NANT,2019-07-22 14:00:00,0,
NANT,2019-07-22 15:00:00,0,
NANT,2019-07-22 16:00:00,0,
NANT,2019-07-22 17:00:00,0,
NANT,2019-07-22 18:00:00,0.2,
NANT,2019-07-22 19:00:00,0,
NANT,2019-07-22 20:00:00,0,
NANT,2019-07-22 21:00:00,0,
NANT,2019-07-22 22:00:00,0,
NANT,2019-07-22 23:00:00,0,
NANT,2019-07-23 00:00:00,0,
NANT,2019-07-23 01:00:00,0,
NANT,2019-07-23 02:00:00,0,
NANT,2019-07-23 03:00:00,0,
NANT,2019-07-23 04:00:00,0,
NANT,2019-07-23 05:00:00,0,
NANT,2019-07-23 06:00:00,0,
NANT,2019-07-23 07:00:00,0,
NANT,2019-07-23 08:00:00,0,
NANT,2019-07-23 09:00:00,0,
NANT,2019-07-23 10:00:00,0.8,
NANT,2019-07-23 11:00:00,3,
NANT,2019-07-23 12:00:00,2,
NANT,2019-07-23 13:00:00,0.6,
NANT,2019-07-23 14:00:00,0,
NANT,2019-07-23 15:00:00,0,
NANT,2019-07-23 16:00:00,0,
NANT,2019-07-23 17:00:00,0.6,
NANT,2019-07-23 18:00:00,1.4,
NANT,2019-07-23 19:00:00,23.8,
NANT,2019-07-23 20:00:00,0.6,
NANT,2019-07-23 21:00:00,0.4,
NANT,2019-07-23 22:00:00,0.2,
NANT,2019-07-23 23:00:00,0,
NANT,2019-07-24 00:00:00,0,
NANT,2019-07-24 01:00:00,0,
NANT,2019-07-24 02:00:00,0,
NANT,2019-07-24 03:00:00,0,
NANT,2019-07-24 04:00:00,0.2,
NANT,2019-07-24 05:00:00,0,
NANT,2019-07-24 06:00:00,0,
NANT,2019-07-24 07:00:00,0.2,
NANT,2019-07-24 08:00:00,0.4,
NANT,2019-07-24 09:00:00,0,
NANT,2019-07-24 10:00:00,0,
NANT,2019-07-24 11:00:00,0,
NANT,2019-07-24 12:00:00,0,
NANT,2019-07-24 13:00:00,0,
NANT,2019-07-24 14:00:00,0,
NANT,2019-07-24 15:00:00,0,
NANT,2019-07-24 16:00:00,0.4,
NANT,2019-07-24 17:00:00,9.4,
NANT,2019-07-24 18:00:00,0,
NANT,2019-07-24 19:00:00,0,
NANT,2019-07-24 20:00:00,0,
NANT,2019-07-24 21:00:00,0,
NANT,2019-07-24 22:00:00,0,
NANT,2019-07-24 23:00:00,0,
NANT,2019-07-25 00:00:00,0,
NANT,2019-07-25 01:00:00,0,
NANT,2019-07-25 02:00:00,0,
NANT,2019-07-25 03:00:00,0,
NANT,2019-07-25 04:00:00,0,
NANT,2019-07-25 05:00:00,0,
NANT,2019-07-25 06:00:00,0,
NANT,2019-07-25 07:00:00,0,
NANT,2019-07-25 08:00:00,0,
NANT,2019-07-25 09:00:00,0.2,
NANT,2019-07-25 10:00:00,0,
NANT,2019-07-25 11:00:00,0,
NANT,2019-07-25 12:00:00,0,
NANT,2019-07-25 13:00:00,0,
NANT,2019-07-25 14:00:00,0,
NANT,2019-07-25 15:00:00,0,
NANT,2019-07-25 16:00:00,0,
NANT,2019-07-25 17:00:00,-999,
NANT,2019-07-25 18:00:00,0.2,
NANT,2019-07-25 19:00:00,0,
NANT,2019-07-25 20:00:00,0,
NANT,2019-07-25 21:00:00,1.2,
NANT,2019-07-25 22:00:00,3.2,
NANT,2019-07-25 23:00:00,0.6,
NANT,2019-07-26 00:00:00,0,
NANT,2019-07-26 01:00:00,0.2,
NANT,2019-07-26 02:00:00,0,
NANT,2019-07-26 03:00:00,0,
NANT,2019-07-26 04:00:00,0,
NANT,2019-07-26 05:00:00,0,
NANT,2019-07-26 06:00:00,0,
NANT,2019-07-26 07:00:00,0,
NANT,2019-07-26 08:00:00,0.4,
NANT,2019-07-26 09:00:00,0.8,
NANT,2019-07-26 10:00:00,1.2,
NANT,2019-07-26 11:00:00,0,
NANT,2019-07-26 12:00:00,0,
NANT,2019-07-26 13:00:00,0,
NANT,2019-07-26 14:00:00,0,
NANT,2019-07-26 15:00:00,0.4,
NANT,2019-07-26 16:00:00,0,
NANT,2019-07-26 17:00:00,0,
NANT,2019-07-26 18:00:00,0,
NANT,2019-07-26 19:00:00,0,
NANT,2019-07-26 20:00:00,0,
NANT,2019-07-26 21:00:00,0,
NANT,2019-07-26 22:00:00,0,
NANT,2019-07-26 23:00:00,0,
NANT,2019-07-27 00:00:00,0,
NANT,2019-07-27 01:00:00,0.8,
NANT,2019-07-27 02:00:00,0.8,
NANT,2019-07-27 03:00:00,0.4,
NANT,2019-07-27 04:00:00,0,
NANT,2019-07-27 05:00:00,0,
NANT,2019-07-27 06:00:00,0,
NANT,2019-07-27 07:00:00,0,
NANT,2019-07-27 08:00:00,0.2,
NANT,2019-07-27 09:00:00,0,
NANT,2019-07-27 10:00:00,0.6,
NANT,2019-07-27 11:00:00,0.6,
NANT,2019-07-27 12:00:00,0,
NANT,2019-07-27 13:00:00,0,
NANT,2019-07-27 14:00:00,0,
NANT,2019-07-27 15:00:00,0,
NANT,2019-07-27 16:00:00,0,
NANT,2019-07-27 17:00:00,0,
NANT,2019-07-27 18:00:00,0,
NANT,2019-07-27 19:00:00,0,
NANT,2019-07-27 20:00:00,0,
NANT,2019-07-27 21:00:00,0,
NANT,2019-07-27 22:00:00,0,
NANT,2019-07-27 23:00:00,0,
NANT,2019-07-28 00:00:00,0,
NANT,2019-07-28 01:00:00,0,
NANT,2019-07-28 02:00:00,0,
NANT,2019-07-28 03:00:00,0,
NANT,2019-07-28 04:00:00,0,
NANT,2019-07-28 05:00:00,0,
NANT,2019-07-28 06:00:00,0,
NANT,2019-07-28 07:00:00,0,
NANT,2019-07-28 08:00:00,0,
NANT,2019-07-28 09:00:00,0,
NANT,2019-07-28 10:00:00,0,
NANT,2019-07-28 11:00:00,0,
NANT,2019-07-28 12:00:00,0,
NANT,2019-07-28 13:00:00,0,
NANT,2019-07-28 14:00:00,0,
NANT,2019-07-28 15:00:00,0,
NANT,2019-07-28 16:00:00,0,
NANT,2019-07-28 17:00:00,0,
NANT,2019-07-28 18:00:00,0,
NANT,2019-07-28 19:00:00,0,
NANT,2019-07-28 20:00:00,0,
NANT,2019-07-28 21:00:00,0,
NANT,2019-07-28 22:00:00,0,
NANT,2019-07-28 23:00:00,0,
NANT,2019-07-29 00:00:00,0,
NANT,2019-07-29 01:00:00,0,
NANT,2019-07-29 02:00:00,0,
NANT,2019-07-29 03:00:00,0,
NANT,2019-07-29 04:00:00,0,
NANT,2019-07-29 05:00:00,0,
NANT,2019-07-29 06:00:00,0,
NANT,2019-07-29 07:00:00,0,
NANT,2019-07-29 08:00:00,0,
NANT,2019-07-29 09:00:00,0,
NANT,2019-07-29 10:00:00,0,
NANT,2019-07-29 11:00:00,0,
NANT,2019-07-29 12:00:00,0,
NANT,2019-07-29 13:00:00,0.2,
NANT,2019-07-29 14:00:00,0,
NANT,2019-07-29 15:00:00,0.2,
NANT,2019-07-29 16:00:00,0,
NANT,2019-07-29 17:00:00,0,
NANT,2019-07-29 18:00:00,0,
NANT,2019-07-29 19:00:00,0,
NANT,2019-07-29 20:00:00,0,
NANT,2019-07-29 21:00:00,0,
NANT,2019-07-29 22:00:00,0,
NANT,2019-07-29 23:00:00,0,
NANT,2019-07-30 00:00:00,0,
NANT,2019-07-30 01:00:00,0,
NANT,2019-07-30 02:00:00,0.6,
NANT,2019-07-30 03:00:00,2.4,
NANT,2019-07-30 04:00:00,1.2,
NANT,2019-07-30 05:00:00,0.2,
NANT,2019-07-30 06:00:00,0,
NANT,2019-07-30 07:00:00,0.4,
NANT,2019-07-30 08:00:00,0.8,
NANT,2019-07-30 09:00:00,0.8,
NANT,2019-07-30 10:00:00,0.8,
NANT,2019-07-30 11:00:00,0.2,
NANT,2019-07-30 12:00:00,0,
NANT,2019-07-30 13:00:00,0,
NANT,2019-07-30 14:00:00,0,
NANT,2019-07-30 15:00:00,0,
NANT,2019-07-30 16:00:00,0,
NANT,2019-07-30 17:00:00,0,
NANT,2019-07-30 18:00:00,0,
NANT,2019-07-30 19:00:00,0,
NANT,2019-07-30 20:00:00,0.2,
NANT,2019-07-30 21:00:00,0.2,
NANT,2019-07-30 22:00:00,6.6,
NANT,2019-07-30 23:00:00,0.4,
NANT,2019-07-31 00:00:00,0.4,
NANT,2019-07-31 01:00:00,8.4,
NANT,2019-07-31 02:00:00,1.6,
NANT,2019-07-31 03:00:00,0.6,
NANT,2019-07-31 04:00:00,1.4,
NANT,2019-07-31 05:00:00,8,
NANT,2019-07-31 06:00:00,4.6,
NANT,2019-07-31 07:00:00,4,
NANT,2019-07-31 08:00:00,1.4,
NANT,2019-07-31 09:00:00,1.8,
NANT,2019-07-31 10:00:00,4,
NANT,2019-07-31 11:00:00,7,
NANT,2019-07-31 12:00:00,3,
NANT,2019-07-31 13:00:00,0,
NANT,2019-07-31 14:00:00,0.2,
NANT,2019-07-31 15:00:00,0,
NANT,2019-07-31 16:00:00,0.2,
NANT,2019-07-31 17:00:00,0,
NANT,2019-07-31 18:00:00,0,
NANT,2019-07-31 19:00:00,0,
NANT,2019-07-31 20:00:00,0,
NANT,2019-07-31 21:00:00,3.2,
NANT,2019-07-31 22:00:00,3,
NANT,2019-07-31 23:00:00,3.6,
MCRM,2019-07-01 00:00:00,0,
MCRM,2019-07-01 01:00:00,0,
MCRM,2019-07-01 02:00:00,0,
MCRM,2019-07-01 03:00:00,0,
MCRM,2019-07-01 04:00:00,0,
MCRM,2019-07-01 05:00:00,0,
MCRM,2019-07-01 06:00:00,0,
MCRM,2019-07-01 07:00:00,0,
MCRM,2019-07-01 08:00:00,0,
MCRM,2019-07-01 09:00:00,0,
MCRM,2019-07-01 10:00:00,0,
MCRM,2019-07-01 11:00:00,0,
MCRM,2019-07-01 12:00:00,0,
MCRM,2019-07-01 13:00:00,0,
MCRM,2019-07-01 14:00:00,0,
MCRM,2019-07-01 15:00:00,0,
MCRM,2019-07-01 16:00:00,0,
MCRM,2019-07-01 17:00:00,0,
MCRM,2019-07-01 18:00:00,0,
MCRM,2019-07-01 19:00:00,0.2,
MCRM,2019-07-01 20:00:00,0.8,
MCRM,2019-07-01 21:00:00,0.2,
MCRM,2019-07-01 22:00:00,0,
MCRM,2019-07-01 23:00:00,0,
MCRM,2019-07-02 00:00:00,0,
MCRM,2019-07-02 01:00:00,0,
MCRM,2019-07-02 02:00:00,0.2,
MCRM,2019-07-02 03:00:00,0.6,
MCRM,2019-07-02 04:00:00,0.2,
MCRM,2019-07-02 05:00:00,0,
MCRM,2019-07-02 06:00:00,0.2,
MCRM,2019-07-02 07:00:00,0.2,
MCRM,2019-07-02 08:00:00,1,
MCRM,2019-07-02 09:00:00,0.2,
MCRM,2019-07-02 10:00:00,0,
MCRM,2019-07-02 11:00:00,1.2,
MCRM,2019-07-02 12:00:00,3.2,
MCRM,2019-07-02 13:00:00,0.6,
MCRM,2019-07-02 14:00:00,1.6,
MCRM,2019-07-02 15:00:00,0,
MCRM,2019-07-02 16:00:00,0,
MCRM,2019-07-02 17:00:00,0,
MCRM,2019-07-02 18:00:00,0,
MCRM,2019-07-02 19:00:00,0,
MCRM,2019-07-02 20:00:00,0,
MCRM,2019-07-02 21:00:00,0,
MCRM,2019-07-02 22:00:00,0,
MCRM,2019-07-02 23:00:00,0,
MCRM,2019-07-03 00:00:00,0,
MCRM,2019-07-03 01:00:00,0,
MCRM,2019-07-03 02:00:00,0,
MCRM,2019-07-03 03:00:00,3,
MCRM,2019-07-03 04:00:00,1.6,
MCRM,2019-07-03 05:00:00,0,
MCRM,2019-07-03 06:00:00,0,
MCRM,2019-07-03 07:00:00,0.2,
MCRM,2019-07-03 08:00:00,0,
MCRM,2019-07-03 09:00:00,0,
MCRM,2019-07-03 10:00:00,0,
MCRM,2019-07-03 11:00:00,0,
MCRM,2019-07-03 12:00:00,0,
MCRM,2019-07-03 13:00:00,0,
MCRM,2019-07-03 14:00:00,0,
MCRM,2019-07-03 15:00:00,0,
MCRM,2019-07-03 16:00:00,0,
MCRM,2019-07-03 17:00:00,0,
MCRM,2019-07-03 18:00:00,0,
MCRM,2019-07-03 19:00:00,0,
MCRM,2019-07-03 20:00:00,0,
MCRM,2019-07-03 21:00:00,0,
MCRM,2019-07-03 22:00:00,0,
MCRM,2019-07-03 23:00:00,0,
MCRM,2019-07-04 00:00:00,0,
MCRM,2019-07-04 01:00:00,0,
MCRM,2019-07-04 02:00:00,0,
MCRM,2019-07-04 03:00:00,0,
MCRM,2019-07-04 04:00:00,0,
MCRM,2019-07-04 05:00:00,0,
MCRM,2019-07-04 06:00:00,0,
MCRM,2019-07-04 07:00:00,0.2,
MCRM,2019-07-04 08:00:00,0,
MCRM,2019-07-04 09:00:00,0,
MCRM,2019-07-04 10:00:00,0,
MCRM,2019-07-04 11:00:00,0,
MCRM,2019-07-04 12:00:00,0,
MCRM,2019-07-04 13:00:00,0,
MCRM,2019-07-04 14:00:00,0,
MCRM,2019-07-04 15:00:00,0,
MCRM,2019-07-04 16:00:00,0,
MCRM,2019-07-04 17:00:00,0,
MCRM,2019-07-04 18:00:00,0,
MCRM,2019-07-04 19:00:00,0,
MCRM,2019-07-04 20:00:00,0,
MCRM,2019-07-04 21:00:00,0,
MCRM,2019-07-04 22:00:00,0,
MCRM,2019-07-04 23:00:00,0,
MCRM,2019-07-05 00:00:00,0,
MCRM,2019-07-05 01:00:00,0,
MCRM,2019-07-05 02:00:00,0,
MCRM,2019-07-05 03:00:00,0,
MCRM,2019-07-05 04:00:00,0,
MCRM,2019-07-05 05:00:00,0,
MCRM,2019-07-05 06:00:00,0,
MCRM,2019-07-05 07:00:00,0,
MCRM,2019-07-05 08:00:00,0,
MCRM,2019-07-05 09:00:00,0,
MCRM,2019-07-05 10:00:00,0,
MCRM,2019-07-05 11:00:00,-999,
MCRM,2019-07-05 12:00:00,1.8,
MCRM,2019-07-05 13:00:00,0,
MCRM,2019-07-05 14:00:00,0,
MCRM,2019-07-05 15:00:00,-999,
MCRM,2019-07-05 16:00:00,-999,
MCRM,2019-07-05 17:00:00,-999,
MCRM,2019-07-05 18:00:00,0,
MCRM,2019-07-05 19:00:00,0,
MCRM,2019-07-05 20:00:00,0.2,
MCRM,2019-07-05 21:00:00,0,
MCRM,2019-07-05 22:00:00,0,
MCRM,2019-07-05 23:00:00,0,
MCRM,2019-07-06 00:00:00,0,
MCRM,2019-07-06 01:00:00,0,
MCRM,2019-07-06 02:00:00,0,
MCRM,2019-07-06 03:00:00,0,
MCRM,2019-07-06 04:00:00,0,
MCRM,2019-07-06 05:00:00,0,
MCRM,2019-07-06 06:00:00,0,
MCRM,2019-07-06 07:00:00,0,
MCRM,2019-07-06 08:00:00,0,
MCRM,2019-07-06 09:00:00,0,
MCRM,2019-07-06 10:00:00,0,
MCRM,2019-07-06 11:00:00,0.2,
MCRM,2019-07-06 12:00:00,0,
MCRM,2019-07-06 13:00:00,0,
MCRM,2019-07-06 14:00:00,0,
MCRM,2019-07-06 15:00:00,0,
MCRM,2019-07-06 16:00:00,0,
MCRM,2019-07-06 17:00:00,0,
MCRM,2019-07-06 18:00:00,0,
MCRM,2019-07-06 19:00:00,0,
MCRM,2019-07-06 20:00:00,0,
MCRM,2019-07-06 21:00:00,0,
MCRM,2019-07-06 22:00:00,0,
MCRM,2019-07-06 23:00:00,0,
MCRM,2019-07-07 00:00:00,0,
MCRM,2019-07-07 01:00:00,0,
MCRM,2019-07-07 02:00:00,0,
MCRM,2019-07-07 03:00:00,0,
MCRM,2019-07-07 04:00:00,0,
MCRM,2019-07-07 05:00:00,0,
MCRM,2019-07-07 06:00:00,0,
MCRM,2019-07-07 07:00:00,0,
MCRM,2019-07-07 08:00:00,0,
MCRM,2019-07-07 09:00:00,0,
MCRM,2019-07-07 10:00:00,0,
MCRM,2019-07-07 11:00:00,0,
MCRM,2019-07-07 12:00:00,0,
MCRM,2019-07-07 13:00:00,0,
MCRM,2019-07-07 14:00:00,0,
MCRM,2019-07-07 15:00:00,0,
MCRM,2019-07-07 16:00:00,0,
MCRM,2019-07-07 17:00:00,0,
MCRM,2019-07-07 18:00:00,0,
MCRM,2019-07-07 19:00:00,0,
MCRM,2019-07-07 20:00:00,0,
MCRM,2019-07-07 21:00:00,0,
MCRM,2019-07-07 22:00:00,0,
MCRM,2019-07-07 23:00:00,0,
MCRM,2019-07-08 00:00:00,0,
MCRM,2019-07-08 01:00:00,0,
MCRM,2019-07-08 02:00:00,0,
MCRM,2019-07-08 03:00:00,0,
MCRM,2019-07-08 04:00:00,0,
MCRM,2019-07-08 05:00:00,0,
MCRM,2019-07-08 06:00:00,0,
MCRM,2019-07-08 07:00:00,0,
MCRM,2019-07-08 08:00:00,0,
MCRM,2019-07-08 09:00:00,0,
MCRM,2019-07-08 10:00:00,0,
MCRM,2019-07-08 11:00:00,0,
MCRM,2019-07-08 12:00:00,0,
MCRM,2019-07-08 13:00:00,0,
MCRM,2019-07-08 14:00:00,0,
MCRM,2019-07-08 15:00:00,0,
MCRM,2019-07-08 16:00:00,0,
MCRM,2019-07-08 17:00:00,7,
MCRM,2019-07-08 18:00:00,0,
MCRM,2019-07-08 19:00:00,0,
MCRM,2019-07-08 20:00:00,0,
MCRM,2019-07-08 21:00:00,0,
MCRM,2019-07-08 22:00:00,0,
MCRM,2019-07-08 23:00:00,0,
MCRM,2019-07-09 00:00:00,0,
MCRM,2019-07-09 01:00:00,0,
MCRM,2019-07-09 02:00:00,0,
MCRM,2019-07-09 03:00:00,0,
MCRM,2019-07-09 04:00:00,0,
MCRM,2019-07-09 05:00:00,0,
MCRM,2019-07-09 06:00:00,0,
MCRM,2019-07-09 07:00:00,0,
MCRM,2019-07-09 08:00:00,0,
MCRM,2019-07-09 09:00:00,0,
MCRM,2019-07-09 10:00:00,0,
MCRM,2019-07-09 11:00:00,0.2,
MCRM,2019-07-09 12:00:00,0,
MCRM,2019-07-09 13:00:00,0,
MCRM,2019-07-09 14:00:00,0,
MCRM,2019-07-09 15:00:00,0,
MCRM,2019-07-09 16:00:00,0,
MCRM,2019-07-09 17:00:00,0,
MCRM,2019-07-09 18:00:00,0,
MCRM,2019-07-09 19:00:00,0,
MCRM,2019-07-09 20:00:00,0,
MCRM,2019-07-09 21:00:00,0,
MCRM,2019-07-09 22:00:00,0,
MCRM,2019-07-09 23:00:00,0,
MCRM,2019-07-10 00:00:00,0,
MCRM,2019-07-10 01:00:00,0,
MCRM,2019-07-10 02:00:00,0,
MCRM,2019-07-10 03:00:00,0,
MCRM,2019-07-10 04:00:00,0,
MCRM,2019-07-10 05:00:00,0,
MCRM,2019-07-10 06:00:00,0,
MCRM,2019-07-10 07:00:00,0,
MCRM,2019-07-10 08:00:00,0,
MCRM,2019-07-10 09:00:00,0,
MCRM,2019-07-10 10:00:00,0,
MCRM,2019-07-10 11:00:00,0,
MCRM,2019-07-10 12:00:00,0,
MCRM,2019-07-10 13:00:00,0,
MCRM,2019-07-10 14:00:00,0,
MCRM,2019-07-10 15:00:00,0,
MCRM,2019-07-10 16:00:00,0,
MCRM,2019-07-10 17:00:00,0,
MCRM,2019-07-10 18:00:00,0,
MCRM,2019-07-10 19:00:00,0,
MCRM,2019-07-10 20:00:00,0,
MCRM,2019-07-10 21:00:00,0,
MCRM,2019-07-10 22:00:00,0,
MCRM,2019-07-10 23:00:00,0,
MCRM,2019-07-11 00:00:00,0,
MCRM,2019-07-11 01:00:00,0,
MCRM,2019-07-11 02:00:00,0,
MCRM,2019-07-11 03:00:00,0,
MCRM,2019-07-11 04:00:00,0,
MCRM,2019-07-11 05:00:00,0,
MCRM,2019-07-11 06:00:00,0,
MCRM,2019-07-11 07:00:00,0,
MCRM,2019-07-11 08:00:00,0,
MCRM,2019-07-11 09:00:00,0,
MCRM,2019-07-11 10:00:00,0,
MCRM,2019-07-11 11:00:00,0,
MCRM,2019-07-11 12:00:00,0,
MCRM,2019-07-11 13:00:00,0,
MCRM,2019-07-11 14:00:00,0,
MCRM,2019-07-11 15:00:00,0,
MCRM,2019-07-11 16:00:00,0,
MCRM,2019-07-11 17:00:00,0,
MCRM,2019-07-11 18:00:00,0,
MCRM,2019-07-11 19:00:00,0,
MCRM,2019-07-11 20:00:00,0,
MCRM,2019-07-11 21:00:00,0,
MCRM,2019-07-11 22:00:00,0.4,
MCRM,2019-07-11 23:00:00,0,
MCRM,2019-07-12 00:00:00,0,
MCRM,2019-07-12 01:00:00,0,
MCRM,2019-07-12 02:00:00,0,
MCRM,2019-07-12 03:00:00,0,
MCRM,2019-07-12 04:00:00,0,
MCRM,2019-07-12 05:00:00,0,
MCRM,2019-07-12 06:00:00,0,
MCRM,2019-07-12 07:00:00,0,
MCRM,2019-07-12 08:00:00,0,
MCRM,2019-07-12 09:00:00,0,
MCRM,2019-07-12 10:00:00,0,
MCRM,2019-07-12 11:00:00,0,
MCRM,2019-07-12 12:00:00,0,
MCRM,2019-07-12 13:00:00,0,
MCRM,2019-07-12 14:00:00,0,
MCRM,2019-07-12 15:00:00,0,
MCRM,2019-07-12 16:00:00,0,
MCRM,2019-07-12 17:00:00,0,
MCRM,2019-07-12 18:00:00,0,
MCRM,2019-07-12 19:00:00,0,
MCRM,2019-07-12 20:00:00,0,
MCRM,2019-07-12 21:00:00,0,
MCRM,2019-07-12 22:00:00,0,
MCRM,2019-07-12 23:00:00,0,
MCRM,2019-07-13 00:00:00,0,
MCRM,2019-07-13 01:00:00,0,
MCRM,2019-07-13 02:00:00,0,
MCRM,2019-07-13 03:00:00,0,
MCRM,2019-07-13 04:00:00,0,
MCRM,2019-07-13 05:00:00,0,
MCRM,2019-07-13 06:00:00,0,
MCRM,2019-07-13 07:00:00,0,
MCRM,2019-07-13 08:00:00,0,
MCRM,2019-07-13 09:00:00,0,
MCRM,2019-07-13 10:00:00,0,
MCRM,2019-07-13 11:00:00,0,
MCRM,2019-07-13 12:00:00,0,
MCRM,2019-07-13 13:00:00,0,
MCRM,2019-07-13 14:00:00,0,
MCRM,2019-07-13 15:00:00,0,
MCRM,2019-07-13 16:00:00,0,
MCRM,2019-07-13 17:00:00,0,
MCRM,2019-07-13 18:00:00,0,
MCRM,2019-07-13 19:00:00,0,
MCRM,2019-07-13 20:00:00,0,
MCRM,2019-07-13 21:00:00,0,
MCRM,2019-07-13 22:00:00,0,
MCRM,2019-07-13 23:00:00,0,
MCRM,2019-07-14 00:00:00,0,
MCRM,2019-07-14 01:00:00,0,
MCRM,2019-07-14 02:00:00,0,
MCRM,2019-07-14 03:00:00,0,
MCRM,2019-07-14 04:00:00,0,
MCRM,2019-07-14 05:00:00,0,
MCRM,2019-07-14 06:00:00,0,
MCRM,2019-07-14 07:00:00,0,
MCRM,2019-07-14 08:00:00,0,
MCRM,2019-07-14 09:00:00,0,
MCRM,2019-07-14 10:00:00,0,
MCRM,2019-07-14 11:00:00,0,
MCRM,2019-07-14 12:00:00,0,
MCRM,2019-07-14 13:00:00,0,
MCRM,2019-07-14 14:00:00,0,
MCRM,2019-07-14 15:00:00,0,
MCRM,2019-07-14 16:00:00,0,
MCRM,2019-07-14 17:00:00,-999,
MCRM,2019-07-14 18:00:00,1.2,
MCRM,2019-07-14 19:00:00,0,
MCRM,2019-07-14 20:00:00,0.2,
MCRM,2019-07-14 21:00:00,0,
MCRM,2019-07-14 22:00:00,0,
MCRM,2019-07-14 23:00:00,0,
MCRM,2019-07-15 00:00:00,0,
MCRM,2019-07-15 01:00:00,0,
MCRM,2019-07-15 02:00:00,0,
MCRM,2019-07-15 03:00:00,0,
MCRM,2019-07-15 04:00:00,0,
MCRM,2019-07-15 05:00:00,0,
MCRM,2019-07-15 06:00:00,0,
MCRM,2019-07-15 07:00:00,0,
MCRM,2019-07-15 08:00:00,0,
MCRM,2019-07-15 09:00:00,0,
MCRM,2019-07-15 10:00:00,0.2,
MCRM,2019-07-15 11:00:00,0,
MCRM,2019-07-15 12:00:00,0,
MCRM,2019-07-15 13:00:00,0,
MCRM,2019-07-15 14:00:00,0,
MCRM,2019-07-15 15:00:00,0,
MCRM,2019-07-15 16:00:00,0,
MCRM,2019-07-15 17:00:00,0,
MCRM,2019-07-15 18:00:00,0,
MCRM,2019-07-15 19:00:00,0,
MCRM,2019-07-15 20:00:00,0,
MCRM,2019-07-15 21:00:00,0,
MCRM,2019-07-15 22:00:00,0,
MCRM,2019-07-15 23:00:00,0,
MCRM,2019-07-16 00:00:00,0,
MCRM,2019-07-16 01:00:00,0,
MCRM,2019-07-16 02:00:00,0,
MCRM,2019-07-16 03:00:00,0,
MCRM,2019-07-16 04:00:00,0,
MCRM,2019-07-16 05:00:00,0,
MCRM,2019-07-16 06:00:00,0,
MCRM,2019-07-16 07:00:00,0,
MCRM,2019-07-16 08:00:00,0,
MCRM,2019-07-16 09:00:00,0,
MCRM,2019-07-16 10:00:00,0,
MCRM,2019-07-16 11:00:00,0,
MCRM,2019-07-16 12:00:00,0,
MCRM,2019-07-16 13:00:00,0,
MCRM,2019-07-16 14:00:00,0,
MCRM,2019-07-16 15:00:00,0,
MCRM,2019-07-16 16:00:00,0,
MCRM,2019-07-16 17:00:00,0,
MCRM,2019-07-16 18:00:00,0,
MCRM,2019-07-16 19:00:00,0,
MCRM,2019-07-16 20:00:00,0,
MCRM,2019-07-16 21:00:00,0,
MCRM,2019-07-16 22:00:00,0,
MCRM,2019-07-16 23:00:00,0,
MCRM,2019-07-17 00:00:00,0,
MCRM,2019-07-17 01:00:00,0,
MCRM,2019-07-17 02:00:00,0,
MCRM,2019-07-17 03:00:00,0,
MCRM,2019-07-17 04:00:00,0,
MCRM,2019-07-17 05:00:00,0,
MCRM,2019-07-17 06:00:00,0,
MCRM,2019-07-17 07:00:00,0,
MCRM,2019-07-17 08:00:00,0,
MCRM,2019-07-17 09:00:00,0,
MCRM,2019-07-17 10:00:00,0,
MCRM,2019-07-17 11:00:00,0,
MCRM,2019-07-17 12:00:00,0,
MCRM,2019-07-17 13:00:00,0,
MCRM,2019-07-17 14:00:00,0.2,
MCRM,2019-07-17 15:00:00,0,
MCRM,2019-07-17 16:00:00,0,
MCRM,2019-07-17 17:00:00,0,
MCRM,2019-07-17 18:00:00,0,
MCRM,2019-07-17 19:00:00,0,
MCRM,2019-07-17 20:00:00,0,
MCRM,2019-07-17 21:00:00,0,
MCRM,2019-07-17 22:00:00,0,
MCRM,2019-07-17 23:00:00,0,
MCRM,2019-07-18 00:00:00,0,
MCRM,2019-07-18 01:00:00,0,
MCRM,2019-07-18 02:00:00,0,
MCRM,2019-07-18 03:00:00,0,
MCRM,2019-07-18 04:00:00,0,
MCRM,2019-07-18 05:00:00,0,
MCRM,2019-07-18 06:00:00,0,
MCRM,2019-07-18 07:00:00,0,
MCRM,2019-07-18 08:00:00,0,
MCRM,2019-07-18 09:00:00,0,
MCRM,2019-07-18 10:00:00,0,
MCRM,2019-07-18 11:00:00,0,
MCRM,2019-07-18 12:00:00,0,
MCRM,2019-07-18 13:00:00,0,
MCRM,2019-07-18 14:00:00,0,
MCRM,2019-07-18 15:00:00,0,
MCRM,2019-07-18 16:00:00,0,
MCRM,2019-07-18 17:00:00,0,
MCRM,2019-07-18 18:00:00,0,
MCRM,2019-07-18 19:00:00,0,
MCRM,2019-07-18 20:00:00,0,
MCRM,2019-07-18 21:00:00,0,
MCRM,2019-07-18 22:00:00,-999,
MCRM,2019-07-18 23:00:00,0,
MCRM,2019-07-19 00:00:00,0,
MCRM,2019-07-19 01:00:00,0,
MCRM,2019-07-19 02:00:00,0,
MCRM,2019-07-19 03:00:00,0,
MCRM,2019-07-19 04:00:00,0,
MCRM,2019-07-19 05:00:00,0,
MCRM,2019-07-19 06:00:00,0,
MCRM,2019-07-19 07:00:00,0,
MCRM,2019-07-19 08:00:00,0,
MCRM,2019-07-19 09:00:00,0,
MCRM,2019-07-19 10:00:00,0,
MCRM,2019-07-19 11:00:00,0,
MCRM,2019-07-19 12:00:00,0,
MCRM,2019-07-19 13:00:00,0,
MCRM,2019-07-19 14:00:00,0,
MCRM,2019-07-19 15:00:00,0,
MCRM,2019-07-19 16:00:00,0,
MCRM,2019-07-19 17:00:00,0,
MCRM,2019-07-19 18:00:00,0,
MCRM,2019-07-19 19:00:00,0,
MCRM,2019-07-19 20:00:00,0,
MCRM,2019-07-19 21:00:00,0,
MCRM,2019-07-19 22:00:00,0,
MCRM,2019-07-19 23:00:00,0,
MCRM,2019-07-20 00:00:00,0,
MCRM,2019-07-20 01:00:00,0,
MCRM,2019-07-20 02:00:00,0,
MCRM,2019-07-20 03:00:00,0,
MCRM,2019-07-20 04:00:00,0,
MCRM,2019-07-20 05:00:00,0,
MCRM,2019-07-20 06:00:00,0,
MCRM,2019-07-20 07:00:00,0,
MCRM,2019-07-20 08:00:00,0,
MCRM,2019-07-20 09:00:00,0,
MCRM,2019-07-20 10:00:00,0,
MCRM,2019-07-20 11:00:00,0,
MCRM,2019-07-20 12:00:00,0,
MCRM,2019-07-20 13:00:00,0,
MCRM,2019-07-20 14:00:00,0,
MCRM,2019-07-20 15:00:00,0,
MCRM,2019-07-20 16:00:00,0,
MCRM,2019-07-20 17:00:00,0,
MCRM,2019-07-20 18:00:00,0,
MCRM,2019-07-20 19:00:00,0,
MCRM,2019-07-20 20:00:00,0,
MCRM,2019-07-20 21:00:00,0,
MCRM,2019-07-20 22:00:00,0,
MCRM,2019-07-20 23:00:00,0,
MCRM,2019-07-21 00:00:00,0,
MCRM,2019-07-21 01:00:00,0,
MCRM,2019-07-21 02:00:00,0,
MCRM,2019-07-21 03:00:00,0,
MCRM,2019-07-21 04:00:00,0,
MCRM,2019-07-21 05:00:00,0,
MCRM,2019-07-21 06:00:00,0,
MCRM,2019-07-21 07:00:00,0,
MCRM,2019-07-21 08:00:00,0,
MCRM,2019-07-21 09:00:00,0,
MCRM,2019-07-21 10:00:00,0,
MCRM,2019-07-21 11:00:00,0,
MCRM,2019-07-21 12:00:00,0,
MCRM,2019-07-21 13:00:00,0,
MCRM,2019-07-21 14:00:00,0,
MCRM,2019-07-21 15:00:00,0,
MCRM,2019-07-21 16:00:00,0,
MCRM,2019-07-21 17:00:00,0,
MCRM,2019-07-21 18:00:00,0,
MCRM,2019-07-21 19:00:00,0,
MCRM,2019-07-21 20:00:00,0,
MCRM,2019-07-21 21:00:00,0,
MCRM,2019-07-21 22:00:00,0,
MCRM,2019-07-21 23:00:00,1.2,
MCRM,2019-07-22 00:00:00,12.6,
MCRM,2019-07-22 01:00:00,0.2,
MCRM,2019-07-22 02:00:00,0.2,
MCRM,2019-07-22 03:00:00,0,
MCRM,2019-07-22 04:00:00,0,
MCRM,2019-07-22 05:00:00,0,
MCRM,2019-07-22 06:00:00,0,
MCRM,2019-07-22 07:00:00,0,
MCRM,2019-07-22 08:00:00,0,
MCRM,2019-07-22 09:00:00,0,
MCRM,2019-07-22 10:00:00,0,
MCRM,2019-07-22 11:00:00,0,
MCRM,2019-07-22 12:00:00,0,
MCRM,2019-07-22 13:00:00,0.2,
MCRM,2019-07-22 14:00:00,0,
MCRM,2019-07-22 15:00:00,0,
MCRM,2019-07-22 16:00:00,-999,
MCRM,2019-07-22 17:00:00,0,
MCRM,2019-07-22 18:00:00,0,
MCRM,2019-07-22 19:00:00,0,
MCRM,2019-07-22 20:00:00,0,
MCRM,2019-07-22 21:00:00,0,
MCRM,2019-07-22 22:00:00,0,
MCRM,2019-07-22 23:00:00,0,
MCRM,2019-07-23 00:00:00,0,
MCRM,2019-07-23 01:00:00,0,
MCRM,2019-07-23 02:00:00,0,
MCRM,2019-07-23 03:00:00,0,
MCRM,2019-07-23 04:00:00,0,
MCRM,2019-07-23 05:00:00,0,
MCRM,2019-07-23 06:00:00,0,
MCRM,2019-07-23 07:00:00,0,
MCRM,2019-07-23 08:00:00,0,
MCRM,2019-07-23 09:00:00,0,
MCRM,2019-07-23 10:00:00,0.4,
MCRM,2019-07-23 11:00:00,3.2,
MCRM,2019-07-23 12:00:00,0.4,
MCRM,2019-07-23 13:00:00,0.6,
MCRM,2019-07-23 14:00:00,0,
MCRM,2019-07-23 15:00:00,0,
MCRM,2019-07-23 16:00:00,0,
MCRM,2019-07-23 17:00:00,0,
MCRM,2019-07-23 18:00:00,4.2,
MCRM,2019-07-23 19:00:00,29.2,
MCRM,2019-07-23 20:00:00,5.8,
MCRM,2019-07-23 21:00:00,0.6,
MCRM,2019-07-23 22:00:00,0.2,
MCRM,2019-07-23 23:00:00,0,
MCRM,2019-07-24 00:00:00,0,
MCRM,2019-07-24 01:00:00,0.2,
MCRM,2019-07-24 02:00:00,0,
MCRM,2019-07-24 03:00:00,0.2,
MCRM,2019-07-24 04:00:00,0,
MCRM,2019-07-24 05:00:00,0,
MCRM,2019-07-24 06:00:00,0,
MCRM,2019-07-24 07:00:00,0,
MCRM,2019-07-24 08:00:00,0.6,
MCRM,2019-07-24 09:00:00,0.2,
MCRM,2019-07-24 10:00:00,0,
MCRM,2019-07-24 11:00:00,0.2,
MCRM,2019-07-24 12:00:00,0,
MCRM,2019-07-24 13:00:00,0,
MCRM,2019-07-24 14:00:00,0,
MCRM,2019-07-24 15:00:00,0,
MCRM,2019-07-24 16:00:00,5.4,
MCRM,2019-07-24 17:00:00,8.8,
MCRM,2019-07-24 18:00:00,3.8,
MCRM,2019-07-24 19:00:00,1.2,
MCRM,2019-07-24 20:00:00,0,
MCRM,2019-07-24 21:00:00,0,
MCRM,2019-07-24 22:00:00,0,
MCRM,2019-07-24 23:00:00,0,
MCRM,2019-07-25 00:00:00,0,
MCRM,2019-07-25 01:00:00,0,
MCRM,2019-07-25 02:00:00,0,
MCRM,2019-07-25 03:00:00,0,
MCRM,2019-07-25 04:00:00,0,
MCRM,2019-07-25 05:00:00,0,
MCRM,2019-07-25 06:00:00,0,
MCRM,2019-07-25 07:00:00,0,
MCRM,2019-07-25 08:00:00,0,
MCRM,2019-07-25 09:00:00,0,
MCRM,2019-07-25 10:00:00,0,
MCRM,2019-07-25 11:00:00,0,
MCRM,2019-07-25 12:00:00,0,
MCRM,2019-07-25 13:00:00,0,
MCRM,2019-07-25 14:00:00,0,
MCRM,2019-07-25 15:00:00,0,
MCRM,2019-07-25 16:00:00,0.2,
MCRM,2019-07-25 17:00:00,0,
MCRM,2019-07-25 18:00:00,0,
MCRM,2019-07-25 19:00:00,0,
MCRM,2019-07-25 20:00:00,0,
MCRM,2019-07-25 21:00:00,0.2,
MCRM,2019-07-25 22:00:00,0.4,
MCRM,2019-07-25 23:00:00,1.6,
MCRM,2019-07-26 00:00:00,0.6,
MCRM,2019-07-26 01:00:00,0.4,
MCRM,2019-07-26 02:00:00,0,
MCRM,2019-07-26 03:00:00,0,
MCRM,2019-07-26 04:00:00,0.2,
MCRM,2019-07-26 05:00:00,0,
MCRM,2019-07-26 06:00:00,0,
MCRM,2019-07-26 07:00:00,0,
MCRM,2019-07-26 08:00:00,0.4,
MCRM,2019-07-26 09:00:00,0,
MCRM,2019-07-26 10:00:00,0.4,
MCRM,2019-07-26 11:00:00,0.4,
MCRM,2019-07-26 12:00:00,0,
MCRM,2019-07-26 13:00:00,0,
MCRM,2019-07-26 14:00:00,0,
MCRM,2019-07-26 15:00:00,0,
MCRM,2019-07-26 16:00:00,0,
MCRM,2019-07-26 17:00:00,0,
MCRM,2019-07-26 18:00:00,0,
MCRM,2019-07-26 19:00:00,0,
MCRM,2019-07-26 20:00:00,0,
MCRM,2019-07-26 21:00:00,0,
MCRM,2019-07-26 22:00:00,0,
MCRM,2019-07-26 23:00:00,0,
MCRM,2019-07-27 00:00:00,0.2,
MCRM,2019-07-27 01:00:00,0.4,
MCRM,2019-07-27 02:00:00,0.4,
MCRM,2019-07-27 03:00:00,0.8,
MCRM,2019-07-27 04:00:00,0.4,
MCRM,2019-07-27 05:00:00,0.2,
MCRM,2019-07-27 06:00:00,0,
MCRM,2019-07-27 07:00:00,0,
MCRM,2019-07-27 08:00:00,0,
MCRM,2019-07-27 09:00:00,0,
MCRM,2019-07-27 10:00:00,0,
MCRM,2019-07-27 11:00:00,0,
MCRM,2019-07-27 12:00:00,0,
MCRM,2019-07-27 13:00:00,0,
MCRM,2019-07-27 14:00:00,0,
MCRM,2019-07-27 15:00:00,0,
MCRM,2019-07-27 16:00:00,0,
MCRM,2019-07-27 17:00:00,0,
MCRM,2019-07-27 18:00:00,0,
MCRM,2019-07-27 19:00:00,0,
MCRM,2019-07-27 20:00:00,0,
MCRM,2019-07-27 21:00:00,0,
MCRM,2019-07-27 22:00:00,0,
MCRM,2019-07-27 23:00:00,0,
MCRM,2019-07-28 00:00:00,0,
MCRM,2019-07-28 01:00:00,0,
MCRM,2019-07-28 02:00:00,0,
MCRM,2019-07-28 03:00:00,0,
MCRM,2019-07-28 04:00:00,0,
MCRM,2019-07-28 05:00:00,0,
MCRM,2019-07-28 06:00:00,0,
MCRM,2019-07-28 07:00:00,0,
MCRM,2019-07-28 08:00:00,0,
MCRM,2019-07-28 09:00:00,0,
MCRM,2019-07-28 10:00:00,0,
MCRM,2019-07-28 11:00:00,0,
MCRM,2019-07-28 12:00:00,0,
MCRM,2019-07-28 13:00:00,0,
MCRM,2019-07-28 14:00:00,0,
MCRM,2019-07-28 15:00:00,0,
MCRM,2019-07-28 16:00:00,0,
MCRM,2019-07-28 17:00:00,0,
MCRM,2019-07-28 18:00:00,0,
MCRM,2019-07-28 19:00:00,0,
MCRM,2019-07-28 20:00:00,0,
MCRM,2019-07-28 21:00:00,0,
MCRM,2019-07-28 22:00:00,0,
MCRM,2019-07-28 23:00:00,0,
MCRM,2019-07-29 00:00:00,0,
MCRM,2019-07-29 01:00:00,0,
MCRM,2019-07-29 02:00:00,0,
MCRM,2019-07-29 03:00:00,0,
MCRM,2019-07-29 04:00:00,0,
MCRM,2019-07-29 05:00:00,0,
MCRM,2019-07-29 06:00:00,0,
MCRM,2019-07-29 07:00:00,0,
MCRM,2019-07-29 08:00:00,0,
MCRM,2019-07-29 09:00:00,0,
MCRM,2019-07-29 10:00:00,0,
MCRM,2019-07-29 11:00:00,0,
MCRM,2019-07-29 12:00:00,0,
MCRM,2019-07-29 13:00:00,0,
MCRM,2019-07-29 14:00:00,0,
MCRM,2019-07-29 15:00:00,0,
MCRM,2019-07-29 16:00:00,0,
MCRM,2019-07-29 17:00:00,0,
MCRM,2019-07-29 18:00:00,0,
MCRM,2019-07-29 19:00:00,0,
MCRM,2019-07-29 20:00:00,0,
MCRM,2019-07-29 21:00:00,0,
MCRM,2019-07-29 22:00:00,0,
MCRM,2019-07-29 23:00:00,0,
MCRM,2019-07-30 00:00:00,0,
MCRM,2019-07-30 01:00:00,0,
MCRM,2019-07-30 02:00:00,1.4,
MCRM,2019-07-30 03:00:00,1.4,
MCRM,2019-07-30 04:00:00,0.4,
MCRM,2019-07-30 05:00:00,0.2,
MCRM,2019-07-30 06:00:00,0,
MCRM,2019-07-30 07:00:00,0.6,
MCRM,2019-07-30 08:00:00,3.8,
MCRM,2019-07-30 09:00:00,3.6,
MCRM,2019-07-30 10:00:00,1.6,
MCRM,2019-07-30 11:00:00,2,
MCRM,2019-07-30 12:00:00,0.2,
MCRM,2019-07-30 13:00:00,0,
MCRM,2019-07-30 14:00:00,0,
MCRM,2019-07-30 15:00:00,0,
MCRM,2019-07-30 16:00:00,0,
MCRM,2019-07-30 17:00:00,0,
MCRM,2019-07-30 18:00:00,0,
MCRM,2019-07-30 19:00:00,0,
MCRM,2019-07-30 20:00:00,0,
MCRM,2019-07-30 21:00:00,0,
MCRM,2019-07-30 22:00:00,10.2,
MCRM,2019-07-30 23:00:00,4.8,
MCRM,2019-07-31 00:00:00,1.2,
MCRM,2019-07-31 01:00:00,1.2,
MCRM,2019-07-31 02:00:00,6.8,
MCRM,2019-07-31 03:00:00,4,
MCRM,2019-07-31 04:00:00,1.2,
MCRM,2019-07-31 05:00:00,2.2,
MCRM,2019-07-31 06:00:00,4.6,
MCRM,2019-07-31 07:00:00,1.8,
MCRM,2019-07-31 08:00:00,1.6,
MCRM,2019-07-31 09:00:00,0,
MCRM,2019-07-31 10:00:00,2.2,
MCRM,2019-07-31 11:00:00,0.8,
MCRM,2019-07-31 12:00:00,0,
MCRM,2019-07-31 13:00:00,0.2,
MCRM,2019-07-31 14:00:00,0,
MCRM,2019-07-31 15:00:00,0,
MCRM,2019-07-31 16:00:00,0,
MCRM,2019-07-31 17:00:00,0,
MCRM,2019-07-31 18:00:00,0,
MCRM,2019-07-31 19:00:00,0,
MCRM,2019-07-31 20:00:00,0,
MCRM,2019-07-31 21:00:00,0,
MCRM,2019-07-31 22:00:00,0,
MCRM,2019-07-31 23:00:00,0.6,
NAN001,2019-07-01 00:00:00,0,
NAN001,2019-07-01 01:00:00,0,
NAN001,2019-07-01 02:00:00,0,
NAN001,2019-07-01 03:00:00,0,
NAN001,2019-07-01 04:00:00,0,
NAN001,2019-07-01 05:00:00,0,
NAN001,2019-07-01 06:00:00,0,
NAN001,2019-07-01 07:00:00,0,
NAN001,2019-07-01 08:00:00,0,
NAN001,2019-07-01 09:00:00,0,
NAN001,2019-07-01 10:00:00,0,
NAN001,2019-07-01 11:00:00,0,
NAN001,2019-07-01 12:00:00,0,
NAN001,2019-07-01 13:00:00,0,
NAN001,2019-07-01 14:00:00,0,
NAN001,2019-07-01 15:00:00,6.4,
NAN001,2019-07-01 16:00:00,0.8,
NAN001,2019-07-01 17:00:00,0,
NAN001,2019-07-01 18:00:00,0.4,
NAN001,2019-07-01 19:00:00,0,
NAN001,2019-07-01 20:00:00,0,
NAN001,2019-07-01 21:00:00,0,
NAN001,2019-07-01 22:00:00,0,
NAN001,2019-07-01 23:00:00,0,
NAN001,2019-07-02 00:00:00,0,
NAN001,2019-07-02 01:00:00,0,
NAN001,2019-07-02 02:00:00,0,
NAN001,2019-07-02 03:00:00,0.4,
NAN001,2019-07-02 04:00:00,0.4,
NAN001,2019-07-02 05:00:00,0.8,
NAN001,2019-07-02 06:00:00,2.4,
NAN001,2019-07-02 07:00:00,0.6,
NAN001,2019-07-02 08:00:00,0,
NAN001,2019-07-02 09:00:00,1.4,
NAN001,2019-07-02 10:00:00,0,
NAN001,2019-07-02 11:00:00,0,
NAN001,2019-07-02 12:00:00,0.4,
NAN001,2019-07-02 13:00:00,0.6,
NAN001,2019-07-02 14:00:00,0,
NAN001,2019-07-02 15:00:00,0,
NAN001,2019-07-02 16:00:00,0,
NAN001,2019-07-02 17:00:00,0,
NAN001,2019-07-02 18:00:00,0,
NAN001,2019-07-02 19:00:00,0,
NAN001,2019-07-02 20:00:00,0,
NAN001,2019-07-02 21:00:00,0,
NAN001,2019-07-02 22:00:00,0,
NAN001,2019-07-02 23:00:00,0,
NAN001,2019-07-03 00:00:00,0,
NAN001,2019-07-03 01:00:00,0,
NAN001,2019-07-03 02:00:00,0,
NAN001,2019-07-03 03:00:00,0,
NAN001,2019-07-03 04:00:00,0,
NAN001,2019-07-03 05:00:00,0,
NAN001,2019-07-03 06:00:00,0,
NAN001,2019-07-03 07:00:00,0,
NAN001,2019-07-03 08:00:00,0,
NAN001,2019-07-03 09:00:00,0,
NAN001,2019-07-03 10:00:00,0,
NAN001,2019-07-03 11:00:00,0,
NAN001,2019-07-03 12:00:00,0,
NAN001,2019-07-03 13:00:00,0,
NAN001,2019-07-03 14:00:00,0,
NAN001,2019-07-03 15:00:00,0,
NAN001,2019-07-03 16:00:00,0,
NAN001,2019-07-03 17:00:00,0,
NAN001,2019-07-03 18:00:00,-999,
NAN001,2019-07-03 19:00:00,0,
NAN001,2019-07-03 20:00:00,0,
NAN001,2019-07-03 21:00:00,0,
NAN001,2019-07-03 22:00:00,0,
NAN001,2019-07-03 23:00:00,0,
NAN001,2019-07-04 00:00:00,0,
NAN001,2019-07-04 01:00:00,0,
NAN001,2019-07-04 02:00:00,0,
NAN001,2019-07-04 03:00:00,0,
NAN001,2019-07-04 04:00:00,0,
NAN001,2019-07-04 05:00:00,0,
NAN001,2019-07-04 06:00:00,0,
NAN001,2019-07-04 07:00:00,0,
NAN001,2019-07-04 08:00:00,0,
NAN001,2019-07-04 09:00:00,0,
NAN001,2019-07-04 10:00:00,0,
NAN001,2019-07-04 11:00:00,0,
NAN001,2019-07-04 12:00:00,0,
NAN001,2019-07-04 13:00:00,0,
NAN001,2019-07-04 14:00:00,0,
NAN001,2019-07-04 15:00:00,0,
NAN001,2019-07-04 16:00:00,0,
NAN001,2019-07-04 17:00:00,0,
NAN001,2019-07-04 18:00:00,-999,
NAN001,2019-07-04 19:00:00,0,
NAN001,2019-07-04 20:00:00,0,
NAN001,2019-07-04 21:00:00,0,
NAN001,2019-07-04 22:00:00,0,
NAN001,2019-07-04 23:00:00,0,
NAN001,2019-07-05 00:00:00,-999,
NAN001,2019-07-05 01:00:00,-999,
NAN001,2019-07-05 02:00:00,-999,
NAN001,2019-07-05 03:00:00,-999,
NAN001,2019-07-05 04:00:00,-999,
NAN001,2019-07-05 05:00:00,-999,
NAN001,2019-07-05 06:00:00,0,
NAN001,2019-07-05 07:00:00,0,
NAN001,2019-07-05 08:00:00,0,
NAN001,2019-07-05 09:00:00,0,
NAN001,2019-07-05 10:00:00,0,
NAN001,2019-07-05 11:00:00,-999,
NAN001,2019-07-05 12:00:00,0,
NAN001,2019-07-05 13:00:00,0,
NAN001,2019-07-05 14:00:00,0,
NAN001,2019-07-05 15:00:00,-999,
NAN001,2019-07-05 16:00:00,0,
NAN001,2019-07-05 17:00:00,0,
NAN001,2019-07-05 18:00:00,0,
NAN001,2019-07-05 19:00:00,2,
NAN001,2019-07-05 20:00:00,0,
NAN001,2019-07-05 21:00:00,0,
NAN001,2019-07-05 22:00:00,0,
NAN001,2019-07-05 23:00:00,0,
NAN001,2019-07-06 00:00:00,0,
NAN001,2019-07-06 01:00:00,0,
NAN001,2019-07-06 02:00:00,0,
NAN001,2019-07-06 03:00:00,0,
NAN001,2019-07-06 04:00:00,0,
NAN001,2019-07-06 05:00:00,0,
NAN001,2019-07-06 06:00:00,0,
NAN001,2019-07-06 07:00:00,0,
NAN001,2019-07-06 08:00:00,0,
NAN001,2019-07-06 09:00:00,0,
NAN001,2019-07-06 10:00:00,0,
NAN001,2019-07-06 11:00:00,0,
NAN001,2019-07-06 12:00:00,0,
NAN001,2019-07-06 13:00:00,0,
NAN001,2019-07-06 14:00:00,0,
NAN001,2019-07-06 15:00:00,0,
NAN001,2019-07-06 16:00:00,0,
NAN001,2019-07-06 17:00:00,0,
NAN001,2019-07-06 18:00:00,0,
NAN001,2019-07-06 19:00:00,0,
NAN001,2019-07-06 20:00:00,0,
NAN001,2019-07-06 21:00:00,0,
NAN001,2019-07-06 22:00:00,0,
NAN001,2019-07-06 23:00:00,0,
NAN001,2019-07-07 00:00:00,0,
NAN001,2019-07-07 01:00:00,0,
NAN001,2019-07-07 02:00:00,0,
NAN001,2019-07-07 03:00:00,0,
NAN001,2019-07-07 04:00:00,0,
NAN001,2019-07-07 05:00:00,0,
NAN001,2019-07-07 06:00:00,0,
NAN001,2019-07-07 07:00:00,0,
NAN001,2019-07-07 08:00:00,0,
NAN001,2019-07-07 09:00:00,0,
NAN001,2019-07-07 10:00:00,0,
NAN001,2019-07-07 11:00:00,0,
NAN001,2019-07-07 12:00:00,0,
NAN001,2019-07-07 13:00:00,0,
NAN001,2019-07-07 14:00:00,0,
NAN001,2019-07-07 15:00:00,0,
NAN001,2019-07-07 16:00:00,0,
NAN001,2019-07-07 17:00:00,0,
NAN001,2019-07-07 18:00:00,0,
NAN001,2019-07-07 19:00:00,0,
NAN001,2019-07-07 20:00:00,0,
NAN001,2019-07-07 21:00:00,0,
NAN001,2019-07-07 22:00:00,0,
NAN001,2019-07-07 23:00:00,0,
NAN001,2019-07-08 00:00:00,0,
NAN001,2019-07-08 01:00:00,0,
NAN001,2019-07-08 02:00:00,0,
NAN001,2019-07-08 03:00:00,0,
NAN001,2019-07-08 04:00:00,0,
NAN001,2019-07-08 05:00:00,0,
NAN001,2019-07-08 06:00:00,0,
NAN001,2019-07-08 07:00:00,0,
NAN001,2019-07-08 08:00:00,0,
NAN001,2019-07-08 09:00:00,0,
NAN001,2019-07-08 10:00:00,0,
NAN001,2019-07-08 11:00:00,0,
NAN001,2019-07-08 12:00:00,0,
NAN001,2019-07-08 13:00:00,0,
NAN001,2019-07-08 14:00:00,0,
NAN001,2019-07-08 15:00:00,0,
NAN001,2019-07-08 16:00:00,0,
NAN001,2019-07-08 17:00:00,0,
NAN001,2019-07-08 18:00:00,0,
NAN001,2019-07-08 19:00:00,0,
NAN001,2019-07-08 20:00:00,0,
NAN001,2019-07-08 21:00:00,0,
NAN001,2019-07-08 22:00:00,0,
NAN001,2019-07-08 23:00:00,0,
NAN001,2019-07-09 00:00:00,0,
NAN001,2019-07-09 01:00:00,0,
NAN001,2019-07-09 02:00:00,0,
NAN001,2019-07-09 03:00:00,0,
NAN001,2019-07-09 04:00:00,0,
NAN001,2019-07-09 05:00:00,0,
NAN001,2019-07-09 06:00:00,0,
NAN001,2019-07-09 07:00:00,0,
NAN001,2019-07-09 08:00:00,0,
NAN001,2019-07-09 09:00:00,0,
NAN001,2019-07-09 10:00:00,0,
NAN001,2019-07-09 11:00:00,0,
NAN001,2019-07-09 12:00:00,0,
NAN001,2019-07-09 13:00:00,0,
NAN001,2019-07-09 14:00:00,0,
NAN001,2019-07-09 15:00:00,0,
NAN001,2019-07-09 16:00:00,0.6,
NAN001,2019-07-09 17:00:00,0,
NAN001,2019-07-09 18:00:00,0,
NAN001,2019-07-09 19:00:00,0,
NAN001,2019-07-09 20:00:00,0,
NAN001,2019-07-09 21:00:00,0.2,
NAN001,2019-07-09 22:00:00,0,
NAN001,2019-07-09 23:00:00,0,
NAN001,2019-07-10 00:00:00,0,
NAN001,2019-07-10 01:00:00,0,
NAN001,2019-07-10 02:00:00,0,
NAN001,2019-07-10 03:00:00,0,
NAN001,2019-07-10 04:00:00,0,
NAN001,2019-07-10 05:00:00,0,
NAN001,2019-07-10 06:00:00,0,
NAN001,2019-07-10 07:00:00,0,
NAN001,2019-07-10 08:00:00,0,
NAN001,2019-07-10 09:00:00,0,
NAN001,2019-07-10 10:00:00,0,
NAN001,2019-07-10 11:00:00,0,
NAN001,2019-07-10 12:00:00,0,
NAN001,2019-07-10 13:00:00,0,
NAN001,2019-07-10 14:00:00,0,
NAN001,2019-07-10 15:00:00,0.2,
NAN001,2019-07-10 16:00:00,0,
NAN001,2019-07-10 17:00:00,0,
NAN001,2019-07-10 18:00:00,0,
NAN001,2019-07-10 19:00:00,0,
NAN001,2019-07-10 20:00:00,0,
NAN001,2019-07-10 21:00:00,0.2,
NAN001,2019-07-10 22:00:00,0,
NAN001,2019-07-10 23:00:00,0,
NAN001,2019-07-11 00:00:00,0,
NAN001,2019-07-11 01:00:00,0,
NAN001,2019-07-11 02:00:00,0,
NAN001,2019-07-11 03:00:00,0,
NAN001,2019-07-11 04:00:00,0,
NAN001,2019-07-11 05:00:00,0,
NAN001,2019-07-11 06:00:00,0,
NAN001,2019-07-11 07:00:00,0,
NAN001,2019-07-11 08:00:00,0,
NAN001,2019-07-11 09:00:00,0,
NAN001,2019-07-11 10:00:00,0,
NAN001,2019-07-11 11:00:00,0,
NAN001,2019-07-11 12:00:00,0,
NAN001,2019-07-11 13:00:00,0,
NAN001,2019-07-11 14:00:00,0,
NAN001,2019-07-11 15:00:00,0,
NAN001,2019-07-11 16:00:00,0,
NAN001,2019-07-11 17:00:00,0,
NAN001,2019-07-11 18:00:00,0,
NAN001,2019-07-11 19:00:00,0,
NAN001,2019-07-11 20:00:00,0,
NAN001,2019-07-11 21:00:00,0,
NAN001,2019-07-11 22:00:00,0,
NAN001,2019-07-11 23:00:00,0,
NAN001,2019-07-12 00:00:00,0,
NAN001,2019-07-12 01:00:00,0,
NAN001,2019-07-12 02:00:00,0,
NAN001,2019-07-12 03:00:00,0,
NAN001,2019-07-12 04:00:00,0,
NAN001,2019-07-12 05:00:00,0,
NAN001,2019-07-12 06:00:00,0,
NAN001,2019-07-12 07:00:00,0,
NAN001,2019-07-12 08:00:00,0,
NAN001,2019-07-12 09:00:00,0,
NAN001,2019-07-12 10:00:00,0,
NAN001,2019-07-12 11:00:00,0,
NAN001,2019-07-12 12:00:00,0,
NAN001,2019-07-12 13:00:00,0,
NAN001,2019-07-12 14:00:00,0,
NAN001,2019-07-12 15:00:00,0,
NAN001,2019-07-12 16:00:00,0,
NAN001,2019-07-12 17:00:00,0,
NAN001,2019-07-12 18:00:00,0,
NAN001,2019-07-12 19:00:00,0,
NAN001,2019-07-12 20:00:00,0,
NAN001,2019-07-12 21:00:00,0,
NAN001,2019-07-12 22:00:00,0,
NAN001,2019-07-12 23:00:00,0,
NAN001,2019-07-13 00:00:00,0,
NAN001,2019-07-13 01:00:00,0,
NAN001,2019-07-13 02:00:00,0,
NAN001,2019-07-13 03:00:00,0,
NAN001,2019-07-13 04:00:00,0,
NAN001,2019-07-13 05:00:00,0,
NAN001,2019-07-13 06:00:00,0,
NAN001,2019-07-13 07:00:00,0,
NAN001,2019-07-13 08:00:00,0,
NAN001,2019-07-13 09:00:00,0,
NAN001,2019-07-13 10:00:00,0,
NAN001,2019-07-13 11:00:00,0,
NAN001,2019-07-13 12:00:00,0,
NAN001,2019-07-13 13:00:00,0,
NAN001,2019-07-13 14:00:00,0,
NAN001,2019-07-13 15:00:00,0,
NAN001,2019-07-13 16:00:00,0,
NAN001,2019-07-13 17:00:00,0,
NAN001,2019-07-13 18:00:00,0,
NAN001,2019-07-13 19:00:00,0,
NAN001,2019-07-13 20:00:00,0,
NAN001,2019-07-13 21:00:00,0,
NAN001,2019-07-13 22:00:00,0,
NAN001,2019-07-13 23:00:00,0.6,
NAN001,2019-07-14 00:00:00,0,
NAN001,2019-07-14 01:00:00,0,
NAN001,2019-07-14 02:00:00,0,
NAN001,2019-07-14 03:00:00,0,
NAN001,2019-07-14 04:00:00,0,
NAN001,2019-07-14 05:00:00,0,
NAN001,2019-07-14 06:00:00,0,
NAN001,2019-07-14 07:00:00,0,
NAN001,2019-07-14 08:00:00,0,
NAN001,2019-07-14 09:00:00,0,
NAN001,2019-07-14 10:00:00,0,
NAN001,2019-07-14 11:00:00,0,
NAN001,2019-07-14 12:00:00,0,
NAN001,2019-07-14 13:00:00,0,
NAN001,2019-07-14 14:00:00,0,
NAN001,2019-07-14 15:00:00,0,
NAN001,2019-07-14 16:00:00,2.2,
NAN001,2019-07-14 17:00:00,0.2,
NAN001,2019-07-14 18:00:00,0,
NAN001,2019-07-14 19:00:00,0,
NAN001,2019-07-14 20:00:00,0,
NAN001,2019-07-14 21:00:00,0,
NAN001,2019-07-14 22:00:00,0,
NAN001,2019-07-14 23:00:00,0,
NAN001,2019-07-15 00:00:00,0,
NAN001,2019-07-15 01:00:00,0,
NAN001,2019-07-15 02:00:00,0,
NAN001,2019-07-15 03:00:00,0,
NAN001,2019-07-15 04:00:00,0,
NAN001,2019-07-15 05:00:00,0,
NAN001,2019-07-15 06:00:00,0,
NAN001,2019-07-15 07:00:00,0,
NAN001,2019-07-15 08:00:00,0,
NAN001,2019-07-15 09:00:00,0,
NAN001,2019-07-15 10:00:00,0,
NAN001,2019-07-15 11:00:00,0,
NAN001,2019-07-15 12:00:00,0,
NAN001,2019-07-15 13:00:00,0,
NAN001,2019-07-15 14:00:00,0,
NAN001,2019-07-15 15:00:00,0,
NAN001,2019-07-15 16:00:00,0,
NAN001,2019-07-15 17:00:00,0,
NAN001,2019-07-15 18:00:00,0,
NAN001,2019-07-15 19:00:00,0,
NAN001,2019-07-15 20:00:00,0,
NAN001,2019-07-15 21:00:00,0,
NAN001,2019-07-15 22:00:00,0,
NAN001,2019-07-15 23:00:00,0,
NAN001,2019-07-16 00:00:00,0,
NAN001,2019-07-16 01:00:00,0,
NAN001,2019-07-16 02:00:00,0,
NAN001,2019-07-16 03:00:00,0,
NAN001,2019-07-16 04:00:00,0,
NAN001,2019-07-16 05:00:00,0,
NAN001,2019-07-16 06:00:00,0,
NAN001,2019-07-16 07:00:00,0,
NAN001,2019-07-16 08:00:00,0,
NAN001,2019-07-16 09:00:00,0,
NAN001,2019-07-16 10:00:00,0,
NAN001,2019-07-16 11:00:00,0,
NAN001,2019-07-16 12:00:00,-999,
NAN001,2019-07-16 13:00:00,0,
NAN001,2019-07-16 14:00:00,0,
NAN001,2019-07-16 15:00:00,0,
NAN001,2019-07-16 16:00:00,0,
NAN001,2019-07-16 17:00:00,0,
NAN001,2019-07-16 18:00:00,0,
NAN001,2019-07-16 19:00:00,0,
NAN001,2019-07-16 20:00:00,0,
NAN001,2019-07-16 21:00:00,0,
NAN001,2019-07-16 22:00:00,0,
NAN001,2019-07-16 23:00:00,0,
NAN001,2019-07-17 00:00:00,0,
NAN001,2019-07-17 01:00:00,0,
NAN001,2019-07-17 02:00:00,0,
NAN001,2019-07-17 03:00:00,0,
NAN001,2019-07-17 04:00:00,0,
NAN001,2019-07-17 05:00:00,0,
NAN001,2019-07-17 06:00:00,0,
NAN001,2019-07-17 07:00:00,0,
NAN001,2019-07-17 08:00:00,0,
NAN001,2019-07-17 09:00:00,0,
NAN001,2019-07-17 10:00:00,0,
NAN001,2019-07-17 11:00:00,0,
NAN001,2019-07-17 12:00:00,0,
NAN001,2019-07-17 13:00:00,0,
NAN001,2019-07-17 14:00:00,0,
NAN001,2019-07-17 15:00:00,0,
NAN001,2019-07-17 16:00:00,0,
NAN001,2019-07-17 17:00:00,0,
NAN001,2019-07-17 18:00:00,-999,
NAN001,2019-07-17 19:00:00,0,
NAN001,2019-07-17 20:00:00,0,
NAN001,2019-07-17 21:00:00,0,
NAN001,2019-07-17 22:00:00,0,
NAN001,2019-07-17 23:00:00,0,
NAN001,2019-07-18 00:00:00,-999,
NAN001,2019-07-18 01:00:00,0,
NAN001,2019-07-18 02:00:00,0,
NAN001,2019-07-18 03:00:00,0,
NAN001,2019-07-18 04:00:00,0,
NAN001,2019-07-18 05:00:00,0,
NAN001,2019-07-18 06:00:00,0,
NAN001,2019-07-18 07:00:00,0,
NAN001,2019-07-18 08:00:00,0,
NAN001,2019-07-18 09:00:00,0,
NAN001,2019-07-18 10:00:00,0,
NAN001,2019-07-18 11:00:00,0,
NAN001,2019-07-18 12:00:00,0,
NAN001,2019-07-18 13:00:00,0,
NAN001,2019-07-18 14:00:00,0,
NAN001,2019-07-18 15:00:00,0,
NAN001,2019-07-18 16:00:00,0,
NAN001,2019-07-18 17:00:00,0,
NAN001,2019-07-18 18:00:00,0,
NAN001,2019-07-18 19:00:00,0,
NAN001,2019-07-18 20:00:00,0,
NAN001,2019-07-18 21:00:00,0,
NAN001,2019-07-18 22:00:00,0,
NAN001,2019-07-18 23:00:00,0,
NAN001,2019-07-19 00:00:00,0,
NAN001,2019-07-19 01:00:00,0,
NAN001,2019-07-19 02:00:00,0,
NAN001,2019-07-19 03:00:00,0,
NAN001,2019-07-19 04:00:00,0,
NAN001,2019-07-19 05:00:00,0,
NAN001,2019-07-19 06:00:00,0,
NAN001,2019-07-19 07:00:00,0,
NAN001,2019-07-19 08:00:00,0,
NAN001,2019-07-19 09:00:00,0,
NAN001,2019-07-19 10:00:00,0,
NAN001,2019-07-19 11:00:00,0,
NAN001,2019-07-19 12:00:00,0,
NAN001,2019-07-19 13:00:00,0,
NAN001,2019-07-19 14:00:00,0,
NAN001,2019-07-19 15:00:00,0,
NAN001,2019-07-19 16:00:00,0,
NAN001,2019-07-19 17:00:00,0,
NAN001,2019-07-19 18:00:00,0,
NAN001,2019-07-19 19:00:00,0,
NAN001,2019-07-19 20:00:00,0,
NAN001,2019-07-19 21:00:00,0,
NAN001,2019-07-19 22:00:00,0,
NAN001,2019-07-19 23:00:00,0,
NAN001,2019-07-20 00:00:00,0,
NAN001,2019-07-20 01:00:00,0,
NAN001,2019-07-20 02:00:00,0,
NAN001,2019-07-20 03:00:00,0,
NAN001,2019-07-20 04:00:00,0,
NAN001,2019-07-20 05:00:00,0,
NAN001,2019-07-20 06:00:00,0,
NAN001,2019-07-20 07:00:00,0,
NAN001,2019-07-20 08:00:00,0,
NAN001,2019-07-20 09:00:00,0,
NAN001,2019-07-20 10:00:00,0,
NAN001,2019-07-20 11:00:00,0,
NAN001,2019-07-20 12:00:00,0,
NAN001,2019-07-20 13:00:00,0,
NAN001,2019-07-20 14:00:00,0,
NAN001,2019-07-20 15:00:00,0,
NAN001,2019-07-20 16:00:00,0,
NAN001,2019-07-20 17:00:00,0,
NAN001,2019-07-20 18:00:00,0,
NAN001,2019-07-20 19:00:00,0,
NAN001,2019-07-20 20:00:00,0,
NAN001,2019-07-20 21:00:00,0,
NAN001,2019-07-20 22:00:00,0,
NAN001,2019-07-20 23:00:00,0,
NAN001,2019-07-21 00:00:00,0,
NAN001,2019-07-21 01:00:00,0,
NAN001,2019-07-21 02:00:00,0,
NAN001,2019-07-21 03:00:00,0,
NAN001,2019-07-21 04:00:00,0,
NAN001,2019-07-21 05:00:00,0,
NAN001,2019-07-21 06:00:00,0,
NAN001,2019-07-21 07:00:00,0,
NAN001,2019-07-21 08:00:00,0,
NAN001,2019-07-21 09:00:00,0,
NAN001,2019-07-21 10:00:00,0,
NAN001,2019-07-21 11:00:00,0,
NAN001,2019-07-21 12:00:00,0,
NAN001,2019-07-21 13:00:00,0,
NAN001,2019-07-21 14:00:00,0,
NAN001,2019-07-21 15:00:00,0,
NAN001,2019-07-21 16:00:00,0,
NAN001,2019-07-21 17:00:00,0,
NAN001,2019-07-21 18:00:00,0,
NAN001,2019-07-21 19:00:00,0,
NAN001,2019-07-21 20:00:00,0,
NAN001,2019-07-21 21:00:00,0,
NAN001,2019-07-21 22:00:00,0.2,
NAN001,2019-07-21 23:00:00,1.4,
NAN001,2019-07-22 00:00:00,0.2,
NAN001,2019-07-22 01:00:00,0,
NAN001,2019-07-22 02:00:00,0,
NAN001,2019-07-22 03:00:00,0,
NAN001,2019-07-22 04:00:00,0,
NAN001,2019-07-22 05:00:00,0,
NAN001,2019-07-22 06:00:00,0,
NAN001,2019-07-22 07:00:00,0,
NAN001,2019-07-22 08:00:00,0,
NAN001,2019-07-22 09:00:00,0,
NAN001,2019-07-22 10:00:00,0,
NAN001,2019-07-22 11:00:00,0,
NAN001,2019-07-22 12:00:00,0,
NAN001,2019-07-22 13:00:00,0,
NAN001,2019-07-22 14:00:00,0,
NAN001,2019-07-22 15:00:00,0,
NAN001,2019-07-22 16:00:00,0,
NAN001,2019-07-22 17:00:00,0,
NAN001,2019-07-22 18:00:00,0,
NAN001,2019-07-22 19:00:00,0,
NAN001,2019-07-22 20:00:00,0,
NAN001,2019-07-22 21:00:00,0,
NAN001,2019-07-22 22:00:00,0,
NAN001,2019-07-22 23:00:00,0,
NAN001,2019-07-23 00:00:00,0,
NAN001,2019-07-23 01:00:00,0,
NAN001,2019-07-23 02:00:00,0,
NAN001,2019-07-23 03:00:00,0,
NAN001,2019-07-23 04:00:00,0,
NAN001,2019-07-23 05:00:00,0,
NAN001,2019-07-23 06:00:00,0,
NAN001,2019-07-23 07:00:00,0,
NAN001,2019-07-23 08:00:00,0,
NAN001,2019-07-23 09:00:00,0,
NAN001,2019-07-23 10:00:00,0,
NAN001,2019-07-23 11:00:00,1.8,
NAN001,2019-07-23 12:00:00,8,
NAN001,2019-07-23 13:00:00,3.2,
NAN001,2019-07-23 14:00:00,0,
NAN001,2019-07-23 15:00:00,0,
NAN001,2019-07-23 16:00:00,0,
NAN001,2019-07-23 17:00:00,0,
NAN001,2019-07-23 18:00:00,0,
NAN001,2019-07-23 19:00:00,8.8,
NAN001,2019-07-23 20:00:00,0.8,
NAN001,2019-07-23 21:00:00,0.2,
NAN001,2019-07-23 22:00:00,0.2,
NAN001,2019-07-23 23:00:00,0.2,
NAN001,2019-07-24 00:00:00,0,
NAN001,2019-07-24 01:00:00,0.2,
NAN001,2019-07-24 02:00:00,2.4,
NAN001,2019-07-24 03:00:00,0,
NAN001,2019-07-24 04:00:00,0,
NAN001,2019-07-24 05:00:00,0.2,
NAN001,2019-07-24 06:00:00,0,
NAN001,2019-07-24 07:00:00,0.2,
NAN001,2019-07-24 08:00:00,0.2,
NAN001,2019-07-24 09:00:00,0,
NAN001,2019-07-24 10:00:00,0.2,
NAN001,2019-07-24 11:00:00,0,
NAN001,2019-07-24 12:00:00,0,
NAN001,2019-07-24 13:00:00,0,
NAN001,2019-07-24 14:00:00,0.2,
NAN001,2019-07-24 15:00:00,0,
NAN001,2019-07-24 16:00:00,0.6,
NAN001,2019-07-24 17:00:00,0,
NAN001,2019-07-24 18:00:00,0,
NAN001,2019-07-24 19:00:00,3,
NAN001,2019-07-24 20:00:00,0,
NAN001,2019-07-24 21:00:00,0,
NAN001,2019-07-24 22:00:00,0,
NAN001,2019-07-24 23:00:00,0.2,
NAN001,2019-07-25 00:00:00,0,
NAN001,2019-07-25 01:00:00,0,
NAN001,2019-07-25 02:00:00,0.2,
NAN001,2019-07-25 03:00:00,0,
NAN001,2019-07-25 04:00:00,0,
NAN001,2019-07-25 05:00:00,0,
NAN001,2019-07-25 06:00:00,0,
NAN001,2019-07-25 07:00:00,0,
NAN001,2019-07-25 08:00:00,0,
NAN001,2019-07-25 09:00:00,0,
NAN001,2019-07-25 10:00:00,0,
NAN001,2019-07-25 11:00:00,0,
NAN001,2019-07-25 12:00:00,0,
NAN001,2019-07-25 13:00:00,0,
NAN001,2019-07-25 14:00:00,0,
NAN001,2019-07-25 15:00:00,4.8,
NAN001,2019-07-25 16:00:00,3.2,
NAN001,2019-07-25 17:00:00,0,
NAN001,2019-07-25 18:00:00,0,
NAN001,2019-07-25 19:00:00,0,
NAN001,2019-07-25 20:00:00,0,
NAN001,2019-07-25 21:00:00,2.8,
NAN001,2019-07-25 22:00:00,8.2,
NAN001,2019-07-25 23:00:00,2.6,
NAN001,2019-07-26 00:00:00,0.2,
NAN001,2019-07-26 01:00:00,0,
NAN001,2019-07-26 02:00:00,0,
NAN001,2019-07-26 03:00:00,0,
NAN001,2019-07-26 04:00:00,0,
NAN001,2019-07-26 05:00:00,0,
NAN001,2019-07-26 06:00:00,0,
NAN001,2019-07-26 07:00:00,0,
NAN001,2019-07-26 08:00:00,0,
NAN001,2019-07-26 09:00:00,0.4,
NAN001,2019-07-26 10:00:00,0.4,
NAN001,2019-07-26 11:00:00,0.2,
NAN001,2019-07-26 12:00:00,0.2,
NAN001,2019-07-26 13:00:00,0.4,
NAN001,2019-07-26 14:00:00,0.2,
NAN001,2019-07-26 15:00:00,0,
NAN001,2019-07-26 16:00:00,0.8,
NAN001,2019-07-26 17:00:00,0,
NAN001,2019-07-26 18:00:00,0,
NAN001,2019-07-26 19:00:00,0,
NAN001,2019-07-26 20:00:00,0,
NAN001,2019-07-26 21:00:00,0,
NAN001,2019-07-26 22:00:00,0,
NAN001,2019-07-26 23:00:00,0,
NAN001,2019-07-27 00:00:00,0,
NAN001,2019-07-27 01:00:00,0.2,
NAN001,2019-07-27 02:00:00,0.6,
NAN001,2019-07-27 03:00:00,0.4,
NAN001,2019-07-27 04:00:00,0,
NAN001,2019-07-27 05:00:00,0.2,
NAN001,2019-07-27 06:00:00,0,
NAN001,2019-07-27 07:00:00,0,
NAN001,2019-07-27 08:00:00,0.4,
NAN001,2019-07-27 09:00:00,0.2,
NAN001,2019-07-27 10:00:00,0.2,
NAN001,2019-07-27 11:00:00,0,
NAN001,2019-07-27 12:00:00,0,
NAN001,2019-07-27 13:00:00,0,
NAN001,2019-07-27 14:00:00,0,
NAN001,2019-07-27 15:00:00,0,
NAN001,2019-07-27 16:00:00,0,
NAN001,2019-07-27 17:00:00,0,
NAN001,2019-07-27 18:00:00,0,
NAN001,2019-07-27 19:00:00,0,
NAN001,2019-07-27 20:00:00,0,
NAN001,2019-07-27 21:00:00,0,
NAN001,2019-07-27 22:00:00,0,
NAN001,2019-07-27 23:00:00,0,
NAN001,2019-07-28 00:00:00,0,
NAN001,2019-07-28 01:00:00,0,
NAN001,2019-07-28 02:00:00,0,
NAN001,2019-07-28 03:00:00,0,
NAN001,2019-07-28 04:00:00,0,
NAN001,2019-07-28 05:00:00,0,
NAN001,2019-07-28 06:00:00,0,
NAN001,2019-07-28 07:00:00,0,
NAN001,2019-07-28 08:00:00,0,
NAN001,2019-07-28 09:00:00,0,
NAN001,2019-07-28 10:00:00,0,
NAN001,2019-07-28 11:00:00,0,
NAN001,2019-07-28 12:00:00,0,
NAN001,2019-07-28 13:00:00,0,
NAN001,2019-07-28 14:00:00,0,
NAN001,2019-07-28 15:00:00,0,
NAN001,2019-07-28 16:00:00,0,
NAN001,2019-07-28 17:00:00,0,
NAN001,2019-07-28 18:00:00,0,
NAN001,2019-07-28 19:00:00,0,
NAN001,2019-07-28 20:00:00,0,
NAN001,2019-07-28 21:00:00,0,
NAN001,2019-07-28 22:00:00,0,
NAN001,2019-07-28 23:00:00,0,
NAN001,2019-07-29 00:00:00,0,
NAN001,2019-07-29 01:00:00,0,
NAN001,2019-07-29 02:00:00,0,
NAN001,2019-07-29 03:00:00,0,
NAN001,2019-07-29 04:00:00,0,
NAN001,2019-07-29 05:00:00,0,
NAN001,2019-07-29 06:00:00,0,
NAN001,2019-07-29 07:00:00,0,
NAN001,2019-07-29 08:00:00,0,
NAN001,2019-07-29 09:00:00,0,
NAN001,2019-07-29 10:00:00,0,
NAN001,2019-07-29 11:00:00,0,
NAN001,2019-07-29 12:00:00,0,
NAN001,2019-07-29 13:00:00,0,
NAN001,2019-07-29 14:00:00,0.2,
NAN001,2019-07-29 15:00:00,0,
NAN001,2019-07-29 16:00:00,0,
NAN001,2019-07-29 17:00:00,0,
NAN001,2019-07-29 18:00:00,0,
NAN001,2019-07-29 19:00:00,0,
NAN001,2019-07-29 20:00:00,0,
NAN001,2019-07-29 21:00:00,0,
NAN001,2019-07-29 22:00:00,0,
NAN001,2019-07-29 23:00:00,0.2,
NAN001,2019-07-30 00:00:00,19.2,
NAN001,2019-07-30 01:00:00,10.2,
NAN001,2019-07-30 02:00:00,0.6,
NAN001,2019-07-30 03:00:00,0.6,
NAN001,2019-07-30 04:00:00,0.4,
NAN001,2019-07-30 05:00:00,0,
NAN001,2019-07-30 06:00:00,4.2,
NAN001,2019-07-30 07:00:00,4.6,
NAN001,2019-07-30 08:00:00,3.2,
NAN001,2019-07-30 09:00:00,0.6,
NAN001,2019-07-30 10:00:00,0.6,
NAN001,2019-07-30 11:00:00,0.8,
NAN001,2019-07-30 12:00:00,0.2,
NAN001,2019-07-30 13:00:00,0,
NAN001,2019-07-30 14:00:00,0,
NAN001,2019-07-30 15:00:00,0,
NAN001,2019-07-30 16:00:00,0,
NAN001,2019-07-30 17:00:00,0,
NAN001,2019-07-30 18:00:00,0,
NAN001,2019-07-30 19:00:00,0.2,
NAN001,2019-07-30 20:00:00,0,
NAN001,2019-07-30 21:00:00,0.2,
NAN001,2019-07-30 22:00:00,1.2,
NAN001,2019-07-30 23:00:00,1.4,
NAN001,2019-07-31 00:00:00,0.2,
NAN001,2019-07-31 01:00:00,0,
NAN001,2019-07-31 02:00:00,0,
NAN001,2019-07-31 03:00:00,12.8,
NAN001,2019-07-31 04:00:00,6.8,
NAN001,2019-07-31 05:00:00,36,
NAN001,2019-07-31 06:00:00,9.2,
NAN001,2019-07-31 07:00:00,11.8,
NAN001,2019-07-31 08:00:00,6.8,
NAN001,2019-07-31 09:00:00,11.2,
NAN001,2019-07-31 10:00:00,2.6,
NAN001,2019-07-31 11:00:00,0.6,
NAN001,2019-07-31 12:00:00,0.2,
NAN001,2019-07-31 13:00:00,0,
NAN001,2019-07-31 14:00:00,0,
NAN001,2019-07-31 15:00:00,0,
NAN001,2019-07-31 16:00:00,0,
NAN001,2019-07-31 17:00:00,0,
NAN001,2019-07-31 18:00:00,0,
NAN001,2019-07-31 19:00:00,2.2,
NAN001,2019-07-31 20:00:00,3.8,
NAN001,2019-07-31 21:00:00,3.2,
NAN001,2019-07-31 22:00:00,0.6,
NAN001,2019-07-31 23:00:00,1.2,
NAN005,2019-07-01 00:00:00,-999,
NAN005,2019-07-01 01:00:00,-999,
NAN005,2019-07-01 02:00:00,-999,
NAN005,2019-07-01 03:00:00,-999,
NAN005,2019-07-01 04:00:00,-999,
NAN005,2019-07-01 05:00:00,-999,
NAN005,2019-07-01 06:00:00,-999,
NAN005,2019-07-01 07:00:00,-999,
NAN005,2019-07-01 08:00:00,-999,
NAN005,2019-07-01 09:00:00,-999,
NAN005,2019-07-01 10:00:00,-999,
NAN005,2019-07-01 11:00:00,-999,
NAN005,2019-07-01 12:00:00,-999,
NAN005,2019-07-01 13:00:00,-999,
NAN005,2019-07-01 14:00:00,-999,
NAN005,2019-07-01 15:00:00,-999,
NAN005,2019-07-01 16:00:00,-999,
NAN005,2019-07-01 17:00:00,-999,
NAN005,2019-07-01 18:00:00,-999,
NAN005,2019-07-01 19:00:00,-999,
NAN005,2019-07-01 20:00:00,-999,
NAN005,2019-07-01 21:00:00,-999,
NAN005,2019-07-01 22:00:00,-999,
NAN005,2019-07-01 23:00:00,-999,
NAN005,2019-07-02 00:00:00,-999,
NAN005,2019-07-02 01:00:00,-999,
NAN005,2019-07-02 02:00:00,-999,
NAN005,2019-07-02 03:00:00,-999,
NAN005,2019-07-02 04:00:00,-999,
NAN005,2019-07-02 05:00:00,-999,
NAN005,2019-07-02 06:00:00,-999,
NAN005,2019-07-02 07:00:00,-999,
NAN005,2019-07-02 08:00:00,-999,
NAN005,2019-07-02 09:00:00,-999,
NAN005,2019-07-02 10:00:00,-999,
NAN005,2019-07-02 11:00:00,-999,
NAN005,2019-07-02 12:00:00,-999,
NAN005,2019-07-02 13:00:00,-999,
NAN005,2019-07-02 14:00:00,-999,
NAN005,2019-07-02 15:00:00,-999,
NAN005,2019-07-02 16:00:00,-999,
NAN005,2019-07-02 17:00:00,-999,
NAN005,2019-07-02 18:00:00,-999,
NAN005,2019-07-02 19:00:00,-999,
NAN005,2019-07-02 20:00:00,-999,
NAN005,2019-07-02 21:00:00,-999,
NAN005,2019-07-02 22:00:00,-999,
NAN005,2019-07-02 23:00:00,-999,
NAN005,2019-07-03 00:00:00,-999,
NAN005,2019-07-03 01:00:00,-999,
NAN005,2019-07-03 02:00:00,-999,
NAN005,2019-07-03 03:00:00,-999,
NAN005,2019-07-03 04:00:00,-999,
NAN005,2019-07-03 05:00:00,-999,
NAN005,2019-07-03 06:00:00,-999,
NAN005,2019-07-03 07:00:00,-999,
NAN005,2019-07-03 08:00:00,-999,
NAN005,2019-07-03 09:00:00,-999,
NAN005,2019-07-03 10:00:00,-999,
NAN005,2019-07-03 11:00:00,-999,
NAN005,2019-07-03 12:00:00,-999,
NAN005,2019-07-03 13:00:00,-999,
NAN005,2019-07-03 14:00:00,-999,
NAN005,2019-07-03 15:00:00,-999,
NAN005,2019-07-03 16:00:00,-999,
NAN005,2019-07-03 17:00:00,-999,
NAN005,2019-07-03 18:00:00,-999,
NAN005,2019-07-03 19:00:00,-999,
NAN005,2019-07-03 20:00:00,-999,
NAN005,2019-07-03 21:00:00,-999,
NAN005,2019-07-03 22:00:00,-999,
NAN005,2019-07-03 23:00:00,-999,
NAN005,2019-07-04 00:00:00,-999,
NAN005,2019-07-04 01:00:00,-999,
NAN005,2019-07-04 02:00:00,-999,
NAN005,2019-07-04 03:00:00,-999,
NAN005,2019-07-04 04:00:00,-999,
NAN005,2019-07-04 05:00:00,-999,
NAN005,2019-07-04 06:00:00,-999,
NAN005,2019-07-04 07:00:00,-999,
NAN005,2019-07-04 08:00:00,-999,
NAN005,2019-07-04 09:00:00,-999,
NAN005,2019-07-04 10:00:00,-999,
NAN005,2019-07-04 11:00:00,-999,
NAN005,2019-07-04 12:00:00,-999,
NAN005,2019-07-04 13:00:00,-999,
NAN005,2019-07-04 14:00:00,-999,
NAN005,2019-07-04 15:00:00,-999,
NAN005,2019-07-04 16:00:00,-999,
NAN005,2019-07-04 17:00:00,-999,
NAN005,2019-07-04 18:00:00,-999,
NAN005,2019-07-04 19:00:00,-999,
NAN005,2019-07-04 20:00:00,-999,
NAN005,2019-07-04 21:00:00,-999,
NAN005,2019-07-04 22:00:00,-999,
NAN005,2019-07-04 23:00:00,-999,
NAN005,2019-07-05 00:00:00,-999,
NAN005,2019-07-05 01:00:00,-999,
NAN005,2019-07-05 02:00:00,-999,
NAN005,2019-07-05 03:00:00,-999,
NAN005,2019-07-05 04:00:00,-999,
NAN005,2019-07-05 05:00:00,-999,
NAN005,2019-07-05 06:00:00,-999,
NAN005,2019-07-05 07:00:00,-999,
NAN005,2019-07-05 08:00:00,-999,
NAN005,2019-07-05 09:00:00,-999,
NAN005,2019-07-05 10:00:00,-999,
NAN005,2019-07-05 11:00:00,-999,
NAN005,2019-07-05 12:00:00,-999,
NAN005,2019-07-05 13:00:00,-999,
NAN005,2019-07-05 14:00:00,-999,
NAN005,2019-07-05 15:00:00,-999,
NAN005,2019-07-05 16:00:00,-999,
NAN005,2019-07-05 17:00:00,-999,
NAN005,2019-07-05 18:00:00,-999,
NAN005,2019-07-05 19:00:00,-999,
NAN005,2019-07-05 20:00:00,-999,
NAN005,2019-07-05 21:00:00,-999,
NAN005,2019-07-05 22:00:00,-999,
NAN005,2019-07-05 23:00:00,-999,
NAN005,2019-07-06 00:00:00,-999,
NAN005,2019-07-06 01:00:00,-999,
NAN005,2019-07-06 02:00:00,-999,
NAN005,2019-07-06 03:00:00,-999,
NAN005,2019-07-06 04:00:00,-999,
NAN005,2019-07-06 05:00:00,-999,
NAN005,2019-07-06 06:00:00,-999,
NAN005,2019-07-06 07:00:00,-999,
NAN005,2019-07-06 08:00:00,-999,
NAN005,2019-07-06 09:00:00,-999,
NAN005,2019-07-06 10:00:00,-999,
NAN005,2019-07-06 11:00:00,-999,
NAN005,2019-07-06 12:00:00,-999,
NAN005,2019-07-06 13:00:00,-999,
NAN005,2019-07-06 14:00:00,-999,
NAN005,2019-07-06 15:00:00,-999,
NAN005,2019-07-06 16:00:00,-999,
NAN005,2019-07-06 17:00:00,-999,
NAN005,2019-07-06 18:00:00,-999,
NAN005,2019-07-06 19:00:00,-999,
NAN005,2019-07-06 20:00:00,-999,
NAN005,2019-07-06 21:00:00,-999,
NAN005,2019-07-06 22:00:00,-999,
NAN005,2019-07-06 23:00:00,-999,
NAN005,2019-07-07 00:00:00,-999,
NAN005,2019-07-07 01:00:00,-999,
NAN005,2019-07-07 02:00:00,-999,
NAN005,2019-07-07 03:00:00,-999,
NAN005,2019-07-07 04:00:00,-999,
NAN005,2019-07-07 05:00:00,-999,
NAN005,2019-07-07 06:00:00,-999,
NAN005,2019-07-07 07:00:00,-999,
NAN005,2019-07-07 08:00:00,-999,
NAN005,2019-07-07 09:00:00,-999,
NAN005,2019-07-07 10:00:00,-999,
NAN005,2019-07-07 11:00:00,-999,
NAN005,2019-07-07 12:00:00,-999,
NAN005,2019-07-07 13:00:00,-999,
NAN005,2019-07-07 14:00:00,-999,
NAN005,2019-07-07 15:00:00,-999,
NAN005,2019-07-07 16:00:00,-999,
NAN005,2019-07-07 17:00:00,-999,
NAN005,2019-07-07 18:00:00,-999,
NAN005,2019-07-07 19:00:00,-999,
NAN005,2019-07-07 20:00:00,-999,
NAN005,2019-07-07 21:00:00,-999,
NAN005,2019-07-07 22:00:00,-999,
NAN005,2019-07-07 23:00:00,-999,
NAN005,2019-07-08 00:00:00,-999,
NAN005,2019-07-08 01:00:00,-999,
NAN005,2019-07-08 02:00:00,-999,
NAN005,2019-07-08 03:00:00,-999,
NAN005,2019-07-08 04:00:00,-999,
NAN005,2019-07-08 05:00:00,-999,
NAN005,2019-07-08 06:00:00,-999,
NAN005,2019-07-08 07:00:00,-999,
NAN005,2019-07-08 08:00:00,-999,
NAN005,2019-07-08 09:00:00,-999,
NAN005,2019-07-08 10:00:00,-999,
NAN005,2019-07-08 11:00:00,-999,
NAN005,2019-07-08 12:00:00,-999,
NAN005,2019-07-08 13:00:00,-999,
NAN005,2019-07-08 14:00:00,-999,
NAN005,2019-07-08 15:00:00,-999,
NAN005,2019-07-08 16:00:00,-999,
NAN005,2019-07-08 17:00:00,-999,
NAN005,2019-07-08 18:00:00,-999,
NAN005,2019-07-08 19:00:00,-999,
NAN005,2019-07-08 20:00:00,-999,
NAN005,2019-07-08 21:00:00,-999,
NAN005,2019-07-08 22:00:00,-999,
NAN005,2019-07-08 23:00:00,-999,
NAN005,2019-07-09 00:00:00,-999,
NAN005,2019-07-09 01:00:00,-999,
NAN005,2019-07-09 02:00:00,-999,
NAN005,2019-07-09 03:00:00,-999,
NAN005,2019-07-09 04:00:00,-999,
NAN005,2019-07-09 05:00:00,-999,
NAN005,2019-07-09 06:00:00,-999,
NAN005,2019-07-09 07:00:00,-999,
NAN005,2019-07-09 08:00:00,-999,
NAN005,2019-07-09 09:00:00,-999,
NAN005,2019-07-09 10:00:00,-999,
NAN005,2019-07-09 11:00:00,-999,
NAN005,2019-07-09 12:00:00,-999,
NAN005,2019-07-09 13:00:00,-999,
NAN005,2019-07-09 14:00:00,-999,
NAN005,2019-07-09 15:00:00,-999,
NAN005,2019-07-09 16:00:00,-999,
NAN005,2019-07-09 17:00:00,-999,
NAN005,2019-07-09 18:00:00,-999,
NAN005,2019-07-09 19:00:00,-999,
NAN005,2019-07-09 20:00:00,-999,
NAN005,2019-07-09 21:00:00,-999,
NAN005,2019-07-09 22:00:00,-999,
NAN005,2019-07-09 23:00:00,-999,
NAN005,2019-07-10 00:00:00,-999,
NAN005,2019-07-10 01:00:00,-999,
NAN005,2019-07-10 02:00:00,-999,
NAN005,2019-07-10 03:00:00,-999,
NAN005,2019-07-10 04:00:00,-999,
NAN005,2019-07-10 05:00:00,-999,
NAN005,2019-07-10 06:00:00,-999,
NAN005,2019-07-10 07:00:00,-999,
NAN005,2019-07-10 08:00:00,-999,
NAN005,2019-07-10 09:00:00,-999,
NAN005,2019-07-10 10:00:00,-999,
NAN005,2019-07-10 11:00:00,-999,
NAN005,2019-07-10 12:00:00,-999,
NAN005,2019-07-10 13:00:00,-999,
NAN005,2019-07-10 14:00:00,-999,
NAN005,2019-07-10 15:00:00,-999,
NAN005,2019-07-10 16:00:00,-999,
NAN005,2019-07-10 17:00:00,-999,
NAN005,2019-07-10 18:00:00,-999,
NAN005,2019-07-10 19:00:00,-999,
NAN005,2019-07-10 20:00:00,-999,
NAN005,2019-07-10 21:00:00,-999,
NAN005,2019-07-10 22:00:00,-999,
NAN005,2019-07-10 23:00:00,-999,
NAN005,2019-07-11 00:00:00,-999,
NAN005,2019-07-11 01:00:00,-999,
NAN005,2019-07-11 02:00:00,-999,
NAN005,2019-07-11 03:00:00,-999,
NAN005,2019-07-11 04:00:00,-999,
NAN005,2019-07-11 05:00:00,-999,
NAN005,2019-07-11 06:00:00,-999,
NAN005,2019-07-11 07:00:00,-999,
NAN005,2019-07-11 08:00:00,-999,
NAN005,2019-07-11 09:00:00,-999,
NAN005,2019-07-11 10:00:00,-999,
NAN005,2019-07-11 11:00:00,-999,
NAN005,2019-07-11 12:00:00,-999,
NAN005,2019-07-11 13:00:00,-999,
NAN005,2019-07-11 14:00:00,-999,
NAN005,2019-07-11 15:00:00,-999,
NAN005,2019-07-11 16:00:00,-999,
NAN005,2019-07-11 17:00:00,-999,
NAN005,2019-07-11 18:00:00,-999,
NAN005,2019-07-11 19:00:00,-999,
NAN005,2019-07-11 20:00:00,-999,
NAN005,2019-07-11 21:00:00,-999,
NAN005,2019-07-11 22:00:00,-999,
NAN005,2019-07-11 23:00:00,-999,
NAN005,2019-07-12 00:00:00,-999,
NAN005,2019-07-12 01:00:00,-999,
NAN005,2019-07-12 02:00:00,-999,
NAN005,2019-07-12 03:00:00,-999,
NAN005,2019-07-12 04:00:00,-999,
NAN005,2019-07-12 05:00:00,-999,
NAN005,2019-07-12 06:00:00,-999,
NAN005,2019-07-12 07:00:00,-999,
NAN005,2019-07-12 08:00:00,-999,
NAN005,2019-07-12 09:00:00,-999,
NAN005,2019-07-12 10:00:00,-999,
NAN005,2019-07-12 11:00:00,-999,
NAN005,2019-07-12 12:00:00,-999,
NAN005,2019-07-12 13:00:00,-999,
NAN005,2019-07-12 14:00:00,-999,
NAN005,2019-07-12 15:00:00,-999,
NAN005,2019-07-12 16:00:00,-999,
NAN005,2019-07-12 17:00:00,-999,
NAN005,2019-07-12 18:00:00,-999,
NAN005,2019-07-12 19:00:00,-999,
NAN005,2019-07-12 20:00:00,-999,
NAN005,2019-07-12 21:00:00,-999,
NAN005,2019-07-12 22:00:00,-999,
NAN005,2019-07-12 23:00:00,-999,
NAN005,2019-07-13 00:00:00,-999,
NAN005,2019-07-13 01:00:00,-999,
NAN005,2019-07-13 02:00:00,-999,
NAN005,2019-07-13 03:00:00,-999,
NAN005,2019-07-13 04:00:00,-999,
NAN005,2019-07-13 05:00:00,-999,
NAN005,2019-07-13 06:00:00,-999,
NAN005,2019-07-13 07:00:00,-999,
NAN005,2019-07-13 08:00:00,-999,
NAN005,2019-07-13 09:00:00,-999,
NAN005,2019-07-13 10:00:00,-999,
NAN005,2019-07-13 11:00:00,-999,
NAN005,2019-07-13 12:00:00,-999,
NAN005,2019-07-13 13:00:00,-999,
NAN005,2019-07-13 14:00:00,-999,
NAN005,2019-07-13 15:00:00,-999,
NAN005,2019-07-13 16:00:00,-999,
NAN005,2019-07-13 17:00:00,-999,
NAN005,2019-07-13 18:00:00,-999,
NAN005,2019-07-13 19:00:00,-999,
NAN005,2019-07-13 20:00:00,-999,
NAN005,2019-07-13 21:00:00,-999,
NAN005,2019-07-13 22:00:00,-999,
NAN005,2019-07-13 23:00:00,-999,
NAN005,2019-07-14 00:00:00,-999,
NAN005,2019-07-14 01:00:00,-999,
NAN005,2019-07-14 02:00:00,-999,
NAN005,2019-07-14 03:00:00,-999,
NAN005,2019-07-14 04:00:00,-999,
NAN005,2019-07-14 05:00:00,-999,
NAN005,2019-07-14 06:00:00,-999,
NAN005,2019-07-14 07:00:00,-999,
NAN005,2019-07-14 08:00:00,-999,
NAN005,2019-07-14 09:00:00,-999,
NAN005,2019-07-14 10:00:00,-999,
NAN005,2019-07-14 11:00:00,-999,
NAN005,2019-07-14 12:00:00,-999,
NAN005,2019-07-14 13:00:00,-999,
NAN005,2019-07-14 14:00:00,-999,
NAN005,2019-07-14 15:00:00,-999,
NAN005,2019-07-14 16:00:00,-999,
NAN005,2019-07-14 17:00:00,-999,
NAN005,2019-07-14 18:00:00,-999,
NAN005,2019-07-14 19:00:00,-999,
NAN005,2019-07-14 20:00:00,-999,
NAN005,2019-07-14 21:00:00,-999,
NAN005,2019-07-14 22:00:00,-999,
NAN005,2019-07-14 23:00:00,-999,
NAN005,2019-07-15 00:00:00,-999,
NAN005,2019-07-15 01:00:00,-999,
NAN005,2019-07-15 02:00:00,-999,
NAN005,2019-07-15 03:00:00,-999,
NAN005,2019-07-15 04:00:00,-999,
NAN005,2019-07-15 05:00:00,-999,
NAN005,2019-07-15 06:00:00,-999,
NAN005,2019-07-15 07:00:00,-999,
NAN005,2019-07-15 08:00:00,-999,
NAN005,2019-07-15 09:00:00,-999,
NAN005,2019-07-15 10:00:00,-999,
NAN005,2019-07-15 11:00:00,-999,
NAN005,2019-07-15 12:00:00,-999,
NAN005,2019-07-15 13:00:00,-999,
NAN005,2019-07-15 14:00:00,-999,
NAN005,2019-07-15 15:00:00,-999,
NAN005,2019-07-15 16:00:00,-999,
NAN005,2019-07-15 17:00:00,-999,
NAN005,2019-07-15 18:00:00,-999,
NAN005,2019-07-15 19:00:00,-999,
NAN005,2019-07-15 20:00:00,-999,
NAN005,2019-07-15 21:00:00,-999,
NAN005,2019-07-15 22:00:00,-999,
NAN005,2019-07-15 23:00:00,-999,
NAN005,2019-07-16 00:00:00,-999,
NAN005,2019-07-16 01:00:00,-999,
NAN005,2019-07-16 02:00:00,-999,
NAN005,2019-07-16 03:00:00,-999,
NAN005,2019-07-16 04:00:00,-999,
NAN005,2019-07-16 05:00:00,-999,
NAN005,2019-07-16 06:00:00,-999,
NAN005,2019-07-16 07:00:00,-999,
NAN005,2019-07-16 08:00:00,-999,
NAN005,2019-07-16 09:00:00,-999,
NAN005,2019-07-16 10:00:00,-999,
NAN005,2019-07-16 11:00:00,-999,
NAN005,2019-07-16 12:00:00,-999,
NAN005,2019-07-16 13:00:00,-999,
NAN005,2019-07-16 14:00:00,-999,
NAN005,2019-07-16 15:00:00,-999,
NAN005,2019-07-16 16:00:00,-999,
NAN005,2019-07-16 17:00:00,-999,
NAN005,2019-07-16 18:00:00,-999,
NAN005,2019-07-16 19:00:00,-999,
NAN005,2019-07-16 20:00:00,-999,
NAN005,2019-07-16 21:00:00,-999,
NAN005,2019-07-16 22:00:00,-999,
NAN005,2019-07-16 23:00:00,-999,
NAN005,2019-07-17 00:00:00,-999,
NAN005,2019-07-17 01:00:00,-999,
NAN005,2019-07-17 02:00:00,-999,
NAN005,2019-07-17 03:00:00,-999,
NAN005,2019-07-17 04:00:00,-999,
NAN005,2019-07-17 05:00:00,-999,
NAN005,2019-07-17 06:00:00,-999,
NAN005,2019-07-17 07:00:00,-999,
NAN005,2019-07-17 08:00:00,-999,
NAN005,2019-07-17 09:00:00,-999,
NAN005,2019-07-17 10:00:00,-999,
NAN005,2019-07-17 11:00:00,-999,
NAN005,2019-07-17 12:00:00,-999,
NAN005,2019-07-17 13:00:00,-999,
NAN005,2019-07-17 14:00:00,-999,
NAN005,2019-07-17 15:00:00,-999,
NAN005,2019-07-17 16:00:00,-999,
NAN005,2019-07-17 17:00:00,-999,
NAN005,2019-07-17 18:00:00,-999,
NAN005,2019-07-17 19:00:00,-999,
NAN005,2019-07-17 20:00:00,-999,
NAN005,2019-07-17 21:00:00,-999,
NAN005,2019-07-17 22:00:00,-999,
NAN005,2019-07-17 23:00:00,-999,
NAN005,2019-07-18 00:00:00,-999,
NAN005,2019-07-18 01:00:00,-999,
NAN005,2019-07-18 02:00:00,-999,
NAN005,2019-07-18 03:00:00,-999,
NAN005,2019-07-18 04:00:00,-999,
NAN005,2019-07-18 05:00:00,-999,
NAN005,2019-07-18 06:00:00,-999,
NAN005,2019-07-18 07:00:00,-999,
NAN005,2019-07-18 08:00:00,-999,
NAN005,2019-07-18 09:00:00,-999,
NAN005,2019-07-18 10:00:00,-999,
NAN005,2019-07-18 11:00:00,-999,
NAN005,2019-07-18 12:00:00,-999,
NAN005,2019-07-18 13:00:00,-999,
NAN005,2019-07-18 14:00:00,-999,
NAN005,2019-07-18 15:00:00,-999,
NAN005,2019-07-18 16:00:00,-999,
NAN005,2019-07-18 17:00:00,-999,
NAN005,2019-07-18 18:00:00,-999,
NAN005,2019-07-18 19:00:00,-999,
NAN005,2019-07-18 20:00:00,-999,
NAN005,2019-07-18 21:00:00,-999,
NAN005,2019-07-18 22:00:00,-999,
NAN005,2019-07-18 23:00:00,-999,
NAN005,2019-07-19 00:00:00,-999,
NAN005,2019-07-19 01:00:00,-999,
NAN005,2019-07-19 02:00:00,-999,
NAN005,2019-07-19 03:00:00,-999,
NAN005,2019-07-19 04:00:00,-999,
NAN005,2019-07-19 05:00:00,-999,
NAN005,2019-07-19 06:00:00,-999,
NAN005,2019-07-19 07:00:00,-999,
NAN005,2019-07-19 08:00:00,-999,
NAN005,2019-07-19 09:00:00,-999,
NAN005,2019-07-19 10:00:00,-999,
NAN005,2019-07-19 11:00:00,-999,
NAN005,2019-07-19 12:00:00,-999,
NAN005,2019-07-19 13:00:00,-999,
NAN005,2019-07-19 14:00:00,-999,
NAN005,2019-07-19 15:00:00,-999,
NAN005,2019-07-19 16:00:00,-999,
NAN005,2019-07-19 17:00:00,-999,
NAN005,2019-07-19 18:00:00,-999,
NAN005,2019-07-19 19:00:00,-999,
NAN005,2019-07-19 20:00:00,-999,
NAN005,2019-07-19 21:00:00,-999,
NAN005,2019-07-19 22:00:00,-999,
NAN005,2019-07-19 23:00:00,-999,
NAN005,2019-07-20 00:00:00,-999,
NAN005,2019-07-20 01:00:00,-999,
NAN005,2019-07-20 02:00:00,-999,
NAN005,2019-07-20 03:00:00,-999,
NAN005,2019-07-20 04:00:00,-999,
NAN005,2019-07-20 05:00:00,-999,
NAN005,2019-07-20 06:00:00,-999,
NAN005,2019-07-20 07:00:00,-999,
NAN005,2019-07-20 08:00:00,-999,
NAN005,2019-07-20 09:00:00,-999,
NAN005,2019-07-20 10:00:00,-999,
NAN005,2019-07-20 11:00:00,-999,
NAN005,2019-07-20 12:00:00,-999,
NAN005,2019-07-20 13:00:00,-999,
NAN005,2019-07-20 14:00:00,-999,
NAN005,2019-07-20 15:00:00,-999,
NAN005,2019-07-20 16:00:00,-999,
NAN005,2019-07-20 17:00:00,-999,
NAN005,2019-07-20 18:00:00,-999,
NAN005,2019-07-20 19:00:00,-999,
NAN005,2019-07-20 20:00:00,-999,
NAN005,2019-07-20 21:00:00,-999,
NAN005,2019-07-20 22:00:00,-999,
NAN005,2019-07-20 23:00:00,-999,
NAN005,2019-07-21 00:00:00,-999,
NAN005,2019-07-21 01:00:00,-999,
NAN005,2019-07-21 02:00:00,-999,
NAN005,2019-07-21 03:00:00,-999,
NAN005,2019-07-21 04:00:00,-999,
NAN005,2019-07-21 05:00:00,-999,
NAN005,2019-07-21 06:00:00,-999,
NAN005,2019-07-21 07:00:00,-999,
NAN005,2019-07-21 08:00:00,-999,
NAN005,2019-07-21 09:00:00,-999,
NAN005,2019-07-21 10:00:00,-999,
NAN005,2019-07-21 11:00:00,-999,
NAN005,2019-07-21 12:00:00,-999,
NAN005,2019-07-21 13:00:00,-999,
NAN005,2019-07-21 14:00:00,-999,
NAN005,2019-07-21 15:00:00,-999,
NAN005,2019-07-21 16:00:00,-999,
NAN005,2019-07-21 17:00:00,-999,
NAN005,2019-07-21 18:00:00,-999,
NAN005,2019-07-21 19:00:00,-999,
NAN005,2019-07-21 20:00:00,-999,
NAN005,2019-07-21 21:00:00,-999,
NAN005,2019-07-21 22:00:00,-999,
NAN005,2019-07-21 23:00:00,-999,
NAN005,2019-07-22 00:00:00,-999,
NAN005,2019-07-22 01:00:00,-999,
NAN005,2019-07-22 02:00:00,-999,
NAN005,2019-07-22 03:00:00,-999,
NAN005,2019-07-22 04:00:00,-999,
NAN005,2019-07-22 05:00:00,-999,
NAN005,2019-07-22 06:00:00,-999,
NAN005,2019-07-22 07:00:00,-999,
NAN005,2019-07-22 08:00:00,-999,
NAN005,2019-07-22 09:00:00,-999,
NAN005,2019-07-22 10:00:00,-999,
NAN005,2019-07-22 11:00:00,-999,
NAN005,2019-07-22 12:00:00,-999,
NAN005,2019-07-22 13:00:00,-999,
NAN005,2019-07-22 14:00:00,-999,
NAN005,2019-07-22 15:00:00,-999,
NAN005,2019-07-22 16:00:00,-999,
NAN005,2019-07-22 17:00:00,-999,
NAN005,2019-07-22 18:00:00,-999,
NAN005,2019-07-22 19:00:00,-999,
NAN005,2019-07-22 20:00:00,-999,
NAN005,2019-07-22 21:00:00,-999,
NAN005,2019-07-22 22:00:00,-999,
NAN005,2019-07-22 23:00:00,-999,
NAN005,2019-07-23 00:00:00,-999,
NAN005,2019-07-23 01:00:00,-999,
NAN005,2019-07-23 02:00:00,-999,
NAN005,2019-07-23 03:00:00,-999,
NAN005,2019-07-23 04:00:00,-999,
NAN005,2019-07-23 05:00:00,-999,
NAN005,2019-07-23 06:00:00,-999,
NAN005,2019-07-23 07:00:00,-999,
NAN005,2019-07-23 08:00:00,-999,
NAN005,2019-07-23 09:00:00,-999,
NAN005,2019-07-23 10:00:00,-999,
NAN005,2019-07-23 11:00:00,-999,
NAN005,2019-07-23 12:00:00,-999,
NAN005,2019-07-23 13:00:00,-999,
NAN005,2019-07-23 14:00:00,-999,
NAN005,2019-07-23 15:00:00,-999,
NAN005,2019-07-23 16:00:00,-999,
NAN005,2019-07-23 17:00:00,-999,
NAN005,2019-07-23 18:00:00,-999,
NAN005,2019-07-23 19:00:00,-999,
NAN005,2019-07-23 20:00:00,-999,
NAN005,2019-07-23 21:00:00,-999,
NAN005,2019-07-23 22:00:00,-999,
NAN005,2019-07-23 23:00:00,-999,
NAN005,2019-07-24 00:00:00,-999,
NAN005,2019-07-24 01:00:00,-999,
NAN005,2019-07-24 02:00:00,-999,
NAN005,2019-07-24 03:00:00,-999,
NAN005,2019-07-24 04:00:00,-999,
NAN005,2019-07-24 05:00:00,-999,
NAN005,2019-07-24 06:00:00,-999,
NAN005,2019-07-24 07:00:00,-999,
NAN005,2019-07-24 08:00:00,-999,
NAN005,2019-07-24 09:00:00,-999,
NAN005,2019-07-24 10:00:00,-999,
NAN005,2019-07-24 11:00:00,-999,
NAN005,2019-07-24 12:00:00,1.4,
NAN005,2019-07-24 13:00:00,0,
NAN005,2019-07-24 14:00:00,0,
NAN005,2019-07-24 15:00:00,0,
NAN005,2019-07-24 16:00:00,0,
NAN005,2019-07-24 17:00:00,0,
NAN005,2019-07-24 18:00:00,0,
NAN005,2019-07-24 19:00:00,0,
NAN005,2019-07-24 20:00:00,0,
NAN005,2019-07-24 21:00:00,0,
NAN005,2019-07-24 22:00:00,0,
NAN005,2019-07-24 23:00:00,0,
NAN005,2019-07-25 00:00:00,0,
NAN005,2019-07-25 01:00:00,0.2,
NAN005,2019-07-25 02:00:00,0,
NAN005,2019-07-25 03:00:00,0,
NAN005,2019-07-25 04:00:00,0.4,
NAN005,2019-07-25 05:00:00,4.6,
NAN005,2019-07-25 06:00:00,0,
NAN005,2019-07-25 07:00:00,0.2,
NAN005,2019-07-25 08:00:00,0,
NAN005,2019-07-25 09:00:00,0.2,
NAN005,2019-07-25 10:00:00,0,
NAN005,2019-07-25 11:00:00,0,
NAN005,2019-07-25 12:00:00,0,
NAN005,2019-07-25 13:00:00,0,
NAN005,2019-07-25 14:00:00,0,
NAN005,2019-07-25 15:00:00,0,
NAN005,2019-07-25 16:00:00,0,
NAN005,2019-07-25 17:00:00,3.8,
NAN005,2019-07-25 18:00:00,1.6,
NAN005,2019-07-25 19:00:00,0.2,
NAN005,2019-07-25 20:00:00,0,
NAN005,2019-07-25 21:00:00,0,
NAN005,2019-07-25 22:00:00,2.6,
NAN005,2019-07-25 23:00:00,0.2,
NAN005,2019-07-26 00:00:00,0.4,
NAN005,2019-07-26 01:00:00,0,
NAN005,2019-07-26 02:00:00,0,
NAN005,2019-07-26 03:00:00,0,
NAN005,2019-07-26 04:00:00,0,
NAN005,2019-07-26 05:00:00,0,
NAN005,2019-07-26 06:00:00,0,
NAN005,2019-07-26 07:00:00,0,
NAN005,2019-07-26 08:00:00,0,
NAN005,2019-07-26 09:00:00,0,
NAN005,2019-07-26 10:00:00,0,
NAN005,2019-07-26 11:00:00,0,
NAN005,2019-07-26 12:00:00,0,
NAN005,2019-07-26 13:00:00,0,
NAN005,2019-07-26 14:00:00,0,
NAN005,2019-07-26 15:00:00,0,
NAN005,2019-07-26 16:00:00,0,
NAN005,2019-07-26 17:00:00,0,
NAN005,2019-07-26 18:00:00,0,
NAN005,2019-07-26 19:00:00,0,
NAN005,2019-07-26 20:00:00,0,
NAN005,2019-07-26 21:00:00,0,
NAN005,2019-07-26 22:00:00,0,
NAN005,2019-07-26 23:00:00,0,
NAN005,2019-07-27 00:00:00,0,
NAN005,2019-07-27 01:00:00,0,
NAN005,2019-07-27 02:00:00,0,
NAN005,2019-07-27 03:00:00,0,
NAN005,2019-07-27 04:00:00,0,
NAN005,2019-07-27 05:00:00,0,
NAN005,2019-07-27 06:00:00,1.8,
NAN005,2019-07-27 07:00:00,6.4,
NAN005,2019-07-27 08:00:00,5.2,
NAN005,2019-07-27 09:00:00,1.6,
NAN005,2019-07-27 10:00:00,0.4,
NAN005,2019-07-27 11:00:00,0,
NAN005,2019-07-27 12:00:00,0,
NAN005,2019-07-27 13:00:00,0,
NAN005,2019-07-27 14:00:00,0,
NAN005,2019-07-27 15:00:00,0,
NAN005,2019-07-27 16:00:00,0,
NAN005,2019-07-27 17:00:00,0,
NAN005,2019-07-27 18:00:00,0,
NAN005,2019-07-27 19:00:00,0,
NAN005,2019-07-27 20:00:00,0,
NAN005,2019-07-27 21:00:00,0,
NAN005,2019-07-27 22:00:00,0,
NAN005,2019-07-27 23:00:00,0,
NAN005,2019-07-28 00:00:00,0,
NAN005,2019-07-28 01:00:00,0,
NAN005,2019-07-28 02:00:00,0,
NAN005,2019-07-28 03:00:00,0,
NAN005,2019-07-28 04:00:00,0,
NAN005,2019-07-28 05:00:00,0,
NAN005,2019-07-28 06:00:00,0,
NAN005,2019-07-28 07:00:00,0,
NAN005,2019-07-28 08:00:00,0,
NAN005,2019-07-28 09:00:00,0,
NAN005,2019-07-28 10:00:00,0,
NAN005,2019-07-28 11:00:00,0,
NAN005,2019-07-28 12:00:00,0,
NAN005,2019-07-28 13:00:00,0,
NAN005,2019-07-28 14:00:00,0,
NAN005,2019-07-28 15:00:00,0,
NAN005,2019-07-28 16:00:00,0,
NAN005,2019-07-28 17:00:00,0,
NAN005,2019-07-28 18:00:00,0,
NAN005,2019-07-28 19:00:00,0,
NAN005,2019-07-28 20:00:00,0,
NAN005,2019-07-28 21:00:00,0,
NAN005,2019-07-28 22:00:00,0,
NAN005,2019-07-28 23:00:00,0,
NAN005,2019-07-29 00:00:00,0,
NAN005,2019-07-29 01:00:00,0,
NAN005,2019-07-29 02:00:00,0,
NAN005,2019-07-29 03:00:00,0,
NAN005,2019-07-29 04:00:00,0,
NAN005,2019-07-29 05:00:00,0,
NAN005,2019-07-29 06:00:00,0,
NAN005,2019-07-29 07:00:00,0,
NAN005,2019-07-29 08:00:00,0,
NAN005,2019-07-29 09:00:00,0,
NAN005,2019-07-29 10:00:00,0,
NAN005,2019-07-29 11:00:00,0,
NAN005,2019-07-29 12:00:00,0,
NAN005,2019-07-29 13:00:00,0,
NAN005,2019-07-29 14:00:00,0,
NAN005,2019-07-29 15:00:00,0,
NAN005,2019-07-29 16:00:00,0,
NAN005,2019-07-29 17:00:00,0,
NAN005,2019-07-29 18:00:00,0,
NAN005,2019-07-29 19:00:00,0,
NAN005,2019-07-29 20:00:00,0,
NAN005,2019-07-29 21:00:00,1.4,
NAN005,2019-07-29 22:00:00,0,
NAN005,2019-07-29 23:00:00,0,
NAN005,2019-07-30 00:00:00,0,
NAN005,2019-07-30 01:00:00,0,
NAN005,2019-07-30 02:00:00,0,
NAN005,2019-07-30 03:00:00,0,
NAN005,2019-07-30 04:00:00,0,
NAN005,2019-07-30 05:00:00,0,
NAN005,2019-07-30 06:00:00,0,
NAN005,2019-07-30 07:00:00,0,
NAN005,2019-07-30 08:00:00,0,
NAN005,2019-07-30 09:00:00,0,
NAN005,2019-07-30 10:00:00,0,
NAN005,2019-07-30 11:00:00,0,
NAN005,2019-07-30 12:00:00,0,
NAN005,2019-07-30 13:00:00,0,
NAN005,2019-07-30 14:00:00,0,
NAN005,2019-07-30 15:00:00,0,
NAN005,2019-07-30 16:00:00,0,
NAN005,2019-07-30 17:00:00,0,
NAN005,2019-07-30 18:00:00,0,
NAN005,2019-07-30 19:00:00,0,
NAN005,2019-07-30 20:00:00,0,
NAN005,2019-07-30 21:00:00,0,
NAN005,2019-07-30 22:00:00,0,
NAN005,2019-07-30 23:00:00,0,
NAN005,2019-07-31 00:00:00,0,
NAN005,2019-07-31 01:00:00,1.8,
NAN005,2019-07-31 02:00:00,0.8,
NAN005,2019-07-31 03:00:00,0.8,
NAN005,2019-07-31 04:00:00,0.4,
NAN005,2019-07-31 05:00:00,0,
NAN005,2019-07-31 06:00:00,0,
NAN005,2019-07-31 07:00:00,0,
NAN005,2019-07-31 08:00:00,0,
NAN005,2019-07-31 09:00:00,0.2,
NAN005,2019-07-31 10:00:00,0,
NAN005,2019-07-31 11:00:00,0,
NAN005,2019-07-31 12:00:00,0,
NAN005,2019-07-31 13:00:00,0,
NAN005,2019-07-31 14:00:00,0,
NAN005,2019-07-31 15:00:00,0,
NAN005,2019-07-31 16:00:00,0,
NAN005,2019-07-31 17:00:00,0,
NAN005,2019-07-31 18:00:00,0,
NAN005,2019-07-31 19:00:00,0,
NAN005,2019-07-31 20:00:00,0,
NAN005,2019-07-31 21:00:00,2.8,
NAN005,2019-07-31 22:00:00,0.6,
NAN005,2019-07-31 23:00:00,0,
TB0001,2019-07-01 00:00:00,0,
TB0001,2019-07-01 01:00:00,0,
TB0001,2019-07-01 02:00:00,0,
TB0001,2019-07-01 03:00:00,0,
TB0001,2019-07-01 04:00:00,0,
TB0001,2019-07-01 05:00:00,0,
TB0001,2019-07-01 06:00:00,0,
TB0001,2019-07-01 07:00:00,0,
TB0001,2019-07-01 08:00:00,0,
TB0001,2019-07-01 09:00:00,0,
TB0001,2019-07-01 10:00:00,0,
TB0001,2019-07-01 11:00:00,0,
TB0001,2019-07-01 12:00:00,-999,
TB0001,2019-07-01 13:00:00,0,
TB0001,2019-07-01 14:00:00,0,
TB0001,2019-07-01 15:00:00,0,
TB0001,2019-07-01 16:00:00,0,
TB0001,2019-07-01 17:00:00,0,
TB0001,2019-07-01 18:00:00,2.6,
TB0001,2019-07-01 19:00:00,1.2,
TB0001,2019-07-01 20:00:00,0.2,
TB0001,2019-07-01 21:00:00,0,
TB0001,2019-07-01 22:00:00,0,
TB0001,2019-07-01 23:00:00,0,
TB0001,2019-07-02 00:00:00,0,
TB0001,2019-07-02 01:00:00,0,
TB0001,2019-07-02 02:00:00,0,
TB0001,2019-07-02 03:00:00,0.2,
TB0001,2019-07-02 04:00:00,-999,
TB0001,2019-07-02 05:00:00,-999,
TB0001,2019-07-02 06:00:00,-999,
TB0001,2019-07-02 07:00:00,2,
TB0001,2019-07-02 08:00:00,0.6,
TB0001,2019-07-02 09:00:00,0.2,
TB0001,2019-07-02 10:00:00,-999,
TB0001,2019-07-02 11:00:00,-999,
TB0001,2019-07-02 12:00:00,-999,
TB0001,2019-07-02 13:00:00,-999,
TB0001,2019-07-02 14:00:00,-999,
TB0001,2019-07-02 15:00:00,-999,
TB0001,2019-07-02 16:00:00,-999,
TB0001,2019-07-02 17:00:00,-999,
TB0001,2019-07-02 18:00:00,-999,
TB0001,2019-07-02 19:00:00,0,
TB0001,2019-07-02 20:00:00,0,
TB0001,2019-07-02 21:00:00,0,
TB0001,2019-07-02 22:00:00,0,
TB0001,2019-07-02 23:00:00,0,
TB0001,2019-07-03 00:00:00,0,
TB0001,2019-07-03 01:00:00,0,
TB0001,2019-07-03 02:00:00,0,
TB0001,2019-07-03 03:00:00,0,
TB0001,2019-07-03 04:00:00,0,
TB0001,2019-07-03 05:00:00,0,
TB0001,2019-07-03 06:00:00,0,
TB0001,2019-07-03 07:00:00,0,
TB0001,2019-07-03 08:00:00,0,
TB0001,2019-07-03 09:00:00,0,
TB0001,2019-07-03 10:00:00,0,
TB0001,2019-07-03 11:00:00,0,
TB0001,2019-07-03 12:00:00,-999,
TB0001,2019-07-03 13:00:00,0,
TB0001,2019-07-03 14:00:00,0,
TB0001,2019-07-03 15:00:00,0,
TB0001,2019-07-03 16:00:00,0,
TB0001,2019-07-03 17:00:00,0,
TB0001,2019-07-03 18:00:00,0,
TB0001,2019-07-03 19:00:00,0,
TB0001,2019-07-03 20:00:00,0,
TB0001,2019-07-03 21:00:00,0,
TB0001,2019-07-03 22:00:00,0,
TB0001,2019-07-03 23:00:00,0,
TB0001,2019-07-04 00:00:00,0,
TB0001,2019-07-04 01:00:00,0,
TB0001,2019-07-04 02:00:00,0,
TB0001,2019-07-04 03:00:00,0,
TB0001,2019-07-04 04:00:00,0,
TB0001,2019-07-04 05:00:00,-999,
TB0001,2019-07-04 06:00:00,-999,
TB0001,2019-07-04 07:00:00,0,
TB0001,2019-07-04 08:00:00,0,
TB0001,2019-07-04 09:00:00,0.2,
TB0001,2019-07-04 10:00:00,0,
TB0001,2019-07-04 11:00:00,-999,
TB0001,2019-07-04 12:00:00,-999,
TB0001,2019-07-04 13:00:00,0,
TB0001,2019-07-04 14:00:00,0,
TB0001,2019-07-04 15:00:00,0,
TB0001,2019-07-04 16:00:00,0,
TB0001,2019-07-04 17:00:00,0,
TB0001,2019-07-04 18:00:00,0,
TB0001,2019-07-04 19:00:00,0,
TB0001,2019-07-04 20:00:00,0,
TB0001,2019-07-04 21:00:00,0,
TB0001,2019-07-04 22:00:00,0,
TB0001,2019-07-04 23:00:00,0,
TB0001,2019-07-05 00:00:00,0,
TB0001,2019-07-05 01:00:00,0,
TB0001,2019-07-05 02:00:00,0,
TB0001,2019-07-05 03:00:00,0,
TB0001,2019-07-05 04:00:00,0,
TB0001,2019-07-05 05:00:00,0,
TB0001,2019-07-05 06:00:00,0,
TB0001,2019-07-05 07:00:00,0,
TB0001,2019-07-05 08:00:00,0,
TB0001,2019-07-05 09:00:00,0,
TB0001,2019-07-05 10:00:00,0,
TB0001,2019-07-05 11:00:00,0,
TB0001,2019-07-05 12:00:00,0,
TB0001,2019-07-05 13:00:00,0.4,
TB0001,2019-07-05 14:00:00,0,
TB0001,2019-07-05 15:00:00,0,
TB0001,2019-07-05 16:00:00,0,
TB0001,2019-07-05 17:00:00,0,
TB0001,2019-07-05 18:00:00,0,
TB0001,2019-07-05 19:00:00,0,
TB0001,2019-07-05 20:00:00,0,
TB0001,2019-07-05 21:00:00,0,
TB0001,2019-07-05 22:00:00,0,
TB0001,2019-07-05 23:00:00,0,
TB0001,2019-07-06 00:00:00,-999,
TB0001,2019-07-06 01:00:00,0,
TB0001,2019-07-06 02:00:00,0,
TB0001,2019-07-06 03:00:00,0,
TB0001,2019-07-06 04:00:00,0,
TB0001,2019-07-06 05:00:00,0,
TB0001,2019-07-06 06:00:00,0,
TB0001,2019-07-06 07:00:00,0,
TB0001,2019-07-06 08:00:00,0,
TB0001,2019-07-06 09:00:00,0,
TB0001,2019-07-06 10:00:00,0,
TB0001,2019-07-06 11:00:00,0,
TB0001,2019-07-06 12:00:00,0,
TB0001,2019-07-06 13:00:00,0,
TB0001,2019-07-06 14:00:00,0,
TB0001,2019-07-06 15:00:00,0,
TB0001,2019-07-06 16:00:00,0,
TB0001,2019-07-06 17:00:00,0,
TB0001,2019-07-06 18:00:00,0,
TB0001,2019-07-06 19:00:00,0,
TB0001,2019-07-06 20:00:00,0,
TB0001,2019-07-06 21:00:00,0,
TB0001,2019-07-06 22:00:00,0,
TB0001,2019-07-06 23:00:00,0,
TB0001,2019-07-07 00:00:00,0,
TB0001,2019-07-07 01:00:00,0,
TB0001,2019-07-07 02:00:00,0,
TB0001,2019-07-07 03:00:00,0,
TB0001,2019-07-07 04:00:00,0,
TB0001,2019-07-07 05:00:00,0,
TB0001,2019-07-07 06:00:00,0,
TB0001,2019-07-07 07:00:00,0,
TB0001,2019-07-07 08:00:00,0,
TB0001,2019-07-07 09:00:00,0,
TB0001,2019-07-07 10:00:00,0,
TB0001,2019-07-07 11:00:00,0,
TB0001,2019-07-07 12:00:00,0,
TB0001,2019-07-07 13:00:00,0,
TB0001,2019-07-07 14:00:00,0,
TB0001,2019-07-07 15:00:00,0,
TB0001,2019-07-07 16:00:00,0,
TB0001,2019-07-07 17:00:00,0,
TB0001,2019-07-07 18:00:00,0,
TB0001,2019-07-07 19:00:00,0,
TB0001,2019-07-07 20:00:00,0,
TB0001,2019-07-07 21:00:00,0,
TB0001,2019-07-07 22:00:00,0.6,
TB0001,2019-07-07 23:00:00,-999,
TB0001,2019-07-08 00:00:00,-999,
TB0001,2019-07-08 01:00:00,0,
TB0001,2019-07-08 02:00:00,-999,
TB0001,2019-07-08 03:00:00,-999,
TB0001,2019-07-08 04:00:00,-999,
TB0001,2019-07-08 05:00:00,-999,
TB0001,2019-07-08 06:00:00,-999,
TB0001,2019-07-08 07:00:00,0,
TB0001,2019-07-08 08:00:00,0,
TB0001,2019-07-08 09:00:00,0,
TB0001,2019-07-08 10:00:00,0,
TB0001,2019-07-08 11:00:00,0,
TB0001,2019-07-08 12:00:00,0,
TB0001,2019-07-08 13:00:00,0,
TB0001,2019-07-08 14:00:00,0,
TB0001,2019-07-08 15:00:00,0,
TB0001,2019-07-08 16:00:00,-999,
TB0001,2019-07-08 17:00:00,-999,
TB0001,2019-07-08 18:00:00,-999,
TB0001,2019-07-08 19:00:00,0,
TB0001,2019-07-08 20:00:00,0,
TB0001,2019-07-08 21:00:00,0,
TB0001,2019-07-08 22:00:00,0,
TB0001,2019-07-08 23:00:00,-999,
TB0001,2019-07-09 00:00:00,-999,
TB0001,2019-07-09 01:00:00,0,
TB0001,2019-07-09 02:00:00,0,
TB0001,2019-07-09 03:00:00,0,
TB0001,2019-07-09 04:00:00,0,
TB0001,2019-07-09 05:00:00,0,
TB0001,2019-07-09 06:00:00,0,
TB0001,2019-07-09 07:00:00,0,
TB0001,2019-07-09 08:00:00,0,
TB0001,2019-07-09 09:00:00,0,
TB0001,2019-07-09 10:00:00,0,
TB0001,2019-07-09 11:00:00,0,
TB0001,2019-07-09 12:00:00,-999,
TB0001,2019-07-09 13:00:00,0,
TB0001,2019-07-09 14:00:00,0,
TB0001,2019-07-09 15:00:00,0,
TB0001,2019-07-09 16:00:00,0,
TB0001,2019-07-09 17:00:00,0,
TB0001,2019-07-09 18:00:00,-999,
TB0001,2019-07-09 19:00:00,0,
TB0001,2019-07-09 20:00:00,0,
TB0001,2019-07-09 21:00:00,0,
TB0001,2019-07-09 22:00:00,0,
TB0001,2019-07-09 23:00:00,-999,
TB0001,2019-07-10 00:00:00,-999,
TB0001,2019-07-10 01:00:00,0,
TB0001,2019-07-10 02:00:00,0,
TB0001,2019-07-10 03:00:00,0,
TB0001,2019-07-10 04:00:00,0,
TB0001,2019-07-10 05:00:00,0,
TB0001,2019-07-10 06:00:00,0,
TB0001,2019-07-10 07:00:00,0,
TB0001,2019-07-10 08:00:00,0,
TB0001,2019-07-10 09:00:00,0,
TB0001,2019-07-10 10:00:00,0,
TB0001,2019-07-10 11:00:00,0,
TB0001,2019-07-10 12:00:00,-999,
TB0001,2019-07-10 13:00:00,0,
TB0001,2019-07-10 14:00:00,0,
TB0001,2019-07-10 15:00:00,0,
TB0001,2019-07-10 16:00:00,0,
TB0001,2019-07-10 17:00:00,0,
TB0001,2019-07-10 18:00:00,0,
TB0001,2019-07-10 19:00:00,0,
TB0001,2019-07-10 20:00:00,0,
TB0001,2019-07-10 21:00:00,0,
TB0001,2019-07-10 22:00:00,0,
TB0001,2019-07-10 23:00:00,0,
TB0001,2019-07-11 00:00:00,-999,
TB0001,2019-07-11 01:00:00,-999,
TB0001,2019-07-11 02:00:00,-999,
TB0001,2019-07-11 03:00:00,-999,
TB0001,2019-07-11 04:00:00,-999,
TB0001,2019-07-11 05:00:00,-999,
TB0001,2019-07-11 06:00:00,-999,
TB0001,2019-07-11 07:00:00,0,
TB0001,2019-07-11 08:00:00,0,
TB0001,2019-07-11 09:00:00,0,
TB0001,2019-07-11 10:00:00,0,
TB0001,2019-07-11 11:00:00,0,
TB0001,2019-07-11 12:00:00,0,
TB0001,2019-07-11 13:00:00,0,
TB0001,2019-07-11 14:00:00,0,
TB0001,2019-07-11 15:00:00,0.4,
TB0001,2019-07-11 16:00:00,0.2,
TB0001,2019-07-11 17:00:00,0,
TB0001,2019-07-11 18:00:00,0,
TB0001,2019-07-11 19:00:00,0,
TB0001,2019-07-11 20:00:00,1.4,
TB0001,2019-07-11 21:00:00,0,
TB0001,2019-07-11 22:00:00,0,
TB0001,2019-07-11 23:00:00,0,
TB0001,2019-07-12 00:00:00,-999,
TB0001,2019-07-12 01:00:00,0,
TB0001,2019-07-12 02:00:00,0,
TB0001,2019-07-12 03:00:00,0,
TB0001,2019-07-12 04:00:00,0,
TB0001,2019-07-12 05:00:00,0,
TB0001,2019-07-12 06:00:00,0,
TB0001,2019-07-12 07:00:00,0,
TB0001,2019-07-12 08:00:00,0,
TB0001,2019-07-12 09:00:00,0,
TB0001,2019-07-12 10:00:00,0,
TB0001,2019-07-12 11:00:00,0,
TB0001,2019-07-12 12:00:00,0,
TB0001,2019-07-12 13:00:00,0,
TB0001,2019-07-12 14:00:00,0,
TB0001,2019-07-12 15:00:00,0,
TB0001,2019-07-12 16:00:00,0,
TB0001,2019-07-12 17:00:00,0,
TB0001,2019-07-12 18:00:00,0,
TB0001,2019-07-12 19:00:00,0,
TB0001,2019-07-12 20:00:00,0,
TB0001,2019-07-12 21:00:00,0,
TB0001,2019-07-12 22:00:00,0,
TB0001,2019-07-12 23:00:00,0,
TB0001,2019-07-13 00:00:00,0,
TB0001,2019-07-13 01:00:00,0,
TB0001,2019-07-13 02:00:00,0,
TB0001,2019-07-13 03:00:00,0,
TB0001,2019-07-13 04:00:00,-999,
TB0001,2019-07-13 05:00:00,-999,
TB0001,2019-07-13 06:00:00,-999,
TB0001,2019-07-13 07:00:00,0,
TB0001,2019-07-13 08:00:00,0,
TB0001,2019-07-13 09:00:00,0,
TB0001,2019-07-13 10:00:00,0,
TB0001,2019-07-13 11:00:00,0,
TB0001,2019-07-13 12:00:00,0,
TB0001,2019-07-13 13:00:00,0,
TB0001,2019-07-13 14:00:00,0,
TB0001,2019-07-13 15:00:00,0,
TB0001,2019-07-13 16:00:00,0,
TB0001,2019-07-13 17:00:00,0,
TB0001,2019-07-13 18:00:00,0,
TB0001,2019-07-13 19:00:00,0,
TB0001,2019-07-13 20:00:00,0,
TB0001,2019-07-13 21:00:00,0,
TB0001,2019-07-13 22:00:00,0,
TB0001,2019-07-13 23:00:00,0,
TB0001,2019-07-14 00:00:00,-999,
TB0001,2019-07-14 01:00:00,0,
TB0001,2019-07-14 02:00:00,0,
TB0001,2019-07-14 03:00:00,0,
TB0001,2019-07-14 04:00:00,0,
TB0001,2019-07-14 05:00:00,0,
TB0001,2019-07-14 06:00:00,-999,
TB0001,2019-07-14 07:00:00,0,
TB0001,2019-07-14 08:00:00,0,
TB0001,2019-07-14 09:00:00,0,
TB0001,2019-07-14 10:00:00,0,
TB0001,2019-07-14 11:00:00,0,
TB0001,2019-07-14 12:00:00,0,
TB0001,2019-07-14 13:00:00,0,
TB0001,2019-07-14 14:00:00,0,
TB0001,2019-07-14 15:00:00,0,
TB0001,2019-07-14 16:00:00,3.2,
TB0001,2019-07-14 17:00:00,0.2,
TB0001,2019-07-14 18:00:00,-999,
TB0001,2019-07-14 19:00:00,0,
TB0001,2019-07-14 20:00:00,0,
TB0001,2019-07-14 21:00:00,0,
TB0001,2019-07-14 22:00:00,0,
TB0001,2019-07-14 23:00:00,0,
TB0001,2019-07-15 00:00:00,0,
TB0001,2019-07-15 01:00:00,0,
TB0001,2019-07-15 02:00:00,0,
TB0001,2019-07-15 03:00:00,0,
TB0001,2019-07-15 04:00:00,0,
TB0001,2019-07-15 05:00:00,0,
TB0001,2019-07-15 06:00:00,0,
TB0001,2019-07-15 07:00:00,0,
TB0001,2019-07-15 08:00:00,0,
TB0001,2019-07-15 09:00:00,0,
TB0001,2019-07-15 10:00:00,0,
TB0001,2019-07-15 11:00:00,0,
TB0001,2019-07-15 12:00:00,0,
TB0001,2019-07-15 13:00:00,0,
TB0001,2019-07-15 14:00:00,0,
TB0001,2019-07-15 15:00:00,0,
TB0001,2019-07-15 16:00:00,0,
TB0001,2019-07-15 17:00:00,0,
TB0001,2019-07-15 18:00:00,0,
TB0001,2019-07-15 19:00:00,0,
TB0001,2019-07-15 20:00:00,0,
TB0001,2019-07-15 21:00:00,0,
TB0001,2019-07-15 22:00:00,0,
TB0001,2019-07-15 23:00:00,0,
TB0001,2019-07-16 00:00:00,0,
TB0001,2019-07-16 01:00:00,0,
TB0001,2019-07-16 02:00:00,0,
TB0001,2019-07-16 03:00:00,0,
TB0001,2019-07-16 04:00:00,0,
TB0001,2019-07-16 05:00:00,-999,
TB0001,2019-07-16 06:00:00,-999,
TB0001,2019-07-16 07:00:00,0,
TB0001,2019-07-16 08:00:00,0,
TB0001,2019-07-16 09:00:00,0,
TB0001,2019-07-16 10:00:00,0,
TB0001,2019-07-16 11:00:00,0,
TB0001,2019-07-16 12:00:00,0,
TB0001,2019-07-16 13:00:00,0,
TB0001,2019-07-16 14:00:00,0,
TB0001,2019-07-16 15:00:00,0,
TB0001,2019-07-16 16:00:00,0,
TB0001,2019-07-16 17:00:00,0,
TB0001,2019-07-16 18:00:00,0,
TB0001,2019-07-16 19:00:00,0,
TB0001,2019-07-16 20:00:00,0,
TB0001,2019-07-16 21:00:00,0,
TB0001,2019-07-16 22:00:00,0,
TB0001,2019-07-16 23:00:00,-999,
TB0001,2019-07-17 00:00:00,-999,
TB0001,2019-07-17 01:00:00,0,
TB0001,2019-07-17 02:00:00,0,
TB0001,2019-07-17 03:00:00,0,
TB0001,2019-07-17 04:00:00,0,
TB0001,2019-07-17 05:00:00,0,
TB0001,2019-07-17 06:00:00,0,
TB0001,2019-07-17 07:00:00,0,
TB0001,2019-07-17 08:00:00,0,
TB0001,2019-07-17 09:00:00,0,
TB0001,2019-07-17 10:00:00,0,
TB0001,2019-07-17 11:00:00,0,
TB0001,2019-07-17 12:00:00,-999,
TB0001,2019-07-17 13:00:00,0,
TB0001,2019-07-17 14:00:00,0,
TB0001,2019-07-17 15:00:00,0,
TB0001,2019-07-17 16:00:00,0,
TB0001,2019-07-17 17:00:00,-999,
TB0001,2019-07-17 18:00:00,-999,
TB0001,2019-07-17 19:00:00,0,
TB0001,2019-07-17 20:00:00,0,
TB0001,2019-07-17 21:00:00,-999,
TB0001,2019-07-17 22:00:00,-999,
TB0001,2019-07-17 23:00:00,-999,
TB0001,2019-07-18 00:00:00,-999,
TB0001,2019-07-18 01:00:00,0,
TB0001,2019-07-18 02:00:00,0,
TB0001,2019-07-18 03:00:00,0,
TB0001,2019-07-18 04:00:00,0,
TB0001,2019-07-18 05:00:00,-999,
TB0001,2019-07-18 06:00:00,-999,
TB0001,2019-07-18 07:00:00,0,
TB0001,2019-07-18 08:00:00,0,
TB0001,2019-07-18 09:00:00,0,
TB0001,2019-07-18 10:00:00,0,
TB0001,2019-07-18 11:00:00,0,
TB0001,2019-07-18 12:00:00,0,
TB0001,2019-07-18 13:00:00,0,
TB0001,2019-07-18 14:00:00,0,
TB0001,2019-07-18 15:00:00,0,
TB0001,2019-07-18 16:00:00,0,
TB0001,2019-07-18 17:00:00,-999,
TB0001,2019-07-18 18:00:00,-999,
TB0001,2019-07-18 19:00:00,0,
TB0001,2019-07-18 20:00:00,0,
TB0001,2019-07-18 21:00:00,0,
TB0001,2019-07-18 22:00:00,0,
TB0001,2019-07-18 23:00:00,0,
TB0001,2019-07-19 00:00:00,-999,
TB0001,2019-07-19 01:00:00,0,
TB0001,2019-07-19 02:00:00,0,
TB0001,2019-07-19 03:00:00,0,
TB0001,2019-07-19 04:00:00,0,
TB0001,2019-07-19 05:00:00,0,
TB0001,2019-07-19 06:00:00,-999,
TB0001,2019-07-19 07:00:00,0,
TB0001,2019-07-19 08:00:00,0,
TB0001,2019-07-19 09:00:00,0,
TB0001,2019-07-19 10:00:00,0,
TB0001,2019-07-19 11:00:00,0,
TB0001,2019-07-19 12:00:00,-999,
TB0001,2019-07-19 13:00:00,0,
TB0001,2019-07-19 14:00:00,0,
TB0001,2019-07-19 15:00:00,0,
TB0001,2019-07-19 16:00:00,0,
TB0001,2019-07-19 17:00:00,0,
TB0001,2019-07-19 18:00:00,0,
TB0001,2019-07-19 19:00:00,0,
TB0001,2019-07-19 20:00:00,0,
TB0001,2019-07-19 21:00:00,0,
TB0001,2019-07-19 22:00:00,0,
TB0001,2019-07-19 23:00:00,0,
TB0001,2019-07-20 00:00:00,0,
TB0001,2019-07-20 01:00:00,-999,
TB0001,2019-07-20 02:00:00,-999,
TB0001,2019-07-20 03:00:00,-999,
TB0001,2019-07-20 04:00:00,-999,
TB0001,2019-07-20 05:00:00,-999,
TB0001,2019-07-20 06:00:00,-999,
TB0001,2019-07-20 07:00:00,0,
TB0001,2019-07-20 08:00:00,0,
TB0001,2019-07-20 09:00:00,0,
TB0001,2019-07-20 10:00:00,0,
TB0001,2019-07-20 11:00:00,0,
TB0001,2019-07-20 12:00:00,0,
TB0001,2019-07-20 13:00:00,0,
TB0001,2019-07-20 14:00:00,0,
TB0001,2019-07-20 15:00:00,0,
TB0001,2019-07-20 16:00:00,0,
TB0001,2019-07-20 17:00:00,0,
TB0001,2019-07-20 18:00:00,0,
TB0001,2019-07-20 19:00:00,0,
TB0001,2019-07-20 20:00:00,0,
TB0001,2019-07-20 21:00:00,0,
TB0001,2019-07-20 22:00:00,0,
TB0001,2019-07-20 23:00:00,-999,
TB0001,2019-07-21 00:00:00,-999,
TB0001,2019-07-21 01:00:00,0,
TB0001,2019-07-21 02:00:00,0,
TB0001,2019-07-21 03:00:00,0,
TB0001,2019-07-21 04:00:00,-999,
TB0001,2019-07-21 05:00:00,-999,
TB0001,2019-07-21 06:00:00,-999,
TB0001,2019-07-21 07:00:00,0,
TB0001,2019-07-21 08:00:00,0,
TB0001,2019-07-21 09:00:00,0,
TB0001,2019-07-21 10:00:00,0,
TB0001,2019-07-21 11:00:00,0,
TB0001,2019-07-21 12:00:00,-999,
TB0001,2019-07-21 13:00:00,0,
TB0001,2019-07-21 14:00:00,0,
TB0001,2019-07-21 15:00:00,0,
TB0001,2019-07-21 16:00:00,0,
TB0001,2019-07-21 17:00:00,0,
TB0001,2019-07-21 18:00:00,-999,
TB0001,2019-07-21 19:00:00,0,
TB0001,2019-07-21 20:00:00,-999,
TB0001,2019-07-21 21:00:00,-999,
TB0001,2019-07-21 22:00:00,-999,
TB0001,2019-07-21 23:00:00,-999,
TB0001,2019-07-22 00:00:00,-999,
TB0001,2019-07-22 01:00:00,0.6,
TB0001,2019-07-22 02:00:00,0,
TB0001,2019-07-22 03:00:00,0.2,
TB0001,2019-07-22 04:00:00,0,
TB0001,2019-07-22 05:00:00,-999,
TB0001,2019-07-22 06:00:00,-999,
TB0001,2019-07-22 07:00:00,0,
TB0001,2019-07-22 08:00:00,0,
TB0001,2019-07-22 09:00:00,-999,
TB0001,2019-07-22 10:00:00,0,
TB0001,2019-07-22 11:00:00,0,
TB0001,2019-07-22 12:00:00,-999,
TB0001,2019-07-22 13:00:00,0,
TB0001,2019-07-22 14:00:00,0,
TB0001,2019-07-22 15:00:00,-999,
TB0001,2019-07-22 16:00:00,0,
TB0001,2019-07-22 17:00:00,0,
TB0001,2019-07-22 18:00:00,0,
TB0001,2019-07-22 19:00:00,0,
TB0001,2019-07-22 20:00:00,0,
TB0001,2019-07-22 21:00:00,-999,
TB0001,2019-07-22 22:00:00,-999,
TB0001,2019-07-22 23:00:00,-999,
TB0001,2019-07-23 00:00:00,-999,
TB0001,2019-07-23 01:00:00,0,
TB0001,2019-07-23 02:00:00,0,
TB0001,2019-07-23 03:00:00,-999,
TB0001,2019-07-23 04:00:00,0,
TB0001,2019-07-23 05:00:00,0,
TB0001,2019-07-23 06:00:00,0,
TB0001,2019-07-23 07:00:00,0,
TB0001,2019-07-23 08:00:00,0,
TB0001,2019-07-23 09:00:00,-999,
TB0001,2019-07-23 10:00:00,-999,
TB0001,2019-07-23 11:00:00,-999,
TB0001,2019-07-23 12:00:00,-999,
TB0001,2019-07-23 13:00:00,0.6,
TB0001,2019-07-23 14:00:00,0,
TB0001,2019-07-23 15:00:00,-999,
TB0001,2019-07-23 16:00:00,0,
TB0001,2019-07-23 17:00:00,-999,
TB0001,2019-07-23 18:00:00,-999,
TB0001,2019-07-23 19:00:00,3.8,
TB0001,2019-07-23 20:00:00,1.2,
TB0001,2019-07-23 21:00:00,0.6,
TB0001,2019-07-23 22:00:00,1,
TB0001,2019-07-23 23:00:00,-999,
TB0001,2019-07-24 00:00:00,0,
TB0001,2019-07-24 01:00:00,0.2,
TB0001,2019-07-24 02:00:00,0,
TB0001,2019-07-24 03:00:00,0,
TB0001,2019-07-24 04:00:00,0,
TB0001,2019-07-24 05:00:00,-999,
TB0001,2019-07-24 06:00:00,0.2,
TB0001,2019-07-24 07:00:00,0.2,
TB0001,2019-07-24 08:00:00,0,
TB0001,2019-07-24 09:00:00,0.2,
TB0001,2019-07-24 10:00:00,0,
TB0001,2019-07-24 11:00:00,-999,
TB0001,2019-07-24 12:00:00,0,
TB0001,2019-07-24 13:00:00,1.4,
TB0001,2019-07-24 14:00:00,0.2,
TB0001,2019-07-24 15:00:00,0,
TB0001,2019-07-24 16:00:00,-999,
TB0001,2019-07-24 17:00:00,-999,
TB0001,2019-07-24 18:00:00,-999,
TB0001,2019-07-24 19:00:00,0,
TB0001,2019-07-24 20:00:00,0,
TB0001,2019-07-24 21:00:00,0,
TB0001,2019-07-24 22:00:00,-999,
TB0001,2019-07-24 23:00:00,-999,
TB0001,2019-07-25 00:00:00,-999,
TB0001,2019-07-25 01:00:00,0,
TB0001,2019-07-25 02:00:00,0,
TB0001,2019-07-25 03:00:00,0,
TB0001,2019-07-25 04:00:00,0,
TB0001,2019-07-25 05:00:00,-999,
TB0001,2019-07-25 06:00:00,0,
TB0001,2019-07-25 07:00:00,0,
TB0001,2019-07-25 08:00:00,0,
TB0001,2019-07-25 09:00:00,0,
TB0001,2019-07-25 10:00:00,0,
TB0001,2019-07-25 11:00:00,-999,
TB0001,2019-07-25 12:00:00,-999,
TB0001,2019-07-25 13:00:00,0,
TB0001,2019-07-25 14:00:00,0,
TB0001,2019-07-25 15:00:00,0,
TB0001,2019-07-25 16:00:00,0,
TB0001,2019-07-25 17:00:00,0,
TB0001,2019-07-25 18:00:00,0,
TB0001,2019-07-25 19:00:00,0,
TB0001,2019-07-25 20:00:00,0,
TB0001,2019-07-25 21:00:00,0,
TB0001,2019-07-25 22:00:00,0,
TB0001,2019-07-25 23:00:00,0,
TB0001,2019-07-26 00:00:00,0,
TB0001,2019-07-26 01:00:00,0,
TB0001,2019-07-26 02:00:00,0,
TB0001,2019-07-26 03:00:00,0,
TB0001,2019-07-26 04:00:00,0,
TB0001,2019-07-26 05:00:00,0,
TB0001,2019-07-26 06:00:00,0,
TB0001,2019-07-26 07:00:00,0,
TB0001,2019-07-26 08:00:00,0.2,
TB0001,2019-07-26 09:00:00,0.2,
TB0001,2019-07-26 10:00:00,1.6,
TB0001,2019-07-26 11:00:00,0.2,
TB0001,2019-07-26 12:00:00,0.2,
TB0001,2019-07-26 13:00:00,0,
TB0001,2019-07-26 14:00:00,0,
TB0001,2019-07-26 15:00:00,0,
TB0001,2019-07-26 16:00:00,0,
TB0001,2019-07-26 17:00:00,0,
TB0001,2019-07-26 18:00:00,0,
TB0001,2019-07-26 19:00:00,0,
TB0001,2019-07-26 20:00:00,0,
TB0001,2019-07-26 21:00:00,0,
TB0001,2019-07-26 22:00:00,0,
TB0001,2019-07-26 23:00:00,0,
TB0001,2019-07-27 00:00:00,0.2,
TB0001,2019-07-27 01:00:00,0.4,
TB0001,2019-07-27 02:00:00,0.2,
TB0001,2019-07-27 03:00:00,0.2,
TB0001,2019-07-27 04:00:00,-999,
TB0001,2019-07-27 05:00:00,-999,
TB0001,2019-07-27 06:00:00,-999,
TB0001,2019-07-27 07:00:00,0,
TB0001,2019-07-27 08:00:00,0.8,
TB0001,2019-07-27 09:00:00,2,
TB0001,2019-07-27 10:00:00,-999,
TB0001,2019-07-27 11:00:00,-999,
TB0001,2019-07-27 12:00:00,-999,
TB0001,2019-07-27 13:00:00,0.4,
TB0001,2019-07-27 14:00:00,0,
TB0001,2019-07-27 15:00:00,0,
TB0001,2019-07-27 16:00:00,0,
TB0001,2019-07-27 17:00:00,0,
TB0001,2019-07-27 18:00:00,0,
TB0001,2019-07-27 19:00:00,0,
TB0001,2019-07-27 20:00:00,0,
TB0001,2019-07-27 21:00:00,0,
TB0001,2019-07-27 22:00:00,0,
TB0001,2019-07-27 23:00:00,0,
TB0001,2019-07-28 00:00:00,0,
TB0001,2019-07-28 01:00:00,0,
TB0001,2019-07-28 02:00:00,0,
TB0001,2019-07-28 03:00:00,0,
TB0001,2019-07-28 04:00:00,0,
TB0001,2019-07-28 05:00:00,0,
TB0001,2019-07-28 06:00:00,0,
TB0001,2019-07-28 07:00:00,0,
TB0001,2019-07-28 08:00:00,0,
TB0001,2019-07-28 09:00:00,-999,
TB0001,2019-07-28 10:00:00,-999,
TB0001,2019-07-28 11:00:00,-999,
TB0001,2019-07-28 12:00:00,0,
TB0001,2019-07-28 13:00:00,0,
TB0001,2019-07-28 14:00:00,0,
TB0001,2019-07-28 15:00:00,0,
TB0001,2019-07-28 16:00:00,0,
TB0001,2019-07-28 17:00:00,0,
TB0001,2019-07-28 18:00:00,0,
TB0001,2019-07-28 19:00:00,0,
TB0001,2019-07-28 20:00:00,0,
TB0001,2019-07-28 21:00:00,0,
TB0001,2019-07-28 22:00:00,0,
TB0001,2019-07-28 23:00:00,0,
TB0001,2019-07-29 00:00:00,0,
TB0001,2019-07-29 01:00:00,0,
TB0001,2019-07-29 02:00:00,0,
TB0001,2019-07-29 03:00:00,0,
TB0001,2019-07-29 04:00:00,0,
TB0001,2019-07-29 05:00:00,0,
TB0001,2019-07-29 06:00:00,0,
TB0001,2019-07-29 07:00:00,0,
TB0001,2019-07-29 08:00:00,0,
TB0001,2019-07-29 09:00:00,0,
TB0001,2019-07-29 10:00:00,0,
TB0001,2019-07-29 11:00:00,-999,
TB0001,2019-07-29 12:00:00,0,
TB0001,2019-07-29 13:00:00,0,
TB0001,2019-07-29 14:00:00,0,
TB0001,2019-07-29 15:00:00,0,
TB0001,2019-07-29 16:00:00,0,
TB0001,2019-07-29 17:00:00,0,
TB0001,2019-07-29 18:00:00,0,
TB0001,2019-07-29 19:00:00,0,
TB0001,2019-07-29 20:00:00,0,
TB0001,2019-07-29 21:00:00,0,
TB0001,2019-07-29 22:00:00,0,
TB0001,2019-07-29 23:00:00,0,
TB0001,2019-07-30 00:00:00,0,
TB0001,2019-07-30 01:00:00,0,
TB0001,2019-07-30 02:00:00,0.8,
TB0001,2019-07-30 03:00:00,1.4,
TB0001,2019-07-30 04:00:00,1,
TB0001,2019-07-30 05:00:00,0,
TB0001,2019-07-30 06:00:00,0,
TB0001,2019-07-30 07:00:00,0.4,
TB0001,2019-07-30 08:00:00,1,
TB0001,2019-07-30 09:00:00,-999,
TB0001,2019-07-30 10:00:00,0.2,
TB0001,2019-07-30 11:00:00,0,
TB0001,2019-07-30 12:00:00,0,
TB0001,2019-07-30 13:00:00,0,
TB0001,2019-07-30 14:00:00,0,
TB0001,2019-07-30 15:00:00,0,
TB0001,2019-07-30 16:00:00,0,
TB0001,2019-07-30 17:00:00,0,
TB0001,2019-07-30 18:00:00,0,
TB0001,2019-07-30 19:00:00,0,
TB0001,2019-07-30 20:00:00,0.2,
TB0001,2019-07-30 21:00:00,3.8,
TB0001,2019-07-30 22:00:00,7.2,
TB0001,2019-07-30 23:00:00,0,
TB0001,2019-07-31 00:00:00,0.2,
TB0001,2019-07-31 01:00:00,-999,
TB0001,2019-07-31 02:00:00,-999,
TB0001,2019-07-31 03:00:00,0,
TB0001,2019-07-31 04:00:00,5,
TB0001,2019-07-31 05:00:00,7.4,
TB0001,2019-07-31 06:00:00,3.8,
TB0001,2019-07-31 07:00:00,6.6,
TB0001,2019-07-31 08:00:00,-999,
TB0001,2019-07-31 09:00:00,3.6,
TB0001,2019-07-31 10:00:00,6.8,
TB0001,2019-07-31 11:00:00,-999,
TB0001,2019-07-31 12:00:00,0.8,
TB0001,2019-07-31 13:00:00,0.4,
TB0001,2019-07-31 14:00:00,0,
TB0001,2019-07-31 15:00:00,0,
TB0001,2019-07-31 16:00:00,0,
TB0001,2019-07-31 17:00:00,0,
TB0001,2019-07-31 18:00:00,0,
TB0001,2019-07-31 19:00:00,0,
TB0001,2019-07-31 20:00:00,0,
TB0001,2019-07-31 21:00:00,9.4,
TB0001,2019-07-31 22:00:00,30.4,
TB0001,2019-07-31 23:00:00,2.4,
NAN014,2019-07-01 00:00:00,-999,
NAN014,2019-07-01 01:00:00,0,
NAN014,2019-07-01 02:00:00,0,
NAN014,2019-07-01 03:00:00,0,
NAN014,2019-07-01 04:00:00,0,
NAN014,2019-07-01 05:00:00,0.2,
NAN014,2019-07-01 06:00:00,0,
NAN014,2019-07-01 07:00:00,0,
NAN014,2019-07-01 08:00:00,0,
NAN014,2019-07-01 09:00:00,0,
NAN014,2019-07-01 10:00:00,0,
NAN014,2019-07-01 11:00:00,0,
NAN014,2019-07-01 12:00:00,0,
NAN014,2019-07-01 13:00:00,0,
NAN014,2019-07-01 14:00:00,0,
NAN014,2019-07-01 15:00:00,0,
NAN014,2019-07-01 16:00:00,0,
NAN014,2019-07-01 17:00:00,0,
NAN014,2019-07-01 18:00:00,0,
NAN014,2019-07-01 19:00:00,0,
NAN014,2019-07-01 20:00:00,0,
NAN014,2019-07-01 21:00:00,0,
NAN014,2019-07-01 22:00:00,0,
NAN014,2019-07-01 23:00:00,0,
NAN014,2019-07-02 00:00:00,-999,
NAN014,2019-07-02 01:00:00,0,
NAN014,2019-07-02 02:00:00,0,
NAN014,2019-07-02 03:00:00,0,
NAN014,2019-07-02 04:00:00,0,
NAN014,2019-07-02 05:00:00,0,
NAN014,2019-07-02 06:00:00,0,
NAN014,2019-07-02 07:00:00,0,
NAN014,2019-07-02 08:00:00,0,
NAN014,2019-07-02 09:00:00,0,
NAN014,2019-07-02 10:00:00,0,
NAN014,2019-07-02 11:00:00,0,
NAN014,2019-07-02 12:00:00,0,
NAN014,2019-07-02 13:00:00,0,
NAN014,2019-07-02 14:00:00,0,
NAN014,2019-07-02 15:00:00,0.2,
NAN014,2019-07-02 16:00:00,0,
NAN014,2019-07-02 17:00:00,0,
NAN014,2019-07-02 18:00:00,0,
NAN014,2019-07-02 19:00:00,0,
NAN014,2019-07-02 20:00:00,0,
NAN014,2019-07-02 21:00:00,0,
NAN014,2019-07-02 22:00:00,0,
NAN014,2019-07-02 23:00:00,0,
NAN014,2019-07-03 00:00:00,-999,
NAN014,2019-07-03 01:00:00,0,
NAN014,2019-07-03 02:00:00,0,
NAN014,2019-07-03 03:00:00,0,
NAN014,2019-07-03 04:00:00,0,
NAN014,2019-07-03 05:00:00,0,
NAN014,2019-07-03 06:00:00,0,
NAN014,2019-07-03 07:00:00,0,
NAN014,2019-07-03 08:00:00,0,
NAN014,2019-07-03 09:00:00,0,
NAN014,2019-07-03 10:00:00,0,
NAN014,2019-07-03 11:00:00,0.2,
NAN014,2019-07-03 12:00:00,0,
NAN014,2019-07-03 13:00:00,0,
NAN014,2019-07-03 14:00:00,0,
NAN014,2019-07-03 15:00:00,0,
NAN014,2019-07-03 16:00:00,0,
NAN014,2019-07-03 17:00:00,0,
NAN014,2019-07-03 18:00:00,0,
NAN014,2019-07-03 19:00:00,0,
NAN014,2019-07-03 20:00:00,0,
NAN014,2019-07-03 21:00:00,0,
NAN014,2019-07-03 22:00:00,0,
NAN014,2019-07-03 23:00:00,0,
NAN014,2019-07-04 00:00:00,-999,
NAN014,2019-07-04 01:00:00,0,
NAN014,2019-07-04 02:00:00,0,
NAN014,2019-07-04 03:00:00,0,
NAN014,2019-07-04 04:00:00,0,
NAN014,2019-07-04 05:00:00,0,
NAN014,2019-07-04 06:00:00,0,
NAN014,2019-07-04 07:00:00,0,
NAN014,2019-07-04 08:00:00,0,
NAN014,2019-07-04 09:00:00,0,
NAN014,2019-07-04 10:00:00,0,
NAN014,2019-07-04 11:00:00,0,
NAN014,2019-07-04 12:00:00,0,
NAN014,2019-07-04 13:00:00,0,
NAN014,2019-07-04 14:00:00,0,
NAN014,2019-07-04 15:00:00,0,
NAN014,2019-07-04 16:00:00,0,
NAN014,2019-07-04 17:00:00,0,
NAN014,2019-07-04 18:00:00,0,
NAN014,2019-07-04 19:00:00,0,
NAN014,2019-07-04 20:00:00,0,
NAN014,2019-07-04 21:00:00,0,
NAN014,2019-07-04 22:00:00,0,
NAN014,2019-07-04 23:00:00,0,
NAN014,2019-07-05 00:00:00,-999,
NAN014,2019-07-05 01:00:00,0,
NAN014,2019-07-05 02:00:00,0,
NAN014,2019-07-05 03:00:00,0,
NAN014,2019-07-05 04:00:00,0,
NAN014,2019-07-05 05:00:00,0,
NAN014,2019-07-05 06:00:00,0,
NAN014,2019-07-05 07:00:00,0,
NAN014,2019-07-05 08:00:00,0,
NAN014,2019-07-05 09:00:00,0,
NAN014,2019-07-05 10:00:00,0,
NAN014,2019-07-05 11:00:00,0,
NAN014,2019-07-05 12:00:00,0,
NAN014,2019-07-05 13:00:00,0,
NAN014,2019-07-05 14:00:00,0,
NAN014,2019-07-05 15:00:00,0,
NAN014,2019-07-05 16:00:00,0,
NAN014,2019-07-05 17:00:00,0,
NAN014,2019-07-05 18:00:00,0,
NAN014,2019-07-05 19:00:00,0,
NAN014,2019-07-05 20:00:00,0,
NAN014,2019-07-05 21:00:00,0,
NAN014,2019-07-05 22:00:00,0,
NAN014,2019-07-05 23:00:00,0,
NAN014,2019-07-06 00:00:00,-999,
NAN014,2019-07-06 01:00:00,0.2,
NAN014,2019-07-06 02:00:00,0,
NAN014,2019-07-06 03:00:00,0,
NAN014,2019-07-06 04:00:00,0,
NAN014,2019-07-06 05:00:00,0,
NAN014,2019-07-06 06:00:00,0,
NAN014,2019-07-06 07:00:00,0,
NAN014,2019-07-06 08:00:00,0,
NAN014,2019-07-06 09:00:00,0,
NAN014,2019-07-06 10:00:00,0,
NAN014,2019-07-06 11:00:00,0,
NAN014,2019-07-06 12:00:00,0,
NAN014,2019-07-06 13:00:00,0,
NAN014,2019-07-06 14:00:00,0,
NAN014,2019-07-06 15:00:00,0,
NAN014,2019-07-06 16:00:00,0,
NAN014,2019-07-06 17:00:00,0,
NAN014,2019-07-06 18:00:00,0,
NAN014,2019-07-06 19:00:00,0,
NAN014,2019-07-06 20:00:00,0,
NAN014,2019-07-06 21:00:00,0,
NAN014,2019-07-06 22:00:00,0,
NAN014,2019-07-06 23:00:00,0,
NAN014,2019-07-07 00:00:00,-999,
NAN014,2019-07-07 01:00:00,0,
NAN014,2019-07-07 02:00:00,0,
NAN014,2019-07-07 03:00:00,0,
NAN014,2019-07-07 04:00:00,0,
NAN014,2019-07-07 05:00:00,0,
NAN014,2019-07-07 06:00:00,0,
NAN014,2019-07-07 07:00:00,0,
NAN014,2019-07-07 08:00:00,0,
NAN014,2019-07-07 09:00:00,0,
NAN014,2019-07-07 10:00:00,0,
NAN014,2019-07-07 11:00:00,0,
NAN014,2019-07-07 12:00:00,0,
NAN014,2019-07-07 13:00:00,0,
NAN014,2019-07-07 14:00:00,0,
NAN014,2019-07-07 15:00:00,0,
NAN014,2019-07-07 16:00:00,0,
NAN014,2019-07-07 17:00:00,0,
NAN014,2019-07-07 18:00:00,0,
NAN014,2019-07-07 19:00:00,0,
NAN014,2019-07-07 20:00:00,0,
NAN014,2019-07-07 21:00:00,0,
NAN014,2019-07-07 22:00:00,0,
NAN014,2019-07-07 23:00:00,0,
NAN014,2019-07-08 00:00:00,-999,
NAN014,2019-07-08 01:00:00,0,
NAN014,2019-07-08 02:00:00,0,
NAN014,2019-07-08 03:00:00,0,
NAN014,2019-07-08 04:00:00,0,
NAN014,2019-07-08 05:00:00,0,
NAN014,2019-07-08 06:00:00,0,
NAN014,2019-07-08 07:00:00,0,
NAN014,2019-07-08 08:00:00,-999,
NAN014,2019-07-08 09:00:00,-999,
NAN014,2019-07-08 10:00:00,-999,
NAN014,2019-07-08 11:00:00,-999,
NAN014,2019-07-08 12:00:00,-999,
NAN014,2019-07-08 13:00:00,0,
NAN014,2019-07-08 14:00:00,0,
NAN014,2019-07-08 15:00:00,0,
NAN014,2019-07-08 16:00:00,0,
NAN014,2019-07-08 17:00:00,0,
NAN014,2019-07-08 18:00:00,0,
NAN014,2019-07-08 19:00:00,0,
NAN014,2019-07-08 20:00:00,0,
NAN014,2019-07-08 21:00:00,0,
NAN014,2019-07-08 22:00:00,0,
NAN014,2019-07-08 23:00:00,0,
NAN014,2019-07-09 00:00:00,-999,
NAN014,2019-07-09 01:00:00,0,
NAN014,2019-07-09 02:00:00,0,
NAN014,2019-07-09 03:00:00,0,
NAN014,2019-07-09 04:00:00,0,
NAN014,2019-07-09 05:00:00,0,
NAN014,2019-07-09 06:00:00,0,
NAN014,2019-07-09 07:00:00,0,
NAN014,2019-07-09 08:00:00,0,
NAN014,2019-07-09 09:00:00,0,
NAN014,2019-07-09 10:00:00,0,
NAN014,2019-07-09 11:00:00,0,
NAN014,2019-07-09 12:00:00,0,
NAN014,2019-07-09 13:00:00,0,
NAN014,2019-07-09 14:00:00,0,
NAN014,2019-07-09 15:00:00,0,
NAN014,2019-07-09 16:00:00,0,
NAN014,2019-07-09 17:00:00,0,
NAN014,2019-07-09 18:00:00,0,
NAN014,2019-07-09 19:00:00,0,
NAN014,2019-07-09 20:00:00,0,
NAN014,2019-07-09 21:00:00,0,
NAN014,2019-07-09 22:00:00,0,
NAN014,2019-07-09 23:00:00,0,
NAN014,2019-07-10 00:00:00,-999,
NAN014,2019-07-10 01:00:00,0,
NAN014,2019-07-10 02:00:00,0,
NAN014,2019-07-10 03:00:00,0,
NAN014,2019-07-10 04:00:00,0,
NAN014,2019-07-10 05:00:00,0,
NAN014,2019-07-10 06:00:00,0,
NAN014,2019-07-10 07:00:00,0,
NAN014,2019-07-10 08:00:00,0,
NAN014,2019-07-10 09:00:00,0,
NAN014,2019-07-10 10:00:00,0,
NAN014,2019-07-10 11:00:00,0,
NAN014,2019-07-10 12:00:00,0,
NAN014,2019-07-10 13:00:00,-999,
NAN014,2019-07-10 14:00:00,-999,
NAN014,2019-07-10 15:00:00,-999,
NAN014,2019-07-10 16:00:00,-999,
NAN014,2019-07-10 17:00:00,-999,
NAN014,2019-07-10 18:00:00,-999,
NAN014,2019-07-10 19:00:00,0,
NAN014,2019-07-10 20:00:00,0,
NAN014,2019-07-10 21:00:00,0,
NAN014,2019-07-10 22:00:00,0,
NAN014,2019-07-10 23:00:00,0,
NAN014,2019-07-11 00:00:00,-999,
NAN014,2019-07-11 01:00:00,-999,
NAN014,2019-07-11 02:00:00,-999,
NAN014,2019-07-11 03:00:00,-999,
NAN014,2019-07-11 04:00:00,-999,
NAN014,2019-07-11 05:00:00,-999,
NAN014,2019-07-11 06:00:00,-999,
NAN014,2019-07-11 07:00:00,0,
NAN014,2019-07-11 08:00:00,0,
NAN014,2019-07-11 09:00:00,0,
NAN014,2019-07-11 10:00:00,0,
NAN014,2019-07-11 11:00:00,0,
NAN014,2019-07-11 12:00:00,0,
NAN014,2019-07-11 13:00:00,0,
NAN014,2019-07-11 14:00:00,0,
NAN014,2019-07-11 15:00:00,0,
NAN014,2019-07-11 16:00:00,0,
NAN014,2019-07-11 17:00:00,0,
NAN014,2019-07-11 18:00:00,0,
NAN014,2019-07-11 19:00:00,0,
NAN014,2019-07-11 20:00:00,0,
NAN014,2019-07-11 21:00:00,0,
NAN014,2019-07-11 22:00:00,0,
NAN014,2019-07-11 23:00:00,0,
NAN014,2019-07-12 00:00:00,-999,
NAN014,2019-07-12 01:00:00,0,
NAN014,2019-07-12 02:00:00,0,
NAN014,2019-07-12 03:00:00,0,
NAN014,2019-07-12 04:00:00,0,
NAN014,2019-07-12 05:00:00,0,
NAN014,2019-07-12 06:00:00,0,
NAN014,2019-07-12 07:00:00,0,
NAN014,2019-07-12 08:00:00,0,
NAN014,2019-07-12 09:00:00,0,
NAN014,2019-07-12 10:00:00,0,
NAN014,2019-07-12 11:00:00,0,
NAN014,2019-07-12 12:00:00,0,
NAN014,2019-07-12 13:00:00,0,
NAN014,2019-07-12 14:00:00,0,
NAN014,2019-07-12 15:00:00,0,
NAN014,2019-07-12 16:00:00,0,
NAN014,2019-07-12 17:00:00,0,
NAN014,2019-07-12 18:00:00,0,
NAN014,2019-07-12 19:00:00,0,
NAN014,2019-07-12 20:00:00,0,
NAN014,2019-07-12 21:00:00,0,
NAN014,2019-07-12 22:00:00,0,
NAN014,2019-07-12 23:00:00,0.2,
NAN014,2019-07-13 00:00:00,-999,
NAN014,2019-07-13 01:00:00,0,
NAN014,2019-07-13 02:00:00,0,
NAN014,2019-07-13 03:00:00,0,
NAN014,2019-07-13 04:00:00,0,
NAN014,2019-07-13 05:00:00,0,
NAN014,2019-07-13 06:00:00,0,
NAN014,2019-07-13 07:00:00,0,
NAN014,2019-07-13 08:00:00,0,
NAN014,2019-07-13 09:00:00,0,
NAN014,2019-07-13 10:00:00,0,
NAN014,2019-07-13 11:00:00,0,
NAN014,2019-07-13 12:00:00,0,
NAN014,2019-07-13 13:00:00,0,
NAN014,2019-07-13 14:00:00,0,
NAN014,2019-07-13 15:00:00,0,
NAN014,2019-07-13 16:00:00,0,
NAN014,2019-07-13 17:00:00,0,
NAN014,2019-07-13 18:00:00,0,
NAN014,2019-07-13 19:00:00,0,
NAN014,2019-07-13 20:00:00,0,
NAN014,2019-07-13 21:00:00,0,
NAN014,2019-07-13 22:00:00,0,
NAN014,2019-07-13 23:00:00,0,
NAN014,2019-07-14 00:00:00,-999,
NAN014,2019-07-14 01:00:00,0,
NAN014,2019-07-14 02:00:00,0,
NAN014,2019-07-14 03:00:00,0,
NAN014,2019-07-14 04:00:00,0,
NAN014,2019-07-14 05:00:00,0,
NAN014,2019-07-14 06:00:00,0,
NAN014,2019-07-14 07:00:00,0,
NAN014,2019-07-14 08:00:00,0,
NAN014,2019-07-14 09:00:00,-999,
NAN014,2019-07-14 10:00:00,-999,
NAN014,2019-07-14 11:00:00,0.4,
NAN014,2019-07-14 12:00:00,0,
NAN014,2019-07-14 13:00:00,0,
NAN014,2019-07-14 14:00:00,0,
NAN014,2019-07-14 15:00:00,0,
NAN014,2019-07-14 16:00:00,0,
NAN014,2019-07-14 17:00:00,0,
NAN014,2019-07-14 18:00:00,0,
NAN014,2019-07-14 19:00:00,0,
NAN014,2019-07-14 20:00:00,0,
NAN014,2019-07-14 21:00:00,0,
NAN014,2019-07-14 22:00:00,0,
NAN014,2019-07-14 23:00:00,0,
NAN014,2019-07-15 00:00:00,0,
NAN014,2019-07-15 01:00:00,0,
NAN014,2019-07-15 02:00:00,0,
NAN014,2019-07-15 03:00:00,0,
NAN014,2019-07-15 04:00:00,0,
NAN014,2019-07-15 05:00:00,0,
NAN014,2019-07-15 06:00:00,0,
NAN014,2019-07-15 07:00:00,0,
NAN014,2019-07-15 08:00:00,0,
NAN014,2019-07-15 09:00:00,0,
NAN014,2019-07-15 10:00:00,0,
NAN014,2019-07-15 11:00:00,0,
NAN014,2019-07-15 12:00:00,0,
NAN014,2019-07-15 13:00:00,0,
NAN014,2019-07-15 14:00:00,0,
NAN014,2019-07-15 15:00:00,0,
NAN014,2019-07-15 16:00:00,0,
NAN014,2019-07-15 17:00:00,0,
NAN014,2019-07-15 18:00:00,0,
NAN014,2019-07-15 19:00:00,0,
NAN014,2019-07-15 20:00:00,0.2,
NAN014,2019-07-15 21:00:00,0,
NAN014,2019-07-15 22:00:00,0,
NAN014,2019-07-15 23:00:00,0,
NAN014,2019-07-16 00:00:00,0,
NAN014,2019-07-16 01:00:00,0,
NAN014,2019-07-16 02:00:00,0,
NAN014,2019-07-16 03:00:00,0,
NAN014,2019-07-16 04:00:00,0,
NAN014,2019-07-16 05:00:00,0,
NAN014,2019-07-16 06:00:00,0,
NAN014,2019-07-16 07:00:00,0,
NAN014,2019-07-16 08:00:00,0,
NAN014,2019-07-16 09:00:00,0,
NAN014,2019-07-16 10:00:00,0,
NAN014,2019-07-16 11:00:00,0,
NAN014,2019-07-16 12:00:00,0,
NAN014,2019-07-16 13:00:00,0,
NAN014,2019-07-16 14:00:00,0,
NAN014,2019-07-16 15:00:00,0,
NAN014,2019-07-16 16:00:00,0,
NAN014,2019-07-16 17:00:00,0,
NAN014,2019-07-16 18:00:00,0,
NAN014,2019-07-16 19:00:00,0,
NAN014,2019-07-16 20:00:00,0,
NAN014,2019-07-16 21:00:00,0,
NAN014,2019-07-16 22:00:00,0,
NAN014,2019-07-16 23:00:00,0,
NAN014,2019-07-17 00:00:00,0,
NAN014,2019-07-17 01:00:00,0,
NAN014,2019-07-17 02:00:00,0,
NAN014,2019-07-17 03:00:00,0,
NAN014,2019-07-17 04:00:00,0,
NAN014,2019-07-17 05:00:00,0,
NAN014,2019-07-17 06:00:00,0,
NAN014,2019-07-17 07:00:00,0,
NAN014,2019-07-17 08:00:00,0,
NAN014,2019-07-17 09:00:00,0,
NAN014,2019-07-17 10:00:00,0,
NAN014,2019-07-17 11:00:00,0,
NAN014,2019-07-17 12:00:00,0,
NAN014,2019-07-17 13:00:00,0,
NAN014,2019-07-17 14:00:00,0,
NAN014,2019-07-17 15:00:00,0,
NAN014,2019-07-17 16:00:00,0,
NAN014,2019-07-17 17:00:00,0,
NAN014,2019-07-17 18:00:00,0,
NAN014,2019-07-17 19:00:00,0,
NAN014,2019-07-17 20:00:00,0,
NAN014,2019-07-17 21:00:00,0,
NAN014,2019-07-17 22:00:00,0,
NAN014,2019-07-17 23:00:00,0,
NAN014,2019-07-18 00:00:00,0,
NAN014,2019-07-18 01:00:00,0,
NAN014,2019-07-18 02:00:00,0,
NAN014,2019-07-18 03:00:00,0,
NAN014,2019-07-18 04:00:00,0,
NAN014,2019-07-18 05:00:00,0,
NAN014,2019-07-18 06:00:00,0,
NAN014,2019-07-18 07:00:00,0,
NAN014,2019-07-18 08:00:00,0,
NAN014,2019-07-18 09:00:00,0,
NAN014,2019-07-18 10:00:00,0,
NAN014,2019-07-18 11:00:00,0,
NAN014,2019-07-18 12:00:00,0,
NAN014,2019-07-18 13:00:00,0,
NAN014,2019-07-18 14:00:00,0,
NAN014,2019-07-18 15:00:00,0,
NAN014,2019-07-18 16:00:00,0,
NAN014,2019-07-18 17:00:00,0,
NAN014,2019-07-18 18:00:00,0,
NAN014,2019-07-18 19:00:00,0,
NAN014,2019-07-18 20:00:00,0,
NAN014,2019-07-18 21:00:00,0,
NAN014,2019-07-18 22:00:00,0,
NAN014,2019-07-18 23:00:00,0,
NAN014,2019-07-19 00:00:00,0,
NAN014,2019-07-19 01:00:00,0,
NAN014,2019-07-19 02:00:00,0,
NAN014,2019-07-19 03:00:00,0,
NAN014,2019-07-19 04:00:00,0,
NAN014,2019-07-19 05:00:00,0,
NAN014,2019-07-19 06:00:00,0,
NAN014,2019-07-19 07:00:00,0,
NAN014,2019-07-19 08:00:00,0,
NAN014,2019-07-19 09:00:00,0,
NAN014,2019-07-19 10:00:00,0,
NAN014,2019-07-19 11:00:00,0,
NAN014,2019-07-19 12:00:00,0,
NAN014,2019-07-19 13:00:00,0,
NAN014,2019-07-19 14:00:00,0,
NAN014,2019-07-19 15:00:00,0,
NAN014,2019-07-19 16:00:00,0,
NAN014,2019-07-19 17:00:00,0,
NAN014,2019-07-19 18:00:00,0,
NAN014,2019-07-19 19:00:00,0,
NAN014,2019-07-19 20:00:00,0,
NAN014,2019-07-19 21:00:00,0,
NAN014,2019-07-19 22:00:00,0,
NAN014,2019-07-19 23:00:00,0,
NAN014,2019-07-20 00:00:00,0,
NAN014,2019-07-20 01:00:00,0,
NAN014,2019-07-20 02:00:00,0,
NAN014,2019-07-20 03:00:00,0,
NAN014,2019-07-20 04:00:00,0,
NAN014,2019-07-20 05:00:00,0,
NAN014,2019-07-20 06:00:00,0,
NAN014,2019-07-20 07:00:00,0,
NAN014,2019-07-20 08:00:00,0,
NAN014,2019-07-20 09:00:00,0,
NAN014,2019-07-20 10:00:00,0,
NAN014,2019-07-20 11:00:00,0,
NAN014,2019-07-20 12:00:00,0,
NAN014,2019-07-20 13:00:00,0,
NAN014,2019-07-20 14:00:00,0,
NAN014,2019-07-20 15:00:00,0,
NAN014,2019-07-20 16:00:00,0,
NAN014,2019-07-20 17:00:00,0,
NAN014,2019-07-20 18:00:00,0,
NAN014,2019-07-20 19:00:00,0,
NAN014,2019-07-20 20:00:00,0,
NAN014,2019-07-20 21:00:00,0,
NAN014,2019-07-20 22:00:00,0,
NAN014,2019-07-20 23:00:00,0,
NAN014,2019-07-21 00:00:00,0,
NAN014,2019-07-21 01:00:00,0,
NAN014,2019-07-21 02:00:00,0,
NAN014,2019-07-21 03:00:00,0,
NAN014,2019-07-21 04:00:00,0,
NAN014,2019-07-21 05:00:00,0,
NAN014,2019-07-21 06:00:00,0,
NAN014,2019-07-21 07:00:00,0,
NAN014,2019-07-21 08:00:00,0,
NAN014,2019-07-21 09:00:00,0,
NAN014,2019-07-21 10:00:00,0,
NAN014,2019-07-21 11:00:00,0,
NAN014,2019-07-21 12:00:00,0,
NAN014,2019-07-21 13:00:00,0,
NAN014,2019-07-21 14:00:00,0,
NAN014,2019-07-21 15:00:00,0,
NAN014,2019-07-21 16:00:00,0,
NAN014,2019-07-21 17:00:00,0,
NAN014,2019-07-21 18:00:00,0,
NAN014,2019-07-21 19:00:00,0,
NAN014,2019-07-21 20:00:00,0,
NAN014,2019-07-21 21:00:00,0,
NAN014,2019-07-21 22:00:00,0,
NAN014,2019-07-21 23:00:00,0,
NAN014,2019-07-22 00:00:00,0,
NAN014,2019-07-22 01:00:00,0,
NAN014,2019-07-22 02:00:00,0,
NAN014,2019-07-22 03:00:00,0,
NAN014,2019-07-22 04:00:00,0,
NAN014,2019-07-22 05:00:00,0,
NAN014,2019-07-22 06:00:00,0,
NAN014,2019-07-22 07:00:00,0,
NAN014,2019-07-22 08:00:00,0,
NAN014,2019-07-22 09:00:00,0,
NAN014,2019-07-22 10:00:00,0,
NAN014,2019-07-22 11:00:00,0,
NAN014,2019-07-22 12:00:00,0,
NAN014,2019-07-22 13:00:00,0,
NAN014,2019-07-22 14:00:00,0,
NAN014,2019-07-22 15:00:00,0,
NAN014,2019-07-22 16:00:00,0,
NAN014,2019-07-22 17:00:00,0,
NAN014,2019-07-22 18:00:00,0,
NAN014,2019-07-22 19:00:00,0,
NAN014,2019-07-22 20:00:00,0,
NAN014,2019-07-22 21:00:00,0,
NAN014,2019-07-22 22:00:00,0,
NAN014,2019-07-22 23:00:00,0,
NAN014,2019-07-23 00:00:00,0,
NAN014,2019-07-23 01:00:00,0,
NAN014,2019-07-23 02:00:00,0,
NAN014,2019-07-23 03:00:00,0,
NAN014,2019-07-23 04:00:00,0,
NAN014,2019-07-23 05:00:00,0,
NAN014,2019-07-23 06:00:00,0,
NAN014,2019-07-23 07:00:00,0,
NAN014,2019-07-23 08:00:00,0,
NAN014,2019-07-23 09:00:00,0,
NAN014,2019-07-23 10:00:00,0,
NAN014,2019-07-23 11:00:00,0,
NAN014,2019-07-23 12:00:00,0,
NAN014,2019-07-23 13:00:00,0,
NAN014,2019-07-23 14:00:00,0,
NAN014,2019-07-23 15:00:00,0,
NAN014,2019-07-23 16:00:00,0,
NAN014,2019-07-23 17:00:00,0,
NAN014,2019-07-23 18:00:00,0,
NAN014,2019-07-23 19:00:00,0,
NAN014,2019-07-23 20:00:00,0,
NAN014,2019-07-23 21:00:00,0,
NAN014,2019-07-23 22:00:00,0,
NAN014,2019-07-23 23:00:00,0,
NAN014,2019-07-24 00:00:00,0,
NAN014,2019-07-24 01:00:00,0,
NAN014,2019-07-24 02:00:00,0,
NAN014,2019-07-24 03:00:00,0,
NAN014,2019-07-24 04:00:00,0,
NAN014,2019-07-24 05:00:00,0,
NAN014,2019-07-24 06:00:00,0,
NAN014,2019-07-24 07:00:00,0,
NAN014,2019-07-24 08:00:00,0,
NAN014,2019-07-24 09:00:00,0,
NAN014,2019-07-24 10:00:00,0,
NAN014,2019-07-24 11:00:00,0,
NAN014,2019-07-24 12:00:00,0,
NAN014,2019-07-24 13:00:00,0,
NAN014,2019-07-24 14:00:00,1.4,
NAN014,2019-07-24 15:00:00,0,
NAN014,2019-07-24 16:00:00,0,
NAN014,2019-07-24 17:00:00,0,
NAN014,2019-07-24 18:00:00,0,
NAN014,2019-07-24 19:00:00,0,
NAN014,2019-07-24 20:00:00,0,
NAN014,2019-07-24 21:00:00,0,
NAN014,2019-07-24 22:00:00,0,
NAN014,2019-07-24 23:00:00,0,
NAN014,2019-07-25 00:00:00,0,
NAN014,2019-07-25 01:00:00,0,
NAN014,2019-07-25 02:00:00,0,
NAN014,2019-07-25 03:00:00,0.2,
NAN014,2019-07-25 04:00:00,0,
NAN014,2019-07-25 05:00:00,0,
NAN014,2019-07-25 06:00:00,0,
NAN014,2019-07-25 07:00:00,0,
NAN014,2019-07-25 08:00:00,0,
NAN014,2019-07-25 09:00:00,0,
NAN014,2019-07-25 10:00:00,0,
NAN014,2019-07-25 11:00:00,0,
NAN014,2019-07-25 12:00:00,0,
NAN014,2019-07-25 13:00:00,0,
NAN014,2019-07-25 14:00:00,0,
NAN014,2019-07-25 15:00:00,6.6,
NAN014,2019-07-25 16:00:00,0.2,
NAN014,2019-07-25 17:00:00,0,
NAN014,2019-07-25 18:00:00,0,
NAN014,2019-07-25 19:00:00,0,
NAN014,2019-07-25 20:00:00,0,
NAN014,2019-07-25 21:00:00,0,
NAN014,2019-07-25 22:00:00,0,
NAN014,2019-07-25 23:00:00,0,
NAN014,2019-07-26 00:00:00,0,
NAN014,2019-07-26 01:00:00,0,
NAN014,2019-07-26 02:00:00,0,
NAN014,2019-07-26 03:00:00,0,
NAN014,2019-07-26 04:00:00,0,
NAN014,2019-07-26 05:00:00,0,
NAN014,2019-07-26 06:00:00,0,
NAN014,2019-07-26 07:00:00,0,
NAN014,2019-07-26 08:00:00,0,
NAN014,2019-07-26 09:00:00,0,
NAN014,2019-07-26 10:00:00,0,
NAN014,2019-07-26 11:00:00,0,
NAN014,2019-07-26 12:00:00,0,
NAN014,2019-07-26 13:00:00,0,
NAN014,2019-07-26 14:00:00,0,
NAN014,2019-07-26 15:00:00,0,
NAN014,2019-07-26 16:00:00,0,
NAN014,2019-07-26 17:00:00,0,
NAN014,2019-07-26 18:00:00,0,
NAN014,2019-07-26 19:00:00,0,
NAN014,2019-07-26 20:00:00,0,
NAN014,2019-07-26 21:00:00,0,
NAN014,2019-07-26 22:00:00,0,
NAN014,2019-07-26 23:00:00,0,
NAN014,2019-07-27 00:00:00,0,
NAN014,2019-07-27 01:00:00,0,
NAN014,2019-07-27 02:00:00,0,
NAN014,2019-07-27 03:00:00,0,
NAN014,2019-07-27 04:00:00,0,
NAN014,2019-07-27 05:00:00,0,
NAN014,2019-07-27 06:00:00,0,
NAN014,2019-07-27 07:00:00,0,
NAN014,2019-07-27 08:00:00,0,
NAN014,2019-07-27 09:00:00,0,
NAN014,2019-07-27 10:00:00,0,
NAN014,2019-07-27 11:00:00,0,
NAN014,2019-07-27 12:00:00,0,
NAN014,2019-07-27 13:00:00,0.4,
NAN014,2019-07-27 14:00:00,0,
NAN014,2019-07-27 15:00:00,0,
NAN014,2019-07-27 16:00:00,0,
NAN014,2019-07-27 17:00:00,0,
NAN014,2019-07-27 18:00:00,0,
NAN014,2019-07-27 19:00:00,0,
NAN014,2019-07-27 20:00:00,0,
NAN014,2019-07-27 21:00:00,0,
NAN014,2019-07-27 22:00:00,0,
NAN014,2019-07-27 23:00:00,0,
NAN014,2019-07-28 00:00:00,0,
NAN014,2019-07-28 01:00:00,0,
NAN014,2019-07-28 02:00:00,0,
NAN014,2019-07-28 03:00:00,0,
NAN014,2019-07-28 04:00:00,0,
NAN014,2019-07-28 05:00:00,0,
NAN014,2019-07-28 06:00:00,0,
NAN014,2019-07-28 07:00:00,0,
NAN014,2019-07-28 08:00:00,0,
NAN014,2019-07-28 09:00:00,0,
NAN014,2019-07-28 10:00:00,0,
NAN014,2019-07-28 11:00:00,0,
NAN014,2019-07-28 12:00:00,0,
NAN014,2019-07-28 13:00:00,0,
NAN014,2019-07-28 14:00:00,0,
NAN014,2019-07-28 15:00:00,0,
NAN014,2019-07-28 16:00:00,0,
NAN014,2019-07-28 17:00:00,0,
NAN014,2019-07-28 18:00:00,0,
NAN014,2019-07-28 19:00:00,0,
NAN014,2019-07-28 20:00:00,0,
NAN014,2019-07-28 21:00:00,0,
NAN014,2019-07-28 22:00:00,0,
NAN014,2019-07-28 23:00:00,0,
NAN014,2019-07-29 00:00:00,0,
NAN014,2019-07-29 01:00:00,0,
NAN014,2019-07-29 02:00:00,0,
NAN014,2019-07-29 03:00:00,0,
NAN014,2019-07-29 04:00:00,0,
NAN014,2019-07-29 05:00:00,0,
NAN014,2019-07-29 06:00:00,0,
NAN014,2019-07-29 07:00:00,0,
NAN014,2019-07-29 08:00:00,0,
NAN014,2019-07-29 09:00:00,0,
NAN014,2019-07-29 10:00:00,0,
NAN014,2019-07-29 11:00:00,0,
NAN014,2019-07-29 12:00:00,0,
NAN014,2019-07-29 13:00:00,0,
NAN014,2019-07-29 14:00:00,0,
NAN014,2019-07-29 15:00:00,0,
NAN014,2019-07-29 16:00:00,0,
NAN014,2019-07-29 17:00:00,0,
NAN014,2019-07-29 18:00:00,0,
NAN014,2019-07-29 19:00:00,0,
NAN014,2019-07-29 20:00:00,0,
NAN014,2019-07-29 21:00:00,0,
NAN014,2019-07-29 22:00:00,0,
NAN014,2019-07-29 23:00:00,0,
NAN014,2019-07-30 00:00:00,0,
NAN014,2019-07-30 01:00:00,0,
NAN014,2019-07-30 02:00:00,0,
NAN014,2019-07-30 03:00:00,0,
NAN014,2019-07-30 04:00:00,0,
NAN014,2019-07-30 05:00:00,0,
NAN014,2019-07-30 06:00:00,0,
NAN014,2019-07-30 07:00:00,0,
NAN014,2019-07-30 08:00:00,0,
NAN014,2019-07-30 09:00:00,0,
NAN014,2019-07-30 10:00:00,0,
NAN014,2019-07-30 11:00:00,0,
NAN014,2019-07-30 12:00:00,0,
NAN014,2019-07-30 13:00:00,0,
NAN014,2019-07-30 14:00:00,0,
NAN014,2019-07-30 15:00:00,0,
NAN014,2019-07-30 16:00:00,0,
NAN014,2019-07-30 17:00:00,0,
NAN014,2019-07-30 18:00:00,0,
NAN014,2019-07-30 19:00:00,0,
NAN014,2019-07-30 20:00:00,0,
NAN014,2019-07-30 21:00:00,0,
NAN014,2019-07-30 22:00:00,0,
NAN014,2019-07-30 23:00:00,0,
NAN014,2019-07-31 00:00:00,0,
NAN014,2019-07-31 01:00:00,0.6,
NAN014,2019-07-31 02:00:00,2,
NAN014,2019-07-31 03:00:00,0.2,
NAN014,2019-07-31 04:00:00,0.8,
NAN014,2019-07-31 05:00:00,0.2,
NAN014,2019-07-31 06:00:00,0.6,
NAN014,2019-07-31 07:00:00,0,
NAN014,2019-07-31 08:00:00,0,
NAN014,2019-07-31 09:00:00,0,
NAN014,2019-07-31 10:00:00,0,
NAN014,2019-07-31 11:00:00,0,
NAN014,2019-07-31 12:00:00,0,
NAN014,2019-07-31 13:00:00,0,
NAN014,2019-07-31 14:00:00,0,
NAN014,2019-07-31 15:00:00,0,
NAN014,2019-07-31 16:00:00,0,
NAN014,2019-07-31 17:00:00,0,
NAN014,2019-07-31 18:00:00,0,
NAN014,2019-07-31 19:00:00,0,
NAN014,2019-07-31 20:00:00,0,
NAN014,2019-07-31 21:00:00,0,
NAN014,2019-07-31 22:00:00,0,
NAN014,2019-07-31 23:00:00,0.4,
VLGE19,2019-07-01 00:00:00,0,
VLGE19,2019-07-01 01:00:00,0.4,
VLGE19,2019-07-01 02:00:00,0.2,
VLGE19,2019-07-01 03:00:00,1.2,
VLGE19,2019-07-01 04:00:00,1.8,
VLGE19,2019-07-01 05:00:00,0.6,
VLGE19,2019-07-01 06:00:00,1,
VLGE19,2019-07-01 07:00:00,0,
VLGE19,2019-07-01 08:00:00,0,
VLGE19,2019-07-01 09:00:00,0,
VLGE19,2019-07-01 10:00:00,0,
VLGE19,2019-07-01 11:00:00,0,
VLGE19,2019-07-01 12:00:00,0,
VLGE19,2019-07-01 13:00:00,0.2,
VLGE19,2019-07-01 14:00:00,0,
VLGE19,2019-07-01 15:00:00,0,
VLGE19,2019-07-01 16:00:00,0,
VLGE19,2019-07-01 17:00:00,0,
VLGE19,2019-07-01 18:00:00,0,
VLGE19,2019-07-01 19:00:00,0,
VLGE19,2019-07-01 20:00:00,2,
VLGE19,2019-07-01 21:00:00,0,
VLGE19,2019-07-01 22:00:00,0,
VLGE19,2019-07-01 23:00:00,0.6,
VLGE19,2019-07-02 00:00:00,0.8,
VLGE19,2019-07-02 01:00:00,0.2,
VLGE19,2019-07-02 02:00:00,0.8,
VLGE19,2019-07-02 03:00:00,0.6,
VLGE19,2019-07-02 04:00:00,0.6,
VLGE19,2019-07-02 05:00:00,0.8,
VLGE19,2019-07-02 06:00:00,0.6,
VLGE19,2019-07-02 07:00:00,0.4,
VLGE19,2019-07-02 08:00:00,0.4,
VLGE19,2019-07-02 09:00:00,0.2,
VLGE19,2019-07-02 10:00:00,0,
VLGE19,2019-07-02 11:00:00,0,
VLGE19,2019-07-02 12:00:00,0.4,
VLGE19,2019-07-02 13:00:00,0.6,
VLGE19,2019-07-02 14:00:00,0.6,
VLGE19,2019-07-02 15:00:00,0.2,
VLGE19,2019-07-02 16:00:00,0.4,
VLGE19,2019-07-02 17:00:00,0.2,
VLGE19,2019-07-02 18:00:00,0.2,
VLGE19,2019-07-02 19:00:00,0.2,
VLGE19,2019-07-02 20:00:00,0.2,
VLGE19,2019-07-02 21:00:00,-999,
VLGE19,2019-07-02 22:00:00,0.2,
VLGE19,2019-07-02 23:00:00,0,
VLGE19,2019-07-03 00:00:00,0,
VLGE19,2019-07-03 01:00:00,0.2,
VLGE19,2019-07-03 02:00:00,0,
VLGE19,2019-07-03 03:00:00,0.2,
VLGE19,2019-07-03 04:00:00,0,
VLGE19,2019-07-03 05:00:00,-999,
VLGE19,2019-07-03 06:00:00,-999,
VLGE19,2019-07-03 07:00:00,0,
VLGE19,2019-07-03 08:00:00,0.2,
VLGE19,2019-07-03 09:00:00,0,
VLGE19,2019-07-03 10:00:00,0,
VLGE19,2019-07-03 11:00:00,0.2,
VLGE19,2019-07-03 12:00:00,0,
VLGE19,2019-07-03 13:00:00,0.2,
VLGE19,2019-07-03 14:00:00,0,
VLGE19,2019-07-03 15:00:00,0,
VLGE19,2019-07-03 16:00:00,0.2,
VLGE19,2019-07-03 17:00:00,0,
VLGE19,2019-07-03 18:00:00,0,
VLGE19,2019-07-03 19:00:00,0.2,
VLGE19,2019-07-03 20:00:00,0,
VLGE19,2019-07-03 21:00:00,0,
VLGE19,2019-07-03 22:00:00,0,
VLGE19,2019-07-03 23:00:00,0,
VLGE19,2019-07-04 00:00:00,0.2,
VLGE19,2019-07-04 01:00:00,0,
VLGE19,2019-07-04 02:00:00,0,
VLGE19,2019-07-04 03:00:00,0.2,
VLGE19,2019-07-04 04:00:00,0,
VLGE19,2019-07-04 05:00:00,0.2,
VLGE19,2019-07-04 06:00:00,0,
VLGE19,2019-07-04 07:00:00,0.2,
VLGE19,2019-07-04 08:00:00,0.2,
VLGE19,2019-07-04 09:00:00,0.2,
VLGE19,2019-07-04 10:00:00,0.2,
VLGE19,2019-07-04 11:00:00,0.4,
VLGE19,2019-07-04 12:00:00,0.2,
VLGE19,2019-07-04 13:00:00,0.2,
VLGE19,2019-07-04 14:00:00,0.2,
VLGE19,2019-07-04 15:00:00,0.2,
VLGE19,2019-07-04 16:00:00,0.2,
VLGE19,2019-07-04 17:00:00,0,
VLGE19,2019-07-04 18:00:00,0.2,
VLGE19,2019-07-04 19:00:00,0.2,
VLGE19,2019-07-04 20:00:00,0,
VLGE19,2019-07-04 21:00:00,0.2,
VLGE19,2019-07-04 22:00:00,0.2,
VLGE19,2019-07-04 23:00:00,0.2,
VLGE19,2019-07-05 00:00:00,-999,
VLGE19,2019-07-05 01:00:00,-999,
VLGE19,2019-07-05 02:00:00,-999,
VLGE19,2019-07-05 03:00:00,-999,
VLGE19,2019-07-05 04:00:00,-999,
VLGE19,2019-07-05 05:00:00,-999,
VLGE19,2019-07-05 06:00:00,0.2,
VLGE19,2019-07-05 07:00:00,0.4,
VLGE19,2019-07-05 08:00:00,0.2,
VLGE19,2019-07-05 09:00:00,0.4,
VLGE19,2019-07-05 10:00:00,0.2,
VLGE19,2019-07-05 11:00:00,-999,
VLGE19,2019-07-05 12:00:00,-999,
VLGE19,2019-07-05 13:00:00,-999,
VLGE19,2019-07-05 14:00:00,-999,
VLGE19,2019-07-05 15:00:00,-999,
VLGE19,2019-07-05 16:00:00,0.2,
VLGE19,2019-07-05 17:00:00,-999,
VLGE19,2019-07-05 18:00:00,0.2,
VLGE19,2019-07-05 19:00:00,0.2,
VLGE19,2019-07-05 20:00:00,0.2,
VLGE19,2019-07-05 21:00:00,0,
VLGE19,2019-07-05 22:00:00,0.2,
VLGE19,2019-07-05 23:00:00,0.2,
VLGE19,2019-07-06 00:00:00,0,
VLGE19,2019-07-06 01:00:00,0.2,
VLGE19,2019-07-06 02:00:00,0,
VLGE19,2019-07-06 03:00:00,0.2,
VLGE19,2019-07-06 04:00:00,0,
VLGE19,2019-07-06 05:00:00,0,
VLGE19,2019-07-06 06:00:00,0.2,
VLGE19,2019-07-06 07:00:00,0,
VLGE19,2019-07-06 08:00:00,0.2,
VLGE19,2019-07-06 09:00:00,0,
VLGE19,2019-07-06 10:00:00,0,
VLGE19,2019-07-06 11:00:00,0.2,
VLGE19,2019-07-06 12:00:00,0,
VLGE19,2019-07-06 13:00:00,1,
VLGE19,2019-07-06 14:00:00,0,
VLGE19,2019-07-06 15:00:00,0.2,
VLGE19,2019-07-06 16:00:00,0,
VLGE19,2019-07-06 17:00:00,0.2,
VLGE19,2019-07-06 18:00:00,0.2,
VLGE19,2019-07-06 19:00:00,0,
VLGE19,2019-07-06 20:00:00,0.2,
VLGE19,2019-07-06 21:00:00,-999,
VLGE19,2019-07-06 22:00:00,0,
VLGE19,2019-07-06 23:00:00,0.2,
VLGE19,2019-07-07 00:00:00,0,
VLGE19,2019-07-07 01:00:00,0.2,
VLGE19,2019-07-07 02:00:00,0,
VLGE19,2019-07-07 03:00:00,0.2,
VLGE19,2019-07-07 04:00:00,0,
VLGE19,2019-07-07 05:00:00,0,
VLGE19,2019-07-07 06:00:00,0.2,
VLGE19,2019-07-07 07:00:00,0,
VLGE19,2019-07-07 08:00:00,0.2,
VLGE19,2019-07-07 09:00:00,0,
VLGE19,2019-07-07 10:00:00,0,
VLGE19,2019-07-07 11:00:00,0.2,
VLGE19,2019-07-07 12:00:00,0.2,
VLGE19,2019-07-07 13:00:00,0,
VLGE19,2019-07-07 14:00:00,0.2,
VLGE19,2019-07-07 15:00:00,0,
VLGE19,2019-07-07 16:00:00,0.2,
VLGE19,2019-07-07 17:00:00,0,
VLGE19,2019-07-07 18:00:00,0.2,
VLGE19,2019-07-07 19:00:00,0,
VLGE19,2019-07-07 20:00:00,0.2,
VLGE19,2019-07-07 21:00:00,0,
VLGE19,2019-07-07 22:00:00,0.2,
VLGE19,2019-07-07 23:00:00,0.2,
VLGE19,2019-07-08 00:00:00,0,
VLGE19,2019-07-08 01:00:00,0.2,
VLGE19,2019-07-08 02:00:00,0.2,
VLGE19,2019-07-08 03:00:00,0.2,
VLGE19,2019-07-08 04:00:00,0.2,
VLGE19,2019-07-08 05:00:00,0.2,
VLGE19,2019-07-08 06:00:00,0,
VLGE19,2019-07-08 07:00:00,0.2,
VLGE19,2019-07-08 08:00:00,0.2,
VLGE19,2019-07-08 09:00:00,0.2,
VLGE19,2019-07-08 10:00:00,0,
VLGE19,2019-07-08 11:00:00,0.2,
VLGE19,2019-07-08 12:00:00,0.2,
VLGE19,2019-07-08 13:00:00,0.2,
VLGE19,2019-07-08 14:00:00,-999,
VLGE19,2019-07-08 15:00:00,0,
VLGE19,2019-07-08 16:00:00,0.2,
VLGE19,2019-07-08 17:00:00,0.2,
VLGE19,2019-07-08 18:00:00,0,
VLGE19,2019-07-08 19:00:00,0.2,
VLGE19,2019-07-08 20:00:00,0,
VLGE19,2019-07-08 21:00:00,-999,
VLGE19,2019-07-08 22:00:00,0,
VLGE19,2019-07-08 23:00:00,0,
VLGE19,2019-07-09 00:00:00,0,
VLGE19,2019-07-09 01:00:00,0.2,
VLGE19,2019-07-09 02:00:00,0,
VLGE19,2019-07-09 03:00:00,0,
VLGE19,2019-07-09 04:00:00,0.2,
VLGE19,2019-07-09 05:00:00,0,
VLGE19,2019-07-09 06:00:00,0,
VLGE19,2019-07-09 07:00:00,0,
VLGE19,2019-07-09 08:00:00,0.2,
VLGE19,2019-07-09 09:00:00,0,
VLGE19,2019-07-09 10:00:00,0.2,
VLGE19,2019-07-09 11:00:00,0,
VLGE19,2019-07-09 12:00:00,0,
VLGE19,2019-07-09 13:00:00,0.2,
VLGE19,2019-07-09 14:00:00,0,
VLGE19,2019-07-09 15:00:00,0,
VLGE19,2019-07-09 16:00:00,0.2,
VLGE19,2019-07-09 17:00:00,0,
VLGE19,2019-07-09 18:00:00,0,
VLGE19,2019-07-09 19:00:00,0,
VLGE19,2019-07-09 20:00:00,0.2,
VLGE19,2019-07-09 21:00:00,0,
VLGE19,2019-07-09 22:00:00,0,
VLGE19,2019-07-09 23:00:00,0,
VLGE19,2019-07-10 00:00:00,0.2,
VLGE19,2019-07-10 01:00:00,0,
VLGE19,2019-07-10 02:00:00,0,
VLGE19,2019-07-10 03:00:00,0,
VLGE19,2019-07-10 04:00:00,0,
VLGE19,2019-07-10 05:00:00,0.2,
VLGE19,2019-07-10 06:00:00,0,
VLGE19,2019-07-10 07:00:00,0,
VLGE19,2019-07-10 08:00:00,0,
VLGE19,2019-07-10 09:00:00,0.2,
VLGE19,2019-07-10 10:00:00,0,
VLGE19,2019-07-10 11:00:00,0,
VLGE19,2019-07-10 12:00:00,0,
VLGE19,2019-07-10 13:00:00,0,
VLGE19,2019-07-10 14:00:00,0.2,
VLGE19,2019-07-10 15:00:00,0,
VLGE19,2019-07-10 16:00:00,0,
VLGE19,2019-07-10 17:00:00,0,
VLGE19,2019-07-10 18:00:00,0,
VLGE19,2019-07-10 19:00:00,0.2,
VLGE19,2019-07-10 20:00:00,0,
VLGE19,2019-07-10 21:00:00,0,
VLGE19,2019-07-10 22:00:00,0,
VLGE19,2019-07-10 23:00:00,0,
VLGE19,2019-07-11 00:00:00,0,
VLGE19,2019-07-11 01:00:00,0,
VLGE19,2019-07-11 02:00:00,0,
VLGE19,2019-07-11 03:00:00,0,
VLGE19,2019-07-11 04:00:00,0.2,
VLGE19,2019-07-11 05:00:00,0,
VLGE19,2019-07-11 06:00:00,0,
VLGE19,2019-07-11 07:00:00,0,
VLGE19,2019-07-11 08:00:00,0,
VLGE19,2019-07-11 09:00:00,0,
VLGE19,2019-07-11 10:00:00,0,
VLGE19,2019-07-11 11:00:00,0.2,
VLGE19,2019-07-11 12:00:00,0,
VLGE19,2019-07-11 13:00:00,0,
VLGE19,2019-07-11 14:00:00,0,
VLGE19,2019-07-11 15:00:00,0,
VLGE19,2019-07-11 16:00:00,0,
VLGE19,2019-07-11 17:00:00,0,
VLGE19,2019-07-11 18:00:00,0,
VLGE19,2019-07-11 19:00:00,0.2,
VLGE19,2019-07-11 20:00:00,0,
VLGE19,2019-07-11 21:00:00,0,
VLGE19,2019-07-11 22:00:00,0,
VLGE19,2019-07-11 23:00:00,0,
VLGE19,2019-07-12 00:00:00,0,
VLGE19,2019-07-12 01:00:00,0,
VLGE19,2019-07-12 02:00:00,0,
VLGE19,2019-07-12 03:00:00,0,
VLGE19,2019-07-12 04:00:00,0,
VLGE19,2019-07-12 05:00:00,0,
VLGE19,2019-07-12 06:00:00,0,
VLGE19,2019-07-12 07:00:00,0,
VLGE19,2019-07-12 08:00:00,0,
VLGE19,2019-07-12 09:00:00,0.2,
VLGE19,2019-07-12 10:00:00,0,
VLGE19,2019-07-12 11:00:00,0,
VLGE19,2019-07-12 12:00:00,0,
VLGE19,2019-07-12 13:00:00,0,
VLGE19,2019-07-12 14:00:00,0,
VLGE19,2019-07-12 15:00:00,0,
VLGE19,2019-07-12 16:00:00,0.2,
VLGE19,2019-07-12 17:00:00,0,
VLGE19,2019-07-12 18:00:00,0,
VLGE19,2019-07-12 19:00:00,0,
VLGE19,2019-07-12 20:00:00,0.2,
VLGE19,2019-07-12 21:00:00,0.2,
VLGE19,2019-07-12 22:00:00,0.2,
VLGE19,2019-07-12 23:00:00,0.2,
VLGE19,2019-07-13 00:00:00,0,
VLGE19,2019-07-13 01:00:00,0.2,
VLGE19,2019-07-13 02:00:00,0,
VLGE19,2019-07-13 03:00:00,0.2,
VLGE19,2019-07-13 04:00:00,1.4,
VLGE19,2019-07-13 05:00:00,3.2,
VLGE19,2019-07-13 06:00:00,2.4,
VLGE19,2019-07-13 07:00:00,0.4,
VLGE19,2019-07-13 08:00:00,0.4,
VLGE19,2019-07-13 09:00:00,0,
VLGE19,2019-07-13 10:00:00,2.4,
VLGE19,2019-07-13 11:00:00,6.2,
VLGE19,2019-07-13 12:00:00,4.2,
VLGE19,2019-07-13 13:00:00,0.2,
VLGE19,2019-07-13 14:00:00,0.2,
VLGE19,2019-07-13 15:00:00,0.8,
VLGE19,2019-07-13 16:00:00,1,
VLGE19,2019-07-13 17:00:00,0.4,
VLGE19,2019-07-13 18:00:00,0,
VLGE19,2019-07-13 19:00:00,0,
VLGE19,2019-07-13 20:00:00,0,
VLGE19,2019-07-13 21:00:00,0,
VLGE19,2019-07-13 22:00:00,0,
VLGE19,2019-07-13 23:00:00,0.8,
VLGE19,2019-07-14 00:00:00,2,
VLGE19,2019-07-14 01:00:00,12.8,
VLGE19,2019-07-14 02:00:00,11.2,
VLGE19,2019-07-14 03:00:00,0.4,
VLGE19,2019-07-14 04:00:00,0,
VLGE19,2019-07-14 05:00:00,0,
VLGE19,2019-07-14 06:00:00,0,
VLGE19,2019-07-14 07:00:00,0,
VLGE19,2019-07-14 08:00:00,0,
VLGE19,2019-07-14 09:00:00,0,
VLGE19,2019-07-14 10:00:00,0,
VLGE19,2019-07-14 11:00:00,0,
VLGE19,2019-07-14 12:00:00,0,
VLGE19,2019-07-14 13:00:00,0,
VLGE19,2019-07-14 14:00:00,0,
VLGE19,2019-07-14 15:00:00,0,
VLGE19,2019-07-14 16:00:00,0,
VLGE19,2019-07-14 17:00:00,0,
VLGE19,2019-07-14 18:00:00,1,
VLGE19,2019-07-14 19:00:00,0.8,
VLGE19,2019-07-14 20:00:00,0.2,
VLGE19,2019-07-14 21:00:00,0,
VLGE19,2019-07-14 22:00:00,0,
VLGE19,2019-07-14 23:00:00,0,
VLGE19,2019-07-15 00:00:00,0,
VLGE19,2019-07-15 01:00:00,0,
VLGE19,2019-07-15 02:00:00,0,
VLGE19,2019-07-15 03:00:00,0.2,
VLGE19,2019-07-15 04:00:00,0,
VLGE19,2019-07-15 05:00:00,0,
VLGE19,2019-07-15 06:00:00,0,
VLGE19,2019-07-15 07:00:00,0.2,
VLGE19,2019-07-15 08:00:00,0,
VLGE19,2019-07-15 09:00:00,0,
VLGE19,2019-07-15 10:00:00,0,
VLGE19,2019-07-15 11:00:00,0,
VLGE19,2019-07-15 12:00:00,0,
VLGE19,2019-07-15 13:00:00,0,
VLGE19,2019-07-15 14:00:00,0,
VLGE19,2019-07-15 15:00:00,0,
VLGE19,2019-07-15 16:00:00,0,
VLGE19,2019-07-15 17:00:00,0,
VLGE19,2019-07-15 18:00:00,0,
VLGE19,2019-07-15 19:00:00,0,
VLGE19,2019-07-15 20:00:00,0,
VLGE19,2019-07-15 21:00:00,0,
VLGE19,2019-07-15 22:00:00,0,
VLGE19,2019-07-15 23:00:00,0,
VLGE19,2019-07-16 00:00:00,0,
VLGE19,2019-07-16 01:00:00,0,
VLGE19,2019-07-16 02:00:00,0,
VLGE19,2019-07-16 03:00:00,0,
VLGE19,2019-07-16 04:00:00,0,
VLGE19,2019-07-16 05:00:00,0,
VLGE19,2019-07-16 06:00:00,0,
VLGE19,2019-07-16 07:00:00,0,
VLGE19,2019-07-16 08:00:00,0,
VLGE19,2019-07-16 09:00:00,0,
VLGE19,2019-07-16 10:00:00,0,
VLGE19,2019-07-16 11:00:00,0,
VLGE19,2019-07-16 12:00:00,0,
VLGE19,2019-07-16 13:00:00,0,
VLGE19,2019-07-16 14:00:00,0,
VLGE19,2019-07-16 15:00:00,0,
VLGE19,2019-07-16 16:00:00,0,
VLGE19,2019-07-16 17:00:00,0,
VLGE19,2019-07-16 18:00:00,0,
VLGE19,2019-07-16 19:00:00,0,
VLGE19,2019-07-16 20:00:00,0,
VLGE19,2019-07-16 21:00:00,0,
VLGE19,2019-07-16 22:00:00,0,
VLGE19,2019-07-16 23:00:00,0,
VLGE19,2019-07-17 00:00:00,0,
VLGE19,2019-07-17 01:00:00,0,
VLGE19,2019-07-17 02:00:00,1.2,
VLGE19,2019-07-17 03:00:00,0,
VLGE19,2019-07-17 04:00:00,0.2,
VLGE19,2019-07-17 05:00:00,0,
VLGE19,2019-07-17 06:00:00,0,
VLGE19,2019-07-17 07:00:00,0,
VLGE19,2019-07-17 08:00:00,0,
VLGE19,2019-07-17 09:00:00,0,
VLGE19,2019-07-17 10:00:00,0,
VLGE19,2019-07-17 11:00:00,0,
VLGE19,2019-07-17 12:00:00,0,
VLGE19,2019-07-17 13:00:00,0,
VLGE19,2019-07-17 14:00:00,0,
VLGE19,2019-07-17 15:00:00,0,
VLGE19,2019-07-17 16:00:00,0,
VLGE19,2019-07-17 17:00:00,0,
VLGE19,2019-07-17 18:00:00,0,
VLGE19,2019-07-17 19:00:00,0,
VLGE19,2019-07-17 20:00:00,-999,
VLGE19,2019-07-17 21:00:00,0,
VLGE19,2019-07-17 22:00:00,0,
VLGE19,2019-07-17 23:00:00,0,
VLGE19,2019-07-18 00:00:00,0,
VLGE19,2019-07-18 01:00:00,0,
VLGE19,2019-07-18 02:00:00,0,
VLGE19,2019-07-18 03:00:00,0,
VLGE19,2019-07-18 04:00:00,0,
VLGE19,2019-07-18 05:00:00,0,
VLGE19,2019-07-18 06:00:00,0,
VLGE19,2019-07-18 07:00:00,0,
VLGE19,2019-07-18 08:00:00,0,
VLGE19,2019-07-18 09:00:00,0,
VLGE19,2019-07-18 10:00:00,0,
VLGE19,2019-07-18 11:00:00,0,
VLGE19,2019-07-18 12:00:00,0,
VLGE19,2019-07-18 13:00:00,0,
VLGE19,2019-07-18 14:00:00,0,
VLGE19,2019-07-18 15:00:00,0.2,
VLGE19,2019-07-18 16:00:00,0,
VLGE19,2019-07-18 17:00:00,0,
VLGE19,2019-07-18 18:00:00,0,
VLGE19,2019-07-18 19:00:00,0,
VLGE19,2019-07-18 20:00:00,0,
VLGE19,2019-07-18 21:00:00,0,
VLGE19,2019-07-18 22:00:00,-999,
VLGE19,2019-07-18 23:00:00,0,
VLGE19,2019-07-19 00:00:00,0,
VLGE19,2019-07-19 01:00:00,0,
VLGE19,2019-07-19 02:00:00,0,
VLGE19,2019-07-19 03:00:00,0,
VLGE19,2019-07-19 04:00:00,0,
VLGE19,2019-07-19 05:00:00,0,
VLGE19,2019-07-19 06:00:00,0,
VLGE19,2019-07-19 07:00:00,0,
VLGE19,2019-07-19 08:00:00,0,
VLGE19,2019-07-19 09:00:00,0,
VLGE19,2019-07-19 10:00:00,0,
VLGE19,2019-07-19 11:00:00,0,
VLGE19,2019-07-19 12:00:00,0,
VLGE19,2019-07-19 13:00:00,0,
VLGE19,2019-07-19 14:00:00,0,
VLGE19,2019-07-19 15:00:00,0,
VLGE19,2019-07-19 16:00:00,0,
VLGE19,2019-07-19 17:00:00,0,
VLGE19,2019-07-19 18:00:00,0,
VLGE19,2019-07-19 19:00:00,0,
VLGE19,2019-07-19 20:00:00,0,
VLGE19,2019-07-19 21:00:00,0,
VLGE19,2019-07-19 22:00:00,0,
VLGE19,2019-07-19 23:00:00,0,
VLGE19,2019-07-20 00:00:00,0,
VLGE19,2019-07-20 01:00:00,0,
VLGE19,2019-07-20 02:00:00,0,
VLGE19,2019-07-20 03:00:00,0,
VLGE19,2019-07-20 04:00:00,0,
VLGE19,2019-07-20 05:00:00,0,
VLGE19,2019-07-20 06:00:00,0,
VLGE19,2019-07-20 07:00:00,0,
VLGE19,2019-07-20 08:00:00,0,
VLGE19,2019-07-20 09:00:00,0,
VLGE19,2019-07-20 10:00:00,0,
VLGE19,2019-07-20 11:00:00,0,
VLGE19,2019-07-20 12:00:00,0,
VLGE19,2019-07-20 13:00:00,0,
VLGE19,2019-07-20 14:00:00,0,
VLGE19,2019-07-20 15:00:00,0,
VLGE19,2019-07-20 16:00:00,0,
VLGE19,2019-07-20 17:00:00,0,
VLGE19,2019-07-20 18:00:00,0,
VLGE19,2019-07-20 19:00:00,0,
VLGE19,2019-07-20 20:00:00,0,
VLGE19,2019-07-20 21:00:00,0,
VLGE19,2019-07-20 22:00:00,0,
VLGE19,2019-07-20 23:00:00,0,
VLGE19,2019-07-21 00:00:00,0,
VLGE19,2019-07-21 01:00:00,0,
VLGE19,2019-07-21 02:00:00,0,
VLGE19,2019-07-21 03:00:00,0,
VLGE19,2019-07-21 04:00:00,0,
VLGE19,2019-07-21 05:00:00,0,
VLGE19,2019-07-21 06:00:00,0,
VLGE19,2019-07-21 07:00:00,0,
VLGE19,2019-07-21 08:00:00,0,
VLGE19,2019-07-21 09:00:00,0,
VLGE19,2019-07-21 10:00:00,-999,
VLGE19,2019-07-21 11:00:00,-999,
VLGE19,2019-07-21 12:00:00,0,
VLGE19,2019-07-21 13:00:00,0,
VLGE19,2019-07-21 14:00:00,0,
VLGE19,2019-07-21 15:00:00,0,
VLGE19,2019-07-21 16:00:00,0,
VLGE19,2019-07-21 17:00:00,0,
VLGE19,2019-07-21 18:00:00,0,
VLGE19,2019-07-21 19:00:00,0,
VLGE19,2019-07-21 20:00:00,0,
VLGE19,2019-07-21 21:00:00,0,
VLGE19,2019-07-21 22:00:00,0,
VLGE19,2019-07-21 23:00:00,1.6,
VLGE19,2019-07-22 00:00:00,0.4,
VLGE19,2019-07-22 01:00:00,0,
VLGE19,2019-07-22 02:00:00,0.2,
VLGE19,2019-07-22 03:00:00,0,
VLGE19,2019-07-22 04:00:00,0,
VLGE19,2019-07-22 05:00:00,0,
VLGE19,2019-07-22 06:00:00,0,
VLGE19,2019-07-22 07:00:00,0,
VLGE19,2019-07-22 08:00:00,0,
VLGE19,2019-07-22 09:00:00,0,
VLGE19,2019-07-22 10:00:00,0,
VLGE19,2019-07-22 11:00:00,0,
VLGE19,2019-07-22 12:00:00,0,
VLGE19,2019-07-22 13:00:00,0,
VLGE19,2019-07-22 14:00:00,0,
VLGE19,2019-07-22 15:00:00,0,
VLGE19,2019-07-22 16:00:00,0,
VLGE19,2019-07-22 17:00:00,0,
VLGE19,2019-07-22 18:00:00,0,
VLGE19,2019-07-22 19:00:00,-999,
VLGE19,2019-07-22 20:00:00,0,
VLGE19,2019-07-22 21:00:00,0,
VLGE19,2019-07-22 22:00:00,0,
VLGE19,2019-07-22 23:00:00,0,
VLGE19,2019-07-23 00:00:00,0,
VLGE19,2019-07-23 01:00:00,0,
VLGE19,2019-07-23 02:00:00,0,
VLGE19,2019-07-23 03:00:00,0,
VLGE19,2019-07-23 04:00:00,0,
VLGE19,2019-07-23 05:00:00,0,
VLGE19,2019-07-23 06:00:00,0,
VLGE19,2019-07-23 07:00:00,0,
VLGE19,2019-07-23 08:00:00,0,
VLGE19,2019-07-23 09:00:00,0,
VLGE19,2019-07-23 10:00:00,0,
VLGE19,2019-07-23 11:00:00,0,
VLGE19,2019-07-23 12:00:00,1.4,
VLGE19,2019-07-23 13:00:00,5,
VLGE19,2019-07-23 14:00:00,3.8,
VLGE19,2019-07-23 15:00:00,0.2,
VLGE19,2019-07-23 16:00:00,0,
VLGE19,2019-07-23 17:00:00,0,
VLGE19,2019-07-23 18:00:00,2.6,
VLGE19,2019-07-23 19:00:00,3.4,
VLGE19,2019-07-23 20:00:00,11.8,
VLGE19,2019-07-23 21:00:00,2.8,
VLGE19,2019-07-23 22:00:00,0,
VLGE19,2019-07-23 23:00:00,0.2,
VLGE19,2019-07-24 00:00:00,0,
VLGE19,2019-07-24 01:00:00,0.2,
VLGE19,2019-07-24 02:00:00,0.4,
VLGE19,2019-07-24 03:00:00,1.4,
VLGE19,2019-07-24 04:00:00,0,
VLGE19,2019-07-24 05:00:00,0.2,
VLGE19,2019-07-24 06:00:00,0.2,
VLGE19,2019-07-24 07:00:00,0.4,
VLGE19,2019-07-24 08:00:00,0,
VLGE19,2019-07-24 09:00:00,0,
VLGE19,2019-07-24 10:00:00,0.2,
VLGE19,2019-07-24 11:00:00,0.2,
VLGE19,2019-07-24 12:00:00,0.2,
VLGE19,2019-07-24 13:00:00,0,
VLGE19,2019-07-24 14:00:00,0.2,
VLGE19,2019-07-24 15:00:00,1,
VLGE19,2019-07-24 16:00:00,0.8,
VLGE19,2019-07-24 17:00:00,0,
VLGE19,2019-07-24 18:00:00,1,
VLGE19,2019-07-24 19:00:00,0.8,
VLGE19,2019-07-24 20:00:00,0.4,
VLGE19,2019-07-24 21:00:00,0,
VLGE19,2019-07-24 22:00:00,0.2,
VLGE19,2019-07-24 23:00:00,0.4,
VLGE19,2019-07-25 00:00:00,1,
VLGE19,2019-07-25 01:00:00,0.4,
VLGE19,2019-07-25 02:00:00,0.2,
VLGE19,2019-07-25 03:00:00,0,
VLGE19,2019-07-25 04:00:00,0.4,
VLGE19,2019-07-25 05:00:00,0.4,
VLGE19,2019-07-25 06:00:00,0.8,
VLGE19,2019-07-25 07:00:00,1,
VLGE19,2019-07-25 08:00:00,0.2,
VLGE19,2019-07-25 09:00:00,0,
VLGE19,2019-07-25 10:00:00,0,
VLGE19,2019-07-25 11:00:00,0,
VLGE19,2019-07-25 12:00:00,0,
VLGE19,2019-07-25 13:00:00,0,
VLGE19,2019-07-25 14:00:00,0,
VLGE19,2019-07-25 15:00:00,0,
VLGE19,2019-07-25 16:00:00,0,
VLGE19,2019-07-25 17:00:00,0,
VLGE19,2019-07-25 18:00:00,0,
VLGE19,2019-07-25 19:00:00,0,
VLGE19,2019-07-25 20:00:00,0,
VLGE19,2019-07-25 21:00:00,1.4,
VLGE19,2019-07-25 22:00:00,13,
VLGE19,2019-07-25 23:00:00,-999,
VLGE19,2019-07-26 00:00:00,-999,
VLGE19,2019-07-26 01:00:00,-999,
VLGE19,2019-07-26 02:00:00,-999,
VLGE19,2019-07-26 03:00:00,-999,
VLGE19,2019-07-26 04:00:00,-999,
VLGE19,2019-07-26 05:00:00,-999,
VLGE19,2019-07-26 06:00:00,-999,
VLGE19,2019-07-26 07:00:00,-999,
VLGE19,2019-07-26 08:00:00,0.4,
VLGE19,2019-07-26 09:00:00,0.6,
VLGE19,2019-07-26 10:00:00,0,
VLGE19,2019-07-26 11:00:00,0,
VLGE19,2019-07-26 12:00:00,0.4,
VLGE19,2019-07-26 13:00:00,0,
VLGE19,2019-07-26 14:00:00,0.2,
VLGE19,2019-07-26 15:00:00,0.6,
VLGE19,2019-07-26 16:00:00,0,
VLGE19,2019-07-26 17:00:00,0,
VLGE19,2019-07-26 18:00:00,0,
VLGE19,2019-07-26 19:00:00,0,
VLGE19,2019-07-26 20:00:00,0,
VLGE19,2019-07-26 21:00:00,0,
VLGE19,2019-07-26 22:00:00,0,
VLGE19,2019-07-26 23:00:00,0,
VLGE19,2019-07-27 00:00:00,0.2,
VLGE19,2019-07-27 01:00:00,0,
VLGE19,2019-07-27 02:00:00,0.8,
VLGE19,2019-07-27 03:00:00,0.6,
VLGE19,2019-07-27 04:00:00,0.4,
VLGE19,2019-07-27 05:00:00,0.2,
VLGE19,2019-07-27 06:00:00,0,
VLGE19,2019-07-27 07:00:00,0,
VLGE19,2019-07-27 08:00:00,0,
VLGE19,2019-07-27 09:00:00,1,
VLGE19,2019-07-27 10:00:00,0.2,
VLGE19,2019-07-27 11:00:00,0,
VLGE19,2019-07-27 12:00:00,0,
VLGE19,2019-07-27 13:00:00,0,
VLGE19,2019-07-27 14:00:00,0,
VLGE19,2019-07-27 15:00:00,0,
VLGE19,2019-07-27 16:00:00,0,
VLGE19,2019-07-27 17:00:00,0,
VLGE19,2019-07-27 18:00:00,0,
VLGE19,2019-07-27 19:00:00,0,
VLGE19,2019-07-27 20:00:00,0,
VLGE19,2019-07-27 21:00:00,0,
VLGE19,2019-07-27 22:00:00,0,
VLGE19,2019-07-27 23:00:00,0,
VLGE19,2019-07-28 00:00:00,0,
VLGE19,2019-07-28 01:00:00,0,
VLGE19,2019-07-28 02:00:00,0,
VLGE19,2019-07-28 03:00:00,0,
VLGE19,2019-07-28 04:00:00,0,
VLGE19,2019-07-28 05:00:00,0,
VLGE19,2019-07-28 06:00:00,0,
VLGE19,2019-07-28 07:00:00,0,
VLGE19,2019-07-28 08:00:00,0,
VLGE19,2019-07-28 09:00:00,0,
VLGE19,2019-07-28 10:00:00,0,
VLGE19,2019-07-28 11:00:00,0,
VLGE19,2019-07-28 12:00:00,0,
VLGE19,2019-07-28 13:00:00,0,
VLGE19,2019-07-28 14:00:00,0,
VLGE19,2019-07-28 15:00:00,0,
VLGE19,2019-07-28 16:00:00,0,
VLGE19,2019-07-28 17:00:00,0,
VLGE19,2019-07-28 18:00:00,0,
VLGE19,2019-07-28 19:00:00,0,
VLGE19,2019-07-28 20:00:00,0,
VLGE19,2019-07-28 21:00:00,0,
VLGE19,2019-07-28 22:00:00,0,
VLGE19,2019-07-28 23:00:00,0,
VLGE19,2019-07-29 00:00:00,0,
VLGE19,2019-07-29 01:00:00,0,
VLGE19,2019-07-29 02:00:00,0,
VLGE19,2019-07-29 03:00:00,0,
VLGE19,2019-07-29 04:00:00,0,
VLGE19,2019-07-29 05:00:00,0,
VLGE19,2019-07-29 06:00:00,0,
VLGE19,2019-07-29 07:00:00,0,
VLGE19,2019-07-29 08:00:00,0,
VLGE19,2019-07-29 09:00:00,0,
VLGE19,2019-07-29 10:00:00,0,
VLGE19,2019-07-29 11:00:00,0,
VLGE19,2019-07-29 12:00:00,0,
VLGE19,2019-07-29 13:00:00,0,
VLGE19,2019-07-29 14:00:00,1.8,
VLGE19,2019-07-29 15:00:00,0,
VLGE19,2019-07-29 16:00:00,0,
VLGE19,2019-07-29 17:00:00,0,
VLGE19,2019-07-29 18:00:00,0,
VLGE19,2019-07-29 19:00:00,0,
VLGE19,2019-07-29 20:00:00,0,
VLGE19,2019-07-29 21:00:00,0,
VLGE19,2019-07-29 22:00:00,0,
VLGE19,2019-07-29 23:00:00,0,
VLGE19,2019-07-30 00:00:00,0,
VLGE19,2019-07-30 01:00:00,5,
VLGE19,2019-07-30 02:00:00,0.8,
VLGE19,2019-07-30 03:00:00,3,
VLGE19,2019-07-30 04:00:00,5.4,
VLGE19,2019-07-30 05:00:00,2.2,
VLGE19,2019-07-30 06:00:00,13,
VLGE19,2019-07-30 07:00:00,28.6,
VLGE19,2019-07-30 08:00:00,4.2,
VLGE19,2019-07-30 09:00:00,32.4,
VLGE19,2019-07-30 10:00:00,9.8,
VLGE19,2019-07-30 11:00:00,1.2,
VLGE19,2019-07-30 12:00:00,0,
VLGE19,2019-07-30 13:00:00,0,
VLGE19,2019-07-30 14:00:00,0.2,
VLGE19,2019-07-30 15:00:00,0,
VLGE19,2019-07-30 16:00:00,0,
VLGE19,2019-07-30 17:00:00,0,
VLGE19,2019-07-30 18:00:00,0,
VLGE19,2019-07-30 19:00:00,0,
VLGE19,2019-07-30 20:00:00,0,
VLGE19,2019-07-30 21:00:00,0.2,
VLGE19,2019-07-30 22:00:00,1.4,
VLGE19,2019-07-30 23:00:00,8.8,
VLGE19,2019-07-31 00:00:00,2.2,
VLGE19,2019-07-31 01:00:00,0.2,
VLGE19,2019-07-31 02:00:00,0,
VLGE19,2019-07-31 03:00:00,0.2,
VLGE19,2019-07-31 04:00:00,20,
VLGE19,2019-07-31 05:00:00,8.2,
VLGE19,2019-07-31 06:00:00,2.6,
VLGE19,2019-07-31 07:00:00,2.6,
VLGE19,2019-07-31 08:00:00,0.4,
VLGE19,2019-07-31 09:00:00,1.2,
VLGE19,2019-07-31 10:00:00,1,
VLGE19,2019-07-31 11:00:00,0.8,
VLGE19,2019-07-31 12:00:00,0,
VLGE19,2019-07-31 13:00:00,0,
VLGE19,2019-07-31 14:00:00,0,
VLGE19,2019-07-31 15:00:00,0,
VLGE19,2019-07-31 16:00:00,0.4,
VLGE19,2019-07-31 17:00:00,3.8,
VLGE19,2019-07-31 18:00:00,0.6,
VLGE19,2019-07-31 19:00:00,0,
VLGE19,2019-07-31 20:00:00,0,
VLGE19,2019-07-31 21:00:00,0.6,
VLGE19,2019-07-31 22:00:00,3.4,
VLGE19,2019-07-31 23:00:00,3.6,
PUAA,2019-07-01 00:00:00,0,
PUAA,2019-07-01 01:00:00,0,
PUAA,2019-07-01 02:00:00,0,
PUAA,2019-07-01 03:00:00,0,
PUAA,2019-07-01 04:00:00,0,
PUAA,2019-07-01 05:00:00,0,
PUAA,2019-07-01 06:00:00,0,
PUAA,2019-07-01 07:00:00,0,
PUAA,2019-07-01 08:00:00,0,
PUAA,2019-07-01 09:00:00,0,
PUAA,2019-07-01 10:00:00,0,
PUAA,2019-07-01 11:00:00,0,
PUAA,2019-07-01 12:00:00,0,
PUAA,2019-07-01 13:00:00,0,
PUAA,2019-07-01 14:00:00,0,
PUAA,2019-07-01 15:00:00,0,
PUAA,2019-07-01 16:00:00,0,
PUAA,2019-07-01 17:00:00,0,
PUAA,2019-07-01 18:00:00,0,
PUAA,2019-07-01 19:00:00,0,
PUAA,2019-07-01 20:00:00,0.2,
PUAA,2019-07-01 21:00:00,0.2,
PUAA,2019-07-01 22:00:00,0,
PUAA,2019-07-01 23:00:00,0,
PUAA,2019-07-02 00:00:00,0,
PUAA,2019-07-02 01:00:00,0,
PUAA,2019-07-02 02:00:00,0.2,
PUAA,2019-07-02 03:00:00,0.4,
PUAA,2019-07-02 04:00:00,0.2,
PUAA,2019-07-02 05:00:00,0.2,
PUAA,2019-07-02 06:00:00,0,
PUAA,2019-07-02 07:00:00,0.2,
PUAA,2019-07-02 08:00:00,0.2,
PUAA,2019-07-02 09:00:00,0,
PUAA,2019-07-02 10:00:00,0.4,
PUAA,2019-07-02 11:00:00,0.2,
PUAA,2019-07-02 12:00:00,0.4,
PUAA,2019-07-02 13:00:00,2.8,
PUAA,2019-07-02 14:00:00,0.6,
PUAA,2019-07-02 15:00:00,0,
PUAA,2019-07-02 16:00:00,0,
PUAA,2019-07-02 17:00:00,0,
PUAA,2019-07-02 18:00:00,0,
PUAA,2019-07-02 19:00:00,0,
PUAA,2019-07-02 20:00:00,0,
PUAA,2019-07-02 21:00:00,0,
PUAA,2019-07-02 22:00:00,0,
PUAA,2019-07-02 23:00:00,0,
PUAA,2019-07-03 00:00:00,0,
PUAA,2019-07-03 01:00:00,0,
PUAA,2019-07-03 02:00:00,0,
PUAA,2019-07-03 03:00:00,0,
PUAA,2019-07-03 04:00:00,0,
PUAA,2019-07-03 05:00:00,0,
PUAA,2019-07-03 06:00:00,0,
PUAA,2019-07-03 07:00:00,0,
PUAA,2019-07-03 08:00:00,0,
PUAA,2019-07-03 09:00:00,0,
PUAA,2019-07-03 10:00:00,0,
PUAA,2019-07-03 11:00:00,0,
PUAA,2019-07-03 12:00:00,0,
PUAA,2019-07-03 13:00:00,0,
PUAA,2019-07-03 14:00:00,0,
PUAA,2019-07-03 15:00:00,0,
PUAA,2019-07-03 16:00:00,0,
PUAA,2019-07-03 17:00:00,0,
PUAA,2019-07-03 18:00:00,0,
PUAA,2019-07-03 19:00:00,0,
PUAA,2019-07-03 20:00:00,0,
PUAA,2019-07-03 21:00:00,0,
PUAA,2019-07-03 22:00:00,0,
PUAA,2019-07-03 23:00:00,0,
PUAA,2019-07-04 00:00:00,0,
PUAA,2019-07-04 01:00:00,0,
PUAA,2019-07-04 02:00:00,0,
PUAA,2019-07-04 03:00:00,0,
PUAA,2019-07-04 04:00:00,0,
PUAA,2019-07-04 05:00:00,0,
PUAA,2019-07-04 06:00:00,0,
PUAA,2019-07-04 07:00:00,0,
PUAA,2019-07-04 08:00:00,0,
PUAA,2019-07-04 09:00:00,0.2,
PUAA,2019-07-04 10:00:00,0,
PUAA,2019-07-04 11:00:00,0,
PUAA,2019-07-04 12:00:00,0,
PUAA,2019-07-04 13:00:00,0,
PUAA,2019-07-04 14:00:00,0,
PUAA,2019-07-04 15:00:00,0,
PUAA,2019-07-04 16:00:00,0,
PUAA,2019-07-04 17:00:00,0,
PUAA,2019-07-04 18:00:00,0,
PUAA,2019-07-04 19:00:00,0,
PUAA,2019-07-04 20:00:00,0,
PUAA,2019-07-04 21:00:00,0,
PUAA,2019-07-04 22:00:00,0,
PUAA,2019-07-04 23:00:00,0,
PUAA,2019-07-05 00:00:00,0,
PUAA,2019-07-05 01:00:00,0,
PUAA,2019-07-05 02:00:00,0,
PUAA,2019-07-05 03:00:00,0,
PUAA,2019-07-05 04:00:00,0,
PUAA,2019-07-05 05:00:00,0,
PUAA,2019-07-05 06:00:00,0,
PUAA,2019-07-05 07:00:00,0,
PUAA,2019-07-05 08:00:00,0,
PUAA,2019-07-05 09:00:00,0,
PUAA,2019-07-05 10:00:00,0,
PUAA,2019-07-05 11:00:00,-999,
PUAA,2019-07-05 12:00:00,0,
PUAA,2019-07-05 13:00:00,0,
PUAA,2019-07-05 14:00:00,0.4,
PUAA,2019-07-05 15:00:00,-999,
PUAA,2019-07-05 16:00:00,0,
PUAA,2019-07-05 17:00:00,-999,
PUAA,2019-07-05 18:00:00,0,
PUAA,2019-07-05 19:00:00,0.2,
PUAA,2019-07-05 20:00:00,4.2,
PUAA,2019-07-05 21:00:00,0,
PUAA,2019-07-05 22:00:00,0,
PUAA,2019-07-05 23:00:00,0,
PUAA,2019-07-06 00:00:00,0,
PUAA,2019-07-06 01:00:00,0,
PUAA,2019-07-06 02:00:00,0,
PUAA,2019-07-06 03:00:00,0,
PUAA,2019-07-06 04:00:00,0,
PUAA,2019-07-06 05:00:00,0,
PUAA,2019-07-06 06:00:00,0,
PUAA,2019-07-06 07:00:00,0,
PUAA,2019-07-06 08:00:00,0,
PUAA,2019-07-06 09:00:00,0,
PUAA,2019-07-06 10:00:00,0,
PUAA,2019-07-06 11:00:00,0,
PUAA,2019-07-06 12:00:00,0,
PUAA,2019-07-06 13:00:00,0,
PUAA,2019-07-06 14:00:00,0,
PUAA,2019-07-06 15:00:00,0,
PUAA,2019-07-06 16:00:00,0,
PUAA,2019-07-06 17:00:00,0,
PUAA,2019-07-06 18:00:00,0,
PUAA,2019-07-06 19:00:00,0,
PUAA,2019-07-06 20:00:00,0,
PUAA,2019-07-06 21:00:00,0,
PUAA,2019-07-06 22:00:00,0,
PUAA,2019-07-06 23:00:00,0,
PUAA,2019-07-07 00:00:00,0,
PUAA,2019-07-07 01:00:00,0,
PUAA,2019-07-07 02:00:00,0,
PUAA,2019-07-07 03:00:00,0,
PUAA,2019-07-07 04:00:00,0,
PUAA,2019-07-07 05:00:00,0,
PUAA,2019-07-07 06:00:00,0,
PUAA,2019-07-07 07:00:00,0,
PUAA,2019-07-07 08:00:00,0,
PUAA,2019-07-07 09:00:00,0,
PUAA,2019-07-07 10:00:00,0,
PUAA,2019-07-07 11:00:00,0,
PUAA,2019-07-07 12:00:00,0,
PUAA,2019-07-07 13:00:00,0,
PUAA,2019-07-07 14:00:00,0,
PUAA,2019-07-07 15:00:00,0,
PUAA,2019-07-07 16:00:00,0,
PUAA,2019-07-07 17:00:00,0,
PUAA,2019-07-07 18:00:00,0.4,
PUAA,2019-07-07 19:00:00,0.2,
PUAA,2019-07-07 20:00:00,0,
PUAA,2019-07-07 21:00:00,0,
PUAA,2019-07-07 22:00:00,0,
PUAA,2019-07-07 23:00:00,0,
PUAA,2019-07-08 00:00:00,0,
PUAA,2019-07-08 01:00:00,0,
PUAA,2019-07-08 02:00:00,0,
PUAA,2019-07-08 03:00:00,0,
PUAA,2019-07-08 04:00:00,0,
PUAA,2019-07-08 05:00:00,0,
PUAA,2019-07-08 06:00:00,0,
PUAA,2019-07-08 07:00:00,0,
PUAA,2019-07-08 08:00:00,0,
PUAA,2019-07-08 09:00:00,0,
PUAA,2019-07-08 10:00:00,0.2,
PUAA,2019-07-08 11:00:00,0,
PUAA,2019-07-08 12:00:00,0,
PUAA,2019-07-08 13:00:00,0,
PUAA,2019-07-08 14:00:00,0,
PUAA,2019-07-08 15:00:00,0,
PUAA,2019-07-08 16:00:00,0,
PUAA,2019-07-08 17:00:00,0,
PUAA,2019-07-08 18:00:00,0,
PUAA,2019-07-08 19:00:00,0,
PUAA,2019-07-08 20:00:00,0,
PUAA,2019-07-08 21:00:00,0.2,
PUAA,2019-07-08 22:00:00,0,
PUAA,2019-07-08 23:00:00,0,
PUAA,2019-07-09 00:00:00,0,
PUAA,2019-07-09 01:00:00,0,
PUAA,2019-07-09 02:00:00,0,
PUAA,2019-07-09 03:00:00,0,
PUAA,2019-07-09 04:00:00,0,
PUAA,2019-07-09 05:00:00,0,
PUAA,2019-07-09 06:00:00,0,
PUAA,2019-07-09 07:00:00,0,
PUAA,2019-07-09 08:00:00,0,
PUAA,2019-07-09 09:00:00,0,
PUAA,2019-07-09 10:00:00,0,
PUAA,2019-07-09 11:00:00,0,
PUAA,2019-07-09 12:00:00,0,
PUAA,2019-07-09 13:00:00,0,
PUAA,2019-07-09 14:00:00,0,
PUAA,2019-07-09 15:00:00,0,
PUAA,2019-07-09 16:00:00,0,
PUAA,2019-07-09 17:00:00,0,
PUAA,2019-07-09 18:00:00,0,
PUAA,2019-07-09 19:00:00,0,
PUAA,2019-07-09 20:00:00,0,
PUAA,2019-07-09 21:00:00,0,
PUAA,2019-07-09 22:00:00,0,
PUAA,2019-07-09 23:00:00,0.4,
PUAA,2019-07-10 00:00:00,0.2,
PUAA,2019-07-10 01:00:00,0,
PUAA,2019-07-10 02:00:00,0,
PUAA,2019-07-10 03:00:00,0,
PUAA,2019-07-10 04:00:00,0,
PUAA,2019-07-10 05:00:00,0,
PUAA,2019-07-10 06:00:00,0,
PUAA,2019-07-10 07:00:00,0,
PUAA,2019-07-10 08:00:00,0,
PUAA,2019-07-10 09:00:00,0,
PUAA,2019-07-10 10:00:00,0,
PUAA,2019-07-10 11:00:00,0,
PUAA,2019-07-10 12:00:00,0,
PUAA,2019-07-10 13:00:00,0,
PUAA,2019-07-10 14:00:00,0,
PUAA,2019-07-10 15:00:00,0,
PUAA,2019-07-10 16:00:00,0,
PUAA,2019-07-10 17:00:00,0,
PUAA,2019-07-10 18:00:00,0,
PUAA,2019-07-10 19:00:00,0,
PUAA,2019-07-10 20:00:00,0,
PUAA,2019-07-10 21:00:00,0,
PUAA,2019-07-10 22:00:00,0,
PUAA,2019-07-10 23:00:00,0,
PUAA,2019-07-11 00:00:00,0,
PUAA,2019-07-11 01:00:00,0,
PUAA,2019-07-11 02:00:00,0,
PUAA,2019-07-11 03:00:00,0,
PUAA,2019-07-11 04:00:00,0,
PUAA,2019-07-11 05:00:00,0,
PUAA,2019-07-11 06:00:00,0,
PUAA,2019-07-11 07:00:00,0,
PUAA,2019-07-11 08:00:00,0,
PUAA,2019-07-11 09:00:00,0,
PUAA,2019-07-11 10:00:00,0,
PUAA,2019-07-11 11:00:00,0,
PUAA,2019-07-11 12:00:00,0,
PUAA,2019-07-11 13:00:00,0,
PUAA,2019-07-11 14:00:00,0,
PUAA,2019-07-11 15:00:00,0,
PUAA,2019-07-11 16:00:00,0,
PUAA,2019-07-11 17:00:00,0.4,
PUAA,2019-07-11 18:00:00,0,
PUAA,2019-07-11 19:00:00,0,
PUAA,2019-07-11 20:00:00,0,
PUAA,2019-07-11 21:00:00,0.2,
PUAA,2019-07-11 22:00:00,0,
PUAA,2019-07-11 23:00:00,0,
PUAA,2019-07-12 00:00:00,0,
PUAA,2019-07-12 01:00:00,0,
PUAA,2019-07-12 02:00:00,0,
PUAA,2019-07-12 03:00:00,0,
PUAA,2019-07-12 04:00:00,0,
PUAA,2019-07-12 05:00:00,0,
PUAA,2019-07-12 06:00:00,0,
PUAA,2019-07-12 07:00:00,0,
PUAA,2019-07-12 08:00:00,0,
PUAA,2019-07-12 09:00:00,0,
PUAA,2019-07-12 10:00:00,0,
PUAA,2019-07-12 11:00:00,0,
PUAA,2019-07-12 12:00:00,0,
PUAA,2019-07-12 13:00:00,0,
PUAA,2019-07-12 14:00:00,0,
PUAA,2019-07-12 15:00:00,0,
PUAA,2019-07-12 16:00:00,0,
PUAA,2019-07-12 17:00:00,0,
PUAA,2019-07-12 18:00:00,0,
PUAA,2019-07-12 19:00:00,0,
PUAA,2019-07-12 20:00:00,0,
PUAA,2019-07-12 21:00:00,0,
PUAA,2019-07-12 22:00:00,0,
PUAA,2019-07-12 23:00:00,0,
PUAA,2019-07-13 00:00:00,0,
PUAA,2019-07-13 01:00:00,0,
PUAA,2019-07-13 02:00:00,0,
PUAA,2019-07-13 03:00:00,0,
PUAA,2019-07-13 04:00:00,0,
PUAA,2019-07-13 05:00:00,0,
PUAA,2019-07-13 06:00:00,0,
PUAA,2019-07-13 07:00:00,0,
PUAA,2019-07-13 08:00:00,0,
PUAA,2019-07-13 09:00:00,0,
PUAA,2019-07-13 10:00:00,0,
PUAA,2019-07-13 11:00:00,0,
PUAA,2019-07-13 12:00:00,0,
PUAA,2019-07-13 13:00:00,0,
PUAA,2019-07-13 14:00:00,0,
PUAA,2019-07-13 15:00:00,0,
PUAA,2019-07-13 16:00:00,0,
PUAA,2019-07-13 17:00:00,0,
PUAA,2019-07-13 18:00:00,0,
PUAA,2019-07-13 19:00:00,0,
PUAA,2019-07-13 20:00:00,0,
PUAA,2019-07-13 21:00:00,0,
PUAA,2019-07-13 22:00:00,0,
PUAA,2019-07-13 23:00:00,0,
PUAA,2019-07-14 00:00:00,0,
PUAA,2019-07-14 01:00:00,0,
PUAA,2019-07-14 02:00:00,0,
PUAA,2019-07-14 03:00:00,0,
PUAA,2019-07-14 04:00:00,0,
PUAA,2019-07-14 05:00:00,0,
PUAA,2019-07-14 06:00:00,0,
PUAA,2019-07-14 07:00:00,0,
PUAA,2019-07-14 08:00:00,0,
PUAA,2019-07-14 09:00:00,0,
PUAA,2019-07-14 10:00:00,0,
PUAA,2019-07-14 11:00:00,0,
PUAA,2019-07-14 12:00:00,0,
PUAA,2019-07-14 13:00:00,0,
PUAA,2019-07-14 14:00:00,0,
PUAA,2019-07-14 15:00:00,0,
PUAA,2019-07-14 16:00:00,0,
PUAA,2019-07-14 17:00:00,0,
PUAA,2019-07-14 18:00:00,0,
PUAA,2019-07-14 19:00:00,0,
PUAA,2019-07-14 20:00:00,0,
PUAA,2019-07-14 21:00:00,0,
PUAA,2019-07-14 22:00:00,0,
PUAA,2019-07-14 23:00:00,0,
PUAA,2019-07-15 00:00:00,0,
PUAA,2019-07-15 01:00:00,0,
PUAA,2019-07-15 02:00:00,0,
PUAA,2019-07-15 03:00:00,0,
PUAA,2019-07-15 04:00:00,0,
PUAA,2019-07-15 05:00:00,0,
PUAA,2019-07-15 06:00:00,0,
PUAA,2019-07-15 07:00:00,0,
PUAA,2019-07-15 08:00:00,0,
PUAA,2019-07-15 09:00:00,0,
PUAA,2019-07-15 10:00:00,0,
PUAA,2019-07-15 11:00:00,0,
PUAA,2019-07-15 12:00:00,0,
PUAA,2019-07-15 13:00:00,0,
PUAA,2019-07-15 14:00:00,0,
PUAA,2019-07-15 15:00:00,0,
PUAA,2019-07-15 16:00:00,0,
PUAA,2019-07-15 17:00:00,0,
PUAA,2019-07-15 18:00:00,0,
PUAA,2019-07-15 19:00:00,0,
PUAA,2019-07-15 20:00:00,0,
PUAA,2019-07-15 21:00:00,0,
PUAA,2019-07-15 22:00:00,0,
PUAA,2019-07-15 23:00:00,0,
PUAA,2019-07-16 00:00:00,0,
PUAA,2019-07-16 01:00:00,0,
PUAA,2019-07-16 02:00:00,0,
PUAA,2019-07-16 03:00:00,0,
PUAA,2019-07-16 04:00:00,0,
PUAA,2019-07-16 05:00:00,0,
PUAA,2019-07-16 06:00:00,0,
PUAA,2019-07-16 07:00:00,0,
PUAA,2019-07-16 08:00:00,0,
PUAA,2019-07-16 09:00:00,0,
PUAA,2019-07-16 10:00:00,0,
PUAA,2019-07-16 11:00:00,0,
PUAA,2019-07-16 12:00:00,0,
PUAA,2019-07-16 13:00:00,0,
PUAA,2019-07-16 14:00:00,0,
PUAA,2019-07-16 15:00:00,0,
PUAA,2019-07-16 16:00:00,0,
PUAA,2019-07-16 17:00:00,0,
PUAA,2019-07-16 18:00:00,0,
PUAA,2019-07-16 19:00:00,0,
PUAA,2019-07-16 20:00:00,0,
PUAA,2019-07-16 21:00:00,0,
PUAA,2019-07-16 22:00:00,0,
PUAA,2019-07-16 23:00:00,0,
PUAA,2019-07-17 00:00:00,0,
PUAA,2019-07-17 01:00:00,0,
PUAA,2019-07-17 02:00:00,0,
PUAA,2019-07-17 03:00:00,0,
PUAA,2019-07-17 04:00:00,0,
PUAA,2019-07-17 05:00:00,0,
PUAA,2019-07-17 06:00:00,0,
PUAA,2019-07-17 07:00:00,0,
PUAA,2019-07-17 08:00:00,0,
PUAA,2019-07-17 09:00:00,0,
PUAA,2019-07-17 10:00:00,0,
PUAA,2019-07-17 11:00:00,0,
PUAA,2019-07-17 12:00:00,0,
PUAA,2019-07-17 13:00:00,0,
PUAA,2019-07-17 14:00:00,0,
PUAA,2019-07-17 15:00:00,0,
PUAA,2019-07-17 16:00:00,0,
PUAA,2019-07-17 17:00:00,0,
PUAA,2019-07-17 18:00:00,0,
PUAA,2019-07-17 19:00:00,0,
PUAA,2019-07-17 20:00:00,0,
PUAA,2019-07-17 21:00:00,0,
PUAA,2019-07-17 22:00:00,0,
PUAA,2019-07-17 23:00:00,0,
PUAA,2019-07-18 00:00:00,0,
PUAA,2019-07-18 01:00:00,0,
PUAA,2019-07-18 02:00:00,0,
PUAA,2019-07-18 03:00:00,0,
PUAA,2019-07-18 04:00:00,0,
PUAA,2019-07-18 05:00:00,0,
PUAA,2019-07-18 06:00:00,0,
PUAA,2019-07-18 07:00:00,0,
PUAA,2019-07-18 08:00:00,0,
PUAA,2019-07-18 09:00:00,0,
PUAA,2019-07-18 10:00:00,0,
PUAA,2019-07-18 11:00:00,0,
PUAA,2019-07-18 12:00:00,0,
PUAA,2019-07-18 13:00:00,0,
PUAA,2019-07-18 14:00:00,0,
PUAA,2019-07-18 15:00:00,0,
PUAA,2019-07-18 16:00:00,0,
PUAA,2019-07-18 17:00:00,0,
PUAA,2019-07-18 18:00:00,0,
PUAA,2019-07-18 19:00:00,0,
PUAA,2019-07-18 20:00:00,0,
PUAA,2019-07-18 21:00:00,0,
PUAA,2019-07-18 22:00:00,-999,
PUAA,2019-07-18 23:00:00,0,
PUAA,2019-07-19 00:00:00,0,
PUAA,2019-07-19 01:00:00,0,
PUAA,2019-07-19 02:00:00,0,
PUAA,2019-07-19 03:00:00,0,
PUAA,2019-07-19 04:00:00,0,
PUAA,2019-07-19 05:00:00,0,
PUAA,2019-07-19 06:00:00,0,
PUAA,2019-07-19 07:00:00,0,
PUAA,2019-07-19 08:00:00,0,
PUAA,2019-07-19 09:00:00,0,
PUAA,2019-07-19 10:00:00,0,
PUAA,2019-07-19 11:00:00,0,
PUAA,2019-07-19 12:00:00,0,
PUAA,2019-07-19 13:00:00,0,
PUAA,2019-07-19 14:00:00,0,
PUAA,2019-07-19 15:00:00,0,
PUAA,2019-07-19 16:00:00,0,
PUAA,2019-07-19 17:00:00,0,
PUAA,2019-07-19 18:00:00,0,
PUAA,2019-07-19 19:00:00,0,
PUAA,2019-07-19 20:00:00,0,
PUAA,2019-07-19 21:00:00,0,
PUAA,2019-07-19 22:00:00,0,
PUAA,2019-07-19 23:00:00,0,
PUAA,2019-07-20 00:00:00,0,
PUAA,2019-07-20 01:00:00,0,
PUAA,2019-07-20 02:00:00,0,
PUAA,2019-07-20 03:00:00,0,
PUAA,2019-07-20 04:00:00,0,
PUAA,2019-07-20 05:00:00,0,
PUAA,2019-07-20 06:00:00,0,
PUAA,2019-07-20 07:00:00,0,
PUAA,2019-07-20 08:00:00,0,
PUAA,2019-07-20 09:00:00,0,
PUAA,2019-07-20 10:00:00,0,
PUAA,2019-07-20 11:00:00,0,
PUAA,2019-07-20 12:00:00,0,
PUAA,2019-07-20 13:00:00,0,
PUAA,2019-07-20 14:00:00,0,
PUAA,2019-07-20 15:00:00,0,
PUAA,2019-07-20 16:00:00,0,
PUAA,2019-07-20 17:00:00,0,
PUAA,2019-07-20 18:00:00,0,
PUAA,2019-07-20 19:00:00,0,
PUAA,2019-07-20 20:00:00,0,
PUAA,2019-07-20 21:00:00,0,
PUAA,2019-07-20 22:00:00,0,
PUAA,2019-07-20 23:00:00,0,
PUAA,2019-07-21 00:00:00,0,
PUAA,2019-07-21 01:00:00,0,
PUAA,2019-07-21 02:00:00,0,
PUAA,2019-07-21 03:00:00,0,
PUAA,2019-07-21 04:00:00,0,
PUAA,2019-07-21 05:00:00,0,
PUAA,2019-07-21 06:00:00,0,
PUAA,2019-07-21 07:00:00,0,
PUAA,2019-07-21 08:00:00,0,
PUAA,2019-07-21 09:00:00,0,
PUAA,2019-07-21 10:00:00,0,
PUAA,2019-07-21 11:00:00,0,
PUAA,2019-07-21 12:00:00,0,
PUAA,2019-07-21 13:00:00,0,
PUAA,2019-07-21 14:00:00,0.4,
PUAA,2019-07-21 15:00:00,0,
PUAA,2019-07-21 16:00:00,7.8,
PUAA,2019-07-21 17:00:00,0,
PUAA,2019-07-21 18:00:00,0,
PUAA,2019-07-21 19:00:00,0,
PUAA,2019-07-21 20:00:00,0,
PUAA,2019-07-21 21:00:00,0,
PUAA,2019-07-21 22:00:00,0,
PUAA,2019-07-21 23:00:00,1,
PUAA,2019-07-22 00:00:00,0.4,
PUAA,2019-07-22 01:00:00,0,
PUAA,2019-07-22 02:00:00,0,
PUAA,2019-07-22 03:00:00,0,
PUAA,2019-07-22 04:00:00,0,
PUAA,2019-07-22 05:00:00,0,
PUAA,2019-07-22 06:00:00,0,
PUAA,2019-07-22 07:00:00,0.2,
PUAA,2019-07-22 08:00:00,0,
PUAA,2019-07-22 09:00:00,0,
PUAA,2019-07-22 10:00:00,0,
PUAA,2019-07-22 11:00:00,0,
PUAA,2019-07-22 12:00:00,0,
PUAA,2019-07-22 13:00:00,0,
PUAA,2019-07-22 14:00:00,0,
PUAA,2019-07-22 15:00:00,0,
PUAA,2019-07-22 16:00:00,0,
PUAA,2019-07-22 17:00:00,0,
PUAA,2019-07-22 18:00:00,0,
PUAA,2019-07-22 19:00:00,0,
PUAA,2019-07-22 20:00:00,0,
PUAA,2019-07-22 21:00:00,0,
PUAA,2019-07-22 22:00:00,0,
PUAA,2019-07-22 23:00:00,0,
PUAA,2019-07-23 00:00:00,0,
PUAA,2019-07-23 01:00:00,0,
PUAA,2019-07-23 02:00:00,0,
PUAA,2019-07-23 03:00:00,0,
PUAA,2019-07-23 04:00:00,0,
PUAA,2019-07-23 05:00:00,0,
PUAA,2019-07-23 06:00:00,0,
PUAA,2019-07-23 07:00:00,0,
PUAA,2019-07-23 08:00:00,0,
PUAA,2019-07-23 09:00:00,0,
PUAA,2019-07-23 10:00:00,0,
PUAA,2019-07-23 11:00:00,0,
PUAA,2019-07-23 12:00:00,0.8,
PUAA,2019-07-23 13:00:00,4.6,
PUAA,2019-07-23 14:00:00,0,
PUAA,2019-07-23 15:00:00,0,
PUAA,2019-07-23 16:00:00,0,
PUAA,2019-07-23 17:00:00,2.2,
PUAA,2019-07-23 18:00:00,0.2,
PUAA,2019-07-23 19:00:00,3.6,
PUAA,2019-07-23 20:00:00,2,
PUAA,2019-07-23 21:00:00,0,
PUAA,2019-07-23 22:00:00,0.4,
PUAA,2019-07-23 23:00:00,0.4,
PUAA,2019-07-24 00:00:00,0,
PUAA,2019-07-24 01:00:00,0,
PUAA,2019-07-24 02:00:00,0,
PUAA,2019-07-24 03:00:00,0,
PUAA,2019-07-24 04:00:00,0,
PUAA,2019-07-24 05:00:00,0,
PUAA,2019-07-24 06:00:00,0,
PUAA,2019-07-24 07:00:00,0,
PUAA,2019-07-24 08:00:00,0,
PUAA,2019-07-24 09:00:00,0.2,
PUAA,2019-07-24 10:00:00,0,
PUAA,2019-07-24 11:00:00,0,
PUAA,2019-07-24 12:00:00,0,
PUAA,2019-07-24 13:00:00,0.6,
PUAA,2019-07-24 14:00:00,0,
PUAA,2019-07-24 15:00:00,0,
PUAA,2019-07-24 16:00:00,0.2,
PUAA,2019-07-24 17:00:00,0,
PUAA,2019-07-24 18:00:00,0,
PUAA,2019-07-24 19:00:00,2,
PUAA,2019-07-24 20:00:00,0,
PUAA,2019-07-24 21:00:00,0.6,
PUAA,2019-07-24 22:00:00,0,
PUAA,2019-07-24 23:00:00,0,
PUAA,2019-07-25 00:00:00,0.2,
PUAA,2019-07-25 01:00:00,1.6,
PUAA,2019-07-25 02:00:00,0.2,
PUAA,2019-07-25 03:00:00,0.2,
PUAA,2019-07-25 04:00:00,0,
PUAA,2019-07-25 05:00:00,0,
PUAA,2019-07-25 06:00:00,0,
PUAA,2019-07-25 07:00:00,0,
PUAA,2019-07-25 08:00:00,0,
PUAA,2019-07-25 09:00:00,-999,
PUAA,2019-07-25 10:00:00,0,
PUAA,2019-07-25 11:00:00,0,
PUAA,2019-07-25 12:00:00,0,
PUAA,2019-07-25 13:00:00,0,
PUAA,2019-07-25 14:00:00,0,
PUAA,2019-07-25 15:00:00,0,
PUAA,2019-07-25 16:00:00,0,
PUAA,2019-07-25 17:00:00,0,
PUAA,2019-07-25 18:00:00,0,
PUAA,2019-07-25 19:00:00,0,
PUAA,2019-07-25 20:00:00,0,
PUAA,2019-07-25 21:00:00,0,
PUAA,2019-07-25 22:00:00,0.6,
PUAA,2019-07-25 23:00:00,0.6,
PUAA,2019-07-26 00:00:00,0.4,
PUAA,2019-07-26 01:00:00,0,
PUAA,2019-07-26 02:00:00,0,
PUAA,2019-07-26 03:00:00,0,
PUAA,2019-07-26 04:00:00,0,
PUAA,2019-07-26 05:00:00,0,
PUAA,2019-07-26 06:00:00,0,
PUAA,2019-07-26 07:00:00,0,
PUAA,2019-07-26 08:00:00,0.2,
PUAA,2019-07-26 09:00:00,0.6,
PUAA,2019-07-26 10:00:00,0,
PUAA,2019-07-26 11:00:00,0,
PUAA,2019-07-26 12:00:00,0,
PUAA,2019-07-26 13:00:00,0.2,
PUAA,2019-07-26 14:00:00,1.4,
PUAA,2019-07-26 15:00:00,0,
PUAA,2019-07-26 16:00:00,0,
PUAA,2019-07-26 17:00:00,0,
PUAA,2019-07-26 18:00:00,0,
PUAA,2019-07-26 19:00:00,0,
PUAA,2019-07-26 20:00:00,0,
PUAA,2019-07-26 21:00:00,0,
PUAA,2019-07-26 22:00:00,0,
PUAA,2019-07-26 23:00:00,0,
PUAA,2019-07-27 00:00:00,0.4,
PUAA,2019-07-27 01:00:00,0.2,
PUAA,2019-07-27 02:00:00,0.2,
PUAA,2019-07-27 03:00:00,0,
PUAA,2019-07-27 04:00:00,0.2,
PUAA,2019-07-27 05:00:00,0,
PUAA,2019-07-27 06:00:00,0,
PUAA,2019-07-27 07:00:00,0,
PUAA,2019-07-27 08:00:00,0,
PUAA,2019-07-27 09:00:00,0,
PUAA,2019-07-27 10:00:00,0.4,
PUAA,2019-07-27 11:00:00,0,
PUAA,2019-07-27 12:00:00,0,
PUAA,2019-07-27 13:00:00,0,
PUAA,2019-07-27 14:00:00,0,
PUAA,2019-07-27 15:00:00,0,
PUAA,2019-07-27 16:00:00,0,
PUAA,2019-07-27 17:00:00,0,
PUAA,2019-07-27 18:00:00,0,
PUAA,2019-07-27 19:00:00,0,
PUAA,2019-07-27 20:00:00,0,
PUAA,2019-07-27 21:00:00,0,
PUAA,2019-07-27 22:00:00,0,
PUAA,2019-07-27 23:00:00,0,
PUAA,2019-07-28 00:00:00,0,
PUAA,2019-07-28 01:00:00,0,
PUAA,2019-07-28 02:00:00,0,
PUAA,2019-07-28 03:00:00,0,
PUAA,2019-07-28 04:00:00,0,
PUAA,2019-07-28 05:00:00,0,
PUAA,2019-07-28 06:00:00,0,
PUAA,2019-07-28 07:00:00,0,
PUAA,2019-07-28 08:00:00,0,
PUAA,2019-07-28 09:00:00,0,
PUAA,2019-07-28 10:00:00,0,
PUAA,2019-07-28 11:00:00,0,
PUAA,2019-07-28 12:00:00,0,
PUAA,2019-07-28 13:00:00,0,
PUAA,2019-07-28 14:00:00,0,
PUAA,2019-07-28 15:00:00,0,
PUAA,2019-07-28 16:00:00,0,
PUAA,2019-07-28 17:00:00,0,
PUAA,2019-07-28 18:00:00,0,
PUAA,2019-07-28 19:00:00,0,
PUAA,2019-07-28 20:00:00,0,
PUAA,2019-07-28 21:00:00,0,
PUAA,2019-07-28 22:00:00,0,
PUAA,2019-07-28 23:00:00,0,
PUAA,2019-07-29 00:00:00,0,
PUAA,2019-07-29 01:00:00,0,
PUAA,2019-07-29 02:00:00,0,
PUAA,2019-07-29 03:00:00,0,
PUAA,2019-07-29 04:00:00,0,
PUAA,2019-07-29 05:00:00,0,
PUAA,2019-07-29 06:00:00,0,
PUAA,2019-07-29 07:00:00,0,
PUAA,2019-07-29 08:00:00,0,
PUAA,2019-07-29 09:00:00,0,
PUAA,2019-07-29 10:00:00,0,
PUAA,2019-07-29 11:00:00,0,
PUAA,2019-07-29 12:00:00,0,
PUAA,2019-07-29 13:00:00,0,
PUAA,2019-07-29 14:00:00,0,
PUAA,2019-07-29 15:00:00,0,
PUAA,2019-07-29 16:00:00,0,
PUAA,2019-07-29 17:00:00,0,
PUAA,2019-07-29 18:00:00,0,
PUAA,2019-07-29 19:00:00,0,
PUAA,2019-07-29 20:00:00,0,
PUAA,2019-07-29 21:00:00,0,
PUAA,2019-07-29 22:00:00,0,
PUAA,2019-07-29 23:00:00,0,
PUAA,2019-07-30 00:00:00,0,
PUAA,2019-07-30 01:00:00,0.2,
PUAA,2019-07-30 02:00:00,10.6,
PUAA,2019-07-30 03:00:00,1.2,
PUAA,2019-07-30 04:00:00,0.2,
PUAA,2019-07-30 05:00:00,0.2,
PUAA,2019-07-30 06:00:00,8.8,
PUAA,2019-07-30 07:00:00,6.8,
PUAA,2019-07-30 08:00:00,2.6,
PUAA,2019-07-30 09:00:00,0.2,
PUAA,2019-07-30 10:00:00,0.2,
PUAA,2019-07-30 11:00:00,0.2,
PUAA,2019-07-30 12:00:00,0,
PUAA,2019-07-30 13:00:00,0,
PUAA,2019-07-30 14:00:00,0,
PUAA,2019-07-30 15:00:00,0,
PUAA,2019-07-30 16:00:00,0,
PUAA,2019-07-30 17:00:00,0,
PUAA,2019-07-30 18:00:00,0,
PUAA,2019-07-30 19:00:00,0.2,
PUAA,2019-07-30 20:00:00,0,
PUAA,2019-07-30 21:00:00,0,
PUAA,2019-07-30 22:00:00,3,
PUAA,2019-07-30 23:00:00,0.6,
PUAA,2019-07-31 00:00:00,0,
PUAA,2019-07-31 01:00:00,0,
PUAA,2019-07-31 02:00:00,0.2,
PUAA,2019-07-31 03:00:00,9.4,
PUAA,2019-07-31 04:00:00,15.2,
PUAA,2019-07-31 05:00:00,18.8,
PUAA,2019-07-31 06:00:00,16.6,
PUAA,2019-07-31 07:00:00,11.6,
PUAA,2019-07-31 08:00:00,20.2,
PUAA,2019-07-31 09:00:00,1.8,
PUAA,2019-07-31 10:00:00,1.2,
PUAA,2019-07-31 11:00:00,0,
PUAA,2019-07-31 12:00:00,0,
PUAA,2019-07-31 13:00:00,0,
PUAA,2019-07-31 14:00:00,0,
PUAA,2019-07-31 15:00:00,0,
PUAA,2019-07-31 16:00:00,0,
PUAA,2019-07-31 17:00:00,0.8,
PUAA,2019-07-31 18:00:00,0.8,
PUAA,2019-07-31 19:00:00,3.4,
PUAA,2019-07-31 20:00:00,5.4,
PUAA,2019-07-31 21:00:00,3.2,
PUAA,2019-07-31 22:00:00,0.4,
PUAA,2019-07-31 23:00:00,13.8,
SRKT,2019-07-01 00:00:00,0,
SRKT,2019-07-01 01:00:00,0,
SRKT,2019-07-01 02:00:00,0,
SRKT,2019-07-01 03:00:00,0,
SRKT,2019-07-01 04:00:00,0,
SRKT,2019-07-01 05:00:00,0,
SRKT,2019-07-01 06:00:00,0,
SRKT,2019-07-01 07:00:00,0,
SRKT,2019-07-01 08:00:00,0,
SRKT,2019-07-01 09:00:00,0,
SRKT,2019-07-01 10:00:00,0,
SRKT,2019-07-01 11:00:00,0,
SRKT,2019-07-01 12:00:00,0,
SRKT,2019-07-01 13:00:00,0,
SRKT,2019-07-01 14:00:00,0,
SRKT,2019-07-01 15:00:00,0,
SRKT,2019-07-01 16:00:00,0,
SRKT,2019-07-01 17:00:00,0,
SRKT,2019-07-01 18:00:00,0,
SRKT,2019-07-01 19:00:00,0,
SRKT,2019-07-01 20:00:00,0,
SRKT,2019-07-01 21:00:00,0,
SRKT,2019-07-01 22:00:00,0,
SRKT,2019-07-01 23:00:00,0,
SRKT,2019-07-02 00:00:00,0,
SRKT,2019-07-02 01:00:00,0,
SRKT,2019-07-02 02:00:00,0,
SRKT,2019-07-02 03:00:00,0.2,
SRKT,2019-07-02 04:00:00,0,
SRKT,2019-07-02 05:00:00,0,
SRKT,2019-07-02 06:00:00,0.4,
SRKT,2019-07-02 07:00:00,0.6,
SRKT,2019-07-02 08:00:00,0.8,
SRKT,2019-07-02 09:00:00,0.6,
SRKT,2019-07-02 10:00:00,0.2,
SRKT,2019-07-02 11:00:00,0.2,
SRKT,2019-07-02 12:00:00,0,
SRKT,2019-07-02 13:00:00,1.6,
SRKT,2019-07-02 14:00:00,1.6,
SRKT,2019-07-02 15:00:00,1.8,
SRKT,2019-07-02 16:00:00,1.4,
SRKT,2019-07-02 17:00:00,0.2,
SRKT,2019-07-02 18:00:00,0,
SRKT,2019-07-02 19:00:00,0,
SRKT,2019-07-02 20:00:00,0,
SRKT,2019-07-02 21:00:00,0,
SRKT,2019-07-02 22:00:00,0,
SRKT,2019-07-02 23:00:00,0,
SRKT,2019-07-03 00:00:00,0,
SRKT,2019-07-03 01:00:00,0.2,
SRKT,2019-07-03 02:00:00,0,
SRKT,2019-07-03 03:00:00,0,
SRKT,2019-07-03 04:00:00,0,
SRKT,2019-07-03 05:00:00,0,
SRKT,2019-07-03 06:00:00,0.2,
SRKT,2019-07-03 07:00:00,1,
SRKT,2019-07-03 08:00:00,0,
SRKT,2019-07-03 09:00:00,0,
SRKT,2019-07-03 10:00:00,0,
SRKT,2019-07-03 11:00:00,0,
SRKT,2019-07-03 12:00:00,0,
SRKT,2019-07-03 13:00:00,0.6,
SRKT,2019-07-03 14:00:00,0.2,
SRKT,2019-07-03 15:00:00,0,
SRKT,2019-07-03 16:00:00,0,
SRKT,2019-07-03 17:00:00,0,
SRKT,2019-07-03 18:00:00,0,
SRKT,2019-07-03 19:00:00,0,
SRKT,2019-07-03 20:00:00,0,
SRKT,2019-07-03 21:00:00,0,
SRKT,2019-07-03 22:00:00,0,
SRKT,2019-07-03 23:00:00,0,
SRKT,2019-07-04 00:00:00,0,
SRKT,2019-07-04 01:00:00,0,
SRKT,2019-07-04 02:00:00,0,
SRKT,2019-07-04 03:00:00,0,
SRKT,2019-07-04 04:00:00,0,
SRKT,2019-07-04 05:00:00,0,
SRKT,2019-07-04 06:00:00,0,
SRKT,2019-07-04 07:00:00,0,
SRKT,2019-07-04 08:00:00,0,
SRKT,2019-07-04 09:00:00,0,
SRKT,2019-07-04 10:00:00,0,
SRKT,2019-07-04 11:00:00,0,
SRKT,2019-07-04 12:00:00,0,
SRKT,2019-07-04 13:00:00,0,
SRKT,2019-07-04 14:00:00,0,
SRKT,2019-07-04 15:00:00,0,
SRKT,2019-07-04 16:00:00,0,
SRKT,2019-07-04 17:00:00,0,
SRKT,2019-07-04 18:00:00,0,
SRKT,2019-07-04 19:00:00,0,
SRKT,2019-07-04 20:00:00,0,
SRKT,2019-07-04 21:00:00,0,
SRKT,2019-07-04 22:00:00,0,
SRKT,2019-07-04 23:00:00,0,
SRKT,2019-07-05 00:00:00,0,
SRKT,2019-07-05 01:00:00,0,
SRKT,2019-07-05 02:00:00,0,
SRKT,2019-07-05 03:00:00,0,
SRKT,2019-07-05 04:00:00,0,
SRKT,2019-07-05 05:00:00,0,
SRKT,2019-07-05 06:00:00,0,
SRKT,2019-07-05 07:00:00,0,
SRKT,2019-07-05 08:00:00,0,
SRKT,2019-07-05 09:00:00,0,
SRKT,2019-07-05 10:00:00,0,
SRKT,2019-07-05 11:00:00,-999,
SRKT,2019-07-05 12:00:00,0,
SRKT,2019-07-05 13:00:00,0.2,
SRKT,2019-07-05 14:00:00,0,
SRKT,2019-07-05 15:00:00,-999,
SRKT,2019-07-05 16:00:00,-999,
SRKT,2019-07-05 17:00:00,-999,
SRKT,2019-07-05 18:00:00,0,
SRKT,2019-07-05 19:00:00,0,
SRKT,2019-07-05 20:00:00,0.2,
SRKT,2019-07-05 21:00:00,0,
SRKT,2019-07-05 22:00:00,0,
SRKT,2019-07-05 23:00:00,0,
SRKT,2019-07-06 00:00:00,0,
SRKT,2019-07-06 01:00:00,0,
SRKT,2019-07-06 02:00:00,0,
SRKT,2019-07-06 03:00:00,0,
SRKT,2019-07-06 04:00:00,0,
SRKT,2019-07-06 05:00:00,0,
SRKT,2019-07-06 06:00:00,0,
SRKT,2019-07-06 07:00:00,0,
SRKT,2019-07-06 08:00:00,0,
SRKT,2019-07-06 09:00:00,0,
SRKT,2019-07-06 10:00:00,0,
SRKT,2019-07-06 11:00:00,0,
SRKT,2019-07-06 12:00:00,0,
SRKT,2019-07-06 13:00:00,0,
SRKT,2019-07-06 14:00:00,-999,
SRKT,2019-07-06 15:00:00,0,
SRKT,2019-07-06 16:00:00,0,
SRKT,2019-07-06 17:00:00,0,
SRKT,2019-07-06 18:00:00,0,
SRKT,2019-07-06 19:00:00,0,
SRKT,2019-07-06 20:00:00,0,
SRKT,2019-07-06 21:00:00,0,
SRKT,2019-07-06 22:00:00,0,
SRKT,2019-07-06 23:00:00,0,
SRKT,2019-07-07 00:00:00,0,
SRKT,2019-07-07 01:00:00,0,
SRKT,2019-07-07 02:00:00,0,
SRKT,2019-07-07 03:00:00,0,
SRKT,2019-07-07 04:00:00,0,
SRKT,2019-07-07 05:00:00,0,
SRKT,2019-07-07 06:00:00,0,
SRKT,2019-07-07 07:00:00,0,
SRKT,2019-07-07 08:00:00,0,
SRKT,2019-07-07 09:00:00,0,
SRKT,2019-07-07 10:00:00,0,
SRKT,2019-07-07 11:00:00,0,
SRKT,2019-07-07 12:00:00,0,
SRKT,2019-07-07 13:00:00,0,
SRKT,2019-07-07 14:00:00,0,
SRKT,2019-07-07 15:00:00,0,
SRKT,2019-07-07 16:00:00,0,
SRKT,2019-07-07 17:00:00,0,
SRKT,2019-07-07 18:00:00,0,
SRKT,2019-07-07 19:00:00,0,
SRKT,2019-07-07 20:00:00,0,
SRKT,2019-07-07 21:00:00,0,
SRKT,2019-07-07 22:00:00,0,
SRKT,2019-07-07 23:00:00,0,
SRKT,2019-07-08 00:00:00,0,
SRKT,2019-07-08 01:00:00,0,
SRKT,2019-07-08 02:00:00,0,
SRKT,2019-07-08 03:00:00,0,
SRKT,2019-07-08 04:00:00,0,
SRKT,2019-07-08 05:00:00,0,
SRKT,2019-07-08 06:00:00,0,
SRKT,2019-07-08 07:00:00,0,
SRKT,2019-07-08 08:00:00,0,
SRKT,2019-07-08 09:00:00,0,
SRKT,2019-07-08 10:00:00,0,
SRKT,2019-07-08 11:00:00,0,
SRKT,2019-07-08 12:00:00,0,
SRKT,2019-07-08 13:00:00,0,
SRKT,2019-07-08 14:00:00,0,
SRKT,2019-07-08 15:00:00,0,
SRKT,2019-07-08 16:00:00,0,
SRKT,2019-07-08 17:00:00,11.8,
SRKT,2019-07-08 18:00:00,8.4,
SRKT,2019-07-08 19:00:00,0.2,
SRKT,2019-07-08 20:00:00,0.2,
SRKT,2019-07-08 21:00:00,0,
SRKT,2019-07-08 22:00:00,0,
SRKT,2019-07-08 23:00:00,0,
SRKT,2019-07-09 00:00:00,0,
SRKT,2019-07-09 01:00:00,0,
SRKT,2019-07-09 02:00:00,0,
SRKT,2019-07-09 03:00:00,0,
SRKT,2019-07-09 04:00:00,0,
SRKT,2019-07-09 05:00:00,0,
SRKT,2019-07-09 06:00:00,0,
SRKT,2019-07-09 07:00:00,0,
SRKT,2019-07-09 08:00:00,0,
SRKT,2019-07-09 09:00:00,0,
SRKT,2019-07-09 10:00:00,0,
SRKT,2019-07-09 11:00:00,0,
SRKT,2019-07-09 12:00:00,0,
SRKT,2019-07-09 13:00:00,0,
SRKT,2019-07-09 14:00:00,0,
SRKT,2019-07-09 15:00:00,0,
SRKT,2019-07-09 16:00:00,0,
SRKT,2019-07-09 17:00:00,0,
SRKT,2019-07-09 18:00:00,0,
SRKT,2019-07-09 19:00:00,0,
SRKT,2019-07-09 20:00:00,0,
SRKT,2019-07-09 21:00:00,0,
SRKT,2019-07-09 22:00:00,0,
SRKT,2019-07-09 23:00:00,0,
SRKT,2019-07-10 00:00:00,0,
SRKT,2019-07-10 01:00:00,0,
SRKT,2019-07-10 02:00:00,0,
SRKT,2019-07-10 03:00:00,0,
SRKT,2019-07-10 04:00:00,0,
SRKT,2019-07-10 05:00:00,0,
SRKT,2019-07-10 06:00:00,0,
SRKT,2019-07-10 07:00:00,0,
SRKT,2019-07-10 08:00:00,0,
SRKT,2019-07-10 09:00:00,0,
SRKT,2019-07-10 10:00:00,0,
SRKT,2019-07-10 11:00:00,0,
SRKT,2019-07-10 12:00:00,0,
SRKT,2019-07-10 13:00:00,0,
SRKT,2019-07-10 14:00:00,0,
SRKT,2019-07-10 15:00:00,0,
SRKT,2019-07-10 16:00:00,0,
SRKT,2019-07-10 17:00:00,0,
SRKT,2019-07-10 18:00:00,0,
SRKT,2019-07-10 19:00:00,0,
SRKT,2019-07-10 20:00:00,0,
SRKT,2019-07-10 21:00:00,0,
SRKT,2019-07-10 22:00:00,0,
SRKT,2019-07-10 23:00:00,0,
SRKT,2019-07-11 00:00:00,0,
SRKT,2019-07-11 01:00:00,0,
SRKT,2019-07-11 02:00:00,0,
SRKT,2019-07-11 03:00:00,0,
SRKT,2019-07-11 04:00:00,0,
SRKT,2019-07-11 05:00:00,0,
SRKT,2019-07-11 06:00:00,0,
SRKT,2019-07-11 07:00:00,0,
SRKT,2019-07-11 08:00:00,0,
SRKT,2019-07-11 09:00:00,0,
SRKT,2019-07-11 10:00:00,0,
SRKT,2019-07-11 11:00:00,0,
SRKT,2019-07-11 12:00:00,0,
SRKT,2019-07-11 13:00:00,-999,
SRKT,2019-07-11 14:00:00,0,
SRKT,2019-07-11 15:00:00,0,
SRKT,2019-07-11 16:00:00,0,
SRKT,2019-07-11 17:00:00,0,
SRKT,2019-07-11 18:00:00,0,
SRKT,2019-07-11 19:00:00,0,
SRKT,2019-07-11 20:00:00,0,
SRKT,2019-07-11 21:00:00,0,
SRKT,2019-07-11 22:00:00,0,
SRKT,2019-07-11 23:00:00,0,
SRKT,2019-07-12 00:00:00,0,
SRKT,2019-07-12 01:00:00,0,
SRKT,2019-07-12 02:00:00,0,
SRKT,2019-07-12 03:00:00,0,
SRKT,2019-07-12 04:00:00,0,
SRKT,2019-07-12 05:00:00,0,
SRKT,2019-07-12 06:00:00,0,
SRKT,2019-07-12 07:00:00,0,
SRKT,2019-07-12 08:00:00,0,
SRKT,2019-07-12 09:00:00,0,
SRKT,2019-07-12 10:00:00,0,
SRKT,2019-07-12 11:00:00,0,
SRKT,2019-07-12 12:00:00,0,
SRKT,2019-07-12 13:00:00,-999,
SRKT,2019-07-12 14:00:00,-999,
SRKT,2019-07-12 15:00:00,-999,
SRKT,2019-07-12 16:00:00,-999,
SRKT,2019-07-12 17:00:00,-999,
SRKT,2019-07-12 18:00:00,0,
SRKT,2019-07-12 19:00:00,0,
SRKT,2019-07-12 20:00:00,0,
SRKT,2019-07-12 21:00:00,0,
SRKT,2019-07-12 22:00:00,0,
SRKT,2019-07-12 23:00:00,0,
SRKT,2019-07-13 00:00:00,0,
SRKT,2019-07-13 01:00:00,0,
SRKT,2019-07-13 02:00:00,0,
SRKT,2019-07-13 03:00:00,0,
SRKT,2019-07-13 04:00:00,0,
SRKT,2019-07-13 05:00:00,0,
SRKT,2019-07-13 06:00:00,0,
SRKT,2019-07-13 07:00:00,0,
SRKT,2019-07-13 08:00:00,0,
SRKT,2019-07-13 09:00:00,0,
SRKT,2019-07-13 10:00:00,0,
SRKT,2019-07-13 11:00:00,0,
SRKT,2019-07-13 12:00:00,0,
SRKT,2019-07-13 13:00:00,-999,
SRKT,2019-07-13 14:00:00,0,
SRKT,2019-07-13 15:00:00,-999,
SRKT,2019-07-13 16:00:00,-999,
SRKT,2019-07-13 17:00:00,0,
SRKT,2019-07-13 18:00:00,0,
SRKT,2019-07-13 19:00:00,0,
SRKT,2019-07-13 20:00:00,0,
SRKT,2019-07-13 21:00:00,0,
SRKT,2019-07-13 22:00:00,0,
SRKT,2019-07-13 23:00:00,0,
SRKT,2019-07-14 00:00:00,0,
SRKT,2019-07-14 01:00:00,0,
SRKT,2019-07-14 02:00:00,0,
SRKT,2019-07-14 03:00:00,0,
SRKT,2019-07-14 04:00:00,0,
SRKT,2019-07-14 05:00:00,0,
SRKT,2019-07-14 06:00:00,0,
SRKT,2019-07-14 07:00:00,0,
SRKT,2019-07-14 08:00:00,0,
SRKT,2019-07-14 09:00:00,0,
SRKT,2019-07-14 10:00:00,0,
SRKT,2019-07-14 11:00:00,0,
SRKT,2019-07-14 12:00:00,0,
SRKT,2019-07-14 13:00:00,-999,
SRKT,2019-07-14 14:00:00,0,
SRKT,2019-07-14 15:00:00,-999,
SRKT,2019-07-14 16:00:00,0,
SRKT,2019-07-14 17:00:00,-999,
SRKT,2019-07-14 18:00:00,0,
SRKT,2019-07-14 19:00:00,0,
SRKT,2019-07-14 20:00:00,0,
SRKT,2019-07-14 21:00:00,0,
SRKT,2019-07-14 22:00:00,0,
SRKT,2019-07-14 23:00:00,0,
SRKT,2019-07-15 00:00:00,0,
SRKT,2019-07-15 01:00:00,0,
SRKT,2019-07-15 02:00:00,0,
SRKT,2019-07-15 03:00:00,0,
SRKT,2019-07-15 04:00:00,0,
SRKT,2019-07-15 05:00:00,0,
SRKT,2019-07-15 06:00:00,0,
SRKT,2019-07-15 07:00:00,0,
SRKT,2019-07-15 08:00:00,0,
SRKT,2019-07-15 09:00:00,0,
SRKT,2019-07-15 10:00:00,0,
SRKT,2019-07-15 11:00:00,-999,
SRKT,2019-07-15 12:00:00,0,
SRKT,2019-07-15 13:00:00,0,
SRKT,2019-07-15 14:00:00,0,
SRKT,2019-07-15 15:00:00,0,
SRKT,2019-07-15 16:00:00,0,
SRKT,2019-07-15 17:00:00,0,
SRKT,2019-07-15 18:00:00,0,
SRKT,2019-07-15 19:00:00,0,
SRKT,2019-07-15 20:00:00,0,
SRKT,2019-07-15 21:00:00,0,
SRKT,2019-07-15 22:00:00,0,
SRKT,2019-07-15 23:00:00,0,
SRKT,2019-07-16 00:00:00,0,
SRKT,2019-07-16 01:00:00,0,
SRKT,2019-07-16 02:00:00,0,
SRKT,2019-07-16 03:00:00,0,
SRKT,2019-07-16 04:00:00,0,
SRKT,2019-07-16 05:00:00,0,
SRKT,2019-07-16 06:00:00,0,
SRKT,2019-07-16 07:00:00,0,
SRKT,2019-07-16 08:00:00,-999,
SRKT,2019-07-16 09:00:00,0,
SRKT,2019-07-16 10:00:00,0,
SRKT,2019-07-16 11:00:00,0,
SRKT,2019-07-16 12:00:00,0,
SRKT,2019-07-16 13:00:00,-999,
SRKT,2019-07-16 14:00:00,-999,
SRKT,2019-07-16 15:00:00,-999,
SRKT,2019-07-16 16:00:00,-999,
SRKT,2019-07-16 17:00:00,0,
SRKT,2019-07-16 18:00:00,0,
SRKT,2019-07-16 19:00:00,0,
SRKT,2019-07-16 20:00:00,0,
SRKT,2019-07-16 21:00:00,0,
SRKT,2019-07-16 22:00:00,0,
SRKT,2019-07-16 23:00:00,0,
SRKT,2019-07-17 00:00:00,0,
SRKT,2019-07-17 01:00:00,0,
SRKT,2019-07-17 02:00:00,0,
SRKT,2019-07-17 03:00:00,0,
SRKT,2019-07-17 04:00:00,0,
SRKT,2019-07-17 05:00:00,0,
SRKT,2019-07-17 06:00:00,0,
SRKT,2019-07-17 07:00:00,0,
SRKT,2019-07-17 08:00:00,0,
SRKT,2019-07-17 09:00:00,0,
SRKT,2019-07-17 10:00:00,-999,
SRKT,2019-07-17 11:00:00,-999,
SRKT,2019-07-17 12:00:00,-999,
SRKT,2019-07-17 13:00:00,-999,
SRKT,2019-07-17 14:00:00,-999,
SRKT,2019-07-17 15:00:00,-999,
SRKT,2019-07-17 16:00:00,-999,
SRKT,2019-07-17 17:00:00,-999,
SRKT,2019-07-17 18:00:00,0,
SRKT,2019-07-17 19:00:00,0,
SRKT,2019-07-17 20:00:00,0,
SRKT,2019-07-17 21:00:00,0,
SRKT,2019-07-17 22:00:00,0,
SRKT,2019-07-17 23:00:00,0,
SRKT,2019-07-18 00:00:00,0,
SRKT,2019-07-18 01:00:00,0,
SRKT,2019-07-18 02:00:00,0,
SRKT,2019-07-18 03:00:00,0,
SRKT,2019-07-18 04:00:00,0,
SRKT,2019-07-18 05:00:00,0,
SRKT,2019-07-18 06:00:00,0,
SRKT,2019-07-18 07:00:00,0,
SRKT,2019-07-18 08:00:00,0,
SRKT,2019-07-18 09:00:00,0,
SRKT,2019-07-18 10:00:00,-999,
SRKT,2019-07-18 11:00:00,-999,
SRKT,2019-07-18 12:00:00,-999,
SRKT,2019-07-18 13:00:00,-999,
SRKT,2019-07-18 14:00:00,-999,
SRKT,2019-07-18 15:00:00,-999,
SRKT,2019-07-18 16:00:00,-999,
SRKT,2019-07-18 17:00:00,0,
SRKT,2019-07-18 18:00:00,0,
SRKT,2019-07-18 19:00:00,0,
SRKT,2019-07-18 20:00:00,0,
SRKT,2019-07-18 21:00:00,0,
SRKT,2019-07-18 22:00:00,-999,
SRKT,2019-07-18 23:00:00,0,
SRKT,2019-07-19 00:00:00,0,
SRKT,2019-07-19 01:00:00,0,
SRKT,2019-07-19 02:00:00,0,
SRKT,2019-07-19 03:00:00,0,
SRKT,2019-07-19 04:00:00,0,
SRKT,2019-07-19 05:00:00,0,
SRKT,2019-07-19 06:00:00,0,
SRKT,2019-07-19 07:00:00,0,
SRKT,2019-07-19 08:00:00,0,
SRKT,2019-07-19 09:00:00,0,
SRKT,2019-07-19 10:00:00,0,
SRKT,2019-07-19 11:00:00,-999,
SRKT,2019-07-19 12:00:00,-999,
SRKT,2019-07-19 13:00:00,-999,
SRKT,2019-07-19 14:00:00,-999,
SRKT,2019-07-19 15:00:00,-999,
SRKT,2019-07-19 16:00:00,-999,
SRKT,2019-07-19 17:00:00,-999,
SRKT,2019-07-19 18:00:00,-999,
SRKT,2019-07-19 19:00:00,0,
SRKT,2019-07-19 20:00:00,0,
SRKT,2019-07-19 21:00:00,0,
SRKT,2019-07-19 22:00:00,0,
SRKT,2019-07-19 23:00:00,0,
SRKT,2019-07-20 00:00:00,0,
SRKT,2019-07-20 01:00:00,0,
SRKT,2019-07-20 02:00:00,0,
SRKT,2019-07-20 03:00:00,0,
SRKT,2019-07-20 04:00:00,0,
SRKT,2019-07-20 05:00:00,0,
SRKT,2019-07-20 06:00:00,0,
SRKT,2019-07-20 07:00:00,0,
SRKT,2019-07-20 08:00:00,0,
SRKT,2019-07-20 09:00:00,0,
SRKT,2019-07-20 10:00:00,0,
SRKT,2019-07-20 11:00:00,-999,
SRKT,2019-07-20 12:00:00,-999,
SRKT,2019-07-20 13:00:00,-999,
SRKT,2019-07-20 14:00:00,-999,
SRKT,2019-07-20 15:00:00,-999,
SRKT,2019-07-20 16:00:00,-999,
SRKT,2019-07-20 17:00:00,-999,
SRKT,2019-07-20 18:00:00,0,
SRKT,2019-07-20 19:00:00,0,
SRKT,2019-07-20 20:00:00,0,
SRKT,2019-07-20 21:00:00,0,
SRKT,2019-07-20 22:00:00,0,
SRKT,2019-07-20 23:00:00,0,
SRKT,2019-07-21 00:00:00,0,
SRKT,2019-07-21 01:00:00,0,
SRKT,2019-07-21 02:00:00,0,
SRKT,2019-07-21 03:00:00,0,
SRKT,2019-07-21 04:00:00,0,
SRKT,2019-07-21 05:00:00,0,
SRKT,2019-07-21 06:00:00,0,
SRKT,2019-07-21 07:00:00,0,
SRKT,2019-07-21 08:00:00,0,
SRKT,2019-07-21 09:00:00,0,
SRKT,2019-07-21 10:00:00,0,
SRKT,2019-07-21 11:00:00,0,
SRKT,2019-07-21 12:00:00,0,
SRKT,2019-07-21 13:00:00,0,
SRKT,2019-07-21 14:00:00,-999,
SRKT,2019-07-21 15:00:00,-999,
SRKT,2019-07-21 16:00:00,0,
SRKT,2019-07-21 17:00:00,0,
SRKT,2019-07-21 18:00:00,2.4,
SRKT,2019-07-21 19:00:00,7.4,
SRKT,2019-07-21 20:00:00,1.8,
SRKT,2019-07-21 21:00:00,0.4,
SRKT,2019-07-21 22:00:00,0.2,
SRKT,2019-07-21 23:00:00,0,
SRKT,2019-07-22 00:00:00,0,
SRKT,2019-07-22 01:00:00,0,
SRKT,2019-07-22 02:00:00,0,
SRKT,2019-07-22 03:00:00,0,
SRKT,2019-07-22 04:00:00,0.2,
SRKT,2019-07-22 05:00:00,0,
SRKT,2019-07-22 06:00:00,0,
SRKT,2019-07-22 07:00:00,0,
SRKT,2019-07-22 08:00:00,0,
SRKT,2019-07-22 09:00:00,0,
SRKT,2019-07-22 10:00:00,0,
SRKT,2019-07-22 11:00:00,0,
SRKT,2019-07-22 12:00:00,0,
SRKT,2019-07-22 13:00:00,0,
SRKT,2019-07-22 14:00:00,0,
SRKT,2019-07-22 15:00:00,0,
SRKT,2019-07-22 16:00:00,0,
SRKT,2019-07-22 17:00:00,0,
SRKT,2019-07-22 18:00:00,0,
SRKT,2019-07-22 19:00:00,0,
SRKT,2019-07-22 20:00:00,0,
SRKT,2019-07-22 21:00:00,0,
SRKT,2019-07-22 22:00:00,0,
SRKT,2019-07-22 23:00:00,0,
SRKT,2019-07-23 00:00:00,0,
SRKT,2019-07-23 01:00:00,0,
SRKT,2019-07-23 02:00:00,0,
SRKT,2019-07-23 03:00:00,0,
SRKT,2019-07-23 04:00:00,0,
SRKT,2019-07-23 05:00:00,0,
SRKT,2019-07-23 06:00:00,0,
SRKT,2019-07-23 07:00:00,0,
SRKT,2019-07-23 08:00:00,0,
SRKT,2019-07-23 09:00:00,0,
SRKT,2019-07-23 10:00:00,0,
SRKT,2019-07-23 11:00:00,0,
SRKT,2019-07-23 12:00:00,0,
SRKT,2019-07-23 13:00:00,0,
SRKT,2019-07-23 14:00:00,0,
SRKT,2019-07-23 15:00:00,0,
SRKT,2019-07-23 16:00:00,0,
SRKT,2019-07-23 17:00:00,0,
SRKT,2019-07-23 18:00:00,0,
SRKT,2019-07-23 19:00:00,0,
SRKT,2019-07-23 20:00:00,0.6,
SRKT,2019-07-23 21:00:00,0.6,
SRKT,2019-07-23 22:00:00,0.2,
SRKT,2019-07-23 23:00:00,0,
SRKT,2019-07-24 00:00:00,0.2,
SRKT,2019-07-24 01:00:00,0,
SRKT,2019-07-24 02:00:00,0,
SRKT,2019-07-24 03:00:00,0.2,
SRKT,2019-07-24 04:00:00,0.2,
SRKT,2019-07-24 05:00:00,0,
SRKT,2019-07-24 06:00:00,0,
SRKT,2019-07-24 07:00:00,0,
SRKT,2019-07-24 08:00:00,0.2,
SRKT,2019-07-24 09:00:00,0.6,
SRKT,2019-07-24 10:00:00,5.2,
SRKT,2019-07-24 11:00:00,0.2,
SRKT,2019-07-24 12:00:00,0,
SRKT,2019-07-24 13:00:00,9.8,
SRKT,2019-07-24 14:00:00,0.4,
SRKT,2019-07-24 15:00:00,0.4,
SRKT,2019-07-24 16:00:00,0.8,
SRKT,2019-07-24 17:00:00,0,
SRKT,2019-07-24 18:00:00,0.2,
SRKT,2019-07-24 19:00:00,0,
SRKT,2019-07-24 20:00:00,0,
SRKT,2019-07-24 21:00:00,0,
SRKT,2019-07-24 22:00:00,0,
SRKT,2019-07-24 23:00:00,0,
SRKT,2019-07-25 00:00:00,0,
SRKT,2019-07-25 01:00:00,0,
SRKT,2019-07-25 02:00:00,0,
SRKT,2019-07-25 03:00:00,0.4,
SRKT,2019-07-25 04:00:00,0.4,
SRKT,2019-07-25 05:00:00,0.2,
SRKT,2019-07-25 06:00:00,0,
SRKT,2019-07-25 07:00:00,0,
SRKT,2019-07-25 08:00:00,0,
SRKT,2019-07-25 09:00:00,0.2,
SRKT,2019-07-25 10:00:00,0,
SRKT,2019-07-25 11:00:00,0,
SRKT,2019-07-25 12:00:00,0,
SRKT,2019-07-25 13:00:00,0,
SRKT,2019-07-25 14:00:00,0,
SRKT,2019-07-25 15:00:00,0,
SRKT,2019-07-25 16:00:00,0,
SRKT,2019-07-25 17:00:00,0,
SRKT,2019-07-25 18:00:00,0,
SRKT,2019-07-25 19:00:00,0,
SRKT,2019-07-25 20:00:00,0,
SRKT,2019-07-25 21:00:00,0,
SRKT,2019-07-25 22:00:00,0,
SRKT,2019-07-25 23:00:00,0,
SRKT,2019-07-26 00:00:00,0,
SRKT,2019-07-26 01:00:00,0.2,
SRKT,2019-07-26 02:00:00,0,
SRKT,2019-07-26 03:00:00,0,
SRKT,2019-07-26 04:00:00,0,
SRKT,2019-07-26 05:00:00,0,
SRKT,2019-07-26 06:00:00,0,
SRKT,2019-07-26 07:00:00,0,
SRKT,2019-07-26 08:00:00,0,
SRKT,2019-07-26 09:00:00,0,
SRKT,2019-07-26 10:00:00,0,
SRKT,2019-07-26 11:00:00,0,
SRKT,2019-07-26 12:00:00,0,
SRKT,2019-07-26 13:00:00,0,
SRKT,2019-07-26 14:00:00,0,
SRKT,2019-07-26 15:00:00,0,
SRKT,2019-07-26 16:00:00,0,
SRKT,2019-07-26 17:00:00,0,
SRKT,2019-07-26 18:00:00,0,
SRKT,2019-07-26 19:00:00,0,
SRKT,2019-07-26 20:00:00,0,
SRKT,2019-07-26 21:00:00,0,
SRKT,2019-07-26 22:00:00,0.2,
SRKT,2019-07-26 23:00:00,0,
SRKT,2019-07-27 00:00:00,0.2,
SRKT,2019-07-27 01:00:00,0,
SRKT,2019-07-27 02:00:00,0.8,
SRKT,2019-07-27 03:00:00,0.4,
SRKT,2019-07-27 04:00:00,0.2,
SRKT,2019-07-27 05:00:00,0.2,
SRKT,2019-07-27 06:00:00,0,
SRKT,2019-07-27 07:00:00,0,
SRKT,2019-07-27 08:00:00,0,
SRKT,2019-07-27 09:00:00,0,
SRKT,2019-07-27 10:00:00,0,
SRKT,2019-07-27 11:00:00,0,
SRKT,2019-07-27 12:00:00,0.6,
SRKT,2019-07-27 13:00:00,0.2,
SRKT,2019-07-27 14:00:00,0,
SRKT,2019-07-27 15:00:00,0,
SRKT,2019-07-27 16:00:00,0,
SRKT,2019-07-27 17:00:00,0,
SRKT,2019-07-27 18:00:00,0,
SRKT,2019-07-27 19:00:00,0,
SRKT,2019-07-27 20:00:00,0,
SRKT,2019-07-27 21:00:00,0,
SRKT,2019-07-27 22:00:00,0,
SRKT,2019-07-27 23:00:00,0,
SRKT,2019-07-28 00:00:00,0,
SRKT,2019-07-28 01:00:00,0,
SRKT,2019-07-28 02:00:00,0,
SRKT,2019-07-28 03:00:00,0,
SRKT,2019-07-28 04:00:00,0,
SRKT,2019-07-28 05:00:00,0,
SRKT,2019-07-28 06:00:00,0,
SRKT,2019-07-28 07:00:00,0,
SRKT,2019-07-28 08:00:00,0,
SRKT,2019-07-28 09:00:00,0,
SRKT,2019-07-28 10:00:00,0,
SRKT,2019-07-28 11:00:00,0,
SRKT,2019-07-28 12:00:00,0,
SRKT,2019-07-28 13:00:00,0,
SRKT,2019-07-28 14:00:00,0,
SRKT,2019-07-28 15:00:00,0,
SRKT,2019-07-28 16:00:00,0,
SRKT,2019-07-28 17:00:00,0,
SRKT,2019-07-28 18:00:00,0,
SRKT,2019-07-28 19:00:00,0,
SRKT,2019-07-28 20:00:00,0,
SRKT,2019-07-28 21:00:00,0,
SRKT,2019-07-28 22:00:00,0,
SRKT,2019-07-28 23:00:00,0,
SRKT,2019-07-29 00:00:00,0,
SRKT,2019-07-29 01:00:00,0,
SRKT,2019-07-29 02:00:00,0,
SRKT,2019-07-29 03:00:00,0,
SRKT,2019-07-29 04:00:00,0,
SRKT,2019-07-29 05:00:00,0,
SRKT,2019-07-29 06:00:00,0,
SRKT,2019-07-29 07:00:00,0,
SRKT,2019-07-29 08:00:00,0,
SRKT,2019-07-29 09:00:00,0,
SRKT,2019-07-29 10:00:00,0,
SRKT,2019-07-29 11:00:00,0,
SRKT,2019-07-29 12:00:00,-999,
SRKT,2019-07-29 13:00:00,0,
SRKT,2019-07-29 14:00:00,0,
SRKT,2019-07-29 15:00:00,0,
SRKT,2019-07-29 16:00:00,0,
SRKT,2019-07-29 17:00:00,0,
SRKT,2019-07-29 18:00:00,0,
SRKT,2019-07-29 19:00:00,0,
SRKT,2019-07-29 20:00:00,0,
SRKT,2019-07-29 21:00:00,0,
SRKT,2019-07-29 22:00:00,0,
SRKT,2019-07-29 23:00:00,0,
SRKT,2019-07-30 00:00:00,0,
SRKT,2019-07-30 01:00:00,0,
SRKT,2019-07-30 02:00:00,0,
SRKT,2019-07-30 03:00:00,0,
SRKT,2019-07-30 04:00:00,0,
SRKT,2019-07-30 05:00:00,0,
SRKT,2019-07-30 06:00:00,0,
SRKT,2019-07-30 07:00:00,0,
SRKT,2019-07-30 08:00:00,0,
SRKT,2019-07-30 09:00:00,0,
SRKT,2019-07-30 10:00:00,0,
SRKT,2019-07-30 11:00:00,0,
SRKT,2019-07-30 12:00:00,0,
SRKT,2019-07-30 13:00:00,0,
SRKT,2019-07-30 14:00:00,0,
SRKT,2019-07-30 15:00:00,0,
SRKT,2019-07-30 16:00:00,0,
SRKT,2019-07-30 17:00:00,0,
SRKT,2019-07-30 18:00:00,0,
SRKT,2019-07-30 19:00:00,0,
SRKT,2019-07-30 20:00:00,0,
SRKT,2019-07-30 21:00:00,0,
SRKT,2019-07-30 22:00:00,0,
SRKT,2019-07-30 23:00:00,11.6,
SRKT,2019-07-31 00:00:00,1.8,
SRKT,2019-07-31 01:00:00,4.8,
SRKT,2019-07-31 02:00:00,4.4,
SRKT,2019-07-31 03:00:00,4,
SRKT,2019-07-31 04:00:00,1.6,
SRKT,2019-07-31 05:00:00,0,
SRKT,2019-07-31 06:00:00,0.2,
SRKT,2019-07-31 07:00:00,1.6,
SRKT,2019-07-31 08:00:00,0,
SRKT,2019-07-31 09:00:00,0,
SRKT,2019-07-31 10:00:00,0,
SRKT,2019-07-31 11:00:00,0,
SRKT,2019-07-31 12:00:00,0,
SRKT,2019-07-31 13:00:00,0,
SRKT,2019-07-31 14:00:00,0,
SRKT,2019-07-31 15:00:00,0,
SRKT,2019-07-31 16:00:00,0,
SRKT,2019-07-31 17:00:00,0,
SRKT,2019-07-31 18:00:00,0,
SRKT,2019-07-31 19:00:00,0,
SRKT,2019-07-31 20:00:00,0,
SRKT,2019-07-31 21:00:00,0,
SRKT,2019-07-31 22:00:00,0,
SRKT,2019-07-31 23:00:00,0,
WTLG,2019-07-01 00:00:00,0.2,
WTLG,2019-07-01 01:00:00,0,
WTLG,2019-07-01 02:00:00,0,
WTLG,2019-07-01 03:00:00,0,
WTLG,2019-07-01 04:00:00,0,
WTLG,2019-07-01 05:00:00,0,
WTLG,2019-07-01 06:00:00,0,
WTLG,2019-07-01 07:00:00,0,
WTLG,2019-07-01 08:00:00,0,
WTLG,2019-07-01 09:00:00,0,
WTLG,2019-07-01 10:00:00,0,
WTLG,2019-07-01 11:00:00,0,
WTLG,2019-07-01 12:00:00,0,
WTLG,2019-07-01 13:00:00,0,
WTLG,2019-07-01 14:00:00,0,
WTLG,2019-07-01 15:00:00,0,
WTLG,2019-07-01 16:00:00,0,
WTLG,2019-07-01 17:00:00,0,
WTLG,2019-07-01 18:00:00,0,
WTLG,2019-07-01 19:00:00,0,
WTLG,2019-07-01 20:00:00,0,
WTLG,2019-07-01 21:00:00,0,
WTLG,2019-07-01 22:00:00,0,
WTLG,2019-07-01 23:00:00,0,
WTLG,2019-07-02 00:00:00,0,
WTLG,2019-07-02 01:00:00,0,
WTLG,2019-07-02 02:00:00,0,
WTLG,2019-07-02 03:00:00,0,
WTLG,2019-07-02 04:00:00,0,
WTLG,2019-07-02 05:00:00,0,
WTLG,2019-07-02 06:00:00,0,
WTLG,2019-07-02 07:00:00,0,
WTLG,2019-07-02 08:00:00,0,
WTLG,2019-07-02 09:00:00,0,
WTLG,2019-07-02 10:00:00,0,
WTLG,2019-07-02 11:00:00,0,
WTLG,2019-07-02 12:00:00,0,
WTLG,2019-07-02 13:00:00,0,
WTLG,2019-07-02 14:00:00,0.6,
WTLG,2019-07-02 15:00:00,0.2,
WTLG,2019-07-02 16:00:00,0.2,
WTLG,2019-07-02 17:00:00,0,
WTLG,2019-07-02 18:00:00,0.2,
WTLG,2019-07-02 19:00:00,0,
WTLG,2019-07-02 20:00:00,0,
WTLG,2019-07-02 21:00:00,0,
WTLG,2019-07-02 22:00:00,0.2,
WTLG,2019-07-02 23:00:00,0,
WTLG,2019-07-03 00:00:00,0,
WTLG,2019-07-03 01:00:00,0,
WTLG,2019-07-03 02:00:00,0.2,
WTLG,2019-07-03 03:00:00,0,
WTLG,2019-07-03 04:00:00,0,
WTLG,2019-07-03 05:00:00,0.2,
WTLG,2019-07-03 06:00:00,0,
WTLG,2019-07-03 07:00:00,0,
WTLG,2019-07-03 08:00:00,0,
WTLG,2019-07-03 09:00:00,0.2,
WTLG,2019-07-03 10:00:00,0.4,
WTLG,2019-07-03 11:00:00,4.6,
WTLG,2019-07-03 12:00:00,5.2,
WTLG,2019-07-03 13:00:00,3.6,
WTLG,2019-07-03 14:00:00,2,
WTLG,2019-07-03 15:00:00,1,
WTLG,2019-07-03 16:00:00,0.2,
WTLG,2019-07-03 17:00:00,0.6,
WTLG,2019-07-03 18:00:00,0.2,
WTLG,2019-07-03 19:00:00,0,
WTLG,2019-07-03 20:00:00,0,
WTLG,2019-07-03 21:00:00,0,
WTLG,2019-07-03 22:00:00,0,
WTLG,2019-07-03 23:00:00,0,
WTLG,2019-07-04 00:00:00,0,
WTLG,2019-07-04 01:00:00,0,
WTLG,2019-07-04 02:00:00,0,
WTLG,2019-07-04 03:00:00,0.4,
WTLG,2019-07-04 04:00:00,0.2,
WTLG,2019-07-04 05:00:00,0.2,
WTLG,2019-07-04 06:00:00,0,
WTLG,2019-07-04 07:00:00,0,
WTLG,2019-07-04 08:00:00,0,
WTLG,2019-07-04 09:00:00,0,
WTLG,2019-07-04 10:00:00,0,
WTLG,2019-07-04 11:00:00,0,
WTLG,2019-07-04 12:00:00,0,
WTLG,2019-07-04 13:00:00,0,
WTLG,2019-07-04 14:00:00,0.2,
WTLG,2019-07-04 15:00:00,0,
WTLG,2019-07-04 16:00:00,0,
WTLG,2019-07-04 17:00:00,0,
WTLG,2019-07-04 18:00:00,0,
WTLG,2019-07-04 19:00:00,0,
WTLG,2019-07-04 20:00:00,0,
WTLG,2019-07-04 21:00:00,0,
WTLG,2019-07-04 22:00:00,0,
WTLG,2019-07-04 23:00:00,0,
WTLG,2019-07-05 00:00:00,0,
WTLG,2019-07-05 01:00:00,0,
WTLG,2019-07-05 02:00:00,0,
WTLG,2019-07-05 03:00:00,0,
WTLG,2019-07-05 04:00:00,0,
WTLG,2019-07-05 05:00:00,0,
WTLG,2019-07-05 06:00:00,0,
WTLG,2019-07-05 07:00:00,0,
WTLG,2019-07-05 08:00:00,0,
WTLG,2019-07-05 09:00:00,0,
WTLG,2019-07-05 10:00:00,0,
WTLG,2019-07-05 11:00:00,-999,
WTLG,2019-07-05 12:00:00,0,
WTLG,2019-07-05 13:00:00,0,
WTLG,2019-07-05 14:00:00,0,
WTLG,2019-07-05 15:00:00,-999,
WTLG,2019-07-05 16:00:00,-999,
WTLG,2019-07-05 17:00:00,-999,
WTLG,2019-07-05 18:00:00,0,
WTLG,2019-07-05 19:00:00,0,
WTLG,2019-07-05 20:00:00,0,
WTLG,2019-07-05 21:00:00,0,
WTLG,2019-07-05 22:00:00,0,
WTLG,2019-07-05 23:00:00,0,
WTLG,2019-07-06 00:00:00,0,
WTLG,2019-07-06 01:00:00,0,
WTLG,2019-07-06 02:00:00,0,
WTLG,2019-07-06 03:00:00,0,
WTLG,2019-07-06 04:00:00,0,
WTLG,2019-07-06 05:00:00,0,
WTLG,2019-07-06 06:00:00,0,
WTLG,2019-07-06 07:00:00,0,
WTLG,2019-07-06 08:00:00,0,
WTLG,2019-07-06 09:00:00,0,
WTLG,2019-07-06 10:00:00,0.6,
WTLG,2019-07-06 11:00:00,0.6,
WTLG,2019-07-06 12:00:00,0.4,
WTLG,2019-07-06 13:00:00,0,
WTLG,2019-07-06 14:00:00,0.2,
WTLG,2019-07-06 15:00:00,0.2,
WTLG,2019-07-06 16:00:00,0.2,
WTLG,2019-07-06 17:00:00,0,
WTLG,2019-07-06 18:00:00,0.2,
WTLG,2019-07-06 19:00:00,0,
WTLG,2019-07-06 20:00:00,0,
WTLG,2019-07-06 21:00:00,0,
WTLG,2019-07-06 22:00:00,0,
WTLG,2019-07-06 23:00:00,0,
WTLG,2019-07-07 00:00:00,0,
WTLG,2019-07-07 01:00:00,0,
WTLG,2019-07-07 02:00:00,0,
WTLG,2019-07-07 03:00:00,0,
WTLG,2019-07-07 04:00:00,0,
WTLG,2019-07-07 05:00:00,0,
WTLG,2019-07-07 06:00:00,0,
WTLG,2019-07-07 07:00:00,0,
WTLG,2019-07-07 08:00:00,0,
WTLG,2019-07-07 09:00:00,0,
WTLG,2019-07-07 10:00:00,0,
WTLG,2019-07-07 11:00:00,0,
WTLG,2019-07-07 12:00:00,0,
WTLG,2019-07-07 13:00:00,0,
WTLG,2019-07-07 14:00:00,0,
WTLG,2019-07-07 15:00:00,0,
WTLG,2019-07-07 16:00:00,0,
WTLG,2019-07-07 17:00:00,0,
WTLG,2019-07-07 18:00:00,0,
WTLG,2019-07-07 19:00:00,0,
WTLG,2019-07-07 20:00:00,0,
WTLG,2019-07-07 21:00:00,0,
WTLG,2019-07-07 22:00:00,0,
WTLG,2019-07-07 23:00:00,0,
WTLG,2019-07-08 00:00:00,0,
WTLG,2019-07-08 01:00:00,0,
WTLG,2019-07-08 02:00:00,0,
WTLG,2019-07-08 03:00:00,0,
WTLG,2019-07-08 04:00:00,0,
WTLG,2019-07-08 05:00:00,0,
WTLG,2019-07-08 06:00:00,0,
WTLG,2019-07-08 07:00:00,0,
WTLG,2019-07-08 08:00:00,0,
WTLG,2019-07-08 09:00:00,0,
WTLG,2019-07-08 10:00:00,0,
WTLG,2019-07-08 11:00:00,0,
WTLG,2019-07-08 12:00:00,0,
WTLG,2019-07-08 13:00:00,0,
WTLG,2019-07-08 14:00:00,0,
WTLG,2019-07-08 15:00:00,0,
WTLG,2019-07-08 16:00:00,0,
WTLG,2019-07-08 17:00:00,0,
WTLG,2019-07-08 18:00:00,0,
WTLG,2019-07-08 19:00:00,0,
WTLG,2019-07-08 20:00:00,0,
WTLG,2019-07-08 21:00:00,3.8,
WTLG,2019-07-08 22:00:00,1,
WTLG,2019-07-08 23:00:00,0.6,
WTLG,2019-07-09 00:00:00,0.2,
WTLG,2019-07-09 01:00:00,0.2,
WTLG,2019-07-09 02:00:00,0.2,
WTLG,2019-07-09 03:00:00,0,
WTLG,2019-07-09 04:00:00,0,
WTLG,2019-07-09 05:00:00,0.2,
WTLG,2019-07-09 06:00:00,0,
WTLG,2019-07-09 07:00:00,0,
WTLG,2019-07-09 08:00:00,0.2,
WTLG,2019-07-09 09:00:00,0,
WTLG,2019-07-09 10:00:00,0,
WTLG,2019-07-09 11:00:00,0,
WTLG,2019-07-09 12:00:00,0,
WTLG,2019-07-09 13:00:00,0,
WTLG,2019-07-09 14:00:00,0,
WTLG,2019-07-09 15:00:00,0,
WTLG,2019-07-09 16:00:00,0,
WTLG,2019-07-09 17:00:00,0,
WTLG,2019-07-09 18:00:00,0,
WTLG,2019-07-09 19:00:00,0,
WTLG,2019-07-09 20:00:00,0,
WTLG,2019-07-09 21:00:00,0,
WTLG,2019-07-09 22:00:00,2,
WTLG,2019-07-09 23:00:00,0.6,
WTLG,2019-07-10 00:00:00,0.2,
WTLG,2019-07-10 01:00:00,0.2,
WTLG,2019-07-10 02:00:00,0,
WTLG,2019-07-10 03:00:00,0.2,
WTLG,2019-07-10 04:00:00,0.2,
WTLG,2019-07-10 05:00:00,0,
WTLG,2019-07-10 06:00:00,0.2,
WTLG,2019-07-10 07:00:00,0.2,
WTLG,2019-07-10 08:00:00,0.2,
WTLG,2019-07-10 09:00:00,0.2,
WTLG,2019-07-10 10:00:00,0.2,
WTLG,2019-07-10 11:00:00,0.4,
WTLG,2019-07-10 12:00:00,0.4,
WTLG,2019-07-10 13:00:00,0.4,
WTLG,2019-07-10 14:00:00,0.4,
WTLG,2019-07-10 15:00:00,0.4,
WTLG,2019-07-10 16:00:00,0.4,
WTLG,2019-07-10 17:00:00,0.2,
WTLG,2019-07-10 18:00:00,0.2,
WTLG,2019-07-10 19:00:00,0.2,
WTLG,2019-07-10 20:00:00,0.2,
WTLG,2019-07-10 21:00:00,0.2,
WTLG,2019-07-10 22:00:00,0,
WTLG,2019-07-10 23:00:00,0.2,
WTLG,2019-07-11 00:00:00,0,
WTLG,2019-07-11 01:00:00,0,
WTLG,2019-07-11 02:00:00,0.2,
WTLG,2019-07-11 03:00:00,0,
WTLG,2019-07-11 04:00:00,0.2,
WTLG,2019-07-11 05:00:00,0,
WTLG,2019-07-11 06:00:00,0,
WTLG,2019-07-11 07:00:00,0.2,
WTLG,2019-07-11 08:00:00,0,
WTLG,2019-07-11 09:00:00,0.2,
WTLG,2019-07-11 10:00:00,0.2,
WTLG,2019-07-11 11:00:00,0,
WTLG,2019-07-11 12:00:00,0.2,
WTLG,2019-07-11 13:00:00,0.2,
WTLG,2019-07-11 14:00:00,0.2,
WTLG,2019-07-11 15:00:00,0,
WTLG,2019-07-11 16:00:00,0.2,
WTLG,2019-07-11 17:00:00,0.2,
WTLG,2019-07-11 18:00:00,0,
WTLG,2019-07-11 19:00:00,0.2,
WTLG,2019-07-11 20:00:00,0,
WTLG,2019-07-11 21:00:00,0,
WTLG,2019-07-11 22:00:00,0.2,
WTLG,2019-07-11 23:00:00,0,
WTLG,2019-07-12 00:00:00,0.2,
WTLG,2019-07-12 01:00:00,0,
WTLG,2019-07-12 02:00:00,0,
WTLG,2019-07-12 03:00:00,0,
WTLG,2019-07-12 04:00:00,0.2,
WTLG,2019-07-12 05:00:00,0,
WTLG,2019-07-12 06:00:00,0,
WTLG,2019-07-12 07:00:00,0,
WTLG,2019-07-12 08:00:00,0,
WTLG,2019-07-12 09:00:00,0,
WTLG,2019-07-12 10:00:00,0,
WTLG,2019-07-12 11:00:00,0,
WTLG,2019-07-12 12:00:00,0,
WTLG,2019-07-12 13:00:00,0,
WTLG,2019-07-12 14:00:00,0,
WTLG,2019-07-12 15:00:00,0,
WTLG,2019-07-12 16:00:00,0,
WTLG,2019-07-12 17:00:00,0,
WTLG,2019-07-12 18:00:00,0,
WTLG,2019-07-12 19:00:00,0,
WTLG,2019-07-12 20:00:00,0,
WTLG,2019-07-12 21:00:00,0,
WTLG,2019-07-12 22:00:00,0,
WTLG,2019-07-12 23:00:00,0,
WTLG,2019-07-13 00:00:00,0,
WTLG,2019-07-13 01:00:00,0,
WTLG,2019-07-13 02:00:00,0,
WTLG,2019-07-13 03:00:00,0,
WTLG,2019-07-13 04:00:00,0,
WTLG,2019-07-13 05:00:00,0,
WTLG,2019-07-13 06:00:00,0,
WTLG,2019-07-13 07:00:00,0,
WTLG,2019-07-13 08:00:00,0,
WTLG,2019-07-13 09:00:00,0,
WTLG,2019-07-13 10:00:00,0,
WTLG,2019-07-13 11:00:00,0,
WTLG,2019-07-13 12:00:00,0,
WTLG,2019-07-13 13:00:00,0,
WTLG,2019-07-13 14:00:00,0,
WTLG,2019-07-13 15:00:00,0,
WTLG,2019-07-13 16:00:00,0,
WTLG,2019-07-13 17:00:00,0,
WTLG,2019-07-13 18:00:00,0,
WTLG,2019-07-13 19:00:00,0,
WTLG,2019-07-13 20:00:00,0,
WTLG,2019-07-13 21:00:00,0,
WTLG,2019-07-13 22:00:00,0,
WTLG,2019-07-13 23:00:00,0,
WTLG,2019-07-14 00:00:00,0,
WTLG,2019-07-14 01:00:00,0,
WTLG,2019-07-14 02:00:00,0,
WTLG,2019-07-14 03:00:00,0,
WTLG,2019-07-14 04:00:00,0,
WTLG,2019-07-14 05:00:00,0,
WTLG,2019-07-14 06:00:00,0,
WTLG,2019-07-14 07:00:00,0,
WTLG,2019-07-14 08:00:00,0,
WTLG,2019-07-14 09:00:00,0,
WTLG,2019-07-14 10:00:00,0,
WTLG,2019-07-14 11:00:00,0,
WTLG,2019-07-14 12:00:00,0,
WTLG,2019-07-14 13:00:00,0,
WTLG,2019-07-14 14:00:00,0,
WTLG,2019-07-14 15:00:00,0,
WTLG,2019-07-14 16:00:00,0,
WTLG,2019-07-14 17:00:00,0,
WTLG,2019-07-14 18:00:00,0,
WTLG,2019-07-14 19:00:00,0,
WTLG,2019-07-14 20:00:00,0,
WTLG,2019-07-14 21:00:00,0,
WTLG,2019-07-14 22:00:00,0,
WTLG,2019-07-14 23:00:00,0,
WTLG,2019-07-15 00:00:00,0,
WTLG,2019-07-15 01:00:00,0,
WTLG,2019-07-15 02:00:00,0,
WTLG,2019-07-15 03:00:00,0,
WTLG,2019-07-15 04:00:00,0,
WTLG,2019-07-15 05:00:00,0,
WTLG,2019-07-15 06:00:00,0,
WTLG,2019-07-15 07:00:00,0,
WTLG,2019-07-15 08:00:00,0.2,
WTLG,2019-07-15 09:00:00,0.8,
WTLG,2019-07-15 10:00:00,0,
WTLG,2019-07-15 11:00:00,0,
WTLG,2019-07-15 12:00:00,0,
WTLG,2019-07-15 13:00:00,0,
WTLG,2019-07-15 14:00:00,0,
WTLG,2019-07-15 15:00:00,0,
WTLG,2019-07-15 16:00:00,0,
WTLG,2019-07-15 17:00:00,0,
WTLG,2019-07-15 18:00:00,0,
WTLG,2019-07-15 19:00:00,0,
WTLG,2019-07-15 20:00:00,0,
WTLG,2019-07-15 21:00:00,0,
WTLG,2019-07-15 22:00:00,0,
WTLG,2019-07-15 23:00:00,0,
WTLG,2019-07-16 00:00:00,0,
WTLG,2019-07-16 01:00:00,0,
WTLG,2019-07-16 02:00:00,0,
WTLG,2019-07-16 03:00:00,0,
WTLG,2019-07-16 04:00:00,0,
WTLG,2019-07-16 05:00:00,0,
WTLG,2019-07-16 06:00:00,0,
WTLG,2019-07-16 07:00:00,0,
WTLG,2019-07-16 08:00:00,0,
WTLG,2019-07-16 09:00:00,0,
WTLG,2019-07-16 10:00:00,0,
WTLG,2019-07-16 11:00:00,0,
WTLG,2019-07-16 12:00:00,0,
WTLG,2019-07-16 13:00:00,0,
WTLG,2019-07-16 14:00:00,0,
WTLG,2019-07-16 15:00:00,0,
WTLG,2019-07-16 16:00:00,0,
WTLG,2019-07-16 17:00:00,0,
WTLG,2019-07-16 18:00:00,0,
WTLG,2019-07-16 19:00:00,0,
WTLG,2019-07-16 20:00:00,0,
WTLG,2019-07-16 21:00:00,0,
WTLG,2019-07-16 22:00:00,0,
WTLG,2019-07-16 23:00:00,0,
WTLG,2019-07-17 00:00:00,0,
WTLG,2019-07-17 01:00:00,0,
WTLG,2019-07-17 02:00:00,0,
WTLG,2019-07-17 03:00:00,0,
WTLG,2019-07-17 04:00:00,0,
WTLG,2019-07-17 05:00:00,0,
WTLG,2019-07-17 06:00:00,0,
WTLG,2019-07-17 07:00:00,0,
WTLG,2019-07-17 08:00:00,0,
WTLG,2019-07-17 09:00:00,0,
WTLG,2019-07-17 10:00:00,0,
WTLG,2019-07-17 11:00:00,0,
WTLG,2019-07-17 12:00:00,0,
WTLG,2019-07-17 13:00:00,0,
WTLG,2019-07-17 14:00:00,0,
WTLG,2019-07-17 15:00:00,0,
WTLG,2019-07-17 16:00:00,0,
WTLG,2019-07-17 17:00:00,0,
WTLG,2019-07-17 18:00:00,0,
WTLG,2019-07-17 19:00:00,0,
WTLG,2019-07-17 20:00:00,0,
WTLG,2019-07-17 21:00:00,0,
WTLG,2019-07-17 22:00:00,0,
WTLG,2019-07-17 23:00:00,0,
WTLG,2019-07-18 00:00:00,0,
WTLG,2019-07-18 01:00:00,0,
WTLG,2019-07-18 02:00:00,0,
WTLG,2019-07-18 03:00:00,0,
WTLG,2019-07-18 04:00:00,0,
WTLG,2019-07-18 05:00:00,0,
WTLG,2019-07-18 06:00:00,0,
WTLG,2019-07-18 07:00:00,0,
WTLG,2019-07-18 08:00:00,0,
WTLG,2019-07-18 09:00:00,0,
WTLG,2019-07-18 10:00:00,0,
WTLG,2019-07-18 11:00:00,0,
WTLG,2019-07-18 12:00:00,0,
WTLG,2019-07-18 13:00:00,0,
WTLG,2019-07-18 14:00:00,0,
WTLG,2019-07-18 15:00:00,0,
WTLG,2019-07-18 16:00:00,0,
WTLG,2019-07-18 17:00:00,0,
WTLG,2019-07-18 18:00:00,0,
WTLG,2019-07-18 19:00:00,0,
WTLG,2019-07-18 20:00:00,0,
WTLG,2019-07-18 21:00:00,0,
WTLG,2019-07-18 22:00:00,0,
WTLG,2019-07-18 23:00:00,0,
WTLG,2019-07-19 00:00:00,0,
WTLG,2019-07-19 01:00:00,0,
WTLG,2019-07-19 02:00:00,0,
WTLG,2019-07-19 03:00:00,0,
WTLG,2019-07-19 04:00:00,0,
WTLG,2019-07-19 05:00:00,0,
WTLG,2019-07-19 06:00:00,0,
WTLG,2019-07-19 07:00:00,0,
WTLG,2019-07-19 08:00:00,0,
WTLG,2019-07-19 09:00:00,0,
WTLG,2019-07-19 10:00:00,0,
WTLG,2019-07-19 11:00:00,0,
WTLG,2019-07-19 12:00:00,0,
WTLG,2019-07-19 13:00:00,0,
WTLG,2019-07-19 14:00:00,0,
WTLG,2019-07-19 15:00:00,0,
WTLG,2019-07-19 16:00:00,0,
WTLG,2019-07-19 17:00:00,0,
WTLG,2019-07-19 18:00:00,0,
WTLG,2019-07-19 19:00:00,0,
WTLG,2019-07-19 20:00:00,0,
WTLG,2019-07-19 21:00:00,0,
WTLG,2019-07-19 22:00:00,0,
WTLG,2019-07-19 23:00:00,0,
WTLG,2019-07-20 00:00:00,0,
WTLG,2019-07-20 01:00:00,0,
WTLG,2019-07-20 02:00:00,0,
WTLG,2019-07-20 03:00:00,0,
WTLG,2019-07-20 04:00:00,0,
WTLG,2019-07-20 05:00:00,0,
WTLG,2019-07-20 06:00:00,0,
WTLG,2019-07-20 07:00:00,0,
WTLG,2019-07-20 08:00:00,0,
WTLG,2019-07-20 09:00:00,0,
WTLG,2019-07-20 10:00:00,0,
WTLG,2019-07-20 11:00:00,0,
WTLG,2019-07-20 12:00:00,0,
WTLG,2019-07-20 13:00:00,0,
WTLG,2019-07-20 14:00:00,0,
WTLG,2019-07-20 15:00:00,0,
WTLG,2019-07-20 16:00:00,0,
WTLG,2019-07-20 17:00:00,0,
WTLG,2019-07-20 18:00:00,0,
WTLG,2019-07-20 19:00:00,0,
WTLG,2019-07-20 20:00:00,0,
WTLG,2019-07-20 21:00:00,0,
WTLG,2019-07-20 22:00:00,0,
WTLG,2019-07-20 23:00:00,0,
WTLG,2019-07-21 00:00:00,0,
WTLG,2019-07-21 01:00:00,0,
WTLG,2019-07-21 02:00:00,0,
WTLG,2019-07-21 03:00:00,0,
WTLG,2019-07-21 04:00:00,0,
WTLG,2019-07-21 05:00:00,0,
WTLG,2019-07-21 06:00:00,0,
WTLG,2019-07-21 07:00:00,0,
WTLG,2019-07-21 08:00:00,0,
WTLG,2019-07-21 09:00:00,0,
WTLG,2019-07-21 10:00:00,0,
WTLG,2019-07-21 11:00:00,0,
WTLG,2019-07-21 12:00:00,0,
WTLG,2019-07-21 13:00:00,0,
WTLG,2019-07-21 14:00:00,0,
WTLG,2019-07-21 15:00:00,0,
WTLG,2019-07-21 16:00:00,0,
WTLG,2019-07-21 17:00:00,0,
WTLG,2019-07-21 18:00:00,1.6,
WTLG,2019-07-21 19:00:00,37.8,
WTLG,2019-07-21 20:00:00,1.2,
WTLG,2019-07-21 21:00:00,1.6,
WTLG,2019-07-21 22:00:00,0.2,
WTLG,2019-07-21 23:00:00,0,
WTLG,2019-07-22 00:00:00,0,
WTLG,2019-07-22 01:00:00,0,
WTLG,2019-07-22 02:00:00,0,
WTLG,2019-07-22 03:00:00,0,
WTLG,2019-07-22 04:00:00,0,
WTLG,2019-07-22 05:00:00,0,
WTLG,2019-07-22 06:00:00,0,
WTLG,2019-07-22 07:00:00,0,
WTLG,2019-07-22 08:00:00,0,
WTLG,2019-07-22 09:00:00,0,
WTLG,2019-07-22 10:00:00,0,
WTLG,2019-07-22 11:00:00,0,
WTLG,2019-07-22 12:00:00,0,
WTLG,2019-07-22 13:00:00,0.2,
WTLG,2019-07-22 14:00:00,0,
WTLG,2019-07-22 15:00:00,0,
WTLG,2019-07-22 16:00:00,0,
WTLG,2019-07-22 17:00:00,0,
WTLG,2019-07-22 18:00:00,0,
WTLG,2019-07-22 19:00:00,0,
WTLG,2019-07-22 20:00:00,0,
WTLG,2019-07-22 21:00:00,0,
WTLG,2019-07-22 22:00:00,0,
WTLG,2019-07-22 23:00:00,0,
WTLG,2019-07-23 00:00:00,0,
WTLG,2019-07-23 01:00:00,0,
WTLG,2019-07-23 02:00:00,0,
WTLG,2019-07-23 03:00:00,0,
WTLG,2019-07-23 04:00:00,0,
WTLG,2019-07-23 05:00:00,0,
WTLG,2019-07-23 06:00:00,0,
WTLG,2019-07-23 07:00:00,0,
WTLG,2019-07-23 08:00:00,0,
WTLG,2019-07-23 09:00:00,0,
WTLG,2019-07-23 10:00:00,0,
WTLG,2019-07-23 11:00:00,0,
WTLG,2019-07-23 12:00:00,0,
WTLG,2019-07-23 13:00:00,0,
WTLG,2019-07-23 14:00:00,0,
WTLG,2019-07-23 15:00:00,0,
WTLG,2019-07-23 16:00:00,0,
WTLG,2019-07-23 17:00:00,0,
WTLG,2019-07-23 18:00:00,0,
WTLG,2019-07-23 19:00:00,0,
WTLG,2019-07-23 20:00:00,0,
WTLG,2019-07-23 21:00:00,0,
WTLG,2019-07-23 22:00:00,0,
WTLG,2019-07-23 23:00:00,0,
WTLG,2019-07-24 00:00:00,0,
WTLG,2019-07-24 01:00:00,0,
WTLG,2019-07-24 02:00:00,0,
WTLG,2019-07-24 03:00:00,0,
WTLG,2019-07-24 04:00:00,0,
WTLG,2019-07-24 05:00:00,0,
WTLG,2019-07-24 06:00:00,0,
WTLG,2019-07-24 07:00:00,0,
WTLG,2019-07-24 08:00:00,0.2,
WTLG,2019-07-24 09:00:00,0.2,
WTLG,2019-07-24 10:00:00,0,
WTLG,2019-07-24 11:00:00,0,
WTLG,2019-07-24 12:00:00,0,
WTLG,2019-07-24 13:00:00,0,
WTLG,2019-07-24 14:00:00,0,
WTLG,2019-07-24 15:00:00,0,
WTLG,2019-07-24 16:00:00,0,
WTLG,2019-07-24 17:00:00,0,
WTLG,2019-07-24 18:00:00,0,
WTLG,2019-07-24 19:00:00,0,
WTLG,2019-07-24 20:00:00,0,
WTLG,2019-07-24 21:00:00,0,
WTLG,2019-07-24 22:00:00,0,
WTLG,2019-07-24 23:00:00,0,
WTLG,2019-07-25 00:00:00,0,
WTLG,2019-07-25 01:00:00,0,
WTLG,2019-07-25 02:00:00,0,
WTLG,2019-07-25 03:00:00,0,
WTLG,2019-07-25 04:00:00,0,
WTLG,2019-07-25 05:00:00,0,
WTLG,2019-07-25 06:00:00,0,
WTLG,2019-07-25 07:00:00,0,
WTLG,2019-07-25 08:00:00,0,
WTLG,2019-07-25 09:00:00,0,
WTLG,2019-07-25 10:00:00,0,
WTLG,2019-07-25 11:00:00,0,
WTLG,2019-07-25 12:00:00,0,
WTLG,2019-07-25 13:00:00,0,
WTLG,2019-07-25 14:00:00,0,
WTLG,2019-07-25 15:00:00,0,
WTLG,2019-07-25 16:00:00,0,
WTLG,2019-07-25 17:00:00,0,
WTLG,2019-07-25 18:00:00,0,
WTLG,2019-07-25 19:00:00,0,
WTLG,2019-07-25 20:00:00,0,
WTLG,2019-07-25 21:00:00,30,
WTLG,2019-07-25 22:00:00,4,
WTLG,2019-07-25 23:00:00,1,
WTLG,2019-07-26 00:00:00,0.2,
WTLG,2019-07-26 01:00:00,0.2,
WTLG,2019-07-26 02:00:00,0,
WTLG,2019-07-26 03:00:00,0.2,
WTLG,2019-07-26 04:00:00,0,
WTLG,2019-07-26 05:00:00,0,
WTLG,2019-07-26 06:00:00,0,
WTLG,2019-07-26 07:00:00,0.2,
WTLG,2019-07-26 08:00:00,0.4,
WTLG,2019-07-26 09:00:00,0.8,
WTLG,2019-07-26 10:00:00,0,
WTLG,2019-07-26 11:00:00,0,
WTLG,2019-07-26 12:00:00,0,
WTLG,2019-07-26 13:00:00,0,
WTLG,2019-07-26 14:00:00,0,
WTLG,2019-07-26 15:00:00,0,
WTLG,2019-07-26 16:00:00,0,
WTLG,2019-07-26 17:00:00,0,
WTLG,2019-07-26 18:00:00,0,
WTLG,2019-07-26 19:00:00,0,
WTLG,2019-07-26 20:00:00,0,
WTLG,2019-07-26 21:00:00,0,
WTLG,2019-07-26 22:00:00,0,
WTLG,2019-07-26 23:00:00,0,
WTLG,2019-07-27 00:00:00,0,
WTLG,2019-07-27 01:00:00,0,
WTLG,2019-07-27 02:00:00,0,
WTLG,2019-07-27 03:00:00,0,
WTLG,2019-07-27 04:00:00,0,
WTLG,2019-07-27 05:00:00,0,
WTLG,2019-07-27 06:00:00,4.8,
WTLG,2019-07-27 07:00:00,4.4,
WTLG,2019-07-27 08:00:00,1,
WTLG,2019-07-27 09:00:00,0.2,
WTLG,2019-07-27 10:00:00,0.2,
WTLG,2019-07-27 11:00:00,0,
WTLG,2019-07-27 12:00:00,0,
WTLG,2019-07-27 13:00:00,0,
WTLG,2019-07-27 14:00:00,0,
WTLG,2019-07-27 15:00:00,0,
WTLG,2019-07-27 16:00:00,0,
WTLG,2019-07-27 17:00:00,0,
WTLG,2019-07-27 18:00:00,0,
WTLG,2019-07-27 19:00:00,0,
WTLG,2019-07-27 20:00:00,0,
WTLG,2019-07-27 21:00:00,-999,
WTLG,2019-07-27 22:00:00,0,
WTLG,2019-07-27 23:00:00,0,
WTLG,2019-07-28 00:00:00,0,
WTLG,2019-07-28 01:00:00,0,
WTLG,2019-07-28 02:00:00,0,
WTLG,2019-07-28 03:00:00,0,
WTLG,2019-07-28 04:00:00,0,
WTLG,2019-07-28 05:00:00,0,
WTLG,2019-07-28 06:00:00,0,
WTLG,2019-07-28 07:00:00,0,
WTLG,2019-07-28 08:00:00,0,
WTLG,2019-07-28 09:00:00,0,
WTLG,2019-07-28 10:00:00,0,
WTLG,2019-07-28 11:00:00,0,
WTLG,2019-07-28 12:00:00,0,
WTLG,2019-07-28 13:00:00,0,
WTLG,2019-07-28 14:00:00,0,
WTLG,2019-07-28 15:00:00,0,
WTLG,2019-07-28 16:00:00,0,
WTLG,2019-07-28 17:00:00,0,
WTLG,2019-07-28 18:00:00,0,
WTLG,2019-07-28 19:00:00,0,
WTLG,2019-07-28 20:00:00,0,
WTLG,2019-07-28 21:00:00,-999,
WTLG,2019-07-28 22:00:00,0,
WTLG,2019-07-28 23:00:00,0,
WTLG,2019-07-29 00:00:00,0,
WTLG,2019-07-29 01:00:00,0,
WTLG,2019-07-29 02:00:00,0,
WTLG,2019-07-29 03:00:00,0,
WTLG,2019-07-29 04:00:00,0,
WTLG,2019-07-29 05:00:00,0,
WTLG,2019-07-29 06:00:00,0,
WTLG,2019-07-29 07:00:00,0,
WTLG,2019-07-29 08:00:00,0,
WTLG,2019-07-29 09:00:00,0,
WTLG,2019-07-29 10:00:00,0,
WTLG,2019-07-29 11:00:00,0,
WTLG,2019-07-29 12:00:00,0,
WTLG,2019-07-29 13:00:00,0,
WTLG,2019-07-29 14:00:00,0,
WTLG,2019-07-29 15:00:00,0,
WTLG,2019-07-29 16:00:00,0,
WTLG,2019-07-29 17:00:00,0,
WTLG,2019-07-29 18:00:00,0,
WTLG,2019-07-29 19:00:00,0,
WTLG,2019-07-29 20:00:00,0,
WTLG,2019-07-29 21:00:00,0,
WTLG,2019-07-29 22:00:00,0,
WTLG,2019-07-29 23:00:00,0,
WTLG,2019-07-30 00:00:00,0,
WTLG,2019-07-30 01:00:00,0,
WTLG,2019-07-30 02:00:00,0,
WTLG,2019-07-30 03:00:00,0,
WTLG,2019-07-30 04:00:00,0,
WTLG,2019-07-30 05:00:00,0,
WTLG,2019-07-30 06:00:00,0,
WTLG,2019-07-30 07:00:00,0,
WTLG,2019-07-30 08:00:00,0,
WTLG,2019-07-30 09:00:00,0,
WTLG,2019-07-30 10:00:00,0,
WTLG,2019-07-30 11:00:00,0,
WTLG,2019-07-30 12:00:00,0,
WTLG,2019-07-30 13:00:00,0,
WTLG,2019-07-30 14:00:00,0,
WTLG,2019-07-30 15:00:00,0,
WTLG,2019-07-30 16:00:00,0,
WTLG,2019-07-30 17:00:00,0,
WTLG,2019-07-30 18:00:00,0,
WTLG,2019-07-30 19:00:00,0,
WTLG,2019-07-30 20:00:00,0,
WTLG,2019-07-30 21:00:00,0,
WTLG,2019-07-30 22:00:00,0,
WTLG,2019-07-30 23:00:00,0,
WTLG,2019-07-31 00:00:00,0,
WTLG,2019-07-31 01:00:00,0,
WTLG,2019-07-31 02:00:00,0,
WTLG,2019-07-31 03:00:00,0,
WTLG,2019-07-31 04:00:00,0,
WTLG,2019-07-31 05:00:00,0,
WTLG,2019-07-31 06:00:00,0,
WTLG,2019-07-31 07:00:00,0,
WTLG,2019-07-31 08:00:00,0,
WTLG,2019-07-31 09:00:00,0,
WTLG,2019-07-31 10:00:00,0,
WTLG,2019-07-31 11:00:00,0,
WTLG,2019-07-31 12:00:00,0,
WTLG,2019-07-31 13:00:00,0,
WTLG,2019-07-31 14:00:00,0,
WTLG,2019-07-31 15:00:00,0,
WTLG,2019-07-31 16:00:00,0,
WTLG,2019-07-31 17:00:00,0,
WTLG,2019-07-31 18:00:00,0,
WTLG,2019-07-31 19:00:00,0.2,
WTLG,2019-07-31 20:00:00,0,
WTLG,2019-07-31 21:00:00,0,
WTLG,2019-07-31 22:00:00,0,
WTLG,2019-07-31 23:00:00,0,
NAN008,2019-07-01 00:00:00,0,
NAN008,2019-07-01 01:00:00,0,
NAN008,2019-07-01 02:00:00,0,
NAN008,2019-07-01 03:00:00,0,
NAN008,2019-07-01 04:00:00,0,
NAN008,2019-07-01 05:00:00,0,
NAN008,2019-07-01 06:00:00,0,
NAN008,2019-07-01 07:00:00,0,
NAN008,2019-07-01 08:00:00,0,
NAN008,2019-07-01 09:00:00,0,
NAN008,2019-07-01 10:00:00,0,
NAN008,2019-07-01 11:00:00,0,
NAN008,2019-07-01 12:00:00,0,
NAN008,2019-07-01 13:00:00,0,
NAN008,2019-07-01 14:00:00,0,
NAN008,2019-07-01 15:00:00,0,
NAN008,2019-07-01 16:00:00,7,
NAN008,2019-07-01 17:00:00,0,
NAN008,2019-07-01 18:00:00,0,
NAN008,2019-07-01 19:00:00,0,
NAN008,2019-07-01 20:00:00,0,
NAN008,2019-07-01 21:00:00,0,
NAN008,2019-07-01 22:00:00,0,
NAN008,2019-07-01 23:00:00,-999,
NAN008,2019-07-02 00:00:00,0,
NAN008,2019-07-02 01:00:00,0,
NAN008,2019-07-02 02:00:00,0,
NAN008,2019-07-02 03:00:00,0,
NAN008,2019-07-02 04:00:00,0,
NAN008,2019-07-02 05:00:00,0,
NAN008,2019-07-02 06:00:00,0,
NAN008,2019-07-02 07:00:00,0,
NAN008,2019-07-02 08:00:00,0,
NAN008,2019-07-02 09:00:00,0,
NAN008,2019-07-02 10:00:00,0,
NAN008,2019-07-02 11:00:00,0,
NAN008,2019-07-02 12:00:00,0,
NAN008,2019-07-02 13:00:00,0,
NAN008,2019-07-02 14:00:00,-999,
NAN008,2019-07-02 15:00:00,0.6,
NAN008,2019-07-02 16:00:00,0.6,
NAN008,2019-07-02 17:00:00,0.4,
NAN008,2019-07-02 18:00:00,1.2,
NAN008,2019-07-02 19:00:00,0,
NAN008,2019-07-02 20:00:00,0,
NAN008,2019-07-02 21:00:00,0,
NAN008,2019-07-02 22:00:00,0,
NAN008,2019-07-02 23:00:00,0.2,
NAN008,2019-07-03 00:00:00,0,
NAN008,2019-07-03 01:00:00,0,
NAN008,2019-07-03 02:00:00,0.4,
NAN008,2019-07-03 03:00:00,2.4,
NAN008,2019-07-03 04:00:00,0.6,
NAN008,2019-07-03 05:00:00,0,
NAN008,2019-07-03 06:00:00,0,
NAN008,2019-07-03 07:00:00,0,
NAN008,2019-07-03 08:00:00,0,
NAN008,2019-07-03 09:00:00,1.8,
NAN008,2019-07-03 10:00:00,1.6,
NAN008,2019-07-03 11:00:00,-999,
NAN008,2019-07-03 12:00:00,-999,
NAN008,2019-07-03 13:00:00,1.6,
NAN008,2019-07-03 14:00:00,-999,
NAN008,2019-07-03 15:00:00,-999,
NAN008,2019-07-03 16:00:00,-999,
NAN008,2019-07-03 17:00:00,0.4,
NAN008,2019-07-03 18:00:00,0.6,
NAN008,2019-07-03 19:00:00,0.6,
NAN008,2019-07-03 20:00:00,0,
NAN008,2019-07-03 21:00:00,0,
NAN008,2019-07-03 22:00:00,0,
NAN008,2019-07-03 23:00:00,0,
NAN008,2019-07-04 00:00:00,0,
NAN008,2019-07-04 01:00:00,0,
NAN008,2019-07-04 02:00:00,0,
NAN008,2019-07-04 03:00:00,0,
NAN008,2019-07-04 04:00:00,0,
NAN008,2019-07-04 05:00:00,0,
NAN008,2019-07-04 06:00:00,0,
NAN008,2019-07-04 07:00:00,0,
NAN008,2019-07-04 08:00:00,0,
NAN008,2019-07-04 09:00:00,-999,
NAN008,2019-07-04 10:00:00,-999,
NAN008,2019-07-04 11:00:00,0,
NAN008,2019-07-04 12:00:00,0,
NAN008,2019-07-04 13:00:00,0,
NAN008,2019-07-04 14:00:00,0,
NAN008,2019-07-04 15:00:00,0,
NAN008,2019-07-04 16:00:00,0,
NAN008,2019-07-04 17:00:00,0,
NAN008,2019-07-04 18:00:00,-999,
NAN008,2019-07-04 19:00:00,0,
NAN008,2019-07-04 20:00:00,0,
NAN008,2019-07-04 21:00:00,0,
NAN008,2019-07-04 22:00:00,0,
NAN008,2019-07-04 23:00:00,0,
NAN008,2019-07-05 00:00:00,0,
NAN008,2019-07-05 01:00:00,0,
NAN008,2019-07-05 02:00:00,0,
NAN008,2019-07-05 03:00:00,0,
NAN008,2019-07-05 04:00:00,0,
NAN008,2019-07-05 05:00:00,0,
NAN008,2019-07-05 06:00:00,0,
NAN008,2019-07-05 07:00:00,0,
NAN008,2019-07-05 08:00:00,0,
NAN008,2019-07-05 09:00:00,-999,
NAN008,2019-07-05 10:00:00,0,
NAN008,2019-07-05 11:00:00,0,
NAN008,2019-07-05 12:00:00,0,
NAN008,2019-07-05 13:00:00,0,
NAN008,2019-07-05 14:00:00,0,
NAN008,2019-07-05 15:00:00,0,
NAN008,2019-07-05 16:00:00,0,
NAN008,2019-07-05 17:00:00,0,
NAN008,2019-07-05 18:00:00,0,
NAN008,2019-07-05 19:00:00,0,
NAN008,2019-07-05 20:00:00,0,
NAN008,2019-07-05 21:00:00,0,
NAN008,2019-07-05 22:00:00,0,
NAN008,2019-07-05 23:00:00,0,
NAN008,2019-07-06 00:00:00,0,
NAN008,2019-07-06 01:00:00,0,
NAN008,2019-07-06 02:00:00,0,
NAN008,2019-07-06 03:00:00,0,
NAN008,2019-07-06 04:00:00,0,
NAN008,2019-07-06 05:00:00,0,
NAN008,2019-07-06 06:00:00,0,
NAN008,2019-07-06 07:00:00,0,
NAN008,2019-07-06 08:00:00,0,
NAN008,2019-07-06 09:00:00,-999,
NAN008,2019-07-06 10:00:00,-999,
NAN008,2019-07-06 11:00:00,0,
NAN008,2019-07-06 12:00:00,0,
NAN008,2019-07-06 13:00:00,0,
NAN008,2019-07-06 14:00:00,0,
NAN008,2019-07-06 15:00:00,0,
NAN008,2019-07-06 16:00:00,0,
NAN008,2019-07-06 17:00:00,0,
NAN008,2019-07-06 18:00:00,0,
NAN008,2019-07-06 19:00:00,0,
NAN008,2019-07-06 20:00:00,0,
NAN008,2019-07-06 21:00:00,0,
NAN008,2019-07-06 22:00:00,0,
NAN008,2019-07-06 23:00:00,0,
NAN008,2019-07-07 00:00:00,0,
NAN008,2019-07-07 01:00:00,0,
NAN008,2019-07-07 02:00:00,0,
NAN008,2019-07-07 03:00:00,0,
NAN008,2019-07-07 04:00:00,0,
NAN008,2019-07-07 05:00:00,0,
NAN008,2019-07-07 06:00:00,0,
NAN008,2019-07-07 07:00:00,0,
NAN008,2019-07-07 08:00:00,-999,
NAN008,2019-07-07 09:00:00,0,
NAN008,2019-07-07 10:00:00,0,
NAN008,2019-07-07 11:00:00,0,
NAN008,2019-07-07 12:00:00,0,
NAN008,2019-07-07 13:00:00,0,
NAN008,2019-07-07 14:00:00,0,
NAN008,2019-07-07 15:00:00,0,
NAN008,2019-07-07 16:00:00,0,
NAN008,2019-07-07 17:00:00,0,
NAN008,2019-07-07 18:00:00,0,
NAN008,2019-07-07 19:00:00,0,
NAN008,2019-07-07 20:00:00,0,
NAN008,2019-07-07 21:00:00,0,
NAN008,2019-07-07 22:00:00,0,
NAN008,2019-07-07 23:00:00,0,
NAN008,2019-07-08 00:00:00,0,
NAN008,2019-07-08 01:00:00,0,
NAN008,2019-07-08 02:00:00,0,
NAN008,2019-07-08 03:00:00,0,
NAN008,2019-07-08 04:00:00,0,
NAN008,2019-07-08 05:00:00,0,
NAN008,2019-07-08 06:00:00,0,
NAN008,2019-07-08 07:00:00,0,
NAN008,2019-07-08 08:00:00,0,
NAN008,2019-07-08 09:00:00,-999,
NAN008,2019-07-08 10:00:00,0,
NAN008,2019-07-08 11:00:00,0,
NAN008,2019-07-08 12:00:00,0,
NAN008,2019-07-08 13:00:00,0,
NAN008,2019-07-08 14:00:00,0,
NAN008,2019-07-08 15:00:00,0,
NAN008,2019-07-08 16:00:00,0,
NAN008,2019-07-08 17:00:00,0,
NAN008,2019-07-08 18:00:00,0,
NAN008,2019-07-08 19:00:00,0,
NAN008,2019-07-08 20:00:00,0,
NAN008,2019-07-08 21:00:00,0,
NAN008,2019-07-08 22:00:00,0,
NAN008,2019-07-08 23:00:00,0,
NAN008,2019-07-09 00:00:00,0,
NAN008,2019-07-09 01:00:00,0,
NAN008,2019-07-09 02:00:00,0,
NAN008,2019-07-09 03:00:00,0,
NAN008,2019-07-09 04:00:00,0,
NAN008,2019-07-09 05:00:00,0,
NAN008,2019-07-09 06:00:00,0,
NAN008,2019-07-09 07:00:00,0,
NAN008,2019-07-09 08:00:00,-999,
NAN008,2019-07-09 09:00:00,0,
NAN008,2019-07-09 10:00:00,0,
NAN008,2019-07-09 11:00:00,0,
NAN008,2019-07-09 12:00:00,0,
NAN008,2019-07-09 13:00:00,0,
NAN008,2019-07-09 14:00:00,0,
NAN008,2019-07-09 15:00:00,0,
NAN008,2019-07-09 16:00:00,0,
NAN008,2019-07-09 17:00:00,0,
NAN008,2019-07-09 18:00:00,0,
NAN008,2019-07-09 19:00:00,0,
NAN008,2019-07-09 20:00:00,0,
NAN008,2019-07-09 21:00:00,0,
NAN008,2019-07-09 22:00:00,0,
NAN008,2019-07-09 23:00:00,0,
NAN008,2019-07-10 00:00:00,0,
NAN008,2019-07-10 01:00:00,0,
NAN008,2019-07-10 02:00:00,0,
NAN008,2019-07-10 03:00:00,0,
NAN008,2019-07-10 04:00:00,0,
NAN008,2019-07-10 05:00:00,0,
NAN008,2019-07-10 06:00:00,0,
NAN008,2019-07-10 07:00:00,0,
NAN008,2019-07-10 08:00:00,-999,
NAN008,2019-07-10 09:00:00,0,
NAN008,2019-07-10 10:00:00,0,
NAN008,2019-07-10 11:00:00,0,
NAN008,2019-07-10 12:00:00,0,
NAN008,2019-07-10 13:00:00,0,
NAN008,2019-07-10 14:00:00,0,
NAN008,2019-07-10 15:00:00,0,
NAN008,2019-07-10 16:00:00,-999,
NAN008,2019-07-10 17:00:00,-999,
NAN008,2019-07-10 18:00:00,0,
NAN008,2019-07-10 19:00:00,0,
NAN008,2019-07-10 20:00:00,0,
NAN008,2019-07-10 21:00:00,0,
NAN008,2019-07-10 22:00:00,0,
NAN008,2019-07-10 23:00:00,0,
NAN008,2019-07-11 00:00:00,0,
NAN008,2019-07-11 01:00:00,0,
NAN008,2019-07-11 02:00:00,0,
NAN008,2019-07-11 03:00:00,0,
NAN008,2019-07-11 04:00:00,0,
NAN008,2019-07-11 05:00:00,0,
NAN008,2019-07-11 06:00:00,0,
NAN008,2019-07-11 07:00:00,0,
NAN008,2019-07-11 08:00:00,0,
NAN008,2019-07-11 09:00:00,0,
NAN008,2019-07-11 10:00:00,0,
NAN008,2019-07-11 11:00:00,0,
NAN008,2019-07-11 12:00:00,0,
NAN008,2019-07-11 13:00:00,0,
NAN008,2019-07-11 14:00:00,0,
NAN008,2019-07-11 15:00:00,0,
NAN008,2019-07-11 16:00:00,0,
NAN008,2019-07-11 17:00:00,0,
NAN008,2019-07-11 18:00:00,0,
NAN008,2019-07-11 19:00:00,0,
NAN008,2019-07-11 20:00:00,0,
NAN008,2019-07-11 21:00:00,0,
NAN008,2019-07-11 22:00:00,0,
NAN008,2019-07-11 23:00:00,0,
NAN008,2019-07-12 00:00:00,0,
NAN008,2019-07-12 01:00:00,0,
NAN008,2019-07-12 02:00:00,0,
NAN008,2019-07-12 03:00:00,0,
NAN008,2019-07-12 04:00:00,-999,
NAN008,2019-07-12 05:00:00,-999,
NAN008,2019-07-12 06:00:00,0,
NAN008,2019-07-12 07:00:00,0,
NAN008,2019-07-12 08:00:00,0,
NAN008,2019-07-12 09:00:00,0,
NAN008,2019-07-12 10:00:00,0,
NAN008,2019-07-12 11:00:00,0,
NAN008,2019-07-12 12:00:00,0,
NAN008,2019-07-12 13:00:00,0,
NAN008,2019-07-12 14:00:00,0,
NAN008,2019-07-12 15:00:00,0,
NAN008,2019-07-12 16:00:00,0,
NAN008,2019-07-12 17:00:00,0,
NAN008,2019-07-12 18:00:00,0,
NAN008,2019-07-12 19:00:00,0,
NAN008,2019-07-12 20:00:00,0,
NAN008,2019-07-12 21:00:00,0,
NAN008,2019-07-12 22:00:00,0,
NAN008,2019-07-12 23:00:00,0,
NAN008,2019-07-13 00:00:00,0.6,
NAN008,2019-07-13 01:00:00,0.2,
NAN008,2019-07-13 02:00:00,0,
NAN008,2019-07-13 03:00:00,0,
NAN008,2019-07-13 04:00:00,0,
NAN008,2019-07-13 05:00:00,0,
NAN008,2019-07-13 06:00:00,0,
NAN008,2019-07-13 07:00:00,0,
NAN008,2019-07-13 08:00:00,0,
NAN008,2019-07-13 09:00:00,0,
NAN008,2019-07-13 10:00:00,0,
NAN008,2019-07-13 11:00:00,0,
NAN008,2019-07-13 12:00:00,0,
NAN008,2019-07-13 13:00:00,0,
NAN008,2019-07-13 14:00:00,0,
NAN008,2019-07-13 15:00:00,0,
NAN008,2019-07-13 16:00:00,0,
NAN008,2019-07-13 17:00:00,0,
NAN008,2019-07-13 18:00:00,0,
NAN008,2019-07-13 19:00:00,0,
NAN008,2019-07-13 20:00:00,0,
NAN008,2019-07-13 21:00:00,0,
NAN008,2019-07-13 22:00:00,1,
NAN008,2019-07-13 23:00:00,0,
NAN008,2019-07-14 00:00:00,0,
NAN008,2019-07-14 01:00:00,0.2,
NAN008,2019-07-14 02:00:00,0,
NAN008,2019-07-14 03:00:00,0,
NAN008,2019-07-14 04:00:00,0,
NAN008,2019-07-14 05:00:00,0,
NAN008,2019-07-14 06:00:00,0,
NAN008,2019-07-14 07:00:00,0,
NAN008,2019-07-14 08:00:00,-999,
NAN008,2019-07-14 09:00:00,0,
NAN008,2019-07-14 10:00:00,0,
NAN008,2019-07-14 11:00:00,0,
NAN008,2019-07-14 12:00:00,0,
NAN008,2019-07-14 13:00:00,0,
NAN008,2019-07-14 14:00:00,0,
NAN008,2019-07-14 15:00:00,0,
NAN008,2019-07-14 16:00:00,0,
NAN008,2019-07-14 17:00:00,0,
NAN008,2019-07-14 18:00:00,0,
NAN008,2019-07-14 19:00:00,0,
NAN008,2019-07-14 20:00:00,0,
NAN008,2019-07-14 21:00:00,0,
NAN008,2019-07-14 22:00:00,0,
NAN008,2019-07-14 23:00:00,0,
NAN008,2019-07-15 00:00:00,0,
NAN008,2019-07-15 01:00:00,0,
NAN008,2019-07-15 02:00:00,0,
NAN008,2019-07-15 03:00:00,0,
NAN008,2019-07-15 04:00:00,0,
NAN008,2019-07-15 05:00:00,0,
NAN008,2019-07-15 06:00:00,0,
NAN008,2019-07-15 07:00:00,0,
NAN008,2019-07-15 08:00:00,0,
NAN008,2019-07-15 09:00:00,0,
NAN008,2019-07-15 10:00:00,0,
NAN008,2019-07-15 11:00:00,0,
NAN008,2019-07-15 12:00:00,0,
NAN008,2019-07-15 13:00:00,0,
NAN008,2019-07-15 14:00:00,0,
NAN008,2019-07-15 15:00:00,0,
NAN008,2019-07-15 16:00:00,0,
NAN008,2019-07-15 17:00:00,0,
NAN008,2019-07-15 18:00:00,0,
NAN008,2019-07-15 19:00:00,0,
NAN008,2019-07-15 20:00:00,0,
NAN008,2019-07-15 21:00:00,0,
NAN008,2019-07-15 22:00:00,0,
NAN008,2019-07-15 23:00:00,0,
NAN008,2019-07-16 00:00:00,0,
NAN008,2019-07-16 01:00:00,0,
NAN008,2019-07-16 02:00:00,0,
NAN008,2019-07-16 03:00:00,0,
NAN008,2019-07-16 04:00:00,0,
NAN008,2019-07-16 05:00:00,0,
NAN008,2019-07-16 06:00:00,0,
NAN008,2019-07-16 07:00:00,0,
NAN008,2019-07-16 08:00:00,0,
NAN008,2019-07-16 09:00:00,0,
NAN008,2019-07-16 10:00:00,-999,
NAN008,2019-07-16 11:00:00,1.4,
NAN008,2019-07-16 12:00:00,0,
NAN008,2019-07-16 13:00:00,0,
NAN008,2019-07-16 14:00:00,0,
NAN008,2019-07-16 15:00:00,0,
NAN008,2019-07-16 16:00:00,0,
NAN008,2019-07-16 17:00:00,0,
NAN008,2019-07-16 18:00:00,0,
NAN008,2019-07-16 19:00:00,0,
NAN008,2019-07-16 20:00:00,0,
NAN008,2019-07-16 21:00:00,0,
NAN008,2019-07-16 22:00:00,0,
NAN008,2019-07-16 23:00:00,0,
NAN008,2019-07-17 00:00:00,0,
NAN008,2019-07-17 01:00:00,0,
NAN008,2019-07-17 02:00:00,0,
NAN008,2019-07-17 03:00:00,0,
NAN008,2019-07-17 04:00:00,0,
NAN008,2019-07-17 05:00:00,0,
NAN008,2019-07-17 06:00:00,0,
NAN008,2019-07-17 07:00:00,0,
NAN008,2019-07-17 08:00:00,0,
NAN008,2019-07-17 09:00:00,0,
NAN008,2019-07-17 10:00:00,0,
NAN008,2019-07-17 11:00:00,0,
NAN008,2019-07-17 12:00:00,0,
NAN008,2019-07-17 13:00:00,0,
NAN008,2019-07-17 14:00:00,0,
NAN008,2019-07-17 15:00:00,0,
NAN008,2019-07-17 16:00:00,0,
NAN008,2019-07-17 17:00:00,0,
NAN008,2019-07-17 18:00:00,0,
NAN008,2019-07-17 19:00:00,0,
NAN008,2019-07-17 20:00:00,0,
NAN008,2019-07-17 21:00:00,0,
NAN008,2019-07-17 22:00:00,0,
NAN008,2019-07-17 23:00:00,0,
NAN008,2019-07-18 00:00:00,0,
NAN008,2019-07-18 01:00:00,0,
NAN008,2019-07-18 02:00:00,0,
NAN008,2019-07-18 03:00:00,0,
NAN008,2019-07-18 04:00:00,0,
NAN008,2019-07-18 05:00:00,0,
NAN008,2019-07-18 06:00:00,0,
NAN008,2019-07-18 07:00:00,0,
NAN008,2019-07-18 08:00:00,0,
NAN008,2019-07-18 09:00:00,0,
NAN008,2019-07-18 10:00:00,0,
NAN008,2019-07-18 11:00:00,0,
NAN008,2019-07-18 12:00:00,0,
NAN008,2019-07-18 13:00:00,0,
NAN008,2019-07-18 14:00:00,0,
NAN008,2019-07-18 15:00:00,0,
NAN008,2019-07-18 16:00:00,0,
NAN008,2019-07-18 17:00:00,0,
NAN008,2019-07-18 18:00:00,0,
NAN008,2019-07-18 19:00:00,0,
NAN008,2019-07-18 20:00:00,0,
NAN008,2019-07-18 21:00:00,0,
NAN008,2019-07-18 22:00:00,0,
NAN008,2019-07-18 23:00:00,0,
NAN008,2019-07-19 00:00:00,0,
NAN008,2019-07-19 01:00:00,0,
NAN008,2019-07-19 02:00:00,0,
NAN008,2019-07-19 03:00:00,0,
NAN008,2019-07-19 04:00:00,0,
NAN008,2019-07-19 05:00:00,0,
NAN008,2019-07-19 06:00:00,0,
NAN008,2019-07-19 07:00:00,0,
NAN008,2019-07-19 08:00:00,0,
NAN008,2019-07-19 09:00:00,0,
NAN008,2019-07-19 10:00:00,0,
NAN008,2019-07-19 11:00:00,0,
NAN008,2019-07-19 12:00:00,0,
NAN008,2019-07-19 13:00:00,0,
NAN008,2019-07-19 14:00:00,0,
NAN008,2019-07-19 15:00:00,0,
NAN008,2019-07-19 16:00:00,0,
NAN008,2019-07-19 17:00:00,0,
NAN008,2019-07-19 18:00:00,0,
NAN008,2019-07-19 19:00:00,0,
NAN008,2019-07-19 20:00:00,0,
NAN008,2019-07-19 21:00:00,0,
NAN008,2019-07-19 22:00:00,0,
NAN008,2019-07-19 23:00:00,0,
NAN008,2019-07-20 00:00:00,0,
NAN008,2019-07-20 01:00:00,0,
NAN008,2019-07-20 02:00:00,0,
NAN008,2019-07-20 03:00:00,0,
NAN008,2019-07-20 04:00:00,0,
NAN008,2019-07-20 05:00:00,0,
NAN008,2019-07-20 06:00:00,0,
NAN008,2019-07-20 07:00:00,0,
NAN008,2019-07-20 08:00:00,0,
NAN008,2019-07-20 09:00:00,0,
NAN008,2019-07-20 10:00:00,0,
NAN008,2019-07-20 11:00:00,0,
NAN008,2019-07-20 12:00:00,0,
NAN008,2019-07-20 13:00:00,0,
NAN008,2019-07-20 14:00:00,0,
NAN008,2019-07-20 15:00:00,0,
NAN008,2019-07-20 16:00:00,0,
NAN008,2019-07-20 17:00:00,0,
NAN008,2019-07-20 18:00:00,0,
NAN008,2019-07-20 19:00:00,0,
NAN008,2019-07-20 20:00:00,0,
NAN008,2019-07-20 21:00:00,0,
NAN008,2019-07-20 22:00:00,0,
NAN008,2019-07-20 23:00:00,0,
NAN008,2019-07-21 00:00:00,0,
NAN008,2019-07-21 01:00:00,0,
NAN008,2019-07-21 02:00:00,0,
NAN008,2019-07-21 03:00:00,0,
NAN008,2019-07-21 04:00:00,0,
NAN008,2019-07-21 05:00:00,0,
NAN008,2019-07-21 06:00:00,0,
NAN008,2019-07-21 07:00:00,0,
NAN008,2019-07-21 08:00:00,0,
NAN008,2019-07-21 09:00:00,0,
NAN008,2019-07-21 10:00:00,0,
NAN008,2019-07-21 11:00:00,0,
NAN008,2019-07-21 12:00:00,0,
NAN008,2019-07-21 13:00:00,0,
NAN008,2019-07-21 14:00:00,0,
NAN008,2019-07-21 15:00:00,0,
NAN008,2019-07-21 16:00:00,0,
NAN008,2019-07-21 17:00:00,0,
NAN008,2019-07-21 18:00:00,0,
NAN008,2019-07-21 19:00:00,0,
NAN008,2019-07-21 20:00:00,0,
NAN008,2019-07-21 21:00:00,0,
NAN008,2019-07-21 22:00:00,0,
NAN008,2019-07-21 23:00:00,0,
NAN008,2019-07-22 00:00:00,0,
NAN008,2019-07-22 01:00:00,0,
NAN008,2019-07-22 02:00:00,0,
NAN008,2019-07-22 03:00:00,0,
NAN008,2019-07-22 04:00:00,0,
NAN008,2019-07-22 05:00:00,0,
NAN008,2019-07-22 06:00:00,0,
NAN008,2019-07-22 07:00:00,0,
NAN008,2019-07-22 08:00:00,0,
NAN008,2019-07-22 09:00:00,0,
NAN008,2019-07-22 10:00:00,0,
NAN008,2019-07-22 11:00:00,0,
NAN008,2019-07-22 12:00:00,0,
NAN008,2019-07-22 13:00:00,0,
NAN008,2019-07-22 14:00:00,0,
NAN008,2019-07-22 15:00:00,0,
NAN008,2019-07-22 16:00:00,0,
NAN008,2019-07-22 17:00:00,0,
NAN008,2019-07-22 18:00:00,0,
NAN008,2019-07-22 19:00:00,0,
NAN008,2019-07-22 20:00:00,0,
NAN008,2019-07-22 21:00:00,0,
NAN008,2019-07-22 22:00:00,0,
NAN008,2019-07-22 23:00:00,0,
NAN008,2019-07-23 00:00:00,0,
NAN008,2019-07-23 01:00:00,0,
NAN008,2019-07-23 02:00:00,0.4,
NAN008,2019-07-23 03:00:00,0.2,
NAN008,2019-07-23 04:00:00,0,
NAN008,2019-07-23 05:00:00,0,
NAN008,2019-07-23 06:00:00,0,
NAN008,2019-07-23 07:00:00,0,
NAN008,2019-07-23 08:00:00,0,
NAN008,2019-07-23 09:00:00,0,
NAN008,2019-07-23 10:00:00,0,
NAN008,2019-07-23 11:00:00,0,
NAN008,2019-07-23 12:00:00,0,
NAN008,2019-07-23 13:00:00,0,
NAN008,2019-07-23 14:00:00,0,
NAN008,2019-07-23 15:00:00,0,
NAN008,2019-07-23 16:00:00,0,
NAN008,2019-07-23 17:00:00,0,
NAN008,2019-07-23 18:00:00,0,
NAN008,2019-07-23 19:00:00,0,
NAN008,2019-07-23 20:00:00,0,
NAN008,2019-07-23 21:00:00,0,
NAN008,2019-07-23 22:00:00,0,
NAN008,2019-07-23 23:00:00,0,
NAN008,2019-07-24 00:00:00,0,
NAN008,2019-07-24 01:00:00,0,
NAN008,2019-07-24 02:00:00,0,
NAN008,2019-07-24 03:00:00,0,
NAN008,2019-07-24 04:00:00,0,
NAN008,2019-07-24 05:00:00,0,
NAN008,2019-07-24 06:00:00,0,
NAN008,2019-07-24 07:00:00,0,
NAN008,2019-07-24 08:00:00,0,
NAN008,2019-07-24 09:00:00,0,
NAN008,2019-07-24 10:00:00,0,
NAN008,2019-07-24 11:00:00,0,
NAN008,2019-07-24 12:00:00,0,
NAN008,2019-07-24 13:00:00,0,
NAN008,2019-07-24 14:00:00,0,
NAN008,2019-07-24 15:00:00,0,
NAN008,2019-07-24 16:00:00,0,
NAN008,2019-07-24 17:00:00,0,
NAN008,2019-07-24 18:00:00,0,
NAN008,2019-07-24 19:00:00,0,
NAN008,2019-07-24 20:00:00,0,
NAN008,2019-07-24 21:00:00,0,
NAN008,2019-07-24 22:00:00,0,
NAN008,2019-07-24 23:00:00,0,
NAN008,2019-07-25 00:00:00,0,
NAN008,2019-07-25 01:00:00,0,
NAN008,2019-07-25 02:00:00,0,
NAN008,2019-07-25 03:00:00,0,
NAN008,2019-07-25 04:00:00,0,
NAN008,2019-07-25 05:00:00,0,
NAN008,2019-07-25 06:00:00,0,
NAN008,2019-07-25 07:00:00,0,
NAN008,2019-07-25 08:00:00,0,
NAN008,2019-07-25 09:00:00,0,
NAN008,2019-07-25 10:00:00,0,
NAN008,2019-07-25 11:00:00,0,
NAN008,2019-07-25 12:00:00,0,
NAN008,2019-07-25 13:00:00,0,
NAN008,2019-07-25 14:00:00,0,
NAN008,2019-07-25 15:00:00,0,
NAN008,2019-07-25 16:00:00,0,
NAN008,2019-07-25 17:00:00,0,
NAN008,2019-07-25 18:00:00,2.2,
NAN008,2019-07-25 19:00:00,0,
NAN008,2019-07-25 20:00:00,0,
NAN008,2019-07-25 21:00:00,0.2,
NAN008,2019-07-25 22:00:00,0,
NAN008,2019-07-25 23:00:00,0,
NAN008,2019-07-26 00:00:00,0.8,
NAN008,2019-07-26 01:00:00,0,
NAN008,2019-07-26 02:00:00,0.8,
NAN008,2019-07-26 03:00:00,0.6,
NAN008,2019-07-26 04:00:00,0.2,
NAN008,2019-07-26 05:00:00,0.2,
NAN008,2019-07-26 06:00:00,0,
NAN008,2019-07-26 07:00:00,0,
NAN008,2019-07-26 08:00:00,0.6,
NAN008,2019-07-26 09:00:00,0.2,
NAN008,2019-07-26 10:00:00,0.2,
NAN008,2019-07-26 11:00:00,0,
NAN008,2019-07-26 12:00:00,0,
NAN008,2019-07-26 13:00:00,0,
NAN008,2019-07-26 14:00:00,0,
NAN008,2019-07-26 15:00:00,0,
NAN008,2019-07-26 16:00:00,0,
NAN008,2019-07-26 17:00:00,0,
NAN008,2019-07-26 18:00:00,0,
NAN008,2019-07-26 19:00:00,0,
NAN008,2019-07-26 20:00:00,0,
NAN008,2019-07-26 21:00:00,0,
NAN008,2019-07-26 22:00:00,0,
NAN008,2019-07-26 23:00:00,0,
NAN008,2019-07-27 00:00:00,0,
NAN008,2019-07-27 01:00:00,0,
NAN008,2019-07-27 02:00:00,0,
NAN008,2019-07-27 03:00:00,0,
NAN008,2019-07-27 04:00:00,0,
NAN008,2019-07-27 05:00:00,0,
NAN008,2019-07-27 06:00:00,0,
NAN008,2019-07-27 07:00:00,0,
NAN008,2019-07-27 08:00:00,0,
NAN008,2019-07-27 09:00:00,0,
NAN008,2019-07-27 10:00:00,0,
NAN008,2019-07-27 11:00:00,0,
NAN008,2019-07-27 12:00:00,0,
NAN008,2019-07-27 13:00:00,0,
NAN008,2019-07-27 14:00:00,0,
NAN008,2019-07-27 15:00:00,0,
NAN008,2019-07-27 16:00:00,0,
NAN008,2019-07-27 17:00:00,0,
NAN008,2019-07-27 18:00:00,0,
NAN008,2019-07-27 19:00:00,0,
NAN008,2019-07-27 20:00:00,0,
NAN008,2019-07-27 21:00:00,0,
NAN008,2019-07-27 22:00:00,0,
NAN008,2019-07-27 23:00:00,0,
NAN008,2019-07-28 00:00:00,0,
NAN008,2019-07-28 01:00:00,0,
NAN008,2019-07-28 02:00:00,0,
NAN008,2019-07-28 03:00:00,0,
NAN008,2019-07-28 04:00:00,0,
NAN008,2019-07-28 05:00:00,0,
NAN008,2019-07-28 06:00:00,0,
NAN008,2019-07-28 07:00:00,0,
NAN008,2019-07-28 08:00:00,0,
NAN008,2019-07-28 09:00:00,0,
NAN008,2019-07-28 10:00:00,0,
NAN008,2019-07-28 11:00:00,0,
NAN008,2019-07-28 12:00:00,0,
NAN008,2019-07-28 13:00:00,0,
NAN008,2019-07-28 14:00:00,0,
NAN008,2019-07-28 15:00:00,0,
NAN008,2019-07-28 16:00:00,0,
NAN008,2019-07-28 17:00:00,0,
NAN008,2019-07-28 18:00:00,0,
NAN008,2019-07-28 19:00:00,0,
NAN008,2019-07-28 20:00:00,0,
NAN008,2019-07-28 21:00:00,0,
NAN008,2019-07-28 22:00:00,0,
NAN008,2019-07-28 23:00:00,0,
NAN008,2019-07-29 00:00:00,0,
NAN008,2019-07-29 01:00:00,0,
NAN008,2019-07-29 02:00:00,0,
NAN008,2019-07-29 03:00:00,0,
NAN008,2019-07-29 04:00:00,0,
NAN008,2019-07-29 05:00:00,0,
NAN008,2019-07-29 06:00:00,0,
NAN008,2019-07-29 07:00:00,0,
NAN008,2019-07-29 08:00:00,0,
NAN008,2019-07-29 09:00:00,0,
NAN008,2019-07-29 10:00:00,0,
NAN008,2019-07-29 11:00:00,0,
NAN008,2019-07-29 12:00:00,0,
NAN008,2019-07-29 13:00:00,0,
NAN008,2019-07-29 14:00:00,0,
NAN008,2019-07-29 15:00:00,0,
NAN008,2019-07-29 16:00:00,0.2,
NAN008,2019-07-29 17:00:00,2,
NAN008,2019-07-29 18:00:00,0,
NAN008,2019-07-29 19:00:00,0,
NAN008,2019-07-29 20:00:00,0,
NAN008,2019-07-29 21:00:00,0,
NAN008,2019-07-29 22:00:00,0,
NAN008,2019-07-29 23:00:00,0,
NAN008,2019-07-30 00:00:00,0,
NAN008,2019-07-30 01:00:00,0,
NAN008,2019-07-30 02:00:00,0,
NAN008,2019-07-30 03:00:00,0,
NAN008,2019-07-30 04:00:00,0,
NAN008,2019-07-30 05:00:00,0,
NAN008,2019-07-30 06:00:00,0,
NAN008,2019-07-30 07:00:00,0,
NAN008,2019-07-30 08:00:00,0,
NAN008,2019-07-30 09:00:00,0,
NAN008,2019-07-30 10:00:00,0,
NAN008,2019-07-30 11:00:00,0,
NAN008,2019-07-30 12:00:00,0,
NAN008,2019-07-30 13:00:00,0,
NAN008,2019-07-30 14:00:00,0,
NAN008,2019-07-30 15:00:00,0,
NAN008,2019-07-30 16:00:00,0,
NAN008,2019-07-30 17:00:00,0,
NAN008,2019-07-30 18:00:00,0,
NAN008,2019-07-30 19:00:00,0,
NAN008,2019-07-30 20:00:00,0,
NAN008,2019-07-30 21:00:00,1.2,
NAN008,2019-07-30 22:00:00,0.4,
NAN008,2019-07-30 23:00:00,0,
NAN008,2019-07-31 00:00:00,0,
NAN008,2019-07-31 01:00:00,0,
NAN008,2019-07-31 02:00:00,0,
NAN008,2019-07-31 03:00:00,0,
NAN008,2019-07-31 04:00:00,0,
NAN008,2019-07-31 05:00:00,0,
NAN008,2019-07-31 06:00:00,0,
NAN008,2019-07-31 07:00:00,0,
NAN008,2019-07-31 08:00:00,0,
NAN008,2019-07-31 09:00:00,0,
NAN008,2019-07-31 10:00:00,0,
NAN008,2019-07-31 11:00:00,0,
NAN008,2019-07-31 12:00:00,0,
NAN008,2019-07-31 13:00:00,0,
NAN008,2019-07-31 14:00:00,0,
NAN008,2019-07-31 15:00:00,0,
NAN008,2019-07-31 16:00:00,0,
NAN008,2019-07-31 17:00:00,0,
NAN008,2019-07-31 18:00:00,1.2,
NAN008,2019-07-31 19:00:00,0.6,
NAN008,2019-07-31 20:00:00,0,
NAN008,2019-07-31 21:00:00,0,
NAN008,2019-07-31 22:00:00,0,
NAN008,2019-07-31 23:00:00,0,
NAN012,2019-07-01 00:00:00,0,
NAN012,2019-07-01 01:00:00,0,
NAN012,2019-07-01 02:00:00,0,
NAN012,2019-07-01 03:00:00,0,
NAN012,2019-07-01 04:00:00,0,
NAN012,2019-07-01 05:00:00,0,
NAN012,2019-07-01 06:00:00,0,
NAN012,2019-07-01 07:00:00,0,
NAN012,2019-07-01 08:00:00,0.2,
NAN012,2019-07-01 09:00:00,0,
NAN012,2019-07-01 10:00:00,0,
NAN012,2019-07-01 11:00:00,0,
NAN012,2019-07-01 12:00:00,0,
NAN012,2019-07-01 13:00:00,0,
NAN012,2019-07-01 14:00:00,0,
NAN012,2019-07-01 15:00:00,0,
NAN012,2019-07-01 16:00:00,0,
NAN012,2019-07-01 17:00:00,0,
NAN012,2019-07-01 18:00:00,0,
NAN012,2019-07-01 19:00:00,0,
NAN012,2019-07-01 20:00:00,0.2,
NAN012,2019-07-01 21:00:00,0,
NAN012,2019-07-01 22:00:00,0,
NAN012,2019-07-01 23:00:00,0,
NAN012,2019-07-02 00:00:00,0,
NAN012,2019-07-02 01:00:00,0,
NAN012,2019-07-02 02:00:00,0,
NAN012,2019-07-02 03:00:00,0,
NAN012,2019-07-02 04:00:00,0,
NAN012,2019-07-02 05:00:00,0,
NAN012,2019-07-02 06:00:00,0,
NAN012,2019-07-02 07:00:00,0,
NAN012,2019-07-02 08:00:00,0,
NAN012,2019-07-02 09:00:00,0,
NAN012,2019-07-02 10:00:00,0,
NAN012,2019-07-02 11:00:00,0,
NAN012,2019-07-02 12:00:00,0,
NAN012,2019-07-02 13:00:00,0.2,
NAN012,2019-07-02 14:00:00,0,
NAN012,2019-07-02 15:00:00,0,
NAN012,2019-07-02 16:00:00,0,
NAN012,2019-07-02 17:00:00,0,
NAN012,2019-07-02 18:00:00,0,
NAN012,2019-07-02 19:00:00,0,
NAN012,2019-07-02 20:00:00,0,
NAN012,2019-07-02 21:00:00,0,
NAN012,2019-07-02 22:00:00,0,
NAN012,2019-07-02 23:00:00,0,
NAN012,2019-07-03 00:00:00,0,
NAN012,2019-07-03 01:00:00,0.2,
NAN012,2019-07-03 02:00:00,0,
NAN012,2019-07-03 03:00:00,0,
NAN012,2019-07-03 04:00:00,0,
NAN012,2019-07-03 05:00:00,0,
NAN012,2019-07-03 06:00:00,-999,
NAN012,2019-07-03 07:00:00,-999,
NAN012,2019-07-03 08:00:00,-999,
NAN012,2019-07-03 09:00:00,-999,
NAN012,2019-07-03 10:00:00,-999,
NAN012,2019-07-03 11:00:00,-999,
NAN012,2019-07-03 12:00:00,-999,
NAN012,2019-07-03 13:00:00,0,
NAN012,2019-07-03 14:00:00,0,
NAN012,2019-07-03 15:00:00,0,
NAN012,2019-07-03 16:00:00,0,
NAN012,2019-07-03 17:00:00,0,
NAN012,2019-07-03 18:00:00,0,
NAN012,2019-07-03 19:00:00,0,
NAN012,2019-07-03 20:00:00,0.2,
NAN012,2019-07-03 21:00:00,0,
NAN012,2019-07-03 22:00:00,0,
NAN012,2019-07-03 23:00:00,0,
NAN012,2019-07-04 00:00:00,0,
NAN012,2019-07-04 01:00:00,0,
NAN012,2019-07-04 02:00:00,0,
NAN012,2019-07-04 03:00:00,0,
NAN012,2019-07-04 04:00:00,0,
NAN012,2019-07-04 05:00:00,0,
NAN012,2019-07-04 06:00:00,0,
NAN012,2019-07-04 07:00:00,0,
NAN012,2019-07-04 08:00:00,0.2,
NAN012,2019-07-04 09:00:00,0,
NAN012,2019-07-04 10:00:00,0,
NAN012,2019-07-04 11:00:00,0,
NAN012,2019-07-04 12:00:00,0,
NAN012,2019-07-04 13:00:00,0,
NAN012,2019-07-04 14:00:00,0,
NAN012,2019-07-04 15:00:00,0,
NAN012,2019-07-04 16:00:00,0,
NAN012,2019-07-04 17:00:00,0,
NAN012,2019-07-04 18:00:00,0,
NAN012,2019-07-04 19:00:00,0,
NAN012,2019-07-04 20:00:00,0,
NAN012,2019-07-04 21:00:00,0,
NAN012,2019-07-04 22:00:00,0,
NAN012,2019-07-04 23:00:00,0,
NAN012,2019-07-05 00:00:00,0,
NAN012,2019-07-05 01:00:00,0,
NAN012,2019-07-05 02:00:00,0,
NAN012,2019-07-05 03:00:00,0,
NAN012,2019-07-05 04:00:00,0,
NAN012,2019-07-05 05:00:00,0,
NAN012,2019-07-05 06:00:00,0,
NAN012,2019-07-05 07:00:00,0,
NAN012,2019-07-05 08:00:00,0,
NAN012,2019-07-05 09:00:00,0,
NAN012,2019-07-05 10:00:00,0,
NAN012,2019-07-05 11:00:00,0,
NAN012,2019-07-05 12:00:00,0.2,
NAN012,2019-07-05 13:00:00,0,
NAN012,2019-07-05 14:00:00,0,
NAN012,2019-07-05 15:00:00,0,
NAN012,2019-07-05 16:00:00,0,
NAN012,2019-07-05 17:00:00,0,
NAN012,2019-07-05 18:00:00,0,
NAN012,2019-07-05 19:00:00,0,
NAN012,2019-07-05 20:00:00,0,
NAN012,2019-07-05 21:00:00,0,
NAN012,2019-07-05 22:00:00,0,
NAN012,2019-07-05 23:00:00,0,
NAN012,2019-07-06 00:00:00,0,
NAN012,2019-07-06 01:00:00,0,
NAN012,2019-07-06 02:00:00,0,
NAN012,2019-07-06 03:00:00,0,
NAN012,2019-07-06 04:00:00,0,
NAN012,2019-07-06 05:00:00,0.2,
NAN012,2019-07-06 06:00:00,0,
NAN012,2019-07-06 07:00:00,0,
NAN012,2019-07-06 08:00:00,0,
NAN012,2019-07-06 09:00:00,0,
NAN012,2019-07-06 10:00:00,0,
NAN012,2019-07-06 11:00:00,0,
NAN012,2019-07-06 12:00:00,0,
NAN012,2019-07-06 13:00:00,0,
NAN012,2019-07-06 14:00:00,0,
NAN012,2019-07-06 15:00:00,0,
NAN012,2019-07-06 16:00:00,0,
NAN012,2019-07-06 17:00:00,0,
NAN012,2019-07-06 18:00:00,0,
NAN012,2019-07-06 19:00:00,0,
NAN012,2019-07-06 20:00:00,0,
NAN012,2019-07-06 21:00:00,0,
NAN012,2019-07-06 22:00:00,0,
NAN012,2019-07-06 23:00:00,0,
NAN012,2019-07-07 00:00:00,0,
NAN012,2019-07-07 01:00:00,0,
NAN012,2019-07-07 02:00:00,0,
NAN012,2019-07-07 03:00:00,0,
NAN012,2019-07-07 04:00:00,0,
NAN012,2019-07-07 05:00:00,0,
NAN012,2019-07-07 06:00:00,0,
NAN012,2019-07-07 07:00:00,0,
NAN012,2019-07-07 08:00:00,0,
NAN012,2019-07-07 09:00:00,0.2,
NAN012,2019-07-07 10:00:00,0,
NAN012,2019-07-07 11:00:00,0,
NAN012,2019-07-07 12:00:00,0,
NAN012,2019-07-07 13:00:00,0,
NAN012,2019-07-07 14:00:00,0,
NAN012,2019-07-07 15:00:00,0,
NAN012,2019-07-07 16:00:00,0,
NAN012,2019-07-07 17:00:00,0,
NAN012,2019-07-07 18:00:00,0,
NAN012,2019-07-07 19:00:00,0,
NAN012,2019-07-07 20:00:00,0,
NAN012,2019-07-07 21:00:00,0,
NAN012,2019-07-07 22:00:00,0,
NAN012,2019-07-07 23:00:00,0,
NAN012,2019-07-08 00:00:00,0,
NAN012,2019-07-08 01:00:00,0.2,
NAN012,2019-07-08 02:00:00,0,
NAN012,2019-07-08 03:00:00,0,
NAN012,2019-07-08 04:00:00,0,
NAN012,2019-07-08 05:00:00,0,
NAN012,2019-07-08 06:00:00,0,
NAN012,2019-07-08 07:00:00,0,
NAN012,2019-07-08 08:00:00,0,
NAN012,2019-07-08 09:00:00,0,
NAN012,2019-07-08 10:00:00,0,
NAN012,2019-07-08 11:00:00,0,
NAN012,2019-07-08 12:00:00,0,
NAN012,2019-07-08 13:00:00,0,
NAN012,2019-07-08 14:00:00,0,
NAN012,2019-07-08 15:00:00,0,
NAN012,2019-07-08 16:00:00,0,
NAN012,2019-07-08 17:00:00,0,
NAN012,2019-07-08 18:00:00,0,
NAN012,2019-07-08 19:00:00,0,
NAN012,2019-07-08 20:00:00,0,
NAN012,2019-07-08 21:00:00,0,
NAN012,2019-07-08 22:00:00,0,
NAN012,2019-07-08 23:00:00,0,
NAN012,2019-07-09 00:00:00,0,
NAN012,2019-07-09 01:00:00,0,
NAN012,2019-07-09 02:00:00,0,
NAN012,2019-07-09 03:00:00,0,
NAN012,2019-07-09 04:00:00,0,
NAN012,2019-07-09 05:00:00,0,
NAN012,2019-07-09 06:00:00,0,
NAN012,2019-07-09 07:00:00,0,
NAN012,2019-07-09 08:00:00,0,
NAN012,2019-07-09 09:00:00,0,
NAN012,2019-07-09 10:00:00,0,
NAN012,2019-07-09 11:00:00,0,
NAN012,2019-07-09 12:00:00,0,
NAN012,2019-07-09 13:00:00,0,
NAN012,2019-07-09 14:00:00,0,
NAN012,2019-07-09 15:00:00,0.2,
NAN012,2019-07-09 16:00:00,0,
NAN012,2019-07-09 17:00:00,0,
NAN012,2019-07-09 18:00:00,0,
NAN012,2019-07-09 19:00:00,0,
NAN012,2019-07-09 20:00:00,0,
NAN012,2019-07-09 21:00:00,0,
NAN012,2019-07-09 22:00:00,0,
NAN012,2019-07-09 23:00:00,0,
NAN012,2019-07-10 00:00:00,0,
NAN012,2019-07-10 01:00:00,0,
NAN012,2019-07-10 02:00:00,0,
NAN012,2019-07-10 03:00:00,0,
NAN012,2019-07-10 04:00:00,0,
NAN012,2019-07-10 05:00:00,0,
NAN012,2019-07-10 06:00:00,0,
NAN012,2019-07-10 07:00:00,0,
NAN012,2019-07-10 08:00:00,0,
NAN012,2019-07-10 09:00:00,0,
NAN012,2019-07-10 10:00:00,0,
NAN012,2019-07-10 11:00:00,0,
NAN012,2019-07-10 12:00:00,0,
NAN012,2019-07-10 13:00:00,0,
NAN012,2019-07-10 14:00:00,0,
NAN012,2019-07-10 15:00:00,0,
NAN012,2019-07-10 16:00:00,0,
NAN012,2019-07-10 17:00:00,0,
NAN012,2019-07-10 18:00:00,0,
NAN012,2019-07-10 19:00:00,0,
NAN012,2019-07-10 20:00:00,0,
NAN012,2019-07-10 21:00:00,0,
NAN012,2019-07-10 22:00:00,0,
NAN012,2019-07-10 23:00:00,0,
NAN012,2019-07-11 00:00:00,0,
NAN012,2019-07-11 01:00:00,0,
NAN012,2019-07-11 02:00:00,0,
NAN012,2019-07-11 03:00:00,0,
NAN012,2019-07-11 04:00:00,0,
NAN012,2019-07-11 05:00:00,0,
NAN012,2019-07-11 06:00:00,0,
NAN012,2019-07-11 07:00:00,0,
NAN012,2019-07-11 08:00:00,0,
NAN012,2019-07-11 09:00:00,0,
NAN012,2019-07-11 10:00:00,0,
NAN012,2019-07-11 11:00:00,0,
NAN012,2019-07-11 12:00:00,0,
NAN012,2019-07-11 13:00:00,0,
NAN012,2019-07-11 14:00:00,0,
NAN012,2019-07-11 15:00:00,0,
NAN012,2019-07-11 16:00:00,0,
NAN012,2019-07-11 17:00:00,0,
NAN012,2019-07-11 18:00:00,0,
NAN012,2019-07-11 19:00:00,0,
NAN012,2019-07-11 20:00:00,0,
NAN012,2019-07-11 21:00:00,0,
NAN012,2019-07-11 22:00:00,0,
NAN012,2019-07-11 23:00:00,0,
NAN012,2019-07-12 00:00:00,0,
NAN012,2019-07-12 01:00:00,0,
NAN012,2019-07-12 02:00:00,0,
NAN012,2019-07-12 03:00:00,0,
NAN012,2019-07-12 04:00:00,0,
NAN012,2019-07-12 05:00:00,0,
NAN012,2019-07-12 06:00:00,0,
NAN012,2019-07-12 07:00:00,0,
NAN012,2019-07-12 08:00:00,0,
NAN012,2019-07-12 09:00:00,0,
NAN012,2019-07-12 10:00:00,0,
NAN012,2019-07-12 11:00:00,0,
NAN012,2019-07-12 12:00:00,0,
NAN012,2019-07-12 13:00:00,0,
NAN012,2019-07-12 14:00:00,0,
NAN012,2019-07-12 15:00:00,0,
NAN012,2019-07-12 16:00:00,0,
NAN012,2019-07-12 17:00:00,0,
NAN012,2019-07-12 18:00:00,0,
NAN012,2019-07-12 19:00:00,0,
NAN012,2019-07-12 20:00:00,0,
NAN012,2019-07-12 21:00:00,0,
NAN012,2019-07-12 22:00:00,0,
NAN012,2019-07-12 23:00:00,0,
NAN012,2019-07-13 00:00:00,0,
NAN012,2019-07-13 01:00:00,0,
NAN012,2019-07-13 02:00:00,0,
NAN012,2019-07-13 03:00:00,0,
NAN012,2019-07-13 04:00:00,0,
NAN012,2019-07-13 05:00:00,0,
NAN012,2019-07-13 06:00:00,0,
NAN012,2019-07-13 07:00:00,0,
NAN012,2019-07-13 08:00:00,0,
NAN012,2019-07-13 09:00:00,0,
NAN012,2019-07-13 10:00:00,0,
NAN012,2019-07-13 11:00:00,0,
NAN012,2019-07-13 12:00:00,0,
NAN012,2019-07-13 13:00:00,0,
NAN012,2019-07-13 14:00:00,0,
NAN012,2019-07-13 15:00:00,0,
NAN012,2019-07-13 16:00:00,0,
NAN012,2019-07-13 17:00:00,0,
NAN012,2019-07-13 18:00:00,0,
NAN012,2019-07-13 19:00:00,0,
NAN012,2019-07-13 20:00:00,0,
NAN012,2019-07-13 21:00:00,0,
NAN012,2019-07-13 22:00:00,0,
NAN012,2019-07-13 23:00:00,0,
NAN012,2019-07-14 00:00:00,0,
NAN012,2019-07-14 01:00:00,0,
NAN012,2019-07-14 02:00:00,0,
NAN012,2019-07-14 03:00:00,0,
NAN012,2019-07-14 04:00:00,0,
NAN012,2019-07-14 05:00:00,0,
NAN012,2019-07-14 06:00:00,0,
NAN012,2019-07-14 07:00:00,0,
NAN012,2019-07-14 08:00:00,0,
NAN012,2019-07-14 09:00:00,0,
NAN012,2019-07-14 10:00:00,0,
NAN012,2019-07-14 11:00:00,0,
NAN012,2019-07-14 12:00:00,0,
NAN012,2019-07-14 13:00:00,0,
NAN012,2019-07-14 14:00:00,0,
NAN012,2019-07-14 15:00:00,0,
NAN012,2019-07-14 16:00:00,0,
NAN012,2019-07-14 17:00:00,0,
NAN012,2019-07-14 18:00:00,0,
NAN012,2019-07-14 19:00:00,0,
NAN012,2019-07-14 20:00:00,0,
NAN012,2019-07-14 21:00:00,0,
NAN012,2019-07-14 22:00:00,0,
NAN012,2019-07-14 23:00:00,0,
NAN012,2019-07-15 00:00:00,0,
NAN012,2019-07-15 01:00:00,0,
NAN012,2019-07-15 02:00:00,0,
NAN012,2019-07-15 03:00:00,0,
NAN012,2019-07-15 04:00:00,0,
NAN012,2019-07-15 05:00:00,0,
NAN012,2019-07-15 06:00:00,0,
NAN012,2019-07-15 07:00:00,0,
NAN012,2019-07-15 08:00:00,0,
NAN012,2019-07-15 09:00:00,0,
NAN012,2019-07-15 10:00:00,0,
NAN012,2019-07-15 11:00:00,0,
NAN012,2019-07-15 12:00:00,0,
NAN012,2019-07-15 13:00:00,0,
NAN012,2019-07-15 14:00:00,0,
NAN012,2019-07-15 15:00:00,0,
NAN012,2019-07-15 16:00:00,0,
NAN012,2019-07-15 17:00:00,0,
NAN012,2019-07-15 18:00:00,0,
NAN012,2019-07-15 19:00:00,0,
NAN012,2019-07-15 20:00:00,0,
NAN012,2019-07-15 21:00:00,0,
NAN012,2019-07-15 22:00:00,0,
NAN012,2019-07-15 23:00:00,0,
NAN012,2019-07-16 00:00:00,0,
NAN012,2019-07-16 01:00:00,0,
NAN012,2019-07-16 02:00:00,0,
NAN012,2019-07-16 03:00:00,0,
NAN012,2019-07-16 04:00:00,0,
NAN012,2019-07-16 05:00:00,0,
NAN012,2019-07-16 06:00:00,0,
NAN012,2019-07-16 07:00:00,0,
NAN012,2019-07-16 08:00:00,0,
NAN012,2019-07-16 09:00:00,0,
NAN012,2019-07-16 10:00:00,0,
NAN012,2019-07-16 11:00:00,0,
NAN012,2019-07-16 12:00:00,0,
NAN012,2019-07-16 13:00:00,0,
NAN012,2019-07-16 14:00:00,0,
NAN012,2019-07-16 15:00:00,0,
NAN012,2019-07-16 16:00:00,0,
NAN012,2019-07-16 17:00:00,0,
NAN012,2019-07-16 18:00:00,0,
NAN012,2019-07-16 19:00:00,0,
NAN012,2019-07-16 20:00:00,0,
NAN012,2019-07-16 21:00:00,0,
NAN012,2019-07-16 22:00:00,0,
NAN012,2019-07-16 23:00:00,0,
NAN012,2019-07-17 00:00:00,0,
NAN012,2019-07-17 01:00:00,0,
NAN012,2019-07-17 02:00:00,0,
NAN012,2019-07-17 03:00:00,0,
NAN012,2019-07-17 04:00:00,0,
NAN012,2019-07-17 05:00:00,0,
NAN012,2019-07-17 06:00:00,0,
NAN012,2019-07-17 07:00:00,0,
NAN012,2019-07-17 08:00:00,0,
NAN012,2019-07-17 09:00:00,0,
NAN012,2019-07-17 10:00:00,0,
NAN012,2019-07-17 11:00:00,0,
NAN012,2019-07-17 12:00:00,0,
NAN012,2019-07-17 13:00:00,0,
NAN012,2019-07-17 14:00:00,0,
NAN012,2019-07-17 15:00:00,0,
NAN012,2019-07-17 16:00:00,0,
NAN012,2019-07-17 17:00:00,0,
NAN012,2019-07-17 18:00:00,0,
NAN012,2019-07-17 19:00:00,0,
NAN012,2019-07-17 20:00:00,0,
NAN012,2019-07-17 21:00:00,0,
NAN012,2019-07-17 22:00:00,0,
NAN012,2019-07-17 23:00:00,0,
NAN012,2019-07-18 00:00:00,0,
NAN012,2019-07-18 01:00:00,0,
NAN012,2019-07-18 02:00:00,0,
NAN012,2019-07-18 03:00:00,0,
NAN012,2019-07-18 04:00:00,0,
NAN012,2019-07-18 05:00:00,0,
NAN012,2019-07-18 06:00:00,0,
NAN012,2019-07-18 07:00:00,0,
NAN012,2019-07-18 08:00:00,0,
NAN012,2019-07-18 09:00:00,0,
NAN012,2019-07-18 10:00:00,0,
NAN012,2019-07-18 11:00:00,0,
NAN012,2019-07-18 12:00:00,0,
NAN012,2019-07-18 13:00:00,0,
NAN012,2019-07-18 14:00:00,-999,
NAN012,2019-07-18 15:00:00,-999,
NAN012,2019-07-18 16:00:00,-999,
NAN012,2019-07-18 17:00:00,1.4,
NAN012,2019-07-18 18:00:00,0,
NAN012,2019-07-18 19:00:00,0,
NAN012,2019-07-18 20:00:00,0,
NAN012,2019-07-18 21:00:00,0,
NAN012,2019-07-18 22:00:00,0,
NAN012,2019-07-18 23:00:00,0,
NAN012,2019-07-19 00:00:00,0,
NAN012,2019-07-19 01:00:00,0,
NAN012,2019-07-19 02:00:00,0,
NAN012,2019-07-19 03:00:00,0,
NAN012,2019-07-19 04:00:00,0,
NAN012,2019-07-19 05:00:00,0,
NAN012,2019-07-19 06:00:00,0,
NAN012,2019-07-19 07:00:00,0,
NAN012,2019-07-19 08:00:00,0,
NAN012,2019-07-19 09:00:00,0,
NAN012,2019-07-19 10:00:00,0,
NAN012,2019-07-19 11:00:00,0,
NAN012,2019-07-19 12:00:00,0,
NAN012,2019-07-19 13:00:00,0,
NAN012,2019-07-19 14:00:00,0,
NAN012,2019-07-19 15:00:00,0,
NAN012,2019-07-19 16:00:00,0,
NAN012,2019-07-19 17:00:00,0,
NAN012,2019-07-19 18:00:00,0,
NAN012,2019-07-19 19:00:00,0,
NAN012,2019-07-19 20:00:00,0,
NAN012,2019-07-19 21:00:00,0,
NAN012,2019-07-19 22:00:00,0,
NAN012,2019-07-19 23:00:00,0,
NAN012,2019-07-20 00:00:00,0,
NAN012,2019-07-20 01:00:00,0,
NAN012,2019-07-20 02:00:00,0,
NAN012,2019-07-20 03:00:00,0,
NAN012,2019-07-20 04:00:00,0,
NAN012,2019-07-20 05:00:00,0,
NAN012,2019-07-20 06:00:00,0,
NAN012,2019-07-20 07:00:00,0,
NAN012,2019-07-20 08:00:00,0,
NAN012,2019-07-20 09:00:00,0,
NAN012,2019-07-20 10:00:00,0,
NAN012,2019-07-20 11:00:00,0,
NAN012,2019-07-20 12:00:00,0,
NAN012,2019-07-20 13:00:00,0,
NAN012,2019-07-20 14:00:00,0,
NAN012,2019-07-20 15:00:00,0,
NAN012,2019-07-20 16:00:00,0,
NAN012,2019-07-20 17:00:00,0,
NAN012,2019-07-20 18:00:00,0,
NAN012,2019-07-20 19:00:00,0,
NAN012,2019-07-20 20:00:00,0,
NAN012,2019-07-20 21:00:00,0,
NAN012,2019-07-20 22:00:00,0,
NAN012,2019-07-20 23:00:00,0,
NAN012,2019-07-21 00:00:00,0,
NAN012,2019-07-21 01:00:00,0,
NAN012,2019-07-21 02:00:00,0,
NAN012,2019-07-21 03:00:00,0,
NAN012,2019-07-21 04:00:00,0,
NAN012,2019-07-21 05:00:00,0,
NAN012,2019-07-21 06:00:00,0,
NAN012,2019-07-21 07:00:00,0,
NAN012,2019-07-21 08:00:00,0,
NAN012,2019-07-21 09:00:00,0,
NAN012,2019-07-21 10:00:00,0,
NAN012,2019-07-21 11:00:00,0,
NAN012,2019-07-21 12:00:00,0,
NAN012,2019-07-21 13:00:00,0,
NAN012,2019-07-21 14:00:00,0,
NAN012,2019-07-21 15:00:00,0,
NAN012,2019-07-21 16:00:00,0,
NAN012,2019-07-21 17:00:00,0,
NAN012,2019-07-21 18:00:00,0,
NAN012,2019-07-21 19:00:00,0,
NAN012,2019-07-21 20:00:00,0.2,
NAN012,2019-07-21 21:00:00,0,
NAN012,2019-07-21 22:00:00,0,
NAN012,2019-07-21 23:00:00,0,
NAN012,2019-07-22 00:00:00,0,
NAN012,2019-07-22 01:00:00,0,
NAN012,2019-07-22 02:00:00,0,
NAN012,2019-07-22 03:00:00,0,
NAN012,2019-07-22 04:00:00,0,
NAN012,2019-07-22 05:00:00,0,
NAN012,2019-07-22 06:00:00,0,
NAN012,2019-07-22 07:00:00,0,
NAN012,2019-07-22 08:00:00,0,
NAN012,2019-07-22 09:00:00,0,
NAN012,2019-07-22 10:00:00,0,
NAN012,2019-07-22 11:00:00,0,
NAN012,2019-07-22 12:00:00,0,
NAN012,2019-07-22 13:00:00,0,
NAN012,2019-07-22 14:00:00,0,
NAN012,2019-07-22 15:00:00,0,
NAN012,2019-07-22 16:00:00,0,
NAN012,2019-07-22 17:00:00,-999,
NAN012,2019-07-22 18:00:00,0,
NAN012,2019-07-22 19:00:00,-999,
NAN012,2019-07-22 20:00:00,0,
NAN012,2019-07-22 21:00:00,0,
NAN012,2019-07-22 22:00:00,0,
NAN012,2019-07-22 23:00:00,0,
NAN012,2019-07-23 00:00:00,0,
NAN012,2019-07-23 01:00:00,0,
NAN012,2019-07-23 02:00:00,0,
NAN012,2019-07-23 03:00:00,0,
NAN012,2019-07-23 04:00:00,0,
NAN012,2019-07-23 05:00:00,0,
NAN012,2019-07-23 06:00:00,0,
NAN012,2019-07-23 07:00:00,0,
NAN012,2019-07-23 08:00:00,0,
NAN012,2019-07-23 09:00:00,0,
NAN012,2019-07-23 10:00:00,0,
NAN012,2019-07-23 11:00:00,0,
NAN012,2019-07-23 12:00:00,0,
NAN012,2019-07-23 13:00:00,0,
NAN012,2019-07-23 14:00:00,0,
NAN012,2019-07-23 15:00:00,0,
NAN012,2019-07-23 16:00:00,0,
NAN012,2019-07-23 17:00:00,0,
NAN012,2019-07-23 18:00:00,0,
NAN012,2019-07-23 19:00:00,0,
NAN012,2019-07-23 20:00:00,0,
NAN012,2019-07-23 21:00:00,0,
NAN012,2019-07-23 22:00:00,0,
NAN012,2019-07-23 23:00:00,0,
NAN012,2019-07-24 00:00:00,0,
NAN012,2019-07-24 01:00:00,0,
NAN012,2019-07-24 02:00:00,0,
NAN012,2019-07-24 03:00:00,0,
NAN012,2019-07-24 04:00:00,0,
NAN012,2019-07-24 05:00:00,0,
NAN012,2019-07-24 06:00:00,0,
NAN012,2019-07-24 07:00:00,0,
NAN012,2019-07-24 08:00:00,0.2,
NAN012,2019-07-24 09:00:00,-999,
NAN012,2019-07-24 10:00:00,0.2,
NAN012,2019-07-24 11:00:00,0,
NAN012,2019-07-24 12:00:00,0,
NAN012,2019-07-24 13:00:00,0,
NAN012,2019-07-24 14:00:00,0,
NAN012,2019-07-24 15:00:00,0,
NAN012,2019-07-24 16:00:00,0,
NAN012,2019-07-24 17:00:00,0,
NAN012,2019-07-24 18:00:00,0,
NAN012,2019-07-24 19:00:00,0,
NAN012,2019-07-24 20:00:00,0,
NAN012,2019-07-24 21:00:00,-999,
NAN012,2019-07-24 22:00:00,0,
NAN012,2019-07-24 23:00:00,0,
NAN012,2019-07-25 00:00:00,0,
NAN012,2019-07-25 01:00:00,0,
NAN012,2019-07-25 02:00:00,0,
NAN012,2019-07-25 03:00:00,0,
NAN012,2019-07-25 04:00:00,0,
NAN012,2019-07-25 05:00:00,0,
NAN012,2019-07-25 06:00:00,0,
NAN012,2019-07-25 07:00:00,0,
NAN012,2019-07-25 08:00:00,0,
NAN012,2019-07-25 09:00:00,0,
NAN012,2019-07-25 10:00:00,0,
NAN012,2019-07-25 11:00:00,0,
NAN012,2019-07-25 12:00:00,0,
NAN012,2019-07-25 13:00:00,0,
NAN012,2019-07-25 14:00:00,0,
NAN012,2019-07-25 15:00:00,2.2,
NAN012,2019-07-25 16:00:00,0.8,
NAN012,2019-07-25 17:00:00,0.6,
NAN012,2019-07-25 18:00:00,0,
NAN012,2019-07-25 19:00:00,0.2,
NAN012,2019-07-25 20:00:00,0.2,
NAN012,2019-07-25 21:00:00,0.4,
NAN012,2019-07-25 22:00:00,0,
NAN012,2019-07-25 23:00:00,0,
NAN012,2019-07-26 00:00:00,0,
NAN012,2019-07-26 01:00:00,0,
NAN012,2019-07-26 02:00:00,0,
NAN012,2019-07-26 03:00:00,0,
NAN012,2019-07-26 04:00:00,0,
NAN012,2019-07-26 05:00:00,0,
NAN012,2019-07-26 06:00:00,0,
NAN012,2019-07-26 07:00:00,0,
NAN012,2019-07-26 08:00:00,0,
NAN012,2019-07-26 09:00:00,0,
NAN012,2019-07-26 10:00:00,0,
NAN012,2019-07-26 11:00:00,0,
NAN012,2019-07-26 12:00:00,0,
NAN012,2019-07-26 13:00:00,0,
NAN012,2019-07-26 14:00:00,0,
NAN012,2019-07-26 15:00:00,0,
NAN012,2019-07-26 16:00:00,0,
NAN012,2019-07-26 17:00:00,0,
NAN012,2019-07-26 18:00:00,0,
NAN012,2019-07-26 19:00:00,0,
NAN012,2019-07-26 20:00:00,0,
NAN012,2019-07-26 21:00:00,0,
NAN012,2019-07-26 22:00:00,0,
NAN012,2019-07-26 23:00:00,0,
NAN012,2019-07-27 00:00:00,0,
NAN012,2019-07-27 01:00:00,0,
NAN012,2019-07-27 02:00:00,0,
NAN012,2019-07-27 03:00:00,0,
NAN012,2019-07-27 04:00:00,0,
NAN012,2019-07-27 05:00:00,0,
NAN012,2019-07-27 06:00:00,0,
NAN012,2019-07-27 07:00:00,0,
NAN012,2019-07-27 08:00:00,-999,
NAN012,2019-07-27 09:00:00,0,
NAN012,2019-07-27 10:00:00,0,
NAN012,2019-07-27 11:00:00,0,
NAN012,2019-07-27 12:00:00,0,
NAN012,2019-07-27 13:00:00,0,
NAN012,2019-07-27 14:00:00,0,
NAN012,2019-07-27 15:00:00,0,
NAN012,2019-07-27 16:00:00,0,
NAN012,2019-07-27 17:00:00,0,
NAN012,2019-07-27 18:00:00,0,
NAN012,2019-07-27 19:00:00,0,
NAN012,2019-07-27 20:00:00,0,
NAN012,2019-07-27 21:00:00,0,
NAN012,2019-07-27 22:00:00,0,
NAN012,2019-07-27 23:00:00,0,
NAN012,2019-07-28 00:00:00,0,
NAN012,2019-07-28 01:00:00,0,
NAN012,2019-07-28 02:00:00,0,
NAN012,2019-07-28 03:00:00,0,
NAN012,2019-07-28 04:00:00,-999,
NAN012,2019-07-28 05:00:00,0,
NAN012,2019-07-28 06:00:00,0,
NAN012,2019-07-28 07:00:00,0,
NAN012,2019-07-28 08:00:00,-999,
NAN012,2019-07-28 09:00:00,-999,
NAN012,2019-07-28 10:00:00,0,
NAN012,2019-07-28 11:00:00,0,
NAN012,2019-07-28 12:00:00,0,
NAN012,2019-07-28 13:00:00,0,
NAN012,2019-07-28 14:00:00,0,
NAN012,2019-07-28 15:00:00,0,
NAN012,2019-07-28 16:00:00,0,
NAN012,2019-07-28 17:00:00,0,
NAN012,2019-07-28 18:00:00,0,
NAN012,2019-07-28 19:00:00,0,
NAN012,2019-07-28 20:00:00,0,
NAN012,2019-07-28 21:00:00,0,
NAN012,2019-07-28 22:00:00,0,
NAN012,2019-07-28 23:00:00,0,
NAN012,2019-07-29 00:00:00,0,
NAN012,2019-07-29 01:00:00,0,
NAN012,2019-07-29 02:00:00,0,
NAN012,2019-07-29 03:00:00,0,
NAN012,2019-07-29 04:00:00,0,
NAN012,2019-07-29 05:00:00,0,
NAN012,2019-07-29 06:00:00,0,
NAN012,2019-07-29 07:00:00,0,
NAN012,2019-07-29 08:00:00,0,
NAN012,2019-07-29 09:00:00,0,
NAN012,2019-07-29 10:00:00,0,
NAN012,2019-07-29 11:00:00,0,
NAN012,2019-07-29 12:00:00,0,
NAN012,2019-07-29 13:00:00,0,
NAN012,2019-07-29 14:00:00,0,
NAN012,2019-07-29 15:00:00,0,
NAN012,2019-07-29 16:00:00,0,
NAN012,2019-07-29 17:00:00,0,
NAN012,2019-07-29 18:00:00,0,
NAN012,2019-07-29 19:00:00,15.2,
NAN012,2019-07-29 20:00:00,10.6,
NAN012,2019-07-29 21:00:00,0,
NAN012,2019-07-29 22:00:00,0.2,
NAN012,2019-07-29 23:00:00,0,
NAN012,2019-07-30 00:00:00,0,
NAN012,2019-07-30 01:00:00,0,
NAN012,2019-07-30 02:00:00,0,
NAN012,2019-07-30 03:00:00,0,
NAN012,2019-07-30 04:00:00,0,
NAN012,2019-07-30 05:00:00,0,
NAN012,2019-07-30 06:00:00,0,
NAN012,2019-07-30 07:00:00,0,
NAN012,2019-07-30 08:00:00,0,
NAN012,2019-07-30 09:00:00,0,
NAN012,2019-07-30 10:00:00,0,
NAN012,2019-07-30 11:00:00,0,
NAN012,2019-07-30 12:00:00,0,
NAN012,2019-07-30 13:00:00,0,
NAN012,2019-07-30 14:00:00,0,
NAN012,2019-07-30 15:00:00,0,
NAN012,2019-07-30 16:00:00,0,
NAN012,2019-07-30 17:00:00,0,
NAN012,2019-07-30 18:00:00,0,
NAN012,2019-07-30 19:00:00,0,
NAN012,2019-07-30 20:00:00,0,
NAN012,2019-07-30 21:00:00,0,
NAN012,2019-07-30 22:00:00,0,
NAN012,2019-07-30 23:00:00,0,
NAN012,2019-07-31 00:00:00,0,
NAN012,2019-07-31 01:00:00,0,
NAN012,2019-07-31 02:00:00,0,
NAN012,2019-07-31 03:00:00,0.2,
NAN012,2019-07-31 04:00:00,0,
NAN012,2019-07-31 05:00:00,0,
NAN012,2019-07-31 06:00:00,0,
NAN012,2019-07-31 07:00:00,0,
NAN012,2019-07-31 08:00:00,0,
NAN012,2019-07-31 09:00:00,0,
NAN012,2019-07-31 10:00:00,0,
NAN012,2019-07-31 11:00:00,0,
NAN012,2019-07-31 12:00:00,0,
NAN012,2019-07-31 13:00:00,0,
NAN012,2019-07-31 14:00:00,0,
NAN012,2019-07-31 15:00:00,0,
NAN012,2019-07-31 16:00:00,0,
NAN012,2019-07-31 17:00:00,0,
NAN012,2019-07-31 18:00:00,0,
NAN012,2019-07-31 19:00:00,0,
NAN012,2019-07-31 20:00:00,0,
NAN012,2019-07-31 21:00:00,0,
NAN012,2019-07-31 22:00:00,0,
NAN012,2019-07-31 23:00:00,0,
NAN011,2019-07-01 00:00:00,0,
NAN011,2019-07-01 01:00:00,0,
NAN011,2019-07-01 02:00:00,0,
NAN011,2019-07-01 03:00:00,0.2,
NAN011,2019-07-01 04:00:00,0,
NAN011,2019-07-01 05:00:00,0,
NAN011,2019-07-01 06:00:00,0,
NAN011,2019-07-01 07:00:00,0,
NAN011,2019-07-01 08:00:00,0,
NAN011,2019-07-01 09:00:00,0,
NAN011,2019-07-01 10:00:00,0,
NAN011,2019-07-01 11:00:00,0,
NAN011,2019-07-01 12:00:00,0,
NAN011,2019-07-01 13:00:00,0,
NAN011,2019-07-01 14:00:00,0,
NAN011,2019-07-01 15:00:00,0,
NAN011,2019-07-01 16:00:00,0,
NAN011,2019-07-01 17:00:00,0,
NAN011,2019-07-01 18:00:00,0,
NAN011,2019-07-01 19:00:00,0,
NAN011,2019-07-01 20:00:00,0,
NAN011,2019-07-01 21:00:00,0,
NAN011,2019-07-01 22:00:00,0,
NAN011,2019-07-01 23:00:00,0,
NAN011,2019-07-02 00:00:00,0,
NAN011,2019-07-02 01:00:00,0,
NAN011,2019-07-02 02:00:00,0,
NAN011,2019-07-02 03:00:00,0,
NAN011,2019-07-02 04:00:00,0,
NAN011,2019-07-02 05:00:00,0,
NAN011,2019-07-02 06:00:00,0,
NAN011,2019-07-02 07:00:00,0,
NAN011,2019-07-02 08:00:00,0,
NAN011,2019-07-02 09:00:00,0,
NAN011,2019-07-02 10:00:00,0,
NAN011,2019-07-02 11:00:00,0,
NAN011,2019-07-02 12:00:00,0,
NAN011,2019-07-02 13:00:00,0,
NAN011,2019-07-02 14:00:00,0,
NAN011,2019-07-02 15:00:00,0,
NAN011,2019-07-02 16:00:00,0,
NAN011,2019-07-02 17:00:00,0,
NAN011,2019-07-02 18:00:00,0,
NAN011,2019-07-02 19:00:00,0,
NAN011,2019-07-02 20:00:00,0,
NAN011,2019-07-02 21:00:00,0.2,
NAN011,2019-07-02 22:00:00,0,
NAN011,2019-07-02 23:00:00,0,
NAN011,2019-07-03 00:00:00,0,
NAN011,2019-07-03 01:00:00,0,
NAN011,2019-07-03 02:00:00,0,
NAN011,2019-07-03 03:00:00,0,
NAN011,2019-07-03 04:00:00,0,
NAN011,2019-07-03 05:00:00,0,
NAN011,2019-07-03 06:00:00,0,
NAN011,2019-07-03 07:00:00,0,
NAN011,2019-07-03 08:00:00,0,
NAN011,2019-07-03 09:00:00,0,
NAN011,2019-07-03 10:00:00,0,
NAN011,2019-07-03 11:00:00,0,
NAN011,2019-07-03 12:00:00,0,
NAN011,2019-07-03 13:00:00,0,
NAN011,2019-07-03 14:00:00,0,
NAN011,2019-07-03 15:00:00,0,
NAN011,2019-07-03 16:00:00,0,
NAN011,2019-07-03 17:00:00,0,
NAN011,2019-07-03 18:00:00,0,
NAN011,2019-07-03 19:00:00,0,
NAN011,2019-07-03 20:00:00,0,
NAN011,2019-07-03 21:00:00,0,
NAN011,2019-07-03 22:00:00,0,
NAN011,2019-07-03 23:00:00,0,
NAN011,2019-07-04 00:00:00,0,
NAN011,2019-07-04 01:00:00,0,
NAN011,2019-07-04 02:00:00,0,
NAN011,2019-07-04 03:00:00,0,
NAN011,2019-07-04 04:00:00,0,
NAN011,2019-07-04 05:00:00,0,
NAN011,2019-07-04 06:00:00,0,
NAN011,2019-07-04 07:00:00,0,
NAN011,2019-07-04 08:00:00,0,
NAN011,2019-07-04 09:00:00,0,
NAN011,2019-07-04 10:00:00,0,
NAN011,2019-07-04 11:00:00,0,
NAN011,2019-07-04 12:00:00,0,
NAN011,2019-07-04 13:00:00,0,
NAN011,2019-07-04 14:00:00,0,
NAN011,2019-07-04 15:00:00,0,
NAN011,2019-07-04 16:00:00,0,
NAN011,2019-07-04 17:00:00,0,
NAN011,2019-07-04 18:00:00,0,
NAN011,2019-07-04 19:00:00,0,
NAN011,2019-07-04 20:00:00,0,
NAN011,2019-07-04 21:00:00,0,
NAN011,2019-07-04 22:00:00,0,
NAN011,2019-07-04 23:00:00,0,
NAN011,2019-07-05 00:00:00,0,
NAN011,2019-07-05 01:00:00,0,
NAN011,2019-07-05 02:00:00,0,
NAN011,2019-07-05 03:00:00,0,
NAN011,2019-07-05 04:00:00,0,
NAN011,2019-07-05 05:00:00,0,
NAN011,2019-07-05 06:00:00,0,
NAN011,2019-07-05 07:00:00,0,
NAN011,2019-07-05 08:00:00,0.2,
NAN011,2019-07-05 09:00:00,0,
NAN011,2019-07-05 10:00:00,0,
NAN011,2019-07-05 11:00:00,0,
NAN011,2019-07-05 12:00:00,0,
NAN011,2019-07-05 13:00:00,0,
NAN011,2019-07-05 14:00:00,0,
NAN011,2019-07-05 15:00:00,0,
NAN011,2019-07-05 16:00:00,0,
NAN011,2019-07-05 17:00:00,0,
NAN011,2019-07-05 18:00:00,0,
NAN011,2019-07-05 19:00:00,0,
NAN011,2019-07-05 20:00:00,0,
NAN011,2019-07-05 21:00:00,0,
NAN011,2019-07-05 22:00:00,0,
NAN011,2019-07-05 23:00:00,0,
NAN011,2019-07-06 00:00:00,0,
NAN011,2019-07-06 01:00:00,0,
NAN011,2019-07-06 02:00:00,0,
NAN011,2019-07-06 03:00:00,0,
NAN011,2019-07-06 04:00:00,0,
NAN011,2019-07-06 05:00:00,0,
NAN011,2019-07-06 06:00:00,0,
NAN011,2019-07-06 07:00:00,0,
NAN011,2019-07-06 08:00:00,0,
NAN011,2019-07-06 09:00:00,0,
NAN011,2019-07-06 10:00:00,0,
NAN011,2019-07-06 11:00:00,0,
NAN011,2019-07-06 12:00:00,0,
NAN011,2019-07-06 13:00:00,0,
NAN011,2019-07-06 14:00:00,0,
NAN011,2019-07-06 15:00:00,0,
NAN011,2019-07-06 16:00:00,0,
NAN011,2019-07-06 17:00:00,0,
NAN011,2019-07-06 18:00:00,0,
NAN011,2019-07-06 19:00:00,0,
NAN011,2019-07-06 20:00:00,0,
NAN011,2019-07-06 21:00:00,0,
NAN011,2019-07-06 22:00:00,0,
NAN011,2019-07-06 23:00:00,0,
NAN011,2019-07-07 00:00:00,0,
NAN011,2019-07-07 01:00:00,0,
NAN011,2019-07-07 02:00:00,0,
NAN011,2019-07-07 03:00:00,0,
NAN011,2019-07-07 04:00:00,0,
NAN011,2019-07-07 05:00:00,0,
NAN011,2019-07-07 06:00:00,0,
NAN011,2019-07-07 07:00:00,0,
NAN011,2019-07-07 08:00:00,0,
NAN011,2019-07-07 09:00:00,0,
NAN011,2019-07-07 10:00:00,0,
NAN011,2019-07-07 11:00:00,0,
NAN011,2019-07-07 12:00:00,0,
NAN011,2019-07-07 13:00:00,0,
NAN011,2019-07-07 14:00:00,0,
NAN011,2019-07-07 15:00:00,0,
NAN011,2019-07-07 16:00:00,0,
NAN011,2019-07-07 17:00:00,0,
NAN011,2019-07-07 18:00:00,0,
NAN011,2019-07-07 19:00:00,0,
NAN011,2019-07-07 20:00:00,0,
NAN011,2019-07-07 21:00:00,0,
NAN011,2019-07-07 22:00:00,0,
NAN011,2019-07-07 23:00:00,0,
NAN011,2019-07-08 00:00:00,0,
NAN011,2019-07-08 01:00:00,0,
NAN011,2019-07-08 02:00:00,0,
NAN011,2019-07-08 03:00:00,0,
NAN011,2019-07-08 04:00:00,0,
NAN011,2019-07-08 05:00:00,0,
NAN011,2019-07-08 06:00:00,0,
NAN011,2019-07-08 07:00:00,0,
NAN011,2019-07-08 08:00:00,0,
NAN011,2019-07-08 09:00:00,0,
NAN011,2019-07-08 10:00:00,0,
NAN011,2019-07-08 11:00:00,0,
NAN011,2019-07-08 12:00:00,0,
NAN011,2019-07-08 13:00:00,0,
NAN011,2019-07-08 14:00:00,0,
NAN011,2019-07-08 15:00:00,0,
NAN011,2019-07-08 16:00:00,0,
NAN011,2019-07-08 17:00:00,0,
NAN011,2019-07-08 18:00:00,0,
NAN011,2019-07-08 19:00:00,0,
NAN011,2019-07-08 20:00:00,0,
NAN011,2019-07-08 21:00:00,0,
NAN011,2019-07-08 22:00:00,0,
NAN011,2019-07-08 23:00:00,0,
NAN011,2019-07-09 00:00:00,0,
NAN011,2019-07-09 01:00:00,0,
NAN011,2019-07-09 02:00:00,0,
NAN011,2019-07-09 03:00:00,0,
NAN011,2019-07-09 04:00:00,0,
NAN011,2019-07-09 05:00:00,0,
NAN011,2019-07-09 06:00:00,0,
NAN011,2019-07-09 07:00:00,0,
NAN011,2019-07-09 08:00:00,0,
NAN011,2019-07-09 09:00:00,0,
NAN011,2019-07-09 10:00:00,0,
NAN011,2019-07-09 11:00:00,0,
NAN011,2019-07-09 12:00:00,0,
NAN011,2019-07-09 13:00:00,0,
NAN011,2019-07-09 14:00:00,0,
NAN011,2019-07-09 15:00:00,0,
NAN011,2019-07-09 16:00:00,0,
NAN011,2019-07-09 17:00:00,0,
NAN011,2019-07-09 18:00:00,0,
NAN011,2019-07-09 19:00:00,0,
NAN011,2019-07-09 20:00:00,0,
NAN011,2019-07-09 21:00:00,0,
NAN011,2019-07-09 22:00:00,0,
NAN011,2019-07-09 23:00:00,0,
NAN011,2019-07-10 00:00:00,0,
NAN011,2019-07-10 01:00:00,0,
NAN011,2019-07-10 02:00:00,0,
NAN011,2019-07-10 03:00:00,0,
NAN011,2019-07-10 04:00:00,0,
NAN011,2019-07-10 05:00:00,0,
NAN011,2019-07-10 06:00:00,0,
NAN011,2019-07-10 07:00:00,0,
NAN011,2019-07-10 08:00:00,0,
NAN011,2019-07-10 09:00:00,0,
NAN011,2019-07-10 10:00:00,0,
NAN011,2019-07-10 11:00:00,0,
NAN011,2019-07-10 12:00:00,0,
NAN011,2019-07-10 13:00:00,0,
NAN011,2019-07-10 14:00:00,0,
NAN011,2019-07-10 15:00:00,0,
NAN011,2019-07-10 16:00:00,0,
NAN011,2019-07-10 17:00:00,0,
NAN011,2019-07-10 18:00:00,0,
NAN011,2019-07-10 19:00:00,0,
NAN011,2019-07-10 20:00:00,0,
NAN011,2019-07-10 21:00:00,0,
NAN011,2019-07-10 22:00:00,0,
NAN011,2019-07-10 23:00:00,0,
NAN011,2019-07-11 00:00:00,0,
NAN011,2019-07-11 01:00:00,0,
NAN011,2019-07-11 02:00:00,0,
NAN011,2019-07-11 03:00:00,0,
NAN011,2019-07-11 04:00:00,0,
NAN011,2019-07-11 05:00:00,0,
NAN011,2019-07-11 06:00:00,0,
NAN011,2019-07-11 07:00:00,0,
NAN011,2019-07-11 08:00:00,0,
NAN011,2019-07-11 09:00:00,0,
NAN011,2019-07-11 10:00:00,0,
NAN011,2019-07-11 11:00:00,0,
NAN011,2019-07-11 12:00:00,0,
NAN011,2019-07-11 13:00:00,0,
NAN011,2019-07-11 14:00:00,0,
NAN011,2019-07-11 15:00:00,0,
NAN011,2019-07-11 16:00:00,0,
NAN011,2019-07-11 17:00:00,0,
NAN011,2019-07-11 18:00:00,0,
NAN011,2019-07-11 19:00:00,0,
NAN011,2019-07-11 20:00:00,0,
NAN011,2019-07-11 21:00:00,0,
NAN011,2019-07-11 22:00:00,0,
NAN011,2019-07-11 23:00:00,0,
NAN011,2019-07-12 00:00:00,0,
NAN011,2019-07-12 01:00:00,0,
NAN011,2019-07-12 02:00:00,0,
NAN011,2019-07-12 03:00:00,0,
NAN011,2019-07-12 04:00:00,0,
NAN011,2019-07-12 05:00:00,0,
NAN011,2019-07-12 06:00:00,0,
NAN011,2019-07-12 07:00:00,0,
NAN011,2019-07-12 08:00:00,0,
NAN011,2019-07-12 09:00:00,0,
NAN011,2019-07-12 10:00:00,0,
NAN011,2019-07-12 11:00:00,0,
NAN011,2019-07-12 12:00:00,0,
NAN011,2019-07-12 13:00:00,0,
NAN011,2019-07-12 14:00:00,0,
NAN011,2019-07-12 15:00:00,0,
NAN011,2019-07-12 16:00:00,0,
NAN011,2019-07-12 17:00:00,0,
NAN011,2019-07-12 18:00:00,0,
NAN011,2019-07-12 19:00:00,0,
NAN011,2019-07-12 20:00:00,0,
NAN011,2019-07-12 21:00:00,0,
NAN011,2019-07-12 22:00:00,0,
NAN011,2019-07-12 23:00:00,0,
NAN011,2019-07-13 00:00:00,0,
NAN011,2019-07-13 01:00:00,0,
NAN011,2019-07-13 02:00:00,0,
NAN011,2019-07-13 03:00:00,0,
NAN011,2019-07-13 04:00:00,0,
NAN011,2019-07-13 05:00:00,0,
NAN011,2019-07-13 06:00:00,0,
NAN011,2019-07-13 07:00:00,0,
NAN011,2019-07-13 08:00:00,0,
NAN011,2019-07-13 09:00:00,0,
NAN011,2019-07-13 10:00:00,0,
NAN011,2019-07-13 11:00:00,0,
NAN011,2019-07-13 12:00:00,0,
NAN011,2019-07-13 13:00:00,0,
NAN011,2019-07-13 14:00:00,0,
NAN011,2019-07-13 15:00:00,0,
NAN011,2019-07-13 16:00:00,0,
NAN011,2019-07-13 17:00:00,0,
NAN011,2019-07-13 18:00:00,0,
NAN011,2019-07-13 19:00:00,0,
NAN011,2019-07-13 20:00:00,0.2,
NAN011,2019-07-13 21:00:00,0.2,
NAN011,2019-07-13 22:00:00,0.2,
NAN011,2019-07-13 23:00:00,0,
NAN011,2019-07-14 00:00:00,0,
NAN011,2019-07-14 01:00:00,0,
NAN011,2019-07-14 02:00:00,0,
NAN011,2019-07-14 03:00:00,0,
NAN011,2019-07-14 04:00:00,0,
NAN011,2019-07-14 05:00:00,0,
NAN011,2019-07-14 06:00:00,0,
NAN011,2019-07-14 07:00:00,0,
NAN011,2019-07-14 08:00:00,0,
NAN011,2019-07-14 09:00:00,0,
NAN011,2019-07-14 10:00:00,0,
NAN011,2019-07-14 11:00:00,0,
NAN011,2019-07-14 12:00:00,0,
NAN011,2019-07-14 13:00:00,0,
NAN011,2019-07-14 14:00:00,0,
NAN011,2019-07-14 15:00:00,0,
NAN011,2019-07-14 16:00:00,0,
NAN011,2019-07-14 17:00:00,0,
NAN011,2019-07-14 18:00:00,0,
NAN011,2019-07-14 19:00:00,0,
NAN011,2019-07-14 20:00:00,0,
NAN011,2019-07-14 21:00:00,0,
NAN011,2019-07-14 22:00:00,0,
NAN011,2019-07-14 23:00:00,0,
NAN011,2019-07-15 00:00:00,0,
NAN011,2019-07-15 01:00:00,0,
NAN011,2019-07-15 02:00:00,0,
NAN011,2019-07-15 03:00:00,0,
NAN011,2019-07-15 04:00:00,0,
NAN011,2019-07-15 05:00:00,0,
NAN011,2019-07-15 06:00:00,0,
NAN011,2019-07-15 07:00:00,0,
NAN011,2019-07-15 08:00:00,0,
NAN011,2019-07-15 09:00:00,0,
NAN011,2019-07-15 10:00:00,0,
NAN011,2019-07-15 11:00:00,0,
NAN011,2019-07-15 12:00:00,0,
NAN011,2019-07-15 13:00:00,0,
NAN011,2019-07-15 14:00:00,0,
NAN011,2019-07-15 15:00:00,0,
NAN011,2019-07-15 16:00:00,0,
NAN011,2019-07-15 17:00:00,0,
NAN011,2019-07-15 18:00:00,0,
NAN011,2019-07-15 19:00:00,0,
NAN011,2019-07-15 20:00:00,0,
NAN011,2019-07-15 21:00:00,0,
NAN011,2019-07-15 22:00:00,0,
NAN011,2019-07-15 23:00:00,0,
NAN011,2019-07-16 00:00:00,0,
NAN011,2019-07-16 01:00:00,0,
NAN011,2019-07-16 02:00:00,0,
NAN011,2019-07-16 03:00:00,0,
NAN011,2019-07-16 04:00:00,0,
NAN011,2019-07-16 05:00:00,0,
NAN011,2019-07-16 06:00:00,0,
NAN011,2019-07-16 07:00:00,0,
NAN011,2019-07-16 08:00:00,0,
NAN011,2019-07-16 09:00:00,0,
NAN011,2019-07-16 10:00:00,0,
NAN011,2019-07-16 11:00:00,0,
NAN011,2019-07-16 12:00:00,0,
NAN011,2019-07-16 13:00:00,0,
NAN011,2019-07-16 14:00:00,0,
NAN011,2019-07-16 15:00:00,0,
NAN011,2019-07-16 16:00:00,0,
NAN011,2019-07-16 17:00:00,0,
NAN011,2019-07-16 18:00:00,0,
NAN011,2019-07-16 19:00:00,0,
NAN011,2019-07-16 20:00:00,0,
NAN011,2019-07-16 21:00:00,0,
NAN011,2019-07-16 22:00:00,0,
NAN011,2019-07-16 23:00:00,0,
NAN011,2019-07-17 00:00:00,0,
NAN011,2019-07-17 01:00:00,0,
NAN011,2019-07-17 02:00:00,0,
NAN011,2019-07-17 03:00:00,0,
NAN011,2019-07-17 04:00:00,0,
NAN011,2019-07-17 05:00:00,0,
NAN011,2019-07-17 06:00:00,0,
NAN011,2019-07-17 07:00:00,0,
NAN011,2019-07-17 08:00:00,0,
NAN011,2019-07-17 09:00:00,0,
NAN011,2019-07-17 10:00:00,0,
NAN011,2019-07-17 11:00:00,0,
NAN011,2019-07-17 12:00:00,0,
NAN011,2019-07-17 13:00:00,0,
NAN011,2019-07-17 14:00:00,0,
NAN011,2019-07-17 15:00:00,0,
NAN011,2019-07-17 16:00:00,0,
NAN011,2019-07-17 17:00:00,0,
NAN011,2019-07-17 18:00:00,0,
NAN011,2019-07-17 19:00:00,0,
NAN011,2019-07-17 20:00:00,0,
NAN011,2019-07-17 21:00:00,0,
NAN011,2019-07-17 22:00:00,0,
NAN011,2019-07-17 23:00:00,0,
NAN011,2019-07-18 00:00:00,0,
NAN011,2019-07-18 01:00:00,0,
NAN011,2019-07-18 02:00:00,0,
NAN011,2019-07-18 03:00:00,0,
NAN011,2019-07-18 04:00:00,0,
NAN011,2019-07-18 05:00:00,0,
NAN011,2019-07-18 06:00:00,0,
NAN011,2019-07-18 07:00:00,0,
NAN011,2019-07-18 08:00:00,0,
NAN011,2019-07-18 09:00:00,0,
NAN011,2019-07-18 10:00:00,0,
NAN011,2019-07-18 11:00:00,0,
NAN011,2019-07-18 12:00:00,0,
NAN011,2019-07-18 13:00:00,0,
NAN011,2019-07-18 14:00:00,0,
NAN011,2019-07-18 15:00:00,0,
NAN011,2019-07-18 16:00:00,0,
NAN011,2019-07-18 17:00:00,0,
NAN011,2019-07-18 18:00:00,0,
NAN011,2019-07-18 19:00:00,0,
NAN011,2019-07-18 20:00:00,0,
NAN011,2019-07-18 21:00:00,0,
NAN011,2019-07-18 22:00:00,0,
NAN011,2019-07-18 23:00:00,0,
NAN011,2019-07-19 00:00:00,0,
NAN011,2019-07-19 01:00:00,0,
NAN011,2019-07-19 02:00:00,0,
NAN011,2019-07-19 03:00:00,0,
NAN011,2019-07-19 04:00:00,0,
NAN011,2019-07-19 05:00:00,0,
NAN011,2019-07-19 06:00:00,0,
NAN011,2019-07-19 07:00:00,0,
NAN011,2019-07-19 08:00:00,0,
NAN011,2019-07-19 09:00:00,0,
NAN011,2019-07-19 10:00:00,0,
NAN011,2019-07-19 11:00:00,0,
NAN011,2019-07-19 12:00:00,0,
NAN011,2019-07-19 13:00:00,0,
NAN011,2019-07-19 14:00:00,0,
NAN011,2019-07-19 15:00:00,0,
NAN011,2019-07-19 16:00:00,0,
NAN011,2019-07-19 17:00:00,0,
NAN011,2019-07-19 18:00:00,0,
NAN011,2019-07-19 19:00:00,0,
NAN011,2019-07-19 20:00:00,0,
NAN011,2019-07-19 21:00:00,0,
NAN011,2019-07-19 22:00:00,0,
NAN011,2019-07-19 23:00:00,0,
NAN011,2019-07-20 00:00:00,0,
NAN011,2019-07-20 01:00:00,0,
NAN011,2019-07-20 02:00:00,0,
NAN011,2019-07-20 03:00:00,0,
NAN011,2019-07-20 04:00:00,0,
NAN011,2019-07-20 05:00:00,0,
NAN011,2019-07-20 06:00:00,0,
NAN011,2019-07-20 07:00:00,0,
NAN011,2019-07-20 08:00:00,0,
NAN011,2019-07-20 09:00:00,0,
NAN011,2019-07-20 10:00:00,0,
NAN011,2019-07-20 11:00:00,0,
NAN011,2019-07-20 12:00:00,0,
NAN011,2019-07-20 13:00:00,0,
NAN011,2019-07-20 14:00:00,0,
NAN011,2019-07-20 15:00:00,0,
NAN011,2019-07-20 16:00:00,0,
NAN011,2019-07-20 17:00:00,0,
NAN011,2019-07-20 18:00:00,0,
NAN011,2019-07-20 19:00:00,0,
NAN011,2019-07-20 20:00:00,0,
NAN011,2019-07-20 21:00:00,0,
NAN011,2019-07-20 22:00:00,0,
NAN011,2019-07-20 23:00:00,0,
NAN011,2019-07-21 00:00:00,0,
NAN011,2019-07-21 01:00:00,0,
NAN011,2019-07-21 02:00:00,0,
NAN011,2019-07-21 03:00:00,0,
NAN011,2019-07-21 04:00:00,0,
NAN011,2019-07-21 05:00:00,0,
NAN011,2019-07-21 06:00:00,0,
NAN011,2019-07-21 07:00:00,0,
NAN011,2019-07-21 08:00:00,0,
NAN011,2019-07-21 09:00:00,0,
NAN011,2019-07-21 10:00:00,0,
NAN011,2019-07-21 11:00:00,0,
NAN011,2019-07-21 12:00:00,0,
NAN011,2019-07-21 13:00:00,0,
NAN011,2019-07-21 14:00:00,0,
NAN011,2019-07-21 15:00:00,0,
NAN011,2019-07-21 16:00:00,0,
NAN011,2019-07-21 17:00:00,0,
NAN011,2019-07-21 18:00:00,0,
NAN011,2019-07-21 19:00:00,0,
NAN011,2019-07-21 20:00:00,0,
NAN011,2019-07-21 21:00:00,0,
NAN011,2019-07-21 22:00:00,0,
NAN011,2019-07-21 23:00:00,-999,
NAN011,2019-07-22 00:00:00,-999,
NAN011,2019-07-22 01:00:00,-999,
NAN011,2019-07-22 02:00:00,-999,
NAN011,2019-07-22 03:00:00,-999,
NAN011,2019-07-22 04:00:00,0,
NAN011,2019-07-22 05:00:00,0,
NAN011,2019-07-22 06:00:00,0,
NAN011,2019-07-22 07:00:00,0,
NAN011,2019-07-22 08:00:00,0,
NAN011,2019-07-22 09:00:00,0,
NAN011,2019-07-22 10:00:00,0,
NAN011,2019-07-22 11:00:00,0,
NAN011,2019-07-22 12:00:00,0,
NAN011,2019-07-22 13:00:00,0,
NAN011,2019-07-22 14:00:00,0,
NAN011,2019-07-22 15:00:00,0,
NAN011,2019-07-22 16:00:00,0,
NAN011,2019-07-22 17:00:00,0,
NAN011,2019-07-22 18:00:00,0,
NAN011,2019-07-22 19:00:00,0,
NAN011,2019-07-22 20:00:00,0,
NAN011,2019-07-22 21:00:00,0,
NAN011,2019-07-22 22:00:00,0,
NAN011,2019-07-22 23:00:00,0,
NAN011,2019-07-23 00:00:00,0,
NAN011,2019-07-23 01:00:00,0,
NAN011,2019-07-23 02:00:00,0,
NAN011,2019-07-23 03:00:00,0,
NAN011,2019-07-23 04:00:00,0,
NAN011,2019-07-23 05:00:00,0,
NAN011,2019-07-23 06:00:00,0,
NAN011,2019-07-23 07:00:00,0,
NAN011,2019-07-23 08:00:00,0,
NAN011,2019-07-23 09:00:00,0,
NAN011,2019-07-23 10:00:00,0,
NAN011,2019-07-23 11:00:00,0,
NAN011,2019-07-23 12:00:00,0,
NAN011,2019-07-23 13:00:00,0,
NAN011,2019-07-23 14:00:00,0,
NAN011,2019-07-23 15:00:00,0,
NAN011,2019-07-23 16:00:00,0,
NAN011,2019-07-23 17:00:00,0,
NAN011,2019-07-23 18:00:00,0,
NAN011,2019-07-23 19:00:00,0,
NAN011,2019-07-23 20:00:00,0,
NAN011,2019-07-23 21:00:00,0,
NAN011,2019-07-23 22:00:00,0,
NAN011,2019-07-23 23:00:00,0,
NAN011,2019-07-24 00:00:00,0.2,
NAN011,2019-07-24 01:00:00,0,
NAN011,2019-07-24 02:00:00,0,
NAN011,2019-07-24 03:00:00,0,
NAN011,2019-07-24 04:00:00,0,
NAN011,2019-07-24 05:00:00,0,
NAN011,2019-07-24 06:00:00,0,
NAN011,2019-07-24 07:00:00,0,
NAN011,2019-07-24 08:00:00,0,
NAN011,2019-07-24 09:00:00,0,
NAN011,2019-07-24 10:00:00,0,
NAN011,2019-07-24 11:00:00,0,
NAN011,2019-07-24 12:00:00,0,
NAN011,2019-07-24 13:00:00,0,
NAN011,2019-07-24 14:00:00,0,
NAN011,2019-07-24 15:00:00,0,
NAN011,2019-07-24 16:00:00,0,
NAN011,2019-07-24 17:00:00,0,
NAN011,2019-07-24 18:00:00,0.2,
NAN011,2019-07-24 19:00:00,0,
NAN011,2019-07-24 20:00:00,0,
NAN011,2019-07-24 21:00:00,0,
NAN011,2019-07-24 22:00:00,0,
NAN011,2019-07-24 23:00:00,0,
NAN011,2019-07-25 00:00:00,0,
NAN011,2019-07-25 01:00:00,0,
NAN011,2019-07-25 02:00:00,0,
NAN011,2019-07-25 03:00:00,0,
NAN011,2019-07-25 04:00:00,0,
NAN011,2019-07-25 05:00:00,0,
NAN011,2019-07-25 06:00:00,0,
NAN011,2019-07-25 07:00:00,0,
NAN011,2019-07-25 08:00:00,0,
NAN011,2019-07-25 09:00:00,0,
NAN011,2019-07-25 10:00:00,0,
NAN011,2019-07-25 11:00:00,0,
NAN011,2019-07-25 12:00:00,0,
NAN011,2019-07-25 13:00:00,0,
NAN011,2019-07-25 14:00:00,0,
NAN011,2019-07-25 15:00:00,0,
NAN011,2019-07-25 16:00:00,0,
NAN011,2019-07-25 17:00:00,0,
NAN011,2019-07-25 18:00:00,0,
NAN011,2019-07-25 19:00:00,0.2,
NAN011,2019-07-25 20:00:00,0,
NAN011,2019-07-25 21:00:00,0.2,
NAN011,2019-07-25 22:00:00,0,
NAN011,2019-07-25 23:00:00,0.2,
NAN011,2019-07-26 00:00:00,0,
NAN011,2019-07-26 01:00:00,0,
NAN011,2019-07-26 02:00:00,0.2,
NAN011,2019-07-26 03:00:00,0,
NAN011,2019-07-26 04:00:00,0,
NAN011,2019-07-26 05:00:00,0,
NAN011,2019-07-26 06:00:00,0.2,
NAN011,2019-07-26 07:00:00,0,
NAN011,2019-07-26 08:00:00,0,
NAN011,2019-07-26 09:00:00,0,
NAN011,2019-07-26 10:00:00,0,
NAN011,2019-07-26 11:00:00,0,
NAN011,2019-07-26 12:00:00,0.2,
NAN011,2019-07-26 13:00:00,0,
NAN011,2019-07-26 14:00:00,0,
NAN011,2019-07-26 15:00:00,0,
NAN011,2019-07-26 16:00:00,0,
NAN011,2019-07-26 17:00:00,0,
NAN011,2019-07-26 18:00:00,0,
NAN011,2019-07-26 19:00:00,0,
NAN011,2019-07-26 20:00:00,0,
NAN011,2019-07-26 21:00:00,0,
NAN011,2019-07-26 22:00:00,0,
NAN011,2019-07-26 23:00:00,0,
NAN011,2019-07-27 00:00:00,0,
NAN011,2019-07-27 01:00:00,0,
NAN011,2019-07-27 02:00:00,0,
NAN011,2019-07-27 03:00:00,0,
NAN011,2019-07-27 04:00:00,0,
NAN011,2019-07-27 05:00:00,0,
NAN011,2019-07-27 06:00:00,0,
NAN011,2019-07-27 07:00:00,0,
NAN011,2019-07-27 08:00:00,0,
NAN011,2019-07-27 09:00:00,0,
NAN011,2019-07-27 10:00:00,0,
NAN011,2019-07-27 11:00:00,0,
NAN011,2019-07-27 12:00:00,0,
NAN011,2019-07-27 13:00:00,0,
NAN011,2019-07-27 14:00:00,0,
NAN011,2019-07-27 15:00:00,0,
NAN011,2019-07-27 16:00:00,0,
NAN011,2019-07-27 17:00:00,0,
NAN011,2019-07-27 18:00:00,0,
NAN011,2019-07-27 19:00:00,0,
NAN011,2019-07-27 20:00:00,0,
NAN011,2019-07-27 21:00:00,0,
NAN011,2019-07-27 22:00:00,0,
NAN011,2019-07-27 23:00:00,0,
NAN011,2019-07-28 00:00:00,0,
NAN011,2019-07-28 01:00:00,0,
NAN011,2019-07-28 02:00:00,0,
NAN011,2019-07-28 03:00:00,0,
NAN011,2019-07-28 04:00:00,0,
NAN011,2019-07-28 05:00:00,0,
NAN011,2019-07-28 06:00:00,0,
NAN011,2019-07-28 07:00:00,0,
NAN011,2019-07-28 08:00:00,0,
NAN011,2019-07-28 09:00:00,0,
NAN011,2019-07-28 10:00:00,0,
NAN011,2019-07-28 11:00:00,0,
NAN011,2019-07-28 12:00:00,0,
NAN011,2019-07-28 13:00:00,0,
NAN011,2019-07-28 14:00:00,0,
NAN011,2019-07-28 15:00:00,0,
NAN011,2019-07-28 16:00:00,0,
NAN011,2019-07-28 17:00:00,0,
NAN011,2019-07-28 18:00:00,0,
NAN011,2019-07-28 19:00:00,0,
NAN011,2019-07-28 20:00:00,0,
NAN011,2019-07-28 21:00:00,0,
NAN011,2019-07-28 22:00:00,0,
NAN011,2019-07-28 23:00:00,0,
NAN011,2019-07-29 00:00:00,0,
NAN011,2019-07-29 01:00:00,0,
NAN011,2019-07-29 02:00:00,0,
NAN011,2019-07-29 03:00:00,0,
NAN011,2019-07-29 04:00:00,0,
NAN011,2019-07-29 05:00:00,0,
NAN011,2019-07-29 06:00:00,0,
NAN011,2019-07-29 07:00:00,0,
NAN011,2019-07-29 08:00:00,0,
NAN011,2019-07-29 09:00:00,0,
NAN011,2019-07-29 10:00:00,0,
NAN011,2019-07-29 11:00:00,0,
NAN011,2019-07-29 12:00:00,0,
NAN011,2019-07-29 13:00:00,0,
NAN011,2019-07-29 14:00:00,0,
NAN011,2019-07-29 15:00:00,0,
NAN011,2019-07-29 16:00:00,0,
NAN011,2019-07-29 17:00:00,0,
NAN011,2019-07-29 18:00:00,0,
NAN011,2019-07-29 19:00:00,0,
NAN011,2019-07-29 20:00:00,0,
NAN011,2019-07-29 21:00:00,0,
NAN011,2019-07-29 22:00:00,0,
NAN011,2019-07-29 23:00:00,0,
NAN011,2019-07-30 00:00:00,0,
NAN011,2019-07-30 01:00:00,0,
NAN011,2019-07-30 02:00:00,0,
NAN011,2019-07-30 03:00:00,0,
NAN011,2019-07-30 04:00:00,0,
NAN011,2019-07-30 05:00:00,0,
NAN011,2019-07-30 06:00:00,0,
NAN011,2019-07-30 07:00:00,0,
NAN011,2019-07-30 08:00:00,0,
NAN011,2019-07-30 09:00:00,0,
NAN011,2019-07-30 10:00:00,0,
NAN011,2019-07-30 11:00:00,0,
NAN011,2019-07-30 12:00:00,0,
NAN011,2019-07-30 13:00:00,0,
NAN011,2019-07-30 14:00:00,0,
NAN011,2019-07-30 15:00:00,0,
NAN011,2019-07-30 16:00:00,0,
NAN011,2019-07-30 17:00:00,0,
NAN011,2019-07-30 18:00:00,0,
NAN011,2019-07-30 19:00:00,0,
NAN011,2019-07-30 20:00:00,0,
NAN011,2019-07-30 21:00:00,0,
NAN011,2019-07-30 22:00:00,0,
NAN011,2019-07-30 23:00:00,0,
NAN011,2019-07-31 00:00:00,0,
NAN011,2019-07-31 01:00:00,0,
NAN011,2019-07-31 02:00:00,0,
NAN011,2019-07-31 03:00:00,0,
NAN011,2019-07-31 04:00:00,0,
NAN011,2019-07-31 05:00:00,0,
NAN011,2019-07-31 06:00:00,0,
NAN011,2019-07-31 07:00:00,0,
NAN011,2019-07-31 08:00:00,0,
NAN011,2019-07-31 09:00:00,-999,
NAN011,2019-07-31 10:00:00,-999,
NAN011,2019-07-31 11:00:00,-999,
NAN011,2019-07-31 12:00:00,-999,
NAN011,2019-07-31 13:00:00,-999,
NAN011,2019-07-31 14:00:00,-999,
NAN011,2019-07-31 15:00:00,-999,
NAN011,2019-07-31 16:00:00,-999,
NAN011,2019-07-31 17:00:00,-999,
NAN011,2019-07-31 18:00:00,-999,
NAN011,2019-07-31 19:00:00,-999,
NAN011,2019-07-31 20:00:00,-999,
NAN011,2019-07-31 21:00:00,-999,
NAN011,2019-07-31 22:00:00,-999,
NAN011,2019-07-31 23:00:00,-999,
NAN007,2019-07-01 00:00:00,-999,
NAN007,2019-07-01 01:00:00,-999,
NAN007,2019-07-01 02:00:00,-999,
NAN007,2019-07-01 03:00:00,-999,
NAN007,2019-07-01 04:00:00,-999,
NAN007,2019-07-01 05:00:00,-999,
NAN007,2019-07-01 06:00:00,-999,
NAN007,2019-07-01 07:00:00,-999,
NAN007,2019-07-01 08:00:00,-999,
NAN007,2019-07-01 09:00:00,-999,
NAN007,2019-07-01 10:00:00,-999,
NAN007,2019-07-01 11:00:00,-999,
NAN007,2019-07-01 12:00:00,-999,
NAN007,2019-07-01 13:00:00,-999,
NAN007,2019-07-01 14:00:00,-999,
NAN007,2019-07-01 15:00:00,-999,
NAN007,2019-07-01 16:00:00,-999,
NAN007,2019-07-01 17:00:00,-999,
NAN007,2019-07-01 18:00:00,-999,
NAN007,2019-07-01 19:00:00,-999,
NAN007,2019-07-01 20:00:00,-999,
NAN007,2019-07-01 21:00:00,-999,
NAN007,2019-07-01 22:00:00,-999,
NAN007,2019-07-01 23:00:00,-999,
NAN007,2019-07-02 00:00:00,-999,
NAN007,2019-07-02 01:00:00,-999,
NAN007,2019-07-02 02:00:00,-999,
NAN007,2019-07-02 03:00:00,-999,
NAN007,2019-07-02 04:00:00,-999,
NAN007,2019-07-02 05:00:00,-999,
NAN007,2019-07-02 06:00:00,-999,
NAN007,2019-07-02 07:00:00,-999,
NAN007,2019-07-02 08:00:00,-999,
NAN007,2019-07-02 09:00:00,-999,
NAN007,2019-07-02 10:00:00,-999,
NAN007,2019-07-02 11:00:00,-999,
NAN007,2019-07-02 12:00:00,-999,
NAN007,2019-07-02 13:00:00,-999,
NAN007,2019-07-02 14:00:00,-999,
NAN007,2019-07-02 15:00:00,-999,
NAN007,2019-07-02 16:00:00,-999,
NAN007,2019-07-02 17:00:00,-999,
NAN007,2019-07-02 18:00:00,-999,
NAN007,2019-07-02 19:00:00,-999,
NAN007,2019-07-02 20:00:00,-999,
NAN007,2019-07-02 21:00:00,-999,
NAN007,2019-07-02 22:00:00,-999,
NAN007,2019-07-02 23:00:00,-999,
NAN007,2019-07-03 00:00:00,-999,
NAN007,2019-07-03 01:00:00,-999,
NAN007,2019-07-03 02:00:00,0.2,
NAN007,2019-07-03 03:00:00,-999,
NAN007,2019-07-03 04:00:00,-999,
NAN007,2019-07-03 05:00:00,-999,
NAN007,2019-07-03 06:00:00,-999,
NAN007,2019-07-03 07:00:00,-999,
NAN007,2019-07-03 08:00:00,-999,
NAN007,2019-07-03 09:00:00,-999,
NAN007,2019-07-03 10:00:00,-999,
NAN007,2019-07-03 11:00:00,0.2,
NAN007,2019-07-03 12:00:00,-999,
NAN007,2019-07-03 13:00:00,-999,
NAN007,2019-07-03 14:00:00,-999,
NAN007,2019-07-03 15:00:00,-999,
NAN007,2019-07-03 16:00:00,-999,
NAN007,2019-07-03 17:00:00,-999,
NAN007,2019-07-03 18:00:00,-999,
NAN007,2019-07-03 19:00:00,-999,
NAN007,2019-07-03 20:00:00,-999,
NAN007,2019-07-03 21:00:00,-999,
NAN007,2019-07-03 22:00:00,-999,
NAN007,2019-07-03 23:00:00,-999,
NAN007,2019-07-04 00:00:00,-999,
NAN007,2019-07-04 01:00:00,-999,
NAN007,2019-07-04 02:00:00,-999,
NAN007,2019-07-04 03:00:00,-999,
NAN007,2019-07-04 04:00:00,-999,
NAN007,2019-07-04 05:00:00,-999,
NAN007,2019-07-04 06:00:00,-999,
NAN007,2019-07-04 07:00:00,-999,
NAN007,2019-07-04 08:00:00,0.2,
NAN007,2019-07-04 09:00:00,-999,
NAN007,2019-07-04 10:00:00,-999,
NAN007,2019-07-04 11:00:00,-999,
NAN007,2019-07-04 12:00:00,-999,
NAN007,2019-07-04 13:00:00,-999,
NAN007,2019-07-04 14:00:00,-999,
NAN007,2019-07-04 15:00:00,-999,
NAN007,2019-07-04 16:00:00,-999,
NAN007,2019-07-04 17:00:00,-999,
NAN007,2019-07-04 18:00:00,-999,
NAN007,2019-07-04 19:00:00,-999,
NAN007,2019-07-04 20:00:00,-999,
NAN007,2019-07-04 21:00:00,-999,
NAN007,2019-07-04 22:00:00,-999,
NAN007,2019-07-04 23:00:00,-999,
NAN007,2019-07-05 00:00:00,-999,
NAN007,2019-07-05 01:00:00,-999,
NAN007,2019-07-05 02:00:00,-999,
NAN007,2019-07-05 03:00:00,-999,
NAN007,2019-07-05 04:00:00,-999,
NAN007,2019-07-05 05:00:00,-999,
NAN007,2019-07-05 06:00:00,-999,
NAN007,2019-07-05 07:00:00,-999,
NAN007,2019-07-05 08:00:00,-999,
NAN007,2019-07-05 09:00:00,-999,
NAN007,2019-07-05 10:00:00,-999,
NAN007,2019-07-05 11:00:00,-999,
NAN007,2019-07-05 12:00:00,-999,
NAN007,2019-07-05 13:00:00,-999,
NAN007,2019-07-05 14:00:00,-999,
NAN007,2019-07-05 15:00:00,-999,
NAN007,2019-07-05 16:00:00,-999,
NAN007,2019-07-05 17:00:00,-999,
NAN007,2019-07-05 18:00:00,-999,
NAN007,2019-07-05 19:00:00,-999,
NAN007,2019-07-05 20:00:00,-999,
NAN007,2019-07-05 21:00:00,-999,
NAN007,2019-07-05 22:00:00,-999,
NAN007,2019-07-05 23:00:00,-999,
NAN007,2019-07-06 00:00:00,-999,
NAN007,2019-07-06 01:00:00,-999,
NAN007,2019-07-06 02:00:00,-999,
NAN007,2019-07-06 03:00:00,-999,
NAN007,2019-07-06 04:00:00,-999,
NAN007,2019-07-06 05:00:00,-999,
NAN007,2019-07-06 06:00:00,-999,
NAN007,2019-07-06 07:00:00,-999,
NAN007,2019-07-06 08:00:00,-999,
NAN007,2019-07-06 09:00:00,-999,
NAN007,2019-07-06 10:00:00,-999,
NAN007,2019-07-06 11:00:00,-999,
NAN007,2019-07-06 12:00:00,-999,
NAN007,2019-07-06 13:00:00,-999,
NAN007,2019-07-06 14:00:00,-999,
NAN007,2019-07-06 15:00:00,-999,
NAN007,2019-07-06 16:00:00,-999,
NAN007,2019-07-06 17:00:00,-999,
NAN007,2019-07-06 18:00:00,-999,
NAN007,2019-07-06 19:00:00,-999,
NAN007,2019-07-06 20:00:00,-999,
NAN007,2019-07-06 21:00:00,-999,
NAN007,2019-07-06 22:00:00,-999,
NAN007,2019-07-06 23:00:00,-999,
NAN007,2019-07-07 00:00:00,-999,
NAN007,2019-07-07 01:00:00,-999,
NAN007,2019-07-07 02:00:00,-999,
NAN007,2019-07-07 03:00:00,-999,
NAN007,2019-07-07 04:00:00,-999,
NAN007,2019-07-07 05:00:00,-999,
NAN007,2019-07-07 06:00:00,-999,
NAN007,2019-07-07 07:00:00,-999,
NAN007,2019-07-07 08:00:00,-999,
NAN007,2019-07-07 09:00:00,-999,
NAN007,2019-07-07 10:00:00,-999,
NAN007,2019-07-07 11:00:00,-999,
NAN007,2019-07-07 12:00:00,-999,
NAN007,2019-07-07 13:00:00,-999,
NAN007,2019-07-07 14:00:00,-999,
NAN007,2019-07-07 15:00:00,-999,
NAN007,2019-07-07 16:00:00,0.2,
NAN007,2019-07-07 17:00:00,-999,
NAN007,2019-07-07 18:00:00,-999,
NAN007,2019-07-07 19:00:00,-999,
NAN007,2019-07-07 20:00:00,-999,
NAN007,2019-07-07 21:00:00,-999,
NAN007,2019-07-07 22:00:00,0.2,
NAN007,2019-07-07 23:00:00,-999,
NAN007,2019-07-08 00:00:00,-999,
NAN007,2019-07-08 01:00:00,-999,
NAN007,2019-07-08 02:00:00,-999,
NAN007,2019-07-08 03:00:00,-999,
NAN007,2019-07-08 04:00:00,0,
NAN007,2019-07-08 05:00:00,-999,
NAN007,2019-07-08 06:00:00,-999,
NAN007,2019-07-08 07:00:00,-999,
NAN007,2019-07-08 08:00:00,-999,
NAN007,2019-07-08 09:00:00,-999,
NAN007,2019-07-08 10:00:00,-999,
NAN007,2019-07-08 11:00:00,-999,
NAN007,2019-07-08 12:00:00,-999,
NAN007,2019-07-08 13:00:00,-999,
NAN007,2019-07-08 14:00:00,-999,
NAN007,2019-07-08 15:00:00,-999,
NAN007,2019-07-08 16:00:00,0,
NAN007,2019-07-08 17:00:00,-999,
NAN007,2019-07-08 18:00:00,-999,
NAN007,2019-07-08 19:00:00,-999,
NAN007,2019-07-08 20:00:00,-999,
NAN007,2019-07-08 21:00:00,-999,
NAN007,2019-07-08 22:00:00,-999,
NAN007,2019-07-08 23:00:00,-999,
NAN007,2019-07-09 00:00:00,-999,
NAN007,2019-07-09 01:00:00,-999,
NAN007,2019-07-09 02:00:00,-999,
NAN007,2019-07-09 03:00:00,-999,
NAN007,2019-07-09 04:00:00,-999,
NAN007,2019-07-09 05:00:00,-999,
NAN007,2019-07-09 06:00:00,-999,
NAN007,2019-07-09 07:00:00,-999,
NAN007,2019-07-09 08:00:00,-999,
NAN007,2019-07-09 09:00:00,-999,
NAN007,2019-07-09 10:00:00,-999,
NAN007,2019-07-09 11:00:00,-999,
NAN007,2019-07-09 12:00:00,-999,
NAN007,2019-07-09 13:00:00,-999,
NAN007,2019-07-09 14:00:00,-999,
NAN007,2019-07-09 15:00:00,-999,
NAN007,2019-07-09 16:00:00,0,
NAN007,2019-07-09 17:00:00,-999,
NAN007,2019-07-09 18:00:00,-999,
NAN007,2019-07-09 19:00:00,-999,
NAN007,2019-07-09 20:00:00,-999,
NAN007,2019-07-09 21:00:00,-999,
NAN007,2019-07-09 22:00:00,0,
NAN007,2019-07-09 23:00:00,-999,
NAN007,2019-07-10 00:00:00,-999,
NAN007,2019-07-10 01:00:00,-999,
NAN007,2019-07-10 02:00:00,-999,
NAN007,2019-07-10 03:00:00,-999,
NAN007,2019-07-10 04:00:00,0,
NAN007,2019-07-10 05:00:00,-999,
NAN007,2019-07-10 06:00:00,-999,
NAN007,2019-07-10 07:00:00,-999,
NAN007,2019-07-10 08:00:00,-999,
NAN007,2019-07-10 09:00:00,-999,
NAN007,2019-07-10 10:00:00,0,
NAN007,2019-07-10 11:00:00,-999,
NAN007,2019-07-10 12:00:00,-999,
NAN007,2019-07-10 13:00:00,-999,
NAN007,2019-07-10 14:00:00,-999,
NAN007,2019-07-10 15:00:00,-999,
NAN007,2019-07-10 16:00:00,-999,
NAN007,2019-07-10 17:00:00,-999,
NAN007,2019-07-10 18:00:00,-999,
NAN007,2019-07-10 19:00:00,-999,
NAN007,2019-07-10 20:00:00,-999,
NAN007,2019-07-10 21:00:00,-999,
NAN007,2019-07-10 22:00:00,-999,
NAN007,2019-07-10 23:00:00,0,
NAN007,2019-07-11 00:00:00,-999,
NAN007,2019-07-11 01:00:00,-999,
NAN007,2019-07-11 02:00:00,-999,
NAN007,2019-07-11 03:00:00,-999,
NAN007,2019-07-11 04:00:00,-999,
NAN007,2019-07-11 05:00:00,0.2,
NAN007,2019-07-11 06:00:00,-999,
NAN007,2019-07-11 07:00:00,-999,
NAN007,2019-07-11 08:00:00,-999,
NAN007,2019-07-11 09:00:00,-999,
NAN007,2019-07-11 10:00:00,-999,
NAN007,2019-07-11 11:00:00,-999,
NAN007,2019-07-11 12:00:00,-999,
NAN007,2019-07-11 13:00:00,-999,
NAN007,2019-07-11 14:00:00,-999,
NAN007,2019-07-11 15:00:00,-999,
NAN007,2019-07-11 16:00:00,-999,
NAN007,2019-07-11 17:00:00,-999,
NAN007,2019-07-11 18:00:00,-999,
NAN007,2019-07-11 19:00:00,-999,
NAN007,2019-07-11 20:00:00,-999,
NAN007,2019-07-11 21:00:00,-999,
NAN007,2019-07-11 22:00:00,-999,
NAN007,2019-07-11 23:00:00,-999,
NAN007,2019-07-12 00:00:00,-999,
NAN007,2019-07-12 01:00:00,-999,
NAN007,2019-07-12 02:00:00,-999,
NAN007,2019-07-12 03:00:00,-999,
NAN007,2019-07-12 04:00:00,-999,
NAN007,2019-07-12 05:00:00,-999,
NAN007,2019-07-12 06:00:00,-999,
NAN007,2019-07-12 07:00:00,-999,
NAN007,2019-07-12 08:00:00,-999,
NAN007,2019-07-12 09:00:00,-999,
NAN007,2019-07-12 10:00:00,-999,
NAN007,2019-07-12 11:00:00,-999,
NAN007,2019-07-12 12:00:00,-999,
NAN007,2019-07-12 13:00:00,-999,
NAN007,2019-07-12 14:00:00,-999,
NAN007,2019-07-12 15:00:00,-999,
NAN007,2019-07-12 16:00:00,-999,
NAN007,2019-07-12 17:00:00,-999,
NAN007,2019-07-12 18:00:00,-999,
NAN007,2019-07-12 19:00:00,-999,
NAN007,2019-07-12 20:00:00,-999,
NAN007,2019-07-12 21:00:00,-999,
NAN007,2019-07-12 22:00:00,-999,
NAN007,2019-07-12 23:00:00,-999,
NAN007,2019-07-13 00:00:00,-999,
NAN007,2019-07-13 01:00:00,-999,
NAN007,2019-07-13 02:00:00,0,
NAN007,2019-07-13 03:00:00,-999,
NAN007,2019-07-13 04:00:00,-999,
NAN007,2019-07-13 05:00:00,-999,
NAN007,2019-07-13 06:00:00,-999,
NAN007,2019-07-13 07:00:00,-999,
NAN007,2019-07-13 08:00:00,-999,
NAN007,2019-07-13 09:00:00,0.2,
NAN007,2019-07-13 10:00:00,0,
NAN007,2019-07-13 11:00:00,0,
NAN007,2019-07-13 12:00:00,0,
NAN007,2019-07-13 13:00:00,0,
NAN007,2019-07-13 14:00:00,0,
NAN007,2019-07-13 15:00:00,0,
NAN007,2019-07-13 16:00:00,0,
NAN007,2019-07-13 17:00:00,0,
NAN007,2019-07-13 18:00:00,0,
NAN007,2019-07-13 19:00:00,0,
NAN007,2019-07-13 20:00:00,0,
NAN007,2019-07-13 21:00:00,0,
NAN007,2019-07-13 22:00:00,0,
NAN007,2019-07-13 23:00:00,0,
NAN007,2019-07-14 00:00:00,0,
NAN007,2019-07-14 01:00:00,0,
NAN007,2019-07-14 02:00:00,0,
NAN007,2019-07-14 03:00:00,0,
NAN007,2019-07-14 04:00:00,0,
NAN007,2019-07-14 05:00:00,0,
NAN007,2019-07-14 06:00:00,0,
NAN007,2019-07-14 07:00:00,0,
NAN007,2019-07-14 08:00:00,0,
NAN007,2019-07-14 09:00:00,0,
NAN007,2019-07-14 10:00:00,0,
NAN007,2019-07-14 11:00:00,0,
NAN007,2019-07-14 12:00:00,0,
NAN007,2019-07-14 13:00:00,0,
NAN007,2019-07-14 14:00:00,0,
NAN007,2019-07-14 15:00:00,0,
NAN007,2019-07-14 16:00:00,0,
NAN007,2019-07-14 17:00:00,0,
NAN007,2019-07-14 18:00:00,0,
NAN007,2019-07-14 19:00:00,0,
NAN007,2019-07-14 20:00:00,0,
NAN007,2019-07-14 21:00:00,0,
NAN007,2019-07-14 22:00:00,0,
NAN007,2019-07-14 23:00:00,0,
NAN007,2019-07-15 00:00:00,0,
NAN007,2019-07-15 01:00:00,0,
NAN007,2019-07-15 02:00:00,0,
NAN007,2019-07-15 03:00:00,0,
NAN007,2019-07-15 04:00:00,0,
NAN007,2019-07-15 05:00:00,0,
NAN007,2019-07-15 06:00:00,0,
NAN007,2019-07-15 07:00:00,0,
NAN007,2019-07-15 08:00:00,0,
NAN007,2019-07-15 09:00:00,0,
NAN007,2019-07-15 10:00:00,0,
NAN007,2019-07-15 11:00:00,0,
NAN007,2019-07-15 12:00:00,0,
NAN007,2019-07-15 13:00:00,0,
NAN007,2019-07-15 14:00:00,0,
NAN007,2019-07-15 15:00:00,0,
NAN007,2019-07-15 16:00:00,0,
NAN007,2019-07-15 17:00:00,0,
NAN007,2019-07-15 18:00:00,0,
NAN007,2019-07-15 19:00:00,0,
NAN007,2019-07-15 20:00:00,0,
NAN007,2019-07-15 21:00:00,0,
NAN007,2019-07-15 22:00:00,0,
NAN007,2019-07-15 23:00:00,0,
NAN007,2019-07-16 00:00:00,0,
NAN007,2019-07-16 01:00:00,0,
NAN007,2019-07-16 02:00:00,0,
NAN007,2019-07-16 03:00:00,0,
NAN007,2019-07-16 04:00:00,0,
NAN007,2019-07-16 05:00:00,0,
NAN007,2019-07-16 06:00:00,0,
NAN007,2019-07-16 07:00:00,0,
NAN007,2019-07-16 08:00:00,0,
NAN007,2019-07-16 09:00:00,0,
NAN007,2019-07-16 10:00:00,0,
NAN007,2019-07-16 11:00:00,0,
NAN007,2019-07-16 12:00:00,0,
NAN007,2019-07-16 13:00:00,0,
NAN007,2019-07-16 14:00:00,0,
NAN007,2019-07-16 15:00:00,0,
NAN007,2019-07-16 16:00:00,0,
NAN007,2019-07-16 17:00:00,0,
NAN007,2019-07-16 18:00:00,0,
NAN007,2019-07-16 19:00:00,0,
NAN007,2019-07-16 20:00:00,0,
NAN007,2019-07-16 21:00:00,0,
NAN007,2019-07-16 22:00:00,0,
NAN007,2019-07-16 23:00:00,0,
NAN007,2019-07-17 00:00:00,0,
NAN007,2019-07-17 01:00:00,0,
NAN007,2019-07-17 02:00:00,0,
NAN007,2019-07-17 03:00:00,0,
NAN007,2019-07-17 04:00:00,0,
NAN007,2019-07-17 05:00:00,0,
NAN007,2019-07-17 06:00:00,0,
NAN007,2019-07-17 07:00:00,0,
NAN007,2019-07-17 08:00:00,0,
NAN007,2019-07-17 09:00:00,0,
NAN007,2019-07-17 10:00:00,0,
NAN007,2019-07-17 11:00:00,0,
NAN007,2019-07-17 12:00:00,0,
NAN007,2019-07-17 13:00:00,0,
NAN007,2019-07-17 14:00:00,0,
NAN007,2019-07-17 15:00:00,0,
NAN007,2019-07-17 16:00:00,0,
NAN007,2019-07-17 17:00:00,0,
NAN007,2019-07-17 18:00:00,0,
NAN007,2019-07-17 19:00:00,0,
NAN007,2019-07-17 20:00:00,0,
NAN007,2019-07-17 21:00:00,0,
NAN007,2019-07-17 22:00:00,0,
NAN007,2019-07-17 23:00:00,0,
NAN007,2019-07-18 00:00:00,0,
NAN007,2019-07-18 01:00:00,0,
NAN007,2019-07-18 02:00:00,0,
NAN007,2019-07-18 03:00:00,0,
NAN007,2019-07-18 04:00:00,0,
NAN007,2019-07-18 05:00:00,0,
NAN007,2019-07-18 06:00:00,0,
NAN007,2019-07-18 07:00:00,0,
NAN007,2019-07-18 08:00:00,0,
NAN007,2019-07-18 09:00:00,0,
NAN007,2019-07-18 10:00:00,0,
NAN007,2019-07-18 11:00:00,0,
NAN007,2019-07-18 12:00:00,0,
NAN007,2019-07-18 13:00:00,0,
NAN007,2019-07-18 14:00:00,0,
NAN007,2019-07-18 15:00:00,0,
NAN007,2019-07-18 16:00:00,0,
NAN007,2019-07-18 17:00:00,0,
NAN007,2019-07-18 18:00:00,0,
NAN007,2019-07-18 19:00:00,0,
NAN007,2019-07-18 20:00:00,0,
NAN007,2019-07-18 21:00:00,0,
NAN007,2019-07-18 22:00:00,0,
NAN007,2019-07-18 23:00:00,0,
NAN007,2019-07-19 00:00:00,0,
NAN007,2019-07-19 01:00:00,0,
NAN007,2019-07-19 02:00:00,0,
NAN007,2019-07-19 03:00:00,0,
NAN007,2019-07-19 04:00:00,0,
NAN007,2019-07-19 05:00:00,0,
NAN007,2019-07-19 06:00:00,0,
NAN007,2019-07-19 07:00:00,0,
NAN007,2019-07-19 08:00:00,0,
NAN007,2019-07-19 09:00:00,0,
NAN007,2019-07-19 10:00:00,0,
NAN007,2019-07-19 11:00:00,0,
NAN007,2019-07-19 12:00:00,0,
NAN007,2019-07-19 13:00:00,0,
NAN007,2019-07-19 14:00:00,0,
NAN007,2019-07-19 15:00:00,0,
NAN007,2019-07-19 16:00:00,0,
NAN007,2019-07-19 17:00:00,0,
NAN007,2019-07-19 18:00:00,0,
NAN007,2019-07-19 19:00:00,0,
NAN007,2019-07-19 20:00:00,0,
NAN007,2019-07-19 21:00:00,0,
NAN007,2019-07-19 22:00:00,0,
NAN007,2019-07-19 23:00:00,0,
NAN007,2019-07-20 00:00:00,0,
NAN007,2019-07-20 01:00:00,0,
NAN007,2019-07-20 02:00:00,0,
NAN007,2019-07-20 03:00:00,0,
NAN007,2019-07-20 04:00:00,0,
NAN007,2019-07-20 05:00:00,0,
NAN007,2019-07-20 06:00:00,0,
NAN007,2019-07-20 07:00:00,0,
NAN007,2019-07-20 08:00:00,0,
NAN007,2019-07-20 09:00:00,0,
NAN007,2019-07-20 10:00:00,0,
NAN007,2019-07-20 11:00:00,0,
NAN007,2019-07-20 12:00:00,0,
NAN007,2019-07-20 13:00:00,0,
NAN007,2019-07-20 14:00:00,0,
NAN007,2019-07-20 15:00:00,0,
NAN007,2019-07-20 16:00:00,0,
NAN007,2019-07-20 17:00:00,0,
NAN007,2019-07-20 18:00:00,0,
NAN007,2019-07-20 19:00:00,0,
NAN007,2019-07-20 20:00:00,0,
NAN007,2019-07-20 21:00:00,0,
NAN007,2019-07-20 22:00:00,0,
NAN007,2019-07-20 23:00:00,0,
NAN007,2019-07-21 00:00:00,0,
NAN007,2019-07-21 01:00:00,0,
NAN007,2019-07-21 02:00:00,0,
NAN007,2019-07-21 03:00:00,0,
NAN007,2019-07-21 04:00:00,0,
NAN007,2019-07-21 05:00:00,0,
NAN007,2019-07-21 06:00:00,0,
NAN007,2019-07-21 07:00:00,0,
NAN007,2019-07-21 08:00:00,0,
NAN007,2019-07-21 09:00:00,0,
NAN007,2019-07-21 10:00:00,0,
NAN007,2019-07-21 11:00:00,0,
NAN007,2019-07-21 12:00:00,0,
NAN007,2019-07-21 13:00:00,0,
NAN007,2019-07-21 14:00:00,0,
NAN007,2019-07-21 15:00:00,0,
NAN007,2019-07-21 16:00:00,0,
NAN007,2019-07-21 17:00:00,0,
NAN007,2019-07-21 18:00:00,0,
NAN007,2019-07-21 19:00:00,0,
NAN007,2019-07-21 20:00:00,0,
NAN007,2019-07-21 21:00:00,0,
NAN007,2019-07-21 22:00:00,0,
NAN007,2019-07-21 23:00:00,0,
NAN007,2019-07-22 00:00:00,0,
NAN007,2019-07-22 01:00:00,0,
NAN007,2019-07-22 02:00:00,0,
NAN007,2019-07-22 03:00:00,0,
NAN007,2019-07-22 04:00:00,0,
NAN007,2019-07-22 05:00:00,0,
NAN007,2019-07-22 06:00:00,0.2,
NAN007,2019-07-22 07:00:00,0,
NAN007,2019-07-22 08:00:00,0,
NAN007,2019-07-22 09:00:00,0,
NAN007,2019-07-22 10:00:00,0,
NAN007,2019-07-22 11:00:00,0,
NAN007,2019-07-22 12:00:00,0,
NAN007,2019-07-22 13:00:00,0,
NAN007,2019-07-22 14:00:00,0,
NAN007,2019-07-22 15:00:00,0,
NAN007,2019-07-22 16:00:00,0,
NAN007,2019-07-22 17:00:00,0,
NAN007,2019-07-22 18:00:00,0,
NAN007,2019-07-22 19:00:00,0,
NAN007,2019-07-22 20:00:00,0,
NAN007,2019-07-22 21:00:00,0,
NAN007,2019-07-22 22:00:00,0,
NAN007,2019-07-22 23:00:00,0,
NAN007,2019-07-23 00:00:00,0,
NAN007,2019-07-23 01:00:00,0,
NAN007,2019-07-23 02:00:00,0,
NAN007,2019-07-23 03:00:00,0,
NAN007,2019-07-23 04:00:00,0,
NAN007,2019-07-23 05:00:00,0,
NAN007,2019-07-23 06:00:00,0,
NAN007,2019-07-23 07:00:00,0,
NAN007,2019-07-23 08:00:00,0,
NAN007,2019-07-23 09:00:00,0,
NAN007,2019-07-23 10:00:00,0,
NAN007,2019-07-23 11:00:00,0,
NAN007,2019-07-23 12:00:00,0,
NAN007,2019-07-23 13:00:00,0,
NAN007,2019-07-23 14:00:00,0,
NAN007,2019-07-23 15:00:00,0,
NAN007,2019-07-23 16:00:00,0,
NAN007,2019-07-23 17:00:00,0,
NAN007,2019-07-23 18:00:00,0,
NAN007,2019-07-23 19:00:00,0,
NAN007,2019-07-23 20:00:00,0,
NAN007,2019-07-23 21:00:00,0,
NAN007,2019-07-23 22:00:00,0,
NAN007,2019-07-23 23:00:00,0,
NAN007,2019-07-24 00:00:00,0,
NAN007,2019-07-24 01:00:00,0,
NAN007,2019-07-24 02:00:00,0,
NAN007,2019-07-24 03:00:00,0,
NAN007,2019-07-24 04:00:00,0,
NAN007,2019-07-24 05:00:00,0,
NAN007,2019-07-24 06:00:00,0,
NAN007,2019-07-24 07:00:00,0,
NAN007,2019-07-24 08:00:00,0,
NAN007,2019-07-24 09:00:00,0,
NAN007,2019-07-24 10:00:00,0,
NAN007,2019-07-24 11:00:00,0,
NAN007,2019-07-24 12:00:00,0,
NAN007,2019-07-24 13:00:00,0,
NAN007,2019-07-24 14:00:00,0,
NAN007,2019-07-24 15:00:00,0,
NAN007,2019-07-24 16:00:00,0,
NAN007,2019-07-24 17:00:00,0,
NAN007,2019-07-24 18:00:00,0,
NAN007,2019-07-24 19:00:00,0,
NAN007,2019-07-24 20:00:00,0,
NAN007,2019-07-24 21:00:00,0,
NAN007,2019-07-24 22:00:00,0,
NAN007,2019-07-24 23:00:00,0,
NAN007,2019-07-25 00:00:00,0,
NAN007,2019-07-25 01:00:00,0,
NAN007,2019-07-25 02:00:00,0,
NAN007,2019-07-25 03:00:00,0,
NAN007,2019-07-25 04:00:00,0,
NAN007,2019-07-25 05:00:00,0,
NAN007,2019-07-25 06:00:00,0,
NAN007,2019-07-25 07:00:00,0,
NAN007,2019-07-25 08:00:00,0,
NAN007,2019-07-25 09:00:00,0,
NAN007,2019-07-25 10:00:00,0,
NAN007,2019-07-25 11:00:00,0,
NAN007,2019-07-25 12:00:00,0,
NAN007,2019-07-25 13:00:00,0,
NAN007,2019-07-25 14:00:00,0,
NAN007,2019-07-25 15:00:00,0,
NAN007,2019-07-25 16:00:00,0,
NAN007,2019-07-25 17:00:00,0,
NAN007,2019-07-25 18:00:00,0,
NAN007,2019-07-25 19:00:00,0,
NAN007,2019-07-25 20:00:00,2.8,
NAN007,2019-07-25 21:00:00,6.8,
NAN007,2019-07-25 22:00:00,4,
NAN007,2019-07-25 23:00:00,3.8,
NAN007,2019-07-26 00:00:00,1.2,
NAN007,2019-07-26 01:00:00,0.4,
NAN007,2019-07-26 02:00:00,0.4,
NAN007,2019-07-26 03:00:00,0,
NAN007,2019-07-26 04:00:00,0,
NAN007,2019-07-26 05:00:00,0,
NAN007,2019-07-26 06:00:00,0.4,
NAN007,2019-07-26 07:00:00,0,
NAN007,2019-07-26 08:00:00,1.4,
NAN007,2019-07-26 09:00:00,2.4,
NAN007,2019-07-26 10:00:00,1,
NAN007,2019-07-26 11:00:00,0.4,
NAN007,2019-07-26 12:00:00,0,
NAN007,2019-07-26 13:00:00,0,
NAN007,2019-07-26 14:00:00,0,
NAN007,2019-07-26 15:00:00,0,
NAN007,2019-07-26 16:00:00,0,
NAN007,2019-07-26 17:00:00,0,
NAN007,2019-07-26 18:00:00,0,
NAN007,2019-07-26 19:00:00,0,
NAN007,2019-07-26 20:00:00,0,
NAN007,2019-07-26 21:00:00,0,
NAN007,2019-07-26 22:00:00,0,
NAN007,2019-07-26 23:00:00,0,
NAN007,2019-07-27 00:00:00,0,
NAN007,2019-07-27 01:00:00,0,
NAN007,2019-07-27 02:00:00,0,
NAN007,2019-07-27 03:00:00,0,
NAN007,2019-07-27 04:00:00,0,
NAN007,2019-07-27 05:00:00,0,
NAN007,2019-07-27 06:00:00,0,
NAN007,2019-07-27 07:00:00,1,
NAN007,2019-07-27 08:00:00,0.8,
NAN007,2019-07-27 09:00:00,0.4,
NAN007,2019-07-27 10:00:00,0,
NAN007,2019-07-27 11:00:00,0,
NAN007,2019-07-27 12:00:00,0,
NAN007,2019-07-27 13:00:00,0.8,
NAN007,2019-07-27 14:00:00,0,
NAN007,2019-07-27 15:00:00,0,
NAN007,2019-07-27 16:00:00,0,
NAN007,2019-07-27 17:00:00,0,
NAN007,2019-07-27 18:00:00,0,
NAN007,2019-07-27 19:00:00,0,
NAN007,2019-07-27 20:00:00,0,
NAN007,2019-07-27 21:00:00,0,
NAN007,2019-07-27 22:00:00,0,
NAN007,2019-07-27 23:00:00,0,
NAN007,2019-07-28 00:00:00,0,
NAN007,2019-07-28 01:00:00,0,
NAN007,2019-07-28 02:00:00,0,
NAN007,2019-07-28 03:00:00,0,
NAN007,2019-07-28 04:00:00,0,
NAN007,2019-07-28 05:00:00,0,
NAN007,2019-07-28 06:00:00,0,
NAN007,2019-07-28 07:00:00,0,
NAN007,2019-07-28 08:00:00,0,
NAN007,2019-07-28 09:00:00,0,
NAN007,2019-07-28 10:00:00,0,
NAN007,2019-07-28 11:00:00,0,
NAN007,2019-07-28 12:00:00,0,
NAN007,2019-07-28 13:00:00,0,
NAN007,2019-07-28 14:00:00,0,
NAN007,2019-07-28 15:00:00,0,
NAN007,2019-07-28 16:00:00,0,
NAN007,2019-07-28 17:00:00,0,
NAN007,2019-07-28 18:00:00,0,
NAN007,2019-07-28 19:00:00,0,
NAN007,2019-07-28 20:00:00,0,
NAN007,2019-07-28 21:00:00,0,
NAN007,2019-07-28 22:00:00,0,
NAN007,2019-07-28 23:00:00,0,
NAN007,2019-07-29 00:00:00,0,
NAN007,2019-07-29 01:00:00,0,
NAN007,2019-07-29 02:00:00,0,
NAN007,2019-07-29 03:00:00,0,
NAN007,2019-07-29 04:00:00,0,
NAN007,2019-07-29 05:00:00,0,
NAN007,2019-07-29 06:00:00,0,
NAN007,2019-07-29 07:00:00,0,
NAN007,2019-07-29 08:00:00,0,
NAN007,2019-07-29 09:00:00,0,
NAN007,2019-07-29 10:00:00,0,
NAN007,2019-07-29 11:00:00,0,
NAN007,2019-07-29 12:00:00,0,
NAN007,2019-07-29 13:00:00,0,
NAN007,2019-07-29 14:00:00,0,
NAN007,2019-07-29 15:00:00,0,
NAN007,2019-07-29 16:00:00,0,
NAN007,2019-07-29 17:00:00,0,
NAN007,2019-07-29 18:00:00,0,
NAN007,2019-07-29 19:00:00,0,
NAN007,2019-07-29 20:00:00,0,
NAN007,2019-07-29 21:00:00,0,
NAN007,2019-07-29 22:00:00,0,
NAN007,2019-07-29 23:00:00,0,
NAN007,2019-07-30 00:00:00,0,
NAN007,2019-07-30 01:00:00,0,
NAN007,2019-07-30 02:00:00,0,
NAN007,2019-07-30 03:00:00,0,
NAN007,2019-07-30 04:00:00,0,
NAN007,2019-07-30 05:00:00,0,
NAN007,2019-07-30 06:00:00,0,
NAN007,2019-07-30 07:00:00,0,
NAN007,2019-07-30 08:00:00,0,
NAN007,2019-07-30 09:00:00,0,
NAN007,2019-07-30 10:00:00,0,
NAN007,2019-07-30 11:00:00,0,
NAN007,2019-07-30 12:00:00,0,
NAN007,2019-07-30 13:00:00,0,
NAN007,2019-07-30 14:00:00,0,
NAN007,2019-07-30 15:00:00,0,
NAN007,2019-07-30 16:00:00,0,
NAN007,2019-07-30 17:00:00,0,
NAN007,2019-07-30 18:00:00,0,
NAN007,2019-07-30 19:00:00,0,
NAN007,2019-07-30 20:00:00,0,
NAN007,2019-07-30 21:00:00,0,
NAN007,2019-07-30 22:00:00,0,
NAN007,2019-07-30 23:00:00,0.2,
NAN007,2019-07-31 00:00:00,0,
NAN007,2019-07-31 01:00:00,0,
NAN007,2019-07-31 02:00:00,0,
NAN007,2019-07-31 03:00:00,0,
NAN007,2019-07-31 04:00:00,0.2,
NAN007,2019-07-31 05:00:00,0.2,
NAN007,2019-07-31 06:00:00,0,
NAN007,2019-07-31 07:00:00,0,
NAN007,2019-07-31 08:00:00,0,
NAN007,2019-07-31 09:00:00,0,
NAN007,2019-07-31 10:00:00,0,
NAN007,2019-07-31 11:00:00,0,
NAN007,2019-07-31 12:00:00,0,
NAN007,2019-07-31 13:00:00,0,
NAN007,2019-07-31 14:00:00,0,
NAN007,2019-07-31 15:00:00,0,
NAN007,2019-07-31 16:00:00,0,
NAN007,2019-07-31 17:00:00,0,
NAN007,2019-07-31 18:00:00,0,
NAN007,2019-07-31 19:00:00,0,
NAN007,2019-07-31 20:00:00,0,
NAN007,2019-07-31 21:00:00,0,
NAN007,2019-07-31 22:00:00,0,
NAN007,2019-07-31 23:00:00,0,
KOKO,2019-07-01 00:00:00,3.2,
KOKO,2019-07-01 01:00:00,0.8,
KOKO,2019-07-01 02:00:00,0.8,
KOKO,2019-07-01 03:00:00,0,
KOKO,2019-07-01 04:00:00,0,
KOKO,2019-07-01 05:00:00,0,
KOKO,2019-07-01 06:00:00,0,
KOKO,2019-07-01 07:00:00,0,
KOKO,2019-07-01 08:00:00,0,
KOKO,2019-07-01 09:00:00,0,
KOKO,2019-07-01 10:00:00,0,
KOKO,2019-07-01 11:00:00,0,
KOKO,2019-07-01 12:00:00,0,
KOKO,2019-07-01 13:00:00,0,
KOKO,2019-07-01 14:00:00,0,
KOKO,2019-07-01 15:00:00,0,
KOKO,2019-07-01 16:00:00,0,
KOKO,2019-07-01 17:00:00,0,
KOKO,2019-07-01 18:00:00,0,
KOKO,2019-07-01 19:00:00,0,
KOKO,2019-07-01 20:00:00,0,
KOKO,2019-07-01 21:00:00,0,
KOKO,2019-07-01 22:00:00,0,
KOKO,2019-07-01 23:00:00,0,
KOKO,2019-07-02 00:00:00,0,
KOKO,2019-07-02 01:00:00,0,
KOKO,2019-07-02 02:00:00,0,
KOKO,2019-07-02 03:00:00,0,
KOKO,2019-07-02 04:00:00,0,
KOKO,2019-07-02 05:00:00,0,
KOKO,2019-07-02 06:00:00,0,
KOKO,2019-07-02 07:00:00,0,
KOKO,2019-07-02 08:00:00,0,
KOKO,2019-07-02 09:00:00,0,
KOKO,2019-07-02 10:00:00,0,
KOKO,2019-07-02 11:00:00,0.2,
KOKO,2019-07-02 12:00:00,0.2,
KOKO,2019-07-02 13:00:00,0,
KOKO,2019-07-02 14:00:00,0,
KOKO,2019-07-02 15:00:00,0,
KOKO,2019-07-02 16:00:00,0.2,
KOKO,2019-07-02 17:00:00,1.2,
KOKO,2019-07-02 18:00:00,1.8,
KOKO,2019-07-02 19:00:00,1.8,
KOKO,2019-07-02 20:00:00,0,
KOKO,2019-07-02 21:00:00,0,
KOKO,2019-07-02 22:00:00,0,
KOKO,2019-07-02 23:00:00,0.2,
KOKO,2019-07-03 00:00:00,0,
KOKO,2019-07-03 01:00:00,0,
KOKO,2019-07-03 02:00:00,0,
KOKO,2019-07-03 03:00:00,0,
KOKO,2019-07-03 04:00:00,0.6,
KOKO,2019-07-03 05:00:00,2,
KOKO,2019-07-03 06:00:00,2.2,
KOKO,2019-07-03 07:00:00,4.2,
KOKO,2019-07-03 08:00:00,0.4,
KOKO,2019-07-03 09:00:00,0.4,
KOKO,2019-07-03 10:00:00,1.2,
KOKO,2019-07-03 11:00:00,1.6,
KOKO,2019-07-03 12:00:00,1.6,
KOKO,2019-07-03 13:00:00,2.4,
KOKO,2019-07-03 14:00:00,1.8,
KOKO,2019-07-03 15:00:00,2.2,
KOKO,2019-07-03 16:00:00,0.8,
KOKO,2019-07-03 17:00:00,0,
KOKO,2019-07-03 18:00:00,0,
KOKO,2019-07-03 19:00:00,0,
KOKO,2019-07-03 20:00:00,0,
KOKO,2019-07-03 21:00:00,0,
KOKO,2019-07-03 22:00:00,0,
KOKO,2019-07-03 23:00:00,0,
KOKO,2019-07-04 00:00:00,0,
KOKO,2019-07-04 01:00:00,0,
KOKO,2019-07-04 02:00:00,0,
KOKO,2019-07-04 03:00:00,0.2,
KOKO,2019-07-04 04:00:00,0,
KOKO,2019-07-04 05:00:00,0,
KOKO,2019-07-04 06:00:00,0,
KOKO,2019-07-04 07:00:00,0,
KOKO,2019-07-04 08:00:00,0,
KOKO,2019-07-04 09:00:00,0,
KOKO,2019-07-04 10:00:00,0,
KOKO,2019-07-04 11:00:00,0.2,
KOKO,2019-07-04 12:00:00,0,
KOKO,2019-07-04 13:00:00,0,
KOKO,2019-07-04 14:00:00,0,
KOKO,2019-07-04 15:00:00,0,
KOKO,2019-07-04 16:00:00,0,
KOKO,2019-07-04 17:00:00,0,
KOKO,2019-07-04 18:00:00,0,
KOKO,2019-07-04 19:00:00,0,
KOKO,2019-07-04 20:00:00,0,
KOKO,2019-07-04 21:00:00,0,
KOKO,2019-07-04 22:00:00,0,
KOKO,2019-07-04 23:00:00,0,
KOKO,2019-07-05 00:00:00,0,
KOKO,2019-07-05 01:00:00,0,
KOKO,2019-07-05 02:00:00,0,
KOKO,2019-07-05 03:00:00,0,
KOKO,2019-07-05 04:00:00,0,
KOKO,2019-07-05 05:00:00,0,
KOKO,2019-07-05 06:00:00,0,
KOKO,2019-07-05 07:00:00,0,
KOKO,2019-07-05 08:00:00,0,
KOKO,2019-07-05 09:00:00,0,
KOKO,2019-07-05 10:00:00,0,
KOKO,2019-07-05 11:00:00,0,
KOKO,2019-07-05 12:00:00,0,
KOKO,2019-07-05 13:00:00,0,
KOKO,2019-07-05 14:00:00,0,
KOKO,2019-07-05 15:00:00,0,
KOKO,2019-07-05 16:00:00,0,
KOKO,2019-07-05 17:00:00,0,
KOKO,2019-07-05 18:00:00,0,
KOKO,2019-07-05 19:00:00,0,
KOKO,2019-07-05 20:00:00,0,
KOKO,2019-07-05 21:00:00,0,
KOKO,2019-07-05 22:00:00,0,
KOKO,2019-07-05 23:00:00,0,
KOKO,2019-07-06 00:00:00,0,
KOKO,2019-07-06 01:00:00,0,
KOKO,2019-07-06 02:00:00,0,
KOKO,2019-07-06 03:00:00,0,
KOKO,2019-07-06 04:00:00,0,
KOKO,2019-07-06 05:00:00,0,
KOKO,2019-07-06 06:00:00,0,
KOKO,2019-07-06 07:00:00,0,
KOKO,2019-07-06 08:00:00,0,
KOKO,2019-07-06 09:00:00,0,
KOKO,2019-07-06 10:00:00,0,
KOKO,2019-07-06 11:00:00,0,
KOKO,2019-07-06 12:00:00,0,
KOKO,2019-07-06 13:00:00,0,
KOKO,2019-07-06 14:00:00,0,
KOKO,2019-07-06 15:00:00,0,
KOKO,2019-07-06 16:00:00,0,
KOKO,2019-07-06 17:00:00,0,
KOKO,2019-07-06 18:00:00,0,
KOKO,2019-07-06 19:00:00,0,
KOKO,2019-07-06 20:00:00,0,
KOKO,2019-07-06 21:00:00,0,
KOKO,2019-07-06 22:00:00,0,
KOKO,2019-07-06 23:00:00,0,
KOKO,2019-07-07 00:00:00,0,
KOKO,2019-07-07 01:00:00,0,
KOKO,2019-07-07 02:00:00,0,
KOKO,2019-07-07 03:00:00,0,
KOKO,2019-07-07 04:00:00,0,
KOKO,2019-07-07 05:00:00,0,
KOKO,2019-07-07 06:00:00,0,
KOKO,2019-07-07 07:00:00,0,
KOKO,2019-07-07 08:00:00,0,
KOKO,2019-07-07 09:00:00,0,
KOKO,2019-07-07 10:00:00,0,
KOKO,2019-07-07 11:00:00,0,
KOKO,2019-07-07 12:00:00,0,
KOKO,2019-07-07 13:00:00,0,
KOKO,2019-07-07 14:00:00,0,
KOKO,2019-07-07 15:00:00,0,
KOKO,2019-07-07 16:00:00,0,
KOKO,2019-07-07 17:00:00,0,
KOKO,2019-07-07 18:00:00,0,
KOKO,2019-07-07 19:00:00,0,
KOKO,2019-07-07 20:00:00,0,
KOKO,2019-07-07 21:00:00,0,
KOKO,2019-07-07 22:00:00,0,
KOKO,2019-07-07 23:00:00,0,
KOKO,2019-07-08 00:00:00,0,
KOKO,2019-07-08 01:00:00,0,
KOKO,2019-07-08 02:00:00,0,
KOKO,2019-07-08 03:00:00,0,
KOKO,2019-07-08 04:00:00,0,
KOKO,2019-07-08 05:00:00,0,
KOKO,2019-07-08 06:00:00,0,
KOKO,2019-07-08 07:00:00,0,
KOKO,2019-07-08 08:00:00,0,
KOKO,2019-07-08 09:00:00,0,
KOKO,2019-07-08 10:00:00,0,
KOKO,2019-07-08 11:00:00,0,
KOKO,2019-07-08 12:00:00,0,
KOKO,2019-07-08 13:00:00,0,
KOKO,2019-07-08 14:00:00,0,
KOKO,2019-07-08 15:00:00,0,
KOKO,2019-07-08 16:00:00,0,
KOKO,2019-07-08 17:00:00,0,
KOKO,2019-07-08 18:00:00,0,
KOKO,2019-07-08 19:00:00,0,
KOKO,2019-07-08 20:00:00,0,
KOKO,2019-07-08 21:00:00,0,
KOKO,2019-07-08 22:00:00,0,
KOKO,2019-07-08 23:00:00,0,
KOKO,2019-07-09 00:00:00,0,
KOKO,2019-07-09 01:00:00,0,
KOKO,2019-07-09 02:00:00,0,
KOKO,2019-07-09 03:00:00,0,
KOKO,2019-07-09 04:00:00,0,
KOKO,2019-07-09 05:00:00,0,
KOKO,2019-07-09 06:00:00,0,
KOKO,2019-07-09 07:00:00,0,
KOKO,2019-07-09 08:00:00,0,
KOKO,2019-07-09 09:00:00,0,
KOKO,2019-07-09 10:00:00,0,
KOKO,2019-07-09 11:00:00,0,
KOKO,2019-07-09 12:00:00,0,
KOKO,2019-07-09 13:00:00,0,
KOKO,2019-07-09 14:00:00,0,
KOKO,2019-07-09 15:00:00,0,
KOKO,2019-07-09 16:00:00,0,
KOKO,2019-07-09 17:00:00,0,
KOKO,2019-07-09 18:00:00,0,
KOKO,2019-07-09 19:00:00,0,
KOKO,2019-07-09 20:00:00,0,
KOKO,2019-07-09 21:00:00,0,
KOKO,2019-07-09 22:00:00,0,
KOKO,2019-07-09 23:00:00,0,
KOKO,2019-07-10 00:00:00,0,
KOKO,2019-07-10 01:00:00,0,
KOKO,2019-07-10 02:00:00,1,
KOKO,2019-07-10 03:00:00,0,
KOKO,2019-07-10 04:00:00,0,
KOKO,2019-07-10 05:00:00,0,
KOKO,2019-07-10 06:00:00,0,
KOKO,2019-07-10 07:00:00,0,
KOKO,2019-07-10 08:00:00,0,
KOKO,2019-07-10 09:00:00,0,
KOKO,2019-07-10 10:00:00,0,
KOKO,2019-07-10 11:00:00,0,
KOKO,2019-07-10 12:00:00,0,
KOKO,2019-07-10 13:00:00,0,
KOKO,2019-07-10 14:00:00,0,
KOKO,2019-07-10 15:00:00,0,
KOKO,2019-07-10 16:00:00,0,
KOKO,2019-07-10 17:00:00,0,
KOKO,2019-07-10 18:00:00,0,
KOKO,2019-07-10 19:00:00,0,
KOKO,2019-07-10 20:00:00,0,
KOKO,2019-07-10 21:00:00,0,
KOKO,2019-07-10 22:00:00,0,
KOKO,2019-07-10 23:00:00,0,
KOKO,2019-07-11 00:00:00,0,
KOKO,2019-07-11 01:00:00,0,
KOKO,2019-07-11 02:00:00,0,
KOKO,2019-07-11 03:00:00,0,
KOKO,2019-07-11 04:00:00,0,
KOKO,2019-07-11 05:00:00,0,
KOKO,2019-07-11 06:00:00,0,
KOKO,2019-07-11 07:00:00,0,
KOKO,2019-07-11 08:00:00,0,
KOKO,2019-07-11 09:00:00,0,
KOKO,2019-07-11 10:00:00,0,
KOKO,2019-07-11 11:00:00,0,
KOKO,2019-07-11 12:00:00,0,
KOKO,2019-07-11 13:00:00,0,
KOKO,2019-07-11 14:00:00,0,
KOKO,2019-07-11 15:00:00,0,
KOKO,2019-07-11 16:00:00,0,
KOKO,2019-07-11 17:00:00,0,
KOKO,2019-07-11 18:00:00,0,
KOKO,2019-07-11 19:00:00,0,
KOKO,2019-07-11 20:00:00,0,
KOKO,2019-07-11 21:00:00,0,
KOKO,2019-07-11 22:00:00,0,
KOKO,2019-07-11 23:00:00,0,
KOKO,2019-07-12 00:00:00,0,
KOKO,2019-07-12 01:00:00,2.6,
KOKO,2019-07-12 02:00:00,1.4,
KOKO,2019-07-12 03:00:00,0,
KOKO,2019-07-12 04:00:00,0,
KOKO,2019-07-12 05:00:00,0,
KOKO,2019-07-12 06:00:00,0,
KOKO,2019-07-12 07:00:00,0,
KOKO,2019-07-12 08:00:00,0,
KOKO,2019-07-12 09:00:00,0,
KOKO,2019-07-12 10:00:00,0,
KOKO,2019-07-12 11:00:00,0,
KOKO,2019-07-12 12:00:00,0,
KOKO,2019-07-12 13:00:00,0,
KOKO,2019-07-12 14:00:00,0,
KOKO,2019-07-12 15:00:00,0,
KOKO,2019-07-12 16:00:00,0,
KOKO,2019-07-12 17:00:00,0,
KOKO,2019-07-12 18:00:00,0,
KOKO,2019-07-12 19:00:00,0,
KOKO,2019-07-12 20:00:00,0,
KOKO,2019-07-12 21:00:00,0,
KOKO,2019-07-12 22:00:00,0,
KOKO,2019-07-12 23:00:00,0,
KOKO,2019-07-13 00:00:00,0,
KOKO,2019-07-13 01:00:00,0,
KOKO,2019-07-13 02:00:00,0,
KOKO,2019-07-13 03:00:00,0,
KOKO,2019-07-13 04:00:00,0,
KOKO,2019-07-13 05:00:00,0,
KOKO,2019-07-13 06:00:00,0,
KOKO,2019-07-13 07:00:00,0,
KOKO,2019-07-13 08:00:00,0,
KOKO,2019-07-13 09:00:00,0,
KOKO,2019-07-13 10:00:00,0,
KOKO,2019-07-13 11:00:00,0,
KOKO,2019-07-13 12:00:00,0,
KOKO,2019-07-13 13:00:00,0,
KOKO,2019-07-13 14:00:00,0,
KOKO,2019-07-13 15:00:00,0,
KOKO,2019-07-13 16:00:00,0,
KOKO,2019-07-13 17:00:00,0,
KOKO,2019-07-13 18:00:00,0,
KOKO,2019-07-13 19:00:00,0,
KOKO,2019-07-13 20:00:00,0,
KOKO,2019-07-13 21:00:00,0,
KOKO,2019-07-13 22:00:00,0,
KOKO,2019-07-13 23:00:00,0,
KOKO,2019-07-14 00:00:00,0,
KOKO,2019-07-14 01:00:00,0,
KOKO,2019-07-14 02:00:00,0,
KOKO,2019-07-14 03:00:00,0,
KOKO,2019-07-14 04:00:00,0,
KOKO,2019-07-14 05:00:00,0,
KOKO,2019-07-14 06:00:00,0,
KOKO,2019-07-14 07:00:00,0,
KOKO,2019-07-14 08:00:00,0,
KOKO,2019-07-14 09:00:00,0,
KOKO,2019-07-14 10:00:00,0,
KOKO,2019-07-14 11:00:00,0,
KOKO,2019-07-14 12:00:00,0,
KOKO,2019-07-14 13:00:00,0,
KOKO,2019-07-14 14:00:00,0,
KOKO,2019-07-14 15:00:00,0,
KOKO,2019-07-14 16:00:00,0,
KOKO,2019-07-14 17:00:00,0.2,
KOKO,2019-07-14 18:00:00,1.8,
KOKO,2019-07-14 19:00:00,0.2,
KOKO,2019-07-14 20:00:00,0,
KOKO,2019-07-14 21:00:00,0,
KOKO,2019-07-14 22:00:00,0,
KOKO,2019-07-14 23:00:00,0,
KOKO,2019-07-15 00:00:00,0,
KOKO,2019-07-15 01:00:00,0,
KOKO,2019-07-15 02:00:00,0,
KOKO,2019-07-15 03:00:00,0,
KOKO,2019-07-15 04:00:00,0,
KOKO,2019-07-15 05:00:00,0,
KOKO,2019-07-15 06:00:00,0,
KOKO,2019-07-15 07:00:00,0,
KOKO,2019-07-15 08:00:00,0,
KOKO,2019-07-15 09:00:00,0,
KOKO,2019-07-15 10:00:00,0,
KOKO,2019-07-15 11:00:00,0,
KOKO,2019-07-15 12:00:00,0,
KOKO,2019-07-15 13:00:00,0,
KOKO,2019-07-15 14:00:00,0,
KOKO,2019-07-15 15:00:00,0,
KOKO,2019-07-15 16:00:00,0,
KOKO,2019-07-15 17:00:00,0,
KOKO,2019-07-15 18:00:00,0,
KOKO,2019-07-15 19:00:00,0,
KOKO,2019-07-15 20:00:00,0,
KOKO,2019-07-15 21:00:00,0,
KOKO,2019-07-15 22:00:00,0,
KOKO,2019-07-15 23:00:00,0,
KOKO,2019-07-16 00:00:00,0,
KOKO,2019-07-16 01:00:00,0,
KOKO,2019-07-16 02:00:00,0,
KOKO,2019-07-16 03:00:00,0,
KOKO,2019-07-16 04:00:00,0,
KOKO,2019-07-16 05:00:00,0,
KOKO,2019-07-16 06:00:00,0,
KOKO,2019-07-16 07:00:00,0,
KOKO,2019-07-16 08:00:00,0,
KOKO,2019-07-16 09:00:00,0,
KOKO,2019-07-16 10:00:00,0,
KOKO,2019-07-16 11:00:00,0,
KOKO,2019-07-16 12:00:00,0,
KOKO,2019-07-16 13:00:00,0,
KOKO,2019-07-16 14:00:00,0.2,
KOKO,2019-07-16 15:00:00,0.2,
KOKO,2019-07-16 16:00:00,0,
KOKO,2019-07-16 17:00:00,0,
KOKO,2019-07-16 18:00:00,0,
KOKO,2019-07-16 19:00:00,0,
KOKO,2019-07-16 20:00:00,0,
KOKO,2019-07-16 21:00:00,0,
KOKO,2019-07-16 22:00:00,0,
KOKO,2019-07-16 23:00:00,0,
KOKO,2019-07-17 00:00:00,0,
KOKO,2019-07-17 01:00:00,0,
KOKO,2019-07-17 02:00:00,0,
KOKO,2019-07-17 03:00:00,0,
KOKO,2019-07-17 04:00:00,0,
KOKO,2019-07-17 05:00:00,0,
KOKO,2019-07-17 06:00:00,0,
KOKO,2019-07-17 07:00:00,0,
KOKO,2019-07-17 08:00:00,0,
KOKO,2019-07-17 09:00:00,0,
KOKO,2019-07-17 10:00:00,0,
KOKO,2019-07-17 11:00:00,0,
KOKO,2019-07-17 12:00:00,0,
KOKO,2019-07-17 13:00:00,0,
KOKO,2019-07-17 14:00:00,0,
KOKO,2019-07-17 15:00:00,0,
KOKO,2019-07-17 16:00:00,0,
KOKO,2019-07-17 17:00:00,0,
KOKO,2019-07-17 18:00:00,0,
KOKO,2019-07-17 19:00:00,0,
KOKO,2019-07-17 20:00:00,0,
KOKO,2019-07-17 21:00:00,0,
KOKO,2019-07-17 22:00:00,0,
KOKO,2019-07-17 23:00:00,0,
KOKO,2019-07-18 00:00:00,0,
KOKO,2019-07-18 01:00:00,0,
KOKO,2019-07-18 02:00:00,0,
KOKO,2019-07-18 03:00:00,0,
KOKO,2019-07-18 04:00:00,0,
KOKO,2019-07-18 05:00:00,0,
KOKO,2019-07-18 06:00:00,0,
KOKO,2019-07-18 07:00:00,0,
KOKO,2019-07-18 08:00:00,0,
KOKO,2019-07-18 09:00:00,0,
KOKO,2019-07-18 10:00:00,0,
KOKO,2019-07-18 11:00:00,0,
KOKO,2019-07-18 12:00:00,0,
KOKO,2019-07-18 13:00:00,0,
KOKO,2019-07-18 14:00:00,0,
KOKO,2019-07-18 15:00:00,0,
KOKO,2019-07-18 16:00:00,0,
KOKO,2019-07-18 17:00:00,0,
KOKO,2019-07-18 18:00:00,0,
KOKO,2019-07-18 19:00:00,0,
KOKO,2019-07-18 20:00:00,0,
KOKO,2019-07-18 21:00:00,0,
KOKO,2019-07-18 22:00:00,0,
KOKO,2019-07-18 23:00:00,0,
KOKO,2019-07-19 00:00:00,0,
KOKO,2019-07-19 01:00:00,0,
KOKO,2019-07-19 02:00:00,0,
KOKO,2019-07-19 03:00:00,0,
KOKO,2019-07-19 04:00:00,0,
KOKO,2019-07-19 05:00:00,0,
KOKO,2019-07-19 06:00:00,0,
KOKO,2019-07-19 07:00:00,0,
KOKO,2019-07-19 08:00:00,0,
KOKO,2019-07-19 09:00:00,0,
KOKO,2019-07-19 10:00:00,0,
KOKO,2019-07-19 11:00:00,0,
KOKO,2019-07-19 12:00:00,0,
KOKO,2019-07-19 13:00:00,0,
KOKO,2019-07-19 14:00:00,0,
KOKO,2019-07-19 15:00:00,0,
KOKO,2019-07-19 16:00:00,0,
KOKO,2019-07-19 17:00:00,0,
KOKO,2019-07-19 18:00:00,0,
KOKO,2019-07-19 19:00:00,0,
KOKO,2019-07-19 20:00:00,0,
KOKO,2019-07-19 21:00:00,0,
KOKO,2019-07-19 22:00:00,0,
KOKO,2019-07-19 23:00:00,0,
KOKO,2019-07-20 00:00:00,0,
KOKO,2019-07-20 01:00:00,0,
KOKO,2019-07-20 02:00:00,0,
KOKO,2019-07-20 03:00:00,0,
KOKO,2019-07-20 04:00:00,0,
KOKO,2019-07-20 05:00:00,0,
KOKO,2019-07-20 06:00:00,0,
KOKO,2019-07-20 07:00:00,0,
KOKO,2019-07-20 08:00:00,0,
KOKO,2019-07-20 09:00:00,0,
KOKO,2019-07-20 10:00:00,0,
KOKO,2019-07-20 11:00:00,0,
KOKO,2019-07-20 12:00:00,0,
KOKO,2019-07-20 13:00:00,0,
KOKO,2019-07-20 14:00:00,0,
KOKO,2019-07-20 15:00:00,0,
KOKO,2019-07-20 16:00:00,0,
KOKO,2019-07-20 17:00:00,0,
KOKO,2019-07-20 18:00:00,0,
KOKO,2019-07-20 19:00:00,0,
KOKO,2019-07-20 20:00:00,0,
KOKO,2019-07-20 21:00:00,0,
KOKO,2019-07-20 22:00:00,0,
KOKO,2019-07-20 23:00:00,0,
KOKO,2019-07-21 00:00:00,0,
KOKO,2019-07-21 01:00:00,0,
KOKO,2019-07-21 02:00:00,0,
KOKO,2019-07-21 03:00:00,0,
KOKO,2019-07-21 04:00:00,0,
KOKO,2019-07-21 05:00:00,0,
KOKO,2019-07-21 06:00:00,0,
KOKO,2019-07-21 07:00:00,0,
KOKO,2019-07-21 08:00:00,0,
KOKO,2019-07-21 09:00:00,0,
KOKO,2019-07-21 10:00:00,0,
KOKO,2019-07-21 11:00:00,0,
KOKO,2019-07-21 12:00:00,0,
KOKO,2019-07-21 13:00:00,0,
KOKO,2019-07-21 14:00:00,0,
KOKO,2019-07-21 15:00:00,0,
KOKO,2019-07-21 16:00:00,0,
KOKO,2019-07-21 17:00:00,0,
KOKO,2019-07-21 18:00:00,0,
KOKO,2019-07-21 19:00:00,0,
KOKO,2019-07-21 20:00:00,0,
KOKO,2019-07-21 21:00:00,0.2,
KOKO,2019-07-21 22:00:00,0.6,
KOKO,2019-07-21 23:00:00,0.4,
KOKO,2019-07-22 00:00:00,0,
KOKO,2019-07-22 01:00:00,-999,
KOKO,2019-07-22 02:00:00,-999,
KOKO,2019-07-22 03:00:00,0,
KOKO,2019-07-22 04:00:00,0,
KOKO,2019-07-22 05:00:00,0,
KOKO,2019-07-22 06:00:00,0,
KOKO,2019-07-22 07:00:00,0,
KOKO,2019-07-22 08:00:00,0,
KOKO,2019-07-22 09:00:00,0,
KOKO,2019-07-22 10:00:00,0,
KOKO,2019-07-22 11:00:00,0,
KOKO,2019-07-22 12:00:00,0,
KOKO,2019-07-22 13:00:00,0,
KOKO,2019-07-22 14:00:00,0,
KOKO,2019-07-22 15:00:00,0,
KOKO,2019-07-22 16:00:00,0,
KOKO,2019-07-22 17:00:00,0,
KOKO,2019-07-22 18:00:00,0,
KOKO,2019-07-22 19:00:00,0,
KOKO,2019-07-22 20:00:00,0,
KOKO,2019-07-22 21:00:00,0,
KOKO,2019-07-22 22:00:00,0,
KOKO,2019-07-22 23:00:00,0,
KOKO,2019-07-23 00:00:00,0,
KOKO,2019-07-23 01:00:00,0,
KOKO,2019-07-23 02:00:00,0,
KOKO,2019-07-23 03:00:00,0.2,
KOKO,2019-07-23 04:00:00,0,
KOKO,2019-07-23 05:00:00,0,
KOKO,2019-07-23 06:00:00,0,
KOKO,2019-07-23 07:00:00,0,
KOKO,2019-07-23 08:00:00,0,
KOKO,2019-07-23 09:00:00,0,
KOKO,2019-07-23 10:00:00,0,
KOKO,2019-07-23 11:00:00,0,
KOKO,2019-07-23 12:00:00,0,
KOKO,2019-07-23 13:00:00,0,
KOKO,2019-07-23 14:00:00,0,
KOKO,2019-07-23 15:00:00,0,
KOKO,2019-07-23 16:00:00,0,
KOKO,2019-07-23 17:00:00,0,
KOKO,2019-07-23 18:00:00,0,
KOKO,2019-07-23 19:00:00,0,
KOKO,2019-07-23 20:00:00,0,
KOKO,2019-07-23 21:00:00,0,
KOKO,2019-07-23 22:00:00,0,
KOKO,2019-07-23 23:00:00,0,
KOKO,2019-07-24 00:00:00,0,
KOKO,2019-07-24 01:00:00,0.2,
KOKO,2019-07-24 02:00:00,0,
KOKO,2019-07-24 03:00:00,0,
KOKO,2019-07-24 04:00:00,0,
KOKO,2019-07-24 05:00:00,0,
KOKO,2019-07-24 06:00:00,0,
KOKO,2019-07-24 07:00:00,0,
KOKO,2019-07-24 08:00:00,0,
KOKO,2019-07-24 09:00:00,0,
KOKO,2019-07-24 10:00:00,0,
KOKO,2019-07-24 11:00:00,0,
KOKO,2019-07-24 12:00:00,0.2,
KOKO,2019-07-24 13:00:00,-999,
KOKO,2019-07-24 14:00:00,0.2,
KOKO,2019-07-24 15:00:00,0,
KOKO,2019-07-24 16:00:00,0,
KOKO,2019-07-24 17:00:00,0,
KOKO,2019-07-24 18:00:00,0,
KOKO,2019-07-24 19:00:00,0,
KOKO,2019-07-24 20:00:00,0,
KOKO,2019-07-24 21:00:00,0,
KOKO,2019-07-24 22:00:00,0,
KOKO,2019-07-24 23:00:00,0,
KOKO,2019-07-25 00:00:00,0,
KOKO,2019-07-25 01:00:00,0,
KOKO,2019-07-25 02:00:00,0,
KOKO,2019-07-25 03:00:00,0,
KOKO,2019-07-25 04:00:00,0,
KOKO,2019-07-25 05:00:00,0,
KOKO,2019-07-25 06:00:00,0,
KOKO,2019-07-25 07:00:00,0,
KOKO,2019-07-25 08:00:00,0,
KOKO,2019-07-25 09:00:00,0,
KOKO,2019-07-25 10:00:00,0,
KOKO,2019-07-25 11:00:00,1,
KOKO,2019-07-25 12:00:00,1.2,
KOKO,2019-07-25 13:00:00,0.4,
KOKO,2019-07-25 14:00:00,1,
KOKO,2019-07-25 15:00:00,0,
KOKO,2019-07-25 16:00:00,0,
KOKO,2019-07-25 17:00:00,0,
KOKO,2019-07-25 18:00:00,0.4,
KOKO,2019-07-25 19:00:00,0.8,
KOKO,2019-07-25 20:00:00,0.4,
KOKO,2019-07-25 21:00:00,0,
KOKO,2019-07-25 22:00:00,3,
KOKO,2019-07-25 23:00:00,2.6,
KOKO,2019-07-26 00:00:00,1.6,
KOKO,2019-07-26 01:00:00,1.2,
KOKO,2019-07-26 02:00:00,0.8,
KOKO,2019-07-26 03:00:00,0.8,
KOKO,2019-07-26 04:00:00,1.8,
KOKO,2019-07-26 05:00:00,1.2,
KOKO,2019-07-26 06:00:00,1,
KOKO,2019-07-26 07:00:00,1,
KOKO,2019-07-26 08:00:00,1.8,
KOKO,2019-07-26 09:00:00,1,
KOKO,2019-07-26 10:00:00,1,
KOKO,2019-07-26 11:00:00,0.4,
KOKO,2019-07-26 12:00:00,0.2,
KOKO,2019-07-26 13:00:00,0,
KOKO,2019-07-26 14:00:00,0,
KOKO,2019-07-26 15:00:00,0,
KOKO,2019-07-26 16:00:00,0,
KOKO,2019-07-26 17:00:00,0,
KOKO,2019-07-26 18:00:00,0,
KOKO,2019-07-26 19:00:00,0,
KOKO,2019-07-26 20:00:00,0,
KOKO,2019-07-26 21:00:00,0,
KOKO,2019-07-26 22:00:00,0,
KOKO,2019-07-26 23:00:00,0,
KOKO,2019-07-27 00:00:00,0,
KOKO,2019-07-27 01:00:00,0,
KOKO,2019-07-27 02:00:00,0,
KOKO,2019-07-27 03:00:00,0,
KOKO,2019-07-27 04:00:00,0,
KOKO,2019-07-27 05:00:00,0,
KOKO,2019-07-27 06:00:00,0,
KOKO,2019-07-27 07:00:00,0,
KOKO,2019-07-27 08:00:00,0.2,
KOKO,2019-07-27 09:00:00,0,
KOKO,2019-07-27 10:00:00,0.2,
KOKO,2019-07-27 11:00:00,0,
KOKO,2019-07-27 12:00:00,0,
KOKO,2019-07-27 13:00:00,0,
KOKO,2019-07-27 14:00:00,0,
KOKO,2019-07-27 15:00:00,0,
KOKO,2019-07-27 16:00:00,0,
KOKO,2019-07-27 17:00:00,0,
KOKO,2019-07-27 18:00:00,0,
KOKO,2019-07-27 19:00:00,0,
KOKO,2019-07-27 20:00:00,0,
KOKO,2019-07-27 21:00:00,0,
KOKO,2019-07-27 22:00:00,0,
KOKO,2019-07-27 23:00:00,0,
KOKO,2019-07-28 00:00:00,0,
KOKO,2019-07-28 01:00:00,0,
KOKO,2019-07-28 02:00:00,0,
KOKO,2019-07-28 03:00:00,0,
KOKO,2019-07-28 04:00:00,0,
KOKO,2019-07-28 05:00:00,0,
KOKO,2019-07-28 06:00:00,0,
KOKO,2019-07-28 07:00:00,0,
KOKO,2019-07-28 08:00:00,0,
KOKO,2019-07-28 09:00:00,0,
KOKO,2019-07-28 10:00:00,0,
KOKO,2019-07-28 11:00:00,0,
KOKO,2019-07-28 12:00:00,0,
KOKO,2019-07-28 13:00:00,0,
KOKO,2019-07-28 14:00:00,0,
KOKO,2019-07-28 15:00:00,8.2,
KOKO,2019-07-28 16:00:00,0,
KOKO,2019-07-28 17:00:00,0,
KOKO,2019-07-28 18:00:00,0,
KOKO,2019-07-28 19:00:00,0,
KOKO,2019-07-28 20:00:00,0,
KOKO,2019-07-28 21:00:00,0,
KOKO,2019-07-28 22:00:00,0,
KOKO,2019-07-28 23:00:00,0,
KOKO,2019-07-29 00:00:00,0,
KOKO,2019-07-29 01:00:00,0,
KOKO,2019-07-29 02:00:00,0,
KOKO,2019-07-29 03:00:00,0,
KOKO,2019-07-29 04:00:00,0,
KOKO,2019-07-29 05:00:00,0,
KOKO,2019-07-29 06:00:00,0,
KOKO,2019-07-29 07:00:00,0,
KOKO,2019-07-29 08:00:00,0,
KOKO,2019-07-29 09:00:00,0,
KOKO,2019-07-29 10:00:00,0,
KOKO,2019-07-29 11:00:00,0,
KOKO,2019-07-29 12:00:00,0,
KOKO,2019-07-29 13:00:00,0,
KOKO,2019-07-29 14:00:00,0,
KOKO,2019-07-29 15:00:00,0,
KOKO,2019-07-29 16:00:00,0,
KOKO,2019-07-29 17:00:00,0,
KOKO,2019-07-29 18:00:00,0,
KOKO,2019-07-29 19:00:00,0,
KOKO,2019-07-29 20:00:00,0,
KOKO,2019-07-29 21:00:00,0,
KOKO,2019-07-29 22:00:00,0,
KOKO,2019-07-29 23:00:00,0,
KOKO,2019-07-30 00:00:00,0,
KOKO,2019-07-30 01:00:00,0,
KOKO,2019-07-30 02:00:00,0,
KOKO,2019-07-30 03:00:00,0,
KOKO,2019-07-30 04:00:00,0,
KOKO,2019-07-30 05:00:00,0,
KOKO,2019-07-30 06:00:00,0,
KOKO,2019-07-30 07:00:00,0,
KOKO,2019-07-30 08:00:00,0,
KOKO,2019-07-30 09:00:00,0,
KOKO,2019-07-30 10:00:00,0,
KOKO,2019-07-30 11:00:00,0,
KOKO,2019-07-30 12:00:00,0,
KOKO,2019-07-30 13:00:00,0,
KOKO,2019-07-30 14:00:00,0,
KOKO,2019-07-30 15:00:00,0,
KOKO,2019-07-30 16:00:00,0,
KOKO,2019-07-30 17:00:00,0,
KOKO,2019-07-30 18:00:00,0,
KOKO,2019-07-30 19:00:00,0,
KOKO,2019-07-30 20:00:00,0,
KOKO,2019-07-30 21:00:00,0,
KOKO,2019-07-30 22:00:00,0,
KOKO,2019-07-30 23:00:00,0,
KOKO,2019-07-31 00:00:00,0,
KOKO,2019-07-31 01:00:00,0,
KOKO,2019-07-31 02:00:00,0,
KOKO,2019-07-31 03:00:00,0.2,
KOKO,2019-07-31 04:00:00,0,
KOKO,2019-07-31 05:00:00,0,
KOKO,2019-07-31 06:00:00,0,
KOKO,2019-07-31 07:00:00,0,
KOKO,2019-07-31 08:00:00,0,
KOKO,2019-07-31 09:00:00,0.2,
KOKO,2019-07-31 10:00:00,0,
KOKO,2019-07-31 11:00:00,0,
KOKO,2019-07-31 12:00:00,0,
KOKO,2019-07-31 13:00:00,0,
KOKO,2019-07-31 14:00:00,0,
KOKO,2019-07-31 15:00:00,0,
KOKO,2019-07-31 16:00:00,0,
KOKO,2019-07-31 17:00:00,0,
KOKO,2019-07-31 18:00:00,0,
KOKO,2019-07-31 19:00:00,0,
KOKO,2019-07-31 20:00:00,0,
KOKO,2019-07-31 21:00:00,0,
KOKO,2019-07-31 22:00:00,0,
KOKO,2019-07-31 23:00:00,0.2,
TBR013,2019-07-01 00:00:00,0,
TBR013,2019-07-01 01:00:00,0,
TBR013,2019-07-01 02:00:00,0,
TBR013,2019-07-01 03:00:00,0,
TBR013,2019-07-01 04:00:00,0,
TBR013,2019-07-01 05:00:00,0,
TBR013,2019-07-01 06:00:00,0,
TBR013,2019-07-01 07:00:00,0,
TBR013,2019-07-01 08:00:00,0,
TBR013,2019-07-01 09:00:00,0,
TBR013,2019-07-01 10:00:00,0,
TBR013,2019-07-01 11:00:00,0,
TBR013,2019-07-01 12:00:00,0,
TBR013,2019-07-01 13:00:00,0,
TBR013,2019-07-01 14:00:00,0,
TBR013,2019-07-01 15:00:00,0,
TBR013,2019-07-01 16:00:00,0,
TBR013,2019-07-01 17:00:00,0,
TBR013,2019-07-01 18:00:00,0,
TBR013,2019-07-01 19:00:00,0,
TBR013,2019-07-01 20:00:00,0,
TBR013,2019-07-01 21:00:00,0,
TBR013,2019-07-01 22:00:00,0,
TBR013,2019-07-01 23:00:00,0,
TBR013,2019-07-02 00:00:00,0,
TBR013,2019-07-02 01:00:00,0,
TBR013,2019-07-02 02:00:00,0,
TBR013,2019-07-02 03:00:00,0,
TBR013,2019-07-02 04:00:00,0,
TBR013,2019-07-02 05:00:00,0,
TBR013,2019-07-02 06:00:00,0,
TBR013,2019-07-02 07:00:00,0,
TBR013,2019-07-02 08:00:00,0,
TBR013,2019-07-02 09:00:00,0,
TBR013,2019-07-02 10:00:00,0,
TBR013,2019-07-02 11:00:00,0,
TBR013,2019-07-02 12:00:00,0,
TBR013,2019-07-02 13:00:00,0,
TBR013,2019-07-02 14:00:00,0,
TBR013,2019-07-02 15:00:00,28.4,
TBR013,2019-07-02 16:00:00,0.2,
TBR013,2019-07-02 17:00:00,0.6,
TBR013,2019-07-02 18:00:00,-999,
TBR013,2019-07-02 19:00:00,0,
TBR013,2019-07-02 20:00:00,0,
TBR013,2019-07-02 21:00:00,0,
TBR013,2019-07-02 22:00:00,0,
TBR013,2019-07-02 23:00:00,0,
TBR013,2019-07-03 00:00:00,0,
TBR013,2019-07-03 01:00:00,0,
TBR013,2019-07-03 02:00:00,0.4,
TBR013,2019-07-03 03:00:00,1.6,
TBR013,2019-07-03 04:00:00,0.2,
TBR013,2019-07-03 05:00:00,0,
TBR013,2019-07-03 06:00:00,0,
TBR013,2019-07-03 07:00:00,0,
TBR013,2019-07-03 08:00:00,0.2,
TBR013,2019-07-03 09:00:00,2.8,
TBR013,2019-07-03 10:00:00,0.6,
TBR013,2019-07-03 11:00:00,1.2,
TBR013,2019-07-03 12:00:00,1.8,
TBR013,2019-07-03 13:00:00,1,
TBR013,2019-07-03 14:00:00,1.8,
TBR013,2019-07-03 15:00:00,0.6,
TBR013,2019-07-03 16:00:00,0.2,
TBR013,2019-07-03 17:00:00,0.6,
TBR013,2019-07-03 18:00:00,1,
TBR013,2019-07-03 19:00:00,0.2,
TBR013,2019-07-03 20:00:00,0,
TBR013,2019-07-03 21:00:00,0,
TBR013,2019-07-03 22:00:00,0,
TBR013,2019-07-03 23:00:00,0,
TBR013,2019-07-04 00:00:00,0,
TBR013,2019-07-04 01:00:00,0,
TBR013,2019-07-04 02:00:00,0,
TBR013,2019-07-04 03:00:00,0,
TBR013,2019-07-04 04:00:00,0,
TBR013,2019-07-04 05:00:00,0.2,
TBR013,2019-07-04 06:00:00,0,
TBR013,2019-07-04 07:00:00,0,
TBR013,2019-07-04 08:00:00,0,
TBR013,2019-07-04 09:00:00,0,
TBR013,2019-07-04 10:00:00,0,
TBR013,2019-07-04 11:00:00,0,
TBR013,2019-07-04 12:00:00,0,
TBR013,2019-07-04 13:00:00,0,
TBR013,2019-07-04 14:00:00,0,
TBR013,2019-07-04 15:00:00,0,
TBR013,2019-07-04 16:00:00,0,
TBR013,2019-07-04 17:00:00,0,
TBR013,2019-07-04 18:00:00,0,
TBR013,2019-07-04 19:00:00,0,
TBR013,2019-07-04 20:00:00,0,
TBR013,2019-07-04 21:00:00,0,
TBR013,2019-07-04 22:00:00,0,
TBR013,2019-07-04 23:00:00,0,
TBR013,2019-07-05 00:00:00,0,
TBR013,2019-07-05 01:00:00,0,
TBR013,2019-07-05 02:00:00,0,
TBR013,2019-07-05 03:00:00,0,
TBR013,2019-07-05 04:00:00,0,
TBR013,2019-07-05 05:00:00,0,
TBR013,2019-07-05 06:00:00,-999,
TBR013,2019-07-05 07:00:00,-999,
TBR013,2019-07-05 08:00:00,-999,
TBR013,2019-07-05 09:00:00,-999,
TBR013,2019-07-05 10:00:00,-999,
TBR013,2019-07-05 11:00:00,-999,
TBR013,2019-07-05 12:00:00,0,
TBR013,2019-07-05 13:00:00,0,
TBR013,2019-07-05 14:00:00,0,
TBR013,2019-07-05 15:00:00,-999,
TBR013,2019-07-05 16:00:00,0,
TBR013,2019-07-05 17:00:00,-999,
TBR013,2019-07-05 18:00:00,0,
TBR013,2019-07-05 19:00:00,0,
TBR013,2019-07-05 20:00:00,0,
TBR013,2019-07-05 21:00:00,0,
TBR013,2019-07-05 22:00:00,0,
TBR013,2019-07-05 23:00:00,0,
TBR013,2019-07-06 00:00:00,0,
TBR013,2019-07-06 01:00:00,0,
TBR013,2019-07-06 02:00:00,0,
TBR013,2019-07-06 03:00:00,0,
TBR013,2019-07-06 04:00:00,0,
TBR013,2019-07-06 05:00:00,0,
TBR013,2019-07-06 06:00:00,0,
TBR013,2019-07-06 07:00:00,0,
TBR013,2019-07-06 08:00:00,0,
TBR013,2019-07-06 09:00:00,0,
TBR013,2019-07-06 10:00:00,0,
TBR013,2019-07-06 11:00:00,0,
TBR013,2019-07-06 12:00:00,0,
TBR013,2019-07-06 13:00:00,0,
TBR013,2019-07-06 14:00:00,0,
TBR013,2019-07-06 15:00:00,0,
TBR013,2019-07-06 16:00:00,0,
TBR013,2019-07-06 17:00:00,0,
TBR013,2019-07-06 18:00:00,0,
TBR013,2019-07-06 19:00:00,0,
TBR013,2019-07-06 20:00:00,0,
TBR013,2019-07-06 21:00:00,0,
TBR013,2019-07-06 22:00:00,0,
TBR013,2019-07-06 23:00:00,0,
TBR013,2019-07-07 00:00:00,0,
TBR013,2019-07-07 01:00:00,0,
TBR013,2019-07-07 02:00:00,0,
TBR013,2019-07-07 03:00:00,0,
TBR013,2019-07-07 04:00:00,0,
TBR013,2019-07-07 05:00:00,0,
TBR013,2019-07-07 06:00:00,0,
TBR013,2019-07-07 07:00:00,0,
TBR013,2019-07-07 08:00:00,0,
TBR013,2019-07-07 09:00:00,0,
TBR013,2019-07-07 10:00:00,0,
TBR013,2019-07-07 11:00:00,0,
TBR013,2019-07-07 12:00:00,0,
TBR013,2019-07-07 13:00:00,0,
TBR013,2019-07-07 14:00:00,0,
TBR013,2019-07-07 15:00:00,0,
TBR013,2019-07-07 16:00:00,0,
TBR013,2019-07-07 17:00:00,0,
TBR013,2019-07-07 18:00:00,0,
TBR013,2019-07-07 19:00:00,0,
TBR013,2019-07-07 20:00:00,0,
TBR013,2019-07-07 21:00:00,0,
TBR013,2019-07-07 22:00:00,0,
TBR013,2019-07-07 23:00:00,0,
TBR013,2019-07-08 00:00:00,0,
TBR013,2019-07-08 01:00:00,0,
TBR013,2019-07-08 02:00:00,0,
TBR013,2019-07-08 03:00:00,0,
TBR013,2019-07-08 04:00:00,0,
TBR013,2019-07-08 05:00:00,0,
TBR013,2019-07-08 06:00:00,0,
TBR013,2019-07-08 07:00:00,0,
TBR013,2019-07-08 08:00:00,0,
TBR013,2019-07-08 09:00:00,0,
TBR013,2019-07-08 10:00:00,0,
TBR013,2019-07-08 11:00:00,0,
TBR013,2019-07-08 12:00:00,0,
TBR013,2019-07-08 13:00:00,0,
TBR013,2019-07-08 14:00:00,0,
TBR013,2019-07-08 15:00:00,0,
TBR013,2019-07-08 16:00:00,0,
TBR013,2019-07-08 17:00:00,0,
TBR013,2019-07-08 18:00:00,0,
TBR013,2019-07-08 19:00:00,0,
TBR013,2019-07-08 20:00:00,0,
TBR013,2019-07-08 21:00:00,-999,
TBR013,2019-07-08 22:00:00,0,
TBR013,2019-07-08 23:00:00,0,
TBR013,2019-07-09 00:00:00,0,
TBR013,2019-07-09 01:00:00,0,
TBR013,2019-07-09 02:00:00,0,
TBR013,2019-07-09 03:00:00,0,
TBR013,2019-07-09 04:00:00,0,
TBR013,2019-07-09 05:00:00,0,
TBR013,2019-07-09 06:00:00,0,
TBR013,2019-07-09 07:00:00,0,
TBR013,2019-07-09 08:00:00,0,
TBR013,2019-07-09 09:00:00,0,
TBR013,2019-07-09 10:00:00,0,
TBR013,2019-07-09 11:00:00,0,
TBR013,2019-07-09 12:00:00,0,
TBR013,2019-07-09 13:00:00,0,
TBR013,2019-07-09 14:00:00,0,
TBR013,2019-07-09 15:00:00,0,
TBR013,2019-07-09 16:00:00,0,
TBR013,2019-07-09 17:00:00,0,
TBR013,2019-07-09 18:00:00,0,
TBR013,2019-07-09 19:00:00,0,
TBR013,2019-07-09 20:00:00,0,
TBR013,2019-07-09 21:00:00,0,
TBR013,2019-07-09 22:00:00,0,
TBR013,2019-07-09 23:00:00,0,
TBR013,2019-07-10 00:00:00,0,
TBR013,2019-07-10 01:00:00,0,
TBR013,2019-07-10 02:00:00,0,
TBR013,2019-07-10 03:00:00,0,
TBR013,2019-07-10 04:00:00,0,
TBR013,2019-07-10 05:00:00,0,
TBR013,2019-07-10 06:00:00,0,
TBR013,2019-07-10 07:00:00,0,
TBR013,2019-07-10 08:00:00,0,
TBR013,2019-07-10 09:00:00,0,
TBR013,2019-07-10 10:00:00,0,
TBR013,2019-07-10 11:00:00,0,
TBR013,2019-07-10 12:00:00,0,
TBR013,2019-07-10 13:00:00,0,
TBR013,2019-07-10 14:00:00,0,
TBR013,2019-07-10 15:00:00,0,
TBR013,2019-07-10 16:00:00,0,
TBR013,2019-07-10 17:00:00,0,
TBR013,2019-07-10 18:00:00,0,
TBR013,2019-07-10 19:00:00,0,
TBR013,2019-07-10 20:00:00,0,
TBR013,2019-07-10 21:00:00,0,
TBR013,2019-07-10 22:00:00,0,
TBR013,2019-07-10 23:00:00,0,
TBR013,2019-07-11 00:00:00,0,
TBR013,2019-07-11 01:00:00,0,
TBR013,2019-07-11 02:00:00,0,
TBR013,2019-07-11 03:00:00,0,
TBR013,2019-07-11 04:00:00,0,
TBR013,2019-07-11 05:00:00,0,
TBR013,2019-07-11 06:00:00,0,
TBR013,2019-07-11 07:00:00,-999,
TBR013,2019-07-11 08:00:00,0,
TBR013,2019-07-11 09:00:00,0,
TBR013,2019-07-11 10:00:00,0,
TBR013,2019-07-11 11:00:00,0,
TBR013,2019-07-11 12:00:00,0,
TBR013,2019-07-11 13:00:00,0,
TBR013,2019-07-11 14:00:00,0,
TBR013,2019-07-11 15:00:00,0,
TBR013,2019-07-11 16:00:00,0,
TBR013,2019-07-11 17:00:00,0,
TBR013,2019-07-11 18:00:00,0,
TBR013,2019-07-11 19:00:00,0,
TBR013,2019-07-11 20:00:00,0,
TBR013,2019-07-11 21:00:00,0,
TBR013,2019-07-11 22:00:00,0,
TBR013,2019-07-11 23:00:00,0,
TBR013,2019-07-12 00:00:00,0,
TBR013,2019-07-12 01:00:00,0,
TBR013,2019-07-12 02:00:00,0,
TBR013,2019-07-12 03:00:00,0,
TBR013,2019-07-12 04:00:00,0,
TBR013,2019-07-12 05:00:00,0,
TBR013,2019-07-12 06:00:00,0,
TBR013,2019-07-12 07:00:00,0,
TBR013,2019-07-12 08:00:00,0,
TBR013,2019-07-12 09:00:00,0,
TBR013,2019-07-12 10:00:00,0,
TBR013,2019-07-12 11:00:00,0,
TBR013,2019-07-12 12:00:00,0,
TBR013,2019-07-12 13:00:00,0,
TBR013,2019-07-12 14:00:00,0,
TBR013,2019-07-12 15:00:00,0,
TBR013,2019-07-12 16:00:00,0,
TBR013,2019-07-12 17:00:00,0,
TBR013,2019-07-12 18:00:00,0,
TBR013,2019-07-12 19:00:00,0,
TBR013,2019-07-12 20:00:00,0,
TBR013,2019-07-12 21:00:00,0,
TBR013,2019-07-12 22:00:00,0,
TBR013,2019-07-12 23:00:00,0,
TBR013,2019-07-13 00:00:00,0,
TBR013,2019-07-13 01:00:00,0,
TBR013,2019-07-13 02:00:00,0,
TBR013,2019-07-13 03:00:00,0,
TBR013,2019-07-13 04:00:00,0,
TBR013,2019-07-13 05:00:00,0,
TBR013,2019-07-13 06:00:00,0,
TBR013,2019-07-13 07:00:00,0,
TBR013,2019-07-13 08:00:00,0,
TBR013,2019-07-13 09:00:00,0,
TBR013,2019-07-13 10:00:00,0,
TBR013,2019-07-13 11:00:00,0,
TBR013,2019-07-13 12:00:00,0,
TBR013,2019-07-13 13:00:00,0,
TBR013,2019-07-13 14:00:00,0,
TBR013,2019-07-13 15:00:00,0.4,
TBR013,2019-07-13 16:00:00,0,
TBR013,2019-07-13 17:00:00,0,
TBR013,2019-07-13 18:00:00,0,
TBR013,2019-07-13 19:00:00,0,
TBR013,2019-07-13 20:00:00,0,
TBR013,2019-07-13 21:00:00,3.6,
TBR013,2019-07-13 22:00:00,0,
TBR013,2019-07-13 23:00:00,0,
TBR013,2019-07-14 00:00:00,0,
TBR013,2019-07-14 01:00:00,0,
TBR013,2019-07-14 02:00:00,0.4,
TBR013,2019-07-14 03:00:00,0,
TBR013,2019-07-14 04:00:00,0.2,
TBR013,2019-07-14 05:00:00,0,
TBR013,2019-07-14 06:00:00,0,
TBR013,2019-07-14 07:00:00,0,
TBR013,2019-07-14 08:00:00,0,
TBR013,2019-07-14 09:00:00,0,
TBR013,2019-07-14 10:00:00,0,
TBR013,2019-07-14 11:00:00,0,
TBR013,2019-07-14 12:00:00,0,
TBR013,2019-07-14 13:00:00,0,
TBR013,2019-07-14 14:00:00,0,
TBR013,2019-07-14 15:00:00,0,
TBR013,2019-07-14 16:00:00,0,
TBR013,2019-07-14 17:00:00,0,
TBR013,2019-07-14 18:00:00,0,
TBR013,2019-07-14 19:00:00,0,
TBR013,2019-07-14 20:00:00,0,
TBR013,2019-07-14 21:00:00,0,
TBR013,2019-07-14 22:00:00,0,
TBR013,2019-07-14 23:00:00,0,
TBR013,2019-07-15 00:00:00,0,
TBR013,2019-07-15 01:00:00,0,
TBR013,2019-07-15 02:00:00,0,
TBR013,2019-07-15 03:00:00,0,
TBR013,2019-07-15 04:00:00,0,
TBR013,2019-07-15 05:00:00,0,
TBR013,2019-07-15 06:00:00,0,
TBR013,2019-07-15 07:00:00,0,
TBR013,2019-07-15 08:00:00,0,
TBR013,2019-07-15 09:00:00,0,
TBR013,2019-07-15 10:00:00,0,
TBR013,2019-07-15 11:00:00,0,
TBR013,2019-07-15 12:00:00,0,
TBR013,2019-07-15 13:00:00,0,
TBR013,2019-07-15 14:00:00,0,
TBR013,2019-07-15 15:00:00,0,
TBR013,2019-07-15 16:00:00,0,
TBR013,2019-07-15 17:00:00,0,
TBR013,2019-07-15 18:00:00,0,
TBR013,2019-07-15 19:00:00,0,
TBR013,2019-07-15 20:00:00,0,
TBR013,2019-07-15 21:00:00,0,
TBR013,2019-07-15 22:00:00,0,
TBR013,2019-07-15 23:00:00,0,
TBR013,2019-07-16 00:00:00,0,
TBR013,2019-07-16 01:00:00,0,
TBR013,2019-07-16 02:00:00,0,
TBR013,2019-07-16 03:00:00,0,
TBR013,2019-07-16 04:00:00,0,
TBR013,2019-07-16 05:00:00,0,
TBR013,2019-07-16 06:00:00,0,
TBR013,2019-07-16 07:00:00,0,
TBR013,2019-07-16 08:00:00,0,
TBR013,2019-07-16 09:00:00,0,
TBR013,2019-07-16 10:00:00,0,
TBR013,2019-07-16 11:00:00,0,
TBR013,2019-07-16 12:00:00,0,
TBR013,2019-07-16 13:00:00,0,
TBR013,2019-07-16 14:00:00,0,
TBR013,2019-07-16 15:00:00,0,
TBR013,2019-07-16 16:00:00,0,
TBR013,2019-07-16 17:00:00,0,
TBR013,2019-07-16 18:00:00,0,
TBR013,2019-07-16 19:00:00,0,
TBR013,2019-07-16 20:00:00,0,
TBR013,2019-07-16 21:00:00,0,
TBR013,2019-07-16 22:00:00,0,
TBR013,2019-07-16 23:00:00,0,
TBR013,2019-07-17 00:00:00,0,
TBR013,2019-07-17 01:00:00,0,
TBR013,2019-07-17 02:00:00,0,
TBR013,2019-07-17 03:00:00,0,
TBR013,2019-07-17 04:00:00,0,
TBR013,2019-07-17 05:00:00,0,
TBR013,2019-07-17 06:00:00,0,
TBR013,2019-07-17 07:00:00,0,
TBR013,2019-07-17 08:00:00,0,
TBR013,2019-07-17 09:00:00,0,
TBR013,2019-07-17 10:00:00,0,
TBR013,2019-07-17 11:00:00,0,
TBR013,2019-07-17 12:00:00,0,
TBR013,2019-07-17 13:00:00,0,
TBR013,2019-07-17 14:00:00,0,
TBR013,2019-07-17 15:00:00,0,
TBR013,2019-07-17 16:00:00,0,
TBR013,2019-07-17 17:00:00,0,
TBR013,2019-07-17 18:00:00,0,
TBR013,2019-07-17 19:00:00,0,
TBR013,2019-07-17 20:00:00,0,
TBR013,2019-07-17 21:00:00,0,
TBR013,2019-07-17 22:00:00,0,
TBR013,2019-07-17 23:00:00,0,
TBR013,2019-07-18 00:00:00,0,
TBR013,2019-07-18 01:00:00,0,
TBR013,2019-07-18 02:00:00,0,
TBR013,2019-07-18 03:00:00,0,
TBR013,2019-07-18 04:00:00,0,
TBR013,2019-07-18 05:00:00,0,
TBR013,2019-07-18 06:00:00,0,
TBR013,2019-07-18 07:00:00,0,
TBR013,2019-07-18 08:00:00,0,
TBR013,2019-07-18 09:00:00,0,
TBR013,2019-07-18 10:00:00,0,
TBR013,2019-07-18 11:00:00,0,
TBR013,2019-07-18 12:00:00,0,
TBR013,2019-07-18 13:00:00,0,
TBR013,2019-07-18 14:00:00,0,
TBR013,2019-07-18 15:00:00,0,
TBR013,2019-07-18 16:00:00,0,
TBR013,2019-07-18 17:00:00,0,
TBR013,2019-07-18 18:00:00,0,
TBR013,2019-07-18 19:00:00,0,
TBR013,2019-07-18 20:00:00,0,
TBR013,2019-07-18 21:00:00,0,
TBR013,2019-07-18 22:00:00,0,
TBR013,2019-07-18 23:00:00,0,
TBR013,2019-07-19 00:00:00,0,
TBR013,2019-07-19 01:00:00,0,
TBR013,2019-07-19 02:00:00,0,
TBR013,2019-07-19 03:00:00,0,
TBR013,2019-07-19 04:00:00,0,
TBR013,2019-07-19 05:00:00,0,
TBR013,2019-07-19 06:00:00,0,
TBR013,2019-07-19 07:00:00,0,
TBR013,2019-07-19 08:00:00,0,
TBR013,2019-07-19 09:00:00,0,
TBR013,2019-07-19 10:00:00,0,
TBR013,2019-07-19 11:00:00,0,
TBR013,2019-07-19 12:00:00,0,
TBR013,2019-07-19 13:00:00,0,
TBR013,2019-07-19 14:00:00,0,
TBR013,2019-07-19 15:00:00,0,
TBR013,2019-07-19 16:00:00,0,
TBR013,2019-07-19 17:00:00,0,
TBR013,2019-07-19 18:00:00,0,
TBR013,2019-07-19 19:00:00,0,
TBR013,2019-07-19 20:00:00,0,
TBR013,2019-07-19 21:00:00,0,
TBR013,2019-07-19 22:00:00,0,
TBR013,2019-07-19 23:00:00,0,
TBR013,2019-07-20 00:00:00,0,
TBR013,2019-07-20 01:00:00,0,
TBR013,2019-07-20 02:00:00,0,
TBR013,2019-07-20 03:00:00,0,
TBR013,2019-07-20 04:00:00,0,
TBR013,2019-07-20 05:00:00,0,
TBR013,2019-07-20 06:00:00,0,
TBR013,2019-07-20 07:00:00,0,
TBR013,2019-07-20 08:00:00,0,
TBR013,2019-07-20 09:00:00,0,
TBR013,2019-07-20 10:00:00,0,
TBR013,2019-07-20 11:00:00,0,
TBR013,2019-07-20 12:00:00,0,
TBR013,2019-07-20 13:00:00,0,
TBR013,2019-07-20 14:00:00,0,
TBR013,2019-07-20 15:00:00,0,
TBR013,2019-07-20 16:00:00,0,
TBR013,2019-07-20 17:00:00,0,
TBR013,2019-07-20 18:00:00,0,
TBR013,2019-07-20 19:00:00,0,
TBR013,2019-07-20 20:00:00,0,
TBR013,2019-07-20 21:00:00,0,
TBR013,2019-07-20 22:00:00,0,
TBR013,2019-07-20 23:00:00,0,
TBR013,2019-07-21 00:00:00,0,
TBR013,2019-07-21 01:00:00,0,
TBR013,2019-07-21 02:00:00,0,
TBR013,2019-07-21 03:00:00,0,
TBR013,2019-07-21 04:00:00,0,
TBR013,2019-07-21 05:00:00,0,
TBR013,2019-07-21 06:00:00,0,
TBR013,2019-07-21 07:00:00,0,
TBR013,2019-07-21 08:00:00,0,
TBR013,2019-07-21 09:00:00,0,
TBR013,2019-07-21 10:00:00,0,
TBR013,2019-07-21 11:00:00,0,
TBR013,2019-07-21 12:00:00,0,
TBR013,2019-07-21 13:00:00,0,
TBR013,2019-07-21 14:00:00,0.8,
TBR013,2019-07-21 15:00:00,0,
TBR013,2019-07-21 16:00:00,0,
TBR013,2019-07-21 17:00:00,0,
TBR013,2019-07-21 18:00:00,0,
TBR013,2019-07-21 19:00:00,0,
TBR013,2019-07-21 20:00:00,0,
TBR013,2019-07-21 21:00:00,0,
TBR013,2019-07-21 22:00:00,0,
TBR013,2019-07-21 23:00:00,0,
TBR013,2019-07-22 00:00:00,0,
TBR013,2019-07-22 01:00:00,0,
TBR013,2019-07-22 02:00:00,0,
TBR013,2019-07-22 03:00:00,0,
TBR013,2019-07-22 04:00:00,0,
TBR013,2019-07-22 05:00:00,0,
TBR013,2019-07-22 06:00:00,0,
TBR013,2019-07-22 07:00:00,0,
TBR013,2019-07-22 08:00:00,0,
TBR013,2019-07-22 09:00:00,0,
TBR013,2019-07-22 10:00:00,0,
TBR013,2019-07-22 11:00:00,0,
TBR013,2019-07-22 12:00:00,0,
TBR013,2019-07-22 13:00:00,0,
TBR013,2019-07-22 14:00:00,0,
TBR013,2019-07-22 15:00:00,0,
TBR013,2019-07-22 16:00:00,0,
TBR013,2019-07-22 17:00:00,0,
TBR013,2019-07-22 18:00:00,0,
TBR013,2019-07-22 19:00:00,0,
TBR013,2019-07-22 20:00:00,0,
TBR013,2019-07-22 21:00:00,0,
TBR013,2019-07-22 22:00:00,0,
TBR013,2019-07-22 23:00:00,0,
TBR013,2019-07-23 00:00:00,0,
TBR013,2019-07-23 01:00:00,0,
TBR013,2019-07-23 02:00:00,0,
TBR013,2019-07-23 03:00:00,0,
TBR013,2019-07-23 04:00:00,0,
TBR013,2019-07-23 05:00:00,0,
TBR013,2019-07-23 06:00:00,0,
TBR013,2019-07-23 07:00:00,0,
TBR013,2019-07-23 08:00:00,0,
TBR013,2019-07-23 09:00:00,0,
TBR013,2019-07-23 10:00:00,0,
TBR013,2019-07-23 11:00:00,0,
TBR013,2019-07-23 12:00:00,0,
TBR013,2019-07-23 13:00:00,0,
TBR013,2019-07-23 14:00:00,0,
TBR013,2019-07-23 15:00:00,0,
TBR013,2019-07-23 16:00:00,0,
TBR013,2019-07-23 17:00:00,0,
TBR013,2019-07-23 18:00:00,0,
TBR013,2019-07-23 19:00:00,0,
TBR013,2019-07-23 20:00:00,0,
TBR013,2019-07-23 21:00:00,0,
TBR013,2019-07-23 22:00:00,0,
TBR013,2019-07-23 23:00:00,0,
TBR013,2019-07-24 00:00:00,0,
TBR013,2019-07-24 01:00:00,0,
TBR013,2019-07-24 02:00:00,0,
TBR013,2019-07-24 03:00:00,0,
TBR013,2019-07-24 04:00:00,0,
TBR013,2019-07-24 05:00:00,0,
TBR013,2019-07-24 06:00:00,0,
TBR013,2019-07-24 07:00:00,0,
TBR013,2019-07-24 08:00:00,0,
TBR013,2019-07-24 09:00:00,0,
TBR013,2019-07-24 10:00:00,0,
TBR013,2019-07-24 11:00:00,0,
TBR013,2019-07-24 12:00:00,0,
TBR013,2019-07-24 13:00:00,0,
TBR013,2019-07-24 14:00:00,0,
TBR013,2019-07-24 15:00:00,0,
TBR013,2019-07-24 16:00:00,0,
TBR013,2019-07-24 17:00:00,0,
TBR013,2019-07-24 18:00:00,0,
TBR013,2019-07-24 19:00:00,0,
TBR013,2019-07-24 20:00:00,0,
TBR013,2019-07-24 21:00:00,0,
TBR013,2019-07-24 22:00:00,0,
TBR013,2019-07-24 23:00:00,0,
TBR013,2019-07-25 00:00:00,0,
TBR013,2019-07-25 01:00:00,0,
TBR013,2019-07-25 02:00:00,0,
TBR013,2019-07-25 03:00:00,0,
TBR013,2019-07-25 04:00:00,0,
TBR013,2019-07-25 05:00:00,0,
TBR013,2019-07-25 06:00:00,0,
TBR013,2019-07-25 07:00:00,0,
TBR013,2019-07-25 08:00:00,0,
TBR013,2019-07-25 09:00:00,0,
TBR013,2019-07-25 10:00:00,0,
TBR013,2019-07-25 11:00:00,0,
TBR013,2019-07-25 12:00:00,0,
TBR013,2019-07-25 13:00:00,0,
TBR013,2019-07-25 14:00:00,0,
TBR013,2019-07-25 15:00:00,0,
TBR013,2019-07-25 16:00:00,0,
TBR013,2019-07-25 17:00:00,0,
TBR013,2019-07-25 18:00:00,0,
TBR013,2019-07-25 19:00:00,0,
TBR013,2019-07-25 20:00:00,0,
TBR013,2019-07-25 21:00:00,0,
TBR013,2019-07-25 22:00:00,0.2,
TBR013,2019-07-25 23:00:00,0.6,
TBR013,2019-07-26 00:00:00,0.2,
TBR013,2019-07-26 01:00:00,0.2,
TBR013,2019-07-26 02:00:00,0.2,
TBR013,2019-07-26 03:00:00,0,
TBR013,2019-07-26 04:00:00,0,
TBR013,2019-07-26 05:00:00,0,
TBR013,2019-07-26 06:00:00,0,
TBR013,2019-07-26 07:00:00,0.2,
TBR013,2019-07-26 08:00:00,0.6,
TBR013,2019-07-26 09:00:00,0.2,
TBR013,2019-07-26 10:00:00,0,
TBR013,2019-07-26 11:00:00,0,
TBR013,2019-07-26 12:00:00,0,
TBR013,2019-07-26 13:00:00,0,
TBR013,2019-07-26 14:00:00,0,
TBR013,2019-07-26 15:00:00,0,
TBR013,2019-07-26 16:00:00,0,
TBR013,2019-07-26 17:00:00,0,
TBR013,2019-07-26 18:00:00,0,
TBR013,2019-07-26 19:00:00,0,
TBR013,2019-07-26 20:00:00,0,
TBR013,2019-07-26 21:00:00,0,
TBR013,2019-07-26 22:00:00,0,
TBR013,2019-07-26 23:00:00,0,
TBR013,2019-07-27 00:00:00,0,
TBR013,2019-07-27 01:00:00,0,
TBR013,2019-07-27 02:00:00,0,
TBR013,2019-07-27 03:00:00,0,
TBR013,2019-07-27 04:00:00,0,
TBR013,2019-07-27 05:00:00,0,
TBR013,2019-07-27 06:00:00,0,
TBR013,2019-07-27 07:00:00,0,
TBR013,2019-07-27 08:00:00,0,
TBR013,2019-07-27 09:00:00,0,
TBR013,2019-07-27 10:00:00,0,
TBR013,2019-07-27 11:00:00,0,
TBR013,2019-07-27 12:00:00,0,
TBR013,2019-07-27 13:00:00,0,
TBR013,2019-07-27 14:00:00,0,
TBR013,2019-07-27 15:00:00,0,
TBR013,2019-07-27 16:00:00,0,
TBR013,2019-07-27 17:00:00,0,
TBR013,2019-07-27 18:00:00,0,
TBR013,2019-07-27 19:00:00,0,
TBR013,2019-07-27 20:00:00,0,
TBR013,2019-07-27 21:00:00,0,
TBR013,2019-07-27 22:00:00,0,
TBR013,2019-07-27 23:00:00,0,
TBR013,2019-07-28 00:00:00,0,
TBR013,2019-07-28 01:00:00,0,
TBR013,2019-07-28 02:00:00,0,
TBR013,2019-07-28 03:00:00,0,
TBR013,2019-07-28 04:00:00,0,
TBR013,2019-07-28 05:00:00,0,
TBR013,2019-07-28 06:00:00,0,
TBR013,2019-07-28 07:00:00,0,
TBR013,2019-07-28 08:00:00,0,
TBR013,2019-07-28 09:00:00,0,
TBR013,2019-07-28 10:00:00,0,
TBR013,2019-07-28 11:00:00,0,
TBR013,2019-07-28 12:00:00,0,
TBR013,2019-07-28 13:00:00,0,
TBR013,2019-07-28 14:00:00,0,
TBR013,2019-07-28 15:00:00,0,
TBR013,2019-07-28 16:00:00,0,
TBR013,2019-07-28 17:00:00,0,
TBR013,2019-07-28 18:00:00,0,
TBR013,2019-07-28 19:00:00,0,
TBR013,2019-07-28 20:00:00,0,
TBR013,2019-07-28 21:00:00,5.4,
TBR013,2019-07-28 22:00:00,0,
TBR013,2019-07-28 23:00:00,0,
TBR013,2019-07-29 00:00:00,0,
TBR013,2019-07-29 01:00:00,0,
TBR013,2019-07-29 02:00:00,0,
TBR013,2019-07-29 03:00:00,0,
TBR013,2019-07-29 04:00:00,0,
TBR013,2019-07-29 05:00:00,0,
TBR013,2019-07-29 06:00:00,0,
TBR013,2019-07-29 07:00:00,0,
TBR013,2019-07-29 08:00:00,0,
TBR013,2019-07-29 09:00:00,0,
TBR013,2019-07-29 10:00:00,0,
TBR013,2019-07-29 11:00:00,0,
TBR013,2019-07-29 12:00:00,0,
TBR013,2019-07-29 13:00:00,0,
TBR013,2019-07-29 14:00:00,0,
TBR013,2019-07-29 15:00:00,0,
TBR013,2019-07-29 16:00:00,0,
TBR013,2019-07-29 17:00:00,0,
TBR013,2019-07-29 18:00:00,0,
TBR013,2019-07-29 19:00:00,0,
TBR013,2019-07-29 20:00:00,0,
TBR013,2019-07-29 21:00:00,0,
TBR013,2019-07-29 22:00:00,0,
TBR013,2019-07-29 23:00:00,0,
TBR013,2019-07-30 00:00:00,0,
TBR013,2019-07-30 01:00:00,0,
TBR013,2019-07-30 02:00:00,0,
TBR013,2019-07-30 03:00:00,0,
TBR013,2019-07-30 04:00:00,0,
TBR013,2019-07-30 05:00:00,0,
TBR013,2019-07-30 06:00:00,0,
TBR013,2019-07-30 07:00:00,0,
TBR013,2019-07-30 08:00:00,0,
TBR013,2019-07-30 09:00:00,0,
TBR013,2019-07-30 10:00:00,0,
TBR013,2019-07-30 11:00:00,0,
TBR013,2019-07-30 12:00:00,0,
TBR013,2019-07-30 13:00:00,0,
TBR013,2019-07-30 14:00:00,0,
TBR013,2019-07-30 15:00:00,0,
TBR013,2019-07-30 16:00:00,0,
TBR013,2019-07-30 17:00:00,0,
TBR013,2019-07-30 18:00:00,0,
TBR013,2019-07-30 19:00:00,0,
TBR013,2019-07-30 20:00:00,0,
TBR013,2019-07-30 21:00:00,5.2,
TBR013,2019-07-30 22:00:00,0,
TBR013,2019-07-30 23:00:00,0,
TBR013,2019-07-31 00:00:00,0,
TBR013,2019-07-31 01:00:00,0,
TBR013,2019-07-31 02:00:00,0,
TBR013,2019-07-31 03:00:00,0,
TBR013,2019-07-31 04:00:00,0,
TBR013,2019-07-31 05:00:00,0,
TBR013,2019-07-31 06:00:00,0,
TBR013,2019-07-31 07:00:00,0,
TBR013,2019-07-31 08:00:00,0,
TBR013,2019-07-31 09:00:00,0,
TBR013,2019-07-31 10:00:00,0,
TBR013,2019-07-31 11:00:00,0,
TBR013,2019-07-31 12:00:00,0,
TBR013,2019-07-31 13:00:00,0,
TBR013,2019-07-31 14:00:00,0,
TBR013,2019-07-31 15:00:00,0,
TBR013,2019-07-31 16:00:00,0,
TBR013,2019-07-31 17:00:00,0,
TBR013,2019-07-31 18:00:00,3.4,
TBR013,2019-07-31 19:00:00,1,
TBR013,2019-07-31 20:00:00,0,
TBR013,2019-07-31 21:00:00,0,
TBR013,2019-07-31 22:00:00,0,
TBR013,2019-07-31 23:00:00,0,
WSPN,2019-07-01 00:00:00,0.2,
WSPN,2019-07-01 01:00:00,0,
WSPN,2019-07-01 02:00:00,0,
WSPN,2019-07-01 03:00:00,0,
WSPN,2019-07-01 04:00:00,0,
WSPN,2019-07-01 05:00:00,0.2,
WSPN,2019-07-01 06:00:00,0,
WSPN,2019-07-01 07:00:00,0,
WSPN,2019-07-01 08:00:00,0,
WSPN,2019-07-01 09:00:00,0,
WSPN,2019-07-01 10:00:00,0,
WSPN,2019-07-01 11:00:00,0,
WSPN,2019-07-01 12:00:00,-999,
WSPN,2019-07-01 13:00:00,0,
WSPN,2019-07-01 14:00:00,0,
WSPN,2019-07-01 15:00:00,0,
WSPN,2019-07-01 16:00:00,0,
WSPN,2019-07-01 17:00:00,0,
WSPN,2019-07-01 18:00:00,0,
WSPN,2019-07-01 19:00:00,0,
WSPN,2019-07-01 20:00:00,0,
WSPN,2019-07-01 21:00:00,0,
WSPN,2019-07-01 22:00:00,0,
WSPN,2019-07-01 23:00:00,0,
WSPN,2019-07-02 00:00:00,0,
WSPN,2019-07-02 01:00:00,0,
WSPN,2019-07-02 02:00:00,0,
WSPN,2019-07-02 03:00:00,0,
WSPN,2019-07-02 04:00:00,0,
WSPN,2019-07-02 05:00:00,0,
WSPN,2019-07-02 06:00:00,0,
WSPN,2019-07-02 07:00:00,0,
WSPN,2019-07-02 08:00:00,0,
WSPN,2019-07-02 09:00:00,0,
WSPN,2019-07-02 10:00:00,0,
WSPN,2019-07-02 11:00:00,0,
WSPN,2019-07-02 12:00:00,0,
WSPN,2019-07-02 13:00:00,0,
WSPN,2019-07-02 14:00:00,0,
WSPN,2019-07-02 15:00:00,0.4,
WSPN,2019-07-02 16:00:00,0.4,
WSPN,2019-07-02 17:00:00,0,
WSPN,2019-07-02 18:00:00,0.2,
WSPN,2019-07-02 19:00:00,0.2,
WSPN,2019-07-02 20:00:00,0,
WSPN,2019-07-02 21:00:00,0,
WSPN,2019-07-02 22:00:00,0.2,
WSPN,2019-07-02 23:00:00,0,
WSPN,2019-07-03 00:00:00,0.2,
WSPN,2019-07-03 01:00:00,1,
WSPN,2019-07-03 02:00:00,1.4,
WSPN,2019-07-03 03:00:00,0.4,
WSPN,2019-07-03 04:00:00,0,
WSPN,2019-07-03 05:00:00,0,
WSPN,2019-07-03 06:00:00,0.4,
WSPN,2019-07-03 07:00:00,4.4,
WSPN,2019-07-03 08:00:00,0.4,
WSPN,2019-07-03 09:00:00,1,
WSPN,2019-07-03 10:00:00,6.8,
WSPN,2019-07-03 11:00:00,3,
WSPN,2019-07-03 12:00:00,3.6,
WSPN,2019-07-03 13:00:00,2.4,
WSPN,2019-07-03 14:00:00,1.6,
WSPN,2019-07-03 15:00:00,1.4,
WSPN,2019-07-03 16:00:00,1.6,
WSPN,2019-07-03 17:00:00,0,
WSPN,2019-07-03 18:00:00,0,
WSPN,2019-07-03 19:00:00,0,
WSPN,2019-07-03 20:00:00,0,
WSPN,2019-07-03 21:00:00,0,
WSPN,2019-07-03 22:00:00,0,
WSPN,2019-07-03 23:00:00,0,
WSPN,2019-07-04 00:00:00,0,
WSPN,2019-07-04 01:00:00,0,
WSPN,2019-07-04 02:00:00,0,
WSPN,2019-07-04 03:00:00,0,
WSPN,2019-07-04 04:00:00,0,
WSPN,2019-07-04 05:00:00,0,
WSPN,2019-07-04 06:00:00,0,
WSPN,2019-07-04 07:00:00,0,
WSPN,2019-07-04 08:00:00,0,
WSPN,2019-07-04 09:00:00,0,
WSPN,2019-07-04 10:00:00,0.2,
WSPN,2019-07-04 11:00:00,0,
WSPN,2019-07-04 12:00:00,0,
WSPN,2019-07-04 13:00:00,0,
WSPN,2019-07-04 14:00:00,0,
WSPN,2019-07-04 15:00:00,0,
WSPN,2019-07-04 16:00:00,0,
WSPN,2019-07-04 17:00:00,0,
WSPN,2019-07-04 18:00:00,0,
WSPN,2019-07-04 19:00:00,0,
WSPN,2019-07-04 20:00:00,0,
WSPN,2019-07-04 21:00:00,0,
WSPN,2019-07-04 22:00:00,0,
WSPN,2019-07-04 23:00:00,0,
WSPN,2019-07-05 00:00:00,0,
WSPN,2019-07-05 01:00:00,0,
WSPN,2019-07-05 02:00:00,0,
WSPN,2019-07-05 03:00:00,0,
WSPN,2019-07-05 04:00:00,0,
WSPN,2019-07-05 05:00:00,0,
WSPN,2019-07-05 06:00:00,0,
WSPN,2019-07-05 07:00:00,0,
WSPN,2019-07-05 08:00:00,0,
WSPN,2019-07-05 09:00:00,0,
WSPN,2019-07-05 10:00:00,0,
WSPN,2019-07-05 11:00:00,-999,
WSPN,2019-07-05 12:00:00,0,
WSPN,2019-07-05 13:00:00,0,
WSPN,2019-07-05 14:00:00,0,
WSPN,2019-07-05 15:00:00,-999,
WSPN,2019-07-05 16:00:00,-999,
WSPN,2019-07-05 17:00:00,-999,
WSPN,2019-07-05 18:00:00,0,
WSPN,2019-07-05 19:00:00,0,
WSPN,2019-07-05 20:00:00,0,
WSPN,2019-07-05 21:00:00,0,
WSPN,2019-07-05 22:00:00,0,
WSPN,2019-07-05 23:00:00,0,
WSPN,2019-07-06 00:00:00,0,
WSPN,2019-07-06 01:00:00,0,
WSPN,2019-07-06 02:00:00,0,
WSPN,2019-07-06 03:00:00,0,
WSPN,2019-07-06 04:00:00,0,
WSPN,2019-07-06 05:00:00,0,
WSPN,2019-07-06 06:00:00,0,
WSPN,2019-07-06 07:00:00,0,
WSPN,2019-07-06 08:00:00,0,
WSPN,2019-07-06 09:00:00,0,
WSPN,2019-07-06 10:00:00,0.2,
WSPN,2019-07-06 11:00:00,0.2,
WSPN,2019-07-06 12:00:00,0,
WSPN,2019-07-06 13:00:00,0,
WSPN,2019-07-06 14:00:00,0,
WSPN,2019-07-06 15:00:00,0,
WSPN,2019-07-06 16:00:00,0,
WSPN,2019-07-06 17:00:00,0,
WSPN,2019-07-06 18:00:00,0,
WSPN,2019-07-06 19:00:00,0,
WSPN,2019-07-06 20:00:00,0,
WSPN,2019-07-06 21:00:00,0,
WSPN,2019-07-06 22:00:00,0,
WSPN,2019-07-06 23:00:00,0,
WSPN,2019-07-07 00:00:00,0,
WSPN,2019-07-07 01:00:00,0,
WSPN,2019-07-07 02:00:00,0,
WSPN,2019-07-07 03:00:00,0,
WSPN,2019-07-07 04:00:00,0,
WSPN,2019-07-07 05:00:00,0,
WSPN,2019-07-07 06:00:00,0,
WSPN,2019-07-07 07:00:00,0,
WSPN,2019-07-07 08:00:00,0,
WSPN,2019-07-07 09:00:00,0,
WSPN,2019-07-07 10:00:00,0,
WSPN,2019-07-07 11:00:00,0,
WSPN,2019-07-07 12:00:00,0,
WSPN,2019-07-07 13:00:00,0,
WSPN,2019-07-07 14:00:00,0,
WSPN,2019-07-07 15:00:00,0,
WSPN,2019-07-07 16:00:00,0,
WSPN,2019-07-07 17:00:00,0,
WSPN,2019-07-07 18:00:00,0,
WSPN,2019-07-07 19:00:00,0,
WSPN,2019-07-07 20:00:00,0,
WSPN,2019-07-07 21:00:00,0,
WSPN,2019-07-07 22:00:00,0,
WSPN,2019-07-07 23:00:00,0,
WSPN,2019-07-08 00:00:00,0,
WSPN,2019-07-08 01:00:00,0,
WSPN,2019-07-08 02:00:00,0,
WSPN,2019-07-08 03:00:00,0,
WSPN,2019-07-08 04:00:00,0,
WSPN,2019-07-08 05:00:00,0,
WSPN,2019-07-08 06:00:00,0,
WSPN,2019-07-08 07:00:00,0,
WSPN,2019-07-08 08:00:00,0,
WSPN,2019-07-08 09:00:00,0,
WSPN,2019-07-08 10:00:00,0,
WSPN,2019-07-08 11:00:00,0,
WSPN,2019-07-08 12:00:00,0,
WSPN,2019-07-08 13:00:00,0,
WSPN,2019-07-08 14:00:00,0,
WSPN,2019-07-08 15:00:00,0,
WSPN,2019-07-08 16:00:00,0,
WSPN,2019-07-08 17:00:00,0,
WSPN,2019-07-08 18:00:00,0,
WSPN,2019-07-08 19:00:00,0,
WSPN,2019-07-08 20:00:00,0,
WSPN,2019-07-08 21:00:00,0.6,
WSPN,2019-07-08 22:00:00,10,
WSPN,2019-07-08 23:00:00,0,
WSPN,2019-07-09 00:00:00,0,
WSPN,2019-07-09 01:00:00,0,
WSPN,2019-07-09 02:00:00,0,
WSPN,2019-07-09 03:00:00,0,
WSPN,2019-07-09 04:00:00,0,
WSPN,2019-07-09 05:00:00,0,
WSPN,2019-07-09 06:00:00,0,
WSPN,2019-07-09 07:00:00,0,
WSPN,2019-07-09 08:00:00,0,
WSPN,2019-07-09 09:00:00,0,
WSPN,2019-07-09 10:00:00,0,
WSPN,2019-07-09 11:00:00,0,
WSPN,2019-07-09 12:00:00,0,
WSPN,2019-07-09 13:00:00,0,
WSPN,2019-07-09 14:00:00,0,
WSPN,2019-07-09 15:00:00,0,
WSPN,2019-07-09 16:00:00,0,
WSPN,2019-07-09 17:00:00,0,
WSPN,2019-07-09 18:00:00,0,
WSPN,2019-07-09 19:00:00,0,
WSPN,2019-07-09 20:00:00,0,
WSPN,2019-07-09 21:00:00,0,
WSPN,2019-07-09 22:00:00,11.8,
WSPN,2019-07-09 23:00:00,12.8,
WSPN,2019-07-10 00:00:00,0.8,
WSPN,2019-07-10 01:00:00,0,
WSPN,2019-07-10 02:00:00,0,
WSPN,2019-07-10 03:00:00,0.2,
WSPN,2019-07-10 04:00:00,0,
WSPN,2019-07-10 05:00:00,0,
WSPN,2019-07-10 06:00:00,0,
WSPN,2019-07-10 07:00:00,0,
WSPN,2019-07-10 08:00:00,0,
WSPN,2019-07-10 09:00:00,0,
WSPN,2019-07-10 10:00:00,0,
WSPN,2019-07-10 11:00:00,0,
WSPN,2019-07-10 12:00:00,0,
WSPN,2019-07-10 13:00:00,0,
WSPN,2019-07-10 14:00:00,0,
WSPN,2019-07-10 15:00:00,0,
WSPN,2019-07-10 16:00:00,0,
WSPN,2019-07-10 17:00:00,0,
WSPN,2019-07-10 18:00:00,0,
WSPN,2019-07-10 19:00:00,0,
WSPN,2019-07-10 20:00:00,0,
WSPN,2019-07-10 21:00:00,0,
WSPN,2019-07-10 22:00:00,0,
WSPN,2019-07-10 23:00:00,0,
WSPN,2019-07-11 00:00:00,0,
WSPN,2019-07-11 01:00:00,0,
WSPN,2019-07-11 02:00:00,0,
WSPN,2019-07-11 03:00:00,0,
WSPN,2019-07-11 04:00:00,0,
WSPN,2019-07-11 05:00:00,0,
WSPN,2019-07-11 06:00:00,0,
WSPN,2019-07-11 07:00:00,0,
WSPN,2019-07-11 08:00:00,0,
WSPN,2019-07-11 09:00:00,0,
WSPN,2019-07-11 10:00:00,0,
WSPN,2019-07-11 11:00:00,0,
WSPN,2019-07-11 12:00:00,0,
WSPN,2019-07-11 13:00:00,-999,
WSPN,2019-07-11 14:00:00,0,
WSPN,2019-07-11 15:00:00,0,
WSPN,2019-07-11 16:00:00,0,
WSPN,2019-07-11 17:00:00,0,
WSPN,2019-07-11 18:00:00,-999,
WSPN,2019-07-11 19:00:00,0.2,
WSPN,2019-07-11 20:00:00,0,
WSPN,2019-07-11 21:00:00,0,
WSPN,2019-07-11 22:00:00,0,
WSPN,2019-07-11 23:00:00,0.4,
WSPN,2019-07-12 00:00:00,0,
WSPN,2019-07-12 01:00:00,0,
WSPN,2019-07-12 02:00:00,0,
WSPN,2019-07-12 03:00:00,0,
WSPN,2019-07-12 04:00:00,0,
WSPN,2019-07-12 05:00:00,0,
WSPN,2019-07-12 06:00:00,0,
WSPN,2019-07-12 07:00:00,0,
WSPN,2019-07-12 08:00:00,0,
WSPN,2019-07-12 09:00:00,0,
WSPN,2019-07-12 10:00:00,0,
WSPN,2019-07-12 11:00:00,0,
WSPN,2019-07-12 12:00:00,0,
WSPN,2019-07-12 13:00:00,0,
WSPN,2019-07-12 14:00:00,0,
WSPN,2019-07-12 15:00:00,0,
WSPN,2019-07-12 16:00:00,0,
WSPN,2019-07-12 17:00:00,0,
WSPN,2019-07-12 18:00:00,0,
WSPN,2019-07-12 19:00:00,0,
WSPN,2019-07-12 20:00:00,0,
WSPN,2019-07-12 21:00:00,0,
WSPN,2019-07-12 22:00:00,0,
WSPN,2019-07-12 23:00:00,0,
WSPN,2019-07-13 00:00:00,0,
WSPN,2019-07-13 01:00:00,0,
WSPN,2019-07-13 02:00:00,0,
WSPN,2019-07-13 03:00:00,0,
WSPN,2019-07-13 04:00:00,0,
WSPN,2019-07-13 05:00:00,0,
WSPN,2019-07-13 06:00:00,0,
WSPN,2019-07-13 07:00:00,0,
WSPN,2019-07-13 08:00:00,0,
WSPN,2019-07-13 09:00:00,0,
WSPN,2019-07-13 10:00:00,0,
WSPN,2019-07-13 11:00:00,0,
WSPN,2019-07-13 12:00:00,0,
WSPN,2019-07-13 13:00:00,0,
WSPN,2019-07-13 14:00:00,0,
WSPN,2019-07-13 15:00:00,0,
WSPN,2019-07-13 16:00:00,0,
WSPN,2019-07-13 17:00:00,0,
WSPN,2019-07-13 18:00:00,0,
WSPN,2019-07-13 19:00:00,0,
WSPN,2019-07-13 20:00:00,0,
WSPN,2019-07-13 21:00:00,0,
WSPN,2019-07-13 22:00:00,0,
WSPN,2019-07-13 23:00:00,0,
WSPN,2019-07-14 00:00:00,0,
WSPN,2019-07-14 01:00:00,0,
WSPN,2019-07-14 02:00:00,1.2,
WSPN,2019-07-14 03:00:00,0.6,
WSPN,2019-07-14 04:00:00,0.2,
WSPN,2019-07-14 05:00:00,0,
WSPN,2019-07-14 06:00:00,0,
WSPN,2019-07-14 07:00:00,0,
WSPN,2019-07-14 08:00:00,0,
WSPN,2019-07-14 09:00:00,0,
WSPN,2019-07-14 10:00:00,0,
WSPN,2019-07-14 11:00:00,0,
WSPN,2019-07-14 12:00:00,0,
WSPN,2019-07-14 13:00:00,0,
WSPN,2019-07-14 14:00:00,0,
WSPN,2019-07-14 15:00:00,0,
WSPN,2019-07-14 16:00:00,0,
WSPN,2019-07-14 17:00:00,0,
WSPN,2019-07-14 18:00:00,0,
WSPN,2019-07-14 19:00:00,0,
WSPN,2019-07-14 20:00:00,0,
WSPN,2019-07-14 21:00:00,0,
WSPN,2019-07-14 22:00:00,0,
WSPN,2019-07-14 23:00:00,0,
WSPN,2019-07-15 00:00:00,0,
WSPN,2019-07-15 01:00:00,0,
WSPN,2019-07-15 02:00:00,0,
WSPN,2019-07-15 03:00:00,0,
WSPN,2019-07-15 04:00:00,0,
WSPN,2019-07-15 05:00:00,0,
WSPN,2019-07-15 06:00:00,0,
WSPN,2019-07-15 07:00:00,0,
WSPN,2019-07-15 08:00:00,0,
WSPN,2019-07-15 09:00:00,0,
WSPN,2019-07-15 10:00:00,0,
WSPN,2019-07-15 11:00:00,0,
WSPN,2019-07-15 12:00:00,0,
WSPN,2019-07-15 13:00:00,0,
WSPN,2019-07-15 14:00:00,0,
WSPN,2019-07-15 15:00:00,0,
WSPN,2019-07-15 16:00:00,0,
WSPN,2019-07-15 17:00:00,0,
WSPN,2019-07-15 18:00:00,0,
WSPN,2019-07-15 19:00:00,0,
WSPN,2019-07-15 20:00:00,0,
WSPN,2019-07-15 21:00:00,0,
WSPN,2019-07-15 22:00:00,0,
WSPN,2019-07-15 23:00:00,0,
WSPN,2019-07-16 00:00:00,0,
WSPN,2019-07-16 01:00:00,0,
WSPN,2019-07-16 02:00:00,0,
WSPN,2019-07-16 03:00:00,0,
WSPN,2019-07-16 04:00:00,0,
WSPN,2019-07-16 05:00:00,0,
WSPN,2019-07-16 06:00:00,0,
WSPN,2019-07-16 07:00:00,0,
WSPN,2019-07-16 08:00:00,0,
WSPN,2019-07-16 09:00:00,0,
WSPN,2019-07-16 10:00:00,0,
WSPN,2019-07-16 11:00:00,0,
WSPN,2019-07-16 12:00:00,0,
WSPN,2019-07-16 13:00:00,0,
WSPN,2019-07-16 14:00:00,0,
WSPN,2019-07-16 15:00:00,0,
WSPN,2019-07-16 16:00:00,0,
WSPN,2019-07-16 17:00:00,0,
WSPN,2019-07-16 18:00:00,0,
WSPN,2019-07-16 19:00:00,0,
WSPN,2019-07-16 20:00:00,0,
WSPN,2019-07-16 21:00:00,0,
WSPN,2019-07-16 22:00:00,0,
WSPN,2019-07-16 23:00:00,0,
WSPN,2019-07-17 00:00:00,0,
WSPN,2019-07-17 01:00:00,0,
WSPN,2019-07-17 02:00:00,0,
WSPN,2019-07-17 03:00:00,0,
WSPN,2019-07-17 04:00:00,0,
WSPN,2019-07-17 05:00:00,0,
WSPN,2019-07-17 06:00:00,0,
WSPN,2019-07-17 07:00:00,0,
WSPN,2019-07-17 08:00:00,0,
WSPN,2019-07-17 09:00:00,0,
WSPN,2019-07-17 10:00:00,0,
WSPN,2019-07-17 11:00:00,0,
WSPN,2019-07-17 12:00:00,0,
WSPN,2019-07-17 13:00:00,0,
WSPN,2019-07-17 14:00:00,0,
WSPN,2019-07-17 15:00:00,0,
WSPN,2019-07-17 16:00:00,0,
WSPN,2019-07-17 17:00:00,0,
WSPN,2019-07-17 18:00:00,0,
WSPN,2019-07-17 19:00:00,0,
WSPN,2019-07-17 20:00:00,0,
WSPN,2019-07-17 21:00:00,0,
WSPN,2019-07-17 22:00:00,0,
WSPN,2019-07-17 23:00:00,0,
WSPN,2019-07-18 00:00:00,0,
WSPN,2019-07-18 01:00:00,0,
WSPN,2019-07-18 02:00:00,0,
WSPN,2019-07-18 03:00:00,0,
WSPN,2019-07-18 04:00:00,0,
WSPN,2019-07-18 05:00:00,0,
WSPN,2019-07-18 06:00:00,0,
WSPN,2019-07-18 07:00:00,0,
WSPN,2019-07-18 08:00:00,0,
WSPN,2019-07-18 09:00:00,0,
WSPN,2019-07-18 10:00:00,0,
WSPN,2019-07-18 11:00:00,0,
WSPN,2019-07-18 12:00:00,0,
WSPN,2019-07-18 13:00:00,0,
WSPN,2019-07-18 14:00:00,0,
WSPN,2019-07-18 15:00:00,0,
WSPN,2019-07-18 16:00:00,0,
WSPN,2019-07-18 17:00:00,0,
WSPN,2019-07-18 18:00:00,0,
WSPN,2019-07-18 19:00:00,0,
WSPN,2019-07-18 20:00:00,0,
WSPN,2019-07-18 21:00:00,0,
WSPN,2019-07-18 22:00:00,-999,
WSPN,2019-07-18 23:00:00,0,
WSPN,2019-07-19 00:00:00,0,
WSPN,2019-07-19 01:00:00,0,
WSPN,2019-07-19 02:00:00,0,
WSPN,2019-07-19 03:00:00,0,
WSPN,2019-07-19 04:00:00,0,
WSPN,2019-07-19 05:00:00,0,
WSPN,2019-07-19 06:00:00,0,
WSPN,2019-07-19 07:00:00,0,
WSPN,2019-07-19 08:00:00,0,
WSPN,2019-07-19 09:00:00,0,
WSPN,2019-07-19 10:00:00,0,
WSPN,2019-07-19 11:00:00,0,
WSPN,2019-07-19 12:00:00,0,
WSPN,2019-07-19 13:00:00,0,
WSPN,2019-07-19 14:00:00,0,
WSPN,2019-07-19 15:00:00,0,
WSPN,2019-07-19 16:00:00,0,
WSPN,2019-07-19 17:00:00,0,
WSPN,2019-07-19 18:00:00,0,
WSPN,2019-07-19 19:00:00,0,
WSPN,2019-07-19 20:00:00,0,
WSPN,2019-07-19 21:00:00,0,
WSPN,2019-07-19 22:00:00,-999,
WSPN,2019-07-19 23:00:00,0,
WSPN,2019-07-20 00:00:00,0,
WSPN,2019-07-20 01:00:00,0,
WSPN,2019-07-20 02:00:00,0,
WSPN,2019-07-20 03:00:00,0,
WSPN,2019-07-20 04:00:00,0,
WSPN,2019-07-20 05:00:00,0,
WSPN,2019-07-20 06:00:00,0,
WSPN,2019-07-20 07:00:00,0,
WSPN,2019-07-20 08:00:00,0,
WSPN,2019-07-20 09:00:00,0,
WSPN,2019-07-20 10:00:00,0,
WSPN,2019-07-20 11:00:00,0,
WSPN,2019-07-20 12:00:00,0,
WSPN,2019-07-20 13:00:00,0,
WSPN,2019-07-20 14:00:00,0,
WSPN,2019-07-20 15:00:00,0,
WSPN,2019-07-20 16:00:00,0,
WSPN,2019-07-20 17:00:00,0,
WSPN,2019-07-20 18:00:00,0,
WSPN,2019-07-20 19:00:00,0,
WSPN,2019-07-20 20:00:00,0,
WSPN,2019-07-20 21:00:00,0,
WSPN,2019-07-20 22:00:00,0,
WSPN,2019-07-20 23:00:00,0,
WSPN,2019-07-21 00:00:00,0,
WSPN,2019-07-21 01:00:00,0,
WSPN,2019-07-21 02:00:00,0,
WSPN,2019-07-21 03:00:00,0,
WSPN,2019-07-21 04:00:00,0,
WSPN,2019-07-21 05:00:00,0,
WSPN,2019-07-21 06:00:00,0,
WSPN,2019-07-21 07:00:00,0,
WSPN,2019-07-21 08:00:00,0,
WSPN,2019-07-21 09:00:00,0,
WSPN,2019-07-21 10:00:00,0,
WSPN,2019-07-21 11:00:00,0,
WSPN,2019-07-21 12:00:00,0,
WSPN,2019-07-21 13:00:00,0,
WSPN,2019-07-21 14:00:00,0,
WSPN,2019-07-21 15:00:00,0,
WSPN,2019-07-21 16:00:00,0,
WSPN,2019-07-21 17:00:00,0,
WSPN,2019-07-21 18:00:00,0,
WSPN,2019-07-21 19:00:00,3.6,
WSPN,2019-07-21 20:00:00,2.2,
WSPN,2019-07-21 21:00:00,0.6,
WSPN,2019-07-21 22:00:00,0,
WSPN,2019-07-21 23:00:00,0,
WSPN,2019-07-22 00:00:00,0,
WSPN,2019-07-22 01:00:00,0,
WSPN,2019-07-22 02:00:00,0,
WSPN,2019-07-22 03:00:00,0,
WSPN,2019-07-22 04:00:00,0,
WSPN,2019-07-22 05:00:00,0,
WSPN,2019-07-22 06:00:00,0.6,
WSPN,2019-07-22 07:00:00,0,
WSPN,2019-07-22 08:00:00,0,
WSPN,2019-07-22 09:00:00,0,
WSPN,2019-07-22 10:00:00,0,
WSPN,2019-07-22 11:00:00,0,
WSPN,2019-07-22 12:00:00,0,
WSPN,2019-07-22 13:00:00,0,
WSPN,2019-07-22 14:00:00,0,
WSPN,2019-07-22 15:00:00,0,
WSPN,2019-07-22 16:00:00,0,
WSPN,2019-07-22 17:00:00,0,
WSPN,2019-07-22 18:00:00,0,
WSPN,2019-07-22 19:00:00,0,
WSPN,2019-07-22 20:00:00,0,
WSPN,2019-07-22 21:00:00,0,
WSPN,2019-07-22 22:00:00,0,
WSPN,2019-07-22 23:00:00,0,
WSPN,2019-07-23 00:00:00,0,
WSPN,2019-07-23 01:00:00,0,
WSPN,2019-07-23 02:00:00,0,
WSPN,2019-07-23 03:00:00,0,
WSPN,2019-07-23 04:00:00,0,
WSPN,2019-07-23 05:00:00,0,
WSPN,2019-07-23 06:00:00,0,
WSPN,2019-07-23 07:00:00,0,
WSPN,2019-07-23 08:00:00,0,
WSPN,2019-07-23 09:00:00,0,
WSPN,2019-07-23 10:00:00,0,
WSPN,2019-07-23 11:00:00,0,
WSPN,2019-07-23 12:00:00,0,
WSPN,2019-07-23 13:00:00,0,
WSPN,2019-07-23 14:00:00,0,
WSPN,2019-07-23 15:00:00,0,
WSPN,2019-07-23 16:00:00,0,
WSPN,2019-07-23 17:00:00,0,
WSPN,2019-07-23 18:00:00,0,
WSPN,2019-07-23 19:00:00,0,
WSPN,2019-07-23 20:00:00,0,
WSPN,2019-07-23 21:00:00,0,
WSPN,2019-07-23 22:00:00,0,
WSPN,2019-07-23 23:00:00,0,
WSPN,2019-07-24 00:00:00,0,
WSPN,2019-07-24 01:00:00,0,
WSPN,2019-07-24 02:00:00,0,
WSPN,2019-07-24 03:00:00,0,
WSPN,2019-07-24 04:00:00,0,
WSPN,2019-07-24 05:00:00,0,
WSPN,2019-07-24 06:00:00,0,
WSPN,2019-07-24 07:00:00,0,
WSPN,2019-07-24 08:00:00,0.2,
WSPN,2019-07-24 09:00:00,0.2,
WSPN,2019-07-24 10:00:00,0,
WSPN,2019-07-24 11:00:00,0.2,
WSPN,2019-07-24 12:00:00,0,
WSPN,2019-07-24 13:00:00,0,
WSPN,2019-07-24 14:00:00,0,
WSPN,2019-07-24 15:00:00,0,
WSPN,2019-07-24 16:00:00,0,
WSPN,2019-07-24 17:00:00,0,
WSPN,2019-07-24 18:00:00,0,
WSPN,2019-07-24 19:00:00,0,
WSPN,2019-07-24 20:00:00,0,
WSPN,2019-07-24 21:00:00,0,
WSPN,2019-07-24 22:00:00,0,
WSPN,2019-07-24 23:00:00,0,
WSPN,2019-07-25 00:00:00,0,
WSPN,2019-07-25 01:00:00,0,
WSPN,2019-07-25 02:00:00,0,
WSPN,2019-07-25 03:00:00,0,
WSPN,2019-07-25 04:00:00,0,
WSPN,2019-07-25 05:00:00,0,
WSPN,2019-07-25 06:00:00,0,
WSPN,2019-07-25 07:00:00,0,
WSPN,2019-07-25 08:00:00,0,
WSPN,2019-07-25 09:00:00,0,
WSPN,2019-07-25 10:00:00,0,
WSPN,2019-07-25 11:00:00,0,
WSPN,2019-07-25 12:00:00,0,
WSPN,2019-07-25 13:00:00,0,
WSPN,2019-07-25 14:00:00,0.2,
WSPN,2019-07-25 15:00:00,0,
WSPN,2019-07-25 16:00:00,0,
WSPN,2019-07-25 17:00:00,0,
WSPN,2019-07-25 18:00:00,0,
WSPN,2019-07-25 19:00:00,0,
WSPN,2019-07-25 20:00:00,7.8,
WSPN,2019-07-25 21:00:00,10.4,
WSPN,2019-07-25 22:00:00,6.4,
WSPN,2019-07-25 23:00:00,4.6,
WSPN,2019-07-26 00:00:00,3.2,
WSPN,2019-07-26 01:00:00,0.6,
WSPN,2019-07-26 02:00:00,0.6,
WSPN,2019-07-26 03:00:00,0.2,
WSPN,2019-07-26 04:00:00,0,
WSPN,2019-07-26 05:00:00,0.4,
WSPN,2019-07-26 06:00:00,0.2,
WSPN,2019-07-26 07:00:00,0.2,
WSPN,2019-07-26 08:00:00,0.2,
WSPN,2019-07-26 09:00:00,1,
WSPN,2019-07-26 10:00:00,1.2,
WSPN,2019-07-26 11:00:00,0.2,
WSPN,2019-07-26 12:00:00,0,
WSPN,2019-07-26 13:00:00,0,
WSPN,2019-07-26 14:00:00,0,
WSPN,2019-07-26 15:00:00,0,
WSPN,2019-07-26 16:00:00,0,
WSPN,2019-07-26 17:00:00,0,
WSPN,2019-07-26 18:00:00,0,
WSPN,2019-07-26 19:00:00,0,
WSPN,2019-07-26 20:00:00,0,
WSPN,2019-07-26 21:00:00,0,
WSPN,2019-07-26 22:00:00,0,
WSPN,2019-07-26 23:00:00,0,
WSPN,2019-07-27 00:00:00,0,
WSPN,2019-07-27 01:00:00,0,
WSPN,2019-07-27 02:00:00,0,
WSPN,2019-07-27 03:00:00,0,
WSPN,2019-07-27 04:00:00,0,
WSPN,2019-07-27 05:00:00,0,
WSPN,2019-07-27 06:00:00,0,
WSPN,2019-07-27 07:00:00,5.2,
WSPN,2019-07-27 08:00:00,1.2,
WSPN,2019-07-27 09:00:00,0.2,
WSPN,2019-07-27 10:00:00,0,
WSPN,2019-07-27 11:00:00,0,
WSPN,2019-07-27 12:00:00,0,
WSPN,2019-07-27 13:00:00,0,
WSPN,2019-07-27 14:00:00,0,
WSPN,2019-07-27 15:00:00,0,
WSPN,2019-07-27 16:00:00,0,
WSPN,2019-07-27 17:00:00,0,
WSPN,2019-07-27 18:00:00,0,
WSPN,2019-07-27 19:00:00,0,
WSPN,2019-07-27 20:00:00,0,
WSPN,2019-07-27 21:00:00,0,
WSPN,2019-07-27 22:00:00,0,
WSPN,2019-07-27 23:00:00,0,
WSPN,2019-07-28 00:00:00,0,
WSPN,2019-07-28 01:00:00,0,
WSPN,2019-07-28 02:00:00,0,
WSPN,2019-07-28 03:00:00,0,
WSPN,2019-07-28 04:00:00,0,
WSPN,2019-07-28 05:00:00,0,
WSPN,2019-07-28 06:00:00,0,
WSPN,2019-07-28 07:00:00,0,
WSPN,2019-07-28 08:00:00,0,
WSPN,2019-07-28 09:00:00,0,
WSPN,2019-07-28 10:00:00,0,
WSPN,2019-07-28 11:00:00,0,
WSPN,2019-07-28 12:00:00,0,
WSPN,2019-07-28 13:00:00,0,
WSPN,2019-07-28 14:00:00,0,
WSPN,2019-07-28 15:00:00,0,
WSPN,2019-07-28 16:00:00,0,
WSPN,2019-07-28 17:00:00,0,
WSPN,2019-07-28 18:00:00,0,
WSPN,2019-07-28 19:00:00,0,
WSPN,2019-07-28 20:00:00,0,
WSPN,2019-07-28 21:00:00,0,
WSPN,2019-07-28 22:00:00,0,
WSPN,2019-07-28 23:00:00,0,
WSPN,2019-07-29 00:00:00,0,
WSPN,2019-07-29 01:00:00,0,
WSPN,2019-07-29 02:00:00,0,
WSPN,2019-07-29 03:00:00,0,
WSPN,2019-07-29 04:00:00,0,
WSPN,2019-07-29 05:00:00,0,
WSPN,2019-07-29 06:00:00,0,
WSPN,2019-07-29 07:00:00,0,
WSPN,2019-07-29 08:00:00,0,
WSPN,2019-07-29 09:00:00,0,
WSPN,2019-07-29 10:00:00,0,
WSPN,2019-07-29 11:00:00,0,
WSPN,2019-07-29 12:00:00,0,
WSPN,2019-07-29 13:00:00,0,
WSPN,2019-07-29 14:00:00,0,
WSPN,2019-07-29 15:00:00,0,
WSPN,2019-07-29 16:00:00,0,
WSPN,2019-07-29 17:00:00,0,
WSPN,2019-07-29 18:00:00,0,
WSPN,2019-07-29 19:00:00,0,
WSPN,2019-07-29 20:00:00,0,
WSPN,2019-07-29 21:00:00,0,
WSPN,2019-07-29 22:00:00,0,
WSPN,2019-07-29 23:00:00,0,
WSPN,2019-07-30 00:00:00,0,
WSPN,2019-07-30 01:00:00,0,
WSPN,2019-07-30 02:00:00,0,
WSPN,2019-07-30 03:00:00,0,
WSPN,2019-07-30 04:00:00,0,
WSPN,2019-07-30 05:00:00,0,
WSPN,2019-07-30 06:00:00,0,
WSPN,2019-07-30 07:00:00,0,
WSPN,2019-07-30 08:00:00,0,
WSPN,2019-07-30 09:00:00,0,
WSPN,2019-07-30 10:00:00,0,
WSPN,2019-07-30 11:00:00,0,
WSPN,2019-07-30 12:00:00,0,
WSPN,2019-07-30 13:00:00,0,
WSPN,2019-07-30 14:00:00,0,
WSPN,2019-07-30 15:00:00,0,
WSPN,2019-07-30 16:00:00,0,
WSPN,2019-07-30 17:00:00,0,
WSPN,2019-07-30 18:00:00,0,
WSPN,2019-07-30 19:00:00,0,
WSPN,2019-07-30 20:00:00,0,
WSPN,2019-07-30 21:00:00,0,
WSPN,2019-07-30 22:00:00,0,
WSPN,2019-07-30 23:00:00,0,
WSPN,2019-07-31 00:00:00,0,
WSPN,2019-07-31 01:00:00,0,
WSPN,2019-07-31 02:00:00,0,
WSPN,2019-07-31 03:00:00,0,
WSPN,2019-07-31 04:00:00,0,
WSPN,2019-07-31 05:00:00,0.2,
WSPN,2019-07-31 06:00:00,0,
WSPN,2019-07-31 07:00:00,0,
WSPN,2019-07-31 08:00:00,0,
WSPN,2019-07-31 09:00:00,0,
WSPN,2019-07-31 10:00:00,0,
WSPN,2019-07-31 11:00:00,0,
WSPN,2019-07-31 12:00:00,0,
WSPN,2019-07-31 13:00:00,0,
WSPN,2019-07-31 14:00:00,0,
WSPN,2019-07-31 15:00:00,0,
WSPN,2019-07-31 16:00:00,0,
WSPN,2019-07-31 17:00:00,0,
WSPN,2019-07-31 18:00:00,0,
WSPN,2019-07-31 19:00:00,0.6,
WSPN,2019-07-31 20:00:00,9.2,
WSPN,2019-07-31 21:00:00,0.2,
WSPN,2019-07-31 22:00:00,0,
WSPN,2019-07-31 23:00:00,0,
TBW014,2019-07-01 00:00:00,0,
TBW014,2019-07-01 01:00:00,0,
TBW014,2019-07-01 02:00:00,0,
TBW014,2019-07-01 03:00:00,0,
TBW014,2019-07-01 04:00:00,-999,
TBW014,2019-07-01 05:00:00,-999,
TBW014,2019-07-01 06:00:00,-999,
TBW014,2019-07-01 07:00:00,0,
TBW014,2019-07-01 08:00:00,0,
TBW014,2019-07-01 09:00:00,0,
TBW014,2019-07-01 10:00:00,0,
TBW014,2019-07-01 11:00:00,0,
TBW014,2019-07-01 12:00:00,0,
TBW014,2019-07-01 13:00:00,0,
TBW014,2019-07-01 14:00:00,0,
TBW014,2019-07-01 15:00:00,0,
TBW014,2019-07-01 16:00:00,2.6,
TBW014,2019-07-01 17:00:00,0,
TBW014,2019-07-01 18:00:00,0,
TBW014,2019-07-01 19:00:00,0,
TBW014,2019-07-01 20:00:00,1.2,
TBW014,2019-07-01 21:00:00,0.2,
TBW014,2019-07-01 22:00:00,0,
TBW014,2019-07-01 23:00:00,0,
TBW014,2019-07-02 00:00:00,0,
TBW014,2019-07-02 01:00:00,0,
TBW014,2019-07-02 02:00:00,0,
TBW014,2019-07-02 03:00:00,0,
TBW014,2019-07-02 04:00:00,-999,
TBW014,2019-07-02 05:00:00,-999,
TBW014,2019-07-02 06:00:00,-999,
TBW014,2019-07-02 07:00:00,-999,
TBW014,2019-07-02 08:00:00,0,
TBW014,2019-07-02 09:00:00,0.2,
TBW014,2019-07-02 10:00:00,0,
TBW014,2019-07-02 11:00:00,0,
TBW014,2019-07-02 12:00:00,0,
TBW014,2019-07-02 13:00:00,0,
TBW014,2019-07-02 14:00:00,0,
TBW014,2019-07-02 15:00:00,0.4,
TBW014,2019-07-02 16:00:00,1.4,
TBW014,2019-07-02 17:00:00,0,
TBW014,2019-07-02 18:00:00,0.2,
TBW014,2019-07-02 19:00:00,0,
TBW014,2019-07-02 20:00:00,0,
TBW014,2019-07-02 21:00:00,0.2,
TBW014,2019-07-02 22:00:00,0,
TBW014,2019-07-02 23:00:00,0.4,
TBW014,2019-07-03 00:00:00,0,
TBW014,2019-07-03 01:00:00,0,
TBW014,2019-07-03 02:00:00,0.2,
TBW014,2019-07-03 03:00:00,-999,
TBW014,2019-07-03 04:00:00,-999,
TBW014,2019-07-03 05:00:00,-999,
TBW014,2019-07-03 06:00:00,-999,
TBW014,2019-07-03 07:00:00,0,
TBW014,2019-07-03 08:00:00,0.8,
TBW014,2019-07-03 09:00:00,2.4,
TBW014,2019-07-03 10:00:00,1,
TBW014,2019-07-03 11:00:00,0.4,
TBW014,2019-07-03 12:00:00,0.8,
TBW014,2019-07-03 13:00:00,1.6,
TBW014,2019-07-03 14:00:00,0.8,
TBW014,2019-07-03 15:00:00,0.8,
TBW014,2019-07-03 16:00:00,0.2,
TBW014,2019-07-03 17:00:00,0.4,
TBW014,2019-07-03 18:00:00,0.2,
TBW014,2019-07-03 19:00:00,0.2,
TBW014,2019-07-03 20:00:00,-999,
TBW014,2019-07-03 21:00:00,-999,
TBW014,2019-07-03 22:00:00,-999,
TBW014,2019-07-03 23:00:00,-999,
TBW014,2019-07-04 00:00:00,-999,
TBW014,2019-07-04 01:00:00,-999,
TBW014,2019-07-04 02:00:00,-999,
TBW014,2019-07-04 03:00:00,-999,
TBW014,2019-07-04 04:00:00,-999,
TBW014,2019-07-04 05:00:00,-999,
TBW014,2019-07-04 06:00:00,-999,
TBW014,2019-07-04 07:00:00,-999,
TBW014,2019-07-04 08:00:00,0,
TBW014,2019-07-04 09:00:00,0,
TBW014,2019-07-04 10:00:00,0,
TBW014,2019-07-04 11:00:00,0,
TBW014,2019-07-04 12:00:00,0,
TBW014,2019-07-04 13:00:00,0,
TBW014,2019-07-04 14:00:00,0,
TBW014,2019-07-04 15:00:00,0,
TBW014,2019-07-04 16:00:00,0,
TBW014,2019-07-04 17:00:00,0,
TBW014,2019-07-04 18:00:00,0,
TBW014,2019-07-04 19:00:00,0,
TBW014,2019-07-04 20:00:00,0,
TBW014,2019-07-04 21:00:00,0,
TBW014,2019-07-04 22:00:00,0,
TBW014,2019-07-04 23:00:00,0,
TBW014,2019-07-05 00:00:00,0,
TBW014,2019-07-05 01:00:00,0,
TBW014,2019-07-05 02:00:00,0,
TBW014,2019-07-05 03:00:00,0,
TBW014,2019-07-05 04:00:00,-999,
TBW014,2019-07-05 05:00:00,-999,
TBW014,2019-07-05 06:00:00,-999,
TBW014,2019-07-05 07:00:00,-999,
TBW014,2019-07-05 08:00:00,-999,
TBW014,2019-07-05 09:00:00,-999,
TBW014,2019-07-05 10:00:00,-999,
TBW014,2019-07-05 11:00:00,-999,
TBW014,2019-07-05 12:00:00,-999,
TBW014,2019-07-05 13:00:00,-999,
TBW014,2019-07-05 14:00:00,-999,
TBW014,2019-07-05 15:00:00,-999,
TBW014,2019-07-05 16:00:00,-999,
TBW014,2019-07-05 17:00:00,-999,
TBW014,2019-07-05 18:00:00,-999,
TBW014,2019-07-05 19:00:00,-999,
TBW014,2019-07-05 20:00:00,-999,
TBW014,2019-07-05 21:00:00,-999,
TBW014,2019-07-05 22:00:00,-999,
TBW014,2019-07-05 23:00:00,-999,
TBW014,2019-07-06 00:00:00,-999,
TBW014,2019-07-06 01:00:00,-999,
TBW014,2019-07-06 02:00:00,-999,
TBW014,2019-07-06 03:00:00,-999,
TBW014,2019-07-06 04:00:00,-999,
TBW014,2019-07-06 05:00:00,-999,
TBW014,2019-07-06 06:00:00,-999,
TBW014,2019-07-06 07:00:00,-999,
TBW014,2019-07-06 08:00:00,-999,
TBW014,2019-07-06 09:00:00,-999,
TBW014,2019-07-06 10:00:00,-999,
TBW014,2019-07-06 11:00:00,-999,
TBW014,2019-07-06 12:00:00,-999,
TBW014,2019-07-06 13:00:00,-999,
TBW014,2019-07-06 14:00:00,-999,
TBW014,2019-07-06 15:00:00,-999,
TBW014,2019-07-06 16:00:00,-999,
TBW014,2019-07-06 17:00:00,-999,
TBW014,2019-07-06 18:00:00,-999,
TBW014,2019-07-06 19:00:00,-999,
TBW014,2019-07-06 20:00:00,-999,
TBW014,2019-07-06 21:00:00,-999,
TBW014,2019-07-06 22:00:00,-999,
TBW014,2019-07-06 23:00:00,-999,
TBW014,2019-07-07 00:00:00,-999,
TBW014,2019-07-07 01:00:00,-999,
TBW014,2019-07-07 02:00:00,-999,
TBW014,2019-07-07 03:00:00,-999,
TBW014,2019-07-07 04:00:00,-999,
TBW014,2019-07-07 05:00:00,-999,
TBW014,2019-07-07 06:00:00,-999,
TBW014,2019-07-07 07:00:00,-999,
TBW014,2019-07-07 08:00:00,-999,
TBW014,2019-07-07 09:00:00,-999,
TBW014,2019-07-07 10:00:00,-999,
TBW014,2019-07-07 11:00:00,-999,
TBW014,2019-07-07 12:00:00,-999,
TBW014,2019-07-07 13:00:00,-999,
TBW014,2019-07-07 14:00:00,-999,
TBW014,2019-07-07 15:00:00,-999,
TBW014,2019-07-07 16:00:00,-999,
TBW014,2019-07-07 17:00:00,-999,
TBW014,2019-07-07 18:00:00,-999,
TBW014,2019-07-07 19:00:00,-999,
TBW014,2019-07-07 20:00:00,-999,
TBW014,2019-07-07 21:00:00,-999,
TBW014,2019-07-07 22:00:00,-999,
TBW014,2019-07-07 23:00:00,-999,
TBW014,2019-07-08 00:00:00,-999,
TBW014,2019-07-08 01:00:00,-999,
TBW014,2019-07-08 02:00:00,-999,
TBW014,2019-07-08 03:00:00,-999,
TBW014,2019-07-08 04:00:00,-999,
TBW014,2019-07-08 05:00:00,-999,
TBW014,2019-07-08 06:00:00,-999,
TBW014,2019-07-08 07:00:00,-999,
TBW014,2019-07-08 08:00:00,-999,
TBW014,2019-07-08 09:00:00,-999,
TBW014,2019-07-08 10:00:00,-999,
TBW014,2019-07-08 11:00:00,-999,
TBW014,2019-07-08 12:00:00,-999,
TBW014,2019-07-08 13:00:00,-999,
TBW014,2019-07-08 14:00:00,-999,
TBW014,2019-07-08 15:00:00,-999,
TBW014,2019-07-08 16:00:00,-999,
TBW014,2019-07-08 17:00:00,-999,
TBW014,2019-07-08 18:00:00,-999,
TBW014,2019-07-08 19:00:00,-999,
TBW014,2019-07-08 20:00:00,-999,
TBW014,2019-07-08 21:00:00,-999,
TBW014,2019-07-08 22:00:00,-999,
TBW014,2019-07-08 23:00:00,-999,
TBW014,2019-07-09 00:00:00,-999,
TBW014,2019-07-09 01:00:00,-999,
TBW014,2019-07-09 02:00:00,-999,
TBW014,2019-07-09 03:00:00,-999,
TBW014,2019-07-09 04:00:00,-999,
TBW014,2019-07-09 05:00:00,-999,
TBW014,2019-07-09 06:00:00,-999,
TBW014,2019-07-09 07:00:00,-999,
TBW014,2019-07-09 08:00:00,-999,
TBW014,2019-07-09 09:00:00,-999,
TBW014,2019-07-09 10:00:00,-999,
TBW014,2019-07-09 11:00:00,-999,
TBW014,2019-07-09 12:00:00,-999,
TBW014,2019-07-09 13:00:00,-999,
TBW014,2019-07-09 14:00:00,-999,
TBW014,2019-07-09 15:00:00,-999,
TBW014,2019-07-09 16:00:00,-999,
TBW014,2019-07-09 17:00:00,-999,
TBW014,2019-07-09 18:00:00,-999,
TBW014,2019-07-09 19:00:00,-999,
TBW014,2019-07-09 20:00:00,-999,
TBW014,2019-07-09 21:00:00,-999,
TBW014,2019-07-09 22:00:00,-999,
TBW014,2019-07-09 23:00:00,-999,
TBW014,2019-07-10 00:00:00,-999,
TBW014,2019-07-10 01:00:00,-999,
TBW014,2019-07-10 02:00:00,-999,
TBW014,2019-07-10 03:00:00,-999,
TBW014,2019-07-10 04:00:00,-999,
TBW014,2019-07-10 05:00:00,-999,
TBW014,2019-07-10 06:00:00,-999,
TBW014,2019-07-10 07:00:00,-999,
TBW014,2019-07-10 08:00:00,-999,
TBW014,2019-07-10 09:00:00,-999,
TBW014,2019-07-10 10:00:00,-999,
TBW014,2019-07-10 11:00:00,-999,
TBW014,2019-07-10 12:00:00,-999,
TBW014,2019-07-10 13:00:00,-999,
TBW014,2019-07-10 14:00:00,-999,
TBW014,2019-07-10 15:00:00,-999,
TBW014,2019-07-10 16:00:00,-999,
TBW014,2019-07-10 17:00:00,-999,
TBW014,2019-07-10 18:00:00,-999,
TBW014,2019-07-10 19:00:00,-999,
TBW014,2019-07-10 20:00:00,-999,
TBW014,2019-07-10 21:00:00,-999,
TBW014,2019-07-10 22:00:00,-999,
TBW014,2019-07-10 23:00:00,-999,
TBW014,2019-07-11 00:00:00,-999,
TBW014,2019-07-11 01:00:00,-999,
TBW014,2019-07-11 02:00:00,-999,
TBW014,2019-07-11 03:00:00,-999,
TBW014,2019-07-11 04:00:00,-999,
TBW014,2019-07-11 05:00:00,-999,
TBW014,2019-07-11 06:00:00,-999,
TBW014,2019-07-11 07:00:00,-999,
TBW014,2019-07-11 08:00:00,-999,
TBW014,2019-07-11 09:00:00,-999,
TBW014,2019-07-11 10:00:00,-999,
TBW014,2019-07-11 11:00:00,-999,
TBW014,2019-07-11 12:00:00,-999,
TBW014,2019-07-11 13:00:00,-999,
TBW014,2019-07-11 14:00:00,-999,
TBW014,2019-07-11 15:00:00,-999,
TBW014,2019-07-11 16:00:00,-999,
TBW014,2019-07-11 17:00:00,-999,
TBW014,2019-07-11 18:00:00,-999,
TBW014,2019-07-11 19:00:00,-999,
TBW014,2019-07-11 20:00:00,-999,
TBW014,2019-07-11 21:00:00,-999,
TBW014,2019-07-11 22:00:00,-999,
TBW014,2019-07-11 23:00:00,-999,
TBW014,2019-07-12 00:00:00,-999,
TBW014,2019-07-12 01:00:00,-999,
TBW014,2019-07-12 02:00:00,-999,
TBW014,2019-07-12 03:00:00,-999,
TBW014,2019-07-12 04:00:00,-999,
TBW014,2019-07-12 05:00:00,-999,
TBW014,2019-07-12 06:00:00,-999,
TBW014,2019-07-12 07:00:00,-999,
TBW014,2019-07-12 08:00:00,-999,
TBW014,2019-07-12 09:00:00,-999,
TBW014,2019-07-12 10:00:00,-999,
TBW014,2019-07-12 11:00:00,-999,
TBW014,2019-07-12 12:00:00,-999,
TBW014,2019-07-12 13:00:00,-999,
TBW014,2019-07-12 14:00:00,-999,
TBW014,2019-07-12 15:00:00,-999,
TBW014,2019-07-12 16:00:00,-999,
TBW014,2019-07-12 17:00:00,-999,
TBW014,2019-07-12 18:00:00,0.2,
TBW014,2019-07-12 19:00:00,0,
TBW014,2019-07-12 20:00:00,0,
TBW014,2019-07-12 21:00:00,0,
TBW014,2019-07-12 22:00:00,0,
TBW014,2019-07-12 23:00:00,0,
TBW014,2019-07-13 00:00:00,0.2,
TBW014,2019-07-13 01:00:00,0,
TBW014,2019-07-13 02:00:00,0,
TBW014,2019-07-13 03:00:00,0,
TBW014,2019-07-13 04:00:00,0,
TBW014,2019-07-13 05:00:00,0,
TBW014,2019-07-13 06:00:00,0,
TBW014,2019-07-13 07:00:00,0,
TBW014,2019-07-13 08:00:00,0,
TBW014,2019-07-13 09:00:00,0,
TBW014,2019-07-13 10:00:00,0,
TBW014,2019-07-13 11:00:00,0,
TBW014,2019-07-13 12:00:00,0,
TBW014,2019-07-13 13:00:00,0,
TBW014,2019-07-13 14:00:00,0,
TBW014,2019-07-13 15:00:00,0,
TBW014,2019-07-13 16:00:00,0,
TBW014,2019-07-13 17:00:00,0,
TBW014,2019-07-13 18:00:00,0,
TBW014,2019-07-13 19:00:00,0,
TBW014,2019-07-13 20:00:00,0,
TBW014,2019-07-13 21:00:00,0,
TBW014,2019-07-13 22:00:00,0,
TBW014,2019-07-13 23:00:00,0,
TBW014,2019-07-14 00:00:00,0,
TBW014,2019-07-14 01:00:00,0,
TBW014,2019-07-14 02:00:00,0,
TBW014,2019-07-14 03:00:00,0,
TBW014,2019-07-14 04:00:00,0,
TBW014,2019-07-14 05:00:00,0,
TBW014,2019-07-14 06:00:00,0,
TBW014,2019-07-14 07:00:00,0,
TBW014,2019-07-14 08:00:00,0,
TBW014,2019-07-14 09:00:00,0,
TBW014,2019-07-14 10:00:00,0,
TBW014,2019-07-14 11:00:00,0,
TBW014,2019-07-14 12:00:00,0,
TBW014,2019-07-14 13:00:00,0,
TBW014,2019-07-14 14:00:00,0,
TBW014,2019-07-14 15:00:00,0,
TBW014,2019-07-14 16:00:00,0,
TBW014,2019-07-14 17:00:00,0,
TBW014,2019-07-14 18:00:00,0,
TBW014,2019-07-14 19:00:00,0,
TBW014,2019-07-14 20:00:00,0,
TBW014,2019-07-14 21:00:00,0,
TBW014,2019-07-14 22:00:00,0,
TBW014,2019-07-14 23:00:00,0,
TBW014,2019-07-15 00:00:00,0,
TBW014,2019-07-15 01:00:00,0,
TBW014,2019-07-15 02:00:00,0,
TBW014,2019-07-15 03:00:00,0,
TBW014,2019-07-15 04:00:00,0,
TBW014,2019-07-15 05:00:00,0,
TBW014,2019-07-15 06:00:00,0,
TBW014,2019-07-15 07:00:00,0,
TBW014,2019-07-15 08:00:00,0,
TBW014,2019-07-15 09:00:00,0,
TBW014,2019-07-15 10:00:00,0,
TBW014,2019-07-15 11:00:00,0,
TBW014,2019-07-15 12:00:00,0,
TBW014,2019-07-15 13:00:00,0,
TBW014,2019-07-15 14:00:00,0,
TBW014,2019-07-15 15:00:00,0,
TBW014,2019-07-15 16:00:00,0,
TBW014,2019-07-15 17:00:00,0,
TBW014,2019-07-15 18:00:00,0,
TBW014,2019-07-15 19:00:00,0,
TBW014,2019-07-15 20:00:00,0,
TBW014,2019-07-15 21:00:00,0,
TBW014,2019-07-15 22:00:00,0,
TBW014,2019-07-15 23:00:00,0,
TBW014,2019-07-16 00:00:00,0,
TBW014,2019-07-16 01:00:00,0,
TBW014,2019-07-16 02:00:00,0,
TBW014,2019-07-16 03:00:00,0,
TBW014,2019-07-16 04:00:00,0,
TBW014,2019-07-16 05:00:00,0,
TBW014,2019-07-16 06:00:00,0,
TBW014,2019-07-16 07:00:00,0,
TBW014,2019-07-16 08:00:00,0,
TBW014,2019-07-16 09:00:00,0,
TBW014,2019-07-16 10:00:00,0,
TBW014,2019-07-16 11:00:00,0,
TBW014,2019-07-16 12:00:00,0,
TBW014,2019-07-16 13:00:00,0,
TBW014,2019-07-16 14:00:00,0,
TBW014,2019-07-16 15:00:00,0,
TBW014,2019-07-16 16:00:00,0,
TBW014,2019-07-16 17:00:00,0,
TBW014,2019-07-16 18:00:00,0,
TBW014,2019-07-16 19:00:00,0,
TBW014,2019-07-16 20:00:00,0,
TBW014,2019-07-16 21:00:00,0,
TBW014,2019-07-16 22:00:00,0,
TBW014,2019-07-16 23:00:00,0,
TBW014,2019-07-17 00:00:00,0,
TBW014,2019-07-17 01:00:00,0,
TBW014,2019-07-17 02:00:00,0,
TBW014,2019-07-17 03:00:00,0,
TBW014,2019-07-17 04:00:00,0,
TBW014,2019-07-17 05:00:00,0,
TBW014,2019-07-17 06:00:00,0,
TBW014,2019-07-17 07:00:00,0,
TBW014,2019-07-17 08:00:00,0,
TBW014,2019-07-17 09:00:00,0,
TBW014,2019-07-17 10:00:00,0,
TBW014,2019-07-17 11:00:00,0,
TBW014,2019-07-17 12:00:00,0,
TBW014,2019-07-17 13:00:00,0,
TBW014,2019-07-17 14:00:00,0,
TBW014,2019-07-17 15:00:00,0,
TBW014,2019-07-17 16:00:00,0,
TBW014,2019-07-17 17:00:00,0,
TBW014,2019-07-17 18:00:00,0,
TBW014,2019-07-17 19:00:00,0,
TBW014,2019-07-17 20:00:00,0,
TBW014,2019-07-17 21:00:00,0,
TBW014,2019-07-17 22:00:00,0,
TBW014,2019-07-17 23:00:00,0,
TBW014,2019-07-18 00:00:00,0,
TBW014,2019-07-18 01:00:00,0,
TBW014,2019-07-18 02:00:00,0,
TBW014,2019-07-18 03:00:00,0,
TBW014,2019-07-18 04:00:00,0,
TBW014,2019-07-18 05:00:00,0,
TBW014,2019-07-18 06:00:00,0,
TBW014,2019-07-18 07:00:00,0,
TBW014,2019-07-18 08:00:00,0,
TBW014,2019-07-18 09:00:00,0,
TBW014,2019-07-18 10:00:00,0,
TBW014,2019-07-18 11:00:00,0,
TBW014,2019-07-18 12:00:00,0,
TBW014,2019-07-18 13:00:00,0,
TBW014,2019-07-18 14:00:00,0,
TBW014,2019-07-18 15:00:00,0,
TBW014,2019-07-18 16:00:00,0,
TBW014,2019-07-18 17:00:00,0,
TBW014,2019-07-18 18:00:00,0,
TBW014,2019-07-18 19:00:00,0,
TBW014,2019-07-18 20:00:00,0,
TBW014,2019-07-18 21:00:00,0,
TBW014,2019-07-18 22:00:00,0,
TBW014,2019-07-18 23:00:00,0,
TBW014,2019-07-19 00:00:00,0,
TBW014,2019-07-19 01:00:00,0,
TBW014,2019-07-19 02:00:00,0,
TBW014,2019-07-19 03:00:00,0,
TBW014,2019-07-19 04:00:00,0,
TBW014,2019-07-19 05:00:00,0,
TBW014,2019-07-19 06:00:00,0,
TBW014,2019-07-19 07:00:00,0,
TBW014,2019-07-19 08:00:00,0,
TBW014,2019-07-19 09:00:00,0,
TBW014,2019-07-19 10:00:00,0,
TBW014,2019-07-19 11:00:00,0,
TBW014,2019-07-19 12:00:00,0,
TBW014,2019-07-19 13:00:00,0,
TBW014,2019-07-19 14:00:00,0,
TBW014,2019-07-19 15:00:00,0,
TBW014,2019-07-19 16:00:00,0,
TBW014,2019-07-19 17:00:00,0,
TBW014,2019-07-19 18:00:00,0,
TBW014,2019-07-19 19:00:00,0,
TBW014,2019-07-19 20:00:00,0,
TBW014,2019-07-19 21:00:00,0,
TBW014,2019-07-19 22:00:00,0,
TBW014,2019-07-19 23:00:00,0,
TBW014,2019-07-20 00:00:00,0,
TBW014,2019-07-20 01:00:00,0,
TBW014,2019-07-20 02:00:00,0,
TBW014,2019-07-20 03:00:00,0,
TBW014,2019-07-20 04:00:00,0,
TBW014,2019-07-20 05:00:00,0,
TBW014,2019-07-20 06:00:00,0,
TBW014,2019-07-20 07:00:00,0,
TBW014,2019-07-20 08:00:00,0,
TBW014,2019-07-20 09:00:00,0,
TBW014,2019-07-20 10:00:00,0,
TBW014,2019-07-20 11:00:00,0,
TBW014,2019-07-20 12:00:00,0,
TBW014,2019-07-20 13:00:00,0,
TBW014,2019-07-20 14:00:00,0,
TBW014,2019-07-20 15:00:00,0,
TBW014,2019-07-20 16:00:00,0,
TBW014,2019-07-20 17:00:00,0,
TBW014,2019-07-20 18:00:00,0,
TBW014,2019-07-20 19:00:00,0,
TBW014,2019-07-20 20:00:00,0,
TBW014,2019-07-20 21:00:00,0,
TBW014,2019-07-20 22:00:00,0,
TBW014,2019-07-20 23:00:00,0,
TBW014,2019-07-21 00:00:00,0,
TBW014,2019-07-21 01:00:00,0,
TBW014,2019-07-21 02:00:00,0,
TBW014,2019-07-21 03:00:00,0,
TBW014,2019-07-21 04:00:00,0,
TBW014,2019-07-21 05:00:00,0,
TBW014,2019-07-21 06:00:00,0,
TBW014,2019-07-21 07:00:00,0,
TBW014,2019-07-21 08:00:00,0,
TBW014,2019-07-21 09:00:00,0,
TBW014,2019-07-21 10:00:00,0,
TBW014,2019-07-21 11:00:00,0,
TBW014,2019-07-21 12:00:00,0,
TBW014,2019-07-21 13:00:00,0,
TBW014,2019-07-21 14:00:00,0,
TBW014,2019-07-21 15:00:00,0,
TBW014,2019-07-21 16:00:00,0,
TBW014,2019-07-21 17:00:00,0,
TBW014,2019-07-21 18:00:00,0,
TBW014,2019-07-21 19:00:00,0,
TBW014,2019-07-21 20:00:00,0,
TBW014,2019-07-21 21:00:00,0,
TBW014,2019-07-21 22:00:00,0,
TBW014,2019-07-21 23:00:00,0,
TBW014,2019-07-22 00:00:00,0,
TBW014,2019-07-22 01:00:00,0,
TBW014,2019-07-22 02:00:00,0,
TBW014,2019-07-22 03:00:00,0,
TBW014,2019-07-22 04:00:00,0,
TBW014,2019-07-22 05:00:00,0,
TBW014,2019-07-22 06:00:00,0,
TBW014,2019-07-22 07:00:00,0,
TBW014,2019-07-22 08:00:00,0,
TBW014,2019-07-22 09:00:00,0,
TBW014,2019-07-22 10:00:00,0,
TBW014,2019-07-22 11:00:00,0,
TBW014,2019-07-22 12:00:00,0,
TBW014,2019-07-22 13:00:00,0,
TBW014,2019-07-22 14:00:00,0,
TBW014,2019-07-22 15:00:00,0,
TBW014,2019-07-22 16:00:00,0,
TBW014,2019-07-22 17:00:00,0,
TBW014,2019-07-22 18:00:00,0,
TBW014,2019-07-22 19:00:00,0,
TBW014,2019-07-22 20:00:00,0,
TBW014,2019-07-22 21:00:00,0,
TBW014,2019-07-22 22:00:00,0,
TBW014,2019-07-22 23:00:00,0,
TBW014,2019-07-23 00:00:00,0,
TBW014,2019-07-23 01:00:00,0,
TBW014,2019-07-23 02:00:00,0.8,
TBW014,2019-07-23 03:00:00,0.6,
TBW014,2019-07-23 04:00:00,0,
TBW014,2019-07-23 05:00:00,0,
TBW014,2019-07-23 06:00:00,0,
TBW014,2019-07-23 07:00:00,0.2,
TBW014,2019-07-23 08:00:00,0,
TBW014,2019-07-23 09:00:00,0,
TBW014,2019-07-23 10:00:00,0,
TBW014,2019-07-23 11:00:00,0,
TBW014,2019-07-23 12:00:00,0,
TBW014,2019-07-23 13:00:00,0,
TBW014,2019-07-23 14:00:00,0,
TBW014,2019-07-23 15:00:00,0,
TBW014,2019-07-23 16:00:00,0,
TBW014,2019-07-23 17:00:00,0,
TBW014,2019-07-23 18:00:00,0,
TBW014,2019-07-23 19:00:00,0,
TBW014,2019-07-23 20:00:00,0,
TBW014,2019-07-23 21:00:00,0,
TBW014,2019-07-23 22:00:00,0,
TBW014,2019-07-23 23:00:00,0,
TBW014,2019-07-24 00:00:00,0,
TBW014,2019-07-24 01:00:00,0,
TBW014,2019-07-24 02:00:00,0,
TBW014,2019-07-24 03:00:00,0,
TBW014,2019-07-24 04:00:00,0,
TBW014,2019-07-24 05:00:00,0,
TBW014,2019-07-24 06:00:00,0,
TBW014,2019-07-24 07:00:00,0,
TBW014,2019-07-24 08:00:00,0,
TBW014,2019-07-24 09:00:00,0,
TBW014,2019-07-24 10:00:00,0,
TBW014,2019-07-24 11:00:00,0,
TBW014,2019-07-24 12:00:00,0,
TBW014,2019-07-24 13:00:00,0,
TBW014,2019-07-24 14:00:00,0,
TBW014,2019-07-24 15:00:00,0,
TBW014,2019-07-24 16:00:00,0,
TBW014,2019-07-24 17:00:00,0,
TBW014,2019-07-24 18:00:00,0,
TBW014,2019-07-24 19:00:00,0,
TBW014,2019-07-24 20:00:00,0,
TBW014,2019-07-24 21:00:00,0,
TBW014,2019-07-24 22:00:00,0,
TBW014,2019-07-24 23:00:00,0,
TBW014,2019-07-25 00:00:00,0,
TBW014,2019-07-25 01:00:00,0,
TBW014,2019-07-25 02:00:00,0,
TBW014,2019-07-25 03:00:00,0,
TBW014,2019-07-25 04:00:00,0,
TBW014,2019-07-25 05:00:00,0,
TBW014,2019-07-25 06:00:00,0,
TBW014,2019-07-25 07:00:00,0,
TBW014,2019-07-25 08:00:00,0,
TBW014,2019-07-25 09:00:00,0,
TBW014,2019-07-25 10:00:00,0,
TBW014,2019-07-25 11:00:00,0,
TBW014,2019-07-25 12:00:00,0,
TBW014,2019-07-25 13:00:00,0,
TBW014,2019-07-25 14:00:00,0,
TBW014,2019-07-25 15:00:00,0,
TBW014,2019-07-25 16:00:00,0,
TBW014,2019-07-25 17:00:00,0,
TBW014,2019-07-25 18:00:00,1.4,
TBW014,2019-07-25 19:00:00,0,
TBW014,2019-07-25 20:00:00,0,
TBW014,2019-07-25 21:00:00,0,
TBW014,2019-07-25 22:00:00,0,
TBW014,2019-07-25 23:00:00,0,
TBW014,2019-07-26 00:00:00,0.8,
TBW014,2019-07-26 01:00:00,0.4,
TBW014,2019-07-26 02:00:00,0.6,
TBW014,2019-07-26 03:00:00,0.6,
TBW014,2019-07-26 04:00:00,0.2,
TBW014,2019-07-26 05:00:00,0,
TBW014,2019-07-26 06:00:00,0,
TBW014,2019-07-26 07:00:00,0.2,
TBW014,2019-07-26 08:00:00,0.2,
TBW014,2019-07-26 09:00:00,0,
TBW014,2019-07-26 10:00:00,0,
TBW014,2019-07-26 11:00:00,0,
TBW014,2019-07-26 12:00:00,0,
TBW014,2019-07-26 13:00:00,0,
TBW014,2019-07-26 14:00:00,0,
TBW014,2019-07-26 15:00:00,0.2,
TBW014,2019-07-26 16:00:00,0,
TBW014,2019-07-26 17:00:00,0,
TBW014,2019-07-26 18:00:00,0,
TBW014,2019-07-26 19:00:00,0,
TBW014,2019-07-26 20:00:00,0,
TBW014,2019-07-26 21:00:00,0,
TBW014,2019-07-26 22:00:00,0,
TBW014,2019-07-26 23:00:00,0,
TBW014,2019-07-27 00:00:00,0,
TBW014,2019-07-27 01:00:00,0,
TBW014,2019-07-27 02:00:00,0,
TBW014,2019-07-27 03:00:00,0,
TBW014,2019-07-27 04:00:00,0,
TBW014,2019-07-27 05:00:00,0,
TBW014,2019-07-27 06:00:00,0,
TBW014,2019-07-27 07:00:00,0,
TBW014,2019-07-27 08:00:00,0,
TBW014,2019-07-27 09:00:00,0,
TBW014,2019-07-27 10:00:00,0,
TBW014,2019-07-27 11:00:00,0,
TBW014,2019-07-27 12:00:00,0,
TBW014,2019-07-27 13:00:00,0,
TBW014,2019-07-27 14:00:00,0,
TBW014,2019-07-27 15:00:00,0,
TBW014,2019-07-27 16:00:00,0,
TBW014,2019-07-27 17:00:00,0,
TBW014,2019-07-27 18:00:00,0,
TBW014,2019-07-27 19:00:00,0,
TBW014,2019-07-27 20:00:00,0,
TBW014,2019-07-27 21:00:00,0,
TBW014,2019-07-27 22:00:00,0,
TBW014,2019-07-27 23:00:00,0,
TBW014,2019-07-28 00:00:00,0,
TBW014,2019-07-28 01:00:00,0,
TBW014,2019-07-28 02:00:00,0,
TBW014,2019-07-28 03:00:00,0,
TBW014,2019-07-28 04:00:00,0,
TBW014,2019-07-28 05:00:00,0,
TBW014,2019-07-28 06:00:00,0,
TBW014,2019-07-28 07:00:00,0,
TBW014,2019-07-28 08:00:00,0,
TBW014,2019-07-28 09:00:00,0,
TBW014,2019-07-28 10:00:00,0,
TBW014,2019-07-28 11:00:00,0,
TBW014,2019-07-28 12:00:00,0,
TBW014,2019-07-28 13:00:00,0,
TBW014,2019-07-28 14:00:00,0,
TBW014,2019-07-28 15:00:00,0,
TBW014,2019-07-28 16:00:00,0,
TBW014,2019-07-28 17:00:00,0,
TBW014,2019-07-28 18:00:00,0,
TBW014,2019-07-28 19:00:00,0,
TBW014,2019-07-28 20:00:00,0,
TBW014,2019-07-28 21:00:00,0,
TBW014,2019-07-28 22:00:00,0,
TBW014,2019-07-28 23:00:00,0,
TBW014,2019-07-29 00:00:00,0,
TBW014,2019-07-29 01:00:00,0,
TBW014,2019-07-29 02:00:00,0,
TBW014,2019-07-29 03:00:00,0,
TBW014,2019-07-29 04:00:00,0,
TBW014,2019-07-29 05:00:00,0,
TBW014,2019-07-29 06:00:00,0,
TBW014,2019-07-29 07:00:00,0,
TBW014,2019-07-29 08:00:00,0,
TBW014,2019-07-29 09:00:00,0,
TBW014,2019-07-29 10:00:00,0,
TBW014,2019-07-29 11:00:00,0,
TBW014,2019-07-29 12:00:00,0,
TBW014,2019-07-29 13:00:00,0,
TBW014,2019-07-29 14:00:00,0,
TBW014,2019-07-29 15:00:00,0,
TBW014,2019-07-29 16:00:00,4,
TBW014,2019-07-29 17:00:00,0.2,
TBW014,2019-07-29 18:00:00,0,
TBW014,2019-07-29 19:00:00,0,
TBW014,2019-07-29 20:00:00,0.2,
TBW014,2019-07-29 21:00:00,0,
TBW014,2019-07-29 22:00:00,0,
TBW014,2019-07-29 23:00:00,0,
TBW014,2019-07-30 00:00:00,0,
TBW014,2019-07-30 01:00:00,0,
TBW014,2019-07-30 02:00:00,0,
TBW014,2019-07-30 03:00:00,0,
TBW014,2019-07-30 04:00:00,0,
TBW014,2019-07-30 05:00:00,0,
TBW014,2019-07-30 06:00:00,0,
TBW014,2019-07-30 07:00:00,0,
TBW014,2019-07-30 08:00:00,0,
TBW014,2019-07-30 09:00:00,0,
TBW014,2019-07-30 10:00:00,0,
TBW014,2019-07-30 11:00:00,0,
TBW014,2019-07-30 12:00:00,0,
TBW014,2019-07-30 13:00:00,0,
TBW014,2019-07-30 14:00:00,0,
TBW014,2019-07-30 15:00:00,0,
TBW014,2019-07-30 16:00:00,0,
TBW014,2019-07-30 17:00:00,0,
TBW014,2019-07-30 18:00:00,0,
TBW014,2019-07-30 19:00:00,0,
TBW014,2019-07-30 20:00:00,0,
TBW014,2019-07-30 21:00:00,0.2,
TBW014,2019-07-30 22:00:00,0,
TBW014,2019-07-30 23:00:00,0,
TBW014,2019-07-31 00:00:00,0,
TBW014,2019-07-31 01:00:00,0,
TBW014,2019-07-31 02:00:00,0,
TBW014,2019-07-31 03:00:00,0,
TBW014,2019-07-31 04:00:00,0,
TBW014,2019-07-31 05:00:00,0,
TBW014,2019-07-31 06:00:00,0,
TBW014,2019-07-31 07:00:00,0,
TBW014,2019-07-31 08:00:00,0,
TBW014,2019-07-31 09:00:00,0,
TBW014,2019-07-31 10:00:00,0,
TBW014,2019-07-31 11:00:00,0,
TBW014,2019-07-31 12:00:00,0,
TBW014,2019-07-31 13:00:00,0,
TBW014,2019-07-31 14:00:00,0,
TBW014,2019-07-31 15:00:00,0,
TBW014,2019-07-31 16:00:00,0,
TBW014,2019-07-31 17:00:00,0,
TBW014,2019-07-31 18:00:00,0.2,
TBW014,2019-07-31 19:00:00,0.4,
TBW014,2019-07-31 20:00:00,0,
TBW014,2019-07-31 21:00:00,0,
TBW014,2019-07-31 22:00:00,0,
TBW014,2019-07-31 23:00:00,0,
NAN013,2019-07-01 00:00:00,0,
NAN013,2019-07-01 01:00:00,0,
NAN013,2019-07-01 02:00:00,0,
NAN013,2019-07-01 03:00:00,0,
NAN013,2019-07-01 04:00:00,0,
NAN013,2019-07-01 05:00:00,0,
NAN013,2019-07-01 06:00:00,0,
NAN013,2019-07-01 07:00:00,0,
NAN013,2019-07-01 08:00:00,0,
NAN013,2019-07-01 09:00:00,0,
NAN013,2019-07-01 10:00:00,0,
NAN013,2019-07-01 11:00:00,0,
NAN013,2019-07-01 12:00:00,0,
NAN013,2019-07-01 13:00:00,0,
NAN013,2019-07-01 14:00:00,0,
NAN013,2019-07-01 15:00:00,0,
NAN013,2019-07-01 16:00:00,0,
NAN013,2019-07-01 17:00:00,0,
NAN013,2019-07-01 18:00:00,0,
NAN013,2019-07-01 19:00:00,0,
NAN013,2019-07-01 20:00:00,0,
NAN013,2019-07-01 21:00:00,0,
NAN013,2019-07-01 22:00:00,0,
NAN013,2019-07-01 23:00:00,0,
NAN013,2019-07-02 00:00:00,0,
NAN013,2019-07-02 01:00:00,0,
NAN013,2019-07-02 02:00:00,0,
NAN013,2019-07-02 03:00:00,0,
NAN013,2019-07-02 04:00:00,0,
NAN013,2019-07-02 05:00:00,0,
NAN013,2019-07-02 06:00:00,0,
NAN013,2019-07-02 07:00:00,0.2,
NAN013,2019-07-02 08:00:00,0,
NAN013,2019-07-02 09:00:00,0,
NAN013,2019-07-02 10:00:00,0,
NAN013,2019-07-02 11:00:00,0,
NAN013,2019-07-02 12:00:00,-999,
NAN013,2019-07-02 13:00:00,0,
NAN013,2019-07-02 14:00:00,0,
NAN013,2019-07-02 15:00:00,0.2,
NAN013,2019-07-02 16:00:00,0.6,
NAN013,2019-07-02 17:00:00,2.2,
NAN013,2019-07-02 18:00:00,0.2,
NAN013,2019-07-02 19:00:00,1,
NAN013,2019-07-02 20:00:00,0,
NAN013,2019-07-02 21:00:00,0,
NAN013,2019-07-02 22:00:00,0,
NAN013,2019-07-02 23:00:00,0.2,
NAN013,2019-07-03 00:00:00,0,
NAN013,2019-07-03 01:00:00,0.2,
NAN013,2019-07-03 02:00:00,0.2,
NAN013,2019-07-03 03:00:00,0,
NAN013,2019-07-03 04:00:00,0,
NAN013,2019-07-03 05:00:00,0,
NAN013,2019-07-03 06:00:00,0,
NAN013,2019-07-03 07:00:00,0.2,
NAN013,2019-07-03 08:00:00,0,
NAN013,2019-07-03 09:00:00,1.6,
NAN013,2019-07-03 10:00:00,2.4,
NAN013,2019-07-03 11:00:00,4.4,
NAN013,2019-07-03 12:00:00,3.4,
NAN013,2019-07-03 13:00:00,0.8,
NAN013,2019-07-03 14:00:00,2.4,
NAN013,2019-07-03 15:00:00,1.6,
NAN013,2019-07-03 16:00:00,0,
NAN013,2019-07-03 17:00:00,0,
NAN013,2019-07-03 18:00:00,0,
NAN013,2019-07-03 19:00:00,0,
NAN013,2019-07-03 20:00:00,0,
NAN013,2019-07-03 21:00:00,0,
NAN013,2019-07-03 22:00:00,0,
NAN013,2019-07-03 23:00:00,0,
NAN013,2019-07-04 00:00:00,0,
NAN013,2019-07-04 01:00:00,0.2,
NAN013,2019-07-04 02:00:00,0.4,
NAN013,2019-07-04 03:00:00,0,
NAN013,2019-07-04 04:00:00,0.2,
NAN013,2019-07-04 05:00:00,0,
NAN013,2019-07-04 06:00:00,0,
NAN013,2019-07-04 07:00:00,0,
NAN013,2019-07-04 08:00:00,0,
NAN013,2019-07-04 09:00:00,0,
NAN013,2019-07-04 10:00:00,0.2,
NAN013,2019-07-04 11:00:00,0,
NAN013,2019-07-04 12:00:00,0,
NAN013,2019-07-04 13:00:00,-999,
NAN013,2019-07-04 14:00:00,0,
NAN013,2019-07-04 15:00:00,0,
NAN013,2019-07-04 16:00:00,0,
NAN013,2019-07-04 17:00:00,0,
NAN013,2019-07-04 18:00:00,0,
NAN013,2019-07-04 19:00:00,13.8,
NAN013,2019-07-04 20:00:00,1,
NAN013,2019-07-04 21:00:00,0,
NAN013,2019-07-04 22:00:00,0,
NAN013,2019-07-04 23:00:00,0,
NAN013,2019-07-05 00:00:00,0,
NAN013,2019-07-05 01:00:00,0,
NAN013,2019-07-05 02:00:00,0,
NAN013,2019-07-05 03:00:00,0,
NAN013,2019-07-05 04:00:00,0,
NAN013,2019-07-05 05:00:00,0,
NAN013,2019-07-05 06:00:00,0,
NAN013,2019-07-05 07:00:00,0,
NAN013,2019-07-05 08:00:00,0,
NAN013,2019-07-05 09:00:00,0.2,
NAN013,2019-07-05 10:00:00,0,
NAN013,2019-07-05 11:00:00,0,
NAN013,2019-07-05 12:00:00,0,
NAN013,2019-07-05 13:00:00,0,
NAN013,2019-07-05 14:00:00,0,
NAN013,2019-07-05 15:00:00,0,
NAN013,2019-07-05 16:00:00,0,
NAN013,2019-07-05 17:00:00,0,
NAN013,2019-07-05 18:00:00,0,
NAN013,2019-07-05 19:00:00,0,
NAN013,2019-07-05 20:00:00,3,
NAN013,2019-07-05 21:00:00,0,
NAN013,2019-07-05 22:00:00,0,
NAN013,2019-07-05 23:00:00,0,
NAN013,2019-07-06 00:00:00,0,
NAN013,2019-07-06 01:00:00,0,
NAN013,2019-07-06 02:00:00,0,
NAN013,2019-07-06 03:00:00,0,
NAN013,2019-07-06 04:00:00,0,
NAN013,2019-07-06 05:00:00,0,
NAN013,2019-07-06 06:00:00,6,
NAN013,2019-07-06 07:00:00,1,
NAN013,2019-07-06 08:00:00,0,
NAN013,2019-07-06 09:00:00,0,
NAN013,2019-07-06 10:00:00,0.6,
NAN013,2019-07-06 11:00:00,0.2,
NAN013,2019-07-06 12:00:00,0,
NAN013,2019-07-06 13:00:00,0,
NAN013,2019-07-06 14:00:00,-999,
NAN013,2019-07-06 15:00:00,-999,
NAN013,2019-07-06 16:00:00,-999,
NAN013,2019-07-06 17:00:00,0,
NAN013,2019-07-06 18:00:00,0,
NAN013,2019-07-06 19:00:00,0,
NAN013,2019-07-06 20:00:00,0,
NAN013,2019-07-06 21:00:00,0,
NAN013,2019-07-06 22:00:00,0,
NAN013,2019-07-06 23:00:00,0,
NAN013,2019-07-07 00:00:00,0,
NAN013,2019-07-07 01:00:00,0,
NAN013,2019-07-07 02:00:00,0,
NAN013,2019-07-07 03:00:00,0,
NAN013,2019-07-07 04:00:00,0,
NAN013,2019-07-07 05:00:00,0,
NAN013,2019-07-07 06:00:00,0,
NAN013,2019-07-07 07:00:00,0,
NAN013,2019-07-07 08:00:00,0,
NAN013,2019-07-07 09:00:00,0,
NAN013,2019-07-07 10:00:00,0,
NAN013,2019-07-07 11:00:00,-999,
NAN013,2019-07-07 12:00:00,-999,
NAN013,2019-07-07 13:00:00,0,
NAN013,2019-07-07 14:00:00,-999,
NAN013,2019-07-07 15:00:00,-999,
NAN013,2019-07-07 16:00:00,0,
NAN013,2019-07-07 17:00:00,0,
NAN013,2019-07-07 18:00:00,0,
NAN013,2019-07-07 19:00:00,0,
NAN013,2019-07-07 20:00:00,0,
NAN013,2019-07-07 21:00:00,0,
NAN013,2019-07-07 22:00:00,0,
NAN013,2019-07-07 23:00:00,0,
NAN013,2019-07-08 00:00:00,0,
NAN013,2019-07-08 01:00:00,0,
NAN013,2019-07-08 02:00:00,0,
NAN013,2019-07-08 03:00:00,0,
NAN013,2019-07-08 04:00:00,0,
NAN013,2019-07-08 05:00:00,0,
NAN013,2019-07-08 06:00:00,0,
NAN013,2019-07-08 07:00:00,0,
NAN013,2019-07-08 08:00:00,0,
NAN013,2019-07-08 09:00:00,0,
NAN013,2019-07-08 10:00:00,0,
NAN013,2019-07-08 11:00:00,0,
NAN013,2019-07-08 12:00:00,0,
NAN013,2019-07-08 13:00:00,0,
NAN013,2019-07-08 14:00:00,0,
NAN013,2019-07-08 15:00:00,-999,
NAN013,2019-07-08 16:00:00,0,
NAN013,2019-07-08 17:00:00,0,
NAN013,2019-07-08 18:00:00,1.2,
NAN013,2019-07-08 19:00:00,0.2,
NAN013,2019-07-08 20:00:00,0.2,
NAN013,2019-07-08 21:00:00,0,
NAN013,2019-07-08 22:00:00,0,
NAN013,2019-07-08 23:00:00,0,
NAN013,2019-07-09 00:00:00,0,
NAN013,2019-07-09 01:00:00,0,
NAN013,2019-07-09 02:00:00,0,
NAN013,2019-07-09 03:00:00,0,
NAN013,2019-07-09 04:00:00,0,
NAN013,2019-07-09 05:00:00,0,
NAN013,2019-07-09 06:00:00,0,
NAN013,2019-07-09 07:00:00,0,
NAN013,2019-07-09 08:00:00,0,
NAN013,2019-07-09 09:00:00,0,
NAN013,2019-07-09 10:00:00,0,
NAN013,2019-07-09 11:00:00,0,
NAN013,2019-07-09 12:00:00,0,
NAN013,2019-07-09 13:00:00,0,
NAN013,2019-07-09 14:00:00,0,
NAN013,2019-07-09 15:00:00,-999,
NAN013,2019-07-09 16:00:00,-999,
NAN013,2019-07-09 17:00:00,0,
NAN013,2019-07-09 18:00:00,0,
NAN013,2019-07-09 19:00:00,0,
NAN013,2019-07-09 20:00:00,0,
NAN013,2019-07-09 21:00:00,0,
NAN013,2019-07-09 22:00:00,0.2,
NAN013,2019-07-09 23:00:00,0,
NAN013,2019-07-10 00:00:00,0,
NAN013,2019-07-10 01:00:00,0,
NAN013,2019-07-10 02:00:00,0,
NAN013,2019-07-10 03:00:00,0,
NAN013,2019-07-10 04:00:00,0,
NAN013,2019-07-10 05:00:00,0,
NAN013,2019-07-10 06:00:00,0,
NAN013,2019-07-10 07:00:00,0,
NAN013,2019-07-10 08:00:00,0,
NAN013,2019-07-10 09:00:00,0,
NAN013,2019-07-10 10:00:00,0,
NAN013,2019-07-10 11:00:00,-999,
NAN013,2019-07-10 12:00:00,0,
NAN013,2019-07-10 13:00:00,0,
NAN013,2019-07-10 14:00:00,-999,
NAN013,2019-07-10 15:00:00,0,
NAN013,2019-07-10 16:00:00,0,
NAN013,2019-07-10 17:00:00,0,
NAN013,2019-07-10 18:00:00,0,
NAN013,2019-07-10 19:00:00,0,
NAN013,2019-07-10 20:00:00,0,
NAN013,2019-07-10 21:00:00,0,
NAN013,2019-07-10 22:00:00,0,
NAN013,2019-07-10 23:00:00,0,
NAN013,2019-07-11 00:00:00,0,
NAN013,2019-07-11 01:00:00,0,
NAN013,2019-07-11 02:00:00,0,
NAN013,2019-07-11 03:00:00,0,
NAN013,2019-07-11 04:00:00,0,
NAN013,2019-07-11 05:00:00,0,
NAN013,2019-07-11 06:00:00,0,
NAN013,2019-07-11 07:00:00,0,
NAN013,2019-07-11 08:00:00,0,
NAN013,2019-07-11 09:00:00,0,
NAN013,2019-07-11 10:00:00,0,
NAN013,2019-07-11 11:00:00,0,
NAN013,2019-07-11 12:00:00,0,
NAN013,2019-07-11 13:00:00,0,
NAN013,2019-07-11 14:00:00,-999,
NAN013,2019-07-11 15:00:00,-999,
NAN013,2019-07-11 16:00:00,-999,
NAN013,2019-07-11 17:00:00,0,
NAN013,2019-07-11 18:00:00,0,
NAN013,2019-07-11 19:00:00,0,
NAN013,2019-07-11 20:00:00,0,
NAN013,2019-07-11 21:00:00,0,
NAN013,2019-07-11 22:00:00,0,
NAN013,2019-07-11 23:00:00,0,
NAN013,2019-07-12 00:00:00,0,
NAN013,2019-07-12 01:00:00,0,
NAN013,2019-07-12 02:00:00,0,
NAN013,2019-07-12 03:00:00,0,
NAN013,2019-07-12 04:00:00,0,
NAN013,2019-07-12 05:00:00,0,
NAN013,2019-07-12 06:00:00,0,
NAN013,2019-07-12 07:00:00,0,
NAN013,2019-07-12 08:00:00,0,
NAN013,2019-07-12 09:00:00,0,
NAN013,2019-07-12 10:00:00,0,
NAN013,2019-07-12 11:00:00,0,
NAN013,2019-07-12 12:00:00,0,
NAN013,2019-07-12 13:00:00,0,
NAN013,2019-07-12 14:00:00,0,
NAN013,2019-07-12 15:00:00,-999,
NAN013,2019-07-12 16:00:00,-999,
NAN013,2019-07-12 17:00:00,0,
NAN013,2019-07-12 18:00:00,0,
NAN013,2019-07-12 19:00:00,0,
NAN013,2019-07-12 20:00:00,0,
NAN013,2019-07-12 21:00:00,0,
NAN013,2019-07-12 22:00:00,0,
NAN013,2019-07-12 23:00:00,0,
NAN013,2019-07-13 00:00:00,0,
NAN013,2019-07-13 01:00:00,0,
NAN013,2019-07-13 02:00:00,0,
NAN013,2019-07-13 03:00:00,0,
NAN013,2019-07-13 04:00:00,0,
NAN013,2019-07-13 05:00:00,0,
NAN013,2019-07-13 06:00:00,0,
NAN013,2019-07-13 07:00:00,0,
NAN013,2019-07-13 08:00:00,0,
NAN013,2019-07-13 09:00:00,0,
NAN013,2019-07-13 10:00:00,-999,
NAN013,2019-07-13 11:00:00,0,
NAN013,2019-07-13 12:00:00,0,
NAN013,2019-07-13 13:00:00,0,
NAN013,2019-07-13 14:00:00,-999,
NAN013,2019-07-13 15:00:00,-999,
NAN013,2019-07-13 16:00:00,0,
NAN013,2019-07-13 17:00:00,0,
NAN013,2019-07-13 18:00:00,0,
NAN013,2019-07-13 19:00:00,0,
NAN013,2019-07-13 20:00:00,0,
NAN013,2019-07-13 21:00:00,0,
NAN013,2019-07-13 22:00:00,0,
NAN013,2019-07-13 23:00:00,0,
NAN013,2019-07-14 00:00:00,0,
NAN013,2019-07-14 01:00:00,0,
NAN013,2019-07-14 02:00:00,0,
NAN013,2019-07-14 03:00:00,0,
NAN013,2019-07-14 04:00:00,0,
NAN013,2019-07-14 05:00:00,0,
NAN013,2019-07-14 06:00:00,0,
NAN013,2019-07-14 07:00:00,0,
NAN013,2019-07-14 08:00:00,0,
NAN013,2019-07-14 09:00:00,0,
NAN013,2019-07-14 10:00:00,0,
NAN013,2019-07-14 11:00:00,0,
NAN013,2019-07-14 12:00:00,0,
NAN013,2019-07-14 13:00:00,0,
NAN013,2019-07-14 14:00:00,0,
NAN013,2019-07-14 15:00:00,0,
NAN013,2019-07-14 16:00:00,0,
NAN013,2019-07-14 17:00:00,0,
NAN013,2019-07-14 18:00:00,0,
NAN013,2019-07-14 19:00:00,0,
NAN013,2019-07-14 20:00:00,0,
NAN013,2019-07-14 21:00:00,0,
NAN013,2019-07-14 22:00:00,0,
NAN013,2019-07-14 23:00:00,0,
NAN013,2019-07-15 00:00:00,0,
NAN013,2019-07-15 01:00:00,0,
NAN013,2019-07-15 02:00:00,0,
NAN013,2019-07-15 03:00:00,0,
NAN013,2019-07-15 04:00:00,0,
NAN013,2019-07-15 05:00:00,0,
NAN013,2019-07-15 06:00:00,0,
NAN013,2019-07-15 07:00:00,0,
NAN013,2019-07-15 08:00:00,0,
NAN013,2019-07-15 09:00:00,0,
NAN013,2019-07-15 10:00:00,0,
NAN013,2019-07-15 11:00:00,0,
NAN013,2019-07-15 12:00:00,0,
NAN013,2019-07-15 13:00:00,0,
NAN013,2019-07-15 14:00:00,0,
NAN013,2019-07-15 15:00:00,-999,
NAN013,2019-07-15 16:00:00,-999,
NAN013,2019-07-15 17:00:00,0,
NAN013,2019-07-15 18:00:00,0,
NAN013,2019-07-15 19:00:00,0,
NAN013,2019-07-15 20:00:00,0,
NAN013,2019-07-15 21:00:00,0,
NAN013,2019-07-15 22:00:00,0,
NAN013,2019-07-15 23:00:00,0,
NAN013,2019-07-16 00:00:00,0,
NAN013,2019-07-16 01:00:00,0,
NAN013,2019-07-16 02:00:00,0,
NAN013,2019-07-16 03:00:00,0,
NAN013,2019-07-16 04:00:00,0,
NAN013,2019-07-16 05:00:00,0,
NAN013,2019-07-16 06:00:00,0,
NAN013,2019-07-16 07:00:00,0,
NAN013,2019-07-16 08:00:00,0,
NAN013,2019-07-16 09:00:00,0,
NAN013,2019-07-16 10:00:00,0,
NAN013,2019-07-16 11:00:00,0,
NAN013,2019-07-16 12:00:00,0,
NAN013,2019-07-16 13:00:00,0,
NAN013,2019-07-16 14:00:00,-999,
NAN013,2019-07-16 15:00:00,-999,
NAN013,2019-07-16 16:00:00,-999,
NAN013,2019-07-16 17:00:00,0,
NAN013,2019-07-16 18:00:00,0,
NAN013,2019-07-16 19:00:00,0,
NAN013,2019-07-16 20:00:00,0,
NAN013,2019-07-16 21:00:00,0,
NAN013,2019-07-16 22:00:00,0,
NAN013,2019-07-16 23:00:00,0,
NAN013,2019-07-17 00:00:00,0,
NAN013,2019-07-17 01:00:00,0,
NAN013,2019-07-17 02:00:00,0,
NAN013,2019-07-17 03:00:00,0,
NAN013,2019-07-17 04:00:00,0,
NAN013,2019-07-17 05:00:00,0,
NAN013,2019-07-17 06:00:00,0,
NAN013,2019-07-17 07:00:00,0,
NAN013,2019-07-17 08:00:00,0,
NAN013,2019-07-17 09:00:00,0,
NAN013,2019-07-17 10:00:00,0,
NAN013,2019-07-17 11:00:00,0,
NAN013,2019-07-17 12:00:00,0,
NAN013,2019-07-17 13:00:00,0,
NAN013,2019-07-17 14:00:00,0,
NAN013,2019-07-17 15:00:00,0,
NAN013,2019-07-17 16:00:00,0,
NAN013,2019-07-17 17:00:00,0,
NAN013,2019-07-17 18:00:00,0,
NAN013,2019-07-17 19:00:00,0,
NAN013,2019-07-17 20:00:00,0,
NAN013,2019-07-17 21:00:00,0,
NAN013,2019-07-17 22:00:00,0,
NAN013,2019-07-17 23:00:00,0,
NAN013,2019-07-18 00:00:00,0,
NAN013,2019-07-18 01:00:00,0,
NAN013,2019-07-18 02:00:00,0,
NAN013,2019-07-18 03:00:00,0,
NAN013,2019-07-18 04:00:00,0,
NAN013,2019-07-18 05:00:00,0,
NAN013,2019-07-18 06:00:00,0,
NAN013,2019-07-18 07:00:00,0,
NAN013,2019-07-18 08:00:00,0,
NAN013,2019-07-18 09:00:00,0,
NAN013,2019-07-18 10:00:00,0,
NAN013,2019-07-18 11:00:00,0,
NAN013,2019-07-18 12:00:00,0,
NAN013,2019-07-18 13:00:00,0,
NAN013,2019-07-18 14:00:00,-999,
NAN013,2019-07-18 15:00:00,-999,
NAN013,2019-07-18 16:00:00,0,
NAN013,2019-07-18 17:00:00,0,
NAN013,2019-07-18 18:00:00,0,
NAN013,2019-07-18 19:00:00,0,
NAN013,2019-07-18 20:00:00,0,
NAN013,2019-07-18 21:00:00,0,
NAN013,2019-07-18 22:00:00,0,
NAN013,2019-07-18 23:00:00,0,
NAN013,2019-07-19 00:00:00,0,
NAN013,2019-07-19 01:00:00,0,
NAN013,2019-07-19 02:00:00,0,
NAN013,2019-07-19 03:00:00,0,
NAN013,2019-07-19 04:00:00,0,
NAN013,2019-07-19 05:00:00,0,
NAN013,2019-07-19 06:00:00,0,
NAN013,2019-07-19 07:00:00,0,
NAN013,2019-07-19 08:00:00,0,
NAN013,2019-07-19 09:00:00,0,
NAN013,2019-07-19 10:00:00,0,
NAN013,2019-07-19 11:00:00,0,
NAN013,2019-07-19 12:00:00,-999,
NAN013,2019-07-19 13:00:00,0,
NAN013,2019-07-19 14:00:00,-999,
NAN013,2019-07-19 15:00:00,-999,
NAN013,2019-07-19 16:00:00,-999,
NAN013,2019-07-19 17:00:00,0,
NAN013,2019-07-19 18:00:00,0,
NAN013,2019-07-19 19:00:00,0,
NAN013,2019-07-19 20:00:00,0,
NAN013,2019-07-19 21:00:00,0,
NAN013,2019-07-19 22:00:00,0,
NAN013,2019-07-19 23:00:00,0,
NAN013,2019-07-20 00:00:00,0,
NAN013,2019-07-20 01:00:00,0,
NAN013,2019-07-20 02:00:00,0,
NAN013,2019-07-20 03:00:00,0,
NAN013,2019-07-20 04:00:00,0,
NAN013,2019-07-20 05:00:00,0,
NAN013,2019-07-20 06:00:00,0,
NAN013,2019-07-20 07:00:00,0,
NAN013,2019-07-20 08:00:00,0,
NAN013,2019-07-20 09:00:00,0,
NAN013,2019-07-20 10:00:00,0,
NAN013,2019-07-20 11:00:00,0,
NAN013,2019-07-20 12:00:00,0,
NAN013,2019-07-20 13:00:00,0,
NAN013,2019-07-20 14:00:00,0,
NAN013,2019-07-20 15:00:00,0,
NAN013,2019-07-20 16:00:00,0,
NAN013,2019-07-20 17:00:00,-999,
NAN013,2019-07-20 18:00:00,0,
NAN013,2019-07-20 19:00:00,0,
NAN013,2019-07-20 20:00:00,0,
NAN013,2019-07-20 21:00:00,0,
NAN013,2019-07-20 22:00:00,0,
NAN013,2019-07-20 23:00:00,0,
NAN013,2019-07-21 00:00:00,0,
NAN013,2019-07-21 01:00:00,0,
NAN013,2019-07-21 02:00:00,0,
NAN013,2019-07-21 03:00:00,0,
NAN013,2019-07-21 04:00:00,0,
NAN013,2019-07-21 05:00:00,0,
NAN013,2019-07-21 06:00:00,0,
NAN013,2019-07-21 07:00:00,0,
NAN013,2019-07-21 08:00:00,0,
NAN013,2019-07-21 09:00:00,0,
NAN013,2019-07-21 10:00:00,0,
NAN013,2019-07-21 11:00:00,0,
NAN013,2019-07-21 12:00:00,0,
NAN013,2019-07-21 13:00:00,0,
NAN013,2019-07-21 14:00:00,0,
NAN013,2019-07-21 15:00:00,-999,
NAN013,2019-07-21 16:00:00,-999,
NAN013,2019-07-21 17:00:00,6,
NAN013,2019-07-21 18:00:00,9.2,
NAN013,2019-07-21 19:00:00,0,
NAN013,2019-07-21 20:00:00,0,
NAN013,2019-07-21 21:00:00,0.2,
NAN013,2019-07-21 22:00:00,0,
NAN013,2019-07-21 23:00:00,-999,
NAN013,2019-07-22 00:00:00,-999,
NAN013,2019-07-22 01:00:00,-999,
NAN013,2019-07-22 02:00:00,-999,
NAN013,2019-07-22 03:00:00,-999,
NAN013,2019-07-22 04:00:00,0,
NAN013,2019-07-22 05:00:00,0,
NAN013,2019-07-22 06:00:00,0,
NAN013,2019-07-22 07:00:00,0,
NAN013,2019-07-22 08:00:00,0,
NAN013,2019-07-22 09:00:00,0,
NAN013,2019-07-22 10:00:00,0,
NAN013,2019-07-22 11:00:00,0,
NAN013,2019-07-22 12:00:00,0,
NAN013,2019-07-22 13:00:00,0,
NAN013,2019-07-22 14:00:00,0,
NAN013,2019-07-22 15:00:00,0,
NAN013,2019-07-22 16:00:00,0,
NAN013,2019-07-22 17:00:00,0,
NAN013,2019-07-22 18:00:00,0,
NAN013,2019-07-22 19:00:00,0,
NAN013,2019-07-22 20:00:00,0,
NAN013,2019-07-22 21:00:00,0,
NAN013,2019-07-22 22:00:00,0,
NAN013,2019-07-22 23:00:00,0,
NAN013,2019-07-23 00:00:00,0,
NAN013,2019-07-23 01:00:00,-999,
NAN013,2019-07-23 02:00:00,-999,
NAN013,2019-07-23 03:00:00,-999,
NAN013,2019-07-23 04:00:00,-999,
NAN013,2019-07-23 05:00:00,-999,
NAN013,2019-07-23 06:00:00,0,
NAN013,2019-07-23 07:00:00,0,
NAN013,2019-07-23 08:00:00,0,
NAN013,2019-07-23 09:00:00,0,
NAN013,2019-07-23 10:00:00,0,
NAN013,2019-07-23 11:00:00,0,
NAN013,2019-07-23 12:00:00,0,
NAN013,2019-07-23 13:00:00,0,
NAN013,2019-07-23 14:00:00,0,
NAN013,2019-07-23 15:00:00,0,
NAN013,2019-07-23 16:00:00,0,
NAN013,2019-07-23 17:00:00,0,
NAN013,2019-07-23 18:00:00,0,
NAN013,2019-07-23 19:00:00,0,
NAN013,2019-07-23 20:00:00,0,
NAN013,2019-07-23 21:00:00,0,
NAN013,2019-07-23 22:00:00,0,
NAN013,2019-07-23 23:00:00,0,
NAN013,2019-07-24 00:00:00,0,
NAN013,2019-07-24 01:00:00,0,
NAN013,2019-07-24 02:00:00,0,
NAN013,2019-07-24 03:00:00,0,
NAN013,2019-07-24 04:00:00,0,
NAN013,2019-07-24 05:00:00,0,
NAN013,2019-07-24 06:00:00,0,
NAN013,2019-07-24 07:00:00,0,
NAN013,2019-07-24 08:00:00,0,
NAN013,2019-07-24 09:00:00,0,
NAN013,2019-07-24 10:00:00,1.2,
NAN013,2019-07-24 11:00:00,0,
NAN013,2019-07-24 12:00:00,0,
NAN013,2019-07-24 13:00:00,0,
NAN013,2019-07-24 14:00:00,0,
NAN013,2019-07-24 15:00:00,0,
NAN013,2019-07-24 16:00:00,0,
NAN013,2019-07-24 17:00:00,0,
NAN013,2019-07-24 18:00:00,0,
NAN013,2019-07-24 19:00:00,0,
NAN013,2019-07-24 20:00:00,0,
NAN013,2019-07-24 21:00:00,0,
NAN013,2019-07-24 22:00:00,0,
NAN013,2019-07-24 23:00:00,0,
NAN013,2019-07-25 00:00:00,0,
NAN013,2019-07-25 01:00:00,0.2,
NAN013,2019-07-25 02:00:00,0,
NAN013,2019-07-25 03:00:00,0,
NAN013,2019-07-25 04:00:00,2.4,
NAN013,2019-07-25 05:00:00,0,
NAN013,2019-07-25 06:00:00,0,
NAN013,2019-07-25 07:00:00,0.2,
NAN013,2019-07-25 08:00:00,0,
NAN013,2019-07-25 09:00:00,0,
NAN013,2019-07-25 10:00:00,0,
NAN013,2019-07-25 11:00:00,0,
NAN013,2019-07-25 12:00:00,0,
NAN013,2019-07-25 13:00:00,0,
NAN013,2019-07-25 14:00:00,0,
NAN013,2019-07-25 15:00:00,0,
NAN013,2019-07-25 16:00:00,0.6,
NAN013,2019-07-25 17:00:00,0.2,
NAN013,2019-07-25 18:00:00,0.2,
NAN013,2019-07-25 19:00:00,0,
NAN013,2019-07-25 20:00:00,0,
NAN013,2019-07-25 21:00:00,1.4,
NAN013,2019-07-25 22:00:00,0,
NAN013,2019-07-25 23:00:00,0.2,
NAN013,2019-07-26 00:00:00,0,
NAN013,2019-07-26 01:00:00,0,
NAN013,2019-07-26 02:00:00,0,
NAN013,2019-07-26 03:00:00,0,
NAN013,2019-07-26 04:00:00,0,
NAN013,2019-07-26 05:00:00,0,
NAN013,2019-07-26 06:00:00,0,
NAN013,2019-07-26 07:00:00,0,
NAN013,2019-07-26 08:00:00,0,
NAN013,2019-07-26 09:00:00,0,
NAN013,2019-07-26 10:00:00,0,
NAN013,2019-07-26 11:00:00,0,
NAN013,2019-07-26 12:00:00,0,
NAN013,2019-07-26 13:00:00,0,
NAN013,2019-07-26 14:00:00,0,
NAN013,2019-07-26 15:00:00,0,
NAN013,2019-07-26 16:00:00,0,
NAN013,2019-07-26 17:00:00,0,
NAN013,2019-07-26 18:00:00,0,
NAN013,2019-07-26 19:00:00,0,
NAN013,2019-07-26 20:00:00,0,
NAN013,2019-07-26 21:00:00,0,
NAN013,2019-07-26 22:00:00,0,
NAN013,2019-07-26 23:00:00,0,
NAN013,2019-07-27 00:00:00,0,
NAN013,2019-07-27 01:00:00,0,
NAN013,2019-07-27 02:00:00,0,
NAN013,2019-07-27 03:00:00,0,
NAN013,2019-07-27 04:00:00,0,
NAN013,2019-07-27 05:00:00,0.4,
NAN013,2019-07-27 06:00:00,4.6,
NAN013,2019-07-27 07:00:00,0.2,
NAN013,2019-07-27 08:00:00,0,
NAN013,2019-07-27 09:00:00,0,
NAN013,2019-07-27 10:00:00,0,
NAN013,2019-07-27 11:00:00,0,
NAN013,2019-07-27 12:00:00,0,
NAN013,2019-07-27 13:00:00,0,
NAN013,2019-07-27 14:00:00,0,
NAN013,2019-07-27 15:00:00,0,
NAN013,2019-07-27 16:00:00,0,
NAN013,2019-07-27 17:00:00,0,
NAN013,2019-07-27 18:00:00,0,
NAN013,2019-07-27 19:00:00,0,
NAN013,2019-07-27 20:00:00,0,
NAN013,2019-07-27 21:00:00,0,
NAN013,2019-07-27 22:00:00,0,
NAN013,2019-07-27 23:00:00,0,
NAN013,2019-07-28 00:00:00,0,
NAN013,2019-07-28 01:00:00,0,
NAN013,2019-07-28 02:00:00,0,
NAN013,2019-07-28 03:00:00,0,
NAN013,2019-07-28 04:00:00,0,
NAN013,2019-07-28 05:00:00,0,
NAN013,2019-07-28 06:00:00,0,
NAN013,2019-07-28 07:00:00,0,
NAN013,2019-07-28 08:00:00,0,
NAN013,2019-07-28 09:00:00,0,
NAN013,2019-07-28 10:00:00,0,
NAN013,2019-07-28 11:00:00,0,
NAN013,2019-07-28 12:00:00,0,
NAN013,2019-07-28 13:00:00,0,
NAN013,2019-07-28 14:00:00,0,
NAN013,2019-07-28 15:00:00,0,
NAN013,2019-07-28 16:00:00,0,
NAN013,2019-07-28 17:00:00,0,
NAN013,2019-07-28 18:00:00,0,
NAN013,2019-07-28 19:00:00,0,
NAN013,2019-07-28 20:00:00,0,
NAN013,2019-07-28 21:00:00,0,
NAN013,2019-07-28 22:00:00,0,
NAN013,2019-07-28 23:00:00,0,
NAN013,2019-07-29 00:00:00,0,
NAN013,2019-07-29 01:00:00,0,
NAN013,2019-07-29 02:00:00,0,
NAN013,2019-07-29 03:00:00,0,
NAN013,2019-07-29 04:00:00,0,
NAN013,2019-07-29 05:00:00,0,
NAN013,2019-07-29 06:00:00,0,
NAN013,2019-07-29 07:00:00,0,
NAN013,2019-07-29 08:00:00,0,
NAN013,2019-07-29 09:00:00,0,
NAN013,2019-07-29 10:00:00,0,
NAN013,2019-07-29 11:00:00,0,
NAN013,2019-07-29 12:00:00,0,
NAN013,2019-07-29 13:00:00,0,
NAN013,2019-07-29 14:00:00,0,
NAN013,2019-07-29 15:00:00,0,
NAN013,2019-07-29 16:00:00,0,
NAN013,2019-07-29 17:00:00,0,
NAN013,2019-07-29 18:00:00,0,
NAN013,2019-07-29 19:00:00,0,
NAN013,2019-07-29 20:00:00,3,
NAN013,2019-07-29 21:00:00,0.8,
NAN013,2019-07-29 22:00:00,0,
NAN013,2019-07-29 23:00:00,0,
NAN013,2019-07-30 00:00:00,0,
NAN013,2019-07-30 01:00:00,0,
NAN013,2019-07-30 02:00:00,0,
NAN013,2019-07-30 03:00:00,0,
NAN013,2019-07-30 04:00:00,0,
NAN013,2019-07-30 05:00:00,0,
NAN013,2019-07-30 06:00:00,0,
NAN013,2019-07-30 07:00:00,0,
NAN013,2019-07-30 08:00:00,0,
NAN013,2019-07-30 09:00:00,0,
NAN013,2019-07-30 10:00:00,0,
NAN013,2019-07-30 11:00:00,0,
NAN013,2019-07-30 12:00:00,0,
NAN013,2019-07-30 13:00:00,0,
NAN013,2019-07-30 14:00:00,0,
NAN013,2019-07-30 15:00:00,0,
NAN013,2019-07-30 16:00:00,0,
NAN013,2019-07-30 17:00:00,0,
NAN013,2019-07-30 18:00:00,0,
NAN013,2019-07-30 19:00:00,0,
NAN013,2019-07-30 20:00:00,0,
NAN013,2019-07-30 21:00:00,0,
NAN013,2019-07-30 22:00:00,0,
NAN013,2019-07-30 23:00:00,0,
NAN013,2019-07-31 00:00:00,0,
NAN013,2019-07-31 01:00:00,0.2,
NAN013,2019-07-31 02:00:00,0.2,
NAN013,2019-07-31 03:00:00,0,
NAN013,2019-07-31 04:00:00,0,
NAN013,2019-07-31 05:00:00,0,
NAN013,2019-07-31 06:00:00,0,
NAN013,2019-07-31 07:00:00,0,
NAN013,2019-07-31 08:00:00,0,
NAN013,2019-07-31 09:00:00,0,
NAN013,2019-07-31 10:00:00,0,
NAN013,2019-07-31 11:00:00,0,
NAN013,2019-07-31 12:00:00,0,
NAN013,2019-07-31 13:00:00,0,
NAN013,2019-07-31 14:00:00,0,
NAN013,2019-07-31 15:00:00,0,
NAN013,2019-07-31 16:00:00,0,
NAN013,2019-07-31 17:00:00,0,
NAN013,2019-07-31 18:00:00,0,
NAN013,2019-07-31 19:00:00,0,
NAN013,2019-07-31 20:00:00,0,
NAN013,2019-07-31 21:00:00,0,
NAN013,2019-07-31 22:00:00,0,
NAN013,2019-07-31 23:00:00,5,
WTBT,2019-07-01 00:00:00,0.2,
WTBT,2019-07-01 01:00:00,0,
WTBT,2019-07-01 02:00:00,0,
WTBT,2019-07-01 03:00:00,0,
WTBT,2019-07-01 04:00:00,0,
WTBT,2019-07-01 05:00:00,0,
WTBT,2019-07-01 06:00:00,0,
WTBT,2019-07-01 07:00:00,0,
WTBT,2019-07-01 08:00:00,0,
WTBT,2019-07-01 09:00:00,0,
WTBT,2019-07-01 10:00:00,0,
WTBT,2019-07-01 11:00:00,0,
WTBT,2019-07-01 12:00:00,-999,
WTBT,2019-07-01 13:00:00,0,
WTBT,2019-07-01 14:00:00,0,
WTBT,2019-07-01 15:00:00,0,
WTBT,2019-07-01 16:00:00,0,
WTBT,2019-07-01 17:00:00,0,
WTBT,2019-07-01 18:00:00,0,
WTBT,2019-07-01 19:00:00,0,
WTBT,2019-07-01 20:00:00,0,
WTBT,2019-07-01 21:00:00,0,
WTBT,2019-07-01 22:00:00,0,
WTBT,2019-07-01 23:00:00,0,
WTBT,2019-07-02 00:00:00,0,
WTBT,2019-07-02 01:00:00,0,
WTBT,2019-07-02 02:00:00,0,
WTBT,2019-07-02 03:00:00,0,
WTBT,2019-07-02 04:00:00,0,
WTBT,2019-07-02 05:00:00,0,
WTBT,2019-07-02 06:00:00,0,
WTBT,2019-07-02 07:00:00,0,
WTBT,2019-07-02 08:00:00,0,
WTBT,2019-07-02 09:00:00,0,
WTBT,2019-07-02 10:00:00,0,
WTBT,2019-07-02 11:00:00,0,
WTBT,2019-07-02 12:00:00,0,
WTBT,2019-07-02 13:00:00,0,
WTBT,2019-07-02 14:00:00,0,
WTBT,2019-07-02 15:00:00,0,
WTBT,2019-07-02 16:00:00,0,
WTBT,2019-07-02 17:00:00,0,
WTBT,2019-07-02 18:00:00,0,
WTBT,2019-07-02 19:00:00,0,
WTBT,2019-07-02 20:00:00,0,
WTBT,2019-07-02 21:00:00,0,
WTBT,2019-07-02 22:00:00,0,
WTBT,2019-07-02 23:00:00,0,
WTBT,2019-07-03 00:00:00,0,
WTBT,2019-07-03 01:00:00,0,
WTBT,2019-07-03 02:00:00,0,
WTBT,2019-07-03 03:00:00,0,
WTBT,2019-07-03 04:00:00,0,
WTBT,2019-07-03 05:00:00,0,
WTBT,2019-07-03 06:00:00,0,
WTBT,2019-07-03 07:00:00,0,
WTBT,2019-07-03 08:00:00,0,
WTBT,2019-07-03 09:00:00,0,
WTBT,2019-07-03 10:00:00,0,
WTBT,2019-07-03 11:00:00,0,
WTBT,2019-07-03 12:00:00,0,
WTBT,2019-07-03 13:00:00,0,
WTBT,2019-07-03 14:00:00,0,
WTBT,2019-07-03 15:00:00,0.2,
WTBT,2019-07-03 16:00:00,0,
WTBT,2019-07-03 17:00:00,0.2,
WTBT,2019-07-03 18:00:00,1.8,
WTBT,2019-07-03 19:00:00,23.4,
WTBT,2019-07-03 20:00:00,8.4,
WTBT,2019-07-03 21:00:00,1,
WTBT,2019-07-03 22:00:00,0,
WTBT,2019-07-03 23:00:00,0,
WTBT,2019-07-04 00:00:00,0,
WTBT,2019-07-04 01:00:00,0.2,
WTBT,2019-07-04 02:00:00,0,
WTBT,2019-07-04 03:00:00,0.2,
WTBT,2019-07-04 04:00:00,0,
WTBT,2019-07-04 05:00:00,0,
WTBT,2019-07-04 06:00:00,0,
WTBT,2019-07-04 07:00:00,0,
WTBT,2019-07-04 08:00:00,0,
WTBT,2019-07-04 09:00:00,0,
WTBT,2019-07-04 10:00:00,0,
WTBT,2019-07-04 11:00:00,0,
WTBT,2019-07-04 12:00:00,-999,
WTBT,2019-07-04 13:00:00,0,
WTBT,2019-07-04 14:00:00,0,
WTBT,2019-07-04 15:00:00,0,
WTBT,2019-07-04 16:00:00,0,
WTBT,2019-07-04 17:00:00,0,
WTBT,2019-07-04 18:00:00,0,
WTBT,2019-07-04 19:00:00,0,
WTBT,2019-07-04 20:00:00,0,
WTBT,2019-07-04 21:00:00,0,
WTBT,2019-07-04 22:00:00,0,
WTBT,2019-07-04 23:00:00,0,
WTBT,2019-07-05 00:00:00,0,
WTBT,2019-07-05 01:00:00,0,
WTBT,2019-07-05 02:00:00,0,
WTBT,2019-07-05 03:00:00,0,
WTBT,2019-07-05 04:00:00,0,
WTBT,2019-07-05 05:00:00,0,
WTBT,2019-07-05 06:00:00,0,
WTBT,2019-07-05 07:00:00,0,
WTBT,2019-07-05 08:00:00,0,
WTBT,2019-07-05 09:00:00,0,
WTBT,2019-07-05 10:00:00,0,
WTBT,2019-07-05 11:00:00,-999,
WTBT,2019-07-05 12:00:00,-999,
WTBT,2019-07-05 13:00:00,-999,
WTBT,2019-07-05 14:00:00,-999,
WTBT,2019-07-05 15:00:00,-999,
WTBT,2019-07-05 16:00:00,-999,
WTBT,2019-07-05 17:00:00,-999,
WTBT,2019-07-05 18:00:00,0,
WTBT,2019-07-05 19:00:00,0.2,
WTBT,2019-07-05 20:00:00,0,
WTBT,2019-07-05 21:00:00,0.2,
WTBT,2019-07-05 22:00:00,0.2,
WTBT,2019-07-05 23:00:00,0.4,
WTBT,2019-07-06 00:00:00,0.4,
WTBT,2019-07-06 01:00:00,0.2,
WTBT,2019-07-06 02:00:00,0.2,
WTBT,2019-07-06 03:00:00,0.4,
WTBT,2019-07-06 04:00:00,0.2,
WTBT,2019-07-06 05:00:00,0.2,
WTBT,2019-07-06 06:00:00,0.2,
WTBT,2019-07-06 07:00:00,0.2,
WTBT,2019-07-06 08:00:00,0.6,
WTBT,2019-07-06 09:00:00,0.4,
WTBT,2019-07-06 10:00:00,0.2,
WTBT,2019-07-06 11:00:00,0.4,
WTBT,2019-07-06 12:00:00,0.6,
WTBT,2019-07-06 13:00:00,1,
WTBT,2019-07-06 14:00:00,0.2,
WTBT,2019-07-06 15:00:00,0.2,
WTBT,2019-07-06 16:00:00,0,
WTBT,2019-07-06 17:00:00,0,
WTBT,2019-07-06 18:00:00,0,
WTBT,2019-07-06 19:00:00,0.2,
WTBT,2019-07-06 20:00:00,0,
WTBT,2019-07-06 21:00:00,0,
WTBT,2019-07-06 22:00:00,0,
WTBT,2019-07-06 23:00:00,0,
WTBT,2019-07-07 00:00:00,0.2,
WTBT,2019-07-07 01:00:00,0,
WTBT,2019-07-07 02:00:00,0,
WTBT,2019-07-07 03:00:00,0,
WTBT,2019-07-07 04:00:00,0,
WTBT,2019-07-07 05:00:00,0,
WTBT,2019-07-07 06:00:00,0,
WTBT,2019-07-07 07:00:00,0,
WTBT,2019-07-07 08:00:00,0,
WTBT,2019-07-07 09:00:00,0,
WTBT,2019-07-07 10:00:00,0,
WTBT,2019-07-07 11:00:00,-999,
WTBT,2019-07-07 12:00:00,0,
WTBT,2019-07-07 13:00:00,-999,
WTBT,2019-07-07 14:00:00,0,
WTBT,2019-07-07 15:00:00,0,
WTBT,2019-07-07 16:00:00,0,
WTBT,2019-07-07 17:00:00,0,
WTBT,2019-07-07 18:00:00,0,
WTBT,2019-07-07 19:00:00,0,
WTBT,2019-07-07 20:00:00,0,
WTBT,2019-07-07 21:00:00,0,
WTBT,2019-07-07 22:00:00,0,
WTBT,2019-07-07 23:00:00,0,
WTBT,2019-07-08 00:00:00,0,
WTBT,2019-07-08 01:00:00,0,
WTBT,2019-07-08 02:00:00,0,
WTBT,2019-07-08 03:00:00,0,
WTBT,2019-07-08 04:00:00,0,
WTBT,2019-07-08 05:00:00,0,
WTBT,2019-07-08 06:00:00,0,
WTBT,2019-07-08 07:00:00,0,
WTBT,2019-07-08 08:00:00,0,
WTBT,2019-07-08 09:00:00,-999,
WTBT,2019-07-08 10:00:00,0,
WTBT,2019-07-08 11:00:00,0,
WTBT,2019-07-08 12:00:00,-999,
WTBT,2019-07-08 13:00:00,0,
WTBT,2019-07-08 14:00:00,0.4,
WTBT,2019-07-08 15:00:00,1,
WTBT,2019-07-08 16:00:00,0.6,
WTBT,2019-07-08 17:00:00,0,
WTBT,2019-07-08 18:00:00,0,
WTBT,2019-07-08 19:00:00,0,
WTBT,2019-07-08 20:00:00,0,
WTBT,2019-07-08 21:00:00,0,
WTBT,2019-07-08 22:00:00,0,
WTBT,2019-07-08 23:00:00,0,
WTBT,2019-07-09 00:00:00,0,
WTBT,2019-07-09 01:00:00,0,
WTBT,2019-07-09 02:00:00,0,
WTBT,2019-07-09 03:00:00,0,
WTBT,2019-07-09 04:00:00,0,
WTBT,2019-07-09 05:00:00,0,
WTBT,2019-07-09 06:00:00,0,
WTBT,2019-07-09 07:00:00,0,
WTBT,2019-07-09 08:00:00,0,
WTBT,2019-07-09 09:00:00,0,
WTBT,2019-07-09 10:00:00,0,
WTBT,2019-07-09 11:00:00,0,
WTBT,2019-07-09 12:00:00,0,
WTBT,2019-07-09 13:00:00,0,
WTBT,2019-07-09 14:00:00,0,
WTBT,2019-07-09 15:00:00,0,
WTBT,2019-07-09 16:00:00,0,
WTBT,2019-07-09 17:00:00,0,
WTBT,2019-07-09 18:00:00,0,
WTBT,2019-07-09 19:00:00,0,
WTBT,2019-07-09 20:00:00,0,
WTBT,2019-07-09 21:00:00,0,
WTBT,2019-07-09 22:00:00,0.4,
WTBT,2019-07-09 23:00:00,0,
WTBT,2019-07-10 00:00:00,0,
WTBT,2019-07-10 01:00:00,0,
WTBT,2019-07-10 02:00:00,0,
WTBT,2019-07-10 03:00:00,0,
WTBT,2019-07-10 04:00:00,0,
WTBT,2019-07-10 05:00:00,0,
WTBT,2019-07-10 06:00:00,0,
WTBT,2019-07-10 07:00:00,0,
WTBT,2019-07-10 08:00:00,0,
WTBT,2019-07-10 09:00:00,0,
WTBT,2019-07-10 10:00:00,0,
WTBT,2019-07-10 11:00:00,0,
WTBT,2019-07-10 12:00:00,-999,
WTBT,2019-07-10 13:00:00,0,
WTBT,2019-07-10 14:00:00,0,
WTBT,2019-07-10 15:00:00,0,
WTBT,2019-07-10 16:00:00,0,
WTBT,2019-07-10 17:00:00,0,
WTBT,2019-07-10 18:00:00,0,
WTBT,2019-07-10 19:00:00,0,
WTBT,2019-07-10 20:00:00,0.2,
WTBT,2019-07-10 21:00:00,0,
WTBT,2019-07-10 22:00:00,0,
WTBT,2019-07-10 23:00:00,0,
WTBT,2019-07-11 00:00:00,0,
WTBT,2019-07-11 01:00:00,0,
WTBT,2019-07-11 02:00:00,0,
WTBT,2019-07-11 03:00:00,0,
WTBT,2019-07-11 04:00:00,0,
WTBT,2019-07-11 05:00:00,0,
WTBT,2019-07-11 06:00:00,0,
WTBT,2019-07-11 07:00:00,0,
WTBT,2019-07-11 08:00:00,0,
WTBT,2019-07-11 09:00:00,0,
WTBT,2019-07-11 10:00:00,-999,
WTBT,2019-07-11 11:00:00,0,
WTBT,2019-07-11 12:00:00,-999,
WTBT,2019-07-11 13:00:00,-999,
WTBT,2019-07-11 14:00:00,0,
WTBT,2019-07-11 15:00:00,0,
WTBT,2019-07-11 16:00:00,0,
WTBT,2019-07-11 17:00:00,0,
WTBT,2019-07-11 18:00:00,0,
WTBT,2019-07-11 19:00:00,0,
WTBT,2019-07-11 20:00:00,0,
WTBT,2019-07-11 21:00:00,0,
WTBT,2019-07-11 22:00:00,0,
WTBT,2019-07-11 23:00:00,0,
WTBT,2019-07-12 00:00:00,0,
WTBT,2019-07-12 01:00:00,0,
WTBT,2019-07-12 02:00:00,0,
WTBT,2019-07-12 03:00:00,0,
WTBT,2019-07-12 04:00:00,0,
WTBT,2019-07-12 05:00:00,0,
WTBT,2019-07-12 06:00:00,0,
WTBT,2019-07-12 07:00:00,0,
WTBT,2019-07-12 08:00:00,0,
WTBT,2019-07-12 09:00:00,0,
WTBT,2019-07-12 10:00:00,0,
WTBT,2019-07-12 11:00:00,0,
WTBT,2019-07-12 12:00:00,-999,
WTBT,2019-07-12 13:00:00,0,
WTBT,2019-07-12 14:00:00,0,
WTBT,2019-07-12 15:00:00,0,
WTBT,2019-07-12 16:00:00,0,
WTBT,2019-07-12 17:00:00,0,
WTBT,2019-07-12 18:00:00,0,
WTBT,2019-07-12 19:00:00,0,
WTBT,2019-07-12 20:00:00,0,
WTBT,2019-07-12 21:00:00,0,
WTBT,2019-07-12 22:00:00,0,
WTBT,2019-07-12 23:00:00,0,
WTBT,2019-07-13 00:00:00,0,
WTBT,2019-07-13 01:00:00,0,
WTBT,2019-07-13 02:00:00,0,
WTBT,2019-07-13 03:00:00,0,
WTBT,2019-07-13 04:00:00,0,
WTBT,2019-07-13 05:00:00,0,
WTBT,2019-07-13 06:00:00,0,
WTBT,2019-07-13 07:00:00,0,
WTBT,2019-07-13 08:00:00,0,
WTBT,2019-07-13 09:00:00,0,
WTBT,2019-07-13 10:00:00,0,
WTBT,2019-07-13 11:00:00,0,
WTBT,2019-07-13 12:00:00,0,
WTBT,2019-07-13 13:00:00,0,
WTBT,2019-07-13 14:00:00,0,
WTBT,2019-07-13 15:00:00,0,
WTBT,2019-07-13 16:00:00,0,
WTBT,2019-07-13 17:00:00,0,
WTBT,2019-07-13 18:00:00,0,
WTBT,2019-07-13 19:00:00,0,
WTBT,2019-07-13 20:00:00,0,
WTBT,2019-07-13 21:00:00,0,
WTBT,2019-07-13 22:00:00,0,
WTBT,2019-07-13 23:00:00,0,
WTBT,2019-07-14 00:00:00,0,
WTBT,2019-07-14 01:00:00,0,
WTBT,2019-07-14 02:00:00,0,
WTBT,2019-07-14 03:00:00,0,
WTBT,2019-07-14 04:00:00,0,
WTBT,2019-07-14 05:00:00,0,
WTBT,2019-07-14 06:00:00,0,
WTBT,2019-07-14 07:00:00,0,
WTBT,2019-07-14 08:00:00,0,
WTBT,2019-07-14 09:00:00,0,
WTBT,2019-07-14 10:00:00,-999,
WTBT,2019-07-14 11:00:00,0,
WTBT,2019-07-14 12:00:00,0,
WTBT,2019-07-14 13:00:00,0,
WTBT,2019-07-14 14:00:00,0,
WTBT,2019-07-14 15:00:00,0,
WTBT,2019-07-14 16:00:00,0,
WTBT,2019-07-14 17:00:00,0,
WTBT,2019-07-14 18:00:00,0,
WTBT,2019-07-14 19:00:00,0,
WTBT,2019-07-14 20:00:00,0,
WTBT,2019-07-14 21:00:00,0,
WTBT,2019-07-14 22:00:00,0,
WTBT,2019-07-14 23:00:00,0,
WTBT,2019-07-15 00:00:00,0,
WTBT,2019-07-15 01:00:00,0,
WTBT,2019-07-15 02:00:00,0,
WTBT,2019-07-15 03:00:00,0,
WTBT,2019-07-15 04:00:00,0,
WTBT,2019-07-15 05:00:00,0,
WTBT,2019-07-15 06:00:00,0,
WTBT,2019-07-15 07:00:00,0,
WTBT,2019-07-15 08:00:00,0,
WTBT,2019-07-15 09:00:00,0,
WTBT,2019-07-15 10:00:00,0,
WTBT,2019-07-15 11:00:00,0,
WTBT,2019-07-15 12:00:00,0,
WTBT,2019-07-15 13:00:00,0,
WTBT,2019-07-15 14:00:00,0,
WTBT,2019-07-15 15:00:00,0,
WTBT,2019-07-15 16:00:00,0,
WTBT,2019-07-15 17:00:00,0,
WTBT,2019-07-15 18:00:00,0,
WTBT,2019-07-15 19:00:00,0,
WTBT,2019-07-15 20:00:00,0,
WTBT,2019-07-15 21:00:00,0,
WTBT,2019-07-15 22:00:00,0,
WTBT,2019-07-15 23:00:00,0,
WTBT,2019-07-16 00:00:00,0,
WTBT,2019-07-16 01:00:00,0,
WTBT,2019-07-16 02:00:00,0,
WTBT,2019-07-16 03:00:00,0,
WTBT,2019-07-16 04:00:00,0,
WTBT,2019-07-16 05:00:00,0,
WTBT,2019-07-16 06:00:00,0,
WTBT,2019-07-16 07:00:00,0,
WTBT,2019-07-16 08:00:00,0,
WTBT,2019-07-16 09:00:00,0,
WTBT,2019-07-16 10:00:00,-999,
WTBT,2019-07-16 11:00:00,-999,
WTBT,2019-07-16 12:00:00,0,
WTBT,2019-07-16 13:00:00,-999,
WTBT,2019-07-16 14:00:00,0,
WTBT,2019-07-16 15:00:00,0,
WTBT,2019-07-16 16:00:00,0,
WTBT,2019-07-16 17:00:00,0,
WTBT,2019-07-16 18:00:00,0,
WTBT,2019-07-16 19:00:00,0,
WTBT,2019-07-16 20:00:00,0,
WTBT,2019-07-16 21:00:00,0,
WTBT,2019-07-16 22:00:00,0,
WTBT,2019-07-16 23:00:00,0,
WTBT,2019-07-17 00:00:00,0,
WTBT,2019-07-17 01:00:00,0,
WTBT,2019-07-17 02:00:00,0,
WTBT,2019-07-17 03:00:00,0,
WTBT,2019-07-17 04:00:00,0,
WTBT,2019-07-17 05:00:00,0,
WTBT,2019-07-17 06:00:00,0,
WTBT,2019-07-17 07:00:00,0,
WTBT,2019-07-17 08:00:00,0,
WTBT,2019-07-17 09:00:00,0,
WTBT,2019-07-17 10:00:00,0,
WTBT,2019-07-17 11:00:00,0,
WTBT,2019-07-17 12:00:00,0,
WTBT,2019-07-17 13:00:00,-999,
WTBT,2019-07-17 14:00:00,0,
WTBT,2019-07-17 15:00:00,0,
WTBT,2019-07-17 16:00:00,0,
WTBT,2019-07-17 17:00:00,0,
WTBT,2019-07-17 18:00:00,0,
WTBT,2019-07-17 19:00:00,0,
WTBT,2019-07-17 20:00:00,0,
WTBT,2019-07-17 21:00:00,0,
WTBT,2019-07-17 22:00:00,0,
WTBT,2019-07-17 23:00:00,0,
WTBT,2019-07-18 00:00:00,0,
WTBT,2019-07-18 01:00:00,0,
WTBT,2019-07-18 02:00:00,0,
WTBT,2019-07-18 03:00:00,0,
WTBT,2019-07-18 04:00:00,0,
WTBT,2019-07-18 05:00:00,0,
WTBT,2019-07-18 06:00:00,0,
WTBT,2019-07-18 07:00:00,0,
WTBT,2019-07-18 08:00:00,0,
WTBT,2019-07-18 09:00:00,0,
WTBT,2019-07-18 10:00:00,0,
WTBT,2019-07-18 11:00:00,-999,
WTBT,2019-07-18 12:00:00,-999,
WTBT,2019-07-18 13:00:00,-999,
WTBT,2019-07-18 14:00:00,0,
WTBT,2019-07-18 15:00:00,0,
WTBT,2019-07-18 16:00:00,0,
WTBT,2019-07-18 17:00:00,0,
WTBT,2019-07-18 18:00:00,0,
WTBT,2019-07-18 19:00:00,0,
WTBT,2019-07-18 20:00:00,0,
WTBT,2019-07-18 21:00:00,0,
WTBT,2019-07-18 22:00:00,-999,
WTBT,2019-07-18 23:00:00,0,
WTBT,2019-07-19 00:00:00,0,
WTBT,2019-07-19 01:00:00,0,
WTBT,2019-07-19 02:00:00,0,
WTBT,2019-07-19 03:00:00,0,
WTBT,2019-07-19 04:00:00,0,
WTBT,2019-07-19 05:00:00,0,
WTBT,2019-07-19 06:00:00,0,
WTBT,2019-07-19 07:00:00,0,
WTBT,2019-07-19 08:00:00,0,
WTBT,2019-07-19 09:00:00,0,
WTBT,2019-07-19 10:00:00,0,
WTBT,2019-07-19 11:00:00,-999,
WTBT,2019-07-19 12:00:00,-999,
WTBT,2019-07-19 13:00:00,-999,
WTBT,2019-07-19 14:00:00,0,
WTBT,2019-07-19 15:00:00,0,
WTBT,2019-07-19 16:00:00,0,
WTBT,2019-07-19 17:00:00,0,
WTBT,2019-07-19 18:00:00,0,
WTBT,2019-07-19 19:00:00,0,
WTBT,2019-07-19 20:00:00,0,
WTBT,2019-07-19 21:00:00,0,
WTBT,2019-07-19 22:00:00,0,
WTBT,2019-07-19 23:00:00,0,
WTBT,2019-07-20 00:00:00,0,
WTBT,2019-07-20 01:00:00,0,
WTBT,2019-07-20 02:00:00,0,
WTBT,2019-07-20 03:00:00,0,
WTBT,2019-07-20 04:00:00,0,
WTBT,2019-07-20 05:00:00,0,
WTBT,2019-07-20 06:00:00,0,
WTBT,2019-07-20 07:00:00,0,
WTBT,2019-07-20 08:00:00,0,
WTBT,2019-07-20 09:00:00,0,
WTBT,2019-07-20 10:00:00,0,
WTBT,2019-07-20 11:00:00,-999,
WTBT,2019-07-20 12:00:00,-999,
WTBT,2019-07-20 13:00:00,0,
WTBT,2019-07-20 14:00:00,0,
WTBT,2019-07-20 15:00:00,0,
WTBT,2019-07-20 16:00:00,0,
WTBT,2019-07-20 17:00:00,0,
WTBT,2019-07-20 18:00:00,0,
WTBT,2019-07-20 19:00:00,0,
WTBT,2019-07-20 20:00:00,0,
WTBT,2019-07-20 21:00:00,0,
WTBT,2019-07-20 22:00:00,0,
WTBT,2019-07-20 23:00:00,0,
WTBT,2019-07-21 00:00:00,0,
WTBT,2019-07-21 01:00:00,0,
WTBT,2019-07-21 02:00:00,0,
WTBT,2019-07-21 03:00:00,0,
WTBT,2019-07-21 04:00:00,0,
WTBT,2019-07-21 05:00:00,0,
WTBT,2019-07-21 06:00:00,0,
WTBT,2019-07-21 07:00:00,0,
WTBT,2019-07-21 08:00:00,0,
WTBT,2019-07-21 09:00:00,0,
WTBT,2019-07-21 10:00:00,0,
WTBT,2019-07-21 11:00:00,0,
WTBT,2019-07-21 12:00:00,-999,
WTBT,2019-07-21 13:00:00,-999,
WTBT,2019-07-21 14:00:00,0,
WTBT,2019-07-21 15:00:00,0,
WTBT,2019-07-21 16:00:00,0,
WTBT,2019-07-21 17:00:00,0,
WTBT,2019-07-21 18:00:00,0,
WTBT,2019-07-21 19:00:00,0,
WTBT,2019-07-21 20:00:00,0,
WTBT,2019-07-21 21:00:00,0,
WTBT,2019-07-21 22:00:00,0,
WTBT,2019-07-21 23:00:00,0,
WTBT,2019-07-22 00:00:00,0,
WTBT,2019-07-22 01:00:00,0,
WTBT,2019-07-22 02:00:00,0,
WTBT,2019-07-22 03:00:00,0,
WTBT,2019-07-22 04:00:00,0,
WTBT,2019-07-22 05:00:00,0,
WTBT,2019-07-22 06:00:00,0,
WTBT,2019-07-22 07:00:00,0,
WTBT,2019-07-22 08:00:00,0,
WTBT,2019-07-22 09:00:00,0,
WTBT,2019-07-22 10:00:00,0,
WTBT,2019-07-22 11:00:00,0,
WTBT,2019-07-22 12:00:00,0,
WTBT,2019-07-22 13:00:00,0,
WTBT,2019-07-22 14:00:00,0,
WTBT,2019-07-22 15:00:00,0,
WTBT,2019-07-22 16:00:00,0,
WTBT,2019-07-22 17:00:00,0,
WTBT,2019-07-22 18:00:00,0,
WTBT,2019-07-22 19:00:00,0,
WTBT,2019-07-22 20:00:00,0,
WTBT,2019-07-22 21:00:00,0,
WTBT,2019-07-22 22:00:00,0,
WTBT,2019-07-22 23:00:00,0,
WTBT,2019-07-23 00:00:00,0,
WTBT,2019-07-23 01:00:00,0,
WTBT,2019-07-23 02:00:00,0,
WTBT,2019-07-23 03:00:00,0,
WTBT,2019-07-23 04:00:00,0,
WTBT,2019-07-23 05:00:00,0,
WTBT,2019-07-23 06:00:00,0,
WTBT,2019-07-23 07:00:00,0,
WTBT,2019-07-23 08:00:00,0,
WTBT,2019-07-23 09:00:00,0,
WTBT,2019-07-23 10:00:00,0,
WTBT,2019-07-23 11:00:00,0,
WTBT,2019-07-23 12:00:00,0,
WTBT,2019-07-23 13:00:00,0,
WTBT,2019-07-23 14:00:00,0,
WTBT,2019-07-23 15:00:00,0,
WTBT,2019-07-23 16:00:00,0,
WTBT,2019-07-23 17:00:00,0,
WTBT,2019-07-23 18:00:00,0,
WTBT,2019-07-23 19:00:00,0,
WTBT,2019-07-23 20:00:00,0,
WTBT,2019-07-23 21:00:00,0,
WTBT,2019-07-23 22:00:00,0,
WTBT,2019-07-23 23:00:00,0,
WTBT,2019-07-24 00:00:00,0,
WTBT,2019-07-24 01:00:00,0,
WTBT,2019-07-24 02:00:00,0,
WTBT,2019-07-24 03:00:00,0,
WTBT,2019-07-24 04:00:00,0,
WTBT,2019-07-24 05:00:00,0,
WTBT,2019-07-24 06:00:00,0,
WTBT,2019-07-24 07:00:00,0,
WTBT,2019-07-24 08:00:00,0,
WTBT,2019-07-24 09:00:00,0,
WTBT,2019-07-24 10:00:00,0.2,
WTBT,2019-07-24 11:00:00,0,
WTBT,2019-07-24 12:00:00,0,
WTBT,2019-07-24 13:00:00,0,
WTBT,2019-07-24 14:00:00,0,
WTBT,2019-07-24 15:00:00,0,
WTBT,2019-07-24 16:00:00,0,
WTBT,2019-07-24 17:00:00,0,
WTBT,2019-07-24 18:00:00,0,
WTBT,2019-07-24 19:00:00,0,
WTBT,2019-07-24 20:00:00,0,
WTBT,2019-07-24 21:00:00,0,
WTBT,2019-07-24 22:00:00,0,
WTBT,2019-07-24 23:00:00,0,
WTBT,2019-07-25 00:00:00,0.2,
WTBT,2019-07-25 01:00:00,0,
WTBT,2019-07-25 02:00:00,0,
WTBT,2019-07-25 03:00:00,0,
WTBT,2019-07-25 04:00:00,0,
WTBT,2019-07-25 05:00:00,0,
WTBT,2019-07-25 06:00:00,0.2,
WTBT,2019-07-25 07:00:00,0,
WTBT,2019-07-25 08:00:00,0,
WTBT,2019-07-25 09:00:00,0,
WTBT,2019-07-25 10:00:00,0,
WTBT,2019-07-25 11:00:00,0,
WTBT,2019-07-25 12:00:00,0,
WTBT,2019-07-25 13:00:00,0,
WTBT,2019-07-25 14:00:00,0,
WTBT,2019-07-25 15:00:00,2,
WTBT,2019-07-25 16:00:00,5.6,
WTBT,2019-07-25 17:00:00,4.8,
WTBT,2019-07-25 18:00:00,2.6,
WTBT,2019-07-25 19:00:00,1.4,
WTBT,2019-07-25 20:00:00,0.6,
WTBT,2019-07-25 21:00:00,0.2,
WTBT,2019-07-25 22:00:00,0.2,
WTBT,2019-07-25 23:00:00,0,
WTBT,2019-07-26 00:00:00,0,
WTBT,2019-07-26 01:00:00,0,
WTBT,2019-07-26 02:00:00,0,
WTBT,2019-07-26 03:00:00,0,
WTBT,2019-07-26 04:00:00,0,
WTBT,2019-07-26 05:00:00,0,
WTBT,2019-07-26 06:00:00,0,
WTBT,2019-07-26 07:00:00,0,
WTBT,2019-07-26 08:00:00,0.2,
WTBT,2019-07-26 09:00:00,0,
WTBT,2019-07-26 10:00:00,0,
WTBT,2019-07-26 11:00:00,0,
WTBT,2019-07-26 12:00:00,0,
WTBT,2019-07-26 13:00:00,0,
WTBT,2019-07-26 14:00:00,0.2,
WTBT,2019-07-26 15:00:00,0,
WTBT,2019-07-26 16:00:00,0,
WTBT,2019-07-26 17:00:00,5,
WTBT,2019-07-26 18:00:00,0,
WTBT,2019-07-26 19:00:00,0,
WTBT,2019-07-26 20:00:00,0,
WTBT,2019-07-26 21:00:00,0,
WTBT,2019-07-26 22:00:00,0,
WTBT,2019-07-26 23:00:00,0,
WTBT,2019-07-27 00:00:00,0,
WTBT,2019-07-27 01:00:00,0,
WTBT,2019-07-27 02:00:00,0,
WTBT,2019-07-27 03:00:00,0,
WTBT,2019-07-27 04:00:00,0,
WTBT,2019-07-27 05:00:00,3.6,
WTBT,2019-07-27 06:00:00,0,
WTBT,2019-07-27 07:00:00,0,
WTBT,2019-07-27 08:00:00,0,
WTBT,2019-07-27 09:00:00,0,
WTBT,2019-07-27 10:00:00,0,
WTBT,2019-07-27 11:00:00,0,
WTBT,2019-07-27 12:00:00,0,
WTBT,2019-07-27 13:00:00,0,
WTBT,2019-07-27 14:00:00,0,
WTBT,2019-07-27 15:00:00,0,
WTBT,2019-07-27 16:00:00,0,
WTBT,2019-07-27 17:00:00,0,
WTBT,2019-07-27 18:00:00,0,
WTBT,2019-07-27 19:00:00,0,
WTBT,2019-07-27 20:00:00,0,
WTBT,2019-07-27 21:00:00,0,
WTBT,2019-07-27 22:00:00,0,
WTBT,2019-07-27 23:00:00,0,
WTBT,2019-07-28 00:00:00,0,
WTBT,2019-07-28 01:00:00,0,
WTBT,2019-07-28 02:00:00,0,
WTBT,2019-07-28 03:00:00,0,
WTBT,2019-07-28 04:00:00,0,
WTBT,2019-07-28 05:00:00,0,
WTBT,2019-07-28 06:00:00,0,
WTBT,2019-07-28 07:00:00,0,
WTBT,2019-07-28 08:00:00,0,
WTBT,2019-07-28 09:00:00,0,
WTBT,2019-07-28 10:00:00,0,
WTBT,2019-07-28 11:00:00,0,
WTBT,2019-07-28 12:00:00,0.2,
WTBT,2019-07-28 13:00:00,0,
WTBT,2019-07-28 14:00:00,0,
WTBT,2019-07-28 15:00:00,0,
WTBT,2019-07-28 16:00:00,0,
WTBT,2019-07-28 17:00:00,0,
WTBT,2019-07-28 18:00:00,0,
WTBT,2019-07-28 19:00:00,0,
WTBT,2019-07-28 20:00:00,0,
WTBT,2019-07-28 21:00:00,0,
WTBT,2019-07-28 22:00:00,0,
WTBT,2019-07-28 23:00:00,0,
WTBT,2019-07-29 00:00:00,0,
WTBT,2019-07-29 01:00:00,0,
WTBT,2019-07-29 02:00:00,0,
WTBT,2019-07-29 03:00:00,0,
WTBT,2019-07-29 04:00:00,0,
WTBT,2019-07-29 05:00:00,0,
WTBT,2019-07-29 06:00:00,0,
WTBT,2019-07-29 07:00:00,0,
WTBT,2019-07-29 08:00:00,0,
WTBT,2019-07-29 09:00:00,0,
WTBT,2019-07-29 10:00:00,0,
WTBT,2019-07-29 11:00:00,0,
WTBT,2019-07-29 12:00:00,0,
WTBT,2019-07-29 13:00:00,0,
WTBT,2019-07-29 14:00:00,0.2,
WTBT,2019-07-29 15:00:00,0,
WTBT,2019-07-29 16:00:00,0,
WTBT,2019-07-29 17:00:00,0,
WTBT,2019-07-29 18:00:00,0,
WTBT,2019-07-29 19:00:00,0,
WTBT,2019-07-29 20:00:00,0,
WTBT,2019-07-29 21:00:00,0,
WTBT,2019-07-29 22:00:00,0,
WTBT,2019-07-29 23:00:00,0,
WTBT,2019-07-30 00:00:00,0,
WTBT,2019-07-30 01:00:00,0,
WTBT,2019-07-30 02:00:00,0,
WTBT,2019-07-30 03:00:00,0,
WTBT,2019-07-30 04:00:00,0,
WTBT,2019-07-30 05:00:00,0,
WTBT,2019-07-30 06:00:00,0,
WTBT,2019-07-30 07:00:00,0,
WTBT,2019-07-30 08:00:00,0,
WTBT,2019-07-30 09:00:00,0,
WTBT,2019-07-30 10:00:00,0,
WTBT,2019-07-30 11:00:00,0,
WTBT,2019-07-30 12:00:00,0,
WTBT,2019-07-30 13:00:00,0,
WTBT,2019-07-30 14:00:00,0,
WTBT,2019-07-30 15:00:00,0,
WTBT,2019-07-30 16:00:00,0,
WTBT,2019-07-30 17:00:00,0,
WTBT,2019-07-30 18:00:00,0,
WTBT,2019-07-30 19:00:00,0,
WTBT,2019-07-30 20:00:00,0,
WTBT,2019-07-30 21:00:00,0,
WTBT,2019-07-30 22:00:00,0,
WTBT,2019-07-30 23:00:00,0,
WTBT,2019-07-31 00:00:00,0,
WTBT,2019-07-31 01:00:00,0,
WTBT,2019-07-31 02:00:00,0,
WTBT,2019-07-31 03:00:00,0,
WTBT,2019-07-31 04:00:00,0,
WTBT,2019-07-31 05:00:00,0,
WTBT,2019-07-31 06:00:00,0,
WTBT,2019-07-31 07:00:00,0,
WTBT,2019-07-31 08:00:00,0,
WTBT,2019-07-31 09:00:00,0,
WTBT,2019-07-31 10:00:00,0,
WTBT,2019-07-31 11:00:00,0,
WTBT,2019-07-31 12:00:00,0,
WTBT,2019-07-31 13:00:00,0,
WTBT,2019-07-31 14:00:00,0,
WTBT,2019-07-31 15:00:00,0,
WTBT,2019-07-31 16:00:00,0,
WTBT,2019-07-31 17:00:00,0,
WTBT,2019-07-31 18:00:00,0,
WTBT,2019-07-31 19:00:00,4.8,
WTBT,2019-07-31 20:00:00,1.6,
WTBT,2019-07-31 21:00:00,0,
WTBT,2019-07-31 22:00:00,0.4,
WTBT,2019-07-31 23:00:00,0.2,
BOKA,2019-07-01 00:00:00,0,
BOKA,2019-07-01 01:00:00,0.4,
BOKA,2019-07-01 02:00:00,1.4,
BOKA,2019-07-01 03:00:00,1.4,
BOKA,2019-07-01 04:00:00,0.6,
BOKA,2019-07-01 05:00:00,1,
BOKA,2019-07-01 06:00:00,0.4,
BOKA,2019-07-01 07:00:00,0,
BOKA,2019-07-01 08:00:00,0,
BOKA,2019-07-01 09:00:00,0,
BOKA,2019-07-01 10:00:00,0,
BOKA,2019-07-01 11:00:00,0,
BOKA,2019-07-01 12:00:00,0,
BOKA,2019-07-01 13:00:00,0,
BOKA,2019-07-01 14:00:00,0,
BOKA,2019-07-01 15:00:00,0,
BOKA,2019-07-01 16:00:00,0,
BOKA,2019-07-01 17:00:00,0,
BOKA,2019-07-01 18:00:00,0,
BOKA,2019-07-01 19:00:00,0.2,
BOKA,2019-07-01 20:00:00,0.2,
BOKA,2019-07-01 21:00:00,0,
BOKA,2019-07-01 22:00:00,0,
BOKA,2019-07-01 23:00:00,0.6,
BOKA,2019-07-02 00:00:00,0.6,
BOKA,2019-07-02 01:00:00,0.2,
BOKA,2019-07-02 02:00:00,0.6,
BOKA,2019-07-02 03:00:00,0.6,
BOKA,2019-07-02 04:00:00,0.2,
BOKA,2019-07-02 05:00:00,0.8,
BOKA,2019-07-02 06:00:00,0.2,
BOKA,2019-07-02 07:00:00,0,
BOKA,2019-07-02 08:00:00,0,
BOKA,2019-07-02 09:00:00,0,
BOKA,2019-07-02 10:00:00,0,
BOKA,2019-07-02 11:00:00,0.2,
BOKA,2019-07-02 12:00:00,3,
BOKA,2019-07-02 13:00:00,1.4,
BOKA,2019-07-02 14:00:00,0.2,
BOKA,2019-07-02 15:00:00,0.4,
BOKA,2019-07-02 16:00:00,0,
BOKA,2019-07-02 17:00:00,0,
BOKA,2019-07-02 18:00:00,0,
BOKA,2019-07-02 19:00:00,0,
BOKA,2019-07-02 20:00:00,0,
BOKA,2019-07-02 21:00:00,0,
BOKA,2019-07-02 22:00:00,0,
BOKA,2019-07-02 23:00:00,0,
BOKA,2019-07-03 00:00:00,0,
BOKA,2019-07-03 01:00:00,0,
BOKA,2019-07-03 02:00:00,0,
BOKA,2019-07-03 03:00:00,0,
BOKA,2019-07-03 04:00:00,1.2,
BOKA,2019-07-03 05:00:00,0.8,
BOKA,2019-07-03 06:00:00,0.2,
BOKA,2019-07-03 07:00:00,0,
BOKA,2019-07-03 08:00:00,0,
BOKA,2019-07-03 09:00:00,0,
BOKA,2019-07-03 10:00:00,0,
BOKA,2019-07-03 11:00:00,0,
BOKA,2019-07-03 12:00:00,0,
BOKA,2019-07-03 13:00:00,0,
BOKA,2019-07-03 14:00:00,0,
BOKA,2019-07-03 15:00:00,0,
BOKA,2019-07-03 16:00:00,0,
BOKA,2019-07-03 17:00:00,0,
BOKA,2019-07-03 18:00:00,0,
BOKA,2019-07-03 19:00:00,0,
BOKA,2019-07-03 20:00:00,0,
BOKA,2019-07-03 21:00:00,0,
BOKA,2019-07-03 22:00:00,0,
BOKA,2019-07-03 23:00:00,0,
BOKA,2019-07-04 00:00:00,0,
BOKA,2019-07-04 01:00:00,0,
BOKA,2019-07-04 02:00:00,0,
BOKA,2019-07-04 03:00:00,0,
BOKA,2019-07-04 04:00:00,0.2,
BOKA,2019-07-04 05:00:00,0,
BOKA,2019-07-04 06:00:00,0.2,
BOKA,2019-07-04 07:00:00,0.2,
BOKA,2019-07-04 08:00:00,0.2,
BOKA,2019-07-04 09:00:00,0.4,
BOKA,2019-07-04 10:00:00,0.8,
BOKA,2019-07-04 11:00:00,0.2,
BOKA,2019-07-04 12:00:00,0,
BOKA,2019-07-04 13:00:00,0,
BOKA,2019-07-04 14:00:00,0,
BOKA,2019-07-04 15:00:00,0,
BOKA,2019-07-04 16:00:00,0,
BOKA,2019-07-04 17:00:00,0,
BOKA,2019-07-04 18:00:00,0,
BOKA,2019-07-04 19:00:00,0,
BOKA,2019-07-04 20:00:00,1.2,
BOKA,2019-07-04 21:00:00,3.6,
BOKA,2019-07-04 22:00:00,1.8,
BOKA,2019-07-04 23:00:00,7.2,
BOKA,2019-07-05 00:00:00,2.2,
BOKA,2019-07-05 01:00:00,1.2,
BOKA,2019-07-05 02:00:00,0.6,
BOKA,2019-07-05 03:00:00,0.6,
BOKA,2019-07-05 04:00:00,0.4,
BOKA,2019-07-05 05:00:00,0.4,
BOKA,2019-07-05 06:00:00,-999,
BOKA,2019-07-05 07:00:00,-999,
BOKA,2019-07-05 08:00:00,-999,
BOKA,2019-07-05 09:00:00,-999,
BOKA,2019-07-05 10:00:00,-999,
BOKA,2019-07-05 11:00:00,-999,
BOKA,2019-07-05 12:00:00,0,
BOKA,2019-07-05 13:00:00,0,
BOKA,2019-07-05 14:00:00,0,
BOKA,2019-07-05 15:00:00,-999,
BOKA,2019-07-05 16:00:00,0.2,
BOKA,2019-07-05 17:00:00,0.4,
BOKA,2019-07-05 18:00:00,0.2,
BOKA,2019-07-05 19:00:00,0,
BOKA,2019-07-05 20:00:00,0.2,
BOKA,2019-07-05 21:00:00,0,
BOKA,2019-07-05 22:00:00,0.2,
BOKA,2019-07-05 23:00:00,0,
BOKA,2019-07-06 00:00:00,0,
BOKA,2019-07-06 01:00:00,0,
BOKA,2019-07-06 02:00:00,0.2,
BOKA,2019-07-06 03:00:00,0,
BOKA,2019-07-06 04:00:00,0,
BOKA,2019-07-06 05:00:00,0,
BOKA,2019-07-06 06:00:00,0.2,
BOKA,2019-07-06 07:00:00,0,
BOKA,2019-07-06 08:00:00,0,
BOKA,2019-07-06 09:00:00,0,
BOKA,2019-07-06 10:00:00,0.2,
BOKA,2019-07-06 11:00:00,0,
BOKA,2019-07-06 12:00:00,0,
BOKA,2019-07-06 13:00:00,0,
BOKA,2019-07-06 14:00:00,0,
BOKA,2019-07-06 15:00:00,0,
BOKA,2019-07-06 16:00:00,0.2,
BOKA,2019-07-06 17:00:00,0,
BOKA,2019-07-06 18:00:00,0,
BOKA,2019-07-06 19:00:00,0,
BOKA,2019-07-06 20:00:00,0,
BOKA,2019-07-06 21:00:00,0,
BOKA,2019-07-06 22:00:00,0,
BOKA,2019-07-06 23:00:00,0,
BOKA,2019-07-07 00:00:00,0,
BOKA,2019-07-07 01:00:00,0,
BOKA,2019-07-07 02:00:00,0,
BOKA,2019-07-07 03:00:00,0.2,
BOKA,2019-07-07 04:00:00,0,
BOKA,2019-07-07 05:00:00,0,
BOKA,2019-07-07 06:00:00,0,
BOKA,2019-07-07 07:00:00,0,
BOKA,2019-07-07 08:00:00,0,
BOKA,2019-07-07 09:00:00,0,
BOKA,2019-07-07 10:00:00,0,
BOKA,2019-07-07 11:00:00,0,
BOKA,2019-07-07 12:00:00,0,
BOKA,2019-07-07 13:00:00,0,
BOKA,2019-07-07 14:00:00,0,
BOKA,2019-07-07 15:00:00,0,
BOKA,2019-07-07 16:00:00,0,
BOKA,2019-07-07 17:00:00,0,
BOKA,2019-07-07 18:00:00,0,
BOKA,2019-07-07 19:00:00,0,
BOKA,2019-07-07 20:00:00,0.2,
BOKA,2019-07-07 21:00:00,0,
BOKA,2019-07-07 22:00:00,0,
BOKA,2019-07-07 23:00:00,0,
BOKA,2019-07-08 00:00:00,0,
BOKA,2019-07-08 01:00:00,0,
BOKA,2019-07-08 02:00:00,0,
BOKA,2019-07-08 03:00:00,0.2,
BOKA,2019-07-08 04:00:00,0,
BOKA,2019-07-08 05:00:00,0.2,
BOKA,2019-07-08 06:00:00,0.2,
BOKA,2019-07-08 07:00:00,0,
BOKA,2019-07-08 08:00:00,0.2,
BOKA,2019-07-08 09:00:00,0.2,
BOKA,2019-07-08 10:00:00,0,
BOKA,2019-07-08 11:00:00,0.6,
BOKA,2019-07-08 12:00:00,0.8,
BOKA,2019-07-08 13:00:00,0.8,
BOKA,2019-07-08 14:00:00,1.4,
BOKA,2019-07-08 15:00:00,1.8,
BOKA,2019-07-08 16:00:00,1.6,
BOKA,2019-07-08 17:00:00,1.2,
BOKA,2019-07-08 18:00:00,1,
BOKA,2019-07-08 19:00:00,0.6,
BOKA,2019-07-08 20:00:00,0.4,
BOKA,2019-07-08 21:00:00,0.2,
BOKA,2019-07-08 22:00:00,0,
BOKA,2019-07-08 23:00:00,0.2,
BOKA,2019-07-09 00:00:00,0,
BOKA,2019-07-09 01:00:00,0.2,
BOKA,2019-07-09 02:00:00,0,
BOKA,2019-07-09 03:00:00,0.2,
BOKA,2019-07-09 04:00:00,0.2,
BOKA,2019-07-09 05:00:00,0,
BOKA,2019-07-09 06:00:00,0.2,
BOKA,2019-07-09 07:00:00,0.2,
BOKA,2019-07-09 08:00:00,0.4,
BOKA,2019-07-09 09:00:00,0.6,
BOKA,2019-07-09 10:00:00,0.8,
BOKA,2019-07-09 11:00:00,3.4,
BOKA,2019-07-09 12:00:00,1,
BOKA,2019-07-09 13:00:00,0,
BOKA,2019-07-09 14:00:00,0,
BOKA,2019-07-09 15:00:00,0,
BOKA,2019-07-09 16:00:00,0,
BOKA,2019-07-09 17:00:00,0,
BOKA,2019-07-09 18:00:00,0,
BOKA,2019-07-09 19:00:00,0,
BOKA,2019-07-09 20:00:00,0,
BOKA,2019-07-09 21:00:00,0.8,
BOKA,2019-07-09 22:00:00,2.2,
BOKA,2019-07-09 23:00:00,1.8,
BOKA,2019-07-10 00:00:00,1.2,
BOKA,2019-07-10 01:00:00,1,
BOKA,2019-07-10 02:00:00,1,
BOKA,2019-07-10 03:00:00,0.8,
BOKA,2019-07-10 04:00:00,0.6,
BOKA,2019-07-10 05:00:00,0.6,
BOKA,2019-07-10 06:00:00,0.6,
BOKA,2019-07-10 07:00:00,0.6,
BOKA,2019-07-10 08:00:00,0.4,
BOKA,2019-07-10 09:00:00,0.4,
BOKA,2019-07-10 10:00:00,0,
BOKA,2019-07-10 11:00:00,0,
BOKA,2019-07-10 12:00:00,0,
BOKA,2019-07-10 13:00:00,0,
BOKA,2019-07-10 14:00:00,0,
BOKA,2019-07-10 15:00:00,0,
BOKA,2019-07-10 16:00:00,0,
BOKA,2019-07-10 17:00:00,0,
BOKA,2019-07-10 18:00:00,0,
BOKA,2019-07-10 19:00:00,0,
BOKA,2019-07-10 20:00:00,0.2,
BOKA,2019-07-10 21:00:00,0.8,
BOKA,2019-07-10 22:00:00,0.4,
BOKA,2019-07-10 23:00:00,0,
BOKA,2019-07-11 00:00:00,0,
BOKA,2019-07-11 01:00:00,0.2,
BOKA,2019-07-11 02:00:00,0,
BOKA,2019-07-11 03:00:00,0,
BOKA,2019-07-11 04:00:00,0,
BOKA,2019-07-11 05:00:00,0,
BOKA,2019-07-11 06:00:00,0,
BOKA,2019-07-11 07:00:00,0,
BOKA,2019-07-11 08:00:00,0.2,
BOKA,2019-07-11 09:00:00,0,
BOKA,2019-07-11 10:00:00,0,
BOKA,2019-07-11 11:00:00,0,
BOKA,2019-07-11 12:00:00,0,
BOKA,2019-07-11 13:00:00,0,
BOKA,2019-07-11 14:00:00,0,
BOKA,2019-07-11 15:00:00,0,
BOKA,2019-07-11 16:00:00,0,
BOKA,2019-07-11 17:00:00,0,
BOKA,2019-07-11 18:00:00,0,
BOKA,2019-07-11 19:00:00,0,
BOKA,2019-07-11 20:00:00,0,
BOKA,2019-07-11 21:00:00,0,
BOKA,2019-07-11 22:00:00,1,
BOKA,2019-07-11 23:00:00,0.2,
BOKA,2019-07-12 00:00:00,0.2,
BOKA,2019-07-12 01:00:00,0.2,
BOKA,2019-07-12 02:00:00,0,
BOKA,2019-07-12 03:00:00,0.2,
BOKA,2019-07-12 04:00:00,0.2,
BOKA,2019-07-12 05:00:00,0,
BOKA,2019-07-12 06:00:00,0,
BOKA,2019-07-12 07:00:00,0.2,
BOKA,2019-07-12 08:00:00,0,
BOKA,2019-07-12 09:00:00,0,
BOKA,2019-07-12 10:00:00,0,
BOKA,2019-07-12 11:00:00,0.2,
BOKA,2019-07-12 12:00:00,0,
BOKA,2019-07-12 13:00:00,0,
BOKA,2019-07-12 14:00:00,0,
BOKA,2019-07-12 15:00:00,0,
BOKA,2019-07-12 16:00:00,0,
BOKA,2019-07-12 17:00:00,0,
BOKA,2019-07-12 18:00:00,0,
BOKA,2019-07-12 19:00:00,0,
BOKA,2019-07-12 20:00:00,0,
BOKA,2019-07-12 21:00:00,0,
BOKA,2019-07-12 22:00:00,0,
BOKA,2019-07-12 23:00:00,0,
BOKA,2019-07-13 00:00:00,0,
BOKA,2019-07-13 01:00:00,0,
BOKA,2019-07-13 02:00:00,0,
BOKA,2019-07-13 03:00:00,0,
BOKA,2019-07-13 04:00:00,0,
BOKA,2019-07-13 05:00:00,0,
BOKA,2019-07-13 06:00:00,0,
BOKA,2019-07-13 07:00:00,0,
BOKA,2019-07-13 08:00:00,0.2,
BOKA,2019-07-13 09:00:00,0,
BOKA,2019-07-13 10:00:00,0,
BOKA,2019-07-13 11:00:00,0,
BOKA,2019-07-13 12:00:00,0,
BOKA,2019-07-13 13:00:00,0,
BOKA,2019-07-13 14:00:00,0,
BOKA,2019-07-13 15:00:00,0,
BOKA,2019-07-13 16:00:00,0,
BOKA,2019-07-13 17:00:00,0,
BOKA,2019-07-13 18:00:00,0,
BOKA,2019-07-13 19:00:00,0,
BOKA,2019-07-13 20:00:00,0,
BOKA,2019-07-13 21:00:00,0,
BOKA,2019-07-13 22:00:00,0,
BOKA,2019-07-13 23:00:00,0,
BOKA,2019-07-14 00:00:00,0,
BOKA,2019-07-14 01:00:00,0,
BOKA,2019-07-14 02:00:00,0,
BOKA,2019-07-14 03:00:00,0,
BOKA,2019-07-14 04:00:00,0,
BOKA,2019-07-14 05:00:00,0,
BOKA,2019-07-14 06:00:00,0,
BOKA,2019-07-14 07:00:00,0,
BOKA,2019-07-14 08:00:00,0.2,
BOKA,2019-07-14 09:00:00,0,
BOKA,2019-07-14 10:00:00,0,
BOKA,2019-07-14 11:00:00,0,
BOKA,2019-07-14 12:00:00,0,
BOKA,2019-07-14 13:00:00,0,
BOKA,2019-07-14 14:00:00,0,
BOKA,2019-07-14 15:00:00,0,
BOKA,2019-07-14 16:00:00,0,
BOKA,2019-07-14 17:00:00,0,
BOKA,2019-07-14 18:00:00,0,
BOKA,2019-07-14 19:00:00,0,
BOKA,2019-07-14 20:00:00,0,
BOKA,2019-07-14 21:00:00,0,
BOKA,2019-07-14 22:00:00,0,
BOKA,2019-07-14 23:00:00,0,
BOKA,2019-07-15 00:00:00,0,
BOKA,2019-07-15 01:00:00,-999,
BOKA,2019-07-15 02:00:00,-999,
BOKA,2019-07-15 03:00:00,-999,
BOKA,2019-07-15 04:00:00,0,
BOKA,2019-07-15 05:00:00,0,
BOKA,2019-07-15 06:00:00,0,
BOKA,2019-07-15 07:00:00,0,
BOKA,2019-07-15 08:00:00,0,
BOKA,2019-07-15 09:00:00,0,
BOKA,2019-07-15 10:00:00,0,
BOKA,2019-07-15 11:00:00,0,
BOKA,2019-07-15 12:00:00,0.2,
BOKA,2019-07-15 13:00:00,0,
BOKA,2019-07-15 14:00:00,0,
BOKA,2019-07-15 15:00:00,0,
BOKA,2019-07-15 16:00:00,0,
BOKA,2019-07-15 17:00:00,0,
BOKA,2019-07-15 18:00:00,0,
BOKA,2019-07-15 19:00:00,0,
BOKA,2019-07-15 20:00:00,0,
BOKA,2019-07-15 21:00:00,0,
BOKA,2019-07-15 22:00:00,0,
BOKA,2019-07-15 23:00:00,0,
BOKA,2019-07-16 00:00:00,0,
BOKA,2019-07-16 01:00:00,0,
BOKA,2019-07-16 02:00:00,0,
BOKA,2019-07-16 03:00:00,0,
BOKA,2019-07-16 04:00:00,0,
BOKA,2019-07-16 05:00:00,0,
BOKA,2019-07-16 06:00:00,0,
BOKA,2019-07-16 07:00:00,0,
BOKA,2019-07-16 08:00:00,0,
BOKA,2019-07-16 09:00:00,0,
BOKA,2019-07-16 10:00:00,0,
BOKA,2019-07-16 11:00:00,0,
BOKA,2019-07-16 12:00:00,0,
BOKA,2019-07-16 13:00:00,0,
BOKA,2019-07-16 14:00:00,0,
BOKA,2019-07-16 15:00:00,0,
BOKA,2019-07-16 16:00:00,0,
BOKA,2019-07-16 17:00:00,0,
BOKA,2019-07-16 18:00:00,0,
BOKA,2019-07-16 19:00:00,0,
BOKA,2019-07-16 20:00:00,0,
BOKA,2019-07-16 21:00:00,0,
BOKA,2019-07-16 22:00:00,0,
BOKA,2019-07-16 23:00:00,0.2,
BOKA,2019-07-17 00:00:00,0,
BOKA,2019-07-17 01:00:00,0,
BOKA,2019-07-17 02:00:00,0,
BOKA,2019-07-17 03:00:00,0,
BOKA,2019-07-17 04:00:00,0,
BOKA,2019-07-17 05:00:00,0,
BOKA,2019-07-17 06:00:00,0,
BOKA,2019-07-17 07:00:00,0,
BOKA,2019-07-17 08:00:00,0,
BOKA,2019-07-17 09:00:00,0,
BOKA,2019-07-17 10:00:00,0,
BOKA,2019-07-17 11:00:00,0,
BOKA,2019-07-17 12:00:00,0,
BOKA,2019-07-17 13:00:00,0,
BOKA,2019-07-17 14:00:00,0,
BOKA,2019-07-17 15:00:00,0,
BOKA,2019-07-17 16:00:00,0,
BOKA,2019-07-17 17:00:00,0,
BOKA,2019-07-17 18:00:00,0,
BOKA,2019-07-17 19:00:00,0,
BOKA,2019-07-17 20:00:00,0,
BOKA,2019-07-17 21:00:00,0,
BOKA,2019-07-17 22:00:00,0,
BOKA,2019-07-17 23:00:00,0,
BOKA,2019-07-18 00:00:00,0,
BOKA,2019-07-18 01:00:00,0,
BOKA,2019-07-18 02:00:00,0,
BOKA,2019-07-18 03:00:00,0,
BOKA,2019-07-18 04:00:00,0,
BOKA,2019-07-18 05:00:00,0,
BOKA,2019-07-18 06:00:00,0,
BOKA,2019-07-18 07:00:00,0,
BOKA,2019-07-18 08:00:00,0,
BOKA,2019-07-18 09:00:00,0,
BOKA,2019-07-18 10:00:00,0,
BOKA,2019-07-18 11:00:00,0,
BOKA,2019-07-18 12:00:00,0,
BOKA,2019-07-18 13:00:00,0,
BOKA,2019-07-18 14:00:00,0,
BOKA,2019-07-18 15:00:00,0,
BOKA,2019-07-18 16:00:00,0,
BOKA,2019-07-18 17:00:00,0,
BOKA,2019-07-18 18:00:00,0,
BOKA,2019-07-18 19:00:00,0,
BOKA,2019-07-18 20:00:00,0,
BOKA,2019-07-18 21:00:00,0,
BOKA,2019-07-18 22:00:00,0,
BOKA,2019-07-18 23:00:00,0,
BOKA,2019-07-19 00:00:00,0,
BOKA,2019-07-19 01:00:00,0,
BOKA,2019-07-19 02:00:00,0,
BOKA,2019-07-19 03:00:00,0,
BOKA,2019-07-19 04:00:00,0,
BOKA,2019-07-19 05:00:00,0,
BOKA,2019-07-19 06:00:00,0,
BOKA,2019-07-19 07:00:00,0,
BOKA,2019-07-19 08:00:00,0,
BOKA,2019-07-19 09:00:00,0,
BOKA,2019-07-19 10:00:00,0,
BOKA,2019-07-19 11:00:00,0,
BOKA,2019-07-19 12:00:00,0,
BOKA,2019-07-19 13:00:00,0,
BOKA,2019-07-19 14:00:00,0,
BOKA,2019-07-19 15:00:00,0,
BOKA,2019-07-19 16:00:00,0,
BOKA,2019-07-19 17:00:00,0,
BOKA,2019-07-19 18:00:00,0,
BOKA,2019-07-19 19:00:00,0,
BOKA,2019-07-19 20:00:00,0,
BOKA,2019-07-19 21:00:00,0,
BOKA,2019-07-19 22:00:00,0,
BOKA,2019-07-19 23:00:00,0,
BOKA,2019-07-20 00:00:00,0,
BOKA,2019-07-20 01:00:00,0,
BOKA,2019-07-20 02:00:00,0,
BOKA,2019-07-20 03:00:00,0,
BOKA,2019-07-20 04:00:00,0,
BOKA,2019-07-20 05:00:00,0,
BOKA,2019-07-20 06:00:00,0,
BOKA,2019-07-20 07:00:00,0,
BOKA,2019-07-20 08:00:00,0,
BOKA,2019-07-20 09:00:00,0,
BOKA,2019-07-20 10:00:00,0,
BOKA,2019-07-20 11:00:00,0,
BOKA,2019-07-20 12:00:00,0,
BOKA,2019-07-20 13:00:00,0.2,
BOKA,2019-07-20 14:00:00,0.2,
BOKA,2019-07-20 15:00:00,0.2,
BOKA,2019-07-20 16:00:00,0,
BOKA,2019-07-20 17:00:00,0,
BOKA,2019-07-20 18:00:00,0.2,
BOKA,2019-07-20 19:00:00,0,
BOKA,2019-07-20 20:00:00,0,
BOKA,2019-07-20 21:00:00,0,
BOKA,2019-07-20 22:00:00,0,
BOKA,2019-07-20 23:00:00,0,
BOKA,2019-07-21 00:00:00,0,
BOKA,2019-07-21 01:00:00,0,
BOKA,2019-07-21 02:00:00,0,
BOKA,2019-07-21 03:00:00,0,
BOKA,2019-07-21 04:00:00,0,
BOKA,2019-07-21 05:00:00,0,
BOKA,2019-07-21 06:00:00,0,
BOKA,2019-07-21 07:00:00,0,
BOKA,2019-07-21 08:00:00,0.2,
BOKA,2019-07-21 09:00:00,0,
BOKA,2019-07-21 10:00:00,0,
BOKA,2019-07-21 11:00:00,0.6,
BOKA,2019-07-21 12:00:00,0.8,
BOKA,2019-07-21 13:00:00,0.2,
BOKA,2019-07-21 14:00:00,0.6,
BOKA,2019-07-21 15:00:00,0,
BOKA,2019-07-21 16:00:00,0,
BOKA,2019-07-21 17:00:00,0,
BOKA,2019-07-21 18:00:00,0,
BOKA,2019-07-21 19:00:00,0,
BOKA,2019-07-21 20:00:00,0,
BOKA,2019-07-21 21:00:00,0,
BOKA,2019-07-21 22:00:00,0.2,
BOKA,2019-07-21 23:00:00,1.4,
BOKA,2019-07-22 00:00:00,0.4,
BOKA,2019-07-22 01:00:00,0.2,
BOKA,2019-07-22 02:00:00,0.6,
BOKA,2019-07-22 03:00:00,0.4,
BOKA,2019-07-22 04:00:00,0.4,
BOKA,2019-07-22 05:00:00,0.4,
BOKA,2019-07-22 06:00:00,0.4,
BOKA,2019-07-22 07:00:00,0.6,
BOKA,2019-07-22 08:00:00,0.2,
BOKA,2019-07-22 09:00:00,0.2,
BOKA,2019-07-22 10:00:00,0.4,
BOKA,2019-07-22 11:00:00,0.4,
BOKA,2019-07-22 12:00:00,0.6,
BOKA,2019-07-22 13:00:00,0.4,
BOKA,2019-07-22 14:00:00,0.6,
BOKA,2019-07-22 15:00:00,0.6,
BOKA,2019-07-22 16:00:00,0.2,
BOKA,2019-07-22 17:00:00,0,
BOKA,2019-07-22 18:00:00,0.2,
BOKA,2019-07-22 19:00:00,0.2,
BOKA,2019-07-22 20:00:00,0,
BOKA,2019-07-22 21:00:00,0,
BOKA,2019-07-22 22:00:00,0,
BOKA,2019-07-22 23:00:00,0.2,
BOKA,2019-07-23 00:00:00,0,
BOKA,2019-07-23 01:00:00,0,
BOKA,2019-07-23 02:00:00,0,
BOKA,2019-07-23 03:00:00,0,
BOKA,2019-07-23 04:00:00,0,
BOKA,2019-07-23 05:00:00,0,
BOKA,2019-07-23 06:00:00,0,
BOKA,2019-07-23 07:00:00,0,
BOKA,2019-07-23 08:00:00,0,
BOKA,2019-07-23 09:00:00,0,
BOKA,2019-07-23 10:00:00,0,
BOKA,2019-07-23 11:00:00,0,
BOKA,2019-07-23 12:00:00,0,
BOKA,2019-07-23 13:00:00,0,
BOKA,2019-07-23 14:00:00,0.2,
BOKA,2019-07-23 15:00:00,0.4,
BOKA,2019-07-23 16:00:00,0,
BOKA,2019-07-23 17:00:00,0,
BOKA,2019-07-23 18:00:00,0,
BOKA,2019-07-23 19:00:00,0,
BOKA,2019-07-23 20:00:00,0,
BOKA,2019-07-23 21:00:00,0,
BOKA,2019-07-23 22:00:00,0,
BOKA,2019-07-23 23:00:00,0,
BOKA,2019-07-24 00:00:00,0.2,
BOKA,2019-07-24 01:00:00,0,
BOKA,2019-07-24 02:00:00,0,
BOKA,2019-07-24 03:00:00,0.4,
BOKA,2019-07-24 04:00:00,0,
BOKA,2019-07-24 05:00:00,0.2,
BOKA,2019-07-24 06:00:00,0,
BOKA,2019-07-24 07:00:00,0,
BOKA,2019-07-24 08:00:00,0.2,
BOKA,2019-07-24 09:00:00,0.2,
BOKA,2019-07-24 10:00:00,0.6,
BOKA,2019-07-24 11:00:00,2.2,
BOKA,2019-07-24 12:00:00,3.6,
BOKA,2019-07-24 13:00:00,2.4,
BOKA,2019-07-24 14:00:00,2.8,
BOKA,2019-07-24 15:00:00,1.6,
BOKA,2019-07-24 16:00:00,1,
BOKA,2019-07-24 17:00:00,2.2,
BOKA,2019-07-24 18:00:00,1.8,
BOKA,2019-07-24 19:00:00,0.8,
BOKA,2019-07-24 20:00:00,0.6,
BOKA,2019-07-24 21:00:00,0.8,
BOKA,2019-07-24 22:00:00,0.6,
BOKA,2019-07-24 23:00:00,0.4,
BOKA,2019-07-25 00:00:00,0.4,
BOKA,2019-07-25 01:00:00,0.4,
BOKA,2019-07-25 02:00:00,0.4,
BOKA,2019-07-25 03:00:00,0.6,
BOKA,2019-07-25 04:00:00,0.4,
BOKA,2019-07-25 05:00:00,0.8,
BOKA,2019-07-25 06:00:00,0.8,
BOKA,2019-07-25 07:00:00,1,
BOKA,2019-07-25 08:00:00,1.2,
BOKA,2019-07-25 09:00:00,1.6,
BOKA,2019-07-25 10:00:00,2,
BOKA,2019-07-25 11:00:00,2,
BOKA,2019-07-25 12:00:00,0.2,
BOKA,2019-07-25 13:00:00,0,
BOKA,2019-07-25 14:00:00,0,
BOKA,2019-07-25 15:00:00,0,
BOKA,2019-07-25 16:00:00,0,
BOKA,2019-07-25 17:00:00,0,
BOKA,2019-07-25 18:00:00,0,
BOKA,2019-07-25 19:00:00,0,
BOKA,2019-07-25 20:00:00,0,
BOKA,2019-07-25 21:00:00,1.6,
BOKA,2019-07-25 22:00:00,2.2,
BOKA,2019-07-25 23:00:00,1,
BOKA,2019-07-26 00:00:00,1.2,
BOKA,2019-07-26 01:00:00,0.8,
BOKA,2019-07-26 02:00:00,0.6,
BOKA,2019-07-26 03:00:00,1,
BOKA,2019-07-26 04:00:00,1,
BOKA,2019-07-26 05:00:00,0.8,
BOKA,2019-07-26 06:00:00,0.6,
BOKA,2019-07-26 07:00:00,0.8,
BOKA,2019-07-26 08:00:00,0.4,
BOKA,2019-07-26 09:00:00,0.8,
BOKA,2019-07-26 10:00:00,0.8,
BOKA,2019-07-26 11:00:00,0.2,
BOKA,2019-07-26 12:00:00,0,
BOKA,2019-07-26 13:00:00,0,
BOKA,2019-07-26 14:00:00,0,
BOKA,2019-07-26 15:00:00,1,
BOKA,2019-07-26 16:00:00,0,
BOKA,2019-07-26 17:00:00,0,
BOKA,2019-07-26 18:00:00,0,
BOKA,2019-07-26 19:00:00,0,
BOKA,2019-07-26 20:00:00,0,
BOKA,2019-07-26 21:00:00,0,
BOKA,2019-07-26 22:00:00,0,
BOKA,2019-07-26 23:00:00,0,
BOKA,2019-07-27 00:00:00,0,
BOKA,2019-07-27 01:00:00,0.2,
BOKA,2019-07-27 02:00:00,0.4,
BOKA,2019-07-27 03:00:00,0.4,
BOKA,2019-07-27 04:00:00,0.8,
BOKA,2019-07-27 05:00:00,0,
BOKA,2019-07-27 06:00:00,0.2,
BOKA,2019-07-27 07:00:00,0,
BOKA,2019-07-27 08:00:00,0,
BOKA,2019-07-27 09:00:00,0.2,
BOKA,2019-07-27 10:00:00,0,
BOKA,2019-07-27 11:00:00,0,
BOKA,2019-07-27 12:00:00,0,
BOKA,2019-07-27 13:00:00,0,
BOKA,2019-07-27 14:00:00,0,
BOKA,2019-07-27 15:00:00,0,
BOKA,2019-07-27 16:00:00,0,
BOKA,2019-07-27 17:00:00,0,
BOKA,2019-07-27 18:00:00,0,
BOKA,2019-07-27 19:00:00,0,
BOKA,2019-07-27 20:00:00,0,
BOKA,2019-07-27 21:00:00,0,
BOKA,2019-07-27 22:00:00,0,
BOKA,2019-07-27 23:00:00,0,
BOKA,2019-07-28 00:00:00,0,
BOKA,2019-07-28 01:00:00,0,
BOKA,2019-07-28 02:00:00,0,
BOKA,2019-07-28 03:00:00,0,
BOKA,2019-07-28 04:00:00,0,
BOKA,2019-07-28 05:00:00,0,
BOKA,2019-07-28 06:00:00,0,
BOKA,2019-07-28 07:00:00,0,
BOKA,2019-07-28 08:00:00,0,
BOKA,2019-07-28 09:00:00,0,
BOKA,2019-07-28 10:00:00,0,
BOKA,2019-07-28 11:00:00,0,
BOKA,2019-07-28 12:00:00,0,
BOKA,2019-07-28 13:00:00,0,
BOKA,2019-07-28 14:00:00,0,
BOKA,2019-07-28 15:00:00,0,
BOKA,2019-07-28 16:00:00,0,
BOKA,2019-07-28 17:00:00,0,
BOKA,2019-07-28 18:00:00,0,
BOKA,2019-07-28 19:00:00,0,
BOKA,2019-07-28 20:00:00,0,
BOKA,2019-07-28 21:00:00,0,
BOKA,2019-07-28 22:00:00,0,
BOKA,2019-07-28 23:00:00,0,
BOKA,2019-07-29 00:00:00,0,
BOKA,2019-07-29 01:00:00,0,
BOKA,2019-07-29 02:00:00,0,
BOKA,2019-07-29 03:00:00,0,
BOKA,2019-07-29 04:00:00,0,
BOKA,2019-07-29 05:00:00,0,
BOKA,2019-07-29 06:00:00,0,
BOKA,2019-07-29 07:00:00,0,
BOKA,2019-07-29 08:00:00,0,
BOKA,2019-07-29 09:00:00,0,
BOKA,2019-07-29 10:00:00,0,
BOKA,2019-07-29 11:00:00,0,
BOKA,2019-07-29 12:00:00,0,
BOKA,2019-07-29 13:00:00,0,
BOKA,2019-07-29 14:00:00,0,
BOKA,2019-07-29 15:00:00,0,
BOKA,2019-07-29 16:00:00,0,
BOKA,2019-07-29 17:00:00,0,
BOKA,2019-07-29 18:00:00,0,
BOKA,2019-07-29 19:00:00,0,
BOKA,2019-07-29 20:00:00,0,
BOKA,2019-07-29 21:00:00,0,
BOKA,2019-07-29 22:00:00,0,
BOKA,2019-07-29 23:00:00,0,
BOKA,2019-07-30 00:00:00,0,
BOKA,2019-07-30 01:00:00,3.4,
BOKA,2019-07-30 02:00:00,1.2,
BOKA,2019-07-30 03:00:00,6.4,
BOKA,2019-07-30 04:00:00,4,
BOKA,2019-07-30 05:00:00,10.2,
BOKA,2019-07-30 06:00:00,16.6,
BOKA,2019-07-30 07:00:00,45.4,
BOKA,2019-07-30 08:00:00,4.6,
BOKA,2019-07-30 09:00:00,29.8,
BOKA,2019-07-30 10:00:00,8.2,
BOKA,2019-07-30 11:00:00,0.8,
BOKA,2019-07-30 12:00:00,0,
BOKA,2019-07-30 13:00:00,0,
BOKA,2019-07-30 14:00:00,0,
BOKA,2019-07-30 15:00:00,0,
BOKA,2019-07-30 16:00:00,0,
BOKA,2019-07-30 17:00:00,0,
BOKA,2019-07-30 18:00:00,0,
BOKA,2019-07-30 19:00:00,0,
BOKA,2019-07-30 20:00:00,0,
BOKA,2019-07-30 21:00:00,0,
BOKA,2019-07-30 22:00:00,0.4,
BOKA,2019-07-30 23:00:00,3.2,
BOKA,2019-07-31 00:00:00,2,
BOKA,2019-07-31 01:00:00,0,
BOKA,2019-07-31 02:00:00,0.4,
BOKA,2019-07-31 03:00:00,0.8,
BOKA,2019-07-31 04:00:00,15.6,
BOKA,2019-07-31 05:00:00,5.6,
BOKA,2019-07-31 06:00:00,5.2,
BOKA,2019-07-31 07:00:00,1.6,
BOKA,2019-07-31 08:00:00,0,
BOKA,2019-07-31 09:00:00,1.6,
BOKA,2019-07-31 10:00:00,0.4,
BOKA,2019-07-31 11:00:00,0,
BOKA,2019-07-31 12:00:00,0,
BOKA,2019-07-31 13:00:00,0,
BOKA,2019-07-31 14:00:00,0,
BOKA,2019-07-31 15:00:00,0,
BOKA,2019-07-31 16:00:00,0,
BOKA,2019-07-31 17:00:00,0,
BOKA,2019-07-31 18:00:00,1.2,
BOKA,2019-07-31 19:00:00,0.2,
BOKA,2019-07-31 20:00:00,0.2,
BOKA,2019-07-31 21:00:00,0,
BOKA,2019-07-31 22:00:00,6,
BOKA,2019-07-31 23:00:00,3.8,
BNKK,2019-07-01 00:00:00,0,
BNKK,2019-07-01 01:00:00,0,
BNKK,2019-07-01 02:00:00,0,
BNKK,2019-07-01 03:00:00,0,
BNKK,2019-07-01 04:00:00,0,
BNKK,2019-07-01 05:00:00,0,
BNKK,2019-07-01 06:00:00,0,
BNKK,2019-07-01 07:00:00,0,
BNKK,2019-07-01 08:00:00,0,
BNKK,2019-07-01 09:00:00,0,
BNKK,2019-07-01 10:00:00,0,
BNKK,2019-07-01 11:00:00,0,
BNKK,2019-07-01 12:00:00,0,
BNKK,2019-07-01 13:00:00,0,
BNKK,2019-07-01 14:00:00,0,
BNKK,2019-07-01 15:00:00,0,
BNKK,2019-07-01 16:00:00,0,
BNKK,2019-07-01 17:00:00,0,
BNKK,2019-07-01 18:00:00,0,
BNKK,2019-07-01 19:00:00,0,
BNKK,2019-07-01 20:00:00,0,
BNKK,2019-07-01 21:00:00,0,
BNKK,2019-07-01 22:00:00,0,
BNKK,2019-07-01 23:00:00,0,
BNKK,2019-07-02 00:00:00,0,
BNKK,2019-07-02 01:00:00,0,
BNKK,2019-07-02 02:00:00,0,
BNKK,2019-07-02 03:00:00,0,
BNKK,2019-07-02 04:00:00,0,
BNKK,2019-07-02 05:00:00,0.2,
BNKK,2019-07-02 06:00:00,1.4,
BNKK,2019-07-02 07:00:00,0.6,
BNKK,2019-07-02 08:00:00,0,
BNKK,2019-07-02 09:00:00,0,
BNKK,2019-07-02 10:00:00,0,
BNKK,2019-07-02 11:00:00,0,
BNKK,2019-07-02 12:00:00,0,
BNKK,2019-07-02 13:00:00,0.2,
BNKK,2019-07-02 14:00:00,1.8,
BNKK,2019-07-02 15:00:00,1.6,
BNKK,2019-07-02 16:00:00,0.6,
BNKK,2019-07-02 17:00:00,0,
BNKK,2019-07-02 18:00:00,0,
BNKK,2019-07-02 19:00:00,0,
BNKK,2019-07-02 20:00:00,0,
BNKK,2019-07-02 21:00:00,0,
BNKK,2019-07-02 22:00:00,0,
BNKK,2019-07-02 23:00:00,0,
BNKK,2019-07-03 00:00:00,0,
BNKK,2019-07-03 01:00:00,0,
BNKK,2019-07-03 02:00:00,0,
BNKK,2019-07-03 03:00:00,1.8,
BNKK,2019-07-03 04:00:00,1.4,
BNKK,2019-07-03 05:00:00,0.4,
BNKK,2019-07-03 06:00:00,0.6,
BNKK,2019-07-03 07:00:00,0.2,
BNKK,2019-07-03 08:00:00,0,
BNKK,2019-07-03 09:00:00,0,
BNKK,2019-07-03 10:00:00,0,
BNKK,2019-07-03 11:00:00,0,
BNKK,2019-07-03 12:00:00,0,
BNKK,2019-07-03 13:00:00,0.4,
BNKK,2019-07-03 14:00:00,0,
BNKK,2019-07-03 15:00:00,0,
BNKK,2019-07-03 16:00:00,0,
BNKK,2019-07-03 17:00:00,0,
BNKK,2019-07-03 18:00:00,0,
BNKK,2019-07-03 19:00:00,0,
BNKK,2019-07-03 20:00:00,0,
BNKK,2019-07-03 21:00:00,0,
BNKK,2019-07-03 22:00:00,0,
BNKK,2019-07-03 23:00:00,0,
BNKK,2019-07-04 00:00:00,0,
BNKK,2019-07-04 01:00:00,0,
BNKK,2019-07-04 02:00:00,0,
BNKK,2019-07-04 03:00:00,0,
BNKK,2019-07-04 04:00:00,0,
BNKK,2019-07-04 05:00:00,0,
BNKK,2019-07-04 06:00:00,0,
BNKK,2019-07-04 07:00:00,0,
BNKK,2019-07-04 08:00:00,0,
BNKK,2019-07-04 09:00:00,0,
BNKK,2019-07-04 10:00:00,0,
BNKK,2019-07-04 11:00:00,0,
BNKK,2019-07-04 12:00:00,0,
BNKK,2019-07-04 13:00:00,0,
BNKK,2019-07-04 14:00:00,0,
BNKK,2019-07-04 15:00:00,0,
BNKK,2019-07-04 16:00:00,0,
BNKK,2019-07-04 17:00:00,0,
BNKK,2019-07-04 18:00:00,0,
BNKK,2019-07-04 19:00:00,0,
BNKK,2019-07-04 20:00:00,0,
BNKK,2019-07-04 21:00:00,0,
BNKK,2019-07-04 22:00:00,0,
BNKK,2019-07-04 23:00:00,0,
BNKK,2019-07-05 00:00:00,0,
BNKK,2019-07-05 01:00:00,0,
BNKK,2019-07-05 02:00:00,0,
BNKK,2019-07-05 03:00:00,0,
BNKK,2019-07-05 04:00:00,0,
BNKK,2019-07-05 05:00:00,0,
BNKK,2019-07-05 06:00:00,-999,
BNKK,2019-07-05 07:00:00,-999,
BNKK,2019-07-05 08:00:00,-999,
BNKK,2019-07-05 09:00:00,-999,
BNKK,2019-07-05 10:00:00,-999,
BNKK,2019-07-05 11:00:00,-999,
BNKK,2019-07-05 12:00:00,0,
BNKK,2019-07-05 13:00:00,0,
BNKK,2019-07-05 14:00:00,0,
BNKK,2019-07-05 15:00:00,-999,
BNKK,2019-07-05 16:00:00,0,
BNKK,2019-07-05 17:00:00,-999,
BNKK,2019-07-05 18:00:00,0,
BNKK,2019-07-05 19:00:00,0,
BNKK,2019-07-05 20:00:00,0,
BNKK,2019-07-05 21:00:00,0,
BNKK,2019-07-05 22:00:00,0,
BNKK,2019-07-05 23:00:00,0,
BNKK,2019-07-06 00:00:00,0,
BNKK,2019-07-06 01:00:00,0,
BNKK,2019-07-06 02:00:00,0,
BNKK,2019-07-06 03:00:00,0,
BNKK,2019-07-06 04:00:00,0,
BNKK,2019-07-06 05:00:00,0,
BNKK,2019-07-06 06:00:00,0,
BNKK,2019-07-06 07:00:00,0,
BNKK,2019-07-06 08:00:00,0,
BNKK,2019-07-06 09:00:00,0,
BNKK,2019-07-06 10:00:00,0,
BNKK,2019-07-06 11:00:00,0,
BNKK,2019-07-06 12:00:00,0,
BNKK,2019-07-06 13:00:00,0,
BNKK,2019-07-06 14:00:00,0,
BNKK,2019-07-06 15:00:00,0,
BNKK,2019-07-06 16:00:00,0,
BNKK,2019-07-06 17:00:00,0,
BNKK,2019-07-06 18:00:00,0,
BNKK,2019-07-06 19:00:00,0,
BNKK,2019-07-06 20:00:00,0,
BNKK,2019-07-06 21:00:00,0,
BNKK,2019-07-06 22:00:00,0,
BNKK,2019-07-06 23:00:00,0,
BNKK,2019-07-07 00:00:00,0,
BNKK,2019-07-07 01:00:00,0,
BNKK,2019-07-07 02:00:00,0,
BNKK,2019-07-07 03:00:00,0,
BNKK,2019-07-07 04:00:00,0,
BNKK,2019-07-07 05:00:00,0,
BNKK,2019-07-07 06:00:00,0,
BNKK,2019-07-07 07:00:00,0,
BNKK,2019-07-07 08:00:00,0,
BNKK,2019-07-07 09:00:00,0,
BNKK,2019-07-07 10:00:00,0,
BNKK,2019-07-07 11:00:00,0,
BNKK,2019-07-07 12:00:00,0,
BNKK,2019-07-07 13:00:00,0,
BNKK,2019-07-07 14:00:00,0,
BNKK,2019-07-07 15:00:00,0,
BNKK,2019-07-07 16:00:00,0,
BNKK,2019-07-07 17:00:00,0,
BNKK,2019-07-07 18:00:00,0,
BNKK,2019-07-07 19:00:00,0,
BNKK,2019-07-07 20:00:00,0,
BNKK,2019-07-07 21:00:00,0,
BNKK,2019-07-07 22:00:00,0,
BNKK,2019-07-07 23:00:00,0,
BNKK,2019-07-08 00:00:00,0,
BNKK,2019-07-08 01:00:00,0,
BNKK,2019-07-08 02:00:00,0,
BNKK,2019-07-08 03:00:00,0,
BNKK,2019-07-08 04:00:00,0,
BNKK,2019-07-08 05:00:00,0,
BNKK,2019-07-08 06:00:00,0,
BNKK,2019-07-08 07:00:00,0,
BNKK,2019-07-08 08:00:00,0,
BNKK,2019-07-08 09:00:00,0,
BNKK,2019-07-08 10:00:00,0,
BNKK,2019-07-08 11:00:00,0,
BNKK,2019-07-08 12:00:00,0,
BNKK,2019-07-08 13:00:00,0,
BNKK,2019-07-08 14:00:00,0,
BNKK,2019-07-08 15:00:00,0,
BNKK,2019-07-08 16:00:00,0,
BNKK,2019-07-08 17:00:00,0.6,
BNKK,2019-07-08 18:00:00,1.2,
BNKK,2019-07-08 19:00:00,0.8,
BNKK,2019-07-08 20:00:00,0,
BNKK,2019-07-08 21:00:00,0,
BNKK,2019-07-08 22:00:00,0,
BNKK,2019-07-08 23:00:00,0,
BNKK,2019-07-09 00:00:00,0,
BNKK,2019-07-09 01:00:00,0,
BNKK,2019-07-09 02:00:00,0,
BNKK,2019-07-09 03:00:00,0,
BNKK,2019-07-09 04:00:00,0,
BNKK,2019-07-09 05:00:00,0,
BNKK,2019-07-09 06:00:00,0,
BNKK,2019-07-09 07:00:00,0,
BNKK,2019-07-09 08:00:00,0,
BNKK,2019-07-09 09:00:00,0,
BNKK,2019-07-09 10:00:00,0,
BNKK,2019-07-09 11:00:00,0,
BNKK,2019-07-09 12:00:00,0,
BNKK,2019-07-09 13:00:00,0,
BNKK,2019-07-09 14:00:00,0,
BNKK,2019-07-09 15:00:00,0,
BNKK,2019-07-09 16:00:00,0,
BNKK,2019-07-09 17:00:00,0,
BNKK,2019-07-09 18:00:00,0,
BNKK,2019-07-09 19:00:00,0,
BNKK,2019-07-09 20:00:00,0,
BNKK,2019-07-09 21:00:00,0,
BNKK,2019-07-09 22:00:00,0,
BNKK,2019-07-09 23:00:00,0,
BNKK,2019-07-10 00:00:00,0,
BNKK,2019-07-10 01:00:00,0,
BNKK,2019-07-10 02:00:00,0,
BNKK,2019-07-10 03:00:00,0,
BNKK,2019-07-10 04:00:00,0,
BNKK,2019-07-10 05:00:00,0,
BNKK,2019-07-10 06:00:00,0,
BNKK,2019-07-10 07:00:00,0,
BNKK,2019-07-10 08:00:00,0,
BNKK,2019-07-10 09:00:00,0,
BNKK,2019-07-10 10:00:00,0,
BNKK,2019-07-10 11:00:00,0,
BNKK,2019-07-10 12:00:00,0,
BNKK,2019-07-10 13:00:00,0,
BNKK,2019-07-10 14:00:00,0,
BNKK,2019-07-10 15:00:00,0,
BNKK,2019-07-10 16:00:00,0,
BNKK,2019-07-10 17:00:00,0,
BNKK,2019-07-10 18:00:00,0,
BNKK,2019-07-10 19:00:00,0,
BNKK,2019-07-10 20:00:00,0,
BNKK,2019-07-10 21:00:00,0,
BNKK,2019-07-10 22:00:00,0,
BNKK,2019-07-10 23:00:00,0,
BNKK,2019-07-11 00:00:00,0,
BNKK,2019-07-11 01:00:00,0,
BNKK,2019-07-11 02:00:00,0,
BNKK,2019-07-11 03:00:00,0,
BNKK,2019-07-11 04:00:00,0,
BNKK,2019-07-11 05:00:00,0,
BNKK,2019-07-11 06:00:00,0,
BNKK,2019-07-11 07:00:00,0,
BNKK,2019-07-11 08:00:00,0,
BNKK,2019-07-11 09:00:00,0,
BNKK,2019-07-11 10:00:00,0,
BNKK,2019-07-11 11:00:00,0,
BNKK,2019-07-11 12:00:00,0,
BNKK,2019-07-11 13:00:00,0,
BNKK,2019-07-11 14:00:00,0,
BNKK,2019-07-11 15:00:00,0,
BNKK,2019-07-11 16:00:00,0,
BNKK,2019-07-11 17:00:00,0,
BNKK,2019-07-11 18:00:00,0,
BNKK,2019-07-11 19:00:00,0,
BNKK,2019-07-11 20:00:00,0,
BNKK,2019-07-11 21:00:00,0,
BNKK,2019-07-11 22:00:00,0,
BNKK,2019-07-11 23:00:00,0,
BNKK,2019-07-12 00:00:00,0,
BNKK,2019-07-12 01:00:00,0,
BNKK,2019-07-12 02:00:00,0,
BNKK,2019-07-12 03:00:00,0,
BNKK,2019-07-12 04:00:00,0,
BNKK,2019-07-12 05:00:00,0,
BNKK,2019-07-12 06:00:00,0,
BNKK,2019-07-12 07:00:00,0,
BNKK,2019-07-12 08:00:00,0,
BNKK,2019-07-12 09:00:00,0,
BNKK,2019-07-12 10:00:00,0,
BNKK,2019-07-12 11:00:00,0,
BNKK,2019-07-12 12:00:00,0,
BNKK,2019-07-12 13:00:00,0,
BNKK,2019-07-12 14:00:00,0,
BNKK,2019-07-12 15:00:00,0,
BNKK,2019-07-12 16:00:00,0,
BNKK,2019-07-12 17:00:00,0,
BNKK,2019-07-12 18:00:00,0,
BNKK,2019-07-12 19:00:00,0,
BNKK,2019-07-12 20:00:00,0,
BNKK,2019-07-12 21:00:00,0,
BNKK,2019-07-12 22:00:00,0,
BNKK,2019-07-12 23:00:00,0,
BNKK,2019-07-13 00:00:00,0,
BNKK,2019-07-13 01:00:00,0,
BNKK,2019-07-13 02:00:00,0,
BNKK,2019-07-13 03:00:00,0,
BNKK,2019-07-13 04:00:00,0,
BNKK,2019-07-13 05:00:00,0,
BNKK,2019-07-13 06:00:00,0,
BNKK,2019-07-13 07:00:00,0,
BNKK,2019-07-13 08:00:00,0,
BNKK,2019-07-13 09:00:00,0,
BNKK,2019-07-13 10:00:00,0,
BNKK,2019-07-13 11:00:00,0,
BNKK,2019-07-13 12:00:00,0,
BNKK,2019-07-13 13:00:00,0,
BNKK,2019-07-13 14:00:00,0,
BNKK,2019-07-13 15:00:00,0,
BNKK,2019-07-13 16:00:00,0,
BNKK,2019-07-13 17:00:00,0,
BNKK,2019-07-13 18:00:00,0,
BNKK,2019-07-13 19:00:00,0,
BNKK,2019-07-13 20:00:00,0,
BNKK,2019-07-13 21:00:00,0,
BNKK,2019-07-13 22:00:00,0,
BNKK,2019-07-13 23:00:00,0,
BNKK,2019-07-14 00:00:00,0,
BNKK,2019-07-14 01:00:00,0,
BNKK,2019-07-14 02:00:00,0,
BNKK,2019-07-14 03:00:00,0,
BNKK,2019-07-14 04:00:00,0,
BNKK,2019-07-14 05:00:00,0,
BNKK,2019-07-14 06:00:00,0,
BNKK,2019-07-14 07:00:00,0,
BNKK,2019-07-14 08:00:00,0,
BNKK,2019-07-14 09:00:00,0,
BNKK,2019-07-14 10:00:00,0,
BNKK,2019-07-14 11:00:00,0,
BNKK,2019-07-14 12:00:00,0,
BNKK,2019-07-14 13:00:00,0,
BNKK,2019-07-14 14:00:00,0,
BNKK,2019-07-14 15:00:00,0,
BNKK,2019-07-14 16:00:00,0,
BNKK,2019-07-14 17:00:00,0,
BNKK,2019-07-14 18:00:00,0.2,
BNKK,2019-07-14 19:00:00,0,
BNKK,2019-07-14 20:00:00,0,
BNKK,2019-07-14 21:00:00,0,
BNKK,2019-07-14 22:00:00,0,
BNKK,2019-07-14 23:00:00,0,
BNKK,2019-07-15 00:00:00,0,
BNKK,2019-07-15 01:00:00,0,
BNKK,2019-07-15 02:00:00,0,
BNKK,2019-07-15 03:00:00,0,
BNKK,2019-07-15 04:00:00,0,
BNKK,2019-07-15 05:00:00,0,
BNKK,2019-07-15 06:00:00,0,
BNKK,2019-07-15 07:00:00,0,
BNKK,2019-07-15 08:00:00,0,
BNKK,2019-07-15 09:00:00,0,
BNKK,2019-07-15 10:00:00,0,
BNKK,2019-07-15 11:00:00,0,
BNKK,2019-07-15 12:00:00,0,
BNKK,2019-07-15 13:00:00,0,
BNKK,2019-07-15 14:00:00,0,
BNKK,2019-07-15 15:00:00,0,
BNKK,2019-07-15 16:00:00,0,
BNKK,2019-07-15 17:00:00,0,
BNKK,2019-07-15 18:00:00,0,
BNKK,2019-07-15 19:00:00,0,
BNKK,2019-07-15 20:00:00,0,
BNKK,2019-07-15 21:00:00,0,
BNKK,2019-07-15 22:00:00,0,
BNKK,2019-07-15 23:00:00,0,
BNKK,2019-07-16 00:00:00,0,
BNKK,2019-07-16 01:00:00,0,
BNKK,2019-07-16 02:00:00,0,
BNKK,2019-07-16 03:00:00,0,
BNKK,2019-07-16 04:00:00,0,
BNKK,2019-07-16 05:00:00,0,
BNKK,2019-07-16 06:00:00,0,
BNKK,2019-07-16 07:00:00,0,
BNKK,2019-07-16 08:00:00,0,
BNKK,2019-07-16 09:00:00,0,
BNKK,2019-07-16 10:00:00,0,
BNKK,2019-07-16 11:00:00,0,
BNKK,2019-07-16 12:00:00,0,
BNKK,2019-07-16 13:00:00,0,
BNKK,2019-07-16 14:00:00,0,
BNKK,2019-07-16 15:00:00,0,
BNKK,2019-07-16 16:00:00,0,
BNKK,2019-07-16 17:00:00,0,
BNKK,2019-07-16 18:00:00,0,
BNKK,2019-07-16 19:00:00,0,
BNKK,2019-07-16 20:00:00,0,
BNKK,2019-07-16 21:00:00,0,
BNKK,2019-07-16 22:00:00,0,
BNKK,2019-07-16 23:00:00,0,
BNKK,2019-07-17 00:00:00,0,
BNKK,2019-07-17 01:00:00,0,
BNKK,2019-07-17 02:00:00,0,
BNKK,2019-07-17 03:00:00,0,
BNKK,2019-07-17 04:00:00,0,
BNKK,2019-07-17 05:00:00,0,
BNKK,2019-07-17 06:00:00,0,
BNKK,2019-07-17 07:00:00,0,
BNKK,2019-07-17 08:00:00,0,
BNKK,2019-07-17 09:00:00,0,
BNKK,2019-07-17 10:00:00,0,
BNKK,2019-07-17 11:00:00,0,
BNKK,2019-07-17 12:00:00,0,
BNKK,2019-07-17 13:00:00,0,
BNKK,2019-07-17 14:00:00,0,
BNKK,2019-07-17 15:00:00,0,
BNKK,2019-07-17 16:00:00,0,
BNKK,2019-07-17 17:00:00,0,
BNKK,2019-07-17 18:00:00,0,
BNKK,2019-07-17 19:00:00,0,
BNKK,2019-07-17 20:00:00,0,
BNKK,2019-07-17 21:00:00,0,
BNKK,2019-07-17 22:00:00,0,
BNKK,2019-07-17 23:00:00,0,
BNKK,2019-07-18 00:00:00,0,
BNKK,2019-07-18 01:00:00,0,
BNKK,2019-07-18 02:00:00,0,
BNKK,2019-07-18 03:00:00,0,
BNKK,2019-07-18 04:00:00,0,
BNKK,2019-07-18 05:00:00,0,
BNKK,2019-07-18 06:00:00,0,
BNKK,2019-07-18 07:00:00,0,
BNKK,2019-07-18 08:00:00,0,
BNKK,2019-07-18 09:00:00,0,
BNKK,2019-07-18 10:00:00,0,
BNKK,2019-07-18 11:00:00,0,
BNKK,2019-07-18 12:00:00,0,
BNKK,2019-07-18 13:00:00,0,
BNKK,2019-07-18 14:00:00,0,
BNKK,2019-07-18 15:00:00,0,
BNKK,2019-07-18 16:00:00,6,
BNKK,2019-07-18 17:00:00,3,
BNKK,2019-07-18 18:00:00,1.2,
BNKK,2019-07-18 19:00:00,0.6,
BNKK,2019-07-18 20:00:00,0.4,
BNKK,2019-07-18 21:00:00,0.2,
BNKK,2019-07-18 22:00:00,-999,
BNKK,2019-07-18 23:00:00,0.2,
BNKK,2019-07-19 00:00:00,0,
BNKK,2019-07-19 01:00:00,0,
BNKK,2019-07-19 02:00:00,0,
BNKK,2019-07-19 03:00:00,0,
BNKK,2019-07-19 04:00:00,0,
BNKK,2019-07-19 05:00:00,0,
BNKK,2019-07-19 06:00:00,0,
BNKK,2019-07-19 07:00:00,0,
BNKK,2019-07-19 08:00:00,0,
BNKK,2019-07-19 09:00:00,0,
BNKK,2019-07-19 10:00:00,0,
BNKK,2019-07-19 11:00:00,0,
BNKK,2019-07-19 12:00:00,0,
BNKK,2019-07-19 13:00:00,0,
BNKK,2019-07-19 14:00:00,0,
BNKK,2019-07-19 15:00:00,0,
BNKK,2019-07-19 16:00:00,0,
BNKK,2019-07-19 17:00:00,0,
BNKK,2019-07-19 18:00:00,0,
BNKK,2019-07-19 19:00:00,0,
BNKK,2019-07-19 20:00:00,0,
BNKK,2019-07-19 21:00:00,0,
BNKK,2019-07-19 22:00:00,0,
BNKK,2019-07-19 23:00:00,0,
BNKK,2019-07-20 00:00:00,0,
BNKK,2019-07-20 01:00:00,0,
BNKK,2019-07-20 02:00:00,0,
BNKK,2019-07-20 03:00:00,0,
BNKK,2019-07-20 04:00:00,0,
BNKK,2019-07-20 05:00:00,0,
BNKK,2019-07-20 06:00:00,0,
BNKK,2019-07-20 07:00:00,0,
BNKK,2019-07-20 08:00:00,0,
BNKK,2019-07-20 09:00:00,0,
BNKK,2019-07-20 10:00:00,0,
BNKK,2019-07-20 11:00:00,0,
BNKK,2019-07-20 12:00:00,0,
BNKK,2019-07-20 13:00:00,0,
BNKK,2019-07-20 14:00:00,0,
BNKK,2019-07-20 15:00:00,0,
BNKK,2019-07-20 16:00:00,0,
BNKK,2019-07-20 17:00:00,0,
BNKK,2019-07-20 18:00:00,0,
BNKK,2019-07-20 19:00:00,0,
BNKK,2019-07-20 20:00:00,0,
BNKK,2019-07-20 21:00:00,0,
BNKK,2019-07-20 22:00:00,0,
BNKK,2019-07-20 23:00:00,0,
BNKK,2019-07-21 00:00:00,0,
BNKK,2019-07-21 01:00:00,0,
BNKK,2019-07-21 02:00:00,0,
BNKK,2019-07-21 03:00:00,0,
BNKK,2019-07-21 04:00:00,0,
BNKK,2019-07-21 05:00:00,0,
BNKK,2019-07-21 06:00:00,0,
BNKK,2019-07-21 07:00:00,0,
BNKK,2019-07-21 08:00:00,0,
BNKK,2019-07-21 09:00:00,0,
BNKK,2019-07-21 10:00:00,0,
BNKK,2019-07-21 11:00:00,0,
BNKK,2019-07-21 12:00:00,0,
BNKK,2019-07-21 13:00:00,0,
BNKK,2019-07-21 14:00:00,0,
BNKK,2019-07-21 15:00:00,0,
BNKK,2019-07-21 16:00:00,0,
BNKK,2019-07-21 17:00:00,0,
BNKK,2019-07-21 18:00:00,0,
BNKK,2019-07-21 19:00:00,0,
BNKK,2019-07-21 20:00:00,0,
BNKK,2019-07-21 21:00:00,0,
BNKK,2019-07-21 22:00:00,0,
BNKK,2019-07-21 23:00:00,0,
BNKK,2019-07-22 00:00:00,0,
BNKK,2019-07-22 01:00:00,0,
BNKK,2019-07-22 02:00:00,0,
BNKK,2019-07-22 03:00:00,0,
BNKK,2019-07-22 04:00:00,0,
BNKK,2019-07-22 05:00:00,0,
BNKK,2019-07-22 06:00:00,0,
BNKK,2019-07-22 07:00:00,0,
BNKK,2019-07-22 08:00:00,0,
BNKK,2019-07-22 09:00:00,0,
BNKK,2019-07-22 10:00:00,0,
BNKK,2019-07-22 11:00:00,0,
BNKK,2019-07-22 12:00:00,0,
BNKK,2019-07-22 13:00:00,0,
BNKK,2019-07-22 14:00:00,0,
BNKK,2019-07-22 15:00:00,0,
BNKK,2019-07-22 16:00:00,0,
BNKK,2019-07-22 17:00:00,0,
BNKK,2019-07-22 18:00:00,0,
BNKK,2019-07-22 19:00:00,0,
BNKK,2019-07-22 20:00:00,0,
BNKK,2019-07-22 21:00:00,0,
BNKK,2019-07-22 22:00:00,0,
BNKK,2019-07-22 23:00:00,0,
BNKK,2019-07-23 00:00:00,0,
BNKK,2019-07-23 01:00:00,0,
BNKK,2019-07-23 02:00:00,0,
BNKK,2019-07-23 03:00:00,0,
BNKK,2019-07-23 04:00:00,0,
BNKK,2019-07-23 05:00:00,0,
BNKK,2019-07-23 06:00:00,0,
BNKK,2019-07-23 07:00:00,0,
BNKK,2019-07-23 08:00:00,0,
BNKK,2019-07-23 09:00:00,0,
BNKK,2019-07-23 10:00:00,0,
BNKK,2019-07-23 11:00:00,0,
BNKK,2019-07-23 12:00:00,0,
BNKK,2019-07-23 13:00:00,0,
BNKK,2019-07-23 14:00:00,0,
BNKK,2019-07-23 15:00:00,0,
BNKK,2019-07-23 16:00:00,0,
BNKK,2019-07-23 17:00:00,0,
BNKK,2019-07-23 18:00:00,0,
BNKK,2019-07-23 19:00:00,0,
BNKK,2019-07-23 20:00:00,0.4,
BNKK,2019-07-23 21:00:00,0.8,
BNKK,2019-07-23 22:00:00,0.2,
BNKK,2019-07-23 23:00:00,0.4,
BNKK,2019-07-24 00:00:00,0,
BNKK,2019-07-24 01:00:00,0,
BNKK,2019-07-24 02:00:00,0,
BNKK,2019-07-24 03:00:00,0,
BNKK,2019-07-24 04:00:00,0,
BNKK,2019-07-24 05:00:00,0,
BNKK,2019-07-24 06:00:00,0,
BNKK,2019-07-24 07:00:00,0,
BNKK,2019-07-24 08:00:00,0,
BNKK,2019-07-24 09:00:00,0.2,
BNKK,2019-07-24 10:00:00,0.4,
BNKK,2019-07-24 11:00:00,1.8,
BNKK,2019-07-24 12:00:00,1.4,
BNKK,2019-07-24 13:00:00,0.8,
BNKK,2019-07-24 14:00:00,0.6,
BNKK,2019-07-24 15:00:00,0.2,
BNKK,2019-07-24 16:00:00,0,
BNKK,2019-07-24 17:00:00,0.2,
BNKK,2019-07-24 18:00:00,0,
BNKK,2019-07-24 19:00:00,0.2,
BNKK,2019-07-24 20:00:00,0,
BNKK,2019-07-24 21:00:00,0,
BNKK,2019-07-24 22:00:00,0,
BNKK,2019-07-24 23:00:00,0,
BNKK,2019-07-25 00:00:00,0,
BNKK,2019-07-25 01:00:00,0.2,
BNKK,2019-07-25 02:00:00,0,
BNKK,2019-07-25 03:00:00,0,
BNKK,2019-07-25 04:00:00,0,
BNKK,2019-07-25 05:00:00,0,
BNKK,2019-07-25 06:00:00,0,
BNKK,2019-07-25 07:00:00,0,
BNKK,2019-07-25 08:00:00,0,
BNKK,2019-07-25 09:00:00,0,
BNKK,2019-07-25 10:00:00,0,
BNKK,2019-07-25 11:00:00,0,
BNKK,2019-07-25 12:00:00,0,
BNKK,2019-07-25 13:00:00,0,
BNKK,2019-07-25 14:00:00,0,
BNKK,2019-07-25 15:00:00,0,
BNKK,2019-07-25 16:00:00,0.2,
BNKK,2019-07-25 17:00:00,0,
BNKK,2019-07-25 18:00:00,0,
BNKK,2019-07-25 19:00:00,0,
BNKK,2019-07-25 20:00:00,0,
BNKK,2019-07-25 21:00:00,0,
BNKK,2019-07-25 22:00:00,0,
BNKK,2019-07-25 23:00:00,0,
BNKK,2019-07-26 00:00:00,0,
BNKK,2019-07-26 01:00:00,0,
BNKK,2019-07-26 02:00:00,0,
BNKK,2019-07-26 03:00:00,0,
BNKK,2019-07-26 04:00:00,0,
BNKK,2019-07-26 05:00:00,0,
BNKK,2019-07-26 06:00:00,0,
BNKK,2019-07-26 07:00:00,0,
BNKK,2019-07-26 08:00:00,0,
BNKK,2019-07-26 09:00:00,0,
BNKK,2019-07-26 10:00:00,0,
BNKK,2019-07-26 11:00:00,0,
BNKK,2019-07-26 12:00:00,0,
BNKK,2019-07-26 13:00:00,0,
BNKK,2019-07-26 14:00:00,0,
BNKK,2019-07-26 15:00:00,0,
BNKK,2019-07-26 16:00:00,0,
BNKK,2019-07-26 17:00:00,0,
BNKK,2019-07-26 18:00:00,0,
BNKK,2019-07-26 19:00:00,0,
BNKK,2019-07-26 20:00:00,0,
BNKK,2019-07-26 21:00:00,0,
BNKK,2019-07-26 22:00:00,0,
BNKK,2019-07-26 23:00:00,0,
BNKK,2019-07-27 00:00:00,0,
BNKK,2019-07-27 01:00:00,0,
BNKK,2019-07-27 02:00:00,0,
BNKK,2019-07-27 03:00:00,0,
BNKK,2019-07-27 04:00:00,-999,
BNKK,2019-07-27 05:00:00,0,
BNKK,2019-07-27 06:00:00,0,
BNKK,2019-07-27 07:00:00,0,
BNKK,2019-07-27 08:00:00,0,
BNKK,2019-07-27 09:00:00,0,
BNKK,2019-07-27 10:00:00,0,
BNKK,2019-07-27 11:00:00,0,
BNKK,2019-07-27 12:00:00,0,
BNKK,2019-07-27 13:00:00,0,
BNKK,2019-07-27 14:00:00,0,
BNKK,2019-07-27 15:00:00,0,
BNKK,2019-07-27 16:00:00,0,
BNKK,2019-07-27 17:00:00,0.2,
BNKK,2019-07-27 18:00:00,0,
BNKK,2019-07-27 19:00:00,0,
BNKK,2019-07-27 20:00:00,0,
BNKK,2019-07-27 21:00:00,0,
BNKK,2019-07-27 22:00:00,0,
BNKK,2019-07-27 23:00:00,0,
BNKK,2019-07-28 00:00:00,0,
BNKK,2019-07-28 01:00:00,0,
BNKK,2019-07-28 02:00:00,0,
BNKK,2019-07-28 03:00:00,0,
BNKK,2019-07-28 04:00:00,0,
BNKK,2019-07-28 05:00:00,0,
BNKK,2019-07-28 06:00:00,0,
BNKK,2019-07-28 07:00:00,0,
BNKK,2019-07-28 08:00:00,0,
BNKK,2019-07-28 09:00:00,0,
BNKK,2019-07-28 10:00:00,0,
BNKK,2019-07-28 11:00:00,0,
BNKK,2019-07-28 12:00:00,0,
BNKK,2019-07-28 13:00:00,0,
BNKK,2019-07-28 14:00:00,0,
BNKK,2019-07-28 15:00:00,0,
BNKK,2019-07-28 16:00:00,0,
BNKK,2019-07-28 17:00:00,0,
BNKK,2019-07-28 18:00:00,0,
BNKK,2019-07-28 19:00:00,0,
BNKK,2019-07-28 20:00:00,0,
BNKK,2019-07-28 21:00:00,0,
BNKK,2019-07-28 22:00:00,0,
BNKK,2019-07-28 23:00:00,0,
BNKK,2019-07-29 00:00:00,0,
BNKK,2019-07-29 01:00:00,0,
BNKK,2019-07-29 02:00:00,0,
BNKK,2019-07-29 03:00:00,0,
BNKK,2019-07-29 04:00:00,0,
BNKK,2019-07-29 05:00:00,0,
BNKK,2019-07-29 06:00:00,0,
BNKK,2019-07-29 07:00:00,0,
BNKK,2019-07-29 08:00:00,0,
BNKK,2019-07-29 09:00:00,0,
BNKK,2019-07-29 10:00:00,0,
BNKK,2019-07-29 11:00:00,0,
BNKK,2019-07-29 12:00:00,0,
BNKK,2019-07-29 13:00:00,0,
BNKK,2019-07-29 14:00:00,0,
BNKK,2019-07-29 15:00:00,0,
BNKK,2019-07-29 16:00:00,0,
BNKK,2019-07-29 17:00:00,0,
BNKK,2019-07-29 18:00:00,0,
BNKK,2019-07-29 19:00:00,0,
BNKK,2019-07-29 20:00:00,0,
BNKK,2019-07-29 21:00:00,0,
BNKK,2019-07-29 22:00:00,0,
BNKK,2019-07-29 23:00:00,0,
BNKK,2019-07-30 00:00:00,0,
BNKK,2019-07-30 01:00:00,0,
BNKK,2019-07-30 02:00:00,0,
BNKK,2019-07-30 03:00:00,0,
BNKK,2019-07-30 04:00:00,0,
BNKK,2019-07-30 05:00:00,0.2,
BNKK,2019-07-30 06:00:00,0,
BNKK,2019-07-30 07:00:00,0,
BNKK,2019-07-30 08:00:00,0.4,
BNKK,2019-07-30 09:00:00,0.6,
BNKK,2019-07-30 10:00:00,0,
BNKK,2019-07-30 11:00:00,0,
BNKK,2019-07-30 12:00:00,0,
BNKK,2019-07-30 13:00:00,0.2,
BNKK,2019-07-30 14:00:00,0,
BNKK,2019-07-30 15:00:00,0,
BNKK,2019-07-30 16:00:00,0,
BNKK,2019-07-30 17:00:00,0,
BNKK,2019-07-30 18:00:00,0,
BNKK,2019-07-30 19:00:00,0,
BNKK,2019-07-30 20:00:00,0,
BNKK,2019-07-30 21:00:00,0,
BNKK,2019-07-30 22:00:00,0,
BNKK,2019-07-30 23:00:00,0,
BNKK,2019-07-31 00:00:00,0,
BNKK,2019-07-31 01:00:00,10.4,
BNKK,2019-07-31 02:00:00,8,
BNKK,2019-07-31 03:00:00,3.2,
BNKK,2019-07-31 04:00:00,0.8,
BNKK,2019-07-31 05:00:00,0,
BNKK,2019-07-31 06:00:00,0,
BNKK,2019-07-31 07:00:00,0,
BNKK,2019-07-31 08:00:00,0,
BNKK,2019-07-31 09:00:00,0,
BNKK,2019-07-31 10:00:00,0,
BNKK,2019-07-31 11:00:00,0,
BNKK,2019-07-31 12:00:00,0,
BNKK,2019-07-31 13:00:00,0,
BNKK,2019-07-31 14:00:00,0,
BNKK,2019-07-31 15:00:00,0,
BNKK,2019-07-31 16:00:00,0,
BNKK,2019-07-31 17:00:00,0,
BNKK,2019-07-31 18:00:00,0,
BNKK,2019-07-31 19:00:00,0,
BNKK,2019-07-31 20:00:00,0,
BNKK,2019-07-31 21:00:00,0,
BNKK,2019-07-31 22:00:00,0,
BNKK,2019-07-31 23:00:00,0,
VLGE12,2019-07-01 00:00:00,0.4,
VLGE12,2019-07-01 01:00:00,0,
VLGE12,2019-07-01 02:00:00,0,
VLGE12,2019-07-01 03:00:00,0,
VLGE12,2019-07-01 04:00:00,0,
VLGE12,2019-07-01 05:00:00,0,
VLGE12,2019-07-01 06:00:00,0,
VLGE12,2019-07-01 07:00:00,0,
VLGE12,2019-07-01 08:00:00,0,
VLGE12,2019-07-01 09:00:00,0,
VLGE12,2019-07-01 10:00:00,0,
VLGE12,2019-07-01 11:00:00,0,
VLGE12,2019-07-01 12:00:00,0,
VLGE12,2019-07-01 13:00:00,0,
VLGE12,2019-07-01 14:00:00,0.2,
VLGE12,2019-07-01 15:00:00,0,
VLGE12,2019-07-01 16:00:00,0,
VLGE12,2019-07-01 17:00:00,0,
VLGE12,2019-07-01 18:00:00,0,
VLGE12,2019-07-01 19:00:00,0,
VLGE12,2019-07-01 20:00:00,0,
VLGE12,2019-07-01 21:00:00,0,
VLGE12,2019-07-01 22:00:00,0,
VLGE12,2019-07-01 23:00:00,0,
VLGE12,2019-07-02 00:00:00,0,
VLGE12,2019-07-02 01:00:00,0,
VLGE12,2019-07-02 02:00:00,0,
VLGE12,2019-07-02 03:00:00,0,
VLGE12,2019-07-02 04:00:00,0,
VLGE12,2019-07-02 05:00:00,0,
VLGE12,2019-07-02 06:00:00,0,
VLGE12,2019-07-02 07:00:00,0.2,
VLGE12,2019-07-02 08:00:00,0,
VLGE12,2019-07-02 09:00:00,0,
VLGE12,2019-07-02 10:00:00,0.2,
VLGE12,2019-07-02 11:00:00,0,
VLGE12,2019-07-02 12:00:00,0,
VLGE12,2019-07-02 13:00:00,0,
VLGE12,2019-07-02 14:00:00,1,
VLGE12,2019-07-02 15:00:00,0.2,
VLGE12,2019-07-02 16:00:00,0.2,
VLGE12,2019-07-02 17:00:00,0.2,
VLGE12,2019-07-02 18:00:00,1,
VLGE12,2019-07-02 19:00:00,0.4,
VLGE12,2019-07-02 20:00:00,0.2,
VLGE12,2019-07-02 21:00:00,0,
VLGE12,2019-07-02 22:00:00,0,
VLGE12,2019-07-02 23:00:00,0,
VLGE12,2019-07-03 00:00:00,0,
VLGE12,2019-07-03 01:00:00,0.2,
VLGE12,2019-07-03 02:00:00,0.2,
VLGE12,2019-07-03 03:00:00,0,
VLGE12,2019-07-03 04:00:00,0,
VLGE12,2019-07-03 05:00:00,0,
VLGE12,2019-07-03 06:00:00,0.6,
VLGE12,2019-07-03 07:00:00,0.2,
VLGE12,2019-07-03 08:00:00,0,
VLGE12,2019-07-03 09:00:00,1.6,
VLGE12,2019-07-03 10:00:00,4.6,
VLGE12,2019-07-03 11:00:00,3.8,
VLGE12,2019-07-03 12:00:00,2.2,
VLGE12,2019-07-03 13:00:00,1,
VLGE12,2019-07-03 14:00:00,0.6,
VLGE12,2019-07-03 15:00:00,2.2,
VLGE12,2019-07-03 16:00:00,0.4,
VLGE12,2019-07-03 17:00:00,0,
VLGE12,2019-07-03 18:00:00,0,
VLGE12,2019-07-03 19:00:00,0,
VLGE12,2019-07-03 20:00:00,0,
VLGE12,2019-07-03 21:00:00,0,
VLGE12,2019-07-03 22:00:00,0,
VLGE12,2019-07-03 23:00:00,0,
VLGE12,2019-07-04 00:00:00,0,
VLGE12,2019-07-04 01:00:00,0,
VLGE12,2019-07-04 02:00:00,0.6,
VLGE12,2019-07-04 03:00:00,0.8,
VLGE12,2019-07-04 04:00:00,0.2,
VLGE12,2019-07-04 05:00:00,0,
VLGE12,2019-07-04 06:00:00,0,
VLGE12,2019-07-04 07:00:00,0,
VLGE12,2019-07-04 08:00:00,0,
VLGE12,2019-07-04 09:00:00,0,
VLGE12,2019-07-04 10:00:00,0,
VLGE12,2019-07-04 11:00:00,0,
VLGE12,2019-07-04 12:00:00,0,
VLGE12,2019-07-04 13:00:00,0,
VLGE12,2019-07-04 14:00:00,0,
VLGE12,2019-07-04 15:00:00,0,
VLGE12,2019-07-04 16:00:00,0,
VLGE12,2019-07-04 17:00:00,0,
VLGE12,2019-07-04 18:00:00,0,
VLGE12,2019-07-04 19:00:00,1.8,
VLGE12,2019-07-04 20:00:00,0,
VLGE12,2019-07-04 21:00:00,0,
VLGE12,2019-07-04 22:00:00,0,
VLGE12,2019-07-04 23:00:00,0,
VLGE12,2019-07-05 00:00:00,0,
VLGE12,2019-07-05 01:00:00,0,
VLGE12,2019-07-05 02:00:00,0,
VLGE12,2019-07-05 03:00:00,0,
VLGE12,2019-07-05 04:00:00,0,
VLGE12,2019-07-05 05:00:00,0,
VLGE12,2019-07-05 06:00:00,0,
VLGE12,2019-07-05 07:00:00,0,
VLGE12,2019-07-05 08:00:00,0,
VLGE12,2019-07-05 09:00:00,0,
VLGE12,2019-07-05 10:00:00,0,
VLGE12,2019-07-05 11:00:00,-999,
VLGE12,2019-07-05 12:00:00,0,
VLGE12,2019-07-05 13:00:00,0,
VLGE12,2019-07-05 14:00:00,0,
VLGE12,2019-07-05 15:00:00,-999,
VLGE12,2019-07-05 16:00:00,0,
VLGE12,2019-07-05 17:00:00,0,
VLGE12,2019-07-05 18:00:00,0,
VLGE12,2019-07-05 19:00:00,0,
VLGE12,2019-07-05 20:00:00,0,
VLGE12,2019-07-05 21:00:00,0,
VLGE12,2019-07-05 22:00:00,0,
VLGE12,2019-07-05 23:00:00,0,
VLGE12,2019-07-06 00:00:00,0,
VLGE12,2019-07-06 01:00:00,0,
VLGE12,2019-07-06 02:00:00,0,
VLGE12,2019-07-06 03:00:00,0,
VLGE12,2019-07-06 04:00:00,0,
VLGE12,2019-07-06 05:00:00,0,
VLGE12,2019-07-06 06:00:00,0,
VLGE12,2019-07-06 07:00:00,0,
VLGE12,2019-07-06 08:00:00,0,
VLGE12,2019-07-06 09:00:00,0,
VLGE12,2019-07-06 10:00:00,0,
VLGE12,2019-07-06 11:00:00,0,
VLGE12,2019-07-06 12:00:00,0,
VLGE12,2019-07-06 13:00:00,0,
VLGE12,2019-07-06 14:00:00,0,
VLGE12,2019-07-06 15:00:00,0,
VLGE12,2019-07-06 16:00:00,0,
VLGE12,2019-07-06 17:00:00,0,
VLGE12,2019-07-06 18:00:00,0,
VLGE12,2019-07-06 19:00:00,0,
VLGE12,2019-07-06 20:00:00,0,
VLGE12,2019-07-06 21:00:00,0,
VLGE12,2019-07-06 22:00:00,0,
VLGE12,2019-07-06 23:00:00,0,
VLGE12,2019-07-07 00:00:00,0,
VLGE12,2019-07-07 01:00:00,0,
VLGE12,2019-07-07 02:00:00,0,
VLGE12,2019-07-07 03:00:00,0,
VLGE12,2019-07-07 04:00:00,0,
VLGE12,2019-07-07 05:00:00,0,
VLGE12,2019-07-07 06:00:00,0,
VLGE12,2019-07-07 07:00:00,0,
VLGE12,2019-07-07 08:00:00,0,
VLGE12,2019-07-07 09:00:00,0,
VLGE12,2019-07-07 10:00:00,0,
VLGE12,2019-07-07 11:00:00,0,
VLGE12,2019-07-07 12:00:00,0,
VLGE12,2019-07-07 13:00:00,0,
VLGE12,2019-07-07 14:00:00,0,
VLGE12,2019-07-07 15:00:00,0,
VLGE12,2019-07-07 16:00:00,0,
VLGE12,2019-07-07 17:00:00,0,
VLGE12,2019-07-07 18:00:00,0,
VLGE12,2019-07-07 19:00:00,0,
VLGE12,2019-07-07 20:00:00,0,
VLGE12,2019-07-07 21:00:00,0,
VLGE12,2019-07-07 22:00:00,0,
VLGE12,2019-07-07 23:00:00,0,
VLGE12,2019-07-08 00:00:00,0,
VLGE12,2019-07-08 01:00:00,0,
VLGE12,2019-07-08 02:00:00,0,
VLGE12,2019-07-08 03:00:00,0,
VLGE12,2019-07-08 04:00:00,0,
VLGE12,2019-07-08 05:00:00,0,
VLGE12,2019-07-08 06:00:00,0,
VLGE12,2019-07-08 07:00:00,0,
VLGE12,2019-07-08 08:00:00,0,
VLGE12,2019-07-08 09:00:00,0,
VLGE12,2019-07-08 10:00:00,0,
VLGE12,2019-07-08 11:00:00,0,
VLGE12,2019-07-08 12:00:00,0,
VLGE12,2019-07-08 13:00:00,0,
VLGE12,2019-07-08 14:00:00,0,
VLGE12,2019-07-08 15:00:00,0,
VLGE12,2019-07-08 16:00:00,0,
VLGE12,2019-07-08 17:00:00,0,
VLGE12,2019-07-08 18:00:00,0,
VLGE12,2019-07-08 19:00:00,0,
VLGE12,2019-07-08 20:00:00,0,
VLGE12,2019-07-08 21:00:00,0,
VLGE12,2019-07-08 22:00:00,0,
VLGE12,2019-07-08 23:00:00,0,
VLGE12,2019-07-09 00:00:00,0,
VLGE12,2019-07-09 01:00:00,0,
VLGE12,2019-07-09 02:00:00,0,
VLGE12,2019-07-09 03:00:00,0,
VLGE12,2019-07-09 04:00:00,0,
VLGE12,2019-07-09 05:00:00,0,
VLGE12,2019-07-09 06:00:00,0,
VLGE12,2019-07-09 07:00:00,0,
VLGE12,2019-07-09 08:00:00,0,
VLGE12,2019-07-09 09:00:00,0,
VLGE12,2019-07-09 10:00:00,0,
VLGE12,2019-07-09 11:00:00,0,
VLGE12,2019-07-09 12:00:00,0,
VLGE12,2019-07-09 13:00:00,0,
VLGE12,2019-07-09 14:00:00,0,
VLGE12,2019-07-09 15:00:00,0,
VLGE12,2019-07-09 16:00:00,0,
VLGE12,2019-07-09 17:00:00,0,
VLGE12,2019-07-09 18:00:00,0,
VLGE12,2019-07-09 19:00:00,0,
VLGE12,2019-07-09 20:00:00,0,
VLGE12,2019-07-09 21:00:00,0,
VLGE12,2019-07-09 22:00:00,2.2,
VLGE12,2019-07-09 23:00:00,0,
VLGE12,2019-07-10 00:00:00,0,
VLGE12,2019-07-10 01:00:00,0,
VLGE12,2019-07-10 02:00:00,0,
VLGE12,2019-07-10 03:00:00,0,
VLGE12,2019-07-10 04:00:00,0,
VLGE12,2019-07-10 05:00:00,0,
VLGE12,2019-07-10 06:00:00,0,
VLGE12,2019-07-10 07:00:00,0,
VLGE12,2019-07-10 08:00:00,0,
VLGE12,2019-07-10 09:00:00,0,
VLGE12,2019-07-10 10:00:00,0,
VLGE12,2019-07-10 11:00:00,0,
VLGE12,2019-07-10 12:00:00,0,
VLGE12,2019-07-10 13:00:00,0,
VLGE12,2019-07-10 14:00:00,0,
VLGE12,2019-07-10 15:00:00,0,
VLGE12,2019-07-10 16:00:00,0,
VLGE12,2019-07-10 17:00:00,0,
VLGE12,2019-07-10 18:00:00,0,
VLGE12,2019-07-10 19:00:00,0,
VLGE12,2019-07-10 20:00:00,0,
VLGE12,2019-07-10 21:00:00,0,
VLGE12,2019-07-10 22:00:00,0,
VLGE12,2019-07-10 23:00:00,0,
VLGE12,2019-07-11 00:00:00,0,
VLGE12,2019-07-11 01:00:00,0,
VLGE12,2019-07-11 02:00:00,0,
VLGE12,2019-07-11 03:00:00,0,
VLGE12,2019-07-11 04:00:00,0,
VLGE12,2019-07-11 05:00:00,0,
VLGE12,2019-07-11 06:00:00,0,
VLGE12,2019-07-11 07:00:00,0,
VLGE12,2019-07-11 08:00:00,0,
VLGE12,2019-07-11 09:00:00,0,
VLGE12,2019-07-11 10:00:00,0,
VLGE12,2019-07-11 11:00:00,0,
VLGE12,2019-07-11 12:00:00,0,
VLGE12,2019-07-11 13:00:00,0,
VLGE12,2019-07-11 14:00:00,0,
VLGE12,2019-07-11 15:00:00,0,
VLGE12,2019-07-11 16:00:00,0,
VLGE12,2019-07-11 17:00:00,0,
VLGE12,2019-07-11 18:00:00,0,
VLGE12,2019-07-11 19:00:00,0,
VLGE12,2019-07-11 20:00:00,0,
VLGE12,2019-07-11 21:00:00,0,
VLGE12,2019-07-11 22:00:00,0.2,
VLGE12,2019-07-11 23:00:00,0,
VLGE12,2019-07-12 00:00:00,0,
VLGE12,2019-07-12 01:00:00,0,
VLGE12,2019-07-12 02:00:00,0,
VLGE12,2019-07-12 03:00:00,0,
VLGE12,2019-07-12 04:00:00,0,
VLGE12,2019-07-12 05:00:00,0,
VLGE12,2019-07-12 06:00:00,0,
VLGE12,2019-07-12 07:00:00,0,
VLGE12,2019-07-12 08:00:00,0,
VLGE12,2019-07-12 09:00:00,0,
VLGE12,2019-07-12 10:00:00,0,
VLGE12,2019-07-12 11:00:00,0,
VLGE12,2019-07-12 12:00:00,0,
VLGE12,2019-07-12 13:00:00,0,
VLGE12,2019-07-12 14:00:00,0,
VLGE12,2019-07-12 15:00:00,0,
VLGE12,2019-07-12 16:00:00,0,
VLGE12,2019-07-12 17:00:00,0,
VLGE12,2019-07-12 18:00:00,0,
VLGE12,2019-07-12 19:00:00,0,
VLGE12,2019-07-12 20:00:00,0,
VLGE12,2019-07-12 21:00:00,0,
VLGE12,2019-07-12 22:00:00,0,
VLGE12,2019-07-12 23:00:00,0,
VLGE12,2019-07-13 00:00:00,0,
VLGE12,2019-07-13 01:00:00,0,
VLGE12,2019-07-13 02:00:00,0,
VLGE12,2019-07-13 03:00:00,0,
VLGE12,2019-07-13 04:00:00,0,
VLGE12,2019-07-13 05:00:00,0,
VLGE12,2019-07-13 06:00:00,0,
VLGE12,2019-07-13 07:00:00,0,
VLGE12,2019-07-13 08:00:00,0,
VLGE12,2019-07-13 09:00:00,0,
VLGE12,2019-07-13 10:00:00,0,
VLGE12,2019-07-13 11:00:00,0,
VLGE12,2019-07-13 12:00:00,0,
VLGE12,2019-07-13 13:00:00,0,
VLGE12,2019-07-13 14:00:00,0,
VLGE12,2019-07-13 15:00:00,0,
VLGE12,2019-07-13 16:00:00,0,
VLGE12,2019-07-13 17:00:00,0,
VLGE12,2019-07-13 18:00:00,0,
VLGE12,2019-07-13 19:00:00,0,
VLGE12,2019-07-13 20:00:00,0,
VLGE12,2019-07-13 21:00:00,0,
VLGE12,2019-07-13 22:00:00,0,
VLGE12,2019-07-13 23:00:00,0,
VLGE12,2019-07-14 00:00:00,0,
VLGE12,2019-07-14 01:00:00,0,
VLGE12,2019-07-14 02:00:00,0,
VLGE12,2019-07-14 03:00:00,0,
VLGE12,2019-07-14 04:00:00,0,
VLGE12,2019-07-14 05:00:00,0,
VLGE12,2019-07-14 06:00:00,0,
VLGE12,2019-07-14 07:00:00,0,
VLGE12,2019-07-14 08:00:00,0,
VLGE12,2019-07-14 09:00:00,0,
VLGE12,2019-07-14 10:00:00,0,
VLGE12,2019-07-14 11:00:00,0,
VLGE12,2019-07-14 12:00:00,0,
VLGE12,2019-07-14 13:00:00,0,
VLGE12,2019-07-14 14:00:00,0,
VLGE12,2019-07-14 15:00:00,0,
VLGE12,2019-07-14 16:00:00,0,
VLGE12,2019-07-14 17:00:00,0,
VLGE12,2019-07-14 18:00:00,0,
VLGE12,2019-07-14 19:00:00,0,
VLGE12,2019-07-14 20:00:00,0,
VLGE12,2019-07-14 21:00:00,0,
VLGE12,2019-07-14 22:00:00,0,
VLGE12,2019-07-14 23:00:00,0,
VLGE12,2019-07-15 00:00:00,0,
VLGE12,2019-07-15 01:00:00,0,
VLGE12,2019-07-15 02:00:00,0,
VLGE12,2019-07-15 03:00:00,0,
VLGE12,2019-07-15 04:00:00,0,
VLGE12,2019-07-15 05:00:00,0,
VLGE12,2019-07-15 06:00:00,0,
VLGE12,2019-07-15 07:00:00,0,
VLGE12,2019-07-15 08:00:00,0,
VLGE12,2019-07-15 09:00:00,0,
VLGE12,2019-07-15 10:00:00,-999,
VLGE12,2019-07-15 11:00:00,0,
VLGE12,2019-07-15 12:00:00,0,
VLGE12,2019-07-15 13:00:00,0,
VLGE12,2019-07-15 14:00:00,0,
VLGE12,2019-07-15 15:00:00,0,
VLGE12,2019-07-15 16:00:00,0,
VLGE12,2019-07-15 17:00:00,0,
VLGE12,2019-07-15 18:00:00,0,
VLGE12,2019-07-15 19:00:00,0,
VLGE12,2019-07-15 20:00:00,0,
VLGE12,2019-07-15 21:00:00,0,
VLGE12,2019-07-15 22:00:00,0,
VLGE12,2019-07-15 23:00:00,0,
VLGE12,2019-07-16 00:00:00,0,
VLGE12,2019-07-16 01:00:00,0,
VLGE12,2019-07-16 02:00:00,0,
VLGE12,2019-07-16 03:00:00,0,
VLGE12,2019-07-16 04:00:00,0,
VLGE12,2019-07-16 05:00:00,0,
VLGE12,2019-07-16 06:00:00,0,
VLGE12,2019-07-16 07:00:00,-999,
VLGE12,2019-07-16 08:00:00,0,
VLGE12,2019-07-16 09:00:00,0,
VLGE12,2019-07-16 10:00:00,0,
VLGE12,2019-07-16 11:00:00,0,
VLGE12,2019-07-16 12:00:00,0,
VLGE12,2019-07-16 13:00:00,0,
VLGE12,2019-07-16 14:00:00,0,
VLGE12,2019-07-16 15:00:00,0,
VLGE12,2019-07-16 16:00:00,0,
VLGE12,2019-07-16 17:00:00,-999,
VLGE12,2019-07-16 18:00:00,0,
VLGE12,2019-07-16 19:00:00,0,
VLGE12,2019-07-16 20:00:00,0,
VLGE12,2019-07-16 21:00:00,0,
VLGE12,2019-07-16 22:00:00,0,
VLGE12,2019-07-16 23:00:00,0,
VLGE12,2019-07-17 00:00:00,-999,
VLGE12,2019-07-17 01:00:00,0,
VLGE12,2019-07-17 02:00:00,0,
VLGE12,2019-07-17 03:00:00,0,
VLGE12,2019-07-17 04:00:00,0,
VLGE12,2019-07-17 05:00:00,0,
VLGE12,2019-07-17 06:00:00,0,
VLGE12,2019-07-17 07:00:00,0,
VLGE12,2019-07-17 08:00:00,0,
VLGE12,2019-07-17 09:00:00,0,
VLGE12,2019-07-17 10:00:00,0,
VLGE12,2019-07-17 11:00:00,0,
VLGE12,2019-07-17 12:00:00,0,
VLGE12,2019-07-17 13:00:00,0,
VLGE12,2019-07-17 14:00:00,0,
VLGE12,2019-07-17 15:00:00,0,
VLGE12,2019-07-17 16:00:00,0,
VLGE12,2019-07-17 17:00:00,0,
VLGE12,2019-07-17 18:00:00,0,
VLGE12,2019-07-17 19:00:00,0,
VLGE12,2019-07-17 20:00:00,0,
VLGE12,2019-07-17 21:00:00,0,
VLGE12,2019-07-17 22:00:00,0,
VLGE12,2019-07-17 23:00:00,0,
VLGE12,2019-07-18 00:00:00,0,
VLGE12,2019-07-18 01:00:00,0,
VLGE12,2019-07-18 02:00:00,0,
VLGE12,2019-07-18 03:00:00,0,
VLGE12,2019-07-18 04:00:00,0,
VLGE12,2019-07-18 05:00:00,0,
VLGE12,2019-07-18 06:00:00,0,
VLGE12,2019-07-18 07:00:00,0,
VLGE12,2019-07-18 08:00:00,0,
VLGE12,2019-07-18 09:00:00,0,
VLGE12,2019-07-18 10:00:00,0,
VLGE12,2019-07-18 11:00:00,0,
VLGE12,2019-07-18 12:00:00,0,
VLGE12,2019-07-18 13:00:00,0,
VLGE12,2019-07-18 14:00:00,0,
VLGE12,2019-07-18 15:00:00,0,
VLGE12,2019-07-18 16:00:00,0,
VLGE12,2019-07-18 17:00:00,-999,
VLGE12,2019-07-18 18:00:00,0,
VLGE12,2019-07-18 19:00:00,0,
VLGE12,2019-07-18 20:00:00,0,
VLGE12,2019-07-18 21:00:00,0,
VLGE12,2019-07-18 22:00:00,0,
VLGE12,2019-07-18 23:00:00,0,
VLGE12,2019-07-19 00:00:00,0,
VLGE12,2019-07-19 01:00:00,0,
VLGE12,2019-07-19 02:00:00,0,
VLGE12,2019-07-19 03:00:00,0,
VLGE12,2019-07-19 04:00:00,0,
VLGE12,2019-07-19 05:00:00,0,
VLGE12,2019-07-19 06:00:00,0,
VLGE12,2019-07-19 07:00:00,0,
VLGE12,2019-07-19 08:00:00,-999,
VLGE12,2019-07-19 09:00:00,0,
VLGE12,2019-07-19 10:00:00,0,
VLGE12,2019-07-19 11:00:00,0,
VLGE12,2019-07-19 12:00:00,0,
VLGE12,2019-07-19 13:00:00,0,
VLGE12,2019-07-19 14:00:00,0,
VLGE12,2019-07-19 15:00:00,0,
VLGE12,2019-07-19 16:00:00,0,
VLGE12,2019-07-19 17:00:00,0,
VLGE12,2019-07-19 18:00:00,0,
VLGE12,2019-07-19 19:00:00,0,
VLGE12,2019-07-19 20:00:00,0,
VLGE12,2019-07-19 21:00:00,0,
VLGE12,2019-07-19 22:00:00,0,
VLGE12,2019-07-19 23:00:00,0,
VLGE12,2019-07-20 00:00:00,0,
VLGE12,2019-07-20 01:00:00,0,
VLGE12,2019-07-20 02:00:00,0,
VLGE12,2019-07-20 03:00:00,0,
VLGE12,2019-07-20 04:00:00,0,
VLGE12,2019-07-20 05:00:00,0,
VLGE12,2019-07-20 06:00:00,0,
VLGE12,2019-07-20 07:00:00,0,
VLGE12,2019-07-20 08:00:00,0,
VLGE12,2019-07-20 09:00:00,0,
VLGE12,2019-07-20 10:00:00,0,
VLGE12,2019-07-20 11:00:00,-999,
VLGE12,2019-07-20 12:00:00,0,
VLGE12,2019-07-20 13:00:00,0,
VLGE12,2019-07-20 14:00:00,0,
VLGE12,2019-07-20 15:00:00,0,
VLGE12,2019-07-20 16:00:00,0,
VLGE12,2019-07-20 17:00:00,0,
VLGE12,2019-07-20 18:00:00,0,
VLGE12,2019-07-20 19:00:00,0,
VLGE12,2019-07-20 20:00:00,0,
VLGE12,2019-07-20 21:00:00,0,
VLGE12,2019-07-20 22:00:00,0,
VLGE12,2019-07-20 23:00:00,0,
VLGE12,2019-07-21 00:00:00,0,
VLGE12,2019-07-21 01:00:00,0,
VLGE12,2019-07-21 02:00:00,0,
VLGE12,2019-07-21 03:00:00,0,
VLGE12,2019-07-21 04:00:00,0,
VLGE12,2019-07-21 05:00:00,0,
VLGE12,2019-07-21 06:00:00,0,
VLGE12,2019-07-21 07:00:00,0,
VLGE12,2019-07-21 08:00:00,0,
VLGE12,2019-07-21 09:00:00,0,
VLGE12,2019-07-21 10:00:00,0,
VLGE12,2019-07-21 11:00:00,0,
VLGE12,2019-07-21 12:00:00,0,
VLGE12,2019-07-21 13:00:00,0,
VLGE12,2019-07-21 14:00:00,0,
VLGE12,2019-07-21 15:00:00,-999,
VLGE12,2019-07-21 16:00:00,0,
VLGE12,2019-07-21 17:00:00,0,
VLGE12,2019-07-21 18:00:00,0,
VLGE12,2019-07-21 19:00:00,0,
VLGE12,2019-07-21 20:00:00,0,
VLGE12,2019-07-21 21:00:00,0,
VLGE12,2019-07-21 22:00:00,0,
VLGE12,2019-07-21 23:00:00,0,
VLGE12,2019-07-22 00:00:00,0,
VLGE12,2019-07-22 01:00:00,0,
VLGE12,2019-07-22 02:00:00,0,
VLGE12,2019-07-22 03:00:00,0,
VLGE12,2019-07-22 04:00:00,0,
VLGE12,2019-07-22 05:00:00,0,
VLGE12,2019-07-22 06:00:00,0,
VLGE12,2019-07-22 07:00:00,0,
VLGE12,2019-07-22 08:00:00,0,
VLGE12,2019-07-22 09:00:00,0,
VLGE12,2019-07-22 10:00:00,0,
VLGE12,2019-07-22 11:00:00,0,
VLGE12,2019-07-22 12:00:00,0,
VLGE12,2019-07-22 13:00:00,0,
VLGE12,2019-07-22 14:00:00,0,
VLGE12,2019-07-22 15:00:00,0,
VLGE12,2019-07-22 16:00:00,0,
VLGE12,2019-07-22 17:00:00,0,
VLGE12,2019-07-22 18:00:00,0,
VLGE12,2019-07-22 19:00:00,0,
VLGE12,2019-07-22 20:00:00,0,
VLGE12,2019-07-22 21:00:00,0,
VLGE12,2019-07-22 22:00:00,0,
VLGE12,2019-07-22 23:00:00,0,
VLGE12,2019-07-23 00:00:00,0,
VLGE12,2019-07-23 01:00:00,0,
VLGE12,2019-07-23 02:00:00,0,
VLGE12,2019-07-23 03:00:00,-999,
VLGE12,2019-07-23 04:00:00,0,
VLGE12,2019-07-23 05:00:00,0,
VLGE12,2019-07-23 06:00:00,0,
VLGE12,2019-07-23 07:00:00,0,
VLGE12,2019-07-23 08:00:00,0,
VLGE12,2019-07-23 09:00:00,0,
VLGE12,2019-07-23 10:00:00,0,
VLGE12,2019-07-23 11:00:00,0,
VLGE12,2019-07-23 12:00:00,0,
VLGE12,2019-07-23 13:00:00,0,
VLGE12,2019-07-23 14:00:00,0,
VLGE12,2019-07-23 15:00:00,0,
VLGE12,2019-07-23 16:00:00,0,
VLGE12,2019-07-23 17:00:00,0,
VLGE12,2019-07-23 18:00:00,0,
VLGE12,2019-07-23 19:00:00,0,
VLGE12,2019-07-23 20:00:00,0,
VLGE12,2019-07-23 21:00:00,0,
VLGE12,2019-07-23 22:00:00,0,
VLGE12,2019-07-23 23:00:00,0,
VLGE12,2019-07-24 00:00:00,0,
VLGE12,2019-07-24 01:00:00,0,
VLGE12,2019-07-24 02:00:00,0,
VLGE12,2019-07-24 03:00:00,0,
VLGE12,2019-07-24 04:00:00,0,
VLGE12,2019-07-24 05:00:00,0,
VLGE12,2019-07-24 06:00:00,0,
VLGE12,2019-07-24 07:00:00,0,
VLGE12,2019-07-24 08:00:00,-999,
VLGE12,2019-07-24 09:00:00,0,
VLGE12,2019-07-24 10:00:00,0,
VLGE12,2019-07-24 11:00:00,0,
VLGE12,2019-07-24 12:00:00,0,
VLGE12,2019-07-24 13:00:00,0,
VLGE12,2019-07-24 14:00:00,0,
VLGE12,2019-07-24 15:00:00,0,
VLGE12,2019-07-24 16:00:00,0,
VLGE12,2019-07-24 17:00:00,0,
VLGE12,2019-07-24 18:00:00,0,
VLGE12,2019-07-24 19:00:00,0,
VLGE12,2019-07-24 20:00:00,0,
VLGE12,2019-07-24 21:00:00,0,
VLGE12,2019-07-24 22:00:00,0,
VLGE12,2019-07-24 23:00:00,0,
VLGE12,2019-07-25 00:00:00,0,
VLGE12,2019-07-25 01:00:00,0,
VLGE12,2019-07-25 02:00:00,0,
VLGE12,2019-07-25 03:00:00,0,
VLGE12,2019-07-25 04:00:00,0,
VLGE12,2019-07-25 05:00:00,0,
VLGE12,2019-07-25 06:00:00,0,
VLGE12,2019-07-25 07:00:00,0,
VLGE12,2019-07-25 08:00:00,0,
VLGE12,2019-07-25 09:00:00,0,
VLGE12,2019-07-25 10:00:00,0,
VLGE12,2019-07-25 11:00:00,0,
VLGE12,2019-07-25 12:00:00,0,
VLGE12,2019-07-25 13:00:00,0,
VLGE12,2019-07-25 14:00:00,0,
VLGE12,2019-07-25 15:00:00,0,
VLGE12,2019-07-25 16:00:00,0,
VLGE12,2019-07-25 17:00:00,0,
VLGE12,2019-07-25 18:00:00,0,
VLGE12,2019-07-25 19:00:00,0,
VLGE12,2019-07-25 20:00:00,0,
VLGE12,2019-07-25 21:00:00,0,
VLGE12,2019-07-25 22:00:00,0,
VLGE12,2019-07-25 23:00:00,0,
VLGE12,2019-07-26 00:00:00,0,
VLGE12,2019-07-26 01:00:00,0,
VLGE12,2019-07-26 02:00:00,0,
VLGE12,2019-07-26 03:00:00,0,
VLGE12,2019-07-26 04:00:00,0,
VLGE12,2019-07-26 05:00:00,0,
VLGE12,2019-07-26 06:00:00,0,
VLGE12,2019-07-26 07:00:00,0,
VLGE12,2019-07-26 08:00:00,0,
VLGE12,2019-07-26 09:00:00,0,
VLGE12,2019-07-26 10:00:00,0,
VLGE12,2019-07-26 11:00:00,0,
VLGE12,2019-07-26 12:00:00,0,
VLGE12,2019-07-26 13:00:00,0,
VLGE12,2019-07-26 14:00:00,0,
VLGE12,2019-07-26 15:00:00,0,
VLGE12,2019-07-26 16:00:00,0,
VLGE12,2019-07-26 17:00:00,0,
VLGE12,2019-07-26 18:00:00,0,
VLGE12,2019-07-26 19:00:00,0,
VLGE12,2019-07-26 20:00:00,0,
VLGE12,2019-07-26 21:00:00,0,
VLGE12,2019-07-26 22:00:00,0,
VLGE12,2019-07-26 23:00:00,0,
VLGE12,2019-07-27 00:00:00,0,
VLGE12,2019-07-27 01:00:00,0,
VLGE12,2019-07-27 02:00:00,0,
VLGE12,2019-07-27 03:00:00,0,
VLGE12,2019-07-27 04:00:00,0,
VLGE12,2019-07-27 05:00:00,0,
VLGE12,2019-07-27 06:00:00,0,
VLGE12,2019-07-27 07:00:00,0,
VLGE12,2019-07-27 08:00:00,0,
VLGE12,2019-07-27 09:00:00,0,
VLGE12,2019-07-27 10:00:00,0,
VLGE12,2019-07-27 11:00:00,0,
VLGE12,2019-07-27 12:00:00,0,
VLGE12,2019-07-27 13:00:00,0,
VLGE12,2019-07-27 14:00:00,0,
VLGE12,2019-07-27 15:00:00,0,
VLGE12,2019-07-27 16:00:00,0,
VLGE12,2019-07-27 17:00:00,0,
VLGE12,2019-07-27 18:00:00,0,
VLGE12,2019-07-27 19:00:00,0,
VLGE12,2019-07-27 20:00:00,0,
VLGE12,2019-07-27 21:00:00,0,
VLGE12,2019-07-27 22:00:00,0,
VLGE12,2019-07-27 23:00:00,0,
VLGE12,2019-07-28 00:00:00,0,
VLGE12,2019-07-28 01:00:00,0,
VLGE12,2019-07-28 02:00:00,0,
VLGE12,2019-07-28 03:00:00,0,
VLGE12,2019-07-28 04:00:00,0,
VLGE12,2019-07-28 05:00:00,0,
VLGE12,2019-07-28 06:00:00,0,
VLGE12,2019-07-28 07:00:00,0,
VLGE12,2019-07-28 08:00:00,0,
VLGE12,2019-07-28 09:00:00,0,
VLGE12,2019-07-28 10:00:00,0,
VLGE12,2019-07-28 11:00:00,0,
VLGE12,2019-07-28 12:00:00,0,
VLGE12,2019-07-28 13:00:00,0,
VLGE12,2019-07-28 14:00:00,0,
VLGE12,2019-07-28 15:00:00,0,
VLGE12,2019-07-28 16:00:00,0,
VLGE12,2019-07-28 17:00:00,0,
VLGE12,2019-07-28 18:00:00,0,
VLGE12,2019-07-28 19:00:00,-999,
VLGE12,2019-07-28 20:00:00,0,
VLGE12,2019-07-28 21:00:00,0,
VLGE12,2019-07-28 22:00:00,0,
VLGE12,2019-07-28 23:00:00,0,
VLGE12,2019-07-29 00:00:00,0,
VLGE12,2019-07-29 01:00:00,0,
VLGE12,2019-07-29 02:00:00,0,
VLGE12,2019-07-29 03:00:00,0,
VLGE12,2019-07-29 04:00:00,0,
VLGE12,2019-07-29 05:00:00,0,
VLGE12,2019-07-29 06:00:00,0,
VLGE12,2019-07-29 07:00:00,0,
VLGE12,2019-07-29 08:00:00,0,
VLGE12,2019-07-29 09:00:00,0,
VLGE12,2019-07-29 10:00:00,0,
VLGE12,2019-07-29 11:00:00,0,
VLGE12,2019-07-29 12:00:00,0,
VLGE12,2019-07-29 13:00:00,0,
VLGE12,2019-07-29 14:00:00,0,
VLGE12,2019-07-29 15:00:00,0,
VLGE12,2019-07-29 16:00:00,0,
VLGE12,2019-07-29 17:00:00,0,
VLGE12,2019-07-29 18:00:00,0,
VLGE12,2019-07-29 19:00:00,0,
VLGE12,2019-07-29 20:00:00,0,
VLGE12,2019-07-29 21:00:00,0,
VLGE12,2019-07-29 22:00:00,0,
VLGE12,2019-07-29 23:00:00,0,
VLGE12,2019-07-30 00:00:00,0,
VLGE12,2019-07-30 01:00:00,0,
VLGE12,2019-07-30 02:00:00,0,
VLGE12,2019-07-30 03:00:00,0,
VLGE12,2019-07-30 04:00:00,0,
VLGE12,2019-07-30 05:00:00,0,
VLGE12,2019-07-30 06:00:00,0,
VLGE12,2019-07-30 07:00:00,0,
VLGE12,2019-07-30 08:00:00,0,
VLGE12,2019-07-30 09:00:00,0,
VLGE12,2019-07-30 10:00:00,0,
VLGE12,2019-07-30 11:00:00,0,
VLGE12,2019-07-30 12:00:00,0,
VLGE12,2019-07-30 13:00:00,0,
VLGE12,2019-07-30 14:00:00,0,
VLGE12,2019-07-30 15:00:00,0,
VLGE12,2019-07-30 16:00:00,0,
VLGE12,2019-07-30 17:00:00,0,
VLGE12,2019-07-30 18:00:00,0,
VLGE12,2019-07-30 19:00:00,0,
VLGE12,2019-07-30 20:00:00,0,
VLGE12,2019-07-30 21:00:00,0,
VLGE12,2019-07-30 22:00:00,0,
VLGE12,2019-07-30 23:00:00,0,
VLGE12,2019-07-31 00:00:00,0,
VLGE12,2019-07-31 01:00:00,0,
VLGE12,2019-07-31 02:00:00,0,
VLGE12,2019-07-31 03:00:00,0,
VLGE12,2019-07-31 04:00:00,0,
VLGE12,2019-07-31 05:00:00,0,
VLGE12,2019-07-31 06:00:00,0,
VLGE12,2019-07-31 07:00:00,0,
VLGE12,2019-07-31 08:00:00,0,
VLGE12,2019-07-31 09:00:00,0,
VLGE12,2019-07-31 10:00:00,0,
VLGE12,2019-07-31 11:00:00,0,
VLGE12,2019-07-31 12:00:00,0,
VLGE12,2019-07-31 13:00:00,0,
VLGE12,2019-07-31 14:00:00,0,
VLGE12,2019-07-31 15:00:00,0,
VLGE12,2019-07-31 16:00:00,0,
VLGE12,2019-07-31 17:00:00,0,
VLGE12,2019-07-31 18:00:00,0,
VLGE12,2019-07-31 19:00:00,0,
VLGE12,2019-07-31 20:00:00,0,
VLGE12,2019-07-31 21:00:00,0,
VLGE12,2019-07-31 22:00:00,0,
VLGE12,2019-07-31 23:00:00,0,
NAN004,2019-07-01 00:00:00,-999,
NAN004,2019-07-01 01:00:00,-999,
NAN004,2019-07-01 02:00:00,-999,
NAN004,2019-07-01 03:00:00,-999,
NAN004,2019-07-01 04:00:00,-999,
NAN004,2019-07-01 05:00:00,-999,
NAN004,2019-07-01 06:00:00,-999,
NAN004,2019-07-01 07:00:00,-999,
NAN004,2019-07-01 08:00:00,-999,
NAN004,2019-07-01 09:00:00,-999,
NAN004,2019-07-01 10:00:00,-999,
NAN004,2019-07-01 11:00:00,-999,
NAN004,2019-07-01 12:00:00,-999,
NAN004,2019-07-01 13:00:00,-999,
NAN004,2019-07-01 14:00:00,-999,
NAN004,2019-07-01 15:00:00,-999,
NAN004,2019-07-01 16:00:00,-999,
NAN004,2019-07-01 17:00:00,-999,
NAN004,2019-07-01 18:00:00,-999,
NAN004,2019-07-01 19:00:00,-999,
NAN004,2019-07-01 20:00:00,-999,
NAN004,2019-07-01 21:00:00,-999,
NAN004,2019-07-01 22:00:00,-999,
NAN004,2019-07-01 23:00:00,-999,
NAN004,2019-07-02 00:00:00,-999,
NAN004,2019-07-02 01:00:00,-999,
NAN004,2019-07-02 02:00:00,-999,
NAN004,2019-07-02 03:00:00,-999,
NAN004,2019-07-02 04:00:00,-999,
NAN004,2019-07-02 05:00:00,-999,
NAN004,2019-07-02 06:00:00,-999,
NAN004,2019-07-02 07:00:00,-999,
NAN004,2019-07-02 08:00:00,-999,
NAN004,2019-07-02 09:00:00,-999,
NAN004,2019-07-02 10:00:00,-999,
NAN004,2019-07-02 11:00:00,-999,
NAN004,2019-07-02 12:00:00,-999,
NAN004,2019-07-02 13:00:00,-999,
NAN004,2019-07-02 14:00:00,-999,
NAN004,2019-07-02 15:00:00,-999,
NAN004,2019-07-02 16:00:00,-999,
NAN004,2019-07-02 17:00:00,-999,
NAN004,2019-07-02 18:00:00,-999,
NAN004,2019-07-02 19:00:00,-999,
NAN004,2019-07-02 20:00:00,-999,
NAN004,2019-07-02 21:00:00,-999,
NAN004,2019-07-02 22:00:00,-999,
NAN004,2019-07-02 23:00:00,-999,
NAN004,2019-07-03 00:00:00,-999,
NAN004,2019-07-03 01:00:00,-999,
NAN004,2019-07-03 02:00:00,-999,
NAN004,2019-07-03 03:00:00,-999,
NAN004,2019-07-03 04:00:00,-999,
NAN004,2019-07-03 05:00:00,-999,
NAN004,2019-07-03 06:00:00,-999,
NAN004,2019-07-03 07:00:00,-999,
NAN004,2019-07-03 08:00:00,-999,
NAN004,2019-07-03 09:00:00,-999,
NAN004,2019-07-03 10:00:00,-999,
NAN004,2019-07-03 11:00:00,-999,
NAN004,2019-07-03 12:00:00,-999,
NAN004,2019-07-03 13:00:00,-999,
NAN004,2019-07-03 14:00:00,-999,
NAN004,2019-07-03 15:00:00,-999,
NAN004,2019-07-03 16:00:00,-999,
NAN004,2019-07-03 17:00:00,-999,
NAN004,2019-07-03 18:00:00,-999,
NAN004,2019-07-03 19:00:00,-999,
NAN004,2019-07-03 20:00:00,-999,
NAN004,2019-07-03 21:00:00,-999,
NAN004,2019-07-03 22:00:00,-999,
NAN004,2019-07-03 23:00:00,-999,
NAN004,2019-07-04 00:00:00,-999,
NAN004,2019-07-04 01:00:00,-999,
NAN004,2019-07-04 02:00:00,-999,
NAN004,2019-07-04 03:00:00,-999,
NAN004,2019-07-04 04:00:00,-999,
NAN004,2019-07-04 05:00:00,-999,
NAN004,2019-07-04 06:00:00,-999,
NAN004,2019-07-04 07:00:00,-999,
NAN004,2019-07-04 08:00:00,-999,
NAN004,2019-07-04 09:00:00,-999,
NAN004,2019-07-04 10:00:00,-999,
NAN004,2019-07-04 11:00:00,-999,
NAN004,2019-07-04 12:00:00,-999,
NAN004,2019-07-04 13:00:00,-999,
NAN004,2019-07-04 14:00:00,-999,
NAN004,2019-07-04 15:00:00,-999,
NAN004,2019-07-04 16:00:00,-999,
NAN004,2019-07-04 17:00:00,-999,
NAN004,2019-07-04 18:00:00,-999,
NAN004,2019-07-04 19:00:00,-999,
NAN004,2019-07-04 20:00:00,-999,
NAN004,2019-07-04 21:00:00,-999,
NAN004,2019-07-04 22:00:00,-999,
NAN004,2019-07-04 23:00:00,-999,
NAN004,2019-07-05 00:00:00,-999,
NAN004,2019-07-05 01:00:00,-999,
NAN004,2019-07-05 02:00:00,-999,
NAN004,2019-07-05 03:00:00,-999,
NAN004,2019-07-05 04:00:00,-999,
NAN004,2019-07-05 05:00:00,-999,
NAN004,2019-07-05 06:00:00,-999,
NAN004,2019-07-05 07:00:00,-999,
NAN004,2019-07-05 08:00:00,-999,
NAN004,2019-07-05 09:00:00,-999,
NAN004,2019-07-05 10:00:00,-999,
NAN004,2019-07-05 11:00:00,-999,
NAN004,2019-07-05 12:00:00,-999,
NAN004,2019-07-05 13:00:00,-999,
NAN004,2019-07-05 14:00:00,-999,
NAN004,2019-07-05 15:00:00,-999,
NAN004,2019-07-05 16:00:00,-999,
NAN004,2019-07-05 17:00:00,-999,
NAN004,2019-07-05 18:00:00,-999,
NAN004,2019-07-05 19:00:00,-999,
NAN004,2019-07-05 20:00:00,-999,
NAN004,2019-07-05 21:00:00,-999,
NAN004,2019-07-05 22:00:00,-999,
NAN004,2019-07-05 23:00:00,-999,
NAN004,2019-07-06 00:00:00,-999,
NAN004,2019-07-06 01:00:00,-999,
NAN004,2019-07-06 02:00:00,-999,
NAN004,2019-07-06 03:00:00,-999,
NAN004,2019-07-06 04:00:00,-999,
NAN004,2019-07-06 05:00:00,-999,
NAN004,2019-07-06 06:00:00,-999,
NAN004,2019-07-06 07:00:00,-999,
NAN004,2019-07-06 08:00:00,-999,
NAN004,2019-07-06 09:00:00,-999,
NAN004,2019-07-06 10:00:00,-999,
NAN004,2019-07-06 11:00:00,-999,
NAN004,2019-07-06 12:00:00,-999,
NAN004,2019-07-06 13:00:00,-999,
NAN004,2019-07-06 14:00:00,-999,
NAN004,2019-07-06 15:00:00,-999,
NAN004,2019-07-06 16:00:00,-999,
NAN004,2019-07-06 17:00:00,-999,
NAN004,2019-07-06 18:00:00,-999,
NAN004,2019-07-06 19:00:00,-999,
NAN004,2019-07-06 20:00:00,-999,
NAN004,2019-07-06 21:00:00,-999,
NAN004,2019-07-06 22:00:00,-999,
NAN004,2019-07-06 23:00:00,-999,
NAN004,2019-07-07 00:00:00,-999,
NAN004,2019-07-07 01:00:00,-999,
NAN004,2019-07-07 02:00:00,-999,
NAN004,2019-07-07 03:00:00,-999,
NAN004,2019-07-07 04:00:00,-999,
NAN004,2019-07-07 05:00:00,-999,
NAN004,2019-07-07 06:00:00,-999,
NAN004,2019-07-07 07:00:00,-999,
NAN004,2019-07-07 08:00:00,-999,
NAN004,2019-07-07 09:00:00,-999,
NAN004,2019-07-07 10:00:00,-999,
NAN004,2019-07-07 11:00:00,-999,
NAN004,2019-07-07 12:00:00,-999,
NAN004,2019-07-07 13:00:00,-999,
NAN004,2019-07-07 14:00:00,-999,
NAN004,2019-07-07 15:00:00,-999,
NAN004,2019-07-07 16:00:00,-999,
NAN004,2019-07-07 17:00:00,-999,
NAN004,2019-07-07 18:00:00,-999,
NAN004,2019-07-07 19:00:00,-999,
NAN004,2019-07-07 20:00:00,-999,
NAN004,2019-07-07 21:00:00,-999,
NAN004,2019-07-07 22:00:00,-999,
NAN004,2019-07-07 23:00:00,-999,
NAN004,2019-07-08 00:00:00,-999,
NAN004,2019-07-08 01:00:00,-999,
NAN004,2019-07-08 02:00:00,-999,
NAN004,2019-07-08 03:00:00,-999,
NAN004,2019-07-08 04:00:00,-999,
NAN004,2019-07-08 05:00:00,-999,
NAN004,2019-07-08 06:00:00,-999,
NAN004,2019-07-08 07:00:00,-999,
NAN004,2019-07-08 08:00:00,-999,
NAN004,2019-07-08 09:00:00,-999,
NAN004,2019-07-08 10:00:00,-999,
NAN004,2019-07-08 11:00:00,-999,
NAN004,2019-07-08 12:00:00,-999,
NAN004,2019-07-08 13:00:00,-999,
NAN004,2019-07-08 14:00:00,-999,
NAN004,2019-07-08 15:00:00,-999,
NAN004,2019-07-08 16:00:00,-999,
NAN004,2019-07-08 17:00:00,-999,
NAN004,2019-07-08 18:00:00,-999,
NAN004,2019-07-08 19:00:00,-999,
NAN004,2019-07-08 20:00:00,-999,
NAN004,2019-07-08 21:00:00,-999,
NAN004,2019-07-08 22:00:00,-999,
NAN004,2019-07-08 23:00:00,-999,
NAN004,2019-07-09 00:00:00,-999,
NAN004,2019-07-09 01:00:00,-999,
NAN004,2019-07-09 02:00:00,-999,
NAN004,2019-07-09 03:00:00,-999,
NAN004,2019-07-09 04:00:00,-999,
NAN004,2019-07-09 05:00:00,-999,
NAN004,2019-07-09 06:00:00,-999,
NAN004,2019-07-09 07:00:00,-999,
NAN004,2019-07-09 08:00:00,-999,
NAN004,2019-07-09 09:00:00,-999,
NAN004,2019-07-09 10:00:00,-999,
NAN004,2019-07-09 11:00:00,-999,
NAN004,2019-07-09 12:00:00,-999,
NAN004,2019-07-09 13:00:00,-999,
NAN004,2019-07-09 14:00:00,-999,
NAN004,2019-07-09 15:00:00,-999,
NAN004,2019-07-09 16:00:00,-999,
NAN004,2019-07-09 17:00:00,-999,
NAN004,2019-07-09 18:00:00,-999,
NAN004,2019-07-09 19:00:00,-999,
NAN004,2019-07-09 20:00:00,-999,
NAN004,2019-07-09 21:00:00,-999,
NAN004,2019-07-09 22:00:00,-999,
NAN004,2019-07-09 23:00:00,-999,
NAN004,2019-07-10 00:00:00,-999,
NAN004,2019-07-10 01:00:00,-999,
NAN004,2019-07-10 02:00:00,-999,
NAN004,2019-07-10 03:00:00,-999,
NAN004,2019-07-10 04:00:00,-999,
NAN004,2019-07-10 05:00:00,-999,
NAN004,2019-07-10 06:00:00,-999,
NAN004,2019-07-10 07:00:00,-999,
NAN004,2019-07-10 08:00:00,-999,
NAN004,2019-07-10 09:00:00,-999,
NAN004,2019-07-10 10:00:00,-999,
NAN004,2019-07-10 11:00:00,-999,
NAN004,2019-07-10 12:00:00,-999,
NAN004,2019-07-10 13:00:00,-999,
NAN004,2019-07-10 14:00:00,-999,
NAN004,2019-07-10 15:00:00,-999,
NAN004,2019-07-10 16:00:00,-999,
NAN004,2019-07-10 17:00:00,-999,
NAN004,2019-07-10 18:00:00,-999,
NAN004,2019-07-10 19:00:00,-999,
NAN004,2019-07-10 20:00:00,-999,
NAN004,2019-07-10 21:00:00,-999,
NAN004,2019-07-10 22:00:00,-999,
NAN004,2019-07-10 23:00:00,-999,
NAN004,2019-07-11 00:00:00,-999,
NAN004,2019-07-11 01:00:00,-999,
NAN004,2019-07-11 02:00:00,-999,
NAN004,2019-07-11 03:00:00,-999,
NAN004,2019-07-11 04:00:00,-999,
NAN004,2019-07-11 05:00:00,-999,
NAN004,2019-07-11 06:00:00,-999,
NAN004,2019-07-11 07:00:00,-999,
NAN004,2019-07-11 08:00:00,-999,
NAN004,2019-07-11 09:00:00,-999,
NAN004,2019-07-11 10:00:00,-999,
NAN004,2019-07-11 11:00:00,-999,
NAN004,2019-07-11 12:00:00,-999,
NAN004,2019-07-11 13:00:00,-999,
NAN004,2019-07-11 14:00:00,-999,
NAN004,2019-07-11 15:00:00,-999,
NAN004,2019-07-11 16:00:00,-999,
NAN004,2019-07-11 17:00:00,-999,
NAN004,2019-07-11 18:00:00,-999,
NAN004,2019-07-11 19:00:00,-999,
NAN004,2019-07-11 20:00:00,-999,
NAN004,2019-07-11 21:00:00,-999,
NAN004,2019-07-11 22:00:00,-999,
NAN004,2019-07-11 23:00:00,-999,
NAN004,2019-07-12 00:00:00,-999,
NAN004,2019-07-12 01:00:00,-999,
NAN004,2019-07-12 02:00:00,-999,
NAN004,2019-07-12 03:00:00,-999,
NAN004,2019-07-12 04:00:00,-999,
NAN004,2019-07-12 05:00:00,-999,
NAN004,2019-07-12 06:00:00,-999,
NAN004,2019-07-12 07:00:00,-999,
NAN004,2019-07-12 08:00:00,-999,
NAN004,2019-07-12 09:00:00,-999,
NAN004,2019-07-12 10:00:00,-999,
NAN004,2019-07-12 11:00:00,-999,
NAN004,2019-07-12 12:00:00,-999,
NAN004,2019-07-12 13:00:00,-999,
NAN004,2019-07-12 14:00:00,-999,
NAN004,2019-07-12 15:00:00,-999,
NAN004,2019-07-12 16:00:00,-999,
NAN004,2019-07-12 17:00:00,-999,
NAN004,2019-07-12 18:00:00,-999,
NAN004,2019-07-12 19:00:00,-999,
NAN004,2019-07-12 20:00:00,-999,
NAN004,2019-07-12 21:00:00,-999,
NAN004,2019-07-12 22:00:00,-999,
NAN004,2019-07-12 23:00:00,-999,
NAN004,2019-07-13 00:00:00,-999,
NAN004,2019-07-13 01:00:00,-999,
NAN004,2019-07-13 02:00:00,-999,
NAN004,2019-07-13 03:00:00,-999,
NAN004,2019-07-13 04:00:00,-999,
NAN004,2019-07-13 05:00:00,-999,
NAN004,2019-07-13 06:00:00,-999,
NAN004,2019-07-13 07:00:00,-999,
NAN004,2019-07-13 08:00:00,-999,
NAN004,2019-07-13 09:00:00,-999,
NAN004,2019-07-13 10:00:00,-999,
NAN004,2019-07-13 11:00:00,-999,
NAN004,2019-07-13 12:00:00,-999,
NAN004,2019-07-13 13:00:00,-999,
NAN004,2019-07-13 14:00:00,0.2,
NAN004,2019-07-13 15:00:00,0,
NAN004,2019-07-13 16:00:00,0,
NAN004,2019-07-13 17:00:00,0,
NAN004,2019-07-13 18:00:00,0,
NAN004,2019-07-13 19:00:00,0,
NAN004,2019-07-13 20:00:00,0,
NAN004,2019-07-13 21:00:00,0,
NAN004,2019-07-13 22:00:00,0,
NAN004,2019-07-13 23:00:00,0,
NAN004,2019-07-14 00:00:00,0,
NAN004,2019-07-14 01:00:00,0,
NAN004,2019-07-14 02:00:00,0,
NAN004,2019-07-14 03:00:00,0,
NAN004,2019-07-14 04:00:00,0,
NAN004,2019-07-14 05:00:00,0,
NAN004,2019-07-14 06:00:00,0,
NAN004,2019-07-14 07:00:00,0,
NAN004,2019-07-14 08:00:00,0,
NAN004,2019-07-14 09:00:00,0,
NAN004,2019-07-14 10:00:00,0,
NAN004,2019-07-14 11:00:00,0,
NAN004,2019-07-14 12:00:00,0,
NAN004,2019-07-14 13:00:00,0,
NAN004,2019-07-14 14:00:00,0,
NAN004,2019-07-14 15:00:00,0,
NAN004,2019-07-14 16:00:00,0,
NAN004,2019-07-14 17:00:00,0,
NAN004,2019-07-14 18:00:00,0,
NAN004,2019-07-14 19:00:00,0,
NAN004,2019-07-14 20:00:00,0,
NAN004,2019-07-14 21:00:00,0,
NAN004,2019-07-14 22:00:00,0,
NAN004,2019-07-14 23:00:00,0,
NAN004,2019-07-15 00:00:00,0,
NAN004,2019-07-15 01:00:00,0,
NAN004,2019-07-15 02:00:00,0,
NAN004,2019-07-15 03:00:00,0,
NAN004,2019-07-15 04:00:00,0,
NAN004,2019-07-15 05:00:00,0,
NAN004,2019-07-15 06:00:00,0,
NAN004,2019-07-15 07:00:00,0,
NAN004,2019-07-15 08:00:00,0,
NAN004,2019-07-15 09:00:00,0,
NAN004,2019-07-15 10:00:00,0,
NAN004,2019-07-15 11:00:00,0,
NAN004,2019-07-15 12:00:00,0,
NAN004,2019-07-15 13:00:00,0,
NAN004,2019-07-15 14:00:00,0,
NAN004,2019-07-15 15:00:00,0,
NAN004,2019-07-15 16:00:00,0,
NAN004,2019-07-15 17:00:00,0,
NAN004,2019-07-15 18:00:00,0,
NAN004,2019-07-15 19:00:00,0,
NAN004,2019-07-15 20:00:00,0,
NAN004,2019-07-15 21:00:00,0,
NAN004,2019-07-15 22:00:00,0,
NAN004,2019-07-15 23:00:00,0,
NAN004,2019-07-16 00:00:00,0,
NAN004,2019-07-16 01:00:00,0,
NAN004,2019-07-16 02:00:00,0,
NAN004,2019-07-16 03:00:00,0,
NAN004,2019-07-16 04:00:00,0,
NAN004,2019-07-16 05:00:00,0,
NAN004,2019-07-16 06:00:00,0,
NAN004,2019-07-16 07:00:00,0,
NAN004,2019-07-16 08:00:00,0,
NAN004,2019-07-16 09:00:00,0,
NAN004,2019-07-16 10:00:00,0,
NAN004,2019-07-16 11:00:00,0,
NAN004,2019-07-16 12:00:00,0,
NAN004,2019-07-16 13:00:00,0,
NAN004,2019-07-16 14:00:00,0,
NAN004,2019-07-16 15:00:00,0,
NAN004,2019-07-16 16:00:00,0,
NAN004,2019-07-16 17:00:00,0,
NAN004,2019-07-16 18:00:00,0,
NAN004,2019-07-16 19:00:00,0,
NAN004,2019-07-16 20:00:00,0,
NAN004,2019-07-16 21:00:00,0,
NAN004,2019-07-16 22:00:00,0,
NAN004,2019-07-16 23:00:00,0,
NAN004,2019-07-17 00:00:00,0,
NAN004,2019-07-17 01:00:00,0,
NAN004,2019-07-17 02:00:00,0,
NAN004,2019-07-17 03:00:00,0,
NAN004,2019-07-17 04:00:00,-999,
NAN004,2019-07-17 05:00:00,0,
NAN004,2019-07-17 06:00:00,0,
NAN004,2019-07-17 07:00:00,0,
NAN004,2019-07-17 08:00:00,0,
NAN004,2019-07-17 09:00:00,0,
NAN004,2019-07-17 10:00:00,0,
NAN004,2019-07-17 11:00:00,0,
NAN004,2019-07-17 12:00:00,0,
NAN004,2019-07-17 13:00:00,0,
NAN004,2019-07-17 14:00:00,0,
NAN004,2019-07-17 15:00:00,0,
NAN004,2019-07-17 16:00:00,0,
NAN004,2019-07-17 17:00:00,0,
NAN004,2019-07-17 18:00:00,0,
NAN004,2019-07-17 19:00:00,0,
NAN004,2019-07-17 20:00:00,0,
NAN004,2019-07-17 21:00:00,0,
NAN004,2019-07-17 22:00:00,0,
NAN004,2019-07-17 23:00:00,0,
NAN004,2019-07-18 00:00:00,0,
NAN004,2019-07-18 01:00:00,0,
NAN004,2019-07-18 02:00:00,0,
NAN004,2019-07-18 03:00:00,0,
NAN004,2019-07-18 04:00:00,0,
NAN004,2019-07-18 05:00:00,0,
NAN004,2019-07-18 06:00:00,0,
NAN004,2019-07-18 07:00:00,0,
NAN004,2019-07-18 08:00:00,0,
NAN004,2019-07-18 09:00:00,0,
NAN004,2019-07-18 10:00:00,0,
NAN004,2019-07-18 11:00:00,0,
NAN004,2019-07-18 12:00:00,0,
NAN004,2019-07-18 13:00:00,0,
NAN004,2019-07-18 14:00:00,0,
NAN004,2019-07-18 15:00:00,0,
NAN004,2019-07-18 16:00:00,0,
NAN004,2019-07-18 17:00:00,0,
NAN004,2019-07-18 18:00:00,0,
NAN004,2019-07-18 19:00:00,0,
NAN004,2019-07-18 20:00:00,0,
NAN004,2019-07-18 21:00:00,0,
NAN004,2019-07-18 22:00:00,0,
NAN004,2019-07-18 23:00:00,0,
NAN004,2019-07-19 00:00:00,0,
NAN004,2019-07-19 01:00:00,0,
NAN004,2019-07-19 02:00:00,0,
NAN004,2019-07-19 03:00:00,0,
NAN004,2019-07-19 04:00:00,0,
NAN004,2019-07-19 05:00:00,0,
NAN004,2019-07-19 06:00:00,0,
NAN004,2019-07-19 07:00:00,0,
NAN004,2019-07-19 08:00:00,0,
NAN004,2019-07-19 09:00:00,0,
NAN004,2019-07-19 10:00:00,0,
NAN004,2019-07-19 11:00:00,0,
NAN004,2019-07-19 12:00:00,0,
NAN004,2019-07-19 13:00:00,0,
NAN004,2019-07-19 14:00:00,0,
NAN004,2019-07-19 15:00:00,0,
NAN004,2019-07-19 16:00:00,0,
NAN004,2019-07-19 17:00:00,0,
NAN004,2019-07-19 18:00:00,0,
NAN004,2019-07-19 19:00:00,0,
NAN004,2019-07-19 20:00:00,0,
NAN004,2019-07-19 21:00:00,0,
NAN004,2019-07-19 22:00:00,0,
NAN004,2019-07-19 23:00:00,0,
NAN004,2019-07-20 00:00:00,0,
NAN004,2019-07-20 01:00:00,0,
NAN004,2019-07-20 02:00:00,0,
NAN004,2019-07-20 03:00:00,0,
NAN004,2019-07-20 04:00:00,0,
NAN004,2019-07-20 05:00:00,0,
NAN004,2019-07-20 06:00:00,0,
NAN004,2019-07-20 07:00:00,0,
NAN004,2019-07-20 08:00:00,0,
NAN004,2019-07-20 09:00:00,0,
NAN004,2019-07-20 10:00:00,0,
NAN004,2019-07-20 11:00:00,0,
NAN004,2019-07-20 12:00:00,0,
NAN004,2019-07-20 13:00:00,0,
NAN004,2019-07-20 14:00:00,0,
NAN004,2019-07-20 15:00:00,0,
NAN004,2019-07-20 16:00:00,0,
NAN004,2019-07-20 17:00:00,0,
NAN004,2019-07-20 18:00:00,0,
NAN004,2019-07-20 19:00:00,0,
NAN004,2019-07-20 20:00:00,0,
NAN004,2019-07-20 21:00:00,0,
NAN004,2019-07-20 22:00:00,0,
NAN004,2019-07-20 23:00:00,0,
NAN004,2019-07-21 00:00:00,0,
NAN004,2019-07-21 01:00:00,0,
NAN004,2019-07-21 02:00:00,0,
NAN004,2019-07-21 03:00:00,0,
NAN004,2019-07-21 04:00:00,0,
NAN004,2019-07-21 05:00:00,0,
NAN004,2019-07-21 06:00:00,0,
NAN004,2019-07-21 07:00:00,0,
NAN004,2019-07-21 08:00:00,0,
NAN004,2019-07-21 09:00:00,0,
NAN004,2019-07-21 10:00:00,0,
NAN004,2019-07-21 11:00:00,0,
NAN004,2019-07-21 12:00:00,0,
NAN004,2019-07-21 13:00:00,0,
NAN004,2019-07-21 14:00:00,0,
NAN004,2019-07-21 15:00:00,0,
NAN004,2019-07-21 16:00:00,0,
NAN004,2019-07-21 17:00:00,2.2,
NAN004,2019-07-21 18:00:00,0.4,
NAN004,2019-07-21 19:00:00,0,
NAN004,2019-07-21 20:00:00,0,
NAN004,2019-07-21 21:00:00,0,
NAN004,2019-07-21 22:00:00,0,
NAN004,2019-07-21 23:00:00,0,
NAN004,2019-07-22 00:00:00,0,
NAN004,2019-07-22 01:00:00,0,
NAN004,2019-07-22 02:00:00,0,
NAN004,2019-07-22 03:00:00,0,
NAN004,2019-07-22 04:00:00,0,
NAN004,2019-07-22 05:00:00,0,
NAN004,2019-07-22 06:00:00,0,
NAN004,2019-07-22 07:00:00,0,
NAN004,2019-07-22 08:00:00,0,
NAN004,2019-07-22 09:00:00,0,
NAN004,2019-07-22 10:00:00,0,
NAN004,2019-07-22 11:00:00,0,
NAN004,2019-07-22 12:00:00,0,
NAN004,2019-07-22 13:00:00,0,
NAN004,2019-07-22 14:00:00,0,
NAN004,2019-07-22 15:00:00,0,
NAN004,2019-07-22 16:00:00,0,
NAN004,2019-07-22 17:00:00,0,
NAN004,2019-07-22 18:00:00,0,
NAN004,2019-07-22 19:00:00,0,
NAN004,2019-07-22 20:00:00,0,
NAN004,2019-07-22 21:00:00,0,
NAN004,2019-07-22 22:00:00,0,
NAN004,2019-07-22 23:00:00,0,
NAN004,2019-07-23 00:00:00,0,
NAN004,2019-07-23 01:00:00,0,
NAN004,2019-07-23 02:00:00,0,
NAN004,2019-07-23 03:00:00,0,
NAN004,2019-07-23 04:00:00,0,
NAN004,2019-07-23 05:00:00,0,
NAN004,2019-07-23 06:00:00,0,
NAN004,2019-07-23 07:00:00,0,
NAN004,2019-07-23 08:00:00,0,
NAN004,2019-07-23 09:00:00,0,
NAN004,2019-07-23 10:00:00,0,
NAN004,2019-07-23 11:00:00,0,
NAN004,2019-07-23 12:00:00,0,
NAN004,2019-07-23 13:00:00,0,
NAN004,2019-07-23 14:00:00,0,
NAN004,2019-07-23 15:00:00,0,
NAN004,2019-07-23 16:00:00,0,
NAN004,2019-07-23 17:00:00,0,
NAN004,2019-07-23 18:00:00,0,
NAN004,2019-07-23 19:00:00,0,
NAN004,2019-07-23 20:00:00,0,
NAN004,2019-07-23 21:00:00,0,
NAN004,2019-07-23 22:00:00,0,
NAN004,2019-07-23 23:00:00,0,
NAN004,2019-07-24 00:00:00,0,
NAN004,2019-07-24 01:00:00,0,
NAN004,2019-07-24 02:00:00,0,
NAN004,2019-07-24 03:00:00,0,
NAN004,2019-07-24 04:00:00,0,
NAN004,2019-07-24 05:00:00,0,
NAN004,2019-07-24 06:00:00,0,
NAN004,2019-07-24 07:00:00,0,
NAN004,2019-07-24 08:00:00,0,
NAN004,2019-07-24 09:00:00,0,
NAN004,2019-07-24 10:00:00,0,
NAN004,2019-07-24 11:00:00,0,
NAN004,2019-07-24 12:00:00,0,
NAN004,2019-07-24 13:00:00,0,
NAN004,2019-07-24 14:00:00,0,
NAN004,2019-07-24 15:00:00,0,
NAN004,2019-07-24 16:00:00,0,
NAN004,2019-07-24 17:00:00,0,
NAN004,2019-07-24 18:00:00,0,
NAN004,2019-07-24 19:00:00,0,
NAN004,2019-07-24 20:00:00,0,
NAN004,2019-07-24 21:00:00,0,
NAN004,2019-07-24 22:00:00,0,
NAN004,2019-07-24 23:00:00,0,
NAN004,2019-07-25 00:00:00,0,
NAN004,2019-07-25 01:00:00,0,
NAN004,2019-07-25 02:00:00,0,
NAN004,2019-07-25 03:00:00,0.2,
NAN004,2019-07-25 04:00:00,0.6,
NAN004,2019-07-25 05:00:00,0.6,
NAN004,2019-07-25 06:00:00,0.2,
NAN004,2019-07-25 07:00:00,0.2,
NAN004,2019-07-25 08:00:00,0,
NAN004,2019-07-25 09:00:00,0,
NAN004,2019-07-25 10:00:00,0,
NAN004,2019-07-25 11:00:00,0,
NAN004,2019-07-25 12:00:00,0,
NAN004,2019-07-25 13:00:00,0,
NAN004,2019-07-25 14:00:00,0,
NAN004,2019-07-25 15:00:00,20.2,
NAN004,2019-07-25 16:00:00,4.2,
NAN004,2019-07-25 17:00:00,1.2,
NAN004,2019-07-25 18:00:00,0.2,
NAN004,2019-07-25 19:00:00,0,
NAN004,2019-07-25 20:00:00,0,
NAN004,2019-07-25 21:00:00,0,
NAN004,2019-07-25 22:00:00,0,
NAN004,2019-07-25 23:00:00,0,
NAN004,2019-07-26 00:00:00,0,
NAN004,2019-07-26 01:00:00,0,
NAN004,2019-07-26 02:00:00,0,
NAN004,2019-07-26 03:00:00,0,
NAN004,2019-07-26 04:00:00,0,
NAN004,2019-07-26 05:00:00,0,
NAN004,2019-07-26 06:00:00,0,
NAN004,2019-07-26 07:00:00,0,
NAN004,2019-07-26 08:00:00,0,
NAN004,2019-07-26 09:00:00,0,
NAN004,2019-07-26 10:00:00,0,
NAN004,2019-07-26 11:00:00,0,
NAN004,2019-07-26 12:00:00,0,
NAN004,2019-07-26 13:00:00,0,
NAN004,2019-07-26 14:00:00,0,
NAN004,2019-07-26 15:00:00,0,
NAN004,2019-07-26 16:00:00,0,
NAN004,2019-07-26 17:00:00,0,
NAN004,2019-07-26 18:00:00,0,
NAN004,2019-07-26 19:00:00,0,
NAN004,2019-07-26 20:00:00,0,
NAN004,2019-07-26 21:00:00,0,
NAN004,2019-07-26 22:00:00,0,
NAN004,2019-07-26 23:00:00,0,
NAN004,2019-07-27 00:00:00,0,
NAN004,2019-07-27 01:00:00,0,
NAN004,2019-07-27 02:00:00,0,
NAN004,2019-07-27 03:00:00,0,
NAN004,2019-07-27 04:00:00,0,
NAN004,2019-07-27 05:00:00,0,
NAN004,2019-07-27 06:00:00,0,
NAN004,2019-07-27 07:00:00,0,
NAN004,2019-07-27 08:00:00,0,
NAN004,2019-07-27 09:00:00,0,
NAN004,2019-07-27 10:00:00,0,
NAN004,2019-07-27 11:00:00,0,
NAN004,2019-07-27 12:00:00,0,
NAN004,2019-07-27 13:00:00,0.2,
NAN004,2019-07-27 14:00:00,0,
NAN004,2019-07-27 15:00:00,0,
NAN004,2019-07-27 16:00:00,0,
NAN004,2019-07-27 17:00:00,0,
NAN004,2019-07-27 18:00:00,0,
NAN004,2019-07-27 19:00:00,0,
NAN004,2019-07-27 20:00:00,0,
NAN004,2019-07-27 21:00:00,0,
NAN004,2019-07-27 22:00:00,0,
NAN004,2019-07-27 23:00:00,0,
NAN004,2019-07-28 00:00:00,0,
NAN004,2019-07-28 01:00:00,0,
NAN004,2019-07-28 02:00:00,0,
NAN004,2019-07-28 03:00:00,0,
NAN004,2019-07-28 04:00:00,0,
NAN004,2019-07-28 05:00:00,0,
NAN004,2019-07-28 06:00:00,0,
NAN004,2019-07-28 07:00:00,0,
NAN004,2019-07-28 08:00:00,0,
NAN004,2019-07-28 09:00:00,0,
NAN004,2019-07-28 10:00:00,0,
NAN004,2019-07-28 11:00:00,0,
NAN004,2019-07-28 12:00:00,0,
NAN004,2019-07-28 13:00:00,0,
NAN004,2019-07-28 14:00:00,0,
NAN004,2019-07-28 15:00:00,0,
NAN004,2019-07-28 16:00:00,0,
NAN004,2019-07-28 17:00:00,0,
NAN004,2019-07-28 18:00:00,0,
NAN004,2019-07-28 19:00:00,0,
NAN004,2019-07-28 20:00:00,0,
NAN004,2019-07-28 21:00:00,0,
NAN004,2019-07-28 22:00:00,0,
NAN004,2019-07-28 23:00:00,0,
NAN004,2019-07-29 00:00:00,0,
NAN004,2019-07-29 01:00:00,0,
NAN004,2019-07-29 02:00:00,0,
NAN004,2019-07-29 03:00:00,0,
NAN004,2019-07-29 04:00:00,0,
NAN004,2019-07-29 05:00:00,0,
NAN004,2019-07-29 06:00:00,0,
NAN004,2019-07-29 07:00:00,0,
NAN004,2019-07-29 08:00:00,0,
NAN004,2019-07-29 09:00:00,0,
NAN004,2019-07-29 10:00:00,0,
NAN004,2019-07-29 11:00:00,0,
NAN004,2019-07-29 12:00:00,0,
NAN004,2019-07-29 13:00:00,0,
NAN004,2019-07-29 14:00:00,0,
NAN004,2019-07-29 15:00:00,0,
NAN004,2019-07-29 16:00:00,0,
NAN004,2019-07-29 17:00:00,0,
NAN004,2019-07-29 18:00:00,0,
NAN004,2019-07-29 19:00:00,0,
NAN004,2019-07-29 20:00:00,0,
NAN004,2019-07-29 21:00:00,0,
NAN004,2019-07-29 22:00:00,0,
NAN004,2019-07-29 23:00:00,0,
NAN004,2019-07-30 00:00:00,0,
NAN004,2019-07-30 01:00:00,0,
NAN004,2019-07-30 02:00:00,0,
NAN004,2019-07-30 03:00:00,0,
NAN004,2019-07-30 04:00:00,0,
NAN004,2019-07-30 05:00:00,0,
NAN004,2019-07-30 06:00:00,0,
NAN004,2019-07-30 07:00:00,0,
NAN004,2019-07-30 08:00:00,0,
NAN004,2019-07-30 09:00:00,0,
NAN004,2019-07-30 10:00:00,0,
NAN004,2019-07-30 11:00:00,0,
NAN004,2019-07-30 12:00:00,0,
NAN004,2019-07-30 13:00:00,0,
NAN004,2019-07-30 14:00:00,0,
NAN004,2019-07-30 15:00:00,0,
NAN004,2019-07-30 16:00:00,0,
NAN004,2019-07-30 17:00:00,0,
NAN004,2019-07-30 18:00:00,0,
NAN004,2019-07-30 19:00:00,0,
NAN004,2019-07-30 20:00:00,0,
NAN004,2019-07-30 21:00:00,0,
NAN004,2019-07-30 22:00:00,0,
NAN004,2019-07-30 23:00:00,0,
NAN004,2019-07-31 00:00:00,0,
NAN004,2019-07-31 01:00:00,1.2,
NAN004,2019-07-31 02:00:00,2,
NAN004,2019-07-31 03:00:00,1.2,
NAN004,2019-07-31 04:00:00,0.4,
NAN004,2019-07-31 05:00:00,0.4,
NAN004,2019-07-31 06:00:00,0.2,
NAN004,2019-07-31 07:00:00,0.2,
NAN004,2019-07-31 08:00:00,0,
NAN004,2019-07-31 09:00:00,0,
NAN004,2019-07-31 10:00:00,0,
NAN004,2019-07-31 11:00:00,0,
NAN004,2019-07-31 12:00:00,0,
NAN004,2019-07-31 13:00:00,0,
NAN004,2019-07-31 14:00:00,0,
NAN004,2019-07-31 15:00:00,0,
NAN004,2019-07-31 16:00:00,0,
NAN004,2019-07-31 17:00:00,0,
NAN004,2019-07-31 18:00:00,0,
NAN004,2019-07-31 19:00:00,0,
NAN004,2019-07-31 20:00:00,0,
NAN004,2019-07-31 21:00:00,0,
NAN004,2019-07-31 22:00:00,0,
NAN004,2019-07-31 23:00:00,0,
BMNK,2019-07-01 00:00:00,-999,
BMNK,2019-07-01 01:00:00,-999,
BMNK,2019-07-01 02:00:00,-999,
BMNK,2019-07-01 03:00:00,-999,
BMNK,2019-07-01 04:00:00,-999,
BMNK,2019-07-01 05:00:00,-999,
BMNK,2019-07-01 06:00:00,-999,
BMNK,2019-07-01 07:00:00,-999,
BMNK,2019-07-01 08:00:00,0,
BMNK,2019-07-01 09:00:00,0,
BMNK,2019-07-01 10:00:00,0,
BMNK,2019-07-01 11:00:00,0,
BMNK,2019-07-01 12:00:00,0,
BMNK,2019-07-01 13:00:00,0,
BMNK,2019-07-01 14:00:00,0,
BMNK,2019-07-01 15:00:00,0,
BMNK,2019-07-01 16:00:00,0,
BMNK,2019-07-01 17:00:00,0,
BMNK,2019-07-01 18:00:00,0,
BMNK,2019-07-01 19:00:00,-999,
BMNK,2019-07-01 20:00:00,-999,
BMNK,2019-07-01 21:00:00,-999,
BMNK,2019-07-01 22:00:00,-999,
BMNK,2019-07-01 23:00:00,-999,
BMNK,2019-07-02 00:00:00,-999,
BMNK,2019-07-02 01:00:00,-999,
BMNK,2019-07-02 02:00:00,-999,
BMNK,2019-07-02 03:00:00,-999,
BMNK,2019-07-02 04:00:00,-999,
BMNK,2019-07-02 05:00:00,-999,
BMNK,2019-07-02 06:00:00,-999,
BMNK,2019-07-02 07:00:00,-999,
BMNK,2019-07-02 08:00:00,-999,
BMNK,2019-07-02 09:00:00,0,
BMNK,2019-07-02 10:00:00,0,
BMNK,2019-07-02 11:00:00,0,
BMNK,2019-07-02 12:00:00,0,
BMNK,2019-07-02 13:00:00,0,
BMNK,2019-07-02 14:00:00,1.8,
BMNK,2019-07-02 15:00:00,0.4,
BMNK,2019-07-02 16:00:00,0,
BMNK,2019-07-02 17:00:00,0.6,
BMNK,2019-07-02 18:00:00,0.2,
BMNK,2019-07-02 19:00:00,-999,
BMNK,2019-07-02 20:00:00,-999,
BMNK,2019-07-02 21:00:00,-999,
BMNK,2019-07-02 22:00:00,-999,
BMNK,2019-07-02 23:00:00,-999,
BMNK,2019-07-03 00:00:00,-999,
BMNK,2019-07-03 01:00:00,-999,
BMNK,2019-07-03 02:00:00,-999,
BMNK,2019-07-03 03:00:00,-999,
BMNK,2019-07-03 04:00:00,-999,
BMNK,2019-07-03 05:00:00,-999,
BMNK,2019-07-03 06:00:00,-999,
BMNK,2019-07-03 07:00:00,-999,
BMNK,2019-07-03 08:00:00,-999,
BMNK,2019-07-03 09:00:00,-999,
BMNK,2019-07-03 10:00:00,0,
BMNK,2019-07-03 11:00:00,1.4,
BMNK,2019-07-03 12:00:00,2.8,
BMNK,2019-07-03 13:00:00,2.8,
BMNK,2019-07-03 14:00:00,3.4,
BMNK,2019-07-03 15:00:00,0.8,
BMNK,2019-07-03 16:00:00,1.4,
BMNK,2019-07-03 17:00:00,0.6,
BMNK,2019-07-03 18:00:00,-999,
BMNK,2019-07-03 19:00:00,-999,
BMNK,2019-07-03 20:00:00,-999,
BMNK,2019-07-03 21:00:00,-999,
BMNK,2019-07-03 22:00:00,-999,
BMNK,2019-07-03 23:00:00,-999,
BMNK,2019-07-04 00:00:00,-999,
BMNK,2019-07-04 01:00:00,-999,
BMNK,2019-07-04 02:00:00,-999,
BMNK,2019-07-04 03:00:00,-999,
BMNK,2019-07-04 04:00:00,-999,
BMNK,2019-07-04 05:00:00,-999,
BMNK,2019-07-04 06:00:00,-999,
BMNK,2019-07-04 07:00:00,-999,
BMNK,2019-07-04 08:00:00,-999,
BMNK,2019-07-04 09:00:00,0,
BMNK,2019-07-04 10:00:00,0,
BMNK,2019-07-04 11:00:00,0,
BMNK,2019-07-04 12:00:00,0,
BMNK,2019-07-04 13:00:00,0,
BMNK,2019-07-04 14:00:00,0,
BMNK,2019-07-04 15:00:00,0,
BMNK,2019-07-04 16:00:00,0,
BMNK,2019-07-04 17:00:00,0,
BMNK,2019-07-04 18:00:00,-999,
BMNK,2019-07-04 19:00:00,-999,
BMNK,2019-07-04 20:00:00,-999,
BMNK,2019-07-04 21:00:00,-999,
BMNK,2019-07-04 22:00:00,-999,
BMNK,2019-07-04 23:00:00,-999,
BMNK,2019-07-05 00:00:00,-999,
BMNK,2019-07-05 01:00:00,-999,
BMNK,2019-07-05 02:00:00,-999,
BMNK,2019-07-05 03:00:00,-999,
BMNK,2019-07-05 04:00:00,-999,
BMNK,2019-07-05 05:00:00,-999,
BMNK,2019-07-05 06:00:00,-999,
BMNK,2019-07-05 07:00:00,-999,
BMNK,2019-07-05 08:00:00,-999,
BMNK,2019-07-05 09:00:00,-999,
BMNK,2019-07-05 10:00:00,-999,
BMNK,2019-07-05 11:00:00,-999,
BMNK,2019-07-05 12:00:00,0,
BMNK,2019-07-05 13:00:00,0,
BMNK,2019-07-05 14:00:00,0,
BMNK,2019-07-05 15:00:00,-999,
BMNK,2019-07-05 16:00:00,0,
BMNK,2019-07-05 17:00:00,-999,
BMNK,2019-07-05 18:00:00,0,
BMNK,2019-07-05 19:00:00,-999,
BMNK,2019-07-05 20:00:00,-999,
BMNK,2019-07-05 21:00:00,-999,
BMNK,2019-07-05 22:00:00,-999,
BMNK,2019-07-05 23:00:00,-999,
BMNK,2019-07-06 00:00:00,-999,
BMNK,2019-07-06 01:00:00,-999,
BMNK,2019-07-06 02:00:00,-999,
BMNK,2019-07-06 03:00:00,-999,
BMNK,2019-07-06 04:00:00,-999,
BMNK,2019-07-06 05:00:00,-999,
BMNK,2019-07-06 06:00:00,-999,
BMNK,2019-07-06 07:00:00,-999,
BMNK,2019-07-06 08:00:00,-999,
BMNK,2019-07-06 09:00:00,-999,
BMNK,2019-07-06 10:00:00,0,
BMNK,2019-07-06 11:00:00,0,
BMNK,2019-07-06 12:00:00,0,
BMNK,2019-07-06 13:00:00,0,
BMNK,2019-07-06 14:00:00,0,
BMNK,2019-07-06 15:00:00,0,
BMNK,2019-07-06 16:00:00,0,
BMNK,2019-07-06 17:00:00,0,
BMNK,2019-07-06 18:00:00,0,
BMNK,2019-07-06 19:00:00,-999,
BMNK,2019-07-06 20:00:00,-999,
BMNK,2019-07-06 21:00:00,-999,
BMNK,2019-07-06 22:00:00,-999,
BMNK,2019-07-06 23:00:00,-999,
BMNK,2019-07-07 00:00:00,-999,
BMNK,2019-07-07 01:00:00,-999,
BMNK,2019-07-07 02:00:00,-999,
BMNK,2019-07-07 03:00:00,-999,
BMNK,2019-07-07 04:00:00,-999,
BMNK,2019-07-07 05:00:00,-999,
BMNK,2019-07-07 06:00:00,-999,
BMNK,2019-07-07 07:00:00,-999,
BMNK,2019-07-07 08:00:00,0,
BMNK,2019-07-07 09:00:00,0,
BMNK,2019-07-07 10:00:00,0,
BMNK,2019-07-07 11:00:00,0,
BMNK,2019-07-07 12:00:00,0,
BMNK,2019-07-07 13:00:00,0,
BMNK,2019-07-07 14:00:00,0,
BMNK,2019-07-07 15:00:00,0,
BMNK,2019-07-07 16:00:00,0,
BMNK,2019-07-07 17:00:00,0,
BMNK,2019-07-07 18:00:00,-999,
BMNK,2019-07-07 19:00:00,-999,
BMNK,2019-07-07 20:00:00,-999,
BMNK,2019-07-07 21:00:00,-999,
BMNK,2019-07-07 22:00:00,-999,
BMNK,2019-07-07 23:00:00,-999,
BMNK,2019-07-08 00:00:00,-999,
BMNK,2019-07-08 01:00:00,-999,
BMNK,2019-07-08 02:00:00,-999,
BMNK,2019-07-08 03:00:00,-999,
BMNK,2019-07-08 04:00:00,-999,
BMNK,2019-07-08 05:00:00,-999,
BMNK,2019-07-08 06:00:00,-999,
BMNK,2019-07-08 07:00:00,-999,
BMNK,2019-07-08 08:00:00,0,
BMNK,2019-07-08 09:00:00,0,
BMNK,2019-07-08 10:00:00,0,
BMNK,2019-07-08 11:00:00,0,
BMNK,2019-07-08 12:00:00,-999,
BMNK,2019-07-08 13:00:00,0,
BMNK,2019-07-08 14:00:00,0,
BMNK,2019-07-08 15:00:00,0,
BMNK,2019-07-08 16:00:00,0,
BMNK,2019-07-08 17:00:00,0,
BMNK,2019-07-08 18:00:00,0,
BMNK,2019-07-08 19:00:00,-999,
BMNK,2019-07-08 20:00:00,-999,
BMNK,2019-07-08 21:00:00,-999,
BMNK,2019-07-08 22:00:00,-999,
BMNK,2019-07-08 23:00:00,-999,
BMNK,2019-07-09 00:00:00,-999,
BMNK,2019-07-09 01:00:00,-999,
BMNK,2019-07-09 02:00:00,-999,
BMNK,2019-07-09 03:00:00,-999,
BMNK,2019-07-09 04:00:00,-999,
BMNK,2019-07-09 05:00:00,-999,
BMNK,2019-07-09 06:00:00,-999,
BMNK,2019-07-09 07:00:00,-999,
BMNK,2019-07-09 08:00:00,0,
BMNK,2019-07-09 09:00:00,0,
BMNK,2019-07-09 10:00:00,0,
BMNK,2019-07-09 11:00:00,0,
BMNK,2019-07-09 12:00:00,0,
BMNK,2019-07-09 13:00:00,0,
BMNK,2019-07-09 14:00:00,0,
BMNK,2019-07-09 15:00:00,0,
BMNK,2019-07-09 16:00:00,0,
BMNK,2019-07-09 17:00:00,0,
BMNK,2019-07-09 18:00:00,0,
BMNK,2019-07-09 19:00:00,-999,
BMNK,2019-07-09 20:00:00,-999,
BMNK,2019-07-09 21:00:00,-999,
BMNK,2019-07-09 22:00:00,-999,
BMNK,2019-07-09 23:00:00,-999,
BMNK,2019-07-10 00:00:00,-999,
BMNK,2019-07-10 01:00:00,-999,
BMNK,2019-07-10 02:00:00,-999,
BMNK,2019-07-10 03:00:00,-999,
BMNK,2019-07-10 04:00:00,-999,
BMNK,2019-07-10 05:00:00,-999,
BMNK,2019-07-10 06:00:00,-999,
BMNK,2019-07-10 07:00:00,-999,
BMNK,2019-07-10 08:00:00,0,
BMNK,2019-07-10 09:00:00,0,
BMNK,2019-07-10 10:00:00,0,
BMNK,2019-07-10 11:00:00,0,
BMNK,2019-07-10 12:00:00,0,
BMNK,2019-07-10 13:00:00,0,
BMNK,2019-07-10 14:00:00,0,
BMNK,2019-07-10 15:00:00,0,
BMNK,2019-07-10 16:00:00,0,
BMNK,2019-07-10 17:00:00,0,
BMNK,2019-07-10 18:00:00,0,
BMNK,2019-07-10 19:00:00,-999,
BMNK,2019-07-10 20:00:00,-999,
BMNK,2019-07-10 21:00:00,-999,
BMNK,2019-07-10 22:00:00,-999,
BMNK,2019-07-10 23:00:00,-999,
BMNK,2019-07-11 00:00:00,-999,
BMNK,2019-07-11 01:00:00,-999,
BMNK,2019-07-11 02:00:00,-999,
BMNK,2019-07-11 03:00:00,-999,
BMNK,2019-07-11 04:00:00,-999,
BMNK,2019-07-11 05:00:00,-999,
BMNK,2019-07-11 06:00:00,-999,
BMNK,2019-07-11 07:00:00,-999,
BMNK,2019-07-11 08:00:00,0,
BMNK,2019-07-11 09:00:00,0,
BMNK,2019-07-11 10:00:00,0,
BMNK,2019-07-11 11:00:00,0,
BMNK,2019-07-11 12:00:00,-999,
BMNK,2019-07-11 13:00:00,-999,
BMNK,2019-07-11 14:00:00,-999,
BMNK,2019-07-11 15:00:00,0,
BMNK,2019-07-11 16:00:00,0,
BMNK,2019-07-11 17:00:00,0,
BMNK,2019-07-11 18:00:00,0,
BMNK,2019-07-11 19:00:00,-999,
BMNK,2019-07-11 20:00:00,-999,
BMNK,2019-07-11 21:00:00,-999,
BMNK,2019-07-11 22:00:00,-999,
BMNK,2019-07-11 23:00:00,-999,
BMNK,2019-07-12 00:00:00,-999,
BMNK,2019-07-12 01:00:00,-999,
BMNK,2019-07-12 02:00:00,-999,
BMNK,2019-07-12 03:00:00,-999,
BMNK,2019-07-12 04:00:00,-999,
BMNK,2019-07-12 05:00:00,-999,
BMNK,2019-07-12 06:00:00,-999,
BMNK,2019-07-12 07:00:00,-999,
BMNK,2019-07-12 08:00:00,-999,
BMNK,2019-07-12 09:00:00,-999,
BMNK,2019-07-12 10:00:00,0,
BMNK,2019-07-12 11:00:00,0,
BMNK,2019-07-12 12:00:00,-999,
BMNK,2019-07-12 13:00:00,0,
BMNK,2019-07-12 14:00:00,0,
BMNK,2019-07-12 15:00:00,0,
BMNK,2019-07-12 16:00:00,0,
BMNK,2019-07-12 17:00:00,0,
BMNK,2019-07-12 18:00:00,0,
BMNK,2019-07-12 19:00:00,-999,
BMNK,2019-07-12 20:00:00,-999,
BMNK,2019-07-12 21:00:00,-999,
BMNK,2019-07-12 22:00:00,-999,
BMNK,2019-07-12 23:00:00,-999,
BMNK,2019-07-13 00:00:00,-999,
BMNK,2019-07-13 01:00:00,-999,
BMNK,2019-07-13 02:00:00,-999,
BMNK,2019-07-13 03:00:00,-999,
BMNK,2019-07-13 04:00:00,-999,
BMNK,2019-07-13 05:00:00,-999,
BMNK,2019-07-13 06:00:00,-999,
BMNK,2019-07-13 07:00:00,-999,
BMNK,2019-07-13 08:00:00,0,
BMNK,2019-07-13 09:00:00,0,
BMNK,2019-07-13 10:00:00,0,
BMNK,2019-07-13 11:00:00,-999,
BMNK,2019-07-13 12:00:00,0.6,
BMNK,2019-07-13 13:00:00,0,
BMNK,2019-07-13 14:00:00,0,
BMNK,2019-07-13 15:00:00,0,
BMNK,2019-07-13 16:00:00,0,
BMNK,2019-07-13 17:00:00,0,
BMNK,2019-07-13 18:00:00,0,
BMNK,2019-07-13 19:00:00,0,
BMNK,2019-07-13 20:00:00,0,
BMNK,2019-07-13 21:00:00,0,
BMNK,2019-07-13 22:00:00,0,
BMNK,2019-07-13 23:00:00,0.2,
BMNK,2019-07-14 00:00:00,0,
BMNK,2019-07-14 01:00:00,0,
BMNK,2019-07-14 02:00:00,0,
BMNK,2019-07-14 03:00:00,0,
BMNK,2019-07-14 04:00:00,0,
BMNK,2019-07-14 05:00:00,0,
BMNK,2019-07-14 06:00:00,0,
BMNK,2019-07-14 07:00:00,0,
BMNK,2019-07-14 08:00:00,0,
BMNK,2019-07-14 09:00:00,0,
BMNK,2019-07-14 10:00:00,0,
BMNK,2019-07-14 11:00:00,0,
BMNK,2019-07-14 12:00:00,0,
BMNK,2019-07-14 13:00:00,0,
BMNK,2019-07-14 14:00:00,0,
BMNK,2019-07-14 15:00:00,0,
BMNK,2019-07-14 16:00:00,0,
BMNK,2019-07-14 17:00:00,0,
BMNK,2019-07-14 18:00:00,0,
BMNK,2019-07-14 19:00:00,0,
BMNK,2019-07-14 20:00:00,0,
BMNK,2019-07-14 21:00:00,0,
BMNK,2019-07-14 22:00:00,0,
BMNK,2019-07-14 23:00:00,0,
BMNK,2019-07-15 00:00:00,0,
BMNK,2019-07-15 01:00:00,0,
BMNK,2019-07-15 02:00:00,0,
BMNK,2019-07-15 03:00:00,0,
BMNK,2019-07-15 04:00:00,0,
BMNK,2019-07-15 05:00:00,0,
BMNK,2019-07-15 06:00:00,0,
BMNK,2019-07-15 07:00:00,0,
BMNK,2019-07-15 08:00:00,0,
BMNK,2019-07-15 09:00:00,0,
BMNK,2019-07-15 10:00:00,0,
BMNK,2019-07-15 11:00:00,0,
BMNK,2019-07-15 12:00:00,0,
BMNK,2019-07-15 13:00:00,0,
BMNK,2019-07-15 14:00:00,0,
BMNK,2019-07-15 15:00:00,0,
BMNK,2019-07-15 16:00:00,0,
BMNK,2019-07-15 17:00:00,0,
BMNK,2019-07-15 18:00:00,0,
BMNK,2019-07-15 19:00:00,0,
BMNK,2019-07-15 20:00:00,0,
BMNK,2019-07-15 21:00:00,0,
BMNK,2019-07-15 22:00:00,0,
BMNK,2019-07-15 23:00:00,0,
BMNK,2019-07-16 00:00:00,0,
BMNK,2019-07-16 01:00:00,0,
BMNK,2019-07-16 02:00:00,0,
BMNK,2019-07-16 03:00:00,0,
BMNK,2019-07-16 04:00:00,0,
BMNK,2019-07-16 05:00:00,0,
BMNK,2019-07-16 06:00:00,0,
BMNK,2019-07-16 07:00:00,0,
BMNK,2019-07-16 08:00:00,0,
BMNK,2019-07-16 09:00:00,0,
BMNK,2019-07-16 10:00:00,0,
BMNK,2019-07-16 11:00:00,0,
BMNK,2019-07-16 12:00:00,0,
BMNK,2019-07-16 13:00:00,0,
BMNK,2019-07-16 14:00:00,0,
BMNK,2019-07-16 15:00:00,0,
BMNK,2019-07-16 16:00:00,0,
BMNK,2019-07-16 17:00:00,0,
BMNK,2019-07-16 18:00:00,0,
BMNK,2019-07-16 19:00:00,0,
BMNK,2019-07-16 20:00:00,0,
BMNK,2019-07-16 21:00:00,0,
BMNK,2019-07-16 22:00:00,0,
BMNK,2019-07-16 23:00:00,0,
BMNK,2019-07-17 00:00:00,0,
BMNK,2019-07-17 01:00:00,0,
BMNK,2019-07-17 02:00:00,0,
BMNK,2019-07-17 03:00:00,0,
BMNK,2019-07-17 04:00:00,0,
BMNK,2019-07-17 05:00:00,0,
BMNK,2019-07-17 06:00:00,0,
BMNK,2019-07-17 07:00:00,0,
BMNK,2019-07-17 08:00:00,0,
BMNK,2019-07-17 09:00:00,0,
BMNK,2019-07-17 10:00:00,0,
BMNK,2019-07-17 11:00:00,0,
BMNK,2019-07-17 12:00:00,0,
BMNK,2019-07-17 13:00:00,0,
BMNK,2019-07-17 14:00:00,0,
BMNK,2019-07-17 15:00:00,0,
BMNK,2019-07-17 16:00:00,0,
BMNK,2019-07-17 17:00:00,0,
BMNK,2019-07-17 18:00:00,0,
BMNK,2019-07-17 19:00:00,0,
BMNK,2019-07-17 20:00:00,0,
BMNK,2019-07-17 21:00:00,0,
BMNK,2019-07-17 22:00:00,0,
BMNK,2019-07-17 23:00:00,0,
BMNK,2019-07-18 00:00:00,0,
BMNK,2019-07-18 01:00:00,0,
BMNK,2019-07-18 02:00:00,0,
BMNK,2019-07-18 03:00:00,0,
BMNK,2019-07-18 04:00:00,0,
BMNK,2019-07-18 05:00:00,0,
BMNK,2019-07-18 06:00:00,0,
BMNK,2019-07-18 07:00:00,0,
BMNK,2019-07-18 08:00:00,0,
BMNK,2019-07-18 09:00:00,0,
BMNK,2019-07-18 10:00:00,0,
BMNK,2019-07-18 11:00:00,0,
BMNK,2019-07-18 12:00:00,0,
BMNK,2019-07-18 13:00:00,0,
BMNK,2019-07-18 14:00:00,0,
BMNK,2019-07-18 15:00:00,0,
BMNK,2019-07-18 16:00:00,0,
BMNK,2019-07-18 17:00:00,0,
BMNK,2019-07-18 18:00:00,0,
BMNK,2019-07-18 19:00:00,0,
BMNK,2019-07-18 20:00:00,0,
BMNK,2019-07-18 21:00:00,0,
BMNK,2019-07-18 22:00:00,-999,
BMNK,2019-07-18 23:00:00,0,
BMNK,2019-07-19 00:00:00,0,
BMNK,2019-07-19 01:00:00,0,
BMNK,2019-07-19 02:00:00,0,
BMNK,2019-07-19 03:00:00,0,
BMNK,2019-07-19 04:00:00,0,
BMNK,2019-07-19 05:00:00,0,
BMNK,2019-07-19 06:00:00,0,
BMNK,2019-07-19 07:00:00,0,
BMNK,2019-07-19 08:00:00,0,
BMNK,2019-07-19 09:00:00,0,
BMNK,2019-07-19 10:00:00,0,
BMNK,2019-07-19 11:00:00,0,
BMNK,2019-07-19 12:00:00,0,
BMNK,2019-07-19 13:00:00,0,
BMNK,2019-07-19 14:00:00,0,
BMNK,2019-07-19 15:00:00,0,
BMNK,2019-07-19 16:00:00,0,
BMNK,2019-07-19 17:00:00,0,
BMNK,2019-07-19 18:00:00,0,
BMNK,2019-07-19 19:00:00,0,
BMNK,2019-07-19 20:00:00,0,
BMNK,2019-07-19 21:00:00,0,
BMNK,2019-07-19 22:00:00,-999,
BMNK,2019-07-19 23:00:00,0,
BMNK,2019-07-20 00:00:00,0,
BMNK,2019-07-20 01:00:00,0,
BMNK,2019-07-20 02:00:00,0,
BMNK,2019-07-20 03:00:00,0,
BMNK,2019-07-20 04:00:00,0,
BMNK,2019-07-20 05:00:00,0,
BMNK,2019-07-20 06:00:00,0,
BMNK,2019-07-20 07:00:00,0,
BMNK,2019-07-20 08:00:00,0,
BMNK,2019-07-20 09:00:00,0,
BMNK,2019-07-20 10:00:00,0,
BMNK,2019-07-20 11:00:00,0,
BMNK,2019-07-20 12:00:00,0,
BMNK,2019-07-20 13:00:00,0,
BMNK,2019-07-20 14:00:00,0,
BMNK,2019-07-20 15:00:00,0,
BMNK,2019-07-20 16:00:00,0,
BMNK,2019-07-20 17:00:00,0,
BMNK,2019-07-20 18:00:00,0,
BMNK,2019-07-20 19:00:00,0,
BMNK,2019-07-20 20:00:00,0,
BMNK,2019-07-20 21:00:00,0,
BMNK,2019-07-20 22:00:00,0,
BMNK,2019-07-20 23:00:00,0,
BMNK,2019-07-21 00:00:00,0,
BMNK,2019-07-21 01:00:00,0,
BMNK,2019-07-21 02:00:00,0,
BMNK,2019-07-21 03:00:00,0,
BMNK,2019-07-21 04:00:00,0,
BMNK,2019-07-21 05:00:00,0,
BMNK,2019-07-21 06:00:00,0,
BMNK,2019-07-21 07:00:00,0,
BMNK,2019-07-21 08:00:00,0,
BMNK,2019-07-21 09:00:00,0,
BMNK,2019-07-21 10:00:00,0,
BMNK,2019-07-21 11:00:00,0,
BMNK,2019-07-21 12:00:00,0,
BMNK,2019-07-21 13:00:00,0,
BMNK,2019-07-21 14:00:00,0,
BMNK,2019-07-21 15:00:00,0,
BMNK,2019-07-21 16:00:00,0,
BMNK,2019-07-21 17:00:00,0,
BMNK,2019-07-21 18:00:00,0,
BMNK,2019-07-21 19:00:00,0,
BMNK,2019-07-21 20:00:00,0,
BMNK,2019-07-21 21:00:00,0,
BMNK,2019-07-21 22:00:00,0,
BMNK,2019-07-21 23:00:00,0,
BMNK,2019-07-22 00:00:00,0,
BMNK,2019-07-22 01:00:00,0,
BMNK,2019-07-22 02:00:00,0,
BMNK,2019-07-22 03:00:00,0,
BMNK,2019-07-22 04:00:00,0,
BMNK,2019-07-22 05:00:00,0,
BMNK,2019-07-22 06:00:00,0,
BMNK,2019-07-22 07:00:00,0,
BMNK,2019-07-22 08:00:00,0,
BMNK,2019-07-22 09:00:00,0,
BMNK,2019-07-22 10:00:00,0,
BMNK,2019-07-22 11:00:00,0,
BMNK,2019-07-22 12:00:00,0,
BMNK,2019-07-22 13:00:00,0,
BMNK,2019-07-22 14:00:00,0,
BMNK,2019-07-22 15:00:00,0,
BMNK,2019-07-22 16:00:00,0,
BMNK,2019-07-22 17:00:00,0,
BMNK,2019-07-22 18:00:00,0,
BMNK,2019-07-22 19:00:00,0,
BMNK,2019-07-22 20:00:00,0,
BMNK,2019-07-22 21:00:00,0,
BMNK,2019-07-22 22:00:00,0,
BMNK,2019-07-22 23:00:00,0,
BMNK,2019-07-23 00:00:00,0,
BMNK,2019-07-23 01:00:00,0,
BMNK,2019-07-23 02:00:00,0,
BMNK,2019-07-23 03:00:00,0,
BMNK,2019-07-23 04:00:00,0,
BMNK,2019-07-23 05:00:00,0,
BMNK,2019-07-23 06:00:00,0,
BMNK,2019-07-23 07:00:00,0,
BMNK,2019-07-23 08:00:00,0,
BMNK,2019-07-23 09:00:00,0,
BMNK,2019-07-23 10:00:00,0,
BMNK,2019-07-23 11:00:00,0,
BMNK,2019-07-23 12:00:00,0,
BMNK,2019-07-23 13:00:00,0,
BMNK,2019-07-23 14:00:00,0,
BMNK,2019-07-23 15:00:00,0,
BMNK,2019-07-23 16:00:00,0,
BMNK,2019-07-23 17:00:00,0,
BMNK,2019-07-23 18:00:00,0,
BMNK,2019-07-23 19:00:00,0,
BMNK,2019-07-23 20:00:00,0,
BMNK,2019-07-23 21:00:00,0,
BMNK,2019-07-23 22:00:00,0,
BMNK,2019-07-23 23:00:00,0,
BMNK,2019-07-24 00:00:00,0,
BMNK,2019-07-24 01:00:00,0,
BMNK,2019-07-24 02:00:00,0,
BMNK,2019-07-24 03:00:00,0,
BMNK,2019-07-24 04:00:00,0,
BMNK,2019-07-24 05:00:00,0,
BMNK,2019-07-24 06:00:00,0,
BMNK,2019-07-24 07:00:00,0,
BMNK,2019-07-24 08:00:00,0,
BMNK,2019-07-24 09:00:00,0,
BMNK,2019-07-24 10:00:00,0,
BMNK,2019-07-24 11:00:00,0,
BMNK,2019-07-24 12:00:00,0,
BMNK,2019-07-24 13:00:00,0,
BMNK,2019-07-24 14:00:00,0,
BMNK,2019-07-24 15:00:00,0,
BMNK,2019-07-24 16:00:00,0,
BMNK,2019-07-24 17:00:00,0,
BMNK,2019-07-24 18:00:00,0,
BMNK,2019-07-24 19:00:00,0,
BMNK,2019-07-24 20:00:00,0,
BMNK,2019-07-24 21:00:00,0,
BMNK,2019-07-24 22:00:00,0,
BMNK,2019-07-24 23:00:00,0,
BMNK,2019-07-25 00:00:00,0,
BMNK,2019-07-25 01:00:00,0,
BMNK,2019-07-25 02:00:00,0,
BMNK,2019-07-25 03:00:00,0,
BMNK,2019-07-25 04:00:00,0,
BMNK,2019-07-25 05:00:00,0,
BMNK,2019-07-25 06:00:00,0,
BMNK,2019-07-25 07:00:00,0,
BMNK,2019-07-25 08:00:00,0,
BMNK,2019-07-25 09:00:00,0,
BMNK,2019-07-25 10:00:00,0,
BMNK,2019-07-25 11:00:00,0,
BMNK,2019-07-25 12:00:00,0,
BMNK,2019-07-25 13:00:00,0,
BMNK,2019-07-25 14:00:00,0,
BMNK,2019-07-25 15:00:00,0,
BMNK,2019-07-25 16:00:00,0,
BMNK,2019-07-25 17:00:00,0,
BMNK,2019-07-25 18:00:00,0,
BMNK,2019-07-25 19:00:00,2.4,
BMNK,2019-07-25 20:00:00,0,
BMNK,2019-07-25 21:00:00,0.4,
BMNK,2019-07-25 22:00:00,0.8,
BMNK,2019-07-25 23:00:00,1.8,
BMNK,2019-07-26 00:00:00,0.4,
BMNK,2019-07-26 01:00:00,0,
BMNK,2019-07-26 02:00:00,0.2,
BMNK,2019-07-26 03:00:00,0.2,
BMNK,2019-07-26 04:00:00,0,
BMNK,2019-07-26 05:00:00,0,
BMNK,2019-07-26 06:00:00,0.2,
BMNK,2019-07-26 07:00:00,0.6,
BMNK,2019-07-26 08:00:00,0.8,
BMNK,2019-07-26 09:00:00,0.6,
BMNK,2019-07-26 10:00:00,0.4,
BMNK,2019-07-26 11:00:00,0,
BMNK,2019-07-26 12:00:00,0,
BMNK,2019-07-26 13:00:00,0,
BMNK,2019-07-26 14:00:00,0.2,
BMNK,2019-07-26 15:00:00,0,
BMNK,2019-07-26 16:00:00,0,
BMNK,2019-07-26 17:00:00,0,
BMNK,2019-07-26 18:00:00,0,
BMNK,2019-07-26 19:00:00,0,
BMNK,2019-07-26 20:00:00,0,
BMNK,2019-07-26 21:00:00,0,
BMNK,2019-07-26 22:00:00,0,
BMNK,2019-07-26 23:00:00,0,
BMNK,2019-07-27 00:00:00,0,
BMNK,2019-07-27 01:00:00,0,
BMNK,2019-07-27 02:00:00,0,
BMNK,2019-07-27 03:00:00,0,
BMNK,2019-07-27 04:00:00,0,
BMNK,2019-07-27 05:00:00,0,
BMNK,2019-07-27 06:00:00,0,
BMNK,2019-07-27 07:00:00,0,
BMNK,2019-07-27 08:00:00,0,
BMNK,2019-07-27 09:00:00,0,
BMNK,2019-07-27 10:00:00,0,
BMNK,2019-07-27 11:00:00,0.2,
BMNK,2019-07-27 12:00:00,0,
BMNK,2019-07-27 13:00:00,0,
BMNK,2019-07-27 14:00:00,0,
BMNK,2019-07-27 15:00:00,0,
BMNK,2019-07-27 16:00:00,0,
BMNK,2019-07-27 17:00:00,0,
BMNK,2019-07-27 18:00:00,0,
BMNK,2019-07-27 19:00:00,0,
BMNK,2019-07-27 20:00:00,0,
BMNK,2019-07-27 21:00:00,0,
BMNK,2019-07-27 22:00:00,0,
BMNK,2019-07-27 23:00:00,0,
BMNK,2019-07-28 00:00:00,0,
BMNK,2019-07-28 01:00:00,0,
BMNK,2019-07-28 02:00:00,0,
BMNK,2019-07-28 03:00:00,0,
BMNK,2019-07-28 04:00:00,0,
BMNK,2019-07-28 05:00:00,0,
BMNK,2019-07-28 06:00:00,0,
BMNK,2019-07-28 07:00:00,0,
BMNK,2019-07-28 08:00:00,0,
BMNK,2019-07-28 09:00:00,0,
BMNK,2019-07-28 10:00:00,0,
BMNK,2019-07-28 11:00:00,0.2,
BMNK,2019-07-28 12:00:00,0,
BMNK,2019-07-28 13:00:00,0,
BMNK,2019-07-28 14:00:00,0,
BMNK,2019-07-28 15:00:00,0,
BMNK,2019-07-28 16:00:00,0,
BMNK,2019-07-28 17:00:00,0,
BMNK,2019-07-28 18:00:00,0,
BMNK,2019-07-28 19:00:00,0,
BMNK,2019-07-28 20:00:00,0,
BMNK,2019-07-28 21:00:00,0,
BMNK,2019-07-28 22:00:00,0,
BMNK,2019-07-28 23:00:00,0,
BMNK,2019-07-29 00:00:00,0,
BMNK,2019-07-29 01:00:00,0,
BMNK,2019-07-29 02:00:00,0,
BMNK,2019-07-29 03:00:00,0,
BMNK,2019-07-29 04:00:00,0,
BMNK,2019-07-29 05:00:00,0,
BMNK,2019-07-29 06:00:00,0,
BMNK,2019-07-29 07:00:00,0,
BMNK,2019-07-29 08:00:00,0,
BMNK,2019-07-29 09:00:00,0,
BMNK,2019-07-29 10:00:00,0,
BMNK,2019-07-29 11:00:00,0,
BMNK,2019-07-29 12:00:00,0,
BMNK,2019-07-29 13:00:00,0,
BMNK,2019-07-29 14:00:00,0,
BMNK,2019-07-29 15:00:00,0,
BMNK,2019-07-29 16:00:00,0,
BMNK,2019-07-29 17:00:00,0,
BMNK,2019-07-29 18:00:00,0,
BMNK,2019-07-29 19:00:00,0,
BMNK,2019-07-29 20:00:00,0,
BMNK,2019-07-29 21:00:00,0,
BMNK,2019-07-29 22:00:00,0,
BMNK,2019-07-29 23:00:00,0,
BMNK,2019-07-30 00:00:00,0,
BMNK,2019-07-30 01:00:00,0,
BMNK,2019-07-30 02:00:00,0,
BMNK,2019-07-30 03:00:00,0,
BMNK,2019-07-30 04:00:00,0,
BMNK,2019-07-30 05:00:00,0,
BMNK,2019-07-30 06:00:00,0,
BMNK,2019-07-30 07:00:00,0,
BMNK,2019-07-30 08:00:00,0,
BMNK,2019-07-30 09:00:00,0,
BMNK,2019-07-30 10:00:00,0,
BMNK,2019-07-30 11:00:00,0,
BMNK,2019-07-30 12:00:00,0,
BMNK,2019-07-30 13:00:00,0,
BMNK,2019-07-30 14:00:00,0,
BMNK,2019-07-30 15:00:00,0,
BMNK,2019-07-30 16:00:00,0,
BMNK,2019-07-30 17:00:00,0,
BMNK,2019-07-30 18:00:00,0,
BMNK,2019-07-30 19:00:00,0,
BMNK,2019-07-30 20:00:00,0,
BMNK,2019-07-30 21:00:00,4,
BMNK,2019-07-30 22:00:00,0,
BMNK,2019-07-30 23:00:00,0,
BMNK,2019-07-31 00:00:00,0,
BMNK,2019-07-31 01:00:00,0,
BMNK,2019-07-31 02:00:00,0,
BMNK,2019-07-31 03:00:00,0,
BMNK,2019-07-31 04:00:00,0,
BMNK,2019-07-31 05:00:00,0,
BMNK,2019-07-31 06:00:00,0,
BMNK,2019-07-31 07:00:00,0,
BMNK,2019-07-31 08:00:00,0,
BMNK,2019-07-31 09:00:00,0,
BMNK,2019-07-31 10:00:00,0,
BMNK,2019-07-31 11:00:00,0,
BMNK,2019-07-31 12:00:00,0,
BMNK,2019-07-31 13:00:00,0,
BMNK,2019-07-31 14:00:00,0,
BMNK,2019-07-31 15:00:00,0.2,
BMNK,2019-07-31 16:00:00,0,
BMNK,2019-07-31 17:00:00,0,
BMNK,2019-07-31 18:00:00,-999,
BMNK,2019-07-31 19:00:00,1,
BMNK,2019-07-31 20:00:00,0,
BMNK,2019-07-31 21:00:00,0,
BMNK,2019-07-31 22:00:00,0,
BMNK,2019-07-31 23:00:00,0,
DIV003,2019-07-01 00:00:00,0,
DIV003,2019-07-01 01:00:00,0,
DIV003,2019-07-01 02:00:00,0,
DIV003,2019-07-01 03:00:00,0,
DIV003,2019-07-01 04:00:00,0,
DIV003,2019-07-01 05:00:00,0,
DIV003,2019-07-01 06:00:00,0,
DIV003,2019-07-01 07:00:00,0,
DIV003,2019-07-01 08:00:00,0,
DIV003,2019-07-01 09:00:00,0,
DIV003,2019-07-01 10:00:00,0,
DIV003,2019-07-01 11:00:00,0,
DIV003,2019-07-01 12:00:00,0,
DIV003,2019-07-01 13:00:00,0,
DIV003,2019-07-01 14:00:00,0,
DIV003,2019-07-01 15:00:00,0,
DIV003,2019-07-01 16:00:00,0,
DIV003,2019-07-01 17:00:00,0,
DIV003,2019-07-01 18:00:00,0,
DIV003,2019-07-01 19:00:00,0,
DIV003,2019-07-01 20:00:00,0,
DIV003,2019-07-01 21:00:00,0,
DIV003,2019-07-01 22:00:00,0,
DIV003,2019-07-01 23:00:00,0,
DIV003,2019-07-02 00:00:00,0,
DIV003,2019-07-02 01:00:00,0,
DIV003,2019-07-02 02:00:00,0,
DIV003,2019-07-02 03:00:00,0,
DIV003,2019-07-02 04:00:00,0,
DIV003,2019-07-02 05:00:00,0,
DIV003,2019-07-02 06:00:00,0,
DIV003,2019-07-02 07:00:00,0,
DIV003,2019-07-02 08:00:00,0,
DIV003,2019-07-02 09:00:00,0,
DIV003,2019-07-02 10:00:00,0,
DIV003,2019-07-02 11:00:00,0,
DIV003,2019-07-02 12:00:00,0,
DIV003,2019-07-02 13:00:00,0,
DIV003,2019-07-02 14:00:00,0,
DIV003,2019-07-02 15:00:00,0,
DIV003,2019-07-02 16:00:00,0,
DIV003,2019-07-02 17:00:00,0,
DIV003,2019-07-02 18:00:00,0,
DIV003,2019-07-02 19:00:00,0,
DIV003,2019-07-02 20:00:00,0,
DIV003,2019-07-02 21:00:00,0,
DIV003,2019-07-02 22:00:00,0,
DIV003,2019-07-02 23:00:00,0,
DIV003,2019-07-03 00:00:00,0,
DIV003,2019-07-03 01:00:00,0,
DIV003,2019-07-03 02:00:00,0,
DIV003,2019-07-03 03:00:00,0,
DIV003,2019-07-03 04:00:00,0,
DIV003,2019-07-03 05:00:00,0,
DIV003,2019-07-03 06:00:00,0,
DIV003,2019-07-03 07:00:00,0,
DIV003,2019-07-03 08:00:00,0,
DIV003,2019-07-03 09:00:00,0,
DIV003,2019-07-03 10:00:00,0,
DIV003,2019-07-03 11:00:00,0,
DIV003,2019-07-03 12:00:00,0,
DIV003,2019-07-03 13:00:00,0,
DIV003,2019-07-03 14:00:00,0,
DIV003,2019-07-03 15:00:00,0,
DIV003,2019-07-03 16:00:00,0,
DIV003,2019-07-03 17:00:00,0,
DIV003,2019-07-03 18:00:00,0,
DIV003,2019-07-03 19:00:00,0,
DIV003,2019-07-03 20:00:00,0,
DIV003,2019-07-03 21:00:00,0,
DIV003,2019-07-03 22:00:00,0,
DIV003,2019-07-03 23:00:00,0,
DIV003,2019-07-04 00:00:00,0,
DIV003,2019-07-04 01:00:00,0,
DIV003,2019-07-04 02:00:00,0,
DIV003,2019-07-04 03:00:00,0,
DIV003,2019-07-04 04:00:00,0,
DIV003,2019-07-04 05:00:00,0,
DIV003,2019-07-04 06:00:00,0,
DIV003,2019-07-04 07:00:00,0,
DIV003,2019-07-04 08:00:00,0,
DIV003,2019-07-04 09:00:00,0,
DIV003,2019-07-04 10:00:00,0,
DIV003,2019-07-04 11:00:00,0,
DIV003,2019-07-04 12:00:00,0,
DIV003,2019-07-04 13:00:00,0,
DIV003,2019-07-04 14:00:00,0,
DIV003,2019-07-04 15:00:00,0,
DIV003,2019-07-04 16:00:00,0,
DIV003,2019-07-04 17:00:00,0,
DIV003,2019-07-04 18:00:00,0,
DIV003,2019-07-04 19:00:00,0,
DIV003,2019-07-04 20:00:00,0,
DIV003,2019-07-04 21:00:00,0,
DIV003,2019-07-04 22:00:00,0,
DIV003,2019-07-04 23:00:00,0,
DIV003,2019-07-05 00:00:00,0,
DIV003,2019-07-05 01:00:00,0,
DIV003,2019-07-05 02:00:00,0,
DIV003,2019-07-05 03:00:00,0,
DIV003,2019-07-05 04:00:00,0,
DIV003,2019-07-05 05:00:00,0,
DIV003,2019-07-05 06:00:00,0,
DIV003,2019-07-05 07:00:00,0,
DIV003,2019-07-05 08:00:00,0,
DIV003,2019-07-05 09:00:00,0,
DIV003,2019-07-05 10:00:00,0,
DIV003,2019-07-05 11:00:00,0,
DIV003,2019-07-05 12:00:00,0,
DIV003,2019-07-05 13:00:00,0,
DIV003,2019-07-05 14:00:00,0,
DIV003,2019-07-05 15:00:00,0,
DIV003,2019-07-05 16:00:00,0,
DIV003,2019-07-05 17:00:00,0,
DIV003,2019-07-05 18:00:00,0,
DIV003,2019-07-05 19:00:00,0,
DIV003,2019-07-05 20:00:00,0,
DIV003,2019-07-05 21:00:00,0,
DIV003,2019-07-05 22:00:00,0,
DIV003,2019-07-05 23:00:00,0,
DIV003,2019-07-06 00:00:00,0,
DIV003,2019-07-06 01:00:00,0,
DIV003,2019-07-06 02:00:00,0,
DIV003,2019-07-06 03:00:00,0,
DIV003,2019-07-06 04:00:00,0,
DIV003,2019-07-06 05:00:00,0,
DIV003,2019-07-06 06:00:00,0,
DIV003,2019-07-06 07:00:00,0,
DIV003,2019-07-06 08:00:00,0,
DIV003,2019-07-06 09:00:00,0,
DIV003,2019-07-06 10:00:00,0,
DIV003,2019-07-06 11:00:00,0,
DIV003,2019-07-06 12:00:00,0,
DIV003,2019-07-06 13:00:00,0,
DIV003,2019-07-06 14:00:00,0,
DIV003,2019-07-06 15:00:00,0,
DIV003,2019-07-06 16:00:00,0,
DIV003,2019-07-06 17:00:00,0,
DIV003,2019-07-06 18:00:00,0,
DIV003,2019-07-06 19:00:00,0,
DIV003,2019-07-06 20:00:00,0,
DIV003,2019-07-06 21:00:00,0,
DIV003,2019-07-06 22:00:00,0,
DIV003,2019-07-06 23:00:00,0,
DIV003,2019-07-07 00:00:00,0,
DIV003,2019-07-07 01:00:00,0,
DIV003,2019-07-07 02:00:00,0,
DIV003,2019-07-07 03:00:00,0,
DIV003,2019-07-07 04:00:00,0,
DIV003,2019-07-07 05:00:00,0,
DIV003,2019-07-07 06:00:00,0,
DIV003,2019-07-07 07:00:00,0,
DIV003,2019-07-07 08:00:00,0,
DIV003,2019-07-07 09:00:00,0,
DIV003,2019-07-07 10:00:00,0,
DIV003,2019-07-07 11:00:00,0,
DIV003,2019-07-07 12:00:00,0,
DIV003,2019-07-07 13:00:00,0,
DIV003,2019-07-07 14:00:00,0,
DIV003,2019-07-07 15:00:00,0,
DIV003,2019-07-07 16:00:00,0,
DIV003,2019-07-07 17:00:00,0,
DIV003,2019-07-07 18:00:00,0,
DIV003,2019-07-07 19:00:00,0,
DIV003,2019-07-07 20:00:00,0,
DIV003,2019-07-07 21:00:00,0,
DIV003,2019-07-07 22:00:00,0,
DIV003,2019-07-07 23:00:00,0,
DIV003,2019-07-08 00:00:00,0,
DIV003,2019-07-08 01:00:00,0,
DIV003,2019-07-08 02:00:00,0,
DIV003,2019-07-08 03:00:00,0,
DIV003,2019-07-08 04:00:00,0,
DIV003,2019-07-08 05:00:00,0,
DIV003,2019-07-08 06:00:00,0,
DIV003,2019-07-08 07:00:00,0,
DIV003,2019-07-08 08:00:00,0,
DIV003,2019-07-08 09:00:00,0,
DIV003,2019-07-08 10:00:00,0,
DIV003,2019-07-08 11:00:00,0,
DIV003,2019-07-08 12:00:00,0,
DIV003,2019-07-08 13:00:00,0,
DIV003,2019-07-08 14:00:00,0,
DIV003,2019-07-08 15:00:00,0,
DIV003,2019-07-08 16:00:00,0,
DIV003,2019-07-08 17:00:00,0,
DIV003,2019-07-08 18:00:00,0,
DIV003,2019-07-08 19:00:00,0,
DIV003,2019-07-08 20:00:00,0,
DIV003,2019-07-08 21:00:00,0,
DIV003,2019-07-08 22:00:00,0,
DIV003,2019-07-08 23:00:00,0,
DIV003,2019-07-09 00:00:00,0,
DIV003,2019-07-09 01:00:00,0,
DIV003,2019-07-09 02:00:00,0,
DIV003,2019-07-09 03:00:00,0,
DIV003,2019-07-09 04:00:00,0,
DIV003,2019-07-09 05:00:00,0,
DIV003,2019-07-09 06:00:00,0,
DIV003,2019-07-09 07:00:00,0,
DIV003,2019-07-09 08:00:00,0,
DIV003,2019-07-09 09:00:00,0,
DIV003,2019-07-09 10:00:00,0,
DIV003,2019-07-09 11:00:00,0,
DIV003,2019-07-09 12:00:00,0,
DIV003,2019-07-09 13:00:00,0,
DIV003,2019-07-09 14:00:00,0,
DIV003,2019-07-09 15:00:00,0,
DIV003,2019-07-09 16:00:00,0,
DIV003,2019-07-09 17:00:00,0,
DIV003,2019-07-09 18:00:00,0,
DIV003,2019-07-09 19:00:00,0,
DIV003,2019-07-09 20:00:00,0,
DIV003,2019-07-09 21:00:00,0,
DIV003,2019-07-09 22:00:00,0,
DIV003,2019-07-09 23:00:00,0,
DIV003,2019-07-10 00:00:00,0,
DIV003,2019-07-10 01:00:00,0,
DIV003,2019-07-10 02:00:00,0,
DIV003,2019-07-10 03:00:00,0,
DIV003,2019-07-10 04:00:00,0,
DIV003,2019-07-10 05:00:00,0,
DIV003,2019-07-10 06:00:00,0,
DIV003,2019-07-10 07:00:00,0,
DIV003,2019-07-10 08:00:00,0,
DIV003,2019-07-10 09:00:00,0,
DIV003,2019-07-10 10:00:00,0,
DIV003,2019-07-10 11:00:00,0,
DIV003,2019-07-10 12:00:00,0,
DIV003,2019-07-10 13:00:00,0,
DIV003,2019-07-10 14:00:00,0,
DIV003,2019-07-10 15:00:00,0,
DIV003,2019-07-10 16:00:00,0,
DIV003,2019-07-10 17:00:00,0,
DIV003,2019-07-10 18:00:00,0,
DIV003,2019-07-10 19:00:00,0,
DIV003,2019-07-10 20:00:00,0,
DIV003,2019-07-10 21:00:00,0,
DIV003,2019-07-10 22:00:00,0,
DIV003,2019-07-10 23:00:00,0,
DIV003,2019-07-11 00:00:00,0,
DIV003,2019-07-11 01:00:00,0,
DIV003,2019-07-11 02:00:00,0,
DIV003,2019-07-11 03:00:00,0,
DIV003,2019-07-11 04:00:00,0,
DIV003,2019-07-11 05:00:00,0,
DIV003,2019-07-11 06:00:00,0,
DIV003,2019-07-11 07:00:00,0,
DIV003,2019-07-11 08:00:00,0,
DIV003,2019-07-11 09:00:00,0,
DIV003,2019-07-11 10:00:00,0,
DIV003,2019-07-11 11:00:00,0,
DIV003,2019-07-11 12:00:00,0,
DIV003,2019-07-11 13:00:00,0,
DIV003,2019-07-11 14:00:00,0,
DIV003,2019-07-11 15:00:00,0,
DIV003,2019-07-11 16:00:00,0,
DIV003,2019-07-11 17:00:00,0,
DIV003,2019-07-11 18:00:00,0,
DIV003,2019-07-11 19:00:00,0,
DIV003,2019-07-11 20:00:00,0,
DIV003,2019-07-11 21:00:00,0,
DIV003,2019-07-11 22:00:00,0,
DIV003,2019-07-11 23:00:00,0,
DIV003,2019-07-12 00:00:00,0,
DIV003,2019-07-12 01:00:00,0,
DIV003,2019-07-12 02:00:00,0,
DIV003,2019-07-12 03:00:00,0,
DIV003,2019-07-12 04:00:00,0,
DIV003,2019-07-12 05:00:00,0,
DIV003,2019-07-12 06:00:00,0,
DIV003,2019-07-12 07:00:00,0,
DIV003,2019-07-12 08:00:00,0,
DIV003,2019-07-12 09:00:00,0,
DIV003,2019-07-12 10:00:00,0,
DIV003,2019-07-12 11:00:00,0,
DIV003,2019-07-12 12:00:00,0,
DIV003,2019-07-12 13:00:00,0,
DIV003,2019-07-12 14:00:00,0,
DIV003,2019-07-12 15:00:00,0,
DIV003,2019-07-12 16:00:00,0.2,
DIV003,2019-07-12 17:00:00,0,
DIV003,2019-07-12 18:00:00,0,
DIV003,2019-07-12 19:00:00,0,
DIV003,2019-07-12 20:00:00,0,
DIV003,2019-07-12 21:00:00,0,
DIV003,2019-07-12 22:00:00,0,
DIV003,2019-07-12 23:00:00,0,
DIV003,2019-07-13 00:00:00,0,
DIV003,2019-07-13 01:00:00,0,
DIV003,2019-07-13 02:00:00,0,
DIV003,2019-07-13 03:00:00,0,
DIV003,2019-07-13 04:00:00,0,
DIV003,2019-07-13 05:00:00,0,
DIV003,2019-07-13 06:00:00,0,
DIV003,2019-07-13 07:00:00,0,
DIV003,2019-07-13 08:00:00,0,
DIV003,2019-07-13 09:00:00,0,
DIV003,2019-07-13 10:00:00,0,
DIV003,2019-07-13 11:00:00,0,
DIV003,2019-07-13 12:00:00,0,
DIV003,2019-07-13 13:00:00,0,
DIV003,2019-07-13 14:00:00,0,
DIV003,2019-07-13 15:00:00,-999,
DIV003,2019-07-13 16:00:00,-999,
DIV003,2019-07-13 17:00:00,0,
DIV003,2019-07-13 18:00:00,0.2,
DIV003,2019-07-13 19:00:00,0,
DIV003,2019-07-13 20:00:00,0,
DIV003,2019-07-13 21:00:00,0,
DIV003,2019-07-13 22:00:00,0,
DIV003,2019-07-13 23:00:00,0,
DIV003,2019-07-14 00:00:00,0,
DIV003,2019-07-14 01:00:00,0,
DIV003,2019-07-14 02:00:00,0,
DIV003,2019-07-14 03:00:00,0,
DIV003,2019-07-14 04:00:00,0,
DIV003,2019-07-14 05:00:00,0,
DIV003,2019-07-14 06:00:00,0,
DIV003,2019-07-14 07:00:00,0,
DIV003,2019-07-14 08:00:00,0,
DIV003,2019-07-14 09:00:00,0,
DIV003,2019-07-14 10:00:00,0,
DIV003,2019-07-14 11:00:00,0,
DIV003,2019-07-14 12:00:00,0,
DIV003,2019-07-14 13:00:00,0,
DIV003,2019-07-14 14:00:00,0,
DIV003,2019-07-14 15:00:00,0,
DIV003,2019-07-14 16:00:00,0,
DIV003,2019-07-14 17:00:00,0,
DIV003,2019-07-14 18:00:00,0,
DIV003,2019-07-14 19:00:00,0,
DIV003,2019-07-14 20:00:00,0,
DIV003,2019-07-14 21:00:00,0,
DIV003,2019-07-14 22:00:00,0,
DIV003,2019-07-14 23:00:00,0,
DIV003,2019-07-15 00:00:00,0,
DIV003,2019-07-15 01:00:00,0,
DIV003,2019-07-15 02:00:00,0,
DIV003,2019-07-15 03:00:00,0,
DIV003,2019-07-15 04:00:00,0,
DIV003,2019-07-15 05:00:00,0,
DIV003,2019-07-15 06:00:00,0,
DIV003,2019-07-15 07:00:00,0,
DIV003,2019-07-15 08:00:00,0,
DIV003,2019-07-15 09:00:00,0,
DIV003,2019-07-15 10:00:00,0,
DIV003,2019-07-15 11:00:00,0,
DIV003,2019-07-15 12:00:00,0,
DIV003,2019-07-15 13:00:00,0,
DIV003,2019-07-15 14:00:00,0,
DIV003,2019-07-15 15:00:00,0,
DIV003,2019-07-15 16:00:00,0,
DIV003,2019-07-15 17:00:00,0,
DIV003,2019-07-15 18:00:00,0,
DIV003,2019-07-15 19:00:00,0,
DIV003,2019-07-15 20:00:00,0,
DIV003,2019-07-15 21:00:00,0,
DIV003,2019-07-15 22:00:00,0,
DIV003,2019-07-15 23:00:00,0,
DIV003,2019-07-16 00:00:00,0,
DIV003,2019-07-16 01:00:00,0,
DIV003,2019-07-16 02:00:00,0,
DIV003,2019-07-16 03:00:00,0,
DIV003,2019-07-16 04:00:00,0,
DIV003,2019-07-16 05:00:00,0,
DIV003,2019-07-16 06:00:00,0,
DIV003,2019-07-16 07:00:00,0,
DIV003,2019-07-16 08:00:00,0,
DIV003,2019-07-16 09:00:00,0,
DIV003,2019-07-16 10:00:00,0,
DIV003,2019-07-16 11:00:00,0,
DIV003,2019-07-16 12:00:00,0,
DIV003,2019-07-16 13:00:00,0,
DIV003,2019-07-16 14:00:00,0,
DIV003,2019-07-16 15:00:00,0,
DIV003,2019-07-16 16:00:00,0,
DIV003,2019-07-16 17:00:00,0,
DIV003,2019-07-16 18:00:00,0,
DIV003,2019-07-16 19:00:00,0,
DIV003,2019-07-16 20:00:00,0,
DIV003,2019-07-16 21:00:00,0,
DIV003,2019-07-16 22:00:00,0,
DIV003,2019-07-16 23:00:00,0,
DIV003,2019-07-17 00:00:00,0,
DIV003,2019-07-17 01:00:00,0,
DIV003,2019-07-17 02:00:00,0,
DIV003,2019-07-17 03:00:00,0,
DIV003,2019-07-17 04:00:00,0,
DIV003,2019-07-17 05:00:00,0,
DIV003,2019-07-17 06:00:00,0,
DIV003,2019-07-17 07:00:00,0,
DIV003,2019-07-17 08:00:00,0,
DIV003,2019-07-17 09:00:00,0,
DIV003,2019-07-17 10:00:00,0,
DIV003,2019-07-17 11:00:00,0,
DIV003,2019-07-17 12:00:00,0,
DIV003,2019-07-17 13:00:00,0,
DIV003,2019-07-17 14:00:00,0,
DIV003,2019-07-17 15:00:00,0,
DIV003,2019-07-17 16:00:00,0,
DIV003,2019-07-17 17:00:00,0,
DIV003,2019-07-17 18:00:00,0,
DIV003,2019-07-17 19:00:00,0,
DIV003,2019-07-17 20:00:00,0,
DIV003,2019-07-17 21:00:00,0,
DIV003,2019-07-17 22:00:00,0,
DIV003,2019-07-17 23:00:00,0,
DIV003,2019-07-18 00:00:00,0,
DIV003,2019-07-18 01:00:00,0,
DIV003,2019-07-18 02:00:00,0,
DIV003,2019-07-18 03:00:00,0,
DIV003,2019-07-18 04:00:00,0,
DIV003,2019-07-18 05:00:00,0,
DIV003,2019-07-18 06:00:00,0,
DIV003,2019-07-18 07:00:00,0,
DIV003,2019-07-18 08:00:00,0,
DIV003,2019-07-18 09:00:00,0.4,
DIV003,2019-07-18 10:00:00,0,
DIV003,2019-07-18 11:00:00,0,
DIV003,2019-07-18 12:00:00,0,
DIV003,2019-07-18 13:00:00,0,
DIV003,2019-07-18 14:00:00,0,
DIV003,2019-07-18 15:00:00,0.2,
DIV003,2019-07-18 16:00:00,0,
DIV003,2019-07-18 17:00:00,0,
DIV003,2019-07-18 18:00:00,0,
DIV003,2019-07-18 19:00:00,0,
DIV003,2019-07-18 20:00:00,0,
DIV003,2019-07-18 21:00:00,0,
DIV003,2019-07-18 22:00:00,0,
DIV003,2019-07-18 23:00:00,0,
DIV003,2019-07-19 00:00:00,0,
DIV003,2019-07-19 01:00:00,0,
DIV003,2019-07-19 02:00:00,0,
DIV003,2019-07-19 03:00:00,0,
DIV003,2019-07-19 04:00:00,0,
DIV003,2019-07-19 05:00:00,0,
DIV003,2019-07-19 06:00:00,0,
DIV003,2019-07-19 07:00:00,0,
DIV003,2019-07-19 08:00:00,0,
DIV003,2019-07-19 09:00:00,0,
DIV003,2019-07-19 10:00:00,0.2,
DIV003,2019-07-19 11:00:00,0,
DIV003,2019-07-19 12:00:00,0,
DIV003,2019-07-19 13:00:00,0,
DIV003,2019-07-19 14:00:00,0,
DIV003,2019-07-19 15:00:00,0,
DIV003,2019-07-19 16:00:00,0,
DIV003,2019-07-19 17:00:00,0,
DIV003,2019-07-19 18:00:00,0,
DIV003,2019-07-19 19:00:00,0,
DIV003,2019-07-19 20:00:00,0,
DIV003,2019-07-19 21:00:00,0,
DIV003,2019-07-19 22:00:00,0,
DIV003,2019-07-19 23:00:00,0,
DIV003,2019-07-20 00:00:00,0,
DIV003,2019-07-20 01:00:00,0,
DIV003,2019-07-20 02:00:00,0,
DIV003,2019-07-20 03:00:00,0,
DIV003,2019-07-20 04:00:00,0,
DIV003,2019-07-20 05:00:00,0,
DIV003,2019-07-20 06:00:00,0,
DIV003,2019-07-20 07:00:00,0,
DIV003,2019-07-20 08:00:00,0,
DIV003,2019-07-20 09:00:00,0,
DIV003,2019-07-20 10:00:00,0,
DIV003,2019-07-20 11:00:00,0,
DIV003,2019-07-20 12:00:00,0,
DIV003,2019-07-20 13:00:00,0,
DIV003,2019-07-20 14:00:00,0,
DIV003,2019-07-20 15:00:00,0,
DIV003,2019-07-20 16:00:00,0,
DIV003,2019-07-20 17:00:00,0,
DIV003,2019-07-20 18:00:00,0,
DIV003,2019-07-20 19:00:00,0,
DIV003,2019-07-20 20:00:00,0,
DIV003,2019-07-20 21:00:00,0,
DIV003,2019-07-20 22:00:00,0,
DIV003,2019-07-20 23:00:00,0,
DIV003,2019-07-21 00:00:00,0,
DIV003,2019-07-21 01:00:00,0,
DIV003,2019-07-21 02:00:00,0,
DIV003,2019-07-21 03:00:00,0,
DIV003,2019-07-21 04:00:00,0,
DIV003,2019-07-21 05:00:00,0,
DIV003,2019-07-21 06:00:00,0,
DIV003,2019-07-21 07:00:00,0,
DIV003,2019-07-21 08:00:00,0,
DIV003,2019-07-21 09:00:00,0,
DIV003,2019-07-21 10:00:00,0,
DIV003,2019-07-21 11:00:00,0,
DIV003,2019-07-21 12:00:00,0,
DIV003,2019-07-21 13:00:00,0,
DIV003,2019-07-21 14:00:00,0,
DIV003,2019-07-21 15:00:00,0,
DIV003,2019-07-21 16:00:00,0,
DIV003,2019-07-21 17:00:00,5.8,
DIV003,2019-07-21 18:00:00,0.2,
DIV003,2019-07-21 19:00:00,0.2,
DIV003,2019-07-21 20:00:00,0,
DIV003,2019-07-21 21:00:00,0,
DIV003,2019-07-21 22:00:00,0,
DIV003,2019-07-21 23:00:00,0,
DIV003,2019-07-22 00:00:00,0,
DIV003,2019-07-22 01:00:00,0,
DIV003,2019-07-22 02:00:00,0,
DIV003,2019-07-22 03:00:00,0,
DIV003,2019-07-22 04:00:00,0,
DIV003,2019-07-22 05:00:00,0,
DIV003,2019-07-22 06:00:00,0,
DIV003,2019-07-22 07:00:00,0,
DIV003,2019-07-22 08:00:00,0,
DIV003,2019-07-22 09:00:00,0,
DIV003,2019-07-22 10:00:00,0,
DIV003,2019-07-22 11:00:00,0,
DIV003,2019-07-22 12:00:00,0,
DIV003,2019-07-22 13:00:00,0,
DIV003,2019-07-22 14:00:00,0,
DIV003,2019-07-22 15:00:00,0,
DIV003,2019-07-22 16:00:00,0,
DIV003,2019-07-22 17:00:00,0,
DIV003,2019-07-22 18:00:00,0,
DIV003,2019-07-22 19:00:00,0,
DIV003,2019-07-22 20:00:00,0,
DIV003,2019-07-22 21:00:00,0,
DIV003,2019-07-22 22:00:00,0,
DIV003,2019-07-22 23:00:00,0,
DIV003,2019-07-23 00:00:00,0,
DIV003,2019-07-23 01:00:00,0,
DIV003,2019-07-23 02:00:00,0,
DIV003,2019-07-23 03:00:00,0,
DIV003,2019-07-23 04:00:00,0,
DIV003,2019-07-23 05:00:00,0,
DIV003,2019-07-23 06:00:00,0,
DIV003,2019-07-23 07:00:00,0,
DIV003,2019-07-23 08:00:00,0,
DIV003,2019-07-23 09:00:00,0,
DIV003,2019-07-23 10:00:00,0.2,
DIV003,2019-07-23 11:00:00,0,
DIV003,2019-07-23 12:00:00,0,
DIV003,2019-07-23 13:00:00,0,
DIV003,2019-07-23 14:00:00,0,
DIV003,2019-07-23 15:00:00,0,
DIV003,2019-07-23 16:00:00,0,
DIV003,2019-07-23 17:00:00,0,
DIV003,2019-07-23 18:00:00,0,
DIV003,2019-07-23 19:00:00,0,
DIV003,2019-07-23 20:00:00,0,
DIV003,2019-07-23 21:00:00,0,
DIV003,2019-07-23 22:00:00,0,
DIV003,2019-07-23 23:00:00,0,
DIV003,2019-07-24 00:00:00,0,
DIV003,2019-07-24 01:00:00,0,
DIV003,2019-07-24 02:00:00,0,
DIV003,2019-07-24 03:00:00,0,
DIV003,2019-07-24 04:00:00,0,
DIV003,2019-07-24 05:00:00,0,
DIV003,2019-07-24 06:00:00,0,
DIV003,2019-07-24 07:00:00,0,
DIV003,2019-07-24 08:00:00,0,
DIV003,2019-07-24 09:00:00,0,
DIV003,2019-07-24 10:00:00,0,
DIV003,2019-07-24 11:00:00,0,
DIV003,2019-07-24 12:00:00,0,
DIV003,2019-07-24 13:00:00,0,
DIV003,2019-07-24 14:00:00,0,
DIV003,2019-07-24 15:00:00,0,
DIV003,2019-07-24 16:00:00,0,
DIV003,2019-07-24 17:00:00,-999,
DIV003,2019-07-24 18:00:00,0,
DIV003,2019-07-24 19:00:00,0,
DIV003,2019-07-24 20:00:00,0,
DIV003,2019-07-24 21:00:00,0,
DIV003,2019-07-24 22:00:00,0,
DIV003,2019-07-24 23:00:00,0,
DIV003,2019-07-25 00:00:00,0,
DIV003,2019-07-25 01:00:00,0,
DIV003,2019-07-25 02:00:00,0,
DIV003,2019-07-25 03:00:00,0,
DIV003,2019-07-25 04:00:00,0.6,
DIV003,2019-07-25 05:00:00,0.6,
DIV003,2019-07-25 06:00:00,0.4,
DIV003,2019-07-25 07:00:00,0,
DIV003,2019-07-25 08:00:00,0,
DIV003,2019-07-25 09:00:00,0,
DIV003,2019-07-25 10:00:00,0.2,
DIV003,2019-07-25 11:00:00,0,
DIV003,2019-07-25 12:00:00,0.2,
DIV003,2019-07-25 13:00:00,0,
DIV003,2019-07-25 14:00:00,0,
DIV003,2019-07-25 15:00:00,21.8,
DIV003,2019-07-25 16:00:00,4,
DIV003,2019-07-25 17:00:00,1,
DIV003,2019-07-25 18:00:00,0,
DIV003,2019-07-25 19:00:00,0,
DIV003,2019-07-25 20:00:00,0,
DIV003,2019-07-25 21:00:00,0,
DIV003,2019-07-25 22:00:00,0,
DIV003,2019-07-25 23:00:00,0,
DIV003,2019-07-26 00:00:00,0,
DIV003,2019-07-26 01:00:00,0,
DIV003,2019-07-26 02:00:00,0,
DIV003,2019-07-26 03:00:00,0,
DIV003,2019-07-26 04:00:00,0,
DIV003,2019-07-26 05:00:00,0,
DIV003,2019-07-26 06:00:00,0,
DIV003,2019-07-26 07:00:00,0,
DIV003,2019-07-26 08:00:00,0,
DIV003,2019-07-26 09:00:00,0,
DIV003,2019-07-26 10:00:00,0,
DIV003,2019-07-26 11:00:00,0.2,
DIV003,2019-07-26 12:00:00,0,
DIV003,2019-07-26 13:00:00,0,
DIV003,2019-07-26 14:00:00,0,
DIV003,2019-07-26 15:00:00,0,
DIV003,2019-07-26 16:00:00,0,
DIV003,2019-07-26 17:00:00,0,
DIV003,2019-07-26 18:00:00,0,
DIV003,2019-07-26 19:00:00,0,
DIV003,2019-07-26 20:00:00,0,
DIV003,2019-07-26 21:00:00,0,
DIV003,2019-07-26 22:00:00,0,
DIV003,2019-07-26 23:00:00,0,
DIV003,2019-07-27 00:00:00,0,
DIV003,2019-07-27 01:00:00,0,
DIV003,2019-07-27 02:00:00,0,
DIV003,2019-07-27 03:00:00,0,
DIV003,2019-07-27 04:00:00,0,
DIV003,2019-07-27 05:00:00,0,
DIV003,2019-07-27 06:00:00,0,
DIV003,2019-07-27 07:00:00,0,
DIV003,2019-07-27 08:00:00,0,
DIV003,2019-07-27 09:00:00,0,
DIV003,2019-07-27 10:00:00,0,
DIV003,2019-07-27 11:00:00,0,
DIV003,2019-07-27 12:00:00,0,
DIV003,2019-07-27 13:00:00,0,
DIV003,2019-07-27 14:00:00,0,
DIV003,2019-07-27 15:00:00,0,
DIV003,2019-07-27 16:00:00,0,
DIV003,2019-07-27 17:00:00,0,
DIV003,2019-07-27 18:00:00,0,
DIV003,2019-07-27 19:00:00,0,
DIV003,2019-07-27 20:00:00,0,
DIV003,2019-07-27 21:00:00,0,
DIV003,2019-07-27 22:00:00,0,
DIV003,2019-07-27 23:00:00,0,
DIV003,2019-07-28 00:00:00,0,
DIV003,2019-07-28 01:00:00,0,
DIV003,2019-07-28 02:00:00,0,
DIV003,2019-07-28 03:00:00,0,
DIV003,2019-07-28 04:00:00,0,
DIV003,2019-07-28 05:00:00,0,
DIV003,2019-07-28 06:00:00,0,
DIV003,2019-07-28 07:00:00,0,
DIV003,2019-07-28 08:00:00,0,
DIV003,2019-07-28 09:00:00,0.4,
DIV003,2019-07-28 10:00:00,0,
DIV003,2019-07-28 11:00:00,0,
DIV003,2019-07-28 12:00:00,0,
DIV003,2019-07-28 13:00:00,0,
DIV003,2019-07-28 14:00:00,0,
DIV003,2019-07-28 15:00:00,0,
DIV003,2019-07-28 16:00:00,0,
DIV003,2019-07-28 17:00:00,0,
DIV003,2019-07-28 18:00:00,0,
DIV003,2019-07-28 19:00:00,0,
DIV003,2019-07-28 20:00:00,0,
DIV003,2019-07-28 21:00:00,0,
DIV003,2019-07-28 22:00:00,0,
DIV003,2019-07-28 23:00:00,0,
DIV003,2019-07-29 00:00:00,0,
DIV003,2019-07-29 01:00:00,0,
DIV003,2019-07-29 02:00:00,0,
DIV003,2019-07-29 03:00:00,0,
DIV003,2019-07-29 04:00:00,0,
DIV003,2019-07-29 05:00:00,0,
DIV003,2019-07-29 06:00:00,0,
DIV003,2019-07-29 07:00:00,0,
DIV003,2019-07-29 08:00:00,0,
DIV003,2019-07-29 09:00:00,0,
DIV003,2019-07-29 10:00:00,0,
DIV003,2019-07-29 11:00:00,0,
DIV003,2019-07-29 12:00:00,0,
DIV003,2019-07-29 13:00:00,0,
DIV003,2019-07-29 14:00:00,0,
DIV003,2019-07-29 15:00:00,0,
DIV003,2019-07-29 16:00:00,0,
DIV003,2019-07-29 17:00:00,0,
DIV003,2019-07-29 18:00:00,0,
DIV003,2019-07-29 19:00:00,0,
DIV003,2019-07-29 20:00:00,0,
DIV003,2019-07-29 21:00:00,0,
DIV003,2019-07-29 22:00:00,0,
DIV003,2019-07-29 23:00:00,0,
DIV003,2019-07-30 00:00:00,0,
DIV003,2019-07-30 01:00:00,0,
DIV003,2019-07-30 02:00:00,0,
DIV003,2019-07-30 03:00:00,0,
DIV003,2019-07-30 04:00:00,0,
DIV003,2019-07-30 05:00:00,0,
DIV003,2019-07-30 06:00:00,0,
DIV003,2019-07-30 07:00:00,0,
DIV003,2019-07-30 08:00:00,0,
DIV003,2019-07-30 09:00:00,0,
DIV003,2019-07-30 10:00:00,0,
DIV003,2019-07-30 11:00:00,0,
DIV003,2019-07-30 12:00:00,0,
DIV003,2019-07-30 13:00:00,0,
DIV003,2019-07-30 14:00:00,0,
DIV003,2019-07-30 15:00:00,0,
DIV003,2019-07-30 16:00:00,0,
DIV003,2019-07-30 17:00:00,0,
DIV003,2019-07-30 18:00:00,0,
DIV003,2019-07-30 19:00:00,0,
DIV003,2019-07-30 20:00:00,0,
DIV003,2019-07-30 21:00:00,0,
DIV003,2019-07-30 22:00:00,0,
DIV003,2019-07-30 23:00:00,0,
DIV003,2019-07-31 00:00:00,0,
DIV003,2019-07-31 01:00:00,1.4,
DIV003,2019-07-31 02:00:00,2,
DIV003,2019-07-31 03:00:00,1.2,
DIV003,2019-07-31 04:00:00,0.4,
DIV003,2019-07-31 05:00:00,0.2,
DIV003,2019-07-31 06:00:00,0.2,
DIV003,2019-07-31 07:00:00,0.2,
DIV003,2019-07-31 08:00:00,0,
DIV003,2019-07-31 09:00:00,0,
DIV003,2019-07-31 10:00:00,0,
DIV003,2019-07-31 11:00:00,0,
DIV003,2019-07-31 12:00:00,0,
DIV003,2019-07-31 13:00:00,0,
DIV003,2019-07-31 14:00:00,0,
DIV003,2019-07-31 15:00:00,0.2,
DIV003,2019-07-31 16:00:00,0,
DIV003,2019-07-31 17:00:00,0,
DIV003,2019-07-31 18:00:00,0,
DIV003,2019-07-31 19:00:00,0,
DIV003,2019-07-31 20:00:00,0,
DIV003,2019-07-31 21:00:00,0,
DIV003,2019-07-31 22:00:00,0,
DIV003,2019-07-31 23:00:00,0,
NAN006,2019-07-01 00:00:00,1.4,
NAN006,2019-07-01 01:00:00,1.6,
NAN006,2019-07-01 02:00:00,1,
NAN006,2019-07-01 03:00:00,0.4,
NAN006,2019-07-01 04:00:00,0,
NAN006,2019-07-01 05:00:00,0,
NAN006,2019-07-01 06:00:00,0,
NAN006,2019-07-01 07:00:00,0,
NAN006,2019-07-01 08:00:00,0,
NAN006,2019-07-01 09:00:00,0,
NAN006,2019-07-01 10:00:00,0,
NAN006,2019-07-01 11:00:00,0,
NAN006,2019-07-01 12:00:00,0,
NAN006,2019-07-01 13:00:00,0.4,
NAN006,2019-07-01 14:00:00,-999,
NAN006,2019-07-01 15:00:00,0,
NAN006,2019-07-01 16:00:00,0,
NAN006,2019-07-01 17:00:00,0,
NAN006,2019-07-01 18:00:00,0,
NAN006,2019-07-01 19:00:00,0,
NAN006,2019-07-01 20:00:00,0,
NAN006,2019-07-01 21:00:00,0,
NAN006,2019-07-01 22:00:00,0,
NAN006,2019-07-01 23:00:00,0,
NAN006,2019-07-02 00:00:00,0,
NAN006,2019-07-02 01:00:00,0,
NAN006,2019-07-02 02:00:00,0,
NAN006,2019-07-02 03:00:00,0,
NAN006,2019-07-02 04:00:00,0,
NAN006,2019-07-02 05:00:00,0,
NAN006,2019-07-02 06:00:00,0,
NAN006,2019-07-02 07:00:00,0,
NAN006,2019-07-02 08:00:00,0,
NAN006,2019-07-02 09:00:00,0,
NAN006,2019-07-02 10:00:00,0,
NAN006,2019-07-02 11:00:00,0,
NAN006,2019-07-02 12:00:00,0,
NAN006,2019-07-02 13:00:00,0,
NAN006,2019-07-02 14:00:00,0,
NAN006,2019-07-02 15:00:00,0,
NAN006,2019-07-02 16:00:00,0,
NAN006,2019-07-02 17:00:00,1.4,
NAN006,2019-07-02 18:00:00,1.2,
NAN006,2019-07-02 19:00:00,0.4,
NAN006,2019-07-02 20:00:00,0,
NAN006,2019-07-02 21:00:00,0,
NAN006,2019-07-02 22:00:00,0,
NAN006,2019-07-02 23:00:00,0,
NAN006,2019-07-03 00:00:00,0,
NAN006,2019-07-03 01:00:00,0.8,
NAN006,2019-07-03 02:00:00,0.2,
NAN006,2019-07-03 03:00:00,0,
NAN006,2019-07-03 04:00:00,0,
NAN006,2019-07-03 05:00:00,0,
NAN006,2019-07-03 06:00:00,0,
NAN006,2019-07-03 07:00:00,0.2,
NAN006,2019-07-03 08:00:00,0.8,
NAN006,2019-07-03 09:00:00,0.2,
NAN006,2019-07-03 10:00:00,1.8,
NAN006,2019-07-03 11:00:00,2.2,
NAN006,2019-07-03 12:00:00,2,
NAN006,2019-07-03 13:00:00,2,
NAN006,2019-07-03 14:00:00,1.6,
NAN006,2019-07-03 15:00:00,1.4,
NAN006,2019-07-03 16:00:00,1,
NAN006,2019-07-03 17:00:00,0.4,
NAN006,2019-07-03 18:00:00,0,
NAN006,2019-07-03 19:00:00,0,
NAN006,2019-07-03 20:00:00,0,
NAN006,2019-07-03 21:00:00,0,
NAN006,2019-07-03 22:00:00,0,
NAN006,2019-07-03 23:00:00,0,
NAN006,2019-07-04 00:00:00,0,
NAN006,2019-07-04 01:00:00,0,
NAN006,2019-07-04 02:00:00,0.2,
NAN006,2019-07-04 03:00:00,0.2,
NAN006,2019-07-04 04:00:00,0,
NAN006,2019-07-04 05:00:00,0,
NAN006,2019-07-04 06:00:00,0,
NAN006,2019-07-04 07:00:00,0,
NAN006,2019-07-04 08:00:00,0,
NAN006,2019-07-04 09:00:00,0,
NAN006,2019-07-04 10:00:00,0,
NAN006,2019-07-04 11:00:00,0,
NAN006,2019-07-04 12:00:00,0,
NAN006,2019-07-04 13:00:00,0,
NAN006,2019-07-04 14:00:00,0,
NAN006,2019-07-04 15:00:00,0,
NAN006,2019-07-04 16:00:00,0,
NAN006,2019-07-04 17:00:00,0,
NAN006,2019-07-04 18:00:00,0,
NAN006,2019-07-04 19:00:00,0,
NAN006,2019-07-04 20:00:00,0,
NAN006,2019-07-04 21:00:00,0,
NAN006,2019-07-04 22:00:00,0,
NAN006,2019-07-04 23:00:00,0,
NAN006,2019-07-05 00:00:00,0,
NAN006,2019-07-05 01:00:00,0,
NAN006,2019-07-05 02:00:00,0,
NAN006,2019-07-05 03:00:00,0,
NAN006,2019-07-05 04:00:00,0,
NAN006,2019-07-05 05:00:00,0,
NAN006,2019-07-05 06:00:00,0,
NAN006,2019-07-05 07:00:00,0,
NAN006,2019-07-05 08:00:00,0,
NAN006,2019-07-05 09:00:00,0,
NAN006,2019-07-05 10:00:00,0,
NAN006,2019-07-05 11:00:00,0,
NAN006,2019-07-05 12:00:00,0,
NAN006,2019-07-05 13:00:00,0,
NAN006,2019-07-05 14:00:00,0,
NAN006,2019-07-05 15:00:00,0,
NAN006,2019-07-05 16:00:00,0,
NAN006,2019-07-05 17:00:00,0,
NAN006,2019-07-05 18:00:00,0,
NAN006,2019-07-05 19:00:00,0,
NAN006,2019-07-05 20:00:00,0,
NAN006,2019-07-05 21:00:00,0,
NAN006,2019-07-05 22:00:00,0,
NAN006,2019-07-05 23:00:00,0,
NAN006,2019-07-06 00:00:00,0,
NAN006,2019-07-06 01:00:00,0,
NAN006,2019-07-06 02:00:00,0,
NAN006,2019-07-06 03:00:00,0,
NAN006,2019-07-06 04:00:00,0,
NAN006,2019-07-06 05:00:00,0,
NAN006,2019-07-06 06:00:00,0,
NAN006,2019-07-06 07:00:00,0,
NAN006,2019-07-06 08:00:00,0,
NAN006,2019-07-06 09:00:00,0,
NAN006,2019-07-06 10:00:00,0,
NAN006,2019-07-06 11:00:00,0,
NAN006,2019-07-06 12:00:00,0,
NAN006,2019-07-06 13:00:00,0,
NAN006,2019-07-06 14:00:00,0,
NAN006,2019-07-06 15:00:00,0,
NAN006,2019-07-06 16:00:00,0,
NAN006,2019-07-06 17:00:00,0,
NAN006,2019-07-06 18:00:00,0,
NAN006,2019-07-06 19:00:00,0,
NAN006,2019-07-06 20:00:00,0,
NAN006,2019-07-06 21:00:00,0,
NAN006,2019-07-06 22:00:00,0,
NAN006,2019-07-06 23:00:00,0,
NAN006,2019-07-07 00:00:00,0,
NAN006,2019-07-07 01:00:00,0,
NAN006,2019-07-07 02:00:00,0,
NAN006,2019-07-07 03:00:00,0,
NAN006,2019-07-07 04:00:00,0,
NAN006,2019-07-07 05:00:00,0,
NAN006,2019-07-07 06:00:00,0,
NAN006,2019-07-07 07:00:00,0,
NAN006,2019-07-07 08:00:00,0,
NAN006,2019-07-07 09:00:00,0,
NAN006,2019-07-07 10:00:00,0,
NAN006,2019-07-07 11:00:00,0,
NAN006,2019-07-07 12:00:00,0,
NAN006,2019-07-07 13:00:00,0,
NAN006,2019-07-07 14:00:00,0,
NAN006,2019-07-07 15:00:00,0,
NAN006,2019-07-07 16:00:00,0,
NAN006,2019-07-07 17:00:00,0,
NAN006,2019-07-07 18:00:00,0,
NAN006,2019-07-07 19:00:00,0,
NAN006,2019-07-07 20:00:00,0,
NAN006,2019-07-07 21:00:00,0,
NAN006,2019-07-07 22:00:00,0,
NAN006,2019-07-07 23:00:00,0,
NAN006,2019-07-08 00:00:00,0,
NAN006,2019-07-08 01:00:00,0,
NAN006,2019-07-08 02:00:00,0,
NAN006,2019-07-08 03:00:00,0,
NAN006,2019-07-08 04:00:00,0,
NAN006,2019-07-08 05:00:00,0,
NAN006,2019-07-08 06:00:00,0,
NAN006,2019-07-08 07:00:00,0,
NAN006,2019-07-08 08:00:00,0,
NAN006,2019-07-08 09:00:00,0,
NAN006,2019-07-08 10:00:00,0,
NAN006,2019-07-08 11:00:00,0,
NAN006,2019-07-08 12:00:00,0,
NAN006,2019-07-08 13:00:00,0,
NAN006,2019-07-08 14:00:00,0,
NAN006,2019-07-08 15:00:00,0,
NAN006,2019-07-08 16:00:00,0,
NAN006,2019-07-08 17:00:00,0,
NAN006,2019-07-08 18:00:00,0,
NAN006,2019-07-08 19:00:00,0,
NAN006,2019-07-08 20:00:00,0,
NAN006,2019-07-08 21:00:00,0,
NAN006,2019-07-08 22:00:00,0,
NAN006,2019-07-08 23:00:00,0,
NAN006,2019-07-09 00:00:00,0,
NAN006,2019-07-09 01:00:00,0,
NAN006,2019-07-09 02:00:00,0,
NAN006,2019-07-09 03:00:00,0,
NAN006,2019-07-09 04:00:00,0,
NAN006,2019-07-09 05:00:00,0,
NAN006,2019-07-09 06:00:00,0,
NAN006,2019-07-09 07:00:00,0,
NAN006,2019-07-09 08:00:00,0,
NAN006,2019-07-09 09:00:00,0,
NAN006,2019-07-09 10:00:00,0,
NAN006,2019-07-09 11:00:00,0,
NAN006,2019-07-09 12:00:00,0,
NAN006,2019-07-09 13:00:00,0,
NAN006,2019-07-09 14:00:00,0,
NAN006,2019-07-09 15:00:00,0,
NAN006,2019-07-09 16:00:00,0,
NAN006,2019-07-09 17:00:00,0,
NAN006,2019-07-09 18:00:00,0,
NAN006,2019-07-09 19:00:00,0,
NAN006,2019-07-09 20:00:00,0,
NAN006,2019-07-09 21:00:00,0.4,
NAN006,2019-07-09 22:00:00,5.6,
NAN006,2019-07-09 23:00:00,4.8,
NAN006,2019-07-10 00:00:00,3.8,
NAN006,2019-07-10 01:00:00,1.8,
NAN006,2019-07-10 02:00:00,0.2,
NAN006,2019-07-10 03:00:00,0,
NAN006,2019-07-10 04:00:00,0,
NAN006,2019-07-10 05:00:00,0,
NAN006,2019-07-10 06:00:00,0,
NAN006,2019-07-10 07:00:00,0,
NAN006,2019-07-10 08:00:00,0,
NAN006,2019-07-10 09:00:00,0,
NAN006,2019-07-10 10:00:00,0,
NAN006,2019-07-10 11:00:00,0,
NAN006,2019-07-10 12:00:00,0,
NAN006,2019-07-10 13:00:00,0,
NAN006,2019-07-10 14:00:00,0,
NAN006,2019-07-10 15:00:00,0,
NAN006,2019-07-10 16:00:00,0,
NAN006,2019-07-10 17:00:00,0,
NAN006,2019-07-10 18:00:00,0,
NAN006,2019-07-10 19:00:00,0,
NAN006,2019-07-10 20:00:00,0,
NAN006,2019-07-10 21:00:00,0.2,
NAN006,2019-07-10 22:00:00,0,
NAN006,2019-07-10 23:00:00,0,
NAN006,2019-07-11 00:00:00,0,
NAN006,2019-07-11 01:00:00,0,
NAN006,2019-07-11 02:00:00,0,
NAN006,2019-07-11 03:00:00,0,
NAN006,2019-07-11 04:00:00,0,
NAN006,2019-07-11 05:00:00,0,
NAN006,2019-07-11 06:00:00,0,
NAN006,2019-07-11 07:00:00,0,
NAN006,2019-07-11 08:00:00,0,
NAN006,2019-07-11 09:00:00,0,
NAN006,2019-07-11 10:00:00,0,
NAN006,2019-07-11 11:00:00,0,
NAN006,2019-07-11 12:00:00,0,
NAN006,2019-07-11 13:00:00,0,
NAN006,2019-07-11 14:00:00,0,
NAN006,2019-07-11 15:00:00,0,
NAN006,2019-07-11 16:00:00,0,
NAN006,2019-07-11 17:00:00,0,
NAN006,2019-07-11 18:00:00,0,
NAN006,2019-07-11 19:00:00,0,
NAN006,2019-07-11 20:00:00,0,
NAN006,2019-07-11 21:00:00,0,
NAN006,2019-07-11 22:00:00,0,
NAN006,2019-07-11 23:00:00,0,
NAN006,2019-07-12 00:00:00,0,
NAN006,2019-07-12 01:00:00,0,
NAN006,2019-07-12 02:00:00,0,
NAN006,2019-07-12 03:00:00,0,
NAN006,2019-07-12 04:00:00,0,
NAN006,2019-07-12 05:00:00,0,
NAN006,2019-07-12 06:00:00,0,
NAN006,2019-07-12 07:00:00,0,
NAN006,2019-07-12 08:00:00,0,
NAN006,2019-07-12 09:00:00,0,
NAN006,2019-07-12 10:00:00,0,
NAN006,2019-07-12 11:00:00,0,
NAN006,2019-07-12 12:00:00,0,
NAN006,2019-07-12 13:00:00,0,
NAN006,2019-07-12 14:00:00,0,
NAN006,2019-07-12 15:00:00,0,
NAN006,2019-07-12 16:00:00,0,
NAN006,2019-07-12 17:00:00,0,
NAN006,2019-07-12 18:00:00,0,
NAN006,2019-07-12 19:00:00,0,
NAN006,2019-07-12 20:00:00,0,
NAN006,2019-07-12 21:00:00,0,
NAN006,2019-07-12 22:00:00,0,
NAN006,2019-07-12 23:00:00,0,
NAN006,2019-07-13 00:00:00,0,
NAN006,2019-07-13 01:00:00,0,
NAN006,2019-07-13 02:00:00,0,
NAN006,2019-07-13 03:00:00,0,
NAN006,2019-07-13 04:00:00,0,
NAN006,2019-07-13 05:00:00,0,
NAN006,2019-07-13 06:00:00,0,
NAN006,2019-07-13 07:00:00,0,
NAN006,2019-07-13 08:00:00,0,
NAN006,2019-07-13 09:00:00,0,
NAN006,2019-07-13 10:00:00,0,
NAN006,2019-07-13 11:00:00,0,
NAN006,2019-07-13 12:00:00,0,
NAN006,2019-07-13 13:00:00,0,
NAN006,2019-07-13 14:00:00,0,
NAN006,2019-07-13 15:00:00,0,
NAN006,2019-07-13 16:00:00,0,
NAN006,2019-07-13 17:00:00,0,
NAN006,2019-07-13 18:00:00,0,
NAN006,2019-07-13 19:00:00,0,
NAN006,2019-07-13 20:00:00,0,
NAN006,2019-07-13 21:00:00,0,
NAN006,2019-07-13 22:00:00,0,
NAN006,2019-07-13 23:00:00,0,
NAN006,2019-07-14 00:00:00,0,
NAN006,2019-07-14 01:00:00,0,
NAN006,2019-07-14 02:00:00,0,
NAN006,2019-07-14 03:00:00,0,
NAN006,2019-07-14 04:00:00,0,
NAN006,2019-07-14 05:00:00,0,
NAN006,2019-07-14 06:00:00,0,
NAN006,2019-07-14 07:00:00,0,
NAN006,2019-07-14 08:00:00,0,
NAN006,2019-07-14 09:00:00,0,
NAN006,2019-07-14 10:00:00,0,
NAN006,2019-07-14 11:00:00,0,
NAN006,2019-07-14 12:00:00,0,
NAN006,2019-07-14 13:00:00,0,
NAN006,2019-07-14 14:00:00,0,
NAN006,2019-07-14 15:00:00,0,
NAN006,2019-07-14 16:00:00,0,
NAN006,2019-07-14 17:00:00,0,
NAN006,2019-07-14 18:00:00,0,
NAN006,2019-07-14 19:00:00,0,
NAN006,2019-07-14 20:00:00,0,
NAN006,2019-07-14 21:00:00,0,
NAN006,2019-07-14 22:00:00,0,
NAN006,2019-07-14 23:00:00,0,
NAN006,2019-07-15 00:00:00,0,
NAN006,2019-07-15 01:00:00,0,
NAN006,2019-07-15 02:00:00,0,
NAN006,2019-07-15 03:00:00,0,
NAN006,2019-07-15 04:00:00,0,
NAN006,2019-07-15 05:00:00,0,
NAN006,2019-07-15 06:00:00,0,
NAN006,2019-07-15 07:00:00,0,
NAN006,2019-07-15 08:00:00,0,
NAN006,2019-07-15 09:00:00,0,
NAN006,2019-07-15 10:00:00,0,
NAN006,2019-07-15 11:00:00,-999,
NAN006,2019-07-15 12:00:00,0.2,
NAN006,2019-07-15 13:00:00,0,
NAN006,2019-07-15 14:00:00,0,
NAN006,2019-07-15 15:00:00,0,
NAN006,2019-07-15 16:00:00,0,
NAN006,2019-07-15 17:00:00,0,
NAN006,2019-07-15 18:00:00,0,
NAN006,2019-07-15 19:00:00,0,
NAN006,2019-07-15 20:00:00,0,
NAN006,2019-07-15 21:00:00,0,
NAN006,2019-07-15 22:00:00,0,
NAN006,2019-07-15 23:00:00,0,
NAN006,2019-07-16 00:00:00,0,
NAN006,2019-07-16 01:00:00,0,
NAN006,2019-07-16 02:00:00,0,
NAN006,2019-07-16 03:00:00,0,
NAN006,2019-07-16 04:00:00,0,
NAN006,2019-07-16 05:00:00,0,
NAN006,2019-07-16 06:00:00,0,
NAN006,2019-07-16 07:00:00,0,
NAN006,2019-07-16 08:00:00,0,
NAN006,2019-07-16 09:00:00,0,
NAN006,2019-07-16 10:00:00,0,
NAN006,2019-07-16 11:00:00,0,
NAN006,2019-07-16 12:00:00,0,
NAN006,2019-07-16 13:00:00,0,
NAN006,2019-07-16 14:00:00,0,
NAN006,2019-07-16 15:00:00,0,
NAN006,2019-07-16 16:00:00,0,
NAN006,2019-07-16 17:00:00,0,
NAN006,2019-07-16 18:00:00,0,
NAN006,2019-07-16 19:00:00,0,
NAN006,2019-07-16 20:00:00,0,
NAN006,2019-07-16 21:00:00,0,
NAN006,2019-07-16 22:00:00,0,
NAN006,2019-07-16 23:00:00,0,
NAN006,2019-07-17 00:00:00,0,
NAN006,2019-07-17 01:00:00,0,
NAN006,2019-07-17 02:00:00,0,
NAN006,2019-07-17 03:00:00,0,
NAN006,2019-07-17 04:00:00,0,
NAN006,2019-07-17 05:00:00,0,
NAN006,2019-07-17 06:00:00,0,
NAN006,2019-07-17 07:00:00,0,
NAN006,2019-07-17 08:00:00,0,
NAN006,2019-07-17 09:00:00,0,
NAN006,2019-07-17 10:00:00,0,
NAN006,2019-07-17 11:00:00,0,
NAN006,2019-07-17 12:00:00,0,
NAN006,2019-07-17 13:00:00,0,
NAN006,2019-07-17 14:00:00,0,
NAN006,2019-07-17 15:00:00,0,
NAN006,2019-07-17 16:00:00,0,
NAN006,2019-07-17 17:00:00,0,
NAN006,2019-07-17 18:00:00,0,
NAN006,2019-07-17 19:00:00,0,
NAN006,2019-07-17 20:00:00,0,
NAN006,2019-07-17 21:00:00,0,
NAN006,2019-07-17 22:00:00,0,
NAN006,2019-07-17 23:00:00,0,
NAN006,2019-07-18 00:00:00,0,
NAN006,2019-07-18 01:00:00,0,
NAN006,2019-07-18 02:00:00,0,
NAN006,2019-07-18 03:00:00,0,
NAN006,2019-07-18 04:00:00,0,
NAN006,2019-07-18 05:00:00,0,
NAN006,2019-07-18 06:00:00,0,
NAN006,2019-07-18 07:00:00,0,
NAN006,2019-07-18 08:00:00,0,
NAN006,2019-07-18 09:00:00,0,
NAN006,2019-07-18 10:00:00,0,
NAN006,2019-07-18 11:00:00,0,
NAN006,2019-07-18 12:00:00,0,
NAN006,2019-07-18 13:00:00,0,
NAN006,2019-07-18 14:00:00,0,
NAN006,2019-07-18 15:00:00,0,
NAN006,2019-07-18 16:00:00,0,
NAN006,2019-07-18 17:00:00,0,
NAN006,2019-07-18 18:00:00,0,
NAN006,2019-07-18 19:00:00,0,
NAN006,2019-07-18 20:00:00,0,
NAN006,2019-07-18 21:00:00,0,
NAN006,2019-07-18 22:00:00,0,
NAN006,2019-07-18 23:00:00,0,
NAN006,2019-07-19 00:00:00,0,
NAN006,2019-07-19 01:00:00,0,
NAN006,2019-07-19 02:00:00,0,
NAN006,2019-07-19 03:00:00,0,
NAN006,2019-07-19 04:00:00,0,
NAN006,2019-07-19 05:00:00,0,
NAN006,2019-07-19 06:00:00,0,
NAN006,2019-07-19 07:00:00,0,
NAN006,2019-07-19 08:00:00,0,
NAN006,2019-07-19 09:00:00,0,
NAN006,2019-07-19 10:00:00,0,
NAN006,2019-07-19 11:00:00,0,
NAN006,2019-07-19 12:00:00,0,
NAN006,2019-07-19 13:00:00,0,
NAN006,2019-07-19 14:00:00,0,
NAN006,2019-07-19 15:00:00,0,
NAN006,2019-07-19 16:00:00,0,
NAN006,2019-07-19 17:00:00,0,
NAN006,2019-07-19 18:00:00,0,
NAN006,2019-07-19 19:00:00,0,
NAN006,2019-07-19 20:00:00,0,
NAN006,2019-07-19 21:00:00,0,
NAN006,2019-07-19 22:00:00,0,
NAN006,2019-07-19 23:00:00,0,
NAN006,2019-07-20 00:00:00,0,
NAN006,2019-07-20 01:00:00,0,
NAN006,2019-07-20 02:00:00,0,
NAN006,2019-07-20 03:00:00,0,
NAN006,2019-07-20 04:00:00,0,
NAN006,2019-07-20 05:00:00,0,
NAN006,2019-07-20 06:00:00,0,
NAN006,2019-07-20 07:00:00,0,
NAN006,2019-07-20 08:00:00,0,
NAN006,2019-07-20 09:00:00,0,
NAN006,2019-07-20 10:00:00,0,
NAN006,2019-07-20 11:00:00,0,
NAN006,2019-07-20 12:00:00,0,
NAN006,2019-07-20 13:00:00,0,
NAN006,2019-07-20 14:00:00,0,
NAN006,2019-07-20 15:00:00,0,
NAN006,2019-07-20 16:00:00,0,
NAN006,2019-07-20 17:00:00,0,
NAN006,2019-07-20 18:00:00,0,
NAN006,2019-07-20 19:00:00,0,
NAN006,2019-07-20 20:00:00,0,
NAN006,2019-07-20 21:00:00,0,
NAN006,2019-07-20 22:00:00,0,
NAN006,2019-07-20 23:00:00,0,
NAN006,2019-07-21 00:00:00,0,
NAN006,2019-07-21 01:00:00,0,
NAN006,2019-07-21 02:00:00,0,
NAN006,2019-07-21 03:00:00,0,
NAN006,2019-07-21 04:00:00,0,
NAN006,2019-07-21 05:00:00,0,
NAN006,2019-07-21 06:00:00,0,
NAN006,2019-07-21 07:00:00,0,
NAN006,2019-07-21 08:00:00,0,
NAN006,2019-07-21 09:00:00,0,
NAN006,2019-07-21 10:00:00,0,
NAN006,2019-07-21 11:00:00,0,
NAN006,2019-07-21 12:00:00,0,
NAN006,2019-07-21 13:00:00,0,
NAN006,2019-07-21 14:00:00,0,
NAN006,2019-07-21 15:00:00,0,
NAN006,2019-07-21 16:00:00,0,
NAN006,2019-07-21 17:00:00,14.4,
NAN006,2019-07-21 18:00:00,0.6,
NAN006,2019-07-21 19:00:00,2.6,
NAN006,2019-07-21 20:00:00,1,
NAN006,2019-07-21 21:00:00,2.4,
NAN006,2019-07-21 22:00:00,0.6,
NAN006,2019-07-21 23:00:00,0,
NAN006,2019-07-22 00:00:00,0,
NAN006,2019-07-22 01:00:00,0,
NAN006,2019-07-22 02:00:00,0,
NAN006,2019-07-22 03:00:00,0,
NAN006,2019-07-22 04:00:00,0,
NAN006,2019-07-22 05:00:00,0,
NAN006,2019-07-22 06:00:00,0,
NAN006,2019-07-22 07:00:00,0.2,
NAN006,2019-07-22 08:00:00,0,
NAN006,2019-07-22 09:00:00,0,
NAN006,2019-07-22 10:00:00,0,
NAN006,2019-07-22 11:00:00,0,
NAN006,2019-07-22 12:00:00,0,
NAN006,2019-07-22 13:00:00,0,
NAN006,2019-07-22 14:00:00,0,
NAN006,2019-07-22 15:00:00,0,
NAN006,2019-07-22 16:00:00,0,
NAN006,2019-07-22 17:00:00,0,
NAN006,2019-07-22 18:00:00,0,
NAN006,2019-07-22 19:00:00,0,
NAN006,2019-07-22 20:00:00,0,
NAN006,2019-07-22 21:00:00,0,
NAN006,2019-07-22 22:00:00,0,
NAN006,2019-07-22 23:00:00,0,
NAN006,2019-07-23 00:00:00,0,
NAN006,2019-07-23 01:00:00,0,
NAN006,2019-07-23 02:00:00,0,
NAN006,2019-07-23 03:00:00,0,
NAN006,2019-07-23 04:00:00,0,
NAN006,2019-07-23 05:00:00,0,
NAN006,2019-07-23 06:00:00,0,
NAN006,2019-07-23 07:00:00,0,
NAN006,2019-07-23 08:00:00,0,
NAN006,2019-07-23 09:00:00,0,
NAN006,2019-07-23 10:00:00,0,
NAN006,2019-07-23 11:00:00,0,
NAN006,2019-07-23 12:00:00,0,
NAN006,2019-07-23 13:00:00,0,
NAN006,2019-07-23 14:00:00,0,
NAN006,2019-07-23 15:00:00,0,
NAN006,2019-07-23 16:00:00,0,
NAN006,2019-07-23 17:00:00,0,
NAN006,2019-07-23 18:00:00,0,
NAN006,2019-07-23 19:00:00,0,
NAN006,2019-07-23 20:00:00,0,
NAN006,2019-07-23 21:00:00,0,
NAN006,2019-07-23 22:00:00,0,
NAN006,2019-07-23 23:00:00,0,
NAN006,2019-07-24 00:00:00,0,
NAN006,2019-07-24 01:00:00,0,
NAN006,2019-07-24 02:00:00,0,
NAN006,2019-07-24 03:00:00,0,
NAN006,2019-07-24 04:00:00,0,
NAN006,2019-07-24 05:00:00,0,
NAN006,2019-07-24 06:00:00,0,
NAN006,2019-07-24 07:00:00,0,
NAN006,2019-07-24 08:00:00,0.8,
NAN006,2019-07-24 09:00:00,0.4,
NAN006,2019-07-24 10:00:00,0,
NAN006,2019-07-24 11:00:00,0,
NAN006,2019-07-24 12:00:00,0,
NAN006,2019-07-24 13:00:00,0,
NAN006,2019-07-24 14:00:00,0,
NAN006,2019-07-24 15:00:00,0,
NAN006,2019-07-24 16:00:00,0,
NAN006,2019-07-24 17:00:00,0,
NAN006,2019-07-24 18:00:00,0,
NAN006,2019-07-24 19:00:00,0,
NAN006,2019-07-24 20:00:00,0,
NAN006,2019-07-24 21:00:00,0,
NAN006,2019-07-24 22:00:00,0,
NAN006,2019-07-24 23:00:00,0,
NAN006,2019-07-25 00:00:00,0,
NAN006,2019-07-25 01:00:00,0,
NAN006,2019-07-25 02:00:00,0,
NAN006,2019-07-25 03:00:00,0,
NAN006,2019-07-25 04:00:00,0,
NAN006,2019-07-25 05:00:00,0,
NAN006,2019-07-25 06:00:00,0,
NAN006,2019-07-25 07:00:00,0,
NAN006,2019-07-25 08:00:00,0,
NAN006,2019-07-25 09:00:00,0,
NAN006,2019-07-25 10:00:00,0,
NAN006,2019-07-25 11:00:00,0,
NAN006,2019-07-25 12:00:00,0,
NAN006,2019-07-25 13:00:00,0,
NAN006,2019-07-25 14:00:00,0,
NAN006,2019-07-25 15:00:00,0,
NAN006,2019-07-25 16:00:00,0,
NAN006,2019-07-25 17:00:00,0,
NAN006,2019-07-25 18:00:00,0.2,
NAN006,2019-07-25 19:00:00,0.2,
NAN006,2019-07-25 20:00:00,1.8,
NAN006,2019-07-25 21:00:00,0,
NAN006,2019-07-25 22:00:00,0.6,
NAN006,2019-07-25 23:00:00,0,
NAN006,2019-07-26 00:00:00,0,
NAN006,2019-07-26 01:00:00,0,
NAN006,2019-07-26 02:00:00,0,
NAN006,2019-07-26 03:00:00,0,
NAN006,2019-07-26 04:00:00,0,
NAN006,2019-07-26 05:00:00,0,
NAN006,2019-07-26 06:00:00,0,
NAN006,2019-07-26 07:00:00,0.4,
NAN006,2019-07-26 08:00:00,0.6,
NAN006,2019-07-26 09:00:00,0,
NAN006,2019-07-26 10:00:00,0,
NAN006,2019-07-26 11:00:00,0,
NAN006,2019-07-26 12:00:00,0,
NAN006,2019-07-26 13:00:00,0,
NAN006,2019-07-26 14:00:00,0,
NAN006,2019-07-26 15:00:00,0,
NAN006,2019-07-26 16:00:00,0,
NAN006,2019-07-26 17:00:00,0,
NAN006,2019-07-26 18:00:00,0,
NAN006,2019-07-26 19:00:00,0,
NAN006,2019-07-26 20:00:00,0,
NAN006,2019-07-26 21:00:00,0,
NAN006,2019-07-26 22:00:00,0,
NAN006,2019-07-26 23:00:00,0,
NAN006,2019-07-27 00:00:00,0,
NAN006,2019-07-27 01:00:00,0,
NAN006,2019-07-27 02:00:00,0,
NAN006,2019-07-27 03:00:00,0,
NAN006,2019-07-27 04:00:00,0,
NAN006,2019-07-27 05:00:00,14,
NAN006,2019-07-27 06:00:00,11.6,
NAN006,2019-07-27 07:00:00,1.2,
NAN006,2019-07-27 08:00:00,0,
NAN006,2019-07-27 09:00:00,0,
NAN006,2019-07-27 10:00:00,0,
NAN006,2019-07-27 11:00:00,0,
NAN006,2019-07-27 12:00:00,0,
NAN006,2019-07-27 13:00:00,0,
NAN006,2019-07-27 14:00:00,0,
NAN006,2019-07-27 15:00:00,0,
NAN006,2019-07-27 16:00:00,0,
NAN006,2019-07-27 17:00:00,0,
NAN006,2019-07-27 18:00:00,0,
NAN006,2019-07-27 19:00:00,0,
NAN006,2019-07-27 20:00:00,0,
NAN006,2019-07-27 21:00:00,0,
NAN006,2019-07-27 22:00:00,0,
NAN006,2019-07-27 23:00:00,0,
NAN006,2019-07-28 00:00:00,0,
NAN006,2019-07-28 01:00:00,0,
NAN006,2019-07-28 02:00:00,0,
NAN006,2019-07-28 03:00:00,0,
NAN006,2019-07-28 04:00:00,0,
NAN006,2019-07-28 05:00:00,0,
NAN006,2019-07-28 06:00:00,0,
NAN006,2019-07-28 07:00:00,0,
NAN006,2019-07-28 08:00:00,0,
NAN006,2019-07-28 09:00:00,0,
NAN006,2019-07-28 10:00:00,0,
NAN006,2019-07-28 11:00:00,0,
NAN006,2019-07-28 12:00:00,0,
NAN006,2019-07-28 13:00:00,0,
NAN006,2019-07-28 14:00:00,0,
NAN006,2019-07-28 15:00:00,0,
NAN006,2019-07-28 16:00:00,0,
NAN006,2019-07-28 17:00:00,0,
NAN006,2019-07-28 18:00:00,0,
NAN006,2019-07-28 19:00:00,0,
NAN006,2019-07-28 20:00:00,0,
NAN006,2019-07-28 21:00:00,0,
NAN006,2019-07-28 22:00:00,-999,
NAN006,2019-07-28 23:00:00,0,
NAN006,2019-07-29 00:00:00,0,
NAN006,2019-07-29 01:00:00,0,
NAN006,2019-07-29 02:00:00,0,
NAN006,2019-07-29 03:00:00,0,
NAN006,2019-07-29 04:00:00,0,
NAN006,2019-07-29 05:00:00,0,
NAN006,2019-07-29 06:00:00,0,
NAN006,2019-07-29 07:00:00,0,
NAN006,2019-07-29 08:00:00,0,
NAN006,2019-07-29 09:00:00,0,
NAN006,2019-07-29 10:00:00,0,
NAN006,2019-07-29 11:00:00,0,
NAN006,2019-07-29 12:00:00,0,
NAN006,2019-07-29 13:00:00,0,
NAN006,2019-07-29 14:00:00,0,
NAN006,2019-07-29 15:00:00,0,
NAN006,2019-07-29 16:00:00,0,
NAN006,2019-07-29 17:00:00,0,
NAN006,2019-07-29 18:00:00,0,
NAN006,2019-07-29 19:00:00,0,
NAN006,2019-07-29 20:00:00,0,
NAN006,2019-07-29 21:00:00,0,
NAN006,2019-07-29 22:00:00,0,
NAN006,2019-07-29 23:00:00,0,
NAN006,2019-07-30 00:00:00,0,
NAN006,2019-07-30 01:00:00,0,
NAN006,2019-07-30 02:00:00,0,
NAN006,2019-07-30 03:00:00,0,
NAN006,2019-07-30 04:00:00,0,
NAN006,2019-07-30 05:00:00,0,
NAN006,2019-07-30 06:00:00,0,
NAN006,2019-07-30 07:00:00,0,
NAN006,2019-07-30 08:00:00,0,
NAN006,2019-07-30 09:00:00,0,
NAN006,2019-07-30 10:00:00,0,
NAN006,2019-07-30 11:00:00,0,
NAN006,2019-07-30 12:00:00,0,
NAN006,2019-07-30 13:00:00,0,
NAN006,2019-07-30 14:00:00,0,
NAN006,2019-07-30 15:00:00,0,
NAN006,2019-07-30 16:00:00,0,
NAN006,2019-07-30 17:00:00,0,
NAN006,2019-07-30 18:00:00,0,
NAN006,2019-07-30 19:00:00,0,
NAN006,2019-07-30 20:00:00,0,
NAN006,2019-07-30 21:00:00,0,
NAN006,2019-07-30 22:00:00,0,
NAN006,2019-07-30 23:00:00,0,
NAN006,2019-07-31 00:00:00,0,
NAN006,2019-07-31 01:00:00,0,
NAN006,2019-07-31 02:00:00,0.4,
NAN006,2019-07-31 03:00:00,0.8,
NAN006,2019-07-31 04:00:00,0,
NAN006,2019-07-31 05:00:00,0,
NAN006,2019-07-31 06:00:00,0,
NAN006,2019-07-31 07:00:00,0,
NAN006,2019-07-31 08:00:00,0,
NAN006,2019-07-31 09:00:00,0,
NAN006,2019-07-31 10:00:00,0,
NAN006,2019-07-31 11:00:00,0,
NAN006,2019-07-31 12:00:00,0,
NAN006,2019-07-31 13:00:00,0,
NAN006,2019-07-31 14:00:00,0,
NAN006,2019-07-31 15:00:00,0,
NAN006,2019-07-31 16:00:00,0,
NAN006,2019-07-31 17:00:00,0,
NAN006,2019-07-31 18:00:00,0,
NAN006,2019-07-31 19:00:00,0,
NAN006,2019-07-31 20:00:00,0,
NAN006,2019-07-31 21:00:00,0,
NAN006,2019-07-31 22:00:00,0,
NAN006,2019-07-31 23:00:00,0,
WCTK,2019-07-01 00:00:00,-999,
WCTK,2019-07-01 01:00:00,-999,
WCTK,2019-07-01 02:00:00,-999,
WCTK,2019-07-01 03:00:00,-999,
WCTK,2019-07-01 04:00:00,-999,
WCTK,2019-07-01 05:00:00,-999,
WCTK,2019-07-01 06:00:00,-999,
WCTK,2019-07-01 07:00:00,-999,
WCTK,2019-07-01 08:00:00,-999,
WCTK,2019-07-01 09:00:00,-999,
WCTK,2019-07-01 10:00:00,-999,
WCTK,2019-07-01 11:00:00,-999,
WCTK,2019-07-01 12:00:00,-999,
WCTK,2019-07-01 13:00:00,-999,
WCTK,2019-07-01 14:00:00,-999,
WCTK,2019-07-01 15:00:00,-999,
WCTK,2019-07-01 16:00:00,-999,
WCTK,2019-07-01 17:00:00,-999,
WCTK,2019-07-01 18:00:00,-999,
WCTK,2019-07-01 19:00:00,-999,
WCTK,2019-07-01 20:00:00,-999,
WCTK,2019-07-01 21:00:00,-999,
WCTK,2019-07-01 22:00:00,-999,
WCTK,2019-07-01 23:00:00,-999,
WCTK,2019-07-02 00:00:00,-999,
WCTK,2019-07-02 01:00:00,-999,
WCTK,2019-07-02 02:00:00,-999,
WCTK,2019-07-02 03:00:00,-999,
WCTK,2019-07-02 04:00:00,-999,
WCTK,2019-07-02 05:00:00,-999,
WCTK,2019-07-02 06:00:00,-999,
WCTK,2019-07-02 07:00:00,-999,
WCTK,2019-07-02 08:00:00,-999,
WCTK,2019-07-02 09:00:00,-999,
WCTK,2019-07-02 10:00:00,-999,
WCTK,2019-07-02 11:00:00,-999,
WCTK,2019-07-02 12:00:00,-999,
WCTK,2019-07-02 13:00:00,-999,
WCTK,2019-07-02 14:00:00,-999,
WCTK,2019-07-02 15:00:00,-999,
WCTK,2019-07-02 16:00:00,-999,
WCTK,2019-07-02 17:00:00,-999,
WCTK,2019-07-02 18:00:00,-999,
WCTK,2019-07-02 19:00:00,-999,
WCTK,2019-07-02 20:00:00,-999,
WCTK,2019-07-02 21:00:00,-999,
WCTK,2019-07-02 22:00:00,-999,
WCTK,2019-07-02 23:00:00,-999,
WCTK,2019-07-03 00:00:00,-999,
WCTK,2019-07-03 01:00:00,-999,
WCTK,2019-07-03 02:00:00,-999,
WCTK,2019-07-03 03:00:00,-999,
WCTK,2019-07-03 04:00:00,-999,
WCTK,2019-07-03 05:00:00,-999,
WCTK,2019-07-03 06:00:00,-999,
WCTK,2019-07-03 07:00:00,-999,
WCTK,2019-07-03 08:00:00,-999,
WCTK,2019-07-03 09:00:00,-999,
WCTK,2019-07-03 10:00:00,-999,
WCTK,2019-07-03 11:00:00,-999,
WCTK,2019-07-03 12:00:00,-999,
WCTK,2019-07-03 13:00:00,-999,
WCTK,2019-07-03 14:00:00,-999,
WCTK,2019-07-03 15:00:00,-999,
WCTK,2019-07-03 16:00:00,-999,
WCTK,2019-07-03 17:00:00,-999,
WCTK,2019-07-03 18:00:00,-999,
WCTK,2019-07-03 19:00:00,-999,
WCTK,2019-07-03 20:00:00,-999,
WCTK,2019-07-03 21:00:00,-999,
WCTK,2019-07-03 22:00:00,-999,
WCTK,2019-07-03 23:00:00,-999,
WCTK,2019-07-04 00:00:00,-999,
WCTK,2019-07-04 01:00:00,-999,
WCTK,2019-07-04 02:00:00,-999,
WCTK,2019-07-04 03:00:00,-999,
WCTK,2019-07-04 04:00:00,-999,
WCTK,2019-07-04 05:00:00,-999,
WCTK,2019-07-04 06:00:00,-999,
WCTK,2019-07-04 07:00:00,-999,
WCTK,2019-07-04 08:00:00,-999,
WCTK,2019-07-04 09:00:00,-999,
WCTK,2019-07-04 10:00:00,-999,
WCTK,2019-07-04 11:00:00,-999,
WCTK,2019-07-04 12:00:00,-999,
WCTK,2019-07-04 13:00:00,-999,
WCTK,2019-07-04 14:00:00,-999,
WCTK,2019-07-04 15:00:00,-999,
WCTK,2019-07-04 16:00:00,-999,
WCTK,2019-07-04 17:00:00,-999,
WCTK,2019-07-04 18:00:00,-999,
WCTK,2019-07-04 19:00:00,-999,
WCTK,2019-07-04 20:00:00,-999,
WCTK,2019-07-04 21:00:00,-999,
WCTK,2019-07-04 22:00:00,-999,
WCTK,2019-07-04 23:00:00,-999,
WCTK,2019-07-05 00:00:00,-999,
WCTK,2019-07-05 01:00:00,-999,
WCTK,2019-07-05 02:00:00,-999,
WCTK,2019-07-05 03:00:00,-999,
WCTK,2019-07-05 04:00:00,-999,
WCTK,2019-07-05 05:00:00,-999,
WCTK,2019-07-05 06:00:00,-999,
WCTK,2019-07-05 07:00:00,-999,
WCTK,2019-07-05 08:00:00,-999,
WCTK,2019-07-05 09:00:00,-999,
WCTK,2019-07-05 10:00:00,-999,
WCTK,2019-07-05 11:00:00,-999,
WCTK,2019-07-05 12:00:00,-999,
WCTK,2019-07-05 13:00:00,-999,
WCTK,2019-07-05 14:00:00,-999,
WCTK,2019-07-05 15:00:00,-999,
WCTK,2019-07-05 16:00:00,-999,
WCTK,2019-07-05 17:00:00,-999,
WCTK,2019-07-05 18:00:00,-999,
WCTK,2019-07-05 19:00:00,-999,
WCTK,2019-07-05 20:00:00,-999,
WCTK,2019-07-05 21:00:00,-999,
WCTK,2019-07-05 22:00:00,-999,
WCTK,2019-07-05 23:00:00,-999,
WCTK,2019-07-06 00:00:00,-999,
WCTK,2019-07-06 01:00:00,-999,
WCTK,2019-07-06 02:00:00,-999,
WCTK,2019-07-06 03:00:00,-999,
WCTK,2019-07-06 04:00:00,-999,
WCTK,2019-07-06 05:00:00,-999,
WCTK,2019-07-06 06:00:00,-999,
WCTK,2019-07-06 07:00:00,-999,
WCTK,2019-07-06 08:00:00,-999,
WCTK,2019-07-06 09:00:00,-999,
WCTK,2019-07-06 10:00:00,-999,
WCTK,2019-07-06 11:00:00,-999,
WCTK,2019-07-06 12:00:00,-999,
WCTK,2019-07-06 13:00:00,-999,
WCTK,2019-07-06 14:00:00,-999,
WCTK,2019-07-06 15:00:00,-999,
WCTK,2019-07-06 16:00:00,-999,
WCTK,2019-07-06 17:00:00,-999,
WCTK,2019-07-06 18:00:00,-999,
WCTK,2019-07-06 19:00:00,-999,
WCTK,2019-07-06 20:00:00,-999,
WCTK,2019-07-06 21:00:00,-999,
WCTK,2019-07-06 22:00:00,-999,
WCTK,2019-07-06 23:00:00,-999,
WCTK,2019-07-07 00:00:00,-999,
WCTK,2019-07-07 01:00:00,-999,
WCTK,2019-07-07 02:00:00,-999,
WCTK,2019-07-07 03:00:00,-999,
WCTK,2019-07-07 04:00:00,-999,
WCTK,2019-07-07 05:00:00,-999,
WCTK,2019-07-07 06:00:00,-999,
WCTK,2019-07-07 07:00:00,-999,
WCTK,2019-07-07 08:00:00,-999,
WCTK,2019-07-07 09:00:00,-999,
WCTK,2019-07-07 10:00:00,-999,
WCTK,2019-07-07 11:00:00,-999,
WCTK,2019-07-07 12:00:00,-999,
WCTK,2019-07-07 13:00:00,-999,
WCTK,2019-07-07 14:00:00,-999,
WCTK,2019-07-07 15:00:00,-999,
WCTK,2019-07-07 16:00:00,-999,
WCTK,2019-07-07 17:00:00,-999,
WCTK,2019-07-07 18:00:00,-999,
WCTK,2019-07-07 19:00:00,-999,
WCTK,2019-07-07 20:00:00,-999,
WCTK,2019-07-07 21:00:00,-999,
WCTK,2019-07-07 22:00:00,-999,
WCTK,2019-07-07 23:00:00,-999,
WCTK,2019-07-08 00:00:00,-999,
WCTK,2019-07-08 01:00:00,-999,
WCTK,2019-07-08 02:00:00,-999,
WCTK,2019-07-08 03:00:00,-999,
WCTK,2019-07-08 04:00:00,-999,
WCTK,2019-07-08 05:00:00,-999,
WCTK,2019-07-08 06:00:00,-999,
WCTK,2019-07-08 07:00:00,-999,
WCTK,2019-07-08 08:00:00,-999,
WCTK,2019-07-08 09:00:00,-999,
WCTK,2019-07-08 10:00:00,-999,
WCTK,2019-07-08 11:00:00,-999,
WCTK,2019-07-08 12:00:00,-999,
WCTK,2019-07-08 13:00:00,-999,
WCTK,2019-07-08 14:00:00,-999,
WCTK,2019-07-08 15:00:00,-999,
WCTK,2019-07-08 16:00:00,-999,
WCTK,2019-07-08 17:00:00,-999,
WCTK,2019-07-08 18:00:00,-999,
WCTK,2019-07-08 19:00:00,-999,
WCTK,2019-07-08 20:00:00,-999,
WCTK,2019-07-08 21:00:00,-999,
WCTK,2019-07-08 22:00:00,-999,
WCTK,2019-07-08 23:00:00,-999,
WCTK,2019-07-09 00:00:00,-999,
WCTK,2019-07-09 01:00:00,-999,
WCTK,2019-07-09 02:00:00,-999,
WCTK,2019-07-09 03:00:00,-999,
WCTK,2019-07-09 04:00:00,-999,
WCTK,2019-07-09 05:00:00,-999,
WCTK,2019-07-09 06:00:00,-999,
WCTK,2019-07-09 07:00:00,-999,
WCTK,2019-07-09 08:00:00,-999,
WCTK,2019-07-09 09:00:00,-999,
WCTK,2019-07-09 10:00:00,-999,
WCTK,2019-07-09 11:00:00,-999,
WCTK,2019-07-09 12:00:00,-999,
WCTK,2019-07-09 13:00:00,-999,
WCTK,2019-07-09 14:00:00,-999,
WCTK,2019-07-09 15:00:00,-999,
WCTK,2019-07-09 16:00:00,-999,
WCTK,2019-07-09 17:00:00,-999,
WCTK,2019-07-09 18:00:00,-999,
WCTK,2019-07-09 19:00:00,-999,
WCTK,2019-07-09 20:00:00,-999,
WCTK,2019-07-09 21:00:00,-999,
WCTK,2019-07-09 22:00:00,-999,
WCTK,2019-07-09 23:00:00,-999,
WCTK,2019-07-10 00:00:00,-999,
WCTK,2019-07-10 01:00:00,-999,
WCTK,2019-07-10 02:00:00,-999,
WCTK,2019-07-10 03:00:00,-999,
WCTK,2019-07-10 04:00:00,-999,
WCTK,2019-07-10 05:00:00,-999,
WCTK,2019-07-10 06:00:00,-999,
WCTK,2019-07-10 07:00:00,-999,
WCTK,2019-07-10 08:00:00,-999,
WCTK,2019-07-10 09:00:00,-999,
WCTK,2019-07-10 10:00:00,-999,
WCTK,2019-07-10 11:00:00,-999,
WCTK,2019-07-10 12:00:00,-999,
WCTK,2019-07-10 13:00:00,-999,
WCTK,2019-07-10 14:00:00,-999,
WCTK,2019-07-10 15:00:00,-999,
WCTK,2019-07-10 16:00:00,-999,
WCTK,2019-07-10 17:00:00,-999,
WCTK,2019-07-10 18:00:00,-999,
WCTK,2019-07-10 19:00:00,-999,
WCTK,2019-07-10 20:00:00,-999,
WCTK,2019-07-10 21:00:00,-999,
WCTK,2019-07-10 22:00:00,-999,
WCTK,2019-07-10 23:00:00,-999,
WCTK,2019-07-11 00:00:00,-999,
WCTK,2019-07-11 01:00:00,-999,
WCTK,2019-07-11 02:00:00,-999,
WCTK,2019-07-11 03:00:00,-999,
WCTK,2019-07-11 04:00:00,-999,
WCTK,2019-07-11 05:00:00,-999,
WCTK,2019-07-11 06:00:00,-999,
WCTK,2019-07-11 07:00:00,-999,
WCTK,2019-07-11 08:00:00,-999,
WCTK,2019-07-11 09:00:00,-999,
WCTK,2019-07-11 10:00:00,-999,
WCTK,2019-07-11 11:00:00,-999,
WCTK,2019-07-11 12:00:00,-999,
WCTK,2019-07-11 13:00:00,-999,
WCTK,2019-07-11 14:00:00,-999,
WCTK,2019-07-11 15:00:00,-999,
WCTK,2019-07-11 16:00:00,-999,
WCTK,2019-07-11 17:00:00,-999,
WCTK,2019-07-11 18:00:00,-999,
WCTK,2019-07-11 19:00:00,-999,
WCTK,2019-07-11 20:00:00,-999,
WCTK,2019-07-11 21:00:00,-999,
WCTK,2019-07-11 22:00:00,-999,
WCTK,2019-07-11 23:00:00,-999,
WCTK,2019-07-12 00:00:00,-999,
WCTK,2019-07-12 01:00:00,-999,
WCTK,2019-07-12 02:00:00,-999,
WCTK,2019-07-12 03:00:00,-999,
WCTK,2019-07-12 04:00:00,-999,
WCTK,2019-07-12 05:00:00,-999,
WCTK,2019-07-12 06:00:00,-999,
WCTK,2019-07-12 07:00:00,-999,
WCTK,2019-07-12 08:00:00,-999,
WCTK,2019-07-12 09:00:00,-999,
WCTK,2019-07-12 10:00:00,-999,
WCTK,2019-07-12 11:00:00,-999,
WCTK,2019-07-12 12:00:00,-999,
WCTK,2019-07-12 13:00:00,-999,
WCTK,2019-07-12 14:00:00,-999,
WCTK,2019-07-12 15:00:00,-999,
WCTK,2019-07-12 16:00:00,-999,
WCTK,2019-07-12 17:00:00,-999,
WCTK,2019-07-12 18:00:00,-999,
WCTK,2019-07-12 19:00:00,-999,
WCTK,2019-07-12 20:00:00,-999,
WCTK,2019-07-12 21:00:00,-999,
WCTK,2019-07-12 22:00:00,-999,
WCTK,2019-07-12 23:00:00,-999,
WCTK,2019-07-13 00:00:00,-999,
WCTK,2019-07-13 01:00:00,-999,
WCTK,2019-07-13 02:00:00,-999,
WCTK,2019-07-13 03:00:00,-999,
WCTK,2019-07-13 04:00:00,-999,
WCTK,2019-07-13 05:00:00,-999,
WCTK,2019-07-13 06:00:00,-999,
WCTK,2019-07-13 07:00:00,-999,
WCTK,2019-07-13 08:00:00,-999,
WCTK,2019-07-13 09:00:00,-999,
WCTK,2019-07-13 10:00:00,-999,
WCTK,2019-07-13 11:00:00,-999,
WCTK,2019-07-13 12:00:00,-999,
WCTK,2019-07-13 13:00:00,-999,
WCTK,2019-07-13 14:00:00,-999,
WCTK,2019-07-13 15:00:00,-999,
WCTK,2019-07-13 16:00:00,-999,
WCTK,2019-07-13 17:00:00,-999,
WCTK,2019-07-13 18:00:00,-999,
WCTK,2019-07-13 19:00:00,-999,
WCTK,2019-07-13 20:00:00,-999,
WCTK,2019-07-13 21:00:00,-999,
WCTK,2019-07-13 22:00:00,-999,
WCTK,2019-07-13 23:00:00,-999,
WCTK,2019-07-14 00:00:00,-999,
WCTK,2019-07-14 01:00:00,-999,
WCTK,2019-07-14 02:00:00,-999,
WCTK,2019-07-14 03:00:00,-999,
WCTK,2019-07-14 04:00:00,-999,
WCTK,2019-07-14 05:00:00,-999,
WCTK,2019-07-14 06:00:00,-999,
WCTK,2019-07-14 07:00:00,-999,
WCTK,2019-07-14 08:00:00,-999,
WCTK,2019-07-14 09:00:00,-999,
WCTK,2019-07-14 10:00:00,-999,
WCTK,2019-07-14 11:00:00,-999,
WCTK,2019-07-14 12:00:00,-999,
WCTK,2019-07-14 13:00:00,-999,
WCTK,2019-07-14 14:00:00,-999,
WCTK,2019-07-14 15:00:00,-999,
WCTK,2019-07-14 16:00:00,-999,
WCTK,2019-07-14 17:00:00,-999,
WCTK,2019-07-14 18:00:00,-999,
WCTK,2019-07-14 19:00:00,-999,
WCTK,2019-07-14 20:00:00,-999,
WCTK,2019-07-14 21:00:00,-999,
WCTK,2019-07-14 22:00:00,-999,
WCTK,2019-07-14 23:00:00,-999,
WCTK,2019-07-15 00:00:00,-999,
WCTK,2019-07-15 01:00:00,-999,
WCTK,2019-07-15 02:00:00,-999,
WCTK,2019-07-15 03:00:00,-999,
WCTK,2019-07-15 04:00:00,-999,
WCTK,2019-07-15 05:00:00,-999,
WCTK,2019-07-15 06:00:00,-999,
WCTK,2019-07-15 07:00:00,-999,
WCTK,2019-07-15 08:00:00,-999,
WCTK,2019-07-15 09:00:00,-999,
WCTK,2019-07-15 10:00:00,-999,
WCTK,2019-07-15 11:00:00,-999,
WCTK,2019-07-15 12:00:00,-999,
WCTK,2019-07-15 13:00:00,-999,
WCTK,2019-07-15 14:00:00,-999,
WCTK,2019-07-15 15:00:00,-999,
WCTK,2019-07-15 16:00:00,-999,
WCTK,2019-07-15 17:00:00,-999,
WCTK,2019-07-15 18:00:00,-999,
WCTK,2019-07-15 19:00:00,-999,
WCTK,2019-07-15 20:00:00,-999,
WCTK,2019-07-15 21:00:00,-999,
WCTK,2019-07-15 22:00:00,-999,
WCTK,2019-07-15 23:00:00,-999,
WCTK,2019-07-16 00:00:00,-999,
WCTK,2019-07-16 01:00:00,-999,
WCTK,2019-07-16 02:00:00,-999,
WCTK,2019-07-16 03:00:00,-999,
WCTK,2019-07-16 04:00:00,-999,
WCTK,2019-07-16 05:00:00,-999,
WCTK,2019-07-16 06:00:00,-999,
WCTK,2019-07-16 07:00:00,-999,
WCTK,2019-07-16 08:00:00,-999,
WCTK,2019-07-16 09:00:00,-999,
WCTK,2019-07-16 10:00:00,-999,
WCTK,2019-07-16 11:00:00,-999,
WCTK,2019-07-16 12:00:00,-999,
WCTK,2019-07-16 13:00:00,-999,
WCTK,2019-07-16 14:00:00,-999,
WCTK,2019-07-16 15:00:00,-999,
WCTK,2019-07-16 16:00:00,-999,
WCTK,2019-07-16 17:00:00,-999,
WCTK,2019-07-16 18:00:00,-999,
WCTK,2019-07-16 19:00:00,-999,
WCTK,2019-07-16 20:00:00,-999,
WCTK,2019-07-16 21:00:00,-999,
WCTK,2019-07-16 22:00:00,-999,
WCTK,2019-07-16 23:00:00,-999,
WCTK,2019-07-17 00:00:00,-999,
WCTK,2019-07-17 01:00:00,-999,
WCTK,2019-07-17 02:00:00,-999,
WCTK,2019-07-17 03:00:00,-999,
WCTK,2019-07-17 04:00:00,-999,
WCTK,2019-07-17 05:00:00,-999,
WCTK,2019-07-17 06:00:00,-999,
WCTK,2019-07-17 07:00:00,-999,
WCTK,2019-07-17 08:00:00,-999,
WCTK,2019-07-17 09:00:00,-999,
WCTK,2019-07-17 10:00:00,-999,
WCTK,2019-07-17 11:00:00,-999,
WCTK,2019-07-17 12:00:00,-999,
WCTK,2019-07-17 13:00:00,-999,
WCTK,2019-07-17 14:00:00,-999,
WCTK,2019-07-17 15:00:00,-999,
WCTK,2019-07-17 16:00:00,-999,
WCTK,2019-07-17 17:00:00,-999,
WCTK,2019-07-17 18:00:00,-999,
WCTK,2019-07-17 19:00:00,-999,
WCTK,2019-07-17 20:00:00,-999,
WCTK,2019-07-17 21:00:00,-999,
WCTK,2019-07-17 22:00:00,-999,
WCTK,2019-07-17 23:00:00,-999,
WCTK,2019-07-18 00:00:00,-999,
WCTK,2019-07-18 01:00:00,-999,
WCTK,2019-07-18 02:00:00,-999,
WCTK,2019-07-18 03:00:00,-999,
WCTK,2019-07-18 04:00:00,-999,
WCTK,2019-07-18 05:00:00,-999,
WCTK,2019-07-18 06:00:00,-999,
WCTK,2019-07-18 07:00:00,-999,
WCTK,2019-07-18 08:00:00,-999,
WCTK,2019-07-18 09:00:00,-999,
WCTK,2019-07-18 10:00:00,-999,
WCTK,2019-07-18 11:00:00,-999,
WCTK,2019-07-18 12:00:00,-999,
WCTK,2019-07-18 13:00:00,-999,
WCTK,2019-07-18 14:00:00,-999,
WCTK,2019-07-18 15:00:00,-999,
WCTK,2019-07-18 16:00:00,-999,
WCTK,2019-07-18 17:00:00,-999,
WCTK,2019-07-18 18:00:00,-999,
WCTK,2019-07-18 19:00:00,-999,
WCTK,2019-07-18 20:00:00,-999,
WCTK,2019-07-18 21:00:00,-999,
WCTK,2019-07-18 22:00:00,-999,
WCTK,2019-07-18 23:00:00,-999,
WCTK,2019-07-19 00:00:00,-999,
WCTK,2019-07-19 01:00:00,-999,
WCTK,2019-07-19 02:00:00,-999,
WCTK,2019-07-19 03:00:00,-999,
WCTK,2019-07-19 04:00:00,-999,
WCTK,2019-07-19 05:00:00,-999,
WCTK,2019-07-19 06:00:00,-999,
WCTK,2019-07-19 07:00:00,-999,
WCTK,2019-07-19 08:00:00,-999,
WCTK,2019-07-19 09:00:00,-999,
WCTK,2019-07-19 10:00:00,-999,
WCTK,2019-07-19 11:00:00,-999,
WCTK,2019-07-19 12:00:00,-999,
WCTK,2019-07-19 13:00:00,-999,
WCTK,2019-07-19 14:00:00,-999,
WCTK,2019-07-19 15:00:00,-999,
WCTK,2019-07-19 16:00:00,-999,
WCTK,2019-07-19 17:00:00,-999,
WCTK,2019-07-19 18:00:00,-999,
WCTK,2019-07-19 19:00:00,-999,
WCTK,2019-07-19 20:00:00,-999,
WCTK,2019-07-19 21:00:00,-999,
WCTK,2019-07-19 22:00:00,-999,
WCTK,2019-07-19 23:00:00,-999,
WCTK,2019-07-20 00:00:00,-999,
WCTK,2019-07-20 01:00:00,-999,
WCTK,2019-07-20 02:00:00,-999,
WCTK,2019-07-20 03:00:00,-999,
WCTK,2019-07-20 04:00:00,-999,
WCTK,2019-07-20 05:00:00,-999,
WCTK,2019-07-20 06:00:00,-999,
WCTK,2019-07-20 07:00:00,-999,
WCTK,2019-07-20 08:00:00,-999,
WCTK,2019-07-20 09:00:00,-999,
WCTK,2019-07-20 10:00:00,-999,
WCTK,2019-07-20 11:00:00,-999,
WCTK,2019-07-20 12:00:00,-999,
WCTK,2019-07-20 13:00:00,-999,
WCTK,2019-07-20 14:00:00,-999,
WCTK,2019-07-20 15:00:00,-999,
WCTK,2019-07-20 16:00:00,-999,
WCTK,2019-07-20 17:00:00,-999,
WCTK,2019-07-20 18:00:00,-999,
WCTK,2019-07-20 19:00:00,-999,
WCTK,2019-07-20 20:00:00,-999,
WCTK,2019-07-20 21:00:00,-999,
WCTK,2019-07-20 22:00:00,-999,
WCTK,2019-07-20 23:00:00,-999,
WCTK,2019-07-21 00:00:00,-999,
WCTK,2019-07-21 01:00:00,-999,
WCTK,2019-07-21 02:00:00,-999,
WCTK,2019-07-21 03:00:00,-999,
WCTK,2019-07-21 04:00:00,-999,
WCTK,2019-07-21 05:00:00,-999,
WCTK,2019-07-21 06:00:00,-999,
WCTK,2019-07-21 07:00:00,-999,
WCTK,2019-07-21 08:00:00,-999,
WCTK,2019-07-21 09:00:00,-999,
WCTK,2019-07-21 10:00:00,-999,
WCTK,2019-07-21 11:00:00,-999,
WCTK,2019-07-21 12:00:00,-999,
WCTK,2019-07-21 13:00:00,-999,
WCTK,2019-07-21 14:00:00,-999,
WCTK,2019-07-21 15:00:00,-999,
WCTK,2019-07-21 16:00:00,-999,
WCTK,2019-07-21 17:00:00,-999,
WCTK,2019-07-21 18:00:00,-999,
WCTK,2019-07-21 19:00:00,-999,
WCTK,2019-07-21 20:00:00,-999,
WCTK,2019-07-21 21:00:00,-999,
WCTK,2019-07-21 22:00:00,-999,
WCTK,2019-07-21 23:00:00,-999,
WCTK,2019-07-22 00:00:00,-999,
WCTK,2019-07-22 01:00:00,-999,
WCTK,2019-07-22 02:00:00,-999,
WCTK,2019-07-22 03:00:00,-999,
WCTK,2019-07-22 04:00:00,-999,
WCTK,2019-07-22 05:00:00,-999,
WCTK,2019-07-22 06:00:00,-999,
WCTK,2019-07-22 07:00:00,-999,
WCTK,2019-07-22 08:00:00,-999,
WCTK,2019-07-22 09:00:00,-999,
WCTK,2019-07-22 10:00:00,-999,
WCTK,2019-07-22 11:00:00,-999,
WCTK,2019-07-22 12:00:00,-999,
WCTK,2019-07-22 13:00:00,-999,
WCTK,2019-07-22 14:00:00,-999,
WCTK,2019-07-22 15:00:00,-999,
WCTK,2019-07-22 16:00:00,-999,
WCTK,2019-07-22 17:00:00,-999,
WCTK,2019-07-22 18:00:00,-999,
WCTK,2019-07-22 19:00:00,-999,
WCTK,2019-07-22 20:00:00,-999,
WCTK,2019-07-22 21:00:00,-999,
WCTK,2019-07-22 22:00:00,-999,
WCTK,2019-07-22 23:00:00,-999,
WCTK,2019-07-23 00:00:00,-999,
WCTK,2019-07-23 01:00:00,-999,
WCTK,2019-07-23 02:00:00,-999,
WCTK,2019-07-23 03:00:00,-999,
WCTK,2019-07-23 04:00:00,-999,
WCTK,2019-07-23 05:00:00,-999,
WCTK,2019-07-23 06:00:00,-999,
WCTK,2019-07-23 07:00:00,-999,
WCTK,2019-07-23 08:00:00,-999,
WCTK,2019-07-23 09:00:00,-999,
WCTK,2019-07-23 10:00:00,-999,
WCTK,2019-07-23 11:00:00,-999,
WCTK,2019-07-23 12:00:00,-999,
WCTK,2019-07-23 13:00:00,-999,
WCTK,2019-07-23 14:00:00,-999,
WCTK,2019-07-23 15:00:00,-999,
WCTK,2019-07-23 16:00:00,-999,
WCTK,2019-07-23 17:00:00,-999,
WCTK,2019-07-23 18:00:00,-999,
WCTK,2019-07-23 19:00:00,-999,
WCTK,2019-07-23 20:00:00,-999,
WCTK,2019-07-23 21:00:00,-999,
WCTK,2019-07-23 22:00:00,-999,
WCTK,2019-07-23 23:00:00,-999,
WCTK,2019-07-24 00:00:00,-999,
WCTK,2019-07-24 01:00:00,-999,
WCTK,2019-07-24 02:00:00,-999,
WCTK,2019-07-24 03:00:00,-999,
WCTK,2019-07-24 04:00:00,-999,
WCTK,2019-07-24 05:00:00,-999,
WCTK,2019-07-24 06:00:00,-999,
WCTK,2019-07-24 07:00:00,-999,
WCTK,2019-07-24 08:00:00,-999,
WCTK,2019-07-24 09:00:00,-999,
WCTK,2019-07-24 10:00:00,-999,
WCTK,2019-07-24 11:00:00,-999,
WCTK,2019-07-24 12:00:00,-999,
WCTK,2019-07-24 13:00:00,-999,
WCTK,2019-07-24 14:00:00,-999,
WCTK,2019-07-24 15:00:00,-999,
WCTK,2019-07-24 16:00:00,-999,
WCTK,2019-07-24 17:00:00,-999,
WCTK,2019-07-24 18:00:00,-999,
WCTK,2019-07-24 19:00:00,-999,
WCTK,2019-07-24 20:00:00,-999,
WCTK,2019-07-24 21:00:00,-999,
WCTK,2019-07-24 22:00:00,-999,
WCTK,2019-07-24 23:00:00,-999,
WCTK,2019-07-25 00:00:00,-999,
WCTK,2019-07-25 01:00:00,-999,
WCTK,2019-07-25 02:00:00,-999,
WCTK,2019-07-25 03:00:00,-999,
WCTK,2019-07-25 04:00:00,-999,
WCTK,2019-07-25 05:00:00,-999,
WCTK,2019-07-25 06:00:00,-999,
WCTK,2019-07-25 07:00:00,-999,
WCTK,2019-07-25 08:00:00,-999,
WCTK,2019-07-25 09:00:00,-999,
WCTK,2019-07-25 10:00:00,-999,
WCTK,2019-07-25 11:00:00,-999,
WCTK,2019-07-25 12:00:00,-999,
WCTK,2019-07-25 13:00:00,-999,
WCTK,2019-07-25 14:00:00,-999,
WCTK,2019-07-25 15:00:00,-999,
WCTK,2019-07-25 16:00:00,-999,
WCTK,2019-07-25 17:00:00,-999,
WCTK,2019-07-25 18:00:00,-999,
WCTK,2019-07-25 19:00:00,-999,
WCTK,2019-07-25 20:00:00,-999,
WCTK,2019-07-25 21:00:00,-999,
WCTK,2019-07-25 22:00:00,-999,
WCTK,2019-07-25 23:00:00,-999,
WCTK,2019-07-26 00:00:00,-999,
WCTK,2019-07-26 01:00:00,-999,
WCTK,2019-07-26 02:00:00,-999,
WCTK,2019-07-26 03:00:00,-999,
WCTK,2019-07-26 04:00:00,-999,
WCTK,2019-07-26 05:00:00,-999,
WCTK,2019-07-26 06:00:00,-999,
WCTK,2019-07-26 07:00:00,-999,
WCTK,2019-07-26 08:00:00,-999,
WCTK,2019-07-26 09:00:00,-999,
WCTK,2019-07-26 10:00:00,-999,
WCTK,2019-07-26 11:00:00,-999,
WCTK,2019-07-26 12:00:00,-999,
WCTK,2019-07-26 13:00:00,-999,
WCTK,2019-07-26 14:00:00,-999,
WCTK,2019-07-26 15:00:00,-999,
WCTK,2019-07-26 16:00:00,-999,
WCTK,2019-07-26 17:00:00,-999,
WCTK,2019-07-26 18:00:00,-999,
WCTK,2019-07-26 19:00:00,-999,
WCTK,2019-07-26 20:00:00,-999,
WCTK,2019-07-26 21:00:00,-999,
WCTK,2019-07-26 22:00:00,-999,
WCTK,2019-07-26 23:00:00,-999,
WCTK,2019-07-27 00:00:00,-999,
WCTK,2019-07-27 01:00:00,-999,
WCTK,2019-07-27 02:00:00,-999,
WCTK,2019-07-27 03:00:00,-999,
WCTK,2019-07-27 04:00:00,-999,
WCTK,2019-07-27 05:00:00,-999,
WCTK,2019-07-27 06:00:00,-999,
WCTK,2019-07-27 07:00:00,-999,
WCTK,2019-07-27 08:00:00,-999,
WCTK,2019-07-27 09:00:00,-999,
WCTK,2019-07-27 10:00:00,-999,
WCTK,2019-07-27 11:00:00,-999,
WCTK,2019-07-27 12:00:00,-999,
WCTK,2019-07-27 13:00:00,-999,
WCTK,2019-07-27 14:00:00,-999,
WCTK,2019-07-27 15:00:00,-999,
WCTK,2019-07-27 16:00:00,-999,
WCTK,2019-07-27 17:00:00,-999,
WCTK,2019-07-27 18:00:00,-999,
WCTK,2019-07-27 19:00:00,-999,
WCTK,2019-07-27 20:00:00,-999,
WCTK,2019-07-27 21:00:00,-999,
WCTK,2019-07-27 22:00:00,-999,
WCTK,2019-07-27 23:00:00,-999,
WCTK,2019-07-28 00:00:00,-999,
WCTK,2019-07-28 01:00:00,-999,
WCTK,2019-07-28 02:00:00,-999,
WCTK,2019-07-28 03:00:00,-999,
WCTK,2019-07-28 04:00:00,-999,
WCTK,2019-07-28 05:00:00,-999,
WCTK,2019-07-28 06:00:00,-999,
WCTK,2019-07-28 07:00:00,-999,
WCTK,2019-07-28 08:00:00,-999,
WCTK,2019-07-28 09:00:00,-999,
WCTK,2019-07-28 10:00:00,-999,
WCTK,2019-07-28 11:00:00,-999,
WCTK,2019-07-28 12:00:00,-999,
WCTK,2019-07-28 13:00:00,-999,
WCTK,2019-07-28 14:00:00,-999,
WCTK,2019-07-28 15:00:00,-999,
WCTK,2019-07-28 16:00:00,-999,
WCTK,2019-07-28 17:00:00,-999,
WCTK,2019-07-28 18:00:00,-999,
WCTK,2019-07-28 19:00:00,-999,
WCTK,2019-07-28 20:00:00,-999,
WCTK,2019-07-28 21:00:00,-999,
WCTK,2019-07-28 22:00:00,-999,
WCTK,2019-07-28 23:00:00,-999,
WCTK,2019-07-29 00:00:00,-999,
WCTK,2019-07-29 01:00:00,-999,
WCTK,2019-07-29 02:00:00,-999,
WCTK,2019-07-29 03:00:00,-999,
WCTK,2019-07-29 04:00:00,-999,
WCTK,2019-07-29 05:00:00,-999,
WCTK,2019-07-29 06:00:00,-999,
WCTK,2019-07-29 07:00:00,-999,
WCTK,2019-07-29 08:00:00,-999,
WCTK,2019-07-29 09:00:00,-999,
WCTK,2019-07-29 10:00:00,-999,
WCTK,2019-07-29 11:00:00,-999,
WCTK,2019-07-29 12:00:00,-999,
WCTK,2019-07-29 13:00:00,-999,
WCTK,2019-07-29 14:00:00,-999,
WCTK,2019-07-29 15:00:00,-999,
WCTK,2019-07-29 16:00:00,-999,
WCTK,2019-07-29 17:00:00,-999,
WCTK,2019-07-29 18:00:00,-999,
WCTK,2019-07-29 19:00:00,-999,
WCTK,2019-07-29 20:00:00,-999,
WCTK,2019-07-29 21:00:00,-999,
WCTK,2019-07-29 22:00:00,-999,
WCTK,2019-07-29 23:00:00,-999,
WCTK,2019-07-30 00:00:00,-999,
WCTK,2019-07-30 01:00:00,-999,
WCTK,2019-07-30 02:00:00,-999,
WCTK,2019-07-30 03:00:00,-999,
WCTK,2019-07-30 04:00:00,-999,
WCTK,2019-07-30 05:00:00,-999,
WCTK,2019-07-30 06:00:00,-999,
WCTK,2019-07-30 07:00:00,-999,
WCTK,2019-07-30 08:00:00,-999,
WCTK,2019-07-30 09:00:00,-999,
WCTK,2019-07-30 10:00:00,-999,
WCTK,2019-07-30 11:00:00,-999,
WCTK,2019-07-30 12:00:00,-999,
WCTK,2019-07-30 13:00:00,-999,
WCTK,2019-07-30 14:00:00,-999,
WCTK,2019-07-30 15:00:00,-999,
WCTK,2019-07-30 16:00:00,-999,
WCTK,2019-07-30 17:00:00,-999,
WCTK,2019-07-30 18:00:00,-999,
WCTK,2019-07-30 19:00:00,-999,
WCTK,2019-07-30 20:00:00,-999,
WCTK,2019-07-30 21:00:00,-999,
WCTK,2019-07-30 22:00:00,-999,
WCTK,2019-07-30 23:00:00,-999,
WCTK,2019-07-31 00:00:00,-999,
WCTK,2019-07-31 01:00:00,-999,
WCTK,2019-07-31 02:00:00,-999,
WCTK,2019-07-31 03:00:00,-999,
WCTK,2019-07-31 04:00:00,-999,
WCTK,2019-07-31 05:00:00,-999,
WCTK,2019-07-31 06:00:00,-999,
WCTK,2019-07-31 07:00:00,-999,
WCTK,2019-07-31 08:00:00,-999,
WCTK,2019-07-31 09:00:00,-999,
WCTK,2019-07-31 10:00:00,-999,
WCTK,2019-07-31 11:00:00,-999,
WCTK,2019-07-31 12:00:00,-999,
WCTK,2019-07-31 13:00:00,-999,
WCTK,2019-07-31 14:00:00,-999,
WCTK,2019-07-31 15:00:00,-999,
WCTK,2019-07-31 16:00:00,-999,
WCTK,2019-07-31 17:00:00,-999,
WCTK,2019-07-31 18:00:00,-999,
WCTK,2019-07-31 19:00:00,-999,
WCTK,2019-07-31 20:00:00,-999,
WCTK,2019-07-31 21:00:00,-999,
WCTK,2019-07-31 22:00:00,-999,
WCTK,2019-07-31 23:00:00,-999,
NMPR,2019-07-01 00:00:00,-999,
NMPR,2019-07-01 01:00:00,-999,
NMPR,2019-07-01 02:00:00,-999,
NMPR,2019-07-01 03:00:00,-999,
NMPR,2019-07-01 04:00:00,-999,
NMPR,2019-07-01 05:00:00,-999,
NMPR,2019-07-01 06:00:00,-999,
NMPR,2019-07-01 07:00:00,-999,
NMPR,2019-07-01 08:00:00,-999,
NMPR,2019-07-01 09:00:00,-999,
NMPR,2019-07-01 10:00:00,-999,
NMPR,2019-07-01 11:00:00,-999,
NMPR,2019-07-01 12:00:00,-999,
NMPR,2019-07-01 13:00:00,-999,
NMPR,2019-07-01 14:00:00,-999,
NMPR,2019-07-01 15:00:00,-999,
NMPR,2019-07-01 16:00:00,-999,
NMPR,2019-07-01 17:00:00,-999,
NMPR,2019-07-01 18:00:00,-999,
NMPR,2019-07-01 19:00:00,-999,
NMPR,2019-07-01 20:00:00,-999,
NMPR,2019-07-01 21:00:00,-999,
NMPR,2019-07-01 22:00:00,-999,
NMPR,2019-07-01 23:00:00,-999,
NMPR,2019-07-02 00:00:00,-999,
NMPR,2019-07-02 01:00:00,-999,
NMPR,2019-07-02 02:00:00,-999,
NMPR,2019-07-02 03:00:00,-999,
NMPR,2019-07-02 04:00:00,-999,
NMPR,2019-07-02 05:00:00,-999,
NMPR,2019-07-02 06:00:00,-999,
NMPR,2019-07-02 07:00:00,-999,
NMPR,2019-07-02 08:00:00,-999,
NMPR,2019-07-02 09:00:00,-999,
NMPR,2019-07-02 10:00:00,-999,
NMPR,2019-07-02 11:00:00,-999,
NMPR,2019-07-02 12:00:00,-999,
NMPR,2019-07-02 13:00:00,-999,
NMPR,2019-07-02 14:00:00,-999,
NMPR,2019-07-02 15:00:00,-999,
NMPR,2019-07-02 16:00:00,-999,
NMPR,2019-07-02 17:00:00,-999,
NMPR,2019-07-02 18:00:00,-999,
NMPR,2019-07-02 19:00:00,-999,
NMPR,2019-07-02 20:00:00,-999,
NMPR,2019-07-02 21:00:00,-999,
NMPR,2019-07-02 22:00:00,-999,
NMPR,2019-07-02 23:00:00,-999,
NMPR,2019-07-03 00:00:00,-999,
NMPR,2019-07-03 01:00:00,-999,
NMPR,2019-07-03 02:00:00,-999,
NMPR,2019-07-03 03:00:00,-999,
NMPR,2019-07-03 04:00:00,-999,
NMPR,2019-07-03 05:00:00,-999,
NMPR,2019-07-03 06:00:00,-999,
NMPR,2019-07-03 07:00:00,-999,
NMPR,2019-07-03 08:00:00,-999,
NMPR,2019-07-03 09:00:00,-999,
NMPR,2019-07-03 10:00:00,-999,
NMPR,2019-07-03 11:00:00,-999,
NMPR,2019-07-03 12:00:00,-999,
NMPR,2019-07-03 13:00:00,-999,
NMPR,2019-07-03 14:00:00,-999,
NMPR,2019-07-03 15:00:00,-999,
NMPR,2019-07-03 16:00:00,-999,
NMPR,2019-07-03 17:00:00,-999,
NMPR,2019-07-03 18:00:00,-999,
NMPR,2019-07-03 19:00:00,-999,
NMPR,2019-07-03 20:00:00,-999,
NMPR,2019-07-03 21:00:00,-999,
NMPR,2019-07-03 22:00:00,-999,
NMPR,2019-07-03 23:00:00,-999,
NMPR,2019-07-04 00:00:00,-999,
NMPR,2019-07-04 01:00:00,-999,
NMPR,2019-07-04 02:00:00,-999,
NMPR,2019-07-04 03:00:00,-999,
NMPR,2019-07-04 04:00:00,-999,
NMPR,2019-07-04 05:00:00,-999,
NMPR,2019-07-04 06:00:00,-999,
NMPR,2019-07-04 07:00:00,-999,
NMPR,2019-07-04 08:00:00,-999,
NMPR,2019-07-04 09:00:00,-999,
NMPR,2019-07-04 10:00:00,-999,
NMPR,2019-07-04 11:00:00,-999,
NMPR,2019-07-04 12:00:00,-999,
NMPR,2019-07-04 13:00:00,-999,
NMPR,2019-07-04 14:00:00,-999,
NMPR,2019-07-04 15:00:00,-999,
NMPR,2019-07-04 16:00:00,-999,
NMPR,2019-07-04 17:00:00,-999,
NMPR,2019-07-04 18:00:00,-999,
NMPR,2019-07-04 19:00:00,-999,
NMPR,2019-07-04 20:00:00,-999,
NMPR,2019-07-04 21:00:00,-999,
NMPR,2019-07-04 22:00:00,-999,
NMPR,2019-07-04 23:00:00,-999,
NMPR,2019-07-05 00:00:00,-999,
NMPR,2019-07-05 01:00:00,-999,
NMPR,2019-07-05 02:00:00,-999,
NMPR,2019-07-05 03:00:00,-999,
NMPR,2019-07-05 04:00:00,-999,
NMPR,2019-07-05 05:00:00,-999,
NMPR,2019-07-05 06:00:00,-999,
NMPR,2019-07-05 07:00:00,-999,
NMPR,2019-07-05 08:00:00,-999,
NMPR,2019-07-05 09:00:00,-999,
NMPR,2019-07-05 10:00:00,-999,
NMPR,2019-07-05 11:00:00,-999,
NMPR,2019-07-05 12:00:00,-999,
NMPR,2019-07-05 13:00:00,-999,
NMPR,2019-07-05 14:00:00,-999,
NMPR,2019-07-05 15:00:00,-999,
NMPR,2019-07-05 16:00:00,-999,
NMPR,2019-07-05 17:00:00,-999,
NMPR,2019-07-05 18:00:00,-999,
NMPR,2019-07-05 19:00:00,-999,
NMPR,2019-07-05 20:00:00,-999,
NMPR,2019-07-05 21:00:00,-999,
NMPR,2019-07-05 22:00:00,-999,
NMPR,2019-07-05 23:00:00,-999,
NMPR,2019-07-06 00:00:00,-999,
NMPR,2019-07-06 01:00:00,-999,
NMPR,2019-07-06 02:00:00,-999,
NMPR,2019-07-06 03:00:00,-999,
NMPR,2019-07-06 04:00:00,-999,
NMPR,2019-07-06 05:00:00,-999,
NMPR,2019-07-06 06:00:00,-999,
NMPR,2019-07-06 07:00:00,-999,
NMPR,2019-07-06 08:00:00,-999,
NMPR,2019-07-06 09:00:00,-999,
NMPR,2019-07-06 10:00:00,-999,
NMPR,2019-07-06 11:00:00,-999,
NMPR,2019-07-06 12:00:00,-999,
NMPR,2019-07-06 13:00:00,-999,
NMPR,2019-07-06 14:00:00,-999,
NMPR,2019-07-06 15:00:00,-999,
NMPR,2019-07-06 16:00:00,-999,
NMPR,2019-07-06 17:00:00,-999,
NMPR,2019-07-06 18:00:00,-999,
NMPR,2019-07-06 19:00:00,-999,
NMPR,2019-07-06 20:00:00,-999,
NMPR,2019-07-06 21:00:00,-999,
NMPR,2019-07-06 22:00:00,-999,
NMPR,2019-07-06 23:00:00,-999,
NMPR,2019-07-07 00:00:00,-999,
NMPR,2019-07-07 01:00:00,-999,
NMPR,2019-07-07 02:00:00,-999,
NMPR,2019-07-07 03:00:00,-999,
NMPR,2019-07-07 04:00:00,-999,
NMPR,2019-07-07 05:00:00,-999,
NMPR,2019-07-07 06:00:00,-999,
NMPR,2019-07-07 07:00:00,-999,
NMPR,2019-07-07 08:00:00,-999,
NMPR,2019-07-07 09:00:00,-999,
NMPR,2019-07-07 10:00:00,-999,
NMPR,2019-07-07 11:00:00,-999,
NMPR,2019-07-07 12:00:00,-999,
NMPR,2019-07-07 13:00:00,-999,
NMPR,2019-07-07 14:00:00,-999,
NMPR,2019-07-07 15:00:00,-999,
NMPR,2019-07-07 16:00:00,-999,
NMPR,2019-07-07 17:00:00,-999,
NMPR,2019-07-07 18:00:00,-999,
NMPR,2019-07-07 19:00:00,-999,
NMPR,2019-07-07 20:00:00,-999,
NMPR,2019-07-07 21:00:00,-999,
NMPR,2019-07-07 22:00:00,-999,
NMPR,2019-07-07 23:00:00,-999,
NMPR,2019-07-08 00:00:00,-999,
NMPR,2019-07-08 01:00:00,-999,
NMPR,2019-07-08 02:00:00,-999,
NMPR,2019-07-08 03:00:00,-999,
NMPR,2019-07-08 04:00:00,-999,
NMPR,2019-07-08 05:00:00,-999,
NMPR,2019-07-08 06:00:00,-999,
NMPR,2019-07-08 07:00:00,-999,
NMPR,2019-07-08 08:00:00,-999,
NMPR,2019-07-08 09:00:00,-999,
NMPR,2019-07-08 10:00:00,-999,
NMPR,2019-07-08 11:00:00,-999,
NMPR,2019-07-08 12:00:00,-999,
NMPR,2019-07-08 13:00:00,-999,
NMPR,2019-07-08 14:00:00,-999,
NMPR,2019-07-08 15:00:00,-999,
NMPR,2019-07-08 16:00:00,-999,
NMPR,2019-07-08 17:00:00,-999,
NMPR,2019-07-08 18:00:00,-999,
NMPR,2019-07-08 19:00:00,-999,
NMPR,2019-07-08 20:00:00,-999,
NMPR,2019-07-08 21:00:00,-999,
NMPR,2019-07-08 22:00:00,-999,
NMPR,2019-07-08 23:00:00,-999,
NMPR,2019-07-09 00:00:00,-999,
NMPR,2019-07-09 01:00:00,-999,
NMPR,2019-07-09 02:00:00,-999,
NMPR,2019-07-09 03:00:00,-999,
NMPR,2019-07-09 04:00:00,-999,
NMPR,2019-07-09 05:00:00,-999,
NMPR,2019-07-09 06:00:00,-999,
NMPR,2019-07-09 07:00:00,-999,
NMPR,2019-07-09 08:00:00,-999,
NMPR,2019-07-09 09:00:00,-999,
NMPR,2019-07-09 10:00:00,-999,
NMPR,2019-07-09 11:00:00,-999,
NMPR,2019-07-09 12:00:00,-999,
NMPR,2019-07-09 13:00:00,-999,
NMPR,2019-07-09 14:00:00,-999,
NMPR,2019-07-09 15:00:00,-999,
NMPR,2019-07-09 16:00:00,-999,
NMPR,2019-07-09 17:00:00,-999,
NMPR,2019-07-09 18:00:00,-999,
NMPR,2019-07-09 19:00:00,-999,
NMPR,2019-07-09 20:00:00,-999,
NMPR,2019-07-09 21:00:00,-999,
NMPR,2019-07-09 22:00:00,-999,
NMPR,2019-07-09 23:00:00,-999,
NMPR,2019-07-10 00:00:00,-999,
NMPR,2019-07-10 01:00:00,-999,
NMPR,2019-07-10 02:00:00,-999,
NMPR,2019-07-10 03:00:00,-999,
NMPR,2019-07-10 04:00:00,-999,
NMPR,2019-07-10 05:00:00,-999,
NMPR,2019-07-10 06:00:00,-999,
NMPR,2019-07-10 07:00:00,-999,
NMPR,2019-07-10 08:00:00,-999,
NMPR,2019-07-10 09:00:00,-999,
NMPR,2019-07-10 10:00:00,-999,
NMPR,2019-07-10 11:00:00,-999,
NMPR,2019-07-10 12:00:00,-999,
NMPR,2019-07-10 13:00:00,-999,
NMPR,2019-07-10 14:00:00,-999,
NMPR,2019-07-10 15:00:00,-999,
NMPR,2019-07-10 16:00:00,-999,
NMPR,2019-07-10 17:00:00,-999,
NMPR,2019-07-10 18:00:00,-999,
NMPR,2019-07-10 19:00:00,-999,
NMPR,2019-07-10 20:00:00,-999,
NMPR,2019-07-10 21:00:00,-999,
NMPR,2019-07-10 22:00:00,-999,
NMPR,2019-07-10 23:00:00,-999,
NMPR,2019-07-11 00:00:00,-999,
NMPR,2019-07-11 01:00:00,-999,
NMPR,2019-07-11 02:00:00,-999,
NMPR,2019-07-11 03:00:00,-999,
NMPR,2019-07-11 04:00:00,-999,
NMPR,2019-07-11 05:00:00,-999,
NMPR,2019-07-11 06:00:00,-999,
NMPR,2019-07-11 07:00:00,-999,
NMPR,2019-07-11 08:00:00,-999,
NMPR,2019-07-11 09:00:00,-999,
NMPR,2019-07-11 10:00:00,-999,
NMPR,2019-07-11 11:00:00,-999,
NMPR,2019-07-11 12:00:00,-999,
NMPR,2019-07-11 13:00:00,-999,
NMPR,2019-07-11 14:00:00,-999,
NMPR,2019-07-11 15:00:00,-999,
NMPR,2019-07-11 16:00:00,-999,
NMPR,2019-07-11 17:00:00,-999,
NMPR,2019-07-11 18:00:00,-999,
NMPR,2019-07-11 19:00:00,-999,
NMPR,2019-07-11 20:00:00,-999,
NMPR,2019-07-11 21:00:00,-999,
NMPR,2019-07-11 22:00:00,-999,
NMPR,2019-07-11 23:00:00,-999,
NMPR,2019-07-12 00:00:00,-999,
NMPR,2019-07-12 01:00:00,-999,
NMPR,2019-07-12 02:00:00,-999,
NMPR,2019-07-12 03:00:00,-999,
NMPR,2019-07-12 04:00:00,-999,
NMPR,2019-07-12 05:00:00,-999,
NMPR,2019-07-12 06:00:00,-999,
NMPR,2019-07-12 07:00:00,-999,
NMPR,2019-07-12 08:00:00,-999,
NMPR,2019-07-12 09:00:00,-999,
NMPR,2019-07-12 10:00:00,-999,
NMPR,2019-07-12 11:00:00,-999,
NMPR,2019-07-12 12:00:00,-999,
NMPR,2019-07-12 13:00:00,-999,
NMPR,2019-07-12 14:00:00,-999,
NMPR,2019-07-12 15:00:00,-999,
NMPR,2019-07-12 16:00:00,-999,
NMPR,2019-07-12 17:00:00,-999,
NMPR,2019-07-12 18:00:00,-999,
NMPR,2019-07-12 19:00:00,-999,
NMPR,2019-07-12 20:00:00,-999,
NMPR,2019-07-12 21:00:00,-999,
NMPR,2019-07-12 22:00:00,-999,
NMPR,2019-07-12 23:00:00,-999,
NMPR,2019-07-13 00:00:00,-999,
NMPR,2019-07-13 01:00:00,-999,
NMPR,2019-07-13 02:00:00,-999,
NMPR,2019-07-13 03:00:00,-999,
NMPR,2019-07-13 04:00:00,-999,
NMPR,2019-07-13 05:00:00,-999,
NMPR,2019-07-13 06:00:00,-999,
NMPR,2019-07-13 07:00:00,-999,
NMPR,2019-07-13 08:00:00,-999,
NMPR,2019-07-13 09:00:00,-999,
NMPR,2019-07-13 10:00:00,-999,
NMPR,2019-07-13 11:00:00,-999,
NMPR,2019-07-13 12:00:00,-999,
NMPR,2019-07-13 13:00:00,-999,
NMPR,2019-07-13 14:00:00,-999,
NMPR,2019-07-13 15:00:00,-999,
NMPR,2019-07-13 16:00:00,-999,
NMPR,2019-07-13 17:00:00,-999,
NMPR,2019-07-13 18:00:00,-999,
NMPR,2019-07-13 19:00:00,-999,
NMPR,2019-07-13 20:00:00,-999,
NMPR,2019-07-13 21:00:00,-999,
NMPR,2019-07-13 22:00:00,-999,
NMPR,2019-07-13 23:00:00,-999,
NMPR,2019-07-14 00:00:00,-999,
NMPR,2019-07-14 01:00:00,-999,
NMPR,2019-07-14 02:00:00,-999,
NMPR,2019-07-14 03:00:00,-999,
NMPR,2019-07-14 04:00:00,-999,
NMPR,2019-07-14 05:00:00,-999,
NMPR,2019-07-14 06:00:00,-999,
NMPR,2019-07-14 07:00:00,-999,
NMPR,2019-07-14 08:00:00,-999,
NMPR,2019-07-14 09:00:00,-999,
NMPR,2019-07-14 10:00:00,-999,
NMPR,2019-07-14 11:00:00,-999,
NMPR,2019-07-14 12:00:00,-999,
NMPR,2019-07-14 13:00:00,-999,
NMPR,2019-07-14 14:00:00,-999,
NMPR,2019-07-14 15:00:00,-999,
NMPR,2019-07-14 16:00:00,-999,
NMPR,2019-07-14 17:00:00,-999,
NMPR,2019-07-14 18:00:00,-999,
NMPR,2019-07-14 19:00:00,-999,
NMPR,2019-07-14 20:00:00,-999,
NMPR,2019-07-14 21:00:00,-999,
NMPR,2019-07-14 22:00:00,-999,
NMPR,2019-07-14 23:00:00,-999,
NMPR,2019-07-15 00:00:00,-999,
NMPR,2019-07-15 01:00:00,-999,
NMPR,2019-07-15 02:00:00,-999,
NMPR,2019-07-15 03:00:00,-999,
NMPR,2019-07-15 04:00:00,-999,
NMPR,2019-07-15 05:00:00,-999,
NMPR,2019-07-15 06:00:00,-999,
NMPR,2019-07-15 07:00:00,-999,
NMPR,2019-07-15 08:00:00,-999,
NMPR,2019-07-15 09:00:00,-999,
NMPR,2019-07-15 10:00:00,-999,
NMPR,2019-07-15 11:00:00,-999,
NMPR,2019-07-15 12:00:00,-999,
NMPR,2019-07-15 13:00:00,-999,
NMPR,2019-07-15 14:00:00,-999,
NMPR,2019-07-15 15:00:00,-999,
NMPR,2019-07-15 16:00:00,0.2,
NMPR,2019-07-15 17:00:00,0,
NMPR,2019-07-15 18:00:00,0,
NMPR,2019-07-15 19:00:00,0,
NMPR,2019-07-15 20:00:00,0,
NMPR,2019-07-15 21:00:00,0,
NMPR,2019-07-15 22:00:00,0,
NMPR,2019-07-15 23:00:00,0,
NMPR,2019-07-16 00:00:00,0,
NMPR,2019-07-16 01:00:00,0,
NMPR,2019-07-16 02:00:00,0,
NMPR,2019-07-16 03:00:00,0,
NMPR,2019-07-16 04:00:00,0,
NMPR,2019-07-16 05:00:00,0,
NMPR,2019-07-16 06:00:00,0,
NMPR,2019-07-16 07:00:00,0,
NMPR,2019-07-16 08:00:00,0,
NMPR,2019-07-16 09:00:00,0,
NMPR,2019-07-16 10:00:00,0,
NMPR,2019-07-16 11:00:00,0,
NMPR,2019-07-16 12:00:00,0,
NMPR,2019-07-16 13:00:00,0,
NMPR,2019-07-16 14:00:00,0,
NMPR,2019-07-16 15:00:00,0,
NMPR,2019-07-16 16:00:00,0,
NMPR,2019-07-16 17:00:00,0,
NMPR,2019-07-16 18:00:00,0,
NMPR,2019-07-16 19:00:00,0,
NMPR,2019-07-16 20:00:00,0,
NMPR,2019-07-16 21:00:00,0,
NMPR,2019-07-16 22:00:00,0,
NMPR,2019-07-16 23:00:00,0,
NMPR,2019-07-17 00:00:00,0,
NMPR,2019-07-17 01:00:00,0,
NMPR,2019-07-17 02:00:00,0,
NMPR,2019-07-17 03:00:00,0,
NMPR,2019-07-17 04:00:00,0,
NMPR,2019-07-17 05:00:00,0,
NMPR,2019-07-17 06:00:00,0,
NMPR,2019-07-17 07:00:00,0,
NMPR,2019-07-17 08:00:00,0,
NMPR,2019-07-17 09:00:00,0,
NMPR,2019-07-17 10:00:00,0,
NMPR,2019-07-17 11:00:00,0,
NMPR,2019-07-17 12:00:00,0,
NMPR,2019-07-17 13:00:00,0,
NMPR,2019-07-17 14:00:00,0,
NMPR,2019-07-17 15:00:00,0,
NMPR,2019-07-17 16:00:00,0,
NMPR,2019-07-17 17:00:00,0,
NMPR,2019-07-17 18:00:00,0,
NMPR,2019-07-17 19:00:00,0,
NMPR,2019-07-17 20:00:00,0,
NMPR,2019-07-17 21:00:00,0.4,
NMPR,2019-07-17 22:00:00,0.4,
NMPR,2019-07-17 23:00:00,0,
NMPR,2019-07-18 00:00:00,0,
NMPR,2019-07-18 01:00:00,0,
NMPR,2019-07-18 02:00:00,0,
NMPR,2019-07-18 03:00:00,0,
NMPR,2019-07-18 04:00:00,0,
NMPR,2019-07-18 05:00:00,0,
NMPR,2019-07-18 06:00:00,0,
NMPR,2019-07-18 07:00:00,0,
NMPR,2019-07-18 08:00:00,0,
NMPR,2019-07-18 09:00:00,0,
NMPR,2019-07-18 10:00:00,0,
NMPR,2019-07-18 11:00:00,0,
NMPR,2019-07-18 12:00:00,0,
NMPR,2019-07-18 13:00:00,0,
NMPR,2019-07-18 14:00:00,0,
NMPR,2019-07-18 15:00:00,0,
NMPR,2019-07-18 16:00:00,0,
NMPR,2019-07-18 17:00:00,0,
NMPR,2019-07-18 18:00:00,0,
NMPR,2019-07-18 19:00:00,0,
NMPR,2019-07-18 20:00:00,0,
NMPR,2019-07-18 21:00:00,0,
NMPR,2019-07-18 22:00:00,-999,
NMPR,2019-07-18 23:00:00,0,
NMPR,2019-07-19 00:00:00,0,
NMPR,2019-07-19 01:00:00,0,
NMPR,2019-07-19 02:00:00,0,
NMPR,2019-07-19 03:00:00,0,
NMPR,2019-07-19 04:00:00,0,
NMPR,2019-07-19 05:00:00,0,
NMPR,2019-07-19 06:00:00,0,
NMPR,2019-07-19 07:00:00,0,
NMPR,2019-07-19 08:00:00,0,
NMPR,2019-07-19 09:00:00,0,
NMPR,2019-07-19 10:00:00,0,
NMPR,2019-07-19 11:00:00,0,
NMPR,2019-07-19 12:00:00,0,
NMPR,2019-07-19 13:00:00,0,
NMPR,2019-07-19 14:00:00,0,
NMPR,2019-07-19 15:00:00,0,
NMPR,2019-07-19 16:00:00,0,
NMPR,2019-07-19 17:00:00,0,
NMPR,2019-07-19 18:00:00,0,
NMPR,2019-07-19 19:00:00,0,
NMPR,2019-07-19 20:00:00,0,
NMPR,2019-07-19 21:00:00,0,
NMPR,2019-07-19 22:00:00,0,
NMPR,2019-07-19 23:00:00,0,
NMPR,2019-07-20 00:00:00,0,
NMPR,2019-07-20 01:00:00,0,
NMPR,2019-07-20 02:00:00,0,
NMPR,2019-07-20 03:00:00,0,
NMPR,2019-07-20 04:00:00,0,
NMPR,2019-07-20 05:00:00,0,
NMPR,2019-07-20 06:00:00,0,
NMPR,2019-07-20 07:00:00,0,
NMPR,2019-07-20 08:00:00,0,
NMPR,2019-07-20 09:00:00,0,
NMPR,2019-07-20 10:00:00,0,
NMPR,2019-07-20 11:00:00,0,
NMPR,2019-07-20 12:00:00,0,
NMPR,2019-07-20 13:00:00,0,
NMPR,2019-07-20 14:00:00,0,
NMPR,2019-07-20 15:00:00,0,
NMPR,2019-07-20 16:00:00,0,
NMPR,2019-07-20 17:00:00,0,
NMPR,2019-07-20 18:00:00,0,
NMPR,2019-07-20 19:00:00,0,
NMPR,2019-07-20 20:00:00,0,
NMPR,2019-07-20 21:00:00,0,
NMPR,2019-07-20 22:00:00,0,
NMPR,2019-07-20 23:00:00,0,
NMPR,2019-07-21 00:00:00,0,
NMPR,2019-07-21 01:00:00,0,
NMPR,2019-07-21 02:00:00,0,
NMPR,2019-07-21 03:00:00,0,
NMPR,2019-07-21 04:00:00,0,
NMPR,2019-07-21 05:00:00,0,
NMPR,2019-07-21 06:00:00,0,
NMPR,2019-07-21 07:00:00,0,
NMPR,2019-07-21 08:00:00,0,
NMPR,2019-07-21 09:00:00,0,
NMPR,2019-07-21 10:00:00,0,
NMPR,2019-07-21 11:00:00,0,
NMPR,2019-07-21 12:00:00,0,
NMPR,2019-07-21 13:00:00,0,
NMPR,2019-07-21 14:00:00,0,
NMPR,2019-07-21 15:00:00,0,
NMPR,2019-07-21 16:00:00,0,
NMPR,2019-07-21 17:00:00,0,
NMPR,2019-07-21 18:00:00,0.6,
NMPR,2019-07-21 19:00:00,2,
NMPR,2019-07-21 20:00:00,3.6,
NMPR,2019-07-21 21:00:00,2.2,
NMPR,2019-07-21 22:00:00,0.4,
NMPR,2019-07-21 23:00:00,0,
NMPR,2019-07-22 00:00:00,0,
NMPR,2019-07-22 01:00:00,0,
NMPR,2019-07-22 02:00:00,0,
NMPR,2019-07-22 03:00:00,0,
NMPR,2019-07-22 04:00:00,0,
NMPR,2019-07-22 05:00:00,0,
NMPR,2019-07-22 06:00:00,0,
NMPR,2019-07-22 07:00:00,0.2,
NMPR,2019-07-22 08:00:00,0,
NMPR,2019-07-22 09:00:00,0,
NMPR,2019-07-22 10:00:00,0,
NMPR,2019-07-22 11:00:00,0,
NMPR,2019-07-22 12:00:00,0,
NMPR,2019-07-22 13:00:00,0,
NMPR,2019-07-22 14:00:00,0,
NMPR,2019-07-22 15:00:00,0,
NMPR,2019-07-22 16:00:00,0,
NMPR,2019-07-22 17:00:00,0,
NMPR,2019-07-22 18:00:00,0,
NMPR,2019-07-22 19:00:00,0,
NMPR,2019-07-22 20:00:00,0,
NMPR,2019-07-22 21:00:00,0,
NMPR,2019-07-22 22:00:00,0,
NMPR,2019-07-22 23:00:00,0,
NMPR,2019-07-23 00:00:00,0,
NMPR,2019-07-23 01:00:00,0,
NMPR,2019-07-23 02:00:00,0,
NMPR,2019-07-23 03:00:00,0,
NMPR,2019-07-23 04:00:00,0,
NMPR,2019-07-23 05:00:00,0,
NMPR,2019-07-23 06:00:00,0,
NMPR,2019-07-23 07:00:00,0,
NMPR,2019-07-23 08:00:00,0,
NMPR,2019-07-23 09:00:00,0,
NMPR,2019-07-23 10:00:00,0,
NMPR,2019-07-23 11:00:00,0,
NMPR,2019-07-23 12:00:00,0,
NMPR,2019-07-23 13:00:00,0,
NMPR,2019-07-23 14:00:00,0,
NMPR,2019-07-23 15:00:00,0,
NMPR,2019-07-23 16:00:00,0,
NMPR,2019-07-23 17:00:00,0,
NMPR,2019-07-23 18:00:00,0,
NMPR,2019-07-23 19:00:00,0,
NMPR,2019-07-23 20:00:00,0,
NMPR,2019-07-23 21:00:00,0,
NMPR,2019-07-23 22:00:00,0,
NMPR,2019-07-23 23:00:00,0,
NMPR,2019-07-24 00:00:00,0,
NMPR,2019-07-24 01:00:00,0,
NMPR,2019-07-24 02:00:00,0,
NMPR,2019-07-24 03:00:00,0,
NMPR,2019-07-24 04:00:00,0,
NMPR,2019-07-24 05:00:00,0,
NMPR,2019-07-24 06:00:00,0,
NMPR,2019-07-24 07:00:00,0,
NMPR,2019-07-24 08:00:00,0.4,
NMPR,2019-07-24 09:00:00,1.6,
NMPR,2019-07-24 10:00:00,0,
NMPR,2019-07-24 11:00:00,0,
NMPR,2019-07-24 12:00:00,0,
NMPR,2019-07-24 13:00:00,0,
NMPR,2019-07-24 14:00:00,0,
NMPR,2019-07-24 15:00:00,0,
NMPR,2019-07-24 16:00:00,0,
NMPR,2019-07-24 17:00:00,0,
NMPR,2019-07-24 18:00:00,0,
NMPR,2019-07-24 19:00:00,0,
NMPR,2019-07-24 20:00:00,0,
NMPR,2019-07-24 21:00:00,0,
NMPR,2019-07-24 22:00:00,0,
NMPR,2019-07-24 23:00:00,0,
NMPR,2019-07-25 00:00:00,0,
NMPR,2019-07-25 01:00:00,0,
NMPR,2019-07-25 02:00:00,0,
NMPR,2019-07-25 03:00:00,0,
NMPR,2019-07-25 04:00:00,0,
NMPR,2019-07-25 05:00:00,0,
NMPR,2019-07-25 06:00:00,0,
NMPR,2019-07-25 07:00:00,0,
NMPR,2019-07-25 08:00:00,0,
NMPR,2019-07-25 09:00:00,0,
NMPR,2019-07-25 10:00:00,0,
NMPR,2019-07-25 11:00:00,0,
NMPR,2019-07-25 12:00:00,0,
NMPR,2019-07-25 13:00:00,0,
NMPR,2019-07-25 14:00:00,0,
NMPR,2019-07-25 15:00:00,0,
NMPR,2019-07-25 16:00:00,0,
NMPR,2019-07-25 17:00:00,0,
NMPR,2019-07-25 18:00:00,0,
NMPR,2019-07-25 19:00:00,0,
NMPR,2019-07-25 20:00:00,0,
NMPR,2019-07-25 21:00:00,8.4,
NMPR,2019-07-25 22:00:00,25.6,
NMPR,2019-07-25 23:00:00,5,
NMPR,2019-07-26 00:00:00,4.2,
NMPR,2019-07-26 01:00:00,1,
NMPR,2019-07-26 02:00:00,0.8,
NMPR,2019-07-26 03:00:00,0,
NMPR,2019-07-26 04:00:00,0,
NMPR,2019-07-26 05:00:00,0.4,
NMPR,2019-07-26 06:00:00,0,
NMPR,2019-07-26 07:00:00,0,
NMPR,2019-07-26 08:00:00,0.4,
NMPR,2019-07-26 09:00:00,0.4,
NMPR,2019-07-26 10:00:00,0,
NMPR,2019-07-26 11:00:00,0,
NMPR,2019-07-26 12:00:00,0,
NMPR,2019-07-26 13:00:00,0,
NMPR,2019-07-26 14:00:00,0,
NMPR,2019-07-26 15:00:00,0,
NMPR,2019-07-26 16:00:00,0,
NMPR,2019-07-26 17:00:00,0,
NMPR,2019-07-26 18:00:00,0,
NMPR,2019-07-26 19:00:00,0,
NMPR,2019-07-26 20:00:00,0,
NMPR,2019-07-26 21:00:00,0,
NMPR,2019-07-26 22:00:00,0,
NMPR,2019-07-26 23:00:00,0,
NMPR,2019-07-27 00:00:00,0,
NMPR,2019-07-27 01:00:00,0,
NMPR,2019-07-27 02:00:00,0,
NMPR,2019-07-27 03:00:00,0,
NMPR,2019-07-27 04:00:00,0,
NMPR,2019-07-27 05:00:00,0,
NMPR,2019-07-27 06:00:00,0,
NMPR,2019-07-27 07:00:00,0.2,
NMPR,2019-07-27 08:00:00,3,
NMPR,2019-07-27 09:00:00,0,
NMPR,2019-07-27 10:00:00,0,
NMPR,2019-07-27 11:00:00,0,
NMPR,2019-07-27 12:00:00,0,
NMPR,2019-07-27 13:00:00,0,
NMPR,2019-07-27 14:00:00,0,
NMPR,2019-07-27 15:00:00,0,
NMPR,2019-07-27 16:00:00,0,
NMPR,2019-07-27 17:00:00,0,
NMPR,2019-07-27 18:00:00,0,
NMPR,2019-07-27 19:00:00,0,
NMPR,2019-07-27 20:00:00,0,
NMPR,2019-07-27 21:00:00,0,
NMPR,2019-07-27 22:00:00,0,
NMPR,2019-07-27 23:00:00,0,
NMPR,2019-07-28 00:00:00,0,
NMPR,2019-07-28 01:00:00,0,
NMPR,2019-07-28 02:00:00,0,
NMPR,2019-07-28 03:00:00,0,
NMPR,2019-07-28 04:00:00,0,
NMPR,2019-07-28 05:00:00,0,
NMPR,2019-07-28 06:00:00,0,
NMPR,2019-07-28 07:00:00,0,
NMPR,2019-07-28 08:00:00,0,
NMPR,2019-07-28 09:00:00,0,
NMPR,2019-07-28 10:00:00,0,
NMPR,2019-07-28 11:00:00,0,
NMPR,2019-07-28 12:00:00,0,
NMPR,2019-07-28 13:00:00,0,
NMPR,2019-07-28 14:00:00,0,
NMPR,2019-07-28 15:00:00,0,
NMPR,2019-07-28 16:00:00,0,
NMPR,2019-07-28 17:00:00,0,
NMPR,2019-07-28 18:00:00,0,
NMPR,2019-07-28 19:00:00,0,
NMPR,2019-07-28 20:00:00,0,
NMPR,2019-07-28 21:00:00,0,
NMPR,2019-07-28 22:00:00,0,
NMPR,2019-07-28 23:00:00,0,
NMPR,2019-07-29 00:00:00,0,
NMPR,2019-07-29 01:00:00,0,
NMPR,2019-07-29 02:00:00,0,
NMPR,2019-07-29 03:00:00,0,
NMPR,2019-07-29 04:00:00,0,
NMPR,2019-07-29 05:00:00,0,
NMPR,2019-07-29 06:00:00,0,
NMPR,2019-07-29 07:00:00,0,
NMPR,2019-07-29 08:00:00,0,
NMPR,2019-07-29 09:00:00,0,
NMPR,2019-07-29 10:00:00,0,
NMPR,2019-07-29 11:00:00,0,
NMPR,2019-07-29 12:00:00,0,
NMPR,2019-07-29 13:00:00,0,
NMPR,2019-07-29 14:00:00,0,
NMPR,2019-07-29 15:00:00,0,
NMPR,2019-07-29 16:00:00,0,
NMPR,2019-07-29 17:00:00,0,
NMPR,2019-07-29 18:00:00,0,
NMPR,2019-07-29 19:00:00,0,
NMPR,2019-07-29 20:00:00,0,
NMPR,2019-07-29 21:00:00,0,
NMPR,2019-07-29 22:00:00,0,
NMPR,2019-07-29 23:00:00,0,
NMPR,2019-07-30 00:00:00,0,
NMPR,2019-07-30 01:00:00,0,
NMPR,2019-07-30 02:00:00,0,
NMPR,2019-07-30 03:00:00,0,
NMPR,2019-07-30 04:00:00,0,
NMPR,2019-07-30 05:00:00,0,
NMPR,2019-07-30 06:00:00,0,
NMPR,2019-07-30 07:00:00,0,
NMPR,2019-07-30 08:00:00,0,
NMPR,2019-07-30 09:00:00,0,
NMPR,2019-07-30 10:00:00,0,
NMPR,2019-07-30 11:00:00,0,
NMPR,2019-07-30 12:00:00,0,
NMPR,2019-07-30 13:00:00,0,
NMPR,2019-07-30 14:00:00,0,
NMPR,2019-07-30 15:00:00,0,
NMPR,2019-07-30 16:00:00,0,
NMPR,2019-07-30 17:00:00,0,
NMPR,2019-07-30 18:00:00,0,
NMPR,2019-07-30 19:00:00,0,
NMPR,2019-07-30 20:00:00,0,
NMPR,2019-07-30 21:00:00,0,
NMPR,2019-07-30 22:00:00,0,
NMPR,2019-07-30 23:00:00,0,
NMPR,2019-07-31 00:00:00,0,
NMPR,2019-07-31 01:00:00,0,
NMPR,2019-07-31 02:00:00,1,
NMPR,2019-07-31 03:00:00,0.2,
NMPR,2019-07-31 04:00:00,0.2,
NMPR,2019-07-31 05:00:00,0,
NMPR,2019-07-31 06:00:00,0,
NMPR,2019-07-31 07:00:00,0,
NMPR,2019-07-31 08:00:00,0,
NMPR,2019-07-31 09:00:00,0,
NMPR,2019-07-31 10:00:00,0,
NMPR,2019-07-31 11:00:00,0,
NMPR,2019-07-31 12:00:00,0,
NMPR,2019-07-31 13:00:00,0,
NMPR,2019-07-31 14:00:00,0,
NMPR,2019-07-31 15:00:00,0,
NMPR,2019-07-31 16:00:00,0,
NMPR,2019-07-31 17:00:00,0,
NMPR,2019-07-31 18:00:00,0,
NMPR,2019-07-31 19:00:00,0,
NMPR,2019-07-31 20:00:00,0.2,
NMPR,2019-07-31 21:00:00,0,
NMPR,2019-07-31 22:00:00,0,
NMPR,2019-07-31 23:00:00,0,
WGPO,2019-07-01 00:00:00,0,
WGPO,2019-07-01 01:00:00,0,
WGPO,2019-07-01 02:00:00,0,
WGPO,2019-07-01 03:00:00,0,
WGPO,2019-07-01 04:00:00,0,
WGPO,2019-07-01 05:00:00,0,
WGPO,2019-07-01 06:00:00,0,
WGPO,2019-07-01 07:00:00,0,
WGPO,2019-07-01 08:00:00,0,
WGPO,2019-07-01 09:00:00,0,
WGPO,2019-07-01 10:00:00,0,
WGPO,2019-07-01 11:00:00,0,
WGPO,2019-07-01 12:00:00,0,
WGPO,2019-07-01 13:00:00,0,
WGPO,2019-07-01 14:00:00,0,
WGPO,2019-07-01 15:00:00,0,
WGPO,2019-07-01 16:00:00,0,
WGPO,2019-07-01 17:00:00,0,
WGPO,2019-07-01 18:00:00,0,
WGPO,2019-07-01 19:00:00,0,
WGPO,2019-07-01 20:00:00,0,
WGPO,2019-07-01 21:00:00,0,
WGPO,2019-07-01 22:00:00,0,
WGPO,2019-07-01 23:00:00,0,
WGPO,2019-07-02 00:00:00,0,
WGPO,2019-07-02 01:00:00,0,
WGPO,2019-07-02 02:00:00,0,
WGPO,2019-07-02 03:00:00,0,
WGPO,2019-07-02 04:00:00,0,
WGPO,2019-07-02 05:00:00,0,
WGPO,2019-07-02 06:00:00,0,
WGPO,2019-07-02 07:00:00,0,
WGPO,2019-07-02 08:00:00,0,
WGPO,2019-07-02 09:00:00,0,
WGPO,2019-07-02 10:00:00,0,
WGPO,2019-07-02 11:00:00,0,
WGPO,2019-07-02 12:00:00,0,
WGPO,2019-07-02 13:00:00,0,
WGPO,2019-07-02 14:00:00,0,
WGPO,2019-07-02 15:00:00,0,
WGPO,2019-07-02 16:00:00,0,
WGPO,2019-07-02 17:00:00,0,
WGPO,2019-07-02 18:00:00,0,
WGPO,2019-07-02 19:00:00,0,
WGPO,2019-07-02 20:00:00,0,
WGPO,2019-07-02 21:00:00,0,
WGPO,2019-07-02 22:00:00,0,
WGPO,2019-07-02 23:00:00,0,
WGPO,2019-07-03 00:00:00,0,
WGPO,2019-07-03 01:00:00,0,
WGPO,2019-07-03 02:00:00,0,
WGPO,2019-07-03 03:00:00,0,
WGPO,2019-07-03 04:00:00,0,
WGPO,2019-07-03 05:00:00,0,
WGPO,2019-07-03 06:00:00,0,
WGPO,2019-07-03 07:00:00,0,
WGPO,2019-07-03 08:00:00,0,
WGPO,2019-07-03 09:00:00,0,
WGPO,2019-07-03 10:00:00,0,
WGPO,2019-07-03 11:00:00,0,
WGPO,2019-07-03 12:00:00,0,
WGPO,2019-07-03 13:00:00,0,
WGPO,2019-07-03 14:00:00,0,
WGPO,2019-07-03 15:00:00,0,
WGPO,2019-07-03 16:00:00,0,
WGPO,2019-07-03 17:00:00,0,
WGPO,2019-07-03 18:00:00,0,
WGPO,2019-07-03 19:00:00,0,
WGPO,2019-07-03 20:00:00,0,
WGPO,2019-07-03 21:00:00,0,
WGPO,2019-07-03 22:00:00,0,
WGPO,2019-07-03 23:00:00,0,
WGPO,2019-07-04 00:00:00,0,
WGPO,2019-07-04 01:00:00,0,
WGPO,2019-07-04 02:00:00,0,
WGPO,2019-07-04 03:00:00,0,
WGPO,2019-07-04 04:00:00,0,
WGPO,2019-07-04 05:00:00,0,
WGPO,2019-07-04 06:00:00,0,
WGPO,2019-07-04 07:00:00,0,
WGPO,2019-07-04 08:00:00,0,
WGPO,2019-07-04 09:00:00,0,
WGPO,2019-07-04 10:00:00,0,
WGPO,2019-07-04 11:00:00,0,
WGPO,2019-07-04 12:00:00,0,
WGPO,2019-07-04 13:00:00,0,
WGPO,2019-07-04 14:00:00,0,
WGPO,2019-07-04 15:00:00,0,
WGPO,2019-07-04 16:00:00,0,
WGPO,2019-07-04 17:00:00,0,
WGPO,2019-07-04 18:00:00,0,
WGPO,2019-07-04 19:00:00,0,
WGPO,2019-07-04 20:00:00,0,
WGPO,2019-07-04 21:00:00,0,
WGPO,2019-07-04 22:00:00,0,
WGPO,2019-07-04 23:00:00,0,
WGPO,2019-07-05 00:00:00,0,
WGPO,2019-07-05 01:00:00,0,
WGPO,2019-07-05 02:00:00,0,
WGPO,2019-07-05 03:00:00,0,
WGPO,2019-07-05 04:00:00,0,
WGPO,2019-07-05 05:00:00,0,
WGPO,2019-07-05 06:00:00,0,
WGPO,2019-07-05 07:00:00,0,
WGPO,2019-07-05 08:00:00,0,
WGPO,2019-07-05 09:00:00,0,
WGPO,2019-07-05 10:00:00,0,
WGPO,2019-07-05 11:00:00,-999,
WGPO,2019-07-05 12:00:00,0,
WGPO,2019-07-05 13:00:00,0,
WGPO,2019-07-05 14:00:00,0,
WGPO,2019-07-05 15:00:00,-999,
WGPO,2019-07-05 16:00:00,-999,
WGPO,2019-07-05 17:00:00,-999,
WGPO,2019-07-05 18:00:00,0,
WGPO,2019-07-05 19:00:00,0,
WGPO,2019-07-05 20:00:00,0,
WGPO,2019-07-05 21:00:00,0,
WGPO,2019-07-05 22:00:00,0,
WGPO,2019-07-05 23:00:00,0,
WGPO,2019-07-06 00:00:00,0,
WGPO,2019-07-06 01:00:00,0,
WGPO,2019-07-06 02:00:00,0,
WGPO,2019-07-06 03:00:00,0,
WGPO,2019-07-06 04:00:00,0,
WGPO,2019-07-06 05:00:00,0,
WGPO,2019-07-06 06:00:00,0,
WGPO,2019-07-06 07:00:00,0,
WGPO,2019-07-06 08:00:00,0,
WGPO,2019-07-06 09:00:00,0,
WGPO,2019-07-06 10:00:00,0,
WGPO,2019-07-06 11:00:00,0,
WGPO,2019-07-06 12:00:00,0,
WGPO,2019-07-06 13:00:00,0,
WGPO,2019-07-06 14:00:00,0,
WGPO,2019-07-06 15:00:00,0,
WGPO,2019-07-06 16:00:00,0,
WGPO,2019-07-06 17:00:00,0,
WGPO,2019-07-06 18:00:00,0,
WGPO,2019-07-06 19:00:00,0,
WGPO,2019-07-06 20:00:00,0,
WGPO,2019-07-06 21:00:00,0,
WGPO,2019-07-06 22:00:00,0,
WGPO,2019-07-06 23:00:00,0,
WGPO,2019-07-07 00:00:00,0,
WGPO,2019-07-07 01:00:00,0,
WGPO,2019-07-07 02:00:00,0,
WGPO,2019-07-07 03:00:00,0,
WGPO,2019-07-07 04:00:00,0,
WGPO,2019-07-07 05:00:00,0,
WGPO,2019-07-07 06:00:00,0,
WGPO,2019-07-07 07:00:00,0,
WGPO,2019-07-07 08:00:00,0,
WGPO,2019-07-07 09:00:00,0,
WGPO,2019-07-07 10:00:00,0,
WGPO,2019-07-07 11:00:00,0,
WGPO,2019-07-07 12:00:00,0,
WGPO,2019-07-07 13:00:00,0,
WGPO,2019-07-07 14:00:00,0,
WGPO,2019-07-07 15:00:00,0,
WGPO,2019-07-07 16:00:00,0,
WGPO,2019-07-07 17:00:00,0,
WGPO,2019-07-07 18:00:00,0,
WGPO,2019-07-07 19:00:00,0,
WGPO,2019-07-07 20:00:00,0,
WGPO,2019-07-07 21:00:00,0,
WGPO,2019-07-07 22:00:00,0,
WGPO,2019-07-07 23:00:00,0,
WGPO,2019-07-08 00:00:00,0,
WGPO,2019-07-08 01:00:00,0,
WGPO,2019-07-08 02:00:00,0,
WGPO,2019-07-08 03:00:00,0,
WGPO,2019-07-08 04:00:00,0,
WGPO,2019-07-08 05:00:00,0,
WGPO,2019-07-08 06:00:00,0,
WGPO,2019-07-08 07:00:00,0,
WGPO,2019-07-08 08:00:00,0,
WGPO,2019-07-08 09:00:00,0,
WGPO,2019-07-08 10:00:00,0,
WGPO,2019-07-08 11:00:00,0,
WGPO,2019-07-08 12:00:00,0,
WGPO,2019-07-08 13:00:00,0,
WGPO,2019-07-08 14:00:00,0,
WGPO,2019-07-08 15:00:00,0,
WGPO,2019-07-08 16:00:00,0,
WGPO,2019-07-08 17:00:00,0,
WGPO,2019-07-08 18:00:00,0,
WGPO,2019-07-08 19:00:00,0,
WGPO,2019-07-08 20:00:00,0,
WGPO,2019-07-08 21:00:00,0,
WGPO,2019-07-08 22:00:00,0,
WGPO,2019-07-08 23:00:00,0,
WGPO,2019-07-09 00:00:00,0,
WGPO,2019-07-09 01:00:00,0,
WGPO,2019-07-09 02:00:00,0,
WGPO,2019-07-09 03:00:00,0,
WGPO,2019-07-09 04:00:00,0,
WGPO,2019-07-09 05:00:00,0,
WGPO,2019-07-09 06:00:00,0,
WGPO,2019-07-09 07:00:00,0,
WGPO,2019-07-09 08:00:00,0,
WGPO,2019-07-09 09:00:00,0,
WGPO,2019-07-09 10:00:00,0,
WGPO,2019-07-09 11:00:00,0,
WGPO,2019-07-09 12:00:00,0,
WGPO,2019-07-09 13:00:00,0,
WGPO,2019-07-09 14:00:00,0,
WGPO,2019-07-09 15:00:00,0,
WGPO,2019-07-09 16:00:00,0,
WGPO,2019-07-09 17:00:00,0,
WGPO,2019-07-09 18:00:00,0,
WGPO,2019-07-09 19:00:00,0,
WGPO,2019-07-09 20:00:00,0,
WGPO,2019-07-09 21:00:00,0,
WGPO,2019-07-09 22:00:00,0,
WGPO,2019-07-09 23:00:00,0,
WGPO,2019-07-10 00:00:00,0,
WGPO,2019-07-10 01:00:00,0,
WGPO,2019-07-10 02:00:00,0,
WGPO,2019-07-10 03:00:00,0,
WGPO,2019-07-10 04:00:00,0,
WGPO,2019-07-10 05:00:00,0,
WGPO,2019-07-10 06:00:00,0,
WGPO,2019-07-10 07:00:00,0,
WGPO,2019-07-10 08:00:00,0,
WGPO,2019-07-10 09:00:00,0,
WGPO,2019-07-10 10:00:00,0,
WGPO,2019-07-10 11:00:00,0,
WGPO,2019-07-10 12:00:00,0,
WGPO,2019-07-10 13:00:00,0,
WGPO,2019-07-10 14:00:00,0,
WGPO,2019-07-10 15:00:00,0,
WGPO,2019-07-10 16:00:00,0,
WGPO,2019-07-10 17:00:00,0,
WGPO,2019-07-10 18:00:00,0,
WGPO,2019-07-10 19:00:00,0,
WGPO,2019-07-10 20:00:00,0,
WGPO,2019-07-10 21:00:00,0,
WGPO,2019-07-10 22:00:00,0,
WGPO,2019-07-10 23:00:00,0,
WGPO,2019-07-11 00:00:00,0,
WGPO,2019-07-11 01:00:00,0,
WGPO,2019-07-11 02:00:00,0,
WGPO,2019-07-11 03:00:00,0,
WGPO,2019-07-11 04:00:00,0,
WGPO,2019-07-11 05:00:00,0,
WGPO,2019-07-11 06:00:00,0,
WGPO,2019-07-11 07:00:00,0,
WGPO,2019-07-11 08:00:00,0,
WGPO,2019-07-11 09:00:00,0,
WGPO,2019-07-11 10:00:00,0,
WGPO,2019-07-11 11:00:00,0,
WGPO,2019-07-11 12:00:00,0,
WGPO,2019-07-11 13:00:00,0,
WGPO,2019-07-11 14:00:00,0,
WGPO,2019-07-11 15:00:00,0,
WGPO,2019-07-11 16:00:00,-999,
WGPO,2019-07-11 17:00:00,0.6,
WGPO,2019-07-11 18:00:00,0,
WGPO,2019-07-11 19:00:00,0,
WGPO,2019-07-11 20:00:00,0,
WGPO,2019-07-11 21:00:00,0,
WGPO,2019-07-11 22:00:00,0,
WGPO,2019-07-11 23:00:00,0,
WGPO,2019-07-12 00:00:00,0,
WGPO,2019-07-12 01:00:00,0,
WGPO,2019-07-12 02:00:00,0,
WGPO,2019-07-12 03:00:00,0,
WGPO,2019-07-12 04:00:00,0,
WGPO,2019-07-12 05:00:00,0,
WGPO,2019-07-12 06:00:00,0,
WGPO,2019-07-12 07:00:00,0,
WGPO,2019-07-12 08:00:00,0,
WGPO,2019-07-12 09:00:00,0,
WGPO,2019-07-12 10:00:00,0,
WGPO,2019-07-12 11:00:00,0,
WGPO,2019-07-12 12:00:00,0,
WGPO,2019-07-12 13:00:00,0,
WGPO,2019-07-12 14:00:00,0,
WGPO,2019-07-12 15:00:00,0,
WGPO,2019-07-12 16:00:00,0,
WGPO,2019-07-12 17:00:00,0,
WGPO,2019-07-12 18:00:00,0,
WGPO,2019-07-12 19:00:00,0,
WGPO,2019-07-12 20:00:00,0,
WGPO,2019-07-12 21:00:00,0,
WGPO,2019-07-12 22:00:00,0,
WGPO,2019-07-12 23:00:00,0,
WGPO,2019-07-13 00:00:00,0,
WGPO,2019-07-13 01:00:00,0,
WGPO,2019-07-13 02:00:00,0,
WGPO,2019-07-13 03:00:00,0,
WGPO,2019-07-13 04:00:00,0,
WGPO,2019-07-13 05:00:00,0,
WGPO,2019-07-13 06:00:00,0,
WGPO,2019-07-13 07:00:00,0,
WGPO,2019-07-13 08:00:00,0,
WGPO,2019-07-13 09:00:00,0,
WGPO,2019-07-13 10:00:00,0,
WGPO,2019-07-13 11:00:00,0,
WGPO,2019-07-13 12:00:00,0,
WGPO,2019-07-13 13:00:00,0,
WGPO,2019-07-13 14:00:00,0,
WGPO,2019-07-13 15:00:00,0,
WGPO,2019-07-13 16:00:00,0,
WGPO,2019-07-13 17:00:00,0,
WGPO,2019-07-13 18:00:00,0,
WGPO,2019-07-13 19:00:00,0,
WGPO,2019-07-13 20:00:00,0,
WGPO,2019-07-13 21:00:00,0,
WGPO,2019-07-13 22:00:00,0,
WGPO,2019-07-13 23:00:00,0,
WGPO,2019-07-14 00:00:00,2,
WGPO,2019-07-14 01:00:00,2.8,
WGPO,2019-07-14 02:00:00,0,
WGPO,2019-07-14 03:00:00,0,
WGPO,2019-07-14 04:00:00,0.2,
WGPO,2019-07-14 05:00:00,0,
WGPO,2019-07-14 06:00:00,0,
WGPO,2019-07-14 07:00:00,0,
WGPO,2019-07-14 08:00:00,0,
WGPO,2019-07-14 09:00:00,0,
WGPO,2019-07-14 10:00:00,0,
WGPO,2019-07-14 11:00:00,0,
WGPO,2019-07-14 12:00:00,0,
WGPO,2019-07-14 13:00:00,0,
WGPO,2019-07-14 14:00:00,0,
WGPO,2019-07-14 15:00:00,0,
WGPO,2019-07-14 16:00:00,0,
WGPO,2019-07-14 17:00:00,0,
WGPO,2019-07-14 18:00:00,0,
WGPO,2019-07-14 19:00:00,0,
WGPO,2019-07-14 20:00:00,0,
WGPO,2019-07-14 21:00:00,0,
WGPO,2019-07-14 22:00:00,0,
WGPO,2019-07-14 23:00:00,0,
WGPO,2019-07-15 00:00:00,0,
WGPO,2019-07-15 01:00:00,0,
WGPO,2019-07-15 02:00:00,0,
WGPO,2019-07-15 03:00:00,0,
WGPO,2019-07-15 04:00:00,0,
WGPO,2019-07-15 05:00:00,0,
WGPO,2019-07-15 06:00:00,0,
WGPO,2019-07-15 07:00:00,0,
WGPO,2019-07-15 08:00:00,0,
WGPO,2019-07-15 09:00:00,0,
WGPO,2019-07-15 10:00:00,0,
WGPO,2019-07-15 11:00:00,0,
WGPO,2019-07-15 12:00:00,0,
WGPO,2019-07-15 13:00:00,0,
WGPO,2019-07-15 14:00:00,0,
WGPO,2019-07-15 15:00:00,0,
WGPO,2019-07-15 16:00:00,0,
WGPO,2019-07-15 17:00:00,0,
WGPO,2019-07-15 18:00:00,0,
WGPO,2019-07-15 19:00:00,0,
WGPO,2019-07-15 20:00:00,0,
WGPO,2019-07-15 21:00:00,0,
WGPO,2019-07-15 22:00:00,0,
WGPO,2019-07-15 23:00:00,0,
WGPO,2019-07-16 00:00:00,0,
WGPO,2019-07-16 01:00:00,0,
WGPO,2019-07-16 02:00:00,0,
WGPO,2019-07-16 03:00:00,0,
WGPO,2019-07-16 04:00:00,0,
WGPO,2019-07-16 05:00:00,0,
WGPO,2019-07-16 06:00:00,0,
WGPO,2019-07-16 07:00:00,0,
WGPO,2019-07-16 08:00:00,0,
WGPO,2019-07-16 09:00:00,0,
WGPO,2019-07-16 10:00:00,0,
WGPO,2019-07-16 11:00:00,0,
WGPO,2019-07-16 12:00:00,0,
WGPO,2019-07-16 13:00:00,0,
WGPO,2019-07-16 14:00:00,0,
WGPO,2019-07-16 15:00:00,0,
WGPO,2019-07-16 16:00:00,0,
WGPO,2019-07-16 17:00:00,0,
WGPO,2019-07-16 18:00:00,0,
WGPO,2019-07-16 19:00:00,0,
WGPO,2019-07-16 20:00:00,0,
WGPO,2019-07-16 21:00:00,0,
WGPO,2019-07-16 22:00:00,0,
WGPO,2019-07-16 23:00:00,0,
WGPO,2019-07-17 00:00:00,0,
WGPO,2019-07-17 01:00:00,0,
WGPO,2019-07-17 02:00:00,0,
WGPO,2019-07-17 03:00:00,0,
WGPO,2019-07-17 04:00:00,0,
WGPO,2019-07-17 05:00:00,0,
WGPO,2019-07-17 06:00:00,0,
WGPO,2019-07-17 07:00:00,0,
WGPO,2019-07-17 08:00:00,0,
WGPO,2019-07-17 09:00:00,0,
WGPO,2019-07-17 10:00:00,0,
WGPO,2019-07-17 11:00:00,0,
WGPO,2019-07-17 12:00:00,0,
WGPO,2019-07-17 13:00:00,0,
WGPO,2019-07-17 14:00:00,0,
WGPO,2019-07-17 15:00:00,0,
WGPO,2019-07-17 16:00:00,0,
WGPO,2019-07-17 17:00:00,0,
WGPO,2019-07-17 18:00:00,0,
WGPO,2019-07-17 19:00:00,0,
WGPO,2019-07-17 20:00:00,0,
WGPO,2019-07-17 21:00:00,0,
WGPO,2019-07-17 22:00:00,0,
WGPO,2019-07-17 23:00:00,0,
WGPO,2019-07-18 00:00:00,0,
WGPO,2019-07-18 01:00:00,0,
WGPO,2019-07-18 02:00:00,0,
WGPO,2019-07-18 03:00:00,0,
WGPO,2019-07-18 04:00:00,0,
WGPO,2019-07-18 05:00:00,0,
WGPO,2019-07-18 06:00:00,0,
WGPO,2019-07-18 07:00:00,0,
WGPO,2019-07-18 08:00:00,0,
WGPO,2019-07-18 09:00:00,0,
WGPO,2019-07-18 10:00:00,0,
WGPO,2019-07-18 11:00:00,0,
WGPO,2019-07-18 12:00:00,0,
WGPO,2019-07-18 13:00:00,0,
WGPO,2019-07-18 14:00:00,0,
WGPO,2019-07-18 15:00:00,0,
WGPO,2019-07-18 16:00:00,0,
WGPO,2019-07-18 17:00:00,0,
WGPO,2019-07-18 18:00:00,0,
WGPO,2019-07-18 19:00:00,0,
WGPO,2019-07-18 20:00:00,0,
WGPO,2019-07-18 21:00:00,0,
WGPO,2019-07-18 22:00:00,-999,
WGPO,2019-07-18 23:00:00,0,
WGPO,2019-07-19 00:00:00,0,
WGPO,2019-07-19 01:00:00,0,
WGPO,2019-07-19 02:00:00,0,
WGPO,2019-07-19 03:00:00,0,
WGPO,2019-07-19 04:00:00,0,
WGPO,2019-07-19 05:00:00,0,
WGPO,2019-07-19 06:00:00,0,
WGPO,2019-07-19 07:00:00,0,
WGPO,2019-07-19 08:00:00,0,
WGPO,2019-07-19 09:00:00,0,
WGPO,2019-07-19 10:00:00,0,
WGPO,2019-07-19 11:00:00,0,
WGPO,2019-07-19 12:00:00,0,
WGPO,2019-07-19 13:00:00,0,
WGPO,2019-07-19 14:00:00,0,
WGPO,2019-07-19 15:00:00,0,
WGPO,2019-07-19 16:00:00,0,
WGPO,2019-07-19 17:00:00,0,
WGPO,2019-07-19 18:00:00,0,
WGPO,2019-07-19 19:00:00,0,
WGPO,2019-07-19 20:00:00,0,
WGPO,2019-07-19 21:00:00,0,
WGPO,2019-07-19 22:00:00,0,
WGPO,2019-07-19 23:00:00,0,
WGPO,2019-07-20 00:00:00,0,
WGPO,2019-07-20 01:00:00,0,
WGPO,2019-07-20 02:00:00,0,
WGPO,2019-07-20 03:00:00,0,
WGPO,2019-07-20 04:00:00,0,
WGPO,2019-07-20 05:00:00,0,
WGPO,2019-07-20 06:00:00,0,
WGPO,2019-07-20 07:00:00,0,
WGPO,2019-07-20 08:00:00,0,
WGPO,2019-07-20 09:00:00,0,
WGPO,2019-07-20 10:00:00,0,
WGPO,2019-07-20 11:00:00,0,
WGPO,2019-07-20 12:00:00,0,
WGPO,2019-07-20 13:00:00,0,
WGPO,2019-07-20 14:00:00,0,
WGPO,2019-07-20 15:00:00,0,
WGPO,2019-07-20 16:00:00,0,
WGPO,2019-07-20 17:00:00,0,
WGPO,2019-07-20 18:00:00,0,
WGPO,2019-07-20 19:00:00,0,
WGPO,2019-07-20 20:00:00,0,
WGPO,2019-07-20 21:00:00,0,
WGPO,2019-07-20 22:00:00,0,
WGPO,2019-07-20 23:00:00,0,
WGPO,2019-07-21 00:00:00,0,
WGPO,2019-07-21 01:00:00,0,
WGPO,2019-07-21 02:00:00,0,
WGPO,2019-07-21 03:00:00,0,
WGPO,2019-07-21 04:00:00,0,
WGPO,2019-07-21 05:00:00,0,
WGPO,2019-07-21 06:00:00,0,
WGPO,2019-07-21 07:00:00,0,
WGPO,2019-07-21 08:00:00,0,
WGPO,2019-07-21 09:00:00,0,
WGPO,2019-07-21 10:00:00,0,
WGPO,2019-07-21 11:00:00,0,
WGPO,2019-07-21 12:00:00,0,
WGPO,2019-07-21 13:00:00,0,
WGPO,2019-07-21 14:00:00,0,
WGPO,2019-07-21 15:00:00,0,
WGPO,2019-07-21 16:00:00,0,
WGPO,2019-07-21 17:00:00,0,
WGPO,2019-07-21 18:00:00,0,
WGPO,2019-07-21 19:00:00,0,
WGPO,2019-07-21 20:00:00,0.4,
WGPO,2019-07-21 21:00:00,0.2,
WGPO,2019-07-21 22:00:00,0,
WGPO,2019-07-21 23:00:00,0,
WGPO,2019-07-22 00:00:00,0,
WGPO,2019-07-22 01:00:00,0,
WGPO,2019-07-22 02:00:00,0,
WGPO,2019-07-22 03:00:00,0,
WGPO,2019-07-22 04:00:00,0,
WGPO,2019-07-22 05:00:00,0,
WGPO,2019-07-22 06:00:00,0,
WGPO,2019-07-22 07:00:00,0,
WGPO,2019-07-22 08:00:00,0,
WGPO,2019-07-22 09:00:00,0,
WGPO,2019-07-22 10:00:00,0,
WGPO,2019-07-22 11:00:00,0,
WGPO,2019-07-22 12:00:00,0,
WGPO,2019-07-22 13:00:00,0,
WGPO,2019-07-22 14:00:00,0,
WGPO,2019-07-22 15:00:00,0,
WGPO,2019-07-22 16:00:00,0,
WGPO,2019-07-22 17:00:00,0,
WGPO,2019-07-22 18:00:00,0,
WGPO,2019-07-22 19:00:00,0,
WGPO,2019-07-22 20:00:00,0,
WGPO,2019-07-22 21:00:00,0,
WGPO,2019-07-22 22:00:00,0,
WGPO,2019-07-22 23:00:00,0,
WGPO,2019-07-23 00:00:00,0,
WGPO,2019-07-23 01:00:00,0.4,
WGPO,2019-07-23 02:00:00,0.2,
WGPO,2019-07-23 03:00:00,0,
WGPO,2019-07-23 04:00:00,0,
WGPO,2019-07-23 05:00:00,0,
WGPO,2019-07-23 06:00:00,0,
WGPO,2019-07-23 07:00:00,0,
WGPO,2019-07-23 08:00:00,0,
WGPO,2019-07-23 09:00:00,0,
WGPO,2019-07-23 10:00:00,0,
WGPO,2019-07-23 11:00:00,0,
WGPO,2019-07-23 12:00:00,0,
WGPO,2019-07-23 13:00:00,0,
WGPO,2019-07-23 14:00:00,0,
WGPO,2019-07-23 15:00:00,0,
WGPO,2019-07-23 16:00:00,0,
WGPO,2019-07-23 17:00:00,0,
WGPO,2019-07-23 18:00:00,0,
WGPO,2019-07-23 19:00:00,0,
WGPO,2019-07-23 20:00:00,0,
WGPO,2019-07-23 21:00:00,0,
WGPO,2019-07-23 22:00:00,0,
WGPO,2019-07-23 23:00:00,0,
WGPO,2019-07-24 00:00:00,0,
WGPO,2019-07-24 01:00:00,0,
WGPO,2019-07-24 02:00:00,0,
WGPO,2019-07-24 03:00:00,0,
WGPO,2019-07-24 04:00:00,0,
WGPO,2019-07-24 05:00:00,0,
WGPO,2019-07-24 06:00:00,0,
WGPO,2019-07-24 07:00:00,0,
WGPO,2019-07-24 08:00:00,0,
WGPO,2019-07-24 09:00:00,1.4,
WGPO,2019-07-24 10:00:00,0.2,
WGPO,2019-07-24 11:00:00,0,
WGPO,2019-07-24 12:00:00,0,
WGPO,2019-07-24 13:00:00,0.2,
WGPO,2019-07-24 14:00:00,0,
WGPO,2019-07-24 15:00:00,0,
WGPO,2019-07-24 16:00:00,0.2,
WGPO,2019-07-24 17:00:00,0,
WGPO,2019-07-24 18:00:00,1.2,
WGPO,2019-07-24 19:00:00,0,
WGPO,2019-07-24 20:00:00,0,
WGPO,2019-07-24 21:00:00,0,
WGPO,2019-07-24 22:00:00,0,
WGPO,2019-07-24 23:00:00,0,
WGPO,2019-07-25 00:00:00,0,
WGPO,2019-07-25 01:00:00,0,
WGPO,2019-07-25 02:00:00,0.4,
WGPO,2019-07-25 03:00:00,0,
WGPO,2019-07-25 04:00:00,0.2,
WGPO,2019-07-25 05:00:00,0,
WGPO,2019-07-25 06:00:00,0.2,
WGPO,2019-07-25 07:00:00,0,
WGPO,2019-07-25 08:00:00,0,
WGPO,2019-07-25 09:00:00,0,
WGPO,2019-07-25 10:00:00,0,
WGPO,2019-07-25 11:00:00,0,
WGPO,2019-07-25 12:00:00,0,
WGPO,2019-07-25 13:00:00,0,
WGPO,2019-07-25 14:00:00,0.2,
WGPO,2019-07-25 15:00:00,0,
WGPO,2019-07-25 16:00:00,0,
WGPO,2019-07-25 17:00:00,0,
WGPO,2019-07-25 18:00:00,0,
WGPO,2019-07-25 19:00:00,0,
WGPO,2019-07-25 20:00:00,0,
WGPO,2019-07-25 21:00:00,5.2,
WGPO,2019-07-25 22:00:00,8.2,
WGPO,2019-07-25 23:00:00,3.2,
WGPO,2019-07-26 00:00:00,1.8,
WGPO,2019-07-26 01:00:00,1.4,
WGPO,2019-07-26 02:00:00,1,
WGPO,2019-07-26 03:00:00,0.4,
WGPO,2019-07-26 04:00:00,0.6,
WGPO,2019-07-26 05:00:00,0.4,
WGPO,2019-07-26 06:00:00,0.6,
WGPO,2019-07-26 07:00:00,2,
WGPO,2019-07-26 08:00:00,1.4,
WGPO,2019-07-26 09:00:00,1.4,
WGPO,2019-07-26 10:00:00,1.4,
WGPO,2019-07-26 11:00:00,1.4,
WGPO,2019-07-26 12:00:00,2,
WGPO,2019-07-26 13:00:00,0.2,
WGPO,2019-07-26 14:00:00,0,
WGPO,2019-07-26 15:00:00,0,
WGPO,2019-07-26 16:00:00,0,
WGPO,2019-07-26 17:00:00,0,
WGPO,2019-07-26 18:00:00,0,
WGPO,2019-07-26 19:00:00,0,
WGPO,2019-07-26 20:00:00,0,
WGPO,2019-07-26 21:00:00,0,
WGPO,2019-07-26 22:00:00,0,
WGPO,2019-07-26 23:00:00,0,
WGPO,2019-07-27 00:00:00,0,
WGPO,2019-07-27 01:00:00,0,
WGPO,2019-07-27 02:00:00,0,
WGPO,2019-07-27 03:00:00,0,
WGPO,2019-07-27 04:00:00,0,
WGPO,2019-07-27 05:00:00,0,
WGPO,2019-07-27 06:00:00,0,
WGPO,2019-07-27 07:00:00,0.2,
WGPO,2019-07-27 08:00:00,1.2,
WGPO,2019-07-27 09:00:00,0,
WGPO,2019-07-27 10:00:00,0.2,
WGPO,2019-07-27 11:00:00,0,
WGPO,2019-07-27 12:00:00,0,
WGPO,2019-07-27 13:00:00,0,
WGPO,2019-07-27 14:00:00,0,
WGPO,2019-07-27 15:00:00,0,
WGPO,2019-07-27 16:00:00,0,
WGPO,2019-07-27 17:00:00,0,
WGPO,2019-07-27 18:00:00,0,
WGPO,2019-07-27 19:00:00,0,
WGPO,2019-07-27 20:00:00,0,
WGPO,2019-07-27 21:00:00,0,
WGPO,2019-07-27 22:00:00,0,
WGPO,2019-07-27 23:00:00,0,
WGPO,2019-07-28 00:00:00,0,
WGPO,2019-07-28 01:00:00,0,
WGPO,2019-07-28 02:00:00,0,
WGPO,2019-07-28 03:00:00,0,
WGPO,2019-07-28 04:00:00,0,
WGPO,2019-07-28 05:00:00,0,
WGPO,2019-07-28 06:00:00,0,
WGPO,2019-07-28 07:00:00,0,
WGPO,2019-07-28 08:00:00,0,
WGPO,2019-07-28 09:00:00,0,
WGPO,2019-07-28 10:00:00,0,
WGPO,2019-07-28 11:00:00,0,
WGPO,2019-07-28 12:00:00,0,
WGPO,2019-07-28 13:00:00,0,
WGPO,2019-07-28 14:00:00,0,
WGPO,2019-07-28 15:00:00,0,
WGPO,2019-07-28 16:00:00,0,
WGPO,2019-07-28 17:00:00,0,
WGPO,2019-07-28 18:00:00,0,
WGPO,2019-07-28 19:00:00,0,
WGPO,2019-07-28 20:00:00,0,
WGPO,2019-07-28 21:00:00,0,
WGPO,2019-07-28 22:00:00,0,
WGPO,2019-07-28 23:00:00,0,
WGPO,2019-07-29 00:00:00,0,
WGPO,2019-07-29 01:00:00,0,
WGPO,2019-07-29 02:00:00,0,
WGPO,2019-07-29 03:00:00,0,
WGPO,2019-07-29 04:00:00,0,
WGPO,2019-07-29 05:00:00,0,
WGPO,2019-07-29 06:00:00,0,
WGPO,2019-07-29 07:00:00,0,
WGPO,2019-07-29 08:00:00,0,
WGPO,2019-07-29 09:00:00,0,
WGPO,2019-07-29 10:00:00,0,
WGPO,2019-07-29 11:00:00,0,
WGPO,2019-07-29 12:00:00,0,
WGPO,2019-07-29 13:00:00,0,
WGPO,2019-07-29 14:00:00,0,
WGPO,2019-07-29 15:00:00,0,
WGPO,2019-07-29 16:00:00,0,
WGPO,2019-07-29 17:00:00,0,
WGPO,2019-07-29 18:00:00,0,
WGPO,2019-07-29 19:00:00,0,
WGPO,2019-07-29 20:00:00,0,
WGPO,2019-07-29 21:00:00,0,
WGPO,2019-07-29 22:00:00,0,
WGPO,2019-07-29 23:00:00,0,
WGPO,2019-07-30 00:00:00,0,
WGPO,2019-07-30 01:00:00,0,
WGPO,2019-07-30 02:00:00,0,
WGPO,2019-07-30 03:00:00,0,
WGPO,2019-07-30 04:00:00,0,
WGPO,2019-07-30 05:00:00,0,
WGPO,2019-07-30 06:00:00,0,
WGPO,2019-07-30 07:00:00,0,
WGPO,2019-07-30 08:00:00,0,
WGPO,2019-07-30 09:00:00,0,
WGPO,2019-07-30 10:00:00,0,
WGPO,2019-07-30 11:00:00,0,
WGPO,2019-07-30 12:00:00,0,
WGPO,2019-07-30 13:00:00,0,
WGPO,2019-07-30 14:00:00,0,
WGPO,2019-07-30 15:00:00,0,
WGPO,2019-07-30 16:00:00,0,
WGPO,2019-07-30 17:00:00,0,
WGPO,2019-07-30 18:00:00,0,
WGPO,2019-07-30 19:00:00,0,
WGPO,2019-07-30 20:00:00,0,
WGPO,2019-07-30 21:00:00,7.4,
WGPO,2019-07-30 22:00:00,0,
WGPO,2019-07-30 23:00:00,0,
WGPO,2019-07-31 00:00:00,0,
WGPO,2019-07-31 01:00:00,0,
WGPO,2019-07-31 02:00:00,0,
WGPO,2019-07-31 03:00:00,0,
WGPO,2019-07-31 04:00:00,0,
WGPO,2019-07-31 05:00:00,0,
WGPO,2019-07-31 06:00:00,0,
WGPO,2019-07-31 07:00:00,0,
WGPO,2019-07-31 08:00:00,0,
WGPO,2019-07-31 09:00:00,0.2,
WGPO,2019-07-31 10:00:00,0,
WGPO,2019-07-31 11:00:00,0,
WGPO,2019-07-31 12:00:00,0,
WGPO,2019-07-31 13:00:00,0,
WGPO,2019-07-31 14:00:00,0,
WGPO,2019-07-31 15:00:00,0,
WGPO,2019-07-31 16:00:00,0,
WGPO,2019-07-31 17:00:00,0,
WGPO,2019-07-31 18:00:00,0,
WGPO,2019-07-31 19:00:00,0,
WGPO,2019-07-31 20:00:00,1.6,
WGPO,2019-07-31 21:00:00,29.8,
WGPO,2019-07-31 22:00:00,0,
WGPO,2019-07-31 23:00:00,0,
KWN001,2019-07-01 00:00:00,-999,
KWN001,2019-07-01 01:00:00,0,
KWN001,2019-07-01 02:00:00,0,
KWN001,2019-07-01 03:00:00,0,
KWN001,2019-07-01 04:00:00,0,
KWN001,2019-07-01 05:00:00,0,
KWN001,2019-07-01 06:00:00,0,
KWN001,2019-07-01 07:00:00,0,
KWN001,2019-07-01 08:00:00,0,
KWN001,2019-07-01 09:00:00,0,
KWN001,2019-07-01 10:00:00,0,
KWN001,2019-07-01 11:00:00,0,
KWN001,2019-07-01 12:00:00,0,
KWN001,2019-07-01 13:00:00,0,
KWN001,2019-07-01 14:00:00,0,
KWN001,2019-07-01 15:00:00,0,
KWN001,2019-07-01 16:00:00,0,
KWN001,2019-07-01 17:00:00,0,
KWN001,2019-07-01 18:00:00,0,
KWN001,2019-07-01 19:00:00,0,
KWN001,2019-07-01 20:00:00,0,
KWN001,2019-07-01 21:00:00,0,
KWN001,2019-07-01 22:00:00,0,
KWN001,2019-07-01 23:00:00,0,
KWN001,2019-07-02 00:00:00,-999,
KWN001,2019-07-02 01:00:00,0,
KWN001,2019-07-02 02:00:00,0,
KWN001,2019-07-02 03:00:00,0,
KWN001,2019-07-02 04:00:00,0,
KWN001,2019-07-02 05:00:00,0,
KWN001,2019-07-02 06:00:00,0,
KWN001,2019-07-02 07:00:00,0,
KWN001,2019-07-02 08:00:00,0,
KWN001,2019-07-02 09:00:00,0,
KWN001,2019-07-02 10:00:00,0,
KWN001,2019-07-02 11:00:00,0,
KWN001,2019-07-02 12:00:00,0,
KWN001,2019-07-02 13:00:00,0,
KWN001,2019-07-02 14:00:00,0.2,
KWN001,2019-07-02 15:00:00,0,
KWN001,2019-07-02 16:00:00,0,
KWN001,2019-07-02 17:00:00,0,
KWN001,2019-07-02 18:00:00,0,
KWN001,2019-07-02 19:00:00,0.2,
KWN001,2019-07-02 20:00:00,0,
KWN001,2019-07-02 21:00:00,0,
KWN001,2019-07-02 22:00:00,0,
KWN001,2019-07-02 23:00:00,0,
KWN001,2019-07-03 00:00:00,-999,
KWN001,2019-07-03 01:00:00,0.2,
KWN001,2019-07-03 02:00:00,0,
KWN001,2019-07-03 03:00:00,0.2,
KWN001,2019-07-03 04:00:00,0,
KWN001,2019-07-03 05:00:00,3,
KWN001,2019-07-03 06:00:00,0.6,
KWN001,2019-07-03 07:00:00,0.4,
KWN001,2019-07-03 08:00:00,0,
KWN001,2019-07-03 09:00:00,0.4,
KWN001,2019-07-03 10:00:00,0.2,
KWN001,2019-07-03 11:00:00,1.2,
KWN001,2019-07-03 12:00:00,0.4,
KWN001,2019-07-03 13:00:00,1,
KWN001,2019-07-03 14:00:00,2.6,
KWN001,2019-07-03 15:00:00,0.4,
KWN001,2019-07-03 16:00:00,0,
KWN001,2019-07-03 17:00:00,0,
KWN001,2019-07-03 18:00:00,0,
KWN001,2019-07-03 19:00:00,0,
KWN001,2019-07-03 20:00:00,0,
KWN001,2019-07-03 21:00:00,0,
KWN001,2019-07-03 22:00:00,0,
KWN001,2019-07-03 23:00:00,0,
KWN001,2019-07-04 00:00:00,-999,
KWN001,2019-07-04 01:00:00,0,
KWN001,2019-07-04 02:00:00,0,
KWN001,2019-07-04 03:00:00,0,
KWN001,2019-07-04 04:00:00,0,
KWN001,2019-07-04 05:00:00,0,
KWN001,2019-07-04 06:00:00,0.2,
KWN001,2019-07-04 07:00:00,0,
KWN001,2019-07-04 08:00:00,0,
KWN001,2019-07-04 09:00:00,0,
KWN001,2019-07-04 10:00:00,0,
KWN001,2019-07-04 11:00:00,0,
KWN001,2019-07-04 12:00:00,0,
KWN001,2019-07-04 13:00:00,0,
KWN001,2019-07-04 14:00:00,0,
KWN001,2019-07-04 15:00:00,0,
KWN001,2019-07-04 16:00:00,0,
KWN001,2019-07-04 17:00:00,0,
KWN001,2019-07-04 18:00:00,0,
KWN001,2019-07-04 19:00:00,0,
KWN001,2019-07-04 20:00:00,0,
KWN001,2019-07-04 21:00:00,0,
KWN001,2019-07-04 22:00:00,0,
KWN001,2019-07-04 23:00:00,0,
KWN001,2019-07-05 00:00:00,-999,
KWN001,2019-07-05 01:00:00,0,
KWN001,2019-07-05 02:00:00,0,
KWN001,2019-07-05 03:00:00,0,
KWN001,2019-07-05 04:00:00,0,
KWN001,2019-07-05 05:00:00,0,
KWN001,2019-07-05 06:00:00,0,
KWN001,2019-07-05 07:00:00,0,
KWN001,2019-07-05 08:00:00,0,
KWN001,2019-07-05 09:00:00,0,
KWN001,2019-07-05 10:00:00,0,
KWN001,2019-07-05 11:00:00,0,
KWN001,2019-07-05 12:00:00,0,
KWN001,2019-07-05 13:00:00,0,
KWN001,2019-07-05 14:00:00,0,
KWN001,2019-07-05 15:00:00,0.2,
KWN001,2019-07-05 16:00:00,0,
KWN001,2019-07-05 17:00:00,0,
KWN001,2019-07-05 18:00:00,0,
KWN001,2019-07-05 19:00:00,0,
KWN001,2019-07-05 20:00:00,0,
KWN001,2019-07-05 21:00:00,0,
KWN001,2019-07-05 22:00:00,-999,
KWN001,2019-07-05 23:00:00,-999,
KWN001,2019-07-06 00:00:00,-999,
KWN001,2019-07-06 01:00:00,0,
KWN001,2019-07-06 02:00:00,0,
KWN001,2019-07-06 03:00:00,0,
KWN001,2019-07-06 04:00:00,0,
KWN001,2019-07-06 05:00:00,0,
KWN001,2019-07-06 06:00:00,0,
KWN001,2019-07-06 07:00:00,1,
KWN001,2019-07-06 08:00:00,0,
KWN001,2019-07-06 09:00:00,0,
KWN001,2019-07-06 10:00:00,0,
KWN001,2019-07-06 11:00:00,0,
KWN001,2019-07-06 12:00:00,0,
KWN001,2019-07-06 13:00:00,0,
KWN001,2019-07-06 14:00:00,0,
KWN001,2019-07-06 15:00:00,0,
KWN001,2019-07-06 16:00:00,0,
KWN001,2019-07-06 17:00:00,0,
KWN001,2019-07-06 18:00:00,0,
KWN001,2019-07-06 19:00:00,0,
KWN001,2019-07-06 20:00:00,0,
KWN001,2019-07-06 21:00:00,-999,
KWN001,2019-07-06 22:00:00,-999,
KWN001,2019-07-06 23:00:00,-999,
KWN001,2019-07-07 00:00:00,-999,
KWN001,2019-07-07 01:00:00,0,
KWN001,2019-07-07 02:00:00,0,
KWN001,2019-07-07 03:00:00,0,
KWN001,2019-07-07 04:00:00,0,
KWN001,2019-07-07 05:00:00,0.4,
KWN001,2019-07-07 06:00:00,0,
KWN001,2019-07-07 07:00:00,0,
KWN001,2019-07-07 08:00:00,0,
KWN001,2019-07-07 09:00:00,0,
KWN001,2019-07-07 10:00:00,0,
KWN001,2019-07-07 11:00:00,0,
KWN001,2019-07-07 12:00:00,0,
KWN001,2019-07-07 13:00:00,0,
KWN001,2019-07-07 14:00:00,0,
KWN001,2019-07-07 15:00:00,0,
KWN001,2019-07-07 16:00:00,0,
KWN001,2019-07-07 17:00:00,0,
KWN001,2019-07-07 18:00:00,0,
KWN001,2019-07-07 19:00:00,0,
KWN001,2019-07-07 20:00:00,0,
KWN001,2019-07-07 21:00:00,0,
KWN001,2019-07-07 22:00:00,0,
KWN001,2019-07-07 23:00:00,-999,
KWN001,2019-07-08 00:00:00,-999,
KWN001,2019-07-08 01:00:00,0,
KWN001,2019-07-08 02:00:00,0,
KWN001,2019-07-08 03:00:00,0,
KWN001,2019-07-08 04:00:00,0,
KWN001,2019-07-08 05:00:00,0,
KWN001,2019-07-08 06:00:00,0,
KWN001,2019-07-08 07:00:00,0,
KWN001,2019-07-08 08:00:00,0,
KWN001,2019-07-08 09:00:00,0,
KWN001,2019-07-08 10:00:00,0,
KWN001,2019-07-08 11:00:00,0,
KWN001,2019-07-08 12:00:00,0,
KWN001,2019-07-08 13:00:00,0,
KWN001,2019-07-08 14:00:00,0,
KWN001,2019-07-08 15:00:00,0,
KWN001,2019-07-08 16:00:00,0,
KWN001,2019-07-08 17:00:00,0,
KWN001,2019-07-08 18:00:00,0.6,
KWN001,2019-07-08 19:00:00,-999,
KWN001,2019-07-08 20:00:00,-999,
KWN001,2019-07-08 21:00:00,-999,
KWN001,2019-07-08 22:00:00,-999,
KWN001,2019-07-08 23:00:00,-999,
KWN001,2019-07-09 00:00:00,-999,
KWN001,2019-07-09 01:00:00,0,
KWN001,2019-07-09 02:00:00,0,
KWN001,2019-07-09 03:00:00,0,
KWN001,2019-07-09 04:00:00,0,
KWN001,2019-07-09 05:00:00,0,
KWN001,2019-07-09 06:00:00,0,
KWN001,2019-07-09 07:00:00,0,
KWN001,2019-07-09 08:00:00,0,
KWN001,2019-07-09 09:00:00,0,
KWN001,2019-07-09 10:00:00,0,
KWN001,2019-07-09 11:00:00,0,
KWN001,2019-07-09 12:00:00,0,
KWN001,2019-07-09 13:00:00,0,
KWN001,2019-07-09 14:00:00,0,
KWN001,2019-07-09 15:00:00,0,
KWN001,2019-07-09 16:00:00,0,
KWN001,2019-07-09 17:00:00,0,
KWN001,2019-07-09 18:00:00,0,
KWN001,2019-07-09 19:00:00,0,
KWN001,2019-07-09 20:00:00,0,
KWN001,2019-07-09 21:00:00,-999,
KWN001,2019-07-09 22:00:00,-999,
KWN001,2019-07-09 23:00:00,-999,
KWN001,2019-07-10 00:00:00,-999,
KWN001,2019-07-10 01:00:00,0,
KWN001,2019-07-10 02:00:00,0,
KWN001,2019-07-10 03:00:00,0,
KWN001,2019-07-10 04:00:00,0,
KWN001,2019-07-10 05:00:00,0,
KWN001,2019-07-10 06:00:00,0,
KWN001,2019-07-10 07:00:00,0,
KWN001,2019-07-10 08:00:00,0,
KWN001,2019-07-10 09:00:00,0,
KWN001,2019-07-10 10:00:00,0,
KWN001,2019-07-10 11:00:00,0,
KWN001,2019-07-10 12:00:00,0,
KWN001,2019-07-10 13:00:00,-999,
KWN001,2019-07-10 14:00:00,-999,
KWN001,2019-07-10 15:00:00,-999,
KWN001,2019-07-10 16:00:00,-999,
KWN001,2019-07-10 17:00:00,-999,
KWN001,2019-07-10 18:00:00,-999,
KWN001,2019-07-10 19:00:00,-999,
KWN001,2019-07-10 20:00:00,-999,
KWN001,2019-07-10 21:00:00,-999,
KWN001,2019-07-10 22:00:00,-999,
KWN001,2019-07-10 23:00:00,-999,
KWN001,2019-07-11 00:00:00,-999,
KWN001,2019-07-11 01:00:00,0,
KWN001,2019-07-11 02:00:00,0,
KWN001,2019-07-11 03:00:00,0,
KWN001,2019-07-11 04:00:00,0,
KWN001,2019-07-11 05:00:00,0.6,
KWN001,2019-07-11 06:00:00,0.2,
KWN001,2019-07-11 07:00:00,0,
KWN001,2019-07-11 08:00:00,0,
KWN001,2019-07-11 09:00:00,0,
KWN001,2019-07-11 10:00:00,0,
KWN001,2019-07-11 11:00:00,0,
KWN001,2019-07-11 12:00:00,0,
KWN001,2019-07-11 13:00:00,0,
KWN001,2019-07-11 14:00:00,0,
KWN001,2019-07-11 15:00:00,0,
KWN001,2019-07-11 16:00:00,0,
KWN001,2019-07-11 17:00:00,0,
KWN001,2019-07-11 18:00:00,0,
KWN001,2019-07-11 19:00:00,0,
KWN001,2019-07-11 20:00:00,0,
KWN001,2019-07-11 21:00:00,-999,
KWN001,2019-07-11 22:00:00,-999,
KWN001,2019-07-11 23:00:00,-999,
KWN001,2019-07-12 00:00:00,-999,
KWN001,2019-07-12 01:00:00,0,
KWN001,2019-07-12 02:00:00,0,
KWN001,2019-07-12 03:00:00,0,
KWN001,2019-07-12 04:00:00,-999,
KWN001,2019-07-12 05:00:00,-999,
KWN001,2019-07-12 06:00:00,-999,
KWN001,2019-07-12 07:00:00,-999,
KWN001,2019-07-12 08:00:00,-999,
KWN001,2019-07-12 09:00:00,-999,
KWN001,2019-07-12 10:00:00,-999,
KWN001,2019-07-12 11:00:00,-999,
KWN001,2019-07-12 12:00:00,-999,
KWN001,2019-07-12 13:00:00,0,
KWN001,2019-07-12 14:00:00,0,
KWN001,2019-07-12 15:00:00,0,
KWN001,2019-07-12 16:00:00,-999,
KWN001,2019-07-12 17:00:00,-999,
KWN001,2019-07-12 18:00:00,-999,
KWN001,2019-07-12 19:00:00,0.8,
KWN001,2019-07-12 20:00:00,0,
KWN001,2019-07-12 21:00:00,0,
KWN001,2019-07-12 22:00:00,0,
KWN001,2019-07-12 23:00:00,0,
KWN001,2019-07-13 00:00:00,0,
KWN001,2019-07-13 01:00:00,0,
KWN001,2019-07-13 02:00:00,0,
KWN001,2019-07-13 03:00:00,0,
KWN001,2019-07-13 04:00:00,0,
KWN001,2019-07-13 05:00:00,0,
KWN001,2019-07-13 06:00:00,0,
KWN001,2019-07-13 07:00:00,0,
KWN001,2019-07-13 08:00:00,0,
KWN001,2019-07-13 09:00:00,0.2,
KWN001,2019-07-13 10:00:00,0,
KWN001,2019-07-13 11:00:00,-999,
KWN001,2019-07-13 12:00:00,-999,
KWN001,2019-07-13 13:00:00,-999,
KWN001,2019-07-13 14:00:00,-999,
KWN001,2019-07-13 15:00:00,-999,
KWN001,2019-07-13 16:00:00,-999,
KWN001,2019-07-13 17:00:00,-999,
KWN001,2019-07-13 18:00:00,-999,
KWN001,2019-07-13 19:00:00,-999,
KWN001,2019-07-13 20:00:00,-999,
KWN001,2019-07-13 21:00:00,-999,
KWN001,2019-07-13 22:00:00,-999,
KWN001,2019-07-13 23:00:00,-999,
KWN001,2019-07-14 00:00:00,-999,
KWN001,2019-07-14 01:00:00,-999,
KWN001,2019-07-14 02:00:00,-999,
KWN001,2019-07-14 03:00:00,-999,
KWN001,2019-07-14 04:00:00,-999,
KWN001,2019-07-14 05:00:00,-999,
KWN001,2019-07-14 06:00:00,-999,
KWN001,2019-07-14 07:00:00,-999,
KWN001,2019-07-14 08:00:00,-999,
KWN001,2019-07-14 09:00:00,-999,
KWN001,2019-07-14 10:00:00,-999,
KWN001,2019-07-14 11:00:00,-999,
KWN001,2019-07-14 12:00:00,-999,
KWN001,2019-07-14 13:00:00,-999,
KWN001,2019-07-14 14:00:00,-999,
KWN001,2019-07-14 15:00:00,-999,
KWN001,2019-07-14 16:00:00,-999,
KWN001,2019-07-14 17:00:00,-999,
KWN001,2019-07-14 18:00:00,-999,
KWN001,2019-07-14 19:00:00,-999,
KWN001,2019-07-14 20:00:00,-999,
KWN001,2019-07-14 21:00:00,-999,
KWN001,2019-07-14 22:00:00,-999,
KWN001,2019-07-14 23:00:00,-999,
KWN001,2019-07-15 00:00:00,-999,
KWN001,2019-07-15 01:00:00,-999,
KWN001,2019-07-15 02:00:00,-999,
KWN001,2019-07-15 03:00:00,-999,
KWN001,2019-07-15 04:00:00,-999,
KWN001,2019-07-15 05:00:00,-999,
KWN001,2019-07-15 06:00:00,-999,
KWN001,2019-07-15 07:00:00,0,
KWN001,2019-07-15 08:00:00,-999,
KWN001,2019-07-15 09:00:00,-999,
KWN001,2019-07-15 10:00:00,-999,
KWN001,2019-07-15 11:00:00,-999,
KWN001,2019-07-15 12:00:00,-999,
KWN001,2019-07-15 13:00:00,-999,
KWN001,2019-07-15 14:00:00,-999,
KWN001,2019-07-15 15:00:00,-999,
KWN001,2019-07-15 16:00:00,-999,
KWN001,2019-07-15 17:00:00,-999,
KWN001,2019-07-15 18:00:00,-999,
KWN001,2019-07-15 19:00:00,-999,
KWN001,2019-07-15 20:00:00,-999,
KWN001,2019-07-15 21:00:00,-999,
KWN001,2019-07-15 22:00:00,-999,
KWN001,2019-07-15 23:00:00,-999,
KWN001,2019-07-16 00:00:00,-999,
KWN001,2019-07-16 01:00:00,-999,
KWN001,2019-07-16 02:00:00,-999,
KWN001,2019-07-16 03:00:00,-999,
KWN001,2019-07-16 04:00:00,-999,
KWN001,2019-07-16 05:00:00,-999,
KWN001,2019-07-16 06:00:00,-999,
KWN001,2019-07-16 07:00:00,0,
KWN001,2019-07-16 08:00:00,-999,
KWN001,2019-07-16 09:00:00,-999,
KWN001,2019-07-16 10:00:00,-999,
KWN001,2019-07-16 11:00:00,-999,
KWN001,2019-07-16 12:00:00,-999,
KWN001,2019-07-16 13:00:00,-999,
KWN001,2019-07-16 14:00:00,-999,
KWN001,2019-07-16 15:00:00,-999,
KWN001,2019-07-16 16:00:00,-999,
KWN001,2019-07-16 17:00:00,-999,
KWN001,2019-07-16 18:00:00,-999,
KWN001,2019-07-16 19:00:00,-999,
KWN001,2019-07-16 20:00:00,-999,
KWN001,2019-07-16 21:00:00,-999,
KWN001,2019-07-16 22:00:00,-999,
KWN001,2019-07-16 23:00:00,-999,
KWN001,2019-07-17 00:00:00,-999,
KWN001,2019-07-17 01:00:00,-999,
KWN001,2019-07-17 02:00:00,-999,
KWN001,2019-07-17 03:00:00,-999,
KWN001,2019-07-17 04:00:00,0,
KWN001,2019-07-17 05:00:00,0,
KWN001,2019-07-17 06:00:00,0,
KWN001,2019-07-17 07:00:00,0,
KWN001,2019-07-17 08:00:00,-999,
KWN001,2019-07-17 09:00:00,-999,
KWN001,2019-07-17 10:00:00,-999,
KWN001,2019-07-17 11:00:00,-999,
KWN001,2019-07-17 12:00:00,-999,
KWN001,2019-07-17 13:00:00,-999,
KWN001,2019-07-17 14:00:00,-999,
KWN001,2019-07-17 15:00:00,-999,
KWN001,2019-07-17 16:00:00,-999,
KWN001,2019-07-17 17:00:00,-999,
KWN001,2019-07-17 18:00:00,-999,
KWN001,2019-07-17 19:00:00,-999,
KWN001,2019-07-17 20:00:00,-999,
KWN001,2019-07-17 21:00:00,-999,
KWN001,2019-07-17 22:00:00,-999,
KWN001,2019-07-17 23:00:00,-999,
KWN001,2019-07-18 00:00:00,-999,
KWN001,2019-07-18 01:00:00,0,
KWN001,2019-07-18 02:00:00,0,
KWN001,2019-07-18 03:00:00,0,
KWN001,2019-07-18 04:00:00,0,
KWN001,2019-07-18 05:00:00,0,
KWN001,2019-07-18 06:00:00,0,
KWN001,2019-07-18 07:00:00,0,
KWN001,2019-07-18 08:00:00,0,
KWN001,2019-07-18 09:00:00,0,
KWN001,2019-07-18 10:00:00,-999,
KWN001,2019-07-18 11:00:00,-999,
KWN001,2019-07-18 12:00:00,-999,
KWN001,2019-07-18 13:00:00,-999,
KWN001,2019-07-18 14:00:00,-999,
KWN001,2019-07-18 15:00:00,-999,
KWN001,2019-07-18 16:00:00,-999,
KWN001,2019-07-18 17:00:00,-999,
KWN001,2019-07-18 18:00:00,-999,
KWN001,2019-07-18 19:00:00,-999,
KWN001,2019-07-18 20:00:00,-999,
KWN001,2019-07-18 21:00:00,0,
KWN001,2019-07-18 22:00:00,0,
KWN001,2019-07-18 23:00:00,0,
KWN001,2019-07-19 00:00:00,0,
KWN001,2019-07-19 01:00:00,0,
KWN001,2019-07-19 02:00:00,0,
KWN001,2019-07-19 03:00:00,0,
KWN001,2019-07-19 04:00:00,0,
KWN001,2019-07-19 05:00:00,0,
KWN001,2019-07-19 06:00:00,0,
KWN001,2019-07-19 07:00:00,0,
KWN001,2019-07-19 08:00:00,0,
KWN001,2019-07-19 09:00:00,0,
KWN001,2019-07-19 10:00:00,0,
KWN001,2019-07-19 11:00:00,0,
KWN001,2019-07-19 12:00:00,-999,
KWN001,2019-07-19 13:00:00,-999,
KWN001,2019-07-19 14:00:00,-999,
KWN001,2019-07-19 15:00:00,-999,
KWN001,2019-07-19 16:00:00,-999,
KWN001,2019-07-19 17:00:00,-999,
KWN001,2019-07-19 18:00:00,-999,
KWN001,2019-07-19 19:00:00,-999,
KWN001,2019-07-19 20:00:00,-999,
KWN001,2019-07-19 21:00:00,-999,
KWN001,2019-07-19 22:00:00,-999,
KWN001,2019-07-19 23:00:00,0,
KWN001,2019-07-20 00:00:00,0,
KWN001,2019-07-20 01:00:00,0,
KWN001,2019-07-20 02:00:00,0,
KWN001,2019-07-20 03:00:00,0,
KWN001,2019-07-20 04:00:00,0,
KWN001,2019-07-20 05:00:00,0,
KWN001,2019-07-20 06:00:00,0,
KWN001,2019-07-20 07:00:00,0,
KWN001,2019-07-20 08:00:00,0,
KWN001,2019-07-20 09:00:00,0,
KWN001,2019-07-20 10:00:00,0,
KWN001,2019-07-20 11:00:00,0,
KWN001,2019-07-20 12:00:00,0,
KWN001,2019-07-20 13:00:00,-999,
KWN001,2019-07-20 14:00:00,-999,
KWN001,2019-07-20 15:00:00,-999,
KWN001,2019-07-20 16:00:00,-999,
KWN001,2019-07-20 17:00:00,-999,
KWN001,2019-07-20 18:00:00,-999,
KWN001,2019-07-20 19:00:00,-999,
KWN001,2019-07-20 20:00:00,-999,
KWN001,2019-07-20 21:00:00,-999,
KWN001,2019-07-20 22:00:00,-999,
KWN001,2019-07-20 23:00:00,-999,
KWN001,2019-07-21 00:00:00,-999,
KWN001,2019-07-21 01:00:00,-999,
KWN001,2019-07-21 02:00:00,-999,
KWN001,2019-07-21 03:00:00,-999,
KWN001,2019-07-21 04:00:00,0,
KWN001,2019-07-21 05:00:00,0,
KWN001,2019-07-21 06:00:00,0,
KWN001,2019-07-21 07:00:00,0,
KWN001,2019-07-21 08:00:00,0,
KWN001,2019-07-21 09:00:00,0,
KWN001,2019-07-21 10:00:00,0,
KWN001,2019-07-21 11:00:00,0,
KWN001,2019-07-21 12:00:00,0,
KWN001,2019-07-21 13:00:00,0,
KWN001,2019-07-21 14:00:00,-999,
KWN001,2019-07-21 15:00:00,0,
KWN001,2019-07-21 16:00:00,0,
KWN001,2019-07-21 17:00:00,3.6,
KWN001,2019-07-21 18:00:00,-999,
KWN001,2019-07-21 19:00:00,0,
KWN001,2019-07-21 20:00:00,0,
KWN001,2019-07-21 21:00:00,0,
KWN001,2019-07-21 22:00:00,0,
KWN001,2019-07-21 23:00:00,0,
KWN001,2019-07-22 00:00:00,0,
KWN001,2019-07-22 01:00:00,0,
KWN001,2019-07-22 02:00:00,0,
KWN001,2019-07-22 03:00:00,0,
KWN001,2019-07-22 04:00:00,0,
KWN001,2019-07-22 05:00:00,0,
KWN001,2019-07-22 06:00:00,0,
KWN001,2019-07-22 07:00:00,0,
KWN001,2019-07-22 08:00:00,0,
KWN001,2019-07-22 09:00:00,0,
KWN001,2019-07-22 10:00:00,0,
KWN001,2019-07-22 11:00:00,0,
KWN001,2019-07-22 12:00:00,0,
KWN001,2019-07-22 13:00:00,0,
KWN001,2019-07-22 14:00:00,0,
KWN001,2019-07-22 15:00:00,0,
KWN001,2019-07-22 16:00:00,0,
KWN001,2019-07-22 17:00:00,0,
KWN001,2019-07-22 18:00:00,0,
KWN001,2019-07-22 19:00:00,0,
KWN001,2019-07-22 20:00:00,0,
KWN001,2019-07-22 21:00:00,0,
KWN001,2019-07-22 22:00:00,0,
KWN001,2019-07-22 23:00:00,0,
KWN001,2019-07-23 00:00:00,0,
KWN001,2019-07-23 01:00:00,0,
KWN001,2019-07-23 02:00:00,0,
KWN001,2019-07-23 03:00:00,0,
KWN001,2019-07-23 04:00:00,0,
KWN001,2019-07-23 05:00:00,0,
KWN001,2019-07-23 06:00:00,0,
KWN001,2019-07-23 07:00:00,0,
KWN001,2019-07-23 08:00:00,0,
KWN001,2019-07-23 09:00:00,0,
KWN001,2019-07-23 10:00:00,0,
KWN001,2019-07-23 11:00:00,0,
KWN001,2019-07-23 12:00:00,0,
KWN001,2019-07-23 13:00:00,0,
KWN001,2019-07-23 14:00:00,0,
KWN001,2019-07-23 15:00:00,0,
KWN001,2019-07-23 16:00:00,0,
KWN001,2019-07-23 17:00:00,0,
KWN001,2019-07-23 18:00:00,0,
KWN001,2019-07-23 19:00:00,0,
KWN001,2019-07-23 20:00:00,0,
KWN001,2019-07-23 21:00:00,0,
KWN001,2019-07-23 22:00:00,0,
KWN001,2019-07-23 23:00:00,0,
KWN001,2019-07-24 00:00:00,0.8,
KWN001,2019-07-24 01:00:00,0,
KWN001,2019-07-24 02:00:00,0,
KWN001,2019-07-24 03:00:00,0,
KWN001,2019-07-24 04:00:00,0,
KWN001,2019-07-24 05:00:00,0,
KWN001,2019-07-24 06:00:00,0,
KWN001,2019-07-24 07:00:00,0,
KWN001,2019-07-24 08:00:00,0,
KWN001,2019-07-24 09:00:00,0.2,
KWN001,2019-07-24 10:00:00,0.4,
KWN001,2019-07-24 11:00:00,0,
KWN001,2019-07-24 12:00:00,0,
KWN001,2019-07-24 13:00:00,0,
KWN001,2019-07-24 14:00:00,1.6,
KWN001,2019-07-24 15:00:00,1.2,
KWN001,2019-07-24 16:00:00,0,
KWN001,2019-07-24 17:00:00,0,
KWN001,2019-07-24 18:00:00,0,
KWN001,2019-07-24 19:00:00,0,
KWN001,2019-07-24 20:00:00,0,
KWN001,2019-07-24 21:00:00,0,
KWN001,2019-07-24 22:00:00,0,
KWN001,2019-07-24 23:00:00,0,
KWN001,2019-07-25 00:00:00,0,
KWN001,2019-07-25 01:00:00,0,
KWN001,2019-07-25 02:00:00,0,
KWN001,2019-07-25 03:00:00,1.8,
KWN001,2019-07-25 04:00:00,2,
KWN001,2019-07-25 05:00:00,0,
KWN001,2019-07-25 06:00:00,0.6,
KWN001,2019-07-25 07:00:00,1.4,
KWN001,2019-07-25 08:00:00,4.2,
KWN001,2019-07-25 09:00:00,1.4,
KWN001,2019-07-25 10:00:00,0.2,
KWN001,2019-07-25 11:00:00,0,
KWN001,2019-07-25 12:00:00,0,
KWN001,2019-07-25 13:00:00,0,
KWN001,2019-07-25 14:00:00,0,
KWN001,2019-07-25 15:00:00,0,
KWN001,2019-07-25 16:00:00,1.4,
KWN001,2019-07-25 17:00:00,1.4,
KWN001,2019-07-25 18:00:00,0.4,
KWN001,2019-07-25 19:00:00,0,
KWN001,2019-07-25 20:00:00,2,
KWN001,2019-07-25 21:00:00,2.8,
KWN001,2019-07-25 22:00:00,1.6,
KWN001,2019-07-25 23:00:00,0.4,
KWN001,2019-07-26 00:00:00,0.8,
KWN001,2019-07-26 01:00:00,1.6,
KWN001,2019-07-26 02:00:00,1,
KWN001,2019-07-26 03:00:00,0,
KWN001,2019-07-26 04:00:00,0,
KWN001,2019-07-26 05:00:00,0,
KWN001,2019-07-26 06:00:00,0,
KWN001,2019-07-26 07:00:00,0,
KWN001,2019-07-26 08:00:00,0.2,
KWN001,2019-07-26 09:00:00,0,
KWN001,2019-07-26 10:00:00,0,
KWN001,2019-07-26 11:00:00,0,
KWN001,2019-07-26 12:00:00,0,
KWN001,2019-07-26 13:00:00,0,
KWN001,2019-07-26 14:00:00,0,
KWN001,2019-07-26 15:00:00,0,
KWN001,2019-07-26 16:00:00,0.4,
KWN001,2019-07-26 17:00:00,0,
KWN001,2019-07-26 18:00:00,0,
KWN001,2019-07-26 19:00:00,0,
KWN001,2019-07-26 20:00:00,0,
KWN001,2019-07-26 21:00:00,0,
KWN001,2019-07-26 22:00:00,0,
KWN001,2019-07-26 23:00:00,0,
KWN001,2019-07-27 00:00:00,0,
KWN001,2019-07-27 01:00:00,0,
KWN001,2019-07-27 02:00:00,0,
KWN001,2019-07-27 03:00:00,0,
KWN001,2019-07-27 04:00:00,0,
KWN001,2019-07-27 05:00:00,0,
KWN001,2019-07-27 06:00:00,0,
KWN001,2019-07-27 07:00:00,0,
KWN001,2019-07-27 08:00:00,0,
KWN001,2019-07-27 09:00:00,0,
KWN001,2019-07-27 10:00:00,0,
KWN001,2019-07-27 11:00:00,0,
KWN001,2019-07-27 12:00:00,0,
KWN001,2019-07-27 13:00:00,0,
KWN001,2019-07-27 14:00:00,0,
KWN001,2019-07-27 15:00:00,0,
KWN001,2019-07-27 16:00:00,0,
KWN001,2019-07-27 17:00:00,0,
KWN001,2019-07-27 18:00:00,0,
KWN001,2019-07-27 19:00:00,0,
KWN001,2019-07-27 20:00:00,0,
KWN001,2019-07-27 21:00:00,0,
KWN001,2019-07-27 22:00:00,0,
KWN001,2019-07-27 23:00:00,0,
KWN001,2019-07-28 00:00:00,0,
KWN001,2019-07-28 01:00:00,0,
KWN001,2019-07-28 02:00:00,0,
KWN001,2019-07-28 03:00:00,0,
KWN001,2019-07-28 04:00:00,0,
KWN001,2019-07-28 05:00:00,0,
KWN001,2019-07-28 06:00:00,0,
KWN001,2019-07-28 07:00:00,0,
KWN001,2019-07-28 08:00:00,0,
KWN001,2019-07-28 09:00:00,0,
KWN001,2019-07-28 10:00:00,0,
KWN001,2019-07-28 11:00:00,0,
KWN001,2019-07-28 12:00:00,-999,
KWN001,2019-07-28 13:00:00,0,
KWN001,2019-07-28 14:00:00,0,
KWN001,2019-07-28 15:00:00,-999,
KWN001,2019-07-28 16:00:00,0,
KWN001,2019-07-28 17:00:00,0,
KWN001,2019-07-28 18:00:00,0,
KWN001,2019-07-28 19:00:00,0,
KWN001,2019-07-28 20:00:00,0,
KWN001,2019-07-28 21:00:00,0,
KWN001,2019-07-28 22:00:00,0,
KWN001,2019-07-28 23:00:00,0,
KWN001,2019-07-29 00:00:00,0,
KWN001,2019-07-29 01:00:00,0,
KWN001,2019-07-29 02:00:00,0,
KWN001,2019-07-29 03:00:00,0,
KWN001,2019-07-29 04:00:00,0,
KWN001,2019-07-29 05:00:00,0,
KWN001,2019-07-29 06:00:00,0,
KWN001,2019-07-29 07:00:00,0,
KWN001,2019-07-29 08:00:00,0,
KWN001,2019-07-29 09:00:00,0,
KWN001,2019-07-29 10:00:00,0,
KWN001,2019-07-29 11:00:00,0,
KWN001,2019-07-29 12:00:00,0,
KWN001,2019-07-29 13:00:00,0,
KWN001,2019-07-29 14:00:00,0,
KWN001,2019-07-29 15:00:00,0,
KWN001,2019-07-29 16:00:00,0,
KWN001,2019-07-29 17:00:00,0,
KWN001,2019-07-29 18:00:00,0,
KWN001,2019-07-29 19:00:00,0,
KWN001,2019-07-29 20:00:00,0,
KWN001,2019-07-29 21:00:00,0,
KWN001,2019-07-29 22:00:00,0,
KWN001,2019-07-29 23:00:00,0,
KWN001,2019-07-30 00:00:00,0,
KWN001,2019-07-30 01:00:00,0,
KWN001,2019-07-30 02:00:00,0,
KWN001,2019-07-30 03:00:00,0,
KWN001,2019-07-30 04:00:00,0,
KWN001,2019-07-30 05:00:00,0,
KWN001,2019-07-30 06:00:00,0,
KWN001,2019-07-30 07:00:00,0,
KWN001,2019-07-30 08:00:00,0,
KWN001,2019-07-30 09:00:00,0,
KWN001,2019-07-30 10:00:00,0,
KWN001,2019-07-30 11:00:00,0,
KWN001,2019-07-30 12:00:00,0,
KWN001,2019-07-30 13:00:00,0,
KWN001,2019-07-30 14:00:00,0,
KWN001,2019-07-30 15:00:00,0,
KWN001,2019-07-30 16:00:00,0,
KWN001,2019-07-30 17:00:00,0,
KWN001,2019-07-30 18:00:00,0,
KWN001,2019-07-30 19:00:00,0,
KWN001,2019-07-30 20:00:00,0,
KWN001,2019-07-30 21:00:00,0,
KWN001,2019-07-30 22:00:00,0,
KWN001,2019-07-30 23:00:00,0,
KWN001,2019-07-31 00:00:00,2.4,
KWN001,2019-07-31 01:00:00,0.8,
KWN001,2019-07-31 02:00:00,0,
KWN001,2019-07-31 03:00:00,2.6,
KWN001,2019-07-31 04:00:00,0,
KWN001,2019-07-31 05:00:00,0.2,
KWN001,2019-07-31 06:00:00,0.2,
KWN001,2019-07-31 07:00:00,0.6,
KWN001,2019-07-31 08:00:00,0.6,
KWN001,2019-07-31 09:00:00,0,
KWN001,2019-07-31 10:00:00,0,
KWN001,2019-07-31 11:00:00,0,
KWN001,2019-07-31 12:00:00,0,
KWN001,2019-07-31 13:00:00,0,
KWN001,2019-07-31 14:00:00,0,
KWN001,2019-07-31 15:00:00,0,
KWN001,2019-07-31 16:00:00,0,
KWN001,2019-07-31 17:00:00,0,
KWN001,2019-07-31 18:00:00,0,
KWN001,2019-07-31 19:00:00,0,
KWN001,2019-07-31 20:00:00,0,
KWN001,2019-07-31 21:00:00,0.2,
KWN001,2019-07-31 22:00:00,2.2,
KWN001,2019-07-31 23:00:00,0.6,
NAN002,2019-07-01 00:00:00,0,
NAN002,2019-07-01 01:00:00,0,
NAN002,2019-07-01 02:00:00,0,
NAN002,2019-07-01 03:00:00,0,
NAN002,2019-07-01 04:00:00,0,
NAN002,2019-07-01 05:00:00,0,
NAN002,2019-07-01 06:00:00,0,
NAN002,2019-07-01 07:00:00,0,
NAN002,2019-07-01 08:00:00,0,
NAN002,2019-07-01 09:00:00,0,
NAN002,2019-07-01 10:00:00,0,
NAN002,2019-07-01 11:00:00,0,
NAN002,2019-07-01 12:00:00,0,
NAN002,2019-07-01 13:00:00,0,
NAN002,2019-07-01 14:00:00,0,
NAN002,2019-07-01 15:00:00,0,
NAN002,2019-07-01 16:00:00,0,
NAN002,2019-07-01 17:00:00,0,
NAN002,2019-07-01 18:00:00,0,
NAN002,2019-07-01 19:00:00,2.6,
NAN002,2019-07-01 20:00:00,0.6,
NAN002,2019-07-01 21:00:00,0.2,
NAN002,2019-07-01 22:00:00,0,
NAN002,2019-07-01 23:00:00,0,
NAN002,2019-07-02 00:00:00,0,
NAN002,2019-07-02 01:00:00,0,
NAN002,2019-07-02 02:00:00,0,
NAN002,2019-07-02 03:00:00,0,
NAN002,2019-07-02 04:00:00,0,
NAN002,2019-07-02 05:00:00,0.2,
NAN002,2019-07-02 06:00:00,0.2,
NAN002,2019-07-02 07:00:00,2.4,
NAN002,2019-07-02 08:00:00,0.8,
NAN002,2019-07-02 09:00:00,0,
NAN002,2019-07-02 10:00:00,1.8,
NAN002,2019-07-02 11:00:00,1.4,
NAN002,2019-07-02 12:00:00,0,
NAN002,2019-07-02 13:00:00,0.6,
NAN002,2019-07-02 14:00:00,0.4,
NAN002,2019-07-02 15:00:00,0,
NAN002,2019-07-02 16:00:00,0.2,
NAN002,2019-07-02 17:00:00,0,
NAN002,2019-07-02 18:00:00,0,
NAN002,2019-07-02 19:00:00,0,
NAN002,2019-07-02 20:00:00,0,
NAN002,2019-07-02 21:00:00,0,
NAN002,2019-07-02 22:00:00,0,
NAN002,2019-07-02 23:00:00,0,
NAN002,2019-07-03 00:00:00,0,
NAN002,2019-07-03 01:00:00,0,
NAN002,2019-07-03 02:00:00,0,
NAN002,2019-07-03 03:00:00,0,
NAN002,2019-07-03 04:00:00,0,
NAN002,2019-07-03 05:00:00,0,
NAN002,2019-07-03 06:00:00,0,
NAN002,2019-07-03 07:00:00,0,
NAN002,2019-07-03 08:00:00,0,
NAN002,2019-07-03 09:00:00,0,
NAN002,2019-07-03 10:00:00,0,
NAN002,2019-07-03 11:00:00,0,
NAN002,2019-07-03 12:00:00,0,
NAN002,2019-07-03 13:00:00,0.2,
NAN002,2019-07-03 14:00:00,2.4,
NAN002,2019-07-03 15:00:00,0,
NAN002,2019-07-03 16:00:00,0,
NAN002,2019-07-03 17:00:00,0,
NAN002,2019-07-03 18:00:00,0,
NAN002,2019-07-03 19:00:00,0,
NAN002,2019-07-03 20:00:00,0,
NAN002,2019-07-03 21:00:00,0,
NAN002,2019-07-03 22:00:00,0,
NAN002,2019-07-03 23:00:00,0,
NAN002,2019-07-04 00:00:00,0,
NAN002,2019-07-04 01:00:00,0,
NAN002,2019-07-04 02:00:00,0,
NAN002,2019-07-04 03:00:00,0,
NAN002,2019-07-04 04:00:00,0,
NAN002,2019-07-04 05:00:00,0,
NAN002,2019-07-04 06:00:00,0,
NAN002,2019-07-04 07:00:00,0,
NAN002,2019-07-04 08:00:00,0,
NAN002,2019-07-04 09:00:00,0,
NAN002,2019-07-04 10:00:00,0,
NAN002,2019-07-04 11:00:00,0,
NAN002,2019-07-04 12:00:00,0,
NAN002,2019-07-04 13:00:00,0,
NAN002,2019-07-04 14:00:00,0,
NAN002,2019-07-04 15:00:00,0.2,
NAN002,2019-07-04 16:00:00,0,
NAN002,2019-07-04 17:00:00,0,
NAN002,2019-07-04 18:00:00,0,
NAN002,2019-07-04 19:00:00,0.2,
NAN002,2019-07-04 20:00:00,0,
NAN002,2019-07-04 21:00:00,0,
NAN002,2019-07-04 22:00:00,0,
NAN002,2019-07-04 23:00:00,0,
NAN002,2019-07-05 00:00:00,0,
NAN002,2019-07-05 01:00:00,0,
NAN002,2019-07-05 02:00:00,0,
NAN002,2019-07-05 03:00:00,0,
NAN002,2019-07-05 04:00:00,0,
NAN002,2019-07-05 05:00:00,0,
NAN002,2019-07-05 06:00:00,0,
NAN002,2019-07-05 07:00:00,0,
NAN002,2019-07-05 08:00:00,0,
NAN002,2019-07-05 09:00:00,0,
NAN002,2019-07-05 10:00:00,0,
NAN002,2019-07-05 11:00:00,-999,
NAN002,2019-07-05 12:00:00,0,
NAN002,2019-07-05 13:00:00,0,
NAN002,2019-07-05 14:00:00,0,
NAN002,2019-07-05 15:00:00,-999,
NAN002,2019-07-05 16:00:00,0,
NAN002,2019-07-05 17:00:00,0,
NAN002,2019-07-05 18:00:00,0,
NAN002,2019-07-05 19:00:00,0,
NAN002,2019-07-05 20:00:00,0,
NAN002,2019-07-05 21:00:00,0,
NAN002,2019-07-05 22:00:00,0,
NAN002,2019-07-05 23:00:00,0,
NAN002,2019-07-06 00:00:00,0,
NAN002,2019-07-06 01:00:00,0,
NAN002,2019-07-06 02:00:00,0,
NAN002,2019-07-06 03:00:00,0,
NAN002,2019-07-06 04:00:00,0,
NAN002,2019-07-06 05:00:00,0,
NAN002,2019-07-06 06:00:00,0,
NAN002,2019-07-06 07:00:00,0,
NAN002,2019-07-06 08:00:00,0,
NAN002,2019-07-06 09:00:00,0,
NAN002,2019-07-06 10:00:00,0,
NAN002,2019-07-06 11:00:00,0,
NAN002,2019-07-06 12:00:00,0,
NAN002,2019-07-06 13:00:00,0,
NAN002,2019-07-06 14:00:00,0,
NAN002,2019-07-06 15:00:00,0,
NAN002,2019-07-06 16:00:00,0,
NAN002,2019-07-06 17:00:00,0,
NAN002,2019-07-06 18:00:00,0,
NAN002,2019-07-06 19:00:00,0,
NAN002,2019-07-06 20:00:00,0,
NAN002,2019-07-06 21:00:00,0,
NAN002,2019-07-06 22:00:00,0,
NAN002,2019-07-06 23:00:00,0,
NAN002,2019-07-07 00:00:00,0,
NAN002,2019-07-07 01:00:00,0,
NAN002,2019-07-07 02:00:00,0,
NAN002,2019-07-07 03:00:00,0,
NAN002,2019-07-07 04:00:00,0,
NAN002,2019-07-07 05:00:00,0,
NAN002,2019-07-07 06:00:00,0,
NAN002,2019-07-07 07:00:00,0,
NAN002,2019-07-07 08:00:00,0,
NAN002,2019-07-07 09:00:00,0,
NAN002,2019-07-07 10:00:00,0,
NAN002,2019-07-07 11:00:00,0,
NAN002,2019-07-07 12:00:00,0,
NAN002,2019-07-07 13:00:00,0,
NAN002,2019-07-07 14:00:00,0,
NAN002,2019-07-07 15:00:00,0,
NAN002,2019-07-07 16:00:00,0,
NAN002,2019-07-07 17:00:00,0,
NAN002,2019-07-07 18:00:00,0,
NAN002,2019-07-07 19:00:00,0,
NAN002,2019-07-07 20:00:00,0,
NAN002,2019-07-07 21:00:00,0,
NAN002,2019-07-07 22:00:00,1.2,
NAN002,2019-07-07 23:00:00,0,
NAN002,2019-07-08 00:00:00,0,
NAN002,2019-07-08 01:00:00,0,
NAN002,2019-07-08 02:00:00,0,
NAN002,2019-07-08 03:00:00,0,
NAN002,2019-07-08 04:00:00,0,
NAN002,2019-07-08 05:00:00,0,
NAN002,2019-07-08 06:00:00,0,
NAN002,2019-07-08 07:00:00,0,
NAN002,2019-07-08 08:00:00,0,
NAN002,2019-07-08 09:00:00,0,
NAN002,2019-07-08 10:00:00,0,
NAN002,2019-07-08 11:00:00,0,
NAN002,2019-07-08 12:00:00,0,
NAN002,2019-07-08 13:00:00,0,
NAN002,2019-07-08 14:00:00,0.4,
NAN002,2019-07-08 15:00:00,0,
NAN002,2019-07-08 16:00:00,0,
NAN002,2019-07-08 17:00:00,0,
NAN002,2019-07-08 18:00:00,0,
NAN002,2019-07-08 19:00:00,0,
NAN002,2019-07-08 20:00:00,0,
NAN002,2019-07-08 21:00:00,0,
NAN002,2019-07-08 22:00:00,0,
NAN002,2019-07-08 23:00:00,0,
NAN002,2019-07-09 00:00:00,0,
NAN002,2019-07-09 01:00:00,0,
NAN002,2019-07-09 02:00:00,0,
NAN002,2019-07-09 03:00:00,0,
NAN002,2019-07-09 04:00:00,0,
NAN002,2019-07-09 05:00:00,0,
NAN002,2019-07-09 06:00:00,0,
NAN002,2019-07-09 07:00:00,0,
NAN002,2019-07-09 08:00:00,0,
NAN002,2019-07-09 09:00:00,0,
NAN002,2019-07-09 10:00:00,0,
NAN002,2019-07-09 11:00:00,0,
NAN002,2019-07-09 12:00:00,0,
NAN002,2019-07-09 13:00:00,0,
NAN002,2019-07-09 14:00:00,0,
NAN002,2019-07-09 15:00:00,0,
NAN002,2019-07-09 16:00:00,0,
NAN002,2019-07-09 17:00:00,0,
NAN002,2019-07-09 18:00:00,0,
NAN002,2019-07-09 19:00:00,0,
NAN002,2019-07-09 20:00:00,0,
NAN002,2019-07-09 21:00:00,0,
NAN002,2019-07-09 22:00:00,0,
NAN002,2019-07-09 23:00:00,0,
NAN002,2019-07-10 00:00:00,0,
NAN002,2019-07-10 01:00:00,0,
NAN002,2019-07-10 02:00:00,0,
NAN002,2019-07-10 03:00:00,0,
NAN002,2019-07-10 04:00:00,0,
NAN002,2019-07-10 05:00:00,0,
NAN002,2019-07-10 06:00:00,0,
NAN002,2019-07-10 07:00:00,0,
NAN002,2019-07-10 08:00:00,0,
NAN002,2019-07-10 09:00:00,0,
NAN002,2019-07-10 10:00:00,0,
NAN002,2019-07-10 11:00:00,0,
NAN002,2019-07-10 12:00:00,0,
NAN002,2019-07-10 13:00:00,0,
NAN002,2019-07-10 14:00:00,0,
NAN002,2019-07-10 15:00:00,0,
NAN002,2019-07-10 16:00:00,0,
NAN002,2019-07-10 17:00:00,0,
NAN002,2019-07-10 18:00:00,0,
NAN002,2019-07-10 19:00:00,2.8,
NAN002,2019-07-10 20:00:00,0,
NAN002,2019-07-10 21:00:00,0,
NAN002,2019-07-10 22:00:00,0,
NAN002,2019-07-10 23:00:00,0,
NAN002,2019-07-11 00:00:00,0,
NAN002,2019-07-11 01:00:00,0,
NAN002,2019-07-11 02:00:00,0,
NAN002,2019-07-11 03:00:00,0,
NAN002,2019-07-11 04:00:00,0,
NAN002,2019-07-11 05:00:00,0,
NAN002,2019-07-11 06:00:00,0,
NAN002,2019-07-11 07:00:00,0,
NAN002,2019-07-11 08:00:00,0,
NAN002,2019-07-11 09:00:00,0.2,
NAN002,2019-07-11 10:00:00,0,
NAN002,2019-07-11 11:00:00,0,
NAN002,2019-07-11 12:00:00,0,
NAN002,2019-07-11 13:00:00,0,
NAN002,2019-07-11 14:00:00,0,
NAN002,2019-07-11 15:00:00,0,
NAN002,2019-07-11 16:00:00,0,
NAN002,2019-07-11 17:00:00,0,
NAN002,2019-07-11 18:00:00,0,
NAN002,2019-07-11 19:00:00,0,
NAN002,2019-07-11 20:00:00,0,
NAN002,2019-07-11 21:00:00,0,
NAN002,2019-07-11 22:00:00,0,
NAN002,2019-07-11 23:00:00,0,
NAN002,2019-07-12 00:00:00,0,
NAN002,2019-07-12 01:00:00,0,
NAN002,2019-07-12 02:00:00,0,
NAN002,2019-07-12 03:00:00,0,
NAN002,2019-07-12 04:00:00,0,
NAN002,2019-07-12 05:00:00,0,
NAN002,2019-07-12 06:00:00,0,
NAN002,2019-07-12 07:00:00,0,
NAN002,2019-07-12 08:00:00,0,
NAN002,2019-07-12 09:00:00,0,
NAN002,2019-07-12 10:00:00,0,
NAN002,2019-07-12 11:00:00,0,
NAN002,2019-07-12 12:00:00,0,
NAN002,2019-07-12 13:00:00,0,
NAN002,2019-07-12 14:00:00,0,
NAN002,2019-07-12 15:00:00,0,
NAN002,2019-07-12 16:00:00,0,
NAN002,2019-07-12 17:00:00,0,
NAN002,2019-07-12 18:00:00,0,
NAN002,2019-07-12 19:00:00,0,
NAN002,2019-07-12 20:00:00,0,
NAN002,2019-07-12 21:00:00,0,
NAN002,2019-07-12 22:00:00,0,
NAN002,2019-07-12 23:00:00,0,
NAN002,2019-07-13 00:00:00,0,
NAN002,2019-07-13 01:00:00,0,
NAN002,2019-07-13 02:00:00,0,
NAN002,2019-07-13 03:00:00,0,
NAN002,2019-07-13 04:00:00,0,
NAN002,2019-07-13 05:00:00,0,
NAN002,2019-07-13 06:00:00,0,
NAN002,2019-07-13 07:00:00,0,
NAN002,2019-07-13 08:00:00,0,
NAN002,2019-07-13 09:00:00,0,
NAN002,2019-07-13 10:00:00,0,
NAN002,2019-07-13 11:00:00,0,
NAN002,2019-07-13 12:00:00,0,
NAN002,2019-07-13 13:00:00,0,
NAN002,2019-07-13 14:00:00,0,
NAN002,2019-07-13 15:00:00,0,
NAN002,2019-07-13 16:00:00,0,
NAN002,2019-07-13 17:00:00,0,
NAN002,2019-07-13 18:00:00,0,
NAN002,2019-07-13 19:00:00,0,
NAN002,2019-07-13 20:00:00,0,
NAN002,2019-07-13 21:00:00,0,
NAN002,2019-07-13 22:00:00,0,
NAN002,2019-07-13 23:00:00,0,
NAN002,2019-07-14 00:00:00,0,
NAN002,2019-07-14 01:00:00,0,
NAN002,2019-07-14 02:00:00,0,
NAN002,2019-07-14 03:00:00,0,
NAN002,2019-07-14 04:00:00,0,
NAN002,2019-07-14 05:00:00,0,
NAN002,2019-07-14 06:00:00,0,
NAN002,2019-07-14 07:00:00,0,
NAN002,2019-07-14 08:00:00,0,
NAN002,2019-07-14 09:00:00,0,
NAN002,2019-07-14 10:00:00,0,
NAN002,2019-07-14 11:00:00,0,
NAN002,2019-07-14 12:00:00,0,
NAN002,2019-07-14 13:00:00,0,
NAN002,2019-07-14 14:00:00,0,
NAN002,2019-07-14 15:00:00,0,
NAN002,2019-07-14 16:00:00,1.6,
NAN002,2019-07-14 17:00:00,1.8,
NAN002,2019-07-14 18:00:00,5.4,
NAN002,2019-07-14 19:00:00,0,
NAN002,2019-07-14 20:00:00,0,
NAN002,2019-07-14 21:00:00,0,
NAN002,2019-07-14 22:00:00,0,
NAN002,2019-07-14 23:00:00,0,
NAN002,2019-07-15 00:00:00,0,
NAN002,2019-07-15 01:00:00,0,
NAN002,2019-07-15 02:00:00,0,
NAN002,2019-07-15 03:00:00,0,
NAN002,2019-07-15 04:00:00,0,
NAN002,2019-07-15 05:00:00,0,
NAN002,2019-07-15 06:00:00,0,
NAN002,2019-07-15 07:00:00,0,
NAN002,2019-07-15 08:00:00,0,
NAN002,2019-07-15 09:00:00,0,
NAN002,2019-07-15 10:00:00,0,
NAN002,2019-07-15 11:00:00,0,
NAN002,2019-07-15 12:00:00,0,
NAN002,2019-07-15 13:00:00,0,
NAN002,2019-07-15 14:00:00,0,
NAN002,2019-07-15 15:00:00,0,
NAN002,2019-07-15 16:00:00,0,
NAN002,2019-07-15 17:00:00,0,
NAN002,2019-07-15 18:00:00,-999,
NAN002,2019-07-15 19:00:00,0,
NAN002,2019-07-15 20:00:00,0,
NAN002,2019-07-15 21:00:00,0,
NAN002,2019-07-15 22:00:00,0,
NAN002,2019-07-15 23:00:00,0,
NAN002,2019-07-16 00:00:00,0,
NAN002,2019-07-16 01:00:00,0,
NAN002,2019-07-16 02:00:00,0,
NAN002,2019-07-16 03:00:00,0,
NAN002,2019-07-16 04:00:00,0,
NAN002,2019-07-16 05:00:00,0,
NAN002,2019-07-16 06:00:00,0,
NAN002,2019-07-16 07:00:00,0,
NAN002,2019-07-16 08:00:00,0,
NAN002,2019-07-16 09:00:00,0,
NAN002,2019-07-16 10:00:00,0,
NAN002,2019-07-16 11:00:00,0,
NAN002,2019-07-16 12:00:00,0,
NAN002,2019-07-16 13:00:00,0,
NAN002,2019-07-16 14:00:00,0,
NAN002,2019-07-16 15:00:00,0,
NAN002,2019-07-16 16:00:00,0,
NAN002,2019-07-16 17:00:00,0,
NAN002,2019-07-16 18:00:00,0,
NAN002,2019-07-16 19:00:00,0,
NAN002,2019-07-16 20:00:00,0,
NAN002,2019-07-16 21:00:00,0,
NAN002,2019-07-16 22:00:00,0,
NAN002,2019-07-16 23:00:00,0,
NAN002,2019-07-17 00:00:00,0,
NAN002,2019-07-17 01:00:00,0,
NAN002,2019-07-17 02:00:00,0,
NAN002,2019-07-17 03:00:00,0,
NAN002,2019-07-17 04:00:00,0,
NAN002,2019-07-17 05:00:00,0,
NAN002,2019-07-17 06:00:00,0,
NAN002,2019-07-17 07:00:00,0,
NAN002,2019-07-17 08:00:00,0,
NAN002,2019-07-17 09:00:00,0,
NAN002,2019-07-17 10:00:00,0,
NAN002,2019-07-17 11:00:00,0,
NAN002,2019-07-17 12:00:00,0,
NAN002,2019-07-17 13:00:00,0,
NAN002,2019-07-17 14:00:00,0,
NAN002,2019-07-17 15:00:00,0,
NAN002,2019-07-17 16:00:00,0,
NAN002,2019-07-17 17:00:00,0,
NAN002,2019-07-17 18:00:00,0,
NAN002,2019-07-17 19:00:00,0,
NAN002,2019-07-17 20:00:00,0,
NAN002,2019-07-17 21:00:00,0,
NAN002,2019-07-17 22:00:00,0,
NAN002,2019-07-17 23:00:00,0,
NAN002,2019-07-18 00:00:00,0,
NAN002,2019-07-18 01:00:00,0,
NAN002,2019-07-18 02:00:00,0,
NAN002,2019-07-18 03:00:00,0,
NAN002,2019-07-18 04:00:00,0,
NAN002,2019-07-18 05:00:00,0,
NAN002,2019-07-18 06:00:00,0,
NAN002,2019-07-18 07:00:00,0,
NAN002,2019-07-18 08:00:00,0,
NAN002,2019-07-18 09:00:00,0,
NAN002,2019-07-18 10:00:00,0,
NAN002,2019-07-18 11:00:00,0,
NAN002,2019-07-18 12:00:00,0,
NAN002,2019-07-18 13:00:00,0,
NAN002,2019-07-18 14:00:00,0,
NAN002,2019-07-18 15:00:00,0,
NAN002,2019-07-18 16:00:00,0,
NAN002,2019-07-18 17:00:00,0,
NAN002,2019-07-18 18:00:00,0,
NAN002,2019-07-18 19:00:00,0,
NAN002,2019-07-18 20:00:00,0,
NAN002,2019-07-18 21:00:00,0,
NAN002,2019-07-18 22:00:00,0,
NAN002,2019-07-18 23:00:00,0,
NAN002,2019-07-19 00:00:00,0,
NAN002,2019-07-19 01:00:00,0,
NAN002,2019-07-19 02:00:00,0,
NAN002,2019-07-19 03:00:00,0,
NAN002,2019-07-19 04:00:00,0,
NAN002,2019-07-19 05:00:00,0,
NAN002,2019-07-19 06:00:00,0,
NAN002,2019-07-19 07:00:00,0,
NAN002,2019-07-19 08:00:00,0,
NAN002,2019-07-19 09:00:00,0,
NAN002,2019-07-19 10:00:00,0,
NAN002,2019-07-19 11:00:00,0,
NAN002,2019-07-19 12:00:00,0,
NAN002,2019-07-19 13:00:00,0,
NAN002,2019-07-19 14:00:00,0,
NAN002,2019-07-19 15:00:00,0,
NAN002,2019-07-19 16:00:00,0,
NAN002,2019-07-19 17:00:00,0,
NAN002,2019-07-19 18:00:00,0,
NAN002,2019-07-19 19:00:00,0,
NAN002,2019-07-19 20:00:00,0,
NAN002,2019-07-19 21:00:00,0,
NAN002,2019-07-19 22:00:00,0,
NAN002,2019-07-19 23:00:00,0,
NAN002,2019-07-20 00:00:00,0,
NAN002,2019-07-20 01:00:00,0,
NAN002,2019-07-20 02:00:00,0,
NAN002,2019-07-20 03:00:00,0,
NAN002,2019-07-20 04:00:00,0,
NAN002,2019-07-20 05:00:00,0,
NAN002,2019-07-20 06:00:00,0,
NAN002,2019-07-20 07:00:00,0,
NAN002,2019-07-20 08:00:00,0,
NAN002,2019-07-20 09:00:00,0,
NAN002,2019-07-20 10:00:00,0,
NAN002,2019-07-20 11:00:00,0,
NAN002,2019-07-20 12:00:00,0,
NAN002,2019-07-20 13:00:00,0,
NAN002,2019-07-20 14:00:00,0,
NAN002,2019-07-20 15:00:00,0,
NAN002,2019-07-20 16:00:00,0,
NAN002,2019-07-20 17:00:00,0,
NAN002,2019-07-20 18:00:00,0,
NAN002,2019-07-20 19:00:00,0,
NAN002,2019-07-20 20:00:00,0,
NAN002,2019-07-20 21:00:00,0,
NAN002,2019-07-20 22:00:00,0,
NAN002,2019-07-20 23:00:00,0,
NAN002,2019-07-21 00:00:00,0,
NAN002,2019-07-21 01:00:00,0,
NAN002,2019-07-21 02:00:00,0,
NAN002,2019-07-21 03:00:00,0,
NAN002,2019-07-21 04:00:00,0,
NAN002,2019-07-21 05:00:00,0,
NAN002,2019-07-21 06:00:00,0,
NAN002,2019-07-21 07:00:00,0,
NAN002,2019-07-21 08:00:00,0,
NAN002,2019-07-21 09:00:00,0,
NAN002,2019-07-21 10:00:00,0,
NAN002,2019-07-21 11:00:00,0,
NAN002,2019-07-21 12:00:00,0,
NAN002,2019-07-21 13:00:00,0,
NAN002,2019-07-21 14:00:00,0,
NAN002,2019-07-21 15:00:00,0,
NAN002,2019-07-21 16:00:00,0,
NAN002,2019-07-21 17:00:00,0,
NAN002,2019-07-21 18:00:00,0,
NAN002,2019-07-21 19:00:00,0,
NAN002,2019-07-21 20:00:00,0,
NAN002,2019-07-21 21:00:00,10.8,
NAN002,2019-07-21 22:00:00,29.6,
NAN002,2019-07-21 23:00:00,1.4,
NAN002,2019-07-22 00:00:00,1.4,
NAN002,2019-07-22 01:00:00,0.4,
NAN002,2019-07-22 02:00:00,0.2,
NAN002,2019-07-22 03:00:00,0.2,
NAN002,2019-07-22 04:00:00,0,
NAN002,2019-07-22 05:00:00,0,
NAN002,2019-07-22 06:00:00,0,
NAN002,2019-07-22 07:00:00,0,
NAN002,2019-07-22 08:00:00,0,
NAN002,2019-07-22 09:00:00,0,
NAN002,2019-07-22 10:00:00,0,
NAN002,2019-07-22 11:00:00,0,
NAN002,2019-07-22 12:00:00,0,
NAN002,2019-07-22 13:00:00,0,
NAN002,2019-07-22 14:00:00,0,
NAN002,2019-07-22 15:00:00,0,
NAN002,2019-07-22 16:00:00,0,
NAN002,2019-07-22 17:00:00,0,
NAN002,2019-07-22 18:00:00,0,
NAN002,2019-07-22 19:00:00,0,
NAN002,2019-07-22 20:00:00,0,
NAN002,2019-07-22 21:00:00,0,
NAN002,2019-07-22 22:00:00,0,
NAN002,2019-07-22 23:00:00,0,
NAN002,2019-07-23 00:00:00,0,
NAN002,2019-07-23 01:00:00,0,
NAN002,2019-07-23 02:00:00,0,
NAN002,2019-07-23 03:00:00,0,
NAN002,2019-07-23 04:00:00,0,
NAN002,2019-07-23 05:00:00,0,
NAN002,2019-07-23 06:00:00,0,
NAN002,2019-07-23 07:00:00,0,
NAN002,2019-07-23 08:00:00,0,
NAN002,2019-07-23 09:00:00,0,
NAN002,2019-07-23 10:00:00,0.2,
NAN002,2019-07-23 11:00:00,0.8,
NAN002,2019-07-23 12:00:00,1.8,
NAN002,2019-07-23 13:00:00,5.6,
NAN002,2019-07-23 14:00:00,0,
NAN002,2019-07-23 15:00:00,0,
NAN002,2019-07-23 16:00:00,0,
NAN002,2019-07-23 17:00:00,0,
NAN002,2019-07-23 18:00:00,5.8,
NAN002,2019-07-23 19:00:00,3,
NAN002,2019-07-23 20:00:00,1.4,
NAN002,2019-07-23 21:00:00,0.2,
NAN002,2019-07-23 22:00:00,0.4,
NAN002,2019-07-23 23:00:00,0,
NAN002,2019-07-24 00:00:00,0,
NAN002,2019-07-24 01:00:00,0.2,
NAN002,2019-07-24 02:00:00,0,
NAN002,2019-07-24 03:00:00,0,
NAN002,2019-07-24 04:00:00,0,
NAN002,2019-07-24 05:00:00,0,
NAN002,2019-07-24 06:00:00,0,
NAN002,2019-07-24 07:00:00,0.2,
NAN002,2019-07-24 08:00:00,0.2,
NAN002,2019-07-24 09:00:00,0,
NAN002,2019-07-24 10:00:00,0,
NAN002,2019-07-24 11:00:00,0,
NAN002,2019-07-24 12:00:00,0,
NAN002,2019-07-24 13:00:00,0,
NAN002,2019-07-24 14:00:00,0.8,
NAN002,2019-07-24 15:00:00,0,
NAN002,2019-07-24 16:00:00,1.6,
NAN002,2019-07-24 17:00:00,2.4,
NAN002,2019-07-24 18:00:00,1,
NAN002,2019-07-24 19:00:00,0,
NAN002,2019-07-24 20:00:00,0,
NAN002,2019-07-24 21:00:00,0,
NAN002,2019-07-24 22:00:00,0,
NAN002,2019-07-24 23:00:00,0,
NAN002,2019-07-25 00:00:00,0,
NAN002,2019-07-25 01:00:00,0,
NAN002,2019-07-25 02:00:00,0,
NAN002,2019-07-25 03:00:00,0,
NAN002,2019-07-25 04:00:00,0,
NAN002,2019-07-25 05:00:00,0,
NAN002,2019-07-25 06:00:00,0,
NAN002,2019-07-25 07:00:00,0,
NAN002,2019-07-25 08:00:00,0,
NAN002,2019-07-25 09:00:00,0,
NAN002,2019-07-25 10:00:00,0,
NAN002,2019-07-25 11:00:00,0,
NAN002,2019-07-25 12:00:00,0,
NAN002,2019-07-25 13:00:00,0,
NAN002,2019-07-25 14:00:00,0,
NAN002,2019-07-25 15:00:00,0,
NAN002,2019-07-25 16:00:00,0,
NAN002,2019-07-25 17:00:00,0,
NAN002,2019-07-25 18:00:00,0,
NAN002,2019-07-25 19:00:00,0,
NAN002,2019-07-25 20:00:00,3.4,
NAN002,2019-07-25 21:00:00,0,
NAN002,2019-07-25 22:00:00,2.4,
NAN002,2019-07-25 23:00:00,0.8,
NAN002,2019-07-26 00:00:00,0.2,
NAN002,2019-07-26 01:00:00,0,
NAN002,2019-07-26 02:00:00,0,
NAN002,2019-07-26 03:00:00,0,
NAN002,2019-07-26 04:00:00,0,
NAN002,2019-07-26 05:00:00,0,
NAN002,2019-07-26 06:00:00,0,
NAN002,2019-07-26 07:00:00,0,
NAN002,2019-07-26 08:00:00,-999,
NAN002,2019-07-26 09:00:00,-999,
NAN002,2019-07-26 10:00:00,-999,
NAN002,2019-07-26 11:00:00,0.6,
NAN002,2019-07-26 12:00:00,0,
NAN002,2019-07-26 13:00:00,0,
NAN002,2019-07-26 14:00:00,0,
NAN002,2019-07-26 15:00:00,0,
NAN002,2019-07-26 16:00:00,0,
NAN002,2019-07-26 17:00:00,0,
NAN002,2019-07-26 18:00:00,0,
NAN002,2019-07-26 19:00:00,0,
NAN002,2019-07-26 20:00:00,0,
NAN002,2019-07-26 21:00:00,0,
NAN002,2019-07-26 22:00:00,0,
NAN002,2019-07-26 23:00:00,0,
NAN002,2019-07-27 00:00:00,0,
NAN002,2019-07-27 01:00:00,0.2,
NAN002,2019-07-27 02:00:00,1,
NAN002,2019-07-27 03:00:00,1,
NAN002,2019-07-27 04:00:00,0,
NAN002,2019-07-27 05:00:00,0,
NAN002,2019-07-27 06:00:00,0,
NAN002,2019-07-27 07:00:00,0,
NAN002,2019-07-27 08:00:00,0,
NAN002,2019-07-27 09:00:00,0,
NAN002,2019-07-27 10:00:00,0.2,
NAN002,2019-07-27 11:00:00,0,
NAN002,2019-07-27 12:00:00,0,
NAN002,2019-07-27 13:00:00,0,
NAN002,2019-07-27 14:00:00,0,
NAN002,2019-07-27 15:00:00,0,
NAN002,2019-07-27 16:00:00,0,
NAN002,2019-07-27 17:00:00,0,
NAN002,2019-07-27 18:00:00,0,
NAN002,2019-07-27 19:00:00,0,
NAN002,2019-07-27 20:00:00,0,
NAN002,2019-07-27 21:00:00,0,
NAN002,2019-07-27 22:00:00,0,
NAN002,2019-07-27 23:00:00,0,
NAN002,2019-07-28 00:00:00,0,
NAN002,2019-07-28 01:00:00,0,
NAN002,2019-07-28 02:00:00,0,
NAN002,2019-07-28 03:00:00,0,
NAN002,2019-07-28 04:00:00,0,
NAN002,2019-07-28 05:00:00,0,
NAN002,2019-07-28 06:00:00,0,
NAN002,2019-07-28 07:00:00,0,
NAN002,2019-07-28 08:00:00,0,
NAN002,2019-07-28 09:00:00,0,
NAN002,2019-07-28 10:00:00,0,
NAN002,2019-07-28 11:00:00,0,
NAN002,2019-07-28 12:00:00,0,
NAN002,2019-07-28 13:00:00,0,
NAN002,2019-07-28 14:00:00,0,
NAN002,2019-07-28 15:00:00,0,
NAN002,2019-07-28 16:00:00,0,
NAN002,2019-07-28 17:00:00,0,
NAN002,2019-07-28 18:00:00,0,
NAN002,2019-07-28 19:00:00,0,
NAN002,2019-07-28 20:00:00,0,
NAN002,2019-07-28 21:00:00,0,
NAN002,2019-07-28 22:00:00,0,
NAN002,2019-07-28 23:00:00,0,
NAN002,2019-07-29 00:00:00,0,
NAN002,2019-07-29 01:00:00,0,
NAN002,2019-07-29 02:00:00,0,
NAN002,2019-07-29 03:00:00,0,
NAN002,2019-07-29 04:00:00,0,
NAN002,2019-07-29 05:00:00,0,
NAN002,2019-07-29 06:00:00,0,
NAN002,2019-07-29 07:00:00,0,
NAN002,2019-07-29 08:00:00,0,
NAN002,2019-07-29 09:00:00,0,
NAN002,2019-07-29 10:00:00,0,
NAN002,2019-07-29 11:00:00,0,
NAN002,2019-07-29 12:00:00,0,
NAN002,2019-07-29 13:00:00,0,
NAN002,2019-07-29 14:00:00,0,
NAN002,2019-07-29 15:00:00,0,
NAN002,2019-07-29 16:00:00,0,
NAN002,2019-07-29 17:00:00,0,
NAN002,2019-07-29 18:00:00,0,
NAN002,2019-07-29 19:00:00,0,
NAN002,2019-07-29 20:00:00,0,
NAN002,2019-07-29 21:00:00,0,
NAN002,2019-07-29 22:00:00,0,
NAN002,2019-07-29 23:00:00,0,
NAN002,2019-07-30 00:00:00,0,
NAN002,2019-07-30 01:00:00,0,
NAN002,2019-07-30 02:00:00,2,
NAN002,2019-07-30 03:00:00,3,
NAN002,2019-07-30 04:00:00,1.4,
NAN002,2019-07-30 05:00:00,0,
NAN002,2019-07-30 06:00:00,0,
NAN002,2019-07-30 07:00:00,3.4,
NAN002,2019-07-30 08:00:00,3,
NAN002,2019-07-30 09:00:00,2.4,
NAN002,2019-07-30 10:00:00,0.2,
NAN002,2019-07-30 11:00:00,0.2,
NAN002,2019-07-30 12:00:00,0.6,
NAN002,2019-07-30 13:00:00,0,
NAN002,2019-07-30 14:00:00,0,
NAN002,2019-07-30 15:00:00,0,
NAN002,2019-07-30 16:00:00,0,
NAN002,2019-07-30 17:00:00,0,
NAN002,2019-07-30 18:00:00,0,
NAN002,2019-07-30 19:00:00,0,
NAN002,2019-07-30 20:00:00,0.2,
NAN002,2019-07-30 21:00:00,0.2,
NAN002,2019-07-30 22:00:00,21.6,
NAN002,2019-07-30 23:00:00,0.4,
NAN002,2019-07-31 00:00:00,0,
NAN002,2019-07-31 01:00:00,1.6,
NAN002,2019-07-31 02:00:00,0.6,
NAN002,2019-07-31 03:00:00,1.4,
NAN002,2019-07-31 04:00:00,2.6,
NAN002,2019-07-31 05:00:00,5.8,
NAN002,2019-07-31 06:00:00,4.2,
NAN002,2019-07-31 07:00:00,4.6,
NAN002,2019-07-31 08:00:00,2.2,
NAN002,2019-07-31 09:00:00,3.2,
NAN002,2019-07-31 10:00:00,12.8,
NAN002,2019-07-31 11:00:00,15.4,
NAN002,2019-07-31 12:00:00,1.4,
NAN002,2019-07-31 13:00:00,0.2,
NAN002,2019-07-31 14:00:00,0,
NAN002,2019-07-31 15:00:00,0,
NAN002,2019-07-31 16:00:00,0,
NAN002,2019-07-31 17:00:00,0,
NAN002,2019-07-31 18:00:00,0,
NAN002,2019-07-31 19:00:00,0,
NAN002,2019-07-31 20:00:00,0.4,
NAN002,2019-07-31 21:00:00,0.4,
NAN002,2019-07-31 22:00:00,0.6,
NAN002,2019-07-31 23:00:00,3.6,
CLPK,2019-07-01 00:00:00,0,
CLPK,2019-07-01 01:00:00,0,
CLPK,2019-07-01 02:00:00,0,
CLPK,2019-07-01 03:00:00,0,
CLPK,2019-07-01 04:00:00,0.2,
CLPK,2019-07-01 05:00:00,0,
CLPK,2019-07-01 06:00:00,0,
CLPK,2019-07-01 07:00:00,0,
CLPK,2019-07-01 08:00:00,0,
CLPK,2019-07-01 09:00:00,0,
CLPK,2019-07-01 10:00:00,0,
CLPK,2019-07-01 11:00:00,0,
CLPK,2019-07-01 12:00:00,0,
CLPK,2019-07-01 13:00:00,0,
CLPK,2019-07-01 14:00:00,0,
CLPK,2019-07-01 15:00:00,0,
CLPK,2019-07-01 16:00:00,0,
CLPK,2019-07-01 17:00:00,0,
CLPK,2019-07-01 18:00:00,0,
CLPK,2019-07-01 19:00:00,0,
CLPK,2019-07-01 20:00:00,0,
CLPK,2019-07-01 21:00:00,0.8,
CLPK,2019-07-01 22:00:00,0,
CLPK,2019-07-01 23:00:00,0,
CLPK,2019-07-02 00:00:00,0.2,
CLPK,2019-07-02 01:00:00,0.4,
CLPK,2019-07-02 02:00:00,0.4,
CLPK,2019-07-02 03:00:00,0.2,
CLPK,2019-07-02 04:00:00,0.2,
CLPK,2019-07-02 05:00:00,0.2,
CLPK,2019-07-02 06:00:00,0.2,
CLPK,2019-07-02 07:00:00,0,
CLPK,2019-07-02 08:00:00,0.2,
CLPK,2019-07-02 09:00:00,0.2,
CLPK,2019-07-02 10:00:00,0.2,
CLPK,2019-07-02 11:00:00,0.2,
CLPK,2019-07-02 12:00:00,0,
CLPK,2019-07-02 13:00:00,0.4,
CLPK,2019-07-02 14:00:00,0.2,
CLPK,2019-07-02 15:00:00,0.2,
CLPK,2019-07-02 16:00:00,0.2,
CLPK,2019-07-02 17:00:00,0.2,
CLPK,2019-07-02 18:00:00,0,
CLPK,2019-07-02 19:00:00,0.2,
CLPK,2019-07-02 20:00:00,0.2,
CLPK,2019-07-02 21:00:00,0.2,
CLPK,2019-07-02 22:00:00,0,
CLPK,2019-07-02 23:00:00,0.2,
CLPK,2019-07-03 00:00:00,0,
CLPK,2019-07-03 01:00:00,0,
CLPK,2019-07-03 02:00:00,0,
CLPK,2019-07-03 03:00:00,0,
CLPK,2019-07-03 04:00:00,0,
CLPK,2019-07-03 05:00:00,0,
CLPK,2019-07-03 06:00:00,0.2,
CLPK,2019-07-03 07:00:00,0,
CLPK,2019-07-03 08:00:00,0,
CLPK,2019-07-03 09:00:00,0,
CLPK,2019-07-03 10:00:00,0.2,
CLPK,2019-07-03 11:00:00,0,
CLPK,2019-07-03 12:00:00,0.2,
CLPK,2019-07-03 13:00:00,0.2,
CLPK,2019-07-03 14:00:00,0.2,
CLPK,2019-07-03 15:00:00,0.2,
CLPK,2019-07-03 16:00:00,0.2,
CLPK,2019-07-03 17:00:00,0.2,
CLPK,2019-07-03 18:00:00,0,
CLPK,2019-07-03 19:00:00,0.2,
CLPK,2019-07-03 20:00:00,0,
CLPK,2019-07-03 21:00:00,0,
CLPK,2019-07-03 22:00:00,0,
CLPK,2019-07-03 23:00:00,0,
CLPK,2019-07-04 00:00:00,0.2,
CLPK,2019-07-04 01:00:00,0,
CLPK,2019-07-04 02:00:00,0,
CLPK,2019-07-04 03:00:00,0,
CLPK,2019-07-04 04:00:00,0,
CLPK,2019-07-04 05:00:00,0,
CLPK,2019-07-04 06:00:00,0,
CLPK,2019-07-04 07:00:00,0,
CLPK,2019-07-04 08:00:00,0,
CLPK,2019-07-04 09:00:00,0,
CLPK,2019-07-04 10:00:00,0,
CLPK,2019-07-04 11:00:00,0,
CLPK,2019-07-04 12:00:00,0,
CLPK,2019-07-04 13:00:00,0,
CLPK,2019-07-04 14:00:00,0,
CLPK,2019-07-04 15:00:00,0,
CLPK,2019-07-04 16:00:00,0.2,
CLPK,2019-07-04 17:00:00,0,
CLPK,2019-07-04 18:00:00,0,
CLPK,2019-07-04 19:00:00,0,
CLPK,2019-07-04 20:00:00,0,
CLPK,2019-07-04 21:00:00,0,
CLPK,2019-07-04 22:00:00,0,
CLPK,2019-07-04 23:00:00,0,
CLPK,2019-07-05 00:00:00,0,
CLPK,2019-07-05 01:00:00,0,
CLPK,2019-07-05 02:00:00,0,
CLPK,2019-07-05 03:00:00,0,
CLPK,2019-07-05 04:00:00,0,
CLPK,2019-07-05 05:00:00,0,
CLPK,2019-07-05 06:00:00,0,
CLPK,2019-07-05 07:00:00,0,
CLPK,2019-07-05 08:00:00,0,
CLPK,2019-07-05 09:00:00,0,
CLPK,2019-07-05 10:00:00,0,
CLPK,2019-07-05 11:00:00,-999,
CLPK,2019-07-05 12:00:00,0,
CLPK,2019-07-05 13:00:00,0,
CLPK,2019-07-05 14:00:00,0,
CLPK,2019-07-05 15:00:00,-999,
CLPK,2019-07-05 16:00:00,0,
CLPK,2019-07-05 17:00:00,-999,
CLPK,2019-07-05 18:00:00,0,
CLPK,2019-07-05 19:00:00,0,
CLPK,2019-07-05 20:00:00,0,
CLPK,2019-07-05 21:00:00,0,
CLPK,2019-07-05 22:00:00,0,
CLPK,2019-07-05 23:00:00,0,
CLPK,2019-07-06 00:00:00,0,
CLPK,2019-07-06 01:00:00,0,
CLPK,2019-07-06 02:00:00,0,
CLPK,2019-07-06 03:00:00,0,
CLPK,2019-07-06 04:00:00,0,
CLPK,2019-07-06 05:00:00,0,
CLPK,2019-07-06 06:00:00,0,
CLPK,2019-07-06 07:00:00,0,
CLPK,2019-07-06 08:00:00,0,
CLPK,2019-07-06 09:00:00,0,
CLPK,2019-07-06 10:00:00,0,
CLPK,2019-07-06 11:00:00,0,
CLPK,2019-07-06 12:00:00,0,
CLPK,2019-07-06 13:00:00,0,
CLPK,2019-07-06 14:00:00,0,
CLPK,2019-07-06 15:00:00,0,
CLPK,2019-07-06 16:00:00,0,
CLPK,2019-07-06 17:00:00,0,
CLPK,2019-07-06 18:00:00,0,
CLPK,2019-07-06 19:00:00,0,
CLPK,2019-07-06 20:00:00,0,
CLPK,2019-07-06 21:00:00,0,
CLPK,2019-07-06 22:00:00,0.2,
CLPK,2019-07-06 23:00:00,0,
CLPK,2019-07-07 00:00:00,0,
CLPK,2019-07-07 01:00:00,0,
CLPK,2019-07-07 02:00:00,0,
CLPK,2019-07-07 03:00:00,0,
CLPK,2019-07-07 04:00:00,0,
CLPK,2019-07-07 05:00:00,0,
CLPK,2019-07-07 06:00:00,0,
CLPK,2019-07-07 07:00:00,0,
CLPK,2019-07-07 08:00:00,0,
CLPK,2019-07-07 09:00:00,0,
CLPK,2019-07-07 10:00:00,0,
CLPK,2019-07-07 11:00:00,0,
CLPK,2019-07-07 12:00:00,0,
CLPK,2019-07-07 13:00:00,0,
CLPK,2019-07-07 14:00:00,0,
CLPK,2019-07-07 15:00:00,0,
CLPK,2019-07-07 16:00:00,0,
CLPK,2019-07-07 17:00:00,0,
CLPK,2019-07-07 18:00:00,0,
CLPK,2019-07-07 19:00:00,0,
CLPK,2019-07-07 20:00:00,0,
CLPK,2019-07-07 21:00:00,0,
CLPK,2019-07-07 22:00:00,0,
CLPK,2019-07-07 23:00:00,0,
CLPK,2019-07-08 00:00:00,0,
CLPK,2019-07-08 01:00:00,0,
CLPK,2019-07-08 02:00:00,0,
CLPK,2019-07-08 03:00:00,0,
CLPK,2019-07-08 04:00:00,0,
CLPK,2019-07-08 05:00:00,0,
CLPK,2019-07-08 06:00:00,0,
CLPK,2019-07-08 07:00:00,0,
CLPK,2019-07-08 08:00:00,0,
CLPK,2019-07-08 09:00:00,0,
CLPK,2019-07-08 10:00:00,0,
CLPK,2019-07-08 11:00:00,0,
CLPK,2019-07-08 12:00:00,0,
CLPK,2019-07-08 13:00:00,0,
CLPK,2019-07-08 14:00:00,0,
CLPK,2019-07-08 15:00:00,0,
CLPK,2019-07-08 16:00:00,0,
CLPK,2019-07-08 17:00:00,0,
CLPK,2019-07-08 18:00:00,0,
CLPK,2019-07-08 19:00:00,0,
CLPK,2019-07-08 20:00:00,0,
CLPK,2019-07-08 21:00:00,0,
CLPK,2019-07-08 22:00:00,0,
CLPK,2019-07-08 23:00:00,0,
CLPK,2019-07-09 00:00:00,0,
CLPK,2019-07-09 01:00:00,0,
CLPK,2019-07-09 02:00:00,0,
CLPK,2019-07-09 03:00:00,0,
CLPK,2019-07-09 04:00:00,0,
CLPK,2019-07-09 05:00:00,0,
CLPK,2019-07-09 06:00:00,0,
CLPK,2019-07-09 07:00:00,0,
CLPK,2019-07-09 08:00:00,0,
CLPK,2019-07-09 09:00:00,0,
CLPK,2019-07-09 10:00:00,0,
CLPK,2019-07-09 11:00:00,0,
CLPK,2019-07-09 12:00:00,0,
CLPK,2019-07-09 13:00:00,0,
CLPK,2019-07-09 14:00:00,0,
CLPK,2019-07-09 15:00:00,0,
CLPK,2019-07-09 16:00:00,0,
CLPK,2019-07-09 17:00:00,0,
CLPK,2019-07-09 18:00:00,0,
CLPK,2019-07-09 19:00:00,0,
CLPK,2019-07-09 20:00:00,0,
CLPK,2019-07-09 21:00:00,0,
CLPK,2019-07-09 22:00:00,0,
CLPK,2019-07-09 23:00:00,0,
CLPK,2019-07-10 00:00:00,0,
CLPK,2019-07-10 01:00:00,0,
CLPK,2019-07-10 02:00:00,0,
CLPK,2019-07-10 03:00:00,0,
CLPK,2019-07-10 04:00:00,0,
CLPK,2019-07-10 05:00:00,0,
CLPK,2019-07-10 06:00:00,0,
CLPK,2019-07-10 07:00:00,0,
CLPK,2019-07-10 08:00:00,0,
CLPK,2019-07-10 09:00:00,0,
CLPK,2019-07-10 10:00:00,0,
CLPK,2019-07-10 11:00:00,0,
CLPK,2019-07-10 12:00:00,0,
CLPK,2019-07-10 13:00:00,0,
CLPK,2019-07-10 14:00:00,0,
CLPK,2019-07-10 15:00:00,0,
CLPK,2019-07-10 16:00:00,0,
CLPK,2019-07-10 17:00:00,0,
CLPK,2019-07-10 18:00:00,0,
CLPK,2019-07-10 19:00:00,0,
CLPK,2019-07-10 20:00:00,0,
CLPK,2019-07-10 21:00:00,0,
CLPK,2019-07-10 22:00:00,0,
CLPK,2019-07-10 23:00:00,0,
CLPK,2019-07-11 00:00:00,0,
CLPK,2019-07-11 01:00:00,0,
CLPK,2019-07-11 02:00:00,0,
CLPK,2019-07-11 03:00:00,0,
CLPK,2019-07-11 04:00:00,0.2,
CLPK,2019-07-11 05:00:00,0,
CLPK,2019-07-11 06:00:00,0,
CLPK,2019-07-11 07:00:00,0,
CLPK,2019-07-11 08:00:00,0,
CLPK,2019-07-11 09:00:00,0,
CLPK,2019-07-11 10:00:00,0,
CLPK,2019-07-11 11:00:00,0,
CLPK,2019-07-11 12:00:00,0,
CLPK,2019-07-11 13:00:00,0,
CLPK,2019-07-11 14:00:00,0,
CLPK,2019-07-11 15:00:00,0,
CLPK,2019-07-11 16:00:00,0,
CLPK,2019-07-11 17:00:00,0,
CLPK,2019-07-11 18:00:00,0,
CLPK,2019-07-11 19:00:00,0,
CLPK,2019-07-11 20:00:00,0,
CLPK,2019-07-11 21:00:00,0,
CLPK,2019-07-11 22:00:00,0,
CLPK,2019-07-11 23:00:00,0,
CLPK,2019-07-12 00:00:00,0,
CLPK,2019-07-12 01:00:00,0,
CLPK,2019-07-12 02:00:00,0,
CLPK,2019-07-12 03:00:00,0,
CLPK,2019-07-12 04:00:00,0,
CLPK,2019-07-12 05:00:00,0,
CLPK,2019-07-12 06:00:00,0,
CLPK,2019-07-12 07:00:00,0,
CLPK,2019-07-12 08:00:00,0,
CLPK,2019-07-12 09:00:00,0,
CLPK,2019-07-12 10:00:00,0,
CLPK,2019-07-12 11:00:00,0,
CLPK,2019-07-12 12:00:00,0,
CLPK,2019-07-12 13:00:00,0,
CLPK,2019-07-12 14:00:00,0,
CLPK,2019-07-12 15:00:00,0,
CLPK,2019-07-12 16:00:00,0,
CLPK,2019-07-12 17:00:00,0,
CLPK,2019-07-12 18:00:00,0,
CLPK,2019-07-12 19:00:00,0,
CLPK,2019-07-12 20:00:00,0,
CLPK,2019-07-12 21:00:00,0,
CLPK,2019-07-12 22:00:00,0,
CLPK,2019-07-12 23:00:00,0,
CLPK,2019-07-13 00:00:00,0,
CLPK,2019-07-13 01:00:00,0,
CLPK,2019-07-13 02:00:00,0,
CLPK,2019-07-13 03:00:00,0,
CLPK,2019-07-13 04:00:00,0,
CLPK,2019-07-13 05:00:00,0,
CLPK,2019-07-13 06:00:00,0,
CLPK,2019-07-13 07:00:00,0,
CLPK,2019-07-13 08:00:00,0,
CLPK,2019-07-13 09:00:00,0,
CLPK,2019-07-13 10:00:00,0,
CLPK,2019-07-13 11:00:00,0,
CLPK,2019-07-13 12:00:00,0,
CLPK,2019-07-13 13:00:00,0,
CLPK,2019-07-13 14:00:00,0,
CLPK,2019-07-13 15:00:00,0,
CLPK,2019-07-13 16:00:00,0,
CLPK,2019-07-13 17:00:00,0,
CLPK,2019-07-13 18:00:00,0,
CLPK,2019-07-13 19:00:00,0,
CLPK,2019-07-13 20:00:00,0,
CLPK,2019-07-13 21:00:00,0,
CLPK,2019-07-13 22:00:00,0,
CLPK,2019-07-13 23:00:00,0,
CLPK,2019-07-14 00:00:00,0,
CLPK,2019-07-14 01:00:00,0,
CLPK,2019-07-14 02:00:00,0,
CLPK,2019-07-14 03:00:00,0,
CLPK,2019-07-14 04:00:00,0,
CLPK,2019-07-14 05:00:00,0,
CLPK,2019-07-14 06:00:00,0.2,
CLPK,2019-07-14 07:00:00,0,
CLPK,2019-07-14 08:00:00,0,
CLPK,2019-07-14 09:00:00,0,
CLPK,2019-07-14 10:00:00,0,
CLPK,2019-07-14 11:00:00,0,
CLPK,2019-07-14 12:00:00,0,
CLPK,2019-07-14 13:00:00,0,
CLPK,2019-07-14 14:00:00,0,
CLPK,2019-07-14 15:00:00,0,
CLPK,2019-07-14 16:00:00,0.2,
CLPK,2019-07-14 17:00:00,0,
CLPK,2019-07-14 18:00:00,0,
CLPK,2019-07-14 19:00:00,0,
CLPK,2019-07-14 20:00:00,0,
CLPK,2019-07-14 21:00:00,0,
CLPK,2019-07-14 22:00:00,0,
CLPK,2019-07-14 23:00:00,0,
CLPK,2019-07-15 00:00:00,0.2,
CLPK,2019-07-15 01:00:00,0.4,
CLPK,2019-07-15 02:00:00,0.2,
CLPK,2019-07-15 03:00:00,0.4,
CLPK,2019-07-15 04:00:00,0.4,
CLPK,2019-07-15 05:00:00,0.4,
CLPK,2019-07-15 06:00:00,0.4,
CLPK,2019-07-15 07:00:00,0.6,
CLPK,2019-07-15 08:00:00,0.4,
CLPK,2019-07-15 09:00:00,0.8,
CLPK,2019-07-15 10:00:00,0.8,
CLPK,2019-07-15 11:00:00,0.6,
CLPK,2019-07-15 12:00:00,0.6,
CLPK,2019-07-15 13:00:00,0.6,
CLPK,2019-07-15 14:00:00,0,
CLPK,2019-07-15 15:00:00,0,
CLPK,2019-07-15 16:00:00,0.6,
CLPK,2019-07-15 17:00:00,0.4,
CLPK,2019-07-15 18:00:00,0.2,
CLPK,2019-07-15 19:00:00,0.4,
CLPK,2019-07-15 20:00:00,0.2,
CLPK,2019-07-15 21:00:00,0.2,
CLPK,2019-07-15 22:00:00,0,
CLPK,2019-07-15 23:00:00,0.4,
CLPK,2019-07-16 00:00:00,0.2,
CLPK,2019-07-16 01:00:00,0.2,
CLPK,2019-07-16 02:00:00,0,
CLPK,2019-07-16 03:00:00,0.2,
CLPK,2019-07-16 04:00:00,0.2,
CLPK,2019-07-16 05:00:00,0.2,
CLPK,2019-07-16 06:00:00,0.2,
CLPK,2019-07-16 07:00:00,0.2,
CLPK,2019-07-16 08:00:00,0.2,
CLPK,2019-07-16 09:00:00,0,
CLPK,2019-07-16 10:00:00,0.2,
CLPK,2019-07-16 11:00:00,0.2,
CLPK,2019-07-16 12:00:00,0,
CLPK,2019-07-16 13:00:00,0,
CLPK,2019-07-16 14:00:00,0,
CLPK,2019-07-16 15:00:00,0.2,
CLPK,2019-07-16 16:00:00,0,
CLPK,2019-07-16 17:00:00,0,
CLPK,2019-07-16 18:00:00,0.2,
CLPK,2019-07-16 19:00:00,0,
CLPK,2019-07-16 20:00:00,0,
CLPK,2019-07-16 21:00:00,0.2,
CLPK,2019-07-16 22:00:00,0,
CLPK,2019-07-16 23:00:00,0,
CLPK,2019-07-17 00:00:00,0.2,
CLPK,2019-07-17 01:00:00,0,
CLPK,2019-07-17 02:00:00,0,
CLPK,2019-07-17 03:00:00,0,
CLPK,2019-07-17 04:00:00,0.2,
CLPK,2019-07-17 05:00:00,0,
CLPK,2019-07-17 06:00:00,0,
CLPK,2019-07-17 07:00:00,0.2,
CLPK,2019-07-17 08:00:00,0,
CLPK,2019-07-17 09:00:00,0,
CLPK,2019-07-17 10:00:00,0,
CLPK,2019-07-17 11:00:00,0,
CLPK,2019-07-17 12:00:00,0,
CLPK,2019-07-17 13:00:00,0,
CLPK,2019-07-17 14:00:00,0,
CLPK,2019-07-17 15:00:00,0,
CLPK,2019-07-17 16:00:00,0,
CLPK,2019-07-17 17:00:00,0,
CLPK,2019-07-17 18:00:00,0,
CLPK,2019-07-17 19:00:00,0.2,
CLPK,2019-07-17 20:00:00,0,
CLPK,2019-07-17 21:00:00,0,
CLPK,2019-07-17 22:00:00,0,
CLPK,2019-07-17 23:00:00,0,
CLPK,2019-07-18 00:00:00,0,
CLPK,2019-07-18 01:00:00,0,
CLPK,2019-07-18 02:00:00,0,
CLPK,2019-07-18 03:00:00,0,
CLPK,2019-07-18 04:00:00,0,
CLPK,2019-07-18 05:00:00,0,
CLPK,2019-07-18 06:00:00,0,
CLPK,2019-07-18 07:00:00,0,
CLPK,2019-07-18 08:00:00,0,
CLPK,2019-07-18 09:00:00,0,
CLPK,2019-07-18 10:00:00,0,
CLPK,2019-07-18 11:00:00,0,
CLPK,2019-07-18 12:00:00,0,
CLPK,2019-07-18 13:00:00,0,
CLPK,2019-07-18 14:00:00,0,
CLPK,2019-07-18 15:00:00,0,
CLPK,2019-07-18 16:00:00,0,
CLPK,2019-07-18 17:00:00,0.2,
CLPK,2019-07-18 18:00:00,0,
CLPK,2019-07-18 19:00:00,0.2,
CLPK,2019-07-18 20:00:00,0.2,
CLPK,2019-07-18 21:00:00,0,
CLPK,2019-07-18 22:00:00,-999,
CLPK,2019-07-18 23:00:00,0,
CLPK,2019-07-19 00:00:00,0.2,
CLPK,2019-07-19 01:00:00,0,
CLPK,2019-07-19 02:00:00,0.2,
CLPK,2019-07-19 03:00:00,0.2,
CLPK,2019-07-19 04:00:00,0,
CLPK,2019-07-19 05:00:00,0,
CLPK,2019-07-19 06:00:00,0.2,
CLPK,2019-07-19 07:00:00,0.2,
CLPK,2019-07-19 08:00:00,0,
CLPK,2019-07-19 09:00:00,0.2,
CLPK,2019-07-19 10:00:00,0.2,
CLPK,2019-07-19 11:00:00,0,
CLPK,2019-07-19 12:00:00,0,
CLPK,2019-07-19 13:00:00,0,
CLPK,2019-07-19 14:00:00,0.2,
CLPK,2019-07-19 15:00:00,0,
CLPK,2019-07-19 16:00:00,0.2,
CLPK,2019-07-19 17:00:00,0.2,
CLPK,2019-07-19 18:00:00,0,
CLPK,2019-07-19 19:00:00,0.2,
CLPK,2019-07-19 20:00:00,0,
CLPK,2019-07-19 21:00:00,0,
CLPK,2019-07-19 22:00:00,0,
CLPK,2019-07-19 23:00:00,0,
CLPK,2019-07-20 00:00:00,0,
CLPK,2019-07-20 01:00:00,0.2,
CLPK,2019-07-20 02:00:00,0,
CLPK,2019-07-20 03:00:00,0,
CLPK,2019-07-20 04:00:00,0,
CLPK,2019-07-20 05:00:00,0,
CLPK,2019-07-20 06:00:00,0,
CLPK,2019-07-20 07:00:00,0,
CLPK,2019-07-20 08:00:00,0,
CLPK,2019-07-20 09:00:00,0,
CLPK,2019-07-20 10:00:00,0.2,
CLPK,2019-07-20 11:00:00,0,
CLPK,2019-07-20 12:00:00,0,
CLPK,2019-07-20 13:00:00,0,
CLPK,2019-07-20 14:00:00,0,
CLPK,2019-07-20 15:00:00,0,
CLPK,2019-07-20 16:00:00,0,
CLPK,2019-07-20 17:00:00,0,
CLPK,2019-07-20 18:00:00,0,
CLPK,2019-07-20 19:00:00,0,
CLPK,2019-07-20 20:00:00,0,
CLPK,2019-07-20 21:00:00,0,
CLPK,2019-07-20 22:00:00,0,
CLPK,2019-07-20 23:00:00,0,
CLPK,2019-07-21 00:00:00,0,
CLPK,2019-07-21 01:00:00,0,
CLPK,2019-07-21 02:00:00,0,
CLPK,2019-07-21 03:00:00,0,
CLPK,2019-07-21 04:00:00,0,
CLPK,2019-07-21 05:00:00,0,
CLPK,2019-07-21 06:00:00,0,
CLPK,2019-07-21 07:00:00,0,
CLPK,2019-07-21 08:00:00,0,
CLPK,2019-07-21 09:00:00,0,
CLPK,2019-07-21 10:00:00,0,
CLPK,2019-07-21 11:00:00,0,
CLPK,2019-07-21 12:00:00,0,
CLPK,2019-07-21 13:00:00,0,
CLPK,2019-07-21 14:00:00,0,
CLPK,2019-07-21 15:00:00,0.2,
CLPK,2019-07-21 16:00:00,0,
CLPK,2019-07-21 17:00:00,0,
CLPK,2019-07-21 18:00:00,0.2,
CLPK,2019-07-21 19:00:00,0,
CLPK,2019-07-21 20:00:00,0,
CLPK,2019-07-21 21:00:00,0.2,
CLPK,2019-07-21 22:00:00,0,
CLPK,2019-07-21 23:00:00,0.2,
CLPK,2019-07-22 00:00:00,0,
CLPK,2019-07-22 01:00:00,0,
CLPK,2019-07-22 02:00:00,0,
CLPK,2019-07-22 03:00:00,0.2,
CLPK,2019-07-22 04:00:00,0,
CLPK,2019-07-22 05:00:00,0,
CLPK,2019-07-22 06:00:00,0,
CLPK,2019-07-22 07:00:00,0,
CLPK,2019-07-22 08:00:00,0,
CLPK,2019-07-22 09:00:00,0,
CLPK,2019-07-22 10:00:00,0.2,
CLPK,2019-07-22 11:00:00,0,
CLPK,2019-07-22 12:00:00,0.2,
CLPK,2019-07-22 13:00:00,0,
CLPK,2019-07-22 14:00:00,0,
CLPK,2019-07-22 15:00:00,0.2,
CLPK,2019-07-22 16:00:00,0,
CLPK,2019-07-22 17:00:00,0.2,
CLPK,2019-07-22 18:00:00,0,
CLPK,2019-07-22 19:00:00,0,
CLPK,2019-07-22 20:00:00,0,
CLPK,2019-07-22 21:00:00,0,
CLPK,2019-07-22 22:00:00,0,
CLPK,2019-07-22 23:00:00,0,
CLPK,2019-07-23 00:00:00,0,
CLPK,2019-07-23 01:00:00,0,
CLPK,2019-07-23 02:00:00,0,
CLPK,2019-07-23 03:00:00,0,
CLPK,2019-07-23 04:00:00,0,
CLPK,2019-07-23 05:00:00,0,
CLPK,2019-07-23 06:00:00,0,
CLPK,2019-07-23 07:00:00,0,
CLPK,2019-07-23 08:00:00,0.2,
CLPK,2019-07-23 09:00:00,0,
CLPK,2019-07-23 10:00:00,0,
CLPK,2019-07-23 11:00:00,0,
CLPK,2019-07-23 12:00:00,0,
CLPK,2019-07-23 13:00:00,0,
CLPK,2019-07-23 14:00:00,0,
CLPK,2019-07-23 15:00:00,0,
CLPK,2019-07-23 16:00:00,0,
CLPK,2019-07-23 17:00:00,0,
CLPK,2019-07-23 18:00:00,0,
CLPK,2019-07-23 19:00:00,0,
CLPK,2019-07-23 20:00:00,0,
CLPK,2019-07-23 21:00:00,0,
CLPK,2019-07-23 22:00:00,0,
CLPK,2019-07-23 23:00:00,0,
CLPK,2019-07-24 00:00:00,0,
CLPK,2019-07-24 01:00:00,0,
CLPK,2019-07-24 02:00:00,0,
CLPK,2019-07-24 03:00:00,0,
CLPK,2019-07-24 04:00:00,0,
CLPK,2019-07-24 05:00:00,0,
CLPK,2019-07-24 06:00:00,0,
CLPK,2019-07-24 07:00:00,0,
CLPK,2019-07-24 08:00:00,0,
CLPK,2019-07-24 09:00:00,0,
CLPK,2019-07-24 10:00:00,0,
CLPK,2019-07-24 11:00:00,0,
CLPK,2019-07-24 12:00:00,0,
CLPK,2019-07-24 13:00:00,0,
CLPK,2019-07-24 14:00:00,0,
CLPK,2019-07-24 15:00:00,0,
CLPK,2019-07-24 16:00:00,0,
CLPK,2019-07-24 17:00:00,0,
CLPK,2019-07-24 18:00:00,0.2,
CLPK,2019-07-24 19:00:00,0,
CLPK,2019-07-24 20:00:00,0,
CLPK,2019-07-24 21:00:00,0,
CLPK,2019-07-24 22:00:00,0,
CLPK,2019-07-24 23:00:00,0.2,
CLPK,2019-07-25 00:00:00,0,
CLPK,2019-07-25 01:00:00,0,
CLPK,2019-07-25 02:00:00,0,
CLPK,2019-07-25 03:00:00,0.2,
CLPK,2019-07-25 04:00:00,0,
CLPK,2019-07-25 05:00:00,0,
CLPK,2019-07-25 06:00:00,0.2,
CLPK,2019-07-25 07:00:00,0,
CLPK,2019-07-25 08:00:00,0.2,
CLPK,2019-07-25 09:00:00,0,
CLPK,2019-07-25 10:00:00,0.2,
CLPK,2019-07-25 11:00:00,0,
CLPK,2019-07-25 12:00:00,0.2,
CLPK,2019-07-25 13:00:00,0.2,
CLPK,2019-07-25 14:00:00,0,
CLPK,2019-07-25 15:00:00,0.2,
CLPK,2019-07-25 16:00:00,0,
CLPK,2019-07-25 17:00:00,0.2,
CLPK,2019-07-25 18:00:00,0.2,
CLPK,2019-07-25 19:00:00,0.2,
CLPK,2019-07-25 20:00:00,0.2,
CLPK,2019-07-25 21:00:00,0,
CLPK,2019-07-25 22:00:00,0.2,
CLPK,2019-07-25 23:00:00,0,
CLPK,2019-07-26 00:00:00,0.2,
CLPK,2019-07-26 01:00:00,0,
CLPK,2019-07-26 02:00:00,0.2,
CLPK,2019-07-26 03:00:00,0,
CLPK,2019-07-26 04:00:00,0,
CLPK,2019-07-26 05:00:00,0.2,
CLPK,2019-07-26 06:00:00,0,
CLPK,2019-07-26 07:00:00,0.2,
CLPK,2019-07-26 08:00:00,0,
CLPK,2019-07-26 09:00:00,0.2,
CLPK,2019-07-26 10:00:00,0,
CLPK,2019-07-26 11:00:00,0.2,
CLPK,2019-07-26 12:00:00,0.2,
CLPK,2019-07-26 13:00:00,0.2,
CLPK,2019-07-26 14:00:00,0.2,
CLPK,2019-07-26 15:00:00,0.2,
CLPK,2019-07-26 16:00:00,0.2,
CLPK,2019-07-26 17:00:00,0.2,
CLPK,2019-07-26 18:00:00,0.2,
CLPK,2019-07-26 19:00:00,0.2,
CLPK,2019-07-26 20:00:00,0.4,
CLPK,2019-07-26 21:00:00,0.4,
CLPK,2019-07-26 22:00:00,0.2,
CLPK,2019-07-26 23:00:00,0.4,
CLPK,2019-07-27 00:00:00,0.2,
CLPK,2019-07-27 01:00:00,0.4,
CLPK,2019-07-27 02:00:00,0.2,
CLPK,2019-07-27 03:00:00,0.2,
CLPK,2019-07-27 04:00:00,0.4,
CLPK,2019-07-27 05:00:00,0.2,
CLPK,2019-07-27 06:00:00,0.2,
CLPK,2019-07-27 07:00:00,0.2,
CLPK,2019-07-27 08:00:00,0.2,
CLPK,2019-07-27 09:00:00,0.2,
CLPK,2019-07-27 10:00:00,0.2,
CLPK,2019-07-27 11:00:00,0.4,
CLPK,2019-07-27 12:00:00,0.4,
CLPK,2019-07-27 13:00:00,0.4,
CLPK,2019-07-27 14:00:00,0.4,
CLPK,2019-07-27 15:00:00,0.2,
CLPK,2019-07-27 16:00:00,0,
CLPK,2019-07-27 17:00:00,0,
CLPK,2019-07-27 18:00:00,0,
CLPK,2019-07-27 19:00:00,0,
CLPK,2019-07-27 20:00:00,0,
CLPK,2019-07-27 21:00:00,0,
CLPK,2019-07-27 22:00:00,0,
CLPK,2019-07-27 23:00:00,0,
CLPK,2019-07-28 00:00:00,0,
CLPK,2019-07-28 01:00:00,0,
CLPK,2019-07-28 02:00:00,0,
CLPK,2019-07-28 03:00:00,0,
CLPK,2019-07-28 04:00:00,0,
CLPK,2019-07-28 05:00:00,0,
CLPK,2019-07-28 06:00:00,0,
CLPK,2019-07-28 07:00:00,0,
CLPK,2019-07-28 08:00:00,0,
CLPK,2019-07-28 09:00:00,0,
CLPK,2019-07-28 10:00:00,0,
CLPK,2019-07-28 11:00:00,0,
CLPK,2019-07-28 12:00:00,0,
CLPK,2019-07-28 13:00:00,0,
CLPK,2019-07-28 14:00:00,0,
CLPK,2019-07-28 15:00:00,0,
CLPK,2019-07-28 16:00:00,0,
CLPK,2019-07-28 17:00:00,0,
CLPK,2019-07-28 18:00:00,0,
CLPK,2019-07-28 19:00:00,0,
CLPK,2019-07-28 20:00:00,0,
CLPK,2019-07-28 21:00:00,0,
CLPK,2019-07-28 22:00:00,0,
CLPK,2019-07-28 23:00:00,0,
CLPK,2019-07-29 00:00:00,0,
CLPK,2019-07-29 01:00:00,0,
CLPK,2019-07-29 02:00:00,0,
CLPK,2019-07-29 03:00:00,0,
CLPK,2019-07-29 04:00:00,0,
CLPK,2019-07-29 05:00:00,0,
CLPK,2019-07-29 06:00:00,0,
CLPK,2019-07-29 07:00:00,0,
CLPK,2019-07-29 08:00:00,0,
CLPK,2019-07-29 09:00:00,0,
CLPK,2019-07-29 10:00:00,0,
CLPK,2019-07-29 11:00:00,0,
CLPK,2019-07-29 12:00:00,0,
CLPK,2019-07-29 13:00:00,0,
CLPK,2019-07-29 14:00:00,0,
CLPK,2019-07-29 15:00:00,0,
CLPK,2019-07-29 16:00:00,0,
CLPK,2019-07-29 17:00:00,0,
CLPK,2019-07-29 18:00:00,0,
CLPK,2019-07-29 19:00:00,1,
CLPK,2019-07-29 20:00:00,0.2,
CLPK,2019-07-29 21:00:00,0,
CLPK,2019-07-29 22:00:00,0,
CLPK,2019-07-29 23:00:00,0,
CLPK,2019-07-30 00:00:00,0.2,
CLPK,2019-07-30 01:00:00,0,
CLPK,2019-07-30 02:00:00,0,
CLPK,2019-07-30 03:00:00,0,
CLPK,2019-07-30 04:00:00,1.4,
CLPK,2019-07-30 05:00:00,1.8,
CLPK,2019-07-30 06:00:00,3.8,
CLPK,2019-07-30 07:00:00,0,
CLPK,2019-07-30 08:00:00,0,
CLPK,2019-07-30 09:00:00,0,
CLPK,2019-07-30 10:00:00,0,
CLPK,2019-07-30 11:00:00,0,
CLPK,2019-07-30 12:00:00,0,
CLPK,2019-07-30 13:00:00,0,
CLPK,2019-07-30 14:00:00,0,
CLPK,2019-07-30 15:00:00,0,
CLPK,2019-07-30 16:00:00,0,
CLPK,2019-07-30 17:00:00,0,
CLPK,2019-07-30 18:00:00,0,
CLPK,2019-07-30 19:00:00,0,
CLPK,2019-07-30 20:00:00,0,
CLPK,2019-07-30 21:00:00,0,
CLPK,2019-07-30 22:00:00,0.4,
CLPK,2019-07-30 23:00:00,2.4,
CLPK,2019-07-31 00:00:00,0,
CLPK,2019-07-31 01:00:00,0,
CLPK,2019-07-31 02:00:00,0,
CLPK,2019-07-31 03:00:00,0,
CLPK,2019-07-31 04:00:00,0,
CLPK,2019-07-31 05:00:00,0,
CLPK,2019-07-31 06:00:00,1,
CLPK,2019-07-31 07:00:00,15,
CLPK,2019-07-31 08:00:00,0.2,
CLPK,2019-07-31 09:00:00,0,
CLPK,2019-07-31 10:00:00,0,
CLPK,2019-07-31 11:00:00,0,
CLPK,2019-07-31 12:00:00,0,
CLPK,2019-07-31 13:00:00,0,
CLPK,2019-07-31 14:00:00,0,
CLPK,2019-07-31 15:00:00,0,
CLPK,2019-07-31 16:00:00,0,
CLPK,2019-07-31 17:00:00,0,
CLPK,2019-07-31 18:00:00,0,
CLPK,2019-07-31 19:00:00,3.2,
CLPK,2019-07-31 20:00:00,0.8,
CLPK,2019-07-31 21:00:00,2,
CLPK,2019-07-31 22:00:00,4.6,
CLPK,2019-07-31 23:00:00,2,
NMPT,2019-07-01 00:00:00,0,
NMPT,2019-07-01 01:00:00,0,
NMPT,2019-07-01 02:00:00,0,
NMPT,2019-07-01 03:00:00,0,
NMPT,2019-07-01 04:00:00,0,
NMPT,2019-07-01 05:00:00,0,
NMPT,2019-07-01 06:00:00,0,
NMPT,2019-07-01 07:00:00,0,
NMPT,2019-07-01 08:00:00,0,
NMPT,2019-07-01 09:00:00,0,
NMPT,2019-07-01 10:00:00,0,
NMPT,2019-07-01 11:00:00,0,
NMPT,2019-07-01 12:00:00,0,
NMPT,2019-07-01 13:00:00,0,
NMPT,2019-07-01 14:00:00,0,
NMPT,2019-07-01 15:00:00,0,
NMPT,2019-07-01 16:00:00,0,
NMPT,2019-07-01 17:00:00,0,
NMPT,2019-07-01 18:00:00,0,
NMPT,2019-07-01 19:00:00,0,
NMPT,2019-07-01 20:00:00,0,
NMPT,2019-07-01 21:00:00,0,
NMPT,2019-07-01 22:00:00,0,
NMPT,2019-07-01 23:00:00,0,
NMPT,2019-07-02 00:00:00,0,
NMPT,2019-07-02 01:00:00,0,
NMPT,2019-07-02 02:00:00,0,
NMPT,2019-07-02 03:00:00,0,
NMPT,2019-07-02 04:00:00,0,
NMPT,2019-07-02 05:00:00,0,
NMPT,2019-07-02 06:00:00,0.2,
NMPT,2019-07-02 07:00:00,0.2,
NMPT,2019-07-02 08:00:00,0.4,
NMPT,2019-07-02 09:00:00,0.6,
NMPT,2019-07-02 10:00:00,0,
NMPT,2019-07-02 11:00:00,0,
NMPT,2019-07-02 12:00:00,0,
NMPT,2019-07-02 13:00:00,1.2,
NMPT,2019-07-02 14:00:00,0.4,
NMPT,2019-07-02 15:00:00,2.2,
NMPT,2019-07-02 16:00:00,0.8,
NMPT,2019-07-02 17:00:00,0.6,
NMPT,2019-07-02 18:00:00,0,
NMPT,2019-07-02 19:00:00,0,
NMPT,2019-07-02 20:00:00,0,
NMPT,2019-07-02 21:00:00,0,
NMPT,2019-07-02 22:00:00,0,
NMPT,2019-07-02 23:00:00,0,
NMPT,2019-07-03 00:00:00,0,
NMPT,2019-07-03 01:00:00,0.4,
NMPT,2019-07-03 02:00:00,0.2,
NMPT,2019-07-03 03:00:00,1.4,
NMPT,2019-07-03 04:00:00,0.6,
NMPT,2019-07-03 05:00:00,0,
NMPT,2019-07-03 06:00:00,0,
NMPT,2019-07-03 07:00:00,0.6,
NMPT,2019-07-03 08:00:00,0.2,
NMPT,2019-07-03 09:00:00,0.2,
NMPT,2019-07-03 10:00:00,0,
NMPT,2019-07-03 11:00:00,0,
NMPT,2019-07-03 12:00:00,0,
NMPT,2019-07-03 13:00:00,0.8,
NMPT,2019-07-03 14:00:00,0,
NMPT,2019-07-03 15:00:00,0,
NMPT,2019-07-03 16:00:00,0,
NMPT,2019-07-03 17:00:00,0,
NMPT,2019-07-03 18:00:00,-999,
NMPT,2019-07-03 19:00:00,0,
NMPT,2019-07-03 20:00:00,-999,
NMPT,2019-07-03 21:00:00,0,
NMPT,2019-07-03 22:00:00,0,
NMPT,2019-07-03 23:00:00,0,
NMPT,2019-07-04 00:00:00,0,
NMPT,2019-07-04 01:00:00,0,
NMPT,2019-07-04 02:00:00,0,
NMPT,2019-07-04 03:00:00,0,
NMPT,2019-07-04 04:00:00,0.2,
NMPT,2019-07-04 05:00:00,0,
NMPT,2019-07-04 06:00:00,0,
NMPT,2019-07-04 07:00:00,0,
NMPT,2019-07-04 08:00:00,0,
NMPT,2019-07-04 09:00:00,0,
NMPT,2019-07-04 10:00:00,0,
NMPT,2019-07-04 11:00:00,0,
NMPT,2019-07-04 12:00:00,0,
NMPT,2019-07-04 13:00:00,0,
NMPT,2019-07-04 14:00:00,0,
NMPT,2019-07-04 15:00:00,0,
NMPT,2019-07-04 16:00:00,0,
NMPT,2019-07-04 17:00:00,0,
NMPT,2019-07-04 18:00:00,-999,
NMPT,2019-07-04 19:00:00,0,
NMPT,2019-07-04 20:00:00,0.6,
NMPT,2019-07-04 21:00:00,0,
NMPT,2019-07-04 22:00:00,0,
NMPT,2019-07-04 23:00:00,0,
NMPT,2019-07-05 00:00:00,0,
NMPT,2019-07-05 01:00:00,0,
NMPT,2019-07-05 02:00:00,0,
NMPT,2019-07-05 03:00:00,0,
NMPT,2019-07-05 04:00:00,0,
NMPT,2019-07-05 05:00:00,0,
NMPT,2019-07-05 06:00:00,0,
NMPT,2019-07-05 07:00:00,0,
NMPT,2019-07-05 08:00:00,0,
NMPT,2019-07-05 09:00:00,0,
NMPT,2019-07-05 10:00:00,0,
NMPT,2019-07-05 11:00:00,-999,
NMPT,2019-07-05 12:00:00,0,
NMPT,2019-07-05 13:00:00,0,
NMPT,2019-07-05 14:00:00,0,
NMPT,2019-07-05 15:00:00,-999,
NMPT,2019-07-05 16:00:00,-999,
NMPT,2019-07-05 17:00:00,-999,
NMPT,2019-07-05 18:00:00,0,
NMPT,2019-07-05 19:00:00,0,
NMPT,2019-07-05 20:00:00,0,
NMPT,2019-07-05 21:00:00,0,
NMPT,2019-07-05 22:00:00,0,
NMPT,2019-07-05 23:00:00,0,
NMPT,2019-07-06 00:00:00,0,
NMPT,2019-07-06 01:00:00,0,
NMPT,2019-07-06 02:00:00,0,
NMPT,2019-07-06 03:00:00,0,
NMPT,2019-07-06 04:00:00,0,
NMPT,2019-07-06 05:00:00,0,
NMPT,2019-07-06 06:00:00,0,
NMPT,2019-07-06 07:00:00,0,
NMPT,2019-07-06 08:00:00,0,
NMPT,2019-07-06 09:00:00,0,
NMPT,2019-07-06 10:00:00,0,
NMPT,2019-07-06 11:00:00,0,
NMPT,2019-07-06 12:00:00,0,
NMPT,2019-07-06 13:00:00,0,
NMPT,2019-07-06 14:00:00,0,
NMPT,2019-07-06 15:00:00,0,
NMPT,2019-07-06 16:00:00,0,
NMPT,2019-07-06 17:00:00,0,
NMPT,2019-07-06 18:00:00,0,
NMPT,2019-07-06 19:00:00,0,
NMPT,2019-07-06 20:00:00,0,
NMPT,2019-07-06 21:00:00,0,
NMPT,2019-07-06 22:00:00,0,
NMPT,2019-07-06 23:00:00,0,
NMPT,2019-07-07 00:00:00,0,
NMPT,2019-07-07 01:00:00,0,
NMPT,2019-07-07 02:00:00,0,
NMPT,2019-07-07 03:00:00,0,
NMPT,2019-07-07 04:00:00,0,
NMPT,2019-07-07 05:00:00,0,
NMPT,2019-07-07 06:00:00,0,
NMPT,2019-07-07 07:00:00,0,
NMPT,2019-07-07 08:00:00,0,
NMPT,2019-07-07 09:00:00,0,
NMPT,2019-07-07 10:00:00,0,
NMPT,2019-07-07 11:00:00,0,
NMPT,2019-07-07 12:00:00,0,
NMPT,2019-07-07 13:00:00,0,
NMPT,2019-07-07 14:00:00,0,
NMPT,2019-07-07 15:00:00,0,
NMPT,2019-07-07 16:00:00,0,
NMPT,2019-07-07 17:00:00,0,
NMPT,2019-07-07 18:00:00,0,
NMPT,2019-07-07 19:00:00,0,
NMPT,2019-07-07 20:00:00,0,
NMPT,2019-07-07 21:00:00,0,
NMPT,2019-07-07 22:00:00,0,
NMPT,2019-07-07 23:00:00,0,
NMPT,2019-07-08 00:00:00,0,
NMPT,2019-07-08 01:00:00,0,
NMPT,2019-07-08 02:00:00,0,
NMPT,2019-07-08 03:00:00,0,
NMPT,2019-07-08 04:00:00,0,
NMPT,2019-07-08 05:00:00,0,
NMPT,2019-07-08 06:00:00,0,
NMPT,2019-07-08 07:00:00,0,
NMPT,2019-07-08 08:00:00,0,
NMPT,2019-07-08 09:00:00,0,
NMPT,2019-07-08 10:00:00,0,
NMPT,2019-07-08 11:00:00,0,
NMPT,2019-07-08 12:00:00,0,
NMPT,2019-07-08 13:00:00,0,
NMPT,2019-07-08 14:00:00,0.2,
NMPT,2019-07-08 15:00:00,0.4,
NMPT,2019-07-08 16:00:00,0.6,
NMPT,2019-07-08 17:00:00,3,
NMPT,2019-07-08 18:00:00,1.4,
NMPT,2019-07-08 19:00:00,0,
NMPT,2019-07-08 20:00:00,0,
NMPT,2019-07-08 21:00:00,0,
NMPT,2019-07-08 22:00:00,0,
NMPT,2019-07-08 23:00:00,0,
NMPT,2019-07-09 00:00:00,0,
NMPT,2019-07-09 01:00:00,0,
NMPT,2019-07-09 02:00:00,0,
NMPT,2019-07-09 03:00:00,0,
NMPT,2019-07-09 04:00:00,0,
NMPT,2019-07-09 05:00:00,0,
NMPT,2019-07-09 06:00:00,0,
NMPT,2019-07-09 07:00:00,0,
NMPT,2019-07-09 08:00:00,0.2,
NMPT,2019-07-09 09:00:00,0,
NMPT,2019-07-09 10:00:00,0,
NMPT,2019-07-09 11:00:00,0,
NMPT,2019-07-09 12:00:00,0,
NMPT,2019-07-09 13:00:00,0,
NMPT,2019-07-09 14:00:00,0,
NMPT,2019-07-09 15:00:00,0,
NMPT,2019-07-09 16:00:00,0,
NMPT,2019-07-09 17:00:00,0,
NMPT,2019-07-09 18:00:00,0,
NMPT,2019-07-09 19:00:00,0,
NMPT,2019-07-09 20:00:00,0,
NMPT,2019-07-09 21:00:00,0,
NMPT,2019-07-09 22:00:00,0,
NMPT,2019-07-09 23:00:00,0,
NMPT,2019-07-10 00:00:00,0,
NMPT,2019-07-10 01:00:00,0,
NMPT,2019-07-10 02:00:00,0,
NMPT,2019-07-10 03:00:00,0,
NMPT,2019-07-10 04:00:00,0,
NMPT,2019-07-10 05:00:00,0,
NMPT,2019-07-10 06:00:00,0,
NMPT,2019-07-10 07:00:00,0,
NMPT,2019-07-10 08:00:00,0,
NMPT,2019-07-10 09:00:00,0,
NMPT,2019-07-10 10:00:00,0,
NMPT,2019-07-10 11:00:00,0,
NMPT,2019-07-10 12:00:00,0,
NMPT,2019-07-10 13:00:00,0,
NMPT,2019-07-10 14:00:00,0,
NMPT,2019-07-10 15:00:00,0,
NMPT,2019-07-10 16:00:00,0,
NMPT,2019-07-10 17:00:00,0,
NMPT,2019-07-10 18:00:00,0,
NMPT,2019-07-10 19:00:00,0,
NMPT,2019-07-10 20:00:00,0,
NMPT,2019-07-10 21:00:00,0,
NMPT,2019-07-10 22:00:00,0,
NMPT,2019-07-10 23:00:00,0,
NMPT,2019-07-11 00:00:00,0,
NMPT,2019-07-11 01:00:00,0,
NMPT,2019-07-11 02:00:00,0,
NMPT,2019-07-11 03:00:00,0,
NMPT,2019-07-11 04:00:00,0,
NMPT,2019-07-11 05:00:00,0,
NMPT,2019-07-11 06:00:00,0,
NMPT,2019-07-11 07:00:00,0,
NMPT,2019-07-11 08:00:00,0,
NMPT,2019-07-11 09:00:00,0,
NMPT,2019-07-11 10:00:00,0,
NMPT,2019-07-11 11:00:00,0,
NMPT,2019-07-11 12:00:00,0,
NMPT,2019-07-11 13:00:00,0,
NMPT,2019-07-11 14:00:00,0,
NMPT,2019-07-11 15:00:00,0,
NMPT,2019-07-11 16:00:00,0,
NMPT,2019-07-11 17:00:00,0,
NMPT,2019-07-11 18:00:00,0,
NMPT,2019-07-11 19:00:00,0,
NMPT,2019-07-11 20:00:00,0,
NMPT,2019-07-11 21:00:00,0,
NMPT,2019-07-11 22:00:00,0,
NMPT,2019-07-11 23:00:00,0,
NMPT,2019-07-12 00:00:00,0,
NMPT,2019-07-12 01:00:00,0,
NMPT,2019-07-12 02:00:00,0,
NMPT,2019-07-12 03:00:00,0,
NMPT,2019-07-12 04:00:00,0,
NMPT,2019-07-12 05:00:00,0,
NMPT,2019-07-12 06:00:00,0,
NMPT,2019-07-12 07:00:00,0,
NMPT,2019-07-12 08:00:00,0,
NMPT,2019-07-12 09:00:00,0,
NMPT,2019-07-12 10:00:00,0,
NMPT,2019-07-12 11:00:00,0,
NMPT,2019-07-12 12:00:00,0,
NMPT,2019-07-12 13:00:00,0,
NMPT,2019-07-12 14:00:00,0,
NMPT,2019-07-12 15:00:00,0,
NMPT,2019-07-12 16:00:00,0,
NMPT,2019-07-12 17:00:00,0,
NMPT,2019-07-12 18:00:00,0,
NMPT,2019-07-12 19:00:00,0,
NMPT,2019-07-12 20:00:00,0,
NMPT,2019-07-12 21:00:00,0,
NMPT,2019-07-12 22:00:00,0,
NMPT,2019-07-12 23:00:00,0,
NMPT,2019-07-13 00:00:00,0,
NMPT,2019-07-13 01:00:00,0,
NMPT,2019-07-13 02:00:00,0,
NMPT,2019-07-13 03:00:00,0,
NMPT,2019-07-13 04:00:00,0,
NMPT,2019-07-13 05:00:00,0,
NMPT,2019-07-13 06:00:00,0,
NMPT,2019-07-13 07:00:00,0,
NMPT,2019-07-13 08:00:00,0,
NMPT,2019-07-13 09:00:00,0,
NMPT,2019-07-13 10:00:00,0,
NMPT,2019-07-13 11:00:00,0,
NMPT,2019-07-13 12:00:00,0,
NMPT,2019-07-13 13:00:00,0,
NMPT,2019-07-13 14:00:00,0,
NMPT,2019-07-13 15:00:00,0,
NMPT,2019-07-13 16:00:00,0,
NMPT,2019-07-13 17:00:00,0,
NMPT,2019-07-13 18:00:00,0,
NMPT,2019-07-13 19:00:00,0,
NMPT,2019-07-13 20:00:00,0,
NMPT,2019-07-13 21:00:00,0,
NMPT,2019-07-13 22:00:00,0,
NMPT,2019-07-13 23:00:00,0,
NMPT,2019-07-14 00:00:00,0,
NMPT,2019-07-14 01:00:00,0,
NMPT,2019-07-14 02:00:00,0,
NMPT,2019-07-14 03:00:00,0,
NMPT,2019-07-14 04:00:00,0,
NMPT,2019-07-14 05:00:00,0,
NMPT,2019-07-14 06:00:00,0,
NMPT,2019-07-14 07:00:00,0,
NMPT,2019-07-14 08:00:00,0,
NMPT,2019-07-14 09:00:00,0,
NMPT,2019-07-14 10:00:00,0,
NMPT,2019-07-14 11:00:00,0,
NMPT,2019-07-14 12:00:00,0,
NMPT,2019-07-14 13:00:00,0,
NMPT,2019-07-14 14:00:00,0,
NMPT,2019-07-14 15:00:00,0,
NMPT,2019-07-14 16:00:00,0,
NMPT,2019-07-14 17:00:00,0,
NMPT,2019-07-14 18:00:00,0,
NMPT,2019-07-14 19:00:00,0,
NMPT,2019-07-14 20:00:00,0,
NMPT,2019-07-14 21:00:00,0,
NMPT,2019-07-14 22:00:00,0,
NMPT,2019-07-14 23:00:00,0,
NMPT,2019-07-15 00:00:00,0,
NMPT,2019-07-15 01:00:00,0,
NMPT,2019-07-15 02:00:00,0,
NMPT,2019-07-15 03:00:00,0,
NMPT,2019-07-15 04:00:00,0,
NMPT,2019-07-15 05:00:00,0,
NMPT,2019-07-15 06:00:00,0,
NMPT,2019-07-15 07:00:00,0,
NMPT,2019-07-15 08:00:00,0,
NMPT,2019-07-15 09:00:00,0,
NMPT,2019-07-15 10:00:00,0,
NMPT,2019-07-15 11:00:00,0,
NMPT,2019-07-15 12:00:00,0,
NMPT,2019-07-15 13:00:00,0,
NMPT,2019-07-15 14:00:00,0,
NMPT,2019-07-15 15:00:00,0,
NMPT,2019-07-15 16:00:00,0,
NMPT,2019-07-15 17:00:00,0,
NMPT,2019-07-15 18:00:00,0,
NMPT,2019-07-15 19:00:00,0,
NMPT,2019-07-15 20:00:00,0,
NMPT,2019-07-15 21:00:00,0,
NMPT,2019-07-15 22:00:00,0,
NMPT,2019-07-15 23:00:00,0,
NMPT,2019-07-16 00:00:00,0,
NMPT,2019-07-16 01:00:00,0,
NMPT,2019-07-16 02:00:00,0,
NMPT,2019-07-16 03:00:00,0,
NMPT,2019-07-16 04:00:00,0,
NMPT,2019-07-16 05:00:00,0,
NMPT,2019-07-16 06:00:00,0,
NMPT,2019-07-16 07:00:00,0,
NMPT,2019-07-16 08:00:00,0,
NMPT,2019-07-16 09:00:00,0,
NMPT,2019-07-16 10:00:00,0,
NMPT,2019-07-16 11:00:00,0,
NMPT,2019-07-16 12:00:00,0,
NMPT,2019-07-16 13:00:00,0,
NMPT,2019-07-16 14:00:00,0,
NMPT,2019-07-16 15:00:00,0,
NMPT,2019-07-16 16:00:00,0,
NMPT,2019-07-16 17:00:00,-999,
NMPT,2019-07-16 18:00:00,0,
NMPT,2019-07-16 19:00:00,0,
NMPT,2019-07-16 20:00:00,0,
NMPT,2019-07-16 21:00:00,0,
NMPT,2019-07-16 22:00:00,0,
NMPT,2019-07-16 23:00:00,0,
NMPT,2019-07-17 00:00:00,0,
NMPT,2019-07-17 01:00:00,0,
NMPT,2019-07-17 02:00:00,0,
NMPT,2019-07-17 03:00:00,0,
NMPT,2019-07-17 04:00:00,0,
NMPT,2019-07-17 05:00:00,0,
NMPT,2019-07-17 06:00:00,0,
NMPT,2019-07-17 07:00:00,0,
NMPT,2019-07-17 08:00:00,0,
NMPT,2019-07-17 09:00:00,0,
NMPT,2019-07-17 10:00:00,0,
NMPT,2019-07-17 11:00:00,0,
NMPT,2019-07-17 12:00:00,0,
NMPT,2019-07-17 13:00:00,0,
NMPT,2019-07-17 14:00:00,0,
NMPT,2019-07-17 15:00:00,0,
NMPT,2019-07-17 16:00:00,0,
NMPT,2019-07-17 17:00:00,0,
NMPT,2019-07-17 18:00:00,0,
NMPT,2019-07-17 19:00:00,0,
NMPT,2019-07-17 20:00:00,0,
NMPT,2019-07-17 21:00:00,0,
NMPT,2019-07-17 22:00:00,0,
NMPT,2019-07-17 23:00:00,0,
NMPT,2019-07-18 00:00:00,0,
NMPT,2019-07-18 01:00:00,0,
NMPT,2019-07-18 02:00:00,0,
NMPT,2019-07-18 03:00:00,0,
NMPT,2019-07-18 04:00:00,0,
NMPT,2019-07-18 05:00:00,0,
NMPT,2019-07-18 06:00:00,0,
NMPT,2019-07-18 07:00:00,0,
NMPT,2019-07-18 08:00:00,0,
NMPT,2019-07-18 09:00:00,0,
NMPT,2019-07-18 10:00:00,0,
NMPT,2019-07-18 11:00:00,0,
NMPT,2019-07-18 12:00:00,0,
NMPT,2019-07-18 13:00:00,0,
NMPT,2019-07-18 14:00:00,0,
NMPT,2019-07-18 15:00:00,0,
NMPT,2019-07-18 16:00:00,0,
NMPT,2019-07-18 17:00:00,-999,
NMPT,2019-07-18 18:00:00,0,
NMPT,2019-07-18 19:00:00,0,
NMPT,2019-07-18 20:00:00,0,
NMPT,2019-07-18 21:00:00,0,
NMPT,2019-07-18 22:00:00,-999,
NMPT,2019-07-18 23:00:00,0,
NMPT,2019-07-19 00:00:00,0,
NMPT,2019-07-19 01:00:00,0,
NMPT,2019-07-19 02:00:00,0,
NMPT,2019-07-19 03:00:00,0,
NMPT,2019-07-19 04:00:00,0,
NMPT,2019-07-19 05:00:00,0,
NMPT,2019-07-19 06:00:00,0,
NMPT,2019-07-19 07:00:00,0,
NMPT,2019-07-19 08:00:00,0,
NMPT,2019-07-19 09:00:00,0,
NMPT,2019-07-19 10:00:00,0,
NMPT,2019-07-19 11:00:00,0,
NMPT,2019-07-19 12:00:00,0,
NMPT,2019-07-19 13:00:00,0,
NMPT,2019-07-19 14:00:00,0,
NMPT,2019-07-19 15:00:00,0,
NMPT,2019-07-19 16:00:00,0,
NMPT,2019-07-19 17:00:00,0,
NMPT,2019-07-19 18:00:00,0,
NMPT,2019-07-19 19:00:00,0,
NMPT,2019-07-19 20:00:00,0,
NMPT,2019-07-19 21:00:00,0,
NMPT,2019-07-19 22:00:00,0,
NMPT,2019-07-19 23:00:00,0,
NMPT,2019-07-20 00:00:00,0,
NMPT,2019-07-20 01:00:00,0,
NMPT,2019-07-20 02:00:00,0,
NMPT,2019-07-20 03:00:00,0,
NMPT,2019-07-20 04:00:00,0,
NMPT,2019-07-20 05:00:00,0,
NMPT,2019-07-20 06:00:00,0,
NMPT,2019-07-20 07:00:00,0,
NMPT,2019-07-20 08:00:00,0,
NMPT,2019-07-20 09:00:00,0,
NMPT,2019-07-20 10:00:00,0,
NMPT,2019-07-20 11:00:00,0,
NMPT,2019-07-20 12:00:00,0,
NMPT,2019-07-20 13:00:00,0,
NMPT,2019-07-20 14:00:00,0,
NMPT,2019-07-20 15:00:00,0,
NMPT,2019-07-20 16:00:00,0,
NMPT,2019-07-20 17:00:00,0,
NMPT,2019-07-20 18:00:00,0,
NMPT,2019-07-20 19:00:00,0,
NMPT,2019-07-20 20:00:00,0,
NMPT,2019-07-20 21:00:00,0,
NMPT,2019-07-20 22:00:00,0,
NMPT,2019-07-20 23:00:00,0,
NMPT,2019-07-21 00:00:00,0,
NMPT,2019-07-21 01:00:00,0,
NMPT,2019-07-21 02:00:00,0,
NMPT,2019-07-21 03:00:00,0,
NMPT,2019-07-21 04:00:00,0,
NMPT,2019-07-21 05:00:00,0,
NMPT,2019-07-21 06:00:00,0,
NMPT,2019-07-21 07:00:00,0,
NMPT,2019-07-21 08:00:00,0,
NMPT,2019-07-21 09:00:00,0,
NMPT,2019-07-21 10:00:00,0,
NMPT,2019-07-21 11:00:00,0,
NMPT,2019-07-21 12:00:00,0,
NMPT,2019-07-21 13:00:00,0,
NMPT,2019-07-21 14:00:00,0,
NMPT,2019-07-21 15:00:00,0,
NMPT,2019-07-21 16:00:00,0,
NMPT,2019-07-21 17:00:00,0,
NMPT,2019-07-21 18:00:00,0,
NMPT,2019-07-21 19:00:00,0,
NMPT,2019-07-21 20:00:00,0,
NMPT,2019-07-21 21:00:00,0,
NMPT,2019-07-21 22:00:00,0,
NMPT,2019-07-21 23:00:00,0,
NMPT,2019-07-22 00:00:00,0,
NMPT,2019-07-22 01:00:00,0,
NMPT,2019-07-22 02:00:00,0,
NMPT,2019-07-22 03:00:00,0,
NMPT,2019-07-22 04:00:00,0,
NMPT,2019-07-22 05:00:00,0,
NMPT,2019-07-22 06:00:00,0,
NMPT,2019-07-22 07:00:00,0,
NMPT,2019-07-22 08:00:00,0,
NMPT,2019-07-22 09:00:00,0,
NMPT,2019-07-22 10:00:00,0,
NMPT,2019-07-22 11:00:00,0,
NMPT,2019-07-22 12:00:00,0,
NMPT,2019-07-22 13:00:00,0,
NMPT,2019-07-22 14:00:00,0,
NMPT,2019-07-22 15:00:00,0,
NMPT,2019-07-22 16:00:00,0,
NMPT,2019-07-22 17:00:00,0,
NMPT,2019-07-22 18:00:00,0,
NMPT,2019-07-22 19:00:00,0,
NMPT,2019-07-22 20:00:00,0,
NMPT,2019-07-22 21:00:00,0,
NMPT,2019-07-22 22:00:00,0,
NMPT,2019-07-22 23:00:00,0,
NMPT,2019-07-23 00:00:00,0,
NMPT,2019-07-23 01:00:00,0,
NMPT,2019-07-23 02:00:00,0,
NMPT,2019-07-23 03:00:00,0,
NMPT,2019-07-23 04:00:00,0,
NMPT,2019-07-23 05:00:00,0,
NMPT,2019-07-23 06:00:00,0,
NMPT,2019-07-23 07:00:00,0,
NMPT,2019-07-23 08:00:00,0,
NMPT,2019-07-23 09:00:00,0,
NMPT,2019-07-23 10:00:00,0,
NMPT,2019-07-23 11:00:00,0,
NMPT,2019-07-23 12:00:00,0,
NMPT,2019-07-23 13:00:00,0,
NMPT,2019-07-23 14:00:00,0,
NMPT,2019-07-23 15:00:00,0,
NMPT,2019-07-23 16:00:00,0,
NMPT,2019-07-23 17:00:00,0,
NMPT,2019-07-23 18:00:00,0,
NMPT,2019-07-23 19:00:00,0,
NMPT,2019-07-23 20:00:00,0,
NMPT,2019-07-23 21:00:00,0,
NMPT,2019-07-23 22:00:00,0,
NMPT,2019-07-23 23:00:00,0,
NMPT,2019-07-24 00:00:00,0.2,
NMPT,2019-07-24 01:00:00,0,
NMPT,2019-07-24 02:00:00,0,
NMPT,2019-07-24 03:00:00,0,
NMPT,2019-07-24 04:00:00,0,
NMPT,2019-07-24 05:00:00,0,
NMPT,2019-07-24 06:00:00,0,
NMPT,2019-07-24 07:00:00,0.2,
NMPT,2019-07-24 08:00:00,0.2,
NMPT,2019-07-24 09:00:00,0.4,
NMPT,2019-07-24 10:00:00,0.6,
NMPT,2019-07-24 11:00:00,0,
NMPT,2019-07-24 12:00:00,0.4,
NMPT,2019-07-24 13:00:00,-999,
NMPT,2019-07-24 14:00:00,0.2,
NMPT,2019-07-24 15:00:00,0,
NMPT,2019-07-24 16:00:00,0,
NMPT,2019-07-24 17:00:00,0,
NMPT,2019-07-24 18:00:00,0,
NMPT,2019-07-24 19:00:00,0,
NMPT,2019-07-24 20:00:00,0,
NMPT,2019-07-24 21:00:00,0,
NMPT,2019-07-24 22:00:00,0,
NMPT,2019-07-24 23:00:00,0,
NMPT,2019-07-25 00:00:00,0,
NMPT,2019-07-25 01:00:00,0,
NMPT,2019-07-25 02:00:00,0,
NMPT,2019-07-25 03:00:00,0.6,
NMPT,2019-07-25 04:00:00,0.2,
NMPT,2019-07-25 05:00:00,0,
NMPT,2019-07-25 06:00:00,0,
NMPT,2019-07-25 07:00:00,0,
NMPT,2019-07-25 08:00:00,0,
NMPT,2019-07-25 09:00:00,0,
NMPT,2019-07-25 10:00:00,0,
NMPT,2019-07-25 11:00:00,0,
NMPT,2019-07-25 12:00:00,0,
NMPT,2019-07-25 13:00:00,0,
NMPT,2019-07-25 14:00:00,0,
NMPT,2019-07-25 15:00:00,0,
NMPT,2019-07-25 16:00:00,0,
NMPT,2019-07-25 17:00:00,0.6,
NMPT,2019-07-25 18:00:00,0.4,
NMPT,2019-07-25 19:00:00,0.2,
NMPT,2019-07-25 20:00:00,0,
NMPT,2019-07-25 21:00:00,0,
NMPT,2019-07-25 22:00:00,0,
NMPT,2019-07-25 23:00:00,0,
NMPT,2019-07-26 00:00:00,0,
NMPT,2019-07-26 01:00:00,0.2,
NMPT,2019-07-26 02:00:00,0,
NMPT,2019-07-26 03:00:00,0,
NMPT,2019-07-26 04:00:00,0,
NMPT,2019-07-26 05:00:00,0,
NMPT,2019-07-26 06:00:00,0,
NMPT,2019-07-26 07:00:00,0,
NMPT,2019-07-26 08:00:00,0,
NMPT,2019-07-26 09:00:00,0,
NMPT,2019-07-26 10:00:00,0,
NMPT,2019-07-26 11:00:00,0,
NMPT,2019-07-26 12:00:00,0,
NMPT,2019-07-26 13:00:00,0,
NMPT,2019-07-26 14:00:00,0,
NMPT,2019-07-26 15:00:00,0,
NMPT,2019-07-26 16:00:00,0,
NMPT,2019-07-26 17:00:00,0,
NMPT,2019-07-26 18:00:00,0.2,
NMPT,2019-07-26 19:00:00,0,
NMPT,2019-07-26 20:00:00,0,
NMPT,2019-07-26 21:00:00,0,
NMPT,2019-07-26 22:00:00,0,
NMPT,2019-07-26 23:00:00,0,
NMPT,2019-07-27 00:00:00,0,
NMPT,2019-07-27 01:00:00,0,
NMPT,2019-07-27 02:00:00,0.6,
NMPT,2019-07-27 03:00:00,0.6,
NMPT,2019-07-27 04:00:00,0,
NMPT,2019-07-27 05:00:00,0.2,
NMPT,2019-07-27 06:00:00,0,
NMPT,2019-07-27 07:00:00,0,
NMPT,2019-07-27 08:00:00,0,
NMPT,2019-07-27 09:00:00,0,
NMPT,2019-07-27 10:00:00,0,
NMPT,2019-07-27 11:00:00,0,
NMPT,2019-07-27 12:00:00,0,
NMPT,2019-07-27 13:00:00,0,
NMPT,2019-07-27 14:00:00,0,
NMPT,2019-07-27 15:00:00,0,
NMPT,2019-07-27 16:00:00,0,
NMPT,2019-07-27 17:00:00,0,
NMPT,2019-07-27 18:00:00,0,
NMPT,2019-07-27 19:00:00,0,
NMPT,2019-07-27 20:00:00,0,
NMPT,2019-07-27 21:00:00,0,
NMPT,2019-07-27 22:00:00,0,
NMPT,2019-07-27 23:00:00,0,
NMPT,2019-07-28 00:00:00,0,
NMPT,2019-07-28 01:00:00,0,
NMPT,2019-07-28 02:00:00,0,
NMPT,2019-07-28 03:00:00,0,
NMPT,2019-07-28 04:00:00,0,
NMPT,2019-07-28 05:00:00,0,
NMPT,2019-07-28 06:00:00,0,
NMPT,2019-07-28 07:00:00,0,
NMPT,2019-07-28 08:00:00,0,
NMPT,2019-07-28 09:00:00,0,
NMPT,2019-07-28 10:00:00,0,
NMPT,2019-07-28 11:00:00,0,
NMPT,2019-07-28 12:00:00,0,
NMPT,2019-07-28 13:00:00,0,
NMPT,2019-07-28 14:00:00,0,
NMPT,2019-07-28 15:00:00,0,
NMPT,2019-07-28 16:00:00,0,
NMPT,2019-07-28 17:00:00,0,
NMPT,2019-07-28 18:00:00,0,
NMPT,2019-07-28 19:00:00,0,
NMPT,2019-07-28 20:00:00,0,
NMPT,2019-07-28 21:00:00,0,
NMPT,2019-07-28 22:00:00,0,
NMPT,2019-07-28 23:00:00,0,
NMPT,2019-07-29 00:00:00,0,
NMPT,2019-07-29 01:00:00,0,
NMPT,2019-07-29 02:00:00,0,
NMPT,2019-07-29 03:00:00,0,
NMPT,2019-07-29 04:00:00,0,
NMPT,2019-07-29 05:00:00,0,
NMPT,2019-07-29 06:00:00,0,
NMPT,2019-07-29 07:00:00,0,
NMPT,2019-07-29 08:00:00,0,
NMPT,2019-07-29 09:00:00,0,
NMPT,2019-07-29 10:00:00,0,
NMPT,2019-07-29 11:00:00,0,
NMPT,2019-07-29 12:00:00,0,
NMPT,2019-07-29 13:00:00,0,
NMPT,2019-07-29 14:00:00,0,
NMPT,2019-07-29 15:00:00,0,
NMPT,2019-07-29 16:00:00,0,
NMPT,2019-07-29 17:00:00,0,
NMPT,2019-07-29 18:00:00,0,
NMPT,2019-07-29 19:00:00,0,
NMPT,2019-07-29 20:00:00,0,
NMPT,2019-07-29 21:00:00,1.4,
NMPT,2019-07-29 22:00:00,0,
NMPT,2019-07-29 23:00:00,0,
NMPT,2019-07-30 00:00:00,0,
NMPT,2019-07-30 01:00:00,0,
NMPT,2019-07-30 02:00:00,0,
NMPT,2019-07-30 03:00:00,0,
NMPT,2019-07-30 04:00:00,0,
NMPT,2019-07-30 05:00:00,0,
NMPT,2019-07-30 06:00:00,0,
NMPT,2019-07-30 07:00:00,0,
NMPT,2019-07-30 08:00:00,0,
NMPT,2019-07-30 09:00:00,0,
NMPT,2019-07-30 10:00:00,0,
NMPT,2019-07-30 11:00:00,0,
NMPT,2019-07-30 12:00:00,0,
NMPT,2019-07-30 13:00:00,0,
NMPT,2019-07-30 14:00:00,0,
NMPT,2019-07-30 15:00:00,0,
NMPT,2019-07-30 16:00:00,0,
NMPT,2019-07-30 17:00:00,0,
NMPT,2019-07-30 18:00:00,0,
NMPT,2019-07-30 19:00:00,0,
NMPT,2019-07-30 20:00:00,0,
NMPT,2019-07-30 21:00:00,0,
NMPT,2019-07-30 22:00:00,0,
NMPT,2019-07-30 23:00:00,0,
NMPT,2019-07-31 00:00:00,0.6,
NMPT,2019-07-31 01:00:00,2.4,
NMPT,2019-07-31 02:00:00,3.4,
NMPT,2019-07-31 03:00:00,2.6,
NMPT,2019-07-31 04:00:00,2.2,
NMPT,2019-07-31 05:00:00,1,
NMPT,2019-07-31 06:00:00,0.2,
NMPT,2019-07-31 07:00:00,0,
NMPT,2019-07-31 08:00:00,0,
NMPT,2019-07-31 09:00:00,0,
NMPT,2019-07-31 10:00:00,0.2,
NMPT,2019-07-31 11:00:00,0,
NMPT,2019-07-31 12:00:00,0,
NMPT,2019-07-31 13:00:00,0,
NMPT,2019-07-31 14:00:00,0,
NMPT,2019-07-31 15:00:00,2.8,
NMPT,2019-07-31 16:00:00,0,
NMPT,2019-07-31 17:00:00,0,
NMPT,2019-07-31 18:00:00,0,
NMPT,2019-07-31 19:00:00,0,
NMPT,2019-07-31 20:00:00,0,
NMPT,2019-07-31 21:00:00,0,
NMPT,2019-07-31 22:00:00,0,
NMPT,2019-07-31 23:00:00,0,
